{"type": "FeatureCollection", "features": [{"type": "Feature", "geometry": {"type": "MultiPolygon", "coordinates": [[[[-121.9826, 41.4675], [-121.9825, 41.4668], [-121.9847, 41.4662], [-121.984, 41.4674], [-121.9826, 41.4675]]], [[[-121.9514, 41.4689], [-121.951, 41.4685], [-121.951, 41.4677], [-121.9514, 41.4689]]], [[[-121.9558, 41.4705], [-121.9565, 41.47], [-121.9559, 41.4706], [-121.9558, 41.4705]]], [[[-121.9777, 41.4706], [-121.9775, 41.4707], [-121.9777, 41.4706], [-121.9777, 41.4706]]], [[[-121.9489, 41.4711], [-121.9491, 41.4711], [-121.9491, 41.4712], [-121.9489, 41.4711]]], [[[-121.9776, 41.4714], [-121.9775, 41.4712], [-121.9776, 41.4712], [-121.9776, 41.4714]]], [[[-121.9517, 41.4739], [-121.9505, 41.4732], [-121.9516, 41.4731], [-121.9517, 41.4739]]], [[[-121.9477, 41.4749], [-121.9483, 41.4743], [-121.9487, 41.4745], [-121.9485, 41.475], [-121.9477, 41.4749]]], [[[-121.9803, 41.4754], [-121.9804, 41.4749], [-121.9807, 41.475], [-121.9803, 41.4754]]], [[[-121.9756, 41.4758], [-121.9751, 41.4756], [-121.9753, 41.4754], [-121.9756, 41.4758]]], [[[-121.95, 41.4782], [-121.9501, 41.4783], [-121.95, 41.4783], [-121.95, 41.4782]]], [[[-121.9498, 41.4783], [-121.9496, 41.4784], [-121.9496, 41.4782], [-121.9498, 41.4783]]], [[[-121.9485, 41.4798], [-121.949, 41.4792], [-121.9491, 41.4797], [-121.9485, 41.4798]]], [[[-121.9482, 41.4795], [-121.9484, 41.4795], [-121.9484, 41.4796], [-121.9482, 41.4795]]], [[[-121.9493, 41.4798], [-121.9494, 41.4798], [-121.9494, 41.4798], [-121.9493, 41.4798]]], [[[-121.9513, 41.4816], [-121.9523, 41.4788], [-121.9531, 41.4784], [-121.9529, 41.4813], [-121.9513, 41.4816]]], [[[-121.9539, 41.4803], [-121.954, 41.4804], [-121.9539, 41.4804], [-121.9539, 41.4803]]], [[[-121.9929, 41.4828], [-121.9924, 41.4829], [-121.9926, 41.4826], [-121.9929, 41.4828]]], [[[-121.9948, 41.4834], [-121.9943, 41.4834], [-121.9947, 41.4833], [-121.9948, 41.4834]]], [[[-121.9502, 41.4838], [-121.951, 41.4843], [-121.9497, 41.4849], [-121.9493, 41.4845], [-121.9502, 41.4838]]], [[[-122.0026, 41.4836], [-122.0029, 41.4838], [-122.0026, 41.4839], [-122.0026, 41.4836]]], [[[-122.0038, 41.5402], [-122.0037, 41.5402], [-122.0038, 41.5401], [-122.0038, 41.5402]]], [[[-122.0125, 41.5469], [-122.0126, 41.5475], [-122.0123, 41.5476], [-122.0119, 41.5472], [-122.0125, 41.5469]]], [[[-122.0078, 41.5519], [-122.0078, 41.551], [-122.0082, 41.5519], [-122.0078, 41.5519]]], [[[-121.9932, 41.5649], [-121.9932, 41.565], [-121.9932, 41.5649], [-121.9932, 41.5649]]], [[[-121.9954, 41.5669], [-121.9953, 41.5666], [-121.9956, 41.5668], [-121.9954, 41.5669]]], [[[-121.8944, 41.4291], [-121.8936, 41.4291], [-121.894, 41.4287], [-121.8944, 41.4291]]], [[[-121.8975, 41.4322], [-121.8972, 41.4327], [-121.8969, 41.4327], [-121.8975, 41.4322]]], [[[-121.8961, 41.4346], [-121.8957, 41.4345], [-121.8958, 41.4344], [-121.8961, 41.4346]]], [[[-121.903, 41.4391], [-121.9034, 41.4391], [-121.9033, 41.4393], [-121.903, 41.4391]]], [[[-121.9017, 41.4396], [-121.9017, 41.4395], [-121.9018, 41.4395], [-121.9017, 41.4396]]], [[[-121.9316, 41.45], [-121.9317, 41.4494], [-121.9327, 41.4492], [-121.9327, 41.4501], [-121.9316, 41.45]]], [[[-121.9326, 41.4505], [-121.9327, 41.4504], [-121.9329, 41.4506], [-121.9326, 41.4505]]], [[[-121.932, 41.4504], [-121.9321, 41.4505], [-121.932, 41.4504], [-121.932, 41.4504]]], [[[-121.9318, 41.4509], [-121.9316, 41.451], [-121.9317, 41.4509], [-121.9318, 41.4509]]], [[[-121.9252, 41.451], [-121.9249, 41.4511], [-121.9248, 41.4511], [-121.9252, 41.451]]], [[[-121.9218, 41.4516], [-121.9219, 41.4515], [-121.922, 41.4516], [-121.9218, 41.4516]]], [[[-121.9196, 41.4541], [-121.9194, 41.4542], [-121.9194, 41.4542], [-121.9196, 41.4541]]], [[[-121.9431, 41.4741], [-121.9424, 41.4733], [-121.943, 41.4733], [-121.9431, 41.4741]]], [[[-121.9412, 41.4745], [-121.9414, 41.4745], [-121.9412, 41.4746], [-121.9412, 41.4745]]], [[[-121.9475, 41.4749], [-121.9476, 41.475], [-121.9475, 41.475], [-121.9475, 41.4749]]], [[[-121.945, 41.4752], [-121.9448, 41.4754], [-121.9447, 41.4754], [-121.945, 41.4752]]], [[[-121.9472, 41.476], [-121.9474, 41.4759], [-121.9477, 41.4762], [-121.9472, 41.476]]], [[[-121.9439, 41.4781], [-121.9436, 41.4782], [-121.9439, 41.4779], [-121.9439, 41.4781]]], [[[-121.9477, 41.4793], [-121.9481, 41.479], [-121.9476, 41.4789], [-121.9482, 41.479], [-121.9481, 41.4793], [-121.9477, 41.4793]]], [[[-121.9446, 41.491], [-121.9445, 41.4909], [-121.9449, 41.4908], [-121.9446, 41.491]]], [[[-121.8286, 41.5087], [-121.8283, 41.5092], [-121.8281, 41.509], [-121.8286, 41.5087]]], [[[-121.8146, 41.5104], [-121.8159, 41.5099], [-121.8163, 41.511], [-121.8148, 41.511], [-121.8146, 41.5104]]], [[[-121.8156, 41.5254], [-121.8158, 41.5246], [-121.8162, 41.5246], [-121.8156, 41.5254]]], [[[-121.8152, 41.5434], [-121.8155, 41.5435], [-121.8153, 41.5435], [-121.8152, 41.5434]]], [[[-121.817, 41.5499], [-121.817, 41.55], [-121.8168, 41.55], [-121.817, 41.5499]]], [[[-121.8162, 41.5505], [-121.8163, 41.55], [-121.8165, 41.5505], [-121.8162, 41.5505]]], [[[-121.8138, 41.5097], [-121.8148, 41.5098], [-121.8137, 41.5099], [-121.8138, 41.5097]]], [[[-121.8104, 41.5189], [-121.8101, 41.5198], [-121.809, 41.5196], [-121.8093, 41.5189], [-121.8104, 41.5189]]], [[[-121.8134, 41.5218], [-121.8142, 41.5217], [-121.8144, 41.5221], [-121.8137, 41.5225], [-121.8134, 41.5218]]], [[[-121.8137, 41.5286], [-121.8143, 41.5283], [-121.8138, 41.5293], [-121.8137, 41.5286]]], [[[-121.8129, 41.529], [-121.8136, 41.5293], [-121.8134, 41.5295], [-121.8129, 41.529]]], [[[-121.7619, 41.5381], [-121.7618, 41.538], [-121.762, 41.538], [-121.7619, 41.5381]]], [[[-121.7647, 41.5395], [-121.7651, 41.5394], [-121.765, 41.5396], [-121.7647, 41.5395]]], [[[-121.7655, 41.5435], [-121.7654, 41.543], [-121.7658, 41.5431], [-121.7655, 41.5435]]], [[[-121.7687, 41.5435], [-121.7686, 41.5432], [-121.7688, 41.5432], [-121.7687, 41.5435]]], [[[-121.7643, 41.5441], [-121.7647, 41.5438], [-121.7643, 41.5442], [-121.7643, 41.5441]]], [[[-121.7606, 41.5453], [-121.7598, 41.5452], [-121.7606, 41.5451], [-121.7606, 41.5453]]], [[[-121.7604, 41.5467], [-121.7599, 41.5462], [-121.7607, 41.5462], [-121.7604, 41.5467]]], [[[-121.773, 41.5465], [-121.7732, 41.5465], [-121.7732, 41.5465], [-121.773, 41.5465]]], [[[-121.7723, 41.5465], [-121.772, 41.5465], [-121.7724, 41.5464], [-121.7723, 41.5465]]], [[[-121.773, 41.5467], [-121.7729, 41.5467], [-121.7729, 41.5466], [-121.773, 41.5467]]], [[[-121.7592, 41.5474], [-121.7599, 41.5471], [-121.7595, 41.5476], [-121.7592, 41.5474]]], [[[-121.7618, 41.5477], [-121.7616, 41.5483], [-121.7614, 41.5475], [-121.7618, 41.5477]]], [[[-121.7634, 41.5481], [-121.7637, 41.548], [-121.7635, 41.5482], [-121.7634, 41.5481]]], [[[-121.7631, 41.5484], [-121.7629, 41.5486], [-121.7627, 41.5482], [-121.7631, 41.5484]]], [[[-121.7872, 41.559], [-121.7867, 41.5591], [-121.7871, 41.5589], [-121.7872, 41.559]]], [[[-121.7944, 41.5708], [-121.7944, 41.5707], [-121.7944, 41.5707], [-121.7944, 41.5708]]], [[[-121.8035, 41.5734], [-121.8034, 41.5732], [-121.8037, 41.5732], [-121.8035, 41.5734]]], [[[-121.7627, 41.6209], [-121.7623, 41.6209], [-121.7624, 41.6206], [-121.7627, 41.6209]]], [[[-121.7627, 41.622], [-121.7618, 41.6217], [-121.7626, 41.6215], [-121.7627, 41.622]]], [[[-121.7696, 41.6219], [-121.7697, 41.6217], [-121.7698, 41.6219], [-121.7696, 41.6219]]], [[[-121.8958, 41.4347], [-121.8951, 41.4356], [-121.8966, 41.4363], [-121.8989, 41.4352], [-121.9006, 41.4357], [-121.9013, 41.4352], [-121.9007, 41.4339], [-121.9012, 41.4328], [-121.9028, 41.4323], [-121.9035, 41.4338], [-121.9041, 41.4336], [-121.9032, 41.436], [-121.9038, 41.4362], [-121.9036, 41.4372], [-121.9011, 41.4381], [-121.9006, 41.4404], [-121.9022, 41.4396], [-121.9029, 41.4405], [-121.9055, 41.4398], [-121.906, 41.4404], [-121.9063, 41.4394], [-121.9075, 41.4395], [-121.9084, 41.4402], [-121.9073, 41.4408], [-121.9078, 41.442], [-121.9118, 41.4431], [-121.9116, 41.4442], [-121.9127, 41.4446], [-121.9128, 41.4457], [-121.9146, 41.446], [-121.915, 41.4477], [-121.9163, 41.447], [-121.916, 41.4466], [-121.9171, 41.4467], [-121.9179, 41.4487], [-121.9181, 41.4487], [-121.9184, 41.4479], [-121.9187, 41.4478], [-121.9171, 41.4503], [-121.9155, 41.4509], [-121.9159, 41.4535], [-121.9148, 41.4531], [-121.9144, 41.4536], [-121.9154, 41.4543], [-121.9177, 41.4542], [-121.9182, 41.4553], [-121.9174, 41.4557], [-121.9185, 41.4556], [-121.9195, 41.4567], [-121.9216, 41.4547], [-121.9202, 41.454], [-121.9208, 41.4545], [-121.9202, 41.455], [-121.9197, 41.4537], [-121.9204, 41.453], [-121.9223, 41.4529], [-121.9231, 41.4519], [-121.9239, 41.452], [-121.9234, 41.4524], [-121.9242, 41.452], [-121.924, 41.4518], [-121.9257, 41.452], [-121.9259, 41.4515], [-121.9254, 41.4517], [-121.9245, 41.4516], [-121.926, 41.4512], [-121.925, 41.4499], [-121.9279, 41.4494], [-121.927, 41.4502], [-121.9284, 41.4501], [-121.9298, 41.4493], [-121.9295, 41.4485], [-121.9306, 41.4486], [-121.9314, 41.4499], [-121.9301, 41.4503], [-121.9298, 41.4513], [-121.931, 41.4508], [-121.9321, 41.4515], [-121.9338, 41.4515], [-121.9337, 41.4511], [-121.9351, 41.4507], [-121.9373, 41.4516], [-121.9367, 41.4523], [-121.9375, 41.4523], [-121.9377, 41.4531], [-121.9424, 41.4534], [-121.9441, 41.4541], [-121.9465, 41.4565], [-121.9476, 41.4554], [-121.9504, 41.4552], [-121.9501, 41.4562], [-121.9514, 41.4571], [-121.9511, 41.458], [-121.9545, 41.4606], [-121.9544, 41.4619], [-121.9551, 41.462], [-121.9551, 41.4636], [-121.9558, 41.464], [-121.9552, 41.4642], [-121.9571, 41.4655], [-121.9559, 41.4651], [-121.955, 41.4662], [-121.9538, 41.4661], [-121.9557, 41.4666], [-121.9541, 41.4673], [-121.9554, 41.4684], [-121.9549, 41.469], [-121.9544, 41.4687], [-121.9545, 41.4693], [-121.9551, 41.4697], [-121.9557, 41.469], [-121.9559, 41.47], [-121.955, 41.4698], [-121.9545, 41.4718], [-121.9533, 41.4715], [-121.9527, 41.4726], [-121.9536, 41.4729], [-121.9526, 41.4728], [-121.9524, 41.4735], [-121.9515, 41.4726], [-121.9523, 41.4717], [-121.95, 41.4718], [-121.949, 41.4707], [-121.9502, 41.4703], [-121.951, 41.471], [-121.9496, 41.4709], [-121.95, 41.4712], [-121.9524, 41.4715], [-121.9529, 41.4706], [-121.9514, 41.471], [-121.9507, 41.4705], [-121.952, 41.469], [-121.9517, 41.4677], [-121.949, 41.4675], [-121.9489, 41.4666], [-121.9472, 41.4663], [-121.9491, 41.468], [-121.9487, 41.4691], [-121.9486, 41.4679], [-121.9479, 41.4689], [-121.9474, 41.4675], [-121.944, 41.4686], [-121.9444, 41.4721], [-121.9403, 41.4727], [-121.9414, 41.4734], [-121.9405, 41.4751], [-121.9417, 41.4761], [-121.9407, 41.4775], [-121.9414, 41.4775], [-121.9412, 41.477], [-121.9425, 41.4779], [-121.9424, 41.4772], [-121.9433, 41.4772], [-121.9432, 41.4778], [-121.9434, 41.4784], [-121.9441, 41.4793], [-121.9451, 41.4789], [-121.9447, 41.4794], [-121.9453, 41.4798], [-121.945, 41.4779], [-121.9435, 41.4774], [-121.9452, 41.4754], [-121.9473, 41.4746], [-121.9473, 41.4755], [-121.9454, 41.4762], [-121.9472, 41.4776], [-121.9474, 41.4799], [-121.9491, 41.4812], [-121.9487, 41.48], [-121.9493, 41.4799], [-121.9491, 41.4804], [-121.9498, 41.4799], [-121.9506, 41.4813], [-121.95, 41.482], [-121.9508, 41.4824], [-121.9509, 41.4814], [-121.9512, 41.4818], [-121.9517, 41.4819], [-121.9513, 41.4832], [-121.9503, 41.4826], [-121.9496, 41.4838], [-121.9471, 41.4849], [-121.9464, 41.4862], [-121.9441, 41.4874], [-121.9454, 41.4892], [-121.9443, 41.4895], [-121.9439, 41.4911], [-121.9449, 41.4911], [-121.945, 41.4917], [-121.9471, 41.4909], [-121.949, 41.4914], [-121.9511, 41.4933], [-121.9508, 41.4943], [-121.9521, 41.4947], [-121.9521, 41.4938], [-121.9529, 41.4942], [-121.9532, 41.4933], [-121.9544, 41.4935], [-121.9547, 41.4934], [-121.9543, 41.493], [-121.9554, 41.4938], [-121.9547, 41.494], [-121.9559, 41.4946], [-121.9576, 41.493], [-121.9594, 41.493], [-121.96, 41.4942], [-121.9612, 41.4937], [-121.9617, 41.4946], [-121.9647, 41.4934], [-121.9653, 41.4912], [-121.9672, 41.4907], [-121.9674, 41.49], [-121.9668, 41.4897], [-121.9665, 41.4903], [-121.9665, 41.4897], [-121.9685, 41.4867], [-121.9683, 41.4852], [-121.9702, 41.4818], [-121.9718, 41.4808], [-121.9714, 41.4796], [-121.9735, 41.4788], [-121.974, 41.4794], [-121.9743, 41.4772], [-121.9752, 41.4766], [-121.977, 41.4769], [-121.9772, 41.4767], [-121.9767, 41.4759], [-121.9756, 41.4761], [-121.976, 41.4755], [-121.9751, 41.4753], [-121.9747, 41.4735], [-121.9761, 41.4728], [-121.9769, 41.4711], [-121.9774, 41.4717], [-121.9785, 41.4712], [-121.9786, 41.4685], [-121.9798, 41.4682], [-121.9796, 41.4677], [-121.9816, 41.4665], [-121.9819, 41.4706], [-121.9807, 41.4711], [-121.9815, 41.4711], [-121.9817, 41.4717], [-121.98, 41.4728], [-121.9803, 41.4735], [-121.9785, 41.4752], [-121.9808, 41.4757], [-121.982, 41.4746], [-121.9831, 41.4764], [-121.984, 41.4765], [-121.9839, 41.4758], [-121.9845, 41.4766], [-121.9848, 41.4762], [-121.9853, 41.4764], [-121.9847, 41.4766], [-121.9855, 41.4771], [-121.9847, 41.4773], [-121.9853, 41.4777], [-121.987, 41.4771], [-121.9874, 41.4781], [-121.9866, 41.478], [-121.9871, 41.4791], [-121.9864, 41.4792], [-121.9865, 41.4803], [-121.9848, 41.481], [-121.9859, 41.4812], [-121.9853, 41.4819], [-121.988, 41.481], [-121.9882, 41.4822], [-121.9892, 41.4822], [-121.9891, 41.4836], [-121.9901, 41.4831], [-121.9902, 41.4839], [-121.9933, 41.4832], [-121.9943, 41.4845], [-121.9963, 41.4833], [-121.9967, 41.4841], [-121.996, 41.4845], [-121.9989, 41.485], [-122.0008, 41.4848], [-122.0008, 41.4842], [-122.0033, 41.4847], [-122.0034, 41.4837], [-122.0094, 41.4871], [-122.0106, 41.489], [-122.0101, 41.4903], [-122.0138, 41.4925], [-122.0113, 41.4943], [-122.0109, 41.4965], [-122.0093, 41.4971], [-122.0101, 41.4976], [-122.0097, 41.4986], [-122.0079, 41.4976], [-122.0061, 41.4977], [-122.0057, 41.4965], [-122.0038, 41.4973], [-122.0045, 41.4998], [-122.0034, 41.5007], [-122.0031, 41.5002], [-122.0018, 41.5023], [-122.0017, 41.5033], [-122.0029, 41.5034], [-122.0022, 41.505], [-121.9995, 41.5062], [-121.9976, 41.5062], [-121.9976, 41.5075], [-121.9964, 41.5085], [-121.9956, 41.5078], [-121.9944, 41.5079], [-121.9944, 41.5085], [-121.9956, 41.5083], [-121.9944, 41.5089], [-121.9964, 41.509], [-121.9945, 41.5091], [-121.9955, 41.5096], [-121.9951, 41.5103], [-121.9968, 41.5107], [-121.9974, 41.5117], [-121.9959, 41.5127], [-121.9944, 41.5128], [-121.995, 41.5133], [-121.9926, 41.5131], [-121.9915, 41.5142], [-121.9927, 41.5136], [-121.9944, 41.515], [-121.9937, 41.5184], [-121.992, 41.519], [-121.9908, 41.5176], [-121.9899, 41.5178], [-121.9897, 41.5186], [-121.9901, 41.5187], [-121.989, 41.5193], [-121.9901, 41.5198], [-121.9895, 41.5192], [-121.9907, 41.5181], [-121.9904, 41.5187], [-121.9916, 41.5188], [-121.9916, 41.5198], [-121.9923, 41.5194], [-121.9939, 41.5196], [-121.9944, 41.5203], [-121.997, 41.5202], [-121.9997, 41.5221], [-122.0027, 41.5217], [-122.0029, 41.5225], [-122.0038, 41.5226], [-122.0038, 41.522], [-122.0057, 41.5224], [-122.0057, 41.5269], [-122.0071, 41.5281], [-122.0068, 41.5264], [-122.0083, 41.5261], [-122.0095, 41.5278], [-122.0081, 41.531], [-122.0069, 41.5321], [-122.0062, 41.5316], [-122.0047, 41.5324], [-122.0042, 41.5341], [-122.0052, 41.5345], [-122.0053, 41.5339], [-122.0058, 41.5354], [-122.0033, 41.5373], [-122.004, 41.5375], [-122.0037, 41.5379], [-122.0025, 41.5381], [-122.0041, 41.5388], [-122.0033, 41.5389], [-122.0041, 41.5398], [-122.0034, 41.5401], [-122.0034, 41.5413], [-122.0019, 41.5414], [-122.0013, 41.5431], [-122.0027, 41.5442], [-122.0027, 41.5456], [-122.0052, 41.5468], [-122.0038, 41.5496], [-122.0044, 41.5505], [-122.0036, 41.551], [-122.0047, 41.5505], [-122.0052, 41.5515], [-122.0061, 41.5511], [-122.0067, 41.5518], [-122.0072, 41.5512], [-122.0076, 41.5521], [-122.0103, 41.5522], [-122.01, 41.5536], [-122.0107, 41.5544], [-122.0082, 41.5582], [-122.009, 41.561], [-122.0074, 41.562], [-122.0066, 41.5615], [-122.006, 41.5619], [-122.0062, 41.5627], [-122.005, 41.5638], [-122.0036, 41.5624], [-122.002, 41.5633], [-122.0001, 41.5627], [-121.9984, 41.5633], [-121.9979, 41.5625], [-121.9981, 41.5634], [-121.9969, 41.5635], [-121.9967, 41.5621], [-121.9918, 41.5621], [-121.9906, 41.5629], [-121.9899, 41.5624], [-121.9913, 41.5639], [-121.9922, 41.564], [-121.9921, 41.5647], [-121.993, 41.5648], [-121.9923, 41.565], [-121.993, 41.566], [-121.994, 41.5656], [-121.9947, 41.5664], [-121.995, 41.5658], [-121.9943, 41.5682], [-121.9871, 41.5699], [-121.988, 41.5709], [-121.9879, 41.5726], [-121.9859, 41.5743], [-121.9865, 41.5765], [-121.9874, 41.5763], [-121.9873, 41.5767], [-121.9859, 41.5779], [-121.9853, 41.5777], [-121.9843, 41.581], [-121.9818, 41.5823], [-121.9819, 41.5834], [-121.9801, 41.5857], [-121.9763, 41.5881], [-121.9735, 41.5889], [-121.973, 41.5905], [-121.9697, 41.5936], [-121.9699, 41.5956], [-121.9692, 41.5969], [-121.9666, 41.5964], [-121.9653, 41.5951], [-121.964, 41.5962], [-121.9623, 41.5963], [-121.9598, 41.5955], [-121.9582, 41.594], [-121.9559, 41.591], [-121.9549, 41.5875], [-121.9544, 41.5813], [-121.953, 41.58], [-121.9509, 41.5796], [-121.9502, 41.5827], [-121.949, 41.5829], [-121.9473, 41.5857], [-121.9453, 41.5862], [-121.946, 41.5881], [-121.948, 41.587], [-121.9483, 41.5876], [-121.9472, 41.5912], [-121.9479, 41.5927], [-121.9467, 41.5931], [-121.945, 41.5958], [-121.9442, 41.5958], [-121.9444, 41.5967], [-121.9436, 41.5967], [-121.9451, 41.5983], [-121.9445, 41.6021], [-121.9429, 41.6027], [-121.9419, 41.6041], [-121.9404, 41.6042], [-121.9397, 41.6057], [-121.9385, 41.6061], [-121.9392, 41.6076], [-121.9378, 41.6072], [-121.9371, 41.6079], [-121.937, 41.6113], [-121.9387, 41.6121], [-121.9388, 41.6131], [-121.9373, 41.6137], [-121.9364, 41.6131], [-121.9347, 41.614], [-121.9345, 41.6159], [-121.9339, 41.6153], [-121.9331, 41.6159], [-121.9327, 41.6175], [-121.9305, 41.6195], [-121.9317, 41.6204], [-121.9306, 41.6205], [-121.9304, 41.6219], [-121.9314, 41.6219], [-121.9294, 41.6231], [-121.9302, 41.6247], [-121.9288, 41.6253], [-121.9289, 41.6267], [-121.9277, 41.6282], [-121.9284, 41.6306], [-121.928, 41.6313], [-121.9267, 41.6312], [-121.9281, 41.6323], [-121.9271, 41.6327], [-121.926, 41.635], [-121.9262, 41.6364], [-121.9272, 41.6368], [-121.9267, 41.6379], [-121.9278, 41.6405], [-121.9296, 41.643], [-121.9287, 41.6429], [-121.9285, 41.6438], [-121.9268, 41.6443], [-121.9258, 41.6459], [-121.9235, 41.6457], [-121.9226, 41.6472], [-121.9209, 41.6482], [-121.9199, 41.6509], [-121.9177, 41.6525], [-121.918, 41.65], [-121.9193, 41.6491], [-121.9199, 41.6474], [-121.9178, 41.6479], [-121.9151, 41.6528], [-121.9149, 41.6548], [-121.9139, 41.6553], [-121.9118, 41.6551], [-121.9116, 41.6564], [-121.9101, 41.6574], [-121.9108, 41.6589], [-121.9093, 41.6605], [-121.9053, 41.6604], [-121.904, 41.6615], [-121.9045, 41.6629], [-121.9019, 41.6624], [-121.9034, 41.6637], [-121.9033, 41.6647], [-121.902, 41.6654], [-121.9023, 41.6673], [-121.9008, 41.6673], [-121.8989, 41.6682], [-121.8983, 41.6653], [-121.8973, 41.6642], [-121.899, 41.6643], [-121.8981, 41.6588], [-121.8972, 41.6598], [-121.897, 41.6555], [-121.8944, 41.6519], [-121.8933, 41.6532], [-121.8945, 41.6546], [-121.8939, 41.6579], [-121.8946, 41.6592], [-121.8932, 41.6591], [-121.8927, 41.6601], [-121.8951, 41.6614], [-121.8921, 41.6617], [-121.8902, 41.6636], [-121.8922, 41.6639], [-121.8928, 41.6664], [-121.8943, 41.6667], [-121.8943, 41.6674], [-121.8959, 41.667], [-121.8959, 41.6676], [-121.8935, 41.6679], [-121.8927, 41.6687], [-121.8899, 41.6688], [-121.8881, 41.6684], [-121.8866, 41.6668], [-121.8856, 41.6672], [-121.8857, 41.6679], [-121.8845, 41.6672], [-121.883, 41.6679], [-121.8818, 41.6671], [-121.8785, 41.6675], [-121.8782, 41.6667], [-121.8761, 41.6659], [-121.8737, 41.6682], [-121.8724, 41.6684], [-121.8713, 41.6665], [-121.8716, 41.6652], [-121.87, 41.6646], [-121.8692, 41.6633], [-121.8696, 41.6622], [-121.8679, 41.6615], [-121.8684, 41.6583], [-121.8692, 41.6582], [-121.868, 41.6575], [-121.8691, 41.6577], [-121.8692, 41.6571], [-121.8686, 41.6561], [-121.8679, 41.6569], [-121.8667, 41.6558], [-121.8678, 41.6536], [-121.8693, 41.6544], [-121.8692, 41.655], [-121.8702, 41.6552], [-121.8716, 41.6545], [-121.8712, 41.653], [-121.8728, 41.6533], [-121.872, 41.6523], [-121.8697, 41.6519], [-121.8692, 41.6523], [-121.8672, 41.6513], [-121.867, 41.6507], [-121.8685, 41.6497], [-121.8668, 41.6493], [-121.8666, 41.6486], [-121.8674, 41.649], [-121.8676, 41.6466], [-121.8685, 41.6454], [-121.8695, 41.6464], [-121.8718, 41.6468], [-121.8702, 41.6479], [-121.8714, 41.6483], [-121.8708, 41.6492], [-121.8721, 41.6496], [-121.8724, 41.6487], [-121.873, 41.6496], [-121.874, 41.6483], [-121.8752, 41.6485], [-121.8751, 41.6462], [-121.8728, 41.645], [-121.8745, 41.6441], [-121.8712, 41.6437], [-121.871, 41.6451], [-121.8695, 41.6428], [-121.8704, 41.6428], [-121.8701, 41.6416], [-121.8692, 41.6408], [-121.8658, 41.644], [-121.8578, 41.6398], [-121.8563, 41.6411], [-121.8553, 41.6392], [-121.8581, 41.6379], [-121.8592, 41.6381], [-121.8581, 41.6391], [-121.86, 41.6395], [-121.8612, 41.6369], [-121.8596, 41.6359], [-121.8579, 41.6363], [-121.8563, 41.6356], [-121.8532, 41.6366], [-121.8507, 41.6344], [-121.8503, 41.633], [-121.8493, 41.6329], [-121.8474, 41.6294], [-121.8453, 41.6284], [-121.8429, 41.6258], [-121.8432, 41.6239], [-121.8421, 41.6232], [-121.841, 41.624], [-121.8379, 41.6226], [-121.8371, 41.621], [-121.8361, 41.6208], [-121.8345, 41.619], [-121.8346, 41.6185], [-121.8355, 41.6188], [-121.8347, 41.6181], [-121.8337, 41.6188], [-121.8304, 41.6175], [-121.8276, 41.6196], [-121.826, 41.62], [-121.8216, 41.6199], [-121.8173, 41.6185], [-121.8134, 41.6202], [-121.8108, 41.6204], [-121.8056, 41.6235], [-121.8002, 41.6246], [-121.8005, 41.6255], [-121.8012, 41.6254], [-121.8007, 41.6261], [-121.7959, 41.6286], [-121.79, 41.6296], [-121.7877, 41.629], [-121.7873, 41.6268], [-121.7837, 41.6275], [-121.7816, 41.627], [-121.7794, 41.625], [-121.7755, 41.6232], [-121.7748, 41.6211], [-121.7674, 41.6192], [-121.766, 41.6183], [-121.7665, 41.6181], [-121.762, 41.617], [-121.7609, 41.6154], [-121.7614, 41.6141], [-121.76, 41.6144], [-121.7598, 41.6194], [-121.7575, 41.6187], [-121.7564, 41.6191], [-121.7561, 41.622], [-121.757, 41.6247], [-121.7552, 41.6261], [-121.7555, 41.6288], [-121.7535, 41.6278], [-121.7539, 41.626], [-121.7529, 41.6251], [-121.7523, 41.6252], [-121.7532, 41.6258], [-121.752, 41.6269], [-121.7508, 41.627], [-121.7496, 41.6307], [-121.7499, 41.6345], [-121.749, 41.6357], [-121.7515, 41.6367], [-121.7515, 41.6378], [-121.7473, 41.6443], [-121.7475, 41.6452], [-121.7451, 41.6473], [-121.747, 41.6486], [-121.7475, 41.6498], [-121.7464, 41.6503], [-121.7448, 41.6496], [-121.7444, 41.6499], [-121.7434, 41.6553], [-121.7422, 41.6562], [-121.7429, 41.6573], [-121.7393, 41.6613], [-121.7393, 41.6627], [-121.7383, 41.6633], [-121.737, 41.6667], [-121.7341, 41.6685], [-121.7353, 41.6729], [-121.7349, 41.6747], [-121.7337, 41.6757], [-121.7346, 41.6762], [-121.7355, 41.6796], [-121.7338, 41.6833], [-121.7334, 41.6887], [-121.7323, 41.6904], [-121.733, 41.6912], [-121.7319, 41.6917], [-121.7322, 41.6933], [-121.7296, 41.6965], [-121.7317, 41.7018], [-121.7312, 41.7041], [-121.7323, 41.7054], [-121.7314, 41.7137], [-121.7321, 41.7158], [-121.7341, 41.7174], [-121.7341, 41.7188], [-121.7329, 41.7197], [-121.7333, 41.7219], [-121.7322, 41.7234], [-121.7318, 41.7298], [-121.7328, 41.7324], [-121.7273, 41.7366], [-121.7251, 41.7408], [-121.7193, 41.7421], [-121.7179, 41.7434], [-121.7155, 41.7438], [-121.711, 41.7473], [-121.7058, 41.7467], [-121.7056, 41.7456], [-121.7036, 41.7465], [-121.7014, 41.7462], [-121.7002, 41.7451], [-121.7006, 41.7434], [-121.706, 41.7396], [-121.7083, 41.7392], [-121.7087, 41.7367], [-121.7083, 41.7356], [-121.7061, 41.7363], [-121.7054, 41.7357], [-121.7062, 41.7341], [-121.7057, 41.7336], [-121.7038, 41.7343], [-121.7046, 41.7328], [-121.7039, 41.7326], [-121.7018, 41.735], [-121.7027, 41.7379], [-121.6998, 41.7378], [-121.7001, 41.7363], [-121.6984, 41.7363], [-121.6984, 41.734], [-121.7019, 41.7304], [-121.7021, 41.7291], [-121.6996, 41.729], [-121.6957, 41.7339], [-121.6929, 41.7354], [-121.6932, 41.7368], [-121.6913, 41.7377], [-121.689, 41.7404], [-121.6899, 41.7413], [-121.69, 41.7431], [-121.6842, 41.744], [-121.6844, 41.7462], [-121.6828, 41.7478], [-121.6851, 41.7495], [-121.6834, 41.7517], [-121.6816, 41.7516], [-121.6778, 41.7544], [-121.677, 41.7544], [-121.6755, 41.7586], [-121.6733, 41.7606], [-121.6724, 41.7599], [-121.6702, 41.7599], [-121.6692, 41.7605], [-121.6575, 41.761], [-121.6564, 41.7586], [-121.6567, 41.7553], [-121.6534, 41.7549], [-121.6532, 41.754], [-121.6562, 41.7521], [-121.6577, 41.7526], [-121.6575, 41.75], [-121.6588, 41.7485], [-121.6655, 41.7459], [-121.6661, 41.7451], [-121.6637, 41.7456], [-121.6597, 41.745], [-121.6592, 41.743], [-121.6562, 41.7454], [-121.6565, 41.7464], [-121.6503, 41.7472], [-121.6499, 41.7464], [-121.6495, 41.747], [-121.6475, 41.7524], [-121.648, 41.752], [-121.6485, 41.7557], [-121.6466, 41.7589], [-121.6493, 41.7675], [-121.6472, 41.7701], [-121.6449, 41.7709], [-121.6409, 41.775], [-121.6444, 41.781], [-121.6487, 41.7857], [-121.6469, 41.7893], [-121.6458, 41.79], [-121.6501, 41.7909], [-121.6501, 41.7915], [-121.6488, 41.7932], [-121.6461, 41.7934], [-121.6456, 41.7977], [-121.6402, 41.7996], [-121.6352, 41.8005], [-121.6339, 41.7999], [-121.6284, 41.802], [-121.6223, 41.8002], [-121.6233, 41.8025], [-121.6234, 41.8085], [-121.6245, 41.8135], [-121.6298, 41.8137], [-121.6297, 41.8164], [-121.6267, 41.8162], [-121.6262, 41.8191], [-121.6238, 41.8181], [-121.6227, 41.8227], [-121.6236, 41.8259], [-121.6246, 41.8265], [-121.6231, 41.8267], [-121.623, 41.8284], [-121.6254, 41.8298], [-121.6253, 41.8311], [-121.6282, 41.8315], [-121.6267, 41.834], [-121.6254, 41.8341], [-121.625, 41.8335], [-121.626, 41.8414], [-121.6254, 41.8471], [-121.6264, 41.8477], [-121.6258, 41.8496], [-121.6267, 41.85], [-121.6255, 41.8512], [-121.6288, 41.8548], [-121.6286, 41.8568], [-121.6289, 41.8564], [-121.6324, 41.8582], [-121.6338, 41.8601], [-121.6301, 41.8618], [-121.6283, 41.8645], [-121.6251, 41.8665], [-121.6241, 41.8701], [-121.622, 41.8705], [-121.6222, 41.871], [-121.617, 41.874], [-121.6146, 41.8736], [-121.6136, 41.8728], [-121.6133, 41.8562], [-121.6164, 41.8525], [-121.6123, 41.8343], [-121.6106, 41.8182], [-121.6043, 41.8118], [-121.6008, 41.8067], [-121.6003, 41.8042], [-121.5968, 41.7981], [-121.5912, 41.7919], [-121.5888, 41.7905], [-121.5858, 41.7925], [-121.5816, 41.7932], [-121.5788, 41.7903], [-121.5673, 41.7918], [-121.5616, 41.7884], [-121.5609, 41.7848], [-121.5622, 41.7816], [-121.5618, 41.7779], [-121.5591, 41.7739], [-121.5579, 41.7682], [-121.554, 41.7611], [-121.5538, 41.7584], [-121.5575, 41.7527], [-121.5576, 41.7512], [-121.5566, 41.7497], [-121.5543, 41.7483], [-121.547, 41.7453], [-121.5445, 41.7428], [-121.536, 41.7378], [-121.533, 41.7345], [-121.5297, 41.7327], [-121.5265, 41.7268], [-121.5268, 41.7251], [-121.5254, 41.7228], [-121.5249, 41.7197], [-121.5248, 41.7123], [-121.5268, 41.7095], [-121.526, 41.7081], [-121.5268, 41.7063], [-121.5345, 41.6981], [-121.543, 41.6939], [-121.5439, 41.6919], [-121.5429, 41.6908], [-121.5433, 41.6891], [-121.5492, 41.6818], [-121.555, 41.6772], [-121.5567, 41.6747], [-121.557, 41.671], [-121.5641, 41.6697], [-121.5709, 41.6706], [-121.5792, 41.6664], [-121.5847, 41.6615], [-121.5929, 41.6583], [-121.5947, 41.6541], [-121.5939, 41.6469], [-121.5976, 41.6394], [-121.6014, 41.639], [-121.6009, 41.6402], [-121.5979, 41.6415], [-121.5969, 41.648], [-121.598, 41.6503], [-121.5993, 41.6503], [-121.6027, 41.6483], [-121.6061, 41.6483], [-121.6082, 41.6449], [-121.6085, 41.6416], [-121.6113, 41.6366], [-121.6159, 41.6361], [-121.6181, 41.6322], [-121.6207, 41.6301], [-121.62, 41.6285], [-121.6226, 41.6273], [-121.6238, 41.6247], [-121.6251, 41.6239], [-121.6245, 41.6195], [-121.6267, 41.613], [-121.6293, 41.6123], [-121.6318, 41.6129], [-121.6394, 41.6108], [-121.6457, 41.6053], [-121.6462, 41.6036], [-121.6518, 41.5992], [-121.6557, 41.5978], [-121.6567, 41.5983], [-121.6592, 41.5978], [-121.6641, 41.5952], [-121.6678, 41.5952], [-121.6694, 41.593], [-121.6746, 41.5909], [-121.6746, 41.5896], [-121.6759, 41.5894], [-121.6765, 41.5901], [-121.6792, 41.5896], [-121.6791, 41.5876], [-121.6813, 41.5882], [-121.6832, 41.5873], [-121.6844, 41.5883], [-121.6848, 41.5868], [-121.6862, 41.5871], [-121.6867, 41.5866], [-121.6879, 41.5884], [-121.6919, 41.5883], [-121.6935, 41.5874], [-121.694, 41.5862], [-121.695, 41.5861], [-121.6955, 41.5847], [-121.6944, 41.5845], [-121.6945, 41.5838], [-121.6955, 41.5813], [-121.7012, 41.578], [-121.7017, 41.5791], [-121.7036, 41.5774], [-121.7052, 41.5775], [-121.7068, 41.5756], [-121.7084, 41.5759], [-121.7082, 41.5784], [-121.7073, 41.5786], [-121.7084, 41.5792], [-121.7111, 41.5783], [-121.7128, 41.5786], [-121.7126, 41.577], [-121.7137, 41.5776], [-121.7142, 41.5764], [-121.7143, 41.5776], [-121.713, 41.5783], [-121.7139, 41.5795], [-121.7148, 41.5775], [-121.7144, 41.5762], [-121.7219, 41.5714], [-121.7226, 41.5689], [-121.7219, 41.5686], [-121.7218, 41.5664], [-121.7243, 41.5641], [-121.7243, 41.5652], [-121.7303, 41.5613], [-121.731, 41.5565], [-121.7321, 41.556], [-121.7344, 41.5515], [-121.7356, 41.5513], [-121.7352, 41.5483], [-121.734, 41.5467], [-121.7345, 41.5419], [-121.7337, 41.5415], [-121.7345, 41.5409], [-121.7346, 41.5387], [-121.7339, 41.5387], [-121.7337, 41.5369], [-121.7328, 41.5369], [-121.7339, 41.5356], [-121.734, 41.5335], [-121.736, 41.5331], [-121.737, 41.5353], [-121.7386, 41.5361], [-121.7376, 41.5367], [-121.7388, 41.5383], [-121.7408, 41.5384], [-121.7413, 41.5396], [-121.7399, 41.5393], [-121.7402, 41.5396], [-121.7418, 41.5397], [-121.7421, 41.5413], [-121.7407, 41.5411], [-121.7412, 41.5451], [-121.7425, 41.5455], [-121.7424, 41.5445], [-121.7428, 41.5441], [-121.7431, 41.5447], [-121.7434, 41.544], [-121.7432, 41.5451], [-121.7441, 41.5459], [-121.7453, 41.5456], [-121.7451, 41.5463], [-121.7462, 41.5454], [-121.7469, 41.5462], [-121.7464, 41.5485], [-121.7474, 41.5505], [-121.7439, 41.5511], [-121.7443, 41.5521], [-121.7451, 41.5516], [-121.7471, 41.553], [-121.7466, 41.554], [-121.7461, 41.5534], [-121.745, 41.5539], [-121.7454, 41.5545], [-121.7464, 41.5542], [-121.7456, 41.5547], [-121.7489, 41.5553], [-121.7494, 41.5548], [-121.7483, 41.5541], [-121.7505, 41.5538], [-121.7542, 41.5545], [-121.755, 41.5514], [-121.756, 41.5521], [-121.7551, 41.5534], [-121.7557, 41.5548], [-121.7577, 41.5553], [-121.7578, 41.5545], [-121.7567, 41.5546], [-121.7565, 41.5543], [-121.7565, 41.5538], [-121.7584, 41.5532], [-121.7568, 41.5545], [-121.7591, 41.5543], [-121.7589, 41.5551], [-121.7593, 41.5546], [-121.7599, 41.5554], [-121.7611, 41.5548], [-121.7605, 41.5524], [-121.7613, 41.551], [-121.7604, 41.5491], [-121.7611, 41.5483], [-121.7618, 41.5485], [-121.7611, 41.5489], [-121.7611, 41.5491], [-121.7619, 41.5485], [-121.762, 41.5488], [-121.7638, 41.5488], [-121.7634, 41.5483], [-121.7645, 41.548], [-121.7623, 41.5469], [-121.7615, 41.5457], [-121.763, 41.5441], [-121.7634, 41.5454], [-121.7622, 41.5459], [-121.7642, 41.5469], [-121.7644, 41.5452], [-121.7637, 41.5449], [-121.765, 41.5448], [-121.7652, 41.5437], [-121.7655, 41.5443], [-121.7664, 41.5442], [-121.7655, 41.5415], [-121.7616, 41.5403], [-121.7622, 41.5395], [-121.7616, 41.5389], [-121.763, 41.5392], [-121.7632, 41.5398], [-121.7674, 41.5407], [-121.7673, 41.5447], [-121.7686, 41.5452], [-121.7688, 41.5444], [-121.769, 41.5448], [-121.7703, 41.5447], [-121.7693, 41.5445], [-121.7696, 41.544], [-121.7713, 41.5441], [-121.7718, 41.5452], [-121.7706, 41.5454], [-121.772, 41.5461], [-121.7715, 41.5466], [-121.7718, 41.5473], [-121.7722, 41.5466], [-121.7728, 41.5469], [-121.7734, 41.5481], [-121.7738, 41.5459], [-121.7721, 41.5459], [-121.7719, 41.5449], [-121.7732, 41.5445], [-121.773, 41.5451], [-121.7746, 41.5458], [-121.7753, 41.5503], [-121.774, 41.5507], [-121.774, 41.5518], [-121.7723, 41.5515], [-121.772, 41.5518], [-121.7727, 41.553], [-121.7728, 41.5523], [-121.7734, 41.5525], [-121.7733, 41.5532], [-121.7743, 41.5523], [-121.7736, 41.5536], [-121.7745, 41.5532], [-121.7756, 41.554], [-121.7759, 41.5556], [-121.7746, 41.5563], [-121.7765, 41.5565], [-121.7762, 41.5573], [-121.7771, 41.5575], [-121.7762, 41.5579], [-121.7791, 41.5566], [-121.7815, 41.5584], [-121.783, 41.5581], [-121.7835, 41.5588], [-121.7849, 41.5589], [-121.7852, 41.5598], [-121.7875, 41.5602], [-121.787, 41.5608], [-121.7876, 41.5612], [-121.7868, 41.5613], [-121.787, 41.5617], [-121.7884, 41.5608], [-121.7901, 41.5612], [-121.7883, 41.5645], [-121.7864, 41.5652], [-121.7888, 41.568], [-121.7899, 41.5677], [-121.7904, 41.5687], [-121.789, 41.5681], [-121.7903, 41.5694], [-121.7897, 41.5699], [-121.7916, 41.5696], [-121.793, 41.5712], [-121.7958, 41.5704], [-121.7954, 41.5711], [-121.7965, 41.5705], [-121.7972, 41.5715], [-121.8005, 41.5724], [-121.8005, 41.5731], [-121.8024, 41.5721], [-121.8044, 41.579], [-121.8062, 41.5783], [-121.8071, 41.5787], [-121.8078, 41.578], [-121.8061, 41.5782], [-121.8058, 41.5775], [-121.8082, 41.5752], [-121.8096, 41.5761], [-121.8103, 41.5753], [-121.8101, 41.5761], [-121.8108, 41.5763], [-121.8099, 41.5768], [-121.8105, 41.5771], [-121.8091, 41.5778], [-121.8096, 41.5789], [-121.8102, 41.5786], [-121.8086, 41.5794], [-121.809, 41.58], [-121.8098, 41.5795], [-121.8095, 41.5808], [-121.8088, 41.5804], [-121.8082, 41.5808], [-121.8094, 41.581], [-121.8098, 41.582], [-121.8088, 41.583], [-121.8098, 41.5832], [-121.8093, 41.5829], [-121.8098, 41.5826], [-121.8103, 41.5832], [-121.8108, 41.5833], [-121.8098, 41.5819], [-121.8114, 41.5817], [-121.8112, 41.5829], [-121.8118, 41.5835], [-121.8119, 41.5826], [-121.8134, 41.5826], [-121.8133, 41.582], [-121.814, 41.582], [-121.8153, 41.5834], [-121.8142, 41.5841], [-121.8148, 41.5843], [-121.8138, 41.5856], [-121.8153, 41.5848], [-121.8177, 41.5866], [-121.819, 41.5854], [-121.8176, 41.5856], [-121.8189, 41.5844], [-121.8178, 41.5818], [-121.817, 41.5817], [-121.8172, 41.5804], [-121.8178, 41.5792], [-121.8208, 41.5789], [-121.8213, 41.5768], [-121.8241, 41.5786], [-121.8298, 41.579], [-121.8261, 41.5718], [-121.8276, 41.5694], [-121.8271, 41.5676], [-121.8261, 41.5675], [-121.8274, 41.5663], [-121.827, 41.5645], [-121.8275, 41.5646], [-121.8277, 41.5636], [-121.8257, 41.5632], [-121.8243, 41.5618], [-121.8248, 41.5611], [-121.8232, 41.5602], [-121.8231, 41.5589], [-121.825, 41.558], [-121.8239, 41.5572], [-121.8231, 41.5582], [-121.8215, 41.5565], [-121.8222, 41.5549], [-121.8231, 41.5546], [-121.8234, 41.5551], [-121.8241, 41.5519], [-121.8221, 41.552], [-121.8214, 41.5513], [-121.8203, 41.5523], [-121.8172, 41.5522], [-121.8165, 41.5509], [-121.8193, 41.55], [-121.8196, 41.5494], [-121.8169, 41.5496], [-121.8177, 41.5448], [-121.8168, 41.5453], [-121.8154, 41.5448], [-121.8167, 41.5426], [-121.8143, 41.5418], [-121.8153, 41.5419], [-121.815, 41.5414], [-121.816, 41.5411], [-121.8157, 41.5401], [-121.8148, 41.5388], [-121.8138, 41.5386], [-121.8134, 41.5373], [-121.811, 41.5366], [-121.8101, 41.5373], [-121.8117, 41.5375], [-121.81, 41.538], [-121.8084, 41.5368], [-121.8095, 41.5349], [-121.8086, 41.5348], [-121.8086, 41.5343], [-121.8108, 41.5348], [-121.8114, 41.536], [-121.8121, 41.5353], [-121.8112, 41.5333], [-121.8123, 41.533], [-121.8113, 41.5331], [-121.8113, 41.5322], [-121.8136, 41.5322], [-121.8132, 41.5318], [-121.814, 41.532], [-121.8158, 41.5305], [-121.8154, 41.5284], [-121.8147, 41.5283], [-121.8147, 41.5275], [-121.8152, 41.528], [-121.8147, 41.5272], [-121.8154, 41.5268], [-121.8151, 41.526], [-121.8149, 41.5268], [-121.8146, 41.5262], [-121.8138, 41.5266], [-121.8136, 41.5272], [-121.8144, 41.5268], [-121.8146, 41.5273], [-121.814, 41.5279], [-121.813, 41.5281], [-121.8125, 41.5275], [-121.8134, 41.5256], [-121.8166, 41.5258], [-121.816, 41.5254], [-121.8167, 41.5247], [-121.8176, 41.5257], [-121.8196, 41.5236], [-121.8187, 41.5228], [-121.8188, 41.5177], [-121.8174, 41.5175], [-121.8188, 41.5172], [-121.8189, 41.5166], [-121.8178, 41.5162], [-121.8184, 41.5151], [-121.8174, 41.514], [-121.8197, 41.5104], [-121.8183, 41.5101], [-121.8183, 41.5083], [-121.8158, 41.5069], [-121.816, 41.5055], [-121.8176, 41.5067], [-121.8172, 41.5051], [-121.819, 41.5072], [-121.8208, 41.5074], [-121.8202, 41.5089], [-121.8214, 41.5108], [-121.8246, 41.5111], [-121.829, 41.5133], [-121.8319, 41.5126], [-121.8326, 41.5113], [-121.8314, 41.5105], [-121.8318, 41.5087], [-121.8347, 41.5078], [-121.8344, 41.5084], [-121.8362, 41.5096], [-121.8383, 41.5139], [-121.8397, 41.5135], [-121.8411, 41.515], [-121.8436, 41.5157], [-121.8427, 41.5172], [-121.8439, 41.5169], [-121.845, 41.5175], [-121.8452, 41.5199], [-121.8477, 41.5196], [-121.8486, 41.5206], [-121.8535, 41.5206], [-121.8536, 41.5179], [-121.8577, 41.5122], [-121.8574, 41.5107], [-121.8596, 41.5074], [-121.861, 41.5032], [-121.8604, 41.5011], [-121.8622, 41.4991], [-121.8697, 41.4987], [-121.8728, 41.4958], [-121.8781, 41.4965], [-121.8813, 41.4954], [-121.8835, 41.4956], [-121.8831, 41.4947], [-121.8804, 41.4933], [-121.8814, 41.4928], [-121.8761, 41.4926], [-121.8733, 41.491], [-121.8736, 41.4901], [-121.8713, 41.4866], [-121.8713, 41.4872], [-121.8698, 41.4862], [-121.8675, 41.4832], [-121.8685, 41.4809], [-121.8678, 41.4813], [-121.8682, 41.4796], [-121.8673, 41.4763], [-121.8626, 41.4737], [-121.8619, 41.4704], [-121.8634, 41.4693], [-121.8631, 41.4676], [-121.8649, 41.4668], [-121.8662, 41.465], [-121.8716, 41.4651], [-121.8697, 41.4644], [-121.8718, 41.4625], [-121.8733, 41.4584], [-121.875, 41.4577], [-121.8756, 41.4526], [-121.8787, 41.4497], [-121.8794, 41.448], [-121.8819, 41.4472], [-121.881, 41.4464], [-121.88, 41.4413], [-121.8794, 41.4417], [-121.8753, 41.4393], [-121.8746, 41.4376], [-121.8775, 41.4363], [-121.889, 41.4272], [-121.894, 41.4216], [-121.8967, 41.4205], [-121.8996, 41.4179], [-121.8993, 41.4101], [-121.9025, 41.4109], [-121.9039, 41.417], [-121.9015, 41.4168], [-121.9027, 41.4172], [-121.9028, 41.4184], [-121.9014, 41.4179], [-121.9017, 41.4194], [-121.9002, 41.4196], [-121.8993, 41.4209], [-121.8984, 41.4207], [-121.8954, 41.4233], [-121.8946, 41.423], [-121.8939, 41.4257], [-121.8918, 41.4265], [-121.8927, 41.4267], [-121.8923, 41.428], [-121.8907, 41.4279], [-121.8896, 41.4288], [-121.8904, 41.4287], [-121.8901, 41.4296], [-121.8907, 41.4293], [-121.8902, 41.4303], [-121.8913, 41.4322], [-121.8907, 41.4326], [-121.8931, 41.4347], [-121.894, 41.4343], [-121.8937, 41.4347], [-121.8958, 41.4347]]], [[[-121.7347, 41.533], [-121.7351, 41.5323], [-121.7354, 41.5328], [-121.7347, 41.533]]], [[[-121.7381, 41.5367], [-121.739, 41.5369], [-121.7383, 41.5371], [-121.7381, 41.5367]]], [[[-121.7444, 41.5427], [-121.7445, 41.5427], [-121.7444, 41.5427], [-121.7444, 41.5427]]], [[[-121.7412, 41.5429], [-121.741, 41.5429], [-121.7411, 41.5428], [-121.7412, 41.5429]]], [[[-121.7424, 41.5431], [-121.7422, 41.5432], [-121.7422, 41.543], [-121.7424, 41.5431]]], [[[-121.7415, 41.5443], [-121.7415, 41.5444], [-121.7414, 41.5444], [-121.7415, 41.5443]]], [[[-121.7423, 41.5446], [-121.7423, 41.5445], [-121.7423, 41.5446], [-121.7423, 41.5446]]], [[[-121.7452, 41.5453], [-121.7451, 41.5447], [-121.7461, 41.5447], [-121.7457, 41.5455], [-121.7452, 41.5453]]], [[[-121.7594, 41.5465], [-121.7592, 41.5461], [-121.7595, 41.5462], [-121.7594, 41.5465]]], [[[-121.7585, 41.5467], [-121.7594, 41.5466], [-121.7591, 41.5472], [-121.7585, 41.5467]]], [[[-121.7446, 41.5517], [-121.7445, 41.5514], [-121.7447, 41.5514], [-121.7446, 41.5517]]], [[[-121.7455, 41.5543], [-121.7454, 41.5542], [-121.7455, 41.5543], [-121.7455, 41.5543]]], [[[-121.7484, 41.5546], [-121.7466, 41.5546], [-121.7465, 41.5541], [-121.7469, 41.554], [-121.7484, 41.5546]]], [[[-121.7592, 41.6206], [-121.7588, 41.6202], [-121.759, 41.6202], [-121.7592, 41.6206]]], [[[-121.7606, 41.6206], [-121.7615, 41.6208], [-121.7607, 41.6211], [-121.7606, 41.6206]]], [[[-121.715, 41.745], [-121.7154, 41.7452], [-121.715, 41.7453], [-121.715, 41.745]]], [[[-121.6907, 41.7465], [-121.6898, 41.7459], [-121.6909, 41.7457], [-121.6907, 41.7465]]], [[[-121.6552, 41.7632], [-121.656, 41.762], [-121.6587, 41.7621], [-121.6593, 41.7628], [-121.6563, 41.7643], [-121.6552, 41.7632]]], [[[-121.6291, 41.8038], [-121.6278, 41.805], [-121.6273, 41.8039], [-121.6291, 41.8038]]], [[[-121.6268, 41.8072], [-121.6249, 41.8084], [-121.6245, 41.8058], [-121.6259, 41.8061], [-121.6268, 41.8072]]], [[[-121.6257, 41.809], [-121.6272, 41.8082], [-121.6292, 41.8093], [-121.6303, 41.8102], [-121.6297, 41.8114], [-121.6262, 41.8125], [-121.6257, 41.809]]], [[[-121.6303, 41.8253], [-121.6279, 41.8238], [-121.6259, 41.8239], [-121.6247, 41.8214], [-121.6263, 41.8199], [-121.6289, 41.8194], [-121.6303, 41.8253]]], [[[-121.6313, 41.8295], [-121.6311, 41.8287], [-121.6315, 41.8286], [-121.6313, 41.8295]]], [[[-121.6299, 41.8299], [-121.6277, 41.83], [-121.6276, 41.829], [-121.6293, 41.8285], [-121.6299, 41.8299]]], [[[-121.628, 41.8342], [-121.6282, 41.8329], [-121.6296, 41.8328], [-121.6291, 41.8339], [-121.628, 41.8342]]]]}, "properties": {"layer": "perimeter"}}, {"type": "Feature", "geometry": {"type": "MultiPolygon", "coordinates": [[[[-121.9838, 41.4663], [-121.984, 41.466], [-121.9847, 41.4662], [-121.9838, 41.4663]]], [[[-121.9777, 41.4706], [-121.9775, 41.4706], [-121.9777, 41.4706], [-121.9777, 41.4706]]], [[[-121.9775, 41.4713], [-121.9776, 41.4712], [-121.9776, 41.4714], [-121.9775, 41.4713]]], [[[-121.9802, 41.4753], [-121.9804, 41.4749], [-121.9806, 41.4749], [-121.9806, 41.4751], [-121.9802, 41.4753]]], [[[-121.9753, 41.476], [-121.9753, 41.4754], [-121.9756, 41.4758], [-121.9753, 41.476]]], [[[-121.95, 41.4782], [-121.9501, 41.4783], [-121.95, 41.4783], [-121.95, 41.4782]]], [[[-121.9498, 41.4783], [-121.9496, 41.4783], [-121.9496, 41.4782], [-121.9498, 41.4783]]], [[[-121.9485, 41.4798], [-121.949, 41.4792], [-121.9491, 41.4797], [-121.9485, 41.4798]]], [[[-121.9482, 41.4795], [-121.9484, 41.4796], [-121.9482, 41.4795], [-121.9482, 41.4795]]], [[[-121.9493, 41.4797], [-121.9494, 41.4798], [-121.9493, 41.4798], [-121.9493, 41.4797]]], [[[-121.9512, 41.4816], [-121.9523, 41.4788], [-121.9531, 41.4784], [-121.9529, 41.4813], [-121.9512, 41.4816]]], [[[-121.9539, 41.4803], [-121.954, 41.4804], [-121.9539, 41.4804], [-121.9539, 41.4803]]], [[[-121.9929, 41.4828], [-121.9924, 41.4829], [-121.9926, 41.4826], [-121.9929, 41.4828]]], [[[-121.9947, 41.4835], [-121.9943, 41.4834], [-121.9948, 41.4833], [-121.9947, 41.4835]]], [[[-121.9502, 41.4838], [-121.951, 41.4843], [-121.9497, 41.4849], [-121.9493, 41.4845], [-121.9502, 41.4838]]], [[[-122.0026, 41.4836], [-122.0029, 41.4838], [-122.0026, 41.4839], [-122.0026, 41.4836]]], [[[-121.8944, 41.4291], [-121.8936, 41.4291], [-121.894, 41.4287], [-121.8944, 41.4291]]], [[[-121.8976, 41.4322], [-121.897, 41.4328], [-121.8969, 41.4327], [-121.8976, 41.4322]]], [[[-121.8961, 41.4346], [-121.8957, 41.4345], [-121.8958, 41.4344], [-121.8961, 41.4346]]], [[[-121.9316, 41.45], [-121.9317, 41.4494], [-121.9327, 41.4492], [-121.9327, 41.4501], [-121.9316, 41.45]]], [[[-121.9326, 41.4505], [-121.9329, 41.4505], [-121.9329, 41.4506], [-121.9326, 41.4505]]], [[[-121.932, 41.4504], [-121.932, 41.4505], [-121.932, 41.4504], [-121.932, 41.4504]]], [[[-121.9218, 41.4516], [-121.922, 41.4516], [-121.922, 41.4516], [-121.9218, 41.4516]]], [[[-121.9196, 41.4543], [-121.9195, 41.4542], [-121.9196, 41.4542], [-121.9196, 41.4543]]], [[[-121.9427, 41.4738], [-121.9423, 41.4735], [-121.9427, 41.4733], [-121.9427, 41.4738]]], [[[-121.9413, 41.4744], [-121.9413, 41.4746], [-121.9412, 41.4746], [-121.9413, 41.4744]]], [[[-121.9439, 41.4781], [-121.9436, 41.4782], [-121.9439, 41.4779], [-121.9439, 41.4781]]], [[[-121.9477, 41.4793], [-121.9478, 41.479], [-121.9476, 41.4789], [-121.9482, 41.479], [-121.9481, 41.4793], [-121.9477, 41.4793]]], [[[-121.9447, 41.491], [-121.9445, 41.4909], [-121.9449, 41.4908], [-121.9447, 41.491]]], [[[-121.8287, 41.5089], [-121.8281, 41.509], [-121.8286, 41.5087], [-121.8287, 41.5089]]], [[[-121.8144, 41.5107], [-121.8143, 41.5106], [-121.8144, 41.5105], [-121.8144, 41.5107]]], [[[-121.8144, 41.5095], [-121.8149, 41.5098], [-121.8144, 41.5098], [-121.8144, 41.5095]]], [[[-121.8144, 41.5098], [-121.8141, 41.51], [-121.8137, 41.5098], [-121.8144, 41.5098]]], [[[-121.8105, 41.5191], [-121.8101, 41.5198], [-121.809, 41.5196], [-121.8094, 41.5188], [-121.8105, 41.5191]]], [[[-121.8958, 41.4347], [-121.8951, 41.4356], [-121.8963, 41.4361], [-121.8962, 41.4374], [-121.8865, 41.4373], [-121.8865, 41.441], [-121.8816, 41.4409], [-121.8817, 41.4446], [-121.8805, 41.4444], [-121.88, 41.4413], [-121.8794, 41.4417], [-121.8753, 41.4393], [-121.8746, 41.4376], [-121.8775, 41.4363], [-121.889, 41.4272], [-121.894, 41.4216], [-121.8967, 41.4205], [-121.8996, 41.4179], [-121.8993, 41.4101], [-121.9025, 41.4109], [-121.9039, 41.417], [-121.9015, 41.4168], [-121.9027, 41.4172], [-121.9028, 41.4184], [-121.9014, 41.4179], [-121.9017, 41.4194], [-121.9002, 41.4196], [-121.8993, 41.4209], [-121.8984, 41.4207], [-121.8954, 41.4233], [-121.8946, 41.423], [-121.8939, 41.4257], [-121.8918, 41.4265], [-121.8927, 41.4267], [-121.8923, 41.428], [-121.8907, 41.4279], [-121.8896, 41.4288], [-121.8904, 41.4287], [-121.8901, 41.4296], [-121.8907, 41.4293], [-121.8902, 41.4303], [-121.8913, 41.4322], [-121.8907, 41.4326], [-121.8931, 41.4347], [-121.8934, 41.4342], [-121.894, 41.4348], [-121.8958, 41.4347]]], [[[-121.9009, 41.4336], [-121.9012, 41.4328], [-121.9028, 41.4323], [-121.9035, 41.4337], [-121.9009, 41.4336]]], [[[-121.9041, 41.4337], [-121.9041, 41.4335], [-121.9041, 41.4336], [-121.9041, 41.4337]]], [[[-121.9044, 41.4409], [-121.9055, 41.4398], [-121.906, 41.4404], [-121.9063, 41.4394], [-121.9075, 41.4395], [-121.9084, 41.4402], [-121.9073, 41.4408], [-121.9078, 41.442], [-121.9118, 41.4431], [-121.9116, 41.4442], [-121.9127, 41.4446], [-121.9128, 41.4457], [-121.9146, 41.446], [-121.915, 41.4477], [-121.9163, 41.447], [-121.916, 41.4466], [-121.9171, 41.4467], [-121.9179, 41.4487], [-121.9181, 41.4487], [-121.9184, 41.4479], [-121.9187, 41.4478], [-121.9171, 41.4503], [-121.9155, 41.4509], [-121.9159, 41.4535], [-121.9148, 41.4531], [-121.9144, 41.4536], [-121.9154, 41.4543], [-121.9177, 41.4542], [-121.9182, 41.4553], [-121.9174, 41.4557], [-121.9185, 41.4556], [-121.9199, 41.4568], [-121.9216, 41.4547], [-121.9202, 41.454], [-121.9208, 41.4545], [-121.9202, 41.455], [-121.9198, 41.4536], [-121.9237, 41.452], [-121.9235, 41.4644], [-121.9041, 41.4662], [-121.904, 41.4804], [-121.8913, 41.481], [-121.891, 41.4955], [-121.8833, 41.4954], [-121.8831, 41.4947], [-121.8804, 41.4933], [-121.8814, 41.4928], [-121.8761, 41.4926], [-121.8733, 41.491], [-121.8736, 41.4901], [-121.8713, 41.4866], [-121.8713, 41.4872], [-121.8698, 41.4862], [-121.8675, 41.4832], [-121.8685, 41.4809], [-121.8678, 41.4813], [-121.8682, 41.4796], [-121.8673, 41.4763], [-121.8626, 41.4737], [-121.8619, 41.4704], [-121.8634, 41.4693], [-121.8631, 41.4676], [-121.8652, 41.4663], [-121.8721, 41.4663], [-121.872, 41.4614], [-121.8733, 41.4584], [-121.875, 41.4577], [-121.875, 41.4539], [-121.8761, 41.452], [-121.8915, 41.4522], [-121.8914, 41.4411], [-121.9044, 41.4409]], [[-121.9041, 41.4662], [-121.9044, 41.4517], [-121.9012, 41.4518], [-121.9012, 41.4552], [-121.8962, 41.4554], [-121.8962, 41.4625], [-121.8915, 41.4625], [-121.8915, 41.4664], [-121.9041, 41.4662]]], [[[-121.9255, 41.4508], [-121.925, 41.4499], [-121.9279, 41.4494], [-121.927, 41.4502], [-121.9284, 41.4501], [-121.9298, 41.4493], [-121.9295, 41.4485], [-121.9306, 41.4486], [-121.9314, 41.4499], [-121.9299, 41.4508], [-121.9255, 41.4508]]], [[[-121.9352, 41.4508], [-121.9348, 41.4507], [-121.9352, 41.4508], [-121.9352, 41.4508]]], [[[-121.943, 41.4537], [-121.9465, 41.4565], [-121.9476, 41.4554], [-121.9503, 41.4552], [-121.9501, 41.4562], [-121.9514, 41.4571], [-121.9511, 41.458], [-121.9545, 41.4606], [-121.9555, 41.4643], [-121.9429, 41.4643], [-121.943, 41.4537]]], [[[-121.9427, 41.4723], [-121.9403, 41.4727], [-121.9414, 41.4734], [-121.9405, 41.4751], [-121.9417, 41.4761], [-121.9407, 41.4775], [-121.9414, 41.4775], [-121.9412, 41.477], [-121.9423, 41.4778], [-121.9234, 41.478], [-121.9235, 41.4644], [-121.9429, 41.4643], [-121.9427, 41.4723]]], [[[-121.9427, 41.4778], [-121.9426, 41.4777], [-121.9427, 41.4776], [-121.9427, 41.4778]]], [[[-121.9427, 41.4772], [-121.9426, 41.4774], [-121.9424, 41.4772], [-121.9427, 41.4772]]], [[[-121.9427, 41.4778], [-121.9434, 41.4784], [-121.9437, 41.4787], [-121.9443, 41.4789], [-121.9441, 41.4793], [-121.9452, 41.479], [-121.9447, 41.4794], [-121.9452, 41.4798], [-121.9453, 41.4783], [-121.9442, 41.4778], [-121.9472, 41.4779], [-121.9474, 41.4799], [-121.9491, 41.4812], [-121.9487, 41.48], [-121.9493, 41.4799], [-121.9491, 41.4804], [-121.9498, 41.4799], [-121.9506, 41.4813], [-121.95, 41.482], [-121.9508, 41.4824], [-121.9509, 41.4814], [-121.9512, 41.4818], [-121.9517, 41.4819], [-121.9513, 41.4832], [-121.9503, 41.4826], [-121.9496, 41.4838], [-121.9471, 41.4849], [-121.9464, 41.4862], [-121.9441, 41.4874], [-121.9454, 41.4887], [-121.9452, 41.4894], [-121.9443, 41.4895], [-121.9439, 41.4911], [-121.9449, 41.4914], [-121.9437, 41.4914], [-121.9427, 41.4778]]], [[[-121.944, 41.4778], [-121.944, 41.478], [-121.944, 41.478], [-121.944, 41.4778]]], [[[-121.9452, 41.4914], [-121.9471, 41.4909], [-121.949, 41.4915], [-121.9452, 41.4914]]], [[[-121.9721, 41.4794], [-121.9735, 41.4788], [-121.974, 41.4794], [-121.9743, 41.4772], [-121.9752, 41.4766], [-121.9772, 41.4768], [-121.9767, 41.4759], [-121.9757, 41.4761], [-121.976, 41.4755], [-121.9751, 41.4753], [-121.9747, 41.4735], [-121.9761, 41.4728], [-121.9769, 41.4711], [-121.9774, 41.4717], [-121.9785, 41.4712], [-121.9786, 41.4685], [-121.9798, 41.4682], [-121.9795, 41.4677], [-121.9814, 41.4666], [-121.9814, 41.4705], [-121.9807, 41.4711], [-121.9814, 41.4717], [-121.9785, 41.475], [-121.9807, 41.4757], [-121.9814, 41.4752], [-121.9814, 41.4809], [-121.9721, 41.4794]]], [[[-121.9814, 41.4752], [-121.9813, 41.4751], [-121.9814, 41.4751], [-121.9814, 41.4752]]], [[[-121.9814, 41.4809], [-121.9859, 41.4811], [-121.9853, 41.4816], [-121.9858, 41.4819], [-121.9883, 41.4811], [-121.9878, 41.4816], [-121.9885, 41.4824], [-121.9892, 41.4822], [-121.9891, 41.4836], [-121.9901, 41.4831], [-121.9902, 41.4839], [-121.9933, 41.4832], [-121.9943, 41.4845], [-121.9963, 41.4833], [-121.9966, 41.4842], [-121.9958, 41.4843], [-121.9964, 41.4847], [-122.0008, 41.4848], [-122.0011, 41.4956], [-122.0111, 41.4955], [-122.0109, 41.4964], [-122.0093, 41.4971], [-122.0101, 41.4976], [-122.0097, 41.4986], [-122.0079, 41.4976], [-122.0061, 41.4977], [-122.0057, 41.4965], [-122.0038, 41.4973], [-122.0045, 41.4998], [-122.0034, 41.5007], [-122.0031, 41.5002], [-122.0018, 41.5023], [-122.0017, 41.5033], [-122.0029, 41.5034], [-122.0022, 41.505], [-121.9995, 41.5062], [-121.9976, 41.5062], [-121.9976, 41.5075], [-121.9964, 41.5085], [-121.9956, 41.5078], [-121.9944, 41.5079], [-121.9944, 41.5085], [-121.9956, 41.5083], [-121.9944, 41.5089], [-121.9964, 41.509], [-121.9945, 41.5091], [-121.9955, 41.5096], [-121.9951, 41.5103], [-121.9968, 41.5107], [-121.9974, 41.5117], [-121.9959, 41.5127], [-121.9944, 41.5128], [-121.995, 41.5133], [-121.9926, 41.5131], [-121.9915, 41.5142], [-121.9927, 41.5136], [-121.9944, 41.515], [-121.9937, 41.5184], [-121.992, 41.519], [-121.9908, 41.5176], [-121.9899, 41.5178], [-121.9897, 41.5186], [-121.9901, 41.5187], [-121.989, 41.5193], [-121.9901, 41.5198], [-121.9895, 41.5192], [-121.9907, 41.5181], [-121.9905, 41.5188], [-121.9919, 41.5192], [-121.9913, 41.5197], [-121.9923, 41.5194], [-121.9939, 41.5196], [-121.9944, 41.5203], [-121.997, 41.5202], [-121.9994, 41.5217], [-121.9827, 41.5214], [-121.9825, 41.5359], [-121.9633, 41.5356], [-121.9639, 41.5213], [-121.9812, 41.5214], [-121.9822, 41.5101], [-121.9626, 41.5075], [-121.9629, 41.4995], [-121.9676, 41.5003], [-121.968, 41.4925], [-121.9821, 41.4955], [-121.9814, 41.4809]]], [[[-122.0008, 41.4847], [-122.0008, 41.4842], [-122.0033, 41.4846], [-122.0008, 41.4847]]], [[[-122.0033, 41.4846], [-122.0034, 41.4837], [-122.0047, 41.4846], [-122.0033, 41.4846]]], [[[-122.0048, 41.4846], [-122.0051, 41.4844], [-122.0053, 41.4846], [-122.0048, 41.4846]]], [[[-122.0103, 41.4882], [-122.0103, 41.4882], [-122.0103, 41.4881], [-122.0103, 41.4882]]], [[[-122.0018, 41.5221], [-122.0027, 41.5217], [-122.0029, 41.5225], [-122.0038, 41.5226], [-122.0038, 41.522], [-122.0058, 41.5225], [-122.0057, 41.5269], [-122.0071, 41.5281], [-122.0068, 41.5264], [-122.0083, 41.5261], [-122.0095, 41.5278], [-122.0081, 41.531], [-122.0069, 41.5321], [-122.0062, 41.5316], [-122.0047, 41.5324], [-122.0042, 41.5341], [-122.0052, 41.5345], [-122.0053, 41.5339], [-122.0058, 41.5352], [-122.005, 41.536], [-122.0022, 41.536], [-122.0018, 41.5221]]], [[[-122.0022, 41.5412], [-122.0013, 41.5431], [-122.0022, 41.5439], [-122.0022, 41.5505], [-121.9826, 41.5506], [-121.9825, 41.5359], [-122.0022, 41.536], [-122.0022, 41.5412]]], [[[-121.9734, 41.5871], [-121.973, 41.5905], [-121.9697, 41.5936], [-121.9696, 41.5967], [-121.9666, 41.5964], [-121.9653, 41.5951], [-121.9633, 41.5964], [-121.9598, 41.5955], [-121.959, 41.5944], [-121.9588, 41.5871], [-121.9638, 41.587], [-121.9637, 41.5833], [-121.9685, 41.5833], [-121.9686, 41.5871], [-121.9734, 41.5871]]], [[[-121.9293, 41.5799], [-121.9295, 41.6244], [-121.9048, 41.6242], [-121.9048, 41.6233], [-121.8967, 41.6229], [-121.8969, 41.6301], [-121.8921, 41.63], [-121.892, 41.6447], [-121.8968, 41.6447], [-121.8968, 41.6484], [-121.8871, 41.6484], [-121.8874, 41.6264], [-121.8921, 41.6265], [-121.892, 41.6193], [-121.8967, 41.6193], [-121.8967, 41.6086], [-121.9048, 41.6092], [-121.9048, 41.5946], [-121.903, 41.5944], [-121.903, 41.5913], [-121.9048, 41.5918], [-121.905, 41.5651], [-121.9243, 41.5651], [-121.9242, 41.554], [-121.9195, 41.554], [-121.9195, 41.5466], [-121.9243, 41.5466], [-121.9243, 41.5503], [-121.9339, 41.5502], [-121.9342, 41.5799], [-121.9293, 41.5799]], [[-121.9293, 41.5798], [-121.9293, 41.5753], [-121.9243, 41.5752], [-121.9243, 41.5799], [-121.9293, 41.5798]]], [[[-121.9045, 41.6593], [-121.9044, 41.6629], [-121.902, 41.6623], [-121.9015, 41.663], [-121.9016, 41.6595], [-121.9045, 41.6593]]], [[[-121.8981, 41.6588], [-121.8971, 41.6597], [-121.8968, 41.6484], [-121.9046, 41.6483], [-121.9046, 41.6521], [-121.9015, 41.6521], [-121.9016, 41.6595], [-121.8982, 41.6597], [-121.8981, 41.6588]]], [[[-121.8904, 41.6633], [-121.8905, 41.664], [-121.892, 41.6639], [-121.892, 41.6686], [-121.8899, 41.6688], [-121.8883, 41.6685], [-121.8871, 41.6674], [-121.8871, 41.6633], [-121.8904, 41.6633]]], [[[-121.8614, 41.6373], [-121.8596, 41.6359], [-121.858, 41.6363], [-121.858, 41.6337], [-121.8677, 41.6337], [-121.8676, 41.6374], [-121.8614, 41.6373]]], [[[-121.6774, 41.7542], [-121.6728, 41.7543], [-121.6728, 41.758], [-121.6633, 41.7579], [-121.6632, 41.7468], [-121.6661, 41.7451], [-121.6632, 41.7456], [-121.6632, 41.7433], [-121.6681, 41.7433], [-121.6679, 41.7287], [-121.6727, 41.7288], [-121.6728, 41.7324], [-121.6776, 41.7324], [-121.6777, 41.7361], [-121.6728, 41.7361], [-121.6729, 41.747], [-121.6681, 41.747], [-121.668, 41.7507], [-121.6776, 41.7508], [-121.6774, 41.7542]]], [[[-121.5469, 41.6842], [-121.5532, 41.678], [-121.5552, 41.6769], [-121.5568, 41.6769], [-121.5567, 41.6841], [-121.5664, 41.6841], [-121.5664, 41.6914], [-121.5517, 41.6914], [-121.5517, 41.6896], [-121.5468, 41.6896], [-121.5469, 41.6842]]], [[[-121.8181, 41.5098], [-121.8183, 41.5083], [-121.8158, 41.5069], [-121.816, 41.5055], [-121.8176, 41.5067], [-121.8169, 41.5051], [-121.819, 41.5072], [-121.8208, 41.5074], [-121.8204, 41.5098], [-121.8181, 41.5098]]], [[[-121.8316, 41.5098], [-121.8331, 41.5084], [-121.8332, 41.508], [-121.8331, 41.5098], [-121.8316, 41.5098]]], [[[-121.8362, 41.5098], [-121.8383, 41.5139], [-121.8397, 41.5135], [-121.8411, 41.515], [-121.8436, 41.5157], [-121.8427, 41.5172], [-121.8439, 41.5169], [-121.845, 41.5175], [-121.8452, 41.5199], [-121.8477, 41.5196], [-121.8486, 41.5206], [-121.8502, 41.5206], [-121.8338, 41.5206], [-121.8331, 41.5098], [-121.8362, 41.5098]]], [[[-121.8511, 41.5206], [-121.8524, 41.5205], [-121.8532, 41.5206], [-121.8511, 41.5206]]], [[[-121.858, 41.5095], [-121.8596, 41.5074], [-121.861, 41.5032], [-121.8604, 41.5011], [-121.8622, 41.4991], [-121.8697, 41.4987], [-121.8721, 41.496], [-121.8726, 41.5097], [-121.858, 41.5095]]], [[[-121.8811, 41.4954], [-121.8823, 41.4953], [-121.8824, 41.4954], [-121.8811, 41.4954]]], [[[-121.9633, 41.5356], [-121.9634, 41.5503], [-121.9436, 41.5502], [-121.9441, 41.5355], [-121.9633, 41.5356]]], [[[-121.9234, 41.478], [-121.924, 41.4883], [-121.9195, 41.4885], [-121.9196, 41.4916], [-121.9146, 41.4916], [-121.904, 41.4949], [-121.904, 41.4804], [-121.9234, 41.478]]], [[[-121.891, 41.4955], [-121.904, 41.4949], [-121.9038, 41.5096], [-121.8911, 41.5097], [-121.891, 41.4955]]], [[[-121.9438, 41.4954], [-121.9429, 41.5075], [-121.9234, 41.5081], [-121.9238, 41.4999], [-121.9337, 41.4997], [-121.934, 41.4956], [-121.9438, 41.4954]]], [[[-121.9626, 41.5075], [-121.9626, 41.5213], [-121.9446, 41.5209], [-121.9441, 41.5355], [-121.9243, 41.5354], [-121.9249, 41.5208], [-121.9435, 41.5209], [-121.9429, 41.5075], [-121.9626, 41.5075]]], [[[-121.8965, 41.5352], [-121.8965, 41.5207], [-121.9037, 41.5208], [-121.9038, 41.5096], [-121.9118, 41.5087], [-121.9122, 41.5208], [-121.9048, 41.5208], [-121.9048, 41.5355], [-121.8965, 41.5352]]], [[[-121.8775, 41.5208], [-121.8774, 41.5355], [-121.858, 41.5353], [-121.8582, 41.5206], [-121.8726, 41.5207], [-121.8726, 41.5097], [-121.8911, 41.5097], [-121.8913, 41.5207], [-121.8775, 41.5208]]], [[[-121.9199, 41.5208], [-121.9194, 41.5355], [-121.9146, 41.5355], [-121.9148, 41.5208], [-121.9199, 41.5208]]], [[[-121.8823, 41.6374], [-121.8725, 41.6374], [-121.8726, 41.63], [-121.8774, 41.63], [-121.8774, 41.6337], [-121.8823, 41.6337], [-121.8823, 41.6374]]], [[[-121.8774, 41.652], [-121.8822, 41.652], [-121.8822, 41.6557], [-121.8871, 41.6557], [-121.8871, 41.6633], [-121.8822, 41.6633], [-121.8822, 41.6594], [-121.8773, 41.6593], [-121.8774, 41.652]]], [[[-121.7995, 41.5752], [-121.7996, 41.5787], [-121.7897, 41.5787], [-121.7896, 41.5751], [-121.7995, 41.5752]]], [[[-121.7847, 41.5859], [-121.7749, 41.586], [-121.7749, 41.5823], [-121.7799, 41.5823], [-121.7799, 41.5787], [-121.7897, 41.5787], [-121.7897, 41.5823], [-121.7848, 41.5823], [-121.7847, 41.5859]]], [[[-121.7996, 41.6082], [-121.785, 41.6082], [-121.785, 41.6045], [-121.8334, 41.6044], [-121.8332, 41.6116], [-121.8283, 41.6116], [-121.8282, 41.6153], [-121.8044, 41.6156], [-121.8044, 41.6192], [-121.7948, 41.6192], [-121.7947, 41.6119], [-121.7996, 41.6119], [-121.7996, 41.6082]]], [[[-121.5664, 41.6805], [-121.576, 41.6806], [-121.5761, 41.6842], [-121.5664, 41.6841], [-121.5664, 41.6805]]], [[[-121.6341, 41.6919], [-121.6342, 41.6846], [-121.6389, 41.6846], [-121.6389, 41.692], [-121.6341, 41.6919]]]]}, "properties": {"layer": "retained"}}, {"type": "Feature", "geometry": {"type": "MultiPolygon", "coordinates": [[[[-121.5561, 41.6802], [-121.5557, 41.6791], [-121.5553, 41.6796], [-121.5546, 41.6794], [-121.5546, 41.6802], [-121.5561, 41.6802]]], [[[-121.8882, 41.6645], [-121.8881, 41.6635], [-121.8874, 41.6635], [-121.8871, 41.6643], [-121.8882, 41.6645]]], [[[-121.891, 41.6483], [-121.8902, 41.6466], [-121.8895, 41.6467], [-121.8891, 41.6477], [-121.888, 41.647], [-121.8881, 41.648], [-121.891, 41.6483]]], [[[-121.8919, 41.6426], [-121.8922, 41.6409], [-121.8911, 41.6404], [-121.8908, 41.6412], [-121.8915, 41.6412], [-121.8912, 41.642], [-121.8919, 41.6426]]], [[[-121.8918, 41.6396], [-121.8921, 41.6385], [-121.8911, 41.6385], [-121.8918, 41.6396]]], [[[-121.8043, 41.6192], [-121.8042, 41.6176], [-121.8028, 41.6182], [-121.8013, 41.6174], [-121.8003, 41.6177], [-121.801, 41.6193], [-121.8043, 41.6192]]], [[[-121.8092, 41.6156], [-121.8088, 41.6151], [-121.8074, 41.6154], [-121.8074, 41.6157], [-121.8092, 41.6156]]], [[[-121.7967, 41.6193], [-121.7974, 41.6188], [-121.7967, 41.6174], [-121.7973, 41.615], [-121.7955, 41.6139], [-121.7948, 41.6142], [-121.7949, 41.6191], [-121.7967, 41.6193]], [[-121.7971, 41.6185], [-121.7967, 41.6188], [-121.7967, 41.6185], [-121.7971, 41.6185]], [[-121.7967, 41.6174], [-121.7956, 41.618], [-121.7956, 41.6175], [-121.7967, 41.6174]], [[-121.7963, 41.6169], [-121.7956, 41.6172], [-121.7956, 41.6169], [-121.7963, 41.6169]]], [[[-121.7951, 41.6134], [-121.7951, 41.6129], [-121.7966, 41.6131], [-121.7972, 41.612], [-121.7947, 41.6121], [-121.7951, 41.6134]], [[-121.7962, 41.6123], [-121.7958, 41.6126], [-121.7958, 41.6123], [-121.7962, 41.6123]]], [[[-121.8271, 41.6111], [-121.827, 41.61], [-121.8267, 41.61], [-121.8263, 41.6108], [-121.8271, 41.6111]]], [[[-121.8192, 41.6112], [-121.8177, 41.6096], [-121.8173, 41.6096], [-121.8173, 41.6107], [-121.8192, 41.6112]]], [[[-121.817, 41.6126], [-121.8163, 41.6115], [-121.817, 41.6107], [-121.8155, 41.6104], [-121.8162, 41.6093], [-121.814, 41.608], [-121.8152, 41.611], [-121.8141, 41.611], [-121.8134, 41.6118], [-121.8142, 41.6126], [-121.8141, 41.6115], [-121.8148, 41.6115], [-121.8149, 41.6123], [-121.8163, 41.612], [-121.817, 41.6126]], [[-121.8163, 41.6115], [-121.8159, 41.6118], [-121.8159, 41.6115], [-121.8163, 41.6115]]], [[[-121.8202, 41.6087], [-121.8201, 41.6079], [-121.8191, 41.6079], [-121.8191, 41.6082], [-121.8202, 41.6087]]], [[[-121.8098, 41.61], [-121.8101, 41.6086], [-121.809, 41.6081], [-121.8087, 41.6092], [-121.8098, 41.61]]], [[[-121.8245, 41.6089], [-121.8248, 41.6081], [-121.8234, 41.6076], [-121.8238, 41.6087], [-121.8245, 41.6089]]], [[[-121.8108, 41.6089], [-121.8115, 41.6078], [-121.8101, 41.6075], [-121.8108, 41.6089]]], [[[-121.8263, 41.6081], [-121.8255, 41.6076], [-121.8262, 41.6067], [-121.8248, 41.6065], [-121.8245, 41.6078], [-121.8263, 41.6081]]], [[[-121.9057, 41.6064], [-121.906, 41.6058], [-121.9049, 41.605], [-121.9049, 41.6058], [-121.9057, 41.6064]]], [[[-121.8003, 41.6177], [-121.8006, 41.6163], [-121.8038, 41.6155], [-121.8034, 41.6149], [-121.8045, 41.6149], [-121.8045, 41.6154], [-121.8063, 41.6151], [-121.8052, 41.6141], [-121.8056, 41.6135], [-121.807, 41.6135], [-121.8081, 41.6143], [-121.8084, 41.6121], [-121.8091, 41.6121], [-121.8084, 41.6111], [-121.808, 41.6119], [-121.8069, 41.6116], [-121.8072, 41.6094], [-121.8058, 41.6092], [-121.8061, 41.6084], [-121.8043, 41.6076], [-121.8043, 41.6068], [-121.8032, 41.6071], [-121.8029, 41.6063], [-121.8018, 41.6066], [-121.8022, 41.6071], [-121.8011, 41.6066], [-121.8, 41.6071], [-121.8, 41.6079], [-121.8014, 41.6074], [-121.8018, 41.6082], [-121.8015, 41.6087], [-121.8011, 41.6082], [-121.8004, 41.6085], [-121.8008, 41.6098], [-121.7997, 41.6101], [-121.7998, 41.612], [-121.799, 41.612], [-121.8001, 41.6131], [-121.7984, 41.6131], [-121.7977, 41.6142], [-121.7984, 41.6144], [-121.7984, 41.6155], [-121.7999, 41.6155], [-121.7998, 41.6147], [-121.8006, 41.6155], [-121.8013, 41.6152], [-121.8013, 41.6158], [-121.7977, 41.6163], [-121.7985, 41.6177], [-121.7992, 41.6169], [-121.8003, 41.6177]], [[-121.8002, 41.616], [-121.7999, 41.6166], [-121.7999, 41.616], [-121.8002, 41.616]], [[-121.8056, 41.6146], [-121.8052, 41.6149], [-121.8052, 41.6146], [-121.8056, 41.6146]], [[-121.8052, 41.6141], [-121.8045, 41.6144], [-121.8045, 41.6141], [-121.8052, 41.6141]], [[-121.7995, 41.6144], [-121.7984, 41.6144], [-121.7984, 41.6142], [-121.7995, 41.6139], [-121.7995, 41.6144]], [[-121.8009, 41.6139], [-121.8002, 41.6142], [-121.8002, 41.6139], [-121.8009, 41.6139]], [[-121.8012, 41.6133], [-121.8009, 41.6139], [-121.8005, 41.6133], [-121.8012, 41.6133]], [[-121.8077, 41.613], [-121.807, 41.6135], [-121.807, 41.613], [-121.8077, 41.613]], [[-121.8027, 41.6133], [-121.8023, 41.6136], [-121.8023, 41.6133], [-121.8027, 41.6133]], [[-121.8034, 41.613], [-121.8027, 41.6133], [-121.8027, 41.613], [-121.8034, 41.613]], [[-121.8041, 41.6127], [-121.8037, 41.613], [-121.8037, 41.6127], [-121.8041, 41.6127]], [[-121.8022, 41.6109], [-121.8001, 41.612], [-121.8001, 41.6112], [-121.8022, 41.6109]], [[-121.8037, 41.6109], [-121.8026, 41.6111], [-121.8026, 41.6109], [-121.8037, 41.6109]], [[-121.8051, 41.6103], [-121.804, 41.6103], [-121.804, 41.6098], [-121.8047, 41.6098], [-121.8051, 41.6103]], [[-121.8022, 41.6101], [-121.8019, 41.6103], [-121.8019, 41.6101], [-121.8022, 41.6101]], [[-121.8011, 41.6087], [-121.8008, 41.609], [-121.8008, 41.6087], [-121.8011, 41.6087]], [[-121.8047, 41.6081], [-121.8036, 41.6087], [-121.8036, 41.6079], [-121.8047, 41.6081]], [[-121.8022, 41.6084], [-121.8018, 41.6087], [-121.8018, 41.6084], [-121.8022, 41.6084]]], [[[-121.8097, 41.6078], [-121.81, 41.6064], [-121.809, 41.6062], [-121.809, 41.607], [-121.8097, 41.6078]]], [[[-121.8216, 41.6076], [-121.8212, 41.6065], [-121.819, 41.6058], [-121.8187, 41.6069], [-121.8198, 41.6066], [-121.8198, 41.6076], [-121.8216, 41.6076]]], [[[-121.81, 41.6062], [-121.81, 41.6051], [-121.8093, 41.6051], [-121.8093, 41.6059], [-121.81, 41.6062]]], [[[-121.8129, 41.6059], [-121.8133, 41.6053], [-121.8118, 41.6051], [-121.8118, 41.6056], [-121.8129, 41.6059]]], [[[-121.8331, 41.6093], [-121.8334, 41.6045], [-121.8294, 41.6045], [-121.8298, 41.6053], [-121.8305, 41.6048], [-121.8316, 41.605], [-121.8305, 41.6067], [-121.8324, 41.6072], [-121.832, 41.608], [-121.8327, 41.608], [-121.8331, 41.6093]], [[-121.8331, 41.6075], [-121.8327, 41.6077], [-121.8327, 41.6075], [-121.8331, 41.6075]], [[-121.833, 41.6058], [-121.8323, 41.6069], [-121.832, 41.6056], [-121.833, 41.6058]], [[-121.832, 41.6064], [-121.8316, 41.6067], [-121.8316, 41.6064], [-121.832, 41.6064]], [[-121.8316, 41.6061], [-121.8313, 41.6064], [-121.8312, 41.6061], [-121.8316, 41.6061]], [[-121.8327, 41.605], [-121.8323, 41.6053], [-121.8323, 41.605], [-121.8327, 41.605]]], [[[-121.8158, 41.6058], [-121.8165, 41.605], [-121.815, 41.6045], [-121.8147, 41.605], [-121.8158, 41.6058]]], [[[-121.8039, 41.6063], [-121.8039, 41.6044], [-121.801, 41.6047], [-121.8014, 41.6057], [-121.8021, 41.6055], [-121.8029, 41.6063], [-121.8039, 41.6063]]], [[[-121.7986, 41.6082], [-121.7999, 41.6044], [-121.7902, 41.6046], [-121.7902, 41.6051], [-121.7884, 41.6046], [-121.7877, 41.6054], [-121.7885, 41.6067], [-121.7871, 41.6073], [-121.7871, 41.6081], [-121.7896, 41.6081], [-121.7895, 41.6059], [-121.7928, 41.6059], [-121.7928, 41.6053], [-121.7946, 41.605], [-121.7953, 41.6069], [-121.7939, 41.608], [-121.7914, 41.6083], [-121.7986, 41.6082]], [[-121.7979, 41.6077], [-121.7975, 41.608], [-121.7975, 41.6077], [-121.7979, 41.6077]], [[-121.7978, 41.6071], [-121.7968, 41.6072], [-121.7968, 41.6069], [-121.7975, 41.6066], [-121.7978, 41.6071]], [[-121.7938, 41.6048], [-121.7935, 41.605], [-121.7935, 41.6048], [-121.7938, 41.6048]], [[-121.7913, 41.6048], [-121.791, 41.6051], [-121.791, 41.6048], [-121.7913, 41.6048]]], [[[-121.9148, 41.5843], [-121.9151, 41.5846], [-121.9162, 41.5843], [-121.9151, 41.584], [-121.9148, 41.5843]]], [[[-121.776, 41.5834], [-121.7767, 41.5823], [-121.7749, 41.5823], [-121.775, 41.5834], [-121.776, 41.5834]]], [[[-121.9222, 41.5799], [-121.9236, 41.5796], [-121.9236, 41.578], [-121.9243, 41.5777], [-121.9236, 41.5766], [-121.9218, 41.5766], [-121.9214, 41.5772], [-121.9225, 41.5783], [-121.9214, 41.578], [-121.9208, 41.5796], [-121.9218, 41.5793], [-121.9222, 41.5799]], [[-121.9233, 41.5791], [-121.9229, 41.5793], [-121.9229, 41.5791], [-121.9233, 41.5791]], [[-121.9218, 41.5788], [-121.9215, 41.5791], [-121.9215, 41.5788], [-121.9218, 41.5788]]], [[[-121.9193, 41.5775], [-121.9189, 41.5764], [-121.9182, 41.5764], [-121.9182, 41.5772], [-121.9193, 41.5775]]], [[[-121.9317, 41.5741], [-121.9332, 41.573], [-121.9331, 41.5724], [-121.9314, 41.573], [-121.9317, 41.5741]]], [[[-121.9309, 41.5576], [-121.9316, 41.557], [-121.9316, 41.5551], [-121.9298, 41.5565], [-121.9299, 41.5573], [-121.9309, 41.5576]]], [[[-121.9334, 41.5562], [-121.9341, 41.5559], [-121.934, 41.5527], [-121.9326, 41.5529], [-121.9337, 41.554], [-121.9327, 41.5551], [-121.9334, 41.5562]]], [[[-121.9222, 41.5528], [-121.9229, 41.5534], [-121.9229, 41.5523], [-121.9222, 41.5528]]], [[[-121.9258, 41.5528], [-121.9275, 41.5514], [-121.9272, 41.5503], [-121.9243, 41.5504], [-121.924, 41.5528], [-121.9258, 41.5528]], [[-121.9258, 41.5522], [-121.9251, 41.5522], [-121.925, 41.5517], [-121.9254, 41.5517], [-121.9258, 41.5522]], [[-121.9265, 41.5514], [-121.9261, 41.5517], [-121.9261, 41.5514], [-121.9265, 41.5514]], [[-121.9261, 41.5506], [-121.9257, 41.5514], [-121.9257, 41.5506], [-121.9261, 41.5506]]], [[[-121.9283, 41.553], [-121.9286, 41.5525], [-121.9315, 41.5521], [-121.9311, 41.5516], [-121.9326, 41.5519], [-121.9333, 41.5505], [-121.929, 41.5503], [-121.929, 41.5514], [-121.9272, 41.5525], [-121.9283, 41.553]]], [[[-121.9201, 41.5539], [-121.92, 41.5531], [-121.9211, 41.5534], [-121.9208, 41.5529], [-121.9222, 41.552], [-121.9207, 41.5501], [-121.92, 41.5502], [-121.92, 41.551], [-121.9211, 41.5512], [-121.9204, 41.5518], [-121.9211, 41.5523], [-121.9193, 41.5529], [-121.9194, 41.554], [-121.9201, 41.5539]]], [[[-121.953, 41.5499], [-121.953, 41.5483], [-121.9512, 41.5478], [-121.9526, 41.5494], [-121.9523, 41.5499], [-121.953, 41.5499]]], [[[-121.9856, 41.5467], [-121.9852, 41.5462], [-121.9874, 41.5453], [-121.9869, 41.5429], [-121.9848, 41.5435], [-121.984, 41.5424], [-121.9834, 41.5446], [-121.9848, 41.5454], [-121.9845, 41.5467], [-121.9856, 41.5467]], [[-121.987, 41.5451], [-121.9866, 41.5453], [-121.9866, 41.5451], [-121.987, 41.5451]]], [[[-121.9512, 41.5502], [-121.9508, 41.5491], [-121.949, 41.5494], [-121.95, 41.5465], [-121.949, 41.5467], [-121.9482, 41.5457], [-121.9468, 41.5457], [-121.9471, 41.5443], [-121.9449, 41.5436], [-121.9463, 41.5422], [-121.9442, 41.5422], [-121.9437, 41.5503], [-121.9512, 41.5502]], [[-121.9508, 41.5497], [-121.9505, 41.55], [-121.9505, 41.5497], [-121.9508, 41.5497]], [[-121.9483, 41.5495], [-121.9476, 41.5492], [-121.9476, 41.5487], [-121.9483, 41.5489], [-121.9483, 41.5495]], [[-121.9454, 41.5487], [-121.9451, 41.5495], [-121.9444, 41.5487], [-121.9454, 41.5487]], [[-121.9486, 41.5481], [-121.9483, 41.5486], [-121.9483, 41.5481], [-121.9486, 41.5481]], [[-121.9476, 41.5481], [-121.9472, 41.5484], [-121.9472, 41.5481], [-121.9476, 41.5481]], [[-121.949, 41.5478], [-121.9486, 41.5481], [-121.9486, 41.5478], [-121.949, 41.5478]], [[-121.9458, 41.5473], [-121.9454, 41.5479], [-121.9454, 41.5473], [-121.9458, 41.5473]], [[-121.9483, 41.5476], [-121.9479, 41.547], [-121.949, 41.5467], [-121.949, 41.547], [-121.9483, 41.5476]], [[-121.9468, 41.5473], [-121.9458, 41.5473], [-121.9457, 41.5468], [-121.9468, 41.5468], [-121.9468, 41.5473]], [[-121.9475, 41.5462], [-121.9468, 41.5468], [-121.9468, 41.5462], [-121.9475, 41.5462]], [[-121.9449, 41.5427], [-121.9446, 41.543], [-121.9445, 41.5427], [-121.9449, 41.5427]], [[-121.9445, 41.5425], [-121.9442, 41.5428], [-121.9442, 41.5425], [-121.9445, 41.5425]]], [[[-121.9636, 41.5422], [-121.9635, 41.5403], [-121.9632, 41.5403], [-121.9629, 41.5422], [-121.9636, 41.5422]]], [[[-121.9829, 41.5397], [-121.984, 41.5392], [-121.9825, 41.5392], [-121.9829, 41.5397]]], [[[-121.9627, 41.5373], [-121.9635, 41.5387], [-121.9634, 41.537], [-121.9627, 41.5373]]], [[[-121.9868, 41.5383], [-121.9886, 41.5377], [-121.9889, 41.5366], [-121.9904, 41.5372], [-121.9918, 41.5361], [-121.986, 41.5359], [-121.9868, 41.5367], [-121.9861, 41.5378], [-121.9868, 41.5383]], [[-121.9889, 41.5366], [-121.9882, 41.5367], [-121.9882, 41.5361], [-121.9885, 41.5361], [-121.9889, 41.5366]], [[-121.9875, 41.5364], [-121.9871, 41.5367], [-121.9871, 41.5364], [-121.9875, 41.5364]]], [[[-121.9467, 41.5416], [-121.9459, 41.5398], [-121.9466, 41.5397], [-121.9466, 41.5406], [-121.9473, 41.54], [-121.9488, 41.5405], [-121.9491, 41.5397], [-121.948, 41.5392], [-121.948, 41.5376], [-121.9473, 41.5373], [-121.9466, 41.5387], [-121.9466, 41.5378], [-121.9455, 41.5379], [-121.9462, 41.5365], [-121.9451, 41.5368], [-121.9444, 41.5363], [-121.9445, 41.5403], [-121.9438, 41.5411], [-121.9456, 41.5408], [-121.9467, 41.5416]]], [[[-121.958, 41.5496], [-121.959, 41.5471], [-121.9608, 41.546], [-121.9607, 41.542], [-121.9614, 41.5419], [-121.9607, 41.5411], [-121.9617, 41.54], [-121.9556, 41.5407], [-121.9556, 41.5388], [-121.9545, 41.5383], [-121.9545, 41.5372], [-121.9552, 41.5372], [-121.9548, 41.5356], [-121.9494, 41.5356], [-121.9505, 41.5375], [-121.9495, 41.5383], [-121.9492, 41.5408], [-121.9499, 41.5408], [-121.9503, 41.5435], [-121.9518, 41.544], [-121.9507, 41.5445], [-121.9511, 41.5451], [-121.9508, 41.5464], [-121.9522, 41.5472], [-121.9525, 41.5461], [-121.9543, 41.5456], [-121.9544, 41.5485], [-121.9555, 41.548], [-121.9558, 41.548], [-121.9558, 41.5483], [-121.9569, 41.5482], [-121.9573, 41.549], [-121.9566, 41.5493], [-121.958, 41.5496]], [[-121.9562, 41.5477], [-121.9558, 41.548], [-121.9558, 41.5477], [-121.9562, 41.5477]], [[-121.9565, 41.5472], [-121.9551, 41.5477], [-121.9554, 41.5469], [-121.9565, 41.5472]], [[-121.9522, 41.5464], [-121.9518, 41.5467], [-121.9518, 41.5464], [-121.9522, 41.5464]], [[-121.9568, 41.5447], [-121.9565, 41.5453], [-121.9561, 41.5447], [-121.9568, 41.5447]], [[-121.9514, 41.5448], [-121.9511, 41.5451], [-121.9511, 41.5448], [-121.9514, 41.5448]], [[-121.9539, 41.5445], [-121.9536, 41.5448], [-121.9536, 41.5445], [-121.9539, 41.5445]], [[-121.955, 41.5431], [-121.9529, 41.5445], [-121.9532, 41.5426], [-121.9535, 41.5434], [-121.955, 41.5431]], [[-121.9521, 41.5429], [-121.9517, 41.5432], [-121.9517, 41.5429], [-121.9521, 41.5429]], [[-121.9607, 41.5411], [-121.9599, 41.5409], [-121.9603, 41.5403], [-121.9606, 41.5403], [-121.9607, 41.5411]], [[-121.9531, 41.5407], [-121.9521, 41.5413], [-121.952, 41.541], [-121.9531, 41.5407]], [[-121.9534, 41.538], [-121.953, 41.5383], [-121.953, 41.538], [-121.9534, 41.538]], [[-121.953, 41.5375], [-121.9519, 41.5372], [-121.9526, 41.5361], [-121.9537, 41.5369], [-121.953, 41.5375]]], [[[-121.9738, 41.5353], [-121.9734, 41.5342], [-121.9727, 41.5342], [-121.9727, 41.535], [-121.9738, 41.5353]]], [[[-121.9307, 41.5354], [-121.9307, 41.5346], [-121.9303, 41.5346], [-121.9296, 41.5354], [-121.9307, 41.5354]]], [[[-121.8582, 41.5354], [-121.8592, 41.5346], [-121.8581, 41.5343], [-121.8582, 41.5354]]], [[[-121.916, 41.5353], [-121.9159, 41.5335], [-121.9145, 41.5332], [-121.9145, 41.5354], [-121.916, 41.5353]]], [[[-121.9156, 41.5332], [-121.9155, 41.5324], [-121.9148, 41.5318], [-121.9145, 41.5324], [-121.9156, 41.5332]]], [[[-122.0039, 41.5337], [-122.0042, 41.5321], [-122.0049, 41.5321], [-122.0045, 41.5304], [-122.0021, 41.5321], [-122.0021, 41.5335], [-122.0039, 41.5337]], [[-122.0039, 41.5329], [-122.0032, 41.5329], [-122.0028, 41.5324], [-122.0035, 41.5324], [-122.0039, 41.5329]], [[-122.0028, 41.5326], [-122.0025, 41.5329], [-122.0024, 41.5326], [-122.0028, 41.5326]], [[-122.0038, 41.5313], [-122.0035, 41.5315], [-122.0035, 41.5313], [-122.0038, 41.5313]]], [[[-121.9292, 41.5324], [-121.9299, 41.5319], [-121.9306, 41.5321], [-121.9317, 41.5313], [-121.9295, 41.5313], [-121.9292, 41.5324]]], [[[-121.8675, 41.5336], [-121.8681, 41.5325], [-121.8678, 41.532], [-121.8664, 41.5331], [-121.8675, 41.5336]]], [[[-121.8667, 41.5323], [-121.8674, 41.532], [-121.8674, 41.5315], [-121.8663, 41.5315], [-121.8667, 41.5323]]], [[[-121.9196, 41.5356], [-121.9194, 41.5299], [-121.9187, 41.5299], [-121.918, 41.5313], [-121.9159, 41.531], [-121.9162, 41.5321], [-121.9155, 41.5324], [-121.9174, 41.5345], [-121.9163, 41.5356], [-121.9196, 41.5356]], [[-121.9177, 41.5334], [-121.917, 41.534], [-121.917, 41.5334], [-121.9177, 41.5334]], [[-121.9173, 41.5321], [-121.917, 41.5324], [-121.917, 41.5321], [-121.9173, 41.5321]]], [[[-121.8695, 41.5309], [-121.8695, 41.5301], [-121.8688, 41.5301], [-121.8685, 41.5306], [-121.8695, 41.5309]]], [[[-121.9689, 41.5288], [-121.9689, 41.5278], [-121.9693, 41.5269], [-121.9678, 41.5272], [-121.9675, 41.5281], [-121.9668, 41.5283], [-121.9672, 41.5289], [-121.9675, 41.5283], [-121.9689, 41.5288]]], [[[-122.0037, 41.5267], [-122.0048, 41.5269], [-122.0048, 41.5264], [-122.0037, 41.5267]]], [[[-121.9818, 41.5278], [-121.9825, 41.5273], [-121.9822, 41.5265], [-121.9815, 41.5265], [-121.9818, 41.5278]]], [[[-121.98, 41.5276], [-121.9804, 41.5268], [-121.9789, 41.5265], [-121.9786, 41.5273], [-121.98, 41.5276]]], [[[-121.9197, 41.5285], [-121.9197, 41.5269], [-121.919, 41.5269], [-121.919, 41.5277], [-121.9197, 41.5285]]], [[[-121.8774, 41.5284], [-121.8773, 41.527], [-121.877, 41.527], [-121.8766, 41.5281], [-121.8774, 41.5284]]], [[[-121.905, 41.5274], [-121.905, 41.5266], [-121.9043, 41.5266], [-121.9039, 41.5271], [-121.905, 41.5274]]], [[[-121.8688, 41.5285], [-121.8691, 41.5279], [-121.8691, 41.5271], [-121.8684, 41.5271], [-121.8688, 41.5285]]], [[[-121.9366, 41.5261], [-121.938, 41.5258], [-121.9365, 41.5256], [-121.9366, 41.5261]]], [[[-121.9782, 41.5246], [-121.9782, 41.5241], [-121.9764, 41.5241], [-121.9763, 41.5236], [-121.9753, 41.5239], [-121.9782, 41.5246]]], [[[-121.9404, 41.5355], [-121.9404, 41.5347], [-121.9389, 41.5345], [-121.9392, 41.5326], [-121.9382, 41.5326], [-121.9385, 41.5301], [-121.9388, 41.5296], [-121.9392, 41.5296], [-121.9399, 41.5301], [-121.9413, 41.5293], [-121.942, 41.5301], [-121.9406, 41.5304], [-121.9406, 41.5309], [-121.9442, 41.5306], [-121.9444, 41.5249], [-121.9437, 41.5249], [-121.9437, 41.5257], [-121.9423, 41.5252], [-121.9423, 41.526], [-121.9412, 41.5263], [-121.9419, 41.5247], [-121.9394, 41.5242], [-121.9369, 41.5253], [-121.9405, 41.5252], [-121.9405, 41.526], [-121.9394, 41.5258], [-121.9384, 41.5288], [-121.937, 41.5285], [-121.9363, 41.5291], [-121.9367, 41.5304], [-121.9345, 41.531], [-121.9353, 41.5321], [-121.9331, 41.5326], [-121.9311, 41.5354], [-121.9336, 41.5353], [-121.9336, 41.5351], [-121.9339, 41.5351], [-121.9354, 41.5356], [-121.9404, 41.5355]], [[-121.9343, 41.5348], [-121.9339, 41.5351], [-121.9339, 41.5348], [-121.9343, 41.5348]], [[-121.9332, 41.5335], [-121.9328, 41.534], [-121.9328, 41.5335], [-121.9332, 41.5335]], [[-121.9339, 41.5332], [-121.9335, 41.5335], [-121.9335, 41.5332], [-121.9339, 41.5332]], [[-121.9353, 41.5323], [-121.9349, 41.5329], [-121.9349, 41.5323], [-121.9353, 41.5323]], [[-121.9428, 41.5298], [-121.9424, 41.5301], [-121.9424, 41.5298], [-121.9428, 41.5298]], [[-121.9399, 41.529], [-121.9392, 41.5296], [-121.9392, 41.5293], [-121.9399, 41.529]], [[-121.9406, 41.529], [-121.9402, 41.5293], [-121.9402, 41.529], [-121.9406, 41.529]], [[-121.9395, 41.5288], [-121.9391, 41.529], [-121.9391, 41.5288], [-121.9395, 41.5288]], [[-121.9409, 41.5279], [-121.9399, 41.5288], [-121.9402, 41.5279], [-121.9409, 41.5279]], [[-121.9438, 41.5271], [-121.9427, 41.5268], [-121.9427, 41.5263], [-121.9437, 41.5265], [-121.9438, 41.5271]]], [[[-121.9661, 41.5297], [-121.9668, 41.5291], [-121.9661, 41.5283], [-121.9675, 41.5275], [-121.9667, 41.5264], [-121.9678, 41.5259], [-121.9667, 41.5251], [-121.9677, 41.5232], [-121.9663, 41.5237], [-121.9641, 41.5227], [-121.9638, 41.5257], [-121.9653, 41.5259], [-121.965, 41.5273], [-121.9661, 41.5281], [-121.9643, 41.5278], [-121.9636, 41.5297], [-121.9654, 41.5297], [-121.9654, 41.5292], [-121.9661, 41.5297]], [[-121.9664, 41.527], [-121.9657, 41.5273], [-121.9657, 41.527], [-121.9664, 41.527]], [[-121.9667, 41.5262], [-121.9664, 41.5265], [-121.9664, 41.5262], [-121.9667, 41.5262]]], [[[-121.9674, 41.5232], [-121.9673, 41.5224], [-121.9666, 41.5224], [-121.9666, 41.5232], [-121.9674, 41.5232]]], [[[-121.9336, 41.5248], [-121.9333, 41.524], [-121.934, 41.5234], [-121.9332, 41.5224], [-121.9321, 41.5224], [-121.9326, 41.5248], [-121.9336, 41.5248]]], [[[-121.8743, 41.5341], [-121.8746, 41.533], [-121.8775, 41.5335], [-121.8774, 41.5297], [-121.8759, 41.5286], [-121.8755, 41.5273], [-121.8773, 41.5267], [-121.8776, 41.5232], [-121.8769, 41.5235], [-121.8773, 41.5248], [-121.8748, 41.526], [-121.8737, 41.5257], [-121.8734, 41.5265], [-121.8719, 41.526], [-121.8748, 41.5254], [-121.8755, 41.5241], [-121.8722, 41.5233], [-121.8715, 41.5244], [-121.8726, 41.5244], [-121.873, 41.5249], [-121.8722, 41.5246], [-121.8712, 41.5249], [-121.8719, 41.5255], [-121.8712, 41.5263], [-121.8719, 41.5265], [-121.8712, 41.5268], [-121.872, 41.5287], [-121.8709, 41.5293], [-121.871, 41.5301], [-121.8713, 41.5298], [-121.872, 41.5301], [-121.8695, 41.5309], [-121.8696, 41.5323], [-121.8706, 41.5314], [-121.8724, 41.5314], [-121.8727, 41.5287], [-121.8738, 41.5292], [-121.8752, 41.5284], [-121.8756, 41.5289], [-121.8738, 41.5303], [-121.8742, 41.5311], [-121.8731, 41.5314], [-121.8742, 41.5325], [-121.8728, 41.5336], [-121.8743, 41.5341]], [[-121.8757, 41.5322], [-121.8753, 41.5324], [-121.8753, 41.5322], [-121.8757, 41.5322]], [[-121.8706, 41.5312], [-121.8703, 41.5314], [-121.8703, 41.5312], [-121.8706, 41.5312]], [[-121.872, 41.5292], [-121.8717, 41.5295], [-121.8716, 41.5292], [-121.872, 41.5292]], [[-121.8723, 41.5268], [-121.8719, 41.5271], [-121.8719, 41.5268], [-121.8723, 41.5268]], [[-121.8723, 41.5249], [-121.8719, 41.5252], [-121.8719, 41.5249], [-121.8723, 41.5249]]], [[[-121.9724, 41.5223], [-121.9723, 41.5215], [-121.9713, 41.5215], [-121.9713, 41.522], [-121.9724, 41.5223]]], [[[-121.943, 41.5238], [-121.9433, 41.5233], [-121.9429, 41.5222], [-121.9415, 41.5225], [-121.94, 41.5214], [-121.9408, 41.5222], [-121.9404, 41.5233], [-121.9419, 41.523], [-121.943, 41.5238]], [[-121.9429, 41.523], [-121.9426, 41.5233], [-121.9426, 41.523], [-121.9429, 41.523]]], [[[-121.9967, 41.5211], [-121.9967, 41.5206], [-121.9953, 41.5209], [-121.9953, 41.5211], [-121.9967, 41.5211]]], [[[-121.9871, 41.5215], [-121.9867, 41.5207], [-121.9838, 41.5205], [-121.9845, 41.5216], [-121.9871, 41.5215]]], [[[-121.9189, 41.525], [-121.9186, 41.5242], [-121.9193, 41.5242], [-121.9199, 41.522], [-121.9174, 41.5221], [-121.9174, 41.5215], [-121.9156, 41.5224], [-121.9149, 41.5221], [-121.9157, 41.5245], [-121.9189, 41.525]], [[-121.9164, 41.5229], [-121.916, 41.5234], [-121.916, 41.5229], [-121.9164, 41.5229]]], [[[-121.8657, 41.5231], [-121.8657, 41.5223], [-121.8647, 41.5226], [-121.865, 41.5231], [-121.8657, 41.5231]]], [[[-121.9386, 41.5217], [-121.9396, 41.5209], [-121.9364, 41.5212], [-121.9364, 41.5218], [-121.9386, 41.5217]]], [[[-121.9314, 41.5216], [-121.9317, 41.5208], [-121.9289, 41.5208], [-121.931, 41.521], [-121.9314, 41.5216]]], [[[-121.9249, 41.5317], [-121.9248, 41.5306], [-121.9263, 41.5314], [-121.927, 41.5298], [-121.9284, 41.5314], [-121.9284, 41.5297], [-121.9338, 41.5294], [-121.9327, 41.5289], [-121.9341, 41.528], [-121.933, 41.5275], [-121.9337, 41.527], [-121.9323, 41.5267], [-121.933, 41.5264], [-121.9322, 41.5259], [-121.9329, 41.5251], [-121.9308, 41.5259], [-121.9297, 41.5257], [-121.9286, 41.5232], [-121.926, 41.5225], [-121.9271, 41.5211], [-121.9285, 41.5208], [-121.9249, 41.5209], [-121.925, 41.5228], [-121.9257, 41.5233], [-121.9246, 41.5238], [-121.9247, 41.5247], [-121.9258, 41.5249], [-121.9254, 41.5255], [-121.9272, 41.5268], [-121.9269, 41.5276], [-121.928, 41.5279], [-121.9258, 41.5284], [-121.9266, 41.5287], [-121.9259, 41.5303], [-121.9252, 41.5303], [-121.9255, 41.5295], [-121.9244, 41.5295], [-121.9249, 41.5317]], [[-121.9316, 41.5286], [-121.9312, 41.5289], [-121.9312, 41.5286], [-121.9316, 41.5286]], [[-121.9301, 41.5276], [-121.9294, 41.5281], [-121.9294, 41.5278], [-121.9301, 41.5276]], [[-121.9323, 41.5267], [-121.9319, 41.527], [-121.9319, 41.5267], [-121.9323, 41.5267]], [[-121.9297, 41.5257], [-121.9294, 41.5259], [-121.9294, 41.5257], [-121.9297, 41.5257]], [[-121.9286, 41.5251], [-121.9279, 41.5257], [-121.9276, 41.5252], [-121.9286, 41.5251]], [[-121.9282, 41.5243], [-121.9279, 41.5249], [-121.9279, 41.5243], [-121.9282, 41.5243]]], [[[-121.8646, 41.5223], [-121.8643, 41.5215], [-121.8632, 41.5221], [-121.8632, 41.5223], [-121.8646, 41.5223]]], [[[-121.8995, 41.5218], [-121.9002, 41.5215], [-121.9002, 41.521], [-121.8991, 41.5213], [-121.8995, 41.5218]]], [[[-121.8618, 41.5232], [-121.8628, 41.5215], [-121.8614, 41.521], [-121.8603, 41.5227], [-121.8618, 41.5232]]], [[[-121.8826, 41.5207], [-121.8825, 41.5196], [-121.8818, 41.5191], [-121.8815, 41.5199], [-121.8826, 41.5207]]], [[[-121.9863, 41.5186], [-121.9866, 41.518], [-121.9855, 41.5175], [-121.9852, 41.518], [-121.9863, 41.5186]]], [[[-121.9472, 41.5197], [-121.9471, 41.5192], [-121.9496, 41.5181], [-121.9482, 41.5178], [-121.9482, 41.5186], [-121.9468, 41.5184], [-121.9457, 41.5189], [-121.9472, 41.5197]]], [[[-121.9113, 41.52], [-121.9123, 41.5192], [-121.9123, 41.5178], [-121.9112, 41.5184], [-121.9113, 41.52]]], [[[-121.9582, 41.5177], [-121.9586, 41.5171], [-121.9575, 41.5166], [-121.9575, 41.5171], [-121.9582, 41.5177]]], [[[-121.8815, 41.5207], [-121.8807, 41.5196], [-121.8789, 41.5197], [-121.88, 41.518], [-121.8807, 41.518], [-121.8803, 41.5172], [-121.881, 41.5167], [-121.8799, 41.5172], [-121.8785, 41.5167], [-121.8782, 41.5181], [-121.8778, 41.5175], [-121.8767, 41.5181], [-121.8772, 41.5202], [-121.8815, 41.5207]], [[-121.8804, 41.5199], [-121.88, 41.5202], [-121.88, 41.5199], [-121.8804, 41.5199]], [[-121.8789, 41.5186], [-121.8786, 41.5191], [-121.8785, 41.5186], [-121.8789, 41.5186]]], [[[-121.8742, 41.5162], [-121.8742, 41.5154], [-121.8727, 41.5157], [-121.8727, 41.5162], [-121.8742, 41.5162]]], [[[-121.8745, 41.5151], [-121.8756, 41.5157], [-121.8756, 41.5143], [-121.8745, 41.5151]]], [[[-121.8766, 41.5143], [-121.8777, 41.5135], [-121.8773, 41.5127], [-121.8755, 41.5132], [-121.8766, 41.5143]]], [[[-121.8777, 41.5118], [-121.8783, 41.511], [-121.8766, 41.5111], [-121.8766, 41.5119], [-121.8777, 41.5118]]], [[[-121.943, 41.5111], [-121.9447, 41.5097], [-121.9444, 41.5092], [-121.9429, 41.5092], [-121.943, 41.5111]]], [[[-121.8912, 41.5206], [-121.8911, 41.5184], [-121.889, 41.5193], [-121.8886, 41.5182], [-121.8897, 41.5182], [-121.8897, 41.5176], [-121.8911, 41.5179], [-121.8912, 41.5097], [-121.8884, 41.5103], [-121.888, 41.5095], [-121.8808, 41.5096], [-121.8812, 41.5113], [-121.8791, 41.511], [-121.8798, 41.5121], [-121.878, 41.5118], [-121.8777, 41.5127], [-121.8798, 41.5129], [-121.8806, 41.5137], [-121.8805, 41.5121], [-121.8813, 41.5131], [-121.8823, 41.5123], [-121.8842, 41.5142], [-121.8839, 41.5155], [-121.8828, 41.5153], [-121.8821, 41.5161], [-121.8821, 41.5175], [-121.8828, 41.5177], [-121.8832, 41.5185], [-121.8825, 41.5196], [-121.8832, 41.5193], [-121.8833, 41.5201], [-121.8843, 41.5207], [-121.8912, 41.5206]], [[-121.889, 41.5201], [-121.8879, 41.5198], [-121.8879, 41.5193], [-121.889, 41.5193], [-121.889, 41.5201]], [[-121.8896, 41.5171], [-121.8893, 41.5176], [-121.8893, 41.5171], [-121.8896, 41.5171]], [[-121.8832, 41.5174], [-121.8828, 41.5177], [-121.8828, 41.5174], [-121.8832, 41.5174]], [[-121.8896, 41.5168], [-121.8882, 41.5168], [-121.8882, 41.5166], [-121.8893, 41.516], [-121.8896, 41.5168]], [[-121.8849, 41.5158], [-121.8846, 41.5161], [-121.8846, 41.5158], [-121.8849, 41.5158]], [[-121.8856, 41.5152], [-121.8853, 41.5155], [-121.8853, 41.5152], [-121.8856, 41.5152]], [[-121.8867, 41.5139], [-121.8849, 41.5139], [-121.8838, 41.5128], [-121.8867, 41.5131], [-121.8877, 41.5125], [-121.8881, 41.513], [-121.8867, 41.5139]], [[-121.8895, 41.5119], [-121.8892, 41.5122], [-121.8891, 41.5119], [-121.8895, 41.5119]], [[-121.8819, 41.5112], [-121.8812, 41.5115], [-121.8812, 41.5113], [-121.8819, 41.5112]], [[-121.887, 41.5109], [-121.8866, 41.5112], [-121.8866, 41.5109], [-121.887, 41.5109]], [[-121.888, 41.5103], [-121.8877, 41.5106], [-121.8877, 41.5103], [-121.888, 41.5103]], [[-121.8834, 41.5107], [-121.8823, 41.5107], [-121.8823, 41.5102], [-121.8834, 41.5101], [-121.8834, 41.5107]], [[-121.8877, 41.5101], [-121.8873, 41.5103], [-121.8873, 41.5101], [-121.8877, 41.5101]], [[-121.8869, 41.5098], [-121.8859, 41.5104], [-121.8859, 41.5101], [-121.8869, 41.5098]]], [[[-121.8737, 41.5119], [-121.8748, 41.5113], [-121.8747, 41.5105], [-121.878, 41.5097], [-121.8726, 41.5098], [-121.8726, 41.5111], [-121.8737, 41.5119]]], [[[-121.9628, 41.5127], [-121.9626, 41.5076], [-121.9533, 41.5074], [-121.9533, 41.508], [-121.9547, 41.5082], [-121.9551, 41.5093], [-121.9569, 41.5096], [-121.957, 41.5104], [-121.9595, 41.5106], [-121.9588, 41.5109], [-121.9599, 41.5114], [-121.9591, 41.5117], [-121.9595, 41.5128], [-121.9606, 41.5122], [-121.9628, 41.5127]], [[-121.9587, 41.5098], [-121.958, 41.5104], [-121.958, 41.5098], [-121.9587, 41.5098]]], [[[-121.8629, 41.5096], [-121.8621, 41.5086], [-121.8582, 41.5092], [-121.8582, 41.5097], [-121.8629, 41.5096]]], [[[-121.9687, 41.5083], [-121.9687, 41.5072], [-121.9669, 41.5067], [-121.9676, 41.5072], [-121.9673, 41.508], [-121.9687, 41.5083]]], [[[-121.8726, 41.5098], [-121.8726, 41.5092], [-121.8715, 41.5092], [-121.8722, 41.5081], [-121.8711, 41.5079], [-121.8708, 41.5095], [-121.8726, 41.5098]]], [[[-121.9669, 41.508], [-121.9658, 41.5059], [-121.9651, 41.5062], [-121.9647, 41.5056], [-121.9641, 41.5078], [-121.9669, 41.508]]], [[[-121.9749, 41.509], [-121.9738, 41.5082], [-121.9741, 41.5077], [-121.973, 41.5074], [-121.973, 41.5063], [-121.9716, 41.5064], [-121.9715, 41.5055], [-121.9708, 41.5066], [-121.9701, 41.5058], [-121.969, 41.5061], [-121.9691, 41.508], [-121.9698, 41.5085], [-121.9749, 41.509]], [[-121.973, 41.5077], [-121.9727, 41.5082], [-121.9727, 41.5077], [-121.973, 41.5077]], [[-121.9727, 41.5074], [-121.9723, 41.5077], [-121.9723, 41.5074], [-121.9727, 41.5074]], [[-121.9723, 41.5072], [-121.9719, 41.5074], [-121.9719, 41.5072], [-121.9723, 41.5072]]], [[[-121.9299, 41.5067], [-121.9299, 41.5062], [-121.9303, 41.5059], [-121.9292, 41.5062], [-121.9299, 41.5067]]], [[[-121.9411, 41.5076], [-121.9403, 41.5071], [-121.9421, 41.5063], [-121.9374, 41.5042], [-121.9396, 41.5066], [-121.9393, 41.5077], [-121.9411, 41.5076]]], [[[-121.8639, 41.5085], [-121.8639, 41.5077], [-121.8653, 41.5077], [-121.8653, 41.5066], [-121.866, 41.5066], [-121.8653, 41.5053], [-121.8635, 41.5058], [-121.8635, 41.5069], [-121.8621, 41.5069], [-121.8621, 41.5086], [-121.8639, 41.5085]], [[-121.8653, 41.5055], [-121.8649, 41.5058], [-121.8649, 41.5055], [-121.8653, 41.5055]]], [[[-121.9779, 41.5038], [-121.9783, 41.5033], [-121.9765, 41.5033], [-121.9765, 41.5036], [-121.9779, 41.5038]]], [[[-121.8984, 41.5096], [-121.8984, 41.5088], [-121.8969, 41.508], [-121.8973, 41.5075], [-121.8948, 41.5075], [-121.8944, 41.5062], [-121.8933, 41.5059], [-121.8922, 41.5043], [-121.8911, 41.5043], [-121.8912, 41.5097], [-121.8955, 41.5097], [-121.8959, 41.5091], [-121.8984, 41.5096]], [[-121.8977, 41.5086], [-121.8973, 41.5088], [-121.8973, 41.5086], [-121.8977, 41.5086]], [[-121.8922, 41.5046], [-121.8918, 41.5051], [-121.8918, 41.5046], [-121.8922, 41.5046]]], [[[-121.9421, 41.5055], [-121.941, 41.5044], [-121.9431, 41.5041], [-121.9435, 41.5033], [-121.9424, 41.5027], [-121.9392, 41.5031], [-121.9407, 41.5052], [-121.9421, 41.5055]], [[-121.9431, 41.5033], [-121.9428, 41.5036], [-121.9428, 41.5033], [-121.9431, 41.5033]]], [[[-121.8707, 41.5082], [-121.8711, 41.5076], [-121.8722, 41.5076], [-121.8721, 41.5071], [-121.8707, 41.5071], [-121.8688, 41.5044], [-121.867, 41.5036], [-121.8656, 41.5055], [-121.8671, 41.5055], [-121.8667, 41.5044], [-121.8681, 41.5047], [-121.8685, 41.5066], [-121.87, 41.5066], [-121.8707, 41.5082]], [[-121.8692, 41.5052], [-121.8689, 41.5055], [-121.8689, 41.5052], [-121.8692, 41.5052]]], [[[-121.9818, 41.514], [-121.9865, 41.5129], [-121.9864, 41.5121], [-121.9872, 41.5121], [-121.9868, 41.5126], [-121.9886, 41.512], [-121.9882, 41.5107], [-121.9871, 41.5107], [-121.9878, 41.5099], [-121.986, 41.5102], [-121.9867, 41.5085], [-121.986, 41.5086], [-121.9863, 41.508], [-121.9841, 41.5062], [-121.9859, 41.5061], [-121.9866, 41.5058], [-121.9862, 41.505], [-121.9873, 41.505], [-121.9877, 41.5056], [-121.987, 41.5056], [-121.9863, 41.5075], [-121.9888, 41.5082], [-121.9885, 41.5091], [-121.9889, 41.5091], [-121.9892, 41.5093], [-121.9892, 41.5099], [-121.99, 41.5101], [-121.9907, 41.5098], [-121.9903, 41.509], [-121.9917, 41.5087], [-121.9917, 41.5079], [-121.9928, 41.509], [-121.9931, 41.5071], [-121.9945, 41.5068], [-121.9934, 41.5044], [-121.9927, 41.5044], [-121.9924, 41.5055], [-121.9923, 41.5047], [-121.9887, 41.5045], [-121.9891, 41.5036], [-121.988, 41.5037], [-121.9872, 41.5012], [-121.9869, 41.5018], [-121.9858, 41.5013], [-121.9862, 41.5029], [-121.9855, 41.5034], [-121.9862, 41.5034], [-121.9862, 41.504], [-121.9848, 41.5037], [-121.9823, 41.5046], [-121.982, 41.5073], [-121.9827, 41.5086], [-121.982, 41.5092], [-121.9818, 41.5127], [-121.9818, 41.514]], [[-121.9843, 41.5124], [-121.9839, 41.5126], [-121.9839, 41.5124], [-121.9843, 41.5124]], [[-121.9875, 41.5115], [-121.9871, 41.5118], [-121.9871, 41.5115], [-121.9875, 41.5115]], [[-121.9835, 41.511], [-121.9832, 41.5116], [-121.9828, 41.511], [-121.9835, 41.511]], [[-121.9839, 41.5105], [-121.9835, 41.5108], [-121.9835, 41.5105], [-121.9839, 41.5105]], [[-121.9857, 41.5102], [-121.9853, 41.5105], [-121.9853, 41.5102], [-121.9857, 41.5102]], [[-121.9896, 41.509], [-121.9892, 41.5093], [-121.9892, 41.509], [-121.9896, 41.509]], [[-121.9842, 41.5091], [-121.9838, 41.5094], [-121.9838, 41.5091], [-121.9842, 41.5091]], [[-121.9896, 41.5085], [-121.9892, 41.5088], [-121.9892, 41.5085], [-121.9896, 41.5085]], [[-121.986, 41.5086], [-121.9856, 41.5088], [-121.9856, 41.5086], [-121.986, 41.5086]], [[-121.9842, 41.5083], [-121.9838, 41.5086], [-121.9838, 41.5083], [-121.9842, 41.5083]], [[-121.9845, 41.5083], [-121.9834, 41.5078], [-121.9841, 41.5072], [-121.9827, 41.507], [-121.983, 41.5064], [-121.9849, 41.507], [-121.9845, 41.5083]], [[-121.9888, 41.5069], [-121.9885, 41.5072], [-121.9884, 41.5069], [-121.9888, 41.5069]], [[-121.9881, 41.5066], [-121.9877, 41.5069], [-121.9877, 41.5066], [-121.9881, 41.5066]], [[-121.9906, 41.5058], [-121.9902, 41.5061], [-121.9902, 41.5058], [-121.9906, 41.5058]], [[-121.9884, 41.505], [-121.988, 41.5053], [-121.988, 41.505], [-121.9884, 41.505]], [[-121.9859, 41.5045], [-121.9855, 41.5048], [-121.9855, 41.5045], [-121.9859, 41.5045]], [[-121.9841, 41.5045], [-121.9837, 41.5048], [-121.9837, 41.5045], [-121.9841, 41.5045]], [[-121.9873, 41.5042], [-121.9866, 41.5042], [-121.9869, 41.5034], [-121.9873, 41.5034], [-121.9873, 41.5042]], [[-121.9865, 41.5031], [-121.9862, 41.5034], [-121.9862, 41.5031], [-121.9865, 41.5031]]], [[[-121.9908, 41.5015], [-121.9904, 41.5006], [-121.9893, 41.5007], [-121.9901, 41.5015], [-121.9908, 41.5015]]], [[[-121.8986, 41.5026], [-121.8989, 41.5012], [-121.8978, 41.5013], [-121.8971, 41.5024], [-121.8986, 41.5026]], [[-121.8986, 41.5021], [-121.8979, 41.5023], [-121.8979, 41.5021], [-121.8986, 41.5021]]], [[[-121.9962, 41.5003], [-121.9961, 41.4989], [-121.9958, 41.4989], [-121.9954, 41.5003], [-121.9962, 41.5003]]], [[[-121.9685, 41.501], [-121.9692, 41.5002], [-121.9682, 41.5002], [-121.9678, 41.4994], [-121.9678, 41.5007], [-121.9685, 41.501]]], [[[-121.9797, 41.5032], [-121.9804, 41.5022], [-121.9811, 41.5024], [-121.9811, 41.5016], [-121.979, 41.5014], [-121.9789, 41.5003], [-121.9778, 41.5], [-121.9782, 41.4989], [-121.9775, 41.4995], [-121.9764, 41.499], [-121.976, 41.4995], [-121.9746, 41.4993], [-121.9746, 41.4998], [-121.9761, 41.5001], [-121.9757, 41.5009], [-121.9746, 41.5001], [-121.9732, 41.5006], [-121.9717, 41.5001], [-121.9732, 41.502], [-121.9775, 41.5022], [-121.9782, 41.5016], [-121.9793, 41.5024], [-121.9797, 41.5016], [-121.9797, 41.5027], [-121.9786, 41.503], [-121.9797, 41.5032]], [[-121.9772, 41.5014], [-121.9768, 41.5017], [-121.9768, 41.5014], [-121.9772, 41.5014]], [[-121.9771, 41.5009], [-121.9764, 41.5011], [-121.9764, 41.5009], [-121.9771, 41.5009]], [[-121.9739, 41.5009], [-121.9736, 41.5012], [-121.9736, 41.5009], [-121.9739, 41.5009]], [[-121.9768, 41.4995], [-121.976, 41.4998], [-121.976, 41.4995], [-121.9768, 41.4995]]], [[[-121.9696, 41.5002], [-121.971, 41.4996], [-121.9692, 41.4988], [-121.9696, 41.5002]]], [[[-121.9819, 41.504], [-121.983, 41.5032], [-121.984, 41.5037], [-121.9855, 41.5032], [-121.9854, 41.5023], [-121.9847, 41.5018], [-121.9836, 41.5016], [-121.9826, 41.5024], [-121.9826, 41.5016], [-121.9858, 41.501], [-121.9868, 41.4999], [-121.9868, 41.4983], [-121.9857, 41.4994], [-121.9843, 41.4997], [-121.984, 41.5007], [-121.9822, 41.5008], [-121.9822, 41.5002], [-121.9807, 41.5], [-121.9822, 41.5021], [-121.9815, 41.5024], [-121.9822, 41.5032], [-121.9812, 41.503], [-121.9819, 41.504]], [[-121.9851, 41.5024], [-121.9847, 41.5026], [-121.9847, 41.5024], [-121.9851, 41.5024]], [[-121.9854, 41.5005], [-121.985, 41.5007], [-121.985, 41.5005], [-121.9854, 41.5005]], [[-121.9857, 41.4996], [-121.9854, 41.4999], [-121.9854, 41.4996], [-121.9857, 41.4996]]], [[[-121.9717, 41.4999], [-121.9742, 41.4995], [-121.9731, 41.4982], [-121.9717, 41.499], [-121.9717, 41.4999]]], [[[-121.9919, 41.5004], [-121.9918, 41.4985], [-121.9911, 41.4977], [-121.9911, 41.4985], [-121.99, 41.4982], [-121.9897, 41.4988], [-121.99, 41.4996], [-121.9911, 41.4987], [-121.9915, 41.4995], [-121.9904, 41.5001], [-121.9919, 41.5004]]], [[[-121.9896, 41.4985], [-121.9889, 41.4977], [-121.9882, 41.4977], [-121.9886, 41.4985], [-121.9896, 41.4985]]], [[[-121.9688, 41.4991], [-121.9688, 41.498], [-121.9677, 41.4978], [-121.9678, 41.4986], [-121.9681, 41.4986], [-121.9681, 41.4991], [-121.9688, 41.4991]], [[-121.9685, 41.4983], [-121.9681, 41.4986], [-121.9681, 41.4983], [-121.9685, 41.4983]]], [[[-121.9811, 41.4997], [-121.9818, 41.4989], [-121.9814, 41.4975], [-121.9796, 41.4987], [-121.9811, 41.4997]]], [[[-121.9875, 41.498], [-121.9882, 41.4977], [-121.9882, 41.4972], [-121.9871, 41.4975], [-121.9875, 41.498]]], [[[-121.986, 41.4972], [-121.9871, 41.4975], [-121.9871, 41.4969], [-121.986, 41.4972]]], [[[-121.9896, 41.4977], [-121.991, 41.4971], [-121.9892, 41.4966], [-121.9896, 41.4977]]], [[[-121.9857, 41.4969], [-121.9864, 41.4964], [-121.9871, 41.4961], [-121.9856, 41.4961], [-121.9857, 41.4969]]], [[[-121.9742, 41.4985], [-121.9738, 41.4971], [-121.9713, 41.4961], [-121.9709, 41.4969], [-121.9742, 41.4985]]], [[[-121.9699, 41.4966], [-121.9709, 41.4966], [-121.9709, 41.4961], [-121.9699, 41.4966]]], [[[-121.9699, 41.4975], [-121.9695, 41.4966], [-121.9702, 41.4958], [-121.9688, 41.4961], [-121.968, 41.4956], [-121.9677, 41.4975], [-121.9684, 41.4969], [-121.9699, 41.4975]]], [[[-121.977, 41.4965], [-121.9763, 41.4952], [-121.9756, 41.4957], [-121.9745, 41.4952], [-121.9748, 41.4949], [-121.9745, 41.4944], [-121.9741, 41.4947], [-121.9745, 41.496], [-121.977, 41.4965]]], [[[-121.8909, 41.4968], [-121.892, 41.4959], [-121.8909, 41.4954], [-121.8909, 41.4968]]], [[[-121.9946, 41.4957], [-121.9949, 41.4946], [-121.9938, 41.4938], [-121.9938, 41.4946], [-121.9928, 41.4944], [-121.9928, 41.4952], [-121.9946, 41.4957]]], [[[-121.9852, 41.4945], [-121.9848, 41.4937], [-121.9841, 41.4937], [-121.9842, 41.4945], [-121.9852, 41.4945]]], [[[-121.973, 41.495], [-121.9727, 41.4942], [-121.9734, 41.4936], [-121.9719, 41.4934], [-121.9719, 41.4944], [-121.973, 41.495]]], [[[-121.9999, 41.4935], [-122.0006, 41.4921], [-121.9988, 41.4921], [-121.9988, 41.4929], [-121.9999, 41.4935]]], [[[-121.9995, 41.4913], [-121.9998, 41.4908], [-121.9984, 41.4905], [-121.9984, 41.4911], [-121.9995, 41.4913]]], [[[-121.8832, 41.4909], [-121.8835, 41.4898], [-121.8828, 41.4896], [-121.8821, 41.4907], [-121.8832, 41.4909]]], [[[-121.914, 41.4894], [-121.914, 41.4886], [-121.9133, 41.4883], [-121.9133, 41.4891], [-121.914, 41.4894]]], [[[-121.9195, 41.4915], [-121.9194, 41.4885], [-121.9191, 41.4896], [-121.9183, 41.4896], [-121.918, 41.4891], [-121.9169, 41.4891], [-121.9165, 41.4883], [-121.9151, 41.488], [-121.9158, 41.4896], [-121.9165, 41.4893], [-121.9169, 41.4899], [-121.9159, 41.4915], [-121.9173, 41.4915], [-121.9176, 41.4904], [-121.9195, 41.4915]], [[-121.9187, 41.4901], [-121.9184, 41.4904], [-121.9184, 41.4901], [-121.9187, 41.4901]], [[-121.918, 41.4893], [-121.9176, 41.4899], [-121.9176, 41.4893], [-121.918, 41.4893]]], [[[-121.9208, 41.4885], [-121.9208, 41.4879], [-121.9194, 41.4882], [-121.9194, 41.4885], [-121.9208, 41.4885]]], [[[-121.8789, 41.4894], [-121.8777, 41.488], [-121.8763, 41.4881], [-121.8767, 41.4891], [-121.8789, 41.4894]]], [[[-121.8821, 41.4885], [-121.882, 41.4874], [-121.881, 41.4875], [-121.881, 41.488], [-121.8821, 41.4885]]], [[[-121.8911, 41.4892], [-121.891, 41.4873], [-121.8899, 41.487], [-121.8885, 41.4879], [-121.8871, 41.4874], [-121.8874, 41.4882], [-121.8892, 41.4881], [-121.8896, 41.4889], [-121.8907, 41.4887], [-121.8911, 41.4892]]], [[[-121.9951, 41.4865], [-121.9954, 41.486], [-121.994, 41.4857], [-121.9939, 41.4852], [-121.9922, 41.486], [-121.9951, 41.4865]]], [[[-121.919, 41.4869], [-121.919, 41.4861], [-121.9179, 41.4861], [-121.9179, 41.4866], [-121.919, 41.4869]]], [[[-121.9825, 41.4875], [-121.9858, 41.4877], [-121.9843, 41.4872], [-121.9843, 41.4867], [-121.9854, 41.4867], [-121.985, 41.4856], [-121.9835, 41.4856], [-121.9835, 41.4848], [-121.9824, 41.4845], [-121.9818, 41.4867], [-121.9829, 41.487], [-121.9825, 41.4875]], [[-121.9832, 41.4867], [-121.9829, 41.487], [-121.9829, 41.4867], [-121.9832, 41.4867]]], [[[-121.9897, 41.4869], [-121.9907, 41.4858], [-121.9922, 41.486], [-121.9925, 41.4855], [-121.9904, 41.4855], [-121.9903, 41.4847], [-121.9885, 41.4842], [-121.9882, 41.485], [-121.9897, 41.4869]]], [[[-121.8795, 41.4872], [-121.8802, 41.4867], [-121.878, 41.4859], [-121.8774, 41.487], [-121.8788, 41.4867], [-121.8795, 41.4872]]], [[[-121.9139, 41.4864], [-121.9139, 41.4859], [-121.9146, 41.4853], [-121.9132, 41.4856], [-121.9139, 41.4864]]], [[[-121.9832, 41.4843], [-121.9831, 41.4837], [-121.9824, 41.4835], [-121.9821, 41.4843], [-121.9832, 41.4843]]], [[[-121.8752, 41.4875], [-121.8763, 41.4862], [-121.8752, 41.4859], [-121.8744, 41.4846], [-121.8737, 41.4854], [-121.8752, 41.4875]]], [[[-121.9132, 41.4851], [-121.9135, 41.4845], [-121.9124, 41.484], [-121.9121, 41.4845], [-121.9132, 41.4851]]], [[[-121.9867, 41.4831], [-121.9863, 41.4826], [-121.9853, 41.4829], [-121.9853, 41.4831], [-121.9867, 41.4831]]], [[[-121.9207, 41.4823], [-121.921, 41.4825], [-121.9217, 41.4817], [-121.921, 41.4817], [-121.9207, 41.4823]]], [[[-121.9164, 41.4826], [-121.9167, 41.4815], [-121.9156, 41.4812], [-121.9153, 41.4818], [-121.916, 41.4821], [-121.9153, 41.4823], [-121.9164, 41.4826]]], [[[-121.9225, 41.4852], [-121.9229, 41.4847], [-121.924, 41.4849], [-121.9235, 41.48], [-121.9224, 41.4806], [-121.9228, 41.4811], [-121.921, 41.4833], [-121.9207, 41.4828], [-121.9189, 41.4834], [-121.9189, 41.485], [-121.92, 41.4842], [-121.9204, 41.4844], [-121.9221, 41.4841], [-121.9218, 41.4849], [-121.9225, 41.4852]], [[-121.9211, 41.4839], [-121.9207, 41.4841], [-121.9207, 41.4839], [-121.9211, 41.4839]], [[-121.9229, 41.4838], [-121.9221, 41.4839], [-121.9221, 41.4833], [-121.9225, 41.4833], [-121.9229, 41.4838]]], [[[-121.9809, 41.4792], [-121.9812, 41.4786], [-121.9801, 41.4784], [-121.9798, 41.4789], [-121.9809, 41.4792]]], [[[-121.9235, 41.4798], [-121.9234, 41.4784], [-121.9231, 41.4784], [-121.9227, 41.4798], [-121.9235, 41.4798]]], [[[-121.922, 41.4798], [-121.922, 41.479], [-121.9213, 41.479], [-121.9216, 41.4787], [-121.9213, 41.4782], [-121.9206, 41.479], [-121.922, 41.4798]]], [[[-121.8686, 41.4806], [-121.87, 41.4795], [-121.8685, 41.4787], [-121.8686, 41.4806]]], [[[-121.8782, 41.4786], [-121.8782, 41.4775], [-121.8771, 41.4772], [-121.8775, 41.478], [-121.8768, 41.4783], [-121.8782, 41.4786]]], [[[-121.8736, 41.4794], [-121.8739, 41.4778], [-121.8728, 41.4773], [-121.8725, 41.4781], [-121.8736, 41.4794]]], [[[-121.8764, 41.4781], [-121.8768, 41.4775], [-121.8757, 41.477], [-121.8753, 41.4775], [-121.8764, 41.4781]]], [[[-121.8718, 41.48], [-121.8714, 41.4787], [-121.8721, 41.4784], [-121.8724, 41.4765], [-121.8706, 41.4754], [-121.8692, 41.4752], [-121.8692, 41.4773], [-121.8696, 41.4768], [-121.8699, 41.4768], [-121.8699, 41.4773], [-121.871, 41.4773], [-121.871, 41.4784], [-121.8703, 41.4787], [-121.8699, 41.4781], [-121.87, 41.4792], [-121.8711, 41.4792], [-121.8711, 41.48], [-121.8718, 41.48]], [[-121.8717, 41.4773], [-121.8714, 41.4776], [-121.8714, 41.4773], [-121.8717, 41.4773]], [[-121.8703, 41.4765], [-121.8699, 41.4768], [-121.8699, 41.4765], [-121.8703, 41.4765]], [[-121.8706, 41.4757], [-121.8703, 41.476], [-121.8702, 41.4757], [-121.8706, 41.4757]]], [[[-121.8771, 41.4772], [-121.8774, 41.4764], [-121.8764, 41.4764], [-121.8767, 41.4753], [-121.8749, 41.4748], [-121.8749, 41.4767], [-121.8771, 41.4772]]], [[[-121.8884, 41.4711], [-121.8888, 41.4714], [-121.8899, 41.4711], [-121.8888, 41.4708], [-121.8884, 41.4711]]], [[[-121.8912, 41.4689], [-121.8905, 41.4681], [-121.8898, 41.4681], [-121.8905, 41.4689], [-121.8912, 41.4689]]], [[[-121.893, 41.4691], [-121.8941, 41.4681], [-121.8923, 41.4678], [-121.892, 41.4689], [-121.893, 41.4691]]], [[[-121.8873, 41.4706], [-121.8888, 41.4703], [-121.8887, 41.4695], [-121.8898, 41.4689], [-121.8887, 41.4687], [-121.8894, 41.4681], [-121.8876, 41.4676], [-121.8869, 41.4679], [-121.8876, 41.4684], [-121.8873, 41.4706]], [[-121.8884, 41.4695], [-121.8877, 41.4698], [-121.8877, 41.4695], [-121.8884, 41.4695]], [[-121.8883, 41.4681], [-121.888, 41.4684], [-121.888, 41.4681], [-121.8883, 41.4681]]], [[[-121.9263, 41.4778], [-121.9266, 41.477], [-121.9255, 41.4773], [-121.9255, 41.4768], [-121.927, 41.4765], [-121.9273, 41.4746], [-121.9284, 41.4756], [-121.9298, 41.4751], [-121.9294, 41.4743], [-121.928, 41.4746], [-121.929, 41.4727], [-121.9326, 41.4729], [-121.9329, 41.4723], [-121.933, 41.4731], [-121.934, 41.4731], [-121.934, 41.4712], [-121.9347, 41.4712], [-121.9362, 41.4734], [-121.9369, 41.4733], [-121.9369, 41.4717], [-121.9383, 41.4722], [-121.9426, 41.4719], [-121.9429, 41.4687], [-121.9407, 41.4682], [-121.9425, 41.4681], [-121.9425, 41.4668], [-121.94, 41.4671], [-121.9385, 41.4658], [-121.9374, 41.4658], [-121.9367, 41.4666], [-121.9342, 41.4664], [-121.9342, 41.4672], [-121.9346, 41.4672], [-121.9346, 41.4674], [-121.935, 41.4674], [-121.935, 41.4677], [-121.9343, 41.4683], [-121.9335, 41.4675], [-121.9336, 41.4691], [-121.935, 41.4685], [-121.9375, 41.4687], [-121.9382, 41.4671], [-121.9389, 41.4684], [-121.9404, 41.4687], [-121.9393, 41.4703], [-121.9379, 41.4695], [-121.9383, 41.4706], [-121.9372, 41.4715], [-121.9358, 41.4712], [-121.9358, 41.4707], [-121.9372, 41.4704], [-121.9375, 41.4693], [-121.9368, 41.469], [-121.9361, 41.469], [-121.9361, 41.4698], [-121.9347, 41.4696], [-121.9347, 41.4701], [-121.9322, 41.4707], [-121.9307, 41.4688], [-121.931, 41.4683], [-121.93, 41.468], [-121.9303, 41.4678], [-121.9299, 41.4664], [-121.9274, 41.4667], [-121.9285, 41.4683], [-121.9285, 41.4686], [-121.9275, 41.4684], [-121.9275, 41.4692], [-121.9271, 41.4684], [-121.9257, 41.4684], [-121.9264, 41.4676], [-121.9249, 41.467], [-121.9242, 41.4687], [-121.9257, 41.4697], [-121.9257, 41.4711], [-121.9243, 41.4708], [-121.9246, 41.47], [-121.9235, 41.4692], [-121.9234, 41.4776], [-121.9263, 41.4778]], [[-121.9279, 41.4732], [-121.9276, 41.4738], [-121.9272, 41.4732], [-121.9279, 41.4732]], [[-121.9272, 41.4735], [-121.9269, 41.4738], [-121.9269, 41.4735], [-121.9272, 41.4735]], [[-121.9258, 41.4722], [-121.9254, 41.4724], [-121.9254, 41.4722], [-121.9258, 41.4722]], [[-121.9405, 41.4717], [-121.9401, 41.4719], [-121.9401, 41.4717], [-121.9405, 41.4717]], [[-121.9286, 41.4719], [-121.9283, 41.4721], [-121.9283, 41.4719], [-121.9286, 41.4719]], [[-121.9354, 41.4712], [-121.9351, 41.4715], [-121.9351, 41.4712], [-121.9354, 41.4712]], [[-121.9326, 41.4715], [-121.9315, 41.4715], [-121.9315, 41.471], [-121.9322, 41.471], [-121.9326, 41.4715]], [[-121.9426, 41.4708], [-121.9419, 41.4708], [-121.9419, 41.4703], [-121.9422, 41.4703], [-121.9426, 41.4708]], [[-121.9315, 41.4707], [-121.9311, 41.471], [-121.9311, 41.4707], [-121.9315, 41.4707]], [[-121.9275, 41.4702], [-121.9272, 41.4705], [-121.9271, 41.4703], [-121.9275, 41.4702]], [[-121.9422, 41.4698], [-121.9419, 41.47], [-121.9418, 41.4698], [-121.9422, 41.4698]], [[-121.9411, 41.4692], [-121.9408, 41.4698], [-121.9408, 41.4692], [-121.9411, 41.4692]], [[-121.93, 41.4699], [-121.9293, 41.4697], [-121.9296, 41.4691], [-121.9303, 41.4691], [-121.93, 41.4699]], [[-121.9415, 41.469], [-121.9411, 41.4692], [-121.9411, 41.469], [-121.9415, 41.469]], [[-121.9293, 41.4689], [-121.9289, 41.4691], [-121.9289, 41.4689], [-121.9293, 41.4689]], [[-121.9296, 41.4683], [-121.9293, 41.4686], [-121.9292, 41.4683], [-121.9296, 41.4683]], [[-121.9364, 41.4679], [-121.9357, 41.4682], [-121.9357, 41.468], [-121.9364, 41.4679]], [[-121.9292, 41.4683], [-121.9285, 41.4683], [-121.9285, 41.4678], [-121.9289, 41.4678], [-121.9292, 41.4683]], [[-121.9371, 41.4674], [-121.9368, 41.4677], [-121.9368, 41.4674], [-121.9371, 41.4674]], [[-121.9357, 41.4674], [-121.9353, 41.4677], [-121.9353, 41.4674], [-121.9357, 41.4674]], [[-121.9299, 41.4675], [-121.9296, 41.4678], [-121.9296, 41.4675], [-121.9299, 41.4675]], [[-121.9414, 41.4671], [-121.9407, 41.4673], [-121.9407, 41.4671], [-121.9414, 41.4671]], [[-121.9353, 41.4672], [-121.935, 41.4674], [-121.935, 41.4672], [-121.9353, 41.4672]]], [[[-121.8898, 41.4841], [-121.8913, 41.4835], [-121.8912, 41.4811], [-121.8976, 41.4807], [-121.8976, 41.4802], [-121.9001, 41.4801], [-121.9001, 41.4796], [-121.9012, 41.4804], [-121.9037, 41.4801], [-121.9037, 41.4795], [-121.9026, 41.4798], [-121.9026, 41.4793], [-121.9008, 41.4793], [-121.9008, 41.4788], [-121.8994, 41.4785], [-121.9001, 41.478], [-121.8993, 41.4769], [-121.9, 41.4763], [-121.9011, 41.4769], [-121.9011, 41.4747], [-121.9032, 41.4747], [-121.9039, 41.473], [-121.9025, 41.4731], [-121.9025, 41.4741], [-121.9014, 41.4742], [-121.9018, 41.4736], [-121.9003, 41.4736], [-121.9003, 41.4731], [-121.9, 41.4731], [-121.8996, 41.4723], [-121.8989, 41.472], [-121.8984, 41.4696], [-121.897, 41.4691], [-121.8952, 41.4697], [-121.8952, 41.4691], [-121.8959, 41.4683], [-121.897, 41.4688], [-121.8973, 41.4683], [-121.8998, 41.4685], [-121.8999, 41.4696], [-121.8988, 41.4693], [-121.8992, 41.4709], [-121.9003, 41.4723], [-121.9021, 41.4728], [-121.9017, 41.4723], [-121.9035, 41.4717], [-121.902, 41.4706], [-121.9042, 41.4698], [-121.9034, 41.4695], [-121.9042, 41.469], [-121.9041, 41.4663], [-121.8994, 41.4663], [-121.8994, 41.4669], [-121.8991, 41.4664], [-121.8973, 41.4664], [-121.8962, 41.4669], [-121.8966, 41.4675], [-121.8941, 41.4691], [-121.8949, 41.4707], [-121.8916, 41.4708], [-121.891, 41.4719], [-121.8917, 41.4735], [-121.8924, 41.4732], [-121.8925, 41.4743], [-121.8935, 41.4746], [-121.8925, 41.4751], [-121.8925, 41.4762], [-121.8879, 41.4768], [-121.8875, 41.4779], [-121.8868, 41.4776], [-121.8871, 41.4771], [-121.8864, 41.4776], [-121.8854, 41.4774], [-121.8857, 41.4763], [-121.8828, 41.4755], [-121.8838, 41.4733], [-121.8824, 41.4731], [-121.8824, 41.4726], [-121.8842, 41.4731], [-121.8852, 41.4725], [-121.8849, 41.4717], [-121.8831, 41.472], [-121.883, 41.4712], [-121.8845, 41.4712], [-121.8841, 41.4698], [-121.883, 41.4707], [-121.8812, 41.4693], [-121.8802, 41.4712], [-121.8787, 41.4707], [-121.8791, 41.4715], [-121.8805, 41.4718], [-121.8802, 41.4726], [-121.8784, 41.4723], [-121.8784, 41.4707], [-121.8776, 41.4705], [-121.8769, 41.4707], [-121.8777, 41.4713], [-121.8773, 41.4721], [-121.8762, 41.4716], [-121.8755, 41.4721], [-121.8752, 41.4713], [-121.8734, 41.4721], [-121.8734, 41.4711], [-121.8712, 41.4697], [-121.8711, 41.4687], [-121.87, 41.4679], [-121.8686, 41.4682], [-121.8682, 41.4668], [-121.8664, 41.4666], [-121.8665, 41.4687], [-121.8658, 41.469], [-121.8655, 41.4712], [-121.8647, 41.4709], [-121.8658, 41.472], [-121.8655, 41.4736], [-121.867, 41.4739], [-121.8674, 41.4749], [-121.8695, 41.4744], [-121.8695, 41.4749], [-121.8717, 41.4757], [-121.872, 41.4749], [-121.8724, 41.4749], [-121.8727, 41.4754], [-121.8738, 41.4751], [-121.8738, 41.4732], [-121.8727, 41.4732], [-121.8727, 41.4727], [-121.8748, 41.4724], [-121.8759, 41.4732], [-121.8763, 41.4751], [-121.8778, 41.4753], [-121.8774, 41.4761], [-121.8796, 41.4777], [-121.8768, 41.4799], [-121.8757, 41.4797], [-121.8764, 41.4786], [-121.875, 41.4794], [-121.8743, 41.4792], [-121.8743, 41.4797], [-121.8736, 41.4794], [-121.8743, 41.4802], [-121.8732, 41.4808], [-121.874, 41.4821], [-121.8794, 41.4826], [-121.8787, 41.4837], [-121.8812, 41.4837], [-121.8812, 41.4842], [-121.8823, 41.4831], [-121.8823, 41.4839], [-121.8834, 41.4842], [-121.8834, 41.4831], [-121.8819, 41.482], [-121.8833, 41.4817], [-121.8833, 41.4807], [-121.8847, 41.4806], [-121.8858, 41.4817], [-121.8873, 41.4814], [-121.8873, 41.4825], [-121.8898, 41.4841]], [[-121.8883, 41.4819], [-121.888, 41.4822], [-121.888, 41.4819], [-121.8883, 41.4819]], [[-121.8826, 41.4812], [-121.8822, 41.4815], [-121.8822, 41.4812], [-121.8826, 41.4812]], [[-121.8811, 41.481], [-121.8804, 41.4812], [-121.8804, 41.481], [-121.8811, 41.481]], [[-121.8768, 41.4808], [-121.8765, 41.4813], [-121.8765, 41.4808], [-121.8768, 41.4808]], [[-121.8758, 41.481], [-121.8754, 41.4813], [-121.8754, 41.481], [-121.8758, 41.481]], [[-121.8933, 41.4805], [-121.893, 41.4808], [-121.893, 41.4805], [-121.8933, 41.4805]], [[-121.8876, 41.48], [-121.8872, 41.4806], [-121.8872, 41.4801], [-121.8876, 41.48]], [[-121.8768, 41.4802], [-121.8765, 41.4805], [-121.8765, 41.4802], [-121.8768, 41.4802]], [[-121.8879, 41.4798], [-121.8876, 41.48], [-121.8876, 41.4798], [-121.8879, 41.4798]], [[-121.8793, 41.4799], [-121.879, 41.4802], [-121.879, 41.4799], [-121.8793, 41.4799]], [[-121.8772, 41.4799], [-121.8768, 41.4802], [-121.8768, 41.4799], [-121.8772, 41.4799]], [[-121.8976, 41.4794], [-121.8973, 41.4796], [-121.8973, 41.4794], [-121.8976, 41.4794]], [[-121.8944, 41.4794], [-121.8937, 41.4797], [-121.8937, 41.4794], [-121.8944, 41.4794]], [[-121.8822, 41.4796], [-121.8818, 41.4799], [-121.8818, 41.4796], [-121.8822, 41.4796]], [[-121.8911, 41.4789], [-121.8908, 41.4795], [-121.8904, 41.4789], [-121.8911, 41.4789]], [[-121.8897, 41.4789], [-121.889, 41.4795], [-121.889, 41.4789], [-121.8897, 41.4789]], [[-121.8815, 41.4793], [-121.8811, 41.4796], [-121.8811, 41.4793], [-121.8815, 41.4793]], [[-121.8868, 41.479], [-121.8865, 41.4793], [-121.8865, 41.479], [-121.8868, 41.479]], [[-121.8843, 41.4793], [-121.8829, 41.4793], [-121.8829, 41.4788], [-121.8836, 41.4788], [-121.8843, 41.4793]], [[-121.8944, 41.4786], [-121.8937, 41.4789], [-121.8936, 41.4786], [-121.8944, 41.4786]], [[-121.8904, 41.4787], [-121.8901, 41.4789], [-121.8901, 41.4787], [-121.8904, 41.4787]], [[-121.8811, 41.4788], [-121.8804, 41.4791], [-121.8804, 41.4788], [-121.8811, 41.4788]], [[-121.8983, 41.4783], [-121.8976, 41.4785], [-121.8976, 41.4783], [-121.8983, 41.4783]], [[-121.8918, 41.4781], [-121.8915, 41.4784], [-121.8915, 41.4781], [-121.8918, 41.4781]], [[-121.8879, 41.4784], [-121.8872, 41.4784], [-121.8872, 41.4779], [-121.8875, 41.4779], [-121.8879, 41.4784]], [[-121.8843, 41.4785], [-121.8829, 41.4785], [-121.8829, 41.4782], [-121.8843, 41.4779], [-121.8843, 41.4785]], [[-121.8804, 41.4783], [-121.88, 41.4785], [-121.88, 41.4783], [-121.8804, 41.4783]], [[-121.8915, 41.4781], [-121.89, 41.4781], [-121.89, 41.4778], [-121.8915, 41.4776], [-121.8915, 41.4781]], [[-121.8958, 41.4775], [-121.8943, 41.4772], [-121.8943, 41.4767], [-121.8936, 41.477], [-121.8928, 41.4756], [-121.8939, 41.4756], [-121.8958, 41.4775]], [[-121.8839, 41.4774], [-121.8836, 41.4777], [-121.8836, 41.4774], [-121.8839, 41.4774]], [[-121.8828, 41.4771], [-121.8825, 41.4777], [-121.8825, 41.4772], [-121.8828, 41.4771]], [[-121.88, 41.4775], [-121.8796, 41.4777], [-121.8796, 41.4775], [-121.88, 41.4775]], [[-121.8986, 41.4766], [-121.8983, 41.4772], [-121.8979, 41.4766], [-121.8986, 41.4766]], [[-121.8993, 41.4766], [-121.899, 41.4769], [-121.899, 41.4766], [-121.8993, 41.4766]], [[-121.8796, 41.4764], [-121.8792, 41.4767], [-121.8792, 41.4764], [-121.8796, 41.4764]], [[-121.8839, 41.476], [-121.8835, 41.4763], [-121.8835, 41.4761], [-121.8839, 41.476]], [[-121.881, 41.4761], [-121.8796, 41.475], [-121.8778, 41.4753], [-121.8777, 41.4742], [-121.8785, 41.4742], [-121.8792, 41.4737], [-121.8799, 41.4745], [-121.8813, 41.4747], [-121.881, 41.4761]], [[-121.8789, 41.4756], [-121.8785, 41.4759], [-121.8785, 41.4756], [-121.8789, 41.4756]], [[-121.8824, 41.4753], [-121.8821, 41.4755], [-121.8821, 41.4753], [-121.8824, 41.4753]], [[-121.8986, 41.4745], [-121.8982, 41.4748], [-121.8982, 41.4745], [-121.8986, 41.4745]], [[-121.8727, 41.4746], [-121.8724, 41.4749], [-121.8724, 41.4746], [-121.8727, 41.4746]], [[-121.881, 41.4739], [-121.8803, 41.4742], [-121.8802, 41.4739], [-121.881, 41.4739]], [[-121.8702, 41.4741], [-121.8699, 41.4744], [-121.8698, 41.4741], [-121.8702, 41.4741]], [[-121.8942, 41.4735], [-121.8939, 41.4737], [-121.8939, 41.4735], [-121.8942, 41.4735]], [[-121.8784, 41.4737], [-121.8777, 41.474], [-121.8777, 41.4737], [-121.8784, 41.4737]], [[-121.8716, 41.4738], [-121.8713, 41.4741], [-121.8713, 41.4738], [-121.8716, 41.4738]], [[-121.8731, 41.4735], [-121.8727, 41.4738], [-121.8727, 41.4735], [-121.8731, 41.4735]], [[-121.8716, 41.473], [-121.8706, 41.4738], [-121.8709, 41.473], [-121.8716, 41.473]], [[-121.8684, 41.4736], [-121.868, 41.4738], [-121.868, 41.4736], [-121.8684, 41.4736]], [[-121.8949, 41.4729], [-121.8946, 41.4732], [-121.8946, 41.4729], [-121.8949, 41.4729]], [[-121.8813, 41.4734], [-121.8799, 41.4734], [-121.8799, 41.4729], [-121.8806, 41.4726], [-121.8816, 41.4726], [-121.8813, 41.4734]], [[-121.8795, 41.4731], [-121.8792, 41.4734], [-121.8791, 41.4731], [-121.8795, 41.4731]], [[-121.8691, 41.4733], [-121.8688, 41.4736], [-121.8687, 41.4733], [-121.8691, 41.4733]], [[-121.8673, 41.4736], [-121.8658, 41.4714], [-121.8665, 41.4709], [-121.8661, 41.4696], [-121.8676, 41.4701], [-121.8669, 41.4712], [-121.8676, 41.4712], [-121.8673, 41.4725], [-121.868, 41.473], [-121.8673, 41.4736]], [[-121.8956, 41.4726], [-121.8949, 41.4729], [-121.8949, 41.4726], [-121.8956, 41.4726]], [[-121.8946, 41.4726], [-121.8942, 41.4729], [-121.8942, 41.4726], [-121.8946, 41.4726]], [[-121.8784, 41.4729], [-121.8774, 41.4732], [-121.8773, 41.4726], [-121.8784, 41.4729]], [[-121.877, 41.4729], [-121.8766, 41.4732], [-121.8766, 41.4729], [-121.877, 41.4729]], [[-121.8992, 41.4723], [-121.8989, 41.4726], [-121.8989, 41.4723], [-121.8992, 41.4723]], [[-121.8705, 41.473], [-121.8698, 41.473], [-121.8702, 41.4722], [-121.8705, 41.4722], [-121.8705, 41.473]], [[-121.8824, 41.4723], [-121.8816, 41.4726], [-121.8816, 41.4723], [-121.8824, 41.4723]], [[-121.8942, 41.4718], [-121.8938, 41.4721], [-121.8938, 41.4718], [-121.8942, 41.4718]], [[-121.878, 41.4721], [-121.8777, 41.4724], [-121.8777, 41.4721], [-121.878, 41.4721]], [[-121.901, 41.4715], [-121.9006, 41.4717], [-121.9006, 41.4715], [-121.901, 41.4715]], [[-121.882, 41.4715], [-121.8816, 41.472], [-121.8816, 41.4715], [-121.882, 41.4715]], [[-121.8813, 41.4718], [-121.8809, 41.472], [-121.8809, 41.4718], [-121.8813, 41.4718]], [[-121.8752, 41.4719], [-121.8748, 41.4721], [-121.8748, 41.4719], [-121.8752, 41.4719]], [[-121.873, 41.4719], [-121.8727, 41.4722], [-121.8727, 41.4719], [-121.873, 41.4719]], [[-121.8712, 41.4716], [-121.8705, 41.4719], [-121.8705, 41.4716], [-121.8712, 41.4716]], [[-121.8985, 41.471], [-121.8981, 41.4712], [-121.8981, 41.471], [-121.8985, 41.471]], [[-121.8938, 41.471], [-121.8935, 41.4713], [-121.8934, 41.471], [-121.8938, 41.471]], [[-121.8959, 41.4707], [-121.8956, 41.471], [-121.8956, 41.4707], [-121.8959, 41.4707]], [[-121.882, 41.4709], [-121.8812, 41.4707], [-121.8819, 41.4704], [-121.882, 41.4709]], [[-121.8827, 41.4707], [-121.8823, 41.4709], [-121.8823, 41.4707], [-121.8827, 41.4707]], [[-121.9013, 41.4701], [-121.901, 41.4704], [-121.901, 41.4701], [-121.9013, 41.4701]], [[-121.8959, 41.4705], [-121.8952, 41.4705], [-121.8952, 41.4699], [-121.8956, 41.4699], [-121.8959, 41.4705]], [[-121.8841, 41.4704], [-121.8837, 41.4706], [-121.8837, 41.4704], [-121.8841, 41.4704]], [[-121.9027, 41.4695], [-121.902, 41.4701], [-121.902, 41.4696], [-121.9027, 41.4695]], [[-121.9017, 41.4698], [-121.9013, 41.4693], [-121.9024, 41.4687], [-121.9024, 41.4693], [-121.902, 41.4693], [-121.9017, 41.4698]], [[-121.8977, 41.4696], [-121.8974, 41.4699], [-121.8974, 41.4696], [-121.8977, 41.4696]], [[-121.8712, 41.4703], [-121.8701, 41.4698], [-121.8701, 41.4692], [-121.8712, 41.4697], [-121.8712, 41.4703]], [[-121.9009, 41.469], [-121.9002, 41.4696], [-121.9002, 41.4688], [-121.9009, 41.469]], [[-121.9016, 41.4687], [-121.9013, 41.469], [-121.9013, 41.4688], [-121.9016, 41.4687]], [[-121.9013, 41.4685], [-121.9009, 41.4688], [-121.9009, 41.4685], [-121.9013, 41.4685]], [[-121.8701, 41.469], [-121.8697, 41.4692], [-121.8697, 41.469], [-121.8701, 41.469]], [[-121.9005, 41.4682], [-121.9002, 41.4685], [-121.9002, 41.4682], [-121.9005, 41.4682]], [[-121.9005, 41.4674], [-121.8998, 41.468], [-121.8998, 41.4674], [-121.9005, 41.4674]], [[-121.8998, 41.4672], [-121.8994, 41.4674], [-121.8994, 41.4672], [-121.8998, 41.4672]], [[-121.9005, 41.4669], [-121.8998, 41.4672], [-121.8998, 41.4669], [-121.9005, 41.4669]]], [[[-121.883, 41.4685], [-121.8833, 41.4677], [-121.8851, 41.4671], [-121.885, 41.4655], [-121.884, 41.4655], [-121.8843, 41.466], [-121.8833, 41.4666], [-121.884, 41.4671], [-121.8826, 41.4677], [-121.883, 41.4685]]], [[[-121.9492, 41.4642], [-121.9489, 41.4637], [-121.9474, 41.4637], [-121.9478, 41.4643], [-121.9492, 41.4642]]], [[[-121.9041, 41.4663], [-121.9069, 41.4657], [-121.9109, 41.4654], [-121.908, 41.4651], [-121.908, 41.4646], [-121.904, 41.4636], [-121.9041, 41.4663]], [[-121.9076, 41.4651], [-121.9073, 41.4654], [-121.9073, 41.4651], [-121.9076, 41.4651]]], [[[-121.9481, 41.4615], [-121.9473, 41.4605], [-121.9459, 41.461], [-121.9459, 41.4616], [-121.9481, 41.4615]]], [[[-121.9123, 41.4653], [-121.9191, 41.465], [-121.9191, 41.4644], [-121.9144, 41.4626], [-121.914, 41.4618], [-121.9129, 41.4621], [-121.9126, 41.4613], [-121.9115, 41.4613], [-121.9111, 41.4618], [-121.9108, 41.4613], [-121.9079, 41.4614], [-121.9076, 41.4619], [-121.9043, 41.4601], [-121.9044, 41.4633], [-121.9065, 41.4638], [-121.9097, 41.4629], [-121.9123, 41.4653]], [[-121.9126, 41.4626], [-121.9115, 41.4629], [-121.9115, 41.4626], [-121.9126, 41.4626]], [[-121.9126, 41.4615], [-121.9119, 41.4618], [-121.9118, 41.4616], [-121.9126, 41.4615]]], [[[-121.9013, 41.4552], [-121.9013, 41.4544], [-121.9002, 41.455], [-121.8991, 41.4539], [-121.8962, 41.4534], [-121.8962, 41.4542], [-121.8973, 41.4542], [-121.898, 41.455], [-121.9013, 41.4552]]], [[[-121.9078, 41.4457], [-121.9085, 41.4451], [-121.9067, 41.4446], [-121.9068, 41.4454], [-121.9078, 41.4457]]], [[[-121.8967, 41.4453], [-121.8974, 41.4447], [-121.897, 41.4439], [-121.8963, 41.4439], [-121.8967, 41.4453]]], [[[-121.9049, 41.4449], [-121.9049, 41.4438], [-121.9042, 41.4436], [-121.9042, 41.4449], [-121.9049, 41.4449]]], [[[-121.896, 41.445], [-121.8956, 41.4437], [-121.8942, 41.4442], [-121.8942, 41.4451], [-121.896, 41.445]]], [[[-121.9063, 41.4427], [-121.907, 41.4422], [-121.9067, 41.4416], [-121.9063, 41.4422], [-121.9056, 41.4419], [-121.9063, 41.4427]]], [[[-121.9012, 41.4525], [-121.9012, 41.4517], [-121.9041, 41.4517], [-121.9023, 41.4514], [-121.9033, 41.4506], [-121.9008, 41.4504], [-121.9004, 41.4496], [-121.9004, 41.4488], [-121.9011, 41.449], [-121.9014, 41.4482], [-121.9043, 41.4479], [-121.9039, 41.4468], [-121.9025, 41.4463], [-121.9035, 41.4452], [-121.9024, 41.4439], [-121.9013, 41.4439], [-121.9017, 41.4431], [-121.901, 41.4431], [-121.9009, 41.442], [-121.8998, 41.4412], [-121.8966, 41.4412], [-121.8952, 41.4426], [-121.8963, 41.4434], [-121.8981, 41.4428], [-121.8977, 41.442], [-121.8984, 41.4423], [-121.8984, 41.4431], [-121.8992, 41.4434], [-121.8992, 41.4439], [-121.8978, 41.4442], [-121.8999, 41.4442], [-121.8996, 41.4461], [-121.9003, 41.446], [-121.9003, 41.4469], [-121.8964, 41.4466], [-121.8942, 41.4456], [-121.8935, 41.447], [-121.8943, 41.448], [-121.8953, 41.448], [-121.8953, 41.4477], [-121.8961, 41.4477], [-121.8961, 41.4488], [-121.8936, 41.4502], [-121.8954, 41.4502], [-121.8958, 41.4513], [-121.8969, 41.4512], [-121.8972, 41.452], [-121.9001, 41.4517], [-121.9012, 41.4525]], [[-121.8997, 41.4507], [-121.8979, 41.4507], [-121.8986, 41.4504], [-121.8979, 41.4493], [-121.8968, 41.4496], [-121.8961, 41.4488], [-121.8993, 41.4496], [-121.8997, 41.4507]], [[-121.8964, 41.4472], [-121.8961, 41.4477], [-121.896, 41.4472], [-121.8964, 41.4472]], [[-121.9021, 41.4468], [-121.901, 41.4466], [-121.901, 41.446], [-121.9025, 41.4463], [-121.9021, 41.4468]], [[-121.901, 41.4455], [-121.9007, 41.446], [-121.9007, 41.4455], [-121.901, 41.4455]], [[-121.9025, 41.4455], [-121.9021, 41.4458], [-121.9021, 41.4455], [-121.9025, 41.4455]], [[-121.9028, 41.4447], [-121.9024, 41.4449], [-121.9024, 41.4447], [-121.9028, 41.4447]], [[-121.9024, 41.4441], [-121.9021, 41.4447], [-121.9021, 41.4441], [-121.9024, 41.4441]], [[-121.8995, 41.4431], [-121.8992, 41.4434], [-121.8992, 41.4431], [-121.8995, 41.4431]]]]}, "properties": {"layer": "high_severity"}}, {"type": "Feature", "geometry": {"type": "MultiPolygon", "coordinates": [[[[-121.7948, 41.6164], [-121.7962, 41.6153], [-121.7959, 41.6148], [-121.7948, 41.615], [-121.7948, 41.6164]]], [[[-121.8027, 41.6149], [-121.8027, 41.6144], [-121.802, 41.6141], [-121.8016, 41.6147], [-121.8027, 41.6149]]], [[[-121.8012, 41.6125], [-121.8019, 41.6125], [-121.8037, 41.6119], [-121.8012, 41.6125]]], [[[-121.8063, 41.613], [-121.807, 41.6122], [-121.8059, 41.6116], [-121.8062, 41.6114], [-121.8058, 41.6103], [-121.8037, 41.6119], [-121.8063, 41.613]]], [[[-121.8033, 41.6098], [-121.8033, 41.6092], [-121.8022, 41.6093], [-121.8022, 41.6095], [-121.8033, 41.6098]]], [[[-121.7968, 41.6082], [-121.7961, 41.6074], [-121.795, 41.608], [-121.795, 41.6083], [-121.7968, 41.6082]]], [[[-121.7982, 41.6061], [-121.7989, 41.6044], [-121.7978, 41.6053], [-121.7953, 41.6045], [-121.7964, 41.6061], [-121.7982, 41.6061]]], [[[-121.9297, 41.5511], [-121.9311, 41.5508], [-121.9297, 41.5506], [-121.9297, 41.5511]]], [[[-121.9437, 41.5501], [-121.9444, 41.5498], [-121.9437, 41.5495], [-121.9437, 41.5501]]], [[[-121.9522, 41.5451], [-121.9525, 41.5453], [-121.9529, 41.5451], [-121.9522, 41.5451]]], [[[-121.9859, 41.5451], [-121.9863, 41.5443], [-121.9848, 41.5443], [-121.9848, 41.5448], [-121.9859, 41.5451]]], [[[-121.9554, 41.5447], [-121.9554, 41.5442], [-121.9546, 41.5442], [-121.9547, 41.5445], [-121.9554, 41.5447]]], [[[-121.9443, 41.5482], [-121.945, 41.5463], [-121.9461, 41.5457], [-121.9439, 41.5436], [-121.9436, 41.5482], [-121.9443, 41.5482]]], [[[-121.9513, 41.5418], [-121.9517, 41.5421], [-121.9521, 41.5418], [-121.9513, 41.5418]]], [[[-121.9452, 41.5395], [-121.9459, 41.5387], [-121.9444, 41.5384], [-121.9441, 41.5392], [-121.9452, 41.5395]]], [[[-121.958, 41.5477], [-121.9597, 41.5449], [-121.96, 41.5417], [-121.9592, 41.5412], [-121.9549, 41.5412], [-121.9541, 41.5388], [-121.9531, 41.5391], [-121.9512, 41.5378], [-121.9505, 41.5383], [-121.9506, 41.5408], [-121.9513, 41.541], [-121.9524, 41.5399], [-121.9538, 41.5402], [-121.9535, 41.5421], [-121.9561, 41.5431], [-121.9554, 41.5442], [-121.9568, 41.5439], [-121.9579, 41.5447], [-121.9576, 41.5458], [-121.9558, 41.5458], [-121.9572, 41.5466], [-121.9573, 41.5477], [-121.958, 41.5477]]], [[[-121.9196, 41.5356], [-121.9195, 41.5337], [-121.9188, 41.5334], [-121.9178, 41.5356], [-121.9196, 41.5356]]], [[[-121.9393, 41.5355], [-121.9379, 41.5345], [-121.9374, 41.531], [-121.9367, 41.531], [-121.936, 41.5334], [-121.9346, 41.5334], [-121.9343, 41.5343], [-121.935, 41.5342], [-121.9354, 41.5356], [-121.9393, 41.5355]]], [[[-121.918, 41.5318], [-121.9195, 41.5318], [-121.9194, 41.5307], [-121.918, 41.5318]]], [[[-121.8775, 41.5327], [-121.8767, 41.5303], [-121.8756, 41.5297], [-121.8749, 41.5316], [-121.8764, 41.5316], [-121.8775, 41.5327]]], [[[-121.9298, 41.5292], [-121.9287, 41.5284], [-121.9273, 41.5289], [-121.9273, 41.5292], [-121.9298, 41.5292]]], [[[-121.9323, 41.5281], [-121.9319, 41.5275], [-121.9312, 41.5275], [-121.9316, 41.5281], [-121.9323, 41.5281]]], [[[-121.9438, 41.5298], [-121.9438, 41.5279], [-121.9412, 41.5268], [-121.9398, 41.5269], [-121.9398, 41.5274], [-121.9416, 41.5274], [-121.9417, 41.5287], [-121.9438, 41.5298]]], [[[-121.9308, 41.527], [-121.9305, 41.5265], [-121.9297, 41.5265], [-121.9301, 41.527], [-121.9308, 41.527]]], [[[-121.929, 41.5273], [-121.9298, 41.5267], [-121.9283, 41.5262], [-121.928, 41.5268], [-121.929, 41.5273]]], [[[-121.8741, 41.5281], [-121.8748, 41.5273], [-121.8748, 41.5268], [-121.8727, 41.5276], [-121.8741, 41.5281]]], [[[-121.966, 41.5251], [-121.9656, 41.524], [-121.9638, 41.5241], [-121.9638, 41.5249], [-121.966, 41.5251]]], [[[-121.9268, 41.5249], [-121.9272, 41.5238], [-121.9261, 41.5238], [-121.9257, 41.5244], [-121.9268, 41.5249]]], [[[-121.9185, 41.5237], [-121.9185, 41.5229], [-121.9174, 41.5229], [-121.9171, 41.5237], [-121.9185, 41.5237]]], [[[-121.9253, 41.5217], [-121.926, 41.5209], [-121.9249, 41.5209], [-121.9253, 41.5217]]], [[[-121.8912, 41.5206], [-121.8911, 41.5192], [-121.8908, 41.5192], [-121.8897, 41.5206], [-121.8912, 41.5206]]], [[[-121.8879, 41.5206], [-121.8868, 41.5198], [-121.8882, 41.5176], [-121.8871, 41.5166], [-121.8892, 41.5152], [-121.8907, 41.5165], [-121.8904, 41.5171], [-121.8911, 41.5171], [-121.8912, 41.51], [-121.8877, 41.5114], [-121.8884, 41.512], [-121.8895, 41.5111], [-121.8906, 41.5122], [-121.8863, 41.5147], [-121.8864, 41.516], [-121.885, 41.5169], [-121.8832, 41.5166], [-121.8843, 41.5174], [-121.8843, 41.5196], [-121.8858, 41.5198], [-121.8861, 41.5206], [-121.8879, 41.5206]]], [[[-121.8838, 41.5123], [-121.8845, 41.5117], [-121.8866, 41.512], [-121.8848, 41.5101], [-121.8841, 41.5112], [-121.8827, 41.5115], [-121.8838, 41.5123]]], [[[-121.873, 41.5106], [-121.874, 41.5103], [-121.8726, 41.51], [-121.873, 41.5106]]], [[[-121.9818, 41.5132], [-121.9854, 41.5124], [-121.9864, 41.5113], [-121.9878, 41.5112], [-121.9871, 41.5107], [-121.9878, 41.5099], [-121.986, 41.5102], [-121.9867, 41.5085], [-121.986, 41.5086], [-121.9856, 41.5075], [-121.9835, 41.5086], [-121.9835, 41.51], [-121.9821, 41.5108], [-121.9818, 41.5132]], [[-121.9835, 41.511], [-121.9832, 41.5116], [-121.9828, 41.511], [-121.9835, 41.511]], [[-121.9839, 41.5105], [-121.9835, 41.5108], [-121.9835, 41.5105], [-121.9839, 41.5105]], [[-121.9857, 41.5102], [-121.9853, 41.5105], [-121.9853, 41.5102], [-121.9857, 41.5102]], [[-121.9842, 41.5091], [-121.9838, 41.5094], [-121.9838, 41.5091], [-121.9842, 41.5091]], [[-121.986, 41.5086], [-121.9856, 41.5088], [-121.9856, 41.5086], [-121.986, 41.5086]]], [[[-121.972, 41.5088], [-121.9712, 41.5074], [-121.9705, 41.5075], [-121.9705, 41.5083], [-121.972, 41.5088]]], [[[-121.9624, 41.5119], [-121.9626, 41.5084], [-121.9619, 41.5076], [-121.9547, 41.5074], [-121.9562, 41.5088], [-121.9594, 41.5092], [-121.9606, 41.5114], [-121.9624, 41.5119]]], [[[-121.9903, 41.5085], [-121.9931, 41.506], [-121.9913, 41.506], [-121.9902, 41.5069], [-121.9884, 41.5058], [-121.9888, 41.5074], [-121.9863, 41.5072], [-121.987, 41.508], [-121.9903, 41.5085]]], [[[-121.9856, 41.5061], [-121.9852, 41.5053], [-121.9834, 41.5054], [-121.9834, 41.5059], [-121.9856, 41.5061]]], [[[-121.892, 41.5097], [-121.8959, 41.5083], [-121.8941, 41.5081], [-121.8937, 41.5067], [-121.8919, 41.506], [-121.892, 41.5097]]], [[[-121.9232, 41.4825], [-121.9235, 41.4817], [-121.9232, 41.4817], [-121.9232, 41.4825]]], [[[-121.8862, 41.4806], [-121.8865, 41.4798], [-121.885, 41.4793], [-121.8847, 41.4801], [-121.8862, 41.4806]]], [[[-121.8858, 41.479], [-121.8857, 41.4785], [-121.8861, 41.4782], [-121.885, 41.4785], [-121.8858, 41.479]]], [[[-121.8905, 41.483], [-121.8912, 41.4811], [-121.8966, 41.4807], [-121.8976, 41.4794], [-121.8965, 41.4786], [-121.8976, 41.4777], [-121.8972, 41.4769], [-121.8965, 41.478], [-121.8951, 41.4783], [-121.8955, 41.4797], [-121.8944, 41.4805], [-121.8926, 41.4797], [-121.8936, 41.4775], [-121.8929, 41.477], [-121.8915, 41.4773], [-121.8919, 41.48], [-121.8887, 41.48], [-121.8883, 41.4806], [-121.8883, 41.4814], [-121.8894, 41.4819], [-121.8891, 41.4827], [-121.8905, 41.483]], [[-121.8933, 41.4805], [-121.893, 41.4808], [-121.893, 41.4805], [-121.8933, 41.4805]]], [[[-121.8812, 41.4829], [-121.8794, 41.481], [-121.8804, 41.4802], [-121.8819, 41.4807], [-121.8829, 41.4801], [-121.8818, 41.4799], [-121.8818, 41.4766], [-121.8807, 41.4769], [-121.8811, 41.4791], [-121.8793, 41.4791], [-121.8765, 41.4813], [-121.8769, 41.4818], [-121.8794, 41.4818], [-121.8812, 41.4829]], [[-121.8793, 41.4799], [-121.879, 41.4802], [-121.879, 41.4799], [-121.8793, 41.4799]], [[-121.8815, 41.4793], [-121.8811, 41.4796], [-121.8811, 41.4793], [-121.8815, 41.4793]]], [[[-121.8824, 41.4742], [-121.8824, 41.4736], [-121.8813, 41.4737], [-121.8813, 41.4742], [-121.8824, 41.4742]]], [[[-121.8777, 41.4726], [-121.8791, 41.4726], [-121.8791, 41.4721], [-121.8777, 41.4726]]], [[[-121.9412, 41.4714], [-121.9426, 41.4708], [-121.9404, 41.4703], [-121.9383, 41.4712], [-121.9412, 41.4714]]], [[[-121.9017, 41.4717], [-121.9021, 41.4709], [-121.9006, 41.4704], [-121.9006, 41.4715], [-121.9017, 41.4717]]], [[[-121.8968, 41.4769], [-121.8972, 41.4761], [-121.8997, 41.4758], [-121.9003, 41.4742], [-121.8981, 41.4726], [-121.8974, 41.4704], [-121.8949, 41.4702], [-121.8945, 41.471], [-121.8934, 41.4708], [-121.8924, 41.4716], [-121.8924, 41.4724], [-121.8949, 41.4729], [-121.8953, 41.4737], [-121.8942, 41.4743], [-121.8943, 41.4751], [-121.8968, 41.4769]], [[-121.8986, 41.4756], [-121.8971, 41.4748], [-121.8982, 41.4737], [-121.8996, 41.4745], [-121.8986, 41.4756]], [[-121.8956, 41.4726], [-121.8949, 41.4729], [-121.8949, 41.4726], [-121.8956, 41.4726]], [[-121.8942, 41.4718], [-121.8938, 41.4721], [-121.8938, 41.4718], [-121.8942, 41.4718]], [[-121.8938, 41.471], [-121.8935, 41.4713], [-121.8934, 41.471], [-121.8938, 41.471]], [[-121.8959, 41.4707], [-121.8956, 41.471], [-121.8956, 41.4707], [-121.8959, 41.4707]]], [[[-121.9245, 41.4771], [-121.9262, 41.4757], [-121.9262, 41.4746], [-121.9283, 41.4719], [-121.9308, 41.4718], [-121.9286, 41.4697], [-121.9268, 41.4697], [-121.9268, 41.4711], [-121.9258, 41.4719], [-121.9232, 41.4717], [-121.9234, 41.4768], [-121.9245, 41.4771]], [[-121.9258, 41.4722], [-121.9254, 41.4724], [-121.9254, 41.4722], [-121.9258, 41.4722]], [[-121.9275, 41.4702], [-121.9272, 41.4705], [-121.9271, 41.4703], [-121.9275, 41.4702]]], [[[-121.8691, 41.4728], [-121.8701, 41.4714], [-121.8723, 41.4724], [-121.8723, 41.4711], [-121.8701, 41.4708], [-121.8686, 41.4687], [-121.8675, 41.4684], [-121.8691, 41.4728]]], [[[-121.9361, 41.468], [-121.9368, 41.4674], [-121.936, 41.4671], [-121.9361, 41.468]]], [[[-121.9031, 41.4682], [-121.9041, 41.4668], [-121.903, 41.4671], [-121.9023, 41.4663], [-121.8994, 41.4663], [-121.8994, 41.4669], [-121.8976, 41.4672], [-121.8977, 41.4677], [-121.9005, 41.4674], [-121.9031, 41.4682]], [[-121.8998, 41.4672], [-121.8994, 41.4674], [-121.8994, 41.4672], [-121.8998, 41.4672]], [[-121.9005, 41.4669], [-121.8998, 41.4672], [-121.8998, 41.4669], [-121.9005, 41.4669]]], [[[-121.9055, 41.4663], [-121.9073, 41.4654], [-121.904, 41.4644], [-121.9041, 41.466], [-121.9055, 41.4663]]], [[[-121.913, 41.4651], [-121.918, 41.4647], [-121.913, 41.4629], [-121.9123, 41.4634], [-121.913, 41.4651]]], [[[-121.9058, 41.463], [-121.9076, 41.4624], [-121.9054, 41.4619], [-121.9058, 41.463]]], [[[-121.9054, 41.4619], [-121.9054, 41.4614], [-121.9043, 41.4609], [-121.9043, 41.4617], [-121.9054, 41.4619]]], [[[-121.8997, 41.4488], [-121.9014, 41.4474], [-121.8996, 41.448], [-121.8986, 41.4474], [-121.8971, 41.4477], [-121.8997, 41.4488]]]]}, "properties": {"layer": "interior"}}, {"type": "Feature", "geometry": {"type": "Polygon", "coordinates": [[[-121.8991, 41.4423], [-121.8995, 41.442], [-121.8991, 41.442], [-121.8991, 41.4423]]]}, "properties": {"layer": "cell", "cell_id": "741_4500", "seed_zone": "741", "elevation_band": "4500–5000 ft"}}, {"type": "Feature", "geometry": {"type": "MultiPolygon", "coordinates": [[[[-121.9297, 41.5511], [-121.9311, 41.5508], [-121.9297, 41.5506], [-121.9297, 41.5511]]], [[[-121.9437, 41.5501], [-121.9444, 41.5498], [-121.9437, 41.5495], [-121.9437, 41.5501]]], [[[-121.9196, 41.5356], [-121.9195, 41.5337], [-121.9188, 41.5334], [-121.9178, 41.5356], [-121.9196, 41.5356]]], [[[-121.918, 41.5318], [-121.9195, 41.5318], [-121.9194, 41.5307], [-121.918, 41.5318]]], [[[-121.9273, 41.5292], [-121.9284, 41.5289], [-121.9273, 41.5289], [-121.9273, 41.5292]]], [[[-121.8777, 41.4726], [-121.8791, 41.4726], [-121.8791, 41.4721], [-121.8777, 41.4726]]], [[[-121.8931, 41.4727], [-121.8935, 41.4721], [-121.8934, 41.471], [-121.8924, 41.4716], [-121.8931, 41.4727]]], [[[-121.8691, 41.4728], [-121.8701, 41.4714], [-121.8723, 41.4724], [-121.8723, 41.4711], [-121.8701, 41.4708], [-121.8686, 41.4687], [-121.8675, 41.4684], [-121.8691, 41.4728]]], [[[-121.8998, 41.4677], [-121.9001, 41.4663], [-121.8976, 41.4672], [-121.8977, 41.4677], [-121.8998, 41.4677]]], [[[-121.9059, 41.466], [-121.9073, 41.4654], [-121.904, 41.4644], [-121.9041, 41.4655], [-121.9059, 41.466]]], [[[-121.918, 41.465], [-121.9151, 41.4634], [-121.913, 41.4629], [-121.9155, 41.4645], [-121.918, 41.465]]], [[[-121.8997, 41.4488], [-121.9014, 41.4474], [-121.8996, 41.448], [-121.8986, 41.4474], [-121.8971, 41.4477], [-121.8997, 41.4488]]]]}, "properties": {"layer": "cell", "cell_id": "741_5000", "seed_zone": "741", "elevation_band": "5000–5500 ft"}}, {"type": "Feature", "geometry": {"type": "MultiPolygon", "coordinates": [[[[-121.7948, 41.6164], [-121.7962, 41.6153], [-121.7959, 41.6148], [-121.7948, 41.615], [-121.7948, 41.6164]]], [[[-121.8027, 41.6149], [-121.8027, 41.6144], [-121.802, 41.6141], [-121.8016, 41.6147], [-121.8027, 41.6149]]], [[[-121.8012, 41.6125], [-121.8019, 41.6125], [-121.8037, 41.6119], [-121.8012, 41.6125]]], [[[-121.8063, 41.613], [-121.807, 41.6122], [-121.8059, 41.6116], [-121.8062, 41.6114], [-121.8058, 41.6103], [-121.8037, 41.6119], [-121.8063, 41.613]]], [[[-121.8033, 41.6098], [-121.8033, 41.6092], [-121.8022, 41.6093], [-121.8022, 41.6095], [-121.8033, 41.6098]]], [[[-121.7968, 41.6082], [-121.7961, 41.6074], [-121.795, 41.608], [-121.795, 41.6083], [-121.7968, 41.6082]]], [[[-121.7982, 41.6061], [-121.7989, 41.6044], [-121.7978, 41.6053], [-121.7953, 41.6045], [-121.7964, 41.6061], [-121.7982, 41.6061]]], [[[-121.9443, 41.5482], [-121.945, 41.5463], [-121.9461, 41.5457], [-121.9439, 41.5447], [-121.9436, 41.5479], [-121.9443, 41.5482]]], [[[-121.9375, 41.5356], [-121.9364, 41.5329], [-121.9353, 41.5337], [-121.9346, 41.5334], [-121.935, 41.5353], [-121.9375, 41.5356]]], [[[-121.8775, 41.5327], [-121.8767, 41.5303], [-121.8756, 41.5297], [-121.8749, 41.5316], [-121.8764, 41.5316], [-121.8775, 41.5327]]], [[[-121.9298, 41.5292], [-121.9287, 41.5284], [-121.9276, 41.5287], [-121.9277, 41.5289], [-121.9298, 41.5292]]], [[[-121.9323, 41.5281], [-121.9319, 41.5275], [-121.9312, 41.5275], [-121.9316, 41.5281], [-121.9323, 41.5281]]], [[[-121.9308, 41.527], [-121.9305, 41.5265], [-121.9297, 41.5265], [-121.9301, 41.527], [-121.9308, 41.527]]], [[[-121.929, 41.5273], [-121.9298, 41.5267], [-121.9283, 41.5262], [-121.928, 41.5268], [-121.929, 41.5273]]], [[[-121.8741, 41.5281], [-121.8748, 41.5273], [-121.8748, 41.5268], [-121.8727, 41.5276], [-121.8741, 41.5281]]], [[[-121.9268, 41.5249], [-121.9272, 41.5238], [-121.9261, 41.5238], [-121.9257, 41.5244], [-121.9268, 41.5249]]], [[[-121.9185, 41.5237], [-121.9185, 41.5229], [-121.9178, 41.5229], [-121.9175, 41.5237], [-121.9185, 41.5237]]], [[[-121.9253, 41.5217], [-121.926, 41.5209], [-121.9249, 41.5209], [-121.9253, 41.5217]]], [[[-121.8912, 41.5206], [-121.8911, 41.5192], [-121.8908, 41.5192], [-121.8897, 41.5206], [-121.8912, 41.5206]]], [[[-121.8941, 41.5094], [-121.8941, 41.5089], [-121.8959, 41.5083], [-121.8941, 41.5081], [-121.8937, 41.5067], [-121.8919, 41.506], [-121.8919, 41.5081], [-121.8941, 41.5094]]], [[[-121.8812, 41.4829], [-121.8794, 41.4813], [-121.8797, 41.4804], [-121.8811, 41.4801], [-121.8811, 41.4791], [-121.8793, 41.4791], [-121.8765, 41.4816], [-121.8794, 41.4818], [-121.8812, 41.4829]], [[-121.8793, 41.4799], [-121.879, 41.4802], [-121.879, 41.4799], [-121.8793, 41.4799]]], [[[-121.8926, 41.4797], [-121.8936, 41.4775], [-121.8918, 41.477], [-121.8919, 41.4797], [-121.8926, 41.4797]]], [[[-121.8951, 41.4791], [-121.8976, 41.4777], [-121.8972, 41.4769], [-121.8965, 41.478], [-121.8951, 41.4783], [-121.8951, 41.4791]]], [[[-121.8807, 41.4769], [-121.8818, 41.478], [-121.8818, 41.4766], [-121.8807, 41.4769]]], [[[-121.8824, 41.4742], [-121.8824, 41.4736], [-121.8813, 41.4737], [-121.8813, 41.4742], [-121.8824, 41.4742]]], [[[-121.9254, 41.4722], [-121.924, 41.4714], [-121.9232, 41.4717], [-121.9236, 41.4722], [-121.9254, 41.4722]]], [[[-121.901, 41.4715], [-121.9021, 41.4712], [-121.9013, 41.4704], [-121.9003, 41.4707], [-121.901, 41.4715]]], [[[-121.8968, 41.4769], [-121.8972, 41.4761], [-121.8986, 41.4758], [-121.8971, 41.4748], [-121.8977, 41.471], [-121.8966, 41.4702], [-121.8949, 41.4702], [-121.8945, 41.471], [-121.8938, 41.4708], [-121.8931, 41.4729], [-121.8949, 41.4729], [-121.8953, 41.4737], [-121.8942, 41.4743], [-121.8943, 41.4751], [-121.8968, 41.4769]], [[-121.8956, 41.4726], [-121.8949, 41.4729], [-121.8949, 41.4726], [-121.8956, 41.4726]], [[-121.8942, 41.4718], [-121.8938, 41.4721], [-121.8938, 41.4718], [-121.8942, 41.4718]], [[-121.8959, 41.4707], [-121.8956, 41.471], [-121.8956, 41.4707], [-121.8959, 41.4707]]], [[[-121.936, 41.4677], [-121.9368, 41.4674], [-121.936, 41.4671], [-121.936, 41.4677]]], [[[-121.9031, 41.4682], [-121.9041, 41.4668], [-121.903, 41.4671], [-121.9023, 41.4663], [-121.9001, 41.4663], [-121.9005, 41.4677], [-121.9031, 41.4682]]], [[[-121.9059, 41.466], [-121.9069, 41.4657], [-121.9059, 41.4657], [-121.9059, 41.466]]], [[[-121.9055, 41.4663], [-121.9055, 41.4657], [-121.9041, 41.4655], [-121.9044, 41.4663], [-121.9055, 41.4663]]], [[[-121.9134, 41.4653], [-121.917, 41.4647], [-121.9133, 41.4632], [-121.9123, 41.4634], [-121.9134, 41.4653]]], [[[-121.9058, 41.463], [-121.9076, 41.4624], [-121.9054, 41.4619], [-121.9058, 41.463]]], [[[-121.9054, 41.4619], [-121.9054, 41.4614], [-121.9043, 41.4609], [-121.9043, 41.4617], [-121.9054, 41.4619]]]]}, "properties": {"layer": "cell", "cell_id": "741_5500", "seed_zone": "741", "elevation_band": "5500–6000 ft"}}, {"type": "Feature", "geometry": {"type": "MultiPolygon", "coordinates": [[[[-121.9522, 41.5451], [-121.9525, 41.5453], [-121.9529, 41.5451], [-121.9522, 41.5451]]], [[[-121.9457, 41.5454], [-121.9449, 41.5441], [-121.9439, 41.5436], [-121.9439, 41.5447], [-121.9457, 41.5454]]], [[[-121.9513, 41.541], [-121.952, 41.5397], [-121.9509, 41.5391], [-121.9506, 41.5408], [-121.9513, 41.541]]], [[[-121.9452, 41.5395], [-121.9459, 41.5387], [-121.9444, 41.5384], [-121.9441, 41.5392], [-121.9452, 41.5395]]], [[[-121.9393, 41.5355], [-121.9379, 41.5345], [-121.9374, 41.531], [-121.9367, 41.531], [-121.9368, 41.5348], [-121.9375, 41.5356], [-121.9393, 41.5355]]], [[[-121.9438, 41.5298], [-121.9438, 41.5279], [-121.9412, 41.5268], [-121.9398, 41.5269], [-121.9398, 41.5274], [-121.9416, 41.5274], [-121.9417, 41.5287], [-121.9438, 41.5298]]], [[[-121.8901, 41.5195], [-121.8904, 41.5198], [-121.8908, 41.5195], [-121.8901, 41.5195]]], [[[-121.8879, 41.5206], [-121.8868, 41.5198], [-121.8882, 41.5176], [-121.8871, 41.5166], [-121.8892, 41.5152], [-121.8907, 41.5165], [-121.8904, 41.5171], [-121.8911, 41.5171], [-121.8912, 41.51], [-121.8898, 41.5106], [-121.8902, 41.5127], [-121.8867, 41.5144], [-121.8864, 41.516], [-121.8839, 41.5172], [-121.8843, 41.5196], [-121.8858, 41.5198], [-121.8861, 41.5206], [-121.8879, 41.5206]]], [[[-121.8841, 41.5109], [-121.8852, 41.5104], [-121.8844, 41.5101], [-121.8841, 41.5109]]], [[[-121.873, 41.5106], [-121.874, 41.5103], [-121.8726, 41.51], [-121.873, 41.5106]]], [[[-121.972, 41.5088], [-121.9712, 41.5074], [-121.9705, 41.5075], [-121.9705, 41.5083], [-121.972, 41.5088]]], [[[-121.892, 41.5097], [-121.8934, 41.5089], [-121.8919, 41.5084], [-121.892, 41.5097]]], [[[-121.8862, 41.4806], [-121.8865, 41.4798], [-121.885, 41.4793], [-121.8847, 41.4801], [-121.8862, 41.4806]]], [[[-121.8905, 41.483], [-121.8912, 41.4811], [-121.8966, 41.4807], [-121.8976, 41.4791], [-121.8962, 41.4786], [-121.8944, 41.4805], [-121.893, 41.4802], [-121.893, 41.4797], [-121.8912, 41.4803], [-121.8887, 41.48], [-121.8891, 41.4827], [-121.8905, 41.483]], [[-121.8933, 41.4805], [-121.893, 41.4808], [-121.893, 41.4805], [-121.8933, 41.4805]]], [[[-121.8858, 41.479], [-121.8857, 41.4782], [-121.8854, 41.4782], [-121.885, 41.479], [-121.8858, 41.479]]], [[[-121.8822, 41.4807], [-121.8829, 41.4798], [-121.8818, 41.4799], [-121.8822, 41.4785], [-121.8814, 41.478], [-121.8811, 41.4804], [-121.8822, 41.4807]]], [[[-121.8997, 41.4758], [-121.9003, 41.4742], [-121.8974, 41.4718], [-121.8971, 41.474], [-121.8993, 41.4739], [-121.8996, 41.4747], [-121.8986, 41.4758], [-121.8997, 41.4758]]], [[[-121.901, 41.4717], [-121.9021, 41.4712], [-121.901, 41.4712], [-121.901, 41.4717]]], [[[-121.9241, 41.4771], [-121.9262, 41.4757], [-121.9262, 41.4746], [-121.9283, 41.4719], [-121.9308, 41.4718], [-121.9286, 41.4697], [-121.9264, 41.47], [-121.9268, 41.4711], [-121.9261, 41.4719], [-121.9232, 41.4719], [-121.9234, 41.4768], [-121.9241, 41.4771]], [[-121.9258, 41.4722], [-121.9254, 41.4724], [-121.9254, 41.4722], [-121.9258, 41.4722]], [[-121.9275, 41.4702], [-121.9272, 41.4705], [-121.9271, 41.4703], [-121.9275, 41.4702]]]]}, "properties": {"layer": "cell", "cell_id": "741_6000", "seed_zone": "741", "elevation_band": "6000–6500 ft"}}, {"type": "Feature", "geometry": {"type": "MultiPolygon", "coordinates": [[[[-121.9859, 41.5451], [-121.9863, 41.5443], [-121.9848, 41.5443], [-121.9848, 41.5448], [-121.9859, 41.5451]]], [[[-121.9554, 41.5447], [-121.9554, 41.5442], [-121.9546, 41.5442], [-121.9547, 41.5445], [-121.9554, 41.5447]]], [[[-121.9573, 41.5477], [-121.959, 41.5463], [-121.9592, 41.5412], [-121.9549, 41.5412], [-121.9541, 41.5388], [-121.9531, 41.5391], [-121.9512, 41.5378], [-121.9505, 41.5389], [-121.952, 41.5402], [-121.9538, 41.5402], [-121.9535, 41.5421], [-121.9561, 41.5431], [-121.9554, 41.5442], [-121.9568, 41.5439], [-121.9579, 41.5447], [-121.9576, 41.5458], [-121.9558, 41.5458], [-121.9572, 41.5466], [-121.9573, 41.5477]]], [[[-121.9638, 41.5249], [-121.9659, 41.5243], [-121.9641, 41.5238], [-121.9638, 41.5249]]], [[[-121.8843, 41.5172], [-121.8842, 41.5166], [-121.8835, 41.5164], [-121.8832, 41.5169], [-121.8843, 41.5172]]], [[[-121.8838, 41.5123], [-121.8845, 41.5117], [-121.8848, 41.512], [-121.8866, 41.5117], [-121.8848, 41.5107], [-121.8827, 41.5115], [-121.8838, 41.5123]]], [[[-121.8884, 41.512], [-121.8884, 41.5114], [-121.8898, 41.5114], [-121.8898, 41.5106], [-121.8877, 41.5114], [-121.8884, 41.512]]], [[[-121.9818, 41.5132], [-121.9854, 41.5124], [-121.9864, 41.5113], [-121.9878, 41.5112], [-121.9871, 41.5107], [-121.9878, 41.5099], [-121.986, 41.5102], [-121.9867, 41.5085], [-121.986, 41.5086], [-121.9856, 41.5075], [-121.9835, 41.5086], [-121.9835, 41.51], [-121.9821, 41.5108], [-121.9818, 41.5132]], [[-121.9835, 41.511], [-121.9832, 41.5116], [-121.9828, 41.511], [-121.9835, 41.511]], [[-121.9839, 41.5105], [-121.9835, 41.5108], [-121.9835, 41.5105], [-121.9839, 41.5105]], [[-121.9857, 41.5102], [-121.9853, 41.5105], [-121.9853, 41.5102], [-121.9857, 41.5102]], [[-121.9842, 41.5091], [-121.9838, 41.5094], [-121.9838, 41.5091], [-121.9842, 41.5091]], [[-121.986, 41.5086], [-121.9856, 41.5088], [-121.9856, 41.5086], [-121.986, 41.5086]]], [[[-121.9624, 41.5119], [-121.9626, 41.5087], [-121.9619, 41.5076], [-121.9554, 41.5074], [-121.9569, 41.509], [-121.9594, 41.5092], [-121.9606, 41.5114], [-121.9624, 41.5119]]], [[[-121.9903, 41.5085], [-121.9931, 41.506], [-121.9913, 41.506], [-121.9902, 41.5069], [-121.9884, 41.5058], [-121.9888, 41.5074], [-121.9863, 41.5072], [-121.987, 41.508], [-121.9903, 41.5085]]], [[[-121.9856, 41.5061], [-121.9852, 41.5053], [-121.9834, 41.5054], [-121.9834, 41.5059], [-121.9856, 41.5061]]], [[[-121.9412, 41.4714], [-121.9426, 41.4708], [-121.9404, 41.4703], [-121.9383, 41.4712], [-121.9412, 41.4714]]]]}, "properties": {"layer": "cell", "cell_id": "741_6500", "seed_zone": "741", "elevation_band": "6500–7000 ft"}}, {"type": "Feature", "geometry": {"type": "MultiPolygon", "coordinates": [[[[-121.9594, 41.5458], [-121.96, 41.5436], [-121.9596, 41.5414], [-121.9589, 41.5423], [-121.9594, 41.5458]]], [[[-121.966, 41.5251], [-121.966, 41.5246], [-121.9649, 41.5246], [-121.9649, 41.5251], [-121.966, 41.5251]]]]}, "properties": {"layer": "cell", "cell_id": "741_7000", "seed_zone": "741", "elevation_band": "7000–7500 ft"}}]}
