{"type": "FeatureCollection", "features": [{"type": "Feature", "geometry": {"type": "MultiPolygon", "coordinates": [[[[-119.2297, 37.2915], [-119.2295, 37.2902], [-119.2296, 37.2901], [-119.2297, 37.2915]]], [[[-119.2291, 37.2911], [-119.229, 37.2916], [-119.2287, 37.2909], [-119.2291, 37.2911]]], [[[-119.2298, 37.2924], [-119.2295, 37.2917], [-119.2301, 37.2918], [-119.2303, 37.2905], [-119.2307, 37.2923], [-119.2298, 37.2924]]], [[[-119.4752, 37.3431], [-119.4746, 37.3436], [-119.4744, 37.3434], [-119.4752, 37.3431]]], [[[-119.4168, 37.4782], [-119.4161, 37.4781], [-119.417, 37.4781], [-119.4168, 37.4782]]], [[[-119.4161, 37.4796], [-119.4165, 37.4793], [-119.4174, 37.4792], [-119.417, 37.4797], [-119.4161, 37.4796]]], [[[-119.3676, 37.5265], [-119.3697, 37.526], [-119.369, 37.5272], [-119.3678, 37.5273], [-119.3676, 37.5265]]], [[[-119.3531, 37.5297], [-119.3532, 37.5295], [-119.3535, 37.5296], [-119.3531, 37.5297]]], [[[-119.2207, 37.579], [-119.2192, 37.5798], [-119.2191, 37.5778], [-119.2207, 37.579]]], [[[-119.3058, 37.58], [-119.3063, 37.5795], [-119.3063, 37.5797], [-119.3058, 37.58]]], [[[-119.3273, 37.58], [-119.327, 37.5799], [-119.3272, 37.5798], [-119.3273, 37.58]]], [[[-119.3237, 37.581], [-119.3227, 37.5806], [-119.324, 37.5801], [-119.3247, 37.5789], [-119.3262, 37.5793], [-119.326, 37.5812], [-119.3243, 37.5805], [-119.3237, 37.581]]], [[[-119.3285, 37.5808], [-119.3291, 37.5808], [-119.3289, 37.581], [-119.3285, 37.5808]]], [[[-119.3231, 37.5817], [-119.3233, 37.5814], [-119.3235, 37.5816], [-119.3231, 37.5817]]], [[[-119.2991, 37.5821], [-119.3005, 37.5806], [-119.3015, 37.5807], [-119.3007, 37.5826], [-119.3017, 37.5827], [-119.3016, 37.5831], [-119.3002, 37.5831], [-119.2991, 37.5821]]], [[[-119.2912, 37.5831], [-119.2915, 37.5824], [-119.292, 37.5824], [-119.2919, 37.5833], [-119.2912, 37.5831]]], [[[-119.3082, 37.5841], [-119.3103, 37.5833], [-119.3117, 37.5841], [-119.3114, 37.5851], [-119.3082, 37.5841]]], [[[-119.3221, 37.5884], [-119.3205, 37.5852], [-119.3211, 37.5842], [-119.3201, 37.5839], [-119.3216, 37.5828], [-119.3215, 37.5818], [-119.3238, 37.5823], [-119.3244, 37.5833], [-119.3237, 37.5845], [-119.3246, 37.5856], [-119.324, 37.587], [-119.3249, 37.588], [-119.324, 37.5889], [-119.3233, 37.5878], [-119.3221, 37.5884]]], [[[-119.3077, 37.5852], [-119.3083, 37.5854], [-119.3085, 37.586], [-119.3078, 37.5857], [-119.3077, 37.5852]]], [[[-119.3278, 37.5872], [-119.3275, 37.5866], [-119.3281, 37.5865], [-119.3278, 37.5872]]], [[[-119.304, 37.587], [-119.3045, 37.5863], [-119.3057, 37.5865], [-119.3049, 37.5872], [-119.304, 37.587]]], [[[-119.3153, 37.59], [-119.3139, 37.59], [-119.313, 37.5889], [-119.3137, 37.5885], [-119.3137, 37.5861], [-119.3147, 37.5853], [-119.3159, 37.5887], [-119.3153, 37.59]]], [[[-119.3246, 37.5893], [-119.326, 37.5899], [-119.3249, 37.5899], [-119.3246, 37.5893]]], [[[-119.2587, 37.6166], [-119.2591, 37.6164], [-119.2589, 37.6168], [-119.2587, 37.6166]]], [[[-119.2373, 37.6406], [-119.2365, 37.6411], [-119.2359, 37.64], [-119.2365, 37.6389], [-119.2374, 37.6387], [-119.2373, 37.6406]]], [[[-119.1817, 37.096], [-119.1819, 37.0963], [-119.1816, 37.0962], [-119.1817, 37.096]]], [[[-119.1814, 37.0963], [-119.1814, 37.0961], [-119.1815, 37.0962], [-119.1814, 37.0963]]], [[[-119.1819, 37.0969], [-119.183, 37.0968], [-119.1825, 37.098], [-119.1819, 37.0969]]], [[[-119.1693, 37.1034], [-119.1697, 37.1036], [-119.1693, 37.1038], [-119.1693, 37.1034]]], [[[-119.18, 37.1146], [-119.1792, 37.1131], [-119.1801, 37.1087], [-119.1776, 37.1086], [-119.1776, 37.1064], [-119.1757, 37.1037], [-119.175, 37.1035], [-119.1745, 37.1052], [-119.1727, 37.1051], [-119.1732, 37.1062], [-119.1726, 37.1066], [-119.1706, 37.1038], [-119.1721, 37.1022], [-119.1729, 37.0998], [-119.174, 37.0999], [-119.1749, 37.0988], [-119.1758, 37.0992], [-119.1777, 37.0981], [-119.1786, 37.0985], [-119.1789, 37.0995], [-119.1775, 37.1002], [-119.1772, 37.1024], [-119.1762, 37.1028], [-119.1772, 37.1031], [-119.1775, 37.1041], [-119.1793, 37.104], [-119.1805, 37.1056], [-119.1811, 37.1055], [-119.1825, 37.1065], [-119.1816, 37.107], [-119.1816, 37.1097], [-119.1806, 37.1101], [-119.1812, 37.1145], [-119.18, 37.1146]]], [[[-119.1798, 37.1248], [-119.1802, 37.1228], [-119.1807, 37.1228], [-119.1809, 37.1238], [-119.1798, 37.1248]]], [[[-119.1955, 37.147], [-119.1951, 37.1474], [-119.1954, 37.147], [-119.1955, 37.147]]], [[[-119.1912, 37.1563], [-119.191, 37.1565], [-119.1912, 37.1562], [-119.1912, 37.1563]]], [[[-119.1876, 37.1601], [-119.1874, 37.1596], [-119.1879, 37.1598], [-119.1876, 37.1601]]], [[[-119.285, 37.5947], [-119.2842, 37.5936], [-119.2835, 37.5938], [-119.2838, 37.5931], [-119.2821, 37.5918], [-119.2822, 37.5907], [-119.2812, 37.5908], [-119.2806, 37.5893], [-119.2782, 37.5891], [-119.278, 37.5872], [-119.2762, 37.5874], [-119.2751, 37.5858], [-119.2746, 37.5828], [-119.2735, 37.5822], [-119.2735, 37.5838], [-119.2743, 37.5844], [-119.2725, 37.5855], [-119.2733, 37.5865], [-119.2724, 37.5884], [-119.27, 37.5894], [-119.2707, 37.592], [-119.2695, 37.5924], [-119.2698, 37.5936], [-119.2682, 37.5943], [-119.2667, 37.5935], [-119.2664, 37.5924], [-119.265, 37.5929], [-119.2668, 37.5953], [-119.2668, 37.5967], [-119.2682, 37.597], [-119.2683, 37.5978], [-119.2716, 37.5978], [-119.2718, 37.5972], [-119.2739, 37.5968], [-119.2741, 37.5984], [-119.275, 37.5992], [-119.2745, 37.6001], [-119.2754, 37.6014], [-119.2745, 37.6028], [-119.2754, 37.6027], [-119.2757, 37.6051], [-119.2758, 37.6046], [-119.2775, 37.6048], [-119.2778, 37.6063], [-119.2785, 37.6053], [-119.2788, 37.6084], [-119.2796, 37.6087], [-119.2783, 37.6104], [-119.2788, 37.6108], [-119.2779, 37.611], [-119.2787, 37.6111], [-119.279, 37.6123], [-119.2783, 37.6126], [-119.2797, 37.6128], [-119.2786, 37.6134], [-119.2792, 37.6145], [-119.2773, 37.6142], [-119.277, 37.6137], [-119.278, 37.6137], [-119.277, 37.6131], [-119.276, 37.6134], [-119.2748, 37.6114], [-119.2771, 37.61], [-119.2753, 37.6092], [-119.2743, 37.6098], [-119.274, 37.6083], [-119.2747, 37.6076], [-119.2736, 37.6078], [-119.2735, 37.6069], [-119.2722, 37.6068], [-119.2722, 37.6052], [-119.2713, 37.6058], [-119.2718, 37.6049], [-119.2704, 37.6051], [-119.2704, 37.6042], [-119.2694, 37.6036], [-119.2707, 37.6027], [-119.2695, 37.6026], [-119.2699, 37.6018], [-119.2674, 37.6015], [-119.2682, 37.6019], [-119.2675, 37.6025], [-119.2671, 37.6018], [-119.2657, 37.6022], [-119.2663, 37.6014], [-119.2639, 37.6018], [-119.2627, 37.6033], [-119.2638, 37.6049], [-119.262, 37.6054], [-119.2609, 37.6049], [-119.2604, 37.6054], [-119.2617, 37.6058], [-119.2604, 37.6056], [-119.2598, 37.6063], [-119.2618, 37.607], [-119.2628, 37.6082], [-119.2633, 37.6077], [-119.2629, 37.6094], [-119.2634, 37.6098], [-119.264, 37.6093], [-119.2645, 37.6114], [-119.2638, 37.6123], [-119.2637, 37.6117], [-119.2618, 37.6126], [-119.2627, 37.6142], [-119.2616, 37.6167], [-119.261, 37.6155], [-119.2603, 37.6156], [-119.2607, 37.6151], [-119.26, 37.6154], [-119.2597, 37.614], [-119.2579, 37.6141], [-119.2588, 37.6147], [-119.2574, 37.6153], [-119.2575, 37.6177], [-119.2585, 37.6177], [-119.2574, 37.6181], [-119.2593, 37.6194], [-119.2588, 37.6199], [-119.2567, 37.6196], [-119.2573, 37.6201], [-119.2567, 37.6208], [-119.2546, 37.621], [-119.256, 37.6217], [-119.2555, 37.6223], [-119.2567, 37.6226], [-119.2568, 37.6239], [-119.2534, 37.6237], [-119.2527, 37.6216], [-119.2501, 37.6224], [-119.2486, 37.6215], [-119.248, 37.6199], [-119.2491, 37.6202], [-119.2499, 37.6192], [-119.2474, 37.619], [-119.2468, 37.6207], [-119.2477, 37.6234], [-119.2451, 37.6225], [-119.244, 37.6229], [-119.2432, 37.6213], [-119.2416, 37.6219], [-119.2433, 37.6237], [-119.2423, 37.6242], [-119.2433, 37.625], [-119.2398, 37.6268], [-119.2421, 37.6262], [-119.2431, 37.6264], [-119.243, 37.6269], [-119.2436, 37.627], [-119.2466, 37.6252], [-119.2476, 37.6264], [-119.2473, 37.6274], [-119.248, 37.6274], [-119.2485, 37.6283], [-119.246, 37.6298], [-119.2452, 37.6319], [-119.2458, 37.6322], [-119.2433, 37.635], [-119.2408, 37.6348], [-119.2408, 37.6364], [-119.2394, 37.6358], [-119.2393, 37.6366], [-119.2409, 37.6376], [-119.2416, 37.6397], [-119.24, 37.6401], [-119.2394, 37.6384], [-119.2365, 37.6386], [-119.2362, 37.6376], [-119.2371, 37.6375], [-119.2369, 37.6368], [-119.2353, 37.6375], [-119.2348, 37.6361], [-119.2337, 37.6366], [-119.2336, 37.6375], [-119.2358, 37.6384], [-119.2355, 37.6391], [-119.2341, 37.6392], [-119.2341, 37.6408], [-119.2332, 37.6419], [-119.2332, 37.6431], [-119.2347, 37.6443], [-119.2351, 37.6457], [-119.2339, 37.6455], [-119.2336, 37.6462], [-119.2326, 37.6453], [-119.2334, 37.6443], [-119.2324, 37.6434], [-119.2313, 37.6437], [-119.231, 37.6394], [-119.2285, 37.6388], [-119.2273, 37.6375], [-119.226, 37.6395], [-119.2241, 37.6384], [-119.2235, 37.6366], [-119.2249, 37.6348], [-119.2248, 37.6333], [-119.2223, 37.6266], [-119.2216, 37.6269], [-119.2225, 37.6292], [-119.2216, 37.6288], [-119.2214, 37.6278], [-119.2204, 37.6284], [-119.2207, 37.6311], [-119.2197, 37.6306], [-119.219, 37.6329], [-119.22, 37.6337], [-119.2184, 37.6351], [-119.2193, 37.6362], [-119.2187, 37.6365], [-119.2195, 37.6366], [-119.2198, 37.6351], [-119.221, 37.6349], [-119.2205, 37.6378], [-119.2197, 37.6366], [-119.2171, 37.639], [-119.2134, 37.6387], [-119.2128, 37.6391], [-119.2141, 37.6405], [-119.2132, 37.6413], [-119.2116, 37.641], [-119.2125, 37.6404], [-119.2118, 37.6395], [-119.2111, 37.6394], [-119.2106, 37.6401], [-119.211, 37.6394], [-119.2101, 37.6394], [-119.208, 37.6409], [-119.2088, 37.6418], [-119.2096, 37.6417], [-119.2091, 37.6425], [-119.2079, 37.6426], [-119.2089, 37.6419], [-119.2081, 37.6416], [-119.2068, 37.643], [-119.2056, 37.6427], [-119.206, 37.6421], [-119.2048, 37.6425], [-119.2056, 37.6405], [-119.2067, 37.6404], [-119.2063, 37.6393], [-119.2077, 37.6387], [-119.2077, 37.6371], [-119.2098, 37.6342], [-119.21, 37.6328], [-119.2123, 37.6317], [-119.2125, 37.6309], [-119.2112, 37.6299], [-119.2115, 37.6283], [-119.2134, 37.6272], [-119.2162, 37.6271], [-119.2183, 37.6248], [-119.2164, 37.624], [-119.2177, 37.6235], [-119.2163, 37.6231], [-119.2187, 37.6226], [-119.2212, 37.6193], [-119.2248, 37.6177], [-119.2237, 37.6171], [-119.2243, 37.616], [-119.2235, 37.6148], [-119.2212, 37.6155], [-119.2198, 37.6151], [-119.219, 37.6128], [-119.2171, 37.6141], [-119.2173, 37.6128], [-119.2212, 37.609], [-119.2226, 37.606], [-119.2219, 37.6049], [-119.2212, 37.6052], [-119.2214, 37.6066], [-119.2201, 37.6074], [-119.2202, 37.6053], [-119.2227, 37.6003], [-119.2223, 37.5999], [-119.2209, 37.6004], [-119.2207, 37.5994], [-119.2217, 37.5993], [-119.2219, 37.5971], [-119.2235, 37.5976], [-119.2244, 37.5961], [-119.2238, 37.596], [-119.2242, 37.5944], [-119.2247, 37.5946], [-119.2225, 37.5933], [-119.2215, 37.5917], [-119.2186, 37.5928], [-119.2204, 37.5911], [-119.2193, 37.5905], [-119.2185, 37.5874], [-119.2199, 37.5841], [-119.2182, 37.5837], [-119.2189, 37.5828], [-119.22, 37.5826], [-119.2178, 37.582], [-119.2161, 37.5834], [-119.2158, 37.5829], [-119.2175, 37.581], [-119.2188, 37.5809], [-119.2193, 37.5814], [-119.2227, 37.5804], [-119.2225, 37.5777], [-119.2182, 37.5734], [-119.2189, 37.5729], [-119.2184, 37.5718], [-119.2214, 37.5721], [-119.2224, 37.5731], [-119.2244, 37.5726], [-119.2256, 37.5716], [-119.2235, 37.5702], [-119.2224, 37.5706], [-119.222, 37.5694], [-119.2192, 37.5679], [-119.218, 37.5687], [-119.217, 37.568], [-119.2149, 37.5689], [-119.2132, 37.5686], [-119.2127, 37.5681], [-119.2132, 37.5673], [-119.2116, 37.5662], [-119.2132, 37.5643], [-119.2115, 37.5642], [-119.2103, 37.5631], [-119.2067, 37.5578], [-119.207, 37.5547], [-119.2096, 37.5541], [-119.211, 37.5519], [-119.2156, 37.551], [-119.2145, 37.5498], [-119.2148, 37.5484], [-119.2119, 37.549], [-119.2109, 37.5482], [-119.2091, 37.5494], [-119.21, 37.5517], [-119.2082, 37.5535], [-119.2074, 37.5532], [-119.2078, 37.5481], [-119.2061, 37.5462], [-119.2072, 37.5453], [-119.2064, 37.5422], [-119.2079, 37.5412], [-119.2078, 37.5397], [-119.2045, 37.5387], [-119.2032, 37.5407], [-119.205, 37.5427], [-119.2055, 37.5465], [-119.207, 37.549], [-119.2058, 37.5519], [-119.2049, 37.5521], [-119.2039, 37.5509], [-119.2031, 37.5512], [-119.2026, 37.5542], [-119.2001, 37.5525], [-119.1995, 37.5496], [-119.1984, 37.5503], [-119.1964, 37.5499], [-119.1945, 37.5522], [-119.1934, 37.5508], [-119.1919, 37.5511], [-119.1892, 37.5503], [-119.1874, 37.5484], [-119.1883, 37.5458], [-119.1866, 37.5445], [-119.184, 37.5442], [-119.1801, 37.5463], [-119.178, 37.5445], [-119.1761, 37.5456], [-119.176, 37.545], [-119.1753, 37.5451], [-119.1754, 37.5461], [-119.1766, 37.546], [-119.1761, 37.5474], [-119.1768, 37.549], [-119.1753, 37.5502], [-119.1744, 37.5496], [-119.1747, 37.5488], [-119.1736, 37.5495], [-119.1726, 37.5489], [-119.1728, 37.5474], [-119.1741, 37.5473], [-119.1743, 37.5462], [-119.1711, 37.5444], [-119.1699, 37.5455], [-119.1704, 37.5467], [-119.1694, 37.5486], [-119.1704, 37.5491], [-119.1701, 37.55], [-119.1696, 37.5493], [-119.1701, 37.551], [-119.1692, 37.5517], [-119.1688, 37.5509], [-119.1666, 37.5547], [-119.1671, 37.5556], [-119.1658, 37.5558], [-119.1652, 37.5572], [-119.1658, 37.5584], [-119.1661, 37.5575], [-119.1665, 37.5586], [-119.1653, 37.5593], [-119.1641, 37.5586], [-119.1622, 37.5597], [-119.161, 37.5592], [-119.1617, 37.559], [-119.1618, 37.5578], [-119.1637, 37.5575], [-119.1656, 37.5557], [-119.1647, 37.5555], [-119.1637, 37.5532], [-119.1632, 37.5544], [-119.1626, 37.5539], [-119.1614, 37.5544], [-119.1627, 37.5537], [-119.1628, 37.5529], [-119.1615, 37.5522], [-119.1602, 37.5525], [-119.1602, 37.5499], [-119.163, 37.5488], [-119.162, 37.5503], [-119.1611, 37.5498], [-119.1605, 37.5512], [-119.1608, 37.5517], [-119.1624, 37.5511], [-119.1631, 37.552], [-119.1643, 37.551], [-119.1634, 37.5505], [-119.1639, 37.5489], [-119.1653, 37.5497], [-119.1647, 37.5504], [-119.1656, 37.5504], [-119.166, 37.5474], [-119.1652, 37.5476], [-119.1646, 37.5469], [-119.1667, 37.5471], [-119.167, 37.5464], [-119.1681, 37.5472], [-119.1697, 37.5468], [-119.1685, 37.5464], [-119.169, 37.5456], [-119.1677, 37.5463], [-119.1666, 37.5452], [-119.1674, 37.544], [-119.1722, 37.5442], [-119.1723, 37.5424], [-119.1716, 37.5431], [-119.1709, 37.5423], [-119.1696, 37.5426], [-119.1683, 37.5435], [-119.1678, 37.5409], [-119.1683, 37.5413], [-119.1705, 37.5407], [-119.1719, 37.5418], [-119.1737, 37.5399], [-119.1725, 37.5389], [-119.1699, 37.5395], [-119.1694, 37.5406], [-119.1671, 37.5404], [-119.1665, 37.5421], [-119.165, 37.5423], [-119.1653, 37.5415], [-119.1644, 37.5412], [-119.1628, 37.5415], [-119.1618, 37.5432], [-119.1611, 37.5431], [-119.1616, 37.5424], [-119.1601, 37.5421], [-119.1605, 37.541], [-119.1592, 37.5407], [-119.1576, 37.5417], [-119.1572, 37.5399], [-119.1546, 37.5399], [-119.1542, 37.5409], [-119.157, 37.5405], [-119.157, 37.5413], [-119.1558, 37.542], [-119.156, 37.5435], [-119.1549, 37.5431], [-119.1517, 37.5462], [-119.1506, 37.5464], [-119.1496, 37.5453], [-119.1496, 37.5469], [-119.1492, 37.546], [-119.1459, 37.5476], [-119.1458, 37.547], [-119.1444, 37.5471], [-119.1449, 37.5484], [-119.1433, 37.5475], [-119.1421, 37.5485], [-119.1399, 37.5486], [-119.1381, 37.5474], [-119.138, 37.5485], [-119.1396, 37.5485], [-119.1388, 37.5489], [-119.1393, 37.5494], [-119.1383, 37.55], [-119.1379, 37.5491], [-119.1362, 37.5491], [-119.1351, 37.5511], [-119.1331, 37.5525], [-119.1338, 37.5538], [-119.1324, 37.5539], [-119.1306, 37.5565], [-119.1307, 37.5541], [-119.1321, 37.5533], [-119.1292, 37.5515], [-119.1267, 37.5534], [-119.1262, 37.5528], [-119.1256, 37.5532], [-119.1256, 37.5527], [-119.1242, 37.5531], [-119.1223, 37.5525], [-119.1219, 37.553], [-119.1208, 37.5524], [-119.1205, 37.5531], [-119.1194, 37.5531], [-119.1192, 37.5543], [-119.1182, 37.5542], [-119.1181, 37.5535], [-119.1172, 37.5538], [-119.1171, 37.5559], [-119.115, 37.5547], [-119.1142, 37.5555], [-119.1139, 37.5534], [-119.116, 37.5538], [-119.1161, 37.5518], [-119.1171, 37.5506], [-119.1139, 37.5494], [-119.1169, 37.5491], [-119.1176, 37.5483], [-119.1166, 37.548], [-119.1154, 37.5481], [-119.1152, 37.5488], [-119.1138, 37.5483], [-119.1128, 37.549], [-119.1132, 37.5496], [-119.1119, 37.5527], [-119.11, 37.5524], [-119.1116, 37.5505], [-119.11, 37.5506], [-119.1101, 37.5524], [-119.1089, 37.553], [-119.109, 37.554], [-119.108, 37.5538], [-119.1072, 37.5545], [-119.1072, 37.5554], [-119.1044, 37.5555], [-119.1027, 37.554], [-119.1024, 37.5556], [-119.1015, 37.5553], [-119.1012, 37.556], [-119.1011, 37.5534], [-119.1028, 37.5527], [-119.1025, 37.552], [-119.1047, 37.5517], [-119.1048, 37.5532], [-119.1039, 37.5527], [-119.1046, 37.5536], [-119.1096, 37.5513], [-119.1096, 37.5495], [-119.1116, 37.5505], [-119.1119, 37.55], [-119.1104, 37.5495], [-119.1097, 37.548], [-119.1104, 37.5471], [-119.1094, 37.5468], [-119.1094, 37.5455], [-119.11, 37.5459], [-119.1096, 37.5465], [-119.1129, 37.547], [-119.1127, 37.5457], [-119.114, 37.5456], [-119.1136, 37.5449], [-119.1146, 37.5442], [-119.1156, 37.5443], [-119.1156, 37.5433], [-119.1138, 37.5441], [-119.1131, 37.5441], [-119.1132, 37.5432], [-119.1097, 37.5433], [-119.1083, 37.5447], [-119.1065, 37.5446], [-119.1065, 37.5455], [-119.1076, 37.5459], [-119.1071, 37.5471], [-119.1034, 37.5469], [-119.1021, 37.5475], [-119.1007, 37.5471], [-119.101, 37.5478], [-119.0991, 37.5484], [-119.0972, 37.5483], [-119.0972, 37.5476], [-119.0948, 37.5482], [-119.0936, 37.5478], [-119.0947, 37.5463], [-119.0942, 37.5458], [-119.093, 37.5456], [-119.0917, 37.5467], [-119.0901, 37.5449], [-119.0879, 37.5466], [-119.088, 37.5485], [-119.0898, 37.5494], [-119.0896, 37.55], [-119.0888, 37.5496], [-119.0884, 37.5517], [-119.0866, 37.552], [-119.0861, 37.5535], [-119.0853, 37.5525], [-119.0847, 37.5534], [-119.0811, 37.5539], [-119.0807, 37.5533], [-119.0792, 37.5539], [-119.0781, 37.5533], [-119.0813, 37.5517], [-119.0786, 37.5523], [-119.0783, 37.5519], [-119.082, 37.5512], [-119.084, 37.5517], [-119.0854, 37.5509], [-119.082, 37.5508], [-119.0798, 37.5498], [-119.0808, 37.5491], [-119.0782, 37.5488], [-119.0784, 37.548], [-119.0798, 37.5481], [-119.0789, 37.5469], [-119.0798, 37.5462], [-119.0788, 37.5452], [-119.0736, 37.5466], [-119.0721, 37.5456], [-119.0704, 37.5468], [-119.0691, 37.5465], [-119.0714, 37.543], [-119.073, 37.5429], [-119.0721, 37.544], [-119.0723, 37.5451], [-119.0732, 37.5444], [-119.0745, 37.5448], [-119.0748, 37.5437], [-119.0772, 37.5429], [-119.0767, 37.5426], [-119.0774, 37.5419], [-119.0766, 37.5412], [-119.0775, 37.5401], [-119.0795, 37.5396], [-119.0821, 37.5375], [-119.0833, 37.5381], [-119.0834, 37.5373], [-119.085, 37.5368], [-119.0881, 37.5369], [-119.0901, 37.5384], [-119.0912, 37.5382], [-119.0928, 37.5418], [-119.0951, 37.5418], [-119.0951, 37.5424], [-119.0955, 37.5412], [-119.0974, 37.5416], [-119.0978, 37.5425], [-119.0985, 37.5423], [-119.0984, 37.5433], [-119.1008, 37.5426], [-119.1005, 37.5412], [-119.0989, 37.5411], [-119.1005, 37.5408], [-119.0992, 37.5391], [-119.1, 37.5382], [-119.1015, 37.5391], [-119.1022, 37.5385], [-119.1039, 37.5402], [-119.1051, 37.5398], [-119.1058, 37.5413], [-119.1065, 37.5403], [-119.1058, 37.5398], [-119.1076, 37.5399], [-119.1076, 37.5409], [-119.1061, 37.5415], [-119.1054, 37.5413], [-119.1065, 37.5418], [-119.1063, 37.5424], [-119.1069, 37.542], [-119.1072, 37.5426], [-119.1078, 37.5416], [-119.1082, 37.5427], [-119.1121, 37.5425], [-119.109, 37.5411], [-119.1103, 37.5404], [-119.1094, 37.5397], [-119.1112, 37.5381], [-119.113, 37.5399], [-119.1129, 37.5358], [-119.1142, 37.5342], [-119.1128, 37.5329], [-119.1131, 37.5306], [-119.1116, 37.5299], [-119.1113, 37.5283], [-119.1105, 37.5287], [-119.1097, 37.5279], [-119.1086, 37.528], [-119.1097, 37.5267], [-119.1112, 37.5268], [-119.1093, 37.5261], [-119.1098, 37.5253], [-119.1087, 37.5253], [-119.1083, 37.527], [-119.1073, 37.5276], [-119.1066, 37.5268], [-119.1063, 37.5276], [-119.1061, 37.5271], [-119.1045, 37.5274], [-119.1058, 37.5259], [-119.1045, 37.5257], [-119.1048, 37.5239], [-119.1035, 37.5232], [-119.1033, 37.5223], [-119.1055, 37.5213], [-119.1044, 37.521], [-119.1043, 37.5202], [-119.1056, 37.5207], [-119.105, 37.5203], [-119.1088, 37.5159], [-119.1127, 37.5153], [-119.1121, 37.514], [-119.1134, 37.5136], [-119.1136, 37.5102], [-119.1148, 37.5102], [-119.1152, 37.5113], [-119.1161, 37.5105], [-119.1172, 37.5113], [-119.1186, 37.5104], [-119.1176, 37.5102], [-119.1174, 37.509], [-119.1193, 37.5093], [-119.1202, 37.5084], [-119.1218, 37.5092], [-119.1209, 37.509], [-119.1209, 37.51], [-119.1222, 37.5102], [-119.1247, 37.5069], [-119.1262, 37.507], [-119.1253, 37.5066], [-119.1253, 37.5058], [-119.128, 37.5062], [-119.1292, 37.5049], [-119.1285, 37.504], [-119.1299, 37.5033], [-119.1296, 37.504], [-119.1303, 37.5034], [-119.1308, 37.5038], [-119.1311, 37.5029], [-119.1318, 37.5034], [-119.1307, 37.5017], [-119.1303, 37.5024], [-119.1297, 37.5018], [-119.1309, 37.5011], [-119.1319, 37.5013], [-119.1327, 37.5004], [-119.1261, 37.498], [-119.1258, 37.4966], [-119.1252, 37.4972], [-119.1247, 37.4959], [-119.1241, 37.4961], [-119.1247, 37.4953], [-119.1235, 37.4946], [-119.1243, 37.4939], [-119.1236, 37.493], [-119.1227, 37.493], [-119.1223, 37.4919], [-119.1225, 37.4913], [-119.1235, 37.4927], [-119.1236, 37.4909], [-119.1248, 37.4905], [-119.129, 37.4913], [-119.1284, 37.4905], [-119.1289, 37.4894], [-119.1275, 37.4895], [-119.1273, 37.4886], [-119.1258, 37.4883], [-119.1252, 37.4876], [-119.1234, 37.4889], [-119.1227, 37.4879], [-119.122, 37.4896], [-119.1211, 37.4896], [-119.1212, 37.4882], [-119.1204, 37.4886], [-119.1209, 37.4892], [-119.1202, 37.4893], [-119.1194, 37.4889], [-119.1198, 37.4871], [-119.1177, 37.4861], [-119.118, 37.4852], [-119.116, 37.4836], [-119.1136, 37.4832], [-119.1138, 37.4828], [-119.1131, 37.4833], [-119.1135, 37.4838], [-119.1119, 37.4837], [-119.1118, 37.4826], [-119.113, 37.4825], [-119.1128, 37.4815], [-119.1147, 37.4829], [-119.1158, 37.4827], [-119.1146, 37.4798], [-119.1153, 37.4791], [-119.1142, 37.4786], [-119.1158, 37.4767], [-119.1147, 37.4763], [-119.115, 37.4749], [-119.1154, 37.4753], [-119.1158, 37.4748], [-119.1148, 37.4743], [-119.1156, 37.4744], [-119.1159, 37.4736], [-119.1167, 37.474], [-119.1168, 37.4729], [-119.1169, 37.4735], [-119.1181, 37.473], [-119.1182, 37.4723], [-119.1167, 37.4717], [-119.1181, 37.4714], [-119.1184, 37.4718], [-119.1178, 37.4708], [-119.1189, 37.471], [-119.1195, 37.4703], [-119.1172, 37.4694], [-119.118, 37.469], [-119.1176, 37.4686], [-119.1166, 37.4694], [-119.1171, 37.4698], [-119.1161, 37.4693], [-119.1152, 37.4703], [-119.1142, 37.4701], [-119.1136, 37.4686], [-119.1124, 37.4691], [-119.1114, 37.4682], [-119.1133, 37.4667], [-119.1125, 37.4656], [-119.1145, 37.4655], [-119.1133, 37.4648], [-119.1136, 37.464], [-119.1127, 37.4637], [-119.1123, 37.4642], [-119.1118, 37.4636], [-119.1112, 37.4641], [-119.1115, 37.4634], [-119.1124, 37.4633], [-119.1113, 37.4631], [-119.1108, 37.4638], [-119.1096, 37.463], [-119.1095, 37.4636], [-119.1077, 37.4637], [-119.1077, 37.463], [-119.1066, 37.4627], [-119.1062, 37.4649], [-119.106, 37.4643], [-119.1053, 37.4653], [-119.1028, 37.4648], [-119.1033, 37.4659], [-119.1014, 37.466], [-119.1009, 37.4648], [-119.1005, 37.4664], [-119.0999, 37.4657], [-119.1004, 37.463], [-119.0993, 37.4616], [-119.0978, 37.4614], [-119.0983, 37.4601], [-119.0974, 37.4598], [-119.0973, 37.4612], [-119.0962, 37.4622], [-119.0952, 37.462], [-119.0957, 37.4617], [-119.0955, 37.4614], [-119.0945, 37.4616], [-119.0953, 37.461], [-119.0949, 37.4606], [-119.0932, 37.4611], [-119.0932, 37.4592], [-119.0922, 37.4604], [-119.0919, 37.4603], [-119.0909, 37.4607], [-119.0906, 37.4606], [-119.0927, 37.4586], [-119.0934, 37.459], [-119.0938, 37.458], [-119.093, 37.4576], [-119.0921, 37.4588], [-119.0919, 37.4577], [-119.0911, 37.4579], [-119.091, 37.4588], [-119.0904, 37.4578], [-119.0918, 37.4571], [-119.0889, 37.4578], [-119.0891, 37.457], [-119.0919, 37.4567], [-119.0914, 37.4558], [-119.0925, 37.4554], [-119.0946, 37.4555], [-119.0932, 37.4551], [-119.0927, 37.4542], [-119.0934, 37.4534], [-119.0921, 37.4541], [-119.0923, 37.4529], [-119.0912, 37.4524], [-119.0911, 37.4509], [-119.0926, 37.4509], [-119.0935, 37.4503], [-119.0926, 37.4499], [-119.0918, 37.4506], [-119.0896, 37.4507], [-119.0884, 37.4502], [-119.0884, 37.4496], [-119.09, 37.4495], [-119.0887, 37.4495], [-119.0886, 37.449], [-119.0904, 37.4494], [-119.0907, 37.4501], [-119.0935, 37.449], [-119.0933, 37.4478], [-119.0953, 37.4483], [-119.0956, 37.4477], [-119.0948, 37.4474], [-119.096, 37.4477], [-119.0965, 37.4471], [-119.0957, 37.4469], [-119.0956, 37.4458], [-119.0947, 37.4472], [-119.0917, 37.4472], [-119.0898, 37.4464], [-119.0906, 37.446], [-119.0901, 37.4453], [-119.0895, 37.4458], [-119.0884, 37.4453], [-119.0887, 37.4461], [-119.0869, 37.4463], [-119.0869, 37.4474], [-119.0862, 37.4477], [-119.0857, 37.4471], [-119.0856, 37.4485], [-119.0829, 37.4482], [-119.0829, 37.4474], [-119.0813, 37.4477], [-119.0794, 37.4464], [-119.0793, 37.4468], [-119.0787, 37.4467], [-119.0792, 37.4451], [-119.0782, 37.4451], [-119.0778, 37.4443], [-119.0767, 37.4446], [-119.0751, 37.4429], [-119.0756, 37.4426], [-119.0739, 37.442], [-119.0751, 37.4405], [-119.0741, 37.4404], [-119.0743, 37.4397], [-119.0761, 37.4386], [-119.0774, 37.4392], [-119.0772, 37.4398], [-119.0781, 37.4396], [-119.079, 37.4403], [-119.079, 37.4428], [-119.0808, 37.4421], [-119.0812, 37.4396], [-119.084, 37.4394], [-119.0827, 37.4389], [-119.0828, 37.4379], [-119.0822, 37.4383], [-119.0813, 37.4379], [-119.0815, 37.4366], [-119.0795, 37.4365], [-119.0802, 37.4357], [-119.0796, 37.4353], [-119.0778, 37.4357], [-119.0778, 37.4372], [-119.0767, 37.4358], [-119.0748, 37.4377], [-119.0741, 37.4361], [-119.073, 37.4355], [-119.0741, 37.4348], [-119.0738, 37.4338], [-119.0753, 37.4341], [-119.0745, 37.4353], [-119.0757, 37.4354], [-119.0758, 37.4333], [-119.0777, 37.4322], [-119.0796, 37.4295], [-119.0811, 37.429], [-119.081, 37.4302], [-119.0816, 37.4303], [-119.0821, 37.4289], [-119.0807, 37.4278], [-119.0821, 37.4274], [-119.0812, 37.4274], [-119.0808, 37.4266], [-119.0821, 37.4254], [-119.081, 37.4248], [-119.0802, 37.425], [-119.0805, 37.4255], [-119.0797, 37.4251], [-119.0801, 37.4258], [-119.0787, 37.4258], [-119.0766, 37.4279], [-119.0766, 37.4287], [-119.0753, 37.4291], [-119.076, 37.4278], [-119.0755, 37.4271], [-119.0764, 37.4274], [-119.0768, 37.4264], [-119.0758, 37.4266], [-119.0765, 37.4257], [-119.0752, 37.4254], [-119.0751, 37.4262], [-119.0731, 37.4271], [-119.0717, 37.4265], [-119.0718, 37.4274], [-119.0709, 37.4277], [-119.0709, 37.4269], [-119.07, 37.4271], [-119.0694, 37.4279], [-119.07, 37.4284], [-119.0661, 37.4299], [-119.0656, 37.4307], [-119.0654, 37.4301], [-119.0647, 37.4309], [-119.0643, 37.4301], [-119.0635, 37.4312], [-119.0619, 37.4307], [-119.0642, 37.4288], [-119.0656, 37.4289], [-119.0651, 37.4296], [-119.0653, 37.4298], [-119.0667, 37.4295], [-119.0666, 37.4289], [-119.0671, 37.4292], [-119.0683, 37.4282], [-119.0684, 37.4268], [-119.0685, 37.4273], [-119.0697, 37.4267], [-119.0693, 37.4258], [-119.0707, 37.4252], [-119.0705, 37.4241], [-119.0733, 37.4226], [-119.0719, 37.4215], [-119.0722, 37.4201], [-119.0692, 37.4208], [-119.0664, 37.4189], [-119.0678, 37.4183], [-119.0675, 37.4178], [-119.0644, 37.4173], [-119.0656, 37.4183], [-119.0646, 37.4186], [-119.0629, 37.4166], [-119.0644, 37.4165], [-119.0649, 37.4153], [-119.0626, 37.415], [-119.063, 37.4143], [-119.0617, 37.4149], [-119.0633, 37.4136], [-119.0629, 37.4132], [-119.0641, 37.4133], [-119.0641, 37.4129], [-119.0624, 37.4133], [-119.0634, 37.4129], [-119.0626, 37.412], [-119.0632, 37.4105], [-119.0617, 37.4101], [-119.0611, 37.4112], [-119.0594, 37.4106], [-119.059, 37.4113], [-119.0584, 37.4109], [-119.0588, 37.4094], [-119.0574, 37.4097], [-119.0548, 37.4088], [-119.0565, 37.4082], [-119.0553, 37.4078], [-119.0565, 37.4059], [-119.0558, 37.4056], [-119.0546, 37.4062], [-119.055, 37.4052], [-119.0541, 37.4036], [-119.0556, 37.4016], [-119.0542, 37.3995], [-119.0529, 37.3993], [-119.0528, 37.3982], [-119.0513, 37.398], [-119.0508, 37.3992], [-119.05, 37.3988], [-119.0503, 37.3994], [-119.052, 37.3995], [-119.0495, 37.4011], [-119.0476, 37.4], [-119.0461, 37.4002], [-119.0473, 37.4008], [-119.0455, 37.4015], [-119.0453, 37.4022], [-119.0469, 37.402], [-119.0449, 37.4036], [-119.0443, 37.4029], [-119.0428, 37.4039], [-119.0408, 37.4029], [-119.0393, 37.4031], [-119.0397, 37.4041], [-119.0411, 37.4044], [-119.0393, 37.405], [-119.0387, 37.4044], [-119.038, 37.4049], [-119.0367, 37.4044], [-119.037, 37.4023], [-119.0359, 37.4041], [-119.0357, 37.4034], [-119.0332, 37.404], [-119.0329, 37.4036], [-119.0341, 37.403], [-119.0337, 37.4025], [-119.0321, 37.4028], [-119.0324, 37.4037], [-119.0315, 37.4031], [-119.031, 37.4038], [-119.0292, 37.4034], [-119.0285, 37.4028], [-119.0295, 37.4026], [-119.0294, 37.4018], [-119.0288, 37.4014], [-119.0284, 37.4019], [-119.0284, 37.4012], [-119.0269, 37.4006], [-119.0267, 37.4018], [-119.0275, 37.4016], [-119.0277, 37.4022], [-119.0266, 37.4031], [-119.0269, 37.4036], [-119.0253, 37.4034], [-119.0257, 37.4042], [-119.024, 37.4043], [-119.0232, 37.4038], [-119.0234, 37.4019], [-119.0225, 37.4013], [-119.0232, 37.398], [-119.0209, 37.3993], [-119.0193, 37.3985], [-119.0179, 37.3994], [-119.0168, 37.3987], [-119.0159, 37.3998], [-119.0162, 37.4005], [-119.0143, 37.4002], [-119.0142, 37.4011], [-119.0136, 37.4006], [-119.014, 37.3999], [-119.0132, 37.4007], [-119.0125, 37.3998], [-119.0125, 37.4009], [-119.011, 37.4006], [-119.0103, 37.4019], [-119.0095, 37.4013], [-119.0103, 37.4007], [-119.0096, 37.4006], [-119.0097, 37.4], [-119.0081, 37.4009], [-119.008, 37.4003], [-119.0068, 37.4007], [-119.0064, 37.4002], [-119.0059, 37.4011], [-119.0064, 37.4015], [-119.0067, 37.401], [-119.0067, 37.4026], [-119.0082, 37.4025], [-119.0081, 37.4017], [-119.0091, 37.4017], [-119.009, 37.4027], [-119.0097, 37.403], [-119.0091, 37.4043], [-119.0108, 37.4038], [-119.0116, 37.4057], [-119.0103, 37.4062], [-119.0096, 37.4083], [-119.0065, 37.4102], [-119.0085, 37.4107], [-119.007, 37.4117], [-119.0076, 37.4119], [-119.0072, 37.4132], [-119.006, 37.4138], [-119.0057, 37.413], [-119.0064, 37.4128], [-119.0057, 37.4122], [-119.0066, 37.4112], [-119.0049, 37.4118], [-119.0035, 37.4109], [-119.0042, 37.4108], [-119.0038, 37.4101], [-119.0033, 37.4104], [-119.004, 37.4098], [-119.0027, 37.41], [-119.0015, 37.4091], [-119.0028, 37.4077], [-119.0015, 37.4078], [-119.0009, 37.4072], [-118.9992, 37.4075], [-118.9982, 37.4088], [-118.9975, 37.4085], [-118.9969, 37.4094], [-118.9956, 37.4093], [-118.9962, 37.41], [-118.9955, 37.4109], [-118.9949, 37.4099], [-118.9941, 37.4104], [-118.9936, 37.4094], [-118.9926, 37.4097], [-118.9922, 37.4104], [-118.9932, 37.4106], [-118.9939, 37.4122], [-118.9918, 37.4118], [-118.9914, 37.4132], [-118.9899, 37.4135], [-118.9908, 37.4138], [-118.9898, 37.414], [-118.989, 37.4175], [-118.9874, 37.4163], [-118.9886, 37.4156], [-118.9881, 37.4142], [-118.9888, 37.4126], [-118.9904, 37.4116], [-118.9895, 37.4113], [-118.9899, 37.4105], [-118.9892, 37.4109], [-118.9882, 37.4103], [-118.9876, 37.4112], [-118.9866, 37.4107], [-118.985, 37.4112], [-118.9872, 37.4118], [-118.9863, 37.4132], [-118.9868, 37.4141], [-118.985, 37.4158], [-118.9853, 37.4147], [-118.9847, 37.4141], [-118.9835, 37.4154], [-118.9853, 37.4124], [-118.9838, 37.4125], [-118.9831, 37.4118], [-118.9836, 37.4112], [-118.9826, 37.4111], [-118.9828, 37.4097], [-118.9811, 37.4094], [-118.9808, 37.4102], [-118.9806, 37.4097], [-118.9802, 37.41], [-118.9795, 37.4093], [-118.9799, 37.408], [-118.9771, 37.4071], [-118.9794, 37.4063], [-118.9797, 37.4052], [-118.9789, 37.4056], [-118.9776, 37.4047], [-118.9771, 37.4062], [-118.9761, 37.4059], [-118.9769, 37.4045], [-118.975, 37.4052], [-118.975, 37.4047], [-118.9732, 37.4041], [-118.9681, 37.4047], [-118.9684, 37.4043], [-118.9668, 37.4061], [-118.9669, 37.4052], [-118.966, 37.4048], [-118.9661, 37.4055], [-118.9645, 37.4054], [-118.9651, 37.4065], [-118.9633, 37.4061], [-118.9637, 37.4068], [-118.9612, 37.4076], [-118.9615, 37.4081], [-118.9603, 37.4089], [-118.9583, 37.4089], [-118.9585, 37.4096], [-118.957, 37.4098], [-118.9572, 37.4105], [-118.9557, 37.4098], [-118.9548, 37.4111], [-118.9564, 37.4104], [-118.9561, 37.4132], [-118.9556, 37.4129], [-118.955, 37.4135], [-118.9559, 37.4141], [-118.954, 37.4151], [-118.9543, 37.4165], [-118.9522, 37.4174], [-118.9522, 37.4187], [-118.9506, 37.4194], [-118.9504, 37.4188], [-118.9513, 37.4189], [-118.9516, 37.4182], [-118.9514, 37.4178], [-118.9507, 37.4175], [-118.9513, 37.4186], [-118.9504, 37.418], [-118.9501, 37.4192], [-118.9491, 37.4193], [-118.95, 37.4208], [-118.9487, 37.4216], [-118.9496, 37.4222], [-118.9489, 37.4226], [-118.9486, 37.4218], [-118.9474, 37.4218], [-118.9477, 37.4212], [-118.9467, 37.4199], [-118.9458, 37.4198], [-118.9459, 37.4189], [-118.9453, 37.4196], [-118.9438, 37.4195], [-118.9431, 37.4173], [-118.9449, 37.4161], [-118.9471, 37.4105], [-118.9465, 37.4098], [-118.9474, 37.4088], [-118.9464, 37.4093], [-118.9456, 37.4089], [-118.9456, 37.4081], [-118.9468, 37.4082], [-118.9466, 37.4077], [-118.9479, 37.4066], [-118.9473, 37.4044], [-118.9479, 37.4043], [-118.9489, 37.4055], [-118.9503, 37.4049], [-118.9513, 37.4026], [-118.952, 37.4029], [-118.9521, 37.4019], [-118.9537, 37.4008], [-118.9539, 37.4002], [-118.9521, 37.3988], [-118.9539, 37.399], [-118.9558, 37.3951], [-118.9562, 37.3957], [-118.9569, 37.3948], [-118.9576, 37.3953], [-118.9594, 37.3946], [-118.9596, 37.3938], [-118.964, 37.3922], [-118.9699, 37.3877], [-118.9701, 37.3882], [-118.9708, 37.388], [-118.9711, 37.3871], [-118.9754, 37.3863], [-118.9768, 37.3852], [-118.9777, 37.3857], [-118.9793, 37.3854], [-118.9793, 37.3861], [-118.981, 37.3855], [-118.9835, 37.3862], [-118.9845, 37.3851], [-118.9868, 37.3854], [-118.9871, 37.3861], [-118.9876, 37.385], [-118.9885, 37.3855], [-118.9897, 37.3847], [-118.9902, 37.3834], [-118.991, 37.3838], [-118.993, 37.3831], [-118.9951, 37.3813], [-118.9965, 37.3811], [-118.9981, 37.3823], [-118.9997, 37.3804], [-119.0035, 37.3819], [-119.0037, 37.3808], [-119.0062, 37.3794], [-119.0091, 37.3803], [-119.0086, 37.3808], [-119.0107, 37.3813], [-119.0125, 37.3831], [-119.0186, 37.3852], [-119.0198, 37.3853], [-119.0196, 37.3842], [-119.0212, 37.3838], [-119.0223, 37.3821], [-119.024, 37.3815], [-119.0232, 37.38], [-119.0213, 37.3793], [-119.0178, 37.376], [-119.0151, 37.3782], [-119.0139, 37.378], [-119.0137, 37.3766], [-119.0061, 37.3719], [-119.003, 37.3679], [-119.0037, 37.3636], [-119.0001, 37.3596], [-119.0005, 37.3526], [-119.0051, 37.3452], [-119.0032, 37.338], [-119.0018, 37.3402], [-118.9998, 37.3412], [-118.9932, 37.3361], [-118.9916, 37.3322], [-118.9939, 37.3264], [-118.9957, 37.3256], [-118.9997, 37.3216], [-118.9987, 37.3182], [-118.9971, 37.3171], [-118.9936, 37.3168], [-118.9923, 37.3195], [-118.9939, 37.3204], [-118.994, 37.3215], [-118.9931, 37.3224], [-118.9924, 37.3222], [-118.9903, 37.3191], [-118.9914, 37.3183], [-118.989, 37.3172], [-118.9905, 37.3169], [-118.9903, 37.3162], [-118.9889, 37.3151], [-118.9868, 37.3148], [-118.9862, 37.3126], [-118.9841, 37.3142], [-118.9805, 37.313], [-118.9809, 37.3112], [-118.9828, 37.3108], [-118.9821, 37.3087], [-118.9815, 37.3095], [-118.9808, 37.3094], [-118.9802, 37.308], [-118.9799, 37.3095], [-118.9789, 37.3101], [-118.9777, 37.3099], [-118.9775, 37.3116], [-118.9749, 37.312], [-118.9748, 37.3113], [-118.9724, 37.3108], [-118.9713, 37.3085], [-118.9722, 37.309], [-118.9727, 37.3076], [-118.9708, 37.3062], [-118.9716, 37.3039], [-118.9748, 37.305], [-118.9775, 37.3046], [-118.9763, 37.3034], [-118.9766, 37.3024], [-118.9748, 37.3022], [-118.9765, 37.2994], [-118.9752, 37.2974], [-118.9763, 37.2955], [-118.9751, 37.2942], [-118.9759, 37.2927], [-118.9776, 37.2919], [-118.9803, 37.2929], [-118.9821, 37.2917], [-118.9815, 37.2875], [-118.9831, 37.2867], [-118.982, 37.2859], [-118.9828, 37.2854], [-118.9819, 37.2833], [-118.9843, 37.2825], [-118.9871, 37.2827], [-118.9863, 37.2857], [-118.9876, 37.2861], [-118.9885, 37.2854], [-118.9886, 37.2837], [-118.9895, 37.2836], [-118.9897, 37.2846], [-118.9912, 37.2837], [-118.9913, 37.2856], [-118.9926, 37.2829], [-118.9942, 37.2829], [-118.9945, 37.2836], [-118.9931, 37.2852], [-118.9944, 37.2852], [-118.9962, 37.2867], [-118.9935, 37.2888], [-118.9922, 37.291], [-118.9925, 37.2941], [-118.9911, 37.2938], [-118.991, 37.2943], [-118.9919, 37.2952], [-118.9909, 37.2975], [-118.9931, 37.3012], [-118.9939, 37.2997], [-118.9931, 37.298], [-118.9949, 37.2973], [-118.996, 37.2955], [-118.9974, 37.2962], [-118.9984, 37.2992], [-118.9993, 37.2991], [-118.9996, 37.2983], [-119.001, 37.2977], [-118.9994, 37.296], [-118.9987, 37.2937], [-118.996, 37.2947], [-118.9933, 37.2931], [-118.9958, 37.2928], [-118.9964, 37.2912], [-118.9977, 37.2923], [-118.9993, 37.292], [-119.0002, 37.2905], [-119.0022, 37.2898], [-119.0048, 37.2906], [-119.0062, 37.292], [-119.0171, 37.2955], [-119.0222, 37.2992], [-119.0234, 37.3004], [-119.0249, 37.3048], [-119.0222, 37.3067], [-119.0223, 37.3088], [-119.0239, 37.3088], [-119.0242, 37.3077], [-119.0248, 37.3077], [-119.0258, 37.311], [-119.0289, 37.311], [-119.033, 37.314], [-119.0375, 37.3144], [-119.0395, 37.3156], [-119.0476, 37.3175], [-119.0504, 37.3157], [-119.0549, 37.315], [-119.0558, 37.3163], [-119.0581, 37.3168], [-119.059, 37.3188], [-119.0615, 37.32], [-119.0638, 37.3197], [-119.0634, 37.3203], [-119.0646, 37.3215], [-119.064, 37.3226], [-119.0666, 37.3219], [-119.0669, 37.3238], [-119.0687, 37.324], [-119.07, 37.3221], [-119.0681, 37.3204], [-119.0713, 37.3194], [-119.0725, 37.3203], [-119.0741, 37.3194], [-119.0743, 37.32], [-119.0802, 37.322], [-119.0814, 37.3242], [-119.0838, 37.3213], [-119.0838, 37.319], [-119.0865, 37.3213], [-119.0858, 37.324], [-119.089, 37.3253], [-119.0905, 37.3272], [-119.0912, 37.3271], [-119.0921, 37.3256], [-119.0933, 37.3257], [-119.0931, 37.3245], [-119.0941, 37.3244], [-119.0951, 37.3228], [-119.097, 37.3218], [-119.1002, 37.3228], [-119.1044, 37.3227], [-119.1059, 37.3206], [-119.1089, 37.3192], [-119.1074, 37.3171], [-119.1115, 37.3159], [-119.1153, 37.3124], [-119.1164, 37.3127], [-119.1167, 37.314], [-119.1179, 37.3147], [-119.1199, 37.3132], [-119.1217, 37.313], [-119.1243, 37.3139], [-119.1317, 37.3195], [-119.1364, 37.3184], [-119.1381, 37.3223], [-119.1412, 37.3261], [-119.144, 37.3262], [-119.1467, 37.3295], [-119.149, 37.3304], [-119.1509, 37.3319], [-119.1509, 37.3329], [-119.1531, 37.3338], [-119.155, 37.3357], [-119.1584, 37.3356], [-119.1591, 37.3329], [-119.1574, 37.3304], [-119.1594, 37.3298], [-119.1611, 37.3302], [-119.1621, 37.3294], [-119.1597, 37.325], [-119.1644, 37.3228], [-119.1672, 37.3251], [-119.1716, 37.3267], [-119.1729, 37.3266], [-119.1744, 37.3248], [-119.1761, 37.3254], [-119.1761, 37.3234], [-119.1775, 37.3232], [-119.1774, 37.3243], [-119.1788, 37.3258], [-119.1781, 37.3271], [-119.1807, 37.328], [-119.1806, 37.3272], [-119.1824, 37.3261], [-119.1848, 37.3285], [-119.186, 37.3283], [-119.1865, 37.3307], [-119.1877, 37.3314], [-119.1892, 37.3312], [-119.191, 37.3288], [-119.193, 37.3303], [-119.195, 37.3341], [-119.198, 37.3372], [-119.1991, 37.3365], [-119.1984, 37.3349], [-119.2014, 37.3348], [-119.2016, 37.3363], [-119.2035, 37.338], [-119.2098, 37.3354], [-119.2118, 37.3334], [-119.2135, 37.3332], [-119.2167, 37.3369], [-119.2197, 37.3383], [-119.219, 37.3393], [-119.2173, 37.339], [-119.2152, 37.3395], [-119.2148, 37.3411], [-119.2135, 37.3411], [-119.2147, 37.3427], [-119.213, 37.344], [-119.2134, 37.3462], [-119.2155, 37.3468], [-119.2146, 37.3476], [-119.217, 37.3508], [-119.2231, 37.3521], [-119.2243, 37.3549], [-119.2263, 37.3547], [-119.2275, 37.3557], [-119.2292, 37.3542], [-119.2332, 37.3556], [-119.2396, 37.3541], [-119.2428, 37.3542], [-119.2423, 37.3558], [-119.2433, 37.3563], [-119.2453, 37.3548], [-119.2439, 37.3527], [-119.2462, 37.3461], [-119.2501, 37.3453], [-119.2518, 37.3461], [-119.2538, 37.3448], [-119.2515, 37.3446], [-119.2492, 37.3421], [-119.249, 37.3416], [-119.2497, 37.3413], [-119.2485, 37.3405], [-119.2509, 37.3405], [-119.2505, 37.3395], [-119.2484, 37.3396], [-119.2494, 37.3387], [-119.2495, 37.3368], [-119.2454, 37.333], [-119.2448, 37.3338], [-119.2471, 37.338], [-119.2437, 37.3376], [-119.2435, 37.3371], [-119.2426, 37.3378], [-119.2427, 37.3371], [-119.2405, 37.3361], [-119.239, 37.3372], [-119.238, 37.337], [-119.2385, 37.3386], [-119.2365, 37.3402], [-119.2349, 37.3397], [-119.2335, 37.3371], [-119.2362, 37.3343], [-119.2364, 37.333], [-119.2375, 37.3325], [-119.2412, 37.3337], [-119.2426, 37.3317], [-119.2446, 37.3315], [-119.2465, 37.3325], [-119.2487, 37.331], [-119.2504, 37.3252], [-119.249, 37.3214], [-119.2498, 37.3186], [-119.2524, 37.3169], [-119.2528, 37.3143], [-119.258, 37.3136], [-119.2555, 37.312], [-119.2553, 37.3005], [-119.2538, 37.2987], [-119.2521, 37.2995], [-119.2506, 37.2983], [-119.2515, 37.2954], [-119.2454, 37.2907], [-119.245, 37.2894], [-119.2463, 37.2868], [-119.2444, 37.2836], [-119.2427, 37.2848], [-119.2359, 37.2873], [-119.227, 37.2861], [-119.2277, 37.2879], [-119.2288, 37.2868], [-119.23, 37.2878], [-119.231, 37.2876], [-119.2312, 37.2887], [-119.2286, 37.2899], [-119.2282, 37.289], [-119.2275, 37.2893], [-119.2275, 37.2887], [-119.2255, 37.2878], [-119.226, 37.2861], [-119.2182, 37.2843], [-119.2149, 37.2821], [-119.2149, 37.2806], [-119.214, 37.2808], [-119.2134, 37.2796], [-119.2148, 37.2787], [-119.2148, 37.2775], [-119.2123, 37.2763], [-119.2115, 37.2768], [-119.2119, 37.2782], [-119.2107, 37.2798], [-119.2114, 37.2802], [-119.2109, 37.2811], [-119.2089, 37.2808], [-119.2073, 37.2815], [-119.2067, 37.2829], [-119.2046, 37.283], [-119.2018, 37.2819], [-119.2027, 37.279], [-119.2007, 37.2791], [-119.1995, 37.2768], [-119.1976, 37.2788], [-119.1958, 37.2838], [-119.1939, 37.285], [-119.1933, 37.2846], [-119.1943, 37.2801], [-119.1938, 37.2795], [-119.1924, 37.2801], [-119.1917, 37.2797], [-119.1948, 37.275], [-119.1927, 37.2745], [-119.193, 37.2763], [-119.1918, 37.2765], [-119.1901, 37.278], [-119.1894, 37.2755], [-119.1908, 37.2744], [-119.1899, 37.2735], [-119.1911, 37.2713], [-119.1879, 37.2711], [-119.1865, 37.2723], [-119.1842, 37.2728], [-119.1841, 37.2734], [-119.1849, 37.2734], [-119.1843, 37.2763], [-119.1831, 37.2755], [-119.1843, 37.2748], [-119.1835, 37.2745], [-119.1836, 37.273], [-119.1831, 37.2735], [-119.1813, 37.2715], [-119.1739, 37.2724], [-119.1688, 37.2723], [-119.1659, 37.272], [-119.1617, 37.2704], [-119.1606, 37.2719], [-119.16, 37.2715], [-119.1588, 37.2724], [-119.1581, 37.2721], [-119.1582, 37.2707], [-119.1596, 37.2702], [-119.1588, 37.2676], [-119.1596, 37.2675], [-119.16, 37.2664], [-119.1612, 37.2666], [-119.1625, 37.2659], [-119.1604, 37.2657], [-119.1626, 37.2626], [-119.1617, 37.2611], [-119.1625, 37.2602], [-119.1703, 37.2569], [-119.1711, 37.2597], [-119.1754, 37.259], [-119.1763, 37.2573], [-119.1789, 37.255], [-119.1823, 37.2542], [-119.187, 37.25], [-119.1911, 37.2505], [-119.1916, 37.2499], [-119.193, 37.2497], [-119.1929, 37.2503], [-119.1941, 37.2496], [-119.1924, 37.2509], [-119.1933, 37.2514], [-119.1955, 37.2498], [-119.1955, 37.249], [-119.1985, 37.2482], [-119.1961, 37.2482], [-119.1979, 37.2469], [-119.1995, 37.2469], [-119.1983, 37.2466], [-119.1985, 37.2457], [-119.2014, 37.2456], [-119.2017, 37.2449], [-119.2007, 37.2448], [-119.2018, 37.2438], [-119.2007, 37.2442], [-119.1995, 37.2435], [-119.2, 37.2431], [-119.2106, 37.2393], [-119.2179, 37.2375], [-119.2235, 37.2377], [-119.2245, 37.2385], [-119.2243, 37.2395], [-119.2283, 37.239], [-119.2293, 37.2393], [-119.2296, 37.2404], [-119.2305, 37.2392], [-119.2336, 37.2382], [-119.2372, 37.238], [-119.2381, 37.2376], [-119.2379, 37.2371], [-119.2391, 37.2374], [-119.2391, 37.236], [-119.2359, 37.2354], [-119.2395, 37.2345], [-119.2396, 37.2325], [-119.2388, 37.2326], [-119.2384, 37.2318], [-119.2399, 37.2307], [-119.2389, 37.2307], [-119.2378, 37.2282], [-119.2362, 37.2291], [-119.2366, 37.2279], [-119.2346, 37.2269], [-119.2352, 37.2252], [-119.234, 37.2249], [-119.2361, 37.2224], [-119.2346, 37.2217], [-119.2292, 37.2256], [-119.226, 37.2262], [-119.2234, 37.2277], [-119.2218, 37.2271], [-119.2197, 37.2302], [-119.2201, 37.2315], [-119.2185, 37.232], [-119.2181, 37.2316], [-119.2174, 37.2328], [-119.2163, 37.2324], [-119.215, 37.233], [-119.2131, 37.2317], [-119.2111, 37.2334], [-119.2114, 37.2339], [-119.2064, 37.2348], [-119.1956, 37.2382], [-119.191, 37.2381], [-119.1877, 37.2393], [-119.1838, 37.2382], [-119.182, 37.2391], [-119.1814, 37.2381], [-119.1789, 37.2376], [-119.1808, 37.2367], [-119.1804, 37.2357], [-119.1793, 37.2362], [-119.1793, 37.2356], [-119.1764, 37.2357], [-119.1735, 37.2337], [-119.1718, 37.2365], [-119.1718, 37.238], [-119.1708, 37.2383], [-119.1698, 37.2374], [-119.1682, 37.2372], [-119.1686, 37.2358], [-119.167, 37.236], [-119.1672, 37.2339], [-119.1651, 37.2337], [-119.1644, 37.2329], [-119.1622, 37.2334], [-119.1611, 37.2362], [-119.1593, 37.2364], [-119.1572, 37.2378], [-119.1572, 37.2384], [-119.1584, 37.2385], [-119.1597, 37.2378], [-119.1598, 37.2391], [-119.1576, 37.2395], [-119.1596, 37.2395], [-119.1637, 37.2428], [-119.1627, 37.2438], [-119.1621, 37.2432], [-119.1588, 37.2438], [-119.1591, 37.2454], [-119.1605, 37.245], [-119.159, 37.2479], [-119.1577, 37.2473], [-119.1578, 37.2467], [-119.159, 37.2467], [-119.1582, 37.2464], [-119.1582, 37.2457], [-119.1562, 37.2457], [-119.1552, 37.2428], [-119.1538, 37.2435], [-119.1535, 37.2428], [-119.1523, 37.2438], [-119.1507, 37.2435], [-119.151, 37.245], [-119.1503, 37.2441], [-119.1484, 37.2443], [-119.1488, 37.2431], [-119.1467, 37.244], [-119.1463, 37.2428], [-119.1444, 37.2435], [-119.1445, 37.2425], [-119.1437, 37.2424], [-119.1422, 37.2436], [-119.1401, 37.2433], [-119.139, 37.2443], [-119.1394, 37.2451], [-119.1384, 37.2453], [-119.1391, 37.2436], [-119.1381, 37.2433], [-119.1383, 37.2424], [-119.1365, 37.2418], [-119.1332, 37.2448], [-119.1327, 37.2428], [-119.1268, 37.2435], [-119.1271, 37.2456], [-119.126, 37.244], [-119.1263, 37.243], [-119.1246, 37.2427], [-119.1267, 37.2402], [-119.128, 37.2402], [-119.1291, 37.2383], [-119.1299, 37.2393], [-119.1333, 37.238], [-119.1339, 37.2358], [-119.136, 37.2354], [-119.1366, 37.2338], [-119.14, 37.2337], [-119.1408, 37.2324], [-119.144, 37.2313], [-119.1411, 37.2305], [-119.1395, 37.2318], [-119.1398, 37.2324], [-119.1389, 37.2325], [-119.1386, 37.2312], [-119.1376, 37.2307], [-119.1372, 37.2311], [-119.1358, 37.2303], [-119.1343, 37.2311], [-119.1334, 37.2306], [-119.1357, 37.2284], [-119.1375, 37.2288], [-119.1388, 37.228], [-119.1395, 37.2273], [-119.139, 37.2261], [-119.1405, 37.2251], [-119.1403, 37.2236], [-119.1391, 37.2236], [-119.1394, 37.2224], [-119.1383, 37.2221], [-119.1373, 37.22], [-119.1396, 37.2199], [-119.1405, 37.2192], [-119.1462, 37.2191], [-119.147, 37.2182], [-119.1476, 37.2111], [-119.1469, 37.2096], [-119.1482, 37.2083], [-119.1478, 37.2075], [-119.1499, 37.2057], [-119.1497, 37.2049], [-119.1488, 37.205], [-119.1477, 37.2063], [-119.1467, 37.205], [-119.1478, 37.2016], [-119.1471, 37.2001], [-119.1479, 37.1998], [-119.1483, 37.1982], [-119.1476, 37.1981], [-119.1484, 37.1965], [-119.1471, 37.1967], [-119.1482, 37.1956], [-119.1494, 37.1952], [-119.1506, 37.1957], [-119.152, 37.1948], [-119.1513, 37.1943], [-119.152, 37.1934], [-119.1512, 37.1933], [-119.1508, 37.1922], [-119.1524, 37.1907], [-119.1512, 37.1897], [-119.1509, 37.1876], [-119.1526, 37.1866], [-119.1548, 37.1869], [-119.1585, 37.1832], [-119.1592, 37.1833], [-119.1583, 37.1814], [-119.1586, 37.1788], [-119.1594, 37.1786], [-119.1604, 37.1766], [-119.1614, 37.1765], [-119.1623, 37.1732], [-119.1638, 37.1735], [-119.1643, 37.1722], [-119.1661, 37.172], [-119.1676, 37.1729], [-119.1679, 37.1742], [-119.1717, 37.1738], [-119.1706, 37.1728], [-119.1706, 37.1712], [-119.1736, 37.1704], [-119.173, 37.1692], [-119.1749, 37.1688], [-119.1767, 37.1665], [-119.1797, 37.1666], [-119.1814, 37.1659], [-119.1835, 37.1634], [-119.1859, 37.1624], [-119.1891, 37.1592], [-119.1906, 37.1598], [-119.1917, 37.1568], [-119.1926, 37.157], [-119.193, 37.1564], [-119.1921, 37.1562], [-119.1924, 37.1545], [-119.1942, 37.1548], [-119.1938, 37.153], [-119.1949, 37.1526], [-119.1956, 37.1506], [-119.1944, 37.1488], [-119.1953, 37.1478], [-119.1965, 37.1479], [-119.1958, 37.1466], [-119.1968, 37.1466], [-119.1995, 37.1442], [-119.1983, 37.1433], [-119.1972, 37.1435], [-119.1982, 37.1404], [-119.1971, 37.1409], [-119.1963, 37.1398], [-119.1973, 37.1386], [-119.1957, 37.1387], [-119.194, 37.1351], [-119.1932, 37.1349], [-119.1916, 37.1362], [-119.193, 37.1371], [-119.1928, 37.1397], [-119.1934, 37.1398], [-119.1927, 37.1405], [-119.1915, 37.14], [-119.1904, 37.1404], [-119.1905, 37.1416], [-119.1915, 37.1418], [-119.1908, 37.1422], [-119.1908, 37.1435], [-119.1897, 37.1432], [-119.1901, 37.144], [-119.1893, 37.1444], [-119.1905, 37.1449], [-119.1894, 37.1448], [-119.1875, 37.1473], [-119.185, 37.1469], [-119.1832, 37.1478], [-119.1833, 37.1458], [-119.181, 37.1446], [-119.1824, 37.1424], [-119.1819, 37.1408], [-119.1838, 37.1382], [-119.1864, 37.1399], [-119.1882, 37.1397], [-119.1887, 37.1405], [-119.1887, 37.1396], [-119.1899, 37.139], [-119.1885, 37.1388], [-119.1893, 37.1369], [-119.1882, 37.1374], [-119.1882, 37.1363], [-119.1892, 37.1353], [-119.1928, 37.1343], [-119.1914, 37.1331], [-119.1921, 37.1324], [-119.1916, 37.1317], [-119.1906, 37.1315], [-119.1879, 37.1326], [-119.1877, 37.1317], [-119.186, 37.1323], [-119.1846, 37.1318], [-119.1866, 37.128], [-119.1857, 37.1259], [-119.1874, 37.1225], [-119.187, 37.1215], [-119.1882, 37.1213], [-119.1895, 37.1182], [-119.1886, 37.1163], [-119.1862, 37.1195], [-119.1854, 37.1188], [-119.1862, 37.1168], [-119.1856, 37.1169], [-119.1847, 37.1196], [-119.1836, 37.1201], [-119.1843, 37.122], [-119.1829, 37.1232], [-119.1834, 37.1239], [-119.1847, 37.124], [-119.1834, 37.125], [-119.1842, 37.1259], [-119.1825, 37.1263], [-119.1817, 37.1237], [-119.1829, 37.1202], [-119.1818, 37.1184], [-119.1829, 37.1172], [-119.1824, 37.1165], [-119.1835, 37.1164], [-119.1853, 37.1151], [-119.1862, 37.1159], [-119.1859, 37.1166], [-119.1873, 37.1163], [-119.1874, 37.1151], [-119.1863, 37.1142], [-119.1852, 37.1148], [-119.1855, 37.114], [-119.1847, 37.1142], [-119.1846, 37.1133], [-119.1873, 37.1141], [-119.1902, 37.1141], [-119.1909, 37.1151], [-119.1924, 37.1139], [-119.1936, 37.1145], [-119.1964, 37.1142], [-119.1984, 37.112], [-119.2006, 37.1151], [-119.2017, 37.1133], [-119.2017, 37.1119], [-119.2035, 37.1101], [-119.2027, 37.1091], [-119.2031, 37.1077], [-119.2064, 37.1036], [-119.207, 37.1031], [-119.2106, 37.1029], [-119.2117, 37.1053], [-119.2112, 37.1062], [-119.21, 37.1062], [-119.2108, 37.1089], [-119.2136, 37.1088], [-119.2132, 37.1099], [-119.2164, 37.1129], [-119.2146, 37.1142], [-119.2149, 37.1167], [-119.2166, 37.1165], [-119.2173, 37.1151], [-119.2195, 37.1159], [-119.2197, 37.1172], [-119.225, 37.1169], [-119.227, 37.1199], [-119.2292, 37.1207], [-119.2349, 37.1207], [-119.2393, 37.1182], [-119.2403, 37.1195], [-119.2421, 37.119], [-119.2418, 37.1204], [-119.243, 37.1217], [-119.2429, 37.1231], [-119.2438, 37.1237], [-119.2434, 37.1241], [-119.2421, 37.1236], [-119.2424, 37.1276], [-119.2443, 37.1295], [-119.2459, 37.1269], [-119.2477, 37.1265], [-119.2486, 37.1256], [-119.247, 37.1237], [-119.2491, 37.1231], [-119.2517, 37.1236], [-119.253, 37.1228], [-119.2568, 37.1231], [-119.2548, 37.1253], [-119.2541, 37.1285], [-119.2521, 37.1296], [-119.2536, 37.1299], [-119.2557, 37.132], [-119.2537, 37.1323], [-119.2549, 37.1325], [-119.2552, 37.1343], [-119.2535, 37.1342], [-119.2568, 37.1374], [-119.261, 37.1386], [-119.2611, 37.1408], [-119.2598, 37.1443], [-119.2607, 37.1447], [-119.263, 37.1428], [-119.2642, 37.143], [-119.2649, 37.1421], [-119.2655, 37.1428], [-119.2682, 37.1409], [-119.2696, 37.1444], [-119.2651, 37.1492], [-119.2642, 37.1515], [-119.2646, 37.1539], [-119.263, 37.1548], [-119.2622, 37.1568], [-119.263, 37.1583], [-119.2606, 37.1607], [-119.2601, 37.1618], [-119.2606, 37.1624], [-119.259, 37.1655], [-119.2615, 37.1672], [-119.2654, 37.1679], [-119.2658, 37.1699], [-119.2682, 37.1692], [-119.2686, 37.1701], [-119.2696, 37.17], [-119.2703, 37.1689], [-119.2693, 37.1672], [-119.2699, 37.1675], [-119.2712, 37.1664], [-119.2726, 37.1671], [-119.2724, 37.1693], [-119.2747, 37.1707], [-119.2735, 37.172], [-119.2712, 37.1729], [-119.2712, 37.1741], [-119.2738, 37.1739], [-119.2753, 37.1749], [-119.2763, 37.1736], [-119.2784, 37.1749], [-119.2813, 37.1745], [-119.2823, 37.1754], [-119.2867, 37.1748], [-119.2861, 37.1731], [-119.2876, 37.1701], [-119.2895, 37.1683], [-119.2945, 37.1597], [-119.2938, 37.1576], [-119.3004, 37.1503], [-119.3013, 37.1476], [-119.3029, 37.1471], [-119.3032, 37.1447], [-119.3045, 37.1444], [-119.3033, 37.144], [-119.3034, 37.1432], [-119.3041, 37.1428], [-119.3063, 37.1434], [-119.3073, 37.1428], [-119.3075, 37.1434], [-119.308, 37.1431], [-119.3101, 37.1319], [-119.3122, 37.1306], [-119.3123, 37.1279], [-119.3134, 37.1267], [-119.3149, 37.1211], [-119.3191, 37.1164], [-119.3208, 37.1118], [-119.3224, 37.1106], [-119.3216, 37.1046], [-119.3205, 37.1038], [-119.3207, 37.102], [-119.3198, 37.1003], [-119.3226, 37.1006], [-119.3229, 37.0995], [-119.3207, 37.0961], [-119.3195, 37.0958], [-119.3173, 37.0934], [-119.3171, 37.0919], [-119.3192, 37.0915], [-119.3206, 37.0923], [-119.321, 37.0912], [-119.3182, 37.0895], [-119.3194, 37.0883], [-119.3185, 37.0845], [-119.3154, 37.0788], [-119.3149, 37.0761], [-119.3155, 37.0731], [-119.3145, 37.0728], [-119.3136, 37.0709], [-119.3111, 37.0705], [-119.3101, 37.0713], [-119.3089, 37.0709], [-119.3092, 37.0694], [-119.3084, 37.0687], [-119.3075, 37.0686], [-119.307, 37.07], [-119.3055, 37.0692], [-119.3047, 37.0682], [-119.3054, 37.0671], [-119.3035, 37.0659], [-119.3023, 37.0663], [-119.3018, 37.068], [-119.2998, 37.0685], [-119.2999, 37.0653], [-119.2973, 37.0643], [-119.2956, 37.0612], [-119.2959, 37.0607], [-119.2978, 37.0614], [-119.2978, 37.0608], [-119.2991, 37.0605], [-119.2983, 37.0597], [-119.2998, 37.0584], [-119.3002, 37.0569], [-119.3012, 37.0572], [-119.3013, 37.0586], [-119.3024, 37.0588], [-119.3027, 37.0602], [-119.3043, 37.061], [-119.3038, 37.0584], [-119.306, 37.057], [-119.3037, 37.0545], [-119.305, 37.0537], [-119.3056, 37.0521], [-119.3047, 37.0506], [-119.3067, 37.0491], [-119.3081, 37.0456], [-119.3039, 37.0445], [-119.3041, 37.0425], [-119.2967, 37.0416], [-119.2949, 37.0399], [-119.2925, 37.039], [-119.2932, 37.0372], [-119.2922, 37.0359], [-119.2913, 37.036], [-119.288, 37.0342], [-119.284, 37.0336], [-119.2818, 37.0345], [-119.2822, 37.0358], [-119.2814, 37.0358], [-119.2757, 37.0339], [-119.273, 37.0343], [-119.27, 37.0337], [-119.2688, 37.0347], [-119.268, 37.0335], [-119.2661, 37.0333], [-119.2622, 37.0358], [-119.2609, 37.0348], [-119.2617, 37.0327], [-119.2613, 37.0299], [-119.2582, 37.0289], [-119.2573, 37.0278], [-119.2588, 37.0269], [-119.259, 37.025], [-119.2623, 37.0245], [-119.2627, 37.0238], [-119.2626, 37.0232], [-119.2612, 37.0229], [-119.2609, 37.0214], [-119.2621, 37.02], [-119.261, 37.019], [-119.2604, 37.0168], [-119.2612, 37.011], [-119.2605, 37.0079], [-119.2616, 37.0033], [-119.2624, 37.0015], [-119.2648, 37.0001], [-119.2664, 36.9942], [-119.2692, 36.9935], [-119.2692, 36.9915], [-119.2719, 36.9899], [-119.2761, 36.9911], [-119.28, 36.9982], [-119.2817, 36.9985], [-119.282, 36.9977], [-119.283, 36.998], [-119.2827, 36.9968], [-119.2836, 36.9965], [-119.2829, 36.9958], [-119.2841, 36.9957], [-119.2855, 36.9973], [-119.2846, 36.9977], [-119.2853, 36.9985], [-119.2848, 37.0], [-119.2874, 37.0016], [-119.2897, 37.0023], [-119.291, 37.0001], [-119.2928, 36.9997], [-119.2956, 37.0008], [-119.2968, 37.0024], [-119.295, 37.0044], [-119.295, 37.007], [-119.3004, 37.0064], [-119.3052, 37.0116], [-119.3069, 37.0117], [-119.3096, 37.0108], [-119.3112, 37.012], [-119.3129, 37.0121], [-119.3132, 37.015], [-119.3158, 37.0159], [-119.3144, 37.0161], [-119.314, 37.017], [-119.3148, 37.0178], [-119.3171, 37.0165], [-119.3188, 37.017], [-119.3202, 37.0159], [-119.322, 37.0162], [-119.3219, 37.0146], [-119.3225, 37.0143], [-119.3249, 37.0143], [-119.3256, 37.0161], [-119.3266, 37.0154], [-119.3268, 37.0134], [-119.3274, 37.0129], [-119.3266, 37.013], [-119.327, 37.0113], [-119.3286, 37.0101], [-119.328, 37.0097], [-119.3285, 37.009], [-119.3314, 37.0082], [-119.3322, 37.0069], [-119.3271, 37.0029], [-119.3249, 36.9996], [-119.3284, 36.9967], [-119.3274, 36.9965], [-119.3299, 36.9955], [-119.3299, 36.9945], [-119.3318, 36.9943], [-119.333, 36.9947], [-119.3325, 36.9974], [-119.3372, 36.9965], [-119.3338, 36.9993], [-119.3397, 36.9977], [-119.3402, 36.9967], [-119.343, 36.9971], [-119.345, 36.999], [-119.3461, 37.0016], [-119.3565, 37.0065], [-119.3579, 37.009], [-119.3621, 37.0122], [-119.3653, 37.0123], [-119.3675, 37.0133], [-119.3679, 37.0143], [-119.3718, 37.0157], [-119.3748, 37.0191], [-119.3744, 37.0211], [-119.3778, 37.0223], [-119.3768, 37.0231], [-119.3795, 37.0266], [-119.377, 37.0287], [-119.3776, 37.0293], [-119.381, 37.028], [-119.3837, 37.0279], [-119.3883, 37.0326], [-119.388, 37.0339], [-119.3872, 37.0342], [-119.3886, 37.0374], [-119.3908, 37.0377], [-119.3893, 37.0381], [-119.3898, 37.0399], [-119.3882, 37.0403], [-119.3883, 37.0443], [-119.3861, 37.0458], [-119.3892, 37.049], [-119.3919, 37.0493], [-119.3932, 37.0486], [-119.3948, 37.0497], [-119.3957, 37.049], [-119.3974, 37.0495], [-119.3989, 37.0487], [-119.4007, 37.0488], [-119.4005, 37.0515], [-119.4066, 37.0528], [-119.4119, 37.056], [-119.4154, 37.0598], [-119.415, 37.0614], [-119.4158, 37.0637], [-119.4144, 37.0636], [-119.4134, 37.0643], [-119.4114, 37.0638], [-119.4108, 37.0619], [-119.41, 37.0623], [-119.4093, 37.0617], [-119.4087, 37.0639], [-119.4067, 37.0633], [-119.4067, 37.0643], [-119.4076, 37.0647], [-119.4064, 37.0665], [-119.4097, 37.068], [-119.4091, 37.0696], [-119.4106, 37.0701], [-119.4106, 37.0718], [-119.4131, 37.0719], [-119.4127, 37.0712], [-119.4136, 37.0705], [-119.4153, 37.0717], [-119.4145, 37.0719], [-119.4159, 37.0734], [-119.4158, 37.0749], [-119.4153, 37.0755], [-119.4145, 37.0744], [-119.4124, 37.0747], [-119.4139, 37.0768], [-119.4166, 37.0767], [-119.4166, 37.079], [-119.4206, 37.0803], [-119.4202, 37.0818], [-119.4209, 37.0824], [-119.4222, 37.0822], [-119.4226, 37.0836], [-119.4216, 37.0841], [-119.4218, 37.0848], [-119.4264, 37.0872], [-119.4269, 37.089], [-119.425, 37.0906], [-119.4274, 37.093], [-119.4328, 37.0935], [-119.4347, 37.0948], [-119.4348, 37.0957], [-119.436, 37.0955], [-119.4371, 37.0963], [-119.4385, 37.0991], [-119.4399, 37.0998], [-119.439, 37.1036], [-119.4394, 37.1063], [-119.4366, 37.1096], [-119.4368, 37.1105], [-119.4387, 37.1114], [-119.4379, 37.1127], [-119.4386, 37.1137], [-119.4393, 37.1137], [-119.4388, 37.1142], [-119.4394, 37.1154], [-119.4402, 37.1152], [-119.4418, 37.1163], [-119.4409, 37.1173], [-119.4417, 37.1177], [-119.439, 37.1214], [-119.4422, 37.124], [-119.4441, 37.1246], [-119.4402, 37.1245], [-119.4392, 37.1267], [-119.44, 37.1276], [-119.4388, 37.1271], [-119.4301, 37.1291], [-119.4221, 37.1335], [-119.4231, 37.1339], [-119.421, 37.1345], [-119.4219, 37.1358], [-119.4256, 37.1363], [-119.4292, 37.1381], [-119.4326, 37.1369], [-119.4339, 37.1344], [-119.4331, 37.1332], [-119.4352, 37.1321], [-119.4352, 37.1314], [-119.4363, 37.1312], [-119.4364, 37.1322], [-119.4374, 37.1319], [-119.4377, 37.1326], [-119.4389, 37.1316], [-119.4407, 37.1321], [-119.4411, 37.1317], [-119.4414, 37.1323], [-119.4449, 37.1333], [-119.4461, 37.1364], [-119.448, 37.1387], [-119.4479, 37.1417], [-119.4463, 37.143], [-119.4387, 37.143], [-119.439, 37.1443], [-119.4324, 37.1451], [-119.4308, 37.1468], [-119.4314, 37.1499], [-119.4297, 37.151], [-119.4298, 37.157], [-119.4319, 37.1603], [-119.4308, 37.1623], [-119.4277, 37.1627], [-119.4241, 37.1618], [-119.4241, 37.1629], [-119.4226, 37.1629], [-119.4245, 37.1666], [-119.4273, 37.167], [-119.4311, 37.169], [-119.432, 37.1687], [-119.4328, 37.1704], [-119.4339, 37.1704], [-119.4331, 37.1699], [-119.4345, 37.1694], [-119.4357, 37.1702], [-119.437, 37.17], [-119.4383, 37.1682], [-119.4417, 37.1684], [-119.4463, 37.1705], [-119.4457, 37.1739], [-119.4411, 37.1766], [-119.4441, 37.1793], [-119.4521, 37.1815], [-119.4524, 37.1832], [-119.4551, 37.1853], [-119.4601, 37.1872], [-119.4607, 37.1908], [-119.4623, 37.1907], [-119.4628, 37.1915], [-119.4599, 37.1939], [-119.4608, 37.1957], [-119.4607, 37.1983], [-119.4619, 37.2006], [-119.4597, 37.2014], [-119.4588, 37.2027], [-119.462, 37.2051], [-119.467, 37.2049], [-119.4683, 37.2066], [-119.4692, 37.2066], [-119.4702, 37.2088], [-119.4694, 37.2114], [-119.4719, 37.2139], [-119.4715, 37.2173], [-119.4702, 37.2192], [-119.4705, 37.2223], [-119.4734, 37.2224], [-119.4774, 37.2281], [-119.4781, 37.2301], [-119.4808, 37.2321], [-119.4793, 37.2349], [-119.4784, 37.2354], [-119.478, 37.2348], [-119.476, 37.2349], [-119.4711, 37.233], [-119.4719, 37.2303], [-119.4697, 37.2288], [-119.4692, 37.227], [-119.4646, 37.2256], [-119.4578, 37.2266], [-119.4565, 37.2254], [-119.4547, 37.2264], [-119.4499, 37.2242], [-119.4497, 37.2232], [-119.4483, 37.2242], [-119.4495, 37.2257], [-119.4504, 37.2256], [-119.4497, 37.2261], [-119.4505, 37.2284], [-119.4499, 37.2292], [-119.4516, 37.2298], [-119.4496, 37.2315], [-119.4502, 37.2321], [-119.4548, 37.2324], [-119.4568, 37.2312], [-119.458, 37.2317], [-119.458, 37.233], [-119.46, 37.2335], [-119.4609, 37.235], [-119.4592, 37.2364], [-119.4598, 37.2382], [-119.4591, 37.239], [-119.4604, 37.2399], [-119.455, 37.2423], [-119.4555, 37.2432], [-119.4548, 37.2438], [-119.4557, 37.2445], [-119.4559, 37.2463], [-119.4567, 37.2465], [-119.4556, 37.2498], [-119.4573, 37.25], [-119.4603, 37.2482], [-119.4605, 37.2492], [-119.4619, 37.25], [-119.4602, 37.251], [-119.4613, 37.2515], [-119.4609, 37.2523], [-119.4618, 37.2525], [-119.4589, 37.2542], [-119.4574, 37.2573], [-119.4561, 37.2573], [-119.4558, 37.2589], [-119.4544, 37.2606], [-119.4515, 37.26], [-119.4524, 37.2583], [-119.4543, 37.258], [-119.4541, 37.2564], [-119.4496, 37.2574], [-119.4472, 37.2615], [-119.4462, 37.262], [-119.4445, 37.266], [-119.4446, 37.2671], [-119.4462, 37.2679], [-119.4476, 37.2719], [-119.4502, 37.2727], [-119.451, 37.2753], [-119.453, 37.2755], [-119.4531, 37.2769], [-119.4541, 37.278], [-119.4555, 37.2781], [-119.4561, 37.2808], [-119.4584, 37.2815], [-119.4573, 37.2852], [-119.4582, 37.2878], [-119.4562, 37.2898], [-119.4582, 37.2901], [-119.4589, 37.2911], [-119.4577, 37.2943], [-119.4527, 37.298], [-119.4524, 37.3002], [-119.4506, 37.303], [-119.4472, 37.3041], [-119.4448, 37.3057], [-119.4463, 37.3061], [-119.4488, 37.3048], [-119.4491, 37.3068], [-119.4503, 37.3079], [-119.4512, 37.3084], [-119.4529, 37.3075], [-119.4535, 37.3083], [-119.4544, 37.308], [-119.4548, 37.3088], [-119.4556, 37.3087], [-119.4557, 37.3093], [-119.4574, 37.3087], [-119.4582, 37.3095], [-119.4604, 37.3093], [-119.4659, 37.3067], [-119.4674, 37.307], [-119.465, 37.3094], [-119.4621, 37.3109], [-119.4653, 37.312], [-119.4654, 37.3142], [-119.4677, 37.3161], [-119.4672, 37.317], [-119.4686, 37.3162], [-119.4697, 37.3167], [-119.4662, 37.3192], [-119.4676, 37.3226], [-119.463, 37.3246], [-119.46, 37.3275], [-119.4593, 37.3292], [-119.4608, 37.33], [-119.4602, 37.332], [-119.461, 37.3322], [-119.4623, 37.3308], [-119.4679, 37.3296], [-119.4753, 37.3239], [-119.4789, 37.3225], [-119.4782, 37.3245], [-119.4756, 37.3274], [-119.4777, 37.3275], [-119.48, 37.329], [-119.4782, 37.3312], [-119.4791, 37.3319], [-119.4795, 37.3346], [-119.4788, 37.3369], [-119.4765, 37.3381], [-119.4768, 37.3399], [-119.4778, 37.341], [-119.4758, 37.3421], [-119.4738, 37.3423], [-119.4738, 37.3429], [-119.4716, 37.3441], [-119.4717, 37.3453], [-119.4707, 37.3456], [-119.4711, 37.3468], [-119.4735, 37.3467], [-119.4743, 37.3474], [-119.4731, 37.3487], [-119.4733, 37.3502], [-119.4725, 37.3512], [-119.4749, 37.3513], [-119.4753, 37.3503], [-119.4765, 37.3502], [-119.4777, 37.3526], [-119.4759, 37.3548], [-119.4751, 37.3543], [-119.472, 37.355], [-119.4723, 37.3571], [-119.4716, 37.3585], [-119.4717, 37.3593], [-119.4791, 37.3608], [-119.4807, 37.3624], [-119.4815, 37.3635], [-119.4803, 37.3636], [-119.48, 37.3643], [-119.4833, 37.3688], [-119.4843, 37.3722], [-119.4835, 37.3736], [-119.4816, 37.3742], [-119.4823, 37.3766], [-119.4792, 37.38], [-119.4754, 37.3786], [-119.4716, 37.3799], [-119.4704, 37.3816], [-119.4698, 37.3831], [-119.4709, 37.3834], [-119.4712, 37.3827], [-119.4763, 37.3806], [-119.4769, 37.3813], [-119.4761, 37.3835], [-119.4711, 37.3841], [-119.47, 37.3856], [-119.472, 37.3863], [-119.4711, 37.3877], [-119.4717, 37.388], [-119.4712, 37.39], [-119.4724, 37.391], [-119.4717, 37.3936], [-119.4708, 37.3939], [-119.4708, 37.3951], [-119.4699, 37.3959], [-119.4671, 37.3967], [-119.4663, 37.3957], [-119.4646, 37.3958], [-119.4635, 37.397], [-119.463, 37.3922], [-119.461, 37.3921], [-119.4593, 37.3911], [-119.4554, 37.3926], [-119.4553, 37.3946], [-119.4567, 37.396], [-119.4545, 37.3973], [-119.4548, 37.4001], [-119.4594, 37.3995], [-119.4593, 37.3982], [-119.4618, 37.4001], [-119.4594, 37.4026], [-119.4578, 37.4067], [-119.4559, 37.4064], [-119.4562, 37.4074], [-119.4542, 37.4101], [-119.4551, 37.4114], [-119.4553, 37.4136], [-119.4562, 37.4135], [-119.4578, 37.4146], [-119.4553, 37.417], [-119.4547, 37.4162], [-119.4564, 37.4148], [-119.4558, 37.4143], [-119.4524, 37.4159], [-119.4523, 37.4164], [-119.456, 37.4197], [-119.4574, 37.4182], [-119.4594, 37.4179], [-119.4599, 37.4184], [-119.4588, 37.4192], [-119.4611, 37.4188], [-119.4621, 37.4195], [-119.4626, 37.4208], [-119.4612, 37.4223], [-119.4613, 37.4233], [-119.463, 37.4237], [-119.4623, 37.4252], [-119.4635, 37.4272], [-119.4619, 37.4298], [-119.4604, 37.4295], [-119.4576, 37.4314], [-119.4579, 37.4325], [-119.457, 37.4333], [-119.4585, 37.4349], [-119.4565, 37.4355], [-119.4563, 37.4394], [-119.4549, 37.4397], [-119.457, 37.4411], [-119.4569, 37.4428], [-119.4545, 37.4444], [-119.4491, 37.4451], [-119.4466, 37.4448], [-119.4428, 37.4421], [-119.4423, 37.4428], [-119.4421, 37.442], [-119.4395, 37.4418], [-119.4393, 37.4426], [-119.4401, 37.4431], [-119.4395, 37.4437], [-119.4363, 37.444], [-119.4352, 37.4449], [-119.4369, 37.4458], [-119.4368, 37.4465], [-119.4356, 37.4463], [-119.4348, 37.4483], [-119.4356, 37.4488], [-119.4355, 37.4496], [-119.4327, 37.4517], [-119.4311, 37.4542], [-119.4304, 37.4536], [-119.4266, 37.4552], [-119.4252, 37.4543], [-119.4235, 37.4561], [-119.4222, 37.455], [-119.421, 37.4556], [-119.4221, 37.4563], [-119.4216, 37.4568], [-119.4206, 37.4559], [-119.42, 37.4562], [-119.4196, 37.4583], [-119.417, 37.458], [-119.4153, 37.459], [-119.4161, 37.4605], [-119.4192, 37.4625], [-119.4184, 37.4636], [-119.4193, 37.4647], [-119.4191, 37.4664], [-119.4207, 37.4669], [-119.4191, 37.4676], [-119.4178, 37.4696], [-119.4198, 37.4699], [-119.42, 37.4714], [-119.4176, 37.4734], [-119.4178, 37.4753], [-119.4167, 37.4769], [-119.4155, 37.4779], [-119.4145, 37.4777], [-119.4136, 37.4764], [-119.4111, 37.4786], [-119.4096, 37.4788], [-119.4093, 37.4798], [-119.4082, 37.4797], [-119.409, 37.4792], [-119.4072, 37.4772], [-119.406, 37.4786], [-119.4074, 37.4791], [-119.4072, 37.4803], [-119.4062, 37.4803], [-119.4062, 37.4813], [-119.4069, 37.4805], [-119.4081, 37.4812], [-119.4094, 37.48], [-119.413, 37.4834], [-119.4109, 37.4845], [-119.4116, 37.4856], [-119.4084, 37.487], [-119.4099, 37.4871], [-119.4101, 37.4882], [-119.4114, 37.4885], [-119.4103, 37.4919], [-119.4079, 37.4925], [-119.4068, 37.5016], [-119.4057, 37.5016], [-119.4029, 37.4998], [-119.4019, 37.5], [-119.4009, 37.4989], [-119.3982, 37.5042], [-119.3957, 37.5055], [-119.3968, 37.5053], [-119.3985, 37.5068], [-119.4002, 37.5068], [-119.3998, 37.5087], [-119.4006, 37.5092], [-119.4025, 37.5083], [-119.4043, 37.509], [-119.4047, 37.5102], [-119.4057, 37.5101], [-119.4046, 37.515], [-119.4055, 37.5154], [-119.4069, 37.5143], [-119.4086, 37.5153], [-119.4091, 37.518], [-119.4103, 37.5186], [-119.4098, 37.5201], [-119.4109, 37.5206], [-119.4104, 37.5217], [-119.4126, 37.5252], [-119.4105, 37.5268], [-119.412, 37.5266], [-119.4125, 37.5285], [-119.4115, 37.5295], [-119.4091, 37.5289], [-119.4072, 37.5299], [-119.4066, 37.5294], [-119.4051, 37.5307], [-119.4051, 37.534], [-119.4034, 37.5356], [-119.4034, 37.5371], [-119.402, 37.538], [-119.3998, 37.5378], [-119.3997, 37.537], [-119.4013, 37.5364], [-119.4009, 37.5352], [-119.3999, 37.535], [-119.4007, 37.5334], [-119.3984, 37.5332], [-119.3974, 37.5317], [-119.397, 37.5323], [-119.3968, 37.531], [-119.3965, 37.533], [-119.3935, 37.5336], [-119.3941, 37.5329], [-119.3931, 37.5313], [-119.3955, 37.5301], [-119.3945, 37.5292], [-119.3928, 37.5292], [-119.3928, 37.5278], [-119.3913, 37.53], [-119.3917, 37.5314], [-119.3928, 37.5312], [-119.3924, 37.533], [-119.39, 37.5333], [-119.3901, 37.5326], [-119.3892, 37.5324], [-119.3868, 37.5344], [-119.3817, 37.5351], [-119.38, 37.5343], [-119.3782, 37.5357], [-119.3764, 37.5358], [-119.3753, 37.5317], [-119.372, 37.532], [-119.3703, 37.5315], [-119.3701, 37.53], [-119.3715, 37.5279], [-119.375, 37.5276], [-119.3765, 37.5286], [-119.3768, 37.5275], [-119.3756, 37.5251], [-119.3762, 37.5226], [-119.3742, 37.5236], [-119.3737, 37.523], [-119.3745, 37.5248], [-119.3734, 37.525], [-119.3707, 37.5218], [-119.3717, 37.5205], [-119.3715, 37.5171], [-119.3704, 37.5159], [-119.3701, 37.5173], [-119.3689, 37.5174], [-119.3691, 37.5184], [-119.3659, 37.5194], [-119.3672, 37.5171], [-119.3659, 37.5166], [-119.365, 37.5173], [-119.3648, 37.5193], [-119.3637, 37.5195], [-119.3634, 37.5211], [-119.3645, 37.5234], [-119.3643, 37.5248], [-119.3629, 37.5244], [-119.3619, 37.5249], [-119.3607, 37.5229], [-119.3595, 37.5226], [-119.3539, 37.5261], [-119.3537, 37.5281], [-119.3514, 37.5249], [-119.3472, 37.5244], [-119.3451, 37.5267], [-119.3403, 37.5246], [-119.3387, 37.5282], [-119.3407, 37.529], [-119.3399, 37.531], [-119.3403, 37.5318], [-119.3408, 37.5312], [-119.3412, 37.5316], [-119.3406, 37.5326], [-119.3411, 37.5341], [-119.3391, 37.5345], [-119.3379, 37.5334], [-119.3364, 37.5343], [-119.3362, 37.5356], [-119.3332, 37.5372], [-119.3338, 37.5378], [-119.3331, 37.5389], [-119.3336, 37.5398], [-119.3329, 37.5399], [-119.334, 37.542], [-119.334, 37.5412], [-119.3353, 37.5421], [-119.3367, 37.542], [-119.3362, 37.5436], [-119.3373, 37.5429], [-119.3389, 37.5441], [-119.3383, 37.5446], [-119.3389, 37.5452], [-119.3379, 37.5448], [-119.3373, 37.5454], [-119.3381, 37.5469], [-119.3369, 37.5478], [-119.3369, 37.5482], [-119.3398, 37.5476], [-119.3399, 37.5487], [-119.3411, 37.5495], [-119.3424, 37.5483], [-119.3433, 37.549], [-119.3427, 37.5503], [-119.3438, 37.55], [-119.343, 37.5531], [-119.3424, 37.5532], [-119.3434, 37.5534], [-119.3421, 37.5545], [-119.3421, 37.5557], [-119.3437, 37.5558], [-119.3431, 37.5569], [-119.3423, 37.5572], [-119.3418, 37.5566], [-119.3416, 37.5577], [-119.3404, 37.5579], [-119.34, 37.5588], [-119.3417, 37.5593], [-119.3411, 37.5594], [-119.3417, 37.5602], [-119.3403, 37.5599], [-119.3404, 37.5616], [-119.3413, 37.5617], [-119.3414, 37.5632], [-119.3425, 37.5634], [-119.343, 37.5626], [-119.3439, 37.564], [-119.345, 37.5645], [-119.3451, 37.5639], [-119.346, 37.5639], [-119.3468, 37.5646], [-119.3461, 37.5652], [-119.3431, 37.5645], [-119.3426, 37.5664], [-119.3441, 37.5675], [-119.3421, 37.5688], [-119.3426, 37.5689], [-119.3422, 37.5721], [-119.341, 37.5729], [-119.3421, 37.5742], [-119.3432, 37.5738], [-119.3446, 37.5747], [-119.3445, 37.5739], [-119.3448, 37.5739], [-119.3446, 37.5747], [-119.3438, 37.5748], [-119.3427, 37.5764], [-119.3404, 37.5762], [-119.3396, 37.5776], [-119.3403, 37.578], [-119.34, 37.5786], [-119.338, 37.5776], [-119.3392, 37.577], [-119.3384, 37.5746], [-119.3376, 37.5746], [-119.3378, 37.5761], [-119.3385, 37.5765], [-119.3357, 37.5772], [-119.3363, 37.5784], [-119.337, 37.5784], [-119.3365, 37.579], [-119.3376, 37.5789], [-119.3372, 37.5793], [-119.3386, 37.5798], [-119.3372, 37.5802], [-119.3379, 37.5806], [-119.3388, 37.58], [-119.3392, 37.5808], [-119.34, 37.5807], [-119.3412, 37.5828], [-119.3378, 37.5833], [-119.3373, 37.5826], [-119.3364, 37.5827], [-119.3357, 37.5831], [-119.3361, 37.5838], [-119.3349, 37.584], [-119.3338, 37.5831], [-119.334, 37.582], [-119.3324, 37.5826], [-119.3317, 37.5814], [-119.3303, 37.5813], [-119.3295, 37.5799], [-119.3279, 37.5795], [-119.3264, 37.578], [-119.3226, 37.5771], [-119.3215, 37.5777], [-119.3215, 37.5785], [-119.3236, 37.5796], [-119.3196, 37.5807], [-119.3208, 37.582], [-119.3185, 37.5825], [-119.3171, 37.5849], [-119.3158, 37.585], [-119.3159, 37.5835], [-119.3137, 37.5848], [-119.3125, 37.5839], [-119.3125, 37.5826], [-119.3116, 37.5825], [-119.3116, 37.5836], [-119.3103, 37.5828], [-119.3099, 37.5832], [-119.3088, 37.5819], [-119.308, 37.5823], [-119.3085, 37.5813], [-119.3072, 37.5817], [-119.3056, 37.5809], [-119.3059, 37.5823], [-119.3041, 37.5821], [-119.3048, 37.5802], [-119.3056, 37.5807], [-119.3068, 37.5794], [-119.3062, 37.579], [-119.3049, 37.5801], [-119.3038, 37.5799], [-119.3045, 37.5782], [-119.3038, 37.5776], [-119.3038, 37.5786], [-119.3028, 37.5785], [-119.3026, 37.5795], [-119.3016, 37.5782], [-119.3015, 37.5766], [-119.3037, 37.5765], [-119.302, 37.5757], [-119.3012, 37.5759], [-119.3013, 37.5784], [-119.3007, 37.579], [-119.3003, 37.5779], [-119.2981, 37.579], [-119.2979, 37.5778], [-119.2957, 37.5786], [-119.2968, 37.5786], [-119.2966, 37.5794], [-119.2951, 37.5787], [-119.2932, 37.5788], [-119.2931, 37.5799], [-119.2918, 37.5808], [-119.2898, 37.581], [-119.2891, 37.5837], [-119.2843, 37.5867], [-119.2844, 37.5878], [-119.2861, 37.5879], [-119.2862, 37.5869], [-119.2879, 37.5866], [-119.2886, 37.5851], [-119.2892, 37.5855], [-119.2906, 37.5847], [-119.2913, 37.5855], [-119.2902, 37.5869], [-119.292, 37.5875], [-119.2916, 37.5884], [-119.2899, 37.5883], [-119.2907, 37.5889], [-119.2904, 37.5895], [-119.2884, 37.5894], [-119.2879, 37.5908], [-119.2886, 37.591], [-119.2882, 37.5917], [-119.2889, 37.5928], [-119.2884, 37.5928], [-119.2895, 37.5943], [-119.2879, 37.5944], [-119.2874, 37.5952], [-119.2858, 37.5941], [-119.285, 37.5947]], [[-118.9854, 37.305], [-118.9821, 37.3052], [-118.9826, 37.3066], [-118.9814, 37.307], [-118.9823, 37.3083], [-118.9837, 37.3082], [-118.9843, 37.3112], [-118.987, 37.3103], [-118.9872, 37.3078], [-118.9854, 37.305]], [[-119.0183, 37.3289], [-119.0187, 37.3264], [-119.0221, 37.3264], [-119.0225, 37.3254], [-119.0219, 37.326], [-119.0208, 37.3252], [-119.0198, 37.3257], [-119.0202, 37.3248], [-119.0193, 37.3257], [-119.0184, 37.3233], [-119.0203, 37.3232], [-119.0204, 37.3226], [-119.0183, 37.3231], [-119.0166, 37.3218], [-119.0134, 37.326], [-119.0131, 37.3276], [-119.014, 37.3285], [-119.0146, 37.3281], [-119.0183, 37.3289]], [[-119.1147, 37.5468], [-119.1169, 37.5478], [-119.1172, 37.5469], [-119.1186, 37.547], [-119.1183, 37.5476], [-119.1194, 37.5481], [-119.1178, 37.5482], [-119.1172, 37.5493], [-119.116, 37.5497], [-119.118, 37.5498], [-119.1193, 37.5509], [-119.1222, 37.5494], [-119.1225, 37.5458], [-119.1208, 37.547], [-119.1199, 37.546], [-119.1189, 37.5465], [-119.1176, 37.5459], [-119.1174, 37.545], [-119.1147, 37.5468]], [[-119.175, 37.5487], [-119.1761, 37.548], [-119.1759, 37.5474], [-119.1752, 37.5477], [-119.1754, 37.547], [-119.1745, 37.547], [-119.175, 37.5487]], [[-119.1916, 37.1877], [-119.1935, 37.1861], [-119.198, 37.1846], [-119.2004, 37.1842], [-119.2025, 37.1848], [-119.2038, 37.181], [-119.2032, 37.1801], [-119.2021, 37.1799], [-119.1889, 37.1844], [-119.1883, 37.1875], [-119.1889, 37.1893], [-119.1857, 37.1908], [-119.1887, 37.1915], [-119.1898, 37.191], [-119.1916, 37.1932], [-119.1916, 37.1877]], [[-119.1982, 37.1947], [-119.1973, 37.1993], [-119.1996, 37.1996], [-119.2019, 37.198], [-119.2017, 37.197], [-119.2026, 37.1959], [-119.2007, 37.1945], [-119.1982, 37.1947]], [[-119.1996, 37.2211], [-119.203, 37.2208], [-119.2022, 37.2201], [-119.2028, 37.2189], [-119.2013, 37.2187], [-119.2025, 37.2175], [-119.2004, 37.2176], [-119.1993, 37.2192], [-119.1996, 37.2211]], [[-119.2308, 37.6101], [-119.2321, 37.6112], [-119.2318, 37.6132], [-119.235, 37.6139], [-119.2358, 37.6167], [-119.2376, 37.616], [-119.2388, 37.616], [-119.2392, 37.6168], [-119.2401, 37.6163], [-119.2387, 37.6185], [-119.2404, 37.6185], [-119.2417, 37.6164], [-119.2389, 37.6156], [-119.2395, 37.6139], [-119.2379, 37.6146], [-119.2365, 37.6132], [-119.237, 37.6121], [-119.2396, 37.6101], [-119.2354, 37.6096], [-119.2342, 37.6074], [-119.2299, 37.6092], [-119.2294, 37.6117], [-119.2272, 37.6133], [-119.2263, 37.613], [-119.2261, 37.6145], [-119.2249, 37.6148], [-119.2248, 37.6156], [-119.228, 37.6149], [-119.2297, 37.6129], [-119.2297, 37.6114], [-119.2308, 37.6101]], [[-119.2414, 37.5923], [-119.2401, 37.5923], [-119.2384, 37.5938], [-119.2385, 37.5948], [-119.2409, 37.5944], [-119.2414, 37.5923]], [[-119.2423, 37.602], [-119.2407, 37.5986], [-119.2395, 37.5992], [-119.2399, 37.603], [-119.2437, 37.6033], [-119.2437, 37.6026], [-119.2423, 37.602]], [[-119.2561, 37.1634], [-119.2583, 37.1611], [-119.2561, 37.1559], [-119.2546, 37.1561], [-119.2536, 37.1555], [-119.2534, 37.1562], [-119.2514, 37.1565], [-119.2492, 37.1581], [-119.2472, 37.1575], [-119.246, 37.1585], [-119.2491, 37.1607], [-119.2498, 37.1634], [-119.2517, 37.1639], [-119.2561, 37.1634]], [[-119.2552, 37.1944], [-119.2597, 37.1942], [-119.2598, 37.1929], [-119.261, 37.1932], [-119.2611, 37.1908], [-119.2598, 37.191], [-119.2592, 37.1904], [-119.2589, 37.1912], [-119.2565, 37.1921], [-119.2563, 37.1928], [-119.2554, 37.1927], [-119.2562, 37.1936], [-119.2552, 37.1944]], [[-119.2534, 37.6119], [-119.2552, 37.6134], [-119.2558, 37.6132], [-119.2552, 37.6116], [-119.2534, 37.6119]], [[-119.2589, 37.6022], [-119.2603, 37.6001], [-119.2612, 37.6004], [-119.2607, 37.5971], [-119.2591, 37.597], [-119.2588, 37.5977], [-119.2568, 37.5966], [-119.2564, 37.5991], [-119.2583, 37.6006], [-119.2589, 37.6022]], [[-119.2739, 37.5985], [-119.2738, 37.5984], [-119.2739, 37.5985], [-119.2739, 37.5985]], [[-119.2747, 37.6081], [-119.2744, 37.6084], [-119.2748, 37.6083], [-119.2747, 37.6081]], [[-119.3227, 37.5741], [-119.3235, 37.5752], [-119.3249, 37.5752], [-119.3252, 37.5727], [-119.3243, 37.5721], [-119.325, 37.5718], [-119.3263, 37.5727], [-119.328, 37.5718], [-119.3281, 37.5694], [-119.3269, 37.5709], [-119.3251, 37.5698], [-119.3242, 37.5712], [-119.3229, 37.5692], [-119.3193, 37.5691], [-119.3187, 37.5695], [-119.3195, 37.5719], [-119.3188, 37.5724], [-119.3177, 37.5714], [-119.3175, 37.5696], [-119.3165, 37.5689], [-119.3155, 37.5709], [-119.3171, 37.571], [-119.316, 37.5721], [-119.3167, 37.5744], [-119.3202, 37.5757], [-119.3227, 37.5741]], [[-119.3358, 37.0798], [-119.3369, 37.079], [-119.3376, 37.0801], [-119.3366, 37.0807], [-119.3383, 37.0811], [-119.34, 37.0786], [-119.3406, 37.0797], [-119.3422, 37.0782], [-119.3457, 37.0781], [-119.3465, 37.077], [-119.3446, 37.0724], [-119.3438, 37.0729], [-119.3436, 37.072], [-119.3414, 37.0713], [-119.3436, 37.0693], [-119.3421, 37.068], [-119.3397, 37.0681], [-119.3389, 37.0693], [-119.3386, 37.0686], [-119.3339, 37.0687], [-119.3326, 37.0664], [-119.3318, 37.0663], [-119.3313, 37.0623], [-119.3319, 37.0619], [-119.3308, 37.0607], [-119.3313, 37.0596], [-119.3307, 37.0599], [-119.3267, 37.0575], [-119.3239, 37.0581], [-119.322, 37.0599], [-119.3238, 37.0622], [-119.3237, 37.066], [-119.3245, 37.0682], [-119.324, 37.0689], [-119.3274, 37.0701], [-119.3271, 37.0712], [-119.3279, 37.0717], [-119.3262, 37.0737], [-119.3258, 37.0753], [-119.3278, 37.0746], [-119.3284, 37.075], [-119.3274, 37.0754], [-119.328, 37.0762], [-119.3288, 37.0766], [-119.3295, 37.0753], [-119.3313, 37.0763], [-119.3304, 37.0767], [-119.3317, 37.0782], [-119.3314, 37.0797], [-119.3323, 37.082], [-119.3336, 37.0799], [-119.3358, 37.0798]], [[-119.3387, 37.5581], [-119.3389, 37.5579], [-119.3387, 37.5577], [-119.3387, 37.5581]]], [[[-119.1788, 37.3247], [-119.1799, 37.325], [-119.1794, 37.3253], [-119.1788, 37.3247]]], [[[-119.0954, 37.4625], [-119.0949, 37.4623], [-119.0953, 37.4624], [-119.0954, 37.4625]]], [[[-119.0936, 37.4625], [-119.0943, 37.4623], [-119.0947, 37.4626], [-119.0941, 37.4629], [-119.0936, 37.4625]]], [[[-119.118, 37.4867], [-119.1163, 37.4909], [-119.1157, 37.4906], [-119.1148, 37.491], [-119.1149, 37.4903], [-119.1143, 37.4903], [-119.1146, 37.4909], [-119.1134, 37.4913], [-119.1129, 37.4902], [-119.1135, 37.4896], [-119.1128, 37.4892], [-119.1139, 37.4885], [-119.1136, 37.4874], [-119.1148, 37.4877], [-119.1132, 37.4858], [-119.1143, 37.4852], [-119.1147, 37.4866], [-119.1163, 37.4856], [-119.1156, 37.4872], [-119.1164, 37.4875], [-119.118, 37.4867]]], [[[-119.1192, 37.4879], [-119.1192, 37.4894], [-119.12, 37.4894], [-119.1197, 37.4901], [-119.1179, 37.4885], [-119.1192, 37.4879]]], [[[-119.1201, 37.4901], [-119.121, 37.4905], [-119.1208, 37.4909], [-119.1201, 37.4901]]], [[[-119.1118, 37.5358], [-119.1125, 37.5359], [-119.1123, 37.5366], [-119.1118, 37.5363], [-119.1118, 37.5358]]], [[[-119.1596, 37.5509], [-119.1585, 37.5497], [-119.1603, 37.5496], [-119.1596, 37.5509]]], [[[-119.1156, 37.5502], [-119.1155, 37.5501], [-119.1155, 37.5501], [-119.1156, 37.5502]]], [[[-119.0926, 37.5526], [-119.0912, 37.5502], [-119.0919, 37.5493], [-119.0938, 37.5488], [-119.0963, 37.5508], [-119.0957, 37.5512], [-119.0956, 37.5504], [-119.0949, 37.5503], [-119.0941, 37.5509], [-119.0948, 37.5511], [-119.0952, 37.5527], [-119.0944, 37.5539], [-119.0945, 37.5522], [-119.0923, 37.5516], [-119.0926, 37.5526]]], [[[-119.1611, 37.5528], [-119.1616, 37.5524], [-119.1619, 37.5525], [-119.1611, 37.5528]]], [[[-119.1127, 37.5542], [-119.1112, 37.5547], [-119.1105, 37.5546], [-119.1118, 37.5534], [-119.1127, 37.5542]]], [[[-119.1626, 37.555], [-119.1635, 37.5548], [-119.1629, 37.5552], [-119.1626, 37.555]]], [[[-119.201, 37.597], [-119.1999, 37.5969], [-119.2008, 37.5964], [-119.201, 37.597]]], [[[-119.2168, 37.6155], [-119.2162, 37.615], [-119.2172, 37.6154], [-119.2168, 37.6155]]], [[[-118.9963, 37.2878], [-118.9969, 37.2878], [-118.9969, 37.2881], [-118.9963, 37.2878]]], [[[-119.0003, 37.2887], [-119.0009, 37.2892], [-118.9998, 37.2891], [-119.0003, 37.2887]]], [[[-119.0517, 37.4003], [-119.0514, 37.4002], [-119.0515, 37.4001], [-119.0517, 37.4003]]], [[[-119.0109, 37.4026], [-119.0098, 37.4032], [-119.01, 37.4023], [-119.0109, 37.4026]]], [[[-119.0398, 37.4063], [-119.0392, 37.4057], [-119.0403, 37.4058], [-119.0398, 37.4063]]], [[[-118.9754, 37.4059], [-118.9753, 37.4062], [-118.9751, 37.4061], [-118.9754, 37.4059]]], [[[-118.9759, 37.4063], [-118.9767, 37.4061], [-118.9766, 37.4065], [-118.9759, 37.4063]]], [[[-119.0017, 37.408], [-119.0013, 37.4081], [-119.0017, 37.4079], [-119.0017, 37.408]]], [[[-119.0114, 37.408], [-119.0117, 37.4086], [-119.0108, 37.4092], [-119.0106, 37.4085], [-119.0114, 37.408]]], [[[-118.9792, 37.4083], [-118.9795, 37.4085], [-118.9791, 37.4084], [-118.9792, 37.4083]]], [[[-119.0578, 37.4101], [-119.0575, 37.4102], [-119.0576, 37.41], [-119.0578, 37.4101]]], [[[-118.9947, 37.4105], [-118.9948, 37.4109], [-118.9945, 37.411], [-118.9947, 37.4105]]], [[[-119.0026, 37.4114], [-119.0019, 37.4107], [-119.0023, 37.4103], [-119.003, 37.411], [-119.0026, 37.4114]]], [[[-118.9941, 37.4111], [-118.9944, 37.4113], [-118.9939, 37.4112], [-118.9941, 37.4111]]], [[[-118.9884, 37.4131], [-118.9884, 37.4129], [-118.9886, 37.413], [-118.9884, 37.4131]]], [[[-118.9518, 37.4195], [-118.9515, 37.4195], [-118.9516, 37.4194], [-118.9518, 37.4195]]], [[[-119.0808, 37.4272], [-119.081, 37.4271], [-119.0809, 37.4273], [-119.0808, 37.4272]]], [[[-119.08, 37.4286], [-119.0809, 37.4287], [-119.0802, 37.429], [-119.08, 37.4286]]], [[[-119.0769, 37.4286], [-119.0771, 37.4287], [-119.077, 37.4288], [-119.0769, 37.4286]]], [[[-119.0761, 37.4382], [-119.0758, 37.4384], [-119.076, 37.4382], [-119.0761, 37.4382]]], [[[-119.074, 37.4394], [-119.0744, 37.4382], [-119.0751, 37.4386], [-119.074, 37.4394]]], [[[-119.092, 37.448], [-119.0925, 37.4474], [-119.092, 37.4481], [-119.092, 37.448]]], [[[-119.0899, 37.4531], [-119.0901, 37.4529], [-119.0902, 37.4531], [-119.0899, 37.4531]]], [[[-119.091, 37.462], [-119.0899, 37.4618], [-119.0911, 37.4608], [-119.0915, 37.4612], [-119.091, 37.462]]], [[[-119.0697, 37.547], [-119.0692, 37.5472], [-119.0697, 37.547], [-119.0697, 37.547]]]]}, "properties": {"layer": "perimeter"}}, {"type": "Feature", "geometry": {"type": "MultiPolygon", "coordinates": [[[[-119.4752, 37.3431], [-119.4746, 37.3436], [-119.4744, 37.3434], [-119.4752, 37.3431]]], [[[-118.9654, 37.3913], [-118.9699, 37.3877], [-118.9701, 37.3882], [-118.9708, 37.388], [-118.9711, 37.3871], [-118.9754, 37.3863], [-118.9768, 37.3852], [-118.9777, 37.3857], [-118.9793, 37.3854], [-118.9793, 37.3861], [-118.9806, 37.3855], [-118.9821, 37.386], [-118.979, 37.3869], [-118.9739, 37.3903], [-118.9678, 37.3913], [-118.9654, 37.3913]]], [[[-118.9845, 37.3853], [-118.9841, 37.3852], [-118.9849, 37.3852], [-118.9845, 37.3853]]], [[[-118.99, 37.3838], [-118.993, 37.3831], [-118.9936, 37.3822], [-118.9962, 37.3811], [-119.0004, 37.3836], [-118.9939, 37.3831], [-118.99, 37.3838]]], [[[-119.1701, 37.2571], [-119.1701, 37.2569], [-119.1701, 37.2569], [-119.1701, 37.2571]]], [[[-119.2008, 37.243], [-119.2004, 37.2429], [-119.2007, 37.2428], [-119.2008, 37.243]]], [[[-119.2097, 37.2396], [-119.214, 37.2385], [-119.214, 37.2397], [-119.2097, 37.2396]]], [[[-119.2369, 37.2379], [-119.2369, 37.2378], [-119.2371, 37.2379], [-119.2369, 37.2379]]], [[[-119.2393, 37.2323], [-119.2399, 37.2307], [-119.2393, 37.2309], [-119.2393, 37.2295], [-119.2436, 37.2297], [-119.2435, 37.2287], [-119.2447, 37.2287], [-119.2447, 37.2305], [-119.2435, 37.2305], [-119.2425, 37.2322], [-119.2393, 37.2323]]], [[[-119.2299, 37.225], [-119.229, 37.2256], [-119.2267, 37.226], [-119.2267, 37.225], [-119.2299, 37.225]]], [[[-119.221, 37.2288], [-119.2197, 37.2302], [-119.2201, 37.2315], [-119.2185, 37.232], [-119.218, 37.2314], [-119.2192, 37.2314], [-119.2189, 37.2287], [-119.221, 37.2288]]], [[[-119.2181, 37.2319], [-119.2182, 37.2319], [-119.2181, 37.232], [-119.2181, 37.2319]]], [[[-119.2181, 37.2323], [-119.2181, 37.2323], [-119.2181, 37.2323], [-119.2181, 37.2323]]], [[[-119.2177, 37.2323], [-119.2174, 37.2328], [-119.2159, 37.2323], [-119.2177, 37.2323]]], [[[-119.2002, 37.237], [-119.1956, 37.2382], [-119.1916, 37.2383], [-119.2004, 37.2359], [-119.2002, 37.237]]], [[[-119.1897, 37.2385], [-119.1877, 37.2393], [-119.1849, 37.2383], [-119.1858, 37.238], [-119.1859, 37.2371], [-119.1897, 37.2385]]], [[[-119.1837, 37.2386], [-119.182, 37.2391], [-119.1814, 37.2386], [-119.1826, 37.2382], [-119.1837, 37.2386]]], [[[-119.1718, 37.238], [-119.1712, 37.2379], [-119.1716, 37.2369], [-119.1718, 37.2369], [-119.1718, 37.238]]], [[[-119.1635, 37.2425], [-119.1637, 37.2432], [-119.1591, 37.2432], [-119.1616, 37.2418], [-119.1635, 37.2425]]], [[[-119.2267, 37.1189], [-119.2292, 37.1207], [-119.2349, 37.1207], [-119.2393, 37.1182], [-119.2403, 37.1195], [-119.2421, 37.119], [-119.2418, 37.1204], [-119.243, 37.1217], [-119.2429, 37.1231], [-119.2438, 37.1237], [-119.2434, 37.1241], [-119.2421, 37.1236], [-119.2424, 37.1276], [-119.2443, 37.1295], [-119.2461, 37.1268], [-119.2461, 37.1301], [-119.2506, 37.1301], [-119.2506, 37.1265], [-119.2477, 37.1265], [-119.2486, 37.1256], [-119.247, 37.1237], [-119.2491, 37.1231], [-119.2517, 37.1236], [-119.253, 37.1228], [-119.2568, 37.1231], [-119.2548, 37.1253], [-119.2541, 37.1285], [-119.2521, 37.1296], [-119.2536, 37.1299], [-119.2557, 37.132], [-119.2537, 37.1323], [-119.2549, 37.1325], [-119.2552, 37.1343], [-119.2535, 37.1342], [-119.2568, 37.1374], [-119.261, 37.1386], [-119.2607, 37.1421], [-119.2601, 37.1431], [-119.2601, 37.1413], [-119.2417, 37.1412], [-119.2418, 37.1559], [-119.2535, 37.156], [-119.2492, 37.1581], [-119.2472, 37.1575], [-119.246, 37.1585], [-119.2491, 37.1607], [-119.2498, 37.1634], [-119.2517, 37.1639], [-119.2567, 37.1633], [-119.2582, 37.1618], [-119.2562, 37.156], [-119.2625, 37.156], [-119.263, 37.1583], [-119.2606, 37.1607], [-119.2601, 37.1618], [-119.2606, 37.1624], [-119.259, 37.1655], [-119.2603, 37.1665], [-119.2654, 37.1679], [-119.2653, 37.1697], [-119.2683, 37.1692], [-119.2686, 37.1701], [-119.2703, 37.1693], [-119.2693, 37.1672], [-119.2699, 37.1675], [-119.2712, 37.1664], [-119.2726, 37.1671], [-119.2724, 37.1693], [-119.2747, 37.1707], [-119.2735, 37.172], [-119.2712, 37.1729], [-119.2712, 37.1741], [-119.2738, 37.1739], [-119.2753, 37.1749], [-119.2763, 37.1736], [-119.2784, 37.1749], [-119.2813, 37.1745], [-119.2823, 37.1754], [-119.2867, 37.1748], [-119.2861, 37.1731], [-119.2876, 37.1701], [-119.2895, 37.1683], [-119.2945, 37.1597], [-119.2938, 37.1576], [-119.3004, 37.1503], [-119.3013, 37.1476], [-119.3029, 37.1471], [-119.3032, 37.1447], [-119.3045, 37.1444], [-119.3033, 37.144], [-119.3034, 37.1432], [-119.3041, 37.1428], [-119.3063, 37.1434], [-119.3073, 37.1428], [-119.3075, 37.1434], [-119.308, 37.1431], [-119.3101, 37.1319], [-119.3122, 37.1306], [-119.3123, 37.1279], [-119.3134, 37.1267], [-119.3149, 37.1211], [-119.3191, 37.1164], [-119.3208, 37.1118], [-119.3224, 37.1106], [-119.3216, 37.1046], [-119.3205, 37.1038], [-119.3207, 37.102], [-119.3198, 37.1003], [-119.3226, 37.1006], [-119.3229, 37.0995], [-119.3207, 37.0961], [-119.3195, 37.0958], [-119.3173, 37.0934], [-119.3171, 37.0919], [-119.3192, 37.0915], [-119.3206, 37.0923], [-119.321, 37.0912], [-119.3182, 37.0895], [-119.3194, 37.0883], [-119.3185, 37.0845], [-119.3154, 37.0788], [-119.3149, 37.0761], [-119.3155, 37.0731], [-119.3145, 37.0728], [-119.3136, 37.0709], [-119.3111, 37.0705], [-119.3101, 37.0713], [-119.3089, 37.0709], [-119.3089, 37.0689], [-119.3075, 37.0686], [-119.307, 37.07], [-119.3055, 37.0692], [-119.305, 37.068], [-119.3054, 37.0675], [-119.3097, 37.0675], [-119.3097, 37.0603], [-119.3142, 37.0603], [-119.3139, 37.0424], [-119.3366, 37.0426], [-119.3366, 37.0389], [-119.3275, 37.0389], [-119.3274, 37.0315], [-119.3409, 37.0315], [-119.341, 37.039], [-119.3454, 37.039], [-119.3453, 37.0316], [-119.3542, 37.0316], [-119.3544, 37.0426], [-119.3589, 37.0425], [-119.3589, 37.0461], [-119.3634, 37.0461], [-119.3633, 37.0425], [-119.3862, 37.0423], [-119.3862, 37.0388], [-119.3897, 37.0388], [-119.3898, 37.0399], [-119.3882, 37.0403], [-119.3877, 37.0419], [-119.3883, 37.0443], [-119.3861, 37.0458], [-119.3862, 37.0497], [-119.3816, 37.0497], [-119.3815, 37.0461], [-119.3723, 37.0461], [-119.3723, 37.0497], [-119.377, 37.0498], [-119.377, 37.0561], [-119.3802, 37.0557], [-119.3824, 37.0542], [-119.3857, 37.0539], [-119.3861, 37.0569], [-119.4127, 37.057], [-119.4154, 37.0598], [-119.415, 37.0614], [-119.4158, 37.0637], [-119.4144, 37.0636], [-119.4134, 37.0643], [-119.4114, 37.0638], [-119.4108, 37.0619], [-119.41, 37.0623], [-119.4091, 37.0618], [-119.4091, 37.0606], [-119.4046, 37.0606], [-119.4047, 37.0645], [-119.4075, 37.0645], [-119.4069, 37.065], [-119.4075, 37.0658], [-119.4064, 37.0665], [-119.4097, 37.068], [-119.4091, 37.0696], [-119.4106, 37.0701], [-119.4106, 37.0718], [-119.4131, 37.0719], [-119.4127, 37.0712], [-119.4136, 37.0705], [-119.415, 37.0714], [-119.4147, 37.0727], [-119.4161, 37.0742], [-119.4153, 37.0755], [-119.4145, 37.0744], [-119.4128, 37.0744], [-119.4132, 37.076], [-119.4139, 37.0768], [-119.4166, 37.0767], [-119.4166, 37.079], [-119.4206, 37.0803], [-119.4202, 37.0818], [-119.4209, 37.0824], [-119.4222, 37.0822], [-119.4226, 37.0836], [-119.4216, 37.0841], [-119.4218, 37.0848], [-119.4264, 37.0872], [-119.4269, 37.089], [-119.425, 37.0906], [-119.4274, 37.093], [-119.4317, 37.0933], [-119.4317, 37.0968], [-119.4363, 37.0968], [-119.4364, 37.1041], [-119.4392, 37.1041], [-119.4395, 37.1052], [-119.4391, 37.1069], [-119.4366, 37.1096], [-119.4387, 37.1115], [-119.4135, 37.1118], [-119.4134, 37.1005], [-119.409, 37.1004], [-119.409, 37.0967], [-119.4135, 37.0967], [-119.4136, 37.0896], [-119.4091, 37.0896], [-119.4091, 37.0824], [-119.4046, 37.0824], [-119.4047, 37.0789], [-119.4003, 37.0789], [-119.4002, 37.0824], [-119.3865, 37.0825], [-119.3864, 37.0861], [-119.3683, 37.0861], [-119.3682, 37.0825], [-119.3775, 37.0825], [-119.3774, 37.0753], [-119.3865, 37.0753], [-119.3865, 37.0735], [-119.3798, 37.0735], [-119.3796, 37.0681], [-119.3772, 37.0681], [-119.3771, 37.0606], [-119.3724, 37.0607], [-119.3724, 37.0643], [-119.368, 37.0643], [-119.368, 37.068], [-119.3635, 37.0679], [-119.3635, 37.0715], [-119.3591, 37.0715], [-119.3591, 37.0787], [-119.3545, 37.0787], [-119.3546, 37.0895], [-119.3501, 37.0895], [-119.3501, 37.0968], [-119.3233, 37.0968], [-119.3232, 37.104], [-119.3324, 37.1041], [-119.3322, 37.1186], [-119.3368, 37.1187], [-119.3367, 37.1265], [-119.3323, 37.1264], [-119.3324, 37.1298], [-119.3278, 37.1299], [-119.3279, 37.1333], [-119.3324, 37.1333], [-119.3324, 37.141], [-119.3278, 37.1411], [-119.3279, 37.1481], [-119.3055, 37.1484], [-119.3057, 37.1591], [-119.2967, 37.1593], [-119.2962, 37.1764], [-119.2693, 37.1775], [-119.2692, 37.1737], [-119.2598, 37.1739], [-119.2598, 37.172], [-119.2556, 37.172], [-119.2551, 37.1778], [-119.2415, 37.1778], [-119.2415, 37.1703], [-119.2326, 37.1703], [-119.2326, 37.1631], [-119.2373, 37.163], [-119.2372, 37.1595], [-119.2325, 37.1595], [-119.2326, 37.1558], [-119.228, 37.1558], [-119.228, 37.1522], [-119.2325, 37.1521], [-119.2326, 37.1411], [-119.2234, 37.141], [-119.2233, 37.1189], [-119.2267, 37.1189]], [[-119.3724, 37.0606], [-119.3725, 37.058], [-119.3693, 37.0581], [-119.3694, 37.0606], [-119.3724, 37.0606]], [[-119.3354, 37.0801], [-119.3369, 37.079], [-119.3376, 37.0801], [-119.3366, 37.0807], [-119.3383, 37.0811], [-119.34, 37.0786], [-119.3406, 37.0797], [-119.3422, 37.0782], [-119.3457, 37.0781], [-119.3465, 37.077], [-119.3446, 37.0724], [-119.3438, 37.0729], [-119.3436, 37.072], [-119.3414, 37.0713], [-119.3436, 37.0693], [-119.3421, 37.068], [-119.3397, 37.0681], [-119.3389, 37.0693], [-119.3386, 37.0686], [-119.3339, 37.0687], [-119.3326, 37.0664], [-119.3318, 37.0663], [-119.3313, 37.0623], [-119.3319, 37.0619], [-119.3308, 37.0607], [-119.3313, 37.0596], [-119.3307, 37.0599], [-119.3267, 37.0575], [-119.3239, 37.0581], [-119.322, 37.0599], [-119.3238, 37.0622], [-119.3237, 37.066], [-119.3245, 37.0682], [-119.324, 37.0689], [-119.3274, 37.0701], [-119.3271, 37.0712], [-119.3279, 37.0717], [-119.3262, 37.0737], [-119.3258, 37.0753], [-119.3278, 37.0746], [-119.3284, 37.075], [-119.3274, 37.0754], [-119.328, 37.0762], [-119.3288, 37.0766], [-119.3295, 37.0753], [-119.3313, 37.0763], [-119.3304, 37.0767], [-119.3317, 37.0782], [-119.3314, 37.0797], [-119.3323, 37.082], [-119.3336, 37.0799], [-119.3354, 37.0801]], [[-119.3142, 37.0712], [-119.3187, 37.0713], [-119.3187, 37.0676], [-119.3142, 37.0676], [-119.3142, 37.0712]], [[-119.3718, 37.0531], [-119.3677, 37.0533], [-119.3678, 37.057], [-119.3724, 37.0569], [-119.3718, 37.0531]], [[-119.427, 37.1005], [-119.4271, 37.108], [-119.4318, 37.1079], [-119.4317, 37.1005], [-119.427, 37.1005]]], [[[-119.2472, 37.1265], [-119.2472, 37.1265], [-119.2471, 37.1265], [-119.2472, 37.1265]]], [[[-119.2607, 37.1447], [-119.263, 37.1428], [-119.2642, 37.143], [-119.2649, 37.1421], [-119.2655, 37.1428], [-119.2679, 37.1409], [-119.2687, 37.1412], [-119.2696, 37.1444], [-119.2651, 37.1492], [-119.2642, 37.1515], [-119.2646, 37.1539], [-119.2631, 37.1549], [-119.2601, 37.1527], [-119.2601, 37.1445], [-119.2607, 37.1447]], [[-119.2605, 37.1522], [-119.263, 37.1543], [-119.2642, 37.1541], [-119.2642, 37.1521], [-119.2605, 37.1522]]], [[[-119.3051, 37.053], [-119.3056, 37.0521], [-119.3047, 37.0506], [-119.3056, 37.0495], [-119.3073, 37.0495], [-119.3072, 37.053], [-119.3051, 37.053]]], [[[-119.2956, 37.0404], [-119.2925, 37.039], [-119.2932, 37.0372], [-119.2922, 37.0359], [-119.2892, 37.0351], [-119.2936, 37.035], [-119.2936, 37.0387], [-119.2959, 37.0387], [-119.2956, 37.0404]]], [[[-119.2594, 37.0249], [-119.2623, 37.0245], [-119.2627, 37.0238], [-119.2626, 37.0232], [-119.2612, 37.0229], [-119.2609, 37.0214], [-119.2621, 37.02], [-119.261, 37.019], [-119.2609, 37.0176], [-119.2645, 37.0175], [-119.2645, 37.0281], [-119.26, 37.0283], [-119.2599, 37.0249], [-119.2594, 37.0249]]], [[[-119.2659, 36.9952], [-119.2664, 36.9942], [-119.269, 36.9936], [-119.269, 36.9953], [-119.2659, 36.9952]]], [[[-119.2695, 36.9913], [-119.2724, 36.9899], [-119.2754, 36.9907], [-119.2762, 36.9915], [-119.2695, 36.9913]]], [[[-119.3251, 37.0144], [-119.3256, 37.0161], [-119.3266, 37.0154], [-119.3268, 37.0134], [-119.3274, 37.0129], [-119.3266, 37.013], [-119.327, 37.0113], [-119.3281, 37.0109], [-119.3285, 37.009], [-119.3316, 37.008], [-119.3316, 37.0091], [-119.3338, 37.0091], [-119.3338, 37.0128], [-119.3295, 37.0129], [-119.3295, 37.0167], [-119.3251, 37.0167], [-119.3251, 37.0144]]], [[[-119.3313, 37.0061], [-119.3305, 37.0059], [-119.33, 37.0056], [-119.3316, 37.0055], [-119.3313, 37.0061]]], [[[-119.3292, 37.0044], [-119.3271, 37.0029], [-119.3249, 36.9996], [-119.3262, 36.9982], [-119.3272, 36.9982], [-119.3271, 37.0018], [-119.3294, 37.0018], [-119.3292, 37.0044]]], [[[-119.3857, 37.0294], [-119.3865, 37.0303], [-119.3869, 37.0313], [-119.3858, 37.0313], [-119.3857, 37.0294]]], [[[-119.4092, 37.0628], [-119.4091, 37.063], [-119.4091, 37.0625], [-119.4092, 37.0628]]], [[[-119.4409, 37.119], [-119.439, 37.1214], [-119.4409, 37.1229], [-119.4407, 37.1246], [-119.4392, 37.1266], [-119.4401, 37.1275], [-119.4388, 37.1271], [-119.4362, 37.1277], [-119.4361, 37.1267], [-119.4337, 37.1268], [-119.4338, 37.121], [-119.4383, 37.1208], [-119.4384, 37.1191], [-119.4409, 37.119]]], [[[-119.4287, 37.1302], [-119.4257, 37.1312], [-119.4227, 37.1332], [-119.4225, 37.1301], [-119.4287, 37.1302]]], [[[-119.418, 37.1335], [-119.4232, 37.1338], [-119.421, 37.1345], [-119.4219, 37.1358], [-119.425, 37.1363], [-119.4253, 37.1422], [-119.4229, 37.1422], [-119.4229, 37.146], [-119.4185, 37.1459], [-119.4185, 37.1496], [-119.4138, 37.1496], [-119.4138, 37.1513], [-119.4046, 37.1513], [-119.4045, 37.1438], [-119.4138, 37.1438], [-119.4137, 37.142], [-119.4162, 37.142], [-119.4161, 37.1403], [-119.4183, 37.1403], [-119.418, 37.1335]]], [[[-119.4273, 37.137], [-119.4273, 37.137], [-119.4273, 37.137], [-119.4273, 37.137]]], [[[-119.4314, 37.137], [-119.4326, 37.1369], [-119.4339, 37.1344], [-119.4331, 37.1332], [-119.4359, 37.1312], [-119.4365, 37.1323], [-119.4377, 37.1321], [-119.4375, 37.1326], [-119.4389, 37.1316], [-119.4407, 37.1321], [-119.4411, 37.1317], [-119.4414, 37.1323], [-119.4449, 37.1333], [-119.4468, 37.1372], [-119.445, 37.1372], [-119.445, 37.1337], [-119.4409, 37.1337], [-119.441, 37.1372], [-119.4314, 37.137]]], [[[-119.4479, 37.1391], [-119.4482, 37.1405], [-119.4478, 37.1408], [-119.4479, 37.1391]]], [[[-119.4478, 37.1416], [-119.4479, 37.1417], [-119.4478, 37.1418], [-119.4478, 37.1416]]], [[[-119.4264, 37.1667], [-119.4311, 37.169], [-119.432, 37.1687], [-119.4321, 37.1698], [-119.4263, 37.1698], [-119.4264, 37.1667]]], [[[-119.4332, 37.1698], [-119.4345, 37.1694], [-119.4355, 37.1696], [-119.4355, 37.1698], [-119.4332, 37.1698]]], [[[-119.4374, 37.1697], [-119.4383, 37.1682], [-119.4401, 37.1683], [-119.44, 37.1697], [-119.4374, 37.1697]]], [[[-119.4458, 37.1715], [-119.4457, 37.1737], [-119.4444, 37.1748], [-119.4445, 37.1715], [-119.4458, 37.1715]]], [[[-119.449, 37.1804], [-119.4523, 37.1816], [-119.4524, 37.1832], [-119.4543, 37.1843], [-119.4549, 37.1852], [-119.4538, 37.1852], [-119.4539, 37.1868], [-119.4494, 37.1867], [-119.4494, 37.1851], [-119.4447, 37.185], [-119.4447, 37.1831], [-119.4489, 37.1832], [-119.449, 37.1804]]], [[[-119.4585, 37.187], [-119.4587, 37.1865], [-119.4589, 37.187], [-119.4585, 37.187]]], [[[-119.4607, 37.1895], [-119.4608, 37.1895], [-119.4607, 37.1896], [-119.4607, 37.1895]]], [[[-119.4586, 37.1905], [-119.4623, 37.1907], [-119.4628, 37.1915], [-119.4599, 37.1939], [-119.4617, 37.2009], [-119.4597, 37.2014], [-119.459, 37.2025], [-119.4589, 37.2014], [-119.4498, 37.2013], [-119.4496, 37.1943], [-119.4587, 37.1941], [-119.4586, 37.1905]]], [[[-119.459, 37.2029], [-119.4592, 37.2034], [-119.4617, 37.205], [-119.459, 37.2049], [-119.459, 37.2029]]], [[[-119.4635, 37.205], [-119.4634, 37.2049], [-119.4635, 37.2049], [-119.4635, 37.205]]], [[[-119.4676, 37.2051], [-119.4681, 37.2064], [-119.4692, 37.2066], [-119.4702, 37.2088], [-119.4695, 37.2115], [-119.4719, 37.2139], [-119.4715, 37.2173], [-119.4703, 37.2196], [-119.468, 37.2195], [-119.4676, 37.2051]]], [[[-119.4726, 37.233], [-119.4724, 37.2331], [-119.4723, 37.233], [-119.4726, 37.233]]], [[[-119.4722, 37.233], [-119.4711, 37.233], [-119.4719, 37.2302], [-119.4697, 37.2288], [-119.4694, 37.2271], [-119.4685, 37.2268], [-119.4724, 37.227], [-119.4722, 37.233]]], [[[-119.4674, 37.2267], [-119.4673, 37.2268], [-119.4669, 37.2267], [-119.4674, 37.2267]]], [[[-119.459, 37.2263], [-119.4578, 37.2266], [-119.4575, 37.2263], [-119.459, 37.2263]]], [[[-119.4549, 37.2263], [-119.4547, 37.2264], [-119.4545, 37.2263], [-119.4549, 37.2263]]], [[[-119.4543, 37.2262], [-119.4503, 37.2245], [-119.4503, 37.2228], [-119.4545, 37.2228], [-119.4543, 37.2262]]], [[[-119.4503, 37.2256], [-119.4504, 37.2257], [-119.4503, 37.2258], [-119.4503, 37.2256]]], [[[-119.4502, 37.2279], [-119.4505, 37.2284], [-119.4502, 37.2289], [-119.4502, 37.2279]]], [[[-119.4502, 37.2293], [-119.4516, 37.2298], [-119.4503, 37.2311], [-119.4502, 37.2293]]], [[[-119.4504, 37.2322], [-119.4548, 37.2324], [-119.4568, 37.2312], [-119.458, 37.2317], [-119.458, 37.233], [-119.459, 37.2329], [-119.4602, 37.2338], [-119.4548, 37.2337], [-119.4549, 37.2373], [-119.4504, 37.2373], [-119.4504, 37.2322]]], [[[-119.4739, 37.3427], [-119.4717, 37.3439], [-119.4712, 37.3453], [-119.4712, 37.3427], [-119.4739, 37.3427]]], [[[-119.4713, 37.3467], [-119.4735, 37.3467], [-119.4743, 37.3474], [-119.4731, 37.3487], [-119.4733, 37.3502], [-119.4725, 37.3512], [-119.4749, 37.3513], [-119.4753, 37.3503], [-119.4765, 37.3502], [-119.4777, 37.3526], [-119.4759, 37.3548], [-119.4751, 37.3543], [-119.472, 37.355], [-119.4723, 37.3573], [-119.4714, 37.3573], [-119.4713, 37.3467]]], [[[-119.201, 37.199], [-119.2019, 37.1966], [-119.2027, 37.1964], [-119.202, 37.1959], [-119.2041, 37.1959], [-119.204, 37.1994], [-119.1999, 37.1994], [-119.201, 37.199]]], [[[-119.2, 37.2213], [-119.203, 37.2208], [-119.2022, 37.2201], [-119.2028, 37.2189], [-119.2013, 37.2187], [-119.2026, 37.2175], [-119.204, 37.2174], [-119.204, 37.2217], [-119.1995, 37.2217], [-119.1995, 37.2201], [-119.2, 37.2213]]], [[[-119.2004, 37.2178], [-119.2002, 37.2184], [-119.1994, 37.2191], [-119.1994, 37.2178], [-119.2004, 37.2178]]], [[[-119.2551, 37.156], [-119.2551, 37.156], [-119.2552, 37.156], [-119.2551, 37.156]]], [[[-119.2546, 37.156], [-119.2547, 37.1561], [-119.2545, 37.156], [-119.2546, 37.156]]], [[[-119.254, 37.156], [-119.254, 37.156], [-119.254, 37.156], [-119.254, 37.156]]], [[[-119.3819, 37.1425], [-119.3774, 37.1423], [-119.3775, 37.1397], [-119.3863, 37.1397], [-119.3863, 37.1443], [-119.3819, 37.1442], [-119.3819, 37.1425]]], [[[-119.3898, 37.1447], [-119.3922, 37.1467], [-119.3948, 37.147], [-119.3949, 37.1449], [-119.3986, 37.1434], [-119.3996, 37.1464], [-119.3917, 37.1495], [-119.3872, 37.1485], [-119.3841, 37.1498], [-119.3808, 37.1475], [-119.3809, 37.1451], [-119.388, 37.1464], [-119.3898, 37.1447]]], [[[-119.4004, 37.1816], [-119.4005, 37.1724], [-119.3935, 37.1724], [-119.3934, 37.1654], [-119.4034, 37.1655], [-119.4034, 37.17], [-119.4103, 37.1699], [-119.4102, 37.1738], [-119.4193, 37.1737], [-119.4192, 37.177], [-119.4306, 37.1768], [-119.4303, 37.1827], [-119.4357, 37.1829], [-119.4358, 37.1905], [-119.4405, 37.1906], [-119.4405, 37.1941], [-119.445, 37.1942], [-119.4451, 37.1977], [-119.4473, 37.1977], [-119.4474, 37.2013], [-119.4361, 37.2012], [-119.4359, 37.194], [-119.4265, 37.1938], [-119.4265, 37.1903], [-119.4178, 37.1901], [-119.4177, 37.1822], [-119.4004, 37.1816]]], [[[-119.4611, 37.2122], [-119.4656, 37.2123], [-119.4656, 37.2159], [-119.4612, 37.2158], [-119.4611, 37.2122]]], [[[-119.43, 37.3237], [-119.4345, 37.3238], [-119.4344, 37.3274], [-119.4299, 37.3274], [-119.43, 37.3237]]], [[[-119.3811, 37.4061], [-119.3812, 37.4133], [-119.3721, 37.4131], [-119.372, 37.4058], [-119.3811, 37.4061]]], [[[-119.3766, 37.428], [-119.3811, 37.4281], [-119.3797, 37.4352], [-119.3753, 37.4352], [-119.3766, 37.428]]], [[[-119.3927, 37.4354], [-119.3842, 37.4353], [-119.3855, 37.4282], [-119.3942, 37.4285], [-119.3927, 37.4354]]], [[[-119.3542, 37.0279], [-119.3542, 37.0242], [-119.3609, 37.0241], [-119.3608, 37.0278], [-119.3542, 37.0279]]], [[[-119.3721, 37.0277], [-119.3765, 37.0276], [-119.3766, 37.0313], [-119.3677, 37.0315], [-119.3675, 37.0241], [-119.3721, 37.024], [-119.3721, 37.0277]]], [[[-119.375, 37.1153], [-119.3749, 37.119], [-119.3727, 37.1191], [-119.3728, 37.1153], [-119.375, 37.1153]]], [[[-119.3593, 37.1283], [-119.3613, 37.1283], [-119.3613, 37.1275], [-119.3623, 37.1274], [-119.3625, 37.1256], [-119.3614, 37.1256], [-119.3614, 37.1229], [-119.3647, 37.1229], [-119.3647, 37.1265], [-119.3635, 37.1265], [-119.3636, 37.1304], [-119.3639, 37.1283], [-119.3648, 37.1283], [-119.3638, 37.1353], [-119.363, 37.1353], [-119.3635, 37.1318], [-119.3591, 37.1318], [-119.3593, 37.1283]]], [[[-119.3271, 37.1696], [-119.3275, 37.1692], [-119.3274, 37.1695], [-119.3271, 37.1696]]], [[[-119.309, 37.1696], [-119.3092, 37.1697], [-119.309, 37.1697], [-119.309, 37.1696]]], [[[-119.2989, 37.1884], [-119.2989, 37.1942], [-119.299, 37.1961], [-119.2971, 37.1958], [-119.2967, 37.1885], [-119.2989, 37.1884]]], [[[-119.3505, 37.1953], [-119.3661, 37.1951], [-119.3661, 37.1987], [-119.357, 37.1988], [-119.357, 37.2022], [-119.3678, 37.2022], [-119.3681, 37.2147], [-119.348, 37.2148], [-119.3481, 37.2078], [-119.3526, 37.2077], [-119.3525, 37.2022], [-119.3504, 37.2022], [-119.3505, 37.1953]]], [[[-119.3282, 37.2044], [-119.3316, 37.2065], [-119.3303, 37.2119], [-119.3289, 37.2103], [-119.3227, 37.2096], [-119.3282, 37.2044]]], [[[-119.336, 37.2171], [-119.3373, 37.2185], [-119.3371, 37.2199], [-119.3348, 37.2226], [-119.3341, 37.2224], [-119.3366, 37.2191], [-119.3349, 37.2173], [-119.3309, 37.2164], [-119.3302, 37.214], [-119.3322, 37.216], [-119.336, 37.2171]]], [[[-119.3615, 37.2479], [-119.3616, 37.2406], [-119.366, 37.2406], [-119.366, 37.2441], [-119.3683, 37.244], [-119.3683, 37.2459], [-119.3694, 37.2459], [-119.3694, 37.2497], [-119.3637, 37.2498], [-119.3637, 37.2479], [-119.3615, 37.2479]]], [[[-119.3191, 37.3336], [-119.3156, 37.3271], [-119.3164, 37.3242], [-119.3204, 37.3211], [-119.3248, 37.3202], [-119.3203, 37.3253], [-119.321, 37.3282], [-119.3297, 37.3296], [-119.3318, 37.3328], [-119.3307, 37.3356], [-119.3194, 37.3379], [-119.3154, 37.3408], [-119.3138, 37.3496], [-119.3104, 37.3542], [-119.3046, 37.3545], [-119.2999, 37.3559], [-119.2984, 37.3585], [-119.2998, 37.3622], [-119.299, 37.3648], [-119.2951, 37.3617], [-119.2949, 37.3531], [-119.3022, 37.3508], [-119.3101, 37.3508], [-119.3113, 37.3459], [-119.3103, 37.3422], [-119.3111, 37.3388], [-119.3169, 37.3359], [-119.3191, 37.3336]]], [[[-119.3323, 37.3503], [-119.341, 37.3506], [-119.3403, 37.3579], [-119.3313, 37.3577], [-119.3323, 37.3503]]], [[[-119.3133, 37.3574], [-119.3178, 37.3572], [-119.3175, 37.3609], [-119.313, 37.3609], [-119.3133, 37.3574]]], [[[-119.3488, 37.3836], [-119.3536, 37.3837], [-119.3536, 37.3873], [-119.3488, 37.3872], [-119.3488, 37.3836]]], [[[-119.3721, 37.4131], [-119.372, 37.4205], [-119.3627, 37.4202], [-119.3626, 37.4128], [-119.3721, 37.4131]]], [[[-119.3769, 37.4889], [-119.3681, 37.4887], [-119.3678, 37.4812], [-119.3766, 37.4814], [-119.3769, 37.4889]]], [[[-119.3143, 37.4921], [-119.3323, 37.4919], [-119.3326, 37.4957], [-119.3144, 37.4958], [-119.3143, 37.4921]]], [[[-119.3326, 37.4957], [-119.3418, 37.4957], [-119.3422, 37.4994], [-119.333, 37.4994], [-119.3326, 37.4957]]], [[[-119.324, 37.5067], [-119.3241, 37.5032], [-119.3287, 37.5032], [-119.3286, 37.5067], [-119.324, 37.5067]]], [[[-119.3035, 37.5459], [-119.3033, 37.5448], [-119.3003, 37.5452], [-119.3001, 37.5442], [-119.2991, 37.5443], [-119.2987, 37.5423], [-119.3007, 37.542], [-119.2998, 37.5379], [-119.3039, 37.5374], [-119.3048, 37.5415], [-119.3089, 37.5409], [-119.3097, 37.545], [-119.3112, 37.5448], [-119.3126, 37.5488], [-119.3106, 37.5491], [-119.3092, 37.545], [-119.3056, 37.5455], [-119.3054, 37.5445], [-119.3044, 37.5446], [-119.3047, 37.5457], [-119.3035, 37.5459]], [[-119.3042, 37.5436], [-119.305, 37.5425], [-119.304, 37.5426], [-119.3042, 37.5436]], [[-119.3038, 37.5416], [-119.3028, 37.5417], [-119.303, 37.5427], [-119.304, 37.5426], [-119.3038, 37.5416]]], [[[-119.2483, 37.2033], [-119.249, 37.2036], [-119.2494, 37.2025], [-119.2516, 37.2014], [-119.2521, 37.2022], [-119.2488, 37.2039], [-119.2497, 37.2049], [-119.2475, 37.2063], [-119.2497, 37.2068], [-119.2492, 37.2076], [-119.2459, 37.206], [-119.2483, 37.2033]], [[-119.2474, 37.2048], [-119.248, 37.205], [-119.2476, 37.2047], [-119.2474, 37.2048]]], [[[-119.2087, 37.2136], [-119.2088, 37.2067], [-119.2133, 37.2067], [-119.2134, 37.2137], [-119.2087, 37.2136]]], [[[-119.2398, 37.2168], [-119.2404, 37.2163], [-119.2404, 37.2168], [-119.2398, 37.2168]]], [[[-119.2404, 37.2191], [-119.2399, 37.2187], [-119.2404, 37.2186], [-119.2404, 37.2191]]]]}, "properties": {"layer": "retained"}}, {"type": "Feature", "geometry": {"type": "MultiPolygon", "coordinates": [[[[-119.3094, 37.5443], [-119.3094, 37.5432], [-119.3077, 37.5437], [-119.3077, 37.544], [-119.3094, 37.5443]]], [[[-119.303, 37.5429], [-119.3027, 37.5421], [-119.304, 37.5413], [-119.3013, 37.5412], [-119.3003, 37.5399], [-119.3006, 37.5421], [-119.2996, 37.542], [-119.2996, 37.5426], [-119.302, 37.5421], [-119.303, 37.5429]]], [[[-119.3289, 37.4958], [-119.3296, 37.4945], [-119.3299, 37.495], [-119.3316, 37.4945], [-119.3326, 37.495], [-119.332, 37.4926], [-119.331, 37.4934], [-119.3293, 37.4928], [-119.3289, 37.4936], [-119.3262, 37.4931], [-119.3262, 37.4942], [-119.3289, 37.4958]]], [[[-119.3238, 37.4933], [-119.3245, 37.4925], [-119.3232, 37.492], [-119.3221, 37.4933], [-119.3238, 37.4933]]], [[[-119.3194, 37.4941], [-119.3198, 37.493], [-119.3184, 37.493], [-119.3194, 37.492], [-119.3181, 37.492], [-119.3174, 37.4933], [-119.3194, 37.4941]], [[-119.3187, 37.4922], [-119.3184, 37.4925], [-119.3184, 37.4922], [-119.3187, 37.4922]]], [[[-119.3691, 37.486], [-119.3691, 37.4852], [-119.3681, 37.4849], [-119.3681, 37.4855], [-119.3691, 37.486]]], [[[-119.3708, 37.4847], [-119.3708, 37.4836], [-119.3701, 37.4836], [-119.3701, 37.4841], [-119.3708, 37.4847]]], [[[-119.3695, 37.4823], [-119.3695, 37.4817], [-119.3715, 37.482], [-119.3718, 37.4812], [-119.3684, 37.4812], [-119.3695, 37.4823]]], [[[-119.3797, 37.4313], [-119.3804, 37.4308], [-119.3801, 37.4302], [-119.3794, 37.4308], [-119.3797, 37.4313]]], [[[-119.3536, 37.3872], [-119.3537, 37.3837], [-119.352, 37.3839], [-119.3516, 37.3847], [-119.3509, 37.3847], [-119.3516, 37.3837], [-119.3496, 37.3842], [-119.3496, 37.3847], [-119.3509, 37.385], [-119.3502, 37.3855], [-119.3509, 37.3861], [-119.3499, 37.3861], [-119.3496, 37.3871], [-119.3519, 37.3872], [-119.3523, 37.3853], [-119.353, 37.3855], [-119.3529, 37.3872], [-119.3536, 37.3872]], [[-119.3523, 37.385], [-119.3516, 37.3853], [-119.3516, 37.385], [-119.3523, 37.385]]], [[[-119.3629, 37.248], [-119.3626, 37.2472], [-119.3616, 37.2471], [-119.3616, 37.248], [-119.3629, 37.248]]], [[[-119.1968, 37.2378], [-119.1971, 37.2367], [-119.1957, 37.237], [-119.1957, 37.2372], [-119.1968, 37.2378]]], [[[-119.2415, 37.2313], [-119.2415, 37.2308], [-119.2426, 37.2297], [-119.2409, 37.2305], [-119.2415, 37.2313]]], [[[-119.2422, 37.2321], [-119.2425, 37.2313], [-119.2436, 37.2313], [-119.2436, 37.2305], [-119.2446, 37.2305], [-119.2446, 37.2289], [-119.2436, 37.2289], [-119.2432, 37.2303], [-119.2426, 37.23], [-119.2419, 37.2308], [-119.2422, 37.2321]]], [[[-119.4546, 37.2241], [-119.4542, 37.2228], [-119.4539, 37.2228], [-119.4535, 37.2241], [-119.4546, 37.2241]]], [[[-119.3613, 37.1964], [-119.3614, 37.1956], [-119.361, 37.1956], [-119.3603, 37.1964], [-119.3613, 37.1964]]], [[[-119.2984, 37.1928], [-119.2984, 37.1917], [-119.2981, 37.1917], [-119.2978, 37.1925], [-119.2984, 37.1928]]], [[[-119.2691, 37.1775], [-119.2705, 37.177], [-119.2691, 37.1767], [-119.2691, 37.1775]]], [[[-119.2769, 37.177], [-119.2769, 37.1765], [-119.2756, 37.1768], [-119.2756, 37.177], [-119.2769, 37.177]]], [[[-119.2932, 37.1766], [-119.2925, 37.1758], [-119.2915, 37.1763], [-119.2915, 37.1766], [-119.2932, 37.1766]]], [[[-119.2796, 37.176], [-119.2793, 37.1752], [-119.2783, 37.1751], [-119.2783, 37.176], [-119.2796, 37.176]]], [[[-119.2529, 37.1731], [-119.2533, 37.172], [-119.2523, 37.1715], [-119.2516, 37.1728], [-119.2529, 37.1731]]], [[[-119.2621, 37.1734], [-119.2624, 37.1737], [-119.2671, 37.1735], [-119.2661, 37.1735], [-119.2648, 37.1716], [-119.2631, 37.1713], [-119.2634, 37.1718], [-119.2627, 37.1734], [-119.2621, 37.1734]], [[-119.2644, 37.1732], [-119.2641, 37.1734], [-119.2641, 37.1732], [-119.2644, 37.1732]], [[-119.2648, 37.1729], [-119.2644, 37.1732], [-119.2644, 37.1729], [-119.2648, 37.1729]], [[-119.2638, 37.1721], [-119.2634, 37.1724], [-119.2634, 37.1721], [-119.2638, 37.1721]]], [[[-119.2952, 37.1728], [-119.2956, 37.1717], [-119.2946, 37.1715], [-119.2946, 37.1728], [-119.2952, 37.1728]]], [[[-119.2915, 37.1741], [-119.2919, 37.172], [-119.2932, 37.1715], [-119.2929, 37.1709], [-119.2922, 37.1709], [-119.2915, 37.1723], [-119.2908, 37.1723], [-119.2912, 37.1733], [-119.2905, 37.1736], [-119.2915, 37.1741]], [[-119.2925, 37.1712], [-119.2922, 37.1715], [-119.2922, 37.1712], [-119.2925, 37.1712]]], [[[-119.2543, 37.1712], [-119.2547, 37.1701], [-119.2533, 37.1701], [-119.2533, 37.1712], [-119.2543, 37.1712]]], [[[-119.2553, 37.1777], [-119.2556, 37.172], [-119.2597, 37.1721], [-119.2597, 37.174], [-119.2614, 37.1737], [-119.2617, 37.1726], [-119.26, 37.1726], [-119.2604, 37.1713], [-119.2587, 37.1707], [-119.2591, 37.1696], [-119.2584, 37.1704], [-119.2553, 37.1704], [-119.256, 37.1712], [-119.255, 37.1718], [-119.255, 37.1728], [-119.2536, 37.1728], [-119.2536, 37.1739], [-119.2529, 37.1739], [-119.2553, 37.1777]], [[-119.2546, 37.1745], [-119.2543, 37.1747], [-119.2543, 37.1745], [-119.2546, 37.1745]], [[-119.2546, 37.1737], [-119.2543, 37.1742], [-119.2543, 37.1737], [-119.2546, 37.1737]], [[-119.2587, 37.1718], [-119.2573, 37.1718], [-119.257, 37.171], [-119.2577, 37.171], [-119.2587, 37.1718]], [[-119.2563, 37.1712], [-119.256, 37.1715], [-119.256, 37.1712], [-119.2563, 37.1712]]], [[[-119.2621, 37.1705], [-119.2628, 37.1702], [-119.2635, 37.1697], [-119.2621, 37.1697], [-119.2621, 37.1705]]], [[[-119.2519, 37.1712], [-119.2519, 37.1701], [-119.2503, 37.1693], [-119.2509, 37.1707], [-119.2519, 37.1712]]], [[[-119.253, 37.1704], [-119.2533, 37.1696], [-119.254, 37.1696], [-119.254, 37.1691], [-119.253, 37.1693], [-119.253, 37.1704]]], [[[-119.2949, 37.1709], [-119.2959, 37.1696], [-119.2956, 37.1688], [-119.2942, 37.1693], [-119.2942, 37.1707], [-119.2949, 37.1709]], [[-119.2949, 37.1693], [-119.2946, 37.1696], [-119.2946, 37.1693], [-119.2949, 37.1693]]], [[[-119.2591, 37.1694], [-119.2601, 37.1686], [-119.2584, 37.168], [-119.2591, 37.1694]]], [[[-119.2361, 37.1689], [-119.2367, 37.1684], [-119.2354, 37.1679], [-119.2354, 37.1684], [-119.2361, 37.1689]]], [[[-119.2574, 37.1688], [-119.2574, 37.1675], [-119.2567, 37.1675], [-119.257, 37.1683], [-119.256, 37.1688], [-119.2574, 37.1688]]], [[[-119.2468, 37.1779], [-119.2542, 37.1777], [-119.2526, 37.175], [-119.2509, 37.1755], [-119.2502, 37.1747], [-119.2506, 37.1731], [-119.2499, 37.1723], [-119.2485, 37.1725], [-119.2499, 37.1728], [-119.2495, 37.1739], [-119.2475, 37.1736], [-119.2482, 37.1728], [-119.2472, 37.1714], [-119.2486, 37.1712], [-119.2489, 37.1717], [-119.2492, 37.1701], [-119.2472, 37.1701], [-119.2472, 37.169], [-119.2462, 37.1693], [-119.2466, 37.1682], [-119.2459, 37.1682], [-119.2459, 37.169], [-119.2449, 37.169], [-119.2462, 37.1701], [-119.2435, 37.1695], [-119.2445, 37.1687], [-119.2435, 37.1676], [-119.2411, 37.1674], [-119.2405, 37.1684], [-119.2394, 37.1682], [-119.2384, 37.17], [-119.2415, 37.1703], [-119.2414, 37.1779], [-119.2465, 37.1779], [-119.2465, 37.1774], [-119.2468, 37.1779]], [[-119.2492, 37.1774], [-119.2488, 37.1769], [-119.2498, 37.1769], [-119.2498, 37.1771], [-119.2492, 37.1774]], [[-119.2509, 37.1755], [-119.2505, 37.1758], [-119.2505, 37.1755], [-119.2509, 37.1755]], [[-119.2526, 37.1753], [-119.2522, 37.1755], [-119.2522, 37.1753], [-119.2526, 37.1753]], [[-119.2502, 37.1747], [-119.2495, 37.1752], [-119.2495, 37.175], [-119.2502, 37.1747]], [[-119.2492, 37.175], [-119.2489, 37.1752], [-119.2489, 37.175], [-119.2492, 37.175]], [[-119.2472, 37.1752], [-119.2465, 37.175], [-119.2465, 37.1741], [-119.2475, 37.1744], [-119.2472, 37.1752]], [[-119.2461, 37.1749], [-119.2455, 37.1752], [-119.2455, 37.1749], [-119.2461, 37.1749]], [[-119.2455, 37.1741], [-119.2451, 37.1744], [-119.2451, 37.1741], [-119.2455, 37.1741]], [[-119.2435, 37.1739], [-119.2431, 37.1741], [-119.2431, 37.1738], [-119.2435, 37.1739]], [[-119.2428, 37.1736], [-119.2424, 37.1738], [-119.2424, 37.1736], [-119.2428, 37.1736]], [[-119.2431, 37.1733], [-119.2428, 37.1736], [-119.2428, 37.1733], [-119.2431, 37.1733]], [[-119.2468, 37.1731], [-119.2465, 37.1733], [-119.2465, 37.1731], [-119.2468, 37.1731]], [[-119.2448, 37.1725], [-119.2445, 37.173], [-119.2441, 37.1725], [-119.2448, 37.1725]], [[-119.2458, 37.1725], [-119.2455, 37.1728], [-119.2455, 37.1725], [-119.2458, 37.1725]], [[-119.2472, 37.1725], [-119.2462, 37.1725], [-119.2462, 37.1723], [-119.2472, 37.172], [-119.2472, 37.1725]], [[-119.2452, 37.1722], [-119.2448, 37.1725], [-119.2448, 37.1722], [-119.2452, 37.1722]], [[-119.2445, 37.1717], [-119.2438, 37.1722], [-119.2438, 37.1714], [-119.2445, 37.1717]], [[-119.2472, 37.1712], [-119.2462, 37.1712], [-119.2462, 37.1709], [-119.2472, 37.1706], [-119.2472, 37.1712]]], [[[-119.2547, 37.168], [-119.2557, 37.1683], [-119.2557, 37.1675], [-119.2547, 37.168]]], [[[-119.2351, 37.1679], [-119.2357, 37.1671], [-119.2351, 37.1668], [-119.2347, 37.1673], [-119.234, 37.1668], [-119.234, 37.1679], [-119.2351, 37.1679]]], [[[-119.2374, 37.1681], [-119.2381, 37.1676], [-119.2388, 37.1679], [-119.2384, 37.1665], [-119.2395, 37.1668], [-119.2398, 37.1663], [-119.2374, 37.1665], [-119.2374, 37.1681]]], [[[-119.2489, 37.1671], [-119.2486, 37.1661], [-119.2483, 37.1661], [-119.2476, 37.1669], [-119.2489, 37.1671]]], [[[-119.2368, 37.1671], [-119.2371, 37.1665], [-119.2364, 37.1657], [-119.2361, 37.1668], [-119.2368, 37.1671]]], [[[-119.2347, 37.1665], [-119.2341, 37.1657], [-119.2334, 37.166], [-119.2337, 37.1665], [-119.2347, 37.1665]]], [[[-119.2953, 37.1672], [-119.2963, 37.1663], [-119.2956, 37.1655], [-119.2939, 37.1661], [-119.2953, 37.1672]]], [[[-119.252, 37.1655], [-119.252, 37.1645], [-119.2517, 37.1645], [-119.251, 37.1655], [-119.252, 37.1655]]], [[[-119.2361, 37.1649], [-119.2361, 37.1644], [-119.2351, 37.1641], [-119.2351, 37.1646], [-119.2361, 37.1649]]], [[[-119.296, 37.1655], [-119.2963, 37.1642], [-119.295, 37.1639], [-119.2939, 37.1655], [-119.295, 37.1653], [-119.296, 37.1655]]], [[[-119.2415, 37.1617], [-119.2422, 37.1609], [-119.2409, 37.1606], [-119.2409, 37.1612], [-119.2415, 37.1617]]], [[[-119.2399, 37.1614], [-119.2405, 37.1609], [-119.2405, 37.1603], [-119.2388, 37.1609], [-119.2399, 37.1614]]], [[[-119.2981, 37.1593], [-119.2981, 37.1588], [-119.2971, 37.1588], [-119.297, 37.1593], [-119.2981, 37.1593]]], [[[-119.2348, 37.1592], [-119.2385, 37.1592], [-119.2389, 37.1584], [-119.2362, 37.1584], [-119.2348, 37.1592]]], [[[-119.2355, 37.1587], [-119.2355, 37.1581], [-119.2341, 37.1579], [-119.2341, 37.1587], [-119.2355, 37.1587]]], [[[-119.2416, 37.1582], [-119.2412, 37.1574], [-119.2399, 37.1568], [-119.2402, 37.1579], [-119.2416, 37.1582]]], [[[-119.2994, 37.1575], [-119.3004, 37.1572], [-119.3005, 37.1564], [-119.2991, 37.1567], [-119.2994, 37.1575]]], [[[-119.2325, 37.157], [-119.2338, 37.1565], [-119.2335, 37.1565], [-119.2328, 37.1557], [-119.2325, 37.157]]], [[[-119.2409, 37.1568], [-119.2416, 37.1563], [-119.2416, 37.1558], [-119.2406, 37.156], [-119.2409, 37.1568]]], [[[-119.2991, 37.1564], [-119.2994, 37.1558], [-119.2995, 37.155], [-119.2988, 37.155], [-119.2991, 37.1564]]], [[[-119.3018, 37.1532], [-119.3018, 37.1523], [-119.3012, 37.1523], [-119.3008, 37.1532], [-119.3018, 37.1532]]], [[[-119.3055, 37.1591], [-119.3056, 37.1518], [-119.3049, 37.1518], [-119.3045, 37.154], [-119.3035, 37.154], [-119.3028, 37.1548], [-119.3032, 37.1556], [-119.3022, 37.1559], [-119.3025, 37.1575], [-119.3008, 37.1591], [-119.3055, 37.1591]], [[-119.3052, 37.1578], [-119.3048, 37.158], [-119.3048, 37.1578], [-119.3052, 37.1578]], [[-119.3042, 37.157], [-119.3032, 37.1575], [-119.3028, 37.1569], [-119.3042, 37.157]], [[-119.3045, 37.1556], [-119.3042, 37.1559], [-119.3042, 37.1556], [-119.3045, 37.1556]], [[-119.3042, 37.1543], [-119.3039, 37.1545], [-119.3039, 37.1542], [-119.3042, 37.1543]], [[-119.3052, 37.154], [-119.3049, 37.1543], [-119.3049, 37.154], [-119.3052, 37.154]]], [[[-119.3022, 37.1524], [-119.3022, 37.1515], [-119.3012, 37.1518], [-119.3012, 37.1521], [-119.3022, 37.1524]]], [[[-119.2403, 37.1506], [-119.2417, 37.1506], [-119.2413, 37.1501], [-119.2403, 37.1506]]], [[[-119.3025, 37.1507], [-119.3039, 37.1497], [-119.3029, 37.1494], [-119.3025, 37.1507]]], [[[-119.3042, 37.1505], [-119.3049, 37.1499], [-119.3042, 37.1491], [-119.3042, 37.1505]]], [[[-119.2369, 37.1573], [-119.2355, 37.156], [-119.2372, 37.156], [-119.2376, 37.1547], [-119.2379, 37.1547], [-119.2375, 37.1557], [-119.2386, 37.1555], [-119.2386, 37.1563], [-119.2392, 37.1557], [-119.2402, 37.1563], [-119.2409, 37.1555], [-119.2416, 37.1536], [-119.2399, 37.1525], [-119.241, 37.1525], [-119.241, 37.1514], [-119.2393, 37.1512], [-119.2389, 37.1528], [-119.2366, 37.1519], [-119.2339, 37.1522], [-119.2339, 37.1508], [-119.2349, 37.1517], [-119.2362, 37.1511], [-119.2383, 37.1517], [-119.2383, 37.1509], [-119.2376, 37.1503], [-119.2366, 37.1506], [-119.2349, 37.1492], [-119.2335, 37.1503], [-119.2329, 37.1487], [-119.2342, 37.149], [-119.2346, 37.1482], [-119.2336, 37.1481], [-119.2339, 37.1473], [-119.2326, 37.1473], [-119.2325, 37.1522], [-119.2318, 37.1522], [-119.2322, 37.1535], [-119.2311, 37.1538], [-119.2325, 37.1541], [-119.2328, 37.1533], [-119.2355, 37.1538], [-119.2366, 37.1533], [-119.2355, 37.1546], [-119.2335, 37.1554], [-119.2335, 37.1562], [-119.2342, 37.1565], [-119.2338, 37.1573], [-119.2369, 37.1573]], [[-119.2352, 37.1557], [-119.2348, 37.156], [-119.2348, 37.1557], [-119.2352, 37.1557]], [[-119.2365, 37.1557], [-119.2355, 37.1557], [-119.2362, 37.1546], [-119.2369, 37.1549], [-119.2365, 37.1557]], [[-119.2406, 37.1547], [-119.2403, 37.1552], [-119.2399, 37.1547], [-119.2406, 37.1547]], [[-119.2399, 37.1541], [-119.2396, 37.1547], [-119.2396, 37.1541], [-119.2399, 37.1541]], [[-119.2389, 37.1541], [-119.2386, 37.1547], [-119.2386, 37.1541], [-119.2389, 37.1541]], [[-119.2382, 37.1544], [-119.2379, 37.1547], [-119.2379, 37.1544], [-119.2382, 37.1544]], [[-119.2409, 37.1539], [-119.2403, 37.1541], [-119.2403, 37.1539], [-119.2409, 37.1539]], [[-119.2386, 37.1538], [-119.2382, 37.1541], [-119.2382, 37.1538], [-119.2386, 37.1538]], [[-119.2393, 37.1528], [-119.2389, 37.1533], [-119.2389, 37.1528], [-119.2393, 37.1528]], [[-119.2376, 37.1528], [-119.2369, 37.153], [-119.2369, 37.1528], [-119.2376, 37.1528]], [[-119.2332, 37.1525], [-119.2325, 37.1527], [-119.2325, 37.1525], [-119.2332, 37.1525]], [[-119.24, 37.1517], [-119.2396, 37.152], [-119.2396, 37.1517], [-119.24, 37.1517]], [[-119.2332, 37.1479], [-119.2329, 37.1481], [-119.2329, 37.1479], [-119.2332, 37.1479]]], [[[-119.3032, 37.1494], [-119.3039, 37.1491], [-119.3046, 37.1489], [-119.3043, 37.1483], [-119.3046, 37.1478], [-119.3032, 37.1483], [-119.3032, 37.1494]]], [[[-119.3154, 37.1484], [-119.3137, 37.1478], [-119.3137, 37.1467], [-119.313, 37.1478], [-119.3107, 37.1478], [-119.3107, 37.1484], [-119.3154, 37.1484]], [[-119.3134, 37.1478], [-119.313, 37.1481], [-119.313, 37.1478], [-119.3134, 37.1478]]], [[[-119.237, 37.146], [-119.237, 37.1449], [-119.2356, 37.1455], [-119.2356, 37.1457], [-119.237, 37.146]]], [[[-119.3056, 37.1491], [-119.3056, 37.1483], [-119.309, 37.1481], [-119.3087, 37.1475], [-119.31, 37.1465], [-119.312, 37.1465], [-119.3127, 37.1454], [-119.3077, 37.1454], [-119.3087, 37.1462], [-119.3073, 37.147], [-119.3073, 37.1478], [-119.3066, 37.1472], [-119.3066, 37.1478], [-119.3046, 37.148], [-119.3049, 37.1483], [-119.3046, 37.1491], [-119.3056, 37.1491]], [[-119.3093, 37.1465], [-119.309, 37.1467], [-119.309, 37.1465], [-119.3093, 37.1465]]], [[[-119.328, 37.1452], [-119.327, 37.1441], [-119.3266, 37.1447], [-119.3259, 37.1444], [-119.3259, 37.1452], [-119.328, 37.1452]]], [[[-119.328, 37.1428], [-119.328, 37.142], [-119.3273, 37.1414], [-119.327, 37.1425], [-119.328, 37.1428]]], [[[-119.256, 37.1413], [-119.2549, 37.1405], [-119.2563, 37.1402], [-119.2563, 37.1394], [-119.2553, 37.1397], [-119.2533, 37.138], [-119.2523, 37.1391], [-119.2522, 37.1402], [-119.2533, 37.1399], [-119.2529, 37.141], [-119.2519, 37.1407], [-119.2516, 37.1412], [-119.2536, 37.1413], [-119.2533, 37.1407], [-119.256, 37.1413]]], [[[-119.2282, 37.1411], [-119.2282, 37.1406], [-119.2292, 37.1406], [-119.2289, 37.14], [-119.2282, 37.1403], [-119.2289, 37.1392], [-119.2282, 37.1392], [-119.2279, 37.1373], [-119.2269, 37.1373], [-119.2266, 37.1376], [-119.2269, 37.1408], [-119.2255, 37.1405], [-119.2252, 37.1411], [-119.2282, 37.1411]], [[-119.2279, 37.1384], [-119.2276, 37.1387], [-119.2276, 37.1384], [-119.2279, 37.1384]], [[-119.2272, 37.1381], [-119.2269, 37.1384], [-119.2269, 37.1381], [-119.2272, 37.1381]]], [[[-119.2496, 37.1375], [-119.2496, 37.1369], [-119.2482, 37.1369], [-119.2482, 37.1374], [-119.2496, 37.1375]]], [[[-119.2269, 37.1373], [-119.2266, 37.1368], [-119.2276, 37.136], [-119.2262, 37.1357], [-119.2252, 37.1362], [-119.2249, 37.1357], [-119.2245, 37.137], [-119.2269, 37.1373]]], [[[-119.2337, 37.136], [-119.2347, 37.1352], [-119.2337, 37.1349], [-119.2337, 37.136]]], [[[-119.2496, 37.1353], [-119.2496, 37.1345], [-119.2493, 37.1345], [-119.2486, 37.1353], [-119.2496, 37.1353]]], [[[-119.2235, 37.1354], [-119.2252, 37.1346], [-119.2249, 37.1338], [-119.2259, 37.1341], [-119.2266, 37.1327], [-119.2259, 37.1333], [-119.2246, 37.133], [-119.2246, 37.1338], [-119.2232, 37.134], [-119.2232, 37.1349], [-119.2239, 37.1346], [-119.2235, 37.1354]]], [[[-119.2253, 37.133], [-119.2256, 37.1324], [-119.2246, 37.1322], [-119.2242, 37.133], [-119.2246, 37.1327], [-119.2253, 37.133]]], [[[-119.2256, 37.1319], [-119.2266, 37.1316], [-119.226, 37.1314], [-119.2263, 37.1308], [-119.2243, 37.1303], [-119.2243, 37.1311], [-119.2256, 37.1319]]], [[[-119.3609, 37.1316], [-119.3616, 37.1308], [-119.3595, 37.1297], [-119.3599, 37.1308], [-119.3609, 37.1316]]], [[[-119.3198, 37.1484], [-119.3202, 37.1471], [-119.3205, 37.1481], [-119.3225, 37.1479], [-119.3229, 37.1479], [-119.3229, 37.1482], [-119.3279, 37.1482], [-119.3279, 37.1466], [-119.3273, 37.1466], [-119.3279, 37.146], [-119.3273, 37.1455], [-119.3252, 37.146], [-119.3253, 37.1447], [-119.3242, 37.1447], [-119.3242, 37.1457], [-119.3229, 37.1452], [-119.3229, 37.1446], [-119.3239, 37.1449], [-119.3242, 37.1438], [-119.3232, 37.1438], [-119.3226, 37.1417], [-119.3209, 37.1425], [-119.3209, 37.139], [-119.3192, 37.139], [-119.3199, 37.1379], [-119.3186, 37.1379], [-119.3182, 37.136], [-119.3172, 37.1365], [-119.3175, 37.1376], [-119.3165, 37.1376], [-119.3162, 37.1362], [-119.3152, 37.137], [-119.3145, 37.1351], [-119.3155, 37.1346], [-119.3155, 37.1352], [-119.3165, 37.1354], [-119.3162, 37.1346], [-119.3176, 37.1344], [-119.3166, 37.1325], [-119.3179, 37.1303], [-119.3169, 37.1295], [-119.3156, 37.1295], [-119.3156, 37.13], [-119.3129, 37.1297], [-119.3139, 37.1306], [-119.3129, 37.1319], [-119.3135, 37.133], [-119.3125, 37.133], [-119.3125, 37.1343], [-119.3135, 37.1346], [-119.3125, 37.1349], [-119.3142, 37.1354], [-119.3135, 37.1365], [-119.3138, 37.137], [-119.3145, 37.137], [-119.3145, 37.1373], [-119.3155, 37.1376], [-119.3155, 37.1379], [-119.3148, 37.1381], [-119.3128, 37.1368], [-119.3142, 37.1381], [-119.3111, 37.1386], [-119.3104, 37.137], [-119.3098, 37.1373], [-119.3101, 37.1386], [-119.3091, 37.1392], [-119.3104, 37.1397], [-119.3097, 37.1411], [-119.3097, 37.1419], [-119.3101, 37.1419], [-119.3101, 37.1427], [-119.3087, 37.1435], [-119.3124, 37.1432], [-119.3134, 37.144], [-119.3131, 37.1449], [-119.3151, 37.1457], [-119.3141, 37.1457], [-119.3144, 37.1468], [-119.3161, 37.1465], [-119.3161, 37.146], [-119.3171, 37.1468], [-119.3161, 37.1484], [-119.3171, 37.1478], [-119.3198, 37.1484]], [[-119.3242, 37.1471], [-119.3239, 37.1479], [-119.3235, 37.1471], [-119.3242, 37.1471]], [[-119.3232, 37.1473], [-119.3229, 37.1479], [-119.3229, 37.1473], [-119.3232, 37.1473]], [[-119.3225, 37.1468], [-119.3222, 37.1471], [-119.3222, 37.1468], [-119.3225, 37.1468]], [[-119.3219, 37.1468], [-119.3215, 37.1471], [-119.3215, 37.1468], [-119.3219, 37.1468]], [[-119.3212, 37.1468], [-119.3208, 37.1471], [-119.3208, 37.1468], [-119.3212, 37.1468]], [[-119.3222, 37.1468], [-119.3215, 37.1463], [-119.3219, 37.1454], [-119.3225, 37.1455], [-119.3222, 37.1468]], [[-119.3232, 37.1463], [-119.3229, 37.1465], [-119.3229, 37.1463], [-119.3232, 37.1463]], [[-119.3175, 37.1462], [-119.3171, 37.1465], [-119.3171, 37.1462], [-119.3175, 37.1462]], [[-119.3154, 37.1459], [-119.3151, 37.1462], [-119.3151, 37.1459], [-119.3154, 37.1459]], [[-119.3249, 37.1457], [-119.3246, 37.146], [-119.3246, 37.1457], [-119.3249, 37.1457]], [[-119.3195, 37.146], [-119.3185, 37.1457], [-119.3185, 37.1454], [-119.3195, 37.1454], [-119.3195, 37.146]], [[-119.3225, 37.1446], [-119.3222, 37.1452], [-119.3222, 37.1446], [-119.3225, 37.1446]], [[-119.3212, 37.1446], [-119.3205, 37.1444], [-119.3209, 37.1438], [-119.3212, 37.1438], [-119.3215, 37.1441], [-119.3212, 37.1446]], [[-119.3226, 37.1438], [-119.3222, 37.1441], [-119.3222, 37.1438], [-119.3226, 37.1438]], [[-119.3219, 37.1433], [-119.3212, 37.1438], [-119.3212, 37.1433], [-119.3219, 37.1433]], [[-119.3185, 37.1438], [-119.3178, 37.1438], [-119.3178, 37.1433], [-119.3182, 37.1433], [-119.3185, 37.1438]], [[-119.3144, 37.1432], [-119.3141, 37.1435], [-119.3141, 37.1432], [-119.3144, 37.1432]], [[-119.3172, 37.143], [-119.3168, 37.1433], [-119.3168, 37.143], [-119.3172, 37.143]], [[-119.3128, 37.1427], [-119.3124, 37.143], [-119.3124, 37.1427], [-119.3128, 37.1427]], [[-119.3222, 37.1425], [-119.3219, 37.1427], [-119.3219, 37.1425], [-119.3222, 37.1425]], [[-119.3182, 37.1425], [-119.3175, 37.1427], [-119.3175, 37.1425], [-119.3182, 37.1425]], [[-119.3172, 37.1425], [-119.3168, 37.1427], [-119.3168, 37.1424], [-119.3172, 37.1425]], [[-119.3138, 37.1427], [-119.3124, 37.1422], [-119.3128, 37.1413], [-119.3134, 37.1414], [-119.3138, 37.1427]], [[-119.3199, 37.1422], [-119.3185, 37.1425], [-119.3192, 37.1417], [-119.3168, 37.1414], [-119.3175, 37.1406], [-119.3175, 37.1398], [-119.3165, 37.1392], [-119.3169, 37.1387], [-119.3182, 37.1389], [-119.3185, 37.1406], [-119.3199, 37.1406], [-119.3195, 37.1408], [-119.3195, 37.1422], [-119.3199, 37.1422]], [[-119.3175, 37.1422], [-119.3172, 37.1425], [-119.3172, 37.1422], [-119.3175, 37.1422]], [[-119.3202, 37.1419], [-119.3199, 37.1422], [-119.3199, 37.1419], [-119.3202, 37.1419]], [[-119.3151, 37.1419], [-119.3148, 37.1422], [-119.3148, 37.1419], [-119.3151, 37.1419]], [[-119.3175, 37.1416], [-119.3172, 37.1419], [-119.3172, 37.1416], [-119.3175, 37.1416]], [[-119.3114, 37.1413], [-119.3111, 37.1419], [-119.3107, 37.1413], [-119.3114, 37.1413]], [[-119.3104, 37.1416], [-119.3101, 37.1419], [-119.3101, 37.1416], [-119.3104, 37.1416]], [[-119.3155, 37.1414], [-119.3151, 37.1416], [-119.3151, 37.1414], [-119.3155, 37.1414]], [[-119.3162, 37.1411], [-119.3158, 37.1414], [-119.3158, 37.1411], [-119.3162, 37.1411]], [[-119.3151, 37.1414], [-119.3141, 37.1405], [-119.3168, 37.1398], [-119.3168, 37.1408], [-119.3155, 37.1406], [-119.3151, 37.1414]], [[-119.3138, 37.1408], [-119.3134, 37.1414], [-119.3135, 37.1408], [-119.3138, 37.1408]], [[-119.3118, 37.1405], [-119.3114, 37.1413], [-119.3114, 37.1405], [-119.3118, 37.1405]], [[-119.3128, 37.1408], [-119.3124, 37.1411], [-119.3124, 37.1408], [-119.3128, 37.1408]], [[-119.3145, 37.14], [-119.3141, 37.1403], [-119.3141, 37.14], [-119.3145, 37.14]], [[-119.3128, 37.14], [-119.3121, 37.1395], [-119.3128, 37.1392], [-119.3128, 37.14]], [[-119.3165, 37.1392], [-119.3162, 37.1395], [-119.3162, 37.1392], [-119.3165, 37.1392]], [[-119.3162, 37.1387], [-119.3158, 37.1389], [-119.3158, 37.1387], [-119.3162, 37.1387]], [[-119.3148, 37.1387], [-119.3145, 37.1389], [-119.3145, 37.1387], [-119.3148, 37.1387]], [[-119.3138, 37.1387], [-119.3125, 37.1389], [-119.3125, 37.1386], [-119.3138, 37.1387]], [[-119.3121, 37.1386], [-119.3118, 37.1389], [-119.3118, 37.1386], [-119.3121, 37.1386]], [[-119.3145, 37.1384], [-119.3141, 37.1387], [-119.3142, 37.1384], [-119.3145, 37.1384]], [[-119.3182, 37.1381], [-119.3179, 37.1384], [-119.3179, 37.1381], [-119.3182, 37.1381]], [[-119.3158, 37.1381], [-119.3152, 37.1384], [-119.3152, 37.1381], [-119.3158, 37.1381]], [[-119.3159, 37.1373], [-119.3155, 37.1376], [-119.3155, 37.1373], [-119.3159, 37.1373]], [[-119.3142, 37.1349], [-119.3138, 37.1351], [-119.3138, 37.1349], [-119.3142, 37.1349]], [[-119.3142, 37.1338], [-119.3138, 37.1343], [-119.3139, 37.1338], [-119.3142, 37.1338]], [[-119.3149, 37.1341], [-119.3142, 37.1333], [-119.3159, 37.1327], [-119.3159, 37.1333], [-119.3149, 37.1341]], [[-119.3169, 37.1335], [-119.3166, 37.1338], [-119.3166, 37.1335], [-119.3169, 37.1335]], [[-119.3149, 37.1325], [-119.3145, 37.1327], [-119.3145, 37.1324], [-119.3149, 37.1325]], [[-119.3149, 37.1314], [-119.3149, 37.1325], [-119.3139, 37.1314], [-119.3149, 37.1314]], [[-119.3149, 37.1308], [-119.3146, 37.1311], [-119.3146, 37.1308], [-119.3149, 37.1308]]], [[[-119.2403, 37.1487], [-119.2403, 37.1479], [-119.2417, 37.1471], [-119.2417, 37.1458], [-119.241, 37.1458], [-119.241, 37.1452], [-119.2417, 37.1455], [-119.2417, 37.1412], [-119.2502, 37.1412], [-119.2509, 37.1399], [-119.2502, 37.1404], [-119.2499, 37.1399], [-119.2516, 37.1385], [-119.2526, 37.1386], [-119.2523, 37.1375], [-119.2509, 37.1367], [-119.2492, 37.1393], [-119.2482, 37.1391], [-119.2482, 37.1374], [-119.2475, 37.1377], [-119.2475, 37.1372], [-119.2452, 37.1385], [-119.2452, 37.1366], [-119.2462, 37.1372], [-119.2469, 37.1364], [-119.2475, 37.1369], [-119.2492, 37.1364], [-119.2482, 37.1356], [-119.2489, 37.1342], [-119.2469, 37.1342], [-119.2462, 37.1334], [-119.2445, 37.1347], [-119.2452, 37.1353], [-119.2432, 37.1353], [-119.2438, 37.135], [-119.2432, 37.1344], [-119.2421, 37.1355], [-119.2418, 37.1347], [-119.2428, 37.1344], [-119.2422, 37.1342], [-119.2428, 37.1334], [-119.2415, 37.1331], [-119.2415, 37.1325], [-119.2405, 37.1333], [-119.2395, 37.1323], [-119.2381, 37.132], [-119.2391, 37.132], [-119.2398, 37.1309], [-119.2405, 37.1315], [-119.2415, 37.1296], [-119.2382, 37.129], [-119.2381, 37.1309], [-119.2371, 37.1306], [-119.2368, 37.1317], [-119.2354, 37.1314], [-119.2354, 37.1322], [-119.2341, 37.1322], [-119.2337, 37.1317], [-119.2351, 37.1309], [-119.2331, 37.1314], [-119.2334, 37.1309], [-119.231, 37.1309], [-119.2307, 37.1295], [-119.2283, 37.1292], [-119.227, 37.1308], [-119.2297, 37.133], [-119.231, 37.1327], [-119.2313, 37.1336], [-119.231, 37.1322], [-119.2324, 37.1322], [-119.232, 37.1338], [-119.2303, 37.1341], [-119.2303, 37.1352], [-119.2313, 37.1352], [-119.2313, 37.136], [-119.23, 37.1371], [-119.233, 37.1371], [-119.233, 37.1363], [-119.232, 37.1365], [-119.2327, 37.1357], [-119.232, 37.1352], [-119.2367, 37.1344], [-119.2361, 37.1347], [-119.2367, 37.1355], [-119.2357, 37.1357], [-119.235, 37.1352], [-119.235, 37.1368], [-119.233, 37.1379], [-119.2323, 37.1376], [-119.2309, 37.1403], [-119.2296, 37.1411], [-119.2326, 37.1411], [-119.234, 37.1422], [-119.2336, 37.1433], [-119.235, 37.143], [-119.2346, 37.1422], [-119.236, 37.1422], [-119.237, 37.1414], [-119.237, 37.1417], [-119.2373, 37.1417], [-119.2373, 37.142], [-119.2356, 37.1433], [-119.2387, 37.1436], [-119.2383, 37.1447], [-119.237, 37.1444], [-119.2383, 37.1455], [-119.2373, 37.1463], [-119.238, 37.1463], [-119.2383, 37.1466], [-119.2383, 37.1474], [-119.2403, 37.1487]], [[-119.2407, 37.1466], [-119.24, 37.1471], [-119.24, 37.1468], [-119.2407, 37.1466]], [[-119.2397, 37.1471], [-119.239, 37.1471], [-119.239, 37.1466], [-119.2393, 37.1466], [-119.2397, 37.1471]], [[-119.239, 37.146], [-119.2383, 37.1466], [-119.2383, 37.1463], [-119.239, 37.146]], [[-119.2387, 37.1452], [-119.2383, 37.1455], [-119.2383, 37.1452], [-119.2387, 37.1452]], [[-119.2414, 37.1431], [-119.2407, 37.1433], [-119.2407, 37.1431], [-119.2414, 37.1431]], [[-119.238, 37.1414], [-119.2373, 37.1417], [-119.2373, 37.1414], [-119.238, 37.1414]], [[-119.235, 37.1414], [-119.234, 37.1414], [-119.2336, 37.1403], [-119.2353, 37.1395], [-119.2363, 37.1403], [-119.2353, 37.1403], [-119.235, 37.1414]], [[-119.237, 37.1403], [-119.2367, 37.1409], [-119.2367, 37.1403], [-119.237, 37.1403]], [[-119.2448, 37.1396], [-119.2441, 37.1401], [-119.2441, 37.1396], [-119.2448, 37.1396]], [[-119.2387, 37.1398], [-119.2384, 37.1401], [-119.2384, 37.1398], [-119.2387, 37.1398]], [[-119.2336, 37.1395], [-119.2333, 37.1398], [-119.2333, 37.1395], [-119.2336, 37.1395]], [[-119.2472, 37.1393], [-119.2468, 37.1396], [-119.2468, 37.1393], [-119.2472, 37.1393]], [[-119.2384, 37.1393], [-119.2367, 37.1395], [-119.2367, 37.139], [-119.2381, 37.1385], [-119.2384, 37.1393]], [[-119.235, 37.1395], [-119.234, 37.1395], [-119.234, 37.1392], [-119.2347, 37.139], [-119.235, 37.1395]], [[-119.2475, 37.1388], [-119.2472, 37.1393], [-119.2472, 37.1388], [-119.2475, 37.1388]], [[-119.237, 37.1385], [-119.2367, 37.1387], [-119.2367, 37.1385], [-119.237, 37.1385]], [[-119.2414, 37.1377], [-119.2411, 37.1382], [-119.2411, 37.1377], [-119.2414, 37.1377]], [[-119.2367, 37.1379], [-119.236, 37.1379], [-119.236, 37.1374], [-119.2364, 37.1374], [-119.2367, 37.1379]], [[-119.2438, 37.1358], [-119.2432, 37.1361], [-119.2432, 37.1358], [-119.2438, 37.1358]], [[-119.2482, 37.1356], [-119.2479, 37.1358], [-119.2479, 37.1356], [-119.2482, 37.1356]], [[-119.2398, 37.135], [-119.2388, 37.1352], [-119.2388, 37.1347], [-119.2394, 37.1347], [-119.2394, 37.135], [-119.2398, 37.135]], [[-119.2401, 37.1347], [-119.2398, 37.135], [-119.2398, 37.1347], [-119.2401, 37.1347]], [[-119.2384, 37.1347], [-119.2381, 37.135], [-119.2381, 37.1347], [-119.2384, 37.1347]], [[-119.2411, 37.1344], [-119.2408, 37.1347], [-119.2408, 37.1344], [-119.2411, 37.1344]], [[-119.2388, 37.1344], [-119.2384, 37.1347], [-119.2384, 37.1344], [-119.2388, 37.1344]], [[-119.2381, 37.1344], [-119.2378, 37.1347], [-119.2378, 37.1344], [-119.2381, 37.1344]], [[-119.2367, 37.1339], [-119.2361, 37.1341], [-119.2361, 37.1339], [-119.2367, 37.1339]], [[-119.2327, 37.1338], [-119.232, 37.1341], [-119.232, 37.1338], [-119.2327, 37.1338]], [[-119.2361, 37.1328], [-119.2354, 37.133], [-119.2354, 37.1325], [-119.2357, 37.1325], [-119.2357, 37.1328], [-119.2361, 37.1328]], [[-119.2368, 37.1322], [-119.2361, 37.1328], [-119.2361, 37.1322], [-119.2368, 37.1322]], [[-119.2337, 37.1322], [-119.2334, 37.1325], [-119.2334, 37.1322], [-119.2337, 37.1322]], [[-119.2374, 37.1317], [-119.2368, 37.1322], [-119.2368, 37.1317], [-119.2374, 37.1317]], [[-119.2307, 37.1317], [-119.2303, 37.1319], [-119.2303, 37.1317], [-119.2307, 37.1317]], [[-119.23, 37.1317], [-119.2297, 37.1319], [-119.2297, 37.1317], [-119.23, 37.1317]], [[-119.2331, 37.1314], [-119.2327, 37.1317], [-119.2327, 37.1314], [-119.2331, 37.1314]], [[-119.2303, 37.1314], [-119.23, 37.1317], [-119.23, 37.1314], [-119.2303, 37.1314]], [[-119.2297, 37.1317], [-119.229, 37.1317], [-119.229, 37.1311], [-119.2293, 37.1311], [-119.2297, 37.1317]], [[-119.2408, 37.1301], [-119.2405, 37.1304], [-119.2405, 37.1301], [-119.2408, 37.1301]], [[-119.2405, 37.1298], [-119.2402, 37.1301], [-119.2402, 37.1298], [-119.2405, 37.1298]]], [[[-119.2364, 37.1301], [-119.2368, 37.129], [-119.2338, 37.1287], [-119.2348, 37.1298], [-119.2354, 37.1293], [-119.2364, 37.1301]]], [[[-119.3193, 37.129], [-119.3207, 37.1284], [-119.32, 37.1282], [-119.3207, 37.1274], [-119.319, 37.1279], [-119.3193, 37.129]]], [[[-119.3207, 37.1274], [-119.3227, 37.1268], [-119.3207, 37.1265], [-119.3207, 37.1274]]], [[[-119.2274, 37.1268], [-119.229, 37.1265], [-119.2284, 37.1257], [-119.2274, 37.126], [-119.2274, 37.1268]]], [[[-119.2324, 37.129], [-119.2324, 37.1276], [-119.2334, 37.1276], [-119.2334, 37.1268], [-119.2331, 37.1274], [-119.2307, 37.1268], [-119.2311, 37.1271], [-119.2307, 37.1282], [-119.2294, 37.1263], [-119.2297, 37.1282], [-119.229, 37.1281], [-119.2284, 37.1273], [-119.2257, 37.1276], [-119.2253, 37.1265], [-119.2263, 37.1265], [-119.226, 37.1257], [-119.2233, 37.126], [-119.2233, 37.1284], [-119.224, 37.1287], [-119.2273, 37.1284], [-119.228, 37.129], [-119.229, 37.1284], [-119.2297, 37.129], [-119.2297, 37.1284], [-119.2307, 37.1284], [-119.2324, 37.129]], [[-119.2267, 37.1281], [-119.2263, 37.1284], [-119.2263, 37.1281], [-119.2267, 37.1281]], [[-119.2321, 37.1279], [-119.2317, 37.1282], [-119.2317, 37.1279], [-119.2321, 37.1279]], [[-119.2263, 37.1279], [-119.226, 37.1281], [-119.226, 37.1279], [-119.2263, 37.1279]], [[-119.224, 37.1276], [-119.2236, 37.1278], [-119.2236, 37.1276], [-119.224, 37.1276]], [[-119.2243, 37.1273], [-119.224, 37.1276], [-119.224, 37.1273], [-119.2243, 37.1273]]], [[[-119.251, 37.1261], [-119.251, 37.1253], [-119.25, 37.125], [-119.2497, 37.1259], [-119.251, 37.1261]]], [[[-119.2355, 37.1247], [-119.2369, 37.1236], [-119.2362, 37.1228], [-119.2352, 37.1239], [-119.2355, 37.1247]]], [[[-119.32, 37.1255], [-119.32, 37.1249], [-119.321, 37.1252], [-119.3217, 37.1244], [-119.3217, 37.1233], [-119.3207, 37.1233], [-119.3207, 37.1244], [-119.32, 37.1244], [-119.3204, 37.122], [-119.3197, 37.122], [-119.32, 37.1225], [-119.319, 37.1222], [-119.319, 37.123], [-119.32, 37.1233], [-119.3193, 37.1249], [-119.32, 37.1255]]], [[[-119.2389, 37.1228], [-119.2392, 37.1223], [-119.2392, 37.1212], [-119.2386, 37.1212], [-119.2389, 37.1228]]], [[[-119.3207, 37.1225], [-119.3227, 37.1222], [-119.3221, 37.1212], [-119.3207, 37.122], [-119.3207, 37.1225]]], [[[-119.3258, 37.1217], [-119.3258, 37.1206], [-119.3248, 37.1209], [-119.3251, 37.1217], [-119.3258, 37.1217]]], [[[-119.3282, 37.1204], [-119.3282, 37.1193], [-119.3272, 37.1193], [-119.3268, 37.1201], [-119.3282, 37.1204]]], [[[-119.3197, 37.1201], [-119.3204, 37.1195], [-119.3201, 37.119], [-119.3191, 37.1195], [-119.3197, 37.1201]]], [[[-119.3253, 37.1422], [-119.3266, 37.1401], [-119.3273, 37.1412], [-119.3297, 37.1401], [-119.331, 37.1409], [-119.3314, 37.1406], [-119.3317, 37.1406], [-119.3317, 37.1409], [-119.3324, 37.1409], [-119.3325, 37.1336], [-119.3277, 37.1333], [-119.3278, 37.1298], [-119.3325, 37.1299], [-119.3325, 37.1288], [-119.3315, 37.129], [-119.3301, 37.1282], [-119.3308, 37.128], [-119.3305, 37.1271], [-119.3322, 37.1274], [-119.3312, 37.1266], [-119.3305, 37.1269], [-119.3305, 37.1263], [-119.3366, 37.1264], [-119.3366, 37.1231], [-119.3359, 37.1229], [-119.3366, 37.122], [-119.3366, 37.1204], [-119.336, 37.1204], [-119.3366, 37.1185], [-119.3353, 37.1185], [-119.3353, 37.1204], [-119.3336, 37.121], [-119.3339, 37.1215], [-119.3346, 37.1212], [-119.3339, 37.1223], [-119.3329, 37.1223], [-119.3329, 37.1218], [-119.3315, 37.1223], [-119.3312, 37.1217], [-119.3298, 37.1231], [-119.3285, 37.1225], [-119.3281, 37.1239], [-119.3271, 37.1239], [-119.3271, 37.125], [-119.3251, 37.1252], [-119.3258, 37.1255], [-119.3251, 37.1263], [-119.3271, 37.126], [-119.3271, 37.1266], [-119.3251, 37.1274], [-119.3254, 37.1279], [-119.3244, 37.1279], [-119.3234, 37.1295], [-119.3223, 37.1293], [-119.321, 37.1303], [-119.3217, 37.1309], [-119.321, 37.1328], [-119.3203, 37.1328], [-119.321, 37.1336], [-119.3189, 37.1346], [-119.3189, 37.136], [-119.3203, 37.1365], [-119.3226, 37.136], [-119.3209, 37.139], [-119.3226, 37.1392], [-119.3226, 37.1406], [-119.3229, 37.1403], [-119.3236, 37.1403], [-119.3229, 37.1414], [-119.3253, 37.1422]], [[-119.3321, 37.1404], [-119.3317, 37.1406], [-119.3317, 37.1404], [-119.3321, 37.1404]], [[-119.325, 37.1401], [-119.3243, 37.1403], [-119.3243, 37.1401], [-119.325, 37.1401]], [[-119.3239, 37.1401], [-119.3236, 37.1403], [-119.3236, 37.1401], [-119.3239, 37.1401]], [[-119.3277, 37.1398], [-119.3273, 37.1401], [-119.3273, 37.1398], [-119.3277, 37.1398]], [[-119.3273, 37.1395], [-119.327, 37.1398], [-119.327, 37.1395], [-119.3273, 37.1395]], [[-119.326, 37.1398], [-119.3233, 37.1398], [-119.3229, 37.1387], [-119.3246, 37.1382], [-119.324, 37.1368], [-119.326, 37.1368], [-119.3274, 37.1358], [-119.3284, 37.1363], [-119.3301, 37.136], [-119.3307, 37.1369], [-119.3294, 37.1371], [-119.329, 37.1379], [-119.3287, 37.1374], [-119.3277, 37.1379], [-119.3277, 37.1387], [-119.3284, 37.1382], [-119.33, 37.1387], [-119.328, 37.1395], [-119.3263, 37.1387], [-119.326, 37.1398]], [[-119.3304, 37.139], [-119.33, 37.1393], [-119.33, 37.139], [-119.3304, 37.139]], [[-119.3229, 37.1384], [-119.3226, 37.1387], [-119.3226, 37.1384], [-119.3229, 37.1384]], [[-119.3307, 37.1379], [-119.3297, 37.1377], [-119.3301, 37.1377], [-119.3311, 37.1366], [-119.3321, 37.1366], [-119.3307, 37.1379]], [[-119.324, 37.1366], [-119.3233, 37.1374], [-119.3233, 37.1365], [-119.324, 37.1366]], [[-119.326, 37.1358], [-119.3253, 37.1363], [-119.3253, 37.136], [-119.326, 37.1358]], [[-119.3243, 37.1357], [-119.324, 37.1363], [-119.3236, 37.1357], [-119.3243, 37.1357]], [[-119.3318, 37.1355], [-119.3311, 37.1361], [-119.3311, 37.1355], [-119.3318, 37.1355]], [[-119.3209, 37.1357], [-119.3206, 37.136], [-119.3206, 37.1357], [-119.3209, 37.1357]], [[-119.3294, 37.1358], [-119.3284, 37.1355], [-119.3284, 37.1352], [-119.3297, 37.1352], [-119.3294, 37.1358]], [[-119.3247, 37.1355], [-119.3243, 37.1357], [-119.3243, 37.1355], [-119.3247, 37.1355]], [[-119.326, 37.1355], [-119.3257, 37.1349], [-119.3267, 37.1349], [-119.3267, 37.1352], [-119.326, 37.1355]], [[-119.322, 37.1352], [-119.3216, 37.1355], [-119.3216, 37.1352], [-119.322, 37.1352]], [[-119.3247, 37.1349], [-119.3243, 37.1352], [-119.3243, 37.1349], [-119.3247, 37.1349]], [[-119.3297, 37.1344], [-119.3294, 37.1347], [-119.3294, 37.1344], [-119.3297, 37.1344]], [[-119.3277, 37.1344], [-119.3274, 37.1347], [-119.3274, 37.1344], [-119.3277, 37.1344]], [[-119.323, 37.1344], [-119.3226, 37.1347], [-119.3226, 37.1344], [-119.323, 37.1344]], [[-119.3243, 37.1344], [-119.3237, 37.1344], [-119.3237, 37.1336], [-119.3243, 37.1336], [-119.3243, 37.1344]], [[-119.3257, 37.1339], [-119.3253, 37.1341], [-119.3254, 37.1339], [-119.3257, 37.1339]], [[-119.325, 37.1322], [-119.3247, 37.133], [-119.3244, 37.132], [-119.325, 37.1322]], [[-119.3227, 37.1322], [-119.3216, 37.1325], [-119.3216, 37.132], [-119.3227, 37.1322]], [[-119.3244, 37.1314], [-119.3233, 37.1322], [-119.3233, 37.1312], [-119.3244, 37.1314]], [[-119.3264, 37.1312], [-119.326, 37.1314], [-119.3261, 37.1312], [-119.3264, 37.1312]], [[-119.3257, 37.1312], [-119.3254, 37.1314], [-119.3254, 37.1312], [-119.3257, 37.1312]], [[-119.3271, 37.1306], [-119.3267, 37.1312], [-119.3267, 37.1306], [-119.3271, 37.1306]], [[-119.3233, 37.1309], [-119.323, 37.1311], [-119.323, 37.1309], [-119.3233, 37.1309]], [[-119.3257, 37.1306], [-119.3254, 37.1309], [-119.3254, 37.1306], [-119.3257, 37.1306]], [[-119.322, 37.1303], [-119.3217, 37.1306], [-119.3217, 37.1303], [-119.322, 37.1303]], [[-119.3247, 37.1301], [-119.3244, 37.1303], [-119.3244, 37.1301], [-119.3247, 37.1301]], [[-119.3271, 37.129], [-119.3264, 37.1295], [-119.3264, 37.129], [-119.3271, 37.129]], [[-119.3251, 37.1295], [-119.3247, 37.129], [-119.3254, 37.1287], [-119.3257, 37.1293], [-119.3251, 37.1295]], [[-119.3291, 37.129], [-119.3288, 37.1293], [-119.3288, 37.129], [-119.3291, 37.129]], [[-119.3244, 37.129], [-119.324, 37.1293], [-119.324, 37.129], [-119.3244, 37.129]], [[-119.3278, 37.1287], [-119.3271, 37.129], [-119.3271, 37.1287], [-119.3278, 37.1287]], [[-119.3284, 37.1282], [-119.3281, 37.1285], [-119.3281, 37.1282], [-119.3284, 37.1282]], [[-119.3261, 37.1277], [-119.3257, 37.1279], [-119.3257, 37.1277], [-119.3261, 37.1277]], [[-119.3288, 37.1274], [-119.3281, 37.1277], [-119.3281, 37.1274], [-119.3288, 37.1274]], [[-119.3301, 37.1274], [-119.3291, 37.1271], [-119.3295, 37.1263], [-119.3302, 37.1263], [-119.3301, 37.1274]], [[-119.3278, 37.1266], [-119.3271, 37.1271], [-119.3271, 37.1266], [-119.3278, 37.1266]], [[-119.3305, 37.1261], [-119.3302, 37.1263], [-119.3302, 37.1261], [-119.3305, 37.1261]], [[-119.3295, 37.1258], [-119.3285, 37.1263], [-119.3285, 37.1261], [-119.3295, 37.1258]], [[-119.3342, 37.1258], [-119.3322, 37.1258], [-119.3322, 37.1245], [-119.3332, 37.1242], [-119.3329, 37.1253], [-119.3335, 37.1255], [-119.3339, 37.125], [-119.3342, 37.1258]], [[-119.3312, 37.1255], [-119.3308, 37.1258], [-119.3308, 37.1255], [-119.3312, 37.1255]], [[-119.3319, 37.125], [-119.3315, 37.1253], [-119.3315, 37.125], [-119.3319, 37.125]], [[-119.3295, 37.1244], [-119.3288, 37.1252], [-119.3288, 37.1244], [-119.3295, 37.1244]], [[-119.3275, 37.125], [-119.3271, 37.1252], [-119.3271, 37.125], [-119.3275, 37.125]], [[-119.3315, 37.125], [-119.3305, 37.125], [-119.3305, 37.1242], [-119.3308, 37.1242], [-119.3315, 37.125]], [[-119.3281, 37.1244], [-119.3278, 37.1247], [-119.3278, 37.1244], [-119.3281, 37.1244]], [[-119.3278, 37.1242], [-119.3275, 37.1244], [-119.3275, 37.1242], [-119.3278, 37.1242]], [[-119.3359, 37.1242], [-119.3349, 37.1234], [-119.3353, 37.1229], [-119.3359, 37.1231], [-119.3359, 37.1242]], [[-119.3295, 37.1234], [-119.3292, 37.1242], [-119.3292, 37.1234], [-119.3295, 37.1234]], [[-119.3319, 37.1234], [-119.3315, 37.1236], [-119.3315, 37.1234], [-119.3319, 37.1234]], [[-119.3312, 37.1228], [-119.3309, 37.1231], [-119.3309, 37.1228], [-119.3312, 37.1228]], [[-119.3305, 37.1228], [-119.3302, 37.1231], [-119.3302, 37.1228], [-119.3305, 37.1228]], [[-119.3363, 37.1218], [-119.3356, 37.122], [-119.3356, 37.1218], [-119.3363, 37.1218]], [[-119.3349, 37.1218], [-119.3346, 37.122], [-119.3346, 37.1218], [-119.3349, 37.1218]], [[-119.3359, 37.121], [-119.3356, 37.1215], [-119.3353, 37.121], [-119.3359, 37.121]]], [[[-119.3306, 37.1188], [-119.3306, 37.1182], [-119.3309, 37.1177], [-119.3299, 37.1182], [-119.3306, 37.1188]]], [[[-119.3299, 37.115], [-119.3309, 37.1145], [-119.3306, 37.1139], [-119.3292, 37.1145], [-119.3299, 37.115]]], [[[-119.3245, 37.1123], [-119.3249, 37.1125], [-119.3259, 37.112], [-119.3249, 37.112], [-119.3245, 37.1123]]], [[[-119.3312, 37.1174], [-119.3323, 37.1158], [-119.3323, 37.1102], [-119.3313, 37.1101], [-119.3313, 37.1126], [-119.3306, 37.1134], [-119.3316, 37.1142], [-119.3306, 37.115], [-119.3312, 37.1174]]], [[[-119.4354, 37.1115], [-119.4371, 37.111], [-119.4361, 37.1104], [-119.4354, 37.1115]]], [[[-119.427, 37.1117], [-119.4287, 37.1107], [-119.4287, 37.1101], [-119.427, 37.1104], [-119.427, 37.1117]]], [[[-119.4212, 37.1117], [-119.4229, 37.1112], [-119.4219, 37.1098], [-119.4206, 37.1112], [-119.4212, 37.1117]]], [[[-119.4293, 37.1115], [-119.4307, 37.1109], [-119.4307, 37.1101], [-119.4297, 37.1096], [-119.429, 37.1101], [-119.4293, 37.1115]], [[-119.43, 37.1107], [-119.4297, 37.1109], [-119.4297, 37.1107], [-119.43, 37.1107]]], [[[-119.4179, 37.1101], [-119.4179, 37.109], [-119.4162, 37.109], [-119.4168, 37.1101], [-119.4179, 37.1101]]], [[[-119.3313, 37.1069], [-119.3324, 37.1061], [-119.331, 37.1064], [-119.3313, 37.1069]]], [[[-119.4162, 37.1068], [-119.4172, 37.1071], [-119.4172, 37.1063], [-119.4162, 37.1068]]], [[[-119.4358, 37.1069], [-119.4358, 37.1061], [-119.4348, 37.1064], [-119.4348, 37.1066], [-119.4358, 37.1069]]], [[[-119.427, 37.1088], [-119.428, 37.1082], [-119.4257, 37.1071], [-119.427, 37.1058], [-119.426, 37.1055], [-119.4246, 37.1066], [-119.423, 37.1063], [-119.4236, 37.1052], [-119.4219, 37.1052], [-119.4226, 37.1066], [-119.4253, 37.1071], [-119.4246, 37.1079], [-119.427, 37.1088]]], [[[-119.332, 37.105], [-119.332, 37.1045], [-119.3324, 37.1039], [-119.3317, 37.1039], [-119.332, 37.105]]], [[[-119.3275, 37.1169], [-119.3286, 37.1147], [-119.3279, 37.1142], [-119.3289, 37.1142], [-119.331, 37.1126], [-119.331, 37.112], [-119.3299, 37.1118], [-119.3306, 37.1112], [-119.3303, 37.1096], [-119.3323, 37.1091], [-119.3324, 37.1069], [-119.332, 37.1074], [-119.3313, 37.1074], [-119.3313, 37.1069], [-119.3307, 37.1069], [-119.3303, 37.1077], [-119.3296, 37.1072], [-119.3276, 37.1077], [-119.3269, 37.1066], [-119.3283, 37.1063], [-119.3283, 37.1055], [-119.328, 37.1061], [-119.3266, 37.1055], [-119.3276, 37.1042], [-119.3287, 37.1047], [-119.3297, 37.1039], [-119.3253, 37.1039], [-119.3249, 37.105], [-119.3239, 37.1044], [-119.3239, 37.1052], [-119.3249, 37.1053], [-119.3242, 37.1063], [-119.3246, 37.1063], [-119.3246, 37.1071], [-119.3252, 37.1074], [-119.3256, 37.1082], [-119.3249, 37.1085], [-119.3249, 37.1088], [-119.3252, 37.1088], [-119.3252, 37.109], [-119.3256, 37.109], [-119.3256, 37.1093], [-119.3242, 37.1101], [-119.3252, 37.1109], [-119.3273, 37.1101], [-119.3269, 37.1112], [-119.3283, 37.1112], [-119.3283, 37.1115], [-119.3272, 37.1117], [-119.3276, 37.1131], [-119.3269, 37.1136], [-119.3276, 37.1136], [-119.3276, 37.1144], [-119.3265, 37.1144], [-119.3262, 37.1152], [-119.3269, 37.1161], [-119.3259, 37.1155], [-119.3248, 37.116], [-119.3275, 37.1169]], [[-119.3299, 37.1128], [-119.3296, 37.1131], [-119.3296, 37.1128], [-119.3299, 37.1128]], [[-119.3293, 37.1128], [-119.3283, 37.112], [-119.3299, 37.1118], [-119.3303, 37.1123], [-119.3293, 37.1128]], [[-119.3283, 37.1117], [-119.3279, 37.112], [-119.3279, 37.1117], [-119.3283, 37.1117]], [[-119.3296, 37.1112], [-119.3293, 37.1115], [-119.3293, 37.1112], [-119.3296, 37.1112]], [[-119.3286, 37.1109], [-119.3283, 37.1112], [-119.3283, 37.1109], [-119.3286, 37.1109]], [[-119.3296, 37.1104], [-119.3293, 37.1107], [-119.3293, 37.1104], [-119.3296, 37.1104]], [[-119.3259, 37.1098], [-119.3256, 37.1104], [-119.3256, 37.1098], [-119.3259, 37.1098]], [[-119.3273, 37.1088], [-119.3269, 37.1093], [-119.3269, 37.1088], [-119.3273, 37.1088]], [[-119.3293, 37.1085], [-119.329, 37.1091], [-119.329, 37.1085], [-119.3293, 37.1085]], [[-119.3263, 37.1088], [-119.3256, 37.109], [-119.3256, 37.1088], [-119.3263, 37.1088]], [[-119.3256, 37.1071], [-119.3252, 37.1074], [-119.3253, 37.1071], [-119.3256, 37.1071]], [[-119.3266, 37.1061], [-119.3263, 37.1063], [-119.3263, 37.1061], [-119.3266, 37.1061]]], [[[-119.424, 37.1052], [-119.425, 37.1044], [-119.4236, 37.1044], [-119.424, 37.1052]]], [[[-119.4216, 37.1044], [-119.4226, 37.1033], [-119.4223, 37.1028], [-119.4209, 37.1039], [-119.4216, 37.1044]]], [[[-119.4199, 37.106], [-119.4199, 37.1025], [-119.4193, 37.1022], [-119.4186, 37.1057], [-119.4199, 37.106]]], [[[-119.4203, 37.1022], [-119.4203, 37.1017], [-119.4206, 37.1014], [-119.4196, 37.1017], [-119.4203, 37.1022]]], [[[-119.4345, 37.101], [-119.4345, 37.1002], [-119.4335, 37.1004], [-119.4338, 37.101], [-119.4345, 37.101]]], [[[-119.4315, 37.1001], [-119.4325, 37.1004], [-119.4325, 37.0999], [-119.4315, 37.1001]]], [[[-119.4112, 37.1003], [-119.4108, 37.0995], [-119.4105, 37.1], [-119.4098, 37.0998], [-119.4098, 37.1003], [-119.4112, 37.1003]]], [[[-119.4308, 37.0999], [-119.4321, 37.0996], [-119.4318, 37.0988], [-119.4308, 37.0999]]], [[[-119.4122, 37.0992], [-119.4115, 37.0984], [-119.4125, 37.0982], [-119.4112, 37.0982], [-119.4112, 37.099], [-119.4122, 37.0992]]], [[[-119.4335, 37.1004], [-119.4345, 37.0996], [-119.4348, 37.1002], [-119.4355, 37.0999], [-119.4345, 37.0977], [-119.4335, 37.0983], [-119.4335, 37.0977], [-119.4318, 37.0977], [-119.4318, 37.0969], [-119.4315, 37.0977], [-119.4301, 37.0969], [-119.4318, 37.0985], [-119.4332, 37.0983], [-119.4325, 37.0999], [-119.4335, 37.1004]], [[-119.4342, 37.0991], [-119.4338, 37.0993], [-119.4338, 37.0991], [-119.4342, 37.0991]], [[-119.4335, 37.0991], [-119.4331, 37.0993], [-119.4332, 37.0991], [-119.4335, 37.0991]], [[-119.4338, 37.0985], [-119.4335, 37.0988], [-119.4335, 37.0985], [-119.4338, 37.0985]]], [[[-119.4179, 37.1036], [-119.4189, 37.1028], [-119.4189, 37.1009], [-119.42, 37.1009], [-119.4193, 37.1004], [-119.42, 37.0998], [-119.4183, 37.0993], [-119.4193, 37.0987], [-119.4183, 37.0979], [-119.4186, 37.0966], [-119.4176, 37.0966], [-119.4169, 37.0979], [-119.4176, 37.0985], [-119.4173, 37.1003], [-119.4183, 37.1014], [-119.4176, 37.1017], [-119.4176, 37.1022], [-119.4169, 37.1017], [-119.4166, 37.1028], [-119.4179, 37.1036]], [[-119.4176, 37.1025], [-119.4172, 37.1028], [-119.4172, 37.1025], [-119.4176, 37.1025]], [[-119.4183, 37.1017], [-119.4179, 37.102], [-119.4179, 37.1017], [-119.4183, 37.1017]], [[-119.4183, 37.0979], [-119.4179, 37.0982], [-119.4179, 37.0979], [-119.4183, 37.0979]]], [[[-119.3358, 37.0969], [-119.3351, 37.0964], [-119.3355, 37.0956], [-119.3335, 37.0959], [-119.3338, 37.0967], [-119.3358, 37.0969]]], [[[-119.3395, 37.097], [-119.3399, 37.0964], [-119.3406, 37.0967], [-119.3412, 37.0959], [-119.3389, 37.0953], [-119.3382, 37.0967], [-119.3395, 37.097]]], [[[-119.3389, 37.0948], [-119.3402, 37.0945], [-119.3399, 37.0937], [-119.3389, 37.094], [-119.3389, 37.0948]]], [[[-119.4268, 37.0961], [-119.4268, 37.0942], [-119.4261, 37.0939], [-119.4257, 37.0953], [-119.4268, 37.0961]]], [[[-119.4152, 37.1009], [-119.4162, 37.1003], [-119.4156, 37.0998], [-119.4163, 37.0987], [-119.4152, 37.0987], [-119.4156, 37.0979], [-119.4146, 37.0971], [-119.4159, 37.0968], [-119.4163, 37.0974], [-119.4163, 37.0966], [-119.4159, 37.0957], [-119.4142, 37.096], [-119.4136, 37.0936], [-119.4136, 37.0968], [-119.4119, 37.0968], [-119.4119, 37.0976], [-119.4129, 37.0982], [-119.4146, 37.0976], [-119.4152, 37.1009]], [[-119.4129, 37.0971], [-119.4122, 37.0973], [-119.4122, 37.0971], [-119.4129, 37.0971]]], [[[-119.3243, 37.0955], [-119.3267, 37.0953], [-119.326, 37.0942], [-119.3281, 37.0934], [-119.3264, 37.0915], [-119.3257, 37.0915], [-119.3261, 37.0926], [-119.325, 37.0928], [-119.325, 37.0936], [-119.324, 37.0939], [-119.324, 37.095], [-119.325, 37.0947], [-119.3243, 37.0955]]], [[[-119.3399, 37.0935], [-119.343, 37.0932], [-119.343, 37.0921], [-119.3419, 37.0921], [-119.3423, 37.0913], [-119.3416, 37.091], [-119.3406, 37.0916], [-119.3409, 37.0924], [-119.3399, 37.0924], [-119.3399, 37.0935]]], [[[-119.343, 37.0919], [-119.3436, 37.0916], [-119.3433, 37.0908], [-119.3426, 37.091], [-119.343, 37.0919]]], [[[-119.3254, 37.0915], [-119.3254, 37.0907], [-119.324, 37.0909], [-119.324, 37.0912], [-119.3254, 37.0915]]], [[[-119.419, 37.092], [-119.42, 37.0914], [-119.4194, 37.0906], [-119.4183, 37.0914], [-119.419, 37.092]]], [[[-119.4237, 37.0917], [-119.4241, 37.0901], [-119.4251, 37.0907], [-119.4244, 37.0896], [-119.4227, 37.0901], [-119.4227, 37.0915], [-119.4237, 37.0917]]], [[[-119.3274, 37.0893], [-119.3274, 37.0888], [-119.3268, 37.0885], [-119.3264, 37.0891], [-119.3274, 37.0893]]], [[[-119.4251, 37.0899], [-119.4255, 37.0893], [-119.4244, 37.0888], [-119.4244, 37.0896], [-119.4251, 37.0899]]], [[[-119.3251, 37.0896], [-119.3254, 37.0885], [-119.3247, 37.0882], [-119.3241, 37.0893], [-119.3251, 37.0896]]], [[[-119.3345, 37.0915], [-119.3345, 37.0894], [-119.3329, 37.088], [-119.3322, 37.0894], [-119.3332, 37.0896], [-119.3328, 37.0905], [-119.3345, 37.0915]], [[-119.3335, 37.0894], [-119.3332, 37.0896], [-119.3332, 37.0894], [-119.3335, 37.0894]]], [[[-119.3231, 37.0885], [-119.3244, 37.0882], [-119.3231, 37.0877], [-119.3231, 37.0885]]], [[[-119.4149, 37.0933], [-119.4143, 37.0922], [-119.415, 37.0917], [-119.417, 37.092], [-119.4173, 37.0914], [-119.4163, 37.0909], [-119.4173, 37.0901], [-119.4156, 37.0901], [-119.4167, 37.089], [-119.4157, 37.0879], [-119.4143, 37.0876], [-119.4153, 37.0885], [-119.4146, 37.0885], [-119.4143, 37.0893], [-119.414, 37.0887], [-119.4133, 37.089], [-119.4139, 37.0906], [-119.4136, 37.0933], [-119.4149, 37.0933]], [[-119.4143, 37.092], [-119.4139, 37.0922], [-119.4139, 37.092], [-119.4143, 37.092]], [[-119.4156, 37.0906], [-119.4146, 37.0912], [-119.4146, 37.0901], [-119.4156, 37.0906]], [[-119.4153, 37.0893], [-119.415, 37.0895], [-119.415, 37.0893], [-119.4153, 37.0893]], [[-119.415, 37.089], [-119.4146, 37.0893], [-119.4146, 37.089], [-119.415, 37.089]], [[-119.416, 37.0885], [-119.4157, 37.0887], [-119.4157, 37.0885], [-119.416, 37.0885]]], [[[-119.3285, 37.0872], [-119.3285, 37.0861], [-119.3275, 37.0864], [-119.3275, 37.0866], [-119.3285, 37.0872]]], [[[-119.418, 37.0895], [-119.4187, 37.089], [-119.4204, 37.0888], [-119.4187, 37.0874], [-119.4197, 37.0866], [-119.4184, 37.0871], [-119.418, 37.0863], [-119.4163, 37.0866], [-119.4163, 37.0879], [-119.4177, 37.0882], [-119.4184, 37.0887], [-119.418, 37.0895]]], [[[-119.4224, 37.0871], [-119.4224, 37.0861], [-119.4218, 37.0858], [-119.4214, 37.0866], [-119.4224, 37.0871]]], [[[-119.3308, 37.088], [-119.3312, 37.0867], [-119.3322, 37.0867], [-119.3322, 37.0861], [-119.3292, 37.0853], [-119.3302, 37.0858], [-119.3298, 37.0875], [-119.3308, 37.088]]], [[[-119.3339, 37.0861], [-119.3336, 37.0851], [-119.3329, 37.0851], [-119.3332, 37.0861], [-119.3339, 37.0861]]], [[[-119.3707, 37.0855], [-119.3718, 37.0847], [-119.3707, 37.0844], [-119.3707, 37.0855]]], [[[-119.3815, 37.0856], [-119.3822, 37.085], [-119.3805, 37.084], [-119.3802, 37.0845], [-119.3816, 37.0848], [-119.3815, 37.0856]]], [[[-119.3497, 37.0968], [-119.3501, 37.0881], [-119.3508, 37.0881], [-119.3511, 37.0895], [-119.3524, 37.0895], [-119.3521, 37.0887], [-119.3528, 37.0889], [-119.3531, 37.0879], [-119.3541, 37.0881], [-119.3535, 37.0865], [-119.3545, 37.0868], [-119.3545, 37.0846], [-119.3535, 37.0846], [-119.3535, 37.0835], [-119.3518, 37.0841], [-119.3515, 37.0849], [-119.3511, 37.0841], [-119.3501, 37.0841], [-119.3488, 37.0857], [-119.3474, 37.0849], [-119.3474, 37.0859], [-119.3467, 37.0854], [-119.3457, 37.0857], [-119.3457, 37.0846], [-119.344, 37.0851], [-119.344, 37.0859], [-119.3447, 37.0859], [-119.3454, 37.0862], [-119.346, 37.087], [-119.3471, 37.0862], [-119.3477, 37.0865], [-119.3474, 37.0884], [-119.346, 37.0876], [-119.3444, 37.0875], [-119.3447, 37.0884], [-119.3457, 37.0884], [-119.3443, 37.0889], [-119.3443, 37.0897], [-119.3437, 37.0892], [-119.3433, 37.09], [-119.3457, 37.0905], [-119.3453, 37.0913], [-119.345, 37.0908], [-119.3443, 37.0911], [-119.3443, 37.0919], [-119.3447, 37.0919], [-119.3453, 37.0924], [-119.3463, 37.0919], [-119.3463, 37.0911], [-119.3484, 37.0911], [-119.3487, 37.0916], [-119.3487, 37.0932], [-119.347, 37.0932], [-119.3477, 37.0922], [-119.347, 37.0916], [-119.346, 37.0932], [-119.3467, 37.0946], [-119.3456, 37.0946], [-119.3456, 37.0956], [-119.3446, 37.0962], [-119.3453, 37.0962], [-119.3449, 37.0967], [-119.3477, 37.0967], [-119.3463, 37.0957], [-119.3473, 37.0959], [-119.348, 37.0951], [-119.348, 37.0959], [-119.3497, 37.0968]], [[-119.346, 37.0957], [-119.3456, 37.0959], [-119.3456, 37.0956], [-119.346, 37.0957]], [[-119.3477, 37.0949], [-119.347, 37.0951], [-119.347, 37.0948], [-119.3477, 37.0949]], [[-119.3467, 37.0948], [-119.3463, 37.0951], [-119.3463, 37.0948], [-119.3467, 37.0948]], [[-119.3487, 37.094], [-119.348, 37.0943], [-119.348, 37.094], [-119.3487, 37.094]], [[-119.3477, 37.094], [-119.3473, 37.0943], [-119.3473, 37.094], [-119.3477, 37.094]], [[-119.349, 37.0932], [-119.3487, 37.0938], [-119.3487, 37.0932], [-119.349, 37.0932]], [[-119.3497, 37.0916], [-119.3494, 37.0922], [-119.3494, 37.0916], [-119.3497, 37.0916]], [[-119.3453, 37.0916], [-119.3447, 37.0919], [-119.3447, 37.0916], [-119.3453, 37.0916]], [[-119.3467, 37.0908], [-119.3453, 37.0903], [-119.3457, 37.0894], [-119.3467, 37.0897], [-119.3467, 37.0908]], [[-119.3487, 37.0895], [-119.348, 37.09], [-119.3481, 37.0892], [-119.3487, 37.0895]], [[-119.3474, 37.0889], [-119.3467, 37.0894], [-119.3467, 37.0889], [-119.3474, 37.0889]], [[-119.3457, 37.0889], [-119.3454, 37.0892], [-119.3454, 37.0889], [-119.3457, 37.0889]], [[-119.3491, 37.0884], [-119.3484, 37.0889], [-119.3484, 37.0886], [-119.3491, 37.0884]], [[-119.3525, 37.0879], [-119.3521, 37.0881], [-119.3521, 37.0879], [-119.3525, 37.0879]], [[-119.3518, 37.0881], [-119.3508, 37.0881], [-119.3508, 37.0876], [-119.3518, 37.0876], [-119.3518, 37.0881]], [[-119.3521, 37.0873], [-119.3518, 37.0876], [-119.3518, 37.0873], [-119.3521, 37.0873]], [[-119.3504, 37.0876], [-119.3494, 37.0876], [-119.3498, 37.0857], [-119.3508, 37.0862], [-119.3504, 37.0876]], [[-119.3531, 37.0868], [-119.3525, 37.0871], [-119.3525, 37.0868], [-119.3531, 37.0868]], [[-119.3511, 37.0865], [-119.3508, 37.0868], [-119.3508, 37.0865], [-119.3511, 37.0865]], [[-119.3542, 37.086], [-119.3538, 37.0862], [-119.3538, 37.086], [-119.3542, 37.086]], [[-119.3532, 37.0857], [-119.3525, 37.086], [-119.3525, 37.0857], [-119.3532, 37.0857]], [[-119.345, 37.0857], [-119.3447, 37.0859], [-119.3447, 37.0857], [-119.345, 37.0857]], [[-119.3525, 37.0846], [-119.3521, 37.0849], [-119.3522, 37.0846], [-119.3525, 37.0846]]], [[[-119.3795, 37.0848], [-119.3799, 37.0834], [-119.3792, 37.0831], [-119.3795, 37.084], [-119.3788, 37.0845], [-119.3795, 37.0848]]], [[[-119.3778, 37.085], [-119.3775, 37.0829], [-119.3762, 37.0826], [-119.3762, 37.0831], [-119.3772, 37.0831], [-119.3772, 37.085], [-119.3778, 37.085]]], [[[-119.3352, 37.0859], [-119.3363, 37.0837], [-119.3349, 37.0837], [-119.3359, 37.0835], [-119.3359, 37.0826], [-119.3349, 37.0821], [-119.3339, 37.0848], [-119.3349, 37.0848], [-119.3346, 37.0856], [-119.3352, 37.0859]]], [[[-119.4133, 37.0825], [-119.4133, 37.0817], [-119.412, 37.0817], [-119.412, 37.0822], [-119.4133, 37.0825]]], [[[-119.3399, 37.0916], [-119.3399, 37.091], [-119.3409, 37.0913], [-119.3416, 37.09], [-119.3426, 37.0902], [-119.3433, 37.0889], [-119.3427, 37.0862], [-119.342, 37.087], [-119.342, 37.0859], [-119.3407, 37.0851], [-119.3427, 37.0854], [-119.3434, 37.0846], [-119.3444, 37.0846], [-119.3444, 37.0838], [-119.3434, 37.0835], [-119.3434, 37.0827], [-119.3444, 37.0824], [-119.3471, 37.0824], [-119.3478, 37.0832], [-119.3488, 37.0833], [-119.3484, 37.0835], [-119.3488, 37.0843], [-119.3498, 37.0827], [-119.3485, 37.0822], [-119.3485, 37.0814], [-119.3464, 37.0811], [-119.3451, 37.0816], [-119.3451, 37.0808], [-119.3441, 37.0811], [-119.3434, 37.0805], [-119.3431, 37.0816], [-119.3437, 37.0819], [-119.343, 37.0819], [-119.343, 37.0827], [-119.3424, 37.0808], [-119.3414, 37.0808], [-119.3414, 37.0813], [-119.34, 37.081], [-119.3403, 37.0819], [-119.3397, 37.0821], [-119.3383, 37.0816], [-119.337, 37.0821], [-119.3376, 37.0848], [-119.3366, 37.0856], [-119.3373, 37.0856], [-119.3376, 37.0872], [-119.3366, 37.087], [-119.3356, 37.0886], [-119.3369, 37.0883], [-119.3362, 37.0897], [-119.3379, 37.0891], [-119.3379, 37.0899], [-119.3369, 37.0899], [-119.3372, 37.0905], [-119.3362, 37.0905], [-119.3362, 37.091], [-119.3376, 37.0913], [-119.3386, 37.0902], [-119.3399, 37.0916]], [[-119.3416, 37.0892], [-119.341, 37.0894], [-119.341, 37.0891], [-119.3416, 37.0892]], [[-119.3396, 37.0894], [-119.3393, 37.0886], [-119.3379, 37.0886], [-119.3376, 37.0878], [-119.3393, 37.0881], [-119.34, 37.0875], [-119.3403, 37.0889], [-119.3396, 37.0894]], [[-119.341, 37.0886], [-119.3406, 37.0889], [-119.3406, 37.0886], [-119.341, 37.0886]], [[-119.3427, 37.0881], [-119.3423, 37.0883], [-119.3423, 37.0881], [-119.3427, 37.0881]], [[-119.3406, 37.0878], [-119.3403, 37.0881], [-119.3403, 37.0878], [-119.3406, 37.0878]], [[-119.3423, 37.0875], [-119.342, 37.0878], [-119.342, 37.0875], [-119.3423, 37.0875]], [[-119.3416, 37.0875], [-119.341, 37.0873], [-119.341, 37.0867], [-119.3417, 37.087], [-119.3416, 37.0875]], [[-119.34, 37.0873], [-119.3396, 37.0867], [-119.341, 37.0864], [-119.341, 37.0867], [-119.34, 37.0873]], [[-119.339, 37.0859], [-119.3383, 37.0862], [-119.3383, 37.0859], [-119.339, 37.0859]], [[-119.3407, 37.0854], [-119.3403, 37.0856], [-119.3403, 37.0854], [-119.3407, 37.0854]], [[-119.34, 37.0854], [-119.3396, 37.0856], [-119.3396, 37.0854], [-119.34, 37.0854]], [[-119.3383, 37.0851], [-119.3379, 37.0854], [-119.338, 37.0851], [-119.3383, 37.0851]], [[-119.342, 37.0846], [-119.3413, 37.0843], [-119.342, 37.084], [-119.342, 37.0846]], [[-119.3417, 37.084], [-119.341, 37.0837], [-119.3414, 37.0829], [-119.3417, 37.0829], [-119.3417, 37.084]], [[-119.3461, 37.0816], [-119.3458, 37.0819], [-119.3458, 37.0816], [-119.3461, 37.0816]]], [[[-119.39, 37.0805], [-119.3914, 37.0808], [-119.3914, 37.0802], [-119.39, 37.0805]]], [[[-119.3478, 37.0808], [-119.3478, 37.08], [-119.3451, 37.0803], [-119.3451, 37.0808], [-119.3478, 37.0808]]], [[[-119.3809, 37.0818], [-119.3812, 37.0805], [-119.3806, 37.0813], [-119.3796, 37.0813], [-119.3802, 37.0805], [-119.3792, 37.0799], [-119.3792, 37.0818], [-119.3809, 37.0818]]], [[[-119.3948, 37.0816], [-119.3954, 37.0813], [-119.3951, 37.0797], [-119.3941, 37.0792], [-119.3921, 37.0794], [-119.3924, 37.0811], [-119.3934, 37.0805], [-119.3948, 37.0816]], [[-119.3938, 37.08], [-119.3934, 37.0802], [-119.3934, 37.08], [-119.3938, 37.08]], [[-119.3931, 37.08], [-119.3927, 37.0802], [-119.3927, 37.08], [-119.3931, 37.08]]], [[[-119.3911, 37.0802], [-119.3907, 37.0789], [-119.3897, 37.0789], [-119.3904, 37.0794], [-119.39, 37.0802], [-119.3911, 37.0802]]], [[[-119.3525, 37.0798], [-119.3522, 37.0792], [-119.3532, 37.0787], [-119.3519, 37.0776], [-119.3519, 37.0781], [-119.3505, 37.0787], [-119.3515, 37.0787], [-119.3508, 37.0792], [-119.3525, 37.0798]]], [[[-119.3309, 37.0848], [-119.3329, 37.084], [-119.3332, 37.0826], [-119.3312, 37.081], [-119.3319, 37.0805], [-119.3292, 37.0799], [-119.3296, 37.0791], [-119.3289, 37.0786], [-119.3296, 37.0775], [-119.3279, 37.0772], [-119.3272, 37.0785], [-119.3265, 37.0783], [-119.3269, 37.0775], [-119.3252, 37.0772], [-119.3248, 37.0793], [-119.3238, 37.0791], [-119.3242, 37.0785], [-119.3225, 37.0785], [-119.3241, 37.081], [-119.3258, 37.0802], [-119.3268, 37.0804], [-119.3265, 37.0818], [-119.3275, 37.0826], [-119.3268, 37.0837], [-119.3282, 37.0834], [-119.3285, 37.0845], [-119.3309, 37.0848]], [[-119.3282, 37.0818], [-119.3278, 37.0821], [-119.3278, 37.0818], [-119.3282, 37.0818]], [[-119.3305, 37.0815], [-119.3292, 37.0813], [-119.3295, 37.0802], [-119.3302, 37.0804], [-119.3305, 37.0815]], [[-119.3278, 37.081], [-119.3275, 37.0812], [-119.3275, 37.081], [-119.3278, 37.081]], [[-119.3292, 37.0799], [-119.3289, 37.0802], [-119.3289, 37.0799], [-119.3292, 37.0799]], [[-119.3272, 37.0796], [-119.3268, 37.0799], [-119.3268, 37.0796], [-119.3272, 37.0796]], [[-119.3269, 37.0794], [-119.3265, 37.0796], [-119.3265, 37.0793], [-119.3269, 37.0794]], [[-119.3265, 37.0791], [-119.3258, 37.0793], [-119.3258, 37.0791], [-119.3265, 37.0791]], [[-119.3265, 37.0785], [-119.3262, 37.0788], [-119.3262, 37.0785], [-119.3265, 37.0785]]], [[[-119.3938, 37.0792], [-119.3938, 37.0778], [-119.3944, 37.0778], [-119.3941, 37.0773], [-119.3924, 37.0781], [-119.3928, 37.0789], [-119.3938, 37.0792]], [[-119.3934, 37.0784], [-119.3931, 37.0786], [-119.3931, 37.0784], [-119.3934, 37.0784]]], [[[-119.4133, 37.0895], [-119.4126, 37.0887], [-119.414, 37.0882], [-119.4126, 37.0871], [-119.413, 37.086], [-119.4116, 37.086], [-119.412, 37.0847], [-119.4113, 37.0841], [-119.4123, 37.0833], [-119.4113, 37.083], [-119.4117, 37.082], [-119.41, 37.0822], [-119.4103, 37.0809], [-119.4123, 37.0814], [-119.413, 37.0798], [-119.4113, 37.0801], [-119.41, 37.079], [-119.41, 37.0779], [-119.4083, 37.0782], [-119.407, 37.0773], [-119.408, 37.0784], [-119.4063, 37.079], [-119.4053, 37.0782], [-119.4063, 37.0773], [-119.4046, 37.0776], [-119.4036, 37.0787], [-119.4053, 37.0784], [-119.4046, 37.0792], [-119.4052, 37.0795], [-119.4046, 37.0803], [-119.4059, 37.0809], [-119.4059, 37.0817], [-119.4049, 37.0814], [-119.4052, 37.0822], [-119.4056, 37.0825], [-119.4059, 37.0822], [-119.4066, 37.0825], [-119.4076, 37.0822], [-119.4083, 37.0822], [-119.4083, 37.0825], [-119.4093, 37.0825], [-119.4092, 37.0887], [-119.4103, 37.0882], [-119.4096, 37.0895], [-119.4133, 37.0895]], [[-119.4106, 37.0876], [-119.4103, 37.0879], [-119.4103, 37.0876], [-119.4106, 37.0876]], [[-119.4119, 37.0874], [-119.4109, 37.0871], [-119.4109, 37.0865], [-119.412, 37.0868], [-119.4119, 37.0874]], [[-119.4103, 37.0871], [-119.4099, 37.0873], [-119.4099, 37.0871], [-119.4103, 37.0871]], [[-119.4116, 37.0857], [-119.4099, 37.0852], [-119.4099, 37.0844], [-119.411, 37.0844], [-119.4116, 37.0857]], [[-119.4113, 37.0833], [-119.411, 37.0836], [-119.411, 37.0833], [-119.4113, 37.0833]], [[-119.4106, 37.0836], [-119.41, 37.0833], [-119.4103, 37.0828], [-119.4106, 37.0828], [-119.4106, 37.0836]], [[-119.4086, 37.0819], [-119.4083, 37.0822], [-119.4083, 37.0819], [-119.4086, 37.0819]], [[-119.4073, 37.0819], [-119.4069, 37.0822], [-119.4069, 37.0819], [-119.4073, 37.0819]], [[-119.4079, 37.0819], [-119.4066, 37.0814], [-119.4059, 37.0803], [-119.4076, 37.0803], [-119.4079, 37.0819]], [[-119.4123, 37.0803], [-119.4117, 37.0806], [-119.4117, 37.0803], [-119.4123, 37.0803]], [[-119.411, 37.0801], [-119.4106, 37.0806], [-119.4107, 37.0801], [-119.411, 37.0801]], [[-119.4103, 37.0801], [-119.41, 37.0803], [-119.41, 37.0801], [-119.4103, 37.0801]], [[-119.41, 37.0798], [-119.4096, 37.0801], [-119.4096, 37.0798], [-119.41, 37.0798]], [[-119.41, 37.079], [-119.4086, 37.0801], [-119.4086, 37.079], [-119.41, 37.079]], [[-119.408, 37.0792], [-119.4076, 37.0798], [-119.4076, 37.0792], [-119.408, 37.0792]], [[-119.4059, 37.0795], [-119.4056, 37.0798], [-119.4056, 37.0795], [-119.4059, 37.0795]], [[-119.4083, 37.0787], [-119.408, 37.079], [-119.408, 37.0787], [-119.4083, 37.0787]]], [[[-119.3515, 37.0781], [-119.3515, 37.0773], [-119.3509, 37.0768], [-119.3505, 37.0776], [-119.3515, 37.0781]]], [[[-119.4022, 37.0787], [-119.4036, 37.0781], [-119.4026, 37.0779], [-119.4026, 37.0771], [-119.4012, 37.0781], [-119.4022, 37.0787]]], [[[-119.4009, 37.0781], [-119.4002, 37.077], [-119.3982, 37.077], [-119.3995, 37.0781], [-119.4009, 37.0781]]], [[[-119.359, 37.0787], [-119.359, 37.0776], [-119.358, 37.0779], [-119.3583, 37.0771], [-119.3566, 37.0768], [-119.3566, 37.0774], [-119.3556, 37.0774], [-119.3566, 37.0779], [-119.3559, 37.0787], [-119.3576, 37.0782], [-119.359, 37.0787]], [[-119.358, 37.0774], [-119.3576, 37.0776], [-119.3576, 37.0774], [-119.358, 37.0774]]], [[[-119.3833, 37.0778], [-119.3836, 37.0772], [-119.3826, 37.077], [-119.3823, 37.0775], [-119.3833, 37.0778]]], [[[-119.3536, 37.0781], [-119.3539, 37.0776], [-119.3539, 37.0763], [-119.3529, 37.0771], [-119.3536, 37.0781]]], [[[-119.4059, 37.0768], [-119.406, 37.0763], [-119.4046, 37.0763], [-119.4049, 37.0768], [-119.4059, 37.0768]]], [[[-119.3928, 37.0773], [-119.3928, 37.0767], [-119.3941, 37.077], [-119.3935, 37.0759], [-119.3924, 37.0765], [-119.3928, 37.0773]]], [[[-119.3874, 37.0767], [-119.3884, 37.0762], [-119.3874, 37.0759], [-119.3874, 37.0767]]], [[[-119.4039, 37.0779], [-119.4043, 37.0765], [-119.4032, 37.0768], [-119.4039, 37.076], [-119.4029, 37.0757], [-119.4022, 37.0768], [-119.4039, 37.0779]]], [[[-119.3505, 37.0779], [-119.3498, 37.0776], [-119.3505, 37.076], [-119.3489, 37.0749], [-119.3488, 37.0768], [-119.3495, 37.0779], [-119.3505, 37.0779]]], [[[-119.3948, 37.0767], [-119.3955, 37.0759], [-119.3941, 37.0751], [-119.3935, 37.0759], [-119.3948, 37.0767]], [[-119.3948, 37.0759], [-119.3945, 37.0762], [-119.3945, 37.0759], [-119.3948, 37.0759]]], [[[-119.3962, 37.0757], [-119.3952, 37.0746], [-119.3945, 37.0749], [-119.3951, 37.0757], [-119.3962, 37.0757]]], [[[-119.3478, 37.0757], [-119.3485, 37.0743], [-119.3468, 37.0743], [-119.3475, 37.0746], [-119.3468, 37.0757], [-119.3478, 37.0757]]], [[[-119.4012, 37.0762], [-119.4012, 37.0746], [-119.4002, 37.0752], [-119.3989, 37.0749], [-119.3995, 37.0757], [-119.4009, 37.0754], [-119.4012, 37.0762]]], [[[-119.412, 37.0752], [-119.412, 37.0744], [-119.411, 37.0744], [-119.4114, 37.0752], [-119.412, 37.0752]]], [[[-119.3924, 37.0751], [-119.3928, 37.0746], [-119.3918, 37.074], [-119.3914, 37.0748], [-119.3924, 37.0751]]], [[[-119.4158, 37.075], [-119.4158, 37.0744], [-119.4161, 37.0739], [-119.4151, 37.0747], [-119.4158, 37.075]]], [[[-119.3982, 37.0738], [-119.3982, 37.073], [-119.3975, 37.073], [-119.3975, 37.0738], [-119.3982, 37.0738]]], [[[-119.3898, 37.0738], [-119.3904, 37.0729], [-119.3894, 37.0724], [-119.3891, 37.0732], [-119.3898, 37.0738]]], [[[-119.411, 37.0744], [-119.4107, 37.0736], [-119.409, 37.073], [-119.409, 37.072], [-119.4077, 37.0725], [-119.4083, 37.0728], [-119.4077, 37.0733], [-119.408, 37.0741], [-119.4097, 37.0736], [-119.411, 37.0744]]], [[[-119.3992, 37.0733], [-119.3999, 37.0725], [-119.4006, 37.0727], [-119.4009, 37.0722], [-119.3985, 37.0722], [-119.3982, 37.073], [-119.3992, 37.0733]]], [[[-119.3242, 37.0718], [-119.3246, 37.071], [-119.3239, 37.0704], [-119.3235, 37.0712], [-119.3242, 37.0718]]], [[[-119.3617, 37.0714], [-119.3611, 37.0704], [-119.36, 37.0709], [-119.36, 37.0714], [-119.3617, 37.0714]]], [[[-119.3475, 37.0735], [-119.3479, 37.0716], [-119.3445, 37.0703], [-119.3445, 37.0714], [-119.3452, 37.0708], [-119.3458, 37.0719], [-119.3469, 37.0719], [-119.3468, 37.0724], [-119.3458, 37.0724], [-119.3458, 37.0735], [-119.3475, 37.0735]], [[-119.3469, 37.0714], [-119.3465, 37.0716], [-119.3465, 37.0714], [-119.3469, 37.0714]]], [[[-119.4016, 37.0722], [-119.4016, 37.0714], [-119.4029, 37.0711], [-119.4013, 37.0698], [-119.4016, 37.0706], [-119.4006, 37.0719], [-119.4016, 37.0722]], [[-119.4023, 37.0708], [-119.4016, 37.0711], [-119.4016, 37.0708], [-119.4023, 37.0708]]], [[[-119.3884, 37.0702], [-119.3884, 37.0692], [-119.3878, 37.0692], [-119.3878, 37.07], [-119.3884, 37.0702]]], [[[-119.3938, 37.0738], [-119.3938, 37.073], [-119.3925, 37.0724], [-119.3931, 37.0719], [-119.3925, 37.0713], [-119.3932, 37.0708], [-119.3928, 37.0697], [-119.3935, 37.07], [-119.3935, 37.0695], [-119.3922, 37.0692], [-119.3915, 37.0681], [-119.3911, 37.0694], [-119.3925, 37.0705], [-119.3918, 37.0708], [-119.3921, 37.0713], [-119.3911, 37.0716], [-119.3915, 37.0711], [-119.3904, 37.0713], [-119.3894, 37.0702], [-119.3881, 37.0708], [-119.3904, 37.0716], [-119.3898, 37.0721], [-119.3904, 37.0727], [-119.3911, 37.0721], [-119.3918, 37.0735], [-119.3931, 37.073], [-119.3938, 37.0738]], [[-119.3921, 37.0716], [-119.3918, 37.0719], [-119.3918, 37.0716], [-119.3921, 37.0716]], [[-119.3911, 37.0716], [-119.3908, 37.0719], [-119.3908, 37.0716], [-119.3911, 37.0716]]], [[[-119.3911, 37.0692], [-119.3911, 37.0681], [-119.3908, 37.0681], [-119.3905, 37.0689], [-119.3911, 37.0692]]], [[[-119.409, 37.0698], [-119.4094, 37.0685], [-119.408, 37.0682], [-119.4077, 37.069], [-119.409, 37.0698]]], [[[-119.403, 37.069], [-119.403, 37.0679], [-119.4026, 37.0679], [-119.4023, 37.069], [-119.403, 37.069]]], [[[-119.308, 37.0679], [-119.308, 37.0674], [-119.3067, 37.0674], [-119.3067, 37.0676], [-119.308, 37.0679]]], [[[-119.4073, 37.0736], [-119.4077, 37.0717], [-119.4067, 37.0709], [-119.4074, 37.0701], [-119.4057, 37.0701], [-119.4057, 37.0692], [-119.4067, 37.069], [-119.407, 37.0695], [-119.407, 37.0687], [-119.4043, 37.0676], [-119.404, 37.07], [-119.405, 37.0706], [-119.4046, 37.0717], [-119.4053, 37.0719], [-119.4043, 37.0722], [-119.4036, 37.0717], [-119.404, 37.0706], [-119.403, 37.0706], [-119.4033, 37.0719], [-119.4023, 37.0725], [-119.404, 37.0722], [-119.4039, 37.0733], [-119.4043, 37.0733], [-119.4043, 37.0727], [-119.4046, 37.0727], [-119.4073, 37.0736]], [[-119.4053, 37.0725], [-119.4046, 37.0727], [-119.4046, 37.0725], [-119.4053, 37.0725]], [[-119.4053, 37.0703], [-119.405, 37.0706], [-119.405, 37.0703], [-119.4053, 37.0703]]], [[[-119.4016, 37.0684], [-119.4023, 37.0671], [-119.4013, 37.0671], [-119.4016, 37.0684]]], [[[-119.4064, 37.0676], [-119.4067, 37.0666], [-119.4057, 37.0665], [-119.4057, 37.0671], [-119.4064, 37.0676]]], [[[-119.359, 37.0771], [-119.3583, 37.0766], [-119.359, 37.0752], [-119.3583, 37.0755], [-119.3573, 37.0747], [-119.358, 37.0736], [-119.3587, 37.0739], [-119.3583, 37.0749], [-119.359, 37.0749], [-119.359, 37.0701], [-119.358, 37.0698], [-119.3591, 37.0668], [-119.358, 37.0671], [-119.3584, 37.0668], [-119.3581, 37.0663], [-119.3567, 37.0685], [-119.3574, 37.0687], [-119.3567, 37.0698], [-119.355, 37.0703], [-119.3543, 37.0695], [-119.353, 37.0695], [-119.353, 37.07], [-119.3519, 37.0698], [-119.3523, 37.0703], [-119.3499, 37.0706], [-119.3499, 37.0711], [-119.3506, 37.0717], [-119.3519, 37.0711], [-119.3523, 37.0717], [-119.3526, 37.0736], [-119.3512, 37.0733], [-119.3519, 37.0754], [-119.3509, 37.0754], [-119.3509, 37.076], [-119.3522, 37.0763], [-119.3519, 37.0768], [-119.3529, 37.0771], [-119.3526, 37.0752], [-119.3546, 37.0765], [-119.3566, 37.0736], [-119.3563, 37.0747], [-119.358, 37.0757], [-119.3576, 37.0766], [-119.359, 37.0771]], [[-119.3539, 37.0749], [-119.3526, 37.0746], [-119.3526, 37.0736], [-119.3539, 37.0741], [-119.3539, 37.0749]], [[-119.3556, 37.0736], [-119.3553, 37.0738], [-119.3553, 37.0736], [-119.3556, 37.0736]], [[-119.3543, 37.073], [-119.3536, 37.0738], [-119.3539, 37.073], [-119.3529, 37.0727], [-119.3543, 37.0728], [-119.3536, 37.0709], [-119.3546, 37.0706], [-119.355, 37.0711], [-119.355, 37.0733], [-119.3543, 37.073]], [[-119.3577, 37.0733], [-119.3573, 37.0736], [-119.3573, 37.0733], [-119.3577, 37.0733]], [[-119.356, 37.073], [-119.3556, 37.0733], [-119.3556, 37.073], [-119.356, 37.073]], [[-119.357, 37.0725], [-119.3566, 37.0728], [-119.3566, 37.0725], [-119.357, 37.0725]], [[-119.3563, 37.0725], [-119.3556, 37.0728], [-119.3556, 37.0725], [-119.3563, 37.0725]], [[-119.3573, 37.0722], [-119.357, 37.0717], [-119.3573, 37.0709], [-119.3577, 37.0709], [-119.3577, 37.0706], [-119.358, 37.0706], [-119.3583, 37.0714], [-119.3573, 37.0722]], [[-119.3587, 37.0717], [-119.3583, 37.072], [-119.3583, 37.0717], [-119.3587, 37.0717]], [[-119.3563, 37.0717], [-119.356, 37.072], [-119.356, 37.0717], [-119.3563, 37.0717]], [[-119.356, 37.0711], [-119.3553, 37.0714], [-119.3553, 37.0711], [-119.356, 37.0711]], [[-119.3553, 37.0709], [-119.355, 37.0711], [-119.355, 37.0709], [-119.3553, 37.0709]], [[-119.3533, 37.0706], [-119.3526, 37.0711], [-119.3523, 37.0706], [-119.3533, 37.0706]], [[-119.3587, 37.0704], [-119.358, 37.0706], [-119.358, 37.0703], [-119.3587, 37.0704]], [[-119.358, 37.0701], [-119.3577, 37.0703], [-119.3577, 37.0701], [-119.358, 37.0701]], [[-119.3533, 37.0701], [-119.3529, 37.0703], [-119.353, 37.07], [-119.3533, 37.0701]], [[-119.3573, 37.0698], [-119.357, 37.0701], [-119.357, 37.0698], [-119.3573, 37.0698]], [[-119.3577, 37.0693], [-119.3573, 37.0695], [-119.3574, 37.0693], [-119.3577, 37.0693]], [[-119.3577, 37.0685], [-119.3574, 37.0687], [-119.3574, 37.0685], [-119.3577, 37.0685]]], [[[-119.3118, 37.0668], [-119.3121, 37.0663], [-119.3128, 37.0666], [-119.3131, 37.0658], [-119.3121, 37.0655], [-119.3118, 37.0668]]], [[[-119.3428, 37.0678], [-119.3422, 37.0673], [-119.3422, 37.0662], [-119.3428, 37.0662], [-119.3425, 37.0657], [-119.3412, 37.0665], [-119.3411, 37.0676], [-119.3428, 37.0678]]], [[[-119.3151, 37.0663], [-119.3162, 37.0655], [-119.3148, 37.0652], [-119.3151, 37.0663]]], [[[-119.3783, 37.0645], [-119.3783, 37.0637], [-119.377, 37.0637], [-119.377, 37.0642], [-119.3783, 37.0645]]], [[[-119.3696, 37.0642], [-119.3712, 37.0639], [-119.3696, 37.0637], [-119.3696, 37.0642]]], [[[-119.3598, 37.0631], [-119.3601, 37.0633], [-119.3611, 37.0631], [-119.3601, 37.0628], [-119.3598, 37.0631]]], [[[-119.3327, 37.0637], [-119.3324, 37.0632], [-119.3331, 37.0629], [-119.3321, 37.0626], [-119.3321, 37.0637], [-119.3327, 37.0637]]], [[[-119.4023, 37.0652], [-119.402, 37.0646], [-119.4016, 37.0649], [-119.4003, 37.0646], [-119.3996, 37.0625], [-119.3993, 37.063], [-119.3983, 37.0625], [-119.3986, 37.063], [-119.3976, 37.0633], [-119.3986, 37.0635], [-119.3993, 37.0649], [-119.4023, 37.0652]], [[-119.3996, 37.0638], [-119.3993, 37.0641], [-119.3993, 37.0638], [-119.3996, 37.0638]]], [[[-119.3368, 37.0629], [-119.3368, 37.0621], [-119.3358, 37.0624], [-119.3361, 37.0629], [-119.3368, 37.0629]]], [[[-119.3966, 37.063], [-119.3979, 37.063], [-119.3976, 37.0625], [-119.3966, 37.063]]], [[[-119.3999, 37.0719], [-119.3996, 37.0706], [-119.4006, 37.0706], [-119.3999, 37.07], [-119.4013, 37.0687], [-119.3993, 37.0689], [-119.3999, 37.0687], [-119.3993, 37.0684], [-119.3993, 37.0676], [-119.4003, 37.0681], [-119.4006, 37.0671], [-119.3996, 37.0671], [-119.3993, 37.0654], [-119.3973, 37.0649], [-119.3976, 37.0643], [-119.3969, 37.0643], [-119.3966, 37.0654], [-119.3966, 37.0646], [-119.3956, 37.0649], [-119.3959, 37.0635], [-119.3946, 37.0635], [-119.3946, 37.063], [-119.3932, 37.0635], [-119.3935, 37.0643], [-119.3902, 37.0643], [-119.3905, 37.0638], [-119.3892, 37.0632], [-119.3892, 37.0621], [-119.3881, 37.0635], [-119.3858, 37.0635], [-119.3868, 37.0638], [-119.3861, 37.0648], [-119.3868, 37.0648], [-119.3874, 37.0659], [-119.3881, 37.0646], [-119.3891, 37.0657], [-119.3888, 37.067], [-119.3878, 37.067], [-119.3878, 37.0686], [-119.3864, 37.0691], [-119.3898, 37.0686], [-119.3905, 37.0694], [-119.3895, 37.0657], [-119.3908, 37.0649], [-119.3915, 37.0651], [-119.3918, 37.0673], [-119.3925, 37.0673], [-119.3922, 37.0686], [-119.3932, 37.0686], [-119.3932, 37.0678], [-119.3952, 37.0676], [-119.3945, 37.07], [-119.3955, 37.07], [-119.3962, 37.0692], [-119.3972, 37.0706], [-119.3982, 37.0692], [-119.3986, 37.0697], [-119.3992, 37.0692], [-119.3989, 37.0714], [-119.3999, 37.0719]], [[-119.3955, 37.0692], [-119.3952, 37.0695], [-119.3952, 37.0692], [-119.3955, 37.0692]], [[-119.3982, 37.0684], [-119.3979, 37.0687], [-119.3979, 37.0684], [-119.3982, 37.0684]], [[-119.3891, 37.0681], [-119.3888, 37.0684], [-119.3888, 37.0681], [-119.3891, 37.0681]], [[-119.3969, 37.0676], [-119.3959, 37.0673], [-119.3956, 37.0662], [-119.3966, 37.0665], [-119.3969, 37.0676]], [[-119.3986, 37.0671], [-119.3982, 37.0673], [-119.3983, 37.067], [-119.3986, 37.0671]], [[-119.3993, 37.0671], [-119.3986, 37.0671], [-119.3986, 37.0665], [-119.3989, 37.0665], [-119.3993, 37.0671]], [[-119.3983, 37.0668], [-119.3979, 37.067], [-119.3979, 37.0668], [-119.3983, 37.0668]], [[-119.3942, 37.0662], [-119.3939, 37.0665], [-119.3939, 37.0662], [-119.3942, 37.0662]], [[-119.3952, 37.066], [-119.3949, 37.0662], [-119.3949, 37.066], [-119.3952, 37.066]], [[-119.3986, 37.0657], [-119.3983, 37.066], [-119.3983, 37.0657], [-119.3986, 37.0657]], [[-119.3983, 37.0657], [-119.3976, 37.0657], [-119.3976, 37.0652], [-119.3979, 37.0652], [-119.3983, 37.0657]], [[-119.3942, 37.0651], [-119.3939, 37.0654], [-119.3939, 37.0651], [-119.3942, 37.0651]], [[-119.3875, 37.0648], [-119.3871, 37.0651], [-119.3871, 37.0648], [-119.3875, 37.0648]], [[-119.3929, 37.0646], [-119.3925, 37.0649], [-119.3925, 37.0646], [-119.3929, 37.0646]], [[-119.3892, 37.0643], [-119.3888, 37.0648], [-119.3888, 37.0643], [-119.3892, 37.0643]], [[-119.3902, 37.0643], [-119.3898, 37.0646], [-119.3898, 37.0643], [-119.3902, 37.0643]], [[-119.3885, 37.064], [-119.3878, 37.0646], [-119.3878, 37.0638], [-119.3885, 37.064]], [[-119.3898, 37.064], [-119.3895, 37.0643], [-119.3895, 37.064], [-119.3898, 37.064]]], [[[-119.3605, 37.0623], [-119.3618, 37.0625], [-119.3615, 37.062], [-119.3605, 37.0623]]], [[[-119.3723, 37.0639], [-119.3723, 37.0618], [-119.3719, 37.0623], [-119.3706, 37.062], [-119.3706, 37.0634], [-119.3723, 37.0639]]], [[[-119.3692, 37.0639], [-119.3685, 37.0634], [-119.3689, 37.0628], [-119.3679, 37.0618], [-119.3675, 37.0631], [-119.3692, 37.0639]]], [[[-119.3631, 37.0715], [-119.3634, 37.0679], [-119.3675, 37.068], [-119.3675, 37.0669], [-119.3662, 37.0658], [-119.3679, 37.0658], [-119.3672, 37.0647], [-119.3679, 37.0637], [-119.3669, 37.0631], [-119.3662, 37.0642], [-119.3652, 37.0639], [-119.3652, 37.0631], [-119.3665, 37.0626], [-119.3659, 37.0618], [-119.3648, 37.0631], [-119.3642, 37.0631], [-119.3642, 37.0623], [-119.3628, 37.0625], [-119.3628, 37.062], [-119.3625, 37.0628], [-119.3615, 37.0628], [-119.3625, 37.0634], [-119.3638, 37.0631], [-119.3642, 37.0642], [-119.3628, 37.0639], [-119.3625, 37.0644], [-119.3635, 37.0661], [-119.3621, 37.065], [-119.3611, 37.065], [-119.3611, 37.0644], [-119.3604, 37.0644], [-119.3608, 37.0655], [-119.3601, 37.0655], [-119.3614, 37.0666], [-119.3617, 37.0709], [-119.3631, 37.0715]], [[-119.3631, 37.0706], [-119.3627, 37.0709], [-119.3627, 37.0706], [-119.3631, 37.0706]], [[-119.3645, 37.0674], [-119.3634, 37.0677], [-119.3634, 37.0671], [-119.3645, 37.0674]], [[-119.3672, 37.0669], [-119.3662, 37.0672], [-119.3662, 37.0669], [-119.3672, 37.0669]], [[-119.3635, 37.0666], [-119.3631, 37.0669], [-119.3631, 37.0666], [-119.3635, 37.0666]], [[-119.3648, 37.0666], [-119.3635, 37.0666], [-119.3645, 37.065], [-119.3652, 37.065], [-119.3648, 37.0666]], [[-119.3621, 37.0661], [-119.3618, 37.0663], [-119.3618, 37.066], [-119.3621, 37.0661]], [[-119.3614, 37.0658], [-119.3611, 37.066], [-119.3611, 37.0658], [-119.3614, 37.0658]], [[-119.3624, 37.0655], [-119.3621, 37.0658], [-119.3621, 37.0655], [-119.3624, 37.0655]], [[-119.3662, 37.0653], [-119.3658, 37.0655], [-119.3658, 37.0653], [-119.3662, 37.0653]], [[-119.3655, 37.065], [-119.3648, 37.0647], [-119.3652, 37.0642], [-119.3658, 37.0642], [-119.3655, 37.065]], [[-119.3669, 37.0645], [-119.3665, 37.0647], [-119.3665, 37.0645], [-119.3669, 37.0645]], [[-119.3662, 37.0645], [-119.3658, 37.0647], [-119.3658, 37.0645], [-119.3662, 37.0645]], [[-119.3672, 37.0642], [-119.3669, 37.0645], [-119.3669, 37.0642], [-119.3672, 37.0642]], [[-119.3631, 37.0628], [-119.3628, 37.0631], [-119.3628, 37.0628], [-119.3631, 37.0628]]], [[[-119.3868, 37.0624], [-119.3865, 37.0616], [-119.3855, 37.0616], [-119.3855, 37.0621], [-119.3868, 37.0624]]], [[[-119.4057, 37.0665], [-119.4067, 37.0647], [-119.4047, 37.0644], [-119.4047, 37.0625], [-119.403, 37.0625], [-119.4034, 37.0617], [-119.402, 37.0617], [-119.4017, 37.0633], [-119.4023, 37.0641], [-119.401, 37.0641], [-119.401, 37.0646], [-119.4033, 37.0644], [-119.404, 37.0636], [-119.404, 37.0646], [-119.4047, 37.0647], [-119.4043, 37.066], [-119.4057, 37.0665]], [[-119.406, 37.0647], [-119.4054, 37.0652], [-119.4054, 37.0647], [-119.406, 37.0647]]], [[[-119.3882, 37.0621], [-119.3888, 37.0619], [-119.3895, 37.0613], [-119.3885, 37.0613], [-119.3882, 37.0621]]], [[[-119.3912, 37.0638], [-119.3925, 37.0632], [-119.3925, 37.0624], [-119.3915, 37.0619], [-119.3925, 37.0619], [-119.3922, 37.0611], [-119.3912, 37.0611], [-119.3912, 37.0624], [-119.3905, 37.0624], [-119.3915, 37.0627], [-119.3912, 37.0632], [-119.3898, 37.0627], [-119.3912, 37.0638]], [[-119.3919, 37.0624], [-119.3915, 37.0627], [-119.3915, 37.0624], [-119.3919, 37.0624]]], [[[-119.3902, 37.0616], [-119.3909, 37.0608], [-119.3872, 37.06], [-119.3872, 37.0605], [-119.3875, 37.0605], [-119.3875, 37.0608], [-119.3892, 37.0608], [-119.3902, 37.0616]], [[-119.3878, 37.0602], [-119.3875, 37.0605], [-119.3875, 37.0602], [-119.3878, 37.0602]]], [[[-119.3503, 37.0609], [-119.349, 37.0598], [-119.3483, 37.06], [-119.3486, 37.0606], [-119.3503, 37.0609]]], [[[-119.4027, 37.0611], [-119.4034, 37.0603], [-119.402, 37.0595], [-119.4013, 37.0606], [-119.4027, 37.0611]], [[-119.4024, 37.0601], [-119.402, 37.0603], [-119.402, 37.0601], [-119.4024, 37.0601]]], [[[-119.3851, 37.0683], [-119.3851, 37.0675], [-119.3868, 37.0675], [-119.3871, 37.0656], [-119.3861, 37.0664], [-119.3864, 37.0651], [-119.3851, 37.0648], [-119.3844, 37.0637], [-119.3854, 37.0632], [-119.3854, 37.0627], [-119.3844, 37.0632], [-119.3844, 37.0621], [-119.3851, 37.0621], [-119.3844, 37.0608], [-119.3871, 37.0613], [-119.3868, 37.0592], [-119.3858, 37.0594], [-119.3858, 37.0586], [-119.3838, 37.0583], [-119.3838, 37.0589], [-119.3824, 37.0586], [-119.3818, 37.0591], [-119.3814, 37.0608], [-119.3804, 37.0605], [-119.3807, 37.0599], [-119.379, 37.0602], [-119.3791, 37.0597], [-119.3784, 37.0597], [-119.3784, 37.0605], [-119.3777, 37.0605], [-119.378, 37.0599], [-119.3763, 37.0602], [-119.3774, 37.0605], [-119.377, 37.0615], [-119.3794, 37.0634], [-119.378, 37.0653], [-119.378, 37.0659], [-119.379, 37.0659], [-119.3787, 37.0667], [-119.38, 37.0667], [-119.381, 37.0683], [-119.3817, 37.0678], [-119.3817, 37.0656], [-119.3827, 37.0654], [-119.383, 37.0675], [-119.3837, 37.0672], [-119.3851, 37.0683]], [[-119.3861, 37.0667], [-119.3858, 37.067], [-119.3858, 37.0667], [-119.3861, 37.0667]], [[-119.3844, 37.0667], [-119.3841, 37.067], [-119.3841, 37.0667], [-119.3844, 37.0667]], [[-119.3837, 37.0667], [-119.3834, 37.067], [-119.3834, 37.0667], [-119.3837, 37.0667]], [[-119.3807, 37.0659], [-119.3807, 37.0667], [-119.38, 37.0659], [-119.3807, 37.0659]], [[-119.3844, 37.0659], [-119.3834, 37.0664], [-119.3837, 37.0656], [-119.3844, 37.0659]], [[-119.3793, 37.0661], [-119.379, 37.0664], [-119.379, 37.0661], [-119.3793, 37.0661]], [[-119.3797, 37.0659], [-119.3793, 37.0661], [-119.3793, 37.0659], [-119.3797, 37.0659]], [[-119.3834, 37.0656], [-119.3831, 37.0659], [-119.3831, 37.0656], [-119.3834, 37.0656]], [[-119.3817, 37.0656], [-119.38, 37.0651], [-119.3804, 37.0643], [-119.3814, 37.0643], [-119.3817, 37.0656]], [[-119.3848, 37.0651], [-119.3844, 37.0654], [-119.3844, 37.0651], [-119.3848, 37.0651]], [[-119.3851, 37.0648], [-119.3848, 37.0651], [-119.3848, 37.0648], [-119.3851, 37.0648]], [[-119.3824, 37.0648], [-119.382, 37.0651], [-119.3821, 37.0648], [-119.3824, 37.0648]], [[-119.3797, 37.064], [-119.3794, 37.0645], [-119.3794, 37.064], [-119.3797, 37.064]], [[-119.3841, 37.0637], [-119.3837, 37.064], [-119.3838, 37.0637], [-119.3841, 37.0637]], [[-119.3834, 37.064], [-119.3824, 37.064], [-119.3824, 37.0637], [-119.3834, 37.0635], [-119.3834, 37.064]], [[-119.3824, 37.0632], [-119.3817, 37.0637], [-119.3817, 37.0632], [-119.3824, 37.0632]], [[-119.3838, 37.0632], [-119.3831, 37.0632], [-119.3831, 37.0627], [-119.3834, 37.0627], [-119.3838, 37.0632]], [[-119.38, 37.0626], [-119.3794, 37.0618], [-119.3804, 37.0613], [-119.3811, 37.0621], [-119.38, 37.0626]], [[-119.3838, 37.0618], [-119.3828, 37.0616], [-119.3828, 37.0597], [-119.3838, 37.0608], [-119.3838, 37.0618]], [[-119.3828, 37.0616], [-119.3824, 37.0618], [-119.3824, 37.0616], [-119.3828, 37.0616]], [[-119.3794, 37.0613], [-119.379, 37.0616], [-119.379, 37.0613], [-119.3794, 37.0613]], [[-119.3801, 37.061], [-119.3797, 37.0613], [-119.3797, 37.061], [-119.3801, 37.061]], [[-119.3821, 37.0605], [-119.3817, 37.061], [-119.3817, 37.0605], [-119.3821, 37.0605]], [[-119.3841, 37.0602], [-119.3838, 37.0608], [-119.3838, 37.0602], [-119.3841, 37.0602]], [[-119.3845, 37.06], [-119.3841, 37.0602], [-119.3841, 37.06], [-119.3845, 37.06]], [[-119.3848, 37.0589], [-119.3845, 37.0592], [-119.3845, 37.0589], [-119.3848, 37.0589]]], [[[-119.351, 37.0584], [-119.3514, 37.0587], [-119.3524, 37.0584], [-119.351, 37.0584]]], [[[-119.3492, 37.07], [-119.3496, 37.0692], [-119.3503, 37.0698], [-119.3509, 37.0692], [-119.3499, 37.069], [-119.3506, 37.0684], [-119.3489, 37.0676], [-119.3489, 37.0657], [-119.3506, 37.0657], [-119.3533, 37.069], [-119.354, 37.0687], [-119.3546, 37.0695], [-119.3557, 37.069], [-119.3557, 37.0676], [-119.355, 37.0674], [-119.3564, 37.0671], [-119.3574, 37.0644], [-119.3571, 37.0641], [-119.355, 37.0644], [-119.3554, 37.0636], [-119.3547, 37.0636], [-119.3543, 37.0647], [-119.3554, 37.0652], [-119.3547, 37.0663], [-119.354, 37.0657], [-119.353, 37.066], [-119.353, 37.0655], [-119.351, 37.0646], [-119.351, 37.0636], [-119.352, 37.0636], [-119.352, 37.0619], [-119.353, 37.0622], [-119.353, 37.0617], [-119.354, 37.0617], [-119.3537, 37.0611], [-119.3547, 37.0617], [-119.3551, 37.0606], [-119.3561, 37.0609], [-119.3561, 37.0612], [-119.3564, 37.0612], [-119.3564, 37.0614], [-119.3571, 37.0614], [-119.3574, 37.0606], [-119.3554, 37.0603], [-119.3568, 37.059], [-119.3561, 37.0582], [-119.3554, 37.0587], [-119.3554, 37.0579], [-119.3551, 37.0585], [-119.3541, 37.0579], [-119.3534, 37.0601], [-119.3527, 37.0595], [-119.3513, 37.0601], [-119.3507, 37.0609], [-119.3517, 37.0614], [-119.3513, 37.0622], [-119.3496, 37.0625], [-119.3503, 37.0633], [-119.3493, 37.063], [-119.3486, 37.0638], [-119.3469, 37.0633], [-119.348, 37.0619], [-119.3466, 37.0619], [-119.3473, 37.0608], [-119.3486, 37.0606], [-119.3476, 37.0598], [-119.3453, 37.06], [-119.3456, 37.0589], [-119.3426, 37.0589], [-119.3429, 37.06], [-119.3412, 37.0613], [-119.3419, 37.0616], [-119.3422, 37.0638], [-119.3419, 37.0635], [-119.3408, 37.0638], [-119.3422, 37.0649], [-119.3429, 37.0646], [-119.3435, 37.0662], [-119.3445, 37.0657], [-119.3466, 37.0676], [-119.3465, 37.0687], [-119.3455, 37.0695], [-119.3472, 37.0695], [-119.3475, 37.07], [-119.3486, 37.0695], [-119.3492, 37.07]], [[-119.3489, 37.0689], [-119.3486, 37.0692], [-119.3486, 37.0689], [-119.3489, 37.0689]], [[-119.3469, 37.0687], [-119.3465, 37.0689], [-119.3465, 37.0687], [-119.3469, 37.0687]], [[-119.3499, 37.0684], [-119.3496, 37.0687], [-119.3496, 37.0684], [-119.3499, 37.0684]], [[-119.355, 37.0682], [-119.354, 37.0682], [-119.354, 37.0676], [-119.3547, 37.0676], [-119.355, 37.0682]], [[-119.3489, 37.0679], [-119.3482, 37.0681], [-119.3482, 37.0679], [-119.3489, 37.0679]], [[-119.3472, 37.0681], [-119.3469, 37.0676], [-119.3482, 37.0673], [-119.3482, 37.0676], [-119.3472, 37.0681]], [[-119.3543, 37.0668], [-119.354, 37.0671], [-119.354, 37.0668], [-119.3543, 37.0668]], [[-119.3482, 37.0671], [-119.3466, 37.0665], [-119.3456, 37.0657], [-119.3469, 37.0657], [-119.3469, 37.0662], [-119.3483, 37.0657], [-119.3482, 37.0671]], [[-119.354, 37.0665], [-119.3537, 37.0668], [-119.3537, 37.0665], [-119.354, 37.0665]], [[-119.355, 37.0663], [-119.3547, 37.0666], [-119.3547, 37.0663], [-119.355, 37.0663]], [[-119.3564, 37.0657], [-119.356, 37.066], [-119.356, 37.0657], [-119.3564, 37.0657]], [[-119.352, 37.0657], [-119.3516, 37.066], [-119.3516, 37.0657], [-119.352, 37.0657]], [[-119.3567, 37.0655], [-119.3564, 37.0657], [-119.3564, 37.0655], [-119.3567, 37.0655]], [[-119.351, 37.0652], [-119.3506, 37.0654], [-119.3506, 37.0652], [-119.351, 37.0652]], [[-119.35, 37.0649], [-119.3496, 37.0652], [-119.3496, 37.0649], [-119.35, 37.0649]], [[-119.356, 37.0644], [-119.3554, 37.0649], [-119.3554, 37.0647], [-119.356, 37.0644]], [[-119.3462, 37.0641], [-119.3459, 37.0643], [-119.3459, 37.0641], [-119.3462, 37.0641]], [[-119.3489, 37.0638], [-119.3486, 37.0641], [-119.3486, 37.0638], [-119.3489, 37.0638]], [[-119.3459, 37.0638], [-119.3456, 37.0641], [-119.3456, 37.0638], [-119.3459, 37.0638]], [[-119.3493, 37.0636], [-119.3489, 37.0638], [-119.349, 37.0636], [-119.3493, 37.0636]], [[-119.3456, 37.0638], [-119.3435, 37.0633], [-119.3449, 37.0616], [-119.3453, 37.0616], [-119.3459, 37.0625], [-119.3452, 37.063], [-119.3456, 37.0638]], [[-119.351, 37.0633], [-119.3506, 37.0636], [-119.3506, 37.0633], [-119.351, 37.0633]], [[-119.3435, 37.0633], [-119.3432, 37.0635], [-119.3432, 37.0632], [-119.3435, 37.0633]], [[-119.3513, 37.063], [-119.351, 37.0633], [-119.351, 37.063], [-119.3513, 37.063]], [[-119.3469, 37.0622], [-119.3466, 37.0625], [-119.3466, 37.0622], [-119.3469, 37.0622]], [[-119.3459, 37.0616], [-119.3456, 37.0619], [-119.3456, 37.0616], [-119.3459, 37.0616]], [[-119.3456, 37.0614], [-119.3453, 37.0616], [-119.3453, 37.0614], [-119.3456, 37.0614]], [[-119.3567, 37.0609], [-119.3564, 37.0612], [-119.3564, 37.0609], [-119.3567, 37.0609]], [[-119.352, 37.0606], [-119.3517, 37.0609], [-119.3517, 37.0606], [-119.352, 37.0606]], [[-119.3446, 37.0595], [-119.3443, 37.06], [-119.3439, 37.0595], [-119.3446, 37.0595]], [[-119.3554, 37.0593], [-119.3547, 37.0598], [-119.3544, 37.0593], [-119.3554, 37.0593]], [[-119.3551, 37.059], [-119.3544, 37.059], [-119.3544, 37.0585], [-119.3547, 37.0585], [-119.3551, 37.059]]], [[[-119.3493, 37.0584], [-119.3507, 37.0582], [-119.3497, 37.0576], [-119.3493, 37.0584]]], [[[-119.377, 37.0586], [-119.3774, 37.058], [-119.3767, 37.0575], [-119.3764, 37.0583], [-119.377, 37.0586]]], [[[-119.3821, 37.057], [-119.3835, 37.0564], [-119.3818, 37.0564], [-119.3821, 37.057]]], [[[-119.3551, 37.0576], [-119.3551, 37.0563], [-119.3541, 37.0566], [-119.3537, 37.0557], [-119.3521, 37.056], [-119.3521, 37.0552], [-119.3511, 37.0552], [-119.351, 37.056], [-119.3521, 37.0565], [-119.3534, 37.0563], [-119.3541, 37.0568], [-119.3537, 37.0576], [-119.3551, 37.0576]]], [[[-119.3845, 37.0565], [-119.3845, 37.0556], [-119.3831, 37.0554], [-119.3831, 37.0556], [-119.3845, 37.0565]]], [[[-119.3845, 37.0554], [-119.3855, 37.0554], [-119.3855, 37.0546], [-119.3845, 37.0554]]], [[[-119.3551, 37.0555], [-119.3558, 37.0547], [-119.3548, 37.0544], [-119.3544, 37.0552], [-119.3551, 37.0555]]], [[[-119.3244, 37.0556], [-119.3254, 37.0545], [-119.3237, 37.055], [-119.3234, 37.0542], [-119.323, 37.055], [-119.3244, 37.0556]]], [[[-119.345, 37.0538], [-119.345, 37.053], [-119.3443, 37.053], [-119.344, 37.0535], [-119.345, 37.0538]]], [[[-119.3142, 37.0531], [-119.3153, 37.0534], [-119.3153, 37.0528], [-119.3142, 37.0531]]], [[[-119.3389, 37.0589], [-119.3389, 37.0578], [-119.3395, 37.0584], [-119.3406, 37.0576], [-119.3412, 37.0578], [-119.3412, 37.0573], [-119.3429, 37.0578], [-119.3429, 37.0565], [-119.3436, 37.0565], [-119.3443, 37.057], [-119.346, 37.0565], [-119.3466, 37.0573], [-119.3456, 37.0579], [-119.3466, 37.0576], [-119.3487, 37.0582], [-119.3493, 37.0579], [-119.3477, 37.0573], [-119.348, 37.0563], [-119.3467, 37.0552], [-119.3453, 37.0554], [-119.3453, 37.056], [-119.344, 37.0557], [-119.3443, 37.0549], [-119.3436, 37.0552], [-119.3436, 37.0541], [-119.3423, 37.0538], [-119.342, 37.0527], [-119.3396, 37.0527], [-119.3392, 37.0541], [-119.3362, 37.0543], [-119.3365, 37.0551], [-119.3358, 37.0554], [-119.3368, 37.0581], [-119.3372, 37.0581], [-119.3372, 37.0578], [-119.3375, 37.0578], [-119.3375, 37.0575], [-119.3379, 37.0576], [-119.3375, 37.0586], [-119.3389, 37.0589]], [[-119.3389, 37.0576], [-119.3385, 37.0578], [-119.3385, 37.0576], [-119.3389, 37.0576]], [[-119.3392, 37.0573], [-119.3389, 37.0576], [-119.3389, 37.0573], [-119.3392, 37.0573]], [[-119.3382, 37.0573], [-119.3379, 37.0576], [-119.3379, 37.0573], [-119.3382, 37.0573]], [[-119.3426, 37.0565], [-119.3423, 37.057], [-119.3423, 37.0565], [-119.3426, 37.0565]], [[-119.3416, 37.0568], [-119.3412, 37.057], [-119.3412, 37.0568], [-119.3416, 37.0568]], [[-119.3396, 37.0565], [-119.3392, 37.057], [-119.3392, 37.0565], [-119.3396, 37.0565]], [[-119.3375, 37.0567], [-119.3372, 37.057], [-119.3372, 37.0567], [-119.3375, 37.0567]], [[-119.345, 37.0565], [-119.3446, 37.0568], [-119.3446, 37.0565], [-119.345, 37.0565]], [[-119.3406, 37.0565], [-119.3402, 37.0568], [-119.3402, 37.0565], [-119.3406, 37.0565]], [[-119.3379, 37.0565], [-119.3375, 37.0567], [-119.3375, 37.0565], [-119.3379, 37.0565]], [[-119.3439, 37.056], [-119.3436, 37.0565], [-119.3436, 37.056], [-119.3439, 37.056]], [[-119.3423, 37.0562], [-119.3419, 37.0565], [-119.3419, 37.0562], [-119.3423, 37.0562]], [[-119.3375, 37.0562], [-119.3369, 37.0559], [-119.3375, 37.0554], [-119.3375, 37.0562]], [[-119.3406, 37.0557], [-119.3399, 37.0562], [-119.3399, 37.0559], [-119.3406, 37.0557]], [[-119.3389, 37.0557], [-119.3385, 37.0562], [-119.3385, 37.0557], [-119.3389, 37.0557]], [[-119.3399, 37.0551], [-119.3392, 37.0551], [-119.3389, 37.0543], [-119.3392, 37.0543], [-119.3392, 37.0546], [-119.3396, 37.0546], [-119.3399, 37.0551]], [[-119.3379, 37.0549], [-119.3375, 37.0551], [-119.3375, 37.0549], [-119.3379, 37.0549]], [[-119.3406, 37.0546], [-119.3396, 37.0546], [-119.3396, 37.0541], [-119.3406, 37.0541], [-119.3406, 37.0546]], [[-119.3386, 37.0543], [-119.3382, 37.0546], [-119.3382, 37.0543], [-119.3386, 37.0543]], [[-119.3426, 37.0541], [-119.3423, 37.0543], [-119.3423, 37.0541], [-119.3426, 37.0541]]], [[[-119.3612, 37.0542], [-119.3605, 37.0528], [-119.3588, 37.0525], [-119.3592, 37.0539], [-119.3602, 37.0534], [-119.3612, 37.0542]]], [[[-119.3467, 37.0546], [-119.3467, 37.0541], [-119.3477, 37.0538], [-119.348, 37.0544], [-119.3487, 37.0538], [-119.3477, 37.0533], [-119.3477, 37.0525], [-119.3474, 37.053], [-119.3467, 37.0525], [-119.3467, 37.0533], [-119.346, 37.0533], [-119.3463, 37.0541], [-119.3457, 37.0544], [-119.3467, 37.0546]], [[-119.3477, 37.0533], [-119.3473, 37.0536], [-119.3474, 37.0533], [-119.3477, 37.0533]]], [[[-119.3376, 37.053], [-119.3379, 37.0524], [-119.3359, 37.0519], [-119.3365, 37.053], [-119.3376, 37.053]], [[-119.3372, 37.0524], [-119.3369, 37.0527], [-119.3369, 37.0524], [-119.3372, 37.0524]]], [[[-119.3504, 37.0549], [-119.3527, 37.0541], [-119.3528, 37.052], [-119.3517, 37.0525], [-119.3494, 37.0517], [-119.348, 37.0522], [-119.348, 37.053], [-119.349, 37.0536], [-119.3501, 37.053], [-119.3497, 37.0541], [-119.3504, 37.0549]], [[-119.3521, 37.053], [-119.3517, 37.0536], [-119.3517, 37.053], [-119.3521, 37.053]], [[-119.3494, 37.0528], [-119.349, 37.053], [-119.349, 37.0528], [-119.3494, 37.0528]], [[-119.3524, 37.0525], [-119.3521, 37.0528], [-119.3521, 37.0525], [-119.3524, 37.0525]], [[-119.3504, 37.0522], [-119.3494, 37.0525], [-119.3494, 37.0522], [-119.3504, 37.0522]]], [[[-119.3629, 37.0528], [-119.3629, 37.052], [-119.3632, 37.0515], [-119.3619, 37.0517], [-119.3629, 37.0528]]], [[[-119.346, 37.0522], [-119.3457, 37.0511], [-119.3447, 37.0511], [-119.3453, 37.0522], [-119.346, 37.0522]]], [[[-119.3436, 37.0519], [-119.3433, 37.0511], [-119.3423, 37.0511], [-119.3423, 37.0516], [-119.3436, 37.0519]]], [[[-119.3521, 37.052], [-119.3521, 37.0514], [-119.3524, 37.0512], [-119.3514, 37.0514], [-119.3521, 37.052]]], [[[-119.3558, 37.052], [-119.3558, 37.0512], [-119.3551, 37.0509], [-119.3548, 37.0514], [-119.3558, 37.052]]], [[[-119.348, 37.0522], [-119.3464, 37.0514], [-119.3464, 37.0503], [-119.345, 37.0506], [-119.346, 37.0511], [-119.346, 37.0519], [-119.348, 37.0522]]], [[[-119.342, 37.0511], [-119.342, 37.0506], [-119.3413, 37.0503], [-119.341, 37.0511], [-119.342, 37.0511]]], [[[-119.3396, 37.0514], [-119.3396, 37.0508], [-119.3399, 37.0503], [-119.3389, 37.0508], [-119.3396, 37.0514]]], [[[-119.3386, 37.0503], [-119.3383, 37.0495], [-119.3372, 37.0497], [-119.3372, 37.05], [-119.3386, 37.0503]]], [[[-119.366, 37.051], [-119.3666, 37.0499], [-119.3653, 37.0493], [-119.3653, 37.0501], [-119.366, 37.051]]], [[[-119.3464, 37.0503], [-119.3477, 37.05], [-119.3471, 37.049], [-119.3454, 37.0495], [-119.3454, 37.05], [-119.3464, 37.0495], [-119.3464, 37.0503]]], [[[-119.3514, 37.0514], [-119.3521, 37.0506], [-119.3508, 37.0495], [-119.3518, 37.0498], [-119.3521, 37.0493], [-119.3511, 37.0487], [-119.3497, 37.0511], [-119.3507, 37.0511], [-119.3514, 37.0514]], [[-119.3511, 37.0509], [-119.3507, 37.0511], [-119.3507, 37.0509], [-119.3511, 37.0509]]], [[[-119.3626, 37.0515], [-119.3626, 37.0504], [-119.3636, 37.0499], [-119.3629, 37.0491], [-119.3639, 37.0493], [-119.3636, 37.0482], [-119.3626, 37.0485], [-119.3626, 37.0501], [-119.3612, 37.0504], [-119.3619, 37.0507], [-119.3612, 37.0512], [-119.3626, 37.0515]]], [[[-119.3379, 37.0492], [-119.3379, 37.0481], [-119.3352, 37.0486], [-119.3373, 37.0486], [-119.3379, 37.0492]]], [[[-119.3285, 37.0502], [-119.3298, 37.0483], [-119.3275, 37.0472], [-119.3261, 37.048], [-119.3281, 37.0481], [-119.3285, 37.0502]]], [[[-119.3295, 37.0475], [-119.3295, 37.0467], [-119.3288, 37.0464], [-119.3285, 37.047], [-119.3295, 37.0475]]], [[[-119.3484, 37.0479], [-119.3488, 37.0468], [-119.3481, 37.0465], [-119.3477, 37.0479], [-119.3484, 37.0479]]], [[[-119.343, 37.0473], [-119.3434, 37.0465], [-119.3423, 37.0465], [-119.3423, 37.047], [-119.343, 37.0473]]], [[[-119.3342, 37.0513], [-119.3352, 37.0508], [-119.3352, 37.05], [-119.3342, 37.0497], [-119.3346, 37.0492], [-119.3325, 37.0494], [-119.3325, 37.0483], [-119.3315, 37.0481], [-119.3322, 37.0478], [-119.3315, 37.0462], [-119.3302, 37.0464], [-119.3309, 37.047], [-119.3308, 37.0478], [-119.3302, 37.0478], [-119.3301, 37.0508], [-119.3312, 37.051], [-119.3329, 37.05], [-119.3342, 37.0513]], [[-119.3312, 37.05], [-119.3308, 37.0489], [-119.3319, 37.0483], [-119.3322, 37.0489], [-119.3312, 37.0491], [-119.3312, 37.05]], [[-119.3318, 37.0494], [-119.3315, 37.0497], [-119.3315, 37.0494], [-119.3318, 37.0494]], [[-119.3322, 37.0492], [-119.3318, 37.0494], [-119.3318, 37.0492], [-119.3322, 37.0492]], [[-119.3312, 37.0464], [-119.3309, 37.0467], [-119.3309, 37.0464], [-119.3312, 37.0464]]], [[[-119.3471, 37.0482], [-119.3477, 37.0473], [-119.3474, 37.0463], [-119.3457, 37.0476], [-119.3471, 37.0482]]], [[[-119.3268, 37.047], [-119.3268, 37.0462], [-119.3251, 37.0461], [-119.3261, 37.047], [-119.3268, 37.047]]], [[[-119.3146, 37.0466], [-119.3147, 37.0455], [-119.314, 37.0455], [-119.314, 37.0466], [-119.3146, 37.0466]]], [[[-119.3373, 37.0473], [-119.3376, 37.0468], [-119.3369, 37.0465], [-119.3376, 37.0462], [-119.3359, 37.0457], [-119.3356, 37.0459], [-119.3363, 37.0465], [-119.3359, 37.047], [-119.3373, 37.0473]], [[-119.3366, 37.0462], [-119.3363, 37.0465], [-119.3363, 37.0462], [-119.3366, 37.0462]]], [[[-119.3413, 37.0468], [-119.341, 37.0454], [-119.3403, 37.0454], [-119.3403, 37.046], [-119.3413, 37.0468]]], [[[-119.3488, 37.0465], [-119.3491, 37.0457], [-119.3478, 37.0455], [-119.3484, 37.0457], [-119.3488, 37.0465]]], [[[-119.3403, 37.0487], [-119.3386, 37.0473], [-119.339, 37.0457], [-119.338, 37.0454], [-119.3386, 37.0486], [-119.3403, 37.0487]], [[-119.3386, 37.0459], [-119.3383, 37.0462], [-119.3383, 37.0459], [-119.3386, 37.0459]]], [[[-119.3325, 37.0462], [-119.3336, 37.0457], [-119.3332, 37.0448], [-119.3322, 37.0451], [-119.3325, 37.0462]]], [[[-119.3427, 37.046], [-119.3437, 37.0452], [-119.3424, 37.0452], [-119.3427, 37.046]]], [[[-119.3224, 37.0448], [-119.3238, 37.0451], [-119.3234, 37.0445], [-119.3224, 37.0448]]], [[[-119.3366, 37.0451], [-119.3366, 37.0443], [-119.3346, 37.0448], [-119.3346, 37.0451], [-119.3366, 37.0451]]], [[[-119.3342, 37.0451], [-119.3343, 37.0446], [-119.3336, 37.0446], [-119.3339, 37.0443], [-119.3336, 37.0438], [-119.3332, 37.0448], [-119.3342, 37.0451]]], [[[-119.338, 37.0443], [-119.3383, 37.0438], [-119.3356, 37.0435], [-119.3356, 37.0443], [-119.3359, 37.044], [-119.338, 37.0443]]], [[[-119.3282, 37.0464], [-119.3282, 37.0451], [-119.3285, 37.0456], [-119.3295, 37.0456], [-119.3295, 37.0448], [-119.3302, 37.0454], [-119.3315, 37.0448], [-119.3312, 37.0443], [-119.3299, 37.0446], [-119.3295, 37.0435], [-119.3316, 37.044], [-119.3319, 37.0432], [-119.3312, 37.0427], [-119.3319, 37.0424], [-119.3306, 37.0424], [-119.3302, 37.0432], [-119.3292, 37.0429], [-119.3295, 37.0424], [-119.3282, 37.0424], [-119.3288, 37.0445], [-119.3278, 37.0445], [-119.3282, 37.0437], [-119.3275, 37.0424], [-119.3191, 37.0423], [-119.314, 37.0442], [-119.314, 37.045], [-119.315, 37.0445], [-119.3157, 37.045], [-119.3157, 37.0442], [-119.318, 37.0448], [-119.3187, 37.0439], [-119.3197, 37.044], [-119.3194, 37.0434], [-119.3204, 37.0434], [-119.3207, 37.0442], [-119.3218, 37.0442], [-119.3218, 37.0437], [-119.3238, 37.0437], [-119.3248, 37.0461], [-119.3255, 37.0453], [-119.3268, 37.0456], [-119.3271, 37.0464], [-119.3282, 37.0464]], [[-119.3272, 37.0451], [-119.3268, 37.0456], [-119.3268, 37.0451], [-119.3272, 37.0451]], [[-119.3292, 37.0451], [-119.3288, 37.0454], [-119.3288, 37.0451], [-119.3292, 37.0451]], [[-119.3278, 37.0451], [-119.3275, 37.0453], [-119.3275, 37.0451], [-119.3278, 37.0451]], [[-119.3272, 37.0445], [-119.3258, 37.0448], [-119.3272, 37.0443], [-119.3272, 37.0445]], [[-119.3278, 37.0445], [-119.3275, 37.0448], [-119.3275, 37.0445], [-119.3278, 37.0445]], [[-119.3278, 37.044], [-119.3275, 37.0443], [-119.3275, 37.044], [-119.3278, 37.044]], [[-119.3262, 37.044], [-119.3255, 37.0443], [-119.3255, 37.044], [-119.3262, 37.044]], [[-119.3157, 37.0439], [-119.3153, 37.0442], [-119.3153, 37.0439], [-119.3157, 37.0439]], [[-119.3275, 37.0435], [-119.3272, 37.0437], [-119.3272, 37.0435], [-119.3275, 37.0435]], [[-119.3265, 37.0435], [-119.3262, 37.0437], [-119.3262, 37.0435], [-119.3265, 37.0435]], [[-119.3245, 37.0434], [-119.3238, 37.0437], [-119.3238, 37.0434], [-119.3245, 37.0434]], [[-119.3268, 37.0429], [-119.3265, 37.0432], [-119.3265, 37.0429], [-119.3268, 37.0429]]], [[[-119.3539, 37.0409], [-119.3546, 37.0393], [-119.3535, 37.0398], [-119.3529, 37.0393], [-119.3525, 37.0406], [-119.3539, 37.0409]]], [[[-119.3343, 37.0338], [-119.334, 37.0327], [-119.3333, 37.0327], [-119.333, 37.0335], [-119.3343, 37.0338]]], [[[-119.2645, 37.0223], [-119.2639, 37.0215], [-119.2632, 37.0215], [-119.2635, 37.0223], [-119.2645, 37.0223]]], [[[-119.2643, 37.018], [-119.2639, 37.0174], [-119.2629, 37.0174], [-119.2632, 37.018], [-119.2643, 37.018]]]]}, "properties": {"layer": "high_severity"}}, {"type": "Feature", "geometry": {"type": "MultiPolygon", "coordinates": [[[[-119.2525, 37.1777], [-119.2532, 37.1772], [-119.2522, 37.1761], [-119.2499, 37.1763], [-119.2498, 37.1777], [-119.2525, 37.1777]]], [[[-119.2492, 37.1763], [-119.2499, 37.1761], [-119.2492, 37.1758], [-119.2492, 37.1763]]], [[[-119.2485, 37.1779], [-119.2478, 37.1768], [-119.2488, 37.1758], [-119.2482, 37.1752], [-119.2472, 37.176], [-119.2448, 37.1757], [-119.2445, 37.1749], [-119.2458, 37.1736], [-119.2448, 37.1736], [-119.2434, 37.1749], [-119.2424, 37.1741], [-119.2418, 37.1744], [-119.2427, 37.1771], [-119.2454, 37.1779], [-119.2458, 37.1768], [-119.2468, 37.1766], [-119.2485, 37.1779]]], [[[-119.2553, 37.1758], [-119.2553, 37.1745], [-119.2556, 37.1734], [-119.2546, 37.1737], [-119.2553, 37.1758]]], [[[-119.2424, 37.1738], [-119.2435, 37.173], [-119.2428, 37.1714], [-119.2438, 37.1706], [-119.2425, 37.1695], [-119.2428, 37.1685], [-119.2415, 37.1684], [-119.2398, 37.1695], [-119.2398, 37.1703], [-119.2415, 37.1703], [-119.2414, 37.1728], [-119.2424, 37.1738]]], [[[-119.3055, 37.1591], [-119.3055, 37.1572], [-119.3045, 37.1567], [-119.3055, 37.1548], [-119.3045, 37.1545], [-119.3035, 37.1561], [-119.3042, 37.1572], [-119.3018, 37.1591], [-119.3055, 37.1591]], [[-119.3052, 37.1578], [-119.3048, 37.158], [-119.3048, 37.1578], [-119.3052, 37.1578]], [[-119.3045, 37.1556], [-119.3042, 37.1559], [-119.3042, 37.1556], [-119.3045, 37.1556]]], [[[-119.2332, 37.1519], [-119.2329, 37.1503], [-119.2325, 37.1503], [-119.2325, 37.1519], [-119.2332, 37.1519]]], [[[-119.3144, 37.1484], [-119.3141, 37.1478], [-119.3127, 37.1478], [-119.3127, 37.1484], [-119.3144, 37.1484]]], [[[-119.3279, 37.1482], [-119.3279, 37.1466], [-119.3273, 37.1466], [-119.3279, 37.146], [-119.3273, 37.1455], [-119.3263, 37.146], [-119.3249, 37.1457], [-119.3229, 37.1471], [-119.3232, 37.1473], [-119.3229, 37.1482], [-119.3279, 37.1482]], [[-119.3242, 37.1471], [-119.3239, 37.1479], [-119.3235, 37.1471], [-119.3242, 37.1471]]], [[[-119.3198, 37.1484], [-119.3202, 37.1471], [-119.3205, 37.1481], [-119.3229, 37.1479], [-119.3229, 37.1473], [-119.3208, 37.1471], [-119.3209, 37.1452], [-119.3195, 37.1444], [-119.3205, 37.143], [-119.3192, 37.143], [-119.3192, 37.1444], [-119.3178, 37.1446], [-119.3161, 37.1438], [-119.3161, 37.1427], [-119.3151, 37.1427], [-119.3155, 37.1435], [-119.3144, 37.1446], [-119.3161, 37.146], [-119.3175, 37.1454], [-119.3185, 37.1462], [-119.3168, 37.1476], [-119.3198, 37.1484]], [[-119.3195, 37.146], [-119.3185, 37.1457], [-119.3185, 37.1454], [-119.3195, 37.1454], [-119.3195, 37.146]]], [[[-119.328, 37.1425], [-119.328, 37.142], [-119.3273, 37.1414], [-119.3273, 37.1422], [-119.328, 37.1425]]], [[[-119.2326, 37.1406], [-119.2326, 37.1398], [-119.232, 37.1398], [-119.2319, 37.1403], [-119.2326, 37.1406]]], [[[-119.3283, 37.1401], [-119.3287, 37.1404], [-119.329, 37.1401], [-119.3283, 37.1401]]], [[[-119.3135, 37.1405], [-119.3138, 37.1392], [-119.3128, 37.1392], [-119.3124, 37.1405], [-119.3135, 37.1405]]], [[[-119.233, 37.1384], [-119.2333, 37.1387], [-119.2337, 37.1384], [-119.233, 37.1384]]], [[[-119.2347, 37.1384], [-119.2354, 37.1379], [-119.2343, 37.1379], [-119.2347, 37.1384]]], [[[-119.3324, 37.1409], [-119.3324, 37.1377], [-119.3321, 37.1377], [-119.3311, 37.1385], [-119.3307, 37.1404], [-119.331, 37.1409], [-119.3314, 37.1406], [-119.3317, 37.1406], [-119.3317, 37.1409], [-119.3324, 37.1409]], [[-119.3321, 37.1404], [-119.3317, 37.1406], [-119.3317, 37.1404], [-119.3321, 37.1404]]], [[[-119.2455, 37.1361], [-119.2472, 37.1356], [-119.2469, 37.1347], [-119.2459, 37.1347], [-119.2455, 37.1361]]], [[[-119.3324, 37.135], [-119.3325, 37.1336], [-119.3291, 37.1333], [-119.3291, 37.1339], [-119.3304, 37.1339], [-119.3304, 37.135], [-119.3324, 37.135]]], [[[-119.2403, 37.146], [-119.24, 37.1452], [-119.241, 37.1444], [-119.2397, 37.1431], [-119.2407, 37.1423], [-119.2417, 37.1425], [-119.2417, 37.1412], [-119.2472, 37.1412], [-119.2489, 37.1399], [-119.2468, 37.1404], [-119.2458, 37.1396], [-119.2451, 37.1407], [-119.2434, 37.1407], [-119.2431, 37.1396], [-119.2445, 37.1388], [-119.2442, 37.1366], [-119.2431, 37.1369], [-119.2411, 37.1358], [-119.2408, 37.1344], [-119.2415, 37.1342], [-119.2398, 37.1339], [-119.2385, 37.1328], [-119.2361, 37.1339], [-119.2337, 37.133], [-119.2334, 37.1338], [-119.2354, 37.1347], [-119.2371, 37.1344], [-119.2381, 37.1336], [-119.2398, 37.135], [-119.2377, 37.1355], [-119.2371, 37.1347], [-119.2361, 37.1347], [-119.2367, 37.1355], [-119.2357, 37.1357], [-119.2354, 37.1368], [-119.2371, 37.1368], [-119.2394, 37.139], [-119.2377, 37.1403], [-119.239, 37.1414], [-119.238, 37.1425], [-119.2394, 37.1431], [-119.2393, 37.1452], [-119.2403, 37.146]], [[-119.2414, 37.139], [-119.2401, 37.1382], [-119.2411, 37.1369], [-119.2425, 37.1377], [-119.2414, 37.139]], [[-119.2401, 37.1347], [-119.2398, 37.135], [-119.2398, 37.1347], [-119.2401, 37.1347]], [[-119.2367, 37.1339], [-119.2361, 37.1341], [-119.2361, 37.1339], [-119.2367, 37.1339]]], [[[-119.3206, 37.1352], [-119.322, 37.1338], [-119.3233, 37.1336], [-119.3233, 37.133], [-119.322, 37.1333], [-119.3203, 37.1346], [-119.3206, 37.1352]]], [[[-119.3274, 37.1339], [-119.3271, 37.1328], [-119.3277, 37.1317], [-119.3264, 37.132], [-119.3257, 37.1331], [-119.3264, 37.1339], [-119.3274, 37.1339]]], [[[-119.3162, 37.1319], [-119.3169, 37.1311], [-119.3169, 37.1306], [-119.3156, 37.1306], [-119.3162, 37.1319]]], [[[-119.3315, 37.1298], [-119.3305, 37.129], [-119.3298, 37.1293], [-119.3298, 37.1298], [-119.3315, 37.1298]]], [[[-119.3362, 37.1264], [-119.3366, 37.1247], [-119.3346, 37.1245], [-119.3349, 37.1264], [-119.3362, 37.1264]]], [[[-119.3342, 37.1239], [-119.3339, 37.1231], [-119.3326, 37.1228], [-119.3325, 37.1234], [-119.3342, 37.1239]]], [[[-119.336, 37.1193], [-119.3366, 37.1199], [-119.3366, 37.1194], [-119.336, 37.1193]]], [[[-119.3323, 37.1142], [-119.3323, 37.1126], [-119.332, 37.1126], [-119.3316, 37.1137], [-119.3323, 37.1142]]], [[[-119.3279, 37.1101], [-119.3296, 37.1091], [-119.3317, 37.1083], [-119.3279, 37.1082], [-119.3279, 37.1101]], [[-119.3293, 37.1085], [-119.329, 37.1091], [-119.329, 37.1085], [-119.3293, 37.1085]]], [[[-119.3263, 37.1082], [-119.3269, 37.1077], [-119.3263, 37.1074], [-119.3263, 37.1082]]], [[[-119.4129, 37.0974], [-119.4139, 37.0965], [-119.4125, 37.0968], [-119.4129, 37.0974]]], [[[-119.3497, 37.0957], [-119.3494, 37.0935], [-119.349, 37.0935], [-119.3483, 37.0946], [-119.3497, 37.0957]]], [[[-119.3501, 37.0922], [-119.3501, 37.0903], [-119.3494, 37.09], [-119.3491, 37.0911], [-119.3501, 37.0922]]], [[[-119.3403, 37.0902], [-119.3406, 37.0894], [-119.3389, 37.0891], [-119.3389, 37.0897], [-119.3403, 37.0902]]], [[[-119.3423, 37.0889], [-119.342, 37.0878], [-119.341, 37.0875], [-119.341, 37.0881], [-119.3423, 37.0889]]], [[[-119.4119, 37.0887], [-119.4119, 37.0882], [-119.4109, 37.0879], [-119.4109, 37.0887], [-119.4119, 37.0887]]], [[[-119.4096, 37.0876], [-119.4103, 37.0865], [-119.4099, 37.0857], [-119.4093, 37.086], [-119.4096, 37.0876]]], [[[-119.3305, 37.0842], [-119.3326, 37.0837], [-119.3326, 37.0832], [-119.3312, 37.0821], [-119.3289, 37.0821], [-119.3285, 37.0829], [-119.3305, 37.0842]]], [[[-119.3396, 37.0854], [-119.3414, 37.0829], [-119.3427, 37.0835], [-119.3427, 37.0824], [-119.3417, 37.0819], [-119.3397, 37.0829], [-119.3383, 37.0827], [-119.3383, 37.0845], [-119.3396, 37.0854]]], [[[-119.4056, 37.0825], [-119.4089, 37.0822], [-119.4093, 37.0809], [-119.4083, 37.0806], [-119.4076, 37.0792], [-119.4056, 37.0798], [-119.4053, 37.079], [-119.4046, 37.0803], [-119.4059, 37.0809], [-119.4059, 37.0817], [-119.4056, 37.0814], [-119.4049, 37.0817], [-119.4056, 37.0825]], [[-119.4073, 37.0819], [-119.4069, 37.0822], [-119.4069, 37.0819], [-119.4073, 37.0819]], [[-119.4079, 37.0819], [-119.4066, 37.0814], [-119.4059, 37.0803], [-119.4076, 37.0803], [-119.4079, 37.0819]]], [[[-119.4083, 37.0795], [-119.4083, 37.079], [-119.4076, 37.079], [-119.4076, 37.0792], [-119.4083, 37.0795]]], [[[-119.4083, 37.079], [-119.409, 37.0787], [-119.4083, 37.0784], [-119.4083, 37.079]]], [[[-119.4026, 37.0781], [-119.4032, 37.0781], [-119.4036, 37.0779], [-119.4026, 37.0781]]], [[[-119.4039, 37.0779], [-119.4043, 37.0771], [-119.4032, 37.0768], [-119.4032, 37.0776], [-119.4039, 37.0779]]], [[[-119.3999, 37.0757], [-119.4002, 37.0752], [-119.3989, 37.0749], [-119.3989, 37.0751], [-119.3999, 37.0757]]], [[[-119.3992, 37.0733], [-119.3999, 37.0727], [-119.3999, 37.0722], [-119.3985, 37.0722], [-119.3982, 37.073], [-119.3992, 37.0733]]], [[[-119.3904, 37.0716], [-119.3911, 37.0711], [-119.3908, 37.0711], [-119.3904, 37.0716]]], [[[-119.3556, 37.0728], [-119.3567, 37.0711], [-119.3567, 37.0706], [-119.3556, 37.0709], [-119.3556, 37.0728]]], [[[-119.3894, 37.0711], [-119.3904, 37.0711], [-119.3894, 37.0705], [-119.3894, 37.0711]]], [[[-119.4067, 37.0728], [-119.407, 37.0722], [-119.405, 37.0692], [-119.4057, 37.0709], [-119.405, 37.0722], [-119.4067, 37.0728]]], [[[-119.3634, 37.0704], [-119.3634, 37.0682], [-119.3624, 37.0679], [-119.3624, 37.0698], [-119.3634, 37.0704]]], [[[-119.3803, 37.0683], [-119.3803, 37.0678], [-119.3797, 37.0678], [-119.3797, 37.068], [-119.3803, 37.0683]]], [[[-119.379, 37.0675], [-119.3797, 37.0675], [-119.38, 37.0672], [-119.379, 37.0675]]], [[[-119.3976, 37.0695], [-119.3986, 37.0692], [-119.3982, 37.0687], [-119.3993, 37.0679], [-119.3979, 37.0679], [-119.3969, 37.067], [-119.3962, 37.0687], [-119.3976, 37.0695]], [[-119.3982, 37.0684], [-119.3979, 37.0687], [-119.3979, 37.0684], [-119.3982, 37.0684]]], [[[-119.3895, 37.0681], [-119.3898, 37.067], [-119.3891, 37.0667], [-119.3884, 37.0678], [-119.3895, 37.0681]]], [[[-119.3668, 37.068], [-119.3662, 37.0672], [-119.3668, 37.0669], [-119.3665, 37.0661], [-119.3645, 37.0666], [-119.3655, 37.0674], [-119.3651, 37.068], [-119.3668, 37.068]]], [[[-119.3628, 37.0663], [-119.3638, 37.0663], [-119.3638, 37.0658], [-119.3628, 37.0663]]], [[[-119.3966, 37.0665], [-119.3969, 37.0668], [-119.3976, 37.066], [-119.3969, 37.066], [-119.3966, 37.0665]]], [[[-119.3864, 37.067], [-119.3861, 37.0659], [-119.3851, 37.0656], [-119.3851, 37.0667], [-119.3864, 37.067]]], [[[-119.3675, 37.0661], [-119.3675, 37.0655], [-119.3668, 37.0655], [-119.3668, 37.0658], [-119.3675, 37.0661]]], [[[-119.3793, 37.0653], [-119.3797, 37.0645], [-119.3794, 37.0645], [-119.3793, 37.0653]]], [[[-119.35, 37.0649], [-119.35, 37.0644], [-119.3489, 37.0646], [-119.3489, 37.0649], [-119.35, 37.0649]]], [[[-119.3925, 37.0673], [-119.3949, 37.0668], [-119.3949, 37.0657], [-119.3956, 37.0657], [-119.3946, 37.0643], [-119.3935, 37.0651], [-119.3912, 37.0654], [-119.3925, 37.0673]], [[-119.3942, 37.0662], [-119.3939, 37.0665], [-119.3939, 37.0662], [-119.3942, 37.0662]], [[-119.3942, 37.0651], [-119.3939, 37.0654], [-119.3939, 37.0651], [-119.3942, 37.0651]]], [[[-119.3483, 37.0654], [-119.3489, 37.0649], [-119.3473, 37.0641], [-119.3469, 37.0652], [-119.3483, 37.0654]]], [[[-119.3456, 37.0652], [-119.3446, 37.0641], [-119.3435, 37.0641], [-119.3439, 37.0651], [-119.3456, 37.0652]]], [[[-119.3878, 37.0656], [-119.3881, 37.0646], [-119.3875, 37.0643], [-119.3871, 37.0656], [-119.3878, 37.0656]]], [[[-119.3902, 37.0654], [-119.3905, 37.0646], [-119.3888, 37.0638], [-119.3881, 37.0646], [-119.3885, 37.0646], [-119.3885, 37.0648], [-119.3888, 37.0648], [-119.3888, 37.0651], [-119.3902, 37.0654]], [[-119.3892, 37.0643], [-119.3888, 37.0648], [-119.3888, 37.0643], [-119.3892, 37.0643]]], [[[-119.3848, 37.0651], [-119.3848, 37.064], [-119.3837, 37.064], [-119.3834, 37.0632], [-119.3834, 37.064], [-119.3824, 37.0645], [-119.3848, 37.0651]]], [[[-119.38, 37.0645], [-119.3807, 37.0632], [-119.3787, 37.0629], [-119.3794, 37.0634], [-119.379, 37.0645], [-119.3794, 37.064], [-119.38, 37.0645]]], [[[-119.3655, 37.0628], [-119.3662, 37.0626], [-119.3659, 37.0618], [-119.3652, 37.0623], [-119.3655, 37.0628]]], [[[-119.3834, 37.0627], [-119.3821, 37.0621], [-119.3814, 37.061], [-119.3811, 37.0626], [-119.3834, 37.0627]]], [[[-119.3432, 37.0622], [-119.3446, 37.0611], [-119.3442, 37.0606], [-119.3426, 37.0611], [-119.3432, 37.0622]]], [[[-119.3784, 37.0624], [-119.3794, 37.061], [-119.379, 37.0605], [-119.3774, 37.0607], [-119.3784, 37.0624]]], [[[-119.3858, 37.06], [-119.3858, 37.0594], [-119.3848, 37.0597], [-119.3848, 37.06], [-119.3858, 37.06]]], [[[-119.3578, 37.0574], [-119.3585, 37.0566], [-119.3575, 37.0566], [-119.3578, 37.0574]]], [[[-119.3382, 37.057], [-119.3385, 37.0557], [-119.3392, 37.0559], [-119.3396, 37.0554], [-119.3389, 37.0546], [-119.3375, 37.0551], [-119.3382, 37.057]]], [[[-119.3429, 37.0557], [-119.3429, 37.0549], [-119.3413, 37.0535], [-119.3403, 37.0535], [-119.3406, 37.0546], [-119.3396, 37.0549], [-119.3429, 37.0557]]], [[[-119.3517, 37.0541], [-119.3517, 37.0528], [-119.3504, 37.052], [-119.3501, 37.0528], [-119.3517, 37.0541]]], [[[-119.348, 37.053], [-119.3487, 37.0528], [-119.3501, 37.052], [-119.348, 37.0522], [-119.348, 37.053]]], [[[-119.3511, 37.0511], [-119.3518, 37.0501], [-119.3508, 37.0498], [-119.3511, 37.0511]]], [[[-119.3423, 37.0481], [-119.3427, 37.0476], [-119.3417, 37.0476], [-119.3417, 37.0479], [-119.3423, 37.0481]]], [[[-119.3467, 37.0482], [-119.3467, 37.0476], [-119.3477, 37.0471], [-119.3461, 37.0471], [-119.3457, 37.0479], [-119.3467, 37.0482]]], [[[-119.3167, 37.0434], [-119.3177, 37.0437], [-119.3191, 37.0429], [-119.3167, 37.0434]]], [[[-119.3275, 37.0453], [-119.3282, 37.0443], [-119.3278, 37.0432], [-119.3255, 37.0429], [-119.3251, 37.0443], [-119.3272, 37.0443], [-119.3275, 37.0453]], [[-119.3278, 37.044], [-119.3275, 37.0443], [-119.3275, 37.044], [-119.3278, 37.044]], [[-119.3275, 37.0435], [-119.3272, 37.0437], [-119.3272, 37.0435], [-119.3275, 37.0435]], [[-119.3265, 37.0435], [-119.3262, 37.0437], [-119.3262, 37.0435], [-119.3265, 37.0435]]], [[[-119.3289, 37.0435], [-119.3289, 37.0429], [-119.3292, 37.0424], [-119.3282, 37.0429], [-119.3289, 37.0435]]]]}, "properties": {"layer": "interior"}}, {"type": "Feature", "geometry": {"type": "Polygon", "coordinates": [[[-119.353, 37.3847], [-119.3533, 37.3845], [-119.353, 37.3845], [-119.353, 37.3847]]]}, "properties": {"layer": "cell", "cell_id": "532_4000", "seed_zone": "532", "elevation_band": "4000–4500 ft"}}, {"type": "Feature", "geometry": {"type": "MultiPolygon", "coordinates": [[[[-119.3999, 37.0757], [-119.4002, 37.0752], [-119.3989, 37.0749], [-119.3989, 37.0751], [-119.3999, 37.0757]]], [[[-119.3992, 37.0733], [-119.3999, 37.0727], [-119.3999, 37.0722], [-119.3985, 37.0722], [-119.3982, 37.073], [-119.3992, 37.0733]]], [[[-119.3904, 37.0716], [-119.3911, 37.0711], [-119.3908, 37.0711], [-119.3904, 37.0716]]], [[[-119.3894, 37.0711], [-119.3904, 37.0711], [-119.3894, 37.0705], [-119.3894, 37.0711]]], [[[-119.3803, 37.0683], [-119.3803, 37.0678], [-119.3797, 37.0678], [-119.3797, 37.068], [-119.3803, 37.0683]]], [[[-119.379, 37.0675], [-119.3797, 37.0675], [-119.38, 37.0672], [-119.379, 37.0675]]], [[[-119.3895, 37.0681], [-119.3898, 37.0673], [-119.3888, 37.067], [-119.3884, 37.0678], [-119.3895, 37.0681]]], [[[-119.3864, 37.067], [-119.3861, 37.0659], [-119.3851, 37.0656], [-119.3851, 37.0667], [-119.3864, 37.067]]]]}, "properties": {"layer": "cell", "cell_id": "533_3500", "seed_zone": "533", "elevation_band": "3500–4000 ft"}}, {"type": "Feature", "geometry": {"type": "MultiPolygon", "coordinates": [[[[-119.4129, 37.0974], [-119.4139, 37.0965], [-119.4125, 37.0968], [-119.4129, 37.0974]]], [[[-119.3497, 37.0957], [-119.3494, 37.0935], [-119.349, 37.0935], [-119.3483, 37.0946], [-119.3497, 37.0957]]], [[[-119.3501, 37.0922], [-119.3501, 37.0903], [-119.3494, 37.09], [-119.3491, 37.0911], [-119.3501, 37.0922]]], [[[-119.4119, 37.0887], [-119.4119, 37.0882], [-119.4109, 37.0879], [-119.4109, 37.0887], [-119.4119, 37.0887]]], [[[-119.4096, 37.0876], [-119.4103, 37.0865], [-119.4099, 37.0857], [-119.4093, 37.086], [-119.4096, 37.0876]]], [[[-119.4056, 37.0825], [-119.4089, 37.0822], [-119.4093, 37.0811], [-119.4076, 37.0792], [-119.4056, 37.0798], [-119.4053, 37.079], [-119.4046, 37.0803], [-119.4059, 37.0809], [-119.4059, 37.0817], [-119.4056, 37.0814], [-119.4049, 37.0817], [-119.4056, 37.0825]], [[-119.4073, 37.0819], [-119.4069, 37.0822], [-119.4069, 37.0819], [-119.4073, 37.0819]], [[-119.4079, 37.0819], [-119.4066, 37.0814], [-119.4059, 37.0803], [-119.4076, 37.0803], [-119.4079, 37.0819]]], [[[-119.4083, 37.0795], [-119.4083, 37.079], [-119.4076, 37.079], [-119.4076, 37.0792], [-119.4083, 37.0795]]], [[[-119.4083, 37.079], [-119.409, 37.0787], [-119.4083, 37.0784], [-119.4083, 37.079]]], [[[-119.4029, 37.0779], [-119.4032, 37.0781], [-119.4036, 37.0779], [-119.4029, 37.0779]]], [[[-119.4039, 37.0779], [-119.4043, 37.0771], [-119.4032, 37.0768], [-119.4032, 37.0776], [-119.4039, 37.0779]]], [[[-119.4067, 37.0728], [-119.407, 37.0722], [-119.405, 37.0692], [-119.4057, 37.0709], [-119.405, 37.0722], [-119.4067, 37.0728]]], [[[-119.3668, 37.068], [-119.3668, 37.0674], [-119.3662, 37.0672], [-119.3658, 37.068], [-119.3668, 37.068]]], [[[-119.3986, 37.0692], [-119.3982, 37.0687], [-119.3993, 37.0679], [-119.3979, 37.0679], [-119.3969, 37.067], [-119.3962, 37.0687], [-119.3986, 37.0692]], [[-119.3982, 37.0684], [-119.3979, 37.0687], [-119.3979, 37.0684], [-119.3982, 37.0684]]], [[[-119.3668, 37.0669], [-119.3665, 37.0661], [-119.3662, 37.0661], [-119.3662, 37.0669], [-119.3668, 37.0669]]], [[[-119.3966, 37.0665], [-119.3969, 37.0668], [-119.3976, 37.066], [-119.3969, 37.066], [-119.3966, 37.0665]]], [[[-119.3675, 37.0661], [-119.3675, 37.0655], [-119.3668, 37.0655], [-119.3668, 37.0658], [-119.3675, 37.0661]]], [[[-119.3925, 37.0673], [-119.3949, 37.0668], [-119.3949, 37.0657], [-119.3956, 37.0657], [-119.3946, 37.0643], [-119.3935, 37.0651], [-119.3912, 37.0654], [-119.3925, 37.0673]], [[-119.3942, 37.0662], [-119.3939, 37.0665], [-119.3939, 37.0662], [-119.3942, 37.0662]], [[-119.3942, 37.0651], [-119.3939, 37.0654], [-119.3939, 37.0651], [-119.3942, 37.0651]]], [[[-119.3878, 37.0656], [-119.3881, 37.0646], [-119.3875, 37.0643], [-119.3871, 37.0656], [-119.3878, 37.0656]]], [[[-119.3902, 37.0654], [-119.3905, 37.0646], [-119.3888, 37.0638], [-119.3881, 37.0646], [-119.3885, 37.0646], [-119.3885, 37.0648], [-119.3888, 37.0648], [-119.3888, 37.0651], [-119.3902, 37.0654]], [[-119.3892, 37.0643], [-119.3888, 37.0648], [-119.3888, 37.0643], [-119.3892, 37.0643]]], [[[-119.3844, 37.0648], [-119.3848, 37.064], [-119.3837, 37.064], [-119.3834, 37.0632], [-119.3834, 37.064], [-119.3824, 37.0645], [-119.3844, 37.0648]]], [[[-119.38, 37.0645], [-119.3807, 37.0632], [-119.3787, 37.0629], [-119.3794, 37.0634], [-119.379, 37.0645], [-119.3794, 37.064], [-119.38, 37.0645]]], [[[-119.3834, 37.0627], [-119.3821, 37.0621], [-119.3814, 37.061], [-119.3811, 37.0626], [-119.3834, 37.0627]]], [[[-119.3784, 37.0624], [-119.3794, 37.061], [-119.379, 37.0605], [-119.3774, 37.0607], [-119.3784, 37.0624]]], [[[-119.3848, 37.06], [-119.3858, 37.0597], [-119.3848, 37.0597], [-119.3848, 37.06]]], [[[-119.3581, 37.0571], [-119.3585, 37.0566], [-119.3575, 37.0566], [-119.3575, 37.0568], [-119.3581, 37.0571]]], [[[-119.3423, 37.0481], [-119.3427, 37.0476], [-119.3417, 37.0476], [-119.3417, 37.0479], [-119.3423, 37.0481]]], [[[-119.3467, 37.0482], [-119.3467, 37.0476], [-119.3477, 37.0471], [-119.3461, 37.0471], [-119.3457, 37.0479], [-119.3467, 37.0482]]]]}, "properties": {"layer": "cell", "cell_id": "533_4000", "seed_zone": "533", "elevation_band": "4000–4500 ft"}}, {"type": "Feature", "geometry": {"type": "MultiPolygon", "coordinates": [[[[-119.3144, 37.1484], [-119.3141, 37.1478], [-119.3127, 37.1478], [-119.3127, 37.1484], [-119.3144, 37.1484]]], [[[-119.3273, 37.1482], [-119.3279, 37.1476], [-119.3273, 37.1476], [-119.3273, 37.1482]]], [[[-119.3195, 37.1484], [-119.3191, 37.1476], [-119.3168, 37.1473], [-119.3171, 37.1478], [-119.3195, 37.1484]]], [[[-119.3317, 37.1393], [-119.3324, 37.1388], [-119.3324, 37.1377], [-119.3311, 37.1385], [-119.3317, 37.1393]]], [[[-119.3324, 37.135], [-119.3325, 37.1336], [-119.3321, 37.1336], [-119.3318, 37.135], [-119.3324, 37.135]]], [[[-119.3403, 37.0902], [-119.3406, 37.0894], [-119.3389, 37.0891], [-119.3389, 37.0897], [-119.3403, 37.0902]]], [[[-119.3423, 37.0889], [-119.342, 37.0878], [-119.341, 37.0875], [-119.341, 37.0881], [-119.3423, 37.0889]]], [[[-119.3396, 37.0854], [-119.3414, 37.0829], [-119.3427, 37.0835], [-119.3427, 37.0824], [-119.341, 37.0821], [-119.3393, 37.0829], [-119.339, 37.0851], [-119.3396, 37.0854]]], [[[-119.3556, 37.0728], [-119.3567, 37.0711], [-119.3567, 37.0706], [-119.3556, 37.0709], [-119.3556, 37.0728]]], [[[-119.3634, 37.0704], [-119.3634, 37.0682], [-119.3624, 37.0679], [-119.3624, 37.0698], [-119.3634, 37.0704]]], [[[-119.3658, 37.068], [-119.3662, 37.0663], [-119.3655, 37.0661], [-119.3645, 37.0669], [-119.3658, 37.068]]], [[[-119.3628, 37.0663], [-119.3638, 37.0663], [-119.3638, 37.0658], [-119.3628, 37.0663]]], [[[-119.3655, 37.0628], [-119.3662, 37.0626], [-119.3659, 37.0618], [-119.3652, 37.0623], [-119.3655, 37.0628]]], [[[-119.3517, 37.0541], [-119.3517, 37.0528], [-119.3504, 37.052], [-119.3501, 37.0528], [-119.3517, 37.0541]]], [[[-119.348, 37.053], [-119.3487, 37.0528], [-119.3501, 37.052], [-119.348, 37.0522], [-119.348, 37.053]]], [[[-119.3511, 37.0511], [-119.3518, 37.0501], [-119.3508, 37.0498], [-119.3511, 37.0511]]], [[[-119.3167, 37.0434], [-119.3177, 37.0437], [-119.3191, 37.0429], [-119.3167, 37.0434]]], [[[-119.3275, 37.0453], [-119.3282, 37.0443], [-119.3278, 37.0432], [-119.3255, 37.0429], [-119.3251, 37.0443], [-119.3272, 37.0443], [-119.3275, 37.0453]], [[-119.3278, 37.044], [-119.3275, 37.0443], [-119.3275, 37.044], [-119.3278, 37.044]], [[-119.3275, 37.0435], [-119.3272, 37.0437], [-119.3272, 37.0435], [-119.3275, 37.0435]], [[-119.3265, 37.0435], [-119.3262, 37.0437], [-119.3262, 37.0435], [-119.3265, 37.0435]]], [[[-119.3289, 37.0435], [-119.3289, 37.0429], [-119.3292, 37.0424], [-119.3282, 37.0429], [-119.3289, 37.0435]]]]}, "properties": {"layer": "cell", "cell_id": "533_4500", "seed_zone": "533", "elevation_band": "4500–5000 ft"}}, {"type": "Feature", "geometry": {"type": "MultiPolygon", "coordinates": [[[[-119.3055, 37.1591], [-119.3055, 37.1572], [-119.3045, 37.1567], [-119.3028, 37.1591], [-119.3055, 37.1591]], [[-119.3052, 37.1578], [-119.3048, 37.158], [-119.3048, 37.1578], [-119.3052, 37.1578]]], [[[-119.3273, 37.1482], [-119.3279, 37.1476], [-119.3273, 37.1455], [-119.3263, 37.146], [-119.3249, 37.1457], [-119.3229, 37.1471], [-119.3232, 37.1473], [-119.3229, 37.1482], [-119.3273, 37.1482]], [[-119.3242, 37.1471], [-119.3239, 37.1479], [-119.3235, 37.1471], [-119.3242, 37.1471]]], [[[-119.3198, 37.1484], [-119.3202, 37.1471], [-119.3205, 37.1481], [-119.3229, 37.1479], [-119.3229, 37.1473], [-119.3208, 37.1471], [-119.3209, 37.1452], [-119.3195, 37.1444], [-119.3199, 37.1435], [-119.3178, 37.1446], [-119.3161, 37.1438], [-119.3161, 37.1427], [-119.3151, 37.1427], [-119.3155, 37.1435], [-119.3144, 37.1446], [-119.3161, 37.146], [-119.3181, 37.1457], [-119.3185, 37.1465], [-119.3175, 37.1473], [-119.3191, 37.1476], [-119.3198, 37.1484]], [[-119.3195, 37.146], [-119.3185, 37.1457], [-119.3185, 37.1454], [-119.3195, 37.1454], [-119.3195, 37.146]]], [[[-119.328, 37.1425], [-119.328, 37.142], [-119.3273, 37.1414], [-119.3273, 37.1422], [-119.328, 37.1425]]], [[[-119.3283, 37.1401], [-119.3287, 37.1404], [-119.329, 37.1401], [-119.3283, 37.1401]]], [[[-119.3324, 37.1409], [-119.3324, 37.1388], [-119.3321, 37.1388], [-119.3307, 37.1404], [-119.331, 37.1409], [-119.3314, 37.1406], [-119.3317, 37.1406], [-119.3317, 37.1409], [-119.3324, 37.1409]], [[-119.3321, 37.1404], [-119.3317, 37.1406], [-119.3317, 37.1404], [-119.3321, 37.1404]]], [[[-119.3304, 37.135], [-119.3321, 37.1336], [-119.3291, 37.1333], [-119.3291, 37.1339], [-119.3304, 37.1339], [-119.3304, 37.135]]], [[[-119.3274, 37.1339], [-119.3274, 37.1333], [-119.3264, 37.1333], [-119.3264, 37.1339], [-119.3274, 37.1339]]], [[[-119.3301, 37.1298], [-119.3315, 37.1296], [-119.3301, 37.1296], [-119.3301, 37.1298]]], [[[-119.339, 37.0845], [-119.3393, 37.0829], [-119.3383, 37.0827], [-119.3383, 37.0845], [-119.339, 37.0845]]], [[[-119.35, 37.0649], [-119.35, 37.0644], [-119.3489, 37.0646], [-119.3489, 37.0649], [-119.35, 37.0649]]], [[[-119.3483, 37.0654], [-119.3489, 37.0649], [-119.3473, 37.0641], [-119.3469, 37.0652], [-119.3483, 37.0654]]], [[[-119.3456, 37.0652], [-119.3446, 37.0641], [-119.3435, 37.0641], [-119.3439, 37.0651], [-119.3456, 37.0652]]], [[[-119.3432, 37.0622], [-119.3446, 37.0611], [-119.3442, 37.0606], [-119.3426, 37.0611], [-119.3432, 37.0622]]], [[[-119.3382, 37.057], [-119.3385, 37.0557], [-119.3392, 37.0559], [-119.3396, 37.0554], [-119.3389, 37.0546], [-119.3375, 37.0551], [-119.3382, 37.057]]], [[[-119.3429, 37.0557], [-119.3429, 37.0549], [-119.3413, 37.0535], [-119.3403, 37.0535], [-119.3406, 37.0546], [-119.3396, 37.0549], [-119.3429, 37.0557]]]]}, "properties": {"layer": "cell", "cell_id": "533_5000", "seed_zone": "533", "elevation_band": "5000–5500 ft"}}, {"type": "Feature", "geometry": {"type": "MultiPolygon", "coordinates": [[[[-119.2525, 37.1777], [-119.2532, 37.1772], [-119.2522, 37.1761], [-119.2499, 37.1763], [-119.2498, 37.1777], [-119.2525, 37.1777]]], [[[-119.3028, 37.1591], [-119.3028, 37.1586], [-119.3018, 37.1588], [-119.3018, 37.1591], [-119.3028, 37.1591]]], [[[-119.3031, 37.1586], [-119.3042, 37.1578], [-119.3042, 37.1572], [-119.3032, 37.1575], [-119.3031, 37.1586]]], [[[-119.3045, 37.1572], [-119.3055, 37.1553], [-119.3052, 37.1545], [-119.3042, 37.1548], [-119.3035, 37.1561], [-119.3035, 37.1569], [-119.3045, 37.1572]], [[-119.3045, 37.1556], [-119.3042, 37.1559], [-119.3042, 37.1556], [-119.3045, 37.1556]]], [[[-119.3192, 37.1435], [-119.3199, 37.1433], [-119.3192, 37.143], [-119.3192, 37.1435]]], [[[-119.2472, 37.1412], [-119.2489, 37.1399], [-119.2468, 37.1404], [-119.2458, 37.1396], [-119.2451, 37.1412], [-119.2472, 37.1412]]], [[[-119.3135, 37.1405], [-119.3138, 37.1392], [-119.3128, 37.1392], [-119.3124, 37.1405], [-119.3135, 37.1405]]], [[[-119.3206, 37.1352], [-119.322, 37.1338], [-119.3233, 37.1336], [-119.3233, 37.133], [-119.322, 37.1333], [-119.3203, 37.1346], [-119.3206, 37.1352]]], [[[-119.327, 37.1333], [-119.3271, 37.1328], [-119.3277, 37.1317], [-119.3264, 37.132], [-119.3257, 37.1331], [-119.327, 37.1333]]], [[[-119.3162, 37.1319], [-119.3169, 37.1311], [-119.3169, 37.1306], [-119.3156, 37.1306], [-119.3162, 37.1319]]], [[[-119.3301, 37.1298], [-119.3308, 37.1296], [-119.3305, 37.129], [-119.3298, 37.1293], [-119.3301, 37.1298]]], [[[-119.3362, 37.1264], [-119.3366, 37.1247], [-119.3346, 37.1245], [-119.3349, 37.1264], [-119.3362, 37.1264]]], [[[-119.3342, 37.1239], [-119.3339, 37.1231], [-119.3326, 37.1228], [-119.3325, 37.1234], [-119.3342, 37.1239]]], [[[-119.336, 37.1193], [-119.3366, 37.1199], [-119.3366, 37.1194], [-119.336, 37.1193]]], [[[-119.3279, 37.1101], [-119.3296, 37.1091], [-119.3317, 37.1083], [-119.3279, 37.1082], [-119.3279, 37.1101]], [[-119.3293, 37.1085], [-119.329, 37.1091], [-119.329, 37.1085], [-119.3293, 37.1085]]], [[[-119.3263, 37.1082], [-119.3269, 37.1077], [-119.3263, 37.1074], [-119.3263, 37.1082]]], [[[-119.3305, 37.0842], [-119.3326, 37.0837], [-119.3326, 37.0832], [-119.3312, 37.0821], [-119.3289, 37.0821], [-119.3285, 37.0829], [-119.3305, 37.0842]]]]}, "properties": {"layer": "cell", "cell_id": "533_5500", "seed_zone": "533", "elevation_band": "5500–6000 ft"}}, {"type": "Feature", "geometry": {"type": "MultiPolygon", "coordinates": [[[[-119.2485, 37.1779], [-119.2478, 37.1768], [-119.2488, 37.1758], [-119.2482, 37.1752], [-119.2472, 37.176], [-119.2461, 37.1758], [-119.2448, 37.1776], [-119.2454, 37.1779], [-119.2458, 37.1768], [-119.2468, 37.1766], [-119.2485, 37.1779]]], [[[-119.2553, 37.1758], [-119.2553, 37.1745], [-119.2556, 37.1734], [-119.2546, 37.1737], [-119.2553, 37.1758]]], [[[-119.2381, 37.1358], [-119.2377, 37.1352], [-119.2371, 37.1352], [-119.2374, 37.1358], [-119.2381, 37.1358]]], [[[-119.2455, 37.1361], [-119.2472, 37.1356], [-119.2469, 37.1347], [-119.2459, 37.1347], [-119.2455, 37.1361]]], [[[-119.2371, 37.1352], [-119.2371, 37.1347], [-119.2361, 37.1347], [-119.2361, 37.1349], [-119.2371, 37.1352]]], [[[-119.2403, 37.146], [-119.24, 37.1452], [-119.241, 37.1444], [-119.2397, 37.1433], [-119.24, 37.1425], [-119.2417, 37.1425], [-119.2417, 37.1412], [-119.2451, 37.1412], [-119.2451, 37.1407], [-119.2441, 37.1409], [-119.2431, 37.1401], [-119.2435, 37.139], [-119.2445, 37.1388], [-119.2442, 37.1366], [-119.2431, 37.1369], [-119.2415, 37.1361], [-119.2408, 37.1352], [-119.2415, 37.1342], [-119.2398, 37.1339], [-119.2385, 37.1328], [-119.2361, 37.1339], [-119.2344, 37.1333], [-119.234, 37.1341], [-119.2354, 37.1347], [-119.2371, 37.1344], [-119.2381, 37.1336], [-119.2398, 37.135], [-119.2381, 37.1352], [-119.2388, 37.136], [-119.2377, 37.1363], [-119.2377, 37.1376], [-119.2387, 37.1379], [-119.2394, 37.1393], [-119.2377, 37.1403], [-119.239, 37.1414], [-119.238, 37.1425], [-119.2394, 37.1431], [-119.2393, 37.1452], [-119.2403, 37.146]], [[-119.2414, 37.139], [-119.2401, 37.1382], [-119.2411, 37.1369], [-119.2425, 37.1377], [-119.2414, 37.139]], [[-119.2401, 37.1347], [-119.2398, 37.135], [-119.2398, 37.1347], [-119.2401, 37.1347]], [[-119.2367, 37.1339], [-119.2361, 37.1341], [-119.2361, 37.1339], [-119.2367, 37.1339]]], [[[-119.3323, 37.1142], [-119.3323, 37.1126], [-119.332, 37.1126], [-119.3316, 37.1137], [-119.3323, 37.1142]]]]}, "properties": {"layer": "cell", "cell_id": "533_6000", "seed_zone": "533", "elevation_band": "6000–6500 ft"}}, {"type": "Feature", "geometry": {"type": "MultiPolygon", "coordinates": [[[[-119.2451, 37.1776], [-119.2461, 37.176], [-119.2448, 37.1757], [-119.2445, 37.1749], [-119.2458, 37.1736], [-119.2448, 37.1736], [-119.2434, 37.1749], [-119.2421, 37.1741], [-119.2424, 37.1768], [-119.2451, 37.1776]]], [[[-119.2424, 37.1738], [-119.2435, 37.173], [-119.2428, 37.1714], [-119.2438, 37.1706], [-119.2425, 37.1695], [-119.2428, 37.1685], [-119.2415, 37.1684], [-119.2398, 37.1695], [-119.2398, 37.1703], [-119.2415, 37.1703], [-119.2414, 37.1728], [-119.2424, 37.1738]]], [[[-119.2332, 37.1519], [-119.2329, 37.1503], [-119.2325, 37.1503], [-119.2325, 37.1519], [-119.2332, 37.1519]]], [[[-119.2326, 37.1406], [-119.2326, 37.1398], [-119.232, 37.1398], [-119.2319, 37.1403], [-119.2326, 37.1406]]], [[[-119.233, 37.1384], [-119.2333, 37.1387], [-119.2337, 37.1384], [-119.233, 37.1384]]], [[[-119.2347, 37.1384], [-119.2354, 37.1379], [-119.2343, 37.1379], [-119.2347, 37.1384]]], [[[-119.2377, 37.1376], [-119.2377, 37.1363], [-119.2388, 37.1355], [-119.2374, 37.1358], [-119.2367, 37.1352], [-119.2354, 37.1368], [-119.2364, 37.1366], [-119.2377, 37.1376]]], [[[-119.2334, 37.1333], [-119.234, 37.1336], [-119.2347, 37.133], [-119.2334, 37.1333]]]]}, "properties": {"layer": "cell", "cell_id": "533_6500", "seed_zone": "533", "elevation_band": "6500–7000 ft"}}]}
