{"type": "FeatureCollection", "features": [{"type": "Feature", "geometry": {"type": "MultiPolygon", "coordinates": [[[[-122.5652, 38.4319], [-122.5652, 38.4301], [-122.5664, 38.4306], [-122.5652, 38.4319]]], [[[-122.5645, 38.4331], [-122.5642, 38.4327], [-122.5647, 38.4325], [-122.5645, 38.4331]]], [[[-122.5713, 38.5625], [-122.5696, 38.56], [-122.5675, 38.5604], [-122.5654, 38.5584], [-122.5626, 38.5582], [-122.5617, 38.5563], [-122.56, 38.5567], [-122.5595, 38.5586], [-122.5582, 38.559], [-122.5577, 38.5599], [-122.5558, 38.5595], [-122.5539, 38.5616], [-122.5521, 38.5614], [-122.5509, 38.5627], [-122.5522, 38.5634], [-122.5511, 38.5641], [-122.5499, 38.564], [-122.5494, 38.5648], [-122.5497, 38.5639], [-122.5483, 38.5637], [-122.5475, 38.5642], [-122.546, 38.5632], [-122.5407, 38.5623], [-122.5377, 38.5606], [-122.5389, 38.5607], [-122.5403, 38.5594], [-122.5415, 38.5593], [-122.5411, 38.5591], [-122.5453, 38.559], [-122.5458, 38.5581], [-122.5449, 38.5576], [-122.5436, 38.5583], [-122.5398, 38.5578], [-122.5394, 38.5584], [-122.5364, 38.5571], [-122.5356, 38.5576], [-122.5353, 38.5567], [-122.5326, 38.5562], [-122.5307, 38.5548], [-122.5292, 38.5554], [-122.5285, 38.555], [-122.5292, 38.5532], [-122.5284, 38.5525], [-122.5274, 38.5532], [-122.5246, 38.553], [-122.5248, 38.5513], [-122.523, 38.5513], [-122.5228, 38.5502], [-122.5194, 38.5513], [-122.5159, 38.5497], [-122.5149, 38.5482], [-122.5142, 38.5488], [-122.515, 38.5475], [-122.5131, 38.5458], [-122.5138, 38.5421], [-122.5129, 38.5412], [-122.5109, 38.5412], [-122.5116, 38.5401], [-122.5105, 38.5405], [-122.5172, 38.5371], [-122.5174, 38.5351], [-122.5155, 38.5342], [-122.5161, 38.5313], [-122.5119, 38.5324], [-122.5124, 38.5338], [-122.5114, 38.5341], [-122.5078, 38.5342], [-122.508, 38.5329], [-122.5063, 38.5326], [-122.5069, 38.5317], [-122.5059, 38.5313], [-122.5064, 38.5276], [-122.5037, 38.528], [-122.5033, 38.5267], [-122.5019, 38.5267], [-122.5028, 38.5258], [-122.5022, 38.5257], [-122.5026, 38.5248], [-122.5014, 38.5239], [-122.5009, 38.5221], [-122.4981, 38.5206], [-122.4984, 38.5199], [-122.4941, 38.5165], [-122.4944, 38.5142], [-122.4933, 38.5139], [-122.493, 38.5128], [-122.4938, 38.5122], [-122.495, 38.5127], [-122.4958, 38.511], [-122.4945, 38.51], [-122.4941, 38.5111], [-122.4914, 38.5098], [-122.4906, 38.5105], [-122.4902, 38.5074], [-122.4922, 38.5075], [-122.4906, 38.5054], [-122.4917, 38.5046], [-122.4912, 38.504], [-122.4884, 38.5047], [-122.4862, 38.5029], [-122.4868, 38.501], [-122.489, 38.4996], [-122.4885, 38.498], [-122.4877, 38.4971], [-122.4857, 38.4966], [-122.4856, 38.496], [-122.4871, 38.4956], [-122.4859, 38.495], [-122.4835, 38.495], [-122.4833, 38.4934], [-122.4817, 38.4944], [-122.481, 38.4933], [-122.4824, 38.491], [-122.4815, 38.4901], [-122.4838, 38.4905], [-122.4852, 38.4885], [-122.4808, 38.4881], [-122.4819, 38.4866], [-122.4856, 38.4865], [-122.4866, 38.4833], [-122.485, 38.4836], [-122.4847, 38.482], [-122.4836, 38.4821], [-122.4801, 38.4802], [-122.4771, 38.4795], [-122.4767, 38.4804], [-122.4766, 38.4793], [-122.4739, 38.4777], [-122.474, 38.4762], [-122.4764, 38.4752], [-122.4769, 38.4737], [-122.4777, 38.4735], [-122.4779, 38.4722], [-122.4751, 38.4713], [-122.4757, 38.4681], [-122.4772, 38.4685], [-122.4774, 38.4674], [-122.4779, 38.4676], [-122.4772, 38.4658], [-122.4755, 38.4653], [-122.4755, 38.4647], [-122.4766, 38.4654], [-122.4762, 38.4641], [-122.4743, 38.4638], [-122.4742, 38.4643], [-122.4734, 38.4634], [-122.4741, 38.4627], [-122.4775, 38.4633], [-122.4777, 38.4625], [-122.4788, 38.4629], [-122.4774, 38.4599], [-122.4779, 38.4591], [-122.4793, 38.4589], [-122.4799, 38.4595], [-122.4843, 38.4589], [-122.4829, 38.4614], [-122.4841, 38.4604], [-122.4854, 38.4606], [-122.4877, 38.4594], [-122.4898, 38.4601], [-122.4922, 38.4571], [-122.4933, 38.457], [-122.4936, 38.4563], [-122.4923, 38.4555], [-122.4936, 38.452], [-122.4924, 38.4483], [-122.4945, 38.4473], [-122.4971, 38.4427], [-122.4971, 38.4394], [-122.4994, 38.4391], [-122.5016, 38.4367], [-122.5066, 38.4386], [-122.5085, 38.4384], [-122.5083, 38.4366], [-122.5092, 38.4362], [-122.5125, 38.4367], [-122.5141, 38.4377], [-122.5181, 38.4377], [-122.5195, 38.4382], [-122.5201, 38.4401], [-122.5222, 38.4403], [-122.5234, 38.4412], [-122.5233, 38.4423], [-122.525, 38.4414], [-122.5323, 38.4429], [-122.5335, 38.4429], [-122.5355, 38.4416], [-122.5376, 38.4415], [-122.5391, 38.4424], [-122.5399, 38.4418], [-122.5384, 38.4407], [-122.5394, 38.44], [-122.5383, 38.438], [-122.5387, 38.436], [-122.5414, 38.4359], [-122.5454, 38.4388], [-122.5496, 38.436], [-122.5509, 38.4376], [-122.552, 38.4354], [-122.5539, 38.4344], [-122.5555, 38.4345], [-122.5564, 38.4354], [-122.5579, 38.4337], [-122.56, 38.4337], [-122.5611, 38.4309], [-122.5631, 38.4314], [-122.5625, 38.435], [-122.5631, 38.4358], [-122.5666, 38.4373], [-122.5663, 38.4394], [-122.5685, 38.4407], [-122.5676, 38.4424], [-122.5684, 38.4433], [-122.5713, 38.4434], [-122.5722, 38.4427], [-122.5755, 38.4429], [-122.5771, 38.4371], [-122.5782, 38.4355], [-122.5876, 38.4394], [-122.5986, 38.442], [-122.6052, 38.4454], [-122.6063, 38.4453], [-122.6116, 38.4475], [-122.6149, 38.4497], [-122.6173, 38.4493], [-122.6186, 38.4513], [-122.6226, 38.4527], [-122.6247, 38.4513], [-122.6243, 38.4493], [-122.6256, 38.4494], [-122.6264, 38.4484], [-122.6275, 38.4491], [-122.6279, 38.4477], [-122.6311, 38.4473], [-122.635, 38.4445], [-122.6365, 38.4449], [-122.6368, 38.4437], [-122.6393, 38.4416], [-122.6407, 38.4422], [-122.6397, 38.4444], [-122.64, 38.4458], [-122.6447, 38.4499], [-122.6443, 38.4516], [-122.6471, 38.4506], [-122.6483, 38.452], [-122.6484, 38.4524], [-122.643, 38.4543], [-122.6434, 38.4551], [-122.6404, 38.4558], [-122.6397, 38.4565], [-122.637, 38.4562], [-122.6307, 38.4571], [-122.6276, 38.4585], [-122.6276, 38.4591], [-122.628, 38.4605], [-122.63, 38.4612], [-122.6292, 38.4622], [-122.6295, 38.4655], [-122.6309, 38.4659], [-122.6312, 38.4667], [-122.6374, 38.467], [-122.6368, 38.4688], [-122.6326, 38.4699], [-122.6333, 38.4715], [-122.6328, 38.4724], [-122.6344, 38.4731], [-122.6344, 38.4742], [-122.6361, 38.4749], [-122.6371, 38.4781], [-122.6387, 38.4784], [-122.6378, 38.476], [-122.6389, 38.4752], [-122.6399, 38.476], [-122.6406, 38.4743], [-122.6419, 38.4746], [-122.6426, 38.4739], [-122.6453, 38.4752], [-122.6488, 38.4753], [-122.6503, 38.4786], [-122.6537, 38.4814], [-122.6533, 38.4827], [-122.6556, 38.4821], [-122.6568, 38.4824], [-122.6565, 38.4835], [-122.6591, 38.4835], [-122.6602, 38.4873], [-122.6582, 38.4881], [-122.657, 38.4895], [-122.6554, 38.49], [-122.6535, 38.4896], [-122.6553, 38.4913], [-122.6562, 38.4912], [-122.6563, 38.4905], [-122.658, 38.491], [-122.658, 38.4922], [-122.6562, 38.4925], [-122.6557, 38.4938], [-122.6543, 38.4942], [-122.6537, 38.4951], [-122.6542, 38.4967], [-122.65, 38.4977], [-122.6491, 38.4987], [-122.6468, 38.4976], [-122.6457, 38.4976], [-122.6466, 38.4978], [-122.6461, 38.4992], [-122.6468, 38.5007], [-122.6444, 38.5028], [-122.646, 38.503], [-122.6436, 38.504], [-122.6436, 38.5056], [-122.6385, 38.5091], [-122.6388, 38.5115], [-122.6378, 38.5125], [-122.6387, 38.5127], [-122.639, 38.5121], [-122.6415, 38.5125], [-122.6424, 38.5131], [-122.642, 38.5136], [-122.6431, 38.5138], [-122.6432, 38.5142], [-122.6421, 38.5141], [-122.643, 38.5152], [-122.6421, 38.5174], [-122.6453, 38.5148], [-122.6481, 38.5148], [-122.6486, 38.5143], [-122.6504, 38.5152], [-122.6515, 38.5143], [-122.6535, 38.515], [-122.653, 38.5167], [-122.6547, 38.5164], [-122.6581, 38.5197], [-122.6548, 38.5229], [-122.6527, 38.5272], [-122.6516, 38.5271], [-122.6495, 38.5285], [-122.65, 38.5293], [-122.6509, 38.5294], [-122.6498, 38.5307], [-122.648, 38.5313], [-122.6473, 38.5349], [-122.6468, 38.5356], [-122.6427, 38.5346], [-122.6412, 38.5357], [-122.6401, 38.5351], [-122.638, 38.5359], [-122.637, 38.5353], [-122.6354, 38.5358], [-122.6345, 38.5352], [-122.6319, 38.5354], [-122.6293, 38.5337], [-122.6278, 38.5344], [-122.6263, 38.5342], [-122.6232, 38.5333], [-122.6219, 38.5315], [-122.6225, 38.5298], [-122.6238, 38.5298], [-122.6241, 38.5293], [-122.6233, 38.5289], [-122.6219, 38.5298], [-122.6201, 38.5291], [-122.6182, 38.5299], [-122.618, 38.5284], [-122.6162, 38.528], [-122.6169, 38.5301], [-122.6152, 38.5306], [-122.6156, 38.5315], [-122.6147, 38.5313], [-122.6149, 38.5333], [-122.6166, 38.5334], [-122.6164, 38.5355], [-122.6204, 38.5358], [-122.62, 38.5371], [-122.6183, 38.5376], [-122.6187, 38.5382], [-122.613, 38.5396], [-122.6086, 38.5384], [-122.6095, 38.5391], [-122.6086, 38.5394], [-122.6085, 38.541], [-122.6097, 38.5422], [-122.6095, 38.5435], [-122.6051, 38.549], [-122.603, 38.5503], [-122.5987, 38.551], [-122.5936, 38.5499], [-122.5933, 38.5507], [-122.5911, 38.5506], [-122.5889, 38.55], [-122.5886, 38.5493], [-122.5882, 38.5506], [-122.5864, 38.5517], [-122.5883, 38.553], [-122.5857, 38.5549], [-122.5863, 38.5572], [-122.5876, 38.5576], [-122.586, 38.5592], [-122.5851, 38.5594], [-122.5824, 38.5579], [-122.5817, 38.5584], [-122.5811, 38.5574], [-122.5768, 38.5565], [-122.5772, 38.5581], [-122.5805, 38.5603], [-122.5807, 38.5614], [-122.5777, 38.5635], [-122.5741, 38.5646], [-122.5723, 38.5622], [-122.5713, 38.5625]]], [[[-122.5653, 38.6724], [-122.562, 38.6721], [-122.5627, 38.6708], [-122.561, 38.671], [-122.559, 38.6694], [-122.5585, 38.6671], [-122.5599, 38.6647], [-122.5583, 38.6638], [-122.5588, 38.663], [-122.5575, 38.663], [-122.5559, 38.6648], [-122.5521, 38.666], [-122.5476, 38.6659], [-122.5463, 38.6652], [-122.5435, 38.6662], [-122.5423, 38.665], [-122.5393, 38.6649], [-122.539, 38.6627], [-122.5397, 38.6631], [-122.5412, 38.6616], [-122.539, 38.6587], [-122.5366, 38.6587], [-122.5366, 38.6594], [-122.5375, 38.6591], [-122.5366, 38.6601], [-122.536, 38.6598], [-122.5355, 38.6584], [-122.5361, 38.6577], [-122.5338, 38.6562], [-122.5344, 38.6541], [-122.5325, 38.6523], [-122.5309, 38.6514], [-122.5299, 38.6516], [-122.5284, 38.6503], [-122.5281, 38.647], [-122.5262, 38.6472], [-122.5244, 38.6486], [-122.5227, 38.6479], [-122.5206, 38.6485], [-122.5176, 38.6482], [-122.5157, 38.6458], [-122.5127, 38.6457], [-122.5141, 38.6445], [-122.5129, 38.6441], [-122.5124, 38.6447], [-122.5121, 38.6439], [-122.5097, 38.6435], [-122.5104, 38.6462], [-122.5086, 38.6461], [-122.5085, 38.6454], [-122.5061, 38.6476], [-122.5044, 38.6477], [-122.5036, 38.6467], [-122.5032, 38.6478], [-122.5026, 38.6479], [-122.5027, 38.647], [-122.4998, 38.6437], [-122.4984, 38.6431], [-122.4983, 38.6419], [-122.4966, 38.6402], [-122.4984, 38.6408], [-122.4977, 38.6363], [-122.4948, 38.6367], [-122.4953, 38.6357], [-122.4946, 38.6352], [-122.4928, 38.6361], [-122.4896, 38.6356], [-122.4889, 38.6345], [-122.487, 38.6345], [-122.4884, 38.6332], [-122.49, 38.6333], [-122.4906, 38.6309], [-122.4868, 38.6308], [-122.4857, 38.6298], [-122.4845, 38.6307], [-122.4827, 38.6303], [-122.4816, 38.629], [-122.4782, 38.6297], [-122.4757, 38.6276], [-122.4751, 38.628], [-122.4726, 38.6274], [-122.4711, 38.6262], [-122.469, 38.6263], [-122.467, 38.6273], [-122.4681, 38.6261], [-122.467, 38.6237], [-122.4673, 38.6225], [-122.4687, 38.6241], [-122.4713, 38.623], [-122.4702, 38.6225], [-122.4707, 38.6215], [-122.4692, 38.6218], [-122.4665, 38.6201], [-122.4667, 38.618], [-122.4646, 38.6165], [-122.4667, 38.6148], [-122.4632, 38.6149], [-122.4627, 38.6157], [-122.4611, 38.6147], [-122.4609, 38.6116], [-122.4618, 38.6109], [-122.4618, 38.6075], [-122.4606, 38.6074], [-122.459, 38.6036], [-122.4607, 38.6026], [-122.4617, 38.6033], [-122.4624, 38.6026], [-122.4632, 38.603], [-122.4629, 38.6042], [-122.4652, 38.6021], [-122.4661, 38.6029], [-122.4682, 38.6013], [-122.4691, 38.6023], [-122.4715, 38.6009], [-122.4704, 38.5993], [-122.4707, 38.5987], [-122.4717, 38.5989], [-122.4707, 38.5977], [-122.4712, 38.5964], [-122.4699, 38.5965], [-122.4697, 38.5982], [-122.4686, 38.5982], [-122.4694, 38.5977], [-122.4687, 38.5972], [-122.469, 38.5963], [-122.4676, 38.5955], [-122.4661, 38.5956], [-122.4646, 38.5944], [-122.4676, 38.5938], [-122.4674, 38.5926], [-122.4691, 38.5921], [-122.4679, 38.5914], [-122.468, 38.59], [-122.4695, 38.5908], [-122.471, 38.5907], [-122.4713, 38.59], [-122.4723, 38.5915], [-122.4732, 38.5904], [-122.4723, 38.5888], [-122.471, 38.588], [-122.4719, 38.5878], [-122.4703, 38.5864], [-122.4709, 38.5857], [-122.4693, 38.5857], [-122.4692, 38.5842], [-122.4683, 38.584], [-122.4706, 38.5809], [-122.4682, 38.58], [-122.4665, 38.5802], [-122.4649, 38.5793], [-122.4656, 38.5779], [-122.4647, 38.5762], [-122.4637, 38.576], [-122.4641, 38.5741], [-122.4628, 38.573], [-122.4622, 38.5736], [-122.4609, 38.5734], [-122.4586, 38.5703], [-122.4593, 38.5693], [-122.4612, 38.5701], [-122.4633, 38.5698], [-122.463, 38.5673], [-122.4617, 38.5661], [-122.4623, 38.5653], [-122.4651, 38.565], [-122.4657, 38.5664], [-122.4675, 38.5657], [-122.4674, 38.5649], [-122.466, 38.565], [-122.4668, 38.5638], [-122.4655, 38.5625], [-122.4666, 38.5615], [-122.4643, 38.562], [-122.4622, 38.5611], [-122.4623, 38.5578], [-122.4599, 38.5567], [-122.4595, 38.5557], [-122.4597, 38.5544], [-122.4618, 38.5549], [-122.4605, 38.5523], [-122.4559, 38.5489], [-122.454, 38.5453], [-122.4532, 38.5458], [-122.4512, 38.5448], [-122.4505, 38.5414], [-122.451, 38.5404], [-122.449, 38.5382], [-122.4478, 38.534], [-122.4451, 38.5312], [-122.4444, 38.5296], [-122.4449, 38.5284], [-122.4428, 38.5272], [-122.4432, 38.5244], [-122.4419, 38.5233], [-122.4421, 38.5223], [-122.4372, 38.5185], [-122.4366, 38.5168], [-122.4379, 38.5157], [-122.4352, 38.5144], [-122.4361, 38.5109], [-122.4375, 38.5101], [-122.4359, 38.5064], [-122.4361, 38.5051], [-122.4406, 38.506], [-122.4558, 38.5118], [-122.456, 38.5125], [-122.4535, 38.5139], [-122.4558, 38.516], [-122.4566, 38.5179], [-122.4585, 38.5177], [-122.4606, 38.5185], [-122.4603, 38.5177], [-122.4613, 38.5162], [-122.4677, 38.5194], [-122.4713, 38.5198], [-122.4727, 38.5213], [-122.4811, 38.5246], [-122.4832, 38.5225], [-122.4841, 38.5234], [-122.4873, 38.5231], [-122.4886, 38.5239], [-122.4898, 38.5236], [-122.4893, 38.5249], [-122.4908, 38.5262], [-122.4916, 38.5257], [-122.4938, 38.5289], [-122.4925, 38.5301], [-122.4913, 38.5301], [-122.4906, 38.5312], [-122.4906, 38.5347], [-122.4927, 38.5332], [-122.4933, 38.5345], [-122.4925, 38.536], [-122.491, 38.5354], [-122.4894, 38.5362], [-122.486, 38.5366], [-122.4859, 38.538], [-122.4879, 38.5388], [-122.4895, 38.5383], [-122.4896, 38.5397], [-122.4913, 38.541], [-122.4902, 38.5416], [-122.4903, 38.5442], [-122.4946, 38.5441], [-122.4952, 38.5433], [-122.496, 38.5438], [-122.4982, 38.5431], [-122.497, 38.5441], [-122.4984, 38.5457], [-122.5003, 38.5473], [-122.5011, 38.5471], [-122.5032, 38.5483], [-122.4992, 38.5509], [-122.499, 38.5533], [-122.5006, 38.5543], [-122.4985, 38.5568], [-122.4929, 38.5572], [-122.4955, 38.5577], [-122.4951, 38.5596], [-122.4979, 38.5611], [-122.5005, 38.5606], [-122.5004, 38.559], [-122.4991, 38.559], [-122.5007, 38.5588], [-122.5005, 38.5609], [-122.4982, 38.5612], [-122.4998, 38.5635], [-122.5026, 38.5609], [-122.5026, 38.5578], [-122.5041, 38.557], [-122.5042, 38.5578], [-122.505, 38.5576], [-122.5063, 38.5593], [-122.506, 38.5614], [-122.5081, 38.5611], [-122.5098, 38.5634], [-122.5104, 38.563], [-122.5132, 38.5638], [-122.5153, 38.568], [-122.5146, 38.5693], [-122.5152, 38.5706], [-122.5164, 38.5708], [-122.5168, 38.5717], [-122.5178, 38.5715], [-122.5193, 38.5731], [-122.5203, 38.5701], [-122.5191, 38.5676], [-122.5175, 38.5699], [-122.5186, 38.5672], [-122.5178, 38.5672], [-122.514, 38.5632], [-122.5103, 38.5612], [-122.5095, 38.5586], [-122.5123, 38.5584], [-122.5138, 38.5596], [-122.5158, 38.5588], [-122.5169, 38.5598], [-122.5207, 38.5596], [-122.5218, 38.5603], [-122.517, 38.5603], [-122.5155, 38.5594], [-122.5136, 38.5602], [-122.5117, 38.5592], [-122.5108, 38.5602], [-122.5114, 38.5616], [-122.5135, 38.5622], [-122.5163, 38.5651], [-122.5177, 38.5651], [-122.5182, 38.5666], [-122.5195, 38.5674], [-122.5206, 38.5672], [-122.5213, 38.5692], [-122.5205, 38.5743], [-122.5192, 38.5738], [-122.5187, 38.5743], [-122.519, 38.5752], [-122.5197, 38.5749], [-122.5204, 38.5771], [-122.5186, 38.5768], [-122.5152, 38.5783], [-122.5156, 38.5789], [-122.5172, 38.579], [-122.5178, 38.5813], [-122.5198, 38.5827], [-122.5209, 38.5819], [-122.5213, 38.579], [-122.5227, 38.5786], [-122.5223, 38.577], [-122.527, 38.5757], [-122.5296, 38.5714], [-122.5312, 38.5719], [-122.5334, 38.5682], [-122.5324, 38.5665], [-122.5343, 38.566], [-122.5356, 38.5634], [-122.5365, 38.5638], [-122.5309, 38.5745], [-122.534, 38.5762], [-122.534, 38.5751], [-122.5367, 38.5766], [-122.5392, 38.577], [-122.5386, 38.5737], [-122.5374, 38.5739], [-122.5377, 38.5722], [-122.5389, 38.5725], [-122.5414, 38.5691], [-122.5406, 38.5673], [-122.5396, 38.5668], [-122.5403, 38.565], [-122.5381, 38.5646], [-122.5386, 38.5634], [-122.5391, 38.5644], [-122.5396, 38.5638], [-122.5423, 38.5648], [-122.5481, 38.5646], [-122.5547, 38.5686], [-122.5537, 38.5688], [-122.552, 38.5679], [-122.5499, 38.5704], [-122.5483, 38.571], [-122.5481, 38.572], [-122.5484, 38.5735], [-122.5501, 38.574], [-122.5501, 38.5747], [-122.5527, 38.575], [-122.5531, 38.5743], [-122.5537, 38.5745], [-122.5532, 38.5769], [-122.5549, 38.5785], [-122.5518, 38.582], [-122.554, 38.5853], [-122.5516, 38.5867], [-122.5489, 38.5868], [-122.5477, 38.5859], [-122.5468, 38.5867], [-122.5477, 38.5879], [-122.5481, 38.5875], [-122.5482, 38.5882], [-122.5503, 38.5883], [-122.5504, 38.5896], [-122.5522, 38.5881], [-122.5516, 38.5926], [-122.5528, 38.5925], [-122.5543, 38.5903], [-122.558, 38.5903], [-122.5577, 38.589], [-122.5585, 38.589], [-122.5595, 38.5871], [-122.5651, 38.5879], [-122.568, 38.587], [-122.5698, 38.5894], [-122.5681, 38.5925], [-122.5706, 38.594], [-122.5724, 38.592], [-122.5731, 38.5929], [-122.5741, 38.5927], [-122.5754, 38.591], [-122.5767, 38.5913], [-122.5776, 38.5929], [-122.5787, 38.5928], [-122.5784, 38.5947], [-122.5813, 38.5951], [-122.5823, 38.5964], [-122.5814, 38.5974], [-122.5815, 38.6013], [-122.583, 38.6017], [-122.5863, 38.601], [-122.5872, 38.6027], [-122.5819, 38.6057], [-122.5794, 38.608], [-122.5846, 38.6081], [-122.585, 38.6098], [-122.5844, 38.6116], [-122.5831, 38.6117], [-122.5836, 38.6136], [-122.5854, 38.6142], [-122.5863, 38.6157], [-122.5876, 38.6154], [-122.5877, 38.6167], [-122.5856, 38.6216], [-122.5871, 38.6216], [-122.5874, 38.6237], [-122.5891, 38.6255], [-122.59, 38.6236], [-122.5911, 38.626], [-122.5917, 38.6251], [-122.5932, 38.6257], [-122.5934, 38.6274], [-122.594, 38.6266], [-122.5943, 38.628], [-122.5953, 38.6286], [-122.5944, 38.6361], [-122.5925, 38.6374], [-122.5915, 38.6351], [-122.5901, 38.6363], [-122.5925, 38.6424], [-122.5899, 38.6466], [-122.5878, 38.6473], [-122.5881, 38.6492], [-122.5904, 38.6498], [-122.5914, 38.6521], [-122.5906, 38.6528], [-122.5895, 38.6525], [-122.5888, 38.6534], [-122.5886, 38.6574], [-122.5898, 38.6608], [-122.5864, 38.663], [-122.5849, 38.6623], [-122.5846, 38.664], [-122.5809, 38.6657], [-122.5798, 38.6688], [-122.5811, 38.67], [-122.5792, 38.671], [-122.5765, 38.6701], [-122.5703, 38.6707], [-122.5691, 38.6715], [-122.5693, 38.6705], [-122.568, 38.6697], [-122.5653, 38.6724]], [[-122.4867, 38.5238], [-122.4829, 38.5233], [-122.4818, 38.5246], [-122.4853, 38.5283], [-122.4882, 38.5249], [-122.4867, 38.5238]]], [[[-122.4721, 38.5896], [-122.4722, 38.5899], [-122.4719, 38.5898], [-122.4721, 38.5896]]], [[[-122.4494, 38.61], [-122.4504, 38.6103], [-122.4509, 38.6109], [-122.4495, 38.6112], [-122.4482, 38.6107], [-122.4494, 38.61]]], [[[-122.4555, 38.6287], [-122.4559, 38.6265], [-122.4608, 38.623], [-122.4616, 38.6204], [-122.4631, 38.6215], [-122.4631, 38.6209], [-122.465, 38.6201], [-122.4648, 38.6209], [-122.4656, 38.6207], [-122.4659, 38.6215], [-122.4647, 38.6217], [-122.4646, 38.6235], [-122.4659, 38.6223], [-122.4662, 38.6243], [-122.4656, 38.6248], [-122.4654, 38.6239], [-122.4643, 38.6245], [-122.4637, 38.6272], [-122.4631, 38.6266], [-122.4609, 38.6272], [-122.46, 38.6266], [-122.4596, 38.6275], [-122.4581, 38.6278], [-122.4573, 38.6289], [-122.4555, 38.6287]]]]}, "properties": {"layer": "perimeter"}}, {"type": "Feature", "geometry": {"type": "MultiPolygon", "coordinates": [[[[-122.5652, 38.4319], [-122.5652, 38.4301], [-122.5664, 38.4306], [-122.5652, 38.4319]]], [[[-122.5645, 38.4331], [-122.5644, 38.4326], [-122.5647, 38.4325], [-122.5645, 38.4331]]], [[[-122.5741, 38.5646], [-122.5696, 38.56], [-122.5675, 38.5604], [-122.5654, 38.5584], [-122.5626, 38.5582], [-122.5617, 38.5563], [-122.56, 38.5567], [-122.5595, 38.5586], [-122.5582, 38.559], [-122.5577, 38.5599], [-122.5558, 38.5595], [-122.5539, 38.5616], [-122.5521, 38.5614], [-122.5509, 38.5627], [-122.5522, 38.5634], [-122.5513, 38.5637], [-122.5398, 38.5615], [-122.5379, 38.5603], [-122.5389, 38.5607], [-122.5403, 38.5594], [-122.5415, 38.5593], [-122.5411, 38.5591], [-122.5441, 38.5586], [-122.5451, 38.559], [-122.5458, 38.5581], [-122.5449, 38.5576], [-122.5436, 38.5583], [-122.5398, 38.5578], [-122.5394, 38.5584], [-122.5364, 38.5571], [-122.5356, 38.5576], [-122.5353, 38.5567], [-122.5326, 38.5562], [-122.5307, 38.5548], [-122.5292, 38.5553], [-122.5283, 38.5546], [-122.5292, 38.5532], [-122.5284, 38.5525], [-122.5274, 38.5532], [-122.5246, 38.553], [-122.5248, 38.5513], [-122.523, 38.5513], [-122.5228, 38.5502], [-122.5194, 38.5513], [-122.5159, 38.5497], [-122.5149, 38.5482], [-122.5142, 38.5488], [-122.515, 38.5475], [-122.5131, 38.5458], [-122.5138, 38.5421], [-122.5129, 38.5412], [-122.5109, 38.5412], [-122.5116, 38.5401], [-122.5105, 38.5405], [-122.5172, 38.5371], [-122.5174, 38.5351], [-122.5155, 38.5342], [-122.5161, 38.5313], [-122.5142, 38.532], [-122.5129, 38.5318], [-122.5116, 38.5329], [-122.5124, 38.5338], [-122.5098, 38.5345], [-122.5084, 38.5345], [-122.5077, 38.5327], [-122.5063, 38.5326], [-122.5069, 38.5317], [-122.5059, 38.5313], [-122.5058, 38.5287], [-122.5064, 38.5276], [-122.5037, 38.528], [-122.5033, 38.5267], [-122.5019, 38.5267], [-122.5028, 38.5258], [-122.5022, 38.5257], [-122.5026, 38.5248], [-122.5014, 38.5239], [-122.5009, 38.5221], [-122.4981, 38.5206], [-122.4984, 38.5199], [-122.4941, 38.5165], [-122.4944, 38.5142], [-122.4933, 38.5139], [-122.493, 38.5128], [-122.4938, 38.5122], [-122.495, 38.5127], [-122.4958, 38.511], [-122.4945, 38.51], [-122.4941, 38.5111], [-122.4934, 38.511], [-122.4911, 38.5098], [-122.4911, 38.5089], [-122.493, 38.5076], [-122.4906, 38.5054], [-122.4917, 38.5046], [-122.4909, 38.5041], [-122.491, 38.4946], [-122.4833, 38.4947], [-122.4833, 38.4934], [-122.482, 38.4944], [-122.4815, 38.4941], [-122.4824, 38.491], [-122.4815, 38.4901], [-122.4838, 38.4905], [-122.4852, 38.4885], [-122.4815, 38.4884], [-122.481, 38.4875], [-122.4824, 38.4865], [-122.4856, 38.4865], [-122.4866, 38.4833], [-122.485, 38.4836], [-122.4847, 38.482], [-122.4836, 38.4821], [-122.4801, 38.4802], [-122.4771, 38.4795], [-122.4767, 38.4804], [-122.4766, 38.4793], [-122.4739, 38.4777], [-122.474, 38.4762], [-122.4764, 38.4752], [-122.4769, 38.4737], [-122.4777, 38.4735], [-122.4779, 38.4722], [-122.4751, 38.4713], [-122.4757, 38.4681], [-122.4772, 38.4685], [-122.4774, 38.4674], [-122.4779, 38.4676], [-122.4772, 38.4658], [-122.4755, 38.4653], [-122.4755, 38.4647], [-122.4766, 38.4654], [-122.4762, 38.4641], [-122.4743, 38.4638], [-122.4742, 38.4643], [-122.4734, 38.4634], [-122.4741, 38.4627], [-122.4775, 38.4633], [-122.4777, 38.4625], [-122.4788, 38.4629], [-122.4774, 38.4599], [-122.4779, 38.4591], [-122.4793, 38.4589], [-122.4799, 38.4595], [-122.4843, 38.4589], [-122.4829, 38.4614], [-122.4841, 38.4604], [-122.4854, 38.4606], [-122.4877, 38.4594], [-122.4898, 38.4601], [-122.4922, 38.4571], [-122.4933, 38.457], [-122.4936, 38.4563], [-122.4923, 38.4555], [-122.4936, 38.452], [-122.4924, 38.4483], [-122.4945, 38.4473], [-122.4971, 38.4427], [-122.4971, 38.4394], [-122.4994, 38.4391], [-122.5016, 38.4367], [-122.5066, 38.4386], [-122.5085, 38.4384], [-122.5083, 38.4366], [-122.5092, 38.4362], [-122.5125, 38.4367], [-122.5141, 38.4377], [-122.5181, 38.4377], [-122.5195, 38.4382], [-122.5201, 38.4401], [-122.5222, 38.4403], [-122.5234, 38.4412], [-122.5233, 38.4423], [-122.525, 38.4414], [-122.5323, 38.4429], [-122.5335, 38.4429], [-122.5355, 38.4416], [-122.5376, 38.4415], [-122.5391, 38.4424], [-122.5399, 38.4418], [-122.5384, 38.4407], [-122.5394, 38.44], [-122.5383, 38.438], [-122.5387, 38.436], [-122.5414, 38.4359], [-122.5454, 38.4388], [-122.5496, 38.436], [-122.5509, 38.4376], [-122.552, 38.4354], [-122.5539, 38.4344], [-122.5568, 38.4353], [-122.5579, 38.4337], [-122.56, 38.4337], [-122.5611, 38.4309], [-122.5625, 38.4311], [-122.5635, 38.4322], [-122.5625, 38.435], [-122.5631, 38.4358], [-122.5666, 38.4373], [-122.5663, 38.4394], [-122.5685, 38.4407], [-122.5679, 38.4429], [-122.5716, 38.4433], [-122.57, 38.4464], [-122.5747, 38.4479], [-122.5795, 38.4505], [-122.587, 38.4392], [-122.5969, 38.4416], [-122.6302, 38.4573], [-122.6276, 38.4585], [-122.628, 38.4605], [-122.6296, 38.4609], [-122.6259, 38.4647], [-122.6254, 38.466], [-122.6298, 38.4669], [-122.6295, 38.4678], [-122.6266, 38.4684], [-122.6262, 38.4694], [-122.6328, 38.4697], [-122.6333, 38.4715], [-122.6328, 38.4724], [-122.6342, 38.473], [-122.6344, 38.4745], [-122.6345, 38.482], [-122.6444, 38.4823], [-122.6446, 38.4859], [-122.6492, 38.486], [-122.6492, 38.4853], [-122.6519, 38.4831], [-122.6532, 38.4838], [-122.6565, 38.483], [-122.6573, 38.4838], [-122.6591, 38.4837], [-122.6602, 38.4873], [-122.6582, 38.4881], [-122.657, 38.4895], [-122.6532, 38.49], [-122.6553, 38.4913], [-122.6562, 38.4912], [-122.6563, 38.4905], [-122.658, 38.491], [-122.658, 38.4922], [-122.6562, 38.4925], [-122.6557, 38.4938], [-122.6543, 38.4942], [-122.6537, 38.4951], [-122.6542, 38.4967], [-122.65, 38.4977], [-122.6491, 38.4987], [-122.6468, 38.4976], [-122.6457, 38.4976], [-122.6466, 38.4978], [-122.6461, 38.4992], [-122.6468, 38.5007], [-122.6444, 38.5028], [-122.646, 38.503], [-122.6436, 38.504], [-122.6436, 38.5056], [-122.6385, 38.5091], [-122.6388, 38.5115], [-122.6378, 38.5125], [-122.6387, 38.5127], [-122.639, 38.5121], [-122.6415, 38.5125], [-122.6424, 38.5131], [-122.642, 38.5136], [-122.6431, 38.5138], [-122.6432, 38.5142], [-122.6421, 38.5141], [-122.643, 38.5152], [-122.6421, 38.5174], [-122.6453, 38.5148], [-122.6481, 38.5148], [-122.6486, 38.5143], [-122.6504, 38.5152], [-122.6515, 38.5143], [-122.6535, 38.515], [-122.653, 38.5167], [-122.6547, 38.5164], [-122.6581, 38.5197], [-122.6548, 38.5229], [-122.6527, 38.5272], [-122.6516, 38.5271], [-122.6495, 38.5285], [-122.65, 38.5293], [-122.6509, 38.5294], [-122.6498, 38.5307], [-122.648, 38.5313], [-122.6481, 38.5331], [-122.6468, 38.5356], [-122.6427, 38.5346], [-122.6412, 38.5357], [-122.6401, 38.5351], [-122.6381, 38.5359], [-122.6363, 38.5352], [-122.6354, 38.5358], [-122.6345, 38.5352], [-122.6319, 38.5354], [-122.6298, 38.5337], [-122.6263, 38.5342], [-122.6232, 38.5333], [-122.6219, 38.5315], [-122.6225, 38.5298], [-122.6238, 38.5298], [-122.6241, 38.5293], [-122.6233, 38.5289], [-122.6219, 38.5298], [-122.6201, 38.5291], [-122.6182, 38.5299], [-122.618, 38.5284], [-122.6162, 38.528], [-122.6169, 38.5301], [-122.6152, 38.5306], [-122.6156, 38.5315], [-122.6147, 38.5313], [-122.6149, 38.5333], [-122.6166, 38.5334], [-122.6164, 38.5355], [-122.6204, 38.5358], [-122.62, 38.5371], [-122.6183, 38.5376], [-122.6187, 38.5382], [-122.613, 38.5396], [-122.6086, 38.5384], [-122.6095, 38.5391], [-122.6086, 38.5394], [-122.6085, 38.541], [-122.6097, 38.5422], [-122.6095, 38.5435], [-122.6051, 38.549], [-122.603, 38.5503], [-122.5987, 38.551], [-122.5936, 38.5499], [-122.5933, 38.5507], [-122.5911, 38.5506], [-122.5889, 38.55], [-122.5886, 38.5493], [-122.5882, 38.5506], [-122.5864, 38.5517], [-122.5883, 38.553], [-122.5857, 38.5549], [-122.5863, 38.5572], [-122.5876, 38.5576], [-122.586, 38.5592], [-122.5851, 38.5594], [-122.5824, 38.5579], [-122.5817, 38.5584], [-122.5811, 38.5574], [-122.5768, 38.5565], [-122.5772, 38.5581], [-122.5805, 38.5603], [-122.5807, 38.5614], [-122.5777, 38.5635], [-122.5741, 38.5646]], [[-122.535, 38.4624], [-122.5299, 38.4625], [-122.5299, 38.4663], [-122.535, 38.4661], [-122.535, 38.4624]]], [[[-122.4903, 38.5044], [-122.4902, 38.5044], [-122.4905, 38.5042], [-122.4903, 38.5044]]], [[[-122.49, 38.5043], [-122.4884, 38.5047], [-122.4879, 38.5041], [-122.49, 38.5043]]], [[[-122.6275, 38.4487], [-122.6274, 38.4482], [-122.6283, 38.4477], [-122.6275, 38.4487]]], [[[-122.6292, 38.4476], [-122.6311, 38.4473], [-122.635, 38.4445], [-122.6365, 38.4449], [-122.6368, 38.4437], [-122.6393, 38.4416], [-122.6406, 38.4418], [-122.64, 38.4458], [-122.6447, 38.4499], [-122.6424, 38.4551], [-122.641, 38.4555], [-122.6388, 38.4546], [-122.6366, 38.4517], [-122.6361, 38.4519], [-122.6352, 38.4509], [-122.6345, 38.4513], [-122.6292, 38.4476]]], [[[-122.5653, 38.6724], [-122.562, 38.6721], [-122.5627, 38.6708], [-122.561, 38.671], [-122.559, 38.6694], [-122.5585, 38.6671], [-122.5599, 38.6647], [-122.5583, 38.6638], [-122.5588, 38.663], [-122.5575, 38.663], [-122.5559, 38.6648], [-122.5521, 38.666], [-122.5476, 38.6659], [-122.5463, 38.6652], [-122.5435, 38.6662], [-122.5423, 38.665], [-122.5393, 38.6649], [-122.539, 38.6627], [-122.5397, 38.6631], [-122.5412, 38.6616], [-122.539, 38.6587], [-122.5366, 38.6587], [-122.5366, 38.6594], [-122.5375, 38.6591], [-122.5366, 38.6601], [-122.536, 38.6598], [-122.5355, 38.6584], [-122.5361, 38.6577], [-122.5338, 38.6562], [-122.5344, 38.6541], [-122.5325, 38.6523], [-122.5309, 38.6514], [-122.5299, 38.6516], [-122.5284, 38.6503], [-122.5281, 38.647], [-122.5262, 38.6472], [-122.5244, 38.6486], [-122.5227, 38.6479], [-122.5206, 38.6485], [-122.5176, 38.6482], [-122.5157, 38.6458], [-122.5127, 38.6457], [-122.5141, 38.6445], [-122.5129, 38.6441], [-122.5124, 38.6447], [-122.5121, 38.6439], [-122.5097, 38.6435], [-122.5104, 38.6462], [-122.5086, 38.6461], [-122.5085, 38.6454], [-122.5061, 38.6476], [-122.5044, 38.6477], [-122.5036, 38.6467], [-122.5032, 38.6478], [-122.5026, 38.6479], [-122.5027, 38.647], [-122.4998, 38.6437], [-122.4984, 38.6431], [-122.4983, 38.6419], [-122.4966, 38.6402], [-122.4984, 38.6408], [-122.4977, 38.6363], [-122.4948, 38.6367], [-122.4953, 38.6357], [-122.4946, 38.6352], [-122.4928, 38.6361], [-122.4896, 38.6356], [-122.4889, 38.6345], [-122.487, 38.6345], [-122.4884, 38.6332], [-122.49, 38.6333], [-122.4906, 38.6309], [-122.4868, 38.6308], [-122.4857, 38.6298], [-122.4845, 38.6307], [-122.4827, 38.6303], [-122.4816, 38.629], [-122.4782, 38.6297], [-122.4757, 38.6276], [-122.4751, 38.628], [-122.4726, 38.6274], [-122.4711, 38.6262], [-122.469, 38.6263], [-122.467, 38.6273], [-122.4681, 38.6261], [-122.467, 38.6237], [-122.4673, 38.6225], [-122.4687, 38.6241], [-122.4713, 38.623], [-122.4702, 38.6225], [-122.4707, 38.6215], [-122.4692, 38.6218], [-122.4665, 38.6201], [-122.4667, 38.618], [-122.4646, 38.6165], [-122.4667, 38.6148], [-122.4632, 38.6149], [-122.4627, 38.6157], [-122.4611, 38.6147], [-122.4609, 38.6116], [-122.4618, 38.6109], [-122.4618, 38.6075], [-122.4606, 38.6074], [-122.459, 38.6036], [-122.4607, 38.6026], [-122.4617, 38.6033], [-122.4624, 38.6026], [-122.4632, 38.603], [-122.4629, 38.6042], [-122.4652, 38.6021], [-122.4661, 38.6029], [-122.4682, 38.6013], [-122.4691, 38.6023], [-122.4715, 38.6009], [-122.4704, 38.5993], [-122.4707, 38.5987], [-122.4717, 38.5989], [-122.4707, 38.5977], [-122.4712, 38.5964], [-122.4699, 38.5965], [-122.4697, 38.5982], [-122.4686, 38.5982], [-122.4694, 38.5977], [-122.4687, 38.5972], [-122.469, 38.5963], [-122.4676, 38.5955], [-122.4661, 38.5956], [-122.4646, 38.5944], [-122.4676, 38.5938], [-122.4674, 38.5926], [-122.4691, 38.5921], [-122.4679, 38.5914], [-122.468, 38.59], [-122.4695, 38.5908], [-122.471, 38.5907], [-122.4713, 38.59], [-122.4723, 38.5915], [-122.4732, 38.5904], [-122.4723, 38.5888], [-122.471, 38.588], [-122.4719, 38.5878], [-122.4703, 38.5864], [-122.4709, 38.5857], [-122.4693, 38.5857], [-122.4692, 38.5842], [-122.4683, 38.584], [-122.4706, 38.5809], [-122.4682, 38.58], [-122.4665, 38.5802], [-122.4649, 38.5793], [-122.4656, 38.5779], [-122.4647, 38.5762], [-122.4637, 38.576], [-122.4641, 38.5741], [-122.4628, 38.573], [-122.4622, 38.5736], [-122.4609, 38.5734], [-122.4586, 38.5703], [-122.4593, 38.5693], [-122.4612, 38.5701], [-122.4633, 38.5698], [-122.463, 38.5673], [-122.4617, 38.5661], [-122.4623, 38.5653], [-122.4651, 38.565], [-122.4657, 38.5664], [-122.4675, 38.5657], [-122.4674, 38.5649], [-122.466, 38.565], [-122.4668, 38.5638], [-122.4655, 38.5625], [-122.4666, 38.5615], [-122.4643, 38.562], [-122.4622, 38.5611], [-122.4623, 38.5578], [-122.4599, 38.5567], [-122.4595, 38.5557], [-122.4597, 38.5544], [-122.4618, 38.5549], [-122.4605, 38.5523], [-122.4559, 38.5489], [-122.454, 38.5453], [-122.4532, 38.5458], [-122.4512, 38.5448], [-122.4505, 38.5414], [-122.451, 38.5404], [-122.449, 38.5382], [-122.4478, 38.534], [-122.4451, 38.5312], [-122.4444, 38.5296], [-122.4449, 38.5284], [-122.4428, 38.5272], [-122.4432, 38.5244], [-122.4419, 38.5233], [-122.4421, 38.5223], [-122.4372, 38.5185], [-122.4366, 38.5168], [-122.4379, 38.5157], [-122.4352, 38.5144], [-122.4361, 38.5109], [-122.4375, 38.5101], [-122.4359, 38.5064], [-122.4361, 38.5051], [-122.4457, 38.5078], [-122.4478, 38.5092], [-122.4421, 38.5089], [-122.4452, 38.5101], [-122.4442, 38.5124], [-122.443, 38.513], [-122.4413, 38.5125], [-122.4397, 38.513], [-122.4396, 38.5199], [-122.4489, 38.52], [-122.449, 38.5161], [-122.4499, 38.5161], [-122.4495, 38.5133], [-122.4536, 38.5136], [-122.4566, 38.5179], [-122.4585, 38.5177], [-122.4606, 38.5185], [-122.4603, 38.5177], [-122.4613, 38.5162], [-122.4677, 38.5194], [-122.4713, 38.5198], [-122.4727, 38.5213], [-122.4814, 38.525], [-122.4851, 38.5284], [-122.488, 38.5284], [-122.4904, 38.53], [-122.4901, 38.536], [-122.486, 38.5366], [-122.4859, 38.538], [-122.4879, 38.5388], [-122.4895, 38.5383], [-122.4907, 38.5473], [-122.4922, 38.5487], [-122.4969, 38.5506], [-122.4983, 38.553], [-122.495, 38.557], [-122.4929, 38.5572], [-122.4955, 38.5577], [-122.4951, 38.5596], [-122.4984, 38.5612], [-122.4993, 38.5634], [-122.5024, 38.5623], [-122.5032, 38.5603], [-122.5028, 38.559], [-122.5056, 38.5584], [-122.5063, 38.5593], [-122.506, 38.5614], [-122.508, 38.5611], [-122.5098, 38.5634], [-122.5104, 38.563], [-122.513, 38.5636], [-122.5153, 38.5681], [-122.5149, 38.57], [-122.5179, 38.5721], [-122.5189, 38.5761], [-122.52, 38.5771], [-122.5186, 38.5768], [-122.5152, 38.5783], [-122.5156, 38.5789], [-122.5172, 38.579], [-122.5178, 38.5813], [-122.5198, 38.5827], [-122.5209, 38.5819], [-122.5213, 38.579], [-122.5227, 38.5786], [-122.5224, 38.5772], [-122.5285, 38.5761], [-122.5308, 38.5764], [-122.5319, 38.5774], [-122.5364, 38.5765], [-122.5393, 38.5777], [-122.5404, 38.577], [-122.5403, 38.575], [-122.5419, 38.5742], [-122.5514, 38.575], [-122.5542, 38.578], [-122.5516, 38.5819], [-122.5527, 38.584], [-122.5541, 38.585], [-122.5516, 38.5867], [-122.5489, 38.5868], [-122.5477, 38.5859], [-122.5468, 38.5867], [-122.5477, 38.5879], [-122.5481, 38.5875], [-122.5482, 38.5882], [-122.5503, 38.5883], [-122.5499, 38.5892], [-122.5511, 38.5895], [-122.5509, 38.5916], [-122.5519, 38.5916], [-122.5516, 38.5926], [-122.5528, 38.5925], [-122.5546, 38.5907], [-122.5582, 38.5909], [-122.5602, 38.5871], [-122.5617, 38.5879], [-122.5652, 38.588], [-122.5677, 38.5871], [-122.5696, 38.5902], [-122.568, 38.5918], [-122.5681, 38.5951], [-122.5696, 38.5951], [-122.5729, 38.5925], [-122.5743, 38.5927], [-122.5754, 38.591], [-122.5767, 38.5913], [-122.5776, 38.5929], [-122.5787, 38.5928], [-122.5784, 38.5947], [-122.5813, 38.5951], [-122.5823, 38.5964], [-122.5814, 38.5974], [-122.5815, 38.6013], [-122.583, 38.6017], [-122.586, 38.6011], [-122.5868, 38.602], [-122.5868, 38.603], [-122.5819, 38.6057], [-122.5794, 38.608], [-122.5846, 38.6081], [-122.585, 38.6098], [-122.5844, 38.6116], [-122.5831, 38.6117], [-122.5836, 38.6136], [-122.5854, 38.6142], [-122.5863, 38.6157], [-122.5876, 38.6154], [-122.5877, 38.6167], [-122.5856, 38.6216], [-122.5871, 38.6216], [-122.5874, 38.6237], [-122.5891, 38.6255], [-122.59, 38.6236], [-122.5911, 38.626], [-122.5917, 38.6251], [-122.5932, 38.6257], [-122.5934, 38.6274], [-122.594, 38.6266], [-122.5943, 38.628], [-122.5953, 38.6286], [-122.5944, 38.6361], [-122.5925, 38.6374], [-122.5915, 38.6351], [-122.5901, 38.6363], [-122.5925, 38.6424], [-122.5899, 38.6466], [-122.5878, 38.6473], [-122.5881, 38.6492], [-122.5904, 38.6498], [-122.5914, 38.6521], [-122.5906, 38.6528], [-122.5895, 38.6525], [-122.5888, 38.6534], [-122.5886, 38.6574], [-122.5898, 38.6608], [-122.5864, 38.663], [-122.5849, 38.6623], [-122.5846, 38.664], [-122.5809, 38.6657], [-122.5798, 38.6688], [-122.5811, 38.67], [-122.5792, 38.671], [-122.5765, 38.6701], [-122.5703, 38.6707], [-122.5691, 38.6715], [-122.5693, 38.6705], [-122.568, 38.6697], [-122.5653, 38.6724]], [[-122.4809, 38.5536], [-122.48, 38.5588], [-122.4808, 38.5592], [-122.4902, 38.5588], [-122.4901, 38.5552], [-122.4853, 38.5552], [-122.4854, 38.5536], [-122.4809, 38.5536]], [[-122.5389, 38.5968], [-122.539, 38.6004], [-122.5438, 38.6003], [-122.5436, 38.5967], [-122.5389, 38.5968]], [[-122.5492, 38.6326], [-122.5491, 38.629], [-122.5445, 38.6291], [-122.5446, 38.6327], [-122.5492, 38.6326]], [[-122.5814, 38.6174], [-122.5814, 38.613], [-122.58, 38.6151], [-122.5814, 38.6174]], [[-122.5813, 38.6106], [-122.5802, 38.6117], [-122.5814, 38.6124], [-122.5813, 38.6106]], [[-122.5805, 38.6176], [-122.5812, 38.6182], [-122.5819, 38.6176], [-122.5819, 38.6176], [-122.5805, 38.6176]]], [[[-122.456, 38.5125], [-122.4559, 38.5126], [-122.456, 38.5125], [-122.456, 38.5125]]], [[[-122.4723, 38.5897], [-122.4719, 38.5898], [-122.4721, 38.5896], [-122.4723, 38.5897]]], [[[-122.4498, 38.6103], [-122.4505, 38.6112], [-122.4482, 38.6107], [-122.4487, 38.6101], [-122.4498, 38.6103]]], [[[-122.4552, 38.6275], [-122.4608, 38.623], [-122.4616, 38.6204], [-122.4631, 38.6215], [-122.4631, 38.6209], [-122.465, 38.6201], [-122.4648, 38.6209], [-122.4656, 38.6207], [-122.4659, 38.6215], [-122.4647, 38.6217], [-122.4646, 38.6235], [-122.4659, 38.6223], [-122.4662, 38.6243], [-122.4656, 38.6248], [-122.4654, 38.6239], [-122.4643, 38.6245], [-122.4637, 38.6272], [-122.4631, 38.6266], [-122.4609, 38.6272], [-122.46, 38.6266], [-122.4596, 38.6275], [-122.4581, 38.6278], [-122.4573, 38.6289], [-122.4555, 38.6287], [-122.4552, 38.6275]]]]}, "properties": {"layer": "retained"}}, {"type": "Feature", "geometry": {"type": "MultiPolygon", "coordinates": [[[[-122.5674, 38.6701], [-122.568, 38.669], [-122.5666, 38.6687], [-122.566, 38.6698], [-122.5674, 38.6701]]], [[[-122.5736, 38.6705], [-122.5763, 38.6696], [-122.5756, 38.6694], [-122.5763, 38.6685], [-122.5742, 38.668], [-122.5735, 38.6681], [-122.5735, 38.6686], [-122.5725, 38.6681], [-122.5715, 38.6689], [-122.5711, 38.6681], [-122.5701, 38.6681], [-122.5705, 38.6689], [-122.5698, 38.6692], [-122.5687, 38.6687], [-122.5698, 38.6706], [-122.5715, 38.6705], [-122.5719, 38.67], [-122.5736, 38.6705]], [[-122.5715, 38.6695], [-122.5708, 38.6697], [-122.5708, 38.6695], [-122.5715, 38.6695]], [[-122.5718, 38.6692], [-122.5715, 38.6695], [-122.5715, 38.6692], [-122.5718, 38.6692]], [[-122.5736, 38.6689], [-122.5732, 38.6691], [-122.5732, 38.6689], [-122.5736, 38.6689]], [[-122.5742, 38.6683], [-122.5739, 38.6686], [-122.5739, 38.6683], [-122.5742, 38.6683]]], [[[-122.577, 38.668], [-122.5783, 38.6677], [-122.577, 38.6675], [-122.577, 38.668]]], [[[-122.5645, 38.6664], [-122.5649, 38.6672], [-122.5659, 38.6666], [-122.5645, 38.6664]]], [[[-122.5783, 38.6674], [-122.5794, 38.6669], [-122.5783, 38.6666], [-122.5769, 38.6653], [-122.5759, 38.6653], [-122.5759, 38.6661], [-122.5776, 38.6664], [-122.5783, 38.6674]]], [[[-122.5634, 38.6653], [-122.5645, 38.6653], [-122.5644, 38.6645], [-122.5634, 38.6653]]], [[[-122.5486, 38.6659], [-122.5493, 38.6651], [-122.5475, 38.6648], [-122.5472, 38.6659], [-122.5486, 38.6659]]], [[[-122.5738, 38.6654], [-122.5748, 38.6645], [-122.5737, 38.664], [-122.5738, 38.6654]]], [[[-122.5686, 38.6652], [-122.5686, 38.6641], [-122.5679, 38.6641], [-122.5679, 38.6649], [-122.5686, 38.6652]]], [[[-122.5521, 38.6661], [-122.5524, 38.6655], [-122.5503, 38.6653], [-122.5506, 38.665], [-122.5503, 38.6642], [-122.5493, 38.6656], [-122.5521, 38.6661]]], [[[-122.5797, 38.6666], [-122.58, 38.6655], [-122.5817, 38.6657], [-122.5817, 38.6641], [-122.5834, 38.6633], [-122.5833, 38.6619], [-122.5816, 38.662], [-122.5799, 38.6636], [-122.5799, 38.6625], [-122.5789, 38.6631], [-122.5771, 38.6629], [-122.5768, 38.6634], [-122.5772, 38.6639], [-122.5772, 38.665], [-122.5786, 38.6658], [-122.5783, 38.6663], [-122.5797, 38.6666]], [[-122.5793, 38.6652], [-122.579, 38.6655], [-122.579, 38.6652], [-122.5793, 38.6652]], [[-122.5796, 38.665], [-122.5793, 38.6652], [-122.5793, 38.665], [-122.5796, 38.665]], [[-122.5803, 38.6647], [-122.58, 38.665], [-122.58, 38.6647], [-122.5803, 38.6647]], [[-122.5775, 38.6637], [-122.5772, 38.6639], [-122.5772, 38.6637], [-122.5775, 38.6637]]], [[[-122.5531, 38.6658], [-122.5551, 38.6644], [-122.554, 38.6639], [-122.5544, 38.6628], [-122.5526, 38.6631], [-122.5522, 38.6612], [-122.5512, 38.6626], [-122.5498, 38.6615], [-122.5471, 38.6619], [-122.5468, 38.6632], [-122.5461, 38.6627], [-122.5447, 38.6633], [-122.5447, 38.6622], [-122.5429, 38.6617], [-122.5419, 38.6623], [-122.5437, 38.6636], [-122.5434, 38.6644], [-122.5444, 38.6644], [-122.543, 38.6652], [-122.5423, 38.6639], [-122.5427, 38.6657], [-122.5451, 38.6654], [-122.5454, 38.6646], [-122.5465, 38.6649], [-122.5471, 38.6635], [-122.5482, 38.664], [-122.5482, 38.6632], [-122.5492, 38.6629], [-122.5492, 38.6643], [-122.5509, 38.6637], [-122.5531, 38.6658]], [[-122.5527, 38.6645], [-122.5524, 38.6647], [-122.5523, 38.6645], [-122.5527, 38.6645]], [[-122.553, 38.6642], [-122.5527, 38.6645], [-122.5527, 38.6642], [-122.553, 38.6642]], [[-122.5527, 38.6636], [-122.5523, 38.6639], [-122.5523, 38.6637], [-122.5527, 38.6636]], [[-122.552, 38.6637], [-122.5516, 38.6639], [-122.5516, 38.6637], [-122.552, 38.6637]], [[-122.5499, 38.6634], [-122.5496, 38.6637], [-122.5495, 38.6634], [-122.5499, 38.6634]]], [[[-122.555, 38.6625], [-122.5554, 38.6617], [-122.5536, 38.6609], [-122.5537, 38.6625], [-122.554, 38.662], [-122.555, 38.6625]]], [[[-122.5629, 38.661], [-122.5622, 38.6599], [-122.5612, 38.6602], [-122.5619, 38.661], [-122.5629, 38.661]]], [[[-122.5409, 38.6623], [-122.5433, 38.6611], [-122.5422, 38.6601], [-122.5408, 38.6604], [-122.5409, 38.6623]]], [[[-122.5443, 38.6606], [-122.5449, 38.66], [-122.5446, 38.6592], [-122.5436, 38.6601], [-122.5443, 38.6606]]], [[[-122.546, 38.6595], [-122.5463, 38.6584], [-122.5449, 38.6584], [-122.5449, 38.6595], [-122.546, 38.6595]]], [[[-122.5667, 38.659], [-122.5663, 38.6582], [-122.567, 38.6579], [-122.5659, 38.6577], [-122.5653, 38.6588], [-122.5667, 38.659]]], [[[-122.5507, 38.6583], [-122.5507, 38.6572], [-122.5497, 38.6572], [-122.5494, 38.6583], [-122.5507, 38.6583]]], [[[-122.5704, 38.6571], [-122.5714, 38.6562], [-122.5704, 38.6563], [-122.5704, 38.6571]]], [[[-122.5683, 38.6579], [-122.5676, 38.6574], [-122.5672, 38.656], [-122.567, 38.6577], [-122.5683, 38.6579]]], [[[-122.5738, 38.6573], [-122.5738, 38.6559], [-122.5735, 38.6565], [-122.5728, 38.6559], [-122.5728, 38.6567], [-122.5738, 38.6573]]], [[[-122.5487, 38.6581], [-122.5497, 38.6572], [-122.5493, 38.6564], [-122.548, 38.6573], [-122.5487, 38.6581]]], [[[-122.542, 38.6563], [-122.5424, 38.6558], [-122.5407, 38.6558], [-122.5407, 38.6561], [-122.542, 38.6563]]], [[[-122.5462, 38.657], [-122.5469, 38.6567], [-122.5469, 38.6554], [-122.5461, 38.6549], [-122.5455, 38.6557], [-122.5441, 38.6552], [-122.5445, 38.656], [-122.5438, 38.656], [-122.5438, 38.6565], [-122.5455, 38.6565], [-122.5458, 38.656], [-122.5462, 38.657]]], [[[-122.5761, 38.6534], [-122.5775, 38.6531], [-122.5774, 38.6515], [-122.5757, 38.6521], [-122.5761, 38.6534]]], [[[-122.5868, 38.6529], [-122.5878, 38.6521], [-122.5868, 38.6513], [-122.5868, 38.6529]]], [[[-122.5506, 38.6532], [-122.5509, 38.6521], [-122.5498, 38.6518], [-122.5502, 38.6526], [-122.5495, 38.6529], [-122.5506, 38.6532]]], [[[-122.5785, 38.6518], [-122.5802, 38.6512], [-122.5785, 38.6515], [-122.5785, 38.6518]]], [[[-122.5712, 38.6508], [-122.5712, 38.65], [-122.5702, 38.6503], [-122.5702, 38.6509], [-122.5712, 38.6508]]], [[[-122.5516, 38.6515], [-122.5515, 38.6499], [-122.5501, 38.6499], [-122.5505, 38.6513], [-122.5516, 38.6515]]], [[[-122.5739, 38.65], [-122.5739, 38.6492], [-122.5725, 38.6495], [-122.5725, 38.6497], [-122.5739, 38.65]]], [[[-122.5867, 38.6508], [-122.5867, 38.6502], [-122.5888, 38.6502], [-122.5877, 38.6494], [-122.5877, 38.6483], [-122.5867, 38.6486], [-122.5874, 38.6497], [-122.5857, 38.65], [-122.5857, 38.6508], [-122.5867, 38.6508]]], [[[-122.587, 38.647], [-122.588, 38.6472], [-122.588, 38.6464], [-122.587, 38.647]]], [[[-122.589, 38.6464], [-122.5893, 38.6456], [-122.5883, 38.6456], [-122.588, 38.6462], [-122.589, 38.6464]]], [[[-122.5359, 38.6467], [-122.5358, 38.6462], [-122.5365, 38.6456], [-122.5355, 38.6456], [-122.5359, 38.6467]]], [[[-122.5866, 38.6456], [-122.5883, 38.6453], [-122.5886, 38.644], [-122.5875, 38.644], [-122.5879, 38.6445], [-122.5866, 38.6456]]], [[[-122.5244, 38.6456], [-122.5258, 38.645], [-122.5244, 38.6453], [-122.5244, 38.6456]]], [[[-122.5749, 38.6467], [-122.5748, 38.6456], [-122.5765, 38.6451], [-122.5758, 38.6448], [-122.5761, 38.6437], [-122.5731, 38.6454], [-122.5749, 38.6467]]], [[[-122.5075, 38.646], [-122.5082, 38.6457], [-122.5078, 38.6449], [-122.5072, 38.6454], [-122.5075, 38.646]]], [[[-122.5744, 38.644], [-122.5758, 38.6434], [-122.5744, 38.6435], [-122.5744, 38.644]]], [[[-122.5033, 38.6442], [-122.5029, 38.6434], [-122.5036, 38.6431], [-122.5023, 38.6434], [-122.5022, 38.6426], [-122.5012, 38.6426], [-122.5005, 38.6418], [-122.5005, 38.6437], [-122.5019, 38.6428], [-122.5019, 38.6436], [-122.5033, 38.6442]]], [[[-122.5447, 38.6419], [-122.5446, 38.6409], [-122.5443, 38.6409], [-122.5436, 38.642], [-122.5447, 38.6419]]], [[[-122.5791, 38.6409], [-122.5791, 38.6401], [-122.5777, 38.6404], [-122.5781, 38.641], [-122.5791, 38.6409]]], [[[-122.5737, 38.6432], [-122.5747, 38.6418], [-122.5733, 38.6424], [-122.5729, 38.6411], [-122.5712, 38.64], [-122.5705, 38.6409], [-122.5719, 38.6414], [-122.5716, 38.643], [-122.5737, 38.6432]]], [[[-122.5281, 38.6426], [-122.5291, 38.642], [-122.5281, 38.6409], [-122.5281, 38.6426]]], [[[-122.5478, 38.6416], [-122.5484, 38.6405], [-122.5474, 38.6411], [-122.546, 38.6408], [-122.546, 38.6414], [-122.5478, 38.6416]]], [[[-122.5633, 38.641], [-122.5643, 38.6402], [-122.5629, 38.6399], [-122.5633, 38.641]]], [[[-122.5798, 38.6396], [-122.5808, 38.6396], [-122.5815, 38.639], [-122.5798, 38.6396]]], [[[-122.5732, 38.6392], [-122.5743, 38.6394], [-122.5742, 38.6389], [-122.5732, 38.6392]]], [[[-122.5891, 38.6394], [-122.5894, 38.6386], [-122.5884, 38.6386], [-122.5884, 38.6391], [-122.5891, 38.6394]]], [[[-122.5443, 38.6409], [-122.5446, 38.6398], [-122.5432, 38.6393], [-122.5439, 38.6403], [-122.5422, 38.6409], [-122.5443, 38.6409]]], [[[-122.5051, 38.6471], [-122.5055, 38.646], [-122.5068, 38.6454], [-122.5061, 38.6446], [-122.5075, 38.6449], [-122.5078, 38.6443], [-122.5074, 38.6435], [-122.5088, 38.6438], [-122.5085, 38.643], [-122.5091, 38.643], [-122.5077, 38.6422], [-122.5073, 38.6408], [-122.506, 38.6406], [-122.5059, 38.6398], [-122.5042, 38.6406], [-122.5053, 38.6409], [-122.505, 38.643], [-122.5057, 38.6433], [-122.5043, 38.6436], [-122.5044, 38.6441], [-122.5047, 38.6441], [-122.5047, 38.6444], [-122.5033, 38.6442], [-122.5016, 38.6453], [-122.5027, 38.6466], [-122.5051, 38.6471]], [[-122.5044, 38.646], [-122.5041, 38.6463], [-122.5041, 38.646], [-122.5044, 38.646]], [[-122.5047, 38.6452], [-122.5044, 38.6455], [-122.5044, 38.6452], [-122.5047, 38.6452]], [[-122.5034, 38.6452], [-122.503, 38.6455], [-122.503, 38.6452], [-122.5034, 38.6452]], [[-122.5051, 38.6447], [-122.5047, 38.6452], [-122.5044, 38.6447], [-122.5051, 38.6447]], [[-122.504, 38.6452], [-122.5034, 38.6452], [-122.5033, 38.6447], [-122.5037, 38.6447], [-122.504, 38.6452]], [[-122.5075, 38.6441], [-122.5071, 38.6443], [-122.5071, 38.6441], [-122.5075, 38.6441]], [[-122.5061, 38.6441], [-122.5057, 38.6444], [-122.5057, 38.6441], [-122.5061, 38.6441]], [[-122.5054, 38.6438], [-122.5047, 38.6441], [-122.5047, 38.6439], [-122.5054, 38.6438]], [[-122.5067, 38.6435], [-122.5061, 38.6438], [-122.5061, 38.6436], [-122.5067, 38.6435]], [[-122.5064, 38.643], [-122.5053, 38.6428], [-122.5056, 38.6414], [-122.5063, 38.6414], [-122.5064, 38.643]], [[-122.5071, 38.6425], [-122.5067, 38.6427], [-122.5067, 38.6425], [-122.5071, 38.6425]]], [[[-122.546, 38.6406], [-122.5467, 38.6397], [-122.5446, 38.639], [-122.5446, 38.6398], [-122.546, 38.6406]]], [[[-122.5308, 38.6417], [-122.5332, 38.6398], [-122.5325, 38.639], [-122.5318, 38.6401], [-122.529, 38.6393], [-122.5297, 38.6398], [-122.5291, 38.6409], [-122.5305, 38.6409], [-122.5308, 38.6417]], [[-122.5304, 38.6398], [-122.5301, 38.6404], [-122.5301, 38.6398], [-122.5304, 38.6398]]], [[[-122.5049, 38.6401], [-122.5042, 38.6387], [-122.5031, 38.639], [-122.5038, 38.6393], [-122.5035, 38.6398], [-122.5049, 38.6401]]], [[[-122.5318, 38.6384], [-122.5321, 38.6387], [-122.5331, 38.6381], [-122.5321, 38.6382], [-122.5318, 38.6384]]], [[[-122.5004, 38.6399], [-122.5004, 38.6385], [-122.4997, 38.638], [-122.4986, 38.6383], [-122.5004, 38.6399]]], [[[-122.5821, 38.636], [-122.5831, 38.6365], [-122.5834, 38.6355], [-122.5821, 38.636]]], [[[-122.5763, 38.6372], [-122.5773, 38.6369], [-122.5765, 38.6353], [-122.5752, 38.6356], [-122.5763, 38.6372]]], [[[-122.5859, 38.6357], [-122.5872, 38.6351], [-122.5859, 38.6354], [-122.5859, 38.6357]]], [[[-122.5069, 38.6373], [-122.51, 38.6378], [-122.5092, 38.6357], [-122.5082, 38.6362], [-122.5065, 38.6357], [-122.5069, 38.6373]], [[-122.5093, 38.637], [-122.5086, 38.6365], [-122.5093, 38.6362], [-122.5093, 38.637]]], [[[-122.5486, 38.6354], [-122.5482, 38.6338], [-122.5465, 38.6338], [-122.5468, 38.6349], [-122.5479, 38.6346], [-122.5486, 38.6354]]], [[[-122.5785, 38.6334], [-122.5799, 38.6336], [-122.5796, 38.6331], [-122.5785, 38.6334]]], [[[-122.5103, 38.6354], [-122.5103, 38.6348], [-122.5089, 38.6343], [-122.5089, 38.6349], [-122.5103, 38.6354]]], [[[-122.5779, 38.6342], [-122.5771, 38.6321], [-122.5764, 38.6321], [-122.5758, 38.634], [-122.5779, 38.6342]]], [[[-122.5799, 38.6323], [-122.5795, 38.6315], [-122.5788, 38.632], [-122.5785, 38.6312], [-122.5785, 38.6323], [-122.5799, 38.6323]]], [[[-122.574, 38.6316], [-122.5754, 38.6318], [-122.5754, 38.6313], [-122.574, 38.6316]]], [[[-122.4909, 38.6344], [-122.4926, 38.6338], [-122.4922, 38.6328], [-122.4905, 38.6339], [-122.4909, 38.6344]]], [[[-122.5547, 38.6331], [-122.5547, 38.6317], [-122.5539, 38.6309], [-122.5533, 38.6323], [-122.5543, 38.6323], [-122.5547, 38.6331]], [[-122.5543, 38.6318], [-122.554, 38.632], [-122.554, 38.6318], [-122.5543, 38.6318]]], [[[-122.574, 38.6313], [-122.5739, 38.6297], [-122.5736, 38.6297], [-122.5729, 38.6308], [-122.574, 38.6313]]], [[[-122.4963, 38.6319], [-122.4977, 38.6319], [-122.4977, 38.6313], [-122.4963, 38.6319]]], [[[-122.5833, 38.6309], [-122.5836, 38.6303], [-122.5822, 38.6303], [-122.5825, 38.6295], [-122.5815, 38.6293], [-122.5815, 38.6306], [-122.5833, 38.6309]]], [[[-122.5829, 38.6295], [-122.5839, 38.6298], [-122.5839, 38.6292], [-122.5829, 38.6295]]], [[[-122.5795, 38.6312], [-122.5802, 38.6307], [-122.5791, 38.6304], [-122.5784, 38.6283], [-122.5784, 38.6291], [-122.5777, 38.6288], [-122.5774, 38.6294], [-122.5795, 38.6312]]], [[[-122.5542, 38.6293], [-122.5539, 38.6285], [-122.5528, 38.6291], [-122.5529, 38.6294], [-122.5542, 38.6293]]], [[[-122.5805, 38.6293], [-122.5811, 38.6282], [-122.5797, 38.6277], [-122.5791, 38.6291], [-122.5801, 38.6288], [-122.5805, 38.6293]]], [[[-122.5818, 38.6287], [-122.5818, 38.6274], [-122.5814, 38.6274], [-122.5811, 38.6279], [-122.5818, 38.6287]]], [[[-122.5556, 38.6293], [-122.5563, 38.6287], [-122.5559, 38.6279], [-122.5542, 38.6288], [-122.5556, 38.6293]]], [[[-122.4967, 38.6316], [-122.4959, 38.6303], [-122.4966, 38.6303], [-122.497, 38.6294], [-122.4966, 38.6284], [-122.4955, 38.6284], [-122.4962, 38.6286], [-122.4963, 38.6295], [-122.4959, 38.6289], [-122.4952, 38.6292], [-122.4953, 38.6306], [-122.4967, 38.6316]], [[-122.4966, 38.6297], [-122.4963, 38.63], [-122.4963, 38.6297], [-122.4966, 38.6297]]], [[[-122.5808, 38.6277], [-122.5807, 38.6269], [-122.5797, 38.6266], [-122.5797, 38.6272], [-122.5808, 38.6277]]], [[[-122.4949, 38.6287], [-122.4955, 38.6276], [-122.4945, 38.6276], [-122.4949, 38.6287]]], [[[-122.5397, 38.6275], [-122.5404, 38.6272], [-122.5403, 38.6264], [-122.5393, 38.6269], [-122.5397, 38.6275]]], [[[-122.581, 38.6258], [-122.5814, 38.6263], [-122.5824, 38.6255], [-122.581, 38.6258]]], [[[-122.4903, 38.628], [-122.491, 38.6269], [-122.491, 38.6255], [-122.4896, 38.6255], [-122.4903, 38.6263], [-122.4893, 38.6266], [-122.4903, 38.628]]], [[[-122.4868, 38.6256], [-122.4861, 38.6245], [-122.4857, 38.6245], [-122.4854, 38.6254], [-122.4868, 38.6256]]], [[[-122.4692, 38.6257], [-122.4699, 38.6246], [-122.4681, 38.6244], [-122.4692, 38.6257]]], [[[-122.4875, 38.6248], [-122.4878, 38.6242], [-122.4847, 38.6235], [-122.485, 38.6243], [-122.4861, 38.624], [-122.4861, 38.6245], [-122.4875, 38.6248]]], [[[-122.5705, 38.622], [-122.5709, 38.6211], [-122.5691, 38.6206], [-122.5688, 38.6212], [-122.5705, 38.622]]], [[[-122.5636, 38.6208], [-122.5639, 38.6197], [-122.5632, 38.6194], [-122.5626, 38.6205], [-122.5636, 38.6208]]], [[[-122.5177, 38.6204], [-122.5181, 38.6206], [-122.5194, 38.6203], [-122.5177, 38.6204]]], [[[-122.4866, 38.6199], [-122.4866, 38.6191], [-122.4859, 38.6189], [-122.4856, 38.6197], [-122.4866, 38.6199]]], [[[-122.5196, 38.6168], [-122.5196, 38.6163], [-122.5186, 38.6158], [-122.5186, 38.6166], [-122.5196, 38.6168]]], [[[-122.5748, 38.6154], [-122.5755, 38.6148], [-122.5744, 38.6146], [-122.5748, 38.6154]]], [[[-122.4935, 38.6179], [-122.4945, 38.6171], [-122.4937, 38.616], [-122.4924, 38.6166], [-122.4935, 38.6179]]], [[[-122.4814, 38.6176], [-122.4817, 38.6165], [-122.4803, 38.6163], [-122.4803, 38.6174], [-122.4814, 38.6176]]], [[[-122.482, 38.6165], [-122.4848, 38.6159], [-122.4847, 38.6151], [-122.4827, 38.6157], [-122.483, 38.6151], [-122.4823, 38.6149], [-122.482, 38.6165]], [[-122.4827, 38.6157], [-122.4824, 38.616], [-122.4823, 38.6157], [-122.4827, 38.6157]]], [[[-122.501, 38.615], [-122.5006, 38.6142], [-122.4996, 38.6145], [-122.4996, 38.6151], [-122.501, 38.615]]], [[[-122.5438, 38.6171], [-122.5434, 38.6163], [-122.5424, 38.6161], [-122.5434, 38.6144], [-122.543, 38.6134], [-122.5423, 38.6134], [-122.542, 38.6153], [-122.5417, 38.6147], [-122.5406, 38.6148], [-122.5406, 38.6153], [-122.5438, 38.6171]]], [[[-122.5637, 38.6135], [-122.5637, 38.6129], [-122.564, 38.6124], [-122.563, 38.6129], [-122.5637, 38.6135]]], [[[-122.5354, 38.6132], [-122.535, 38.6122], [-122.534, 38.6122], [-122.534, 38.6127], [-122.5354, 38.6132]]], [[[-122.5358, 38.6151], [-122.5358, 38.6143], [-122.533, 38.6128], [-122.5329, 38.612], [-122.5316, 38.6128], [-122.532, 38.6139], [-122.5309, 38.6133], [-122.5317, 38.6147], [-122.534, 38.6138], [-122.5351, 38.6143], [-122.5348, 38.6152], [-122.5358, 38.6151]], [[-122.533, 38.6141], [-122.5323, 38.6141], [-122.5323, 38.6136], [-122.5326, 38.6136], [-122.533, 38.6141]]], [[[-122.485, 38.6129], [-122.4861, 38.6143], [-122.486, 38.6127], [-122.485, 38.6129]]], [[[-122.5691, 38.6115], [-122.5691, 38.6106], [-122.5681, 38.6107], [-122.5681, 38.6115], [-122.5684, 38.6109], [-122.5691, 38.6115]]], [[[-122.5716, 38.6117], [-122.5722, 38.6111], [-122.5719, 38.6106], [-122.5705, 38.6114], [-122.5716, 38.6117]]], [[[-122.4961, 38.6133], [-122.4964, 38.6122], [-122.4953, 38.6119], [-122.4954, 38.6133], [-122.4961, 38.6133]]], [[[-122.5705, 38.6112], [-122.5701, 38.6104], [-122.5691, 38.6104], [-122.5698, 38.6112], [-122.5705, 38.6112]]], [[[-122.5416, 38.6118], [-122.5415, 38.6112], [-122.5405, 38.611], [-122.5405, 38.6118], [-122.5416, 38.6118]]], [[[-122.4833, 38.6135], [-122.4833, 38.613], [-122.4809, 38.6128], [-122.4812, 38.6122], [-122.4805, 38.612], [-122.4788, 38.6123], [-122.4805, 38.6133], [-122.4833, 38.6135]], [[-122.4805, 38.6125], [-122.4802, 38.6128], [-122.4802, 38.6125], [-122.4805, 38.6125]]], [[[-122.4753, 38.6129], [-122.4757, 38.6121], [-122.4743, 38.6121], [-122.4743, 38.6124], [-122.4753, 38.6129]]], [[[-122.534, 38.6122], [-122.5343, 38.6114], [-122.535, 38.6116], [-122.5353, 38.6103], [-122.5329, 38.6101], [-122.5333, 38.6111], [-122.5326, 38.6109], [-122.5326, 38.6114], [-122.534, 38.6122]], [[-122.5339, 38.6111], [-122.5336, 38.6114], [-122.5336, 38.6111], [-122.5339, 38.6111]]], [[[-122.5444, 38.6128], [-122.5443, 38.6123], [-122.5464, 38.6119], [-122.5464, 38.6114], [-122.5447, 38.6117], [-122.545, 38.6109], [-122.5439, 38.6098], [-122.5429, 38.6117], [-122.5433, 38.6128], [-122.5444, 38.6128]], [[-122.5443, 38.612], [-122.544, 38.6123], [-122.544, 38.612], [-122.5443, 38.612]]], [[[-122.5001, 38.6116], [-122.5001, 38.6107], [-122.5008, 38.611], [-122.5008, 38.6105], [-122.4994, 38.6105], [-122.5001, 38.6116]]], [[[-122.5532, 38.6102], [-122.5532, 38.6094], [-122.5525, 38.6091], [-122.5522, 38.6097], [-122.5532, 38.6102]]], [[[-122.5398, 38.6115], [-122.5401, 38.6107], [-122.5419, 38.611], [-122.5418, 38.6093], [-122.5398, 38.6105], [-122.5384, 38.6105], [-122.5384, 38.6099], [-122.5363, 38.6105], [-122.5377, 38.6105], [-122.5381, 38.6116], [-122.5398, 38.6115]]], [[[-122.5284, 38.6104], [-122.5284, 38.6096], [-122.5273, 38.6096], [-122.5277, 38.6104], [-122.5284, 38.6104]]], [[[-122.5377, 38.61], [-122.5377, 38.6094], [-122.537, 38.6092], [-122.5367, 38.61], [-122.5377, 38.61]]], [[[-122.4829, 38.6127], [-122.4829, 38.6114], [-122.4822, 38.6117], [-122.4825, 38.6108], [-122.4818, 38.6103], [-122.4819, 38.6122], [-122.4829, 38.6127]]], [[[-122.5508, 38.6094], [-122.5515, 38.6091], [-122.5515, 38.6086], [-122.5504, 38.6089], [-122.5508, 38.6094]]], [[[-122.5449, 38.6098], [-122.5449, 38.609], [-122.5456, 38.6084], [-122.5446, 38.6087], [-122.5449, 38.6098]]], [[[-122.5535, 38.6091], [-122.5535, 38.6083], [-122.5521, 38.608], [-122.5521, 38.6086], [-122.5535, 38.6091]]], [[[-122.468, 38.6101], [-122.4676, 38.6092], [-122.4673, 38.6093], [-122.467, 38.6101], [-122.468, 38.6101]]], [[[-122.5049, 38.6098], [-122.5052, 38.609], [-122.5049, 38.609], [-122.5042, 38.6082], [-122.5035, 38.6082], [-122.5032, 38.6091], [-122.5021, 38.6088], [-122.5029, 38.6099], [-122.5035, 38.6096], [-122.5039, 38.6096], [-122.5039, 38.6099], [-122.5049, 38.6098]], [[-122.5042, 38.6093], [-122.5039, 38.6096], [-122.5039, 38.6093], [-122.5042, 38.6093]], [[-122.5038, 38.6088], [-122.5035, 38.6091], [-122.5035, 38.6088], [-122.5038, 38.6088]]], [[[-122.537, 38.6092], [-122.537, 38.6086], [-122.5387, 38.6083], [-122.5387, 38.6075], [-122.5383, 38.6081], [-122.5376, 38.6075], [-122.5356, 38.6081], [-122.537, 38.6092]], [[-122.5376, 38.6081], [-122.537, 38.6084], [-122.5369, 38.6081], [-122.5376, 38.6081]]], [[[-122.5494, 38.6081], [-122.55, 38.6073], [-122.5493, 38.6067], [-122.5494, 38.6081]]], [[[-122.5686, 38.6069], [-122.5697, 38.6071], [-122.5697, 38.6063], [-122.5686, 38.6069]]], [[[-122.5059, 38.609], [-122.5059, 38.6077], [-122.5045, 38.6074], [-122.5045, 38.6085], [-122.5059, 38.609]]], [[[-122.4759, 38.6088], [-122.4759, 38.608], [-122.4745, 38.6083], [-122.4745, 38.6088], [-122.4759, 38.6088]]], [[[-122.5535, 38.608], [-122.5542, 38.6072], [-122.5538, 38.6061], [-122.5531, 38.6075], [-122.5535, 38.608]]], [[[-122.4787, 38.6093], [-122.479, 38.6082], [-122.4772, 38.6077], [-122.4773, 38.6082], [-122.4787, 38.6093]]], [[[-122.5604, 38.6071], [-122.5607, 38.6062], [-122.56, 38.606], [-122.5597, 38.6068], [-122.5604, 38.6071]]], [[[-122.5004, 38.6086], [-122.5021, 38.6083], [-122.5024, 38.6075], [-122.5007, 38.608], [-122.501, 38.6072], [-122.5003, 38.6072], [-122.5004, 38.608], [-122.4997, 38.6081], [-122.5004, 38.6086]]], [[[-122.5572, 38.6063], [-122.5572, 38.6055], [-122.5555, 38.6058], [-122.5559, 38.6063], [-122.5572, 38.6063]]], [[[-122.5541, 38.6058], [-122.5552, 38.6061], [-122.5555, 38.6055], [-122.5541, 38.6058]]], [[[-122.5504, 38.6067], [-122.55, 38.6059], [-122.551, 38.6064], [-122.551, 38.6054], [-122.5493, 38.6057], [-122.5497, 38.6067], [-122.5504, 38.6067]]], [[[-122.5314, 38.6069], [-122.5317, 38.6058], [-122.53, 38.6058], [-122.53, 38.6063], [-122.5307, 38.6061], [-122.5307, 38.6069], [-122.5314, 38.6069]]], [[[-122.561, 38.6062], [-122.5613, 38.6051], [-122.5603, 38.6049], [-122.56, 38.6054], [-122.561, 38.6062]]], [[[-122.5751, 38.6051], [-122.5748, 38.6043], [-122.5737, 38.6043], [-122.5745, 38.6051], [-122.5751, 38.6051]]], [[[-122.4772, 38.6069], [-122.4786, 38.6069], [-122.4782, 38.6063], [-122.4772, 38.6069]]], [[[-122.5118, 38.6083], [-122.5131, 38.6075], [-122.5148, 38.6075], [-122.5148, 38.6064], [-122.5127, 38.6067], [-122.5121, 38.6064], [-122.5124, 38.6056], [-122.5117, 38.6056], [-122.5117, 38.6065], [-122.5103, 38.607], [-122.511, 38.607], [-122.5107, 38.6078], [-122.5117, 38.6075], [-122.5118, 38.6083]], [[-122.5145, 38.6069], [-122.5141, 38.6072], [-122.5141, 38.6069], [-122.5145, 38.6069]]], [[[-122.4793, 38.6074], [-122.4793, 38.606], [-122.4789, 38.606], [-122.4786, 38.6071], [-122.4793, 38.6074]]], [[[-122.4769, 38.6072], [-122.4769, 38.6064], [-122.4755, 38.6061], [-122.4755, 38.6067], [-122.4769, 38.6072]]], [[[-122.572, 38.6049], [-122.5731, 38.6049], [-122.573, 38.6041], [-122.572, 38.6049]]], [[[-122.5665, 38.605], [-122.5665, 38.6042], [-122.5655, 38.6045], [-122.5658, 38.605], [-122.5665, 38.605]]], [[[-122.4993, 38.6059], [-122.4992, 38.6054], [-122.4985, 38.6048], [-122.4982, 38.6059], [-122.4993, 38.6059]]], [[[-122.5754, 38.604], [-122.5754, 38.6035], [-122.5744, 38.6032], [-122.5744, 38.6038], [-122.5754, 38.604]]], [[[-122.5425, 38.6088], [-122.5425, 38.608], [-122.5435, 38.608], [-122.5434, 38.6063], [-122.5448, 38.6063], [-122.5438, 38.6061], [-122.5441, 38.6055], [-122.5414, 38.6061], [-122.5413, 38.6053], [-122.5437, 38.6047], [-122.5423, 38.6045], [-122.543, 38.6039], [-122.5416, 38.6039], [-122.541, 38.6048], [-122.5403, 38.6045], [-122.5383, 38.6064], [-122.539, 38.6072], [-122.5393, 38.6072], [-122.5393, 38.607], [-122.5397, 38.607], [-122.5407, 38.6075], [-122.54, 38.6078], [-122.5404, 38.6088], [-122.5425, 38.6088]], [[-122.5411, 38.608], [-122.5407, 38.6083], [-122.5407, 38.608], [-122.5411, 38.608]], [[-122.5403, 38.6064], [-122.5397, 38.607], [-122.5397, 38.6067], [-122.5403, 38.6064]], [[-122.5414, 38.6061], [-122.541, 38.6064], [-122.541, 38.6061], [-122.5414, 38.6061]], [[-122.54, 38.6056], [-122.5396, 38.6059], [-122.5396, 38.6056], [-122.54, 38.6056]], [[-122.5413, 38.605], [-122.5406, 38.6053], [-122.5406, 38.605], [-122.5413, 38.605]], [[-122.542, 38.6042], [-122.5417, 38.6045], [-122.5416, 38.6042], [-122.542, 38.6042]]], [[[-122.472, 38.6065], [-122.4706, 38.6051], [-122.4696, 38.6054], [-122.4706, 38.6062], [-122.472, 38.6065]]], [[[-122.5592, 38.6041], [-122.5596, 38.6033], [-122.5582, 38.6033], [-122.5582, 38.6039], [-122.5592, 38.6041]]], [[[-122.5472, 38.6044], [-122.5464, 38.6033], [-122.5454, 38.6036], [-122.5454, 38.6039], [-122.5472, 38.6044]]], [[[-122.563, 38.6043], [-122.564, 38.6035], [-122.563, 38.6029], [-122.563, 38.6043]]], [[[-122.5458, 38.6049], [-122.5444, 38.6039], [-122.5447, 38.6033], [-122.544, 38.6033], [-122.5437, 38.6044], [-122.5458, 38.6049]]], [[[-122.5086, 38.6062], [-122.5099, 38.6049], [-122.5096, 38.6043], [-122.5082, 38.6046], [-122.5085, 38.6044], [-122.5082, 38.6038], [-122.5068, 38.6047], [-122.5062, 38.6063], [-122.5072, 38.6055], [-122.5086, 38.6062]]], [[[-122.5606, 38.6035], [-122.5606, 38.6025], [-122.5602, 38.6025], [-122.5599, 38.6036], [-122.5606, 38.6035]]], [[[-122.5513, 38.6037], [-122.552, 38.6032], [-122.5509, 38.6027], [-122.5513, 38.6037]]], [[[-122.5499, 38.6046], [-122.5506, 38.604], [-122.5502, 38.6027], [-122.5492, 38.6032], [-122.5499, 38.6046]]], [[[-122.573, 38.6027], [-122.5744, 38.6024], [-122.574, 38.6019], [-122.573, 38.6027]]], [[[-122.5454, 38.6036], [-122.5454, 38.6031], [-122.5471, 38.6027], [-122.545, 38.6028], [-122.5454, 38.6036]]], [[[-122.511, 38.6046], [-122.5099, 38.6041], [-122.5102, 38.6032], [-122.5088, 38.603], [-122.5089, 38.6041], [-122.511, 38.6046]]], [[[-122.5592, 38.6028], [-122.5599, 38.6019], [-122.5588, 38.602], [-122.5592, 38.6028]]], [[[-122.5688, 38.6026], [-122.5688, 38.602], [-122.5678, 38.6015], [-122.5674, 38.602], [-122.5688, 38.6026]]], [[[-122.5644, 38.6035], [-122.5644, 38.6029], [-122.5664, 38.6026], [-122.5657, 38.6015], [-122.565, 38.6016], [-122.5647, 38.6026], [-122.564, 38.6027], [-122.5636, 38.6019], [-122.563, 38.6021], [-122.5644, 38.6035]]], [[[-122.562, 38.603], [-122.5616, 38.6014], [-122.5609, 38.6014], [-122.5602, 38.6022], [-122.5609, 38.6022], [-122.5609, 38.603], [-122.562, 38.603]]], [[[-122.5047, 38.6034], [-122.5043, 38.6023], [-122.5026, 38.6023], [-122.5026, 38.6026], [-122.5047, 38.6034]]], [[[-122.5383, 38.6062], [-122.5382, 38.6054], [-122.5403, 38.6042], [-122.5382, 38.604], [-122.5371, 38.6027], [-122.5385, 38.6029], [-122.5392, 38.6024], [-122.5402, 38.6034], [-122.5409, 38.6021], [-122.5391, 38.6016], [-122.5371, 38.6019], [-122.5371, 38.6011], [-122.5357, 38.6011], [-122.5343, 38.6019], [-122.5343, 38.6025], [-122.5354, 38.6025], [-122.5351, 38.6033], [-122.5344, 38.603], [-122.5348, 38.6049], [-122.5358, 38.6051], [-122.5358, 38.6054], [-122.5362, 38.6054], [-122.5362, 38.6057], [-122.5376, 38.6056], [-122.5369, 38.6062], [-122.5383, 38.6062]], [[-122.5368, 38.6051], [-122.5362, 38.6054], [-122.5362, 38.6051], [-122.5368, 38.6051]], [[-122.5375, 38.6048], [-122.5368, 38.6051], [-122.5368, 38.6049], [-122.5375, 38.6048]], [[-122.5379, 38.6043], [-122.5368, 38.6043], [-122.5368, 38.604], [-122.5378, 38.6037], [-122.5379, 38.6043]], [[-122.5368, 38.6032], [-122.5361, 38.6038], [-122.5357, 38.603], [-122.5361, 38.603], [-122.5361, 38.6032], [-122.5368, 38.6032]], [[-122.5368, 38.603], [-122.5361, 38.603], [-122.5361, 38.6024], [-122.5364, 38.6024], [-122.5368, 38.603]], [[-122.5381, 38.6021], [-122.5378, 38.6024], [-122.5378, 38.6021], [-122.5381, 38.6021]], [[-122.5367, 38.6022], [-122.5361, 38.6022], [-122.536, 38.6014], [-122.5367, 38.6013], [-122.5367, 38.6022]]], [[[-122.5647, 38.6024], [-122.5643, 38.6013], [-122.565, 38.6013], [-122.5653, 38.6005], [-122.5636, 38.6005], [-122.5643, 38.6008], [-122.5636, 38.6019], [-122.5647, 38.6024]]], [[[-122.4854, 38.6032], [-122.4854, 38.6024], [-122.4843, 38.6019], [-122.484, 38.6027], [-122.4854, 38.6032]]], [[[-122.5605, 38.6011], [-122.5608, 38.6], [-122.5598, 38.6], [-122.5595, 38.6011], [-122.5605, 38.6011]]], [[[-122.5691, 38.6015], [-122.5702, 38.6009], [-122.5698, 38.5996], [-122.5691, 38.5996], [-122.5694, 38.6001], [-122.5684, 38.6009], [-122.5691, 38.6015]]], [[[-122.495, 38.6019], [-122.4946, 38.6011], [-122.4939, 38.6012], [-122.494, 38.6017], [-122.495, 38.6019]]], [[[-122.5609, 38.6011], [-122.5629, 38.6008], [-122.5632, 38.5992], [-122.5625, 38.5992], [-122.5629, 38.5997], [-122.5619, 38.6005], [-122.5608, 38.6006], [-122.5609, 38.6011]]], [[[-122.5598, 38.6], [-122.5608, 38.5995], [-122.5591, 38.599], [-122.5587, 38.5995], [-122.5598, 38.6]]], [[[-122.5305, 38.6007], [-122.5312, 38.6004], [-122.5308, 38.5996], [-122.5301, 38.6001], [-122.5305, 38.6007]]], [[[-122.4987, 38.6005], [-122.4987, 38.6], [-122.4977, 38.5997], [-122.4977, 38.6003], [-122.4987, 38.6005]]], [[[-122.4846, 38.6008], [-122.4846, 38.6], [-122.4836, 38.6003], [-122.4836, 38.6008], [-122.4846, 38.6008]]], [[[-122.5576, 38.5974], [-122.559, 38.5976], [-122.559, 38.5971], [-122.5576, 38.5974]]], [[[-122.5573, 38.5977], [-122.5573, 38.5971], [-122.5555, 38.5972], [-122.5563, 38.5977], [-122.5573, 38.5977]]], [[[-122.5183, 38.5985], [-122.5183, 38.5979], [-122.5173, 38.598], [-122.5173, 38.5985], [-122.5183, 38.5985]]], [[[-122.5325, 38.599], [-122.5328, 38.5982], [-122.5307, 38.5974], [-122.5311, 38.599], [-122.5325, 38.599]], [[-122.5321, 38.5985], [-122.5318, 38.5987], [-122.5318, 38.5985], [-122.5321, 38.5985]]], [[[-122.5263, 38.5981], [-122.5259, 38.5972], [-122.5249, 38.5975], [-122.5249, 38.5981], [-122.5263, 38.5981]]], [[[-122.4915, 38.5996], [-122.4914, 38.5982], [-122.4904, 38.5977], [-122.4904, 38.5993], [-122.4915, 38.5996]]], [[[-122.5614, 38.5976], [-122.5614, 38.5968], [-122.5628, 38.5973], [-122.5631, 38.5962], [-122.5614, 38.596], [-122.5611, 38.5971], [-122.5604, 38.5971], [-122.5614, 38.5976]]], [[[-122.5541, 38.5961], [-122.5548, 38.5966], [-122.5559, 38.5961], [-122.5541, 38.5961]]], [[[-122.49, 38.5983], [-122.4897, 38.5972], [-122.489, 38.5972], [-122.489, 38.598], [-122.49, 38.5983]]], [[[-122.5345, 38.5981], [-122.5352, 38.5973], [-122.5348, 38.5963], [-122.5338, 38.5968], [-122.5345, 38.5981]]], [[[-122.5245, 38.5967], [-122.5255, 38.597], [-122.5255, 38.5964], [-122.5245, 38.5967]]], [[[-122.5614, 38.596], [-122.5613, 38.5952], [-122.5607, 38.5952], [-122.5607, 38.596], [-122.5614, 38.596]]], [[[-122.5368, 38.5951], [-122.5396, 38.5948], [-122.5389, 38.5937], [-122.5368, 38.5943], [-122.5375, 38.5946], [-122.5368, 38.5951]], [[-122.5389, 38.5943], [-122.5386, 38.5946], [-122.5385, 38.5943], [-122.5389, 38.5943]]], [[[-122.5098, 38.6], [-122.5101, 38.5989], [-122.5135, 38.597], [-122.5127, 38.5948], [-122.5137, 38.5945], [-122.5137, 38.5937], [-122.5127, 38.5937], [-122.5123, 38.5948], [-122.511, 38.5954], [-122.5092, 38.5946], [-122.5089, 38.5957], [-122.5082, 38.5955], [-122.5079, 38.596], [-122.5062, 38.5958], [-122.5051, 38.5942], [-122.5037, 38.5945], [-122.5037, 38.595], [-122.503, 38.5942], [-122.502, 38.5945], [-122.5027, 38.5948], [-122.5024, 38.5961], [-122.5013, 38.5959], [-122.5007, 38.5964], [-122.5024, 38.5967], [-122.5017, 38.5972], [-122.5025, 38.5991], [-122.5028, 38.5985], [-122.5035, 38.5991], [-122.5038, 38.5982], [-122.5066, 38.5987], [-122.5059, 38.5977], [-122.5076, 38.5976], [-122.508, 38.5982], [-122.5073, 38.5984], [-122.5083, 38.5984], [-122.5087, 38.5998], [-122.5098, 38.6]], [[-122.509, 38.5984], [-122.5083, 38.5984], [-122.5083, 38.5971], [-122.509, 38.5973], [-122.509, 38.5984]], [[-122.5035, 38.5983], [-122.5028, 38.5983], [-122.5028, 38.5977], [-122.5031, 38.5977], [-122.5035, 38.5983]], [[-122.5111, 38.5973], [-122.5104, 38.5978], [-122.5104, 38.5976], [-122.5111, 38.5973]], [[-122.5042, 38.5977], [-122.5038, 38.598], [-122.5038, 38.5977], [-122.5042, 38.5977]], [[-122.5048, 38.5974], [-122.5042, 38.5977], [-122.5042, 38.5974], [-122.5048, 38.5974]], [[-122.5107, 38.5973], [-122.5097, 38.5973], [-122.5096, 38.596], [-122.511, 38.5962], [-122.5107, 38.5973]], [[-122.5059, 38.5969], [-122.5052, 38.5974], [-122.5048, 38.5969], [-122.5059, 38.5969]], [[-122.5035, 38.5972], [-122.5028, 38.5975], [-122.5028, 38.5972], [-122.5035, 38.5972]], [[-122.5131, 38.5967], [-122.5128, 38.597], [-122.5128, 38.5967], [-122.5131, 38.5967]], [[-122.5124, 38.5962], [-122.5117, 38.5967], [-122.5117, 38.5962], [-122.5124, 38.5962]], [[-122.5093, 38.5965], [-122.509, 38.5968], [-122.509, 38.5965], [-122.5093, 38.5965]], [[-122.5124, 38.5951], [-122.512, 38.5954], [-122.512, 38.5951], [-122.5124, 38.5951]], [[-122.5048, 38.595], [-122.5044, 38.5953], [-122.5044, 38.595], [-122.5048, 38.595]]], [[[-122.4954, 38.5949], [-122.4958, 38.5941], [-122.4944, 38.5944], [-122.4944, 38.5947], [-122.4954, 38.5949]]], [[[-122.4921, 38.5982], [-122.4927, 38.596], [-122.4934, 38.596], [-122.493, 38.5942], [-122.4923, 38.5942], [-122.4927, 38.5958], [-122.491, 38.5958], [-122.491, 38.5953], [-122.492, 38.5953], [-122.4909, 38.5945], [-122.4896, 38.5967], [-122.4904, 38.5974], [-122.4921, 38.5969], [-122.4911, 38.5977], [-122.4921, 38.5982]]], [[[-122.4861, 38.5948], [-122.4861, 38.5943], [-122.4851, 38.594], [-122.4851, 38.5946], [-122.4861, 38.5948]]], [[[-122.4882, 38.5945], [-122.4903, 38.5945], [-122.4909, 38.5937], [-122.4895, 38.5934], [-122.4882, 38.5945]]], [[[-122.5147, 38.5934], [-122.515, 38.5923], [-122.5126, 38.5927], [-122.5133, 38.5929], [-122.513, 38.5935], [-122.5147, 38.5934]]], [[[-122.5189, 38.5936], [-122.5188, 38.5928], [-122.5191, 38.592], [-122.5175, 38.5931], [-122.5189, 38.5936]]], [[[-122.5243, 38.5924], [-122.524, 38.5916], [-122.5219, 38.5919], [-122.5219, 38.5925], [-122.5243, 38.5924]]], [[[-122.5126, 38.5927], [-122.5126, 38.5913], [-122.5102, 38.5922], [-122.5109, 38.5927], [-122.5126, 38.5927]], [[-122.5122, 38.5919], [-122.5119, 38.5921], [-122.5119, 38.5919], [-122.5122, 38.5919]]], [[[-122.5343, 38.5914], [-122.5336, 38.5901], [-122.5329, 38.5901], [-122.5336, 38.5914], [-122.5343, 38.5914]]], [[[-122.5143, 38.5924], [-122.5167, 38.5912], [-122.5163, 38.5904], [-122.5157, 38.5913], [-122.5153, 38.5907], [-122.5143, 38.591], [-122.5147, 38.5915], [-122.5136, 38.5921], [-122.5143, 38.5924]]], [[[-122.4933, 38.5928], [-122.4936, 38.592], [-122.495, 38.5917], [-122.4953, 38.5909], [-122.4916, 38.592], [-122.4916, 38.5928], [-122.4933, 38.5928]]], [[[-122.526, 38.591], [-122.526, 38.5905], [-122.5253, 38.5908], [-122.5256, 38.5892], [-122.5246, 38.5889], [-122.5239, 38.5897], [-122.5243, 38.5908], [-122.526, 38.591]]], [[[-122.5136, 38.5913], [-122.5129, 38.5905], [-122.5136, 38.5899], [-122.5139, 38.5899], [-122.5143, 38.5905], [-122.515, 38.5905], [-122.5146, 38.5891], [-122.5129, 38.5902], [-122.5115, 38.5903], [-122.5119, 38.5911], [-122.5136, 38.5913]], [[-122.5142, 38.5897], [-122.5139, 38.5899], [-122.5139, 38.5897], [-122.5142, 38.5897]]], [[[-122.4953, 38.5906], [-122.4956, 38.59], [-122.4946, 38.5895], [-122.4942, 38.5901], [-122.4953, 38.5906]]], [[[-122.4891, 38.5913], [-122.4884, 38.5897], [-122.4867, 38.5905], [-122.4877, 38.5913], [-122.4891, 38.5913]]], [[[-122.5211, 38.5895], [-122.5204, 38.5887], [-122.5197, 38.5887], [-122.5201, 38.5895], [-122.5211, 38.5895]]], [[[-122.5167, 38.5896], [-122.517, 38.5885], [-122.5153, 38.5891], [-122.5153, 38.5894], [-122.5167, 38.5896]]], [[[-122.4904, 38.5896], [-122.4897, 38.5894], [-122.4894, 38.5886], [-122.4894, 38.5896], [-122.4904, 38.5896]]], [[[-122.5246, 38.5886], [-122.5245, 38.5881], [-122.5235, 38.5878], [-122.5235, 38.5884], [-122.5246, 38.5886]]], [[[-122.538, 38.5886], [-122.539, 38.5878], [-122.5386, 38.5873], [-122.5366, 38.5878], [-122.537, 38.5886], [-122.538, 38.5886]], [[-122.5376, 38.5881], [-122.5373, 38.5884], [-122.5373, 38.5881], [-122.5376, 38.5881]]], [[[-122.4873, 38.5886], [-122.4876, 38.5881], [-122.4876, 38.5872], [-122.4869, 38.5875], [-122.4873, 38.5886]]], [[[-122.5455, 38.5866], [-122.5448, 38.5863], [-122.5444, 38.5853], [-122.5445, 38.5866], [-122.5455, 38.5866]]], [[[-122.5245, 38.5867], [-122.5245, 38.5859], [-122.5234, 38.5857], [-122.5235, 38.5868], [-122.5245, 38.5867]]], [[[-122.5275, 38.5853], [-122.5272, 38.5845], [-122.5265, 38.5845], [-122.5265, 38.5851], [-122.5275, 38.5853]]], [[[-122.5138, 38.5875], [-122.5135, 38.587], [-122.5148, 38.5859], [-122.5165, 38.5861], [-122.5168, 38.585], [-122.5155, 38.5848], [-122.5138, 38.5859], [-122.5128, 38.5873], [-122.5138, 38.5875]]], [[[-122.4894, 38.5886], [-122.49, 38.588], [-122.49, 38.5861], [-122.491, 38.5861], [-122.4917, 38.585], [-122.4886, 38.5861], [-122.4894, 38.5886]], [[-122.4896, 38.5861], [-122.4893, 38.5864], [-122.4893, 38.5861], [-122.4896, 38.5861]]], [[[-122.5486, 38.5846], [-122.5485, 38.5838], [-122.5468, 38.5836], [-122.5475, 38.5844], [-122.5482, 38.5841], [-122.5486, 38.5846]]], [[[-122.4896, 38.5856], [-122.4896, 38.5845], [-122.4889, 38.5845], [-122.4886, 38.5853], [-122.4896, 38.5856]]], [[[-122.5147, 38.584], [-122.5147, 38.5834], [-122.514, 38.5837], [-122.5144, 38.5829], [-122.5137, 38.5829], [-122.5134, 38.5837], [-122.5147, 38.584]]], [[[-122.5268, 38.5827], [-122.5264, 38.5818], [-122.5257, 38.5819], [-122.5257, 38.5827], [-122.5268, 38.5827]]], [[[-122.5498, 38.5819], [-122.5512, 38.5813], [-122.5498, 38.5814], [-122.5498, 38.5819]]], [[[-122.4892, 38.584], [-122.4902, 38.5831], [-122.4905, 38.5821], [-122.4885, 38.5826], [-122.4892, 38.584]]], [[[-122.5501, 38.5805], [-122.5515, 38.5805], [-122.5515, 38.58], [-122.5501, 38.5805]]], [[[-122.5005, 38.581], [-122.5012, 38.5805], [-122.4998, 38.5802], [-122.4995, 38.5808], [-122.5005, 38.581]]], [[[-122.4778, 38.582], [-122.4781, 38.581], [-122.4774, 38.5812], [-122.4767, 38.5802], [-122.4778, 38.582]]], [[[-122.4836, 38.58], [-122.4853, 38.5795], [-122.4846, 38.5789], [-122.4836, 38.58]]], [[[-122.5473, 38.5787], [-122.5473, 38.5776], [-122.5479, 38.5768], [-122.5469, 38.5774], [-122.5466, 38.5787], [-122.5473, 38.5787]]], [[[-122.4798, 38.5798], [-122.4801, 38.5793], [-122.4784, 38.5791], [-122.4783, 38.5783], [-122.4776, 38.578], [-122.478, 38.5793], [-122.4798, 38.5798]]], [[[-122.4994, 38.5781], [-122.5011, 38.5775], [-122.5, 38.5773], [-122.5007, 38.5764], [-122.499, 38.5773], [-122.4994, 38.5781]]], [[[-122.5043, 38.5804], [-122.5036, 38.5796], [-122.5042, 38.5791], [-122.5025, 38.578], [-122.5024, 38.5769], [-122.5014, 38.5762], [-122.5011, 38.5772], [-122.5025, 38.5783], [-122.5025, 38.5788], [-122.5015, 38.5789], [-122.5025, 38.5794], [-122.5022, 38.5805], [-122.5043, 38.5804]]], [[[-122.4852, 38.5773], [-122.4841, 38.5765], [-122.4835, 38.5768], [-122.4835, 38.5771], [-122.4852, 38.5773]]], [[[-122.5007, 38.5756], [-122.501, 38.5748], [-122.4993, 38.5751], [-122.4993, 38.5754], [-122.5007, 38.5756]]], [[[-122.4852, 38.5762], [-122.4848, 38.5752], [-122.4824, 38.5747], [-122.4824, 38.5755], [-122.4834, 38.5752], [-122.4834, 38.5757], [-122.4852, 38.5762]]], [[[-122.5086, 38.5771], [-122.5103, 38.5762], [-122.5093, 38.576], [-122.5093, 38.5749], [-122.512, 38.5751], [-122.512, 38.5746], [-122.513, 38.5746], [-122.5113, 38.5733], [-122.5079, 38.5744], [-122.5076, 38.5758], [-122.5086, 38.5757], [-122.5086, 38.5771]], [[-122.5096, 38.5744], [-122.5092, 38.5746], [-122.5092, 38.5744], [-122.5096, 38.5744]]], [[[-122.5044, 38.5745], [-122.5047, 38.5734], [-122.5033, 38.5731], [-122.5037, 38.5745], [-122.5044, 38.5745]]], [[[-122.4965, 38.5741], [-122.4992, 38.5735], [-122.4992, 38.5724], [-122.4964, 38.5733], [-122.4965, 38.5741]]], [[[-122.4802, 38.5731], [-122.4805, 38.5723], [-122.4792, 38.572], [-122.4792, 38.5728], [-122.4802, 38.5731]]], [[[-122.5002, 38.5716], [-122.5005, 38.5708], [-122.4991, 38.5705], [-122.4991, 38.5711], [-122.5002, 38.5716]]], [[[-122.5036, 38.5696], [-122.5035, 38.5691], [-122.5025, 38.5686], [-122.5022, 38.5691], [-122.5036, 38.5696]]], [[[-122.5139, 38.5692], [-122.5142, 38.5683], [-122.5128, 38.5686], [-122.5128, 38.5689], [-122.5139, 38.5692]]], [[[-122.4667, 38.5704], [-122.467, 38.5682], [-122.4659, 38.5677], [-122.4645, 38.568], [-122.4649, 38.5693], [-122.4639, 38.5696], [-122.4667, 38.5704]], [[-122.4656, 38.5688], [-122.4653, 38.5691], [-122.4653, 38.5688], [-122.4656, 38.5688]]], [[[-122.5039, 38.5688], [-122.5045, 38.5675], [-122.5035, 38.5667], [-122.5032, 38.5683], [-122.5039, 38.5688]]], [[[-122.5094, 38.5682], [-122.5097, 38.5665], [-122.5083, 38.5666], [-122.508, 38.5677], [-122.5094, 38.5682]]], [[[-122.5011, 38.5675], [-122.5014, 38.5664], [-122.5007, 38.5662], [-122.5011, 38.5675]]], [[[-122.4787, 38.5672], [-122.4797, 38.5666], [-122.479, 38.5658], [-122.4783, 38.5664], [-122.4787, 38.5672]]], [[[-122.4817, 38.5663], [-122.4817, 38.5658], [-122.48, 38.5661], [-122.48, 38.5663], [-122.4817, 38.5663]]], [[[-122.4638, 38.5664], [-122.4648, 38.5658], [-122.4634, 38.5659], [-122.4638, 38.5664]]], [[[-122.4697, 38.5666], [-122.47, 38.5657], [-122.4707, 38.5663], [-122.4714, 38.5654], [-122.4689, 38.5647], [-122.4686, 38.5652], [-122.4696, 38.5657], [-122.4697, 38.5666]]], [[[-122.4769, 38.5667], [-122.4782, 38.5645], [-122.4768, 38.5645], [-122.4768, 38.564], [-122.4751, 38.5646], [-122.4747, 38.5637], [-122.4727, 38.5635], [-122.4727, 38.5651], [-122.472, 38.5654], [-122.4745, 38.5662], [-122.4741, 38.5651], [-122.4755, 38.5656], [-122.4762, 38.5648], [-122.4769, 38.5651], [-122.4762, 38.5667], [-122.4769, 38.5667]], [[-122.4741, 38.5648], [-122.4731, 38.5654], [-122.4731, 38.5646], [-122.4741, 38.5648]], [[-122.4755, 38.5648], [-122.4751, 38.5651], [-122.4751, 38.5648], [-122.4755, 38.5648]]], [[[-122.4803, 38.5639], [-122.4813, 38.5636], [-122.482, 38.5631], [-122.4802, 38.5634], [-122.4803, 38.5639]]], [[[-122.4706, 38.5622], [-122.4716, 38.5617], [-122.4702, 38.5617], [-122.4706, 38.5622]]], [[[-122.5515, 38.5608], [-122.5515, 38.5603], [-122.5505, 38.5597], [-122.5501, 38.5603], [-122.5515, 38.5608]]], [[[-122.505, 38.5612], [-122.5053, 38.5601], [-122.506, 38.5596], [-122.5053, 38.5596], [-122.505, 38.5604], [-122.5039, 38.5602], [-122.505, 38.5612]]], [[[-122.5511, 38.5578], [-122.5507, 38.557], [-122.5497, 38.5571], [-122.55, 38.5576], [-122.5511, 38.5578]]], [[[-122.5845, 38.5555], [-122.5848, 38.5547], [-122.5831, 38.555], [-122.5831, 38.5553], [-122.5845, 38.5555]]], [[[-122.5648, 38.5559], [-122.5658, 38.5554], [-122.5651, 38.5551], [-122.5658, 38.5543], [-122.5648, 38.5543], [-122.5647, 38.5538], [-122.562, 38.5549], [-122.5624, 38.556], [-122.5627, 38.5554], [-122.5648, 38.5559]], [[-122.5648, 38.5549], [-122.5645, 38.5554], [-122.5644, 38.5549], [-122.5648, 38.5549]], [[-122.5641, 38.5549], [-122.5638, 38.5551], [-122.5637, 38.5549], [-122.5641, 38.5549]], [[-122.5634, 38.5549], [-122.5627, 38.5552], [-122.5627, 38.5549], [-122.5634, 38.5549]], [[-122.5637, 38.5546], [-122.5634, 38.5549], [-122.5634, 38.5546], [-122.5637, 38.5546]]], [[[-122.5544, 38.5551], [-122.5548, 38.5545], [-122.5537, 38.554], [-122.5531, 38.5548], [-122.5544, 38.5551]]], [[[-122.5682, 38.554], [-122.5682, 38.5529], [-122.5678, 38.5529], [-122.5675, 38.5537], [-122.5682, 38.554]]], [[[-122.5592, 38.5544], [-122.5596, 38.5536], [-122.5585, 38.5531], [-122.5582, 38.5539], [-122.5592, 38.5544]]], [[[-122.562, 38.5538], [-122.5637, 38.5538], [-122.5637, 38.5522], [-122.5616, 38.553], [-122.5623, 38.5533], [-122.562, 38.5538]], [[-122.5633, 38.5527], [-122.5627, 38.5533], [-122.5626, 38.5527], [-122.5633, 38.5527]]], [[[-122.48, 38.5564], [-122.481, 38.5558], [-122.4809, 38.5534], [-122.4792, 38.5537], [-122.4803, 38.5539], [-122.4789, 38.5542], [-122.4793, 38.5556], [-122.4779, 38.555], [-122.4786, 38.5564], [-122.48, 38.5564]], [[-122.48, 38.5558], [-122.4797, 38.5561], [-122.4797, 38.5558], [-122.48, 38.5558]], [[-122.4803, 38.5555], [-122.48, 38.5558], [-122.48, 38.5555], [-122.4803, 38.5555]]], [[[-122.5351, 38.5539], [-122.5368, 38.553], [-122.535, 38.5522], [-122.5351, 38.5539]]], [[[-122.5582, 38.5528], [-122.5599, 38.5525], [-122.5602, 38.5514], [-122.5588, 38.5515], [-122.5578, 38.5523], [-122.5582, 38.5528]]], [[[-122.4961, 38.5541], [-122.4975, 38.5536], [-122.4968, 38.5522], [-122.4954, 38.5525], [-122.4951, 38.5536], [-122.4944, 38.5534], [-122.4944, 38.5539], [-122.4961, 38.5541]]], [[[-122.5681, 38.5513], [-122.5691, 38.551], [-122.5698, 38.5502], [-122.5681, 38.5505], [-122.5681, 38.5513]], [[-122.5688, 38.5505], [-122.5684, 38.5507], [-122.5684, 38.5505], [-122.5688, 38.5505]]], [[[-122.5763, 38.5503], [-122.5756, 38.5495], [-122.5749, 38.5498], [-122.575, 38.5503], [-122.5763, 38.5503]]], [[[-122.5577, 38.5501], [-122.5591, 38.5504], [-122.5594, 38.5496], [-122.5577, 38.5501]]], [[[-122.5495, 38.5509], [-122.5494, 38.5498], [-122.5487, 38.5498], [-122.5481, 38.5506], [-122.5495, 38.5509]]], [[[-122.5818, 38.5494], [-122.5818, 38.5486], [-122.5804, 38.5491], [-122.5804, 38.5494], [-122.5818, 38.5494]]], [[[-122.5446, 38.5502], [-122.547, 38.5498], [-122.5466, 38.5488], [-122.5446, 38.5502]]], [[[-122.4803, 38.5534], [-122.482, 38.5525], [-122.4802, 38.5501], [-122.4795, 38.5515], [-122.4778, 38.5515], [-122.4778, 38.551], [-122.4768, 38.5516], [-122.4771, 38.5526], [-122.4785, 38.5531], [-122.4795, 38.5526], [-122.4803, 38.5534]], [[-122.4785, 38.5518], [-122.4781, 38.5521], [-122.4781, 38.5518], [-122.4785, 38.5518]]], [[[-122.5609, 38.5517], [-122.5646, 38.5503], [-122.5642, 38.5484], [-122.5639, 38.5495], [-122.5622, 38.5506], [-122.5615, 38.5501], [-122.5601, 38.5504], [-122.5598, 38.5512], [-122.5605, 38.5512], [-122.5609, 38.5517]], [[-122.5608, 38.5509], [-122.5605, 38.5512], [-122.5605, 38.5509], [-122.5608, 38.5509]]], [[[-122.4933, 38.5526], [-122.4937, 38.5518], [-122.4926, 38.5518], [-122.4915, 38.5507], [-122.4909, 38.5513], [-122.4898, 38.5499], [-122.4898, 38.551], [-122.4933, 38.5526]]], [[[-122.5219, 38.5498], [-122.5218, 38.5487], [-122.5208, 38.5482], [-122.5205, 38.5493], [-122.5219, 38.5498]]], [[[-122.5484, 38.5485], [-122.548, 38.5476], [-122.547, 38.5479], [-122.5473, 38.5485], [-122.5484, 38.5485]]], [[[-122.5156, 38.5486], [-122.5167, 38.5488], [-122.5166, 38.5483], [-122.5156, 38.5486]]], [[[-122.4795, 38.5499], [-122.4794, 38.5493], [-122.4798, 38.5491], [-122.4787, 38.5494], [-122.4795, 38.5499]]], [[[-122.5439, 38.548], [-122.5449, 38.5472], [-122.5438, 38.5464], [-122.5439, 38.548]]], [[[-122.5955, 38.5469], [-122.5969, 38.5466], [-122.5982, 38.5455], [-122.5968, 38.5453], [-122.5965, 38.5461], [-122.5952, 38.5464], [-122.5955, 38.5469]]], [[[-122.5924, 38.547], [-122.5931, 38.5464], [-122.5917, 38.5462], [-122.5924, 38.5456], [-122.5889, 38.5452], [-122.5889, 38.546], [-122.5896, 38.5457], [-122.59, 38.5457], [-122.59, 38.5459], [-122.591, 38.5459], [-122.5924, 38.547]], [[-122.5903, 38.5454], [-122.59, 38.5457], [-122.59, 38.5454], [-122.5903, 38.5454]], [[-122.5896, 38.5454], [-122.5893, 38.5457], [-122.5893, 38.5454], [-122.5896, 38.5454]]], [[[-122.5727, 38.5458], [-122.5724, 38.5447], [-122.5717, 38.5447], [-122.5717, 38.5455], [-122.5727, 38.5458]]], [[[-122.479, 38.548], [-122.4797, 38.5469], [-122.4786, 38.5461], [-122.478, 38.5472], [-122.479, 38.548]]], [[[-122.5596, 38.5452], [-122.5607, 38.5452], [-122.5606, 38.5444], [-122.5596, 38.5452]]], [[[-122.5473, 38.5568], [-122.5476, 38.5558], [-122.5469, 38.5552], [-122.55, 38.5557], [-122.5489, 38.5544], [-122.5479, 38.5544], [-122.5495, 38.5519], [-122.5499, 38.5525], [-122.5519, 38.5516], [-122.5543, 38.5518], [-122.5543, 38.5505], [-122.5557, 38.5507], [-122.5573, 38.5493], [-122.558, 38.5496], [-122.558, 38.5488], [-122.5594, 38.5479], [-122.5587, 38.5477], [-122.5577, 38.5488], [-122.5556, 38.5491], [-122.5563, 38.5483], [-122.5552, 38.5475], [-122.5562, 38.5475], [-122.5555, 38.5464], [-122.5565, 38.5448], [-122.5551, 38.5445], [-122.5547, 38.5437], [-122.5541, 38.5437], [-122.5541, 38.5446], [-122.553, 38.5438], [-122.552, 38.5446], [-122.552, 38.5457], [-122.551, 38.5457], [-122.5507, 38.5465], [-122.549, 38.546], [-122.5489, 38.5455], [-122.5496, 38.5455], [-122.5496, 38.5457], [-122.551, 38.5454], [-122.5506, 38.5444], [-122.5493, 38.5447], [-122.5493, 38.5452], [-122.5482, 38.5449], [-122.5479, 38.546], [-122.5472, 38.546], [-122.5487, 38.5471], [-122.5483, 38.5479], [-122.5494, 38.5479], [-122.5484, 38.549], [-122.5501, 38.5492], [-122.5501, 38.5487], [-122.5511, 38.5487], [-122.5522, 38.5503], [-122.5512, 38.55], [-122.5502, 38.5511], [-122.5485, 38.5514], [-122.5474, 38.5509], [-122.5471, 38.5517], [-122.5488, 38.5517], [-122.5475, 38.5533], [-122.5468, 38.5531], [-122.5478, 38.5522], [-122.5457, 38.5523], [-122.5461, 38.5536], [-122.5451, 38.5547], [-122.5462, 38.5547], [-122.5465, 38.555], [-122.5462, 38.5561], [-122.5473, 38.5568]], [[-122.5468, 38.5544], [-122.5462, 38.5547], [-122.5461, 38.5544], [-122.5468, 38.5544]], [[-122.5468, 38.5533], [-122.5465, 38.5542], [-122.5465, 38.5534], [-122.5468, 38.5533]], [[-122.5498, 38.5514], [-122.5492, 38.5517], [-122.5491, 38.5514], [-122.5498, 38.5514]], [[-122.5536, 38.551], [-122.5529, 38.5513], [-122.5529, 38.5511], [-122.5536, 38.551]], [[-122.5522, 38.5511], [-122.5519, 38.5513], [-122.5519, 38.5511], [-122.5522, 38.5511]], [[-122.5512, 38.5514], [-122.5505, 38.5514], [-122.5508, 38.5506], [-122.5512, 38.5506], [-122.5512, 38.5514]], [[-122.5536, 38.5505], [-122.5529, 38.5508], [-122.5529, 38.5505], [-122.5536, 38.5505]], [[-122.5543, 38.5502], [-122.5532, 38.5502], [-122.5532, 38.5497], [-122.5542, 38.5491], [-122.5545, 38.5481], [-122.5549, 38.5483], [-122.5546, 38.5491], [-122.5553, 38.5497], [-122.5542, 38.5494], [-122.5543, 38.5502]], [[-122.5535, 38.5492], [-122.5532, 38.5494], [-122.5532, 38.5492], [-122.5535, 38.5492]], [[-122.5532, 38.5486], [-122.5529, 38.5492], [-122.5528, 38.5486], [-122.5532, 38.5486]], [[-122.5522, 38.5486], [-122.5515, 38.5489], [-122.5515, 38.5487], [-122.5522, 38.5486]], [[-122.5552, 38.548], [-122.5549, 38.5483], [-122.5549, 38.548], [-122.5552, 38.548]], [[-122.5539, 38.5481], [-122.5535, 38.5483], [-122.5535, 38.5481], [-122.5539, 38.5481]], [[-122.5514, 38.5478], [-122.5508, 38.5484], [-122.55, 38.5476], [-122.5514, 38.5478]], [[-122.5535, 38.5478], [-122.5532, 38.5481], [-122.5532, 38.5478], [-122.5535, 38.5478]], [[-122.5531, 38.5475], [-122.5528, 38.5478], [-122.5528, 38.5475], [-122.5531, 38.5475]], [[-122.5521, 38.5473], [-122.5518, 38.5478], [-122.5514, 38.5473], [-122.5521, 38.5473]], [[-122.5535, 38.5473], [-122.5531, 38.5475], [-122.5531, 38.5473], [-122.5535, 38.5473]], [[-122.5531, 38.547], [-122.5521, 38.5473], [-122.5521, 38.547], [-122.5531, 38.547]], [[-122.55, 38.5473], [-122.5497, 38.5468], [-122.549, 38.5471], [-122.5486, 38.5463], [-122.5504, 38.5465], [-122.5507, 38.5471], [-122.55, 38.5473]], [[-122.5545, 38.5459], [-122.5541, 38.5464], [-122.5541, 38.5459], [-122.5545, 38.5459]], [[-122.5503, 38.5452], [-122.5496, 38.5455], [-122.5496, 38.5452], [-122.5503, 38.5452]], [[-122.5562, 38.5448], [-122.5558, 38.5451], [-122.5558, 38.5448], [-122.5562, 38.5448]], [[-122.5506, 38.5449], [-122.5503, 38.5452], [-122.5503, 38.5449], [-122.5506, 38.5449]], [[-122.5527, 38.5446], [-122.5524, 38.5449], [-122.5524, 38.5446], [-122.5527, 38.5446]]], [[[-122.5727, 38.5442], [-122.5737, 38.5436], [-122.5733, 38.5431], [-122.572, 38.5436], [-122.5727, 38.5442]]], [[[-122.593, 38.544], [-122.5926, 38.5435], [-122.5933, 38.5432], [-122.5923, 38.5424], [-122.5902, 38.5424], [-122.5916, 38.5427], [-122.592, 38.544], [-122.593, 38.544]]], [[[-122.6075, 38.5429], [-122.6085, 38.5426], [-122.6078, 38.5418], [-122.6067, 38.5423], [-122.6075, 38.5429]]], [[[-122.5554, 38.5434], [-122.5551, 38.5429], [-122.554, 38.5432], [-122.554, 38.5435], [-122.5554, 38.5434]]], [[[-122.5513, 38.5446], [-122.5523, 38.5438], [-122.5502, 38.5427], [-122.5496, 38.5441], [-122.551, 38.5441], [-122.5513, 38.5446]]], [[[-122.5672, 38.544], [-122.5675, 38.5432], [-122.5668, 38.5427], [-122.5643, 38.5424], [-122.5647, 38.5432], [-122.5664, 38.5429], [-122.5672, 38.544]]], [[[-122.478, 38.5488], [-122.478, 38.5472], [-122.4769, 38.5462], [-122.4776, 38.5445], [-122.4769, 38.5443], [-122.4763, 38.5472], [-122.477, 38.5472], [-122.4766, 38.5481], [-122.478, 38.5488]]], [[[-122.6084, 38.5415], [-122.6084, 38.541], [-122.607, 38.5407], [-122.6074, 38.5415], [-122.6084, 38.5415]]], [[[-122.5613, 38.543], [-122.5612, 38.5422], [-122.5619, 38.5422], [-122.5619, 38.5414], [-122.5605, 38.542], [-122.5606, 38.5431], [-122.5613, 38.543]]], [[[-122.5571, 38.5426], [-122.5571, 38.5412], [-122.5567, 38.5413], [-122.5564, 38.5423], [-122.5571, 38.5426]]], [[[-122.4858, 38.5433], [-122.4857, 38.5419], [-122.4854, 38.5419], [-122.4847, 38.543], [-122.4858, 38.5433]]], [[[-122.5281, 38.5421], [-122.5281, 38.541], [-122.5278, 38.5411], [-122.5275, 38.5421], [-122.5281, 38.5421]]], [[[-122.5567, 38.5413], [-122.5567, 38.5402], [-122.556, 38.5402], [-122.556, 38.5407], [-122.5567, 38.5413]]], [[[-122.5702, 38.5412], [-122.5708, 38.5407], [-122.5691, 38.5405], [-122.5694, 38.5394], [-122.5691, 38.5399], [-122.568, 38.5397], [-122.5681, 38.5405], [-122.5702, 38.5412]]], [[[-122.486, 38.5508], [-122.4867, 38.5495], [-122.4849, 38.5482], [-122.4852, 38.5476], [-122.4859, 38.5476], [-122.4863, 38.5481], [-122.4873, 38.5481], [-122.4874, 38.5489], [-122.4887, 38.5492], [-122.4887, 38.5478], [-122.4873, 38.5478], [-122.4873, 38.5473], [-122.489, 38.5459], [-122.4882, 38.5448], [-122.4872, 38.5449], [-122.4875, 38.5435], [-122.4882, 38.5435], [-122.4878, 38.5416], [-122.4885, 38.5419], [-122.4885, 38.5411], [-122.4868, 38.5414], [-122.4867, 38.5408], [-122.486, 38.5408], [-122.4862, 38.5449], [-122.4858, 38.5435], [-122.4847, 38.5433], [-122.4844, 38.5441], [-122.4834, 38.5439], [-122.4838, 38.5444], [-122.4803, 38.5455], [-122.4814, 38.5474], [-122.4839, 38.5476], [-122.486, 38.5508]], [[-122.4849, 38.5479], [-122.4846, 38.5482], [-122.4846, 38.5479], [-122.4849, 38.5479]], [[-122.487, 38.5476], [-122.4866, 38.5478], [-122.4866, 38.5476], [-122.487, 38.5476]], [[-122.4863, 38.547], [-122.4859, 38.5476], [-122.4859, 38.5471], [-122.4863, 38.547]], [[-122.4849, 38.5473], [-122.4845, 38.5476], [-122.4845, 38.5473], [-122.4849, 38.5473]], [[-122.4845, 38.5471], [-122.4842, 38.5474], [-122.4842, 38.5471], [-122.4845, 38.5471]], [[-122.4869, 38.5454], [-122.4856, 38.5471], [-122.4859, 38.5462], [-122.4845, 38.5463], [-122.4845, 38.5455], [-122.4834, 38.5452], [-122.4838, 38.5447], [-122.4845, 38.5447], [-122.4844, 38.5444], [-122.4848, 38.5444], [-122.4848, 38.5452], [-122.4869, 38.5454]], [[-122.4838, 38.546], [-122.4835, 38.5463], [-122.4835, 38.546], [-122.4838, 38.546]], [[-122.4876, 38.5454], [-122.4873, 38.5459], [-122.4872, 38.5454], [-122.4876, 38.5454]], [[-122.4834, 38.5455], [-122.4831, 38.546], [-122.4831, 38.5455], [-122.4834, 38.5455]], [[-122.4879, 38.5451], [-122.4876, 38.5454], [-122.4876, 38.5451], [-122.4879, 38.5451]], [[-122.4851, 38.5441], [-122.4848, 38.5444], [-122.4848, 38.5441], [-122.4851, 38.5441]]], [[[-122.5512, 38.5403], [-122.5515, 38.5395], [-122.5501, 38.5398], [-122.5501, 38.54], [-122.5512, 38.5403]]], [[[-122.5626, 38.5409], [-122.5643, 38.5397], [-122.565, 38.54], [-122.5649, 38.5392], [-122.5635, 38.539], [-122.5632, 38.5395], [-122.5632, 38.539], [-122.5625, 38.539], [-122.5632, 38.54], [-122.5612, 38.5404], [-122.5626, 38.5409]]], [[[-122.5736, 38.5404], [-122.5739, 38.5395], [-122.5746, 38.5401], [-122.576, 38.54], [-122.5763, 38.5392], [-122.5777, 38.5395], [-122.5777, 38.5387], [-122.5756, 38.539], [-122.5739, 38.5382], [-122.5742, 38.539], [-122.5722, 38.5393], [-122.5736, 38.5404]], [[-122.5753, 38.539], [-122.5746, 38.5395], [-122.5746, 38.539], [-122.5753, 38.539]]], [[[-122.5267, 38.5395], [-122.5284, 38.5397], [-122.528, 38.5392], [-122.5267, 38.5395]]], [[[-122.535, 38.5401], [-122.5349, 38.539], [-122.5335, 38.5385], [-122.5332, 38.5393], [-122.535, 38.5401]]], [[[-122.5318, 38.5391], [-122.5328, 38.5385], [-122.5315, 38.5385], [-122.5318, 38.5391]]], [[[-122.6066, 38.5378], [-122.6069, 38.5369], [-122.6055, 38.5364], [-122.6048, 38.5373], [-122.6066, 38.5378]]], [[[-122.5642, 38.5381], [-122.5638, 38.5373], [-122.5625, 38.5376], [-122.5628, 38.5382], [-122.5642, 38.5381]]], [[[-122.5814, 38.538], [-122.5817, 38.5372], [-122.5807, 38.5367], [-122.5804, 38.5381], [-122.5814, 38.538]]], [[[-122.6048, 38.537], [-122.6052, 38.5364], [-122.6038, 38.5362], [-122.6038, 38.5365], [-122.6048, 38.537]]], [[[-122.5352, 38.5379], [-122.5362, 38.5371], [-122.5352, 38.5371], [-122.5352, 38.5379]]], [[[-122.5942, 38.5375], [-122.5948, 38.5369], [-122.5962, 38.5372], [-122.5965, 38.5361], [-122.5955, 38.5356], [-122.5931, 38.5362], [-122.5928, 38.537], [-122.5942, 38.5375]], [[-122.5962, 38.5364], [-122.5955, 38.5367], [-122.5955, 38.5364], [-122.5962, 38.5364]]], [[[-122.5319, 38.5423], [-122.5322, 38.5412], [-122.5343, 38.5404], [-122.5332, 38.5393], [-122.5322, 38.5396], [-122.5308, 38.5388], [-122.5311, 38.5377], [-122.5332, 38.5374], [-122.5324, 38.5369], [-122.5311, 38.5372], [-122.5301, 38.5388], [-122.5305, 38.5402], [-122.5308, 38.5396], [-122.5315, 38.5399], [-122.5316, 38.5415], [-122.5305, 38.5418], [-122.5319, 38.5423]], [[-122.5322, 38.5404], [-122.5319, 38.5407], [-122.5319, 38.5404], [-122.5322, 38.5404]]], [[[-122.537, 38.5392], [-122.537, 38.5384], [-122.5387, 38.5381], [-122.5376, 38.5373], [-122.5379, 38.5365], [-122.5363, 38.5376], [-122.5363, 38.5384], [-122.5352, 38.5379], [-122.5345, 38.5379], [-122.5345, 38.5371], [-122.5335, 38.5377], [-122.537, 38.5392]]], [[[-122.5759, 38.5368], [-122.5772, 38.5362], [-122.5762, 38.5354], [-122.5759, 38.5368]]], [[[-122.4505, 38.5391], [-122.4508, 38.5383], [-122.4501, 38.5378], [-122.4498, 38.5383], [-122.4505, 38.5391]]], [[[-122.6395, 38.5341], [-122.6399, 38.5335], [-122.6388, 38.5333], [-122.6388, 38.5338], [-122.6395, 38.5341]]], [[[-122.6138, 38.5368], [-122.6144, 38.5352], [-122.6137, 38.5346], [-122.6127, 38.5349], [-122.612, 38.5336], [-122.6102, 38.5342], [-122.6106, 38.535], [-122.611, 38.5347], [-122.6116, 38.5347], [-122.611, 38.5355], [-122.613, 38.5352], [-122.6138, 38.5368]], [[-122.612, 38.5344], [-122.6116, 38.5347], [-122.6116, 38.5344], [-122.612, 38.5344]]], [[[-122.4518, 38.538], [-122.4528, 38.5372], [-122.4535, 38.5377], [-122.4539, 38.5369], [-122.4521, 38.5369], [-122.4511, 38.5378], [-122.4518, 38.538]]], [[[-122.6437, 38.5337], [-122.6436, 38.5329], [-122.6429, 38.5327], [-122.6426, 38.5335], [-122.6437, 38.5337]]], [[[-122.6099, 38.5345], [-122.6106, 38.5336], [-122.6102, 38.5331], [-122.6088, 38.5334], [-122.6099, 38.5345]]], [[[-122.4549, 38.5372], [-122.4552, 38.5366], [-122.4542, 38.5364], [-122.4539, 38.5369], [-122.4549, 38.5372]]], [[[-122.6061, 38.5343], [-122.6068, 38.534], [-122.6061, 38.5326], [-122.6037, 38.5332], [-122.6061, 38.5343]], [[-122.6054, 38.5332], [-122.6051, 38.5335], [-122.605, 38.5332], [-122.6054, 38.5332]]], [[[-122.5982, 38.5339], [-122.5978, 38.5334], [-122.5985, 38.5328], [-122.5975, 38.5331], [-122.5975, 38.5339], [-122.5982, 38.5339]]], [[[-122.5851, 38.5344], [-122.5872, 38.5347], [-122.5861, 38.5342], [-122.5864, 38.5333], [-122.5837, 38.5329], [-122.5806, 38.534], [-122.5824, 38.5348], [-122.5837, 38.5342], [-122.5844, 38.535], [-122.5851, 38.5344]]], [[[-122.48, 38.5361], [-122.481, 38.5355], [-122.4803, 38.535], [-122.48, 38.5361]]], [[[-122.4511, 38.5364], [-122.4514, 38.5359], [-122.4504, 38.5354], [-122.45, 38.5362], [-122.4511, 38.5364]]], [[[-122.5341, 38.5342], [-122.5341, 38.5336], [-122.5327, 38.5337], [-122.5327, 38.5339], [-122.5341, 38.5342]]], [[[-122.5965, 38.5355], [-122.5965, 38.5347], [-122.5975, 38.535], [-122.5978, 38.5344], [-122.5971, 38.5339], [-122.5954, 38.5345], [-122.595, 38.5329], [-122.5968, 38.5326], [-122.5964, 38.5331], [-122.5971, 38.5331], [-122.5971, 38.5323], [-122.5947, 38.5321], [-122.5934, 38.5348], [-122.5965, 38.5355]]], [[[-122.5565, 38.5342], [-122.5578, 38.5337], [-122.5575, 38.5326], [-122.5565, 38.5334], [-122.5565, 38.5342]]], [[[-122.4869, 38.5354], [-122.49, 38.5351], [-122.4899, 38.5337], [-122.4886, 38.5348], [-122.4862, 38.5346], [-122.4869, 38.5354]]], [[[-122.5923, 38.5327], [-122.5936, 38.5321], [-122.5922, 38.5316], [-122.5923, 38.5327]]], [[[-122.5974, 38.5317], [-122.5984, 38.5315], [-122.5984, 38.5309], [-122.597, 38.5312], [-122.5974, 38.5317]]], [[[-122.6003, 38.5344], [-122.6009, 38.5336], [-122.6009, 38.5317], [-122.6002, 38.5314], [-122.6012, 38.5306], [-122.5988, 38.5317], [-122.6003, 38.5344]], [[-122.5998, 38.532], [-122.5995, 38.5322], [-122.5995, 38.532], [-122.5998, 38.532]]], [[[-122.5984, 38.5304], [-122.5988, 38.5306], [-122.6001, 38.5303], [-122.5991, 38.5301], [-122.5984, 38.5304]]], [[[-122.4731, 38.5341], [-122.473, 38.533], [-122.4737, 38.5333], [-122.4737, 38.5327], [-122.472, 38.533], [-122.4724, 38.5341], [-122.4731, 38.5341]]], [[[-122.5726, 38.5315], [-122.5729, 38.5312], [-122.5732, 38.5304], [-122.5729, 38.5304], [-122.5726, 38.5315]]], [[[-122.6074, 38.5323], [-122.6078, 38.5318], [-122.6064, 38.5316], [-122.6073, 38.5299], [-122.607, 38.5294], [-122.6067, 38.5302], [-122.6046, 38.5305], [-122.6047, 38.5321], [-122.6074, 38.5323]]], [[[-122.4556, 38.5374], [-122.4563, 38.5366], [-122.4577, 38.5371], [-122.4587, 38.5363], [-122.4569, 38.535], [-122.4569, 38.5336], [-122.4593, 38.5341], [-122.4599, 38.533], [-122.4537, 38.5329], [-122.4534, 38.5323], [-122.4534, 38.5331], [-122.451, 38.534], [-122.4514, 38.5348], [-122.452, 38.5342], [-122.4538, 38.5347], [-122.4538, 38.5353], [-122.4528, 38.535], [-122.4524, 38.5356], [-122.4535, 38.5364], [-122.4542, 38.5364], [-122.4535, 38.5356], [-122.4552, 38.5355], [-122.4556, 38.5374]]], [[[-122.627, 38.5295], [-122.627, 38.529], [-122.6249, 38.5287], [-122.6253, 38.5295], [-122.627, 38.5295]]], [[[-122.4699, 38.5328], [-122.4706, 38.5322], [-122.4695, 38.5317], [-122.4699, 38.5328]]], [[[-122.5732, 38.5301], [-122.5729, 38.5293], [-122.5718, 38.5296], [-122.5719, 38.5301], [-122.5732, 38.5301]], [[-122.5729, 38.5296], [-122.5725, 38.5299], [-122.5725, 38.5296], [-122.5729, 38.5296]]], [[[-122.6266, 38.5287], [-122.6266, 38.5279], [-122.6252, 38.5276], [-122.6252, 38.5285], [-122.6266, 38.5287]]], [[[-122.4499, 38.5329], [-122.4509, 38.5321], [-122.4502, 38.5313], [-122.4478, 38.5319], [-122.4486, 38.533], [-122.4499, 38.5329]], [[-122.4496, 38.5321], [-122.4489, 38.5324], [-122.4489, 38.5321], [-122.4496, 38.5321]], [[-122.4502, 38.5318], [-122.4499, 38.5321], [-122.4499, 38.5319], [-122.4502, 38.5318]]], [[[-122.4689, 38.5328], [-122.4689, 38.532], [-122.4678, 38.532], [-122.4661, 38.5307], [-122.4654, 38.5318], [-122.4671, 38.5323], [-122.4672, 38.5329], [-122.4675, 38.5323], [-122.4689, 38.5328]]], [[[-122.5608, 38.5304], [-122.5611, 38.5293], [-122.5605, 38.5296], [-122.5604, 38.5288], [-122.5597, 38.5288], [-122.5598, 38.5301], [-122.5608, 38.5304]]], [[[-122.5639, 38.5292], [-122.5646, 38.5289], [-122.5646, 38.5284], [-122.5635, 38.5287], [-122.5639, 38.5292]]], [[[-122.596, 38.5315], [-122.5967, 38.5299], [-122.5962, 38.5275], [-122.5935, 38.5297], [-122.5943, 38.5315], [-122.596, 38.5315]], [[-122.5957, 38.5307], [-122.595, 38.5307], [-122.595, 38.5305], [-122.5953, 38.5304], [-122.5953, 38.5302], [-122.5956, 38.5302], [-122.5957, 38.5307]], [[-122.596, 38.5299], [-122.5956, 38.5302], [-122.5956, 38.5299], [-122.596, 38.5299]], [[-122.5952, 38.5288], [-122.5949, 38.5291], [-122.5949, 38.5288], [-122.5952, 38.5288]]], [[[-122.5701, 38.5396], [-122.5701, 38.5391], [-122.5711, 38.5393], [-122.5728, 38.5385], [-122.5728, 38.5379], [-122.5718, 38.538], [-122.5728, 38.5369], [-122.5721, 38.5363], [-122.5724, 38.5355], [-122.5713, 38.5355], [-122.5713, 38.5342], [-122.5744, 38.5339], [-122.574, 38.5331], [-122.5702, 38.5334], [-122.5702, 38.5329], [-122.5713, 38.5328], [-122.5705, 38.5307], [-122.5715, 38.5307], [-122.5715, 38.5301], [-122.5698, 38.5299], [-122.5708, 38.5291], [-122.5698, 38.5294], [-122.569, 38.528], [-122.567, 38.5292], [-122.567, 38.5281], [-122.5656, 38.5281], [-122.5649, 38.5297], [-122.5639, 38.53], [-122.565, 38.5303], [-122.5661, 38.5324], [-122.565, 38.5324], [-122.564, 38.5314], [-122.5616, 38.5314], [-122.5595, 38.5326], [-122.5595, 38.5331], [-122.5609, 38.5333], [-122.5609, 38.5331], [-122.5613, 38.5331], [-122.5613, 38.5328], [-122.5616, 38.5328], [-122.5616, 38.5339], [-122.5627, 38.5341], [-122.563, 38.5333], [-122.5644, 38.5333], [-122.5657, 38.5327], [-122.5661, 38.5343], [-122.5665, 38.5343], [-122.5665, 38.5346], [-122.5675, 38.5345], [-122.5676, 38.5356], [-122.5669, 38.5359], [-122.5658, 38.5351], [-122.5645, 38.5354], [-122.5644, 38.5338], [-122.563, 38.5338], [-122.563, 38.5344], [-122.5617, 38.5349], [-122.5611, 38.5374], [-122.5621, 38.5379], [-122.5631, 38.5365], [-122.5656, 38.5381], [-122.5656, 38.5389], [-122.5666, 38.5383], [-122.567, 38.5397], [-122.568, 38.5397], [-122.569, 38.5386], [-122.5701, 38.5396]], [[-122.5725, 38.5382], [-122.5721, 38.5385], [-122.5721, 38.5382], [-122.5725, 38.5382]], [[-122.5711, 38.5383], [-122.5704, 38.538], [-122.5704, 38.5375], [-122.5714, 38.5374], [-122.5711, 38.5383]], [[-122.5703, 38.5364], [-122.57, 38.5369], [-122.57, 38.5364], [-122.5703, 38.5364]], [[-122.5641, 38.5365], [-122.5638, 38.5368], [-122.5638, 38.5365], [-122.5641, 38.5365]], [[-122.5655, 38.5365], [-122.5628, 38.5363], [-122.5624, 38.5355], [-122.5641, 38.5349], [-122.5638, 38.5357], [-122.5651, 38.5357], [-122.5655, 38.5365]], [[-122.5617, 38.5363], [-122.5614, 38.5366], [-122.5614, 38.5363], [-122.5617, 38.5363]], [[-122.5696, 38.5359], [-122.569, 38.5361], [-122.5689, 38.5359], [-122.5696, 38.5359]], [[-122.5624, 38.536], [-122.5617, 38.5363], [-122.5617, 38.536], [-122.5624, 38.536]], [[-122.5658, 38.5354], [-122.5655, 38.5357], [-122.5655, 38.5354], [-122.5658, 38.5354]], [[-122.5699, 38.5348], [-122.5696, 38.535], [-122.5696, 38.5348], [-122.5699, 38.5348]], [[-122.5686, 38.5351], [-122.5679, 38.5351], [-122.5679, 38.5348], [-122.5682, 38.5348], [-122.5682, 38.5345], [-122.5686, 38.5345], [-122.5686, 38.5351]], [[-122.5692, 38.5345], [-122.5689, 38.5348], [-122.5689, 38.5345], [-122.5692, 38.5345]], [[-122.5689, 38.5342], [-122.5686, 38.5345], [-122.5685, 38.5343], [-122.5689, 38.5342]], [[-122.5641, 38.5344], [-122.5637, 38.5346], [-122.5637, 38.5344], [-122.5641, 38.5344]], [[-122.5668, 38.534], [-122.5665, 38.5343], [-122.5665, 38.534], [-122.5668, 38.534]], [[-122.5723, 38.5334], [-122.572, 38.5336], [-122.572, 38.5334], [-122.5723, 38.5334]], [[-122.5692, 38.5332], [-122.5689, 38.5334], [-122.5689, 38.5332], [-122.5692, 38.5332]], [[-122.5692, 38.5329], [-122.5685, 38.5329], [-122.5681, 38.5316], [-122.5695, 38.5318], [-122.5688, 38.5321], [-122.5692, 38.5329]], [[-122.5681, 38.5324], [-122.5671, 38.5329], [-122.5667, 38.5321], [-122.5681, 38.5324]], [[-122.5647, 38.5324], [-122.564, 38.533], [-122.564, 38.5325], [-122.5647, 38.5324]], [[-122.5706, 38.5326], [-122.5695, 38.5326], [-122.5695, 38.5323], [-122.5702, 38.5321], [-122.5706, 38.5326]], [[-122.5668, 38.5324], [-122.5664, 38.5327], [-122.5664, 38.5324], [-122.5668, 38.5324]], [[-122.5637, 38.5327], [-122.5616, 38.5328], [-122.5616, 38.5322], [-122.5636, 38.5319], [-122.5637, 38.5327]], [[-122.5705, 38.5315], [-122.5702, 38.5318], [-122.5702, 38.5315], [-122.5705, 38.5315]], [[-122.5702, 38.5313], [-122.5698, 38.5315], [-122.5698, 38.5313], [-122.5702, 38.5313]], [[-122.567, 38.5302], [-122.5664, 38.5308], [-122.5663, 38.5303], [-122.567, 38.5302]], [[-122.5701, 38.5302], [-122.5698, 38.5304], [-122.5698, 38.5302], [-122.5701, 38.5302]], [[-122.5684, 38.5302], [-122.5681, 38.5305], [-122.5681, 38.5302], [-122.5684, 38.5302]], [[-122.567, 38.5292], [-122.5667, 38.5294], [-122.5666, 38.5292], [-122.567, 38.5292]], [[-122.5663, 38.5294], [-122.5656, 38.5295], [-122.5656, 38.5289], [-122.5659, 38.5289], [-122.5663, 38.5294]]], [[[-122.453, 38.5326], [-122.4533, 38.5318], [-122.4551, 38.5315], [-122.4558, 38.532], [-122.4557, 38.5312], [-122.4509, 38.5305], [-122.4513, 38.5313], [-122.4523, 38.5313], [-122.4513, 38.5324], [-122.4527, 38.5321], [-122.453, 38.5326]], [[-122.4526, 38.5315], [-122.4523, 38.5318], [-122.4523, 38.5315], [-122.4526, 38.5315]], [[-122.4519, 38.5307], [-122.4516, 38.531], [-122.4516, 38.5307], [-122.4519, 38.5307]]], [[[-122.4666, 38.535], [-122.4676, 38.5342], [-122.4662, 38.5337], [-122.4661, 38.5329], [-122.4633, 38.5319], [-122.4633, 38.531], [-122.4605, 38.5298], [-122.4598, 38.5303], [-122.4595, 38.5298], [-122.4578, 38.5298], [-122.4575, 38.5314], [-122.4589, 38.5317], [-122.4589, 38.5322], [-122.4592, 38.5319], [-122.4606, 38.5319], [-122.4613, 38.5324], [-122.4607, 38.5341], [-122.4666, 38.535]], [[-122.4644, 38.5337], [-122.4638, 38.534], [-122.4638, 38.5337], [-122.4644, 38.5337]], [[-122.462, 38.5338], [-122.4617, 38.534], [-122.4617, 38.5338], [-122.462, 38.5338]], [[-122.4637, 38.5332], [-122.4634, 38.5337], [-122.4634, 38.5332], [-122.4637, 38.5332]], [[-122.4609, 38.5316], [-122.4606, 38.5319], [-122.4606, 38.5316], [-122.4609, 38.5316]], [[-122.4588, 38.5306], [-122.4585, 38.5309], [-122.4585, 38.5306], [-122.4588, 38.5306]]], [[[-122.479, 38.535], [-122.4803, 38.5331], [-122.482, 38.5334], [-122.482, 38.5339], [-122.4834, 38.5336], [-122.4834, 38.5325], [-122.4823, 38.5323], [-122.4826, 38.5315], [-122.4812, 38.5312], [-122.4798, 38.5294], [-122.4788, 38.5296], [-122.4788, 38.5313], [-122.4782, 38.5316], [-122.4782, 38.5321], [-122.4789, 38.5318], [-122.4789, 38.534], [-122.4769, 38.5343], [-122.479, 38.535]], [[-122.4805, 38.5304], [-122.4798, 38.5307], [-122.4798, 38.5304], [-122.4805, 38.5304]]], [[[-122.6025, 38.5281], [-122.6024, 38.5276], [-122.6035, 38.5276], [-122.6027, 38.5265], [-122.6017, 38.5268], [-122.6025, 38.5281]]], [[[-122.57, 38.5277], [-122.5717, 38.5272], [-122.57, 38.5272], [-122.57, 38.5277]]], [[[-122.5632, 38.5279], [-122.5628, 38.5271], [-122.5614, 38.5271], [-122.5614, 38.5277], [-122.5632, 38.5279]]], [[[-122.6004, 38.5276], [-122.601, 38.5265], [-122.6024, 38.5262], [-122.6007, 38.5263], [-122.6007, 38.5266], [-122.5997, 38.5271], [-122.6004, 38.5276]]], [[[-122.4636, 38.53], [-122.4636, 38.5286], [-122.4615, 38.5289], [-122.4619, 38.5295], [-122.4636, 38.53]]], [[[-122.5742, 38.5274], [-122.5735, 38.5269], [-122.5738, 38.526], [-122.5724, 38.5263], [-122.5714, 38.5258], [-122.5717, 38.5266], [-122.5731, 38.5266], [-122.5728, 38.5271], [-122.5742, 38.5274]]], [[[-122.5842, 38.5272], [-122.5858, 38.5263], [-122.5865, 38.5252], [-122.5852, 38.5261], [-122.5841, 38.5258], [-122.5842, 38.5272]]], [[[-122.5697, 38.5264], [-122.57, 38.5259], [-122.5686, 38.5253], [-122.569, 38.5261], [-122.5697, 38.5264]]], [[[-122.5966, 38.5269], [-122.5979, 38.5253], [-122.5996, 38.5252], [-122.6, 38.5266], [-122.6006, 38.5255], [-122.5999, 38.5247], [-122.5989, 38.5244], [-122.5986, 38.525], [-122.5978, 38.5245], [-122.5965, 38.5256], [-122.5966, 38.5269]]], [[[-122.5321, 38.5272], [-122.5311, 38.5264], [-122.5328, 38.5264], [-122.5324, 38.5256], [-122.5297, 38.5259], [-122.5307, 38.5272], [-122.5321, 38.5272]]], [[[-122.5438, 38.5264], [-122.5445, 38.5259], [-122.5441, 38.5253], [-122.5434, 38.5253], [-122.5438, 38.5264]]], [[[-122.5827, 38.5264], [-122.5824, 38.5253], [-122.5837, 38.5248], [-122.5834, 38.5242], [-122.5813, 38.5256], [-122.5827, 38.5264]]], [[[-122.4477, 38.5284], [-122.4477, 38.5279], [-122.4484, 38.527], [-122.4467, 38.5279], [-122.4477, 38.5284]]], [[[-122.6347, 38.5326], [-122.6349, 38.5307], [-122.636, 38.5301], [-122.6373, 38.5303], [-122.6363, 38.5288], [-122.6365, 38.5263], [-122.6358, 38.5263], [-122.6354, 38.5247], [-122.634, 38.5242], [-122.6343, 38.5237], [-122.633, 38.5237], [-122.6329, 38.5229], [-122.6316, 38.5237], [-122.6316, 38.5245], [-122.632, 38.5245], [-122.632, 38.5248], [-122.6299, 38.5246], [-122.6296, 38.5251], [-122.6268, 38.5238], [-122.6265, 38.5246], [-122.6275, 38.526], [-122.6265, 38.5265], [-122.6258, 38.5255], [-122.6251, 38.5266], [-122.6279, 38.5276], [-122.6277, 38.5292], [-122.629, 38.5292], [-122.6304, 38.5278], [-122.6317, 38.528], [-122.6317, 38.5272], [-122.6324, 38.5278], [-122.6324, 38.5267], [-122.6345, 38.5266], [-122.6337, 38.525], [-122.6341, 38.525], [-122.6351, 38.5258], [-122.6355, 38.5271], [-122.6348, 38.5272], [-122.6348, 38.528], [-122.6355, 38.5277], [-122.6359, 38.5285], [-122.6338, 38.5288], [-122.6321, 38.5283], [-122.6318, 38.5291], [-122.6304, 38.5289], [-122.6304, 38.5294], [-122.6294, 38.5292], [-122.6287, 38.5297], [-122.6291, 38.5308], [-122.6332, 38.5315], [-122.6333, 38.5323], [-122.6347, 38.5326]], [[-122.6346, 38.5301], [-122.6335, 38.5302], [-122.6335, 38.5299], [-122.6342, 38.5296], [-122.6346, 38.5301]], [[-122.6356, 38.5298], [-122.6349, 38.5299], [-122.6349, 38.5288], [-122.6359, 38.5288], [-122.6356, 38.5298]], [[-122.6318, 38.5297], [-122.6315, 38.5299], [-122.6315, 38.5297], [-122.6318, 38.5297]], [[-122.6321, 38.5294], [-122.6318, 38.5297], [-122.6318, 38.5294], [-122.6321, 38.5294]], [[-122.6324, 38.5259], [-122.6303, 38.5273], [-122.6303, 38.5264], [-122.6313, 38.5259], [-122.6324, 38.5259]], [[-122.6327, 38.5256], [-122.6324, 38.5259], [-122.6323, 38.5256], [-122.6327, 38.5256]], [[-122.6313, 38.5259], [-122.6299, 38.5259], [-122.6299, 38.5251], [-122.6313, 38.5253], [-122.6313, 38.5259]], [[-122.6344, 38.5247], [-122.6341, 38.525], [-122.634, 38.5247], [-122.6344, 38.5247]], [[-122.6337, 38.5245], [-122.633, 38.5248], [-122.633, 38.5245], [-122.6337, 38.5245]], [[-122.6337, 38.5242], [-122.632, 38.5243], [-122.6337, 38.5239], [-122.6337, 38.5242]]], [[[-122.4632, 38.5275], [-122.4628, 38.5267], [-122.4608, 38.5265], [-122.4608, 38.5273], [-122.4632, 38.5275]]], [[[-122.6082, 38.5245], [-122.6085, 38.5234], [-122.6071, 38.5237], [-122.6071, 38.5243], [-122.6082, 38.5245]]], [[[-122.635, 38.5234], [-122.635, 38.522], [-122.6346, 38.522], [-122.634, 38.5229], [-122.6347, 38.5226], [-122.635, 38.5234]]], [[[-122.6302, 38.524], [-122.6312, 38.5224], [-122.6302, 38.5227], [-122.6295, 38.5221], [-122.6281, 38.523], [-122.6278, 38.5241], [-122.6285, 38.5235], [-122.6302, 38.524]], [[-122.6295, 38.523], [-122.6292, 38.5232], [-122.6292, 38.523], [-122.6295, 38.523]]], [[[-122.6223, 38.5231], [-122.6219, 38.5223], [-122.6209, 38.5223], [-122.6209, 38.5229], [-122.6223, 38.5231]]], [[[-122.6016, 38.5241], [-122.6037, 38.5235], [-122.604, 38.523], [-122.6016, 38.5233], [-122.6016, 38.5241]]], [[[-122.5431, 38.5256], [-122.5431, 38.5248], [-122.5441, 38.5251], [-122.5444, 38.524], [-122.542, 38.5243], [-122.5431, 38.5256]]], [[[-122.4442, 38.5274], [-122.4446, 38.5268], [-122.4439, 38.5268], [-122.4435, 38.5255], [-122.4432, 38.5263], [-122.4442, 38.5274]]], [[[-122.4737, 38.5322], [-122.4743, 38.5311], [-122.4764, 38.5319], [-122.4764, 38.531], [-122.4778, 38.5305], [-122.4771, 38.53], [-122.4777, 38.5294], [-122.4757, 38.5289], [-122.4757, 38.5303], [-122.474, 38.53], [-122.4723, 38.5309], [-122.4715, 38.5298], [-122.4746, 38.5289], [-122.4742, 38.5273], [-122.4735, 38.5273], [-122.4738, 38.5265], [-122.4728, 38.5263], [-122.4728, 38.5249], [-122.4714, 38.5249], [-122.4718, 38.5268], [-122.4725, 38.5271], [-122.4722, 38.5279], [-122.4708, 38.5279], [-122.4704, 38.5271], [-122.4691, 38.5277], [-122.469, 38.5271], [-122.4666, 38.5267], [-122.4674, 38.5283], [-122.466, 38.5291], [-122.4663, 38.528], [-122.4653, 38.5275], [-122.465, 38.5286], [-122.4657, 38.5288], [-122.4646, 38.5291], [-122.465, 38.5297], [-122.4692, 38.5312], [-122.4716, 38.5311], [-122.4709, 38.532], [-122.4737, 38.5322]], [[-122.4698, 38.5301], [-122.4681, 38.5301], [-122.4684, 38.528], [-122.4715, 38.5287], [-122.4715, 38.5298], [-122.4698, 38.5296], [-122.4698, 38.5301]], [[-122.4732, 38.5287], [-122.4729, 38.529], [-122.4729, 38.5287], [-122.4732, 38.5287]], [[-122.4729, 38.5281], [-122.4722, 38.5287], [-122.4722, 38.5279], [-122.4729, 38.5281]], [[-122.468, 38.5282], [-122.4677, 38.5285], [-122.4677, 38.5283], [-122.468, 38.5282]]], [[[-122.5989, 38.5239], [-122.5981, 38.5223], [-122.5967, 38.5218], [-122.5974, 38.5223], [-122.5971, 38.5234], [-122.5989, 38.5239]]], [[[-122.6371, 38.5223], [-122.6374, 38.5209], [-122.6367, 38.5209], [-122.6367, 38.5217], [-122.635, 38.5215], [-122.635, 38.522], [-122.6371, 38.5223]]], [[[-122.6209, 38.5221], [-122.6198, 38.521], [-122.6184, 38.5213], [-122.6188, 38.5221], [-122.6209, 38.5221]]], [[[-122.4561, 38.5307], [-122.4571, 38.5301], [-122.455, 38.5288], [-122.4546, 38.5274], [-122.4532, 38.5267], [-122.4525, 38.5272], [-122.4525, 38.5264], [-122.4511, 38.5262], [-122.4514, 38.5256], [-122.4525, 38.5259], [-122.4528, 38.525], [-122.4497, 38.5246], [-122.4497, 38.5254], [-122.4493, 38.5251], [-122.448, 38.5254], [-122.4484, 38.5268], [-122.4494, 38.5259], [-122.4497, 38.5267], [-122.4515, 38.5267], [-122.4515, 38.528], [-122.4505, 38.5289], [-122.4519, 38.5286], [-122.4526, 38.5291], [-122.4529, 38.528], [-122.4539, 38.5285], [-122.4529, 38.5288], [-122.4523, 38.5302], [-122.4561, 38.5307]], [[-122.4546, 38.5288], [-122.4543, 38.5291], [-122.4543, 38.5288], [-122.4546, 38.5288]], [[-122.4543, 38.528], [-122.4536, 38.528], [-122.4532, 38.5275], [-122.4539, 38.5275], [-122.4543, 38.528]], [[-122.4504, 38.5259], [-122.4501, 38.5262], [-122.4501, 38.5259], [-122.4504, 38.5259]], [[-122.449, 38.5254], [-122.4487, 38.5257], [-122.4487, 38.5254], [-122.449, 38.5254]]], [[[-122.6009, 38.5238], [-122.6008, 38.5217], [-122.5998, 38.5212], [-122.6002, 38.5217], [-122.5991, 38.5223], [-122.5992, 38.5231], [-122.6009, 38.5238]], [[-122.5998, 38.5225], [-122.5995, 38.5228], [-122.5995, 38.5225], [-122.5998, 38.5225]]], [[[-122.5141, 38.5243], [-122.5154, 38.5235], [-122.5137, 38.523], [-122.5141, 38.5243]]], [[[-122.6291, 38.5211], [-122.6287, 38.5205], [-122.6277, 38.5206], [-122.6277, 38.5211], [-122.6291, 38.5211]]], [[[-122.4559, 38.525], [-122.4566, 38.5247], [-122.4565, 38.5239], [-122.4558, 38.5239], [-122.4559, 38.525]]], [[[-122.5082, 38.5239], [-122.5089, 38.5236], [-122.5085, 38.5226], [-122.5072, 38.5231], [-122.5082, 38.5239]]], [[[-122.5792, 38.5232], [-122.5788, 38.5222], [-122.5774, 38.5222], [-122.5777, 38.5211], [-122.5764, 38.5211], [-122.5761, 38.5225], [-122.5757, 38.5217], [-122.575, 38.5217], [-122.5761, 38.5233], [-122.5768, 38.5227], [-122.5771, 38.5233], [-122.5792, 38.5232]], [[-122.5781, 38.5227], [-122.5778, 38.523], [-122.5778, 38.5227], [-122.5781, 38.5227]]], [[[-122.5671, 38.5219], [-122.5681, 38.5221], [-122.5681, 38.5213], [-122.5671, 38.5219]]], [[[-122.5984, 38.5215], [-122.5984, 38.5209], [-122.5998, 38.5212], [-122.5994, 38.5201], [-122.5977, 38.5209], [-122.5984, 38.5215]]], [[[-122.5846, 38.5399], [-122.5846, 38.5388], [-122.587, 38.5387], [-122.5873, 38.5374], [-122.5914, 38.5367], [-122.5907, 38.5362], [-122.5913, 38.5351], [-122.59, 38.5354], [-122.5905, 38.5324], [-122.5912, 38.5322], [-122.5905, 38.5314], [-122.5895, 38.5314], [-122.5905, 38.5303], [-122.5898, 38.5298], [-122.5915, 38.5303], [-122.5928, 38.5281], [-122.5938, 38.5283], [-122.5942, 38.5275], [-122.5941, 38.5267], [-122.5927, 38.5265], [-122.5941, 38.5264], [-122.5941, 38.5259], [-122.5958, 38.5253], [-122.5924, 38.5256], [-122.591, 38.5251], [-122.5916, 38.5243], [-122.5923, 38.5248], [-122.593, 38.5243], [-122.5934, 38.5248], [-122.5951, 38.5248], [-122.5951, 38.524], [-122.5937, 38.5229], [-122.5927, 38.524], [-122.5926, 38.5232], [-122.5913, 38.5241], [-122.5912, 38.5211], [-122.5905, 38.5206], [-122.5891, 38.5214], [-122.5888, 38.5209], [-122.587, 38.5204], [-122.5863, 38.5209], [-122.5867, 38.5223], [-122.5847, 38.5226], [-122.5847, 38.5231], [-122.5826, 38.5229], [-122.5827, 38.5237], [-122.5844, 38.5237], [-122.5837, 38.5242], [-122.5847, 38.5242], [-122.5848, 38.5253], [-122.5854, 38.5234], [-122.5878, 38.5241], [-122.5865, 38.525], [-122.5875, 38.5252], [-122.5872, 38.526], [-122.5879, 38.5263], [-122.5855, 38.5269], [-122.5856, 38.529], [-122.5842, 38.5293], [-122.5845, 38.5282], [-122.5831, 38.5275], [-122.5797, 38.5281], [-122.579, 38.5273], [-122.5773, 38.5271], [-122.5779, 38.5265], [-122.5772, 38.526], [-122.5748, 38.526], [-122.5752, 38.5276], [-122.5725, 38.5277], [-122.5725, 38.5282], [-122.5756, 38.5282], [-122.5756, 38.5287], [-122.5766, 38.5287], [-122.5759, 38.5282], [-122.577, 38.5281], [-122.577, 38.5284], [-122.5776, 38.5284], [-122.578, 38.5289], [-122.579, 38.5286], [-122.5787, 38.5294], [-122.5801, 38.5292], [-122.5798, 38.5302], [-122.576, 38.5298], [-122.5746, 38.5309], [-122.5746, 38.5293], [-122.5732, 38.529], [-122.5739, 38.5296], [-122.5733, 38.5312], [-122.5744, 38.5331], [-122.5757, 38.533], [-122.5754, 38.5341], [-122.5761, 38.5338], [-122.5775, 38.5349], [-122.5789, 38.5346], [-122.5789, 38.5338], [-122.5802, 38.5337], [-122.5785, 38.5332], [-122.5792, 38.5321], [-122.5802, 38.5327], [-122.5805, 38.5297], [-122.5815, 38.5302], [-122.5816, 38.5321], [-122.5843, 38.5318], [-122.5847, 38.5328], [-122.5885, 38.5333], [-122.5885, 38.5344], [-122.5879, 38.5344], [-122.5869, 38.5358], [-122.5855, 38.5352], [-122.5862, 38.536], [-122.5838, 38.5369], [-122.5839, 38.5385], [-122.5832, 38.5388], [-122.5846, 38.5399]], [[-122.5859, 38.5382], [-122.5852, 38.5382], [-122.5852, 38.5369], [-122.5869, 38.5363], [-122.5859, 38.5382]], [[-122.5849, 38.5377], [-122.5842, 38.5382], [-122.5842, 38.5377], [-122.5849, 38.5377]], [[-122.5892, 38.5349], [-122.5875, 38.5352], [-122.5892, 38.5341], [-122.5892, 38.5349]], [[-122.5778, 38.5335], [-122.5775, 38.5338], [-122.5775, 38.5335], [-122.5778, 38.5335]], [[-122.5888, 38.5325], [-122.5874, 38.5325], [-122.5874, 38.5322], [-122.5888, 38.5317], [-122.5888, 38.5325]], [[-122.5785, 38.5327], [-122.5778, 38.5324], [-122.5781, 38.5319], [-122.5764, 38.5325], [-122.5757, 38.5319], [-122.5767, 38.5319], [-122.577, 38.5308], [-122.5784, 38.5311], [-122.5785, 38.5327]], [[-122.5754, 38.5322], [-122.575, 38.5325], [-122.575, 38.5322], [-122.5754, 38.5322]], [[-122.5791, 38.5319], [-122.5788, 38.5321], [-122.5788, 38.5319], [-122.5791, 38.5319]], [[-122.5798, 38.5316], [-122.5791, 38.5319], [-122.5791, 38.5316], [-122.5798, 38.5316]], [[-122.5754, 38.5317], [-122.575, 38.532], [-122.575, 38.5317], [-122.5754, 38.5317]], [[-122.5877, 38.5311], [-122.5874, 38.5314], [-122.5874, 38.5312], [-122.5877, 38.5311]], [[-122.5836, 38.5315], [-122.5826, 38.5307], [-122.5832, 38.5299], [-122.5846, 38.5304], [-122.5836, 38.5307], [-122.5836, 38.5315]], [[-122.5895, 38.5308], [-122.5891, 38.5311], [-122.5891, 38.5308], [-122.5895, 38.5308]], [[-122.5798, 38.531], [-122.5791, 38.5313], [-122.5791, 38.5311], [-122.5798, 38.531]], [[-122.5884, 38.5306], [-122.5877, 38.5309], [-122.5877, 38.5306], [-122.5884, 38.5306]], [[-122.5874, 38.5303], [-122.587, 38.5309], [-122.587, 38.5304], [-122.5874, 38.5303]], [[-122.5746, 38.5309], [-122.5743, 38.5312], [-122.5743, 38.5309], [-122.5746, 38.5309]], [[-122.587, 38.5304], [-122.5863, 38.5301], [-122.5867, 38.5301], [-122.5867, 38.5298], [-122.587, 38.5298], [-122.587, 38.5295], [-122.5873, 38.5295], [-122.587, 38.5304]], [[-122.576, 38.5303], [-122.5757, 38.5306], [-122.5756, 38.5303], [-122.576, 38.5303]], [[-122.5894, 38.5298], [-122.5891, 38.53], [-122.5891, 38.5298], [-122.5894, 38.5298]], [[-122.5884, 38.5295], [-122.588, 38.5301], [-122.588, 38.5295], [-122.5884, 38.5295]], [[-122.5774, 38.53], [-122.577, 38.5303], [-122.577, 38.53], [-122.5774, 38.53]], [[-122.5897, 38.5292], [-122.5894, 38.5298], [-122.5894, 38.5292], [-122.5897, 38.5292]], [[-122.5853, 38.5296], [-122.5849, 38.5299], [-122.5849, 38.5296], [-122.5853, 38.5296]], [[-122.5877, 38.5293], [-122.5873, 38.5295], [-122.5873, 38.5293], [-122.5877, 38.5293]], [[-122.5856, 38.5293], [-122.5853, 38.5296], [-122.5853, 38.5293], [-122.5856, 38.5293]], [[-122.5842, 38.5293], [-122.5839, 38.5296], [-122.5839, 38.5293], [-122.5842, 38.5293]], [[-122.5835, 38.5291], [-122.5832, 38.5296], [-122.5832, 38.5291], [-122.5835, 38.5291]], [[-122.5894, 38.5292], [-122.5887, 38.529], [-122.5887, 38.5284], [-122.5894, 38.5287], [-122.5894, 38.5292]], [[-122.5921, 38.5286], [-122.5911, 38.5286], [-122.591, 38.5265], [-122.5938, 38.5272], [-122.5935, 38.5278], [-122.5924, 38.5275], [-122.5921, 38.5286]], [[-122.5787, 38.5278], [-122.5783, 38.5284], [-122.5783, 38.5278], [-122.5787, 38.5278]], [[-122.578, 38.5276], [-122.5776, 38.5284], [-122.5773, 38.5276], [-122.578, 38.5276]], [[-122.5869, 38.5277], [-122.5866, 38.5279], [-122.5866, 38.5277], [-122.5869, 38.5277]], [[-122.5883, 38.5271], [-122.588, 38.5276], [-122.5879, 38.5271], [-122.5883, 38.5271]], [[-122.5873, 38.5274], [-122.5869, 38.5277], [-122.5869, 38.5274], [-122.5873, 38.5274]], [[-122.5893, 38.5271], [-122.589, 38.5273], [-122.589, 38.5271], [-122.5893, 38.5271]], [[-122.5766, 38.5271], [-122.5759, 38.5274], [-122.5759, 38.5271], [-122.5766, 38.5271]], [[-122.5893, 38.526], [-122.5882, 38.5255], [-122.5889, 38.5255], [-122.5889, 38.5246], [-122.5899, 38.5246], [-122.5893, 38.526]], [[-122.5903, 38.5249], [-122.5899, 38.5252], [-122.5899, 38.5249], [-122.5903, 38.5249]], [[-122.5879, 38.5249], [-122.5875, 38.5252], [-122.5875, 38.5249], [-122.5879, 38.5249]], [[-122.5906, 38.5246], [-122.5903, 38.5249], [-122.5903, 38.5246], [-122.5906, 38.5246]], [[-122.5913, 38.5241], [-122.5909, 38.5243], [-122.5909, 38.5241], [-122.5913, 38.5241]], [[-122.5906, 38.5243], [-122.5899, 38.5244], [-122.5902, 38.5233], [-122.5909, 38.5232], [-122.5906, 38.5243]], [[-122.5892, 38.5241], [-122.5889, 38.5244], [-122.5889, 38.5241], [-122.5892, 38.5241]], [[-122.594, 38.5235], [-122.5933, 38.524], [-122.5933, 38.5235], [-122.594, 38.5235]], [[-122.5899, 38.5241], [-122.5892, 38.5241], [-122.5885, 38.5233], [-122.5895, 38.523], [-122.5899, 38.5241]], [[-122.5882, 38.5238], [-122.5878, 38.5241], [-122.5878, 38.5239], [-122.5882, 38.5238]], [[-122.5868, 38.5231], [-122.5861, 38.5231], [-122.5861, 38.5225], [-122.5864, 38.5225], [-122.5868, 38.5231]], [[-122.5902, 38.5222], [-122.5898, 38.5225], [-122.5898, 38.5222], [-122.5902, 38.5222]], [[-122.5877, 38.5214], [-122.587, 38.5212], [-122.5877, 38.5209], [-122.5877, 38.5214]], [[-122.5888, 38.5211], [-122.5884, 38.5214], [-122.5884, 38.5211], [-122.5888, 38.5211]]], [[[-122.5946, 38.521], [-122.5946, 38.5205], [-122.5953, 38.5202], [-122.5939, 38.5205], [-122.5946, 38.521]]], [[[-122.4724, 38.5244], [-122.4716, 38.5225], [-122.4706, 38.5228], [-122.471, 38.5244], [-122.4724, 38.5244]]], [[[-122.5833, 38.5215], [-122.5832, 38.5202], [-122.5825, 38.5202], [-122.5819, 38.5216], [-122.5833, 38.5215]]], [[[-122.6298, 38.5208], [-122.6301, 38.5197], [-122.6269, 38.519], [-122.6273, 38.5203], [-122.628, 38.5197], [-122.6298, 38.5208]]], [[[-122.6041, 38.5246], [-122.6058, 38.524], [-122.6061, 38.5229], [-122.6085, 38.5223], [-122.6081, 38.5215], [-122.6091, 38.5207], [-122.6067, 38.521], [-122.6073, 38.5197], [-122.6049, 38.52], [-122.6039, 38.5195], [-122.6039, 38.5208], [-122.6029, 38.5208], [-122.6036, 38.5214], [-122.6057, 38.521], [-122.6064, 38.5216], [-122.6057, 38.5224], [-122.6067, 38.5224], [-122.6047, 38.5227], [-122.6047, 38.5235], [-122.6033, 38.5241], [-122.6041, 38.5246]], [[-122.6074, 38.5215], [-122.6067, 38.5221], [-122.6067, 38.5216], [-122.6074, 38.5215]], [[-122.6046, 38.5203], [-122.6043, 38.5205], [-122.6042, 38.5203], [-122.6046, 38.5203]]], [[[-122.5802, 38.5221], [-122.5805, 38.5208], [-122.5815, 38.5208], [-122.5805, 38.52], [-122.5795, 38.5211], [-122.5802, 38.5221]]], [[[-122.6387, 38.5201], [-122.6397, 38.5192], [-122.6397, 38.5187], [-122.6383, 38.5198], [-122.6373, 38.5193], [-122.6373, 38.5201], [-122.6387, 38.5201]]], [[[-122.576, 38.5214], [-122.575, 38.5204], [-122.5743, 38.5206], [-122.5732, 38.5198], [-122.5736, 38.5212], [-122.5746, 38.5212], [-122.5747, 38.5214], [-122.576, 38.5214]], [[-122.575, 38.5209], [-122.5746, 38.5212], [-122.5746, 38.5209], [-122.575, 38.5209]]], [[[-122.5288, 38.5216], [-122.5291, 38.521], [-122.5274, 38.5208], [-122.5274, 38.5214], [-122.5288, 38.5216]]], [[[-122.4521, 38.5248], [-122.4548, 38.5239], [-122.4534, 38.5237], [-122.4534, 38.5229], [-122.4523, 38.5224], [-122.4517, 38.5226], [-122.452, 38.5234], [-122.451, 38.5235], [-122.4521, 38.5248]], [[-122.4527, 38.5232], [-122.4524, 38.5234], [-122.4524, 38.5232], [-122.4527, 38.5232]], [[-122.4531, 38.5229], [-122.4527, 38.5232], [-122.4527, 38.5229], [-122.4531, 38.5229]]], [[[-122.5946, 38.5194], [-122.5966, 38.5191], [-122.5946, 38.5191], [-122.5946, 38.5194]]], [[[-122.6011, 38.5195], [-122.6032, 38.5197], [-122.6032, 38.5187], [-122.6011, 38.5195]]], [[[-122.5695, 38.521], [-122.5705, 38.5202], [-122.5691, 38.5191], [-122.5663, 38.5203], [-122.5695, 38.521]]], [[[-122.6005, 38.5206], [-122.6011, 38.5193], [-122.5997, 38.5193], [-122.6008, 38.519], [-122.5997, 38.5182], [-122.599, 38.5193], [-122.6005, 38.5206]]], [[[-122.6242, 38.5188], [-122.6231, 38.5174], [-122.6207, 38.5177], [-122.6221, 38.518], [-122.6221, 38.5185], [-122.6242, 38.5188]]], [[[-122.6014, 38.5184], [-122.6031, 38.5184], [-122.6031, 38.5179], [-122.6014, 38.5184]]], [[[-122.6259, 38.5179], [-122.6272, 38.5173], [-122.6259, 38.5176], [-122.6259, 38.5179]]], [[[-122.618, 38.5186], [-122.6179, 38.5173], [-122.6176, 38.5173], [-122.6169, 38.5184], [-122.618, 38.5186]]], [[[-122.5453, 38.5199], [-122.5449, 38.5188], [-122.5439, 38.5191], [-122.5439, 38.5194], [-122.5453, 38.5199]]], [[[-122.6338, 38.5172], [-122.6334, 38.5167], [-122.632, 38.5167], [-122.6321, 38.5172], [-122.6338, 38.5172]]], [[[-122.5526, 38.5211], [-122.5532, 38.52], [-122.556, 38.5197], [-122.5563, 38.518], [-122.5539, 38.5186], [-122.5539, 38.5197], [-122.5515, 38.5192], [-122.5508, 38.5203], [-122.5519, 38.5206], [-122.5516, 38.5211], [-122.5526, 38.5211]], [[-122.5529, 38.52], [-122.5522, 38.5203], [-122.5522, 38.52], [-122.5529, 38.52]]], [[[-122.598, 38.519], [-122.5983, 38.5177], [-122.5993, 38.5182], [-122.5986, 38.5171], [-122.5966, 38.5183], [-122.5966, 38.5191], [-122.598, 38.519]], [[-122.598, 38.5182], [-122.5976, 38.5185], [-122.5976, 38.5182], [-122.598, 38.5182]]], [[[-122.5491, 38.5193], [-122.549, 38.5182], [-122.5483, 38.5182], [-122.5484, 38.519], [-122.5491, 38.5193]]], [[[-122.5122, 38.5198], [-122.5132, 38.5192], [-122.5143, 38.5189], [-122.5125, 38.519], [-122.5122, 38.5198]]], [[[-122.5105, 38.5212], [-122.5105, 38.5201], [-122.5077, 38.5188], [-122.5067, 38.521], [-122.5078, 38.5204], [-122.5088, 38.5212], [-122.5105, 38.5212]]], [[[-122.6021, 38.5176], [-122.6021, 38.5168], [-122.6007, 38.5171], [-122.6007, 38.5176], [-122.6021, 38.5176]]], [[[-122.5274, 38.5208], [-122.527, 38.52], [-122.5253, 38.5198], [-122.5253, 38.5184], [-122.5232, 38.519], [-122.5243, 38.5201], [-122.526, 38.52], [-122.5274, 38.5208]], [[-122.525, 38.5195], [-122.5246, 38.5198], [-122.5246, 38.5195], [-122.525, 38.5195]]], [[[-122.5177, 38.5199], [-122.5181, 38.5191], [-122.5201, 38.5191], [-122.5204, 38.518], [-122.5184, 38.518], [-122.5184, 38.5188], [-122.5173, 38.5183], [-122.517, 38.5189], [-122.5177, 38.5191], [-122.516, 38.5192], [-122.5177, 38.5199]]], [[[-122.5753, 38.5195], [-122.5756, 38.5184], [-122.5745, 38.5179], [-122.5752, 38.5174], [-122.5742, 38.5174], [-122.5738, 38.5166], [-122.5721, 38.5169], [-122.5721, 38.5177], [-122.5711, 38.5183], [-122.5725, 38.5185], [-122.5732, 38.518], [-122.5739, 38.5188], [-122.5749, 38.5185], [-122.5753, 38.5195]]], [[[-122.5607, 38.518], [-122.5614, 38.5169], [-122.5593, 38.5172], [-122.5593, 38.5174], [-122.5607, 38.518]]], [[[-122.5663, 38.5178], [-122.5656, 38.5176], [-122.5659, 38.5162], [-122.5655, 38.5168], [-122.5648, 38.516], [-122.5641, 38.5165], [-122.5631, 38.5163], [-122.5635, 38.5174], [-122.5648, 38.5171], [-122.5649, 38.5179], [-122.5663, 38.5178]]], [[[-122.5301, 38.5189], [-122.5325, 38.5185], [-122.5325, 38.518], [-122.5332, 38.5183], [-122.5325, 38.5177], [-122.5328, 38.5164], [-122.5321, 38.5169], [-122.5307, 38.5167], [-122.5301, 38.5175], [-122.5301, 38.5189]], [[-122.5314, 38.5169], [-122.5311, 38.5172], [-122.5311, 38.517], [-122.5314, 38.5169]]], [[[-122.6223, 38.5153], [-122.6233, 38.5145], [-122.6206, 38.5145], [-122.6209, 38.515], [-122.6223, 38.5153]]], [[[-122.5794, 38.5181], [-122.5797, 38.517], [-122.579, 38.517], [-122.5786, 38.5157], [-122.5783, 38.5168], [-122.5772, 38.5168], [-122.5772, 38.516], [-122.5751, 38.5149], [-122.5752, 38.516], [-122.5741, 38.5169], [-122.5752, 38.5171], [-122.5755, 38.5166], [-122.5755, 38.5168], [-122.5762, 38.5168], [-122.5766, 38.5173], [-122.579, 38.5176], [-122.5794, 38.5181]], [[-122.5765, 38.5163], [-122.5762, 38.5168], [-122.5762, 38.5163], [-122.5765, 38.5163]]], [[[-122.5493, 38.5158], [-122.5497, 38.516], [-122.5507, 38.5157], [-122.5493, 38.5158]]], [[[-122.5697, 38.5167], [-122.57, 38.5156], [-122.571, 38.5161], [-122.5724, 38.5153], [-122.5717, 38.5148], [-122.5706, 38.5153], [-122.5706, 38.5145], [-122.5699, 38.5151], [-122.5682, 38.5148], [-122.5686, 38.5162], [-122.5679, 38.5165], [-122.5697, 38.5167]], [[-122.57, 38.5153], [-122.5696, 38.5156], [-122.5696, 38.5153], [-122.57, 38.5153]]], [[[-122.5083, 38.5169], [-122.509, 38.5163], [-122.509, 38.5158], [-122.508, 38.5161], [-122.5083, 38.5169]]], [[[-122.5179, 38.5159], [-122.5183, 38.5151], [-122.5169, 38.5151], [-122.5169, 38.5156], [-122.5179, 38.5159]]], [[[-122.5534, 38.5151], [-122.5537, 38.5143], [-122.5523, 38.5141], [-122.5517, 38.5146], [-122.5534, 38.5151]]], [[[-122.6009, 38.5144], [-122.6009, 38.5133], [-122.6002, 38.5128], [-122.5999, 38.5144], [-122.6009, 38.5144]]], [[[-122.6274, 38.513], [-122.6267, 38.5119], [-122.6264, 38.512], [-122.6264, 38.5128], [-122.6274, 38.513]]], [[[-122.621, 38.5172], [-122.6217, 38.5158], [-122.6199, 38.5159], [-122.6196, 38.5145], [-122.6189, 38.5148], [-122.6185, 38.514], [-122.6157, 38.513], [-122.615, 38.5133], [-122.6139, 38.512], [-122.6134, 38.5163], [-122.6148, 38.5154], [-122.6144, 38.5144], [-122.6151, 38.5144], [-122.6151, 38.5146], [-122.6154, 38.5146], [-122.6154, 38.5149], [-122.6158, 38.5149], [-122.6161, 38.5151], [-122.6154, 38.5154], [-122.6155, 38.5173], [-122.6169, 38.517], [-122.6172, 38.5165], [-122.6165, 38.5162], [-122.6172, 38.5159], [-122.6182, 38.5162], [-122.6176, 38.5167], [-122.6186, 38.5167], [-122.6179, 38.5173], [-122.621, 38.5172]], [[-122.6172, 38.5157], [-122.6168, 38.5159], [-122.6168, 38.5157], [-122.6172, 38.5157]], [[-122.6175, 38.5154], [-122.6172, 38.5157], [-122.6172, 38.5154], [-122.6175, 38.5154]], [[-122.6172, 38.5151], [-122.6165, 38.5149], [-122.6164, 38.5143], [-122.6171, 38.5143], [-122.6172, 38.5151]], [[-122.6161, 38.5146], [-122.6158, 38.5149], [-122.6158, 38.5146], [-122.6161, 38.5146]]], [[[-122.5792, 38.5143], [-122.5792, 38.5132], [-122.5774, 38.5127], [-122.5775, 38.5141], [-122.5792, 38.5143]]], [[[-122.6146, 38.5122], [-122.6157, 38.5125], [-122.6156, 38.5114], [-122.6146, 38.5122]]], [[[-122.5765, 38.5149], [-122.5754, 38.5131], [-122.5768, 38.5125], [-122.5754, 38.512], [-122.5744, 38.5144], [-122.5758, 38.5141], [-122.5765, 38.5149]]], [[[-122.5482, 38.5134], [-122.5488, 38.5125], [-122.5485, 38.5117], [-122.5478, 38.512], [-122.5482, 38.5134]]], [[[-122.6298, 38.5119], [-122.6305, 38.5113], [-122.6308, 38.51], [-122.6287, 38.51], [-122.6298, 38.5119]]], [[[-122.5447, 38.5118], [-122.5454, 38.5121], [-122.5461, 38.5118], [-122.5447, 38.5118]]], [[[-122.5416, 38.5135], [-122.5423, 38.5121], [-122.5412, 38.5113], [-122.5399, 38.5116], [-122.5416, 38.5135]]], [[[-122.544, 38.5124], [-122.5447, 38.5115], [-122.5429, 38.5113], [-122.5426, 38.5124], [-122.544, 38.5124]]], [[[-122.5116, 38.513], [-122.512, 38.5122], [-122.5102, 38.5117], [-122.5102, 38.5123], [-122.5116, 38.513]]], [[[-122.6209, 38.5142], [-122.6205, 38.5134], [-122.6219, 38.5139], [-122.6219, 38.5126], [-122.6198, 38.5116], [-122.6218, 38.5112], [-122.6219, 38.5121], [-122.6236, 38.5117], [-122.6222, 38.5112], [-122.6222, 38.5104], [-122.6215, 38.511], [-122.6211, 38.5099], [-122.6204, 38.5099], [-122.6208, 38.5107], [-122.6198, 38.5107], [-122.6187, 38.5092], [-122.618, 38.5102], [-122.6159, 38.5092], [-122.6156, 38.5106], [-122.6159, 38.51], [-122.6173, 38.5103], [-122.6167, 38.5111], [-122.6181, 38.5119], [-122.6178, 38.513], [-122.6181, 38.5129], [-122.6181, 38.5127], [-122.6185, 38.5127], [-122.6199, 38.5143], [-122.6209, 38.5142]], [[-122.6209, 38.5126], [-122.6192, 38.5132], [-122.6191, 38.5121], [-122.6209, 38.5126]], [[-122.6188, 38.5121], [-122.6185, 38.5127], [-122.6184, 38.5121], [-122.6188, 38.5121]], [[-122.6198, 38.5107], [-122.6194, 38.5113], [-122.6194, 38.5108], [-122.6198, 38.5107]]], [[[-122.5887, 38.519], [-122.5925, 38.5194], [-122.5921, 38.5178], [-122.5928, 38.5189], [-122.5942, 38.5189], [-122.5945, 38.5178], [-122.5959, 38.5177], [-122.5966, 38.5183], [-122.5972, 38.5172], [-122.5979, 38.5174], [-122.5979, 38.5158], [-122.5993, 38.5155], [-122.6, 38.5163], [-122.6013, 38.5157], [-122.5999, 38.5155], [-122.5999, 38.5144], [-122.5992, 38.5144], [-122.5988, 38.5131], [-122.5985, 38.5139], [-122.5964, 38.5137], [-122.595, 38.5107], [-122.5929, 38.5102], [-122.5912, 38.5108], [-122.5911, 38.5103], [-122.5901, 38.5106], [-122.5891, 38.5098], [-122.5843, 38.5107], [-122.584, 38.5115], [-122.5857, 38.5112], [-122.5857, 38.512], [-122.5833, 38.5126], [-122.5834, 38.5142], [-122.5806, 38.514], [-122.5803, 38.5154], [-122.5824, 38.5159], [-122.5837, 38.5148], [-122.5837, 38.5153], [-122.5844, 38.5153], [-122.5848, 38.5156], [-122.5848, 38.5164], [-122.5869, 38.5171], [-122.5869, 38.5182], [-122.588, 38.5185], [-122.5904, 38.5173], [-122.5896, 38.516], [-122.5907, 38.516], [-122.591, 38.5149], [-122.5917, 38.5159], [-122.5907, 38.5165], [-122.5911, 38.5178], [-122.5887, 38.519]], [[-122.5935, 38.5183], [-122.5932, 38.5186], [-122.5932, 38.5183], [-122.5935, 38.5183]], [[-122.5966, 38.5177], [-122.5959, 38.5177], [-122.5959, 38.5172], [-122.5962, 38.5172], [-122.5966, 38.5177]], [[-122.5955, 38.5175], [-122.5938, 38.5175], [-122.5938, 38.5164], [-122.5948, 38.5164], [-122.5955, 38.5175]], [[-122.5972, 38.5166], [-122.5969, 38.5172], [-122.5969, 38.5166], [-122.5972, 38.5166]], [[-122.5935, 38.5173], [-122.5924, 38.5173], [-122.5924, 38.5167], [-122.591, 38.5165], [-122.5934, 38.5162], [-122.5935, 38.5173]], [[-122.5893, 38.5171], [-122.589, 38.5174], [-122.589, 38.5171], [-122.5893, 38.5171]], [[-122.5872, 38.5168], [-122.5869, 38.5171], [-122.5869, 38.5169], [-122.5872, 38.5168]], [[-122.589, 38.5168], [-122.5883, 38.5163], [-122.5886, 38.5155], [-122.5893, 38.516], [-122.589, 38.5168]], [[-122.5883, 38.5163], [-122.5879, 38.5166], [-122.5879, 38.5163], [-122.5883, 38.5163]], [[-122.5924, 38.5154], [-122.592, 38.5162], [-122.5917, 38.5154], [-122.5924, 38.5154]], [[-122.5862, 38.5163], [-122.5851, 38.5161], [-122.5851, 38.5155], [-122.5862, 38.5155], [-122.5862, 38.5163]], [[-122.5979, 38.5155], [-122.5975, 38.5158], [-122.5975, 38.5155], [-122.5979, 38.5155]], [[-122.5948, 38.5156], [-122.5944, 38.5159], [-122.5944, 38.5156], [-122.5948, 38.5156]], [[-122.5944, 38.5156], [-122.5937, 38.5154], [-122.5941, 38.5145], [-122.593, 38.5143], [-122.5929, 38.5124], [-122.5954, 38.5134], [-122.5947, 38.5137], [-122.5944, 38.5156]], [[-122.5899, 38.5154], [-122.5896, 38.5157], [-122.5896, 38.5154], [-122.5899, 38.5154]], [[-122.5996, 38.5147], [-122.5992, 38.5152], [-122.5992, 38.5147], [-122.5996, 38.5147]], [[-122.5965, 38.515], [-122.5961, 38.5153], [-122.5961, 38.515], [-122.5965, 38.515]], [[-122.5865, 38.5152], [-122.5851, 38.5153], [-122.5858, 38.5147], [-122.5851, 38.5139], [-122.5861, 38.5142], [-122.5865, 38.5152]], [[-122.5848, 38.515], [-122.5844, 38.5153], [-122.5844, 38.515], [-122.5848, 38.515]], [[-122.5985, 38.5144], [-122.5982, 38.5147], [-122.5982, 38.5145], [-122.5985, 38.5144]], [[-122.5958, 38.5142], [-122.5951, 38.5145], [-122.5951, 38.5143], [-122.5958, 38.5142]], [[-122.5851, 38.5145], [-122.5848, 38.5147], [-122.5847, 38.5145], [-122.5851, 38.5145]], [[-122.5975, 38.5139], [-122.5971, 38.5142], [-122.5971, 38.5139], [-122.5975, 38.5139]], [[-122.5895, 38.5138], [-122.5889, 38.5141], [-122.5889, 38.5138], [-122.5895, 38.5138]], [[-122.5864, 38.5139], [-122.5861, 38.5142], [-122.5861, 38.5139], [-122.5864, 38.5139]], [[-122.5916, 38.5135], [-122.5913, 38.5138], [-122.5913, 38.5135], [-122.5916, 38.5135]], [[-122.5913, 38.5133], [-122.5909, 38.5135], [-122.5909, 38.5133], [-122.5913, 38.5133]], [[-122.5871, 38.5133], [-122.5868, 38.5136], [-122.5868, 38.5133], [-122.5871, 38.5133]], [[-122.5878, 38.5131], [-122.5875, 38.5133], [-122.5875, 38.5131], [-122.5878, 38.5131]], [[-122.5843, 38.5129], [-122.584, 38.5134], [-122.584, 38.5129], [-122.5843, 38.5129]], [[-122.5905, 38.5127], [-122.5888, 38.5117], [-122.5888, 38.5111], [-122.5912, 38.5108], [-122.5905, 38.5127]], [[-122.5881, 38.5128], [-122.5871, 38.5123], [-122.5871, 38.5115], [-122.5888, 38.512], [-122.5881, 38.5128]], [[-122.5943, 38.5121], [-122.594, 38.5124], [-122.594, 38.5121], [-122.5943, 38.5121]], [[-122.5939, 38.5116], [-122.5919, 38.5119], [-122.5922, 38.5111], [-122.5939, 38.5116]], [[-122.5939, 38.511], [-122.5936, 38.5113], [-122.5936, 38.511], [-122.5939, 38.511]], [[-122.5936, 38.5108], [-122.5932, 38.5111], [-122.5932, 38.5108], [-122.5936, 38.5108]]], [[[-122.6332, 38.5102], [-122.6339, 38.5096], [-122.6335, 38.5088], [-122.6328, 38.5094], [-122.6314, 38.5091], [-122.6318, 38.5099], [-122.6332, 38.5102]]], [[[-122.6104, 38.5193], [-122.6103, 38.5174], [-122.6093, 38.5166], [-122.6079, 38.5175], [-122.6069, 38.5172], [-122.6079, 38.5169], [-122.6072, 38.5167], [-122.6075, 38.5159], [-122.6106, 38.5155], [-122.6131, 38.516], [-122.6124, 38.5158], [-122.6126, 38.5141], [-122.6106, 38.5139], [-122.6122, 38.5117], [-122.6105, 38.5112], [-122.6121, 38.5098], [-122.6132, 38.5101], [-122.6132, 38.5095], [-122.6114, 38.5093], [-122.6115, 38.5098], [-122.6104, 38.5099], [-122.6094, 38.5091], [-122.6073, 38.5089], [-122.6063, 38.51], [-122.6049, 38.5097], [-122.6049, 38.5108], [-122.6039, 38.5116], [-122.6053, 38.5119], [-122.6061, 38.5132], [-122.6078, 38.5132], [-122.6078, 38.5137], [-122.6057, 38.5138], [-122.604, 38.5122], [-122.6029, 38.5122], [-122.6023, 38.5133], [-122.6033, 38.5133], [-122.6033, 38.5138], [-122.6009, 38.5147], [-122.6024, 38.516], [-122.6034, 38.5157], [-122.6038, 38.5165], [-122.6051, 38.5165], [-122.6041, 38.5159], [-122.6044, 38.5149], [-122.6051, 38.5148], [-122.6055, 38.5159], [-122.6069, 38.5167], [-122.6062, 38.5173], [-122.6069, 38.5183], [-122.6104, 38.5193]], [[-122.6093, 38.5172], [-122.609, 38.5177], [-122.609, 38.5172], [-122.6093, 38.5172]], [[-122.6092, 38.5156], [-122.6065, 38.5156], [-122.6061, 38.5151], [-122.6078, 38.5145], [-122.6092, 38.5156]], [[-122.6116, 38.5144], [-122.611, 38.515], [-122.6109, 38.5144], [-122.6116, 38.5144]], [[-122.6064, 38.5143], [-122.6058, 38.5148], [-122.6058, 38.5146], [-122.6064, 38.5143]], [[-122.6109, 38.5142], [-122.6106, 38.5145], [-122.6106, 38.5142], [-122.6109, 38.5142]], [[-122.6061, 38.514], [-122.6054, 38.5143], [-122.6054, 38.514], [-122.6061, 38.514]], [[-122.6033, 38.5141], [-122.6027, 38.5144], [-122.6027, 38.5141], [-122.6033, 38.5141]], [[-122.6099, 38.5137], [-122.6095, 38.5139], [-122.6095, 38.5137], [-122.6099, 38.5137]], [[-122.6095, 38.5134], [-122.6092, 38.5137], [-122.6092, 38.5134], [-122.6095, 38.5134]], [[-122.6102, 38.5131], [-122.6095, 38.5134], [-122.6095, 38.5131], [-122.6102, 38.5131]], [[-122.6095, 38.5129], [-122.6092, 38.5131], [-122.6092, 38.5129], [-122.6095, 38.5129]], [[-122.604, 38.5127], [-122.6036, 38.513], [-122.6036, 38.5127], [-122.604, 38.5127]], [[-122.6088, 38.5121], [-122.6081, 38.5124], [-122.6081, 38.5121], [-122.6088, 38.5121]], [[-122.6115, 38.5117], [-122.6108, 38.512], [-122.6108, 38.5118], [-122.6115, 38.5117]], [[-122.6091, 38.5118], [-122.6088, 38.5121], [-122.6088, 38.5118], [-122.6091, 38.5118]], [[-122.6077, 38.5118], [-122.6074, 38.5121], [-122.6074, 38.5118], [-122.6077, 38.5118]], [[-122.6088, 38.5115], [-122.6084, 38.5118], [-122.6084, 38.5115], [-122.6088, 38.5115]], [[-122.6074, 38.5113], [-122.6071, 38.5118], [-122.607, 38.5113], [-122.6074, 38.5113]], [[-122.6057, 38.5116], [-122.6053, 38.5119], [-122.6053, 38.5116], [-122.6057, 38.5116]], [[-122.6105, 38.511], [-122.6101, 38.5112], [-122.6101, 38.511], [-122.6105, 38.511]], [[-122.6081, 38.511], [-122.6077, 38.5113], [-122.6077, 38.511], [-122.6081, 38.511]], [[-122.6097, 38.5099], [-122.6094, 38.5102], [-122.6094, 38.5099], [-122.6097, 38.5099]], [[-122.609, 38.5094], [-122.6084, 38.5096], [-122.6083, 38.5094], [-122.609, 38.5094]]], [[[-122.5017, 38.5146], [-122.5013, 38.513], [-122.4996, 38.5128], [-122.5002, 38.5117], [-122.4995, 38.5111], [-122.4978, 38.5114], [-122.4992, 38.512], [-122.4993, 38.5138], [-122.4999, 38.5133], [-122.5007, 38.5146], [-122.5017, 38.5146]]], [[[-122.6153, 38.51], [-122.6152, 38.5092], [-122.6139, 38.5093], [-122.6138, 38.5082], [-122.6124, 38.5079], [-122.6131, 38.5085], [-122.6128, 38.5093], [-122.6132, 38.5093], [-122.6139, 38.5101], [-122.6153, 38.51]]], [[[-122.576, 38.5098], [-122.5759, 38.5087], [-122.5749, 38.509], [-122.5749, 38.5096], [-122.576, 38.5098]]], [[[-122.5556, 38.5173], [-122.5559, 38.5167], [-122.5542, 38.5167], [-122.5541, 38.5162], [-122.5569, 38.5159], [-122.5572, 38.5148], [-122.5579, 38.5161], [-122.5586, 38.5156], [-122.5596, 38.5161], [-122.5597, 38.5169], [-122.5614, 38.5166], [-122.5614, 38.516], [-122.5624, 38.5163], [-122.5627, 38.5152], [-122.5641, 38.5152], [-122.5651, 38.5144], [-122.5651, 38.513], [-122.5644, 38.5136], [-122.563, 38.513], [-122.5623, 38.5139], [-122.5613, 38.5136], [-122.5609, 38.5123], [-122.5637, 38.5128], [-122.5653, 38.5108], [-122.564, 38.5114], [-122.5619, 38.5104], [-122.5636, 38.5117], [-122.5612, 38.512], [-122.5612, 38.5115], [-122.5602, 38.5115], [-122.5602, 38.5107], [-122.5612, 38.5101], [-122.5605, 38.5096], [-122.5594, 38.5096], [-122.5598, 38.5091], [-122.5591, 38.5088], [-122.5584, 38.5099], [-122.5546, 38.5097], [-122.5546, 38.5105], [-122.5553, 38.5105], [-122.5547, 38.5113], [-122.5526, 38.5111], [-122.5526, 38.5106], [-122.5502, 38.5112], [-122.5487, 38.5096], [-122.5491, 38.509], [-122.5484, 38.509], [-122.5484, 38.5098], [-122.547, 38.5101], [-122.5477, 38.5104], [-122.5471, 38.5112], [-122.5484, 38.5101], [-122.5499, 38.512], [-122.5509, 38.5111], [-122.5522, 38.5114], [-122.5516, 38.5119], [-122.5523, 38.5119], [-122.5519, 38.5125], [-122.5526, 38.5125], [-122.553, 38.5127], [-122.5527, 38.5133], [-122.5537, 38.5141], [-122.5557, 38.5127], [-122.5564, 38.5129], [-122.5564, 38.5124], [-122.5575, 38.5126], [-122.5554, 38.5137], [-122.5565, 38.5145], [-122.5537, 38.5149], [-122.5538, 38.5159], [-122.5528, 38.5162], [-122.5535, 38.5165], [-122.5531, 38.517], [-122.5556, 38.5173]], [[-122.5607, 38.5163], [-122.56, 38.5166], [-122.56, 38.5163], [-122.5607, 38.5163]], [[-122.5558, 38.5151], [-122.5552, 38.5156], [-122.5551, 38.5154], [-122.5558, 38.5151]], [[-122.5548, 38.5154], [-122.5545, 38.5157], [-122.5545, 38.5154], [-122.5548, 38.5154]], [[-122.561, 38.515], [-122.5607, 38.5153], [-122.5606, 38.515], [-122.561, 38.515]], [[-122.5637, 38.5144], [-122.5624, 38.5147], [-122.5623, 38.5141], [-122.5637, 38.5144]], [[-122.56, 38.515], [-122.5593, 38.515], [-122.5592, 38.5145], [-122.5596, 38.5145], [-122.56, 38.515]], [[-122.5606, 38.5142], [-122.5603, 38.5145], [-122.5603, 38.5142], [-122.5606, 38.5142]], [[-122.5592, 38.5137], [-122.5589, 38.5145], [-122.5589, 38.5137], [-122.5592, 38.5137]], [[-122.5582, 38.5142], [-122.5579, 38.5145], [-122.5579, 38.5142], [-122.5582, 38.5142]], [[-122.564, 38.5138], [-122.5637, 38.5141], [-122.5637, 38.5138], [-122.564, 38.5138]], [[-122.5579, 38.514], [-122.5575, 38.5142], [-122.5575, 38.514], [-122.5579, 38.514]], [[-122.5637, 38.5136], [-122.563, 38.5139], [-122.563, 38.5136], [-122.5637, 38.5136]], [[-122.5582, 38.5137], [-122.5578, 38.5132], [-122.5582, 38.5129], [-122.5588, 38.5129], [-122.5582, 38.5137]], [[-122.5602, 38.5131], [-122.5599, 38.5134], [-122.5599, 38.5131], [-122.5602, 38.5131]], [[-122.5578, 38.5129], [-122.5575, 38.5132], [-122.5575, 38.5129], [-122.5578, 38.5129]], [[-122.5592, 38.5129], [-122.5581, 38.5126], [-122.5581, 38.5123], [-122.5592, 38.512], [-122.5592, 38.5129]], [[-122.5602, 38.5123], [-122.5588, 38.5118], [-122.5588, 38.5112], [-122.5605, 38.5117], [-122.5602, 38.5123]], [[-122.5533, 38.5122], [-122.5526, 38.5125], [-122.5526, 38.5122], [-122.5533, 38.5122]], [[-122.5578, 38.5118], [-122.5574, 38.5121], [-122.5574, 38.5118], [-122.5578, 38.5118]], [[-122.5543, 38.5116], [-122.554, 38.5119], [-122.554, 38.5116], [-122.5543, 38.5116]], [[-122.5584, 38.511], [-122.5578, 38.5115], [-122.5577, 38.511], [-122.5584, 38.511]], [[-122.5529, 38.5114], [-122.5526, 38.5116], [-122.5526, 38.5114], [-122.5529, 38.5114]], [[-122.5601, 38.5104], [-122.5598, 38.5107], [-122.5598, 38.5104], [-122.5601, 38.5104]], [[-122.556, 38.5105], [-122.5557, 38.5108], [-122.5557, 38.5105], [-122.556, 38.5105]], [[-122.5557, 38.5102], [-122.5553, 38.5105], [-122.5553, 38.5102], [-122.5557, 38.5102]], [[-122.5605, 38.5099], [-122.5601, 38.5101], [-122.5601, 38.5099], [-122.5605, 38.5099]]], [[[-122.6345, 38.5085], [-122.6352, 38.5074], [-122.6341, 38.5069], [-122.6338, 38.5077], [-122.6345, 38.5085]]], [[[-122.5505, 38.5095], [-122.5504, 38.509], [-122.5494, 38.5087], [-122.5491, 38.5096], [-122.5505, 38.5095]]], [[[-122.6094, 38.5091], [-122.6118, 38.5088], [-122.6107, 38.5072], [-122.6104, 38.5083], [-122.6093, 38.508], [-122.6094, 38.5091]]], [[[-122.5611, 38.509], [-122.5611, 38.5082], [-122.5597, 38.5083], [-122.5597, 38.5085], [-122.5611, 38.509]]], [[[-122.5529, 38.5092], [-122.5535, 38.5084], [-122.5528, 38.5081], [-122.5529, 38.5092]]], [[[-122.536, 38.5093], [-122.5363, 38.5087], [-122.5349, 38.5082], [-122.5346, 38.5088], [-122.536, 38.5093]]], [[[-122.5573, 38.5088], [-122.5576, 38.5078], [-122.5545, 38.5076], [-122.5539, 38.5081], [-122.5556, 38.5081], [-122.5556, 38.5086], [-122.5566, 38.5081], [-122.5566, 38.5089], [-122.5573, 38.5088]]], [[[-122.5225, 38.509], [-122.5232, 38.5082], [-122.5222, 38.5085], [-122.5215, 38.508], [-122.5212, 38.5091], [-122.5225, 38.509]]], [[[-122.6314, 38.5091], [-122.63, 38.5076], [-122.6313, 38.5064], [-122.6327, 38.5072], [-122.6323, 38.5062], [-122.633, 38.5061], [-122.6334, 38.5053], [-122.6303, 38.5062], [-122.629, 38.5076], [-122.6297, 38.5089], [-122.6314, 38.5091]]], [[[-122.5538, 38.5076], [-122.5531, 38.5068], [-122.5524, 38.5071], [-122.5528, 38.5076], [-122.5538, 38.5076]]], [[[-122.5743, 38.5101], [-122.5745, 38.5074], [-122.5749, 38.5079], [-122.5766, 38.5074], [-122.5783, 38.5079], [-122.579, 38.5068], [-122.5769, 38.506], [-122.5755, 38.5063], [-122.5755, 38.5068], [-122.5752, 38.5063], [-122.5731, 38.5069], [-122.571, 38.5061], [-122.5707, 38.5067], [-122.5721, 38.5066], [-122.5717, 38.5072], [-122.5728, 38.5077], [-122.5728, 38.5082], [-122.5721, 38.508], [-122.5714, 38.5083], [-122.5725, 38.5088], [-122.5725, 38.5096], [-122.5735, 38.5093], [-122.5743, 38.5101]]], [[[-122.5235, 38.5163], [-122.5238, 38.5155], [-122.5252, 38.5152], [-122.5251, 38.5141], [-122.5269, 38.5143], [-122.5265, 38.5133], [-122.5237, 38.5133], [-122.523, 38.5123], [-122.5244, 38.5117], [-122.5233, 38.5106], [-122.5264, 38.5114], [-122.5264, 38.5119], [-122.5285, 38.5116], [-122.5288, 38.51], [-122.5311, 38.5083], [-122.5307, 38.5067], [-122.5281, 38.51], [-122.5267, 38.5095], [-122.5264, 38.5106], [-122.5257, 38.5103], [-122.526, 38.5095], [-122.5246, 38.5095], [-122.5236, 38.5087], [-122.5222, 38.5104], [-122.523, 38.5112], [-122.5216, 38.5112], [-122.5215, 38.5101], [-122.5212, 38.5107], [-122.5195, 38.5102], [-122.5185, 38.5107], [-122.5188, 38.5118], [-122.5151, 38.5135], [-122.5162, 38.5138], [-122.5158, 38.5146], [-122.5168, 38.514], [-122.5169, 38.5146], [-122.5183, 38.5148], [-122.5186, 38.5153], [-122.5203, 38.5145], [-122.5207, 38.5153], [-122.5224, 38.5152], [-122.5224, 38.5163], [-122.5235, 38.5163]], [[-122.5245, 38.5147], [-122.5241, 38.5149], [-122.5241, 38.5147], [-122.5245, 38.5147]], [[-122.5241, 38.5141], [-122.5227, 38.515], [-122.5227, 38.5139], [-122.5241, 38.5141]], [[-122.5221, 38.515], [-122.5207, 38.5147], [-122.5217, 38.5145], [-122.521, 38.5142], [-122.5213, 38.5137], [-122.5223, 38.5136], [-122.5221, 38.515]], [[-122.5244, 38.5136], [-122.5241, 38.5139], [-122.5241, 38.5136], [-122.5244, 38.5136]], [[-122.5237, 38.5133], [-122.5234, 38.5136], [-122.5234, 38.5133], [-122.5237, 38.5133]], [[-122.5213, 38.5118], [-122.5209, 38.512], [-122.5209, 38.5118], [-122.5213, 38.5118]], [[-122.5192, 38.5118], [-122.5189, 38.5121], [-122.5188, 38.5118], [-122.5192, 38.5118]], [[-122.5216, 38.5115], [-122.5213, 38.5118], [-122.5212, 38.5115], [-122.5216, 38.5115]], [[-122.5271, 38.5111], [-122.5268, 38.5114], [-122.5267, 38.5111], [-122.5271, 38.5111]], [[-122.5257, 38.5103], [-122.525, 38.5109], [-122.5246, 38.5103], [-122.5257, 38.5103]], [[-122.5209, 38.5107], [-122.5202, 38.511], [-122.5202, 38.5107], [-122.5209, 38.5107]], [[-122.5246, 38.5095], [-122.5243, 38.5098], [-122.5243, 38.5095], [-122.5246, 38.5095]], [[-122.5236, 38.5096], [-122.5233, 38.5098], [-122.5232, 38.5096], [-122.5236, 38.5096]]], [[[-122.5394, 38.5092], [-122.5397, 38.5081], [-122.5387, 38.5079], [-122.5387, 38.5068], [-122.5362, 38.5069], [-122.5373, 38.5087], [-122.5384, 38.509], [-122.5391, 38.5084], [-122.5394, 38.5092]], [[-122.5384, 38.5084], [-122.5377, 38.5084], [-122.5377, 38.5079], [-122.538, 38.5079], [-122.5384, 38.5084]]], [[[-122.6242, 38.5101], [-122.6235, 38.5088], [-122.6252, 38.5085], [-122.6256, 38.509], [-122.6255, 38.5077], [-122.6241, 38.5074], [-122.6248, 38.5071], [-122.6244, 38.5063], [-122.6227, 38.5069], [-122.6234, 38.5058], [-122.6217, 38.5058], [-122.6223, 38.5048], [-122.6213, 38.5048], [-122.6206, 38.5059], [-122.6213, 38.5064], [-122.62, 38.5064], [-122.62, 38.507], [-122.6207, 38.5069], [-122.6207, 38.508], [-122.6224, 38.5085], [-122.6232, 38.5099], [-122.6242, 38.5101]], [[-122.6234, 38.5077], [-122.6231, 38.508], [-122.6231, 38.5077], [-122.6234, 38.5077]], [[-122.6214, 38.5075], [-122.621, 38.5078], [-122.621, 38.5075], [-122.6214, 38.5075]], [[-122.6234, 38.5072], [-122.6231, 38.5074], [-122.6231, 38.5072], [-122.6234, 38.5072]], [[-122.6227, 38.5072], [-122.6224, 38.5075], [-122.6224, 38.5072], [-122.6227, 38.5072]]], [[[-122.4998, 38.5092], [-122.5001, 38.5076], [-122.5015, 38.5084], [-122.5011, 38.5073], [-122.4997, 38.5071], [-122.4987, 38.5084], [-122.4998, 38.5092]]], [[[-122.5228, 38.5079], [-122.5235, 38.5074], [-122.5221, 38.5066], [-122.5215, 38.5077], [-122.5228, 38.5079]], [[-122.5228, 38.5071], [-122.5225, 38.5074], [-122.5225, 38.5071], [-122.5228, 38.5071]]], [[[-122.6158, 38.5052], [-122.6172, 38.5051], [-122.6171, 38.5046], [-122.6158, 38.5052]]], [[[-122.5321, 38.5078], [-122.5321, 38.5061], [-122.5314, 38.5062], [-122.5311, 38.5072], [-122.5321, 38.5078]]], [[[-122.6379, 38.5066], [-122.6395, 38.5049], [-122.6406, 38.5052], [-122.6406, 38.5044], [-122.6392, 38.5038], [-122.6388, 38.5047], [-122.6357, 38.5047], [-122.635, 38.5037], [-122.634, 38.5037], [-122.6351, 38.505], [-122.6361, 38.505], [-122.6361, 38.5063], [-122.6379, 38.5066]], [[-122.6375, 38.5058], [-122.6372, 38.5061], [-122.6372, 38.5058], [-122.6375, 38.5058]], [[-122.6389, 38.5049], [-122.6385, 38.5052], [-122.6385, 38.5049], [-122.6389, 38.5049]]], [[[-122.5497, 38.5063], [-122.5503, 38.5058], [-122.5486, 38.5055], [-122.5486, 38.5058], [-122.5497, 38.5063]]], [[[-122.6275, 38.5055], [-122.6289, 38.5049], [-122.6292, 38.5038], [-122.6278, 38.5038], [-122.6282, 38.5049], [-122.6275, 38.5055]]], [[[-122.5814, 38.5067], [-122.582, 38.5054], [-122.5796, 38.5046], [-122.58, 38.5057], [-122.5793, 38.5057], [-122.579, 38.5065], [-122.5814, 38.5067]], [[-122.5806, 38.5057], [-122.5796, 38.5062], [-122.5796, 38.5059], [-122.5806, 38.5057]]], [[[-122.5039, 38.5081], [-122.5042, 38.5073], [-122.5032, 38.5078], [-122.5025, 38.5062], [-122.5011, 38.5065], [-122.5011, 38.5073], [-122.5025, 38.5076], [-122.5018, 38.5081], [-122.5039, 38.5081]]], [[[-122.5799, 38.5127], [-122.5802, 38.5121], [-122.5823, 38.5121], [-122.5822, 38.511], [-122.5805, 38.5113], [-122.5801, 38.5105], [-122.5825, 38.5102], [-122.5839, 38.5088], [-122.5863, 38.5085], [-122.5866, 38.5074], [-122.5886, 38.5071], [-122.5875, 38.5055], [-122.5896, 38.5052], [-122.5896, 38.5046], [-122.5868, 38.5044], [-122.5868, 38.5052], [-122.5838, 38.5064], [-122.5845, 38.5066], [-122.5842, 38.5085], [-122.5797, 38.5089], [-122.5794, 38.5084], [-122.5784, 38.5095], [-122.5788, 38.5114], [-122.5778, 38.5117], [-122.5799, 38.5127]], [[-122.5802, 38.5113], [-122.5798, 38.5116], [-122.5798, 38.5113], [-122.5802, 38.5113]], [[-122.5794, 38.5089], [-122.579, 38.5092], [-122.579, 38.5089], [-122.5794, 38.5089]], [[-122.5859, 38.508], [-122.5856, 38.5082], [-122.5856, 38.508], [-122.5859, 38.508]], [[-122.5862, 38.5077], [-122.5859, 38.508], [-122.5859, 38.5077], [-122.5862, 38.5077]], [[-122.5855, 38.5069], [-122.5852, 38.5077], [-122.5852, 38.5069], [-122.5855, 38.5069]], [[-122.5862, 38.5058], [-122.5859, 38.5066], [-122.5858, 38.5058], [-122.5862, 38.5058]], [[-122.5875, 38.5058], [-122.5872, 38.5061], [-122.5872, 38.5058], [-122.5875, 38.5058]], [[-122.5882, 38.5047], [-122.5879, 38.505], [-122.5879, 38.5047], [-122.5882, 38.5047]]], [[[-122.5727, 38.5142], [-122.5726, 38.5126], [-122.5743, 38.5125], [-122.5747, 38.512], [-122.574, 38.5117], [-122.5746, 38.5112], [-122.5739, 38.5101], [-122.5732, 38.5104], [-122.5729, 38.5099], [-122.5708, 38.5091], [-122.5701, 38.5102], [-122.5684, 38.5102], [-122.5681, 38.5108], [-122.5688, 38.5108], [-122.5688, 38.511], [-122.5674, 38.5116], [-122.5677, 38.5105], [-122.5667, 38.51], [-122.5667, 38.5095], [-122.5687, 38.5094], [-122.568, 38.5081], [-122.5683, 38.5075], [-122.5697, 38.5078], [-122.57, 38.507], [-122.5693, 38.5072], [-122.569, 38.5064], [-122.5707, 38.5064], [-122.5707, 38.5059], [-122.5696, 38.5059], [-122.5696, 38.5051], [-122.5682, 38.5056], [-122.5682, 38.5048], [-122.5679, 38.5054], [-122.5631, 38.5055], [-122.5634, 38.506], [-122.5624, 38.506], [-122.5621, 38.5069], [-122.5638, 38.5074], [-122.5628, 38.5079], [-122.5656, 38.5076], [-122.5656, 38.5081], [-122.5635, 38.5082], [-122.5635, 38.5087], [-122.5646, 38.5084], [-122.5656, 38.5092], [-122.5646, 38.5103], [-122.5656, 38.51], [-122.5664, 38.5114], [-122.565, 38.5119], [-122.5671, 38.5127], [-122.5674, 38.5121], [-122.5685, 38.5127], [-122.5699, 38.5124], [-122.5713, 38.5142], [-122.5727, 38.5142]], [[-122.5719, 38.5123], [-122.5716, 38.5126], [-122.5716, 38.5123], [-122.5719, 38.5123]], [[-122.5729, 38.5115], [-122.5719, 38.512], [-122.5722, 38.5112], [-122.5729, 38.5115]], [[-122.5681, 38.5116], [-122.5678, 38.5119], [-122.5678, 38.5116], [-122.5681, 38.5116]], [[-122.5691, 38.5105], [-122.5688, 38.5108], [-122.5688, 38.5105], [-122.5691, 38.5105]], [[-122.5729, 38.5101], [-122.5725, 38.5104], [-122.5725, 38.5101], [-122.5729, 38.5101]], [[-122.566, 38.5095], [-122.5656, 38.5097], [-122.5656, 38.5095], [-122.566, 38.5095]], [[-122.567, 38.5089], [-122.5663, 38.5092], [-122.5663, 38.5089], [-122.567, 38.5089]], [[-122.5693, 38.5056], [-122.5689, 38.5059], [-122.5689, 38.5056], [-122.5693, 38.5056]]], [[[-122.6254, 38.5052], [-122.625, 38.5036], [-122.6237, 38.5039], [-122.6237, 38.5045], [-122.6254, 38.5052]]], [[[-122.5597, 38.508], [-122.5604, 38.5072], [-122.5596, 38.5061], [-122.5607, 38.5053], [-122.5599, 38.5047], [-122.5596, 38.5056], [-122.5579, 38.5059], [-122.5579, 38.5064], [-122.5583, 38.5064], [-122.5583, 38.5067], [-122.5569, 38.5064], [-122.558, 38.5078], [-122.5597, 38.508]], [[-122.5586, 38.5061], [-122.5583, 38.5064], [-122.5583, 38.5061], [-122.5586, 38.5061]], [[-122.5596, 38.5058], [-122.5593, 38.5061], [-122.5593, 38.5058], [-122.5596, 38.5058]]], [[[-122.6113, 38.5045], [-122.6112, 38.5034], [-122.6105, 38.5034], [-122.6099, 38.5042], [-122.6113, 38.5045]]], [[[-122.5745, 38.5063], [-122.5761, 38.5049], [-122.5758, 38.5044], [-122.5768, 38.5041], [-122.573, 38.505], [-122.5745, 38.5063]], [[-122.5755, 38.505], [-122.5751, 38.5052], [-122.5751, 38.505], [-122.5755, 38.505]]], [[[-122.6137, 38.5047], [-122.6133, 38.5031], [-122.6116, 38.5036], [-122.612, 38.5042], [-122.6133, 38.5039], [-122.613, 38.5047], [-122.6137, 38.5047]]], [[[-122.5672, 38.5049], [-122.5668, 38.5041], [-122.5658, 38.5046], [-122.5658, 38.5049], [-122.5672, 38.5049]]], [[[-122.6257, 38.5041], [-122.6267, 38.5033], [-122.6278, 38.5033], [-122.6274, 38.5028], [-122.626, 38.5033], [-122.6257, 38.5041]]], [[[-122.5362, 38.5055], [-122.5369, 38.5052], [-122.5375, 38.5047], [-122.5362, 38.5047], [-122.5362, 38.5055]]], [[[-122.6016, 38.5122], [-122.6015, 38.5117], [-122.6025, 38.5111], [-122.6039, 38.5114], [-122.6039, 38.5108], [-122.6015, 38.5103], [-122.6025, 38.5092], [-122.5997, 38.5093], [-122.5986, 38.5072], [-122.5993, 38.5071], [-122.5993, 38.508], [-122.601, 38.5074], [-122.6017, 38.5063], [-122.6, 38.5066], [-122.5989, 38.5058], [-122.6013, 38.5057], [-122.602, 38.5055], [-122.6016, 38.5047], [-122.5985, 38.5042], [-122.5985, 38.5047], [-122.5975, 38.5045], [-122.5986, 38.5055], [-122.5972, 38.5056], [-122.5964, 38.5042], [-122.5944, 38.504], [-122.5933, 38.5032], [-122.593, 38.5038], [-122.5916, 38.5033], [-122.5896, 38.5041], [-122.5909, 38.5046], [-122.5899, 38.5049], [-122.5899, 38.5055], [-122.5913, 38.5057], [-122.5907, 38.5062], [-122.5917, 38.5062], [-122.5921, 38.5073], [-122.5914, 38.5076], [-122.5921, 38.5078], [-122.5911, 38.5081], [-122.5907, 38.5076], [-122.5893, 38.5074], [-122.5894, 38.5082], [-122.5869, 38.5082], [-122.5866, 38.5088], [-122.588, 38.5095], [-122.5887, 38.509], [-122.5891, 38.5095], [-122.5949, 38.5094], [-122.5946, 38.5105], [-122.5963, 38.5102], [-122.5963, 38.5107], [-122.5974, 38.5104], [-122.5977, 38.511], [-122.5991, 38.5109], [-122.5984, 38.5099], [-122.5994, 38.5101], [-122.6001, 38.5096], [-122.6001, 38.5101], [-122.6011, 38.5101], [-122.6001, 38.5112], [-122.6016, 38.5122]], [[-122.598, 38.5096], [-122.5977, 38.5099], [-122.5977, 38.5096], [-122.598, 38.5096]], [[-122.597, 38.5099], [-122.5953, 38.5099], [-122.5953, 38.5094], [-122.5963, 38.5091], [-122.597, 38.5099]], [[-122.5987, 38.5093], [-122.598, 38.5096], [-122.598, 38.5093], [-122.5987, 38.5093]], [[-122.5962, 38.508], [-122.5959, 38.5086], [-122.5959, 38.508], [-122.5962, 38.508]], [[-122.5952, 38.5086], [-122.5924, 38.5081], [-122.5924, 38.5076], [-122.5938, 38.5073], [-122.5942, 38.5078], [-122.5941, 38.5073], [-122.5948, 38.5072], [-122.5945, 38.5078], [-122.5955, 38.5078], [-122.5952, 38.5086]], [[-122.5907, 38.5079], [-122.5904, 38.5081], [-122.5904, 38.5079], [-122.5907, 38.5079]], [[-122.5976, 38.5064], [-122.5972, 38.5066], [-122.5972, 38.5064], [-122.5976, 38.5064]], [[-122.5962, 38.5067], [-122.5955, 38.5067], [-122.5955, 38.5061], [-122.5958, 38.5061], [-122.5962, 38.5067]], [[-122.5986, 38.5058], [-122.5982, 38.5061], [-122.5982, 38.5058], [-122.5986, 38.5058]], [[-122.5951, 38.5056], [-122.5948, 38.5059], [-122.5948, 38.5056], [-122.5951, 38.5056]], [[-122.5999, 38.5052], [-122.5996, 38.5055], [-122.5996, 38.5052], [-122.5999, 38.5052]], [[-122.5941, 38.5054], [-122.5937, 38.5056], [-122.5937, 38.5054], [-122.5941, 38.5054]], [[-122.592, 38.5054], [-122.5913, 38.5052], [-122.592, 38.5049], [-122.592, 38.5054]], [[-122.5934, 38.5054], [-122.5927, 38.5054], [-122.593, 38.5046], [-122.5934, 38.5046], [-122.5934, 38.5054]], [[-122.5944, 38.5048], [-122.5941, 38.5051], [-122.5941, 38.5048], [-122.5944, 38.5048]], [[-122.5927, 38.5049], [-122.5923, 38.5051], [-122.5923, 38.5049], [-122.5927, 38.5049]], [[-122.5923, 38.5041], [-122.592, 38.5043], [-122.592, 38.5041], [-122.5923, 38.5041]]], [[[-122.5297, 38.507], [-122.53, 38.5059], [-122.5321, 38.5053], [-122.5331, 38.5064], [-122.5345, 38.5058], [-122.5345, 38.505], [-122.5327, 38.5053], [-122.5324, 38.5048], [-122.53, 38.5046], [-122.53, 38.5056], [-122.529, 38.5054], [-122.5297, 38.507]]], [[[-122.54, 38.5057], [-122.5403, 38.5052], [-122.5386, 38.5044], [-122.5386, 38.5052], [-122.54, 38.5057]]], [[[-122.5562, 38.5062], [-122.5579, 38.5045], [-122.5551, 38.504], [-122.5552, 38.5059], [-122.5562, 38.5062]]], [[[-122.5024, 38.5059], [-122.5028, 38.5054], [-122.5014, 38.5052], [-122.5014, 38.5057], [-122.5024, 38.5059]]], [[[-122.6333, 38.5037], [-122.634, 38.5029], [-122.6322, 38.5032], [-122.6322, 38.5024], [-122.6301, 38.5022], [-122.6308, 38.5024], [-122.6305, 38.5032], [-122.6319, 38.5027], [-122.6319, 38.5035], [-122.6333, 38.5037]]], [[[-122.6371, 38.5036], [-122.6377, 38.5023], [-122.636, 38.502], [-122.6364, 38.5034], [-122.6371, 38.5036]]], [[[-122.6339, 38.5026], [-122.6336, 38.5021], [-122.6319, 38.5018], [-122.6322, 38.5024], [-122.6339, 38.5026]]], [[[-122.5221, 38.5063], [-122.5228, 38.5055], [-122.5248, 38.506], [-122.5259, 38.5052], [-122.5237, 38.5042], [-122.521, 38.5056], [-122.5211, 38.5064], [-122.5221, 38.5063]], [[-122.5217, 38.5055], [-122.5214, 38.5058], [-122.5214, 38.5056], [-122.5217, 38.5055]], [[-122.5252, 38.5049], [-122.5248, 38.5052], [-122.5248, 38.5049], [-122.5252, 38.5049]]], [[[-122.603, 38.5041], [-122.603, 38.5033], [-122.604, 38.503], [-122.604, 38.5022], [-122.6019, 38.5028], [-122.603, 38.5041]]], [[[-122.5727, 38.505], [-122.5723, 38.5039], [-122.5737, 38.5042], [-122.5744, 38.5039], [-122.573, 38.5037], [-122.573, 38.5034], [-122.5719, 38.5031], [-122.5716, 38.5026], [-122.5706, 38.5029], [-122.572, 38.5034], [-122.571, 38.5045], [-122.5727, 38.505]]], [[[-122.5128, 38.5049], [-122.5117, 38.5039], [-122.5106, 38.5039], [-122.5113, 38.5041], [-122.511, 38.5047], [-122.5128, 38.5049]]], [[[-122.6025, 38.5098], [-122.6042, 38.5092], [-122.6066, 38.5089], [-122.6069, 38.5081], [-122.608, 38.5086], [-122.6076, 38.5072], [-122.61, 38.5069], [-122.6093, 38.5067], [-122.61, 38.5064], [-122.6093, 38.5058], [-122.6099, 38.5042], [-122.6085, 38.5045], [-122.6092, 38.5034], [-122.6078, 38.5029], [-122.6067, 38.5029], [-122.6064, 38.5037], [-122.6054, 38.5035], [-122.6057, 38.503], [-122.6047, 38.503], [-122.6053, 38.5024], [-122.605, 38.5016], [-122.6039, 38.5019], [-122.6043, 38.5022], [-122.604, 38.5035], [-122.6043, 38.5035], [-122.6044, 38.5038], [-122.605, 38.5038], [-122.6051, 38.5043], [-122.603, 38.5041], [-122.6037, 38.5054], [-122.6024, 38.506], [-122.6024, 38.5076], [-122.6031, 38.5073], [-122.6025, 38.5087], [-122.6035, 38.5087], [-122.6025, 38.5098]], [[-122.6059, 38.5081], [-122.6052, 38.5084], [-122.6052, 38.5081], [-122.6059, 38.5081]], [[-122.6045, 38.5084], [-122.6041, 38.5073], [-122.6055, 38.5065], [-122.6055, 38.507], [-122.6058, 38.507], [-122.6059, 38.5073], [-122.6045, 38.5084]], [[-122.6062, 38.5075], [-122.6059, 38.5078], [-122.6059, 38.5075], [-122.6062, 38.5075]], [[-122.6079, 38.5067], [-122.6076, 38.507], [-122.6076, 38.5067], [-122.6079, 38.5067]], [[-122.6062, 38.5065], [-122.6058, 38.507], [-122.6058, 38.5065], [-122.6062, 38.5065]], [[-122.6089, 38.5059], [-122.6082, 38.5064], [-122.6082, 38.5059], [-122.6089, 38.5059]], [[-122.6048, 38.5057], [-122.6044, 38.5062], [-122.6044, 38.5057], [-122.6048, 38.5057]], [[-122.6041, 38.5057], [-122.6034, 38.5062], [-122.6034, 38.5057], [-122.6041, 38.5057]], [[-122.6082, 38.5059], [-122.6058, 38.5051], [-122.6058, 38.5048], [-122.6085, 38.5045], [-122.6082, 38.5059]], [[-122.6092, 38.5053], [-122.6089, 38.5056], [-122.6089, 38.5053], [-122.6092, 38.5053]], [[-122.6054, 38.5048], [-122.6051, 38.5051], [-122.6051, 38.5049], [-122.6054, 38.5048]], [[-122.6058, 38.5046], [-122.6054, 38.5048], [-122.6054, 38.5046], [-122.6058, 38.5046]], [[-122.6061, 38.504], [-122.6058, 38.5046], [-122.6057, 38.504], [-122.6061, 38.504]], [[-122.6081, 38.5037], [-122.6078, 38.504], [-122.6078, 38.5037], [-122.6081, 38.5037]], [[-122.6057, 38.5038], [-122.6054, 38.504], [-122.6054, 38.5038], [-122.6057, 38.5038]], [[-122.6078, 38.5032], [-122.6074, 38.5035], [-122.6074, 38.5032], [-122.6078, 38.5032]], [[-122.6047, 38.5032], [-122.6043, 38.5035], [-122.6043, 38.5033], [-122.6047, 38.5032]]], [[[-122.5692, 38.5032], [-122.5692, 38.5024], [-122.5681, 38.5024], [-122.5682, 38.5029], [-122.5692, 38.5032]]], [[[-122.6198, 38.5024], [-122.6219, 38.5023], [-122.6222, 38.5015], [-122.6208, 38.5015], [-122.6208, 38.5018], [-122.6198, 38.5024]]], [[[-122.5758, 38.5036], [-122.5747, 38.502], [-122.5736, 38.502], [-122.574, 38.5031], [-122.5758, 38.5036]]], [[[-122.5089, 38.5045], [-122.5086, 38.5037], [-122.5079, 38.5034], [-122.5076, 38.5045], [-122.5089, 38.5045]]], [[[-122.6384, 38.5014], [-122.6384, 38.5006], [-122.637, 38.5012], [-122.637, 38.5015], [-122.6384, 38.5014]]], [[[-122.6353, 38.502], [-122.6353, 38.5007], [-122.6342, 38.5007], [-122.6343, 38.5021], [-122.6353, 38.502]]], [[[-122.6198, 38.5016], [-122.6205, 38.5016], [-122.6211, 38.501], [-122.6198, 38.5016]]], [[[-122.5806, 38.504], [-122.583, 38.5034], [-122.5823, 38.5032], [-122.5826, 38.5016], [-122.5806, 38.5035], [-122.5806, 38.504]]], [[[-122.5575, 38.5034], [-122.5578, 38.5024], [-122.5568, 38.5021], [-122.5564, 38.5029], [-122.5575, 38.5034]]], [[[-122.541, 38.5049], [-122.5409, 38.5033], [-122.5423, 38.503], [-122.542, 38.5024], [-122.5402, 38.5025], [-122.5406, 38.503], [-122.5399, 38.503], [-122.5406, 38.5041], [-122.5396, 38.5046], [-122.541, 38.5049]]], [[[-122.5871, 38.5025], [-122.5885, 38.5025], [-122.5895, 38.5025], [-122.5908, 38.5017], [-122.5884, 38.5012], [-122.5871, 38.5025]], [[-122.5902, 38.5017], [-122.5898, 38.5019], [-122.5898, 38.5017], [-122.5902, 38.5017]]], [[[-122.5843, 38.5021], [-122.5836, 38.5013], [-122.5829, 38.5016], [-122.5829, 38.5018], [-122.5843, 38.5021]]], [[[-122.5723, 38.5029], [-122.573, 38.5026], [-122.5726, 38.5015], [-122.5716, 38.5018], [-122.5723, 38.5029]]], [[[-122.5267, 38.5092], [-122.5273, 38.5073], [-122.529, 38.5078], [-122.5287, 38.5067], [-122.5269, 38.5065], [-122.5276, 38.506], [-122.5269, 38.5052], [-122.53, 38.5046], [-122.5293, 38.5043], [-122.5299, 38.5032], [-122.5278, 38.503], [-122.5285, 38.5024], [-122.5271, 38.5027], [-122.5272, 38.5035], [-122.5286, 38.5035], [-122.5286, 38.5041], [-122.5272, 38.5049], [-122.5265, 38.5046], [-122.5266, 38.5057], [-122.5252, 38.506], [-122.5256, 38.5068], [-122.5239, 38.5079], [-122.5239, 38.5087], [-122.5249, 38.5079], [-122.5263, 38.5079], [-122.5267, 38.5087], [-122.5253, 38.5082], [-122.5253, 38.509], [-122.5267, 38.5092]], [[-122.5263, 38.5087], [-122.526, 38.509], [-122.526, 38.5087], [-122.5263, 38.5087]], [[-122.5266, 38.5076], [-122.5256, 38.5076], [-122.5256, 38.5071], [-122.5263, 38.5073], [-122.5266, 38.5068], [-122.5269, 38.5071], [-122.5266, 38.5076]], [[-122.5283, 38.507], [-122.528, 38.5073], [-122.528, 38.507], [-122.5283, 38.507]], [[-122.5276, 38.5068], [-122.5269, 38.5071], [-122.5269, 38.5068], [-122.5276, 38.5068]]], [[[-122.6456, 38.5005], [-122.6449, 38.4997], [-122.6442, 38.5], [-122.6442, 38.5005], [-122.6456, 38.5005]]], [[[-122.5864, 38.5017], [-122.586, 38.5012], [-122.5843, 38.501], [-122.5843, 38.5015], [-122.5864, 38.5017]]], [[[-122.5216, 38.5028], [-122.5227, 38.5031], [-122.523, 38.5023], [-122.5216, 38.5028]]], [[[-122.606, 38.5019], [-122.6063, 38.5008], [-122.6049, 38.5003], [-122.6053, 38.5019], [-122.606, 38.5019]]], [[[-122.6091, 38.5013], [-122.6098, 38.5007], [-122.6094, 38.5002], [-122.6087, 38.5005], [-122.6091, 38.5013]]], [[[-122.5633, 38.5033], [-122.564, 38.5028], [-122.564, 38.5022], [-122.5657, 38.5019], [-122.5646, 38.5009], [-122.5636, 38.5009], [-122.5643, 38.5017], [-122.5626, 38.5017], [-122.5633, 38.5033]], [[-122.5636, 38.5022], [-122.5633, 38.5028], [-122.5633, 38.5022], [-122.5636, 38.5022]]], [[[-122.5619, 38.5015], [-122.5622, 38.5006], [-122.5605, 38.5012], [-122.5605, 38.5015], [-122.5619, 38.5015]]], [[[-122.4924, 38.5029], [-122.4923, 38.5021], [-122.4909, 38.5019], [-122.491, 38.5027], [-122.4924, 38.5029]]], [[[-122.556, 38.501], [-122.556, 38.5005], [-122.555, 38.5005], [-122.555, 38.5011], [-122.556, 38.501]]], [[[-122.5995, 38.5034], [-122.6019, 38.5028], [-122.6015, 38.502], [-122.6022, 38.5014], [-122.6015, 38.5014], [-122.6015, 38.5003], [-122.6004, 38.5004], [-122.6001, 38.4996], [-122.5973, 38.5002], [-122.5966, 38.4994], [-122.5963, 38.4999], [-122.5956, 38.4994], [-122.5949, 38.5002], [-122.5977, 38.5007], [-122.5974, 38.5015], [-122.5956, 38.501], [-122.5964, 38.5018], [-122.596, 38.5024], [-122.595, 38.5021], [-122.5947, 38.5029], [-122.5974, 38.5026], [-122.5974, 38.5029], [-122.5978, 38.5029], [-122.5978, 38.5031], [-122.5988, 38.5028], [-122.5995, 38.5034]], [[-122.6005, 38.5025], [-122.5998, 38.5028], [-122.5998, 38.5025], [-122.6005, 38.5025]], [[-122.5981, 38.5028], [-122.5977, 38.5018], [-122.5988, 38.5012], [-122.5984, 38.5015], [-122.5988, 38.5023], [-122.5981, 38.5028]], [[-122.5991, 38.5023], [-122.5988, 38.5026], [-122.5988, 38.5023], [-122.5991, 38.5023]], [[-122.5974, 38.5021], [-122.5971, 38.5023], [-122.5971, 38.5021], [-122.5974, 38.5021]], [[-122.5971, 38.5018], [-122.5967, 38.5021], [-122.5967, 38.5018], [-122.5971, 38.5018]], [[-122.5991, 38.5015], [-122.5988, 38.5018], [-122.5988, 38.5015], [-122.5991, 38.5015]], [[-122.5998, 38.5009], [-122.5994, 38.5012], [-122.5994, 38.5009], [-122.5998, 38.5009]], [[-122.5994, 38.5001], [-122.5991, 38.5004], [-122.5991, 38.5001], [-122.5994, 38.5001]]], [[[-122.6297, 38.5], [-122.629, 38.4987], [-122.6279, 38.4987], [-122.628, 38.4992], [-122.6297, 38.5]]], [[[-122.5075, 38.5037], [-122.5072, 38.5023], [-122.5078, 38.5015], [-122.5061, 38.5013], [-122.5061, 38.5021], [-122.5051, 38.5018], [-122.5051, 38.5024], [-122.5061, 38.5024], [-122.5051, 38.5029], [-122.5075, 38.5037]], [[-122.5072, 38.5026], [-122.5068, 38.5029], [-122.5068, 38.5026], [-122.5072, 38.5026]], [[-122.5068, 38.5018], [-122.5065, 38.5021], [-122.5064, 38.5018], [-122.5068, 38.5018]]], [[[-122.5836, 38.5005], [-122.5839, 38.4996], [-122.5822, 38.4999], [-122.5822, 38.5002], [-122.5836, 38.5005]]], [[[-122.587, 38.5012], [-122.587, 38.4993], [-122.5866, 38.4993], [-122.5856, 38.5001], [-122.587, 38.5012]]], [[[-122.6087, 38.5005], [-122.608, 38.4986], [-122.6059, 38.4992], [-122.6059, 38.4997], [-122.6077, 38.4997], [-122.607, 38.5], [-122.6073, 38.5005], [-122.6087, 38.5005]], [[-122.6073, 38.4991], [-122.607, 38.4994], [-122.607, 38.4991], [-122.6073, 38.4991]]], [[[-122.5949, 38.4999], [-122.5942, 38.4989], [-122.5928, 38.4992], [-122.5928, 38.4995], [-122.5949, 38.4999]]], [[[-122.5701, 38.5007], [-122.5719, 38.501], [-122.5708, 38.5005], [-122.5715, 38.5002], [-122.5715, 38.4994], [-122.5711, 38.4999], [-122.5701, 38.4997], [-122.5701, 38.5007]]], [[[-122.5281, 38.5014], [-122.5288, 38.5008], [-122.5284, 38.5003], [-122.5278, 38.5006], [-122.5281, 38.5014]]], [[[-122.5199, 38.5018], [-122.5205, 38.501], [-122.5202, 38.5004], [-122.5195, 38.5007], [-122.5199, 38.5018]]], [[[-122.5044, 38.5021], [-122.5044, 38.5016], [-122.5057, 38.501], [-122.5047, 38.5008], [-122.504, 38.5013], [-122.5044, 38.5021]]], [[[-122.5409, 38.5011], [-122.5419, 38.5008], [-122.5419, 38.4997], [-122.5408, 38.5003], [-122.5409, 38.5011]]], [[[-122.626, 38.5017], [-122.6249, 38.5009], [-122.6266, 38.5001], [-122.6263, 38.4995], [-122.6273, 38.4992], [-122.6276, 38.4998], [-122.6279, 38.4984], [-122.6245, 38.498], [-122.6238, 38.4991], [-122.6231, 38.4983], [-122.6231, 38.4993], [-122.6211, 38.5005], [-122.6218, 38.5013], [-122.6232, 38.501], [-122.6232, 38.5018], [-122.626, 38.5017]], [[-122.6239, 38.5004], [-122.6235, 38.5007], [-122.6235, 38.5004], [-122.6239, 38.5004]], [[-122.6228, 38.5002], [-122.6225, 38.5007], [-122.6225, 38.5002], [-122.6228, 38.5002]], [[-122.6256, 38.5001], [-122.6253, 38.5004], [-122.6252, 38.5001], [-122.6256, 38.5001]], [[-122.6238, 38.4996], [-122.6235, 38.5001], [-122.6235, 38.4996], [-122.6238, 38.4996]], [[-122.6252, 38.499], [-122.6249, 38.4996], [-122.6249, 38.499], [-122.6252, 38.499]], [[-122.6269, 38.499], [-122.6262, 38.4993], [-122.6262, 38.499], [-122.6269, 38.499]]], [[[-122.5789, 38.5041], [-122.5799, 38.5032], [-122.5798, 38.5024], [-122.5788, 38.5022], [-122.5791, 38.5014], [-122.5774, 38.5001], [-122.575, 38.5004], [-122.5753, 38.499], [-122.5728, 38.4991], [-122.5729, 38.5012], [-122.5736, 38.5012], [-122.5736, 38.5015], [-122.574, 38.5015], [-122.574, 38.5017], [-122.5747, 38.5017], [-122.5757, 38.5025], [-122.5767, 38.5011], [-122.5774, 38.5017], [-122.5767, 38.5025], [-122.5781, 38.5027], [-122.5778, 38.5036], [-122.5789, 38.5041]], [[-122.5757, 38.5014], [-122.5754, 38.502], [-122.5753, 38.5014], [-122.5757, 38.5014]], [[-122.576, 38.5012], [-122.5757, 38.5014], [-122.5757, 38.5012], [-122.576, 38.5012]], [[-122.575, 38.5009], [-122.574, 38.5015], [-122.5739, 38.5012], [-122.575, 38.5009]], [[-122.5739, 38.5001], [-122.5736, 38.5004], [-122.5736, 38.5001], [-122.5739, 38.5001]]], [[[-122.5553, 38.5002], [-122.5556, 38.4992], [-122.5546, 38.4992], [-122.5546, 38.5], [-122.5553, 38.5002]]], [[[-122.5897, 38.4998], [-122.5901, 38.499], [-122.589, 38.499], [-122.5887, 38.4982], [-122.5873, 38.4985], [-122.5897, 38.4998]]], [[[-122.5715, 38.4994], [-122.5721, 38.4985], [-122.5711, 38.4986], [-122.5715, 38.4994]]], [[[-122.6147, 38.5044], [-122.615, 38.5036], [-122.6157, 38.5038], [-122.6157, 38.5033], [-122.6178, 38.5027], [-122.6171, 38.5024], [-122.6174, 38.5019], [-122.6191, 38.5016], [-122.6173, 38.5008], [-122.6187, 38.5005], [-122.6194, 38.501], [-122.6204, 38.5005], [-122.6197, 38.5], [-122.6184, 38.5003], [-122.618, 38.4994], [-122.6211, 38.4997], [-122.6211, 38.4991], [-122.62, 38.4991], [-122.6197, 38.4983], [-122.6183, 38.4989], [-122.6186, 38.4975], [-122.6176, 38.4981], [-122.6177, 38.4997], [-122.6156, 38.4992], [-122.6162, 38.4979], [-122.6117, 38.4977], [-122.6114, 38.4982], [-122.6103, 38.4972], [-122.61, 38.498], [-122.6096, 38.4975], [-122.6086, 38.4978], [-122.6087, 38.4988], [-122.61, 38.4988], [-122.6094, 38.4999], [-122.6115, 38.5009], [-122.6108, 38.502], [-122.6122, 38.5017], [-122.6133, 38.5025], [-122.6139, 38.502], [-122.6147, 38.5044]], [[-122.616, 38.5011], [-122.6146, 38.5025], [-122.615, 38.5019], [-122.6146, 38.5006], [-122.616, 38.5011]], [[-122.617, 38.5019], [-122.6167, 38.5022], [-122.6167, 38.5019], [-122.617, 38.5019]], [[-122.6167, 38.5019], [-122.616, 38.5017], [-122.6167, 38.5014], [-122.6167, 38.5019]], [[-122.6181, 38.5013], [-122.6174, 38.5016], [-122.6174, 38.5014], [-122.6181, 38.5013]], [[-122.6136, 38.5017], [-122.6125, 38.5006], [-122.6118, 38.5009], [-122.6122, 38.5001], [-122.6139, 38.5006], [-122.6136, 38.5017]], [[-122.6146, 38.5011], [-122.6143, 38.5014], [-122.6143, 38.5011], [-122.6146, 38.5011]], [[-122.6122, 38.5012], [-122.6115, 38.5015], [-122.6115, 38.5012], [-122.6122, 38.5012]], [[-122.617, 38.5005], [-122.6163, 38.5008], [-122.6163, 38.5006], [-122.617, 38.5005]], [[-122.6149, 38.4998], [-122.6146, 38.5003], [-122.6146, 38.4998], [-122.6149, 38.4998]], [[-122.6163, 38.4998], [-122.6159, 38.5], [-122.6159, 38.4998], [-122.6163, 38.4998]], [[-122.6121, 38.4996], [-122.6115, 38.5001], [-122.6114, 38.4996], [-122.6121, 38.4996]], [[-122.6142, 38.499], [-122.6135, 38.4995], [-122.6135, 38.499], [-122.6142, 38.499]], [[-122.6114, 38.4991], [-122.6111, 38.4996], [-122.6107, 38.4991], [-122.6114, 38.4991]], [[-122.6104, 38.4991], [-122.6101, 38.4993], [-122.61, 38.4991], [-122.6104, 38.4991]], [[-122.6107, 38.4988], [-122.6104, 38.4991], [-122.6104, 38.4988], [-122.6107, 38.4988]]], [[[-122.6066, 38.4986], [-122.6065, 38.4973], [-122.6041, 38.4976], [-122.6045, 38.4987], [-122.6066, 38.4986]]], [[[-122.5821, 38.4989], [-122.5835, 38.4983], [-122.5821, 38.4978], [-122.5821, 38.4989]]], [[[-122.5452, 38.5072], [-122.5448, 38.5053], [-122.5462, 38.505], [-122.5461, 38.504], [-122.5478, 38.5036], [-122.5482, 38.5028], [-122.5475, 38.5026], [-122.5492, 38.5025], [-122.5499, 38.5036], [-122.5523, 38.5038], [-122.5519, 38.5019], [-122.553, 38.5019], [-122.5534, 38.5035], [-122.5551, 38.5038], [-122.5558, 38.5032], [-122.5565, 38.5037], [-122.5561, 38.5021], [-122.5547, 38.5016], [-122.555, 38.5003], [-122.5518, 38.4995], [-122.5533, 38.5014], [-122.5512, 38.5017], [-122.5491, 38.5006], [-122.5491, 38.4993], [-122.5463, 38.4983], [-122.5477, 38.5001], [-122.5464, 38.501], [-122.5471, 38.5023], [-122.5464, 38.5026], [-122.5457, 38.5015], [-122.5433, 38.5013], [-122.5433, 38.5021], [-122.5423, 38.5021], [-122.5427, 38.5035], [-122.542, 38.504], [-122.542, 38.5051], [-122.5452, 38.5072]], [[-122.5451, 38.5042], [-122.5448, 38.5045], [-122.5448, 38.5043], [-122.5451, 38.5042]], [[-122.5461, 38.5037], [-122.5454, 38.504], [-122.5454, 38.5037], [-122.5461, 38.5037]], [[-122.5437, 38.5035], [-122.543, 38.5037], [-122.543, 38.5035], [-122.5437, 38.5035]], [[-122.5447, 38.5032], [-122.5444, 38.5034], [-122.5444, 38.5032], [-122.5447, 38.5032]], [[-122.5471, 38.5029], [-122.5468, 38.5031], [-122.5468, 38.5029], [-122.5471, 38.5029]], [[-122.5543, 38.5022], [-122.5537, 38.5024], [-122.5537, 38.5022], [-122.5543, 38.5022]], [[-122.5461, 38.5023], [-122.5457, 38.5026], [-122.5457, 38.5023], [-122.5461, 38.5023]], [[-122.555, 38.5019], [-122.5547, 38.5022], [-122.5547, 38.5019], [-122.555, 38.5019]], [[-122.5481, 38.5018], [-122.5475, 38.5023], [-122.5474, 38.5007], [-122.5484, 38.5007], [-122.5481, 38.5015], [-122.5488, 38.5015], [-122.5488, 38.502], [-122.5481, 38.5018]], [[-122.5543, 38.5019], [-122.5536, 38.5019], [-122.5533, 38.5006], [-122.5543, 38.5011], [-122.5543, 38.5019]], [[-122.5512, 38.5017], [-122.5509, 38.502], [-122.5509, 38.5017], [-122.5512, 38.5017]], [[-122.5481, 38.4999], [-122.5477, 38.5001], [-122.5477, 38.4999], [-122.5481, 38.4999]]], [[[-122.5258, 38.5038], [-122.5258, 38.5028], [-122.5271, 38.5022], [-122.526, 38.5009], [-122.527, 38.4998], [-122.5267, 38.4984], [-122.5263, 38.4992], [-122.5246, 38.4985], [-122.5257, 38.5001], [-122.524, 38.502], [-122.5233, 38.502], [-122.5237, 38.5015], [-122.5226, 38.5017], [-122.523, 38.5023], [-122.5244, 38.5022], [-122.523, 38.5028], [-122.5241, 38.5039], [-122.5244, 38.5028], [-122.5258, 38.5038]], [[-122.5254, 38.5022], [-122.5251, 38.5025], [-122.5251, 38.5022], [-122.5254, 38.5022]], [[-122.5251, 38.502], [-122.5247, 38.5022], [-122.5247, 38.502], [-122.5251, 38.502]], [[-122.5254, 38.5017], [-122.5251, 38.502], [-122.525, 38.5017], [-122.5254, 38.5017]], [[-122.5247, 38.5017], [-122.5244, 38.502], [-122.5244, 38.5017], [-122.5247, 38.5017]]], [[[-122.5622, 38.4988], [-122.5618, 38.498], [-122.5608, 38.4985], [-122.56, 38.4977], [-122.5601, 38.4988], [-122.5622, 38.4988]]], [[[-122.5131, 38.5044], [-122.5137, 38.5038], [-122.5137, 38.5033], [-122.5127, 38.5036], [-122.5123, 38.502], [-122.513, 38.5014], [-122.5116, 38.5017], [-122.5112, 38.5012], [-122.5126, 38.5001], [-122.5091, 38.4993], [-122.5078, 38.4999], [-122.5081, 38.4991], [-122.507, 38.4988], [-122.5074, 38.5004], [-122.5091, 38.4999], [-122.5092, 38.5004], [-122.5075, 38.501], [-122.5092, 38.5009], [-122.5096, 38.502], [-122.5109, 38.5017], [-122.5102, 38.5023], [-122.5106, 38.5033], [-122.5117, 38.5039], [-122.5124, 38.5033], [-122.5131, 38.5044]], [[-122.512, 38.5025], [-122.5116, 38.5028], [-122.5116, 38.5025], [-122.512, 38.5025]], [[-122.5116, 38.5017], [-122.5113, 38.502], [-122.5113, 38.5017], [-122.5116, 38.5017]], [[-122.5109, 38.5006], [-122.5105, 38.5009], [-122.5105, 38.5006], [-122.5109, 38.5006]], [[-122.5105, 38.5004], [-122.5099, 38.5009], [-122.5098, 38.5004], [-122.5105, 38.5004]]], [[[-122.6172, 38.497], [-122.6175, 38.4965], [-122.6165, 38.4962], [-122.6162, 38.4968], [-122.6172, 38.497]]], [[[-122.514, 38.4998], [-122.5139, 38.4987], [-122.5129, 38.499], [-122.5125, 38.4982], [-122.5122, 38.4993], [-122.514, 38.4998]]], [[[-122.5015, 38.4989], [-122.5025, 38.4987], [-122.5025, 38.4981], [-122.5012, 38.4984], [-122.5015, 38.4989]]], [[[-122.5828, 38.4975], [-122.5831, 38.4967], [-122.5838, 38.4964], [-122.5827, 38.4964], [-122.5817, 38.4973], [-122.5828, 38.4975]]], [[[-122.5805, 38.5013], [-122.5791, 38.4995], [-122.5804, 38.4992], [-122.5811, 38.4994], [-122.5808, 38.5], [-122.5825, 38.4994], [-122.5811, 38.4984], [-122.5787, 38.4979], [-122.5793, 38.4976], [-122.5793, 38.4965], [-122.5786, 38.4965], [-122.5773, 38.4971], [-122.577, 38.499], [-122.578, 38.499], [-122.5784, 38.5003], [-122.5805, 38.5013]], [[-122.5794, 38.4992], [-122.5784, 38.4992], [-122.5783, 38.4987], [-122.5797, 38.4984], [-122.5794, 38.4992]], [[-122.5787, 38.4979], [-122.5783, 38.4981], [-122.5783, 38.4979], [-122.5787, 38.4979]], [[-122.578, 38.4976], [-122.5776, 38.4979], [-122.5776, 38.4976], [-122.578, 38.4976]]], [[[-122.5535, 38.4984], [-122.5538, 38.4973], [-122.5531, 38.4968], [-122.5524, 38.4971], [-122.5528, 38.4979], [-122.5514, 38.4976], [-122.5515, 38.4982], [-122.5535, 38.4984]]], [[[-122.5246, 38.4985], [-122.5239, 38.4974], [-122.5228, 38.4977], [-122.5232, 38.4982], [-122.5246, 38.4985]]], [[[-122.5876, 38.4977], [-122.5882, 38.4963], [-122.5869, 38.4961], [-122.5876, 38.4966], [-122.5862, 38.4969], [-122.5862, 38.4974], [-122.5876, 38.4977]]], [[[-122.5508, 38.4993], [-122.5515, 38.4982], [-122.5501, 38.4977], [-122.55, 38.4966], [-122.5487, 38.4969], [-122.5483, 38.498], [-122.5501, 38.4982], [-122.5497, 38.4987], [-122.5508, 38.4993]]], [[[-122.5036, 38.4984], [-122.5039, 38.4975], [-122.5032, 38.4973], [-122.5025, 38.4981], [-122.5036, 38.4984]]], [[[-122.5817, 38.4973], [-122.5824, 38.4962], [-122.582, 38.4956], [-122.5807, 38.4959], [-122.5817, 38.4973]]], [[[-122.5576, 38.497], [-122.5586, 38.4964], [-122.5576, 38.4962], [-122.5576, 38.497]]], [[[-122.5514, 38.4974], [-122.551, 38.496], [-122.55, 38.496], [-122.55, 38.4966], [-122.5514, 38.4974]]], [[[-122.5766, 38.4995], [-122.5766, 38.4984], [-122.5759, 38.4985], [-122.5762, 38.4966], [-122.5755, 38.4952], [-122.5748, 38.4955], [-122.5755, 38.496], [-122.5749, 38.4974], [-122.5755, 38.4974], [-122.576, 38.4995], [-122.5766, 38.4995]]], [[[-122.5741, 38.4966], [-122.5738, 38.4961], [-122.5748, 38.4961], [-122.5741, 38.4958], [-122.5744, 38.4953], [-122.5734, 38.4955], [-122.5734, 38.4966], [-122.5741, 38.4966]]], [[[-122.5459, 38.4969], [-122.5459, 38.4964], [-122.5465, 38.4958], [-122.5452, 38.4961], [-122.5459, 38.4969]]], [[[-122.612, 38.4969], [-122.6123, 38.495], [-122.6106, 38.4942], [-122.6106, 38.495], [-122.6089, 38.4964], [-122.6096, 38.4967], [-122.6099, 38.4958], [-122.6113, 38.4958], [-122.6114, 38.4969], [-122.612, 38.4969]], [[-122.6116, 38.4955], [-122.6113, 38.4958], [-122.6113, 38.4955], [-122.6116, 38.4955]]], [[[-122.5807, 38.4959], [-122.581, 38.4951], [-122.5796, 38.4949], [-122.5796, 38.4957], [-122.5807, 38.4959]]], [[[-122.5768, 38.4947], [-122.5779, 38.4952], [-122.5778, 38.4944], [-122.5768, 38.4947]]], [[[-122.5375, 38.5033], [-122.5382, 38.5025], [-122.5351, 38.5023], [-122.5347, 38.5015], [-122.535, 38.5004], [-122.5377, 38.499], [-122.5373, 38.4979], [-122.5356, 38.498], [-122.5345, 38.4972], [-122.5336, 38.4988], [-122.5319, 38.4994], [-122.5338, 38.4969], [-122.5328, 38.4969], [-122.5321, 38.4961], [-122.5314, 38.4964], [-122.531, 38.4951], [-122.529, 38.4959], [-122.5269, 38.4957], [-122.5273, 38.4962], [-122.5259, 38.4965], [-122.5266, 38.4976], [-122.527, 38.4971], [-122.5304, 38.4973], [-122.5304, 38.4967], [-122.5318, 38.4972], [-122.5318, 38.498], [-122.5301, 38.4978], [-122.5298, 38.4989], [-122.5281, 38.4992], [-122.5294, 38.4994], [-122.5291, 38.5003], [-122.5305, 38.5005], [-122.5313, 38.5018], [-122.5323, 38.5018], [-122.5323, 38.5021], [-122.5337, 38.5021], [-122.5334, 38.5031], [-122.5358, 38.5028], [-122.5375, 38.5033]], [[-122.5326, 38.5013], [-122.5323, 38.5018], [-122.5323, 38.5013], [-122.5326, 38.5013]], [[-122.5333, 38.501], [-122.5326, 38.5013], [-122.5326, 38.501], [-122.5333, 38.501]], [[-122.5346, 38.5004], [-122.5343, 38.5007], [-122.5343, 38.5004], [-122.5346, 38.5004]], [[-122.5336, 38.5007], [-122.5322, 38.5005], [-122.5322, 38.5002], [-122.5343, 38.4996], [-122.5336, 38.5007]], [[-122.535, 38.4999], [-122.5346, 38.5001], [-122.5346, 38.4999], [-122.535, 38.4999]], [[-122.5309, 38.5002], [-122.5302, 38.5002], [-122.5298, 38.4994], [-122.5301, 38.4994], [-122.5309, 38.5002]], [[-122.5286, 38.4962], [-122.528, 38.4968], [-122.528, 38.4962], [-122.5286, 38.4962]]], [[[-122.5238, 38.4966], [-122.5269, 38.4957], [-122.5259, 38.4952], [-122.5262, 38.4947], [-122.5245, 38.496], [-122.5235, 38.4958], [-122.5238, 38.4966]]], [[[-122.6057, 38.494], [-122.6064, 38.4935], [-122.606, 38.4927], [-122.6054, 38.4935], [-122.6057, 38.494]]], [[[-122.4973, 38.4958], [-122.498, 38.4952], [-122.4986, 38.495], [-122.4973, 38.495], [-122.4973, 38.4958]]], [[[-122.5744, 38.4942], [-122.5744, 38.4931], [-122.574, 38.4931], [-122.5737, 38.4942], [-122.5744, 38.4942]]], [[[-122.5293, 38.4954], [-122.531, 38.4946], [-122.5293, 38.4946], [-122.5293, 38.494], [-122.5289, 38.4946], [-122.5272, 38.4946], [-122.5272, 38.4954], [-122.5293, 38.4954]]], [[[-122.5669, 38.4954], [-122.5665, 38.4943], [-122.5678, 38.4935], [-122.5647, 38.4936], [-122.5661, 38.4944], [-122.5658, 38.4952], [-122.5669, 38.4954]]], [[[-122.5179, 38.4951], [-122.5186, 38.4948], [-122.5186, 38.4943], [-122.5176, 38.4943], [-122.5179, 38.4951]]], [[[-122.5334, 38.4948], [-122.5324, 38.4937], [-122.531, 38.4937], [-122.5313, 38.4945], [-122.5334, 38.4948]]], [[[-122.5537, 38.4946], [-122.5537, 38.4941], [-122.5551, 38.4938], [-122.5565, 38.4943], [-122.5564, 38.4932], [-122.5537, 38.493], [-122.5537, 38.4938], [-122.5527, 38.4941], [-122.5537, 38.4946]]], [[[-122.5727, 38.4939], [-122.572, 38.4934], [-122.5733, 38.4928], [-122.5712, 38.4929], [-122.5716, 38.494], [-122.5727, 38.4939]]], [[[-122.6102, 38.4926], [-122.6112, 38.4918], [-122.6101, 38.4915], [-122.6102, 38.4926]]], [[[-122.6102, 38.4948], [-122.6102, 38.4937], [-122.6095, 38.4937], [-122.6098, 38.4921], [-122.6077, 38.4916], [-122.6071, 38.4924], [-122.6081, 38.4924], [-122.6081, 38.4929], [-122.6067, 38.4932], [-122.6071, 38.494], [-122.6095, 38.494], [-122.6102, 38.4948]]], [[[-122.5737, 38.4928], [-122.5747, 38.4925], [-122.5747, 38.492], [-122.5729, 38.492], [-122.5737, 38.4928]]], [[[-122.5483, 38.4955], [-122.5496, 38.4944], [-122.5513, 38.4947], [-122.5506, 38.4941], [-122.5509, 38.4936], [-122.5516, 38.4938], [-122.5513, 38.4925], [-122.5492, 38.4925], [-122.5489, 38.4939], [-122.5479, 38.4942], [-122.5483, 38.4955]], [[-122.5503, 38.4933], [-122.5496, 38.4939], [-122.5496, 38.4931], [-122.5503, 38.4933]]], [[[-122.5633, 38.4928], [-122.5644, 38.4928], [-122.5643, 38.492], [-122.5633, 38.4928]]], [[[-122.5079, 38.494], [-122.5089, 38.4937], [-122.5079, 38.4931], [-122.5079, 38.494]]], [[[-122.5031, 38.4946], [-122.5034, 38.4938], [-122.5038, 38.4943], [-122.5045, 38.494], [-122.5041, 38.493], [-122.5031, 38.4938], [-122.5024, 38.4935], [-122.5031, 38.4946]]], [[[-122.5537, 38.4927], [-122.5557, 38.4924], [-122.554, 38.4916], [-122.5537, 38.4927]]], [[[-122.6005, 38.4925], [-122.6008, 38.4909], [-122.5998, 38.4915], [-122.5967, 38.4907], [-122.5977, 38.4921], [-122.5988, 38.4918], [-122.6005, 38.4925]]], [[[-122.5671, 38.4927], [-122.5681, 38.4919], [-122.5678, 38.4913], [-122.5671, 38.4914], [-122.5671, 38.4927]]], [[[-122.5654, 38.4925], [-122.566, 38.4914], [-122.565, 38.4914], [-122.5654, 38.4925]]], [[[-122.5069, 38.4937], [-122.5065, 38.4926], [-122.5051, 38.4929], [-122.5051, 38.4935], [-122.5062, 38.4932], [-122.5069, 38.4937]]], [[[-122.5096, 38.4936], [-122.5096, 38.4923], [-122.5092, 38.4923], [-122.5086, 38.4934], [-122.5096, 38.4936]]], [[[-122.5582, 38.4934], [-122.5602, 38.4923], [-122.5588, 38.4926], [-122.5584, 38.491], [-122.5582, 38.4934]]], [[[-122.552, 38.4933], [-122.553, 38.4927], [-122.5519, 38.4925], [-122.5519, 38.4917], [-122.5529, 38.4917], [-122.5526, 38.4911], [-122.5509, 38.4912], [-122.5499, 38.4917], [-122.5516, 38.492], [-122.552, 38.4933]], [[-122.5512, 38.4914], [-122.5509, 38.4917], [-122.5509, 38.4914], [-122.5512, 38.4914]]], [[[-122.5482, 38.4931], [-122.5478, 38.4912], [-122.5467, 38.491], [-122.5468, 38.4926], [-122.5482, 38.4931]]], [[[-122.5709, 38.4915], [-122.5708, 38.4907], [-122.5698, 38.4905], [-122.5695, 38.4916], [-122.5702, 38.491], [-122.5709, 38.4915]]], [[[-122.5557, 38.4908], [-122.5556, 38.4897], [-122.5543, 38.4897], [-122.5546, 38.4908], [-122.5557, 38.4908]]], [[[-122.503, 38.4916], [-122.5037, 38.4911], [-122.5033, 38.4903], [-122.503, 38.4911], [-122.5013, 38.4908], [-122.5013, 38.4914], [-122.503, 38.4916]]], [[[-122.5347, 38.4904], [-122.5364, 38.4898], [-122.5346, 38.4899], [-122.5347, 38.4904]]], [[[-122.5065, 38.4924], [-122.5064, 38.4916], [-122.5068, 38.4921], [-122.5082, 38.4915], [-122.5078, 38.4896], [-122.5075, 38.4913], [-122.5057, 38.4913], [-122.5058, 38.4924], [-122.5065, 38.4924]]], [[[-122.542, 38.4938], [-122.543, 38.4924], [-122.5426, 38.4916], [-122.5437, 38.4919], [-122.544, 38.4913], [-122.5426, 38.4911], [-122.5426, 38.4905], [-122.5446, 38.4894], [-122.5445, 38.4878], [-122.5432, 38.4889], [-122.5425, 38.4886], [-122.5419, 38.4895], [-122.5408, 38.4895], [-122.5408, 38.4903], [-122.5401, 38.4895], [-122.5391, 38.4895], [-122.5395, 38.4922], [-122.542, 38.4938]]], [[[-122.6509, 38.4855], [-122.6505, 38.485], [-122.6495, 38.485], [-122.6495, 38.4855], [-122.6509, 38.4855]]], [[[-122.5463, 38.488], [-122.5466, 38.4872], [-122.5456, 38.487], [-122.5456, 38.4875], [-122.5463, 38.488]]], [[[-122.5876, 38.4863], [-122.5875, 38.4858], [-122.5865, 38.4858], [-122.5865, 38.4864], [-122.5876, 38.4863]]], [[[-122.6443, 38.4848], [-122.6446, 38.4837], [-122.6443, 38.4843], [-122.644, 38.4838], [-122.6429, 38.4841], [-122.643, 38.4846], [-122.6443, 38.4848]]], [[[-122.5734, 38.4856], [-122.5734, 38.485], [-122.572, 38.485], [-122.572, 38.4853], [-122.5734, 38.4856]]], [[[-122.4946, 38.4877], [-122.4953, 38.4872], [-122.4953, 38.4867], [-122.4942, 38.4872], [-122.4946, 38.4877]]], [[[-122.5645, 38.4857], [-122.5644, 38.4852], [-122.5631, 38.4852], [-122.5631, 38.4855], [-122.5645, 38.4857]]], [[[-122.4925, 38.4881], [-122.4936, 38.4872], [-122.4932, 38.4864], [-122.4925, 38.4864], [-122.4925, 38.4881]]], [[[-122.5672, 38.4857], [-122.5699, 38.4851], [-122.5696, 38.4843], [-122.5685, 38.4843], [-122.5692, 38.4846], [-122.5689, 38.4851], [-122.5672, 38.4851], [-122.5672, 38.4857]]], [[[-122.4967, 38.4872], [-122.4966, 38.4861], [-122.4959, 38.4856], [-122.496, 38.4869], [-122.4967, 38.4872]]], [[[-122.5872, 38.4855], [-122.5875, 38.485], [-122.5865, 38.485], [-122.5861, 38.4834], [-122.583, 38.4827], [-122.5844, 38.4837], [-122.5837, 38.4845], [-122.5851, 38.4845], [-122.5855, 38.4856], [-122.5872, 38.4855]], [[-122.5865, 38.485], [-122.5861, 38.4853], [-122.5861, 38.485], [-122.5865, 38.485]]], [[[-122.5916, 38.4827], [-122.5912, 38.4819], [-122.5902, 38.482], [-122.5905, 38.4828], [-122.5916, 38.4827]]], [[[-122.4952, 38.4864], [-122.4962, 38.4847], [-122.4955, 38.4845], [-122.4959, 38.4839], [-122.4945, 38.484], [-122.4948, 38.4845], [-122.4934, 38.484], [-122.4938, 38.4845], [-122.4928, 38.4859], [-122.4942, 38.4856], [-122.4952, 38.4864]], [[-122.4956, 38.4853], [-122.4952, 38.4856], [-122.4952, 38.4853], [-122.4956, 38.4853]]], [[[-122.5903, 38.4871], [-122.5893, 38.4866], [-122.59, 38.4863], [-122.5896, 38.4847], [-122.5906, 38.4841], [-122.5906, 38.4846], [-122.5927, 38.4849], [-122.594, 38.4838], [-122.5916, 38.4835], [-122.5909, 38.4844], [-122.5909, 38.4838], [-122.5899, 38.4836], [-122.5912, 38.483], [-122.5888, 38.4828], [-122.5891, 38.4823], [-122.5881, 38.4817], [-122.5885, 38.4831], [-122.5878, 38.4839], [-122.5882, 38.4839], [-122.5882, 38.4847], [-122.5885, 38.4847], [-122.5889, 38.485], [-122.5889, 38.4855], [-122.5875, 38.4853], [-122.5875, 38.4858], [-122.5886, 38.486], [-122.5886, 38.4871], [-122.5903, 38.4871]], [[-122.5889, 38.4841], [-122.5885, 38.4847], [-122.5885, 38.4842], [-122.5889, 38.4841]], [[-122.593, 38.4838], [-122.5927, 38.4843], [-122.5926, 38.4838], [-122.593, 38.4838]], [[-122.5923, 38.4841], [-122.592, 38.4843], [-122.592, 38.4841], [-122.5923, 38.4841]], [[-122.5895, 38.4841], [-122.5892, 38.4844], [-122.5892, 38.4841], [-122.5895, 38.4841]], [[-122.5895, 38.4833], [-122.5892, 38.4839], [-122.5892, 38.4833], [-122.5895, 38.4833]], [[-122.5888, 38.4833], [-122.5885, 38.4836], [-122.5885, 38.4833], [-122.5888, 38.4833]]], [[[-122.4925, 38.4864], [-122.4924, 38.4851], [-122.4918, 38.4854], [-122.491, 38.4843], [-122.4907, 38.4849], [-122.4893, 38.4846], [-122.4907, 38.4835], [-122.4886, 38.4833], [-122.488, 38.4849], [-122.4866, 38.4847], [-122.4873, 38.4865], [-122.488, 38.4852], [-122.4894, 38.4854], [-122.4894, 38.486], [-122.4907, 38.4854], [-122.4908, 38.4862], [-122.4918, 38.4856], [-122.4925, 38.4864]]], [[[-122.5926, 38.4833], [-122.5936, 38.483], [-122.5936, 38.4822], [-122.5943, 38.4824], [-122.5936, 38.4819], [-122.5939, 38.4808], [-122.5922, 38.4816], [-122.5932, 38.4816], [-122.5933, 38.4824], [-122.5919, 38.4827], [-122.5926, 38.4833]]], [[[-122.583, 38.4827], [-122.5829, 38.4808], [-122.5822, 38.4805], [-122.5805, 38.4808], [-122.5815, 38.4811], [-122.5816, 38.4824], [-122.583, 38.4827]], [[-122.5822, 38.4808], [-122.5819, 38.4813], [-122.5819, 38.4808], [-122.5822, 38.4808]]], [[[-122.5057, 38.4899], [-122.5067, 38.4886], [-122.5084, 38.488], [-122.5073, 38.4878], [-122.5067, 38.4883], [-122.5056, 38.4867], [-122.508, 38.4869], [-122.5083, 38.4864], [-122.5087, 38.4875], [-122.5094, 38.4874], [-122.5094, 38.4869], [-122.5104, 38.4869], [-122.5094, 38.4864], [-122.5104, 38.4861], [-122.5076, 38.4853], [-122.5083, 38.4842], [-122.5058, 38.4835], [-122.5058, 38.4827], [-122.5068, 38.4829], [-122.5065, 38.4821], [-122.5044, 38.4824], [-122.5037, 38.4811], [-122.5023, 38.4825], [-122.5035, 38.4846], [-122.5021, 38.4846], [-122.5018, 38.4857], [-122.5025, 38.4865], [-122.5018, 38.4868], [-122.5025, 38.4868], [-122.5025, 38.4881], [-122.5032, 38.4881], [-122.5026, 38.4892], [-122.5057, 38.4899]], [[-122.505, 38.4892], [-122.5046, 38.4894], [-122.5046, 38.4892], [-122.505, 38.4892]], [[-122.5056, 38.4872], [-122.5053, 38.4875], [-122.5053, 38.4873], [-122.5056, 38.4872]], [[-122.5042, 38.4865], [-122.5039, 38.4867], [-122.5039, 38.4865], [-122.5042, 38.4865]], [[-122.509, 38.4861], [-122.5087, 38.4864], [-122.5087, 38.4861], [-122.509, 38.4861]], [[-122.5035, 38.4862], [-122.5032, 38.4865], [-122.5032, 38.4862], [-122.5035, 38.4862]], [[-122.5031, 38.4857], [-122.5028, 38.4862], [-122.5028, 38.4857], [-122.5031, 38.4857]], [[-122.5076, 38.4853], [-122.5069, 38.4859], [-122.5066, 38.4851], [-122.5076, 38.4853]], [[-122.5049, 38.4859], [-122.5042, 38.4857], [-122.5042, 38.4851], [-122.5049, 38.4854], [-122.5049, 38.4859]], [[-122.5062, 38.4851], [-122.5059, 38.4854], [-122.5059, 38.4851], [-122.5062, 38.4851]], [[-122.5066, 38.4848], [-122.5062, 38.4851], [-122.5062, 38.4848], [-122.5066, 38.4848]], [[-122.5076, 38.4845], [-122.5072, 38.4848], [-122.5072, 38.4845], [-122.5076, 38.4845]], [[-122.5059, 38.4843], [-122.5052, 38.4846], [-122.5052, 38.4843], [-122.5059, 38.4843]], [[-122.5048, 38.4838], [-122.5038, 38.4832], [-122.5041, 38.4824], [-122.5048, 38.4827], [-122.5048, 38.4838]], [[-122.5034, 38.4824], [-122.503, 38.4827], [-122.503, 38.4824], [-122.5034, 38.4824]]], [[[-122.5354, 38.482], [-122.5378, 38.4812], [-122.5371, 38.4809], [-122.5374, 38.4804], [-122.5364, 38.4804], [-122.5364, 38.4815], [-122.5347, 38.4812], [-122.5354, 38.482]]], [[[-122.5416, 38.4814], [-122.5415, 38.4803], [-122.5402, 38.48], [-122.5395, 38.4806], [-122.5395, 38.4811], [-122.5416, 38.4814]]], [[[-122.4996, 38.4825], [-122.4996, 38.4817], [-122.5006, 38.4817], [-122.5002, 38.4806], [-122.4985, 38.4817], [-122.4996, 38.4825]]], [[[-122.5863, 38.4793], [-122.5863, 38.4788], [-122.5852, 38.4786], [-122.5852, 38.4794], [-122.5863, 38.4793]]], [[[-122.5082, 38.4813], [-122.5092, 38.4807], [-122.5081, 38.4802], [-122.5082, 38.4813]]], [[[-122.589, 38.4793], [-122.59, 38.4787], [-122.589, 38.4785], [-122.589, 38.4793]]], [[[-122.5777, 38.4806], [-122.5773, 38.4793], [-122.578, 38.4795], [-122.578, 38.479], [-122.5769, 38.4782], [-122.5763, 38.4801], [-122.5777, 38.4806]]], [[[-122.5009, 38.4809], [-122.5009, 38.4798], [-122.4988, 38.4801], [-122.4992, 38.4809], [-122.4999, 38.4803], [-122.5009, 38.4809]]], [[[-122.5711, 38.4799], [-122.5718, 38.4797], [-122.5718, 38.478], [-122.5711, 38.4783], [-122.5715, 38.4788], [-122.5704, 38.4789], [-122.5711, 38.4799]]], [[[-122.5745, 38.4782], [-122.5738, 38.4772], [-122.5724, 38.4775], [-122.5728, 38.478], [-122.5735, 38.478], [-122.5735, 38.4783], [-122.5745, 38.4782]], [[-122.5738, 38.4777], [-122.5735, 38.478], [-122.5735, 38.4777], [-122.5738, 38.4777]]], [[[-122.6293, 38.4773], [-122.6303, 38.4768], [-122.6302, 38.476], [-122.6282, 38.4765], [-122.6293, 38.4773]]], [[[-122.6331, 38.4786], [-122.6337, 38.4764], [-122.6323, 38.4765], [-122.632, 38.4757], [-122.6317, 38.4776], [-122.6307, 38.4784], [-122.6331, 38.4786]], [[-122.632, 38.4778], [-122.6317, 38.4781], [-122.6317, 38.4778], [-122.632, 38.4778]], [[-122.6327, 38.4775], [-122.632, 38.4778], [-122.632, 38.4775], [-122.6327, 38.4775]], [[-122.633, 38.4773], [-122.632, 38.4773], [-122.632, 38.477], [-122.6327, 38.4767], [-122.633, 38.4773]]], [[[-122.5763, 38.4782], [-122.5766, 38.4774], [-122.5759, 38.4769], [-122.5749, 38.4777], [-122.5763, 38.4782]]], [[[-122.5453, 38.4783], [-122.5456, 38.4778], [-122.5442, 38.4775], [-122.5442, 38.4781], [-122.5453, 38.4783]]], [[[-122.5801, 38.4787], [-122.5804, 38.4776], [-122.5797, 38.4776], [-122.5797, 38.4771], [-122.5783, 38.4768], [-122.578, 38.4776], [-122.5801, 38.4787]], [[-122.5793, 38.4773], [-122.579, 38.4776], [-122.579, 38.4773], [-122.5793, 38.4773]], [[-122.579, 38.4771], [-122.5786, 38.4773], [-122.5786, 38.4771], [-122.579, 38.4771]]], [[[-122.57, 38.4778], [-122.5703, 38.4767], [-122.5696, 38.4765], [-122.5693, 38.477], [-122.57, 38.477], [-122.57, 38.4778]]], [[[-122.5222, 38.4791], [-122.5222, 38.4783], [-122.5225, 38.4774], [-122.5215, 38.478], [-122.5222, 38.4791]]], [[[-122.5143, 38.4784], [-122.5149, 38.4776], [-122.5139, 38.4776], [-122.5143, 38.4784]]], [[[-122.4984, 38.4893], [-122.4984, 38.4877], [-122.4994, 38.4874], [-122.4994, 38.4882], [-122.5001, 38.4876], [-122.5012, 38.4879], [-122.5008, 38.4871], [-122.4994, 38.4868], [-122.5001, 38.4863], [-122.4993, 38.4847], [-122.5007, 38.4849], [-122.5007, 38.4836], [-122.4989, 38.4833], [-122.4986, 38.4839], [-122.4976, 38.4839], [-122.4983, 38.4836], [-122.4979, 38.482], [-122.4985, 38.4815], [-122.4971, 38.4812], [-122.4978, 38.4799], [-122.4964, 38.4799], [-122.496, 38.4788], [-122.4967, 38.4783], [-122.4953, 38.478], [-122.494, 38.4789], [-122.4943, 38.4799], [-122.4957, 38.4804], [-122.4951, 38.481], [-122.4958, 38.4812], [-122.4952, 38.4837], [-122.4965, 38.4834], [-122.4965, 38.4837], [-122.4969, 38.4837], [-122.4969, 38.4839], [-122.4962, 38.4845], [-122.4983, 38.4852], [-122.4977, 38.4869], [-122.4978, 38.4893], [-122.4984, 38.4893]], [[-122.4972, 38.4834], [-122.4969, 38.4837], [-122.4969, 38.4834], [-122.4972, 38.4834]], [[-122.4962, 38.4831], [-122.4958, 38.4834], [-122.4958, 38.4831], [-122.4962, 38.4831]], [[-122.4965, 38.4828], [-122.4962, 38.4831], [-122.4962, 38.4829], [-122.4965, 38.4828]], [[-122.4975, 38.482], [-122.4972, 38.4823], [-122.4972, 38.482], [-122.4975, 38.482]], [[-122.4961, 38.4799], [-122.4957, 38.4804], [-122.4957, 38.4799], [-122.4961, 38.4799]], [[-122.4953, 38.4786], [-122.4946, 38.4788], [-122.4946, 38.4786], [-122.4953, 38.4786]]], [[[-122.5893, 38.4777], [-122.5903, 38.4771], [-122.5903, 38.4763], [-122.5893, 38.4766], [-122.5889, 38.4758], [-122.5879, 38.4758], [-122.5879, 38.4763], [-122.5889, 38.4763], [-122.5886, 38.4771], [-122.5893, 38.4777]], [[-122.59, 38.4768], [-122.5893, 38.4771], [-122.5893, 38.4768], [-122.59, 38.4768]]], [[[-122.6055, 38.4765], [-122.6054, 38.4757], [-122.6044, 38.4754], [-122.6041, 38.476], [-122.6055, 38.4765]]], [[[-122.6082, 38.4762], [-122.6082, 38.4756], [-122.6068, 38.4751], [-122.6068, 38.4757], [-122.6082, 38.4762]]], [[[-122.5859, 38.4777], [-122.5855, 38.4756], [-122.5844, 38.4756], [-122.5851, 38.4761], [-122.5848, 38.4778], [-122.5859, 38.4777]]], [[[-122.5081, 38.4783], [-122.5084, 38.4772], [-122.5077, 38.4769], [-122.507, 38.478], [-122.5081, 38.4783]]], [[[-122.5741, 38.4764], [-122.5755, 38.4761], [-122.5751, 38.4761], [-122.5744, 38.4753], [-122.5741, 38.4764]]], [[[-122.6089, 38.4756], [-122.6102, 38.475], [-122.6092, 38.4745], [-122.6089, 38.4756]]], [[[-122.5862, 38.4764], [-122.5875, 38.4755], [-122.5861, 38.475], [-122.5862, 38.4764]]], [[[-122.5703, 38.4764], [-122.5707, 38.4756], [-122.57, 38.4754], [-122.5696, 38.4759], [-122.5703, 38.4764]]], [[[-122.519, 38.4773], [-122.519, 38.4767], [-122.518, 38.4762], [-122.518, 38.477], [-122.519, 38.4773]]], [[[-122.6044, 38.4754], [-122.6044, 38.4749], [-122.6047, 38.4744], [-122.6037, 38.4746], [-122.6044, 38.4754]]], [[[-122.5814, 38.4767], [-122.5813, 38.4759], [-122.5824, 38.4759], [-122.582, 38.4751], [-122.583, 38.4754], [-122.5827, 38.4748], [-122.5813, 38.4749], [-122.581, 38.4765], [-122.58, 38.4765], [-122.5814, 38.4767]]], [[[-122.603, 38.4755], [-122.6033, 38.4744], [-122.6002, 38.4745], [-122.6003, 38.4753], [-122.603, 38.4755]]], [[[-122.5221, 38.4769], [-122.5232, 38.4769], [-122.5238, 38.4761], [-122.5228, 38.4761], [-122.5232, 38.4766], [-122.5221, 38.4769]]], [[[-122.5968, 38.4759], [-122.5968, 38.4748], [-122.5978, 38.4742], [-122.5954, 38.4751], [-122.5958, 38.4759], [-122.5968, 38.4759]]], [[[-122.5503, 38.4758], [-122.55, 38.4747], [-122.5493, 38.4747], [-122.549, 38.4755], [-122.5503, 38.4758]]], [[[-122.6272, 38.4768], [-122.6282, 38.476], [-122.6275, 38.4752], [-122.6285, 38.4752], [-122.6285, 38.4744], [-122.6278, 38.4747], [-122.6281, 38.4739], [-122.6264, 38.4744], [-122.6257, 38.4734], [-122.625, 38.4747], [-122.624, 38.4742], [-122.625, 38.4731], [-122.6219, 38.4734], [-122.6219, 38.4743], [-122.6205, 38.4737], [-122.6202, 38.4748], [-122.6192, 38.474], [-122.6192, 38.4749], [-122.6185, 38.4749], [-122.6203, 38.4759], [-122.6223, 38.4756], [-122.6227, 38.4767], [-122.6251, 38.4761], [-122.6261, 38.4763], [-122.6255, 38.4769], [-122.6272, 38.4768]], [[-122.6275, 38.4755], [-122.6271, 38.4758], [-122.6271, 38.4755], [-122.6275, 38.4755]], [[-122.6268, 38.4752], [-122.6265, 38.4758], [-122.6264, 38.4752], [-122.6268, 38.4752]], [[-122.6247, 38.4753], [-122.6244, 38.4756], [-122.6244, 38.4753], [-122.6247, 38.4753]], [[-122.6244, 38.475], [-122.6237, 38.4756], [-122.6237, 38.475], [-122.6244, 38.475]], [[-122.6216, 38.4745], [-122.6213, 38.4748], [-122.6212, 38.4745], [-122.6216, 38.4745]]], [[[-122.5778, 38.4741], [-122.5789, 38.4744], [-122.5789, 38.4738], [-122.5778, 38.4741]]], [[[-122.5077, 38.4767], [-122.5066, 38.4762], [-122.5069, 38.4753], [-122.5062, 38.4754], [-122.5063, 38.4764], [-122.5077, 38.4767]]], [[[-122.5121, 38.4766], [-122.5121, 38.476], [-122.5104, 38.475], [-122.5097, 38.4761], [-122.5107, 38.4758], [-122.5121, 38.4766]]], [[[-122.5954, 38.4746], [-122.5957, 38.4735], [-122.5919, 38.4736], [-122.5923, 38.4746], [-122.5933, 38.4738], [-122.5947, 38.4738], [-122.5954, 38.4746]]], [[[-122.5022, 38.4773], [-122.5028, 38.476], [-122.5018, 38.476], [-122.5017, 38.4749], [-122.5004, 38.4749], [-122.4997, 38.4758], [-122.5015, 38.4763], [-122.5022, 38.4773]]], [[[-122.6105, 38.4737], [-122.6109, 38.4731], [-122.6088, 38.4729], [-122.6088, 38.4732], [-122.6105, 38.4737]]], [[[-122.6133, 38.4734], [-122.6139, 38.4728], [-122.6122, 38.4726], [-122.6122, 38.4728], [-122.6133, 38.4734]]], [[[-122.5895, 38.4739], [-122.5895, 38.4733], [-122.5888, 38.4736], [-122.5888, 38.4731], [-122.5871, 38.4728], [-122.5875, 38.4739], [-122.5895, 38.4739]]], [[[-122.5813, 38.4738], [-122.5826, 38.4732], [-122.5816, 38.473], [-122.5813, 38.4738]]], [[[-122.5902, 38.4736], [-122.5912, 38.4728], [-122.5891, 38.4725], [-122.5888, 38.4731], [-122.5895, 38.4731], [-122.5902, 38.4736]], [[-122.5898, 38.4728], [-122.5895, 38.4731], [-122.5895, 38.4728], [-122.5898, 38.4728]]], [[[-122.5438, 38.4767], [-122.5438, 38.4762], [-122.5452, 38.4764], [-122.5448, 38.4746], [-122.5454, 38.4735], [-122.5441, 38.4738], [-122.5438, 38.4751], [-122.5424, 38.4754], [-122.5431, 38.4757], [-122.5428, 38.4762], [-122.5438, 38.4767]], [[-122.5434, 38.4754], [-122.5431, 38.4757], [-122.5431, 38.4754], [-122.5434, 38.4754]]], [[[-122.5248, 38.4747], [-122.5248, 38.4739], [-122.5241, 38.4739], [-122.5238, 38.4745], [-122.5248, 38.4747]]], [[[-122.5968, 38.4734], [-122.5961, 38.4732], [-122.5964, 38.4721], [-122.595, 38.4719], [-122.5947, 38.4727], [-122.5957, 38.4724], [-122.5957, 38.4735], [-122.5968, 38.4734]]], [[[-122.5779, 38.4766], [-122.5786, 38.4755], [-122.5793, 38.4757], [-122.5806, 38.4746], [-122.5765, 38.4747], [-122.5771, 38.4741], [-122.5768, 38.4731], [-122.5758, 38.4739], [-122.5747, 38.4726], [-122.5729, 38.4721], [-122.5723, 38.4721], [-122.572, 38.4742], [-122.5716, 38.4729], [-122.5695, 38.4727], [-122.5713, 38.4732], [-122.5706, 38.4735], [-122.571, 38.4745], [-122.5703, 38.4746], [-122.5703, 38.4754], [-122.5717, 38.4753], [-122.5716, 38.4745], [-122.5734, 38.4745], [-122.5737, 38.475], [-122.5737, 38.4742], [-122.5747, 38.4736], [-122.5747, 38.4745], [-122.5761, 38.4744], [-122.5751, 38.4758], [-122.5765, 38.4755], [-122.5765, 38.4766], [-122.5779, 38.4766]], [[-122.5772, 38.4752], [-122.5768, 38.4755], [-122.5768, 38.4752], [-122.5772, 38.4752]], [[-122.5733, 38.4731], [-122.5727, 38.4742], [-122.5726, 38.4732], [-122.5733, 38.4731]]], [[[-122.5157, 38.4806], [-122.5164, 38.4803], [-122.5163, 38.4789], [-122.5177, 38.4784], [-122.5176, 38.4759], [-122.5187, 38.4762], [-122.518, 38.4754], [-122.5169, 38.4757], [-122.5162, 38.4746], [-122.5179, 38.4746], [-122.5182, 38.4738], [-122.5162, 38.4741], [-122.5162, 38.4733], [-122.5151, 38.4733], [-122.5145, 38.4738], [-122.5152, 38.4744], [-122.5131, 38.4752], [-122.5132, 38.4766], [-122.5145, 38.476], [-122.5142, 38.4768], [-122.5132, 38.4768], [-122.5132, 38.4776], [-122.5139, 38.4771], [-122.5156, 38.4776], [-122.5159, 38.4765], [-122.5166, 38.4765], [-122.516, 38.4797], [-122.515, 38.4798], [-122.5157, 38.4806]], [[-122.5156, 38.4762], [-122.5146, 38.4768], [-122.5145, 38.4765], [-122.5156, 38.4762]], [[-122.5162, 38.476], [-122.5159, 38.4762], [-122.5159, 38.476], [-122.5162, 38.476]], [[-122.5162, 38.4752], [-122.5156, 38.4757], [-122.5155, 38.4749], [-122.5159, 38.4749], [-122.5162, 38.4752]], [[-122.5152, 38.4749], [-122.5145, 38.4752], [-122.5145, 38.4749], [-122.5152, 38.4749]], [[-122.5162, 38.4746], [-122.5159, 38.4749], [-122.5159, 38.4746], [-122.5162, 38.4746]]], [[[-122.5052, 38.4746], [-122.5052, 38.4738], [-122.5045, 38.4735], [-122.5038, 38.4743], [-122.5052, 38.4746]]], [[[-122.5816, 38.473], [-122.5819, 38.4724], [-122.5809, 38.4719], [-122.5809, 38.4724], [-122.5816, 38.473]]], [[[-122.5847, 38.4726], [-122.5864, 38.4721], [-122.586, 38.4715], [-122.5846, 38.4721], [-122.5847, 38.4726]]], [[[-122.553, 38.4728], [-122.554, 38.4725], [-122.554, 38.4719], [-122.5526, 38.4722], [-122.553, 38.4728]]], [[[-122.5666, 38.4787], [-122.5659, 38.4776], [-122.5666, 38.4779], [-122.5666, 38.4768], [-122.5676, 38.477], [-122.5676, 38.4765], [-122.5662, 38.4765], [-122.5655, 38.4749], [-122.5641, 38.4747], [-122.5641, 38.4741], [-122.5661, 38.4738], [-122.5661, 38.473], [-122.5685, 38.473], [-122.5698, 38.4719], [-122.5691, 38.4716], [-122.5678, 38.4724], [-122.5681, 38.4719], [-122.5671, 38.4714], [-122.5671, 38.4722], [-122.5647, 38.4733], [-122.5643, 38.4725], [-122.5654, 38.4722], [-122.564, 38.4714], [-122.5633, 38.4725], [-122.5616, 38.4723], [-122.5623, 38.4731], [-122.5613, 38.4737], [-122.562, 38.4739], [-122.5613, 38.4753], [-122.5638, 38.4755], [-122.5628, 38.4769], [-122.5652, 38.4766], [-122.5656, 38.4787], [-122.5666, 38.4787]], [[-122.5654, 38.4733], [-122.5651, 38.4736], [-122.5651, 38.4733], [-122.5654, 38.4733]]], [[[-122.5192, 38.4727], [-122.5196, 38.4729], [-122.5206, 38.4726], [-122.5196, 38.4724], [-122.5192, 38.4727]]], [[[-122.5881, 38.4726], [-122.5888, 38.472], [-122.588, 38.4707], [-122.5874, 38.4715], [-122.5867, 38.471], [-122.5853, 38.471], [-122.5853, 38.4715], [-122.5863, 38.4712], [-122.5867, 38.4718], [-122.5864, 38.4723], [-122.5881, 38.4726]]], [[[-122.5936, 38.4719], [-122.5939, 38.4713], [-122.5925, 38.4714], [-122.5929, 38.4711], [-122.5925, 38.4706], [-122.5919, 38.4719], [-122.5936, 38.4719]]], [[[-122.5829, 38.4727], [-122.5829, 38.4716], [-122.5839, 38.4713], [-122.5832, 38.4708], [-122.5822, 38.4711], [-122.5829, 38.4727]]], [[[-122.5891, 38.4712], [-122.5891, 38.4701], [-122.588, 38.4701], [-122.5884, 38.4709], [-122.5891, 38.4712]]], [[[-122.5715, 38.4713], [-122.5726, 38.471], [-122.5732, 38.4704], [-122.5715, 38.4707], [-122.5715, 38.4713]]], [[[-122.6132, 38.4717], [-122.6135, 38.4698], [-122.6118, 38.4691], [-122.6122, 38.4707], [-122.6128, 38.4707], [-122.6118, 38.4718], [-122.6132, 38.4717]]], [[[-122.5708, 38.4708], [-122.5705, 38.4702], [-122.5694, 38.47], [-122.5694, 38.4705], [-122.5708, 38.4708]]], [[[-122.6104, 38.4713], [-122.609, 38.4691], [-122.6076, 38.4694], [-122.608, 38.4702], [-122.6104, 38.4713]]], [[[-122.5058, 38.4719], [-122.5054, 38.4713], [-122.504, 38.4716], [-122.5041, 38.4719], [-122.5058, 38.4719]]], [[[-122.4962, 38.4723], [-122.4972, 38.4718], [-122.4961, 38.4715], [-122.4962, 38.4723]]], [[[-122.4986, 38.4723], [-122.4985, 38.4717], [-122.4978, 38.4712], [-122.4975, 38.4718], [-122.4986, 38.4723]]], [[[-122.6059, 38.4706], [-122.6059, 38.4689], [-122.6049, 38.4698], [-122.6039, 38.4698], [-122.6042, 38.4692], [-122.6028, 38.4698], [-122.6059, 38.4706]]], [[[-122.5465, 38.4753], [-122.5465, 38.4742], [-122.5479, 38.4742], [-122.5475, 38.4737], [-122.5503, 38.4739], [-122.5516, 38.4725], [-122.5516, 38.4717], [-122.5488, 38.4715], [-122.5488, 38.4701], [-122.5481, 38.4702], [-122.5481, 38.4712], [-122.5474, 38.471], [-122.5478, 38.4718], [-122.5468, 38.4721], [-122.5488, 38.4723], [-122.5475, 38.4726], [-122.5458, 38.474], [-122.5465, 38.4753]], [[-122.5485, 38.4729], [-122.5478, 38.4731], [-122.5478, 38.4729], [-122.5485, 38.4729]], [[-122.5499, 38.4728], [-122.5489, 38.4728], [-122.5488, 38.4723], [-122.5499, 38.4723], [-122.5499, 38.4728]]], [[[-122.5006, 38.472], [-122.5013, 38.4717], [-122.5013, 38.4711], [-122.5003, 38.4714], [-122.5006, 38.472]]], [[[-122.5736, 38.4718], [-122.5736, 38.471], [-122.5739, 38.471], [-122.5743, 38.4715], [-122.576, 38.4715], [-122.5766, 38.4693], [-122.5756, 38.4699], [-122.5749, 38.4691], [-122.5729, 38.4699], [-122.5736, 38.4704], [-122.5729, 38.4718], [-122.5736, 38.4718]], [[-122.575, 38.4709], [-122.5739, 38.471], [-122.5742, 38.4699], [-122.5749, 38.4699], [-122.575, 38.4709]]], [[[-122.5945, 38.4694], [-122.5942, 38.4689], [-122.5931, 38.4687], [-122.5935, 38.4695], [-122.5945, 38.4694]]], [[[-122.5579, 38.4751], [-122.5582, 38.4732], [-122.5588, 38.4729], [-122.5581, 38.4724], [-122.5605, 38.4718], [-122.5605, 38.4704], [-122.5601, 38.4699], [-122.5595, 38.4705], [-122.5591, 38.4699], [-122.5577, 38.47], [-122.5577, 38.4694], [-122.5563, 38.4694], [-122.5567, 38.47], [-122.5557, 38.4703], [-122.556, 38.4708], [-122.555, 38.4706], [-122.5547, 38.4716], [-122.5561, 38.4719], [-122.5568, 38.4729], [-122.5578, 38.4724], [-122.5565, 38.4743], [-122.5579, 38.4751]], [[-122.5582, 38.4729], [-122.5578, 38.4732], [-122.5578, 38.4729], [-122.5582, 38.4729]], [[-122.5585, 38.4716], [-122.5578, 38.4718], [-122.5578, 38.4716], [-122.5585, 38.4716]], [[-122.5574, 38.4716], [-122.5571, 38.4719], [-122.5571, 38.4716], [-122.5574, 38.4716]], [[-122.5598, 38.4715], [-122.5595, 38.471], [-122.5584, 38.471], [-122.5588, 38.4702], [-122.5602, 38.471], [-122.5598, 38.4715]], [[-122.5591, 38.4713], [-122.5585, 38.4716], [-122.5584, 38.4713], [-122.5591, 38.4713]], [[-122.5564, 38.4713], [-122.5557, 38.4716], [-122.5557, 38.4714], [-122.5564, 38.4713]], [[-122.5584, 38.4713], [-122.5574, 38.4713], [-122.5571, 38.4708], [-122.5577, 38.4708], [-122.5584, 38.4713]], [[-122.5571, 38.4711], [-122.5567, 38.4713], [-122.5567, 38.4711], [-122.5571, 38.4711]], [[-122.5557, 38.4711], [-122.5554, 38.4714], [-122.5553, 38.4711], [-122.5557, 38.4711]]], [[[-122.5123, 38.4712], [-122.513, 38.4706], [-122.5109, 38.4707], [-122.5109, 38.4709], [-122.5123, 38.4712]]], [[[-122.5512, 38.4701], [-122.5512, 38.4696], [-122.5501, 38.4693], [-122.5501, 38.4699], [-122.5512, 38.4701]]], [[[-122.5137, 38.4733], [-122.5168, 38.4727], [-122.5164, 38.4711], [-122.5136, 38.4698], [-122.5127, 38.4723], [-122.5141, 38.4725], [-122.5137, 38.4733]], [[-122.5147, 38.4719], [-122.5141, 38.4722], [-122.514, 38.472], [-122.5147, 38.4719]], [[-122.5154, 38.4719], [-122.514, 38.4717], [-122.514, 38.4714], [-122.5157, 38.4711], [-122.5154, 38.4719]]], [[[-122.5519, 38.4714], [-122.5522, 38.4703], [-122.5539, 38.4706], [-122.5529, 38.4711], [-122.5543, 38.4711], [-122.5553, 38.4695], [-122.5529, 38.4687], [-122.5532, 38.4695], [-122.5505, 38.4709], [-122.5505, 38.4715], [-122.5519, 38.4714]], [[-122.5532, 38.4698], [-122.5529, 38.4701], [-122.5529, 38.4698], [-122.5532, 38.4698]]], [[[-122.5742, 38.4691], [-122.5756, 38.4682], [-122.5748, 38.4674], [-122.5745, 38.468], [-122.5731, 38.4677], [-122.5732, 38.4688], [-122.5742, 38.4691]]], [[[-122.5714, 38.4686], [-122.5718, 38.468], [-122.5707, 38.4675], [-122.5704, 38.4681], [-122.5714, 38.4686]]], [[[-122.4795, 38.47], [-122.4806, 38.4699], [-122.4806, 38.4694], [-122.4795, 38.47]]], [[[-122.5222, 38.4696], [-122.5222, 38.4683], [-122.5218, 38.4683], [-122.5212, 38.4694], [-122.5222, 38.4696]]], [[[-122.5123, 38.4698], [-122.5129, 38.4693], [-122.5126, 38.4685], [-122.5112, 38.4696], [-122.5123, 38.4698]]], [[[-122.6078, 38.4751], [-122.6074, 38.474], [-122.6088, 38.4724], [-122.6077, 38.4719], [-122.6067, 38.4724], [-122.6067, 38.4716], [-122.6049, 38.4706], [-122.6008, 38.4709], [-122.6001, 38.4701], [-122.5984, 38.4704], [-122.599, 38.4699], [-122.5986, 38.4685], [-122.6004, 38.4691], [-122.6004, 38.4685], [-122.6031, 38.4682], [-122.6027, 38.4676], [-122.6041, 38.4676], [-122.6062, 38.4681], [-122.6069, 38.467], [-122.6051, 38.4671], [-122.6048, 38.4676], [-122.6048, 38.4671], [-122.601, 38.4666], [-122.601, 38.4677], [-122.6, 38.4677], [-122.6006, 38.4666], [-122.5996, 38.4666], [-122.5986, 38.4677], [-122.5969, 38.4675], [-122.5955, 38.4681], [-122.5956, 38.47], [-122.5932, 38.4697], [-122.5932, 38.4706], [-122.5963, 38.4699], [-122.5963, 38.4713], [-122.5981, 38.4718], [-122.5971, 38.4726], [-122.5978, 38.4729], [-122.5984, 38.4726], [-122.5988, 38.4729], [-122.5991, 38.4726], [-122.5995, 38.4726], [-122.5995, 38.4728], [-122.6002, 38.4728], [-122.6005, 38.4717], [-122.6022, 38.4717], [-122.6022, 38.4728], [-122.6033, 38.4728], [-122.6033, 38.4736], [-122.6043, 38.4725], [-122.605, 38.4735], [-122.6043, 38.4741], [-122.6054, 38.4741], [-122.6051, 38.4746], [-122.6064, 38.4743], [-122.6078, 38.4751]], [[-122.6061, 38.4738], [-122.6054, 38.4741], [-122.6054, 38.4738], [-122.6061, 38.4738]], [[-122.6078, 38.4729], [-122.6074, 38.4732], [-122.6074, 38.4729], [-122.6078, 38.4729]], [[-122.6057, 38.473], [-122.6054, 38.4733], [-122.6053, 38.473], [-122.6057, 38.473]], [[-122.6071, 38.4727], [-122.6067, 38.473], [-122.6067, 38.4727], [-122.6071, 38.4727]], [[-122.6067, 38.4724], [-122.6064, 38.4727], [-122.6064, 38.4724], [-122.6067, 38.4724]], [[-122.6057, 38.4724], [-122.6053, 38.4727], [-122.6053, 38.4725], [-122.6057, 38.4724]], [[-122.6036, 38.4725], [-122.6033, 38.4728], [-122.6033, 38.4725], [-122.6036, 38.4725]], [[-122.5998, 38.4723], [-122.5995, 38.4726], [-122.5995, 38.4723], [-122.5998, 38.4723]], [[-122.6046, 38.4717], [-122.6043, 38.4719], [-122.6043, 38.4717], [-122.6046, 38.4717]], [[-122.6056, 38.4714], [-122.605, 38.4717], [-122.6049, 38.4714], [-122.6056, 38.4714]], [[-122.6043, 38.4714], [-122.6039, 38.4717], [-122.6039, 38.4714], [-122.6043, 38.4714]], [[-122.6005, 38.4712], [-122.6001, 38.4718], [-122.6001, 38.4712], [-122.6005, 38.4712]], [[-122.6029, 38.4709], [-122.6025, 38.4712], [-122.6025, 38.4709], [-122.6029, 38.4709]], [[-122.598, 38.4696], [-122.5977, 38.4699], [-122.5977, 38.4696], [-122.598, 38.4696]], [[-122.5979, 38.4683], [-122.5976, 38.4691], [-122.5976, 38.4683], [-122.5979, 38.4683]], [[-122.6, 38.4685], [-122.5997, 38.4688], [-122.5997, 38.4685], [-122.6, 38.4685]], [[-122.5966, 38.4683], [-122.5959, 38.4686], [-122.5959, 38.4683], [-122.5966, 38.4683]], [[-122.6003, 38.468], [-122.6, 38.4682], [-122.6, 38.468], [-122.6003, 38.468]], [[-122.6045, 38.4673], [-122.6041, 38.4676], [-122.6041, 38.4673], [-122.6045, 38.4673]], [[-122.6, 38.4672], [-122.5996, 38.4674], [-122.5996, 38.4672], [-122.6, 38.4672]], [[-122.6024, 38.4668], [-122.602, 38.4671], [-122.602, 38.4669], [-122.6024, 38.4668]]], [[[-122.5078, 38.471], [-122.5085, 38.4696], [-122.5098, 38.4696], [-122.5098, 38.4685], [-122.5091, 38.4683], [-122.5067, 38.4686], [-122.5077, 38.4688], [-122.5071, 38.4691], [-122.5078, 38.4694], [-122.5078, 38.471]], [[-122.5091, 38.4685], [-122.5084, 38.4691], [-122.5084, 38.4686], [-122.5091, 38.4685]]], [[[-122.5208, 38.4688], [-122.5215, 38.4678], [-122.5198, 38.4678], [-122.5205, 38.468], [-122.5208, 38.4688]]], [[[-122.5924, 38.4684], [-122.5928, 38.4676], [-122.5938, 38.4676], [-122.5934, 38.467], [-122.5924, 38.4673], [-122.5927, 38.4657], [-122.591, 38.4679], [-122.5911, 38.4684], [-122.5924, 38.4684]], [[-122.5924, 38.4676], [-122.5917, 38.4679], [-122.5917, 38.4676], [-122.5924, 38.4676]]], [[[-122.6106, 38.4667], [-122.6109, 38.4659], [-122.6099, 38.4651], [-122.6096, 38.4659], [-122.6106, 38.4667]]], [[[-122.5638, 38.4661], [-122.5641, 38.4663], [-122.5655, 38.4657], [-122.5641, 38.4658], [-122.5638, 38.4661]]], [[[-122.5431, 38.4749], [-122.543, 38.474], [-122.5451, 38.4732], [-122.544, 38.4729], [-122.544, 38.4721], [-122.5444, 38.4721], [-122.5447, 38.4727], [-122.5454, 38.4718], [-122.5468, 38.4721], [-122.5461, 38.4713], [-122.5478, 38.4707], [-122.5467, 38.4702], [-122.5463, 38.4689], [-122.5433, 38.4703], [-122.5429, 38.4692], [-122.5439, 38.4689], [-122.539, 38.4668], [-122.5386, 38.466], [-122.5342, 38.4667], [-122.5346, 38.4675], [-122.5339, 38.468], [-122.5349, 38.468], [-122.535, 38.4691], [-122.5363, 38.4685], [-122.537, 38.4699], [-122.5374, 38.4698], [-122.5374, 38.4693], [-122.5377, 38.4693], [-122.5391, 38.4701], [-122.5381, 38.4717], [-122.5392, 38.472], [-122.5402, 38.4714], [-122.5402, 38.4706], [-122.5412, 38.4708], [-122.5406, 38.4725], [-122.5413, 38.4735], [-122.5434, 38.4735], [-122.5424, 38.4743], [-122.5431, 38.4749]], [[-122.5437, 38.4732], [-122.5434, 38.4735], [-122.5434, 38.4732], [-122.5437, 38.4732]], [[-122.5447, 38.4719], [-122.5444, 38.4721], [-122.5443, 38.4719], [-122.5447, 38.4719]], [[-122.545, 38.471], [-122.5443, 38.4716], [-122.5443, 38.4711], [-122.545, 38.471]], [[-122.5412, 38.4703], [-122.5409, 38.4706], [-122.5409, 38.4703], [-122.5412, 38.4703]], [[-122.5395, 38.4698], [-122.5391, 38.4701], [-122.5391, 38.4698], [-122.5395, 38.4698]], [[-122.5381, 38.469], [-122.5377, 38.4693], [-122.5377, 38.469], [-122.5381, 38.469]], [[-122.5394, 38.4685], [-122.5384, 38.4687], [-122.5384, 38.4685], [-122.5394, 38.4685]], [[-122.5411, 38.4679], [-122.5408, 38.4682], [-122.5408, 38.4679], [-122.5411, 38.4679]], [[-122.5377, 38.468], [-122.5373, 38.4682], [-122.5373, 38.468], [-122.5377, 38.468]], [[-122.5356, 38.4669], [-122.5352, 38.4675], [-122.5352, 38.4669], [-122.5356, 38.4669]], [[-122.538, 38.4669], [-122.5376, 38.4671], [-122.5376, 38.4669], [-122.538, 38.4669]]], [[[-122.5023, 38.4711], [-122.5023, 38.4706], [-122.5037, 38.4708], [-122.5036, 38.4687], [-122.5043, 38.4684], [-122.5039, 38.4678], [-122.5032, 38.4681], [-122.5035, 38.4668], [-122.5026, 38.4684], [-122.5012, 38.4684], [-122.5013, 38.4711], [-122.5023, 38.4711]], [[-122.5029, 38.4695], [-122.5026, 38.4698], [-122.5026, 38.4695], [-122.5029, 38.4695]], [[-122.5029, 38.4689], [-122.5026, 38.4692], [-122.5026, 38.469], [-122.5029, 38.4689]]], [[[-122.6154, 38.4655], [-122.6147, 38.4647], [-122.6161, 38.4647], [-122.616, 38.4639], [-122.6133, 38.465], [-122.6154, 38.4655]]], [[[-122.5139, 38.4671], [-122.5142, 38.4666], [-122.5132, 38.466], [-122.5128, 38.4669], [-122.5139, 38.4671]]], [[[-122.508, 38.4667], [-122.508, 38.4659], [-122.5073, 38.4656], [-122.5073, 38.4664], [-122.508, 38.4667]]], [[[-122.506, 38.4686], [-122.5063, 38.4667], [-122.507, 38.467], [-122.5066, 38.4654], [-122.5049, 38.4667], [-122.506, 38.4686]]], [[[-122.5166, 38.466], [-122.5166, 38.4654], [-122.5155, 38.4652], [-122.5156, 38.466], [-122.5166, 38.466]]], [[[-122.6095, 38.4635], [-122.6091, 38.4627], [-122.606, 38.4624], [-122.6067, 38.4632], [-122.6095, 38.4635]]], [[[-122.5125, 38.4666], [-122.5131, 38.465], [-122.5138, 38.4649], [-122.5135, 38.4658], [-122.5145, 38.4655], [-122.5145, 38.4647], [-122.5135, 38.4647], [-122.5134, 38.4641], [-122.5114, 38.4645], [-122.5121, 38.465], [-122.5114, 38.4661], [-122.5125, 38.4666]]], [[[-122.489, 38.4652], [-122.489, 38.4641], [-122.488, 38.4641], [-122.4887, 38.4647], [-122.488, 38.4652], [-122.489, 38.4652]]], [[[-122.5887, 38.4601], [-122.5897, 38.4593], [-122.5876, 38.458], [-122.5859, 38.458], [-122.5859, 38.4596], [-122.5887, 38.4601]], [[-122.588, 38.4591], [-122.5873, 38.4593], [-122.5873, 38.4591], [-122.588, 38.4591]]], [[[-122.5925, 38.459], [-122.5918, 38.4587], [-122.5924, 38.4579], [-122.5911, 38.4582], [-122.5914, 38.459], [-122.5925, 38.459]]], [[[-122.5965, 38.4667], [-122.5968, 38.464], [-122.5961, 38.4637], [-122.5968, 38.4637], [-122.5967, 38.4626], [-122.596, 38.4624], [-122.5963, 38.461], [-122.5956, 38.4592], [-122.5966, 38.4591], [-122.5969, 38.4583], [-122.5959, 38.4581], [-122.5956, 38.4589], [-122.5945, 38.4584], [-122.5952, 38.4573], [-122.5941, 38.4573], [-122.5941, 38.4578], [-122.5931, 38.4576], [-122.5938, 38.4587], [-122.5928, 38.4584], [-122.5928, 38.4592], [-122.5942, 38.4595], [-122.5935, 38.4597], [-122.5943, 38.4616], [-122.5949, 38.4611], [-122.5953, 38.4611], [-122.5953, 38.4613], [-122.596, 38.4613], [-122.5951, 38.4651], [-122.5965, 38.4667]], [[-122.5956, 38.4608], [-122.5953, 38.4611], [-122.5953, 38.4608], [-122.5956, 38.4608]], [[-122.5949, 38.4592], [-122.5945, 38.4595], [-122.5945, 38.4592], [-122.5949, 38.4592]]], [[[-122.5928, 38.4579], [-122.5927, 38.4571], [-122.592, 38.4571], [-122.5917, 38.4576], [-122.5928, 38.4579]]], [[[-122.6, 38.4583], [-122.6038, 38.4582], [-122.6031, 38.4577], [-122.6034, 38.4566], [-122.6006, 38.455], [-122.6003, 38.4558], [-122.601, 38.4558], [-122.6013, 38.4569], [-122.5993, 38.4564], [-122.5989, 38.4572], [-122.5996, 38.4572], [-122.6, 38.4583]], [[-122.6014, 38.4574], [-122.601, 38.4577], [-122.601, 38.4574], [-122.6014, 38.4574]], [[-122.6007, 38.4574], [-122.6003, 38.4577], [-122.6003, 38.4574], [-122.6007, 38.4574]], [[-122.601, 38.4569], [-122.6007, 38.4574], [-122.6003, 38.4569], [-122.601, 38.4569]]], [[[-122.612, 38.4556], [-122.6119, 38.455], [-122.6099, 38.4548], [-122.6102, 38.4556], [-122.612, 38.4556]]], [[[-122.6061, 38.4554], [-122.6057, 38.4549], [-122.6047, 38.4552], [-122.6047, 38.4555], [-122.6061, 38.4554]]], [[[-122.6047, 38.4552], [-122.605, 38.4546], [-122.6033, 38.4547], [-122.6033, 38.4549], [-122.6047, 38.4552]]], [[[-122.6057, 38.4546], [-122.6064, 38.4538], [-122.6023, 38.4539], [-122.6033, 38.4544], [-122.6057, 38.4546]]], [[[-122.5603, 38.4464], [-122.561, 38.4456], [-122.5596, 38.4454], [-122.5593, 38.4462], [-122.5603, 38.4464]]], [[[-122.5587, 38.4373], [-122.5586, 38.4367], [-122.5597, 38.4367], [-122.559, 38.4365], [-122.5596, 38.4356], [-122.5573, 38.4368], [-122.5573, 38.4373], [-122.5587, 38.4373]]]]}, "properties": {"layer": "high_severity"}}, {"type": "Feature", "geometry": {"type": "MultiPolygon", "coordinates": [[[[-122.5807, 38.6647], [-122.5806, 38.6641], [-122.58, 38.6641], [-122.58, 38.6644], [-122.5807, 38.6647]]], [[[-122.5786, 38.6647], [-122.5793, 38.6644], [-122.5789, 38.6639], [-122.5782, 38.6639], [-122.5786, 38.6647]]], [[[-122.553, 38.6647], [-122.554, 38.6639], [-122.5527, 38.6639], [-122.553, 38.6647]]], [[[-122.5454, 38.6641], [-122.5461, 38.6635], [-122.5444, 38.6633], [-122.5444, 38.6635], [-122.5454, 38.6641]]], [[[-122.504, 38.6452], [-122.5047, 38.6449], [-122.504, 38.6447], [-122.504, 38.6452]]], [[[-122.5054, 38.6449], [-122.5057, 38.6441], [-122.5044, 38.6444], [-122.5044, 38.6447], [-122.5054, 38.6449]]], [[[-122.5057, 38.6441], [-122.5068, 38.6438], [-122.5057, 38.6438], [-122.5057, 38.6441]]], [[[-122.5795, 38.6304], [-122.5801, 38.6301], [-122.5795, 38.6299], [-122.5795, 38.6304]]], [[[-122.5437, 38.6125], [-122.5447, 38.6114], [-122.5439, 38.6106], [-122.5433, 38.6109], [-122.5437, 38.6125]]], [[[-122.4829, 38.6127], [-122.4829, 38.6119], [-122.4826, 38.6119], [-122.4822, 38.6125], [-122.4829, 38.6127]]], [[[-122.5336, 38.6111], [-122.5343, 38.6108], [-122.5336, 38.6106], [-122.5336, 38.6111]]], [[[-122.5398, 38.6099], [-122.5404, 38.6094], [-122.5398, 38.6094], [-122.5398, 38.6099]]], [[[-122.5418, 38.6088], [-122.5418, 38.6074], [-122.5438, 38.6071], [-122.5434, 38.6063], [-122.5448, 38.6063], [-122.5438, 38.6061], [-122.5441, 38.6055], [-122.5424, 38.6064], [-122.5393, 38.6061], [-122.5393, 38.6067], [-122.5403, 38.6064], [-122.5411, 38.6072], [-122.5404, 38.6088], [-122.5418, 38.6088]]], [[[-122.5089, 38.6054], [-122.5089, 38.6049], [-122.5082, 38.6049], [-122.5082, 38.6052], [-122.5089, 38.6054]]], [[[-122.5499, 38.6038], [-122.5506, 38.6035], [-122.5499, 38.6032], [-122.5499, 38.6038]]], [[[-122.5509, 38.6032], [-122.5516, 38.6029], [-122.5509, 38.6027], [-122.5509, 38.6032]]], [[[-122.5379, 38.6048], [-122.5358, 38.6035], [-122.5364, 38.6022], [-122.535, 38.6016], [-122.5358, 38.6046], [-122.5379, 38.6048]]], [[[-122.5609, 38.6011], [-122.5629, 38.6008], [-122.5632, 38.5992], [-122.5625, 38.5992], [-122.5629, 38.5997], [-122.5619, 38.6005], [-122.5608, 38.6006], [-122.5609, 38.6011]]], [[[-122.5252, 38.5973], [-122.5255, 38.5967], [-122.5248, 38.5965], [-122.5245, 38.597], [-122.5252, 38.5973]]], [[[-122.5114, 38.5981], [-122.5117, 38.5962], [-122.5131, 38.5959], [-122.5127, 38.5948], [-122.5106, 38.5954], [-122.5114, 38.5981]], [[-122.5124, 38.5951], [-122.512, 38.5954], [-122.512, 38.5951], [-122.5124, 38.5951]]], [[[-122.5094, 38.5989], [-122.5107, 38.5978], [-122.5093, 38.5976], [-122.5086, 38.596], [-122.5062, 38.5958], [-122.5051, 38.5944], [-122.5027, 38.595], [-122.5031, 38.5977], [-122.5052, 38.5977], [-122.5048, 38.5969], [-122.5076, 38.5968], [-122.509, 38.5973], [-122.5087, 38.5987], [-122.5094, 38.5989]], [[-122.5048, 38.595], [-122.5044, 38.5953], [-122.5044, 38.595], [-122.5048, 38.595]]], [[[-122.5112, 38.5919], [-122.5119, 38.5913], [-122.5115, 38.5913], [-122.5112, 38.5919]]], [[[-122.5253, 38.5908], [-122.5253, 38.5897], [-122.5246, 38.5897], [-122.5243, 38.5908], [-122.5253, 38.5908]]], [[[-122.5106, 38.5752], [-122.5113, 38.5743], [-122.5096, 38.5744], [-122.5096, 38.5749], [-122.5106, 38.5752]]], [[[-122.5032, 38.5683], [-122.5039, 38.568], [-122.5032, 38.5678], [-122.5032, 38.5683]]], [[[-122.4741, 38.5657], [-122.4741, 38.5651], [-122.4734, 38.5651], [-122.4734, 38.5654], [-122.4741, 38.5657]]], [[[-122.4755, 38.5656], [-122.4758, 38.5648], [-122.4744, 38.5646], [-122.4741, 38.5651], [-122.4755, 38.5656]], [[-122.4755, 38.5648], [-122.4751, 38.5651], [-122.4751, 38.5648], [-122.4755, 38.5648]]], [[[-122.5629, 38.5508], [-122.5636, 38.5506], [-122.5632, 38.5498], [-122.5626, 38.5503], [-122.5629, 38.5508]]], [[[-122.5495, 38.5509], [-122.5494, 38.5498], [-122.5487, 38.5498], [-122.5484, 38.5509], [-122.5495, 38.5509]]], [[[-122.5529, 38.5497], [-122.5536, 38.5494], [-122.5529, 38.5492], [-122.5529, 38.5497]]], [[[-122.5563, 38.5499], [-122.5566, 38.5491], [-122.5556, 38.5491], [-122.5563, 38.5483], [-122.5552, 38.548], [-122.5546, 38.5489], [-122.5553, 38.5497], [-122.5546, 38.5499], [-122.5563, 38.5499]]], [[[-122.5529, 38.5492], [-122.5514, 38.5473], [-122.5535, 38.547], [-122.5545, 38.5481], [-122.5556, 38.5472], [-122.5562, 38.5475], [-122.5555, 38.547], [-122.5565, 38.5453], [-122.5561, 38.5445], [-122.5544, 38.5443], [-122.5531, 38.5448], [-122.5528, 38.5462], [-122.5494, 38.5476], [-122.5494, 38.5492], [-122.5501, 38.5487], [-122.5529, 38.5492]], [[-122.5514, 38.5478], [-122.5508, 38.5484], [-122.55, 38.5476], [-122.5514, 38.5478]], [[-122.5545, 38.5459], [-122.5541, 38.5464], [-122.5541, 38.5459], [-122.5545, 38.5459]], [[-122.5562, 38.5448], [-122.5558, 38.5451], [-122.5558, 38.5448], [-122.5562, 38.5448]]], [[[-122.4845, 38.5471], [-122.4845, 38.5455], [-122.4834, 38.5449], [-122.4848, 38.5441], [-122.4824, 38.5447], [-122.4817, 38.5455], [-122.4821, 38.5469], [-122.4845, 38.5471]], [[-122.4838, 38.546], [-122.4835, 38.5463], [-122.4835, 38.546], [-122.4838, 38.546]], [[-122.4834, 38.5455], [-122.4831, 38.546], [-122.4831, 38.5455], [-122.4834, 38.5455]]], [[[-122.5318, 38.5391], [-122.5328, 38.5385], [-122.5315, 38.5385], [-122.5318, 38.5391]]], [[[-122.5879, 38.5365], [-122.59, 38.536], [-122.5876, 38.5357], [-122.5879, 38.5365]]], [[[-122.5947, 38.5345], [-122.5954, 38.5342], [-122.5947, 38.534], [-122.5947, 38.5345]]], [[[-122.5645, 38.5354], [-122.5644, 38.5338], [-122.563, 38.5338], [-122.5624, 38.5352], [-122.5641, 38.5349], [-122.5638, 38.5354], [-122.5645, 38.5354]], [[-122.5641, 38.5344], [-122.5637, 38.5346], [-122.5637, 38.5344], [-122.5641, 38.5344]]], [[[-122.5834, 38.5339], [-122.584, 38.5334], [-122.5837, 38.5334], [-122.5834, 38.5339]]], [[[-122.5713, 38.5331], [-122.5716, 38.5334], [-122.572, 38.5331], [-122.5713, 38.5331]]], [[[-122.5775, 38.5335], [-122.5778, 38.5327], [-122.5761, 38.5325], [-122.5764, 38.5333], [-122.5775, 38.5335]]], [[[-122.5788, 38.5311], [-122.5794, 38.5305], [-122.5788, 38.5305], [-122.5788, 38.5311]]], [[[-122.6336, 38.5315], [-122.6343, 38.5312], [-122.6342, 38.5301], [-122.6335, 38.5302], [-122.6342, 38.5293], [-122.6328, 38.5291], [-122.6332, 38.5296], [-122.6322, 38.5305], [-122.6304, 38.53], [-122.6336, 38.5315]]], [[[-122.5726, 38.5307], [-122.5733, 38.5309], [-122.5732, 38.5304], [-122.5726, 38.5307]]], [[[-122.4576, 38.5363], [-122.4559, 38.5347], [-122.4558, 38.5325], [-122.4534, 38.5326], [-122.4517, 38.534], [-122.4517, 38.5348], [-122.4527, 38.5342], [-122.4538, 38.5347], [-122.4538, 38.5356], [-122.4552, 38.5355], [-122.4552, 38.5363], [-122.4576, 38.5363]]], [[[-122.5757, 38.5325], [-122.5757, 38.5311], [-122.577, 38.5303], [-122.5763, 38.5298], [-122.5749, 38.5301], [-122.575, 38.5309], [-122.5743, 38.5304], [-122.5733, 38.5309], [-122.574, 38.5323], [-122.5757, 38.5325]], [[-122.5754, 38.5317], [-122.575, 38.532], [-122.575, 38.5317], [-122.5754, 38.5317]], [[-122.5746, 38.5309], [-122.5743, 38.5312], [-122.5743, 38.5309], [-122.5746, 38.5309]], [[-122.576, 38.5303], [-122.5757, 38.5306], [-122.5756, 38.5303], [-122.576, 38.5303]]], [[[-122.4816, 38.5326], [-122.4812, 38.5312], [-122.4795, 38.5307], [-122.4799, 38.5326], [-122.4816, 38.5326]]], [[[-122.568, 38.5386], [-122.5697, 38.5375], [-122.57, 38.5364], [-122.5721, 38.5377], [-122.5706, 38.5345], [-122.5709, 38.5337], [-122.5702, 38.5334], [-122.5712, 38.5323], [-122.5698, 38.5315], [-122.5712, 38.5302], [-122.5701, 38.5302], [-122.5684, 38.5289], [-122.5673, 38.5294], [-122.5674, 38.5313], [-122.5667, 38.5313], [-122.5681, 38.5326], [-122.5671, 38.5329], [-122.5668, 38.5324], [-122.5658, 38.5335], [-122.5661, 38.534], [-122.5678, 38.534], [-122.5678, 38.5337], [-122.5685, 38.5337], [-122.5685, 38.5334], [-122.5689, 38.5334], [-122.5703, 38.5348], [-122.5686, 38.5359], [-122.5648, 38.5365], [-122.5656, 38.5376], [-122.568, 38.5386]], [[-122.5696, 38.5359], [-122.569, 38.5361], [-122.5689, 38.5359], [-122.5696, 38.5359]], [[-122.5692, 38.5332], [-122.5689, 38.5334], [-122.5689, 38.5332], [-122.5692, 38.5332]], [[-122.5692, 38.5329], [-122.5685, 38.5329], [-122.5681, 38.5316], [-122.5695, 38.5318], [-122.5688, 38.5321], [-122.5692, 38.5329]], [[-122.5706, 38.5326], [-122.5695, 38.5326], [-122.5695, 38.5323], [-122.5702, 38.5321], [-122.5706, 38.5326]], [[-122.5701, 38.5302], [-122.5698, 38.5304], [-122.5698, 38.5302], [-122.5701, 38.5302]], [[-122.5684, 38.5302], [-122.5681, 38.5305], [-122.5681, 38.5302], [-122.5684, 38.5302]]], [[[-122.4675, 38.5328], [-122.4678, 38.532], [-122.4671, 38.532], [-122.4668, 38.531], [-122.4657, 38.5313], [-122.4654, 38.5318], [-122.4675, 38.5328]]], [[[-122.4492, 38.5319], [-122.4502, 38.5318], [-122.4502, 38.5313], [-122.4492, 38.5319]]], [[[-122.4737, 38.5314], [-122.4743, 38.5305], [-122.4723, 38.5309], [-122.4726, 38.5314], [-122.4737, 38.5314]]], [[[-122.5822, 38.5302], [-122.5825, 38.5294], [-122.5842, 38.5293], [-122.5842, 38.5283], [-122.5825, 38.5286], [-122.5811, 38.528], [-122.5804, 38.5286], [-122.5822, 38.5302]]], [[[-122.4558, 38.532], [-122.4557, 38.5312], [-122.4544, 38.5312], [-122.4543, 38.5307], [-122.4516, 38.531], [-122.4527, 38.5318], [-122.4551, 38.5315], [-122.4558, 38.532]]], [[[-122.4669, 38.5342], [-122.4661, 38.5329], [-122.4633, 38.5319], [-122.4633, 38.531], [-122.4619, 38.5303], [-122.4605, 38.5298], [-122.4595, 38.5303], [-122.4591, 38.5298], [-122.4592, 38.5303], [-122.4574, 38.5306], [-122.4582, 38.5317], [-122.4613, 38.5314], [-122.4623, 38.5324], [-122.4617, 38.5335], [-122.4637, 38.5332], [-122.4638, 38.5337], [-122.4669, 38.5342]], [[-122.4588, 38.5306], [-122.4585, 38.5309], [-122.4585, 38.5306], [-122.4588, 38.5306]]], [[[-122.4664, 38.5296], [-122.4674, 38.5293], [-122.4664, 38.5294], [-122.4664, 38.5296]]], [[[-122.4561, 38.5307], [-122.4564, 38.5298], [-122.4546, 38.5293], [-122.4529, 38.5299], [-122.453, 38.5304], [-122.4547, 38.5301], [-122.4561, 38.5307]]], [[[-122.5766, 38.5281], [-122.5769, 38.5273], [-122.5759, 38.5274], [-122.5766, 38.5268], [-122.5752, 38.5266], [-122.5752, 38.5279], [-122.5766, 38.5281]]], [[[-122.4633, 38.5294], [-122.4629, 38.5289], [-122.4619, 38.5292], [-122.4619, 38.5295], [-122.4633, 38.5294]]], [[[-122.6293, 38.5278], [-122.6296, 38.5259], [-122.6282, 38.5251], [-122.6279, 38.527], [-122.6293, 38.5278]]], [[[-122.4736, 38.5287], [-122.4736, 38.5279], [-122.4729, 38.5279], [-122.4729, 38.5287], [-122.4736, 38.5287]]], [[[-122.633, 38.5253], [-122.6333, 38.5242], [-122.6313, 38.5248], [-122.632, 38.5253], [-122.633, 38.5253]]], [[[-122.5895, 38.5333], [-122.5891, 38.5298], [-122.5894, 38.5292], [-122.5898, 38.5298], [-122.5918, 38.5292], [-122.5897, 38.5276], [-122.5903, 38.526], [-122.591, 38.5259], [-122.5899, 38.5249], [-122.5892, 38.5249], [-122.5893, 38.526], [-122.5882, 38.5257], [-122.5876, 38.5271], [-122.5869, 38.5271], [-122.5856, 38.528], [-122.5856, 38.529], [-122.5842, 38.5293], [-122.5853, 38.5296], [-122.5856, 38.5304], [-122.585, 38.5312], [-122.5854, 38.5323], [-122.5874, 38.5325], [-122.5888, 38.5317], [-122.5885, 38.5328], [-122.5895, 38.5333]], [[-122.5877, 38.5311], [-122.5874, 38.5314], [-122.5874, 38.5312], [-122.5877, 38.5311]], [[-122.5884, 38.5306], [-122.5877, 38.5309], [-122.5877, 38.5306], [-122.5884, 38.5306]], [[-122.5874, 38.5303], [-122.587, 38.5309], [-122.587, 38.5304], [-122.5874, 38.5303]], [[-122.587, 38.5304], [-122.5863, 38.5301], [-122.5867, 38.5301], [-122.5867, 38.5298], [-122.587, 38.5298], [-122.587, 38.5295], [-122.5873, 38.5295], [-122.587, 38.5304]], [[-122.5884, 38.5295], [-122.588, 38.5301], [-122.588, 38.5295], [-122.5884, 38.5295]], [[-122.5877, 38.5293], [-122.5873, 38.5295], [-122.5873, 38.5293], [-122.5877, 38.5293]], [[-122.5856, 38.5293], [-122.5853, 38.5296], [-122.5853, 38.5293], [-122.5856, 38.5293]], [[-122.5894, 38.5292], [-122.5887, 38.529], [-122.5887, 38.5284], [-122.5894, 38.5287], [-122.5894, 38.5292]], [[-122.5869, 38.5277], [-122.5866, 38.5279], [-122.5866, 38.5277], [-122.5869, 38.5277]], [[-122.5883, 38.5271], [-122.588, 38.5276], [-122.5879, 38.5271], [-122.5883, 38.5271]], [[-122.5873, 38.5274], [-122.5869, 38.5277], [-122.5869, 38.5274], [-122.5873, 38.5274]], [[-122.5893, 38.5271], [-122.589, 38.5273], [-122.589, 38.5271], [-122.5893, 38.5271]]], [[[-122.4519, 38.5283], [-122.4518, 38.5272], [-122.4515, 38.5272], [-122.4512, 38.5283], [-122.4519, 38.5283]]], [[[-122.4673, 38.5277], [-122.468, 38.5269], [-122.467, 38.5269], [-122.4673, 38.5277]]], [[[-122.6054, 38.524], [-122.6064, 38.5235], [-122.6061, 38.5229], [-122.6044, 38.5235], [-122.6054, 38.524]]], [[[-122.4515, 38.5267], [-122.4514, 38.5251], [-122.4511, 38.5251], [-122.4504, 38.5262], [-122.4497, 38.5259], [-122.4497, 38.5267], [-122.4515, 38.5267]]], [[[-122.6064, 38.5229], [-122.6071, 38.5224], [-122.6077, 38.5218], [-122.6067, 38.5221], [-122.6064, 38.5229]]], [[[-122.6067, 38.5221], [-122.6067, 38.5216], [-122.607, 38.5213], [-122.6063, 38.5213], [-122.6067, 38.5221]]], [[[-122.5889, 38.5255], [-122.5889, 38.5246], [-122.5903, 38.5249], [-122.5906, 38.5243], [-122.5885, 38.5238], [-122.5881, 38.523], [-122.5892, 38.5222], [-122.5898, 38.5225], [-122.5902, 38.5216], [-122.5874, 38.5214], [-122.5868, 38.5228], [-122.5882, 38.5236], [-122.5882, 38.5252], [-122.5889, 38.5255]], [[-122.5892, 38.5241], [-122.5889, 38.5244], [-122.5889, 38.5241], [-122.5892, 38.5241]]], [[[-122.452, 38.5237], [-122.4527, 38.5234], [-122.452, 38.5232], [-122.452, 38.5237]]], [[[-122.5681, 38.5208], [-122.5691, 38.5205], [-122.5681, 38.5205], [-122.5681, 38.5208]]], [[[-122.5085, 38.5204], [-122.5084, 38.5196], [-122.5081, 38.5196], [-122.5078, 38.5204], [-122.5085, 38.5204]]], [[[-122.609, 38.5183], [-122.6086, 38.5172], [-122.6073, 38.5175], [-122.6073, 38.5183], [-122.609, 38.5183]]], [[[-122.601, 38.5174], [-122.6017, 38.5171], [-122.601, 38.5168], [-122.601, 38.5174]]], [[[-122.6006, 38.5158], [-122.601, 38.516], [-122.6013, 38.5157], [-122.6006, 38.5158]]], [[[-122.6189, 38.5167], [-122.6199, 38.5159], [-122.6182, 38.5146], [-122.6172, 38.5159], [-122.6189, 38.5167]]], [[[-122.5541, 38.5162], [-122.5548, 38.5156], [-122.5541, 38.5157], [-122.5541, 38.5162]]], [[[-122.6017, 38.5155], [-122.6037, 38.5149], [-122.6037, 38.5143], [-122.6013, 38.5144], [-122.6017, 38.5155]]], [[[-122.5552, 38.5156], [-122.5555, 38.5151], [-122.5541, 38.5151], [-122.5541, 38.5154], [-122.5552, 38.5156]]], [[[-122.5824, 38.5159], [-122.5827, 38.5151], [-122.5851, 38.5153], [-122.5858, 38.5145], [-122.5851, 38.5139], [-122.5816, 38.5143], [-122.5813, 38.5148], [-122.5824, 38.5159]], [[-122.5851, 38.5145], [-122.5848, 38.5147], [-122.5847, 38.5145], [-122.5851, 38.5145]]], [[[-122.6009, 38.5141], [-122.6009, 38.5133], [-122.5999, 38.5136], [-122.6002, 38.5141], [-122.6009, 38.5141]]], [[[-122.6164, 38.5138], [-122.6164, 38.5133], [-122.615, 38.5133], [-122.614, 38.5122], [-122.614, 38.5138], [-122.6164, 38.5138]]], [[[-122.6154, 38.5127], [-122.6153, 38.5122], [-122.6146, 38.5122], [-122.6147, 38.5125], [-122.6154, 38.5127]]], [[[-122.6036, 38.513], [-122.604, 38.5122], [-122.6029, 38.5122], [-122.6029, 38.5127], [-122.6036, 38.513]]], [[[-122.5918, 38.5189], [-122.5921, 38.5178], [-122.5938, 38.5183], [-122.5959, 38.5177], [-122.5959, 38.5172], [-122.5973, 38.5177], [-122.5965, 38.5156], [-122.5975, 38.5147], [-122.5992, 38.5152], [-122.5992, 38.5142], [-122.5978, 38.5137], [-122.5971, 38.5142], [-122.5961, 38.5134], [-122.5954, 38.5151], [-122.5941, 38.5156], [-122.5923, 38.5148], [-122.5919, 38.5124], [-122.5909, 38.513], [-122.5892, 38.5125], [-122.5878, 38.5133], [-122.5864, 38.5123], [-122.585, 38.5126], [-122.5851, 38.5139], [-122.5858, 38.5139], [-122.5861, 38.5142], [-122.5861, 38.5147], [-122.5865, 38.5147], [-122.5865, 38.5152], [-122.5855, 38.5153], [-122.5862, 38.5155], [-122.5859, 38.5169], [-122.5872, 38.5168], [-122.588, 38.5182], [-122.589, 38.5182], [-122.5903, 38.5171], [-122.5897, 38.5171], [-122.5896, 38.5163], [-122.589, 38.5168], [-122.5886, 38.5163], [-122.5879, 38.5166], [-122.5875, 38.5155], [-122.5889, 38.5147], [-122.5899, 38.5154], [-122.5896, 38.516], [-122.5907, 38.516], [-122.591, 38.5149], [-122.5917, 38.5162], [-122.5907, 38.5165], [-122.5911, 38.5178], [-122.5904, 38.5181], [-122.5918, 38.5189]], [[-122.5955, 38.5175], [-122.5938, 38.5175], [-122.5938, 38.5164], [-122.5948, 38.5164], [-122.5955, 38.5175]], [[-122.5935, 38.5173], [-122.5924, 38.5173], [-122.5924, 38.5167], [-122.591, 38.5165], [-122.5934, 38.5162], [-122.5935, 38.5173]], [[-122.5893, 38.5171], [-122.589, 38.5174], [-122.589, 38.5171], [-122.5893, 38.5171]], [[-122.5924, 38.5154], [-122.592, 38.5162], [-122.5917, 38.5154], [-122.5924, 38.5154]], [[-122.5948, 38.5156], [-122.5944, 38.5159], [-122.5944, 38.5156], [-122.5948, 38.5156]], [[-122.5965, 38.515], [-122.5961, 38.5153], [-122.5961, 38.515], [-122.5965, 38.515]], [[-122.5985, 38.5144], [-122.5982, 38.5147], [-122.5982, 38.5145], [-122.5985, 38.5144]], [[-122.5895, 38.5138], [-122.5889, 38.5141], [-122.5889, 38.5138], [-122.5895, 38.5138]], [[-122.5864, 38.5139], [-122.5861, 38.5142], [-122.5861, 38.5139], [-122.5864, 38.5139]], [[-122.5916, 38.5135], [-122.5913, 38.5138], [-122.5913, 38.5135], [-122.5916, 38.5135]], [[-122.5913, 38.5133], [-122.5909, 38.5135], [-122.5909, 38.5133], [-122.5913, 38.5133]], [[-122.5871, 38.5133], [-122.5868, 38.5136], [-122.5868, 38.5133], [-122.5871, 38.5133]]], [[[-122.5607, 38.5163], [-122.562, 38.5152], [-122.5599, 38.5128], [-122.5588, 38.5129], [-122.5582, 38.5137], [-122.5575, 38.5134], [-122.5589, 38.515], [-122.5592, 38.5145], [-122.5599, 38.5147], [-122.5596, 38.5155], [-122.5607, 38.5163]], [[-122.561, 38.515], [-122.5607, 38.5153], [-122.5606, 38.515], [-122.561, 38.515]], [[-122.5606, 38.5142], [-122.5603, 38.5145], [-122.5603, 38.5142], [-122.5606, 38.5142]], [[-122.5592, 38.5137], [-122.5589, 38.5145], [-122.5589, 38.5137], [-122.5592, 38.5137]]], [[[-122.6022, 38.5117], [-122.6025, 38.5111], [-122.6012, 38.5109], [-122.6012, 38.5112], [-122.6022, 38.5117]]], [[[-122.6191, 38.5118], [-122.6194, 38.511], [-122.6184, 38.5102], [-122.617, 38.5105], [-122.6181, 38.5119], [-122.6191, 38.5118]]], [[[-122.5877, 38.5112], [-122.5884, 38.5109], [-122.5877, 38.5106], [-122.5877, 38.5112]]], [[[-122.6127, 38.5152], [-122.6123, 38.5142], [-122.6106, 38.5139], [-122.6108, 38.5101], [-122.6101, 38.5104], [-122.6084, 38.5096], [-122.6056, 38.5108], [-122.6057, 38.5129], [-122.6078, 38.5132], [-122.6071, 38.514], [-122.6043, 38.5127], [-122.6036, 38.513], [-122.6037, 38.5143], [-122.6061, 38.514], [-122.6065, 38.5148], [-122.6078, 38.5145], [-122.6082, 38.5153], [-122.6106, 38.5153], [-122.6116, 38.5144], [-122.6127, 38.5152]], [[-122.6109, 38.5142], [-122.6106, 38.5145], [-122.6106, 38.5142], [-122.6109, 38.5142]], [[-122.6099, 38.5137], [-122.6095, 38.5139], [-122.6095, 38.5137], [-122.6099, 38.5137]], [[-122.6095, 38.5134], [-122.6092, 38.5137], [-122.6092, 38.5134], [-122.6095, 38.5134]], [[-122.6102, 38.5131], [-122.6095, 38.5134], [-122.6095, 38.5131], [-122.6102, 38.5131]], [[-122.6095, 38.5129], [-122.6092, 38.5131], [-122.6092, 38.5129], [-122.6095, 38.5129]], [[-122.6088, 38.5121], [-122.6081, 38.5124], [-122.6081, 38.5121], [-122.6088, 38.5121]], [[-122.6091, 38.5118], [-122.6088, 38.5121], [-122.6088, 38.5118], [-122.6091, 38.5118]], [[-122.6077, 38.5118], [-122.6074, 38.5121], [-122.6074, 38.5118], [-122.6077, 38.5118]], [[-122.6088, 38.5115], [-122.6084, 38.5118], [-122.6084, 38.5115], [-122.6088, 38.5115]], [[-122.6074, 38.5113], [-122.6071, 38.5118], [-122.607, 38.5113], [-122.6074, 38.5113]], [[-122.6105, 38.511], [-122.6101, 38.5112], [-122.6101, 38.511], [-122.6105, 38.511]], [[-122.6081, 38.511], [-122.6077, 38.5113], [-122.6077, 38.511], [-122.6081, 38.511]]], [[[-122.5716, 38.5129], [-122.5722, 38.5112], [-122.5733, 38.5115], [-122.5732, 38.5107], [-122.5708, 38.5099], [-122.5695, 38.5116], [-122.5716, 38.5129]]], [[[-122.5991, 38.5098], [-122.599, 38.5093], [-122.598, 38.5096], [-122.598, 38.5099], [-122.5991, 38.5098]]], [[[-122.5544, 38.513], [-122.5564, 38.5116], [-122.5578, 38.5118], [-122.5577, 38.511], [-122.5595, 38.5104], [-122.5594, 38.5099], [-122.5567, 38.5107], [-122.556, 38.5116], [-122.5553, 38.5113], [-122.554, 38.5124], [-122.5544, 38.513]]], [[[-122.566, 38.5103], [-122.566, 38.5097], [-122.5649, 38.5095], [-122.565, 38.51], [-122.566, 38.5103]]], [[[-122.5278, 38.5111], [-122.5281, 38.51], [-122.5271, 38.51], [-122.527, 38.5095], [-122.5267, 38.5106], [-122.5253, 38.5106], [-122.5278, 38.5111]]], [[[-122.5227, 38.5144], [-122.5227, 38.5139], [-122.5241, 38.5141], [-122.5241, 38.5133], [-122.523, 38.5125], [-122.5233, 38.5106], [-122.5247, 38.5109], [-122.526, 38.5098], [-122.5239, 38.5087], [-122.5222, 38.5107], [-122.523, 38.5112], [-122.5198, 38.511], [-122.5199, 38.5121], [-122.5175, 38.5135], [-122.5189, 38.5145], [-122.5199, 38.5137], [-122.5223, 38.5136], [-122.5227, 38.5144]], [[-122.5237, 38.5133], [-122.5234, 38.5136], [-122.5234, 38.5133], [-122.5237, 38.5133]], [[-122.5213, 38.5118], [-122.5209, 38.512], [-122.5209, 38.5118], [-122.5213, 38.5118]], [[-122.5216, 38.5115], [-122.5213, 38.5118], [-122.5212, 38.5115], [-122.5216, 38.5115]], [[-122.5246, 38.5095], [-122.5243, 38.5098], [-122.5243, 38.5095], [-122.5246, 38.5095]], [[-122.5236, 38.5096], [-122.5233, 38.5098], [-122.5232, 38.5096], [-122.5236, 38.5096]]], [[[-122.6235, 38.509], [-122.6245, 38.5085], [-122.6245, 38.5082], [-122.6231, 38.5074], [-122.6238, 38.5069], [-122.621, 38.5064], [-122.6235, 38.509]], [[-122.6234, 38.5077], [-122.6231, 38.508], [-122.6231, 38.5077], [-122.6234, 38.5077]], [[-122.6227, 38.5072], [-122.6224, 38.5075], [-122.6224, 38.5072], [-122.6227, 38.5072]]], [[[-122.5267, 38.5092], [-122.5273, 38.5081], [-122.5267, 38.5087], [-122.5253, 38.5082], [-122.5253, 38.509], [-122.5267, 38.5092]], [[-122.5263, 38.5087], [-122.526, 38.509], [-122.526, 38.5087], [-122.5263, 38.5087]]], [[[-122.5218, 38.5091], [-122.5225, 38.5088], [-122.5232, 38.5082], [-122.5218, 38.5082], [-122.5218, 38.5091]]], [[[-122.5593, 38.5072], [-122.5593, 38.5066], [-122.5597, 38.5064], [-122.5586, 38.5067], [-122.5593, 38.5072]]], [[[-122.6045, 38.5081], [-122.6069, 38.5078], [-122.6065, 38.5067], [-122.6072, 38.5059], [-122.6044, 38.5051], [-122.6034, 38.5071], [-122.6041, 38.5076], [-122.6055, 38.5065], [-122.6055, 38.507], [-122.6058, 38.507], [-122.6059, 38.5073], [-122.6045, 38.5081]], [[-122.6062, 38.5075], [-122.6059, 38.5078], [-122.6059, 38.5075], [-122.6062, 38.5075]], [[-122.6062, 38.5065], [-122.6058, 38.507], [-122.6058, 38.5065], [-122.6062, 38.5065]], [[-122.6048, 38.5057], [-122.6044, 38.5062], [-122.6044, 38.5057], [-122.6048, 38.5057]]], [[[-122.5311, 38.5075], [-122.5307, 38.5067], [-122.5297, 38.5073], [-122.5297, 38.5075], [-122.5311, 38.5075]]], [[[-122.5228, 38.5079], [-122.5235, 38.5077], [-122.5232, 38.5069], [-122.5225, 38.5074], [-122.5228, 38.5079]]], [[[-122.566, 38.5095], [-122.5659, 38.5089], [-122.5673, 38.5089], [-122.567, 38.5081], [-122.5686, 38.5064], [-122.5682, 38.5056], [-122.5648, 38.5057], [-122.5628, 38.5066], [-122.5628, 38.5071], [-122.5638, 38.5071], [-122.5628, 38.5079], [-122.5656, 38.5076], [-122.5656, 38.5081], [-122.5639, 38.5084], [-122.566, 38.5095]]], [[[-122.5311, 38.5067], [-122.5314, 38.507], [-122.5321, 38.5061], [-122.5314, 38.5062], [-122.5311, 38.5067]]], [[[-122.5987, 38.5093], [-122.5986, 38.5072], [-122.5997, 38.5074], [-122.5996, 38.5069], [-122.5986, 38.5066], [-122.5982, 38.5053], [-122.5972, 38.5056], [-122.5951, 38.5045], [-122.5951, 38.5059], [-122.5924, 38.5059], [-122.5924, 38.5067], [-122.5952, 38.5067], [-122.5952, 38.5086], [-122.5962, 38.508], [-122.5977, 38.5093], [-122.5987, 38.5093]], [[-122.5976, 38.5064], [-122.5972, 38.5066], [-122.5972, 38.5064], [-122.5976, 38.5064]], [[-122.5962, 38.5067], [-122.5955, 38.5067], [-122.5955, 38.5061], [-122.5958, 38.5061], [-122.5962, 38.5067]]], [[[-122.5243, 38.5087], [-122.5249, 38.5079], [-122.5266, 38.5081], [-122.5266, 38.5076], [-122.5256, 38.5076], [-122.5256, 38.5071], [-122.5263, 38.5073], [-122.5255, 38.506], [-122.5256, 38.5068], [-122.5239, 38.5079], [-122.5243, 38.5087]]], [[[-122.6044, 38.5049], [-122.6051, 38.5043], [-122.6044, 38.5043], [-122.6044, 38.5049]]], [[[-122.5992, 38.5053], [-122.5996, 38.5047], [-122.5978, 38.5047], [-122.5979, 38.505], [-122.5992, 38.5053]]], [[[-122.5235, 38.5066], [-122.5238, 38.5058], [-122.5235, 38.5058], [-122.5235, 38.5066]]], [[[-122.5324, 38.5061], [-122.5334, 38.5056], [-122.5324, 38.5053], [-122.5324, 38.5061]]], [[[-122.6082, 38.504], [-122.6088, 38.504], [-122.6092, 38.5037], [-122.6082, 38.504]]], [[[-122.531, 38.5059], [-122.5303, 38.5046], [-122.53, 38.5046], [-122.53, 38.5059], [-122.531, 38.5059]]], [[[-122.6154, 38.5033], [-122.616, 38.5027], [-122.6157, 38.5027], [-122.6154, 38.5033]]], [[[-122.5248, 38.506], [-122.5238, 38.5044], [-122.5231, 38.505], [-122.522, 38.5047], [-122.5221, 38.5061], [-122.5228, 38.5055], [-122.5238, 38.5055], [-122.5248, 38.506]]], [[[-122.5293, 38.5043], [-122.5296, 38.5046], [-122.53, 38.5043], [-122.5293, 38.5043]]], [[[-122.5286, 38.5043], [-122.5299, 38.5032], [-122.5292, 38.503], [-122.5289, 38.5035], [-122.5282, 38.503], [-122.5286, 38.5043]]], [[[-122.5974, 38.5015], [-122.5977, 38.5018], [-122.5981, 38.5015], [-122.5974, 38.5015]]], [[[-122.5551, 38.5027], [-122.5547, 38.5022], [-122.554, 38.5024], [-122.554, 38.5027], [-122.5551, 38.5027]]], [[[-122.6129, 38.5017], [-122.6129, 38.5012], [-122.6122, 38.5007], [-122.6119, 38.5017], [-122.6129, 38.5017]]], [[[-122.6129, 38.5012], [-122.6135, 38.5006], [-122.6129, 38.5004], [-122.6129, 38.5012]]], [[[-122.5513, 38.5033], [-122.5523, 38.503], [-122.5523, 38.5022], [-122.5513, 38.5025], [-122.5488, 38.5015], [-122.5513, 38.5033]]], [[[-122.5537, 38.5027], [-122.554, 38.5019], [-122.5529, 38.5014], [-122.5526, 38.5025], [-122.5537, 38.5027]]], [[[-122.5984, 38.502], [-122.6012, 38.5022], [-122.6012, 38.5017], [-122.5998, 38.5004], [-122.5984, 38.5001], [-122.5984, 38.502]], [[-122.5991, 38.5015], [-122.5988, 38.5018], [-122.5988, 38.5015], [-122.5991, 38.5015]], [[-122.5998, 38.5009], [-122.5994, 38.5012], [-122.5994, 38.5009], [-122.5998, 38.5009]]], [[[-122.5448, 38.5059], [-122.5448, 38.5051], [-122.5437, 38.5045], [-122.5448, 38.5037], [-122.5444, 38.5032], [-122.5468, 38.5031], [-122.5478, 38.5012], [-122.5468, 38.5018], [-122.5468, 38.5026], [-122.544, 38.5024], [-122.5437, 38.5037], [-122.5427, 38.5038], [-122.5431, 38.5051], [-122.5448, 38.5059]]], [[[-122.575, 38.5009], [-122.5746, 38.5004], [-122.5739, 38.5004], [-122.5743, 38.5009], [-122.575, 38.5009]]], [[[-122.5481, 38.5015], [-122.5488, 38.5012], [-122.5481, 38.5009], [-122.5481, 38.5015]]], [[[-122.6242, 38.5009], [-122.6242, 38.5004], [-122.6259, 38.5001], [-122.6249, 38.499], [-122.6238, 38.4993], [-122.6242, 38.5009]]], [[[-122.5781, 38.5019], [-122.5781, 38.5006], [-122.577, 38.5001], [-122.5767, 38.5011], [-122.5781, 38.5019]]], [[[-122.6111, 38.5007], [-122.6122, 38.5001], [-122.6104, 38.4991], [-122.6111, 38.5007]]], [[[-122.5546, 38.5005], [-122.5543, 38.5], [-122.5536, 38.5003], [-122.5536, 38.5006], [-122.5546, 38.5005]]], [[[-122.5099, 38.5012], [-122.5105, 38.5006], [-122.5102, 38.5007], [-122.5099, 38.5012]]], [[[-122.6174, 38.5014], [-122.618, 38.5005], [-122.6166, 38.5003], [-122.6166, 38.4992], [-122.6156, 38.4992], [-122.6155, 38.4987], [-122.61, 38.4983], [-122.61, 38.4991], [-122.6107, 38.4988], [-122.6125, 38.5004], [-122.6132, 38.5001], [-122.6139, 38.5006], [-122.6139, 38.5014], [-122.6146, 38.5006], [-122.6174, 38.5014]], [[-122.617, 38.5005], [-122.6163, 38.5008], [-122.6163, 38.5006], [-122.617, 38.5005]], [[-122.6149, 38.4998], [-122.6146, 38.5003], [-122.6146, 38.4998], [-122.6149, 38.4998]], [[-122.6163, 38.4998], [-122.6159, 38.5], [-122.6159, 38.4998], [-122.6163, 38.4998]], [[-122.6142, 38.499], [-122.6135, 38.4995], [-122.6135, 38.499], [-122.6142, 38.499]]], [[[-122.5302, 38.5005], [-122.5302, 38.5], [-122.5295, 38.4997], [-122.5295, 38.5003], [-122.5302, 38.5005]]], [[[-122.5759, 38.499], [-122.5766, 38.4984], [-122.5756, 38.4985], [-122.5759, 38.499]]], [[[-122.5267, 38.5], [-122.5263, 38.4992], [-122.526, 38.4992], [-122.526, 38.5001], [-122.5267, 38.5]]], [[[-122.5787, 38.4995], [-122.5783, 38.4987], [-122.579, 38.4981], [-122.5779, 38.4973], [-122.577, 38.499], [-122.5787, 38.4995]]], [[[-122.5347, 38.502], [-122.5343, 38.5004], [-122.5353, 38.5004], [-122.5366, 38.4985], [-122.5356, 38.4988], [-122.5342, 38.4977], [-122.5336, 38.4988], [-122.5319, 38.4994], [-122.5322, 38.4983], [-122.5335, 38.4977], [-122.5318, 38.497], [-122.5318, 38.498], [-122.5301, 38.4978], [-122.5294, 38.4992], [-122.5319, 38.5013], [-122.5333, 38.501], [-122.533, 38.5015], [-122.5347, 38.502]], [[-122.5336, 38.5007], [-122.5322, 38.5005], [-122.5322, 38.5002], [-122.5343, 38.4996], [-122.5336, 38.5007]], [[-122.535, 38.4999], [-122.5346, 38.5001], [-122.5346, 38.4999], [-122.535, 38.4999]]], [[[-122.5304, 38.4973], [-122.5303, 38.4954], [-122.5273, 38.4968], [-122.5273, 38.4971], [-122.5304, 38.4973]]], [[[-122.5279, 38.4954], [-122.5286, 38.4949], [-122.5279, 38.4949], [-122.5279, 38.4954]]], [[[-122.5289, 38.4949], [-122.5293, 38.4951], [-122.5296, 38.4948], [-122.5289, 38.4949]]], [[[-122.5668, 38.4941], [-122.5664, 38.4933], [-122.5654, 38.4933], [-122.5658, 38.4938], [-122.5668, 38.4941]]], [[[-122.5485, 38.4939], [-122.5492, 38.4942], [-122.5492, 38.4936], [-122.5485, 38.4939]]], [[[-122.5509, 38.4933], [-122.5516, 38.4928], [-122.5506, 38.4925], [-122.5509, 38.4933]]], [[[-122.542, 38.4924], [-122.5416, 38.4916], [-122.5426, 38.4911], [-122.5425, 38.4894], [-122.5412, 38.4897], [-122.5402, 38.4908], [-122.5402, 38.4917], [-122.542, 38.4924]]], [[[-122.5425, 38.4889], [-122.5429, 38.4892], [-122.5432, 38.4889], [-122.5425, 38.4889]]], [[[-122.5861, 38.4853], [-122.5854, 38.484], [-122.5837, 38.4843], [-122.5851, 38.4845], [-122.5861, 38.4853]]], [[[-122.5899, 38.4839], [-122.5902, 38.483], [-122.5892, 38.4828], [-122.5888, 38.4839], [-122.5892, 38.4833], [-122.5899, 38.4839]]], [[[-122.4952, 38.4853], [-122.4952, 38.4845], [-122.4948, 38.4845], [-122.4945, 38.485], [-122.4952, 38.4853]]], [[[-122.5926, 38.4833], [-122.5933, 38.483], [-122.5933, 38.4824], [-122.5923, 38.4827], [-122.5926, 38.4833]]], [[[-122.5922, 38.4825], [-122.5922, 38.4819], [-122.5915, 38.4819], [-122.5915, 38.4822], [-122.5922, 38.4825]]], [[[-122.5007, 38.4844], [-122.5007, 38.4836], [-122.4993, 38.4839], [-122.4993, 38.4841], [-122.5007, 38.4844]]], [[[-122.5922, 38.4816], [-122.5929, 38.4816], [-122.5932, 38.4814], [-122.5922, 38.4816]]], [[[-122.5048, 38.4838], [-122.5058, 38.4832], [-122.5044, 38.483], [-122.5048, 38.4838]]], [[[-122.5819, 38.4824], [-122.5822, 38.4813], [-122.5815, 38.4811], [-122.5812, 38.4819], [-122.5819, 38.4824]]], [[[-122.505, 38.4892], [-122.5063, 38.488], [-122.5056, 38.4867], [-122.508, 38.4869], [-122.5083, 38.4864], [-122.5094, 38.4872], [-122.5104, 38.4869], [-122.5094, 38.4866], [-122.5104, 38.4861], [-122.5093, 38.4858], [-122.5087, 38.4864], [-122.5069, 38.4859], [-122.5066, 38.4851], [-122.5048, 38.4851], [-122.5048, 38.4838], [-122.5038, 38.4832], [-122.5041, 38.4822], [-122.503, 38.4816], [-122.5035, 38.4846], [-122.5021, 38.4846], [-122.5018, 38.4857], [-122.5039, 38.4873], [-122.5029, 38.4889], [-122.505, 38.4892]], [[-122.5056, 38.4872], [-122.5053, 38.4875], [-122.5053, 38.4873], [-122.5056, 38.4872]], [[-122.5042, 38.4865], [-122.5039, 38.4867], [-122.5039, 38.4865], [-122.5042, 38.4865]], [[-122.5035, 38.4862], [-122.5032, 38.4865], [-122.5032, 38.4862], [-122.5035, 38.4862]], [[-122.5031, 38.4857], [-122.5028, 38.4862], [-122.5028, 38.4857], [-122.5031, 38.4857]], [[-122.5049, 38.4859], [-122.5042, 38.4857], [-122.5042, 38.4851], [-122.5049, 38.4854], [-122.5049, 38.4859]]], [[[-122.4961, 38.482], [-122.4972, 38.4831], [-122.4971, 38.4815], [-122.4961, 38.482]]], [[[-122.5873, 38.4801], [-122.5873, 38.4796], [-122.5866, 38.4796], [-122.5866, 38.4799], [-122.5873, 38.4801]]], [[[-122.5006, 38.4817], [-122.5006, 38.4811], [-122.4999, 38.4809], [-122.4999, 38.4814], [-122.5006, 38.4817]]], [[[-122.5147, 38.4811], [-122.5154, 38.4806], [-122.515, 38.4806], [-122.5147, 38.4811]]], [[[-122.5918, 38.4792], [-122.5914, 38.4787], [-122.5904, 38.4787], [-122.5904, 38.479], [-122.5918, 38.4792]]], [[[-122.5863, 38.4793], [-122.5863, 38.4788], [-122.5856, 38.4785], [-122.5856, 38.4791], [-122.5863, 38.4793]]], [[[-122.5718, 38.4794], [-122.5718, 38.4788], [-122.5711, 38.4789], [-122.5711, 38.4791], [-122.5718, 38.4794]]], [[[-122.5074, 38.4805], [-122.5074, 38.4799], [-122.5067, 38.4799], [-122.5067, 38.4802], [-122.5074, 38.4805]]], [[[-122.5766, 38.4785], [-122.5773, 38.4785], [-122.5776, 38.4782], [-122.5766, 38.4785]]], [[[-122.6324, 38.4775], [-122.6323, 38.4765], [-122.6313, 38.4768], [-122.6317, 38.4776], [-122.6324, 38.4775]]], [[[-122.579, 38.4781], [-122.579, 38.4776], [-122.5783, 38.4776], [-122.5783, 38.4779], [-122.579, 38.4781]]], [[[-122.6296, 38.4768], [-122.6303, 38.4765], [-122.6296, 38.4762], [-122.6296, 38.4768]]], [[[-122.5763, 38.4782], [-122.5766, 38.4774], [-122.5755, 38.4774], [-122.5752, 38.478], [-122.5763, 38.4782]]], [[[-122.5745, 38.4782], [-122.5742, 38.4774], [-122.5735, 38.4772], [-122.5735, 38.4783], [-122.5745, 38.4782]]], [[[-122.589, 38.4777], [-122.59, 38.4771], [-122.5886, 38.4769], [-122.589, 38.4777]]], [[[-122.5081, 38.4786], [-122.5084, 38.4788], [-122.5088, 38.4785], [-122.5081, 38.4786]]], [[[-122.5091, 38.4791], [-122.5094, 38.4783], [-122.5091, 38.4783], [-122.5091, 38.4791]]], [[[-122.5869, 38.4766], [-122.5875, 38.4761], [-122.5872, 38.4761], [-122.5869, 38.4766]]], [[[-122.5985, 38.4756], [-122.5989, 38.4758], [-122.5992, 38.4756], [-122.5985, 38.4756]]], [[[-122.5859, 38.4777], [-122.5855, 38.4756], [-122.5844, 38.4756], [-122.5851, 38.4761], [-122.5848, 38.4778], [-122.5859, 38.4777]]], [[[-122.5862, 38.4758], [-122.5872, 38.4761], [-122.5872, 38.4755], [-122.5862, 38.4758]]], [[[-122.5614, 38.4764], [-122.562, 38.4758], [-122.561, 38.4758], [-122.5614, 38.4764]]], [[[-122.559, 38.4761], [-122.5597, 38.4764], [-122.5596, 38.4759], [-122.559, 38.4761]]], [[[-122.5187, 38.4773], [-122.5187, 38.4767], [-122.518, 38.4767], [-122.518, 38.477], [-122.5187, 38.4773]]], [[[-122.5077, 38.4775], [-122.5084, 38.4772], [-122.5077, 38.4769], [-122.5077, 38.4775]]], [[[-122.5958, 38.4756], [-122.5968, 38.4751], [-122.5954, 38.4751], [-122.5958, 38.4756]]], [[[-122.5982, 38.475], [-122.5992, 38.4747], [-122.5982, 38.4748], [-122.5982, 38.475]]], [[[-122.6271, 38.476], [-122.6257, 38.4742], [-122.625, 38.4747], [-122.6247, 38.4742], [-122.6219, 38.474], [-122.6213, 38.4748], [-122.623, 38.475], [-122.623, 38.4756], [-122.6244, 38.475], [-122.624, 38.4758], [-122.6247, 38.4761], [-122.6271, 38.476]], [[-122.6247, 38.4753], [-122.6244, 38.4756], [-122.6244, 38.4753], [-122.6247, 38.4753]]], [[[-122.5814, 38.4765], [-122.5813, 38.4759], [-122.5824, 38.4759], [-122.582, 38.4751], [-122.583, 38.4754], [-122.5827, 38.4748], [-122.5813, 38.4749], [-122.581, 38.4757], [-122.5814, 38.4765]]], [[[-122.602, 38.475], [-122.6033, 38.4744], [-122.6013, 38.4744], [-122.602, 38.475]]], [[[-122.5452, 38.4764], [-122.5451, 38.4751], [-122.5445, 38.4751], [-122.5435, 38.4765], [-122.5452, 38.4764]]], [[[-122.5586, 38.4753], [-122.5593, 38.4751], [-122.5586, 38.4748], [-122.5586, 38.4753]]], [[[-122.5696, 38.4751], [-122.5699, 38.4746], [-122.5689, 38.4746], [-122.5689, 38.4749], [-122.5696, 38.4751]]], [[[-122.5778, 38.4741], [-122.5789, 38.4744], [-122.5789, 38.4738], [-122.5778, 38.4741]]], [[[-122.5954, 38.4746], [-122.5954, 38.4735], [-122.593, 38.4733], [-122.593, 38.4738], [-122.5947, 38.4738], [-122.5954, 38.4746]]], [[[-122.5465, 38.4753], [-122.5465, 38.4742], [-122.5462, 38.4743], [-122.5458, 38.4751], [-122.5465, 38.4753]]], [[[-122.5706, 38.4745], [-122.5727, 38.4745], [-122.5727, 38.4737], [-122.5706, 38.4745]]], [[[-122.5772, 38.4763], [-122.5772, 38.4758], [-122.5793, 38.4757], [-122.5806, 38.4746], [-122.5765, 38.4747], [-122.5771, 38.4739], [-122.5761, 38.4736], [-122.5751, 38.4758], [-122.5765, 38.4755], [-122.5772, 38.4763]], [[-122.5772, 38.4752], [-122.5768, 38.4755], [-122.5768, 38.4752], [-122.5772, 38.4752]]], [[[-122.5771, 38.4739], [-122.5782, 38.4736], [-122.5771, 38.4736], [-122.5771, 38.4739]]], [[[-122.5606, 38.4739], [-122.561, 38.4742], [-122.5613, 38.4739], [-122.5606, 38.4739]]], [[[-122.5813, 38.4738], [-122.5819, 38.4735], [-122.5812, 38.4732], [-122.5813, 38.4738]]], [[[-122.5912, 38.4733], [-122.5912, 38.4728], [-122.5905, 38.4728], [-122.5905, 38.473], [-122.5912, 38.4733]]], [[[-122.5479, 38.4742], [-122.5475, 38.4737], [-122.5468, 38.474], [-122.5468, 38.4742], [-122.5479, 38.4742]]], [[[-122.5207, 38.4745], [-122.5214, 38.4742], [-122.5207, 38.474], [-122.5207, 38.4745]]], [[[-122.5659, 38.4782], [-122.5655, 38.4768], [-122.5662, 38.476], [-122.5648, 38.4744], [-122.5641, 38.4747], [-122.5651, 38.4733], [-122.5644, 38.4728], [-122.5633, 38.4734], [-122.5616, 38.4731], [-122.5613, 38.4739], [-122.562, 38.4745], [-122.5613, 38.4753], [-122.5638, 38.4755], [-122.5631, 38.4766], [-122.5652, 38.4766], [-122.5659, 38.4782]]], [[[-122.6067, 38.4724], [-122.6081, 38.4724], [-122.6077, 38.4719], [-122.6067, 38.4724]]], [[[-122.5558, 38.4732], [-122.5564, 38.4727], [-122.5561, 38.4727], [-122.5558, 38.4732]]], [[[-122.5157, 38.4806], [-122.5164, 38.4803], [-122.5163, 38.4789], [-122.5177, 38.4784], [-122.5173, 38.4765], [-122.518, 38.4759], [-122.5169, 38.4757], [-122.5162, 38.4743], [-122.5172, 38.4746], [-122.5172, 38.474], [-122.5162, 38.4741], [-122.5162, 38.4733], [-122.5145, 38.4746], [-122.5152, 38.4752], [-122.5142, 38.4752], [-122.5145, 38.4765], [-122.5156, 38.4762], [-122.5142, 38.4768], [-122.5149, 38.4776], [-122.5166, 38.4765], [-122.516, 38.4797], [-122.515, 38.4798], [-122.5157, 38.4806]], [[-122.5162, 38.476], [-122.5159, 38.4762], [-122.5159, 38.476], [-122.5162, 38.476]], [[-122.5162, 38.4752], [-122.5156, 38.4757], [-122.5155, 38.4749], [-122.5159, 38.4749], [-122.5162, 38.4752]], [[-122.5162, 38.4746], [-122.5159, 38.4749], [-122.5159, 38.4746], [-122.5162, 38.4746]]], [[[-122.521, 38.4737], [-122.5206, 38.4732], [-122.52, 38.4735], [-122.52, 38.4737], [-122.521, 38.4737]]], [[[-122.5829, 38.4721], [-122.5829, 38.4716], [-122.5822, 38.4713], [-122.5822, 38.4719], [-122.5829, 38.4721]]], [[[-122.6084, 38.4713], [-122.6094, 38.471], [-122.6084, 38.4708], [-122.6084, 38.4713]]], [[[-122.554, 38.4725], [-122.554, 38.4719], [-122.5526, 38.4722], [-122.5526, 38.4725], [-122.554, 38.4725]]], [[[-122.6071, 38.4738], [-122.6064, 38.4727], [-122.6067, 38.4716], [-122.6049, 38.4706], [-122.6032, 38.4706], [-122.6029, 38.4717], [-122.6043, 38.4719], [-122.6047, 38.4735], [-122.6071, 38.4738]], [[-122.6057, 38.473], [-122.6054, 38.4733], [-122.6053, 38.473], [-122.6057, 38.473]], [[-122.6057, 38.4724], [-122.6053, 38.4727], [-122.6053, 38.4725], [-122.6057, 38.4724]], [[-122.6046, 38.4717], [-122.6043, 38.4719], [-122.6043, 38.4717], [-122.6046, 38.4717]], [[-122.6056, 38.4714], [-122.605, 38.4717], [-122.6049, 38.4714], [-122.6056, 38.4714]], [[-122.6043, 38.4714], [-122.6039, 38.4717], [-122.6039, 38.4714], [-122.6043, 38.4714]]], [[[-122.5513, 38.4728], [-122.5516, 38.4717], [-122.5505, 38.4717], [-122.5499, 38.4728], [-122.5513, 38.4728]]], [[[-122.5192, 38.4727], [-122.5196, 38.4729], [-122.5206, 38.4726], [-122.5196, 38.4724], [-122.5192, 38.4727]]], [[[-122.6025, 38.4712], [-122.6029, 38.4706], [-122.6018, 38.4706], [-122.6018, 38.4709], [-122.6025, 38.4712]]], [[[-122.6053, 38.4706], [-122.6059, 38.47], [-122.6056, 38.47], [-122.6053, 38.4706]]], [[[-122.5206, 38.4721], [-122.5213, 38.4723], [-122.5213, 38.4718], [-122.5206, 38.4721]]], [[[-122.5725, 38.4705], [-122.5729, 38.4707], [-122.5732, 38.4704], [-122.5725, 38.4705]]], [[[-122.522, 38.4715], [-122.5223, 38.4718], [-122.5226, 38.4715], [-122.522, 38.4715]]], [[[-122.5209, 38.4715], [-122.5219, 38.4713], [-122.5209, 38.4713], [-122.5209, 38.4715]]], [[[-122.6104, 38.4713], [-122.6097, 38.4707], [-122.6101, 38.4699], [-122.609, 38.4699], [-122.6094, 38.4694], [-122.6083, 38.4691], [-122.608, 38.4702], [-122.6104, 38.4713]]], [[[-122.5746, 38.4704], [-122.5756, 38.4704], [-122.5756, 38.4699], [-122.5746, 38.4704]]], [[[-122.5579, 38.4751], [-122.5585, 38.4726], [-122.5578, 38.4721], [-122.5581, 38.4713], [-122.5571, 38.4711], [-122.5577, 38.4697], [-122.557, 38.4697], [-122.5557, 38.4714], [-122.5564, 38.4713], [-122.5568, 38.4729], [-122.5578, 38.4724], [-122.5568, 38.4738], [-122.5568, 38.4746], [-122.5579, 38.4751]], [[-122.5582, 38.4729], [-122.5578, 38.4732], [-122.5578, 38.4729], [-122.5582, 38.4729]], [[-122.5574, 38.4716], [-122.5571, 38.4719], [-122.5571, 38.4716], [-122.5574, 38.4716]], [[-122.5571, 38.4711], [-122.5567, 38.4713], [-122.5567, 38.4711], [-122.5571, 38.4711]]], [[[-122.5388, 38.4706], [-122.5395, 38.4701], [-122.5391, 38.4701], [-122.5388, 38.4706]]], [[[-122.5155, 38.473], [-122.5168, 38.4727], [-122.5165, 38.4719], [-122.514, 38.4717], [-122.5147, 38.4711], [-122.5143, 38.4703], [-122.513, 38.4704], [-122.513, 38.4722], [-122.5155, 38.473]], [[-122.5147, 38.4719], [-122.5141, 38.4722], [-122.514, 38.472], [-122.5147, 38.4719]]], [[[-122.5543, 38.4711], [-122.5542, 38.4692], [-122.5539, 38.4692], [-122.5533, 38.4703], [-122.554, 38.4708], [-122.5529, 38.4711], [-122.5543, 38.4711]]], [[[-122.5994, 38.4718], [-122.6008, 38.4709], [-122.6001, 38.4701], [-122.5984, 38.4704], [-122.599, 38.4699], [-122.5983, 38.4688], [-122.5993, 38.4688], [-122.5997, 38.468], [-122.5979, 38.4683], [-122.598, 38.4691], [-122.5969, 38.4683], [-122.5966, 38.4699], [-122.5974, 38.471], [-122.5994, 38.4718]], [[-122.598, 38.4696], [-122.5977, 38.4699], [-122.5977, 38.4696], [-122.598, 38.4696]]], [[[-122.5016, 38.4692], [-122.5026, 38.4698], [-122.5026, 38.4687], [-122.5016, 38.4692]]], [[[-122.5437, 38.473], [-122.5447, 38.4719], [-122.5443, 38.4711], [-122.5454, 38.4713], [-122.546, 38.4702], [-122.5433, 38.4705], [-122.5415, 38.4679], [-122.5408, 38.4682], [-122.5383, 38.4669], [-122.5366, 38.4669], [-122.5356, 38.468], [-122.5366, 38.468], [-122.5366, 38.4682], [-122.5373, 38.4682], [-122.5377, 38.4688], [-122.5384, 38.4687], [-122.5395, 38.4701], [-122.5419, 38.4698], [-122.5423, 38.4716], [-122.5416, 38.4725], [-122.5437, 38.473]], [[-122.5394, 38.4685], [-122.5384, 38.4687], [-122.5384, 38.4685], [-122.5394, 38.4685]], [[-122.5377, 38.468], [-122.5373, 38.4682], [-122.5373, 38.468], [-122.5377, 38.468]]], [[[-122.5125, 38.4666], [-122.5125, 38.4658], [-122.5114, 38.4655], [-122.5118, 38.4666], [-122.5125, 38.4666]]], [[[-122.5949, 38.4592], [-122.5948, 38.4584], [-122.5941, 38.4578], [-122.5938, 38.4589], [-122.5949, 38.4592]]], [[[-122.6003, 38.4572], [-122.601, 38.4566], [-122.5993, 38.4564], [-122.5993, 38.4569], [-122.6003, 38.4572]]], [[[-122.6031, 38.4582], [-122.6034, 38.4576], [-122.601, 38.4561], [-122.6013, 38.4563], [-122.601, 38.4574], [-122.6031, 38.4582]]], [[[-122.6102, 38.4556], [-122.6109, 38.4551], [-122.6099, 38.4548], [-122.6102, 38.4556]]]]}, "properties": {"layer": "interior"}}, {"type": "Feature", "geometry": {"type": "MultiPolygon", "coordinates": [[[[-122.5318, 38.5391], [-122.5325, 38.5385], [-122.5315, 38.5385], [-122.5318, 38.5391]]], [[[-122.5078, 38.5204], [-122.5084, 38.5199], [-122.5077, 38.5199], [-122.5078, 38.5204]]], [[[-122.5661, 38.4938], [-122.5661, 38.4933], [-122.5654, 38.4933], [-122.5654, 38.4936], [-122.5661, 38.4938]]], [[[-122.505, 38.4892], [-122.5063, 38.488], [-122.5056, 38.4867], [-122.508, 38.4869], [-122.5083, 38.4864], [-122.5094, 38.4872], [-122.5104, 38.4869], [-122.5094, 38.4866], [-122.5104, 38.4861], [-122.5066, 38.4864], [-122.5021, 38.4857], [-122.5039, 38.4873], [-122.5029, 38.4889], [-122.505, 38.4892]], [[-122.5056, 38.4872], [-122.5053, 38.4875], [-122.5053, 38.4873], [-122.5056, 38.4872]], [[-122.5042, 38.4865], [-122.5039, 38.4867], [-122.5039, 38.4865], [-122.5042, 38.4865]], [[-122.5035, 38.4862], [-122.5032, 38.4865], [-122.5032, 38.4862], [-122.5035, 38.4862]]], [[[-122.5873, 38.4801], [-122.5873, 38.4796], [-122.5866, 38.4796], [-122.5866, 38.4799], [-122.5873, 38.4801]]], [[[-122.5918, 38.4792], [-122.5914, 38.4787], [-122.5904, 38.4787], [-122.5904, 38.479], [-122.5918, 38.4792]]], [[[-122.5863, 38.4793], [-122.5863, 38.4788], [-122.5856, 38.4785], [-122.5856, 38.4791], [-122.5863, 38.4793]]], [[[-122.5985, 38.4756], [-122.5989, 38.4758], [-122.5992, 38.4756], [-122.5985, 38.4756]]], [[[-122.624, 38.475], [-122.6243, 38.4742], [-122.6226, 38.474], [-122.6213, 38.4748], [-122.624, 38.475]]], [[[-122.5814, 38.4765], [-122.5813, 38.4759], [-122.5824, 38.4759], [-122.582, 38.4751], [-122.583, 38.4754], [-122.5827, 38.4748], [-122.5813, 38.4751], [-122.581, 38.4757], [-122.5814, 38.4765]]], [[[-122.602, 38.475], [-122.6033, 38.4744], [-122.6013, 38.4744], [-122.602, 38.475]]], [[[-122.6067, 38.4724], [-122.6081, 38.4724], [-122.6077, 38.4719], [-122.6067, 38.4724]]], [[[-122.6071, 38.4738], [-122.6064, 38.4727], [-122.6067, 38.4716], [-122.6049, 38.4706], [-122.6032, 38.4706], [-122.6029, 38.4717], [-122.6043, 38.4719], [-122.6047, 38.4735], [-122.6071, 38.4738]], [[-122.6057, 38.473], [-122.6054, 38.4733], [-122.6053, 38.473], [-122.6057, 38.473]], [[-122.6057, 38.4724], [-122.6053, 38.4727], [-122.6053, 38.4725], [-122.6057, 38.4724]], [[-122.6046, 38.4717], [-122.6043, 38.4719], [-122.6043, 38.4717], [-122.6046, 38.4717]], [[-122.6056, 38.4714], [-122.605, 38.4717], [-122.6049, 38.4714], [-122.6056, 38.4714]], [[-122.6043, 38.4714], [-122.6039, 38.4717], [-122.6039, 38.4714], [-122.6043, 38.4714]]], [[[-122.6025, 38.4712], [-122.6029, 38.4706], [-122.6018, 38.4706], [-122.6018, 38.4709], [-122.6025, 38.4712]]], [[[-122.5998, 38.4715], [-122.6008, 38.4707], [-122.5984, 38.4704], [-122.5984, 38.4707], [-122.5998, 38.4715]]], [[[-122.6104, 38.4713], [-122.6097, 38.4707], [-122.6101, 38.4699], [-122.609, 38.4699], [-122.6094, 38.4694], [-122.6083, 38.4691], [-122.608, 38.4702], [-122.6104, 38.4713]]], [[[-122.5949, 38.4592], [-122.5948, 38.4584], [-122.5941, 38.4578], [-122.5938, 38.4589], [-122.5949, 38.4592]]], [[[-122.6, 38.4572], [-122.6003, 38.4566], [-122.5993, 38.4564], [-122.5993, 38.4569], [-122.6, 38.4572]]], [[[-122.6031, 38.4582], [-122.6034, 38.4576], [-122.601, 38.4561], [-122.6021, 38.4579], [-122.6031, 38.4582]]], [[[-122.6102, 38.4556], [-122.6109, 38.4551], [-122.6099, 38.4548], [-122.6102, 38.4556]]]]}, "properties": {"layer": "cell", "cell_id": "360_500", "seed_zone": "360", "elevation_band": "500–1000 ft"}}, {"type": "Feature", "geometry": {"type": "MultiPolygon", "coordinates": [[[[-122.5629, 38.5508], [-122.5636, 38.5506], [-122.5632, 38.5498], [-122.5626, 38.5503], [-122.5629, 38.5508]]], [[[-122.5491, 38.5509], [-122.5491, 38.5501], [-122.5494, 38.5498], [-122.5484, 38.5501], [-122.5484, 38.5509], [-122.5491, 38.5509]]], [[[-122.5529, 38.5497], [-122.5536, 38.5494], [-122.5529, 38.5492], [-122.5529, 38.5497]]], [[[-122.5563, 38.5499], [-122.5566, 38.5491], [-122.5556, 38.5491], [-122.5563, 38.5483], [-122.5552, 38.548], [-122.5546, 38.5489], [-122.5553, 38.5497], [-122.5546, 38.5499], [-122.5563, 38.5499]]], [[[-122.5529, 38.5492], [-122.5514, 38.5473], [-122.5535, 38.547], [-122.5552, 38.548], [-122.5548, 38.5464], [-122.5531, 38.5457], [-122.5514, 38.547], [-122.5494, 38.5476], [-122.5494, 38.5492], [-122.5501, 38.5487], [-122.5529, 38.5492]], [[-122.5514, 38.5478], [-122.5508, 38.5484], [-122.55, 38.5476], [-122.5514, 38.5478]]], [[[-122.5676, 38.5381], [-122.5686, 38.5372], [-122.5679, 38.5359], [-122.5648, 38.5365], [-122.5656, 38.5376], [-122.5676, 38.5381]]], [[[-122.6339, 38.531], [-122.6342, 38.5301], [-122.6335, 38.5299], [-122.6342, 38.5293], [-122.6335, 38.5291], [-122.6328, 38.5291], [-122.6329, 38.5302], [-122.6311, 38.5302], [-122.6315, 38.5307], [-122.6339, 38.531]]], [[[-122.6293, 38.5278], [-122.6296, 38.5259], [-122.6282, 38.5251], [-122.6279, 38.527], [-122.6293, 38.5278]]], [[[-122.633, 38.5253], [-122.6333, 38.5242], [-122.6313, 38.5248], [-122.632, 38.5253], [-122.633, 38.5253]]], [[[-122.5888, 38.5306], [-122.589, 38.5271], [-122.59, 38.527], [-122.5906, 38.5254], [-122.5899, 38.5249], [-122.5892, 38.5249], [-122.5893, 38.526], [-122.5882, 38.5257], [-122.5876, 38.5271], [-122.5869, 38.5271], [-122.5866, 38.5285], [-122.5842, 38.5293], [-122.5853, 38.5296], [-122.5853, 38.5301], [-122.5877, 38.5293], [-122.5877, 38.5298], [-122.5884, 38.5295], [-122.5881, 38.5306], [-122.5888, 38.5306]], [[-122.5856, 38.5293], [-122.5853, 38.5296], [-122.5853, 38.5293], [-122.5856, 38.5293]], [[-122.5883, 38.5271], [-122.588, 38.5276], [-122.5879, 38.5271], [-122.5883, 38.5271]]], [[[-122.5889, 38.5255], [-122.5889, 38.5246], [-122.5903, 38.5249], [-122.5906, 38.5243], [-122.5885, 38.5244], [-122.5882, 38.5252], [-122.5889, 38.5255]]], [[[-122.6054, 38.524], [-122.6064, 38.5235], [-122.6061, 38.5229], [-122.6044, 38.5235], [-122.6054, 38.524]]], [[[-122.6064, 38.5229], [-122.6071, 38.5224], [-122.6077, 38.5218], [-122.6067, 38.5221], [-122.6064, 38.5229]]], [[[-122.6067, 38.5221], [-122.6067, 38.5216], [-122.607, 38.5213], [-122.6063, 38.5213], [-122.6067, 38.5221]]], [[[-122.5885, 38.5236], [-122.5885, 38.5225], [-122.5898, 38.5225], [-122.5902, 38.5216], [-122.5871, 38.5217], [-122.5868, 38.5228], [-122.5885, 38.5236]]], [[[-122.5911, 38.5189], [-122.5921, 38.5181], [-122.5907, 38.5184], [-122.5911, 38.5189]]], [[[-122.5945, 38.5183], [-122.5942, 38.5178], [-122.5928, 38.5178], [-122.5928, 38.5181], [-122.5945, 38.5183]]], [[[-122.609, 38.5183], [-122.6086, 38.5172], [-122.6073, 38.5175], [-122.6073, 38.5183], [-122.609, 38.5183]]], [[[-122.5966, 38.5177], [-122.5972, 38.5172], [-122.5969, 38.5172], [-122.5966, 38.5177]]], [[[-122.601, 38.5174], [-122.6017, 38.5171], [-122.601, 38.5168], [-122.601, 38.5174]]], [[[-122.5859, 38.5169], [-122.5865, 38.5163], [-122.5858, 38.5163], [-122.5859, 38.5169]]], [[[-122.6006, 38.5158], [-122.601, 38.516], [-122.6013, 38.5157], [-122.6006, 38.5158]]], [[[-122.6189, 38.5167], [-122.6199, 38.5159], [-122.6182, 38.5146], [-122.6172, 38.5159], [-122.6189, 38.5167]]], [[[-122.6017, 38.5155], [-122.6037, 38.5149], [-122.6037, 38.5143], [-122.6013, 38.5144], [-122.6017, 38.5155]]], [[[-122.5979, 38.515], [-122.5985, 38.5147], [-122.5978, 38.5145], [-122.5979, 38.515]]], [[[-122.6009, 38.5141], [-122.6009, 38.5133], [-122.5999, 38.5136], [-122.6002, 38.5141], [-122.6009, 38.5141]]], [[[-122.6164, 38.5138], [-122.6164, 38.5133], [-122.615, 38.5133], [-122.614, 38.5122], [-122.614, 38.5138], [-122.6164, 38.5138]]], [[[-122.6154, 38.5127], [-122.6153, 38.5122], [-122.6146, 38.5122], [-122.6147, 38.5125], [-122.6154, 38.5127]]], [[[-122.6036, 38.513], [-122.6036, 38.5124], [-122.6029, 38.5125], [-122.6029, 38.5127], [-122.6036, 38.513]]], [[[-122.6191, 38.5118], [-122.6194, 38.511], [-122.6184, 38.5102], [-122.617, 38.5105], [-122.6181, 38.5119], [-122.6191, 38.5118]]], [[[-122.6127, 38.5152], [-122.6123, 38.5142], [-122.6106, 38.5139], [-122.6108, 38.5101], [-122.6091, 38.5099], [-122.6056, 38.5108], [-122.6071, 38.5124], [-122.6061, 38.5132], [-122.6078, 38.5132], [-122.6071, 38.514], [-122.6043, 38.5127], [-122.6036, 38.513], [-122.6037, 38.5143], [-122.6061, 38.514], [-122.6065, 38.5148], [-122.6078, 38.5145], [-122.6082, 38.5153], [-122.6106, 38.5153], [-122.6116, 38.5144], [-122.6127, 38.5152]], [[-122.6109, 38.5142], [-122.6106, 38.5145], [-122.6106, 38.5142], [-122.6109, 38.5142]], [[-122.6099, 38.5137], [-122.6095, 38.5139], [-122.6095, 38.5137], [-122.6099, 38.5137]], [[-122.6095, 38.5134], [-122.6092, 38.5137], [-122.6092, 38.5134], [-122.6095, 38.5134]], [[-122.6102, 38.5131], [-122.6095, 38.5134], [-122.6095, 38.5131], [-122.6102, 38.5131]], [[-122.6095, 38.5129], [-122.6092, 38.5131], [-122.6092, 38.5129], [-122.6095, 38.5129]], [[-122.6088, 38.5121], [-122.6081, 38.5124], [-122.6081, 38.5121], [-122.6088, 38.5121]], [[-122.6091, 38.5118], [-122.6088, 38.5121], [-122.6088, 38.5118], [-122.6091, 38.5118]], [[-122.6077, 38.5118], [-122.6074, 38.5121], [-122.6074, 38.5118], [-122.6077, 38.5118]], [[-122.6088, 38.5115], [-122.6084, 38.5118], [-122.6084, 38.5115], [-122.6088, 38.5115]], [[-122.6074, 38.5113], [-122.6071, 38.5118], [-122.607, 38.5113], [-122.6074, 38.5113]], [[-122.6105, 38.511], [-122.6101, 38.5112], [-122.6101, 38.511], [-122.6105, 38.511]], [[-122.6081, 38.511], [-122.6077, 38.5113], [-122.6077, 38.511], [-122.6081, 38.511]]], [[[-122.566, 38.51], [-122.5656, 38.5095], [-122.5649, 38.5095], [-122.565, 38.51], [-122.566, 38.51]]], [[[-122.5278, 38.5111], [-122.5281, 38.51], [-122.5253, 38.5106], [-122.5261, 38.5111], [-122.5278, 38.5111]]], [[[-122.5227, 38.5144], [-122.5227, 38.5139], [-122.5241, 38.5141], [-122.5241, 38.5133], [-122.523, 38.5125], [-122.5233, 38.5106], [-122.5247, 38.5109], [-122.526, 38.5098], [-122.5239, 38.5087], [-122.5222, 38.5107], [-122.523, 38.5112], [-122.5198, 38.511], [-122.5199, 38.5121], [-122.5175, 38.5135], [-122.5189, 38.5145], [-122.5199, 38.5137], [-122.5223, 38.5136], [-122.5227, 38.5144]], [[-122.5237, 38.5133], [-122.5234, 38.5136], [-122.5234, 38.5133], [-122.5237, 38.5133]], [[-122.5213, 38.5118], [-122.5209, 38.512], [-122.5209, 38.5118], [-122.5213, 38.5118]], [[-122.5216, 38.5115], [-122.5213, 38.5118], [-122.5212, 38.5115], [-122.5216, 38.5115]], [[-122.5246, 38.5095], [-122.5243, 38.5098], [-122.5243, 38.5095], [-122.5246, 38.5095]], [[-122.5236, 38.5096], [-122.5233, 38.5098], [-122.5232, 38.5096], [-122.5236, 38.5096]]], [[[-122.6235, 38.509], [-122.6245, 38.5085], [-122.6245, 38.5082], [-122.6231, 38.5074], [-122.6238, 38.5069], [-122.621, 38.5064], [-122.6235, 38.509]], [[-122.6234, 38.5077], [-122.6231, 38.508], [-122.6231, 38.5077], [-122.6234, 38.5077]], [[-122.6227, 38.5072], [-122.6224, 38.5075], [-122.6224, 38.5072], [-122.6227, 38.5072]]], [[[-122.5263, 38.5087], [-122.5273, 38.5087], [-122.5273, 38.5081], [-122.5263, 38.5087]]], [[[-122.5253, 38.509], [-122.526, 38.509], [-122.5263, 38.5084], [-122.5253, 38.5082], [-122.5253, 38.509]]], [[[-122.5218, 38.5091], [-122.5225, 38.5088], [-122.5232, 38.5082], [-122.5218, 38.5082], [-122.5218, 38.5091]]], [[[-122.6069, 38.5078], [-122.6065, 38.5067], [-122.6072, 38.5059], [-122.6044, 38.5051], [-122.6034, 38.5071], [-122.6041, 38.5073], [-122.6041, 38.5068], [-122.6055, 38.5065], [-122.6058, 38.507], [-122.6055, 38.5075], [-122.6069, 38.5078]], [[-122.6062, 38.5065], [-122.6058, 38.507], [-122.6058, 38.5065], [-122.6062, 38.5065]], [[-122.6048, 38.5057], [-122.6044, 38.5062], [-122.6044, 38.5057], [-122.6048, 38.5057]]], [[[-122.5228, 38.5079], [-122.5235, 38.5077], [-122.5232, 38.5069], [-122.5225, 38.5074], [-122.5228, 38.5079]]], [[[-122.5979, 38.5077], [-122.599, 38.5069], [-122.5986, 38.5055], [-122.5934, 38.5056], [-122.5938, 38.5067], [-122.5948, 38.5064], [-122.5979, 38.5077]], [[-122.5976, 38.5064], [-122.5972, 38.5066], [-122.5972, 38.5064], [-122.5976, 38.5064]], [[-122.5962, 38.5067], [-122.5955, 38.5067], [-122.5955, 38.5061], [-122.5958, 38.5061], [-122.5962, 38.5067]]], [[[-122.5635, 38.5071], [-122.5641, 38.5065], [-122.5638, 38.506], [-122.5628, 38.5066], [-122.5635, 38.5071]]], [[[-122.5986, 38.5053], [-122.5996, 38.5047], [-122.5985, 38.5047], [-122.5986, 38.5053]]], [[[-122.5243, 38.5087], [-122.5249, 38.5079], [-122.5266, 38.5081], [-122.5266, 38.5076], [-122.5256, 38.5076], [-122.5256, 38.5071], [-122.5263, 38.5073], [-122.5255, 38.506], [-122.5256, 38.5068], [-122.5239, 38.5079], [-122.5243, 38.5087]]], [[[-122.6044, 38.5049], [-122.6051, 38.5043], [-122.6044, 38.5043], [-122.6044, 38.5049]]], [[[-122.5235, 38.5066], [-122.5238, 38.5058], [-122.5235, 38.5058], [-122.5235, 38.5066]]], [[[-122.6082, 38.504], [-122.6088, 38.504], [-122.6092, 38.5037], [-122.6082, 38.504]]], [[[-122.5245, 38.506], [-122.5238, 38.5047], [-122.522, 38.5047], [-122.5221, 38.5061], [-122.5228, 38.5055], [-122.5238, 38.5055], [-122.5245, 38.506]]], [[[-122.6154, 38.5033], [-122.616, 38.5027], [-122.6157, 38.5027], [-122.6154, 38.5033]]], [[[-122.5998, 38.5025], [-122.6012, 38.5022], [-122.6012, 38.5017], [-122.5991, 38.5015], [-122.5998, 38.5025]]], [[[-122.6129, 38.5017], [-122.6129, 38.5012], [-122.6122, 38.5007], [-122.6119, 38.5017], [-122.6129, 38.5017]]], [[[-122.6129, 38.5006], [-122.6132, 38.5009], [-122.6135, 38.5006], [-122.6129, 38.5006]]], [[[-122.6242, 38.5009], [-122.6242, 38.5004], [-122.6259, 38.5001], [-122.6249, 38.499], [-122.6238, 38.4993], [-122.6242, 38.5009]]], [[[-122.6174, 38.5014], [-122.618, 38.5005], [-122.6166, 38.5003], [-122.6166, 38.4992], [-122.6156, 38.499], [-122.6142, 38.4998], [-122.6136, 38.5009], [-122.6143, 38.5014], [-122.6153, 38.5006], [-122.6153, 38.5011], [-122.6174, 38.5014]], [[-122.617, 38.5005], [-122.6163, 38.5008], [-122.6163, 38.5006], [-122.617, 38.5005]], [[-122.6149, 38.4998], [-122.6146, 38.5003], [-122.6146, 38.4998], [-122.6149, 38.4998]], [[-122.6163, 38.4998], [-122.6159, 38.5], [-122.6159, 38.4998], [-122.6163, 38.4998]]], [[[-122.5099, 38.5012], [-122.5105, 38.5006], [-122.5102, 38.5007], [-122.5099, 38.5012]]], [[[-122.5302, 38.5005], [-122.5302, 38.5], [-122.5295, 38.4997], [-122.5295, 38.5003], [-122.5302, 38.5005]]], [[[-122.5267, 38.5], [-122.5263, 38.4992], [-122.526, 38.4992], [-122.526, 38.5001], [-122.5267, 38.5]]], [[[-122.5312, 38.5002], [-122.5322, 38.4994], [-122.5298, 38.4984], [-122.5294, 38.4992], [-122.5312, 38.5002]]], [[[-122.5668, 38.4941], [-122.5668, 38.4935], [-122.5661, 38.4933], [-122.5661, 38.4938], [-122.5668, 38.4941]]], [[[-122.5861, 38.4853], [-122.5854, 38.484], [-122.5837, 38.4843], [-122.5851, 38.4845], [-122.5861, 38.4853]]], [[[-122.5899, 38.4839], [-122.5902, 38.483], [-122.5892, 38.4828], [-122.5888, 38.4839], [-122.5892, 38.4833], [-122.5899, 38.4839]]], [[[-122.4952, 38.4853], [-122.4952, 38.4845], [-122.4948, 38.4845], [-122.4945, 38.485], [-122.4952, 38.4853]]], [[[-122.5926, 38.4833], [-122.5933, 38.483], [-122.5933, 38.4824], [-122.5923, 38.4827], [-122.5926, 38.4833]]], [[[-122.5922, 38.4825], [-122.5922, 38.4819], [-122.5915, 38.4819], [-122.5915, 38.4822], [-122.5922, 38.4825]]], [[[-122.5007, 38.4844], [-122.5007, 38.4836], [-122.4993, 38.4839], [-122.4993, 38.4841], [-122.5007, 38.4844]]], [[[-122.5922, 38.4819], [-122.5929, 38.4814], [-122.5925, 38.4814], [-122.5922, 38.4819]]], [[[-122.5048, 38.4838], [-122.5058, 38.4832], [-122.5044, 38.483], [-122.5048, 38.4838]]], [[[-122.5819, 38.4824], [-122.5822, 38.4813], [-122.5815, 38.4811], [-122.5812, 38.4819], [-122.5819, 38.4824]]], [[[-122.5073, 38.4864], [-122.508, 38.4859], [-122.5069, 38.4859], [-122.5066, 38.4851], [-122.5048, 38.4851], [-122.5048, 38.4838], [-122.503, 38.4816], [-122.5035, 38.4846], [-122.5021, 38.4846], [-122.5021, 38.4857], [-122.5073, 38.4864]], [[-122.5049, 38.4859], [-122.5042, 38.4857], [-122.5042, 38.4851], [-122.5049, 38.4854], [-122.5049, 38.4859]]], [[[-122.4961, 38.482], [-122.4972, 38.4831], [-122.4971, 38.4815], [-122.4961, 38.482]]], [[[-122.5006, 38.4817], [-122.5006, 38.4811], [-122.4999, 38.4809], [-122.4999, 38.4814], [-122.5006, 38.4817]]], [[[-122.5147, 38.4811], [-122.5154, 38.4806], [-122.515, 38.4806], [-122.5147, 38.4811]]], [[[-122.5766, 38.4785], [-122.5773, 38.4785], [-122.5776, 38.4782], [-122.5766, 38.4785]]], [[[-122.6324, 38.4775], [-122.6323, 38.4765], [-122.6313, 38.4768], [-122.6317, 38.4776], [-122.6324, 38.4775]]], [[[-122.579, 38.4781], [-122.579, 38.4776], [-122.5783, 38.4776], [-122.5783, 38.4779], [-122.579, 38.4781]]], [[[-122.5157, 38.4806], [-122.5164, 38.4803], [-122.5163, 38.4787], [-122.516, 38.4797], [-122.515, 38.4798], [-122.5157, 38.4806]]], [[[-122.6296, 38.4768], [-122.6303, 38.4765], [-122.6296, 38.4762], [-122.6296, 38.4768]]], [[[-122.5763, 38.4782], [-122.5766, 38.4774], [-122.5755, 38.4774], [-122.5752, 38.478], [-122.5763, 38.4782]]], [[[-122.5745, 38.4782], [-122.5742, 38.4774], [-122.5735, 38.4772], [-122.5735, 38.4783], [-122.5745, 38.4782]]], [[[-122.5859, 38.4777], [-122.5858, 38.4764], [-122.5851, 38.4764], [-122.5848, 38.4778], [-122.5859, 38.4777]]], [[[-122.5869, 38.4766], [-122.5875, 38.4761], [-122.5872, 38.4761], [-122.5869, 38.4766]]], [[[-122.623, 38.4756], [-122.6237, 38.475], [-122.623, 38.475], [-122.623, 38.4756]]], [[[-122.5631, 38.4766], [-122.5645, 38.4763], [-122.5631, 38.4763], [-122.5631, 38.4766]]], [[[-122.5862, 38.4758], [-122.5872, 38.4761], [-122.5872, 38.4755], [-122.5862, 38.4758]]], [[[-122.5848, 38.4761], [-122.5855, 38.4756], [-122.5844, 38.4756], [-122.5848, 38.4761]]], [[[-122.5621, 38.4763], [-122.5617, 38.4758], [-122.561, 38.4758], [-122.5614, 38.4764], [-122.5621, 38.4763]]], [[[-122.559, 38.4761], [-122.5597, 38.4764], [-122.5596, 38.4759], [-122.559, 38.4761]]], [[[-122.5965, 38.4756], [-122.5968, 38.4751], [-122.5954, 38.4751], [-122.5954, 38.4754], [-122.5965, 38.4756]]], [[[-122.6271, 38.476], [-122.6257, 38.4742], [-122.6254, 38.4747], [-122.624, 38.4745], [-122.624, 38.4758], [-122.6271, 38.476]], [[-122.6247, 38.4753], [-122.6244, 38.4756], [-122.6244, 38.4753], [-122.6247, 38.4753]]], [[[-122.5982, 38.475], [-122.5992, 38.4747], [-122.5982, 38.4748], [-122.5982, 38.475]]], [[[-122.5659, 38.4782], [-122.5655, 38.4768], [-122.5662, 38.476], [-122.5651, 38.4749], [-122.5648, 38.476], [-122.5659, 38.4782]]], [[[-122.5696, 38.4751], [-122.5699, 38.4746], [-122.5689, 38.4746], [-122.5689, 38.4749], [-122.5696, 38.4751]]], [[[-122.5778, 38.4741], [-122.5789, 38.4744], [-122.5789, 38.4738], [-122.5778, 38.4741]]], [[[-122.5772, 38.4763], [-122.5772, 38.4758], [-122.5793, 38.4757], [-122.5806, 38.4746], [-122.5779, 38.4749], [-122.5765, 38.4747], [-122.5771, 38.4739], [-122.5761, 38.4739], [-122.5758, 38.4755], [-122.5772, 38.4763]], [[-122.5772, 38.4752], [-122.5768, 38.4755], [-122.5768, 38.4752], [-122.5772, 38.4752]]], [[[-122.5954, 38.4746], [-122.5954, 38.4735], [-122.593, 38.4733], [-122.593, 38.4738], [-122.5947, 38.4738], [-122.5954, 38.4746]]], [[[-122.5706, 38.4745], [-122.5727, 38.4745], [-122.5727, 38.4737], [-122.5706, 38.4745]]], [[[-122.5813, 38.4738], [-122.5819, 38.4735], [-122.5812, 38.4732], [-122.5813, 38.4738]]], [[[-122.5912, 38.4733], [-122.5912, 38.4728], [-122.5905, 38.4728], [-122.5905, 38.473], [-122.5912, 38.4733]]], [[[-122.5829, 38.4721], [-122.5829, 38.4716], [-122.5822, 38.4716], [-122.5822, 38.4719], [-122.5829, 38.4721]]], [[[-122.6053, 38.4706], [-122.6059, 38.47], [-122.6056, 38.47], [-122.6053, 38.4706]]], [[[-122.5991, 38.4704], [-122.6001, 38.4701], [-122.599, 38.4702], [-122.5991, 38.4704]]], [[[-122.5725, 38.4705], [-122.5729, 38.4707], [-122.5732, 38.4704], [-122.5725, 38.4705]]], [[[-122.5994, 38.4718], [-122.5994, 38.471], [-122.5984, 38.4707], [-122.599, 38.4699], [-122.5983, 38.4688], [-122.5993, 38.4688], [-122.5997, 38.468], [-122.5979, 38.4683], [-122.598, 38.4691], [-122.5969, 38.4683], [-122.5966, 38.4699], [-122.5974, 38.471], [-122.5994, 38.4718]], [[-122.598, 38.4696], [-122.5977, 38.4699], [-122.5977, 38.4696], [-122.598, 38.4696]]], [[[-122.601, 38.4574], [-122.602, 38.4574], [-122.601, 38.4569], [-122.601, 38.4574]]]]}, "properties": {"layer": "cell", "cell_id": "360_1000", "seed_zone": "360", "elevation_band": "1000–1500 ft"}}, {"type": "Feature", "geometry": {"type": "MultiPolygon", "coordinates": [[[[-122.5552, 38.5478], [-122.5556, 38.5472], [-122.5562, 38.5475], [-122.5555, 38.5464], [-122.5565, 38.5448], [-122.5544, 38.5443], [-122.5531, 38.5448], [-122.5531, 38.5459], [-122.5545, 38.5459], [-122.5552, 38.5478]], [[-122.5562, 38.5448], [-122.5558, 38.5451], [-122.5558, 38.5448], [-122.5562, 38.5448]]], [[[-122.5879, 38.5365], [-122.59, 38.536], [-122.5876, 38.5357], [-122.5879, 38.5365]]], [[[-122.5947, 38.5345], [-122.5954, 38.5342], [-122.5947, 38.534], [-122.5947, 38.5345]]], [[[-122.5645, 38.5354], [-122.5644, 38.5338], [-122.563, 38.5338], [-122.5624, 38.5352], [-122.5641, 38.5349], [-122.5638, 38.5354], [-122.5645, 38.5354]], [[-122.5641, 38.5344], [-122.5637, 38.5346], [-122.5637, 38.5344], [-122.5641, 38.5344]]], [[[-122.5834, 38.5339], [-122.584, 38.5334], [-122.5837, 38.5334], [-122.5834, 38.5339]]], [[[-122.5713, 38.5331], [-122.5716, 38.5334], [-122.572, 38.5331], [-122.5713, 38.5331]]], [[[-122.5775, 38.5335], [-122.5778, 38.5327], [-122.5761, 38.5325], [-122.5764, 38.5333], [-122.5775, 38.5335]]], [[[-122.6332, 38.531], [-122.6336, 38.5312], [-122.6343, 38.531], [-122.6332, 38.531]]], [[[-122.5788, 38.5311], [-122.5794, 38.5305], [-122.5788, 38.5305], [-122.5788, 38.5311]]], [[[-122.5726, 38.5307], [-122.5733, 38.5309], [-122.5732, 38.5304], [-122.5726, 38.5307]]], [[[-122.5757, 38.5325], [-122.5757, 38.5311], [-122.577, 38.5303], [-122.5763, 38.5298], [-122.5749, 38.5301], [-122.575, 38.5309], [-122.5743, 38.5304], [-122.5733, 38.5309], [-122.574, 38.5323], [-122.5757, 38.5325]], [[-122.5754, 38.5317], [-122.575, 38.532], [-122.575, 38.5317], [-122.5754, 38.5317]], [[-122.5746, 38.5309], [-122.5743, 38.5312], [-122.5743, 38.5309], [-122.5746, 38.5309]], [[-122.576, 38.5303], [-122.5757, 38.5306], [-122.5756, 38.5303], [-122.576, 38.5303]]], [[[-122.5895, 38.5333], [-122.5894, 38.5292], [-122.5887, 38.529], [-122.5884, 38.5309], [-122.5877, 38.5309], [-122.588, 38.5298], [-122.5873, 38.5293], [-122.5856, 38.5298], [-122.5854, 38.5323], [-122.5874, 38.5325], [-122.5888, 38.5317], [-122.5885, 38.5328], [-122.5895, 38.5333]], [[-122.5877, 38.5311], [-122.5874, 38.5314], [-122.5874, 38.5312], [-122.5877, 38.5311]], [[-122.5874, 38.5303], [-122.587, 38.5309], [-122.587, 38.5304], [-122.5874, 38.5303]], [[-122.5874, 38.5301], [-122.5863, 38.5301], [-122.5873, 38.5295], [-122.5874, 38.5301]]], [[[-122.568, 38.5386], [-122.5697, 38.5375], [-122.57, 38.5364], [-122.5721, 38.5377], [-122.5706, 38.5345], [-122.5709, 38.5337], [-122.5702, 38.5334], [-122.5712, 38.5323], [-122.5698, 38.5315], [-122.5712, 38.5302], [-122.5701, 38.5302], [-122.5684, 38.5289], [-122.5673, 38.5294], [-122.5674, 38.5313], [-122.5667, 38.5313], [-122.5681, 38.5326], [-122.5671, 38.5329], [-122.5668, 38.5324], [-122.5658, 38.5332], [-122.5675, 38.534], [-122.5678, 38.534], [-122.5678, 38.5337], [-122.5685, 38.5337], [-122.5685, 38.5334], [-122.5689, 38.5334], [-122.5703, 38.5345], [-122.57, 38.5353], [-122.5679, 38.5359], [-122.5686, 38.537], [-122.5673, 38.5381], [-122.568, 38.5386]], [[-122.5696, 38.5359], [-122.569, 38.5361], [-122.5689, 38.5359], [-122.5696, 38.5359]], [[-122.5692, 38.5332], [-122.5689, 38.5334], [-122.5689, 38.5332], [-122.5692, 38.5332]], [[-122.5692, 38.5329], [-122.5685, 38.5329], [-122.5681, 38.5316], [-122.5695, 38.5318], [-122.5688, 38.5321], [-122.5692, 38.5329]], [[-122.5706, 38.5326], [-122.5695, 38.5326], [-122.5695, 38.5323], [-122.5702, 38.5321], [-122.5706, 38.5326]], [[-122.5701, 38.5302], [-122.5698, 38.5304], [-122.5698, 38.5302], [-122.5701, 38.5302]], [[-122.5684, 38.5302], [-122.5681, 38.5305], [-122.5681, 38.5302], [-122.5684, 38.5302]]], [[[-122.5822, 38.5296], [-122.5842, 38.5293], [-122.5842, 38.5283], [-122.5825, 38.5286], [-122.5811, 38.528], [-122.5804, 38.5289], [-122.5822, 38.5296]]], [[[-122.5856, 38.528], [-122.5869, 38.5282], [-122.5869, 38.5274], [-122.5856, 38.528]]], [[[-122.5901, 38.5297], [-122.5918, 38.5292], [-122.5918, 38.5286], [-122.59, 38.5281], [-122.5893, 38.5271], [-122.589, 38.5284], [-122.5901, 38.5297]]], [[[-122.5766, 38.5281], [-122.5769, 38.5273], [-122.5759, 38.5274], [-122.5766, 38.5268], [-122.5752, 38.5266], [-122.5752, 38.5279], [-122.5766, 38.5281]]], [[[-122.5903, 38.526], [-122.591, 38.5257], [-122.5903, 38.5254], [-122.5903, 38.526]]], [[[-122.5889, 38.5244], [-122.5889, 38.5238], [-122.5882, 38.5236], [-122.5882, 38.5241], [-122.5889, 38.5244]]], [[[-122.5681, 38.5208], [-122.5691, 38.5205], [-122.5681, 38.5205], [-122.5681, 38.5208]]], [[[-122.5541, 38.5162], [-122.5548, 38.5156], [-122.5541, 38.5157], [-122.5541, 38.5162]]], [[[-122.5552, 38.5156], [-122.5555, 38.5151], [-122.5541, 38.5151], [-122.5541, 38.5154], [-122.5552, 38.5156]]], [[[-122.5824, 38.5159], [-122.5827, 38.5151], [-122.5851, 38.5153], [-122.5858, 38.5145], [-122.5851, 38.5139], [-122.5816, 38.5143], [-122.5813, 38.5148], [-122.5824, 38.5159]], [[-122.5851, 38.5145], [-122.5848, 38.5147], [-122.5847, 38.5145], [-122.5851, 38.5145]]], [[[-122.5914, 38.5184], [-122.5921, 38.5178], [-122.5969, 38.5175], [-122.5965, 38.5156], [-122.5978, 38.5145], [-122.5989, 38.515], [-122.5989, 38.5139], [-122.5975, 38.5137], [-122.5971, 38.5142], [-122.5961, 38.5134], [-122.5944, 38.5156], [-122.5937, 38.5151], [-122.5924, 38.5162], [-122.5913, 38.5157], [-122.5917, 38.5162], [-122.5907, 38.5165], [-122.5911, 38.5178], [-122.5904, 38.5179], [-122.5914, 38.5184]], [[-122.5955, 38.5175], [-122.5938, 38.5175], [-122.5938, 38.5164], [-122.5948, 38.5164], [-122.5955, 38.5175]], [[-122.5935, 38.5173], [-122.5924, 38.5173], [-122.5924, 38.5167], [-122.591, 38.5165], [-122.5934, 38.5162], [-122.5935, 38.5173]], [[-122.5948, 38.5156], [-122.5944, 38.5159], [-122.5944, 38.5156], [-122.5948, 38.5156]], [[-122.5965, 38.515], [-122.5961, 38.5153], [-122.5961, 38.515], [-122.5965, 38.515]]], [[[-122.604, 38.5127], [-122.604, 38.5122], [-122.6029, 38.5122], [-122.6029, 38.5125], [-122.604, 38.5127]]], [[[-122.589, 38.5179], [-122.5903, 38.5171], [-122.5897, 38.5171], [-122.5896, 38.5163], [-122.589, 38.5168], [-122.5886, 38.5163], [-122.5879, 38.5166], [-122.5875, 38.5155], [-122.5896, 38.5146], [-122.5889, 38.5138], [-122.5899, 38.5136], [-122.5899, 38.5127], [-122.5892, 38.5125], [-122.5875, 38.5133], [-122.5857, 38.5123], [-122.585, 38.5126], [-122.5851, 38.5139], [-122.5861, 38.5142], [-122.5865, 38.5152], [-122.5858, 38.515], [-122.5855, 38.5155], [-122.5862, 38.5155], [-122.5876, 38.5177], [-122.589, 38.5179]], [[-122.5893, 38.5171], [-122.589, 38.5174], [-122.589, 38.5171], [-122.5893, 38.5171]], [[-122.5864, 38.5139], [-122.5861, 38.5142], [-122.5861, 38.5139], [-122.5864, 38.5139]], [[-122.5871, 38.5133], [-122.5868, 38.5136], [-122.5868, 38.5133], [-122.5871, 38.5133]]], [[[-122.5596, 38.5155], [-122.562, 38.5152], [-122.5599, 38.5128], [-122.5588, 38.5129], [-122.5582, 38.5137], [-122.5575, 38.5134], [-122.5589, 38.515], [-122.5592, 38.5145], [-122.5599, 38.5147], [-122.5596, 38.5155]], [[-122.561, 38.515], [-122.5607, 38.5153], [-122.5606, 38.515], [-122.561, 38.515]], [[-122.5606, 38.5142], [-122.5603, 38.5145], [-122.5603, 38.5142], [-122.5606, 38.5142]], [[-122.5592, 38.5137], [-122.5589, 38.5145], [-122.5589, 38.5137], [-122.5592, 38.5137]]], [[[-122.6071, 38.5129], [-122.6071, 38.5124], [-122.6056, 38.5111], [-122.6057, 38.5129], [-122.6071, 38.5129]]], [[[-122.6177, 38.5113], [-122.6177, 38.5108], [-122.617, 38.5108], [-122.617, 38.5111], [-122.6177, 38.5113]]], [[[-122.6022, 38.5117], [-122.6025, 38.5111], [-122.6012, 38.5109], [-122.6012, 38.5112], [-122.6022, 38.5117]]], [[[-122.5716, 38.5129], [-122.5719, 38.5118], [-122.5701, 38.5105], [-122.5695, 38.5116], [-122.5716, 38.5129]]], [[[-122.6091, 38.5102], [-122.6087, 38.5096], [-122.6073, 38.5099], [-122.6073, 38.5102], [-122.6091, 38.5102]]], [[[-122.5991, 38.5098], [-122.599, 38.5093], [-122.598, 38.5096], [-122.598, 38.5099], [-122.5991, 38.5098]]], [[[-122.5578, 38.5118], [-122.5577, 38.511], [-122.5595, 38.5104], [-122.5594, 38.5099], [-122.5557, 38.5116], [-122.5578, 38.5118]]], [[[-122.6045, 38.5084], [-122.6066, 38.5081], [-122.6066, 38.5075], [-122.6048, 38.5076], [-122.6045, 38.5084]]], [[[-122.5987, 38.5093], [-122.5986, 38.5072], [-122.5997, 38.5074], [-122.5996, 38.5069], [-122.5983, 38.5069], [-122.5979, 38.5077], [-122.5952, 38.507], [-122.5952, 38.5086], [-122.5962, 38.508], [-122.5977, 38.5093], [-122.5987, 38.5093]]], [[[-122.5938, 38.5067], [-122.5938, 38.5059], [-122.5927, 38.5057], [-122.5924, 38.5067], [-122.5938, 38.5067]]], [[[-122.5311, 38.5075], [-122.5307, 38.507], [-122.5297, 38.5073], [-122.5297, 38.5075], [-122.5311, 38.5075]]], [[[-122.5593, 38.5072], [-122.5593, 38.5066], [-122.5597, 38.5064], [-122.5586, 38.5067], [-122.5593, 38.5072]]], [[[-122.566, 38.5095], [-122.5659, 38.5089], [-122.5673, 38.5089], [-122.567, 38.5081], [-122.5686, 38.5064], [-122.5682, 38.5056], [-122.5645, 38.506], [-122.5635, 38.5068], [-122.5638, 38.5074], [-122.5631, 38.5076], [-122.5656, 38.5076], [-122.5656, 38.5081], [-122.5645, 38.5082], [-122.5646, 38.509], [-122.566, 38.5095]]], [[[-122.5311, 38.5067], [-122.5314, 38.507], [-122.5321, 38.5061], [-122.5314, 38.5062], [-122.5311, 38.5067]]], [[[-122.5972, 38.5058], [-122.5972, 38.5053], [-122.5951, 38.5045], [-122.5958, 38.5059], [-122.5972, 38.5058]]], [[[-122.5324, 38.5061], [-122.5334, 38.5056], [-122.5324, 38.5053], [-122.5324, 38.5061]]], [[[-122.5448, 38.5059], [-122.5448, 38.5051], [-122.543, 38.5043], [-122.5431, 38.5051], [-122.5448, 38.5059]]], [[[-122.531, 38.5059], [-122.5303, 38.5046], [-122.53, 38.5046], [-122.53, 38.5059], [-122.531, 38.5059]]], [[[-122.5293, 38.5043], [-122.5296, 38.5046], [-122.53, 38.5043], [-122.5293, 38.5043]]], [[[-122.5984, 38.502], [-122.5995, 38.502], [-122.5984, 38.5015], [-122.5984, 38.502]]], [[[-122.5286, 38.5043], [-122.5299, 38.5032], [-122.5292, 38.503], [-122.5289, 38.5035], [-122.5282, 38.503], [-122.5286, 38.5043]]], [[[-122.5974, 38.5015], [-122.5977, 38.5018], [-122.5981, 38.5015], [-122.5974, 38.5015]]], [[[-122.554, 38.5027], [-122.5547, 38.5022], [-122.5543, 38.5022], [-122.554, 38.5027]]], [[[-122.5448, 38.5037], [-122.5444, 38.5032], [-122.5454, 38.5032], [-122.5454, 38.5023], [-122.544, 38.5024], [-122.5434, 38.5032], [-122.5448, 38.5037]]], [[[-122.5513, 38.5033], [-122.5523, 38.503], [-122.5523, 38.5022], [-122.5513, 38.5025], [-122.5495, 38.5017], [-122.5513, 38.5033]]], [[[-122.5537, 38.5027], [-122.554, 38.5019], [-122.5529, 38.5014], [-122.5526, 38.5025], [-122.5537, 38.5027]]], [[[-122.6008, 38.5017], [-122.5998, 38.5004], [-122.5984, 38.5001], [-122.5988, 38.5015], [-122.6008, 38.5017]], [[-122.5998, 38.5009], [-122.5994, 38.5012], [-122.5994, 38.5009], [-122.5998, 38.5009]]], [[[-122.575, 38.5009], [-122.5746, 38.5004], [-122.5739, 38.5004], [-122.5743, 38.5009], [-122.575, 38.5009]]], [[[-122.5781, 38.5019], [-122.5781, 38.5006], [-122.577, 38.5001], [-122.5767, 38.5011], [-122.5781, 38.5019]]], [[[-122.6108, 38.5001], [-122.6122, 38.5001], [-122.6104, 38.4991], [-122.6108, 38.5001]]], [[[-122.5546, 38.5005], [-122.5543, 38.5], [-122.5536, 38.5003], [-122.5536, 38.5006], [-122.5546, 38.5005]]], [[[-122.6142, 38.5006], [-122.6155, 38.4987], [-122.61, 38.4983], [-122.61, 38.4991], [-122.6107, 38.4988], [-122.6125, 38.5004], [-122.6142, 38.5006]], [[-122.6142, 38.499], [-122.6135, 38.4995], [-122.6135, 38.499], [-122.6142, 38.499]]], [[[-122.5759, 38.499], [-122.5766, 38.4984], [-122.5756, 38.4985], [-122.5759, 38.499]]], [[[-122.5787, 38.4995], [-122.5783, 38.4987], [-122.579, 38.4981], [-122.5779, 38.4973], [-122.577, 38.499], [-122.5787, 38.4995]]], [[[-122.5347, 38.502], [-122.5343, 38.5004], [-122.5353, 38.5004], [-122.5366, 38.4985], [-122.5356, 38.4988], [-122.5342, 38.4977], [-122.5309, 38.5005], [-122.5319, 38.5013], [-122.5333, 38.501], [-122.533, 38.5015], [-122.5347, 38.502]], [[-122.5336, 38.5007], [-122.5322, 38.5005], [-122.5322, 38.5002], [-122.5343, 38.4996], [-122.5336, 38.5007]], [[-122.535, 38.4999], [-122.5346, 38.5001], [-122.5346, 38.4999], [-122.535, 38.4999]]], [[[-122.5318, 38.4991], [-122.5335, 38.4977], [-122.5321, 38.497], [-122.5318, 38.498], [-122.5301, 38.4978], [-122.5318, 38.4991]]], [[[-122.5304, 38.4973], [-122.5303, 38.4954], [-122.5273, 38.4968], [-122.5273, 38.4971], [-122.5304, 38.4973]]], [[[-122.5279, 38.4954], [-122.5286, 38.4949], [-122.5279, 38.4949], [-122.5279, 38.4954]]], [[[-122.5289, 38.4949], [-122.5293, 38.4951], [-122.5296, 38.4948], [-122.5289, 38.4949]]], [[[-122.5485, 38.4939], [-122.5492, 38.4942], [-122.5492, 38.4936], [-122.5485, 38.4939]]], [[[-122.5509, 38.4933], [-122.5516, 38.4928], [-122.5506, 38.4925], [-122.5509, 38.4933]]], [[[-122.5416, 38.4919], [-122.5426, 38.4911], [-122.5425, 38.4894], [-122.5412, 38.4897], [-122.5416, 38.4919]]], [[[-122.5425, 38.4889], [-122.5429, 38.4892], [-122.5432, 38.4889], [-122.5425, 38.4889]]], [[[-122.5074, 38.4805], [-122.5074, 38.4799], [-122.5067, 38.4799], [-122.5067, 38.4802], [-122.5074, 38.4805]]], [[[-122.5081, 38.4786], [-122.5084, 38.4788], [-122.5088, 38.4785], [-122.5081, 38.4786]]], [[[-122.5091, 38.4791], [-122.5094, 38.4783], [-122.5091, 38.4783], [-122.5091, 38.4791]]], [[[-122.5187, 38.4773], [-122.5187, 38.4767], [-122.518, 38.4767], [-122.518, 38.477], [-122.5187, 38.4773]]], [[[-122.5077, 38.4775], [-122.5084, 38.4772], [-122.5077, 38.4769], [-122.5077, 38.4775]]], [[[-122.5758, 38.4761], [-122.5762, 38.4755], [-122.5755, 38.4753], [-122.5751, 38.4758], [-122.5758, 38.4761]]], [[[-122.5452, 38.4764], [-122.5451, 38.4751], [-122.5445, 38.4751], [-122.5435, 38.4765], [-122.5452, 38.4764]]], [[[-122.5586, 38.4753], [-122.5593, 38.4751], [-122.5586, 38.4748], [-122.5586, 38.4753]]], [[[-122.5465, 38.4753], [-122.5465, 38.4745], [-122.5462, 38.4745], [-122.5458, 38.4751], [-122.5465, 38.4753]]], [[[-122.5606, 38.4739], [-122.561, 38.4742], [-122.5613, 38.4739], [-122.5606, 38.4739]]], [[[-122.5163, 38.4789], [-122.5177, 38.4784], [-122.5176, 38.4759], [-122.5156, 38.4757], [-122.5155, 38.4746], [-122.5145, 38.4746], [-122.5152, 38.4752], [-122.5142, 38.4752], [-122.5142, 38.476], [-122.5156, 38.4765], [-122.5142, 38.4771], [-122.5156, 38.4776], [-122.5159, 38.4765], [-122.5166, 38.4765], [-122.5163, 38.4789]], [[-122.5162, 38.476], [-122.5159, 38.4762], [-122.5159, 38.476], [-122.5162, 38.476]]], [[[-122.5652, 38.4766], [-122.5651, 38.4749], [-122.5648, 38.4744], [-122.5641, 38.4747], [-122.5651, 38.4733], [-122.5644, 38.4728], [-122.5633, 38.4734], [-122.5616, 38.4731], [-122.5613, 38.4739], [-122.562, 38.4745], [-122.5613, 38.4753], [-122.5624, 38.475], [-122.5638, 38.4755], [-122.5631, 38.4763], [-122.5652, 38.4766]]], [[[-122.5558, 38.4732], [-122.5564, 38.4727], [-122.5561, 38.4727], [-122.5558, 38.4732]]], [[[-122.554, 38.4725], [-122.554, 38.4719], [-122.5526, 38.4722], [-122.5526, 38.4725], [-122.554, 38.4725]]], [[[-122.5513, 38.4728], [-122.5516, 38.4717], [-122.5505, 38.4717], [-122.5499, 38.4728], [-122.5513, 38.4728]]], [[[-122.5746, 38.4704], [-122.5756, 38.4704], [-122.5756, 38.4699], [-122.5746, 38.4704]]], [[[-122.5579, 38.4751], [-122.5585, 38.4726], [-122.5578, 38.4721], [-122.5581, 38.4713], [-122.5571, 38.4711], [-122.5577, 38.4697], [-122.557, 38.4697], [-122.5557, 38.4714], [-122.5564, 38.4713], [-122.5568, 38.4729], [-122.5578, 38.4724], [-122.5568, 38.4738], [-122.5568, 38.4746], [-122.5579, 38.4751]], [[-122.5582, 38.4729], [-122.5578, 38.4732], [-122.5578, 38.4729], [-122.5582, 38.4729]], [[-122.5574, 38.4716], [-122.5571, 38.4719], [-122.5571, 38.4716], [-122.5574, 38.4716]], [[-122.5571, 38.4711], [-122.5567, 38.4713], [-122.5567, 38.4711], [-122.5571, 38.4711]]], [[[-122.5543, 38.4711], [-122.5542, 38.4692], [-122.5539, 38.4692], [-122.5533, 38.4703], [-122.554, 38.4708], [-122.5529, 38.4711], [-122.5543, 38.4711]]], [[[-122.5019, 38.47], [-122.5026, 38.4692], [-122.5016, 38.4692], [-122.5019, 38.47]]]]}, "properties": {"layer": "cell", "cell_id": "360_1500", "seed_zone": "360", "elevation_band": "1500–2000 ft"}}, {"type": "Feature", "geometry": {"type": "MultiPolygon", "coordinates": [[[[-122.5603, 38.5155], [-122.561, 38.5158], [-122.5617, 38.5155], [-122.5603, 38.5155]]], [[[-122.5903, 38.516], [-122.5906, 38.5149], [-122.5913, 38.5157], [-122.5931, 38.5156], [-122.593, 38.5148], [-122.592, 38.5143], [-122.5919, 38.5124], [-122.5899, 38.5127], [-122.5892, 38.5149], [-122.5896, 38.516], [-122.5903, 38.516]], [[-122.5916, 38.5135], [-122.5913, 38.5138], [-122.5913, 38.5135], [-122.5916, 38.5135]], [[-122.5913, 38.5133], [-122.5909, 38.5135], [-122.5909, 38.5133], [-122.5913, 38.5133]]], [[[-122.5544, 38.513], [-122.5557, 38.5121], [-122.5557, 38.5113], [-122.554, 38.5124], [-122.5544, 38.513]]], [[[-122.5877, 38.5112], [-122.5884, 38.5109], [-122.5877, 38.5106], [-122.5877, 38.5112]]], [[[-122.5722, 38.5118], [-122.5722, 38.5112], [-122.5733, 38.5115], [-122.5732, 38.5107], [-122.5708, 38.5099], [-122.5705, 38.511], [-122.5722, 38.5118]]], [[[-122.5427, 38.5038], [-122.543, 38.5043], [-122.5441, 38.5037], [-122.5427, 38.5038]]], [[[-122.5495, 38.502], [-122.5495, 38.5015], [-122.5488, 38.5015], [-122.5488, 38.5017], [-122.5495, 38.502]]], [[[-122.5468, 38.5031], [-122.5478, 38.502], [-122.5478, 38.5012], [-122.5468, 38.5018], [-122.5468, 38.5026], [-122.5457, 38.5026], [-122.5468, 38.5031]]], [[[-122.5481, 38.5015], [-122.5488, 38.5012], [-122.5481, 38.5009], [-122.5481, 38.5015]]], [[[-122.5412, 38.4919], [-122.5415, 38.4905], [-122.5408, 38.49], [-122.5402, 38.4914], [-122.5412, 38.4919]]], [[[-122.5176, 38.4759], [-122.5169, 38.4757], [-122.5162, 38.4746], [-122.5162, 38.4757], [-122.5176, 38.4759]]], [[[-122.5479, 38.4742], [-122.5475, 38.4737], [-122.5468, 38.474], [-122.5468, 38.4742], [-122.5479, 38.4742]]], [[[-122.5159, 38.4749], [-122.5162, 38.4743], [-122.5172, 38.4746], [-122.5172, 38.474], [-122.5162, 38.4741], [-122.5162, 38.4733], [-122.5152, 38.4741], [-122.5159, 38.4749]]], [[[-122.521, 38.4737], [-122.5206, 38.4732], [-122.52, 38.4735], [-122.52, 38.4737], [-122.521, 38.4737]]], [[[-122.5192, 38.4727], [-122.5196, 38.4729], [-122.5206, 38.4726], [-122.5196, 38.4724], [-122.5192, 38.4727]]], [[[-122.5206, 38.4721], [-122.5213, 38.4723], [-122.5213, 38.4718], [-122.5206, 38.4721]]], [[[-122.522, 38.4715], [-122.5223, 38.4718], [-122.5226, 38.4715], [-122.522, 38.4715]]], [[[-122.5209, 38.4715], [-122.5219, 38.4713], [-122.5209, 38.4713], [-122.5209, 38.4715]]], [[[-122.5388, 38.4706], [-122.5395, 38.4701], [-122.5391, 38.4701], [-122.5388, 38.4706]]], [[[-122.5155, 38.473], [-122.5168, 38.4727], [-122.5165, 38.4719], [-122.514, 38.4717], [-122.5147, 38.4711], [-122.5143, 38.4703], [-122.513, 38.4704], [-122.513, 38.4722], [-122.5155, 38.473]], [[-122.5147, 38.4719], [-122.5141, 38.4722], [-122.514, 38.472], [-122.5147, 38.4719]]], [[[-122.5019, 38.4692], [-122.5026, 38.4687], [-122.5022, 38.4687], [-122.5019, 38.4692]]], [[[-122.5437, 38.473], [-122.5447, 38.4719], [-122.5443, 38.4711], [-122.5454, 38.4713], [-122.546, 38.4702], [-122.5433, 38.4705], [-122.5415, 38.4679], [-122.5408, 38.4682], [-122.5383, 38.4669], [-122.5366, 38.4669], [-122.5356, 38.468], [-122.5366, 38.468], [-122.5366, 38.4682], [-122.5373, 38.4682], [-122.5377, 38.4688], [-122.5384, 38.4687], [-122.5395, 38.4701], [-122.5419, 38.4698], [-122.5423, 38.4716], [-122.5416, 38.4725], [-122.5437, 38.473]], [[-122.5394, 38.4685], [-122.5384, 38.4687], [-122.5384, 38.4685], [-122.5394, 38.4685]], [[-122.5377, 38.468], [-122.5373, 38.4682], [-122.5373, 38.468], [-122.5377, 38.468]]], [[[-122.5125, 38.4666], [-122.5125, 38.4658], [-122.5114, 38.4655], [-122.5118, 38.4666], [-122.5125, 38.4666]]]]}, "properties": {"layer": "cell", "cell_id": "360_2000", "seed_zone": "360", "elevation_band": "2000–2500 ft"}}, {"type": "Feature", "geometry": {"type": "Polygon", "coordinates": [[[-122.5111, 38.4674], [-122.5115, 38.4672], [-122.5111, 38.4672], [-122.5111, 38.4674]]]}, "properties": {"layer": "cell", "cell_id": "360_2500", "seed_zone": "360", "elevation_band": "2500–3000 ft"}}, {"type": "Feature", "geometry": {"type": "Polygon", "coordinates": [[[-122.4816, 38.5326], [-122.4813, 38.532], [-122.4799, 38.5321], [-122.4799, 38.5326], [-122.4816, 38.5326]]]}, "properties": {"layer": "cell", "cell_id": "380_0", "seed_zone": "380", "elevation_band": "0–500 ft"}}, {"type": "Feature", "geometry": {"type": "MultiPolygon", "coordinates": [[[[-122.5253, 38.5908], [-122.5253, 38.5897], [-122.5246, 38.5897], [-122.5243, 38.5908], [-122.5253, 38.5908]]], [[[-122.5106, 38.5752], [-122.5113, 38.5743], [-122.5096, 38.5744], [-122.5096, 38.5749], [-122.5106, 38.5752]]], [[[-122.5032, 38.5683], [-122.5039, 38.568], [-122.5032, 38.5678], [-122.5032, 38.5683]]], [[[-122.4755, 38.5656], [-122.4758, 38.5648], [-122.4744, 38.5646], [-122.4741, 38.5651], [-122.4755, 38.5656]], [[-122.4755, 38.5648], [-122.4751, 38.5651], [-122.4751, 38.5648], [-122.4755, 38.5648]]], [[[-122.4845, 38.5471], [-122.4845, 38.5455], [-122.4834, 38.5449], [-122.4848, 38.5441], [-122.4824, 38.5447], [-122.4817, 38.5455], [-122.4821, 38.5469], [-122.4845, 38.5471]], [[-122.4838, 38.546], [-122.4835, 38.5463], [-122.4835, 38.546], [-122.4838, 38.546]], [[-122.4834, 38.5455], [-122.4831, 38.546], [-122.4831, 38.5455], [-122.4834, 38.5455]]], [[[-122.4576, 38.5363], [-122.4559, 38.5347], [-122.4558, 38.5325], [-122.4534, 38.5326], [-122.4517, 38.534], [-122.4517, 38.5348], [-122.4527, 38.5342], [-122.4538, 38.5347], [-122.4538, 38.5356], [-122.4552, 38.5355], [-122.4552, 38.5363], [-122.4576, 38.5363]]], [[[-122.4813, 38.532], [-122.4812, 38.5312], [-122.4795, 38.5307], [-122.4795, 38.5318], [-122.4813, 38.532]]], [[[-122.4675, 38.5328], [-122.4678, 38.532], [-122.4671, 38.532], [-122.4668, 38.531], [-122.4657, 38.5313], [-122.4654, 38.5318], [-122.4675, 38.5328]]], [[[-122.4492, 38.5319], [-122.4502, 38.5318], [-122.4502, 38.5313], [-122.4492, 38.5319]]], [[[-122.4737, 38.5314], [-122.4743, 38.5305], [-122.4723, 38.5309], [-122.4726, 38.5314], [-122.4737, 38.5314]]], [[[-122.4558, 38.532], [-122.4557, 38.5312], [-122.4544, 38.5312], [-122.4543, 38.5307], [-122.4516, 38.531], [-122.4527, 38.5318], [-122.4551, 38.5315], [-122.4558, 38.532]]], [[[-122.4669, 38.5342], [-122.4661, 38.5329], [-122.4633, 38.5319], [-122.4633, 38.531], [-122.4619, 38.5303], [-122.4605, 38.5298], [-122.4595, 38.5303], [-122.4591, 38.5298], [-122.4592, 38.5303], [-122.4574, 38.5306], [-122.4582, 38.5317], [-122.4613, 38.5314], [-122.4623, 38.5324], [-122.4617, 38.5335], [-122.4637, 38.5332], [-122.4638, 38.5337], [-122.4669, 38.5342]], [[-122.4588, 38.5306], [-122.4585, 38.5309], [-122.4585, 38.5306], [-122.4588, 38.5306]]], [[[-122.4664, 38.5296], [-122.4674, 38.5293], [-122.4664, 38.5294], [-122.4664, 38.5296]]], [[[-122.4561, 38.5307], [-122.4564, 38.5298], [-122.4546, 38.5293], [-122.4529, 38.5299], [-122.453, 38.5304], [-122.4547, 38.5301], [-122.4561, 38.5307]]], [[[-122.4633, 38.5294], [-122.4629, 38.5289], [-122.4619, 38.5292], [-122.4619, 38.5295], [-122.4633, 38.5294]]], [[[-122.4729, 38.5287], [-122.4736, 38.5284], [-122.4729, 38.5281], [-122.4729, 38.5287]]], [[[-122.4519, 38.5283], [-122.4518, 38.5272], [-122.4515, 38.5272], [-122.4512, 38.5283], [-122.4519, 38.5283]]], [[[-122.4673, 38.5277], [-122.468, 38.5269], [-122.467, 38.5269], [-122.4673, 38.5277]]], [[[-122.4515, 38.5267], [-122.4514, 38.5251], [-122.4511, 38.5251], [-122.4504, 38.5262], [-122.4497, 38.5259], [-122.4497, 38.5267], [-122.4515, 38.5267]]], [[[-122.452, 38.5237], [-122.4527, 38.5234], [-122.452, 38.5232], [-122.452, 38.5237]]]]}, "properties": {"layer": "cell", "cell_id": "380_500", "seed_zone": "380", "elevation_band": "500–1000 ft"}}, {"type": "Feature", "geometry": {"type": "MultiPolygon", "coordinates": [[[[-122.504, 38.6452], [-122.5047, 38.6449], [-122.504, 38.6447], [-122.504, 38.6452]]], [[[-122.5054, 38.6449], [-122.5057, 38.6441], [-122.5044, 38.6444], [-122.5044, 38.6447], [-122.5054, 38.6449]]], [[[-122.5795, 38.6304], [-122.5801, 38.6301], [-122.5795, 38.6299], [-122.5795, 38.6304]]], [[[-122.5437, 38.6125], [-122.5443, 38.6117], [-122.5439, 38.6106], [-122.5433, 38.6109], [-122.5437, 38.6125]]], [[[-122.5398, 38.6099], [-122.5404, 38.6094], [-122.5398, 38.6094], [-122.5398, 38.6099]]], [[[-122.5418, 38.6088], [-122.5418, 38.6074], [-122.5438, 38.6071], [-122.5434, 38.6063], [-122.5448, 38.6063], [-122.5438, 38.6061], [-122.5441, 38.6055], [-122.5424, 38.6064], [-122.5393, 38.6061], [-122.5393, 38.6067], [-122.5403, 38.6064], [-122.5411, 38.6072], [-122.5404, 38.6088], [-122.5418, 38.6088]]], [[[-122.5372, 38.6048], [-122.5379, 38.6046], [-122.5372, 38.6043], [-122.5372, 38.6048]]], [[[-122.5499, 38.6038], [-122.5506, 38.6035], [-122.5499, 38.6032], [-122.5499, 38.6038]]], [[[-122.5609, 38.6011], [-122.5629, 38.6008], [-122.5629, 38.5997], [-122.5608, 38.6006], [-122.5609, 38.6011]]], [[[-122.5632, 38.5997], [-122.5632, 38.5992], [-122.5625, 38.5992], [-122.5625, 38.5994], [-122.5632, 38.5997]]], [[[-122.5248, 38.5973], [-122.5255, 38.5967], [-122.5248, 38.5965], [-122.5248, 38.5973]]], [[[-122.5127, 38.5962], [-122.5127, 38.5948], [-122.5113, 38.5951], [-122.5117, 38.5962], [-122.5127, 38.5962]], [[-122.5124, 38.5951], [-122.512, 38.5954], [-122.512, 38.5951], [-122.5124, 38.5951]]], [[[-122.5042, 38.5974], [-122.5045, 38.5961], [-122.5058, 38.5952], [-122.5051, 38.5944], [-122.5027, 38.595], [-122.5028, 38.5972], [-122.5042, 38.5974]], [[-122.5048, 38.595], [-122.5044, 38.5953], [-122.5044, 38.595], [-122.5048, 38.595]]], [[[-122.5112, 38.5919], [-122.5119, 38.5913], [-122.5115, 38.5913], [-122.5112, 38.5919]]], [[[-122.4741, 38.5657], [-122.4741, 38.5651], [-122.4734, 38.5651], [-122.4734, 38.5654], [-122.4741, 38.5657]]]]}, "properties": {"layer": "cell", "cell_id": "380_1000", "seed_zone": "380", "elevation_band": "1000–1500 ft"}}, {"type": "Feature", "geometry": {"type": "MultiPolygon", "coordinates": [[[[-122.5807, 38.6647], [-122.5806, 38.6641], [-122.58, 38.6641], [-122.58, 38.6644], [-122.5807, 38.6647]]], [[[-122.5057, 38.6441], [-122.5068, 38.6438], [-122.5057, 38.6438], [-122.5057, 38.6441]]], [[[-122.5372, 38.6048], [-122.5358, 38.6035], [-122.5364, 38.6022], [-122.535, 38.6016], [-122.5351, 38.6035], [-122.5358, 38.6046], [-122.5372, 38.6048]]], [[[-122.5101, 38.5987], [-122.5107, 38.5978], [-122.5093, 38.5976], [-122.5086, 38.596], [-122.5062, 38.5958], [-122.5058, 38.5952], [-122.5045, 38.5961], [-122.5042, 38.5974], [-122.5052, 38.5977], [-122.5048, 38.5969], [-122.5076, 38.5968], [-122.509, 38.5973], [-122.5087, 38.5987], [-122.5101, 38.5987]]], [[[-122.5114, 38.5981], [-122.5117, 38.5957], [-122.511, 38.5951], [-122.5107, 38.5957], [-122.5114, 38.5962], [-122.5114, 38.5981]]]]}, "properties": {"layer": "cell", "cell_id": "380_1500", "seed_zone": "380", "elevation_band": "1500–2000 ft"}}, {"type": "Feature", "geometry": {"type": "MultiPolygon", "coordinates": [[[[-122.5786, 38.6647], [-122.5793, 38.6644], [-122.5789, 38.6639], [-122.5782, 38.6639], [-122.5786, 38.6647]]], [[[-122.4829, 38.6127], [-122.4829, 38.6119], [-122.4826, 38.6119], [-122.4822, 38.6125], [-122.4829, 38.6127]]], [[[-122.5336, 38.6111], [-122.5343, 38.6108], [-122.5336, 38.6106], [-122.5336, 38.6111]]], [[[-122.5089, 38.6054], [-122.5089, 38.6049], [-122.5082, 38.6049], [-122.5082, 38.6052], [-122.5089, 38.6054]]]]}, "properties": {"layer": "cell", "cell_id": "380_2000", "seed_zone": "380", "elevation_band": "2000–2500 ft"}}, {"type": "Feature", "geometry": {"type": "MultiPolygon", "coordinates": [[[[-122.553, 38.6647], [-122.554, 38.6639], [-122.5527, 38.6639], [-122.553, 38.6647]]], [[[-122.5454, 38.6641], [-122.5461, 38.6635], [-122.5444, 38.6633], [-122.5444, 38.6635], [-122.5454, 38.6641]]]]}, "properties": {"layer": "cell", "cell_id": "380_2500", "seed_zone": "380", "elevation_band": "2500–3000 ft"}}]}
