{"type": "FeatureCollection", "features": [{"type": "Feature", "geometry": {"type": "Polygon", "coordinates": [[[-122.5743, 38.6978], [-122.5763, 38.7], [-122.5769, 38.7035], [-122.5793, 38.7047], [-122.5799, 38.706], [-122.578, 38.7075], [-122.5761, 38.7106], [-122.5754, 38.7101], [-122.5758, 38.7111], [-122.5735, 38.7115], [-122.5731, 38.714], [-122.5719, 38.714], [-122.5715, 38.7134], [-122.5702, 38.7145], [-122.5711, 38.7157], [-122.5754, 38.7163], [-122.5758, 38.7174], [-122.5729, 38.7184], [-122.5724, 38.7194], [-122.5712, 38.7198], [-122.5716, 38.7217], [-122.5707, 38.7225], [-122.57, 38.722], [-122.569, 38.7224], [-122.5687, 38.7216], [-122.567, 38.7236], [-122.5646, 38.7238], [-122.5634, 38.7229], [-122.5635, 38.7211], [-122.5627, 38.7205], [-122.5626, 38.7202], [-122.5632, 38.7205], [-122.564, 38.7188], [-122.5615, 38.7174], [-122.56, 38.7185], [-122.5587, 38.7185], [-122.5595, 38.7169], [-122.5512, 38.7169], [-122.5497, 38.7185], [-122.5473, 38.7169], [-122.5461, 38.7194], [-122.5441, 38.7196], [-122.5437, 38.7164], [-122.5445, 38.7162], [-122.5441, 38.715], [-122.5456, 38.7128], [-122.5431, 38.7115], [-122.544, 38.7095], [-122.5415, 38.7089], [-122.54, 38.7075], [-122.5392, 38.7083], [-122.5371, 38.707], [-122.5359, 38.7072], [-122.5358, 38.7064], [-122.5339, 38.7081], [-122.5319, 38.7065], [-122.5305, 38.7064], [-122.5292, 38.7036], [-122.5311, 38.7028], [-122.5295, 38.7012], [-122.5288, 38.7016], [-122.5244, 38.6986], [-122.5255, 38.6972], [-122.5239, 38.696], [-122.5243, 38.6944], [-122.5201, 38.6914], [-122.5205, 38.6904], [-122.5194, 38.6893], [-122.5205, 38.6868], [-122.5196, 38.6849], [-122.517, 38.686], [-122.5164, 38.6856], [-122.5139, 38.6866], [-122.5117, 38.6866], [-122.5115, 38.6879], [-122.5133, 38.688], [-122.5134, 38.6902], [-122.5147, 38.6915], [-122.5108, 38.6927], [-122.5078, 38.6918], [-122.5065, 38.6957], [-122.5039, 38.6963], [-122.502, 38.6993], [-122.4995, 38.6995], [-122.499, 38.7016], [-122.4953, 38.7023], [-122.4938, 38.7036], [-122.494, 38.7042], [-122.4954, 38.7042], [-122.4974, 38.7027], [-122.4979, 38.7034], [-122.499, 38.7033], [-122.4996, 38.7048], [-122.4978, 38.7057], [-122.5002, 38.7064], [-122.4981, 38.7082], [-122.5027, 38.7087], [-122.5028, 38.7094], [-122.5051, 38.7093], [-122.5041, 38.7103], [-122.5057, 38.7114], [-122.5058, 38.7142], [-122.5035, 38.7159], [-122.5019, 38.7151], [-122.4975, 38.715], [-122.496, 38.7132], [-122.4946, 38.715], [-122.4931, 38.7152], [-122.493, 38.7161], [-122.4959, 38.7172], [-122.4935, 38.7173], [-122.4933, 38.7178], [-122.5011, 38.7198], [-122.5121, 38.7247], [-122.5147, 38.7305], [-122.515, 38.7383], [-122.5112, 38.7421], [-122.5076, 38.7432], [-122.5032, 38.7434], [-122.5006, 38.7454], [-122.4949, 38.7457], [-122.4922, 38.7437], [-122.4919, 38.7453], [-122.4871, 38.7452], [-122.4859, 38.746], [-122.4864, 38.7476], [-122.4855, 38.7494], [-122.4819, 38.7517], [-122.4789, 38.7517], [-122.4796, 38.7518], [-122.4794, 38.7531], [-122.4805, 38.754], [-122.48, 38.7552], [-122.4839, 38.7594], [-122.4841, 38.7614], [-122.4868, 38.7629], [-122.4859, 38.7646], [-122.484, 38.764], [-122.4813, 38.7643], [-122.4808, 38.7633], [-122.4788, 38.763], [-122.4782, 38.7621], [-122.475, 38.7626], [-122.474, 38.7622], [-122.4717, 38.757], [-122.4719, 38.7527], [-122.4676, 38.7509], [-122.4629, 38.7506], [-122.4604, 38.7479], [-122.4598, 38.7493], [-122.4616, 38.7506], [-122.4593, 38.7499], [-122.457, 38.7502], [-122.4535, 38.7486], [-122.4506, 38.7509], [-122.4489, 38.7512], [-122.4472, 38.7504], [-122.4462, 38.7507], [-122.4471, 38.7523], [-122.4441, 38.753], [-122.4447, 38.7539], [-122.4421, 38.7542], [-122.4428, 38.7567], [-122.4422, 38.7576], [-122.4367, 38.7572], [-122.4333, 38.7559], [-122.4223, 38.7542], [-122.4218, 38.7526], [-122.4236, 38.7513], [-122.4224, 38.7436], [-122.4197, 38.7413], [-122.4185, 38.7386], [-122.417, 38.738], [-122.4154, 38.738], [-122.4132, 38.7392], [-122.4124, 38.7406], [-122.4109, 38.7413], [-122.4097, 38.7441], [-122.4105, 38.7453], [-122.4104, 38.747], [-122.4091, 38.7491], [-122.4008, 38.7503], [-122.4032, 38.7526], [-122.4062, 38.7535], [-122.4109, 38.7523], [-122.4137, 38.7495], [-122.4156, 38.7496], [-122.4172, 38.7524], [-122.4182, 38.7579], [-122.4137, 38.7625], [-122.4144, 38.7662], [-122.4124, 38.7702], [-122.4151, 38.7696], [-122.4161, 38.7715], [-122.4201, 38.7716], [-122.4237, 38.7706], [-122.4246, 38.7716], [-122.4286, 38.7711], [-122.4296, 38.7719], [-122.4303, 38.7716], [-122.4354, 38.7727], [-122.4365, 38.7735], [-122.4369, 38.7727], [-122.4386, 38.7731], [-122.4407, 38.775], [-122.4398, 38.7775], [-122.4354, 38.777], [-122.4346, 38.7801], [-122.4376, 38.7842], [-122.4394, 38.7847], [-122.4415, 38.7889], [-122.4408, 38.7897], [-122.439, 38.7901], [-122.4361, 38.7926], [-122.4336, 38.7929], [-122.4312, 38.7893], [-122.4314, 38.7853], [-122.4283, 38.7845], [-122.4256, 38.7855], [-122.4247, 38.789], [-122.4204, 38.7862], [-122.4225, 38.7859], [-122.4243, 38.7834], [-122.4237, 38.7825], [-122.4216, 38.7846], [-122.4206, 38.7847], [-122.4199, 38.782], [-122.4206, 38.7814], [-122.4205, 38.7798], [-122.4191, 38.7808], [-122.4157, 38.7803], [-122.4151, 38.7837], [-122.4127, 38.7828], [-122.4119, 38.7831], [-122.4158, 38.786], [-122.416, 38.7871], [-122.4142, 38.7888], [-122.4152, 38.7908], [-122.4227, 38.7931], [-122.4243, 38.7945], [-122.4291, 38.794], [-122.4328, 38.7963], [-122.4353, 38.7991], [-122.4409, 38.8002], [-122.4414, 38.8015], [-122.444, 38.8027], [-122.4456, 38.8063], [-122.4456, 38.8069], [-122.4433, 38.807], [-122.4435, 38.8082], [-122.4427, 38.8086], [-122.4442, 38.8104], [-122.4474, 38.8113], [-122.4482, 38.8124], [-122.4521, 38.8131], [-122.4626, 38.8183], [-122.4674, 38.8194], [-122.4697, 38.8186], [-122.4735, 38.8192], [-122.4755, 38.8186], [-122.4752, 38.817], [-122.4758, 38.8167], [-122.4761, 38.8179], [-122.4813, 38.8195], [-122.4808, 38.821], [-122.4819, 38.8211], [-122.4816, 38.8225], [-122.4825, 38.8232], [-122.4835, 38.8225], [-122.4828, 38.8214], [-122.4835, 38.8211], [-122.4835, 38.8196], [-122.4866, 38.819], [-122.4885, 38.82], [-122.4885, 38.8227], [-122.4877, 38.8238], [-122.4893, 38.8258], [-122.4907, 38.8264], [-122.4912, 38.8296], [-122.4952, 38.8304], [-122.4964, 38.8331], [-122.5015, 38.8374], [-122.5023, 38.8402], [-122.5052, 38.8414], [-122.5053, 38.8449], [-122.5062, 38.845], [-122.5064, 38.8464], [-122.5038, 38.8482], [-122.5052, 38.8492], [-122.5071, 38.8528], [-122.5049, 38.8562], [-122.5073, 38.8573], [-122.5075, 38.8567], [-122.5097, 38.8563], [-122.5079, 38.8572], [-122.5112, 38.857], [-122.5136, 38.8591], [-122.5077, 38.8619], [-122.5026, 38.8611], [-122.5006, 38.8648], [-122.4952, 38.865], [-122.4895, 38.8663], [-122.4881, 38.8675], [-122.4879, 38.8689], [-122.4856, 38.8677], [-122.4796, 38.8678], [-122.4778, 38.8686], [-122.4767, 38.8682], [-122.4753, 38.8699], [-122.4721, 38.8707], [-122.4674, 38.8703], [-122.4643, 38.8679], [-122.4614, 38.8671], [-122.4555, 38.8638], [-122.4518, 38.8638], [-122.4482, 38.8614], [-122.4458, 38.8644], [-122.4425, 38.8636], [-122.442, 38.8639], [-122.4405, 38.8621], [-122.4391, 38.8616], [-122.4354, 38.8624], [-122.4343, 38.8616], [-122.4301, 38.8651], [-122.4318, 38.8679], [-122.4315, 38.8702], [-122.4277, 38.8663], [-122.4223, 38.8644], [-122.4196, 38.8627], [-122.4206, 38.8621], [-122.4185, 38.8609], [-122.4155, 38.862], [-122.4148, 38.8633], [-122.4118, 38.8623], [-122.4112, 38.8596], [-122.4128, 38.8604], [-122.4128, 38.8599], [-122.4099, 38.856], [-122.4108, 38.8563], [-122.4105, 38.8556], [-122.4111, 38.8558], [-122.4126, 38.8576], [-122.4149, 38.8577], [-122.4151, 38.8582], [-122.4212, 38.8599], [-122.4219, 38.8598], [-122.4209, 38.8576], [-122.4214, 38.8569], [-122.4273, 38.8583], [-122.4355, 38.8564], [-122.4246, 38.8516], [-122.4198, 38.8468], [-122.418, 38.8467], [-122.4166, 38.8489], [-122.4144, 38.8488], [-122.4125, 38.8477], [-122.4118, 38.8472], [-122.4131, 38.8457], [-122.416, 38.8453], [-122.4168, 38.8445], [-122.4163, 38.8425], [-122.4149, 38.8421], [-122.4125, 38.844], [-122.4089, 38.8447], [-122.4098, 38.8427], [-122.4049, 38.8398], [-122.4093, 38.8378], [-122.4075, 38.8362], [-122.4001, 38.8332], [-122.4014, 38.8318], [-122.3983, 38.8307], [-122.4004, 38.8285], [-122.3997, 38.8277], [-122.3924, 38.8247], [-122.3916, 38.8205], [-122.3884, 38.8199], [-122.3879, 38.819], [-122.3887, 38.8172], [-122.3916, 38.8166], [-122.3925, 38.8148], [-122.3883, 38.815], [-122.3843, 38.8086], [-122.3871, 38.8078], [-122.3871, 38.8106], [-122.3879, 38.8117], [-122.3903, 38.8122], [-122.393, 38.8105], [-122.3925, 38.8078], [-122.3883, 38.8067], [-122.3889, 38.8059], [-122.3866, 38.8029], [-122.3835, 38.8014], [-122.3838, 38.8003], [-122.386, 38.7993], [-122.3842, 38.797], [-122.3798, 38.7939], [-122.3754, 38.7882], [-122.3646, 38.7832], [-122.3644, 38.7821], [-122.3679, 38.7826], [-122.3666, 38.7815], [-122.367, 38.7801], [-122.3635, 38.7741], [-122.3623, 38.7732], [-122.3586, 38.773], [-122.3557, 38.7717], [-122.3516, 38.7685], [-122.3516, 38.7669], [-122.3491, 38.7646], [-122.3498, 38.763], [-122.349, 38.7623], [-122.3555, 38.7617], [-122.3541, 38.7587], [-122.3541, 38.7554], [-122.3558, 38.7557], [-122.356, 38.755], [-122.3575, 38.7559], [-122.3587, 38.7541], [-122.3602, 38.754], [-122.3614, 38.7526], [-122.3653, 38.7528], [-122.3666, 38.7538], [-122.3679, 38.7567], [-122.3718, 38.758], [-122.3709, 38.7596], [-122.3738, 38.7599], [-122.3747, 38.7576], [-122.3734, 38.7565], [-122.3734, 38.7543], [-122.3705, 38.7495], [-122.3708, 38.7452], [-122.3687, 38.7443], [-122.3675, 38.745], [-122.3668, 38.7447], [-122.3656, 38.7416], [-122.3665, 38.7387], [-122.3688, 38.7362], [-122.3686, 38.7345], [-122.3667, 38.7357], [-122.3662, 38.7352], [-122.3643, 38.7373], [-122.3622, 38.7357], [-122.36, 38.7362], [-122.3594, 38.7372], [-122.3574, 38.7372], [-122.3554, 38.7332], [-122.3563, 38.7327], [-122.3572, 38.7291], [-122.3592, 38.7273], [-122.3568, 38.725], [-122.3582, 38.7252], [-122.3585, 38.7237], [-122.3623, 38.7217], [-122.3633, 38.7203], [-122.3646, 38.7221], [-122.3654, 38.7209], [-122.3671, 38.7203], [-122.3707, 38.7213], [-122.3727, 38.7208], [-122.373, 38.7192], [-122.3752, 38.717], [-122.3765, 38.718], [-122.3796, 38.7179], [-122.3805, 38.7188], [-122.3804, 38.7217], [-122.378, 38.724], [-122.3806, 38.7272], [-122.3839, 38.7283], [-122.3863, 38.7275], [-122.3919, 38.7305], [-122.3932, 38.7305], [-122.3951, 38.7296], [-122.3957, 38.7286], [-122.3958, 38.725], [-122.3942, 38.7221], [-122.3944, 38.7202], [-122.3923, 38.7186], [-122.3933, 38.7181], [-122.3927, 38.7161], [-122.3951, 38.7146], [-122.3867, 38.7087], [-122.3835, 38.7037], [-122.3838, 38.7028], [-122.388, 38.7023], [-122.3833, 38.7013], [-122.3817, 38.7016], [-122.377, 38.7], [-122.3769, 38.6907], [-122.3713, 38.69], [-122.3718, 38.6905], [-122.3702, 38.694], [-122.3686, 38.6954], [-122.3625, 38.6925], [-122.3578, 38.6888], [-122.3563, 38.6852], [-122.3506, 38.6793], [-122.3521, 38.6777], [-122.3496, 38.678], [-122.3389, 38.6716], [-122.3374, 38.6693], [-122.3377, 38.6684], [-122.3365, 38.6684], [-122.3347, 38.6635], [-122.3337, 38.6628], [-122.3327, 38.6631], [-122.3312, 38.6627], [-122.328, 38.6597], [-122.3237, 38.6586], [-122.3216, 38.657], [-122.3177, 38.6564], [-122.3181, 38.6542], [-122.3196, 38.6556], [-122.3194, 38.6542], [-122.3222, 38.6532], [-122.3221, 38.6524], [-122.3185, 38.6525], [-122.316, 38.6495], [-122.3086, 38.6439], [-122.3057, 38.6453], [-122.3025, 38.6455], [-122.3036, 38.6428], [-122.3089, 38.6416], [-122.3052, 38.641], [-122.302, 38.6421], [-122.3003, 38.6405], [-122.3006, 38.6397], [-122.3023, 38.6393], [-122.3012, 38.6379], [-122.3018, 38.6364], [-122.3049, 38.6343], [-122.3032, 38.6341], [-122.3043, 38.6324], [-122.3018, 38.6311], [-122.3032, 38.6309], [-122.3041, 38.63], [-122.3025, 38.6301], [-122.3017, 38.6293], [-122.3003, 38.6298], [-122.2989, 38.6289], [-122.2951, 38.6282], [-122.2928, 38.6246], [-122.2901, 38.6228], [-122.2903, 38.6211], [-122.2882, 38.6204], [-122.2883, 38.619], [-122.2896, 38.6189], [-122.2881, 38.6182], [-122.2881, 38.6173], [-122.2891, 38.6167], [-122.2906, 38.6184], [-122.2916, 38.6183], [-122.2912, 38.6178], [-122.293, 38.6179], [-122.2954, 38.619], [-122.2965, 38.619], [-122.2975, 38.6176], [-122.3051, 38.618], [-122.3073, 38.6146], [-122.3092, 38.6141], [-122.3099, 38.6123], [-122.3092, 38.6102], [-122.3077, 38.6103], [-122.3061, 38.6123], [-122.305, 38.6122], [-122.305, 38.615], [-122.304, 38.6166], [-122.3008, 38.6169], [-122.2972, 38.6154], [-122.2964, 38.6163], [-122.295, 38.6164], [-122.2946, 38.6174], [-122.2934, 38.6165], [-122.2913, 38.6165], [-122.2873, 38.6135], [-122.2846, 38.6127], [-122.2831, 38.6101], [-122.2823, 38.6108], [-122.2822, 38.6142], [-122.2796, 38.6136], [-122.2782, 38.6115], [-122.2769, 38.6118], [-122.2756, 38.6112], [-122.276, 38.61], [-122.2736, 38.6077], [-122.2739, 38.6053], [-122.2749, 38.6042], [-122.2706, 38.6033], [-122.2689, 38.6018], [-122.2683, 38.6], [-122.2663, 38.6005], [-122.2658, 38.5994], [-122.2668, 38.5989], [-122.2662, 38.5972], [-122.2668, 38.5951], [-122.2642, 38.595], [-122.2598, 38.5917], [-122.2578, 38.5911], [-122.2572, 38.5918], [-122.2586, 38.5935], [-122.2569, 38.5938], [-122.2567, 38.5925], [-122.2544, 38.5914], [-122.256, 38.5911], [-122.255, 38.5879], [-122.2537, 38.5874], [-122.2539, 38.5865], [-122.2525, 38.5857], [-122.2529, 38.5817], [-122.2516, 38.5812], [-122.2526, 38.5807], [-122.2518, 38.5797], [-122.2493, 38.5803], [-122.2497, 38.5794], [-122.2537, 38.5781], [-122.251, 38.5775], [-122.25, 38.5778], [-122.2498, 38.5772], [-122.2483, 38.5775], [-122.2468, 38.5767], [-122.2454, 38.5787], [-122.2444, 38.5788], [-122.2433, 38.5775], [-122.245, 38.5772], [-122.244, 38.5764], [-122.2439, 38.5749], [-122.2422, 38.5768], [-122.241, 38.5771], [-122.2411, 38.5758], [-122.2383, 38.5752], [-122.2411, 38.5733], [-122.2391, 38.5735], [-122.239, 38.5729], [-122.2421, 38.5722], [-122.2385, 38.572], [-122.2401, 38.5711], [-122.2382, 38.5709], [-122.2384, 38.5696], [-122.2398, 38.5692], [-122.2385, 38.5687], [-122.2387, 38.5671], [-122.2378, 38.5672], [-122.2367, 38.569], [-122.2356, 38.5692], [-122.235, 38.5717], [-122.236, 38.573], [-122.2352, 38.5734], [-122.2344, 38.5709], [-122.2352, 38.569], [-122.234, 38.5693], [-122.2334, 38.5676], [-122.2352, 38.5669], [-122.2354, 38.566], [-122.2319, 38.5607], [-122.2344, 38.5604], [-122.2326, 38.5588], [-122.2355, 38.559], [-122.2323, 38.5536], [-122.2327, 38.5523], [-122.234, 38.5531], [-122.2353, 38.5519], [-122.2343, 38.5496], [-122.2348, 38.5489], [-122.2365, 38.5491], [-122.2368, 38.5479], [-122.2362, 38.5475], [-122.2338, 38.5487], [-122.2293, 38.5491], [-122.2271, 38.5486], [-122.2274, 38.5479], [-122.2253, 38.5471], [-122.2246, 38.5458], [-122.2238, 38.5459], [-122.2228, 38.5437], [-122.2232, 38.5414], [-122.2221, 38.5407], [-122.2203, 38.5408], [-122.2204, 38.5403], [-122.2169, 38.5375], [-122.2164, 38.5358], [-122.2172, 38.5352], [-122.2151, 38.5343], [-122.2135, 38.5312], [-122.2139, 38.5305], [-122.2112, 38.5273], [-122.2106, 38.5252], [-122.2107, 38.5247], [-122.2126, 38.5256], [-122.2139, 38.5248], [-122.2194, 38.5283], [-122.219, 38.5255], [-122.2146, 38.5201], [-122.2136, 38.5176], [-122.2143, 38.5169], [-122.2133, 38.5165], [-122.2136, 38.5155], [-122.2126, 38.5141], [-122.2132, 38.5137], [-122.2103, 38.5067], [-122.2144, 38.5064], [-122.2241, 38.5111], [-122.2287, 38.5104], [-122.2299, 38.5108], [-122.2303, 38.5103], [-122.2255, 38.5102], [-122.2218, 38.5088], [-122.2205, 38.5072], [-122.2162, 38.5055], [-122.2142, 38.5038], [-122.2139, 38.5016], [-122.2133, 38.5016], [-122.213, 38.5039], [-122.2121, 38.5048], [-122.2078, 38.5043], [-122.2073, 38.5027], [-122.2043, 38.5002], [-122.2011, 38.4934], [-122.1994, 38.4967], [-122.1999, 38.4974], [-122.2009, 38.4974], [-122.2007, 38.4983], [-122.2017, 38.4984], [-122.2006, 38.4994], [-122.2018, 38.5001], [-122.2002, 38.5014], [-122.2019, 38.5017], [-122.2024, 38.5029], [-122.2036, 38.503], [-122.2039, 38.5021], [-122.2059, 38.5031], [-122.2054, 38.5066], [-122.2035, 38.5045], [-122.204, 38.5035], [-122.1993, 38.5031], [-122.2002, 38.5045], [-122.1966, 38.5055], [-122.1959, 38.5083], [-122.1938, 38.5113], [-122.1928, 38.5114], [-122.1926, 38.5103], [-122.1909, 38.5105], [-122.1927, 38.5134], [-122.1911, 38.513], [-122.1908, 38.5148], [-122.1878, 38.5151], [-122.1879, 38.5161], [-122.1863, 38.5178], [-122.1838, 38.5159], [-122.1832, 38.5177], [-122.175, 38.5213], [-122.1749, 38.5227], [-122.1768, 38.5234], [-122.1771, 38.5253], [-122.1749, 38.525], [-122.1726, 38.5234], [-122.1664, 38.5229], [-122.1656, 38.5225], [-122.1658, 38.5216], [-122.1671, 38.5214], [-122.1659, 38.5201], [-122.1676, 38.5194], [-122.1663, 38.5186], [-122.1668, 38.5168], [-122.1682, 38.5157], [-122.1707, 38.5157], [-122.169, 38.5138], [-122.1717, 38.5135], [-122.1682, 38.5121], [-122.1681, 38.5108], [-122.167, 38.5105], [-122.1682, 38.51], [-122.1666, 38.5091], [-122.1671, 38.5064], [-122.1657, 38.5045], [-122.1646, 38.5044], [-122.1653, 38.5037], [-122.1643, 38.5038], [-122.1664, 38.5028], [-122.165, 38.5025], [-122.1627, 38.5006], [-122.1629, 38.4983], [-122.1617, 38.4974], [-122.1629, 38.4956], [-122.1615, 38.4909], [-122.1597, 38.4868], [-122.1578, 38.4853], [-122.1571, 38.4837], [-122.1573, 38.4846], [-122.1564, 38.4861], [-122.1576, 38.4871], [-122.1567, 38.4895], [-122.1573, 38.492], [-122.1585, 38.4929], [-122.1582, 38.4953], [-122.155, 38.4955], [-122.1587, 38.4968], [-122.1587, 38.5002], [-122.1573, 38.5021], [-122.1595, 38.5023], [-122.1603, 38.5031], [-122.1618, 38.5106], [-122.1593, 38.5135], [-122.1603, 38.5149], [-122.1588, 38.5163], [-122.1598, 38.5184], [-122.1561, 38.5219], [-122.1564, 38.5228], [-122.1545, 38.5228], [-122.1551, 38.5243], [-122.1516, 38.523], [-122.1513, 38.5235], [-122.1529, 38.5253], [-122.1506, 38.5261], [-122.1473, 38.53], [-122.1451, 38.5305], [-122.1435, 38.5295], [-122.1427, 38.5279], [-122.1434, 38.5267], [-122.143, 38.5258], [-122.1439, 38.525], [-122.1432, 38.5244], [-122.1432, 38.5227], [-122.1415, 38.5189], [-122.1387, 38.5176], [-122.1395, 38.5165], [-122.1372, 38.5163], [-122.1369, 38.5154], [-122.1352, 38.5169], [-122.1324, 38.5139], [-122.1334, 38.5161], [-122.1329, 38.5178], [-122.1313, 38.5172], [-122.1309, 38.5157], [-122.1301, 38.5164], [-122.1284, 38.5161], [-122.1274, 38.5145], [-122.128, 38.513], [-122.126, 38.5144], [-122.1226, 38.51], [-122.1231, 38.5094], [-122.1202, 38.5089], [-122.1211, 38.5071], [-122.1229, 38.5072], [-122.1224, 38.5061], [-122.1239, 38.5029], [-122.1274, 38.5028], [-122.1254, 38.5014], [-122.1249, 38.4994], [-122.1259, 38.4975], [-122.1254, 38.4962], [-122.1277, 38.4933], [-122.1258, 38.4934], [-122.1245, 38.4947], [-122.1211, 38.4992], [-122.1205, 38.502], [-122.1193, 38.5032], [-122.1182, 38.5032], [-122.1168, 38.5042], [-122.1172, 38.5053], [-122.1138, 38.5067], [-122.1168, 38.5074], [-122.115, 38.5096], [-122.1135, 38.5089], [-122.1132, 38.51], [-122.1114, 38.5098], [-122.1088, 38.5116], [-122.1039, 38.5119], [-122.1039, 38.5129], [-122.0987, 38.5121], [-122.0957, 38.5128], [-122.1079, 38.5158], [-122.1106, 38.5146], [-122.1138, 38.5153], [-122.1147, 38.5149], [-122.1171, 38.5157], [-122.1177, 38.5171], [-122.12, 38.5177], [-122.1188, 38.5187], [-122.1193, 38.5194], [-122.1212, 38.519], [-122.1225, 38.5208], [-122.1246, 38.5214], [-122.1227, 38.5242], [-122.1261, 38.5226], [-122.1283, 38.5238], [-122.1285, 38.5248], [-122.1298, 38.5249], [-122.1301, 38.5241], [-122.1317, 38.5247], [-122.1366, 38.5214], [-122.1378, 38.5218], [-122.1384, 38.5207], [-122.14, 38.5246], [-122.1393, 38.525], [-122.1385, 38.5243], [-122.1359, 38.5262], [-122.1353, 38.5277], [-122.1336, 38.5269], [-122.1316, 38.5274], [-122.1316, 38.5279], [-122.1334, 38.5285], [-122.1331, 38.529], [-122.1345, 38.5289], [-122.1305, 38.5358], [-122.1314, 38.5363], [-122.1315, 38.5351], [-122.1388, 38.5282], [-122.1376, 38.5313], [-122.1395, 38.5319], [-122.1394, 38.5348], [-122.1369, 38.5359], [-122.1399, 38.5364], [-122.1399, 38.5371], [-122.138, 38.5379], [-122.1406, 38.5389], [-122.1408, 38.5418], [-122.1416, 38.542], [-122.1435, 38.5447], [-122.1444, 38.5444], [-122.1434, 38.5409], [-122.1436, 38.5382], [-122.1422, 38.5374], [-122.1426, 38.5365], [-122.1417, 38.5355], [-122.1424, 38.5337], [-122.1445, 38.5336], [-122.1451, 38.5341], [-122.148, 38.5331], [-122.1559, 38.5323], [-122.1564, 38.5307], [-122.1585, 38.5302], [-122.1602, 38.5313], [-122.1597, 38.5348], [-122.1617, 38.5337], [-122.1603, 38.5365], [-122.1618, 38.5373], [-122.16, 38.538], [-122.1597, 38.539], [-122.1619, 38.5388], [-122.162, 38.5396], [-122.1608, 38.5403], [-122.1628, 38.541], [-122.1625, 38.5437], [-122.1599, 38.5426], [-122.1589, 38.5431], [-122.1611, 38.545], [-122.1639, 38.5453], [-122.1638, 38.5465], [-122.1646, 38.5473], [-122.1637, 38.5479], [-122.1656, 38.5484], [-122.1635, 38.5503], [-122.1649, 38.5505], [-122.1674, 38.5494], [-122.1695, 38.5497], [-122.1698, 38.5505], [-122.1712, 38.55], [-122.1724, 38.5514], [-122.1714, 38.5548], [-122.1735, 38.5528], [-122.1793, 38.5545], [-122.1855, 38.5537], [-122.1879, 38.5558], [-122.1893, 38.5541], [-122.1893, 38.5561], [-122.1859, 38.5597], [-122.1836, 38.5605], [-122.1809, 38.5638], [-122.1795, 38.5636], [-122.1782, 38.5643], [-122.179, 38.5654], [-122.1783, 38.5665], [-122.176, 38.5666], [-122.173, 38.5645], [-122.1693, 38.5647], [-122.1649, 38.5621], [-122.1631, 38.5619], [-122.1621, 38.5628], [-122.1607, 38.5627], [-122.1549, 38.565], [-122.1545, 38.5669], [-122.1509, 38.5652], [-122.1472, 38.5644], [-122.1467, 38.5658], [-122.1429, 38.5671], [-122.1433, 38.5702], [-122.1403, 38.5708], [-122.1379, 38.5705], [-122.1373, 38.5697], [-122.1363, 38.5714], [-122.1355, 38.5712], [-122.136, 38.57], [-122.1345, 38.5689], [-122.1358, 38.5684], [-122.1361, 38.5671], [-122.134, 38.5652], [-122.133, 38.5658], [-122.1323, 38.5692], [-122.1312, 38.5696], [-122.128, 38.5688], [-122.1243, 38.5718], [-122.1211, 38.571], [-122.1185, 38.5728], [-122.1212, 38.5766], [-122.1201, 38.5804], [-122.1151, 38.58], [-122.1148, 38.5815], [-122.1178, 38.5837], [-122.121, 38.5838], [-122.1224, 38.5852], [-122.125, 38.5837], [-122.1252, 38.5851], [-122.1267, 38.585], [-122.1276, 38.5874], [-122.1227, 38.5887], [-122.1234, 38.5903], [-122.1192, 38.5906], [-122.1188, 38.5931], [-122.1201, 38.5934], [-122.1204, 38.5944], [-122.1171, 38.5944], [-122.1171, 38.5972], [-122.1143, 38.5988], [-122.1161, 38.5996], [-122.1162, 38.602], [-122.1179, 38.6019], [-122.1178, 38.6041], [-122.1206, 38.604], [-122.1238, 38.6046], [-122.1244, 38.6057], [-122.1267, 38.6056], [-122.1288, 38.6079], [-122.1263, 38.6061], [-122.1264, 38.6075], [-122.1236, 38.6068], [-122.1217, 38.6087], [-122.1218, 38.6095], [-122.1203, 38.61], [-122.1195, 38.61], [-122.1193, 38.6081], [-122.1176, 38.608], [-122.1163, 38.6094], [-122.1184, 38.6111], [-122.1172, 38.611], [-122.1161, 38.6118], [-122.1169, 38.6123], [-122.1153, 38.6134], [-122.1155, 38.6157], [-122.1199, 38.6178], [-122.1188, 38.6219], [-122.1208, 38.622], [-122.1202, 38.6231], [-122.1209, 38.6261], [-122.1238, 38.6266], [-122.1238, 38.6239], [-122.1244, 38.6238], [-122.1258, 38.6265], [-122.1269, 38.6265], [-122.1274, 38.6251], [-122.1261, 38.6225], [-122.1271, 38.6206], [-122.1273, 38.623], [-122.1288, 38.6237], [-122.1292, 38.6275], [-122.1268, 38.6288], [-122.1253, 38.6315], [-122.1263, 38.6315], [-122.1265, 38.633], [-122.1273, 38.6328], [-122.1272, 38.6343], [-122.1278, 38.634], [-122.1269, 38.6363], [-122.128, 38.6369], [-122.1289, 38.6364], [-122.1295, 38.6402], [-122.1303, 38.6401], [-122.132, 38.6437], [-122.132, 38.6453], [-122.1306, 38.6461], [-122.1296, 38.6497], [-122.1318, 38.6524], [-122.1319, 38.6547], [-122.1337, 38.657], [-122.1352, 38.6576], [-122.1353, 38.6587], [-122.1406, 38.6588], [-122.1437, 38.6595], [-122.1553, 38.6661], [-122.1596, 38.67], [-122.1607, 38.6723], [-122.1752, 38.6765], [-122.1785, 38.6792], [-122.1831, 38.6783], [-122.1833, 38.679], [-122.1823, 38.6796], [-122.1854, 38.6821], [-122.1919, 38.6839], [-122.1997, 38.6837], [-122.202, 38.6843], [-122.2027, 38.684], [-122.2039, 38.6771], [-122.2011, 38.674], [-122.2022, 38.6733], [-122.2027, 38.6743], [-122.2045, 38.6737], [-122.2032, 38.6703], [-122.2025, 38.664], [-122.2009, 38.6604], [-122.2016, 38.6595], [-122.1996, 38.6574], [-122.2004, 38.6549], [-122.2, 38.6543], [-122.1969, 38.6543], [-122.1946, 38.6532], [-122.1953, 38.6487], [-122.1917, 38.6477], [-122.1884, 38.6479], [-122.1877, 38.6467], [-122.1889, 38.6422], [-122.1952, 38.6355], [-122.1964, 38.6318], [-122.1977, 38.6362], [-122.2017, 38.637], [-122.2055, 38.6396], [-122.207, 38.6421], [-122.2182, 38.6482], [-122.2213, 38.6489], [-122.2267, 38.6476], [-122.2295, 38.648], [-122.2308, 38.6491], [-122.2306, 38.651], [-122.233, 38.6521], [-122.2387, 38.6526], [-122.2385, 38.6504], [-122.2372, 38.6484], [-122.2349, 38.6482], [-122.236, 38.6465], [-122.2354, 38.6445], [-122.2366, 38.6431], [-122.2352, 38.64], [-122.2355, 38.6368], [-122.2339, 38.6333], [-122.2341, 38.6323], [-122.2355, 38.6318], [-122.2363, 38.6345], [-122.2394, 38.6387], [-122.2382, 38.6419], [-122.2405, 38.6427], [-122.2424, 38.6453], [-122.2454, 38.6464], [-122.246, 38.6474], [-122.2454, 38.649], [-122.2466, 38.6488], [-122.2502, 38.6511], [-122.2519, 38.6545], [-122.2517, 38.6566], [-122.2527, 38.6577], [-122.2547, 38.6577], [-122.255, 38.6595], [-122.2537, 38.6593], [-122.2536, 38.6612], [-122.2561, 38.6639], [-122.2549, 38.6646], [-122.2569, 38.6671], [-122.2576, 38.6694], [-122.2595, 38.669], [-122.2598, 38.6716], [-122.262, 38.6717], [-122.2631, 38.6735], [-122.2621, 38.6733], [-122.262, 38.6743], [-122.2643, 38.6778], [-122.2707, 38.6772], [-122.2728, 38.6779], [-122.2709, 38.6779], [-122.2696, 38.6808], [-122.2703, 38.6828], [-122.2716, 38.6842], [-122.2762, 38.6849], [-122.2777, 38.6841], [-122.2792, 38.6815], [-122.2784, 38.6803], [-122.276, 38.68], [-122.2765, 38.6781], [-122.2756, 38.6771], [-122.2775, 38.6751], [-122.276, 38.6706], [-122.2767, 38.667], [-122.2736, 38.6639], [-122.2729, 38.6622], [-122.2734, 38.6608], [-122.2721, 38.6593], [-122.2725, 38.6586], [-122.2749, 38.6613], [-122.2761, 38.6617], [-122.2769, 38.6615], [-122.2758, 38.6601], [-122.2777, 38.6598], [-122.2788, 38.6605], [-122.2788, 38.6589], [-122.2773, 38.6583], [-122.2753, 38.6585], [-122.2737, 38.6565], [-122.275, 38.6541], [-122.2772, 38.6544], [-122.2771, 38.6481], [-122.2784, 38.6466], [-122.2784, 38.6475], [-122.2795, 38.6475], [-122.2818, 38.6454], [-122.2836, 38.645], [-122.2817, 38.6447], [-122.2809, 38.6431], [-122.2824, 38.6422], [-122.2819, 38.6415], [-122.2866, 38.6384], [-122.2858, 38.6367], [-122.2864, 38.6359], [-122.2873, 38.6362], [-122.2883, 38.6355], [-122.2872, 38.6349], [-122.2872, 38.6336], [-122.2881, 38.6338], [-122.2888, 38.633], [-122.2918, 38.633], [-122.292, 38.6339], [-122.2929, 38.6338], [-122.2932, 38.6345], [-122.2922, 38.6348], [-122.2934, 38.6361], [-122.2945, 38.6359], [-122.2943, 38.6354], [-122.2953, 38.6355], [-122.297, 38.6374], [-122.2952, 38.6383], [-122.2928, 38.6372], [-122.2932, 38.6384], [-122.2962, 38.6403], [-122.2957, 38.641], [-122.2969, 38.6417], [-122.296, 38.6417], [-122.2976, 38.6428], [-122.2967, 38.6434], [-122.3006, 38.6479], [-122.3013, 38.6477], [-122.3017, 38.649], [-122.3036, 38.65], [-122.3029, 38.6506], [-122.3053, 38.6534], [-122.3044, 38.65], [-122.3041, 38.6493], [-122.3025, 38.6483], [-122.3024, 38.648], [-122.3024, 38.648], [-122.3066, 38.6478], [-122.3079, 38.6489], [-122.3113, 38.6495], [-122.3114, 38.6502], [-122.3149, 38.6529], [-122.3149, 38.657], [-122.3167, 38.6589], [-122.3205, 38.6591], [-122.3254, 38.6635], [-122.3276, 38.6637], [-122.3294, 38.6653], [-122.3302, 38.6691], [-122.3303, 38.6659], [-122.3311, 38.6662], [-122.3333, 38.6708], [-122.3361, 38.6737], [-122.339, 38.6753], [-122.3439, 38.676], [-122.3454, 38.6775], [-122.3449, 38.6787], [-122.3466, 38.6789], [-122.3547, 38.6862], [-122.3495, 38.689], [-122.347, 38.6879], [-122.344, 38.6881], [-122.3388, 38.6872], [-122.3356, 38.6878], [-122.335, 38.6888], [-122.3365, 38.6895], [-122.338, 38.6937], [-122.3354, 38.6986], [-122.3314, 38.7018], [-122.3303, 38.702], [-122.3279, 38.6983], [-122.3316, 38.6946], [-122.3303, 38.6892], [-122.3272, 38.6873], [-122.3237, 38.6868], [-122.3245, 38.6886], [-122.3237, 38.689], [-122.3237, 38.6907], [-122.3252, 38.6928], [-122.3242, 38.6935], [-122.3231, 38.6928], [-122.3218, 38.6915], [-122.3212, 38.6884], [-122.3193, 38.6863], [-122.3187, 38.6832], [-122.3144, 38.6794], [-122.3075, 38.6748], [-122.3067, 38.6785], [-122.3076, 38.6805], [-122.3043, 38.6834], [-122.3072, 38.6852], [-122.3083, 38.6874], [-122.3066, 38.6886], [-122.3076, 38.6887], [-122.3099, 38.6907], [-122.3075, 38.6906], [-122.3054, 38.6894], [-122.3036, 38.6893], [-122.2998, 38.6912], [-122.2974, 38.69], [-122.2989, 38.6934], [-122.3, 38.6941], [-122.3028, 38.6939], [-122.3057, 38.6949], [-122.306, 38.6957], [-122.3041, 38.698], [-122.3004, 38.6982], [-122.3027, 38.7005], [-122.3026, 38.7017], [-122.3013, 38.7022], [-122.3003, 38.7038], [-122.3049, 38.7064], [-122.3067, 38.7063], [-122.3108, 38.7115], [-122.3121, 38.7201], [-122.3103, 38.7209], [-122.3073, 38.7193], [-122.3018, 38.7183], [-122.2982, 38.7151], [-122.2983, 38.7126], [-122.2946, 38.7127], [-122.2949, 38.7159], [-122.3002, 38.7185], [-122.301, 38.7238], [-122.3026, 38.7271], [-122.3069, 38.7311], [-122.3092, 38.7315], [-122.3081, 38.733], [-122.3069, 38.7331], [-122.3064, 38.7343], [-122.3083, 38.7349], [-122.3086, 38.7376], [-122.3069, 38.7398], [-122.308, 38.7484], [-122.3051, 38.7489], [-122.3042, 38.7497], [-122.3039, 38.7522], [-122.3046, 38.7537], [-122.3067, 38.7543], [-122.3064, 38.7531], [-122.3084, 38.7532], [-122.3146, 38.7666], [-122.3194, 38.771], [-122.3206, 38.7736], [-122.3207, 38.7783], [-122.3222, 38.7785], [-122.3227, 38.7792], [-122.3222, 38.7805], [-122.3233, 38.7808], [-122.3276, 38.7797], [-122.3312, 38.7777], [-122.331, 38.7769], [-122.3338, 38.7765], [-122.3358, 38.7789], [-122.3407, 38.7815], [-122.3446, 38.7859], [-122.3436, 38.7865], [-122.3327, 38.7831], [-122.3308, 38.7819], [-122.3292, 38.7833], [-122.3349, 38.7856], [-122.3358, 38.7875], [-122.3352, 38.7888], [-122.3363, 38.7894], [-122.3403, 38.7896], [-122.3396, 38.7923], [-122.3417, 38.7933], [-122.3428, 38.7959], [-122.3442, 38.7971], [-122.3461, 38.7975], [-122.346, 38.7996], [-122.3465, 38.8002], [-122.3472, 38.7998], [-122.3469, 38.8007], [-122.3478, 38.802], [-122.3441, 38.802], [-122.3443, 38.8031], [-122.3435, 38.8033], [-122.3424, 38.8023], [-122.3422, 38.8003], [-122.3409, 38.7999], [-122.3402, 38.7984], [-122.3377, 38.7996], [-122.3356, 38.7997], [-122.3356, 38.8021], [-122.3379, 38.8032], [-122.3365, 38.8035], [-122.3355, 38.8028], [-122.3349, 38.8039], [-122.3337, 38.8033], [-122.3341, 38.8028], [-122.3325, 38.8004], [-122.3309, 38.8004], [-122.3292, 38.7987], [-122.3285, 38.7999], [-122.3259, 38.7996], [-122.3266, 38.8012], [-122.3252, 38.8041], [-122.33, 38.806], [-122.3312, 38.8075], [-122.3321, 38.8072], [-122.332, 38.8082], [-122.3357, 38.8094], [-122.3364, 38.8105], [-122.3404, 38.8117], [-122.341, 38.8154], [-122.3429, 38.8172], [-122.3453, 38.8179], [-122.3446, 38.8186], [-122.3457, 38.8196], [-122.345, 38.8207], [-122.3416, 38.822], [-122.3421, 38.8231], [-122.3414, 38.8239], [-122.3442, 38.8247], [-122.3526, 38.8237], [-122.356, 38.8252], [-122.3568, 38.8267], [-122.3579, 38.8271], [-122.3577, 38.8282], [-122.3554, 38.8284], [-122.3556, 38.829], [-122.355, 38.8289], [-122.3552, 38.8309], [-122.3578, 38.8321], [-122.3557, 38.8341], [-122.3559, 38.8376], [-122.3596, 38.8389], [-122.3591, 38.8393], [-122.3602, 38.8398], [-122.3602, 38.8408], [-122.3591, 38.8415], [-122.3566, 38.8406], [-122.3567, 38.8417], [-122.3622, 38.8436], [-122.3644, 38.84], [-122.3656, 38.8408], [-122.3678, 38.8412], [-122.3677, 38.8423], [-122.3702, 38.8423], [-122.3715, 38.8432], [-122.3713, 38.8451], [-122.3729, 38.8455], [-122.3723, 38.8457], [-122.3738, 38.8464], [-122.3755, 38.8486], [-122.3754, 38.8499], [-122.3741, 38.85], [-122.3737, 38.8507], [-122.3781, 38.8529], [-122.378, 38.8538], [-122.3794, 38.854], [-122.3787, 38.855], [-122.3816, 38.8561], [-122.3823, 38.8552], [-122.3843, 38.8547], [-122.3836, 38.8565], [-122.3853, 38.8565], [-122.3874, 38.8578], [-122.3893, 38.8578], [-122.3902, 38.8584], [-122.3912, 38.8581], [-122.3909, 38.8567], [-122.392, 38.8573], [-122.3937, 38.8571], [-122.3931, 38.8578], [-122.3939, 38.8589], [-122.3956, 38.8595], [-122.3979, 38.8616], [-122.3978, 38.8636], [-122.3965, 38.8636], [-122.3959, 38.8646], [-122.3948, 38.8638], [-122.3965, 38.8659], [-122.396, 38.8668], [-122.394, 38.8652], [-122.3922, 38.8648], [-122.3905, 38.8657], [-122.3907, 38.865], [-122.3888, 38.8642], [-122.3888, 38.8634], [-122.3928, 38.8634], [-122.3925, 38.8622], [-122.3904, 38.863], [-122.3859, 38.8631], [-122.3854, 38.8656], [-122.3835, 38.8657], [-122.3824, 38.8679], [-122.3814, 38.8736], [-122.3831, 38.8743], [-122.3803, 38.8751], [-122.3824, 38.8777], [-122.381, 38.8776], [-122.3808, 38.8784], [-122.3799, 38.8785], [-122.3801, 38.8807], [-122.3794, 38.881], [-122.3776, 38.8796], [-122.3764, 38.8773], [-122.3712, 38.8779], [-122.3676, 38.8821], [-122.3666, 38.8826], [-122.3648, 38.8822], [-122.3627, 38.8836], [-122.3629, 38.8855], [-122.3598, 38.8908], [-122.3614, 38.8932], [-122.3585, 38.894], [-122.3577, 38.8919], [-122.3559, 38.892], [-122.355, 38.8928], [-122.3555, 38.8935], [-122.3529, 38.895], [-122.3483, 38.8943], [-122.3472, 38.8933], [-122.3487, 38.8927], [-122.348, 38.8902], [-122.3465, 38.889], [-122.3455, 38.886], [-122.3436, 38.8858], [-122.3429, 38.8848], [-122.3463, 38.8843], [-122.3471, 38.8822], [-122.3458, 38.8803], [-122.3446, 38.8804], [-122.3454, 38.8791], [-122.3439, 38.8783], [-122.346, 38.8771], [-122.3454, 38.8759], [-122.3463, 38.8739], [-122.3424, 38.871], [-122.339, 38.8704], [-122.3388, 38.8709], [-122.3367, 38.8711], [-122.3361, 38.872], [-122.3372, 38.872], [-122.3334, 38.8741], [-122.3322, 38.8776], [-122.3303, 38.877], [-122.3301, 38.8756], [-122.3315, 38.8749], [-122.3309, 38.8742], [-122.3261, 38.873], [-122.3245, 38.8735], [-122.326, 38.8766], [-122.3274, 38.8773], [-122.3273, 38.879], [-122.3285, 38.8797], [-122.3254, 38.8809], [-122.3268, 38.8823], [-122.3259, 38.8827], [-122.3259, 38.8835], [-122.3239, 38.8841], [-122.3243, 38.8879], [-122.3235, 38.8897], [-122.3243, 38.89], [-122.3259, 38.8893], [-122.3272, 38.8899], [-122.3295, 38.8887], [-122.3297, 38.8875], [-122.3328, 38.8871], [-122.3314, 38.8926], [-122.3278, 38.8939], [-122.3268, 38.8954], [-122.3276, 38.8957], [-122.3304, 38.894], [-122.3311, 38.8954], [-122.3297, 38.8969], [-122.3318, 38.897], [-122.3325, 38.8981], [-122.3356, 38.8991], [-122.334, 38.8998], [-122.3341, 38.9004], [-122.3351, 38.9004], [-122.3346, 38.9024], [-122.3338, 38.9025], [-122.3337, 38.9013], [-122.3326, 38.9017], [-122.3338, 38.9036], [-122.3332, 38.9051], [-122.3316, 38.9054], [-122.3316, 38.9062], [-122.3328, 38.9068], [-122.3319, 38.9071], [-122.3322, 38.9093], [-122.331, 38.9094], [-122.3316, 38.9086], [-122.3301, 38.9084], [-122.329, 38.9062], [-122.3281, 38.9066], [-122.3278, 38.9077], [-122.3262, 38.9081], [-122.3266, 38.9092], [-122.3294, 38.908], [-122.3296, 38.9084], [-122.3283, 38.9101], [-122.3292, 38.9104], [-122.3293, 38.9116], [-122.3284, 38.9116], [-122.328, 38.9104], [-122.3262, 38.9128], [-122.3262, 38.9141], [-122.3278, 38.9156], [-122.33, 38.9142], [-122.3322, 38.9137], [-122.3321, 38.9144], [-122.3332, 38.9147], [-122.3338, 38.9157], [-122.3357, 38.9141], [-122.337, 38.9167], [-122.3421, 38.9192], [-122.3431, 38.9216], [-122.3418, 38.9232], [-122.3386, 38.9226], [-122.337, 38.9249], [-122.3344, 38.9259], [-122.3326, 38.9254], [-122.3329, 38.9229], [-122.331, 38.9212], [-122.3273, 38.9219], [-122.3258, 38.9238], [-122.323, 38.9229], [-122.3228, 38.9236], [-122.3245, 38.9254], [-122.3253, 38.9245], [-122.3269, 38.9243], [-122.3294, 38.9226], [-122.3317, 38.923], [-122.3311, 38.9256], [-122.333, 38.9279], [-122.3338, 38.9339], [-122.3362, 38.9353], [-122.3374, 38.9378], [-122.3397, 38.9396], [-122.3415, 38.9425], [-122.346, 38.9452], [-122.3487, 38.9479], [-122.3483, 38.9488], [-122.3435, 38.9485], [-122.3407, 38.9494], [-122.3381, 38.9489], [-122.3269, 38.9508], [-122.3193, 38.951], [-122.3186, 38.95], [-122.3194, 38.9489], [-122.3183, 38.9472], [-122.3183, 38.9427], [-122.3195, 38.941], [-122.3195, 38.9379], [-122.3178, 38.9375], [-122.3152, 38.9334], [-122.3129, 38.9317], [-122.3121, 38.9301], [-122.3124, 38.9274], [-122.3111, 38.9282], [-122.31, 38.9275], [-122.3066, 38.9228], [-122.3052, 38.9223], [-122.3053, 38.9201], [-122.3047, 38.9198], [-122.3011, 38.9195], [-122.3023, 38.9201], [-122.3016, 38.921], [-122.302, 38.9216], [-122.2998, 38.9197], [-122.298, 38.9194], [-122.2963, 38.9202], [-122.2956, 38.9217], [-122.2966, 38.9229], [-122.2957, 38.9247], [-122.2961, 38.9255], [-122.2955, 38.9267], [-122.2937, 38.9274], [-122.2948, 38.9296], [-122.2941, 38.9299], [-122.2916, 38.9285], [-122.291, 38.9251], [-122.2885, 38.925], [-122.2876, 38.9242], [-122.2847, 38.9243], [-122.2811, 38.9265], [-122.2766, 38.9231], [-122.2719, 38.9208], [-122.2693, 38.9213], [-122.2661, 38.9197], [-122.2646, 38.9174], [-122.2622, 38.9165], [-122.2604, 38.9139], [-122.2596, 38.9107], [-122.2603, 38.9077], [-122.2621, 38.9059], [-122.2615, 38.9036], [-122.2627, 38.9037], [-122.2624, 38.9045], [-122.2638, 38.9054], [-122.2653, 38.9061], [-122.266, 38.9059], [-122.2629, 38.9023], [-122.2556, 38.8989], [-122.2531, 38.8958], [-122.2503, 38.8952], [-122.2492, 38.8931], [-122.2512, 38.8924], [-122.2478, 38.8916], [-122.2473, 38.8898], [-122.2488, 38.8899], [-122.2443, 38.8868], [-122.2434, 38.8841], [-122.2407, 38.8828], [-122.2398, 38.883], [-122.2392, 38.8815], [-122.2364, 38.8792], [-122.2362, 38.8778], [-122.2351, 38.8774], [-122.2371, 38.8763], [-122.2362, 38.8759], [-122.2354, 38.8738], [-122.2334, 38.873], [-122.2326, 38.8687], [-122.2333, 38.8676], [-122.2314, 38.866], [-122.2317, 38.8636], [-122.2302, 38.8633], [-122.2311, 38.8621], [-122.2271, 38.8595], [-122.2268, 38.8577], [-122.2283, 38.8576], [-122.2279, 38.8566], [-122.2256, 38.8555], [-122.2242, 38.8522], [-122.2248, 38.8508], [-122.2242, 38.8487], [-122.2279, 38.8489], [-122.2297, 38.8481], [-122.2286, 38.8476], [-122.2284, 38.8455], [-122.2249, 38.8456], [-122.2223, 38.8449], [-122.22, 38.843], [-122.2181, 38.8443], [-122.2155, 38.8432], [-122.2168, 38.8417], [-122.2163, 38.8407], [-122.2187, 38.8407], [-122.2161, 38.8372], [-122.2151, 38.8336], [-122.2129, 38.8315], [-122.21, 38.8322], [-122.2064, 38.8314], [-122.2043, 38.8324], [-122.2035, 38.8322], [-122.2043, 38.8306], [-122.2075, 38.8304], [-122.2067, 38.8294], [-122.2073, 38.828], [-122.2092, 38.8293], [-122.211, 38.8272], [-122.2107, 38.8263], [-122.2078, 38.8273], [-122.2047, 38.8234], [-122.2084, 38.8217], [-122.2076, 38.8177], [-122.2082, 38.8171], [-122.2108, 38.8174], [-122.2102, 38.8154], [-122.2087, 38.8155], [-122.2064, 38.8169], [-122.2064, 38.8144], [-122.2049, 38.814], [-122.2043, 38.8119], [-122.2093, 38.8107], [-122.2097, 38.8094], [-122.2093, 38.8088], [-122.203, 38.8064], [-122.2001, 38.8037], [-122.1965, 38.7941], [-122.1935, 38.7893], [-122.1943, 38.787], [-122.1926, 38.7858], [-122.1912, 38.7822], [-122.1926, 38.78], [-122.1923, 38.7773], [-122.193, 38.7761], [-122.1912, 38.7734], [-122.1917, 38.7698], [-122.1893, 38.7677], [-122.1875, 38.7623], [-122.1853, 38.7617], [-122.1859, 38.7599], [-122.1853, 38.7565], [-122.1831, 38.7538], [-122.1835, 38.7521], [-122.1827, 38.7508], [-122.18, 38.7483], [-122.1785, 38.7454], [-122.179, 38.7426], [-122.1758, 38.7342], [-122.1723, 38.7297], [-122.1694, 38.729], [-122.1688, 38.7283], [-122.1669, 38.7283], [-122.1672, 38.7272], [-122.1648, 38.7274], [-122.1637, 38.7262], [-122.1659, 38.7252], [-122.1666, 38.7258], [-122.1693, 38.7246], [-122.1673, 38.7217], [-122.1652, 38.721], [-122.1644, 38.7186], [-122.1654, 38.7177], [-122.1596, 38.7134], [-122.1543, 38.7128], [-122.1473, 38.7152], [-122.1457, 38.7141], [-122.1432, 38.7101], [-122.1436, 38.7089], [-122.1427, 38.7086], [-122.1444, 38.7063], [-122.1425, 38.7057], [-122.1384, 38.7004], [-122.1376, 38.7008], [-122.1349, 38.6987], [-122.1344, 38.697], [-122.1317, 38.696], [-122.1294, 38.6962], [-122.1219, 38.6941], [-122.1199, 38.693], [-122.1199, 38.6919], [-122.1161, 38.6922], [-122.1141, 38.6906], [-122.1121, 38.691], [-122.1077, 38.6894], [-122.1021, 38.6861], [-122.1017, 38.6845], [-122.0997, 38.6823], [-122.0969, 38.6821], [-122.0947, 38.6811], [-122.09, 38.6818], [-122.0872, 38.6802], [-122.0866, 38.6789], [-122.082, 38.6787], [-122.0816, 38.6775], [-122.0788, 38.6774], [-122.0793, 38.6753], [-122.0816, 38.6744], [-122.0818, 38.6719], [-122.0808, 38.6715], [-122.0807, 38.6695], [-122.0773, 38.6683], [-122.0777, 38.6641], [-122.076, 38.6626], [-122.0764, 38.661], [-122.0738, 38.6583], [-122.0732, 38.6558], [-122.0705, 38.6546], [-122.0652, 38.6492], [-122.0635, 38.649], [-122.0647, 38.6468], [-122.0639, 38.6471], [-122.0637, 38.6461], [-122.0655, 38.6418], [-122.0658, 38.6384], [-122.0701, 38.6363], [-122.071, 38.6344], [-122.0607, 38.6316], [-122.0618, 38.6247], [-122.0615, 38.6206], [-122.0625, 38.6188], [-122.0642, 38.6184], [-122.0621, 38.6175], [-122.0607, 38.6137], [-122.0593, 38.6127], [-122.0592, 38.6098], [-122.0565, 38.6062], [-122.0568, 38.604], [-122.0534, 38.6], [-122.0544, 38.5998], [-122.0543, 38.599], [-122.0575, 38.5965], [-122.0531, 38.5933], [-122.0539, 38.5916], [-122.0534, 38.5904], [-122.0566, 38.5883], [-122.0599, 38.5876], [-122.0606, 38.5867], [-122.0575, 38.5853], [-122.0562, 38.5822], [-122.0574, 38.575], [-122.059, 38.5741], [-122.0591, 38.5671], [-122.058, 38.5655], [-122.0522, 38.5632], [-122.0496, 38.5582], [-122.0472, 38.5555], [-122.0487, 38.5514], [-122.0484, 38.549], [-122.0458, 38.5477], [-122.0484, 38.5428], [-122.0478, 38.541], [-122.0447, 38.5396], [-122.0382, 38.5335], [-122.0424, 38.5325], [-122.0441, 38.5314], [-122.0417, 38.5322], [-122.0388, 38.5319], [-122.0373, 38.5325], [-122.0346, 38.53], [-122.0347, 38.529], [-122.0314, 38.5246], [-122.0302, 38.5214], [-122.028, 38.5211], [-122.0245, 38.5193], [-122.0196, 38.5186], [-122.0193, 38.5167], [-122.0172, 38.5153], [-122.0171, 38.5126], [-122.0158, 38.5125], [-122.0175, 38.5081], [-122.0209, 38.5096], [-122.0227, 38.5093], [-122.0258, 38.5107], [-122.0246, 38.5055], [-122.0252, 38.5053], [-122.0254, 38.503], [-122.0246, 38.4952], [-122.0277, 38.4944], [-122.0284, 38.4917], [-122.026, 38.4913], [-122.0264, 38.4902], [-122.023, 38.4876], [-122.0215, 38.4874], [-122.0214, 38.4891], [-122.02, 38.49], [-122.0171, 38.4887], [-122.0198, 38.4893], [-122.0206, 38.4889], [-122.0191, 38.4873], [-122.0205, 38.4876], [-122.0234, 38.4859], [-122.0217, 38.4825], [-122.0268, 38.4814], [-122.0247, 38.478], [-122.0258, 38.477], [-122.0264, 38.4743], [-122.0254, 38.4689], [-122.0237, 38.4655], [-122.0209, 38.4645], [-122.0176, 38.4644], [-122.017, 38.462], [-122.0191, 38.4598], [-122.0158, 38.4584], [-122.0124, 38.4526], [-122.0065, 38.4525], [-122.0051, 38.4517], [-122.0056, 38.4509], [-122.0024, 38.4509], [-122.0009, 38.4499], [-122.0, 38.4485], [-122.0016, 38.4474], [-121.9988, 38.445], [-121.9999, 38.445], [-122.0007, 38.4438], [-121.9985, 38.4433], [-121.998, 38.4418], [-121.9967, 38.4417], [-121.9951, 38.4398], [-121.9965, 38.4396], [-121.9976, 38.4384], [-121.9973, 38.4346], [-121.9985, 38.4343], [-121.9988, 38.4333], [-122.0007, 38.432], [-121.9967, 38.4326], [-121.9962, 38.4312], [-121.994, 38.4316], [-121.9921, 38.4303], [-121.9917, 38.4237], [-121.9881, 38.4234], [-121.9874, 38.4223], [-121.9878, 38.4219], [-121.9895, 38.4222], [-121.9889, 38.4213], [-121.9894, 38.421], [-121.9919, 38.4212], [-121.9888, 38.4147], [-121.9902, 38.413], [-121.9894, 38.4116], [-121.9908, 38.411], [-121.9915, 38.4098], [-121.9912, 38.4089], [-121.9899, 38.409], [-121.9897, 38.4103], [-121.9885, 38.4106], [-121.9873, 38.4087], [-121.986, 38.401], [-121.987, 38.3998], [-121.9893, 38.4017], [-121.9919, 38.4004], [-121.9951, 38.4003], [-121.9984, 38.4014], [-121.9995, 38.3991], [-121.9991, 38.3975], [-121.9969, 38.3958], [-121.9971, 38.3969], [-121.9955, 38.397], [-121.995, 38.3949], [-121.9955, 38.394], [-121.9948, 38.3936], [-121.9955, 38.3931], [-121.9943, 38.3925], [-121.9963, 38.3924], [-121.999, 38.3934], [-121.9999, 38.392], [-122.0014, 38.3921], [-122.003, 38.3952], [-122.0043, 38.3958], [-122.0036, 38.3934], [-122.0054, 38.3938], [-122.0053, 38.3933], [-122.0083, 38.392], [-122.0066, 38.3915], [-122.0067, 38.3905], [-122.0057, 38.3898], [-122.0083, 38.3887], [-122.01, 38.3892], [-122.0115, 38.3876], [-122.0101, 38.3863], [-122.0107, 38.386], [-122.0123, 38.387], [-122.0131, 38.386], [-122.0114, 38.3854], [-122.0081, 38.3857], [-122.0063, 38.3843], [-122.0073, 38.3828], [-122.0113, 38.383], [-122.0135, 38.3845], [-122.0168, 38.3849], [-122.0178, 38.3857], [-122.0188, 38.384], [-122.024, 38.3839], [-122.0243, 38.388], [-122.028, 38.3882], [-122.03, 38.3904], [-122.0325, 38.3908], [-122.036, 38.3902], [-122.0284, 38.3809], [-122.0256, 38.3763], [-122.0294, 38.3775], [-122.0335, 38.3812], [-122.0351, 38.3819], [-122.0351, 38.3836], [-122.0374, 38.3858], [-122.0389, 38.3854], [-122.0387, 38.3831], [-122.04, 38.3822], [-122.042, 38.3821], [-122.0419, 38.3811], [-122.0399, 38.3808], [-122.0387, 38.3786], [-122.0373, 38.3788], [-122.036, 38.3767], [-122.0338, 38.3771], [-122.0302, 38.3747], [-122.0318, 38.3718], [-122.0299, 38.3714], [-122.0331, 38.3693], [-122.0333, 38.3667], [-122.03, 38.3647], [-122.0312, 38.3637], [-122.0301, 38.3611], [-122.0262, 38.3615], [-122.0294, 38.3668], [-122.0287, 38.3714], [-122.024, 38.3717], [-122.024, 38.3705], [-122.0206, 38.3699], [-122.0192, 38.3673], [-122.0194, 38.3607], [-122.0183, 38.3599], [-122.0201, 38.359], [-122.0201, 38.3568], [-122.0178, 38.3563], [-122.0179, 38.3533], [-122.017, 38.3523], [-122.0155, 38.3522], [-122.0158, 38.3504], [-122.0151, 38.3496], [-122.0161, 38.348], [-122.0154, 38.3468], [-122.016, 38.3464], [-122.0151, 38.3458], [-122.0152, 38.3449], [-122.0136, 38.3446], [-122.0149, 38.3439], [-122.0143, 38.3429], [-122.0165, 38.3418], [-122.018, 38.3423], [-122.0207, 38.3446], [-122.0236, 38.3449], [-122.0235, 38.346], [-122.0216, 38.3461], [-122.0226, 38.3467], [-122.0223, 38.348], [-122.023, 38.3481], [-122.0232, 38.3491], [-122.0246, 38.3481], [-122.0245, 38.355], [-122.0233, 38.3552], [-122.0232, 38.3557], [-122.0247, 38.3576], [-122.0261, 38.3574], [-122.0266, 38.3559], [-122.0295, 38.3573], [-122.031, 38.3562], [-122.0304, 38.3532], [-122.0316, 38.3527], [-122.0279, 38.3519], [-122.0279, 38.3509], [-122.0289, 38.3508], [-122.0289, 38.3495], [-122.03, 38.3489], [-122.0278, 38.3468], [-122.0279, 38.3447], [-122.0346, 38.3449], [-122.0337, 38.3428], [-122.0345, 38.3418], [-122.0318, 38.3432], [-122.0292, 38.3424], [-122.0292, 38.3419], [-122.03, 38.3422], [-122.03, 38.3413], [-122.0276, 38.3414], [-122.0271, 38.3401], [-122.0247, 38.3397], [-122.0247, 38.3364], [-122.028, 38.3346], [-122.0259, 38.3301], [-122.0254, 38.3261], [-122.0234, 38.3269], [-122.0216, 38.3253], [-122.0219, 38.3258], [-122.0204, 38.3271], [-122.0168, 38.3277], [-122.0146, 38.3245], [-122.0101, 38.3241], [-122.0111, 38.316], [-122.0097, 38.3158], [-122.0098, 38.3109], [-122.0122, 38.3087], [-122.014, 38.3032], [-122.0147, 38.3026], [-122.0174, 38.3039], [-122.0199, 38.3065], [-122.0266, 38.309], [-122.0339, 38.3085], [-122.0345, 38.3064], [-122.0356, 38.3067], [-122.0366, 38.309], [-122.0366, 38.3081], [-122.0377, 38.3084], [-122.0373, 38.307], [-122.0392, 38.3071], [-122.04, 38.3088], [-122.0412, 38.3079], [-122.0409, 38.3073], [-122.043, 38.306], [-122.0422, 38.3053], [-122.0438, 38.3041], [-122.0437, 38.3021], [-122.0416, 38.3016], [-122.042, 38.303], [-122.0403, 38.3027], [-122.0372, 38.3044], [-122.0367, 38.302], [-122.0383, 38.3021], [-122.0382, 38.301], [-122.0412, 38.3001], [-122.0428, 38.2968], [-122.0449, 38.298], [-122.0469, 38.296], [-122.0474, 38.2966], [-122.048, 38.2956], [-122.0497, 38.2958], [-122.0513, 38.2966], [-122.0548, 38.3009], [-122.0577, 38.3022], [-122.0587, 38.302], [-122.0591, 38.3011], [-122.062, 38.3008], [-122.0633, 38.2997], [-122.0649, 38.2951], [-122.0675, 38.2961], [-122.0699, 38.2961], [-122.0716, 38.2978], [-122.0711, 38.3007], [-122.0687, 38.3019], [-122.0681, 38.3039], [-122.0691, 38.3044], [-122.0717, 38.3041], [-122.0718, 38.3046], [-122.0769, 38.3047], [-122.0819, 38.3076], [-122.0872, 38.309], [-122.0884, 38.3105], [-122.0864, 38.3117], [-122.0859, 38.3132], [-122.0873, 38.3151], [-122.0936, 38.3158], [-122.0934, 38.3167], [-122.0894, 38.3168], [-122.0881, 38.3177], [-122.0867, 38.3177], [-122.0877, 38.3193], [-122.0869, 38.32], [-122.08, 38.3217], [-122.08, 38.3232], [-122.0774, 38.3241], [-122.0758, 38.3267], [-122.0784, 38.327], [-122.0781, 38.3304], [-122.0813, 38.3325], [-122.0813, 38.3335], [-122.0823, 38.3328], [-122.0845, 38.3343], [-122.0905, 38.3346], [-122.0951, 38.3311], [-122.0963, 38.3306], [-122.0973, 38.3312], [-122.096, 38.3333], [-122.0955, 38.3364], [-122.0943, 38.3368], [-122.0953, 38.3371], [-122.0951, 38.338], [-122.0963, 38.3392], [-122.0944, 38.3485], [-122.0954, 38.3535], [-122.0991, 38.3558], [-122.0992, 38.3565], [-122.1061, 38.3574], [-122.1063, 38.358], [-122.1095, 38.3573], [-122.1113, 38.3557], [-122.1138, 38.3563], [-122.1166, 38.3552], [-122.1212, 38.3556], [-122.1244, 38.3569], [-122.1245, 38.358], [-122.1227, 38.3589], [-122.1201, 38.363], [-122.123, 38.3649], [-122.1249, 38.3643], [-122.1247, 38.366], [-122.1257, 38.3666], [-122.1245, 38.3676], [-122.1257, 38.3689], [-122.1244, 38.3703], [-122.1281, 38.3731], [-122.1291, 38.3716], [-122.1286, 38.3678], [-122.1303, 38.3681], [-122.1295, 38.3664], [-122.1306, 38.3662], [-122.1346, 38.368], [-122.1384, 38.3686], [-122.1396, 38.3684], [-122.1396, 38.3678], [-122.1371, 38.3664], [-122.1378, 38.3656], [-122.1391, 38.3655], [-122.1406, 38.3672], [-122.142, 38.3669], [-122.1413, 38.364], [-122.1387, 38.3626], [-122.1294, 38.3613], [-122.1261, 38.3577], [-122.127, 38.3567], [-122.1258, 38.3544], [-122.1263, 38.3539], [-122.1279, 38.3537], [-122.1296, 38.3541], [-122.1303, 38.3552], [-122.1356, 38.3559], [-122.1381, 38.3538], [-122.1404, 38.3537], [-122.1446, 38.3519], [-122.1475, 38.353], [-122.1489, 38.3559], [-122.1503, 38.3561], [-122.152, 38.3582], [-122.1546, 38.3584], [-122.1536, 38.3597], [-122.1542, 38.3609], [-122.157, 38.3607], [-122.1598, 38.3585], [-122.1638, 38.3577], [-122.1666, 38.3589], [-122.1699, 38.3591], [-122.1681, 38.3611], [-122.1682, 38.3629], [-122.1672, 38.3634], [-122.1695, 38.3664], [-122.1675, 38.3679], [-122.1699, 38.3683], [-122.1703, 38.3673], [-122.173, 38.3695], [-122.1736, 38.3692], [-122.1754, 38.3714], [-122.1709, 38.3716], [-122.1723, 38.3747], [-122.1779, 38.3775], [-122.1809, 38.377], [-122.1848, 38.3773], [-122.1885, 38.3812], [-122.1895, 38.3841], [-122.1913, 38.3839], [-122.1912, 38.3824], [-122.1953, 38.3815], [-122.1981, 38.3839], [-122.1972, 38.3868], [-122.1957, 38.3873], [-122.1992, 38.3919], [-122.1977, 38.3971], [-122.1988, 38.3994], [-122.1939, 38.3993], [-122.1911, 38.4001], [-122.1905, 38.4017], [-122.1917, 38.4058], [-122.197, 38.4073], [-122.1996, 38.4098], [-122.2028, 38.4086], [-122.2048, 38.4096], [-122.2062, 38.4089], [-122.2123, 38.4149], [-122.2185, 38.4189], [-122.2227, 38.4235], [-122.2251, 38.4244], [-122.2277, 38.4266], [-122.23, 38.4267], [-122.2302, 38.4253], [-122.2319, 38.4262], [-122.2335, 38.426], [-122.2344, 38.4243], [-122.2335, 38.4236], [-122.2342, 38.4219], [-122.2403, 38.4198], [-122.2409, 38.4169], [-122.2446, 38.4177], [-122.2495, 38.4165], [-122.2502, 38.4175], [-122.2478, 38.4209], [-122.2496, 38.4206], [-122.2525, 38.4232], [-122.2584, 38.4241], [-122.2582, 38.4259], [-122.2621, 38.4261], [-122.2622, 38.4306], [-122.2651, 38.4345], [-122.2649, 38.4366], [-122.2708, 38.4371], [-122.273, 38.4382], [-122.2738, 38.4395], [-122.2748, 38.4387], [-122.2747, 38.4403], [-122.2756, 38.4406], [-122.2761, 38.4432], [-122.2772, 38.4439], [-122.2747, 38.4462], [-122.2767, 38.4463], [-122.2832, 38.4521], [-122.2858, 38.4534], [-122.2889, 38.4536], [-122.289, 38.4546], [-122.2908, 38.4562], [-122.293, 38.4631], [-122.2943, 38.4632], [-122.2947, 38.4626], [-122.2934, 38.4619], [-122.2931, 38.4604], [-122.2961, 38.4603], [-122.298, 38.4607], [-122.2989, 38.4635], [-122.3003, 38.4636], [-122.3007, 38.4648], [-122.3018, 38.4642], [-122.309, 38.4643], [-122.3109, 38.4627], [-122.3109, 38.462], [-122.312, 38.4621], [-122.312, 38.4629], [-122.3147, 38.4641], [-122.3146, 38.4646], [-122.3209, 38.465], [-122.3219, 38.4665], [-122.3249, 38.4671], [-122.3247, 38.4716], [-122.3219, 38.4732], [-122.3205, 38.475], [-122.3187, 38.4748], [-122.3174, 38.4757], [-122.3186, 38.4785], [-122.3197, 38.4787], [-122.3213, 38.4808], [-122.3208, 38.4837], [-122.3226, 38.4846], [-122.3224, 38.4876], [-122.3197, 38.4884], [-122.3127, 38.4866], [-122.3094, 38.4884], [-122.3098, 38.4904], [-122.3119, 38.492], [-122.3156, 38.4996], [-122.3188, 38.4982], [-122.3222, 38.4983], [-122.327, 38.4974], [-122.3269, 38.4984], [-122.3307, 38.4985], [-122.3338, 38.4997], [-122.3351, 38.5015], [-122.3389, 38.504], [-122.3396, 38.506], [-122.3389, 38.5067], [-122.3403, 38.5082], [-122.3398, 38.5087], [-122.3417, 38.5102], [-122.3414, 38.5125], [-122.3424, 38.5138], [-122.3413, 38.5156], [-122.34, 38.5166], [-122.3372, 38.515], [-122.3358, 38.515], [-122.3337, 38.5166], [-122.3327, 38.5191], [-122.3326, 38.5204], [-122.336, 38.5216], [-122.335, 38.5225], [-122.3361, 38.5249], [-122.3349, 38.5255], [-122.3338, 38.5283], [-122.335, 38.5286], [-122.3341, 38.53], [-122.3335, 38.5299], [-122.3351, 38.5324], [-122.334, 38.5323], [-122.3332, 38.533], [-122.334, 38.5338], [-122.3336, 38.5354], [-122.333, 38.5366], [-122.3316, 38.5371], [-122.3354, 38.5399], [-122.3415, 38.5477], [-122.3427, 38.5484], [-122.3435, 38.5478], [-122.3459, 38.5503], [-122.3449, 38.5525], [-122.3458, 38.5536], [-122.3451, 38.555], [-122.3459, 38.5582], [-122.3452, 38.5596], [-122.3466, 38.5621], [-122.3457, 38.5637], [-122.3463, 38.5658], [-122.3457, 38.5654], [-122.3456, 38.5661], [-122.3474, 38.5676], [-122.3474, 38.5686], [-122.3456, 38.5686], [-122.343, 38.5714], [-122.3414, 38.5713], [-122.3402, 38.5721], [-122.3387, 38.5712], [-122.3385, 38.5735], [-122.3397, 38.5752], [-122.3392, 38.5763], [-122.3398, 38.5772], [-122.345, 38.5786], [-122.3459, 38.5805], [-122.3486, 38.5829], [-122.3452, 38.5855], [-122.3446, 38.5869], [-122.3427, 38.5859], [-122.3416, 38.5865], [-122.34, 38.5846], [-122.3395, 38.5851], [-122.3394, 38.589], [-122.341, 38.5893], [-122.3418, 38.5918], [-122.3408, 38.5938], [-122.3445, 38.5977], [-122.342, 38.5984], [-122.3404, 38.5995], [-122.3417, 38.6005], [-122.3406, 38.6021], [-122.346, 38.6059], [-122.3478, 38.6079], [-122.348, 38.612], [-122.3471, 38.6147], [-122.3519, 38.6134], [-122.3548, 38.6149], [-122.3574, 38.615], [-122.3593, 38.6163], [-122.3653, 38.6167], [-122.369, 38.6181], [-122.3678, 38.6207], [-122.3684, 38.6246], [-122.371, 38.6247], [-122.3693, 38.6255], [-122.369, 38.6268], [-122.3673, 38.6274], [-122.3674, 38.6292], [-122.3715, 38.629], [-122.378, 38.63], [-122.3795, 38.6314], [-122.3826, 38.6323], [-122.3833, 38.6322], [-122.3836, 38.6309], [-122.3868, 38.6328], [-122.3866, 38.635], [-122.3845, 38.6388], [-122.3813, 38.6416], [-122.383, 38.6423], [-122.3831, 38.6429], [-122.3859, 38.6415], [-122.3893, 38.6413], [-122.3892, 38.6504], [-122.3909, 38.65], [-122.393, 38.6511], [-122.3947, 38.6501], [-122.3966, 38.6519], [-122.3965, 38.653], [-122.4036, 38.6519], [-122.4065, 38.6526], [-122.4031, 38.6557], [-122.4051, 38.6558], [-122.4043, 38.6573], [-122.4084, 38.6553], [-122.4086, 38.6538], [-122.4098, 38.653], [-122.4112, 38.6527], [-122.409, 38.6537], [-122.4112, 38.6548], [-122.409, 38.6562], [-122.4124, 38.6568], [-122.4147, 38.6562], [-122.4161, 38.6535], [-122.4152, 38.6559], [-122.4176, 38.6551], [-122.4175, 38.6515], [-122.4187, 38.6498], [-122.4265, 38.6515], [-122.4246, 38.6538], [-122.4245, 38.6554], [-122.4268, 38.6551], [-122.4284, 38.6568], [-122.4302, 38.6559], [-122.43, 38.6582], [-122.4365, 38.6584], [-122.4373, 38.6556], [-122.4371, 38.6614], [-122.4388, 38.6599], [-122.4427, 38.6609], [-122.4432, 38.6587], [-122.4417, 38.6586], [-122.4426, 38.6581], [-122.4445, 38.6587], [-122.4619, 38.6586], [-122.4654, 38.6619], [-122.4677, 38.6627], [-122.468, 38.6639], [-122.4696, 38.6632], [-122.4698, 38.6621], [-122.4715, 38.6633], [-122.4737, 38.662], [-122.4748, 38.6622], [-122.4728, 38.6642], [-122.4745, 38.6652], [-122.4757, 38.6675], [-122.4785, 38.6668], [-122.478, 38.6653], [-122.4803, 38.6633], [-122.4802, 38.6626], [-122.4809, 38.6634], [-122.4819, 38.6633], [-122.4807, 38.6607], [-122.4809, 38.6587], [-122.483, 38.6579], [-122.4836, 38.6551], [-122.4866, 38.6547], [-122.4892, 38.655], [-122.4913, 38.6543], [-122.4904, 38.6529], [-122.4883, 38.6526], [-122.4895, 38.6496], [-122.4918, 38.6489], [-122.4911, 38.6478], [-122.4938, 38.6472], [-122.4954, 38.646], [-122.4954, 38.6437], [-122.4969, 38.6425], [-122.5005, 38.6442], [-122.503, 38.6465], [-122.5031, 38.6477], [-122.5062, 38.6476], [-122.5069, 38.6465], [-122.5107, 38.6466], [-122.5142, 38.6459], [-122.5161, 38.6467], [-122.5171, 38.6483], [-122.5222, 38.6488], [-122.5274, 38.6467], [-122.529, 38.6505], [-122.534, 38.6535], [-122.5342, 38.656], [-122.5358, 38.6578], [-122.535, 38.6603], [-122.5377, 38.6605], [-122.5411, 38.6622], [-122.539, 38.6644], [-122.5422, 38.6644], [-122.5429, 38.6657], [-122.5461, 38.6653], [-122.5475, 38.6659], [-122.5526, 38.6661], [-122.5556, 38.6648], [-122.5562, 38.6658], [-122.5586, 38.6669], [-122.5593, 38.6695], [-122.5614, 38.6719], [-122.561, 38.6747], [-122.5622, 38.6765], [-122.5639, 38.6771], [-122.57, 38.683], [-122.5717, 38.6858], [-122.5718, 38.6881], [-122.575, 38.6919], [-122.5749, 38.6935], [-122.5734, 38.6944], [-122.5753, 38.6937], [-122.578, 38.6944], [-122.5783, 38.6958], [-122.5774, 38.6975], [-122.5749, 38.6973], [-122.5743, 38.6978]], [[-122.5743, 38.6978], [-122.5743, 38.6978], [-122.5743, 38.6978], [-122.5743, 38.6978]], [[-122.3131, 38.8681], [-122.3047, 38.8696], [-122.2977, 38.8696], [-122.2918, 38.871], [-122.2896, 38.8733], [-122.2888, 38.8788], [-122.2903, 38.8782], [-122.2941, 38.8789], [-122.2942, 38.8794], [-122.2911, 38.8797], [-122.293, 38.8812], [-122.2934, 38.883], [-122.2954, 38.883], [-122.2963, 38.8822], [-122.297, 38.883], [-122.2985, 38.8822], [-122.299, 38.883], [-122.3027, 38.8833], [-122.3058, 38.881], [-122.3077, 38.8805], [-122.3095, 38.881], [-122.3109, 38.8835], [-122.3133, 38.8827], [-122.3148, 38.8791], [-122.3193, 38.878], [-122.3185, 38.8744], [-122.314, 38.8722], [-122.3138, 38.8708], [-122.3152, 38.8687], [-122.3131, 38.8681]], [[-122.4715, 38.7446], [-122.4708, 38.7451], [-122.4724, 38.7457], [-122.4736, 38.7442], [-122.4753, 38.7442], [-122.4763, 38.7448], [-122.4787, 38.7435], [-122.4804, 38.745], [-122.4814, 38.7442], [-122.4805, 38.7434], [-122.4812, 38.7426], [-122.4793, 38.742], [-122.4798, 38.7394], [-122.4791, 38.7391], [-122.4821, 38.7348], [-122.4807, 38.7306], [-122.4818, 38.7292], [-122.4827, 38.7295], [-122.4824, 38.7305], [-122.4868, 38.7329], [-122.4884, 38.7325], [-122.4906, 38.7301], [-122.4931, 38.731], [-122.4936, 38.7325], [-122.4957, 38.7322], [-122.4988, 38.7328], [-122.4989, 38.7318], [-122.4975, 38.7311], [-122.4987, 38.7295], [-122.4984, 38.7278], [-122.4976, 38.7277], [-122.4975, 38.7292], [-122.4963, 38.7298], [-122.4947, 38.7291], [-122.4946, 38.7271], [-122.496, 38.7258], [-122.4965, 38.7236], [-122.498, 38.7231], [-122.5004, 38.7242], [-122.5011, 38.7215], [-122.4982, 38.7193], [-122.4936, 38.7206], [-122.4916, 38.7225], [-122.4921, 38.7192], [-122.4902, 38.7179], [-122.4857, 38.7185], [-122.4831, 38.7181], [-122.4833, 38.7162], [-122.4815, 38.7155], [-122.4799, 38.7157], [-122.4781, 38.7172], [-122.4766, 38.7167], [-122.4759, 38.7141], [-122.4766, 38.7124], [-122.4781, 38.7127], [-122.478, 38.7115], [-122.4769, 38.7107], [-122.4766, 38.7079], [-122.4752, 38.7052], [-122.47, 38.7034], [-122.461, 38.7013], [-122.4597, 38.7004], [-122.4583, 38.7008], [-122.4577, 38.6996], [-122.4563, 38.7002], [-122.4547, 38.6997], [-122.4537, 38.6989], [-122.4533, 38.696], [-122.4561, 38.6921], [-122.4565, 38.6906], [-122.4553, 38.6894], [-122.4567, 38.6881], [-122.4565, 38.6871], [-122.4537, 38.6853], [-122.451, 38.6845], [-122.4496, 38.6827], [-122.447, 38.6825], [-122.447, 38.6804], [-122.4426, 38.6788], [-122.4396, 38.6784], [-122.4336, 38.6797], [-122.4305, 38.6783], [-122.4286, 38.6788], [-122.4251, 38.6834], [-122.4256, 38.6854], [-122.4283, 38.6849], [-122.4294, 38.6871], [-122.4284, 38.6893], [-122.4262, 38.6912], [-122.4258, 38.6928], [-122.4311, 38.6948], [-122.4372, 38.6958], [-122.4394, 38.6968], [-122.44, 38.6979], [-122.4395, 38.6987], [-122.4369, 38.6998], [-122.4347, 38.702], [-122.4345, 38.7035], [-122.4308, 38.7067], [-122.4265, 38.7088], [-122.4272, 38.7113], [-122.4313, 38.7141], [-122.4331, 38.7175], [-122.4315, 38.725], [-122.4352, 38.7278], [-122.4351, 38.7295], [-122.4336, 38.7315], [-122.4371, 38.733], [-122.4366, 38.7337], [-122.4318, 38.7339], [-122.43, 38.7347], [-122.4308, 38.7358], [-122.431, 38.7398], [-122.4319, 38.7406], [-122.4363, 38.7415], [-122.4372, 38.7427], [-122.4354, 38.743], [-122.4297, 38.7505], [-122.4317, 38.7516], [-122.435, 38.7517], [-122.4381, 38.7533], [-122.4412, 38.7535], [-122.4418, 38.752], [-122.4399, 38.7496], [-122.4407, 38.7491], [-122.445, 38.7495], [-122.4451, 38.7482], [-122.4465, 38.7488], [-122.4465, 38.7496], [-122.4478, 38.749], [-122.4512, 38.7491], [-122.4516, 38.7479], [-122.4497, 38.7467], [-122.4497, 38.746], [-122.4521, 38.7435], [-122.4528, 38.7437], [-122.4525, 38.7443], [-122.4534, 38.7443], [-122.4519, 38.746], [-122.4543, 38.7455], [-122.4541, 38.7442], [-122.4555, 38.7439], [-122.4534, 38.743], [-122.4541, 38.7415], [-122.4564, 38.7412], [-122.4573, 38.742], [-122.4583, 38.7416], [-122.4619, 38.7421], [-122.4617, 38.7413], [-122.4596, 38.7404], [-122.4581, 38.7407], [-122.4574, 38.7399], [-122.4583, 38.7391], [-122.457, 38.7384], [-122.4574, 38.7377], [-122.4604, 38.7378], [-122.4605, 38.7373], [-122.4589, 38.7368], [-122.4596, 38.7361], [-122.4612, 38.7365], [-122.4621, 38.7377], [-122.4656, 38.7387], [-122.4658, 38.7399], [-122.4643, 38.7407], [-122.4629, 38.7429], [-122.4645, 38.7438], [-122.4663, 38.7418], [-122.4667, 38.7424], [-122.4705, 38.7402], [-122.4725, 38.7405], [-122.4738, 38.74], [-122.4737, 38.7427], [-122.4728, 38.7438], [-122.4712, 38.7434], [-122.4715, 38.7446]]]}, "properties": {"layer": "perimeter"}}, {"type": "Feature", "geometry": {"type": "MultiPolygon", "coordinates": [[[[-122.5745, 38.6981], [-122.5763, 38.7], [-122.5769, 38.7035], [-122.5793, 38.7047], [-122.5799, 38.706], [-122.578, 38.7075], [-122.5761, 38.7106], [-122.5754, 38.7101], [-122.5758, 38.7111], [-122.5735, 38.7115], [-122.5731, 38.714], [-122.5719, 38.714], [-122.5715, 38.7134], [-122.5702, 38.7145], [-122.5711, 38.7157], [-122.5754, 38.7163], [-122.5758, 38.7174], [-122.5729, 38.7184], [-122.5724, 38.7194], [-122.5712, 38.7198], [-122.5716, 38.7217], [-122.5707, 38.7225], [-122.57, 38.722], [-122.569, 38.7224], [-122.5687, 38.7216], [-122.567, 38.7236], [-122.5646, 38.7238], [-122.5634, 38.7229], [-122.5635, 38.7211], [-122.5627, 38.7205], [-122.5626, 38.7202], [-122.5632, 38.7205], [-122.564, 38.7188], [-122.5615, 38.7174], [-122.56, 38.7185], [-122.5587, 38.7185], [-122.5595, 38.7169], [-122.5512, 38.7169], [-122.5497, 38.7185], [-122.5473, 38.7169], [-122.5461, 38.7194], [-122.5441, 38.7196], [-122.5437, 38.7164], [-122.5445, 38.7162], [-122.5441, 38.715], [-122.5456, 38.7128], [-122.5431, 38.7115], [-122.544, 38.7095], [-122.5415, 38.7089], [-122.54, 38.7075], [-122.5392, 38.7083], [-122.5371, 38.707], [-122.5359, 38.7072], [-122.5358, 38.7064], [-122.5339, 38.7081], [-122.5319, 38.7065], [-122.5305, 38.7064], [-122.5292, 38.7036], [-122.5311, 38.7028], [-122.5295, 38.7012], [-122.5288, 38.7016], [-122.5244, 38.6986], [-122.5255, 38.6972], [-122.5239, 38.696], [-122.5243, 38.6944], [-122.5201, 38.6914], [-122.5205, 38.6904], [-122.5194, 38.6893], [-122.5205, 38.6868], [-122.5196, 38.6849], [-122.517, 38.686], [-122.5164, 38.6856], [-122.5139, 38.6866], [-122.5117, 38.6866], [-122.5115, 38.6879], [-122.5133, 38.688], [-122.5134, 38.6902], [-122.5147, 38.6915], [-122.5108, 38.6927], [-122.5078, 38.6918], [-122.5065, 38.6957], [-122.5039, 38.6963], [-122.502, 38.6993], [-122.4995, 38.6995], [-122.499, 38.7016], [-122.4953, 38.7023], [-122.4938, 38.7036], [-122.494, 38.7042], [-122.4954, 38.7042], [-122.4974, 38.7027], [-122.4979, 38.7034], [-122.499, 38.7033], [-122.4996, 38.7048], [-122.4978, 38.7057], [-122.5002, 38.7064], [-122.4981, 38.7082], [-122.5027, 38.7087], [-122.5028, 38.7094], [-122.5051, 38.7093], [-122.5041, 38.7103], [-122.5057, 38.7114], [-122.5058, 38.7142], [-122.5035, 38.7159], [-122.5019, 38.7151], [-122.4975, 38.715], [-122.496, 38.7132], [-122.4946, 38.715], [-122.4931, 38.7152], [-122.493, 38.7161], [-122.4959, 38.7172], [-122.4935, 38.7173], [-122.4933, 38.7178], [-122.5011, 38.7198], [-122.5121, 38.7247], [-122.5147, 38.7305], [-122.515, 38.7383], [-122.5112, 38.7421], [-122.5076, 38.7432], [-122.5032, 38.7434], [-122.5006, 38.7454], [-122.4949, 38.7457], [-122.4922, 38.7437], [-122.4919, 38.7453], [-122.4871, 38.7452], [-122.4859, 38.746], [-122.4864, 38.7476], [-122.4855, 38.7494], [-122.4819, 38.7517], [-122.4789, 38.7517], [-122.4796, 38.7518], [-122.4794, 38.7531], [-122.4805, 38.754], [-122.48, 38.7552], [-122.4839, 38.7594], [-122.4841, 38.7614], [-122.4868, 38.7629], [-122.4859, 38.7646], [-122.484, 38.764], [-122.4813, 38.7643], [-122.4808, 38.7633], [-122.4788, 38.763], [-122.4782, 38.7621], [-122.475, 38.7626], [-122.474, 38.7622], [-122.4717, 38.757], [-122.4719, 38.7527], [-122.4676, 38.7509], [-122.4629, 38.7506], [-122.4604, 38.7479], [-122.4598, 38.7493], [-122.4616, 38.7506], [-122.4593, 38.7499], [-122.457, 38.7502], [-122.4535, 38.7486], [-122.4506, 38.7509], [-122.4489, 38.7512], [-122.4472, 38.7504], [-122.4462, 38.7507], [-122.4471, 38.7523], [-122.4441, 38.753], [-122.4447, 38.7539], [-122.4421, 38.7542], [-122.4428, 38.7567], [-122.4422, 38.7576], [-122.4367, 38.7572], [-122.4333, 38.7559], [-122.4223, 38.7542], [-122.4218, 38.7526], [-122.4236, 38.7513], [-122.4224, 38.7435], [-122.4197, 38.7413], [-122.418, 38.7383], [-122.4154, 38.738], [-122.4132, 38.7392], [-122.4124, 38.7406], [-122.4109, 38.7413], [-122.4097, 38.7441], [-122.4105, 38.7459], [-122.4094, 38.7489], [-122.4008, 38.7506], [-122.4047, 38.7534], [-122.4062, 38.7535], [-122.4109, 38.7523], [-122.4137, 38.7495], [-122.4156, 38.7496], [-122.4172, 38.7524], [-122.4182, 38.7579], [-122.4137, 38.7625], [-122.4144, 38.7662], [-122.4124, 38.7702], [-122.4151, 38.7696], [-122.4161, 38.7715], [-122.4201, 38.7716], [-122.4237, 38.7706], [-122.4246, 38.7716], [-122.4286, 38.7711], [-122.4296, 38.7719], [-122.4303, 38.7716], [-122.4354, 38.7727], [-122.4365, 38.7735], [-122.4369, 38.7727], [-122.4383, 38.773], [-122.4403, 38.7744], [-122.4402, 38.7773], [-122.4357, 38.7769], [-122.4347, 38.7779], [-122.4346, 38.7801], [-122.4363, 38.7823], [-122.4356, 38.7823], [-122.4358, 38.7859], [-122.4315, 38.7859], [-122.431, 38.7786], [-122.4214, 38.7785], [-122.4216, 38.7749], [-122.4122, 38.7747], [-122.4124, 38.771], [-122.4036, 38.7709], [-122.4038, 38.7727], [-122.403, 38.7735], [-122.4062, 38.7749], [-122.3999, 38.7744], [-122.3994, 38.7708], [-122.3948, 38.7707], [-122.3944, 38.7671], [-122.3898, 38.767], [-122.3896, 38.7635], [-122.386, 38.7635], [-122.3858, 38.7563], [-122.382, 38.7562], [-122.3818, 38.7524], [-122.3779, 38.7525], [-122.3781, 38.7635], [-122.3825, 38.7635], [-122.3827, 38.7706], [-122.378, 38.7706], [-122.3781, 38.7669], [-122.3643, 38.767], [-122.3642, 38.7706], [-122.3688, 38.7706], [-122.3687, 38.7742], [-122.3636, 38.7742], [-122.3623, 38.7732], [-122.3597, 38.7731], [-122.3597, 38.7706], [-122.3551, 38.7707], [-122.356, 38.755], [-122.3575, 38.7559], [-122.3587, 38.7541], [-122.3602, 38.754], [-122.3614, 38.7526], [-122.3633, 38.7524], [-122.3653, 38.7528], [-122.3666, 38.7538], [-122.3679, 38.7567], [-122.3718, 38.758], [-122.3709, 38.7596], [-122.3738, 38.7599], [-122.3747, 38.7576], [-122.3734, 38.7565], [-122.3734, 38.7543], [-122.3705, 38.7495], [-122.3708, 38.7452], [-122.3687, 38.7443], [-122.3675, 38.745], [-122.3668, 38.7447], [-122.3656, 38.7416], [-122.3665, 38.7387], [-122.3688, 38.7362], [-122.3686, 38.7345], [-122.3667, 38.7357], [-122.3662, 38.7352], [-122.3643, 38.7373], [-122.3622, 38.7357], [-122.3579, 38.7374], [-122.3576, 38.7303], [-122.3622, 38.7303], [-122.3621, 38.734], [-122.3689, 38.7341], [-122.3689, 38.7377], [-122.3712, 38.7377], [-122.3713, 38.7486], [-122.3753, 38.7486], [-122.3759, 38.7304], [-122.3667, 38.7304], [-122.3671, 38.7203], [-122.3707, 38.7213], [-122.3727, 38.7208], [-122.373, 38.7192], [-122.3752, 38.717], [-122.3765, 38.718], [-122.3796, 38.7179], [-122.3805, 38.7188], [-122.3806, 38.7211], [-122.378, 38.724], [-122.3806, 38.7272], [-122.3839, 38.7283], [-122.3863, 38.7275], [-122.3919, 38.7305], [-122.3944, 38.7301], [-122.3957, 38.7286], [-122.3958, 38.725], [-122.3942, 38.7221], [-122.3944, 38.7202], [-122.3923, 38.7186], [-122.3933, 38.7181], [-122.3927, 38.7161], [-122.3951, 38.7146], [-122.3867, 38.7087], [-122.3835, 38.7037], [-122.3838, 38.7028], [-122.388, 38.7023], [-122.3798, 38.7011], [-122.3902, 38.7012], [-122.3906, 38.6904], [-122.3812, 38.69], [-122.3813, 38.6864], [-122.3767, 38.6862], [-122.3768, 38.6827], [-122.3722, 38.6825], [-122.3719, 38.6896], [-122.3767, 38.6898], [-122.3768, 38.6908], [-122.3713, 38.69], [-122.3718, 38.6905], [-122.3702, 38.694], [-122.3686, 38.6954], [-122.3677, 38.6953], [-122.3625, 38.6925], [-122.3578, 38.6888], [-122.3563, 38.6852], [-122.3515, 38.6801], [-122.3548, 38.6801], [-122.3547, 38.683], [-122.3676, 38.6825], [-122.3679, 38.6755], [-122.3549, 38.6759], [-122.355, 38.6731], [-122.3509, 38.673], [-122.3509, 38.6781], [-122.3496, 38.678], [-122.3389, 38.6716], [-122.3374, 38.6693], [-122.3416, 38.6694], [-122.3417, 38.6729], [-122.3462, 38.6729], [-122.3462, 38.6695], [-122.3508, 38.6695], [-122.3508, 38.6659], [-122.3552, 38.666], [-122.3554, 38.662], [-122.3777, 38.6621], [-122.3775, 38.6652], [-122.3822, 38.6653], [-122.3833, 38.6542], [-122.3792, 38.6542], [-122.3791, 38.6578], [-122.3771, 38.6578], [-122.3772, 38.6542], [-122.3782, 38.6542], [-122.3787, 38.6504], [-122.374, 38.6505], [-122.3741, 38.6468], [-122.3642, 38.6467], [-122.3628, 38.6477], [-122.3621, 38.6478], [-122.3604, 38.6472], [-122.3602, 38.6541], [-122.3648, 38.6541], [-122.3639, 38.6609], [-122.3555, 38.6608], [-122.3556, 38.6503], [-122.3508, 38.6502], [-122.3503, 38.656], [-122.3454, 38.6559], [-122.3416, 38.662], [-122.3325, 38.6622], [-122.3321, 38.663], [-122.328, 38.66], [-122.3338, 38.66], [-122.3362, 38.6557], [-122.3316, 38.6556], [-122.3328, 38.6535], [-122.3235, 38.6533], [-122.3248, 38.6507], [-122.3225, 38.6492], [-122.3187, 38.6509], [-122.3115, 38.6441], [-122.3119, 38.6414], [-122.3101, 38.6398], [-122.3033, 38.6394], [-122.3026, 38.6373], [-122.3039, 38.6364], [-122.3086, 38.6382], [-122.3088, 38.6311], [-122.2955, 38.6261], [-122.2955, 38.6214], [-122.2967, 38.621], [-122.296, 38.6207], [-122.2973, 38.6191], [-122.3022, 38.6193], [-122.3067, 38.6184], [-122.3122, 38.6125], [-122.3136, 38.6125], [-122.3136, 38.6164], [-122.3183, 38.6165], [-122.3182, 38.6201], [-122.3204, 38.6202], [-122.3229, 38.6223], [-122.3228, 38.6236], [-122.3238, 38.625], [-122.326, 38.6253], [-122.3257, 38.6203], [-122.323, 38.6166], [-122.3221, 38.611], [-122.3156, 38.6094], [-122.3134, 38.6059], [-122.311, 38.6065], [-122.3119, 38.6091], [-122.3056, 38.6094], [-122.3039, 38.6112], [-122.3027, 38.6147], [-122.2966, 38.6144], [-122.2896, 38.6155], [-122.2892, 38.6131], [-122.2851, 38.613], [-122.2831, 38.6101], [-122.2823, 38.6108], [-122.2825, 38.6132], [-122.2785, 38.6091], [-122.2745, 38.6071], [-122.2773, 38.6038], [-122.2765, 38.6026], [-122.2712, 38.6022], [-122.2669, 38.5929], [-122.2572, 38.5888], [-122.2544, 38.5841], [-122.2554, 38.5778], [-122.25, 38.5757], [-122.2467, 38.5757], [-122.2445, 38.5721], [-122.2458, 38.5721], [-122.2459, 38.5687], [-122.2418, 38.5685], [-122.2423, 38.5704], [-122.2437, 38.5711], [-122.2438, 38.5721], [-122.2417, 38.5707], [-122.2414, 38.5681], [-122.2362, 38.5635], [-122.2345, 38.5589], [-122.2355, 38.559], [-122.2323, 38.5536], [-122.2327, 38.5523], [-122.2333, 38.553], [-122.2345, 38.5529], [-122.2353, 38.5515], [-122.2342, 38.5503], [-122.2354, 38.5491], [-122.2366, 38.549], [-122.2357, 38.5459], [-122.2362, 38.5434], [-122.2349, 38.543], [-122.2318, 38.5471], [-122.2295, 38.5476], [-122.2261, 38.545], [-122.225, 38.5405], [-122.2239, 38.5405], [-122.2205, 38.5383], [-122.2153, 38.5303], [-122.2175, 38.5293], [-122.2209, 38.5307], [-122.2217, 38.5302], [-122.2208, 38.5287], [-122.2191, 38.5279], [-122.2208, 38.5275], [-122.2166, 38.5215], [-122.2134, 38.5104], [-122.2142, 38.5084], [-122.2155, 38.5083], [-122.223, 38.5126], [-122.2305, 38.5125], [-122.2317, 38.5144], [-122.2345, 38.5132], [-122.2376, 38.5142], [-122.2377, 38.5085], [-122.2403, 38.5059], [-122.2425, 38.5006], [-122.2404, 38.4998], [-122.2364, 38.5054], [-122.2316, 38.509], [-122.2231, 38.5076], [-122.223, 38.5062], [-122.217, 38.5041], [-122.2153, 38.4998], [-122.2125, 38.5006], [-122.2122, 38.5031], [-122.2107, 38.5031], [-122.2058, 38.4977], [-122.2071, 38.4905], [-122.2014, 38.4922], [-122.1981, 38.4898], [-122.1978, 38.4912], [-122.1949, 38.4899], [-122.1932, 38.4872], [-122.1918, 38.4877], [-122.1972, 38.4945], [-122.1967, 38.4975], [-122.1981, 38.4989], [-122.1961, 38.5078], [-122.1936, 38.5115], [-122.1928, 38.5114], [-122.1926, 38.5103], [-122.1909, 38.5105], [-122.1927, 38.5134], [-122.1911, 38.513], [-122.1908, 38.5148], [-122.1878, 38.5151], [-122.1867, 38.5175], [-122.1838, 38.5159], [-122.1832, 38.5177], [-122.1795, 38.5194], [-122.1784, 38.519], [-122.1783, 38.5196], [-122.1754, 38.521], [-122.1749, 38.5227], [-122.1768, 38.5234], [-122.1774, 38.5249], [-122.1749, 38.525], [-122.1743, 38.5245], [-122.1758, 38.5237], [-122.1731, 38.5217], [-122.1695, 38.5214], [-122.169, 38.517], [-122.1736, 38.5177], [-122.1736, 38.5123], [-122.1709, 38.512], [-122.1674, 38.5021], [-122.1653, 38.5008], [-122.1626, 38.4916], [-122.1636, 38.4909], [-122.1634, 38.4899], [-122.1618, 38.489], [-122.1666, 38.4889], [-122.1661, 38.4822], [-122.1614, 38.4823], [-122.1615, 38.4853], [-122.1607, 38.4823], [-122.1525, 38.4824], [-122.1528, 38.4859], [-122.1565, 38.4859], [-122.1557, 38.4895], [-122.1565, 38.493], [-122.1536, 38.4936], [-122.1523, 38.4953], [-122.1569, 38.4973], [-122.1575, 38.5002], [-122.1522, 38.5], [-122.152, 38.5037], [-122.1387, 38.5036], [-122.1385, 38.5146], [-122.156, 38.5146], [-122.1561, 38.5125], [-122.1578, 38.5136], [-122.1561, 38.519], [-122.1527, 38.5222], [-122.1511, 38.5216], [-122.1495, 38.5236], [-122.1502, 38.5241], [-122.1471, 38.5274], [-122.147, 38.5291], [-122.1447, 38.5291], [-122.1448, 38.5243], [-122.143, 38.5188], [-122.1405, 38.5155], [-122.1342, 38.5142], [-122.1342, 38.5109], [-122.1317, 38.511], [-122.1317, 38.5097], [-122.1299, 38.5097], [-122.1299, 38.511], [-122.1255, 38.511], [-122.1253, 38.5037], [-122.1342, 38.5036], [-122.1344, 38.5], [-122.1299, 38.5001], [-122.1302, 38.4929], [-122.1295, 38.4929], [-122.1274, 38.4902], [-122.1279, 38.4893], [-122.1243, 38.4893], [-122.1241, 38.4929], [-122.121, 38.4956], [-122.121, 38.4965], [-122.1165, 38.4965], [-122.1165, 38.5002], [-122.1118, 38.5002], [-122.1118, 38.4929], [-122.1072, 38.4929], [-122.1072, 38.4937], [-122.1065, 38.4932], [-122.1072, 38.5002], [-122.1063, 38.5002], [-122.1056, 38.5019], [-122.1059, 38.5004], [-122.1022, 38.5004], [-122.1023, 38.5075], [-122.1113, 38.5074], [-122.1114, 38.5068], [-122.1117, 38.5077], [-122.1084, 38.511], [-122.1072, 38.5109], [-122.1046, 38.5093], [-122.1039, 38.5129], [-122.0981, 38.5121], [-122.0956, 38.5129], [-122.101, 38.514], [-122.1031, 38.5174], [-122.1053, 38.5174], [-122.1045, 38.5166], [-122.1034, 38.5147], [-122.1048, 38.5167], [-122.1076, 38.5157], [-122.1082, 38.5254], [-122.1124, 38.5252], [-122.1132, 38.5289], [-122.1124, 38.5297], [-122.1126, 38.532], [-122.1258, 38.5322], [-122.1258, 38.5287], [-122.1173, 38.5287], [-122.1173, 38.5217], [-122.1216, 38.5218], [-122.1212, 38.5245], [-122.1224, 38.5259], [-122.1237, 38.5259], [-122.1243, 38.5248], [-122.1322, 38.5253], [-122.1317, 38.5265], [-122.1291, 38.5272], [-122.1292, 38.5287], [-122.132, 38.5288], [-122.131, 38.5322], [-122.1301, 38.5322], [-122.1299, 38.5382], [-122.1323, 38.5382], [-122.1339, 38.5343], [-122.1356, 38.5333], [-122.1365, 38.5384], [-122.1396, 38.5394], [-122.1393, 38.5424], [-122.1442, 38.5468], [-122.1457, 38.5461], [-122.1456, 38.5395], [-122.1438, 38.5349], [-122.1574, 38.5321], [-122.1586, 38.5404], [-122.1575, 38.5425], [-122.16, 38.5458], [-122.1628, 38.546], [-122.1609, 38.5505], [-122.1626, 38.5516], [-122.1699, 38.5518], [-122.1698, 38.5564], [-122.1713, 38.5568], [-122.1735, 38.5541], [-122.179, 38.5554], [-122.1853, 38.5554], [-122.1873, 38.5571], [-122.1885, 38.5569], [-122.1856, 38.5598], [-122.1836, 38.5605], [-122.1809, 38.5638], [-122.1795, 38.5636], [-122.1782, 38.5643], [-122.179, 38.5654], [-122.1783, 38.5665], [-122.176, 38.5666], [-122.173, 38.5645], [-122.1693, 38.5647], [-122.1649, 38.5621], [-122.1631, 38.5619], [-122.1621, 38.5628], [-122.1607, 38.5627], [-122.1549, 38.565], [-122.1545, 38.5669], [-122.1509, 38.5652], [-122.1472, 38.5644], [-122.1467, 38.5658], [-122.1429, 38.5671], [-122.1434, 38.5698], [-122.1418, 38.5707], [-122.1384, 38.5705], [-122.1384, 38.5686], [-122.1426, 38.5686], [-122.1421, 38.5615], [-122.1303, 38.5615], [-122.1303, 38.5651], [-122.1259, 38.5652], [-122.1258, 38.5703], [-122.1243, 38.5718], [-122.1211, 38.571], [-122.1186, 38.5731], [-122.1176, 38.5731], [-122.1176, 38.58], [-122.1151, 38.58], [-122.1148, 38.5806], [-122.1148, 38.5815], [-122.1163, 38.5821], [-122.1177, 38.5841], [-122.1214, 38.5841], [-122.1229, 38.5853], [-122.1252, 38.5841], [-122.1252, 38.5851], [-122.1261, 38.5852], [-122.1259, 38.5879], [-122.1227, 38.5887], [-122.1234, 38.5903], [-122.119, 38.5908], [-122.1188, 38.5931], [-122.1201, 38.5934], [-122.1204, 38.5944], [-122.1171, 38.5944], [-122.1171, 38.5972], [-122.1143, 38.5988], [-122.1161, 38.5996], [-122.1162, 38.602], [-122.1179, 38.6019], [-122.1178, 38.6041], [-122.1206, 38.604], [-122.1238, 38.6046], [-122.1244, 38.6057], [-122.1267, 38.6056], [-122.1288, 38.6079], [-122.1263, 38.6061], [-122.1264, 38.6075], [-122.1236, 38.6068], [-122.1217, 38.6087], [-122.1218, 38.6095], [-122.1203, 38.61], [-122.1195, 38.61], [-122.1193, 38.6081], [-122.1176, 38.608], [-122.1163, 38.6094], [-122.1184, 38.6111], [-122.1162, 38.6117], [-122.1169, 38.6123], [-122.1153, 38.6139], [-122.1155, 38.6157], [-122.1199, 38.6178], [-122.1188, 38.6219], [-122.1208, 38.622], [-122.1202, 38.6231], [-122.1209, 38.6261], [-122.1238, 38.6266], [-122.1238, 38.6239], [-122.1244, 38.6238], [-122.1258, 38.6265], [-122.1269, 38.6265], [-122.1274, 38.6251], [-122.1262, 38.6231], [-122.1264, 38.6211], [-122.1275, 38.6214], [-122.1276, 38.6234], [-122.1288, 38.6237], [-122.1292, 38.6275], [-122.1268, 38.6288], [-122.1252, 38.6313], [-122.1263, 38.6315], [-122.1263, 38.6328], [-122.1273, 38.6328], [-122.1272, 38.6343], [-122.1278, 38.634], [-122.1269, 38.6363], [-122.128, 38.6369], [-122.1289, 38.6364], [-122.1295, 38.6402], [-122.1303, 38.6401], [-122.132, 38.6437], [-122.132, 38.6453], [-122.1306, 38.6461], [-122.1296, 38.6497], [-122.1318, 38.6524], [-122.1319, 38.6547], [-122.1337, 38.657], [-122.1352, 38.6576], [-122.1353, 38.6587], [-122.1406, 38.6588], [-122.1437, 38.6595], [-122.1552, 38.666], [-122.1552, 38.6713], [-122.1591, 38.6714], [-122.159, 38.675], [-122.1635, 38.675], [-122.1633, 38.6858], [-122.1722, 38.6858], [-122.172, 38.6929], [-122.1765, 38.6928], [-122.1765, 38.6965], [-122.181, 38.6965], [-122.1809, 38.6928], [-122.1855, 38.6928], [-122.1857, 38.6824], [-122.1943, 38.6841], [-122.1997, 38.6837], [-122.202, 38.6843], [-122.2028, 38.6836], [-122.2034, 38.6888], [-122.2082, 38.6887], [-122.2067, 38.6779], [-122.2035, 38.678], [-122.2039, 38.6771], [-122.2018, 38.6746], [-122.2022, 38.6733], [-122.2027, 38.6743], [-122.2045, 38.6737], [-122.2032, 38.6703], [-122.2025, 38.664], [-122.2009, 38.6604], [-122.2016, 38.6595], [-122.1996, 38.6574], [-122.2004, 38.6549], [-122.2, 38.6543], [-122.1969, 38.6543], [-122.1946, 38.6532], [-122.1953, 38.6487], [-122.1917, 38.6477], [-122.1884, 38.6479], [-122.1877, 38.6467], [-122.1897, 38.641], [-122.1959, 38.6411], [-122.1957, 38.6346], [-122.1964, 38.6318], [-122.1977, 38.6362], [-122.2017, 38.637], [-122.2055, 38.6396], [-122.207, 38.6421], [-122.2182, 38.6482], [-122.2213, 38.6489], [-122.2267, 38.6476], [-122.2295, 38.648], [-122.2308, 38.6491], [-122.2306, 38.651], [-122.233, 38.6521], [-122.2387, 38.6526], [-122.2385, 38.6504], [-122.2372, 38.6484], [-122.2349, 38.6482], [-122.236, 38.6465], [-122.2354, 38.6445], [-122.2366, 38.6435], [-122.2352, 38.64], [-122.2354, 38.6368], [-122.2374, 38.6396], [-122.2366, 38.6423], [-122.2429, 38.6482], [-122.2441, 38.6521], [-122.2465, 38.6532], [-122.247, 38.6586], [-122.2501, 38.6626], [-122.2492, 38.6647], [-122.2543, 38.6691], [-122.2554, 38.6729], [-122.2588, 38.6733], [-122.2599, 38.6724], [-122.2609, 38.6726], [-122.2601, 38.6728], [-122.2595, 38.6743], [-122.2605, 38.6781], [-122.2631, 38.6817], [-122.2646, 38.6801], [-122.2702, 38.6776], [-122.2728, 38.6779], [-122.2709, 38.6779], [-122.2696, 38.6808], [-122.2711, 38.6838], [-122.2743, 38.6849], [-122.2777, 38.6841], [-122.2792, 38.6815], [-122.2784, 38.6803], [-122.276, 38.68], [-122.2765, 38.6781], [-122.2756, 38.6771], [-122.2775, 38.6751], [-122.2766, 38.6723], [-122.2782, 38.6721], [-122.2782, 38.6715], [-122.2764, 38.6717], [-122.2761, 38.6703], [-122.2772, 38.6702], [-122.2761, 38.6686], [-122.2786, 38.666], [-122.2795, 38.6613], [-122.2803, 38.6612], [-122.2794, 38.6598], [-122.28, 38.6582], [-122.2794, 38.6582], [-122.2787, 38.6568], [-122.2794, 38.654], [-122.2786, 38.6527], [-122.2799, 38.6517], [-122.2806, 38.649], [-122.2857, 38.645], [-122.2839, 38.6427], [-122.2884, 38.6394], [-122.2883, 38.6371], [-122.2912, 38.6366], [-122.2917, 38.6391], [-122.2944, 38.6413], [-122.2955, 38.6443], [-122.2992, 38.6487], [-122.2954, 38.6478], [-122.2862, 38.6479], [-122.2863, 38.6621], [-122.2955, 38.6621], [-122.2954, 38.6692], [-122.3001, 38.6692], [-122.3001, 38.6727], [-122.3048, 38.6727], [-122.3047, 38.6692], [-122.3094, 38.6691], [-122.3094, 38.6656], [-122.314, 38.6656], [-122.314, 38.662], [-122.3223, 38.6623], [-122.3235, 38.6635], [-122.3238, 38.6619], [-122.3254, 38.6635], [-122.3268, 38.6634], [-122.3292, 38.6649], [-122.3302, 38.6691], [-122.3303, 38.6659], [-122.3322, 38.6674], [-122.3333, 38.6708], [-122.3361, 38.6737], [-122.339, 38.6753], [-122.3439, 38.676], [-122.3454, 38.6775], [-122.3449, 38.6787], [-122.3466, 38.6789], [-122.3547, 38.6862], [-122.3495, 38.689], [-122.347, 38.6879], [-122.344, 38.6881], [-122.3388, 38.6872], [-122.3356, 38.6878], [-122.335, 38.6888], [-122.3365, 38.6895], [-122.3364, 38.6898], [-122.3375, 38.6911], [-122.338, 38.6929], [-122.3372, 38.6955], [-122.3372, 38.6908], [-122.3326, 38.6908], [-122.3326, 38.6944], [-122.3317, 38.6944], [-122.3303, 38.6892], [-122.3285, 38.6878], [-122.3252, 38.6868], [-122.3237, 38.6868], [-122.3245, 38.6886], [-122.3237, 38.689], [-122.3231, 38.6928], [-122.3218, 38.6915], [-122.3212, 38.6884], [-122.3193, 38.6863], [-122.3187, 38.6832], [-122.3144, 38.6794], [-122.3075, 38.6748], [-122.3067, 38.6785], [-122.3076, 38.6805], [-122.3047, 38.6832], [-122.3047, 38.6798], [-122.2953, 38.6798], [-122.2953, 38.6834], [-122.3054, 38.6838], [-122.3072, 38.6852], [-122.3083, 38.6874], [-122.3066, 38.6886], [-122.3099, 38.6905], [-122.3075, 38.6906], [-122.3054, 38.6894], [-122.3036, 38.6893], [-122.2998, 38.6912], [-122.2974, 38.69], [-122.2989, 38.6934], [-122.3, 38.6941], [-122.3028, 38.6939], [-122.3057, 38.6949], [-122.306, 38.6957], [-122.3041, 38.698], [-122.3004, 38.6982], [-122.3027, 38.7005], [-122.3026, 38.7017], [-122.3013, 38.7022], [-122.3003, 38.7038], [-122.3049, 38.7064], [-122.3067, 38.7063], [-122.3108, 38.7115], [-122.3121, 38.7201], [-122.3103, 38.7209], [-122.3073, 38.7193], [-122.3018, 38.7183], [-122.2982, 38.7151], [-122.2983, 38.7126], [-122.2946, 38.7127], [-122.2949, 38.7159], [-122.3002, 38.7185], [-122.301, 38.7238], [-122.3026, 38.7271], [-122.3069, 38.7311], [-122.3092, 38.7315], [-122.3081, 38.733], [-122.3069, 38.7331], [-122.3064, 38.7343], [-122.3083, 38.7349], [-122.3086, 38.7376], [-122.3069, 38.7398], [-122.308, 38.7484], [-122.3051, 38.7489], [-122.3042, 38.7497], [-122.3042, 38.7527], [-122.3032, 38.7527], [-122.3037, 38.7636], [-122.3084, 38.7636], [-122.3085, 38.7708], [-122.3178, 38.7707], [-122.3178, 38.7744], [-122.3207, 38.7744], [-122.3207, 38.7783], [-122.3222, 38.7785], [-122.3227, 38.7792], [-122.3225, 38.7808], [-122.3272, 38.7797], [-122.3273, 38.7851], [-122.332, 38.7851], [-122.332, 38.7887], [-122.3403, 38.7896], [-122.3396, 38.7923], [-122.3417, 38.7933], [-122.3428, 38.7959], [-122.3442, 38.7971], [-122.346, 38.7975], [-122.346, 38.802], [-122.3441, 38.802], [-122.3443, 38.8032], [-122.3433, 38.8032], [-122.342, 38.8013], [-122.3422, 38.8003], [-122.3403, 38.7984], [-122.3377, 38.7995], [-122.33, 38.7994], [-122.3292, 38.7987], [-122.3288, 38.7994], [-122.3274, 38.7994], [-122.3274, 38.7958], [-122.3228, 38.7958], [-122.3227, 38.7922], [-122.318, 38.7922], [-122.3181, 38.7993], [-122.3228, 38.7994], [-122.3228, 38.8029], [-122.3261, 38.803], [-122.3252, 38.8041], [-122.3275, 38.805], [-122.3275, 38.8137], [-122.3368, 38.8139], [-122.3368, 38.8175], [-122.3414, 38.8176], [-122.3414, 38.8212], [-122.3439, 38.8212], [-122.3414, 38.8222], [-122.3419, 38.8242], [-122.3461, 38.8247], [-122.3521, 38.8236], [-122.356, 38.8252], [-122.3579, 38.8275], [-122.3572, 38.8285], [-122.3554, 38.8284], [-122.3556, 38.829], [-122.355, 38.8289], [-122.3552, 38.8309], [-122.3578, 38.8321], [-122.3557, 38.8341], [-122.3559, 38.8376], [-122.3596, 38.8389], [-122.3591, 38.8393], [-122.3602, 38.8398], [-122.3594, 38.8414], [-122.3576, 38.8414], [-122.3569, 38.8405], [-122.3567, 38.8417], [-122.3622, 38.8436], [-122.3644, 38.84], [-122.3656, 38.8408], [-122.3678, 38.8412], [-122.3677, 38.8423], [-122.3702, 38.8423], [-122.3715, 38.8432], [-122.3713, 38.8451], [-122.3729, 38.8455], [-122.3723, 38.8457], [-122.3738, 38.8464], [-122.3755, 38.8486], [-122.3754, 38.8499], [-122.3741, 38.85], [-122.3737, 38.8507], [-122.3781, 38.8529], [-122.378, 38.8537], [-122.3724, 38.8537], [-122.3759, 38.8572], [-122.3864, 38.8572], [-122.3902, 38.8584], [-122.3912, 38.8581], [-122.3912, 38.8573], [-122.3922, 38.8572], [-122.3922, 38.8594], [-122.3916, 38.8582], [-122.3915, 38.8607], [-122.3733, 38.8607], [-122.3733, 38.8582], [-122.3687, 38.8536], [-122.364, 38.8536], [-122.364, 38.8549], [-122.3822, 38.8693], [-122.3814, 38.8736], [-122.3831, 38.8743], [-122.3802, 38.8752], [-122.3732, 38.8751], [-122.3732, 38.8775], [-122.37, 38.8788], [-122.3676, 38.8821], [-122.3639, 38.8827], [-122.3639, 38.8821], [-122.3592, 38.882], [-122.3593, 38.8748], [-122.3465, 38.8743], [-122.3454, 38.8736], [-122.3455, 38.8639], [-122.3409, 38.8637], [-122.3409, 38.8604], [-122.3455, 38.8604], [-122.3455, 38.8571], [-122.3409, 38.857], [-122.341, 38.8429], [-122.3374, 38.8427], [-122.3345, 38.8435], [-122.3324, 38.8427], [-122.3177, 38.8422], [-122.3179, 38.8431], [-122.3005, 38.8428], [-122.3002, 38.8375], [-122.2957, 38.8375], [-122.2956, 38.8237], [-122.2911, 38.8237], [-122.291, 38.8166], [-122.2865, 38.8166], [-122.2865, 38.813], [-122.2774, 38.8129], [-122.2774, 38.8093], [-122.2731, 38.8093], [-122.2729, 38.8058], [-122.2706, 38.8058], [-122.2683, 38.8022], [-122.2683, 38.7918], [-122.2638, 38.7919], [-122.2638, 38.7848], [-122.2594, 38.7849], [-122.2595, 38.7778], [-122.2551, 38.7778], [-122.2551, 38.7669], [-122.2464, 38.767], [-122.2464, 38.7742], [-122.2418, 38.7741], [-122.2418, 38.7777], [-122.2465, 38.7779], [-122.2465, 38.7815], [-122.2507, 38.7815], [-122.2507, 38.785], [-122.2554, 38.785], [-122.2552, 38.792], [-122.2596, 38.7921], [-122.2596, 38.8027], [-122.264, 38.8028], [-122.2635, 38.8171], [-122.2681, 38.8172], [-122.2678, 38.8244], [-122.2725, 38.8245], [-122.2731, 38.8388], [-122.2638, 38.8385], [-122.2637, 38.8419], [-122.273, 38.8422], [-122.2729, 38.8525], [-122.2776, 38.8527], [-122.2776, 38.8661], [-122.2728, 38.866], [-122.2727, 38.8694], [-122.2632, 38.8693], [-122.2634, 38.8624], [-122.2588, 38.8623], [-122.2587, 38.8658], [-122.2541, 38.8658], [-122.2539, 38.8759], [-122.2493, 38.8758], [-122.2493, 38.8793], [-122.2584, 38.8795], [-122.2587, 38.8942], [-122.2679, 38.8939], [-122.2683, 38.9048], [-122.2728, 38.9045], [-122.2725, 38.8972], [-122.2771, 38.8972], [-122.2774, 38.9003], [-122.2821, 38.9003], [-122.2828, 38.9076], [-122.2871, 38.9078], [-122.2874, 38.9119], [-122.296, 38.912], [-122.2962, 38.9162], [-122.292, 38.9162], [-122.2923, 38.9203], [-122.2963, 38.9203], [-122.2956, 38.9217], [-122.2966, 38.9229], [-122.2957, 38.9247], [-122.2961, 38.9255], [-122.2955, 38.9267], [-122.2937, 38.9274], [-122.2947, 38.9297], [-122.2934, 38.9296], [-122.2925, 38.928], [-122.2916, 38.928], [-122.291, 38.9251], [-122.2885, 38.925], [-122.2879, 38.9243], [-122.288, 38.9202], [-122.279, 38.9203], [-122.2787, 38.9161], [-122.274, 38.9162], [-122.2746, 38.9224], [-122.2719, 38.9208], [-122.2693, 38.9213], [-122.2661, 38.9197], [-122.2646, 38.9174], [-122.2622, 38.9165], [-122.2604, 38.9139], [-122.2596, 38.9107], [-122.2603, 38.9077], [-122.2621, 38.9059], [-122.2615, 38.9036], [-122.2627, 38.9037], [-122.2624, 38.9045], [-122.2638, 38.9054], [-122.2653, 38.9061], [-122.266, 38.9059], [-122.2629, 38.9023], [-122.2556, 38.8989], [-122.2531, 38.8958], [-122.2503, 38.8952], [-122.2492, 38.8931], [-122.2512, 38.8924], [-122.2478, 38.8916], [-122.2473, 38.8898], [-122.2488, 38.8899], [-122.2443, 38.8868], [-122.2434, 38.8841], [-122.2407, 38.8828], [-122.2398, 38.883], [-122.2392, 38.8815], [-122.2364, 38.8792], [-122.2362, 38.8778], [-122.2351, 38.8774], [-122.2371, 38.8763], [-122.2362, 38.8759], [-122.2354, 38.8738], [-122.2334, 38.873], [-122.2326, 38.8687], [-122.2333, 38.8676], [-122.2314, 38.866], [-122.2317, 38.8636], [-122.2302, 38.8633], [-122.2311, 38.8621], [-122.2271, 38.8595], [-122.2268, 38.8577], [-122.2283, 38.8576], [-122.2279, 38.8566], [-122.2256, 38.8555], [-122.2242, 38.8522], [-122.2248, 38.8508], [-122.2242, 38.8487], [-122.2279, 38.8489], [-122.2297, 38.8481], [-122.2286, 38.8476], [-122.2284, 38.8455], [-122.2249, 38.8456], [-122.2223, 38.8449], [-122.22, 38.843], [-122.2181, 38.8443], [-122.2155, 38.8432], [-122.2168, 38.8417], [-122.2163, 38.8407], [-122.2187, 38.8407], [-122.2161, 38.8372], [-122.2151, 38.8336], [-122.2129, 38.8315], [-122.21, 38.8322], [-122.2064, 38.8314], [-122.2043, 38.8324], [-122.2035, 38.8322], [-122.2043, 38.8306], [-122.2075, 38.8304], [-122.2067, 38.8294], [-122.2073, 38.828], [-122.2092, 38.8293], [-122.211, 38.8272], [-122.2107, 38.8263], [-122.2078, 38.8273], [-122.2047, 38.8234], [-122.2084, 38.8217], [-122.2076, 38.8177], [-122.2082, 38.8171], [-122.2108, 38.8174], [-122.2102, 38.8154], [-122.2087, 38.8155], [-122.2064, 38.8169], [-122.2064, 38.8144], [-122.2049, 38.814], [-122.2043, 38.8119], [-122.2093, 38.8107], [-122.2097, 38.8094], [-122.2093, 38.8088], [-122.203, 38.8064], [-122.2001, 38.8037], [-122.1965, 38.7941], [-122.1935, 38.7893], [-122.1943, 38.787], [-122.1926, 38.7858], [-122.1912, 38.7822], [-122.1926, 38.78], [-122.1923, 38.7773], [-122.193, 38.7761], [-122.1912, 38.7734], [-122.1917, 38.7698], [-122.1893, 38.7677], [-122.1875, 38.7623], [-122.1853, 38.7617], [-122.1859, 38.7599], [-122.1845, 38.7556], [-122.1862, 38.7556], [-122.1869, 38.7519], [-122.1864, 38.7444], [-122.1814, 38.7443], [-122.1814, 38.745], [-122.1801, 38.7454], [-122.1805, 38.7459], [-122.1791, 38.7462], [-122.1783, 38.7449], [-122.179, 38.7426], [-122.1758, 38.7342], [-122.1723, 38.7297], [-122.1694, 38.729], [-122.1688, 38.7283], [-122.1669, 38.7283], [-122.1672, 38.7272], [-122.1648, 38.7274], [-122.1637, 38.7262], [-122.1659, 38.7252], [-122.1666, 38.7258], [-122.1693, 38.7246], [-122.1673, 38.7217], [-122.1652, 38.721], [-122.1644, 38.7186], [-122.1654, 38.7177], [-122.1596, 38.7134], [-122.1543, 38.7128], [-122.1473, 38.7152], [-122.1457, 38.7141], [-122.1432, 38.7101], [-122.1436, 38.7089], [-122.1427, 38.7086], [-122.1444, 38.7063], [-122.1425, 38.7057], [-122.1384, 38.7004], [-122.1376, 38.7008], [-122.1349, 38.6987], [-122.1344, 38.697], [-122.1317, 38.696], [-122.1294, 38.6962], [-122.1219, 38.6941], [-122.1199, 38.693], [-122.1199, 38.6919], [-122.1161, 38.6922], [-122.1141, 38.6906], [-122.1121, 38.691], [-122.1077, 38.6894], [-122.1021, 38.6861], [-122.1017, 38.6845], [-122.0997, 38.6823], [-122.0969, 38.6821], [-122.0947, 38.6811], [-122.09, 38.6818], [-122.0872, 38.6802], [-122.0866, 38.6789], [-122.082, 38.6787], [-122.0816, 38.6775], [-122.0788, 38.6774], [-122.0793, 38.6753], [-122.0816, 38.6744], [-122.0818, 38.6719], [-122.0808, 38.6715], [-122.0807, 38.6695], [-122.0773, 38.6683], [-122.0777, 38.6641], [-122.076, 38.6626], [-122.0764, 38.661], [-122.0738, 38.6583], [-122.0732, 38.6558], [-122.0705, 38.6546], [-122.0652, 38.6492], [-122.0635, 38.649], [-122.0647, 38.6468], [-122.0639, 38.6471], [-122.0637, 38.6461], [-122.0655, 38.6418], [-122.0658, 38.6384], [-122.0701, 38.6363], [-122.071, 38.6344], [-122.0607, 38.6316], [-122.0618, 38.6247], [-122.0615, 38.6206], [-122.0625, 38.6188], [-122.0642, 38.6184], [-122.0621, 38.6175], [-122.0607, 38.6137], [-122.0593, 38.6127], [-122.0592, 38.6098], [-122.0565, 38.6062], [-122.0568, 38.604], [-122.0534, 38.6], [-122.0544, 38.5998], [-122.0543, 38.599], [-122.0575, 38.5965], [-122.0531, 38.5933], [-122.0539, 38.5916], [-122.0534, 38.5904], [-122.0566, 38.5883], [-122.0599, 38.5876], [-122.0606, 38.5867], [-122.0575, 38.5853], [-122.0562, 38.5822], [-122.0574, 38.575], [-122.059, 38.5741], [-122.0591, 38.5671], [-122.058, 38.5655], [-122.0522, 38.5632], [-122.0496, 38.5582], [-122.0472, 38.5555], [-122.0487, 38.5514], [-122.0484, 38.549], [-122.0458, 38.5477], [-122.0484, 38.5428], [-122.0478, 38.541], [-122.0447, 38.5396], [-122.0382, 38.5335], [-122.0424, 38.5325], [-122.0441, 38.5314], [-122.0417, 38.5322], [-122.0388, 38.5319], [-122.0373, 38.5325], [-122.0346, 38.53], [-122.0347, 38.529], [-122.0314, 38.5246], [-122.0302, 38.5214], [-122.028, 38.5211], [-122.0245, 38.5193], [-122.0196, 38.5186], [-122.0193, 38.5167], [-122.0172, 38.5153], [-122.0171, 38.5126], [-122.0158, 38.5125], [-122.0175, 38.5081], [-122.0209, 38.5096], [-122.0227, 38.5093], [-122.0258, 38.5107], [-122.0246, 38.5055], [-122.0252, 38.5053], [-122.0254, 38.503], [-122.0246, 38.4952], [-122.0275, 38.4948], [-122.0304, 38.4892], [-122.0257, 38.4892], [-122.0262, 38.4901], [-122.0236, 38.4878], [-122.0215, 38.4874], [-122.0214, 38.4891], [-122.0202, 38.4899], [-122.0171, 38.4887], [-122.0198, 38.4893], [-122.0206, 38.4889], [-122.0191, 38.4873], [-122.0205, 38.4876], [-122.0234, 38.4859], [-122.0217, 38.4825], [-122.0268, 38.4814], [-122.0247, 38.478], [-122.0258, 38.477], [-122.0264, 38.4743], [-122.0254, 38.4689], [-122.0237, 38.4655], [-122.0209, 38.4645], [-122.0176, 38.4644], [-122.017, 38.462], [-122.0191, 38.4598], [-122.0158, 38.4584], [-122.0124, 38.4526], [-122.0065, 38.4525], [-122.0051, 38.4517], [-122.0056, 38.4509], [-122.0024, 38.4509], [-122.0009, 38.4499], [-122.0, 38.4485], [-122.0016, 38.4474], [-121.9988, 38.445], [-121.9999, 38.445], [-122.0007, 38.4438], [-121.9985, 38.4433], [-121.998, 38.4418], [-121.9967, 38.4417], [-121.9951, 38.4398], [-121.9965, 38.4396], [-121.9976, 38.4384], [-121.9973, 38.4346], [-121.9985, 38.4343], [-121.9988, 38.4333], [-122.0007, 38.432], [-121.9967, 38.4326], [-121.9962, 38.4312], [-121.994, 38.4316], [-121.9921, 38.4303], [-121.9917, 38.4237], [-121.9881, 38.4234], [-121.9874, 38.4223], [-121.9878, 38.4219], [-121.9895, 38.4222], [-121.9889, 38.4213], [-121.9894, 38.421], [-121.9912, 38.4214], [-121.9919, 38.4208], [-121.9895, 38.4173], [-121.9893, 38.4165], [-121.99, 38.4161], [-121.9888, 38.4147], [-121.9902, 38.413], [-121.9894, 38.4116], [-121.9908, 38.411], [-121.9915, 38.4098], [-121.9912, 38.4089], [-121.9899, 38.409], [-121.9897, 38.4103], [-121.9885, 38.4106], [-121.9873, 38.4087], [-121.9867, 38.405], [-121.989, 38.4045], [-121.9868, 38.4013], [-121.9893, 38.4017], [-121.9913, 38.4012], [-121.9919, 38.4004], [-121.9951, 38.4003], [-121.9984, 38.4014], [-121.9995, 38.3984], [-121.9969, 38.3958], [-121.9971, 38.3969], [-121.9955, 38.397], [-121.9954, 38.3923], [-121.999, 38.3934], [-121.9999, 38.392], [-122.0014, 38.3921], [-122.003, 38.3952], [-122.0043, 38.3958], [-122.0036, 38.3934], [-122.0054, 38.3938], [-122.0053, 38.3933], [-122.0083, 38.392], [-122.0066, 38.3915], [-122.0067, 38.3905], [-122.0057, 38.3898], [-122.0083, 38.3887], [-122.01, 38.3892], [-122.0115, 38.3876], [-122.0101, 38.3863], [-122.0107, 38.386], [-122.0123, 38.387], [-122.0131, 38.386], [-122.0114, 38.3854], [-122.0081, 38.3857], [-122.0063, 38.3843], [-122.0073, 38.3828], [-122.0113, 38.383], [-122.0135, 38.3845], [-122.0168, 38.3849], [-122.0178, 38.3857], [-122.0188, 38.384], [-122.024, 38.3839], [-122.0243, 38.388], [-122.028, 38.3882], [-122.03, 38.3904], [-122.0325, 38.3908], [-122.036, 38.3902], [-122.0284, 38.3809], [-122.0257, 38.3763], [-122.0294, 38.3775], [-122.0335, 38.3812], [-122.0351, 38.3819], [-122.0351, 38.3836], [-122.0374, 38.3858], [-122.0389, 38.3854], [-122.0387, 38.3831], [-122.04, 38.3822], [-122.042, 38.3821], [-122.0419, 38.3811], [-122.0399, 38.3808], [-122.0387, 38.3786], [-122.0373, 38.3788], [-122.036, 38.3767], [-122.0338, 38.3771], [-122.0302, 38.3747], [-122.0318, 38.3718], [-122.0299, 38.3714], [-122.0331, 38.3693], [-122.0333, 38.3667], [-122.03, 38.3647], [-122.0312, 38.3637], [-122.0301, 38.3611], [-122.0262, 38.3615], [-122.0294, 38.3668], [-122.0287, 38.3714], [-122.024, 38.3717], [-122.024, 38.3705], [-122.0206, 38.3699], [-122.0192, 38.3673], [-122.0194, 38.3607], [-122.0183, 38.3599], [-122.0201, 38.359], [-122.0201, 38.3568], [-122.0178, 38.3563], [-122.0179, 38.3533], [-122.017, 38.3523], [-122.0155, 38.3522], [-122.0156, 38.3512], [-122.0172, 38.3503], [-122.0154, 38.347], [-122.016, 38.3464], [-122.0151, 38.3458], [-122.0152, 38.3449], [-122.0135, 38.3444], [-122.0148, 38.344], [-122.0143, 38.3429], [-122.0165, 38.3418], [-122.018, 38.3423], [-122.0207, 38.3446], [-122.0233, 38.3447], [-122.0235, 38.346], [-122.0216, 38.3461], [-122.0226, 38.3467], [-122.0223, 38.348], [-122.023, 38.3481], [-122.0232, 38.3491], [-122.0246, 38.3481], [-122.0245, 38.355], [-122.0233, 38.3552], [-122.0232, 38.3564], [-122.0247, 38.3576], [-122.0261, 38.3574], [-122.0266, 38.3559], [-122.0295, 38.3573], [-122.031, 38.3562], [-122.0304, 38.3532], [-122.0316, 38.3527], [-122.0279, 38.3519], [-122.0279, 38.3509], [-122.0289, 38.3508], [-122.0289, 38.3495], [-122.03, 38.3489], [-122.0278, 38.3468], [-122.0279, 38.3447], [-122.0346, 38.3449], [-122.0337, 38.3428], [-122.0345, 38.3418], [-122.0318, 38.3432], [-122.0292, 38.3424], [-122.0292, 38.3419], [-122.03, 38.3422], [-122.03, 38.3413], [-122.0276, 38.3414], [-122.0271, 38.3401], [-122.0247, 38.3397], [-122.0247, 38.3364], [-122.028, 38.3346], [-122.0259, 38.3301], [-122.0259, 38.3261], [-122.0251, 38.3244], [-122.0331, 38.3143], [-122.028, 38.3136], [-122.0261, 38.3138], [-122.0249, 38.3132], [-122.0245, 38.3119], [-122.0187, 38.3089], [-122.0121, 38.3089], [-122.014, 38.3032], [-122.0163, 38.3036], [-122.0199, 38.3068], [-122.0247, 38.3082], [-122.0247, 38.309], [-122.0331, 38.3092], [-122.0345, 38.3064], [-122.0356, 38.3067], [-122.0366, 38.309], [-122.0366, 38.3081], [-122.0377, 38.3084], [-122.0373, 38.307], [-122.0392, 38.3071], [-122.04, 38.3088], [-122.0412, 38.3079], [-122.0409, 38.3073], [-122.0429, 38.3061], [-122.0422, 38.3053], [-122.0432, 38.3049], [-122.0441, 38.303], [-122.0436, 38.3019], [-122.042, 38.3015], [-122.042, 38.303], [-122.0403, 38.3027], [-122.0381, 38.3042], [-122.0368, 38.3043], [-122.0367, 38.302], [-122.0383, 38.3021], [-122.0387, 38.3016], [-122.0381, 38.3014], [-122.0516, 38.3007], [-122.0605, 38.3026], [-122.0605, 38.3012], [-122.0625, 38.3012], [-122.0647, 38.2962], [-122.0667, 38.2979], [-122.0716, 38.2979], [-122.0711, 38.3007], [-122.0687, 38.3019], [-122.0681, 38.3039], [-122.0691, 38.3044], [-122.0717, 38.3041], [-122.0718, 38.3046], [-122.0769, 38.3047], [-122.0819, 38.3076], [-122.0872, 38.309], [-122.0884, 38.3105], [-122.0864, 38.3117], [-122.0859, 38.3132], [-122.0873, 38.3151], [-122.0936, 38.3158], [-122.0934, 38.3167], [-122.0894, 38.3168], [-122.0881, 38.3177], [-122.0867, 38.3177], [-122.0877, 38.3193], [-122.0869, 38.32], [-122.08, 38.3217], [-122.08, 38.3232], [-122.0774, 38.3241], [-122.0758, 38.3267], [-122.0784, 38.327], [-122.0781, 38.3304], [-122.0813, 38.3325], [-122.0813, 38.3335], [-122.0823, 38.3328], [-122.0845, 38.3343], [-122.0905, 38.3346], [-122.0951, 38.3311], [-122.0963, 38.3306], [-122.0973, 38.3312], [-122.096, 38.3333], [-122.0955, 38.3364], [-122.0943, 38.3368], [-122.0953, 38.3371], [-122.0951, 38.338], [-122.0963, 38.3392], [-122.0944, 38.3485], [-122.0954, 38.3535], [-122.0991, 38.3558], [-122.0992, 38.3565], [-122.1061, 38.3574], [-122.1063, 38.358], [-122.1095, 38.3573], [-122.1113, 38.3557], [-122.1138, 38.3563], [-122.1166, 38.3552], [-122.1212, 38.3556], [-122.1244, 38.3569], [-122.1245, 38.358], [-122.1227, 38.3589], [-122.1201, 38.363], [-122.123, 38.3649], [-122.1249, 38.3643], [-122.1247, 38.366], [-122.1257, 38.3666], [-122.1245, 38.3676], [-122.1257, 38.3689], [-122.1244, 38.3703], [-122.1281, 38.3731], [-122.1291, 38.3716], [-122.1286, 38.3678], [-122.1303, 38.3681], [-122.1295, 38.3664], [-122.1306, 38.3662], [-122.1346, 38.368], [-122.1384, 38.3686], [-122.1396, 38.3684], [-122.1396, 38.3678], [-122.1371, 38.3664], [-122.1378, 38.3656], [-122.1391, 38.3655], [-122.1406, 38.3672], [-122.142, 38.3669], [-122.1413, 38.364], [-122.1387, 38.3626], [-122.1294, 38.3613], [-122.1261, 38.3577], [-122.127, 38.3567], [-122.1258, 38.3544], [-122.1263, 38.3539], [-122.1279, 38.3537], [-122.1296, 38.3541], [-122.1303, 38.3552], [-122.1356, 38.3559], [-122.1381, 38.3538], [-122.1404, 38.3537], [-122.1446, 38.3519], [-122.1475, 38.353], [-122.1489, 38.3559], [-122.1503, 38.3561], [-122.152, 38.3582], [-122.1546, 38.3584], [-122.1536, 38.3597], [-122.1542, 38.3609], [-122.157, 38.3607], [-122.1598, 38.3585], [-122.1638, 38.3577], [-122.1666, 38.3589], [-122.1699, 38.3591], [-122.1681, 38.3611], [-122.1682, 38.3629], [-122.1672, 38.3634], [-122.1695, 38.3664], [-122.1675, 38.3679], [-122.1699, 38.3683], [-122.1703, 38.3673], [-122.173, 38.3695], [-122.1736, 38.3692], [-122.1754, 38.3714], [-122.1709, 38.3716], [-122.1723, 38.3747], [-122.1779, 38.3775], [-122.1809, 38.377], [-122.1848, 38.3773], [-122.1885, 38.3812], [-122.1895, 38.3841], [-122.1913, 38.3839], [-122.1912, 38.3824], [-122.1953, 38.3815], [-122.1981, 38.3839], [-122.1972, 38.3868], [-122.1957, 38.3873], [-122.1992, 38.3919], [-122.1977, 38.3971], [-122.1988, 38.3994], [-122.1939, 38.3993], [-122.1911, 38.4001], [-122.1905, 38.4017], [-122.1917, 38.4058], [-122.197, 38.4073], [-122.1996, 38.4098], [-122.2028, 38.4086], [-122.2048, 38.4096], [-122.2062, 38.4089], [-122.2123, 38.4149], [-122.2185, 38.4189], [-122.2227, 38.4235], [-122.2251, 38.4244], [-122.2277, 38.4266], [-122.23, 38.4267], [-122.2302, 38.4253], [-122.2319, 38.4262], [-122.2335, 38.426], [-122.2344, 38.4243], [-122.2335, 38.4236], [-122.2342, 38.4219], [-122.2403, 38.4198], [-122.2409, 38.4169], [-122.2446, 38.4177], [-122.2495, 38.4165], [-122.2502, 38.4175], [-122.2478, 38.4209], [-122.2496, 38.4206], [-122.2525, 38.4232], [-122.2584, 38.4241], [-122.2582, 38.4259], [-122.2621, 38.4261], [-122.2622, 38.4306], [-122.2651, 38.4345], [-122.2649, 38.4366], [-122.2708, 38.4371], [-122.273, 38.4382], [-122.2738, 38.4395], [-122.2748, 38.4387], [-122.2747, 38.4403], [-122.2756, 38.4406], [-122.2761, 38.4432], [-122.2772, 38.4439], [-122.2747, 38.4462], [-122.2767, 38.4463], [-122.2832, 38.4521], [-122.2858, 38.4534], [-122.2889, 38.4536], [-122.289, 38.4546], [-122.2908, 38.4562], [-122.293, 38.4631], [-122.2943, 38.4632], [-122.2947, 38.4626], [-122.2934, 38.4619], [-122.2931, 38.4604], [-122.2961, 38.4603], [-122.298, 38.4607], [-122.2989, 38.4635], [-122.3003, 38.4636], [-122.3007, 38.4648], [-122.3018, 38.4642], [-122.309, 38.4643], [-122.3109, 38.4627], [-122.3109, 38.462], [-122.312, 38.4621], [-122.312, 38.4629], [-122.3147, 38.4641], [-122.3146, 38.4646], [-122.3209, 38.465], [-122.3219, 38.4665], [-122.3249, 38.4671], [-122.3247, 38.4716], [-122.3219, 38.4732], [-122.3205, 38.475], [-122.3187, 38.4748], [-122.3174, 38.4757], [-122.3186, 38.4785], [-122.3197, 38.4787], [-122.3213, 38.4808], [-122.3208, 38.4837], [-122.3226, 38.4846], [-122.3224, 38.4876], [-122.3197, 38.4884], [-122.3127, 38.4866], [-122.3094, 38.4884], [-122.3098, 38.4904], [-122.3119, 38.492], [-122.3156, 38.4996], [-122.3188, 38.4982], [-122.3222, 38.4983], [-122.327, 38.4974], [-122.3269, 38.4984], [-122.3307, 38.4985], [-122.3338, 38.4997], [-122.3351, 38.5015], [-122.3389, 38.504], [-122.3396, 38.506], [-122.3389, 38.5067], [-122.3403, 38.5082], [-122.3398, 38.5087], [-122.3417, 38.5102], [-122.3414, 38.5125], [-122.3424, 38.5138], [-122.3413, 38.5156], [-122.34, 38.5166], [-122.3372, 38.515], [-122.3358, 38.515], [-122.3337, 38.5166], [-122.3327, 38.5191], [-122.3326, 38.5204], [-122.336, 38.5216], [-122.335, 38.5225], [-122.3361, 38.5249], [-122.3349, 38.5255], [-122.3338, 38.5283], [-122.335, 38.5286], [-122.3341, 38.53], [-122.3335, 38.5299], [-122.3351, 38.5324], [-122.334, 38.5323], [-122.3332, 38.533], [-122.334, 38.5338], [-122.3336, 38.5354], [-122.333, 38.5366], [-122.3316, 38.5371], [-122.3354, 38.5399], [-122.3415, 38.5477], [-122.3427, 38.5484], [-122.3435, 38.5478], [-122.3459, 38.5503], [-122.3449, 38.5525], [-122.3458, 38.5536], [-122.3451, 38.555], [-122.3459, 38.5582], [-122.3452, 38.5596], [-122.3466, 38.5621], [-122.3457, 38.5637], [-122.3463, 38.5658], [-122.3457, 38.5654], [-122.3456, 38.5661], [-122.3474, 38.5676], [-122.3474, 38.5686], [-122.3456, 38.5686], [-122.343, 38.5714], [-122.3414, 38.5713], [-122.3402, 38.5721], [-122.3387, 38.5712], [-122.3385, 38.5735], [-122.3397, 38.5752], [-122.3392, 38.5763], [-122.3398, 38.5772], [-122.345, 38.5786], [-122.3459, 38.5805], [-122.3486, 38.5829], [-122.3452, 38.5855], [-122.3446, 38.5869], [-122.3427, 38.5859], [-122.3416, 38.5865], [-122.34, 38.5846], [-122.3395, 38.5851], [-122.3394, 38.589], [-122.341, 38.5893], [-122.3418, 38.5918], [-122.3408, 38.5938], [-122.3445, 38.5977], [-122.342, 38.5984], [-122.3404, 38.5995], [-122.3417, 38.6005], [-122.3406, 38.6021], [-122.346, 38.6059], [-122.3478, 38.6079], [-122.348, 38.612], [-122.3471, 38.6147], [-122.3519, 38.6134], [-122.3548, 38.6149], [-122.3574, 38.615], [-122.3593, 38.6163], [-122.3653, 38.6167], [-122.369, 38.6181], [-122.3678, 38.6207], [-122.3684, 38.6246], [-122.371, 38.6247], [-122.3693, 38.6255], [-122.369, 38.6268], [-122.3673, 38.6274], [-122.3674, 38.6292], [-122.3715, 38.629], [-122.378, 38.63], [-122.3795, 38.6314], [-122.3826, 38.6323], [-122.3833, 38.6322], [-122.3836, 38.6309], [-122.3868, 38.6328], [-122.3866, 38.635], [-122.3845, 38.6388], [-122.3813, 38.6416], [-122.383, 38.6423], [-122.3831, 38.6429], [-122.3859, 38.6415], [-122.3893, 38.6413], [-122.3892, 38.6504], [-122.3909, 38.65], [-122.393, 38.6511], [-122.3947, 38.6501], [-122.3966, 38.6519], [-122.3965, 38.653], [-122.4036, 38.6519], [-122.4065, 38.6526], [-122.4031, 38.6557], [-122.4051, 38.6558], [-122.4043, 38.6573], [-122.4084, 38.6553], [-122.4086, 38.6538], [-122.4098, 38.653], [-122.4112, 38.6527], [-122.409, 38.6537], [-122.4112, 38.6548], [-122.409, 38.6562], [-122.4124, 38.6568], [-122.4147, 38.6562], [-122.4161, 38.6535], [-122.4152, 38.6559], [-122.4176, 38.6551], [-122.4175, 38.6515], [-122.4187, 38.6498], [-122.4265, 38.6515], [-122.4246, 38.6538], [-122.4245, 38.6554], [-122.4268, 38.6551], [-122.4284, 38.6568], [-122.4304, 38.6561], [-122.43, 38.6582], [-122.4319, 38.6585], [-122.4246, 38.6584], [-122.4242, 38.662], [-122.4288, 38.6621], [-122.4288, 38.6626], [-122.4195, 38.6625], [-122.4194, 38.666], [-122.4101, 38.6659], [-122.41, 38.6694], [-122.4006, 38.6691], [-122.4004, 38.6762], [-122.4051, 38.6763], [-122.405, 38.6799], [-122.419, 38.6801], [-122.4191, 38.6766], [-122.4378, 38.6767], [-122.438, 38.6627], [-122.4334, 38.6626], [-122.4339, 38.6585], [-122.4323, 38.6585], [-122.4365, 38.6584], [-122.4371, 38.6555], [-122.4371, 38.6614], [-122.4388, 38.6599], [-122.4427, 38.6609], [-122.4432, 38.6587], [-122.4417, 38.6586], [-122.4426, 38.6581], [-122.4445, 38.6587], [-122.4619, 38.6586], [-122.4654, 38.6619], [-122.4677, 38.6627], [-122.468, 38.6639], [-122.4696, 38.6632], [-122.4698, 38.6621], [-122.4715, 38.6633], [-122.4737, 38.662], [-122.4748, 38.6622], [-122.4728, 38.6642], [-122.4745, 38.6652], [-122.4757, 38.6675], [-122.4785, 38.6668], [-122.478, 38.6653], [-122.4803, 38.6633], [-122.4802, 38.6626], [-122.4809, 38.6634], [-122.4819, 38.6633], [-122.4807, 38.6607], [-122.4809, 38.6587], [-122.483, 38.6579], [-122.4836, 38.6551], [-122.4866, 38.6547], [-122.4892, 38.655], [-122.4913, 38.6543], [-122.4904, 38.6529], [-122.4883, 38.6526], [-122.4895, 38.6496], [-122.4918, 38.6489], [-122.4911, 38.6478], [-122.4938, 38.6472], [-122.4954, 38.646], [-122.4954, 38.6437], [-122.4969, 38.6425], [-122.5005, 38.6442], [-122.503, 38.6465], [-122.5031, 38.6477], [-122.5062, 38.6476], [-122.5069, 38.6465], [-122.5107, 38.6466], [-122.5142, 38.6459], [-122.5161, 38.6467], [-122.5171, 38.6483], [-122.5222, 38.6488], [-122.5274, 38.6467], [-122.529, 38.6505], [-122.534, 38.6535], [-122.5342, 38.656], [-122.5358, 38.6578], [-122.535, 38.6603], [-122.5377, 38.6605], [-122.5411, 38.6622], [-122.539, 38.6644], [-122.5422, 38.6644], [-122.5429, 38.6657], [-122.5461, 38.6653], [-122.5475, 38.6659], [-122.5526, 38.6661], [-122.5556, 38.6648], [-122.5562, 38.6658], [-122.5574, 38.666], [-122.5586, 38.6669], [-122.5593, 38.6695], [-122.5613, 38.6717], [-122.5609, 38.6745], [-122.5622, 38.6765], [-122.5639, 38.6771], [-122.568, 38.6808], [-122.5586, 38.6809], [-122.5586, 38.6845], [-122.5632, 38.6844], [-122.5633, 38.6881], [-122.5679, 38.6881], [-122.5679, 38.6953], [-122.5769, 38.6951], [-122.5769, 38.6945], [-122.578, 38.6944], [-122.5783, 38.6958], [-122.5774, 38.6974], [-122.5749, 38.6973], [-122.5745, 38.6981]], [[-122.2504, 38.5757], [-122.26, 38.5763], [-122.26, 38.5727], [-122.2502, 38.5722], [-122.2504, 38.5757]], [[-122.2731, 38.8092], [-122.2731, 38.8092], [-122.2731, 38.8092], [-122.2731, 38.8092]], [[-122.5586, 38.6772], [-122.554, 38.6772], [-122.554, 38.6809], [-122.5586, 38.6809], [-122.5586, 38.6772]], [[-122.5743, 38.6978], [-122.5743, 38.6978], [-122.5743, 38.6978], [-122.5743, 38.6978]], [[-122.4715, 38.7446], [-122.4708, 38.7451], [-122.4724, 38.7457], [-122.4736, 38.7442], [-122.4753, 38.7442], [-122.4763, 38.7448], [-122.4787, 38.7435], [-122.4804, 38.745], [-122.4814, 38.7442], [-122.4805, 38.7434], [-122.4812, 38.7426], [-122.4793, 38.742], [-122.4798, 38.7394], [-122.4791, 38.7391], [-122.4821, 38.7348], [-122.4807, 38.7306], [-122.4818, 38.7292], [-122.4827, 38.7295], [-122.4824, 38.7305], [-122.4868, 38.7329], [-122.4884, 38.7325], [-122.4906, 38.7301], [-122.4931, 38.731], [-122.4936, 38.7325], [-122.4957, 38.7322], [-122.4988, 38.7328], [-122.4989, 38.7318], [-122.4975, 38.7311], [-122.4987, 38.7295], [-122.4984, 38.7278], [-122.4976, 38.7277], [-122.4975, 38.7292], [-122.4963, 38.7298], [-122.4947, 38.7291], [-122.4946, 38.7271], [-122.496, 38.7258], [-122.4965, 38.7236], [-122.498, 38.7231], [-122.5004, 38.7242], [-122.5011, 38.7215], [-122.4982, 38.7193], [-122.4936, 38.7206], [-122.4916, 38.7225], [-122.4921, 38.7192], [-122.4902, 38.7179], [-122.4857, 38.7185], [-122.4831, 38.7181], [-122.4833, 38.7162], [-122.4815, 38.7155], [-122.4799, 38.7157], [-122.4781, 38.7172], [-122.4766, 38.7167], [-122.4759, 38.7141], [-122.4766, 38.7124], [-122.4781, 38.7127], [-122.478, 38.7115], [-122.4769, 38.7107], [-122.4766, 38.7079], [-122.4752, 38.7052], [-122.47, 38.7034], [-122.461, 38.7013], [-122.4597, 38.7004], [-122.4583, 38.7008], [-122.4577, 38.6996], [-122.4563, 38.7002], [-122.4547, 38.6997], [-122.4537, 38.6989], [-122.4533, 38.696], [-122.4561, 38.6921], [-122.4565, 38.6906], [-122.4553, 38.6894], [-122.4567, 38.6881], [-122.4566, 38.6873], [-122.4659, 38.6878], [-122.466, 38.6733], [-122.4567, 38.6733], [-122.4566, 38.6698], [-122.4472, 38.6698], [-122.4473, 38.6733], [-122.4519, 38.6733], [-122.4518, 38.6803], [-122.4565, 38.6804], [-122.4561, 38.6869], [-122.4537, 38.6853], [-122.451, 38.6845], [-122.4496, 38.6827], [-122.447, 38.6825], [-122.447, 38.6804], [-122.4408, 38.6784], [-122.4345, 38.6797], [-122.4305, 38.6783], [-122.4286, 38.6788], [-122.4251, 38.6834], [-122.4256, 38.6854], [-122.4283, 38.6849], [-122.4294, 38.6871], [-122.4284, 38.6893], [-122.4262, 38.6912], [-122.4258, 38.6928], [-122.4311, 38.6948], [-122.4372, 38.6958], [-122.4394, 38.6968], [-122.44, 38.6979], [-122.4395, 38.6987], [-122.4369, 38.6998], [-122.4347, 38.702], [-122.4345, 38.7035], [-122.4308, 38.7067], [-122.4265, 38.7088], [-122.4272, 38.7113], [-122.4313, 38.7141], [-122.4331, 38.7175], [-122.4315, 38.725], [-122.4352, 38.7278], [-122.4351, 38.7295], [-122.4336, 38.7315], [-122.4371, 38.733], [-122.4366, 38.7337], [-122.4318, 38.7339], [-122.43, 38.7347], [-122.4308, 38.7358], [-122.431, 38.7398], [-122.4319, 38.7406], [-122.4363, 38.7415], [-122.4372, 38.7427], [-122.4354, 38.743], [-122.4296, 38.7503], [-122.4317, 38.7516], [-122.435, 38.7517], [-122.4381, 38.7533], [-122.4412, 38.7535], [-122.4418, 38.752], [-122.4399, 38.7496], [-122.4407, 38.7491], [-122.445, 38.7495], [-122.4451, 38.7482], [-122.4465, 38.7488], [-122.4465, 38.7496], [-122.4478, 38.749], [-122.4512, 38.7491], [-122.4516, 38.7479], [-122.4497, 38.7467], [-122.4497, 38.746], [-122.4521, 38.7435], [-122.4528, 38.7437], [-122.4525, 38.7443], [-122.4534, 38.7443], [-122.4519, 38.746], [-122.4543, 38.7455], [-122.4541, 38.7442], [-122.4555, 38.7439], [-122.4534, 38.743], [-122.4541, 38.7415], [-122.4564, 38.7412], [-122.4573, 38.742], [-122.4583, 38.7416], [-122.4619, 38.7421], [-122.4617, 38.7413], [-122.4596, 38.7404], [-122.4581, 38.7407], [-122.4574, 38.7399], [-122.4583, 38.7391], [-122.457, 38.7384], [-122.4574, 38.7377], [-122.4604, 38.7378], [-122.4605, 38.7373], [-122.4589, 38.7368], [-122.4596, 38.7361], [-122.4612, 38.7365], [-122.4621, 38.7377], [-122.4656, 38.7387], [-122.4658, 38.7399], [-122.4643, 38.7407], [-122.4629, 38.7429], [-122.4645, 38.7438], [-122.4663, 38.7418], [-122.4667, 38.7424], [-122.4705, 38.7402], [-122.4725, 38.7405], [-122.4738, 38.74], [-122.4737, 38.7427], [-122.4728, 38.7438], [-122.4712, 38.7434], [-122.4715, 38.7446]], [[-122.0236, 38.3634], [-122.0252, 38.3633], [-122.0252, 38.3623], [-122.0236, 38.3623], [-122.0236, 38.3634]], [[-122.0412, 38.5035], [-122.0388, 38.4998], [-122.0316, 38.4947], [-122.0284, 38.4935], [-122.0279, 38.4941], [-122.0319, 38.4956], [-122.0372, 38.499], [-122.0397, 38.502], [-122.0415, 38.5066], [-122.0447, 38.5089], [-122.0455, 38.5079], [-122.0415, 38.5053], [-122.0412, 38.5035]], [[-122.0334, 38.494], [-122.0293, 38.4925], [-122.0287, 38.4931], [-122.0362, 38.4965], [-122.0334, 38.494]], [[-122.0969, 38.482], [-122.1015, 38.4821], [-122.1015, 38.4786], [-122.0969, 38.4786], [-122.097, 38.4717], [-122.1014, 38.4717], [-122.1014, 38.4684], [-122.106, 38.4684], [-122.1061, 38.4609], [-122.0929, 38.4607], [-122.0929, 38.4676], [-122.0882, 38.4676], [-122.0882, 38.4716], [-122.0926, 38.4716], [-122.0926, 38.4751], [-122.0829, 38.475], [-122.0829, 38.4823], [-122.0784, 38.4823], [-122.0786, 38.5039], [-122.0884, 38.5039], [-122.0883, 38.5111], [-122.0929, 38.5111], [-122.0922, 38.486], [-122.0969, 38.486], [-122.0969, 38.482]], [[-122.0785, 38.4677], [-122.0785, 38.4715], [-122.0836, 38.4715], [-122.0837, 38.4676], [-122.0785, 38.4677]], [[-122.1061, 38.4321], [-122.097, 38.4319], [-122.097, 38.4389], [-122.1061, 38.4391], [-122.1061, 38.4321]], [[-122.0932, 38.4388], [-122.0931, 38.4461], [-122.097, 38.4462], [-122.097, 38.4389], [-122.0932, 38.4388]], [[-122.1293, 38.4501], [-122.1247, 38.4499], [-122.1247, 38.4535], [-122.1293, 38.4537], [-122.1293, 38.4501]], [[-122.1293, 38.4537], [-122.1295, 38.4644], [-122.1249, 38.4642], [-122.125, 38.4715], [-122.1202, 38.4714], [-122.1202, 38.4604], [-122.1195, 38.461], [-122.1154, 38.4611], [-122.1155, 38.4648], [-122.1107, 38.4648], [-122.1107, 38.4752], [-122.1155, 38.4749], [-122.1158, 38.4785], [-122.1109, 38.4785], [-122.1106, 38.4794], [-122.1091, 38.4822], [-122.1063, 38.4821], [-122.1064, 38.4901], [-122.1072, 38.4893], [-122.1211, 38.4893], [-122.1205, 38.4786], [-122.1347, 38.4787], [-122.1339, 38.4539], [-122.1293, 38.4537]], [[-122.1124, 38.5317], [-122.1122, 38.5323], [-122.1128, 38.5323], [-122.1124, 38.5317]], [[-122.1107, 38.479], [-122.1108, 38.4787], [-122.1107, 38.4787], [-122.1107, 38.479]], [[-122.1254, 38.5438], [-122.1207, 38.5438], [-122.1202, 38.5475], [-122.1176, 38.5476], [-122.1174, 38.5468], [-122.1166, 38.5468], [-122.1174, 38.5579], [-122.1213, 38.5582], [-122.1207, 38.5511], [-122.1251, 38.5509], [-122.1254, 38.5438]], [[-122.1436, 38.4823], [-122.1392, 38.4822], [-122.1394, 38.4892], [-122.144, 38.4891], [-122.1436, 38.4823]], [[-122.1888, 38.4791], [-122.189, 38.4821], [-122.1907, 38.4821], [-122.1907, 38.479], [-122.1888, 38.4791]], [[-122.2295, 38.4921], [-122.2279, 38.5031], [-122.2332, 38.5031], [-122.2339, 38.4958], [-122.2386, 38.4957], [-122.2391, 38.4884], [-122.2164, 38.4884], [-122.2151, 38.4958], [-122.2241, 38.4958], [-122.2248, 38.4921], [-122.2295, 38.4921]], [[-122.2164, 38.4884], [-122.2161, 38.482], [-122.2116, 38.482], [-122.2114, 38.4786], [-122.2069, 38.4787], [-122.2071, 38.4821], [-122.2025, 38.4821], [-122.2027, 38.4855], [-122.2072, 38.4855], [-122.2074, 38.4885], [-122.2164, 38.4884]], [[-122.2138, 38.7932], [-122.2138, 38.7941], [-122.2159, 38.7941], [-122.2159, 38.7932], [-122.2138, 38.7932]], [[-122.2132, 38.6962], [-122.2178, 38.6962], [-122.2179, 38.6999], [-122.2252, 38.7001], [-122.2253, 38.6952], [-122.2212, 38.6954], [-122.2208, 38.6882], [-122.2123, 38.6886], [-122.2132, 38.6962]], [[-122.2231, 38.7953], [-122.2228, 38.8021], [-122.2273, 38.8022], [-122.2274, 38.7951], [-122.2231, 38.7953]], [[-122.2276, 38.7916], [-122.2254, 38.7916], [-122.2253, 38.7925], [-122.2275, 38.7925], [-122.2276, 38.7916]], [[-122.2251, 38.6847], [-122.2296, 38.6845], [-122.2296, 38.6813], [-122.225, 38.6814], [-122.2251, 38.6847]], [[-122.2462, 38.7525], [-122.2369, 38.7524], [-122.237, 38.756], [-122.2418, 38.756], [-122.2418, 38.7597], [-122.2463, 38.7597], [-122.2462, 38.7525]], [[-122.2373, 38.5433], [-122.2368, 38.5471], [-122.2376, 38.5471], [-122.2373, 38.5433]], [[-122.2377, 38.5213], [-122.2372, 38.5323], [-122.2423, 38.5324], [-122.2422, 38.5356], [-122.2469, 38.5358], [-122.2474, 38.5287], [-122.2524, 38.5291], [-122.2528, 38.5257], [-122.2632, 38.5268], [-122.2639, 38.5237], [-122.2586, 38.523], [-122.259, 38.5176], [-122.2538, 38.5148], [-122.2541, 38.5111], [-122.243, 38.5102], [-122.2426, 38.5214], [-122.2377, 38.5213]], [[-122.2486, 38.4789], [-122.2535, 38.4796], [-122.2535, 38.4829], [-122.2486, 38.4825], [-122.2484, 38.492], [-122.2584, 38.4921], [-122.2585, 38.4799], [-122.2634, 38.4802], [-122.2625, 38.4653], [-122.253, 38.4651], [-122.2532, 38.4688], [-122.2484, 38.4687], [-122.2484, 38.4723], [-122.2534, 38.4725], [-122.2535, 38.4762], [-122.2485, 38.476], [-122.2486, 38.4789]], [[-122.2484, 38.4687], [-122.2483, 38.4651], [-122.2435, 38.465], [-122.2435, 38.4686], [-122.2484, 38.4687]], [[-122.3276, 38.6202], [-122.3322, 38.6204], [-122.3319, 38.6295], [-122.3336, 38.631], [-122.3366, 38.6315], [-122.3367, 38.6278], [-122.3415, 38.6279], [-122.3417, 38.617], [-122.3368, 38.6169], [-122.3368, 38.6108], [-122.3338, 38.6096], [-122.3282, 38.6095], [-122.3276, 38.6202]], [[-122.3282, 38.6095], [-122.328, 38.5695], [-122.323, 38.5694], [-122.323, 38.5655], [-122.3133, 38.5654], [-122.3132, 38.5505], [-122.2994, 38.5505], [-122.2993, 38.5542], [-122.2896, 38.5541], [-122.2896, 38.5504], [-122.2848, 38.5504], [-122.2851, 38.5439], [-122.2752, 38.5437], [-122.275, 38.547], [-122.2603, 38.5466], [-122.26, 38.5624], [-122.2507, 38.562], [-122.2504, 38.5688], [-122.2552, 38.569], [-122.2553, 38.5656], [-122.26, 38.5658], [-122.26, 38.5692], [-122.2649, 38.5697], [-122.2649, 38.5765], [-122.2682, 38.5767], [-122.2681, 38.5798], [-122.2726, 38.5801], [-122.2725, 38.5836], [-122.277, 38.5837], [-122.2773, 38.5804], [-122.2821, 38.5807], [-122.2817, 38.5837], [-122.2907, 38.5842], [-122.2906, 38.5872], [-122.2955, 38.5874], [-122.2956, 38.5921], [-122.3126, 38.5925], [-122.3129, 38.5966], [-122.318, 38.5968], [-122.3183, 38.6092], [-122.3282, 38.6095]], [[-122.2681, 38.5865], [-122.268, 38.5901], [-122.2725, 38.5901], [-122.2725, 38.5866], [-122.2681, 38.5865]], [[-122.2869, 38.6044], [-122.3086, 38.6052], [-122.3083, 38.6009], [-122.2955, 38.6005], [-122.2956, 38.5975], [-122.291, 38.5973], [-122.2908, 38.6008], [-122.2869, 38.6008], [-122.2869, 38.6044]], [[-122.2996, 38.5441], [-122.2948, 38.544], [-122.2947, 38.5473], [-122.2995, 38.5473], [-122.2996, 38.5441]], [[-122.3225, 38.6313], [-122.3179, 38.6312], [-122.3176, 38.6384], [-122.3224, 38.6385], [-122.3225, 38.6313]], [[-122.3258, 38.6657], [-122.3279, 38.6679], [-122.328, 38.6657], [-122.3258, 38.6657]], [[-122.3346, 38.6315], [-122.3346, 38.6315], [-122.3346, 38.6315], [-122.3346, 38.6315]], [[-122.3343, 38.6314], [-122.3333, 38.6311], [-122.3319, 38.6299], [-122.3319, 38.6315], [-122.3343, 38.6314]], [[-122.3463, 38.6836], [-122.3463, 38.68], [-122.3417, 38.68], [-122.3417, 38.6836], [-122.3463, 38.6836]], [[-122.3559, 38.6281], [-122.3558, 38.6209], [-122.3465, 38.6207], [-122.3463, 38.628], [-122.3559, 38.6281]], [[-122.3639, 38.862], [-122.3639, 38.8713], [-122.3732, 38.8714], [-122.3732, 38.8694], [-122.3639, 38.862]], [[-122.3619, 38.6476], [-122.3633, 38.6466], [-122.3604, 38.6464], [-122.3604, 38.647], [-122.3619, 38.6476]], [[-122.5168, 38.6582], [-122.5153, 38.6606], [-122.5137, 38.6601], [-122.5122, 38.6628], [-122.5216, 38.6628], [-122.5216, 38.6581], [-122.5168, 38.6582]], [[-122.517, 38.6545], [-122.5124, 38.6546], [-122.5124, 38.6562], [-122.517, 38.6577], [-122.517, 38.6545]], [[-122.5182, 38.6773], [-122.517, 38.6773], [-122.5168, 38.681], [-122.519, 38.681], [-122.5211, 38.679], [-122.5182, 38.6773]], [[-122.5312, 38.6628], [-122.5284, 38.6614], [-122.5299, 38.66], [-122.5314, 38.661], [-122.5309, 38.6546], [-122.5262, 38.6545], [-122.5263, 38.6664], [-122.531, 38.6664], [-122.5312, 38.6628]], [[-122.5586, 38.6919], [-122.5586, 38.6954], [-122.5633, 38.6954], [-122.5633, 38.6918], [-122.5586, 38.6919]]], [[[-122.4405, 38.787], [-122.4415, 38.7889], [-122.441, 38.7896], [-122.4407, 38.7895], [-122.4405, 38.787]]], [[[-122.4423, 38.804], [-122.4434, 38.8112], [-122.443, 38.8255], [-122.4521, 38.8257], [-122.4521, 38.8294], [-122.4567, 38.8295], [-122.4567, 38.8331], [-122.4652, 38.8333], [-122.4653, 38.8369], [-122.4521, 38.8367], [-122.4521, 38.833], [-122.4429, 38.8328], [-122.4428, 38.8365], [-122.4475, 38.8366], [-122.4474, 38.84], [-122.4289, 38.8399], [-122.429, 38.8327], [-122.4152, 38.8326], [-122.415, 38.829], [-122.4244, 38.8291], [-122.4245, 38.8219], [-122.4013, 38.8214], [-122.4018, 38.8143], [-122.3928, 38.814], [-122.393, 38.8104], [-122.3975, 38.8106], [-122.4001, 38.7998], [-122.4017, 38.7999], [-122.4051, 38.7966], [-122.401, 38.7963], [-122.3985, 38.7889], [-122.4058, 38.789], [-122.4072, 38.7935], [-122.4084, 38.7891], [-122.4106, 38.7964], [-122.4258, 38.7968], [-122.4277, 38.8039], [-122.4327, 38.8039], [-122.4342, 38.8111], [-122.4387, 38.8111], [-122.4377, 38.804], [-122.4423, 38.804]]], [[[-122.473, 38.819], [-122.4755, 38.8186], [-122.4752, 38.817], [-122.4758, 38.8167], [-122.4761, 38.8179], [-122.4813, 38.8195], [-122.4808, 38.821], [-122.4819, 38.8211], [-122.4816, 38.8225], [-122.4825, 38.8232], [-122.4835, 38.8225], [-122.4828, 38.8214], [-122.4835, 38.8211], [-122.4835, 38.8196], [-122.4866, 38.819], [-122.4885, 38.82], [-122.4885, 38.8227], [-122.4877, 38.8238], [-122.4893, 38.8258], [-122.4907, 38.8264], [-122.4912, 38.8296], [-122.4952, 38.8304], [-122.4964, 38.8331], [-122.5015, 38.8374], [-122.5023, 38.8402], [-122.5052, 38.8414], [-122.5053, 38.8449], [-122.5062, 38.845], [-122.5064, 38.8464], [-122.5038, 38.8482], [-122.5052, 38.8492], [-122.5071, 38.8528], [-122.5049, 38.8562], [-122.5073, 38.8573], [-122.5075, 38.8567], [-122.5097, 38.8563], [-122.5079, 38.8572], [-122.5112, 38.857], [-122.5135, 38.8588], [-122.5132, 38.8597], [-122.5077, 38.8619], [-122.5026, 38.8611], [-122.5006, 38.8648], [-122.4952, 38.865], [-122.4895, 38.8663], [-122.4881, 38.8675], [-122.4879, 38.8689], [-122.4856, 38.8677], [-122.4796, 38.8678], [-122.4778, 38.8686], [-122.4767, 38.8682], [-122.4753, 38.8699], [-122.4721, 38.8707], [-122.4674, 38.8703], [-122.4643, 38.8679], [-122.4614, 38.8671], [-122.4555, 38.8638], [-122.4518, 38.8638], [-122.4482, 38.8614], [-122.4458, 38.8644], [-122.4425, 38.8636], [-122.442, 38.8639], [-122.4405, 38.8621], [-122.4391, 38.8616], [-122.4354, 38.8624], [-122.4343, 38.8616], [-122.4301, 38.8653], [-122.4317, 38.8677], [-122.4317, 38.8702], [-122.4277, 38.8663], [-122.4223, 38.8644], [-122.4196, 38.8627], [-122.4206, 38.8621], [-122.4185, 38.8609], [-122.4155, 38.862], [-122.4148, 38.8633], [-122.4118, 38.8622], [-122.4117, 38.861], [-122.4155, 38.8611], [-122.4155, 38.8583], [-122.4219, 38.8598], [-122.421, 38.8577], [-122.4273, 38.8583], [-122.4355, 38.8564], [-122.4311, 38.8543], [-122.4667, 38.8543], [-122.4667, 38.8516], [-122.4742, 38.8516], [-122.4742, 38.8408], [-122.4788, 38.8409], [-122.4788, 38.8373], [-122.4699, 38.8372], [-122.4696, 38.8228], [-122.473, 38.8229], [-122.473, 38.819]], [[-122.462, 38.8579], [-122.462, 38.8615], [-122.4667, 38.8616], [-122.4667, 38.8579], [-122.462, 38.8579]]], [[[-122.4109, 38.8573], [-122.4099, 38.856], [-122.4108, 38.8563], [-122.4105, 38.8556], [-122.4109, 38.8558], [-122.4109, 38.8573]]], [[[-122.4054, 38.8392], [-122.407, 38.8386], [-122.4082, 38.84], [-122.4066, 38.8408], [-122.4054, 38.8392]]], [[[-122.4075, 38.8362], [-122.402, 38.8341], [-122.401, 38.8301], [-122.4031, 38.8296], [-122.4043, 38.8332], [-122.4064, 38.8326], [-122.4075, 38.8362]]], [[[-122.3765, 38.6987], [-122.3766, 38.6984], [-122.3766, 38.6993], [-122.3765, 38.6987]]], [[[-122.3509, 38.6795], [-122.3506, 38.6788], [-122.3509, 38.6786], [-122.3509, 38.6795]]], [[[-122.3371, 38.6657], [-122.3365, 38.6684], [-122.3356, 38.6657], [-122.3371, 38.6657]]], [[[-122.3216, 38.657], [-122.3177, 38.6564], [-122.3174, 38.6558], [-122.3181, 38.6542], [-122.3177, 38.6554], [-122.3224, 38.6555], [-122.3216, 38.657]]], [[[-122.1034, 38.5144], [-122.1034, 38.5146], [-122.1033, 38.5143], [-122.1034, 38.5144]]], [[[-122.1338, 38.5305], [-122.1333, 38.5308], [-122.1334, 38.5304], [-122.1338, 38.5305]]], [[[-122.3131, 38.6519], [-122.3153, 38.6537], [-122.3149, 38.657], [-122.3157, 38.6575], [-122.3113, 38.6569], [-122.3131, 38.6519]]], [[[-122.3162, 38.6581], [-122.3167, 38.6589], [-122.3205, 38.6591], [-122.32, 38.6599], [-122.3153, 38.6598], [-122.3162, 38.6581]]], [[[-122.313, 38.7639], [-122.3146, 38.7666], [-122.3151, 38.7672], [-122.3131, 38.7672], [-122.313, 38.7639]]], [[[-122.3413, 38.7822], [-122.3434, 38.7843], [-122.344, 38.7851], [-122.3413, 38.7851], [-122.3413, 38.7822]]], [[[-122.3922, 38.8572], [-122.3935, 38.857], [-122.3937, 38.8572], [-122.3922, 38.8572]]], [[[-122.3972, 38.8613], [-122.398, 38.8617], [-122.3977, 38.8637], [-122.3967, 38.8637], [-122.3972, 38.8613]]], [[[-122.3268, 38.9062], [-122.3261, 38.9084], [-122.3267, 38.9102], [-122.3288, 38.9102], [-122.3295, 38.9109], [-122.3288, 38.9117], [-122.328, 38.9104], [-122.3262, 38.9128], [-122.3269, 38.9165], [-122.3315, 38.9164], [-122.3315, 38.9203], [-122.3406, 38.9204], [-122.3405, 38.9232], [-122.3386, 38.9226], [-122.3378, 38.9239], [-122.3326, 38.9239], [-122.3327, 38.9225], [-122.3314, 38.9213], [-122.328, 38.9216], [-122.3258, 38.9238], [-122.3229, 38.9229], [-122.3227, 38.9275], [-122.3181, 38.9276], [-122.3181, 38.9241], [-122.3139, 38.9242], [-122.3138, 38.9203], [-122.3095, 38.9203], [-122.3092, 38.9162], [-122.3006, 38.9163], [-122.3003, 38.912], [-122.296, 38.912], [-122.2957, 38.9082], [-122.3109, 38.9081], [-122.3121, 38.9069], [-122.3141, 38.9081], [-122.3175, 38.908], [-122.3175, 38.9063], [-122.3268, 38.9062]]], [[[-122.3273, 38.924], [-122.3302, 38.9224], [-122.3317, 38.923], [-122.3318, 38.9239], [-122.3273, 38.924]]], [[[-122.3337, 38.9308], [-122.3338, 38.9339], [-122.3319, 38.934], [-122.3319, 38.9306], [-122.3337, 38.9308]]], [[[-122.1831, 38.7538], [-122.1832, 38.7534], [-122.1833, 38.7539], [-122.1831, 38.7538]]], [[[-122.0264, 38.4904], [-122.0264, 38.4905], [-122.0263, 38.4907], [-122.0264, 38.4904]]], [[[-122.0147, 38.3026], [-122.0147, 38.3027], [-122.0146, 38.3027], [-122.0147, 38.3026]]], [[[-122.4479, 38.8183], [-122.4606, 38.8187], [-122.4613, 38.8261], [-122.4567, 38.8259], [-122.4563, 38.8222], [-122.4478, 38.822], [-122.4479, 38.8183]]], [[[-122.3274, 38.9274], [-122.332, 38.9272], [-122.3319, 38.9306], [-122.3273, 38.9307], [-122.3274, 38.9274]]], [[[-122.1615, 38.4853], [-122.1615, 38.4853], [-122.1615, 38.4853], [-122.1615, 38.4853]]], [[[-122.1164, 38.5024], [-122.1165, 38.5002], [-122.1185, 38.5002], [-122.1175, 38.5022], [-122.1164, 38.5024]]], [[[-122.1566, 38.503], [-122.1581, 38.5027], [-122.1596, 38.5066], [-122.1582, 38.5113], [-122.1516, 38.511], [-122.152, 38.5037], [-122.1566, 38.5036], [-122.1566, 38.503]]], [[[-122.2147, 38.5165], [-122.2142, 38.5154], [-122.2144, 38.5146], [-122.2147, 38.5154], [-122.2147, 38.5165]]], [[[-122.2359, 38.5638], [-122.2359, 38.5636], [-122.2362, 38.564], [-122.2359, 38.5638]]], [[[-122.2963, 38.8392], [-122.2995, 38.8398], [-122.2963, 38.8398], [-122.2963, 38.8392]]]]}, "properties": {"layer": "retained"}}, {"type": "Feature", "geometry": {"type": "MultiPolygon", "coordinates": [[[[-122.2607, 38.8147], [-122.2603, 38.8139], [-122.2593, 38.8136], [-122.26, 38.8142], [-122.2593, 38.8147], [-122.2607, 38.8147]]], [[[-122.2521, 38.7941], [-122.2521, 38.7935], [-122.2524, 38.7932], [-122.2514, 38.7935], [-122.2521, 38.7941]]], [[[-122.4678, 38.7488], [-122.4678, 38.7483], [-122.4692, 38.7483], [-122.4681, 38.7475], [-122.4667, 38.748], [-122.4678, 38.7488]]], [[[-122.3849, 38.7402], [-122.3842, 38.7394], [-122.3835, 38.7397], [-122.3835, 38.74], [-122.3849, 38.7402]]], [[[-122.399, 38.7391], [-122.3997, 38.7389], [-122.3994, 38.7381], [-122.3987, 38.7383], [-122.399, 38.7391]]], [[[-122.4239, 38.7292], [-122.4243, 38.7284], [-122.4229, 38.7284], [-122.4229, 38.7289], [-122.4239, 38.7292]]], [[[-122.5668, 38.7222], [-122.5674, 38.7214], [-122.5657, 38.7209], [-122.5657, 38.7214], [-122.5668, 38.7222]]], [[[-122.5669, 38.7149], [-122.5686, 38.7149], [-122.5679, 38.7138], [-122.5669, 38.7149]]], [[[-122.5644, 38.7147], [-122.5637, 38.7139], [-122.563, 38.7142], [-122.5631, 38.7147], [-122.5644, 38.7147]]], [[[-122.5658, 38.7139], [-122.5654, 38.7131], [-122.5641, 38.7136], [-122.5641, 38.7139], [-122.5658, 38.7139]]], [[[-122.5488, 38.7131], [-122.5492, 38.7123], [-122.5478, 38.7126], [-122.5478, 38.7132], [-122.5488, 38.7131]]], [[[-122.5588, 38.7127], [-122.5585, 38.7119], [-122.5574, 38.7119], [-122.5574, 38.7124], [-122.5588, 38.7127]]], [[[-122.5558, 38.7154], [-122.5558, 38.7141], [-122.5572, 38.7146], [-122.5568, 38.7132], [-122.5582, 38.7129], [-122.5564, 38.713], [-122.5571, 38.7124], [-122.5564, 38.7114], [-122.555, 38.7119], [-122.5557, 38.713], [-122.5547, 38.7135], [-122.5558, 38.7154]], [[-122.5561, 38.7133], [-122.5558, 38.7138], [-122.5558, 38.7133], [-122.5561, 38.7133]], [[-122.5564, 38.713], [-122.5561, 38.7133], [-122.5561, 38.713], [-122.5564, 38.713]], [[-122.5564, 38.7122], [-122.5561, 38.7124], [-122.5561, 38.7122], [-122.5564, 38.7122]]], [[[-122.5546, 38.7106], [-122.5539, 38.7098], [-122.5532, 38.7101], [-122.5536, 38.7106], [-122.5546, 38.7106]]], [[[-122.4152, 38.7142], [-122.4148, 38.7124], [-122.4141, 38.7124], [-122.4141, 38.7137], [-122.4152, 38.7142]]], [[[-122.4103, 38.7127], [-122.4106, 38.7119], [-122.4096, 38.7117], [-122.4096, 38.7122], [-122.4103, 38.7127]]], [[[-122.5521, 38.7079], [-122.5524, 38.7074], [-122.5517, 38.7071], [-122.55, 38.7074], [-122.5521, 38.7079]]], [[[-122.5708, 38.7078], [-122.5714, 38.7067], [-122.5693, 38.7068], [-122.5694, 38.7078], [-122.5708, 38.7078]]], [[[-122.5648, 38.706], [-122.5659, 38.7068], [-122.5676, 38.7063], [-122.5648, 38.706]]], [[[-122.5604, 38.7072], [-122.5607, 38.7064], [-122.5593, 38.7062], [-122.5593, 38.707], [-122.56, 38.7067], [-122.5604, 38.7072]]], [[[-122.4064, 38.7098], [-122.4078, 38.7098], [-122.4074, 38.709], [-122.4064, 38.7098]]], [[[-122.5638, 38.7055], [-122.5634, 38.7045], [-122.562, 38.7045], [-122.562, 38.705], [-122.5638, 38.7055]]], [[[-122.561, 38.7059], [-122.562, 38.705], [-122.5603, 38.7045], [-122.561, 38.7059]]], [[[-122.4049, 38.7074], [-122.4063, 38.7069], [-122.4042, 38.7066], [-122.4049, 38.7074]]], [[[-122.5576, 38.7059], [-122.5582, 38.7046], [-122.5589, 38.7046], [-122.5586, 38.7056], [-122.56, 38.7056], [-122.5603, 38.7043], [-122.5575, 38.704], [-122.5578, 38.7035], [-122.5571, 38.7032], [-122.5565, 38.7057], [-122.5576, 38.7059]], [[-122.5596, 38.7045], [-122.5593, 38.7048], [-122.5593, 38.7045], [-122.5596, 38.7045]], [[-122.5579, 38.7043], [-122.5575, 38.7046], [-122.5575, 38.7043], [-122.5579, 38.7043]], [[-122.5575, 38.704], [-122.5572, 38.7043], [-122.5572, 38.704], [-122.5575, 38.704]]], [[[-122.5623, 38.7034], [-122.5626, 38.7026], [-122.5599, 38.7026], [-122.5609, 38.7034], [-122.5623, 38.7034]], [[-122.5623, 38.7029], [-122.5616, 38.7031], [-122.5616, 38.7029], [-122.5623, 38.7029]]], [[[-122.5665, 38.7049], [-122.5658, 38.7036], [-122.5668, 38.7038], [-122.5678, 38.703], [-122.5671, 38.7019], [-122.5651, 38.7031], [-122.5655, 38.7044], [-122.5665, 38.7049]], [[-122.5671, 38.703], [-122.5668, 38.7033], [-122.5668, 38.703], [-122.5671, 38.703]]], [[[-122.4045, 38.7058], [-122.4056, 38.7063], [-122.4055, 38.7053], [-122.4045, 38.7058]]], [[[-122.4004, 38.7064], [-122.4004, 38.7056], [-122.3993, 38.7051], [-122.3997, 38.7065], [-122.4004, 38.7064]]], [[[-122.535, 38.7034], [-122.5353, 38.7026], [-122.5336, 38.7024], [-122.5336, 38.7027], [-122.535, 38.7034]]], [[[-122.3934, 38.7044], [-122.3941, 38.7039], [-122.3941, 38.7033], [-122.3924, 38.7039], [-122.3934, 38.7044]]], [[[-122.5601, 38.7005], [-122.5608, 38.7002], [-122.5615, 38.6996], [-122.5601, 38.6997], [-122.5601, 38.7005]]], [[[-122.5729, 38.6997], [-122.5732, 38.6986], [-122.5718, 38.6981], [-122.5715, 38.6986], [-122.5729, 38.6997]]], [[[-122.5515, 38.699], [-122.5532, 38.6987], [-122.5511, 38.6982], [-122.5515, 38.699]]], [[[-122.5656, 38.699], [-122.5659, 38.6985], [-122.568, 38.6984], [-122.5676, 38.6971], [-122.5673, 38.6982], [-122.5652, 38.6982], [-122.5656, 38.699]]], [[[-122.2981, 38.7036], [-122.2991, 38.703], [-122.298, 38.7022], [-122.2981, 38.7036]]], [[[-122.5655, 38.6969], [-122.5659, 38.6963], [-122.5631, 38.6956], [-122.5631, 38.6964], [-122.5655, 38.6969]]], [[[-122.55, 38.6974], [-122.5503, 38.6966], [-122.5489, 38.6956], [-122.5479, 38.6972], [-122.55, 38.6974]], [[-122.5493, 38.6961], [-122.549, 38.6969], [-122.5489, 38.6961], [-122.5493, 38.6961]]], [[[-122.4865, 38.699], [-122.4865, 38.6982], [-122.4855, 38.6985], [-122.4858, 38.6977], [-122.4844, 38.698], [-122.4844, 38.6969], [-122.483, 38.6972], [-122.483, 38.6978], [-122.4841, 38.698], [-122.4837, 38.6988], [-122.4865, 38.699]], [[-122.484, 38.6975], [-122.4837, 38.6977], [-122.4837, 38.6975], [-122.484, 38.6975]]], [[[-122.5721, 38.6964], [-122.5731, 38.6956], [-122.5724, 38.6951], [-122.5721, 38.6964]]], [[[-122.5565, 38.696], [-122.5569, 38.6951], [-122.5551, 38.6949], [-122.5551, 38.6952], [-122.5565, 38.696]]], [[[-122.5641, 38.6953], [-122.5651, 38.695], [-122.5648, 38.6942], [-122.5634, 38.6947], [-122.5641, 38.6953]]], [[[-122.5478, 38.6929], [-122.5488, 38.6918], [-122.5474, 38.6921], [-122.5471, 38.6916], [-122.5478, 38.6929]]], [[[-122.418, 38.6956], [-122.418, 38.6939], [-122.4173, 38.694], [-122.4173, 38.6948], [-122.418, 38.6956]]], [[[-122.3938, 38.6955], [-122.3928, 38.6944], [-122.3917, 38.6947], [-122.3913, 38.6931], [-122.3903, 38.6931], [-122.3904, 38.6956], [-122.3938, 38.6955]], [[-122.3911, 38.695], [-122.3907, 38.6953], [-122.3907, 38.695], [-122.3911, 38.695]], [[-122.3914, 38.6937], [-122.3907, 38.6939], [-122.3907, 38.6937], [-122.3914, 38.6937]]], [[[-122.4997, 38.6907], [-122.5001, 38.6909], [-122.5011, 38.6906], [-122.5, 38.6904], [-122.4997, 38.6907]]], [[[-122.498, 38.6915], [-122.4987, 38.691], [-122.4994, 38.6912], [-122.4993, 38.6901], [-122.498, 38.6902], [-122.498, 38.6915]], [[-122.499, 38.6904], [-122.4987, 38.6907], [-122.4987, 38.6904], [-122.499, 38.6904]]], [[[-122.5377, 38.6907], [-122.538, 38.6901], [-122.5373, 38.6899], [-122.5384, 38.6896], [-122.538, 38.6891], [-122.5377, 38.6896], [-122.537, 38.6894], [-122.5377, 38.6907]]], [[[-122.5018, 38.6909], [-122.5017, 38.6895], [-122.5014, 38.6896], [-122.5011, 38.6901], [-122.5018, 38.6909]]], [[[-122.5543, 38.6901], [-122.5549, 38.6892], [-122.5545, 38.6884], [-122.5536, 38.6895], [-122.5543, 38.6901]]], [[[-122.4898, 38.6938], [-122.4897, 38.692], [-122.4908, 38.6922], [-122.4911, 38.6911], [-122.4922, 38.6922], [-122.4939, 38.6916], [-122.49, 38.6892], [-122.489, 38.6895], [-122.49, 38.6909], [-122.4887, 38.6909], [-122.4883, 38.6917], [-122.4894, 38.6917], [-122.4891, 38.6928], [-122.488, 38.6923], [-122.4898, 38.6938]]], [[[-122.4935, 38.6905], [-122.4924, 38.6892], [-122.4914, 38.6895], [-122.4918, 38.6903], [-122.4935, 38.6905]]], [[[-122.4977, 38.6918], [-122.4973, 38.691], [-122.4983, 38.6896], [-122.4952, 38.6889], [-122.4955, 38.6902], [-122.4962, 38.6899], [-122.4977, 38.6918]]], [[[-122.5459, 38.6884], [-122.5473, 38.6878], [-122.5455, 38.6878], [-122.5459, 38.6884]]], [[[-122.5442, 38.6881], [-122.5441, 38.6873], [-122.5434, 38.6871], [-122.5435, 38.6881], [-122.5442, 38.6881]]], [[[-122.499, 38.6888], [-122.4989, 38.6877], [-122.4979, 38.688], [-122.4979, 38.6883], [-122.499, 38.6888]]], [[[-122.3864, 38.6902], [-122.386, 38.6897], [-122.385, 38.6897], [-122.385, 38.6903], [-122.3864, 38.6902]]], [[[-122.5555, 38.6873], [-122.5552, 38.686], [-122.5548, 38.686], [-122.5549, 38.6874], [-122.5555, 38.6873]]], [[[-122.3684, 38.6901], [-122.3691, 38.6903], [-122.3698, 38.6898], [-122.3684, 38.6901]]], [[[-122.3947, 38.6895], [-122.396, 38.689], [-122.3946, 38.6885], [-122.3947, 38.6895]]], [[[-122.4954, 38.6872], [-122.4965, 38.6867], [-122.4944, 38.6865], [-122.4954, 38.6872]]], [[[-122.404, 38.6894], [-122.405, 38.6885], [-122.404, 38.6883], [-122.404, 38.6894]]], [[[-122.4903, 38.6874], [-122.4913, 38.6865], [-122.4895, 38.6863], [-122.4889, 38.6871], [-122.4903, 38.6874]], [[-122.4899, 38.6865], [-122.4896, 38.6868], [-122.4896, 38.6866], [-122.4899, 38.6865]]], [[[-122.4027, 38.6907], [-122.4037, 38.6899], [-122.4029, 38.6878], [-122.4022, 38.6878], [-122.4023, 38.6889], [-122.4012, 38.6889], [-122.4023, 38.6891], [-122.4026, 38.6899], [-122.402, 38.6905], [-122.4027, 38.6907]]], [[[-122.3829, 38.6887], [-122.3829, 38.6879], [-122.3819, 38.6882], [-122.3822, 38.6887], [-122.3829, 38.6887]]], [[[-122.5434, 38.6865], [-122.5434, 38.6852], [-122.5441, 38.6846], [-122.5434, 38.6846], [-122.5424, 38.686], [-122.5434, 38.6865]]], [[[-122.5054, 38.6862], [-122.5068, 38.6857], [-122.5068, 38.6851], [-122.5057, 38.6851], [-122.5054, 38.6862]]], [[[-122.494, 38.6851], [-122.495, 38.6854], [-122.495, 38.6846], [-122.494, 38.6851]]], [[[-122.4195, 38.6877], [-122.4194, 38.6861], [-122.4187, 38.6858], [-122.4184, 38.6877], [-122.4195, 38.6877]]], [[[-122.3988, 38.6895], [-122.3991, 38.6886], [-122.4005, 38.6889], [-122.4008, 38.6881], [-122.4019, 38.6881], [-122.4008, 38.6873], [-122.3998, 38.6878], [-122.3994, 38.6862], [-122.3984, 38.6868], [-122.3988, 38.6876], [-122.398, 38.6871], [-122.3963, 38.6876], [-122.397, 38.6881], [-122.3981, 38.6879], [-122.3988, 38.6895]], [[-122.4005, 38.6881], [-122.4002, 38.6884], [-122.4002, 38.6881], [-122.4005, 38.6881]], [[-122.3994, 38.6876], [-122.3991, 38.6878], [-122.3991, 38.6876], [-122.3994, 38.6876]]], [[[-122.5009, 38.6847], [-122.5002, 38.6839], [-122.4991, 38.6842], [-122.4995, 38.6847], [-122.5009, 38.6847]]], [[[-122.5036, 38.6836], [-122.505, 38.6843], [-122.505, 38.6833], [-122.5036, 38.6836]]], [[[-122.4917, 38.6881], [-122.4917, 38.6876], [-122.4944, 38.687], [-122.494, 38.6859], [-122.4926, 38.6857], [-122.4926, 38.6851], [-122.494, 38.6851], [-122.4943, 38.6843], [-122.4933, 38.6835], [-122.4884, 38.6839], [-122.4878, 38.6844], [-122.4885, 38.686], [-122.4895, 38.6863], [-122.4906, 38.6855], [-122.4913, 38.6865], [-122.4927, 38.6862], [-122.4934, 38.6867], [-122.492, 38.6868], [-122.4913, 38.6873], [-122.4917, 38.6881]], [[-122.4923, 38.6854], [-122.4919, 38.6857], [-122.4919, 38.6854], [-122.4923, 38.6854]], [[-122.4916, 38.6849], [-122.4909, 38.6854], [-122.4909, 38.6849], [-122.4916, 38.6849]], [[-122.4898, 38.6849], [-122.4895, 38.6852], [-122.4895, 38.6849], [-122.4898, 38.6849]], [[-122.4936, 38.6846], [-122.4926, 38.6849], [-122.4926, 38.6846], [-122.4936, 38.6846]], [[-122.4923, 38.6846], [-122.4919, 38.6849], [-122.4919, 38.6846], [-122.4923, 38.6846]], [[-122.4909, 38.6846], [-122.4905, 38.6849], [-122.4905, 38.6846], [-122.4909, 38.6846]], [[-122.4912, 38.6844], [-122.4909, 38.6846], [-122.4909, 38.6844], [-122.4912, 38.6844]], [[-122.4905, 38.6841], [-122.4898, 38.6844], [-122.4898, 38.6841], [-122.4905, 38.6841]]], [[[-122.5019, 38.6841], [-122.5019, 38.6833], [-122.5008, 38.6831], [-122.5009, 38.6839], [-122.5019, 38.6841]]], [[[-122.4946, 38.684], [-122.4974, 38.6842], [-122.4967, 38.684], [-122.497, 38.6829], [-122.4953, 38.6827], [-122.4946, 38.684]], [[-122.4963, 38.6832], [-122.496, 38.6835], [-122.496, 38.6832], [-122.4963, 38.6832]]], [[[-122.4135, 38.6851], [-122.4142, 38.6843], [-122.4131, 38.6841], [-122.4135, 38.6851]]], [[[-122.4046, 38.6853], [-122.4049, 38.6842], [-122.4028, 38.6845], [-122.4035, 38.6848], [-122.4032, 38.6853], [-122.4046, 38.6853]]], [[[-122.3783, 38.6861], [-122.3787, 38.6853], [-122.3793, 38.6855], [-122.3797, 38.6844], [-122.3783, 38.6845], [-122.378, 38.6858], [-122.3773, 38.6858], [-122.3783, 38.6861]]], [[[-122.4149, 38.6837], [-122.4152, 38.6829], [-122.4141, 38.683], [-122.4142, 38.6835], [-122.4149, 38.6837]]], [[[-122.5671, 38.6809], [-122.5674, 38.6803], [-122.5656, 38.679], [-122.5646, 38.6791], [-122.5643, 38.6807], [-122.5671, 38.6809]]], [[[-122.4887, 38.6806], [-122.4886, 38.6801], [-122.4876, 38.6801], [-122.4876, 38.6807], [-122.4887, 38.6806]]], [[[-122.5032, 38.6803], [-122.5028, 38.6795], [-122.5018, 38.6798], [-122.5018, 38.6801], [-122.5032, 38.6803]]], [[[-122.3002, 38.6838], [-122.2998, 38.6833], [-122.2988, 38.6833], [-122.2992, 38.6838], [-122.3002, 38.6838]]], [[[-122.4921, 38.6806], [-122.4942, 38.68], [-122.4941, 38.6792], [-122.4921, 38.6789], [-122.4917, 38.6795], [-122.4928, 38.6795], [-122.4928, 38.68], [-122.4917, 38.6798], [-122.4921, 38.6806]]], [[[-122.5014, 38.6798], [-122.5017, 38.6787], [-122.5003, 38.6785], [-122.5, 38.6791], [-122.5014, 38.6798]], [[-122.501, 38.6788], [-122.5007, 38.679], [-122.5007, 38.6788], [-122.501, 38.6788]]], [[[-122.4894, 38.6833], [-122.4901, 38.6825], [-122.4918, 38.6822], [-122.4918, 38.6816], [-122.4908, 38.6822], [-122.4894, 38.682], [-122.4894, 38.6825], [-122.4887, 38.682], [-122.4894, 38.6812], [-122.4904, 38.6811], [-122.49, 38.6806], [-122.4907, 38.6806], [-122.4914, 38.679], [-122.4907, 38.6792], [-122.4907, 38.6782], [-122.4903, 38.679], [-122.4889, 38.6787], [-122.4893, 38.6782], [-122.4875, 38.6782], [-122.4882, 38.6785], [-122.4876, 38.679], [-122.489, 38.6793], [-122.4894, 38.6806], [-122.487, 38.6823], [-122.4877, 38.6834], [-122.4894, 38.6833]], [[-122.49, 38.6803], [-122.4897, 38.6806], [-122.4897, 38.6803], [-122.49, 38.6803]], [[-122.4904, 38.6795], [-122.49, 38.6798], [-122.49, 38.6795], [-122.4904, 38.6795]]], [[[-122.4941, 38.6789], [-122.4941, 38.6784], [-122.4927, 38.6773], [-122.4924, 38.6779], [-122.4941, 38.6789]]], [[[-122.4206, 38.6796], [-122.4206, 38.6782], [-122.4202, 38.6782], [-122.4199, 38.6793], [-122.4206, 38.6796]]], [[[-122.3688, 38.6803], [-122.3698, 38.6795], [-122.3678, 38.6793], [-122.3678, 38.6798], [-122.3688, 38.6803]]], [[[-122.4937, 38.6768], [-122.4934, 38.6762], [-122.4913, 38.6763], [-122.4923, 38.6768], [-122.4937, 38.6768]]], [[[-122.3981, 38.6787], [-122.3991, 38.6784], [-122.3991, 38.6778], [-122.3978, 38.6779], [-122.3981, 38.6787]]], [[[-122.4019, 38.6783], [-122.4026, 38.6778], [-122.4012, 38.6775], [-122.4019, 38.6783]]], [[[-122.4972, 38.6778], [-122.4972, 38.6772], [-122.4989, 38.6775], [-122.4989, 38.6756], [-122.4958, 38.6767], [-122.4944, 38.6762], [-122.4937, 38.6773], [-122.4965, 38.6772], [-122.4972, 38.6778]], [[-122.4972, 38.6767], [-122.4965, 38.677], [-122.4965, 38.6767], [-122.4972, 38.6767]]], [[[-122.5347, 38.6748], [-122.5358, 38.6743], [-122.5344, 38.674], [-122.5347, 38.6748]]], [[[-122.4954, 38.6751], [-122.4961, 38.6748], [-122.4957, 38.674], [-122.495, 38.6746], [-122.4954, 38.6751]]], [[[-122.3743, 38.6783], [-122.3742, 38.677], [-122.3732, 38.677], [-122.3739, 38.6765], [-122.3715, 38.6765], [-122.3726, 38.6784], [-122.3743, 38.6783]]], [[[-122.3994, 38.6762], [-122.3994, 38.6757], [-122.3973, 38.6749], [-122.397, 38.6757], [-122.3994, 38.6762]]], [[[-122.3691, 38.6787], [-122.3705, 38.6776], [-122.3691, 38.6774], [-122.3694, 38.6768], [-122.3687, 38.6768], [-122.369, 38.6763], [-122.368, 38.6755], [-122.3684, 38.6771], [-122.3677, 38.6777], [-122.3684, 38.6782], [-122.3677, 38.6785], [-122.3691, 38.6787]]], [[[-122.535, 38.6724], [-122.5346, 38.6716], [-122.5329, 38.6716], [-122.5329, 38.6719], [-122.535, 38.6724]]], [[[-122.2852, 38.6771], [-122.2855, 38.6773], [-122.2862, 38.6765], [-122.2855, 38.6765], [-122.2852, 38.6771]]], [[[-122.3959, 38.6749], [-122.3966, 38.6747], [-122.3966, 38.6741], [-122.3956, 38.6744], [-122.3959, 38.6749]]], [[[-122.3673, 38.6755], [-122.3669, 38.675], [-122.3652, 38.675], [-122.3641, 38.6742], [-122.3645, 38.6756], [-122.3673, 38.6755]]], [[[-122.2948, 38.6766], [-122.2948, 38.6756], [-122.2944, 38.6756], [-122.2938, 38.6766], [-122.2948, 38.6766]]], [[[-122.349, 38.6756], [-122.349, 38.6751], [-122.35, 38.6753], [-122.3493, 38.6745], [-122.3486, 38.6748], [-122.349, 38.6756]]], [[[-122.3707, 38.6757], [-122.37, 38.6749], [-122.369, 38.6749], [-122.3697, 38.6744], [-122.369, 38.6736], [-122.3669, 38.6742], [-122.3687, 38.6757], [-122.369, 38.6752], [-122.3707, 38.6757]], [[-122.3686, 38.6744], [-122.3683, 38.6747], [-122.3683, 38.6744], [-122.3686, 38.6744]]], [[[-122.4919, 38.673], [-122.4936, 38.6727], [-122.4935, 38.6714], [-122.4922, 38.6719], [-122.4925, 38.6714], [-122.4915, 38.6711], [-122.4905, 38.6725], [-122.4915, 38.6722], [-122.4919, 38.673]]], [[[-122.3594, 38.6759], [-122.3604, 38.6748], [-122.3593, 38.6746], [-122.3586, 38.6732], [-122.3583, 38.6754], [-122.3594, 38.6759]]], [[[-122.3507, 38.6745], [-122.351, 38.6737], [-122.3496, 38.6734], [-122.35, 38.6742], [-122.3507, 38.6745]]], [[[-122.3331, 38.674], [-122.333, 38.6732], [-122.332, 38.6735], [-122.3324, 38.674], [-122.3331, 38.674]]], [[[-122.3496, 38.6726], [-122.3513, 38.6728], [-122.3513, 38.6723], [-122.3496, 38.6726]]], [[[-122.556, 38.669], [-122.557, 38.6687], [-122.5563, 38.6679], [-122.5556, 38.6682], [-122.556, 38.669]]], [[[-122.3666, 38.6747], [-122.3655, 38.6731], [-122.3661, 38.6717], [-122.3637, 38.6718], [-122.3634, 38.6737], [-122.3641, 38.6734], [-122.3666, 38.6747]]], [[[-122.3537, 38.6731], [-122.3537, 38.6723], [-122.3527, 38.6717], [-122.3523, 38.6723], [-122.3537, 38.6731]]], [[[-122.4855, 38.6699], [-122.4862, 38.6691], [-122.4852, 38.6691], [-122.4855, 38.6699]]], [[[-122.4886, 38.6698], [-122.4917, 38.6692], [-122.4917, 38.6687], [-122.4897, 38.6693], [-122.4886, 38.6685], [-122.4886, 38.6698]]], [[[-122.3599, 38.6713], [-122.3599, 38.6708], [-122.3588, 38.6705], [-122.3585, 38.6714], [-122.3599, 38.6713]]], [[[-122.5325, 38.6695], [-122.5349, 38.6686], [-122.5335, 38.6684], [-122.5335, 38.6678], [-122.5348, 38.6675], [-122.5345, 38.6667], [-122.5321, 38.6676], [-122.5321, 38.6684], [-122.5311, 38.6681], [-122.5325, 38.6695]], [[-122.5331, 38.6678], [-122.5324, 38.6681], [-122.5324, 38.6678], [-122.5331, 38.6678]]], [[[-122.3555, 38.6725], [-122.3561, 38.6711], [-122.3543, 38.6701], [-122.3544, 38.6712], [-122.3555, 38.6725]]], [[[-122.4984, 38.6713], [-122.5001, 38.6704], [-122.499, 38.6699], [-122.4993, 38.6691], [-122.4972, 38.6688], [-122.4973, 38.6694], [-122.4966, 38.6691], [-122.4956, 38.67], [-122.4958, 38.6681], [-122.4937, 38.6673], [-122.4938, 38.6684], [-122.4948, 38.6684], [-122.4952, 38.6694], [-122.4938, 38.6697], [-122.4935, 38.6705], [-122.4956, 38.6705], [-122.4959, 38.6713], [-122.4977, 38.6707], [-122.4984, 38.6713]], [[-122.4969, 38.6697], [-122.4963, 38.6702], [-122.4962, 38.6697], [-122.4969, 38.6697]]], [[[-122.49, 38.6679], [-122.4899, 38.6674], [-122.4882, 38.6671], [-122.4882, 38.6674], [-122.49, 38.6679]]], [[[-122.5017, 38.6679], [-122.501, 38.6669], [-122.4993, 38.6669], [-122.4996, 38.6674], [-122.5017, 38.6679]]], [[[-122.5117, 38.6672], [-122.5117, 38.6664], [-122.512, 38.6661], [-122.511, 38.6664], [-122.5117, 38.6672]]], [[[-122.3577, 38.6687], [-122.3581, 38.6679], [-122.357, 38.6676], [-122.357, 38.6681], [-122.3577, 38.6687]]], [[[-122.525, 38.6637], [-122.526, 38.6629], [-122.525, 38.6629], [-122.525, 38.6637]]], [[[-122.4105, 38.666], [-122.4112, 38.6652], [-122.4105, 38.6649], [-122.4105, 38.666]]], [[[-122.5029, 38.6631], [-122.5022, 38.662], [-122.4991, 38.6621], [-122.4991, 38.6626], [-122.5012, 38.6623], [-122.5029, 38.6631]]], [[[-122.4025, 38.6651], [-122.4028, 38.6643], [-122.4014, 38.664], [-122.4015, 38.6646], [-122.4025, 38.6651]]], [[[-122.506, 38.6627], [-122.5074, 38.6616], [-122.5053, 38.6609], [-122.5053, 38.6614], [-122.5046, 38.6611], [-122.5053, 38.6617], [-122.5046, 38.6625], [-122.506, 38.6627]]], [[[-122.5115, 38.6615], [-122.5111, 38.661], [-122.5122, 38.661], [-122.5118, 38.6602], [-122.5108, 38.6607], [-122.5108, 38.6615], [-122.5115, 38.6615]]], [[[-122.5135, 38.6607], [-122.5135, 38.6601], [-122.5121, 38.6599], [-122.5125, 38.6607], [-122.5135, 38.6607]]], [[[-122.508, 38.6597], [-122.5086, 38.6589], [-122.5097, 38.6594], [-122.5107, 38.6583], [-122.5083, 38.6586], [-122.5073, 38.6595], [-122.508, 38.6597]]], [[[-122.5125, 38.6591], [-122.5128, 38.6585], [-122.5138, 38.6588], [-122.5134, 38.6577], [-122.5114, 38.6586], [-122.5125, 38.6591]]], [[[-122.4055, 38.6607], [-122.4055, 38.6599], [-122.4048, 38.6599], [-122.4044, 38.6605], [-122.4055, 38.6607]]], [[[-122.341, 38.662], [-122.3413, 38.6614], [-122.3389, 38.6612], [-122.3385, 38.6604], [-122.3375, 38.6607], [-122.3375, 38.6615], [-122.3382, 38.6612], [-122.3385, 38.662], [-122.341, 38.662]]], [[[-122.4951, 38.6576], [-122.4965, 38.6573], [-122.4955, 38.657], [-122.4951, 38.6576]]], [[[-122.5179, 38.6571], [-122.5179, 38.6565], [-122.5172, 38.6563], [-122.5169, 38.6571], [-122.5179, 38.6571]]], [[[-122.3319, 38.6603], [-122.3323, 38.6605], [-122.3333, 38.6602], [-122.3323, 38.66], [-122.3319, 38.6603]]], [[[-122.5044, 38.6571], [-122.5051, 38.656], [-122.5044, 38.6557], [-122.5044, 38.6571]]], [[[-122.5189, 38.6565], [-122.5199, 38.6557], [-122.5196, 38.6552], [-122.5182, 38.6552], [-122.5189, 38.6565]]], [[[-122.3364, 38.6591], [-122.3374, 38.6593], [-122.3374, 38.6588], [-122.3364, 38.6591]]], [[[-122.335, 38.658], [-122.3357, 38.6586], [-122.3363, 38.658], [-122.335, 38.658]]], [[[-122.5175, 38.6552], [-122.5189, 38.6549], [-122.5188, 38.6541], [-122.5175, 38.6541], [-122.5175, 38.6552]]], [[[-122.3142, 38.6566], [-122.3138, 38.6555], [-122.3121, 38.6552], [-122.3135, 38.6566], [-122.3142, 38.6566]]], [[[-122.5143, 38.6515], [-122.5146, 38.6507], [-122.5129, 38.6507], [-122.5132, 38.6512], [-122.5143, 38.6515]]], [[[-122.5153, 38.6501], [-122.5159, 38.6498], [-122.5159, 38.6493], [-122.5149, 38.6496], [-122.5153, 38.6501]]], [[[-122.5146, 38.6501], [-122.5145, 38.6485], [-122.5131, 38.6488], [-122.5132, 38.6496], [-122.5146, 38.6501]]], [[[-122.3451, 38.6519], [-122.3472, 38.6521], [-122.3465, 38.6513], [-122.3451, 38.6519]]], [[[-122.5121, 38.648], [-122.5107, 38.647], [-122.5086, 38.6473], [-122.509, 38.6478], [-122.5121, 38.648]]], [[[-122.5135, 38.648], [-122.5141, 38.6477], [-122.5141, 38.6469], [-122.5127, 38.6469], [-122.5135, 38.648]]], [[[-122.3258, 38.6512], [-122.3264, 38.6496], [-122.3258, 38.6504], [-122.3244, 38.6499], [-122.3258, 38.6512]]], [[[-122.3296, 38.6509], [-122.3302, 38.65], [-122.3292, 38.6503], [-122.3292, 38.6492], [-122.3281, 38.6495], [-122.3278, 38.649], [-122.3278, 38.6501], [-122.3296, 38.6509]]], [[[-122.4989, 38.6472], [-122.5003, 38.6464], [-122.5002, 38.6445], [-122.4992, 38.6434], [-122.4985, 38.644], [-122.4989, 38.6459], [-122.4982, 38.6462], [-122.4982, 38.6451], [-122.4975, 38.6454], [-122.4979, 38.6464], [-122.4989, 38.6464], [-122.4989, 38.6472]], [[-122.4992, 38.6461], [-122.4989, 38.6464], [-122.4989, 38.6461], [-122.4992, 38.6461]], [[-122.4999, 38.6448], [-122.4996, 38.645], [-122.4995, 38.6448], [-122.4999, 38.6448]]], [[[-122.3343, 38.6473], [-122.3339, 38.6454], [-122.3332, 38.6454], [-122.3332, 38.6467], [-122.3343, 38.6473]]], [[[-122.3328, 38.644], [-122.3335, 38.6446], [-122.3345, 38.644], [-122.3328, 38.644]]], [[[-122.3539, 38.6445], [-122.3556, 38.6439], [-122.3552, 38.6428], [-122.3538, 38.6434], [-122.3539, 38.6445]]], [[[-122.3584, 38.6444], [-122.359, 38.6441], [-122.3586, 38.6427], [-122.358, 38.6428], [-122.3576, 38.6438], [-122.3566, 38.6436], [-122.3584, 38.6444]], [[-122.3587, 38.643], [-122.3583, 38.6433], [-122.3583, 38.643], [-122.3587, 38.643]]], [[[-122.3569, 38.6425], [-122.3583, 38.6414], [-122.3548, 38.6409], [-122.3545, 38.642], [-122.3569, 38.6425]]], [[[-122.3255, 38.6418], [-122.3258, 38.6412], [-122.3244, 38.641], [-122.3244, 38.6415], [-122.3255, 38.6418]]], [[[-122.3647, 38.6378], [-122.3647, 38.6372], [-122.3636, 38.637], [-122.3637, 38.6375], [-122.3647, 38.6378]]], [[[-122.3157, 38.6392], [-122.3153, 38.6376], [-122.314, 38.6379], [-122.315, 38.6382], [-122.314, 38.639], [-122.3157, 38.6392]]], [[[-122.363, 38.6383], [-122.3637, 38.6375], [-122.3626, 38.6375], [-122.3623, 38.6367], [-122.3619, 38.6375], [-122.363, 38.6383]]], [[[-122.316, 38.636], [-122.316, 38.6355], [-122.3166, 38.6352], [-122.3149, 38.6355], [-122.316, 38.636]]], [[[-122.3176, 38.6338], [-122.3173, 38.6327], [-122.3166, 38.6328], [-122.3166, 38.6336], [-122.3156, 38.6336], [-122.3176, 38.6338]]], [[[-122.3524, 38.6318], [-122.3524, 38.6312], [-122.351, 38.6307], [-122.3514, 38.6318], [-122.3524, 38.6318]]], [[[-122.3542, 38.6318], [-122.3555, 38.6309], [-122.3551, 38.6304], [-122.3541, 38.6304], [-122.3541, 38.6312], [-122.3528, 38.6312], [-122.3542, 38.6318]]], [[[-122.3124, 38.6323], [-122.3124, 38.6317], [-122.3138, 38.6315], [-122.312, 38.6312], [-122.3117, 38.632], [-122.3124, 38.6323]]], [[[-122.3422, 38.6347], [-122.3422, 38.6341], [-122.3435, 38.6341], [-122.3435, 38.6333], [-122.3449, 38.6338], [-122.3449, 38.633], [-122.3438, 38.6328], [-122.3445, 38.6314], [-122.3424, 38.6309], [-122.341, 38.6296], [-122.3406, 38.6301], [-122.3375, 38.6302], [-122.3392, 38.6296], [-122.3402, 38.6282], [-122.3368, 38.6283], [-122.3365, 38.6307], [-122.3393, 38.631], [-122.3393, 38.6323], [-122.34, 38.6323], [-122.3404, 38.6326], [-122.3404, 38.6334], [-122.3411, 38.6334], [-122.3408, 38.6342], [-122.3422, 38.6347]], [[-122.3407, 38.6323], [-122.3404, 38.6326], [-122.3404, 38.6323], [-122.3407, 38.6323]], [[-122.341, 38.6315], [-122.3407, 38.6317], [-122.3407, 38.6315], [-122.341, 38.6315]], [[-122.3417, 38.6304], [-122.3414, 38.6307], [-122.3413, 38.6304], [-122.3417, 38.6304]]], [[[-122.3033, 38.629], [-122.3047, 38.6281], [-122.3033, 38.6276], [-122.3033, 38.629]]], [[[-122.3029, 38.6271], [-122.3033, 38.6265], [-122.3015, 38.6257], [-122.3015, 38.6268], [-122.3029, 38.6271]]], [[[-122.3046, 38.6265], [-122.3053, 38.6262], [-122.3053, 38.6254], [-122.3046, 38.6254], [-122.3046, 38.6265]]], [[[-122.3102, 38.6261], [-122.3101, 38.6256], [-122.3112, 38.6258], [-122.3115, 38.6247], [-122.3094, 38.6256], [-122.3102, 38.6261]]], [[[-122.3626, 38.6248], [-122.3625, 38.6243], [-122.3611, 38.6235], [-122.3608, 38.6246], [-122.3626, 38.6248]]], [[[-122.3108, 38.6248], [-122.3108, 38.6242], [-122.3097, 38.6237], [-122.3094, 38.6242], [-122.3108, 38.6248]]], [[[-122.3091, 38.6245], [-122.309, 38.6234], [-122.3083, 38.6235], [-122.308, 38.6243], [-122.3091, 38.6245]]], [[[-122.3618, 38.6232], [-122.3614, 38.6219], [-122.3611, 38.6219], [-122.3611, 38.6233], [-122.3618, 38.6232]]], [[[-122.3024, 38.6225], [-122.3017, 38.6214], [-122.3014, 38.6214], [-122.3014, 38.6222], [-122.3024, 38.6225]]], [[[-122.3268, 38.6177], [-122.3264, 38.6164], [-122.3261, 38.6164], [-122.3258, 38.6175], [-122.3268, 38.6177]]], [[[-122.3381, 38.6164], [-122.3385, 38.6156], [-122.3374, 38.6156], [-122.3371, 38.6162], [-122.3381, 38.6164]]], [[[-122.3388, 38.615], [-122.3381, 38.614], [-122.3377, 38.614], [-122.3374, 38.6145], [-122.3388, 38.615]]], [[[-122.3401, 38.6131], [-122.3404, 38.6123], [-122.3391, 38.6123], [-122.3391, 38.6126], [-122.3401, 38.6131]]], [[[-122.2932, 38.6148], [-122.296, 38.6145], [-122.2949, 38.6143], [-122.296, 38.614], [-122.2949, 38.6126], [-122.2939, 38.6129], [-122.2942, 38.6137], [-122.2925, 38.6135], [-122.2932, 38.6148]], [[-122.2946, 38.6143], [-122.2943, 38.6145], [-122.2943, 38.6143], [-122.2946, 38.6143]], [[-122.2949, 38.6137], [-122.2946, 38.614], [-122.2946, 38.6137], [-122.2949, 38.6137]]], [[[-122.326, 38.6131], [-122.327, 38.6128], [-122.3266, 38.612], [-122.3256, 38.6123], [-122.326, 38.6131]]], [[[-122.2928, 38.6124], [-122.2942, 38.6127], [-122.2945, 38.6116], [-122.2928, 38.6124]]], [[[-122.3001, 38.612], [-122.3, 38.6104], [-122.2986, 38.6099], [-122.2983, 38.6104], [-122.3001, 38.612]], [[-122.2997, 38.6104], [-122.2993, 38.6107], [-122.2993, 38.6104], [-122.2997, 38.6104]]], [[[-122.3037, 38.6076], [-122.304, 38.6063], [-122.3047, 38.6065], [-122.3044, 38.6073], [-122.3054, 38.6073], [-122.3057, 38.6062], [-122.304, 38.6049], [-122.3026, 38.6049], [-122.303, 38.606], [-122.302, 38.6068], [-122.3027, 38.6076], [-122.303, 38.6071], [-122.3037, 38.6076]], [[-122.3033, 38.6063], [-122.303, 38.6066], [-122.303, 38.6063], [-122.3033, 38.6063]]], [[[-122.3016, 38.6063], [-122.3023, 38.6055], [-122.3022, 38.6047], [-122.3009, 38.6055], [-122.3016, 38.6063]]], [[[-122.3002, 38.6058], [-122.3009, 38.605], [-122.2988, 38.6053], [-122.2988, 38.6056], [-122.3002, 38.6058]]], [[[-122.286, 38.6044], [-122.2867, 38.6039], [-122.2863, 38.6031], [-122.285, 38.6034], [-122.2857, 38.6039], [-122.2846, 38.6042], [-122.286, 38.6044]]], [[[-122.3132, 38.6034], [-122.3132, 38.602], [-122.3111, 38.6015], [-122.3111, 38.6023], [-122.3132, 38.6034]]], [[[-122.3181, 38.6033], [-122.318, 38.6014], [-122.3177, 38.6014], [-122.317, 38.6033], [-122.3181, 38.6033]]], [[[-122.3042, 38.6006], [-122.3042, 38.5995], [-122.3031, 38.5993], [-122.3025, 38.6004], [-122.3038, 38.6001], [-122.3042, 38.6006]]], [[[-122.3366, 38.5994], [-122.3366, 38.5989], [-122.3359, 38.5986], [-122.3355, 38.5992], [-122.3366, 38.5994]]], [[[-122.3124, 38.5991], [-122.3117, 38.5986], [-122.312, 38.5977], [-122.3113, 38.5978], [-122.3114, 38.5991], [-122.3124, 38.5991]]], [[[-122.2893, 38.599], [-122.2893, 38.5979], [-122.2879, 38.5974], [-122.2876, 38.5982], [-122.2865, 38.598], [-122.2893, 38.599]]], [[[-122.2865, 38.598], [-122.2861, 38.5974], [-122.2848, 38.5974], [-122.2851, 38.598], [-122.2865, 38.598]]], [[[-122.3299, 38.5963], [-122.3296, 38.5955], [-122.3285, 38.5958], [-122.3285, 38.5961], [-122.3299, 38.5963]]], [[[-122.2834, 38.5977], [-122.2837, 38.5969], [-122.2848, 38.5972], [-122.2844, 38.5964], [-122.283, 38.5967], [-122.2834, 38.5977]]], [[[-122.3334, 38.596], [-122.3333, 38.5952], [-122.3326, 38.5952], [-122.3327, 38.596], [-122.3334, 38.596]]], [[[-122.28, 38.5994], [-122.2806, 38.5981], [-122.2817, 38.5983], [-122.282, 38.5978], [-122.282, 38.5959], [-122.2809, 38.5962], [-122.2817, 38.597], [-122.2796, 38.5973], [-122.2803, 38.5983], [-122.2793, 38.5994], [-122.28, 38.5994]], [[-122.2806, 38.5975], [-122.2803, 38.5978], [-122.2803, 38.5975], [-122.2806, 38.5975]]], [[[-122.3127, 38.5975], [-122.3134, 38.5966], [-122.3123, 38.595], [-122.3123, 38.5969], [-122.3117, 38.5972], [-122.3127, 38.5975]]], [[[-122.3097, 38.5994], [-122.3093, 38.5983], [-122.3107, 38.5986], [-122.3107, 38.598], [-122.3096, 38.5981], [-122.3106, 38.5972], [-122.3095, 38.5956], [-122.3033, 38.5952], [-122.3034, 38.5966], [-122.3048, 38.5971], [-122.3041, 38.5979], [-122.3062, 38.5976], [-122.3062, 38.5992], [-122.3072, 38.5986], [-122.3076, 38.5992], [-122.3083, 38.5992], [-122.3083, 38.5989], [-122.3086, 38.5989], [-122.3086, 38.5994], [-122.3097, 38.5994]], [[-122.309, 38.5986], [-122.3086, 38.5989], [-122.3086, 38.5986], [-122.309, 38.5986]], [[-122.3089, 38.5978], [-122.3086, 38.5983], [-122.3086, 38.5978], [-122.3089, 38.5978]], [[-122.3083, 38.5984], [-122.3069, 38.5984], [-122.3072, 38.5978], [-122.3062, 38.5973], [-122.3082, 38.597], [-122.3083, 38.5984]], [[-122.3096, 38.5972], [-122.3093, 38.5975], [-122.3093, 38.5973], [-122.3096, 38.5972]], [[-122.3099, 38.5967], [-122.3096, 38.597], [-122.3096, 38.5967], [-122.3099, 38.5967]], [[-122.3078, 38.5962], [-122.3068, 38.5965], [-122.3068, 38.5962], [-122.3078, 38.5962]], [[-122.3075, 38.5957], [-122.3071, 38.5959], [-122.3071, 38.5957], [-122.3075, 38.5957]]], [[[-122.3361, 38.5943], [-122.3364, 38.5938], [-122.3357, 38.5932], [-122.3354, 38.5941], [-122.3361, 38.5943]]], [[[-122.3002, 38.5942], [-122.3002, 38.5936], [-122.2988, 38.5939], [-122.2988, 38.5942], [-122.3002, 38.5942]]], [[[-122.3326, 38.5938], [-122.3319, 38.5928], [-122.3305, 38.5933], [-122.3305, 38.5939], [-122.3326, 38.5938]]], [[[-122.312, 38.5956], [-122.3116, 38.595], [-122.3123, 38.595], [-122.3126, 38.5937], [-122.3123, 38.5942], [-122.3092, 38.594], [-122.3095, 38.5932], [-122.3088, 38.5929], [-122.3078, 38.5938], [-122.3067, 38.5933], [-122.3053, 38.5935], [-122.3057, 38.5952], [-122.3068, 38.5949], [-122.3064, 38.5943], [-122.3067, 38.5938], [-122.3081, 38.5943], [-122.3075, 38.5951], [-122.312, 38.5956]], [[-122.3088, 38.5946], [-122.3085, 38.5948], [-122.3085, 38.5946], [-122.3088, 38.5946]], [[-122.3092, 38.5943], [-122.3088, 38.5946], [-122.3088, 38.5943], [-122.3092, 38.5943]], [[-122.3085, 38.594], [-122.3081, 38.5943], [-122.3081, 38.594], [-122.3085, 38.594]]], [[[-122.3023, 38.5941], [-122.3033, 38.5936], [-122.3029, 38.5931], [-122.3016, 38.5936], [-122.3023, 38.5941]]], [[[-122.2754, 38.5941], [-122.2753, 38.593], [-122.2743, 38.5933], [-122.2747, 38.5941], [-122.2754, 38.5941]]], [[[-122.2981, 38.5934], [-122.2984, 38.5929], [-122.2995, 38.5931], [-122.3001, 38.5923], [-122.297, 38.5921], [-122.2981, 38.5934]]], [[[-122.2794, 38.5921], [-122.2798, 38.593], [-122.2805, 38.5921], [-122.2794, 38.5921]]], [[[-122.277, 38.5919], [-122.2777, 38.5916], [-122.2777, 38.5911], [-122.2767, 38.5914], [-122.277, 38.5919]]], [[[-122.2794, 38.5911], [-122.2808, 38.5908], [-122.2804, 38.5902], [-122.2794, 38.5911]]], [[[-122.2949, 38.5905], [-122.2938, 38.5897], [-122.2932, 38.5903], [-122.2932, 38.5905], [-122.2949, 38.5905]]], [[[-122.2921, 38.5892], [-122.2934, 38.5881], [-122.29, 38.5879], [-122.2907, 38.5892], [-122.2911, 38.5887], [-122.2921, 38.5892]]], [[[-122.33, 38.5874], [-122.3296, 38.5869], [-122.3283, 38.5872], [-122.3283, 38.5874], [-122.33, 38.5874]]], [[[-122.2941, 38.5878], [-122.2945, 38.5873], [-122.2917, 38.5873], [-122.2917, 38.5876], [-122.2941, 38.5878]]], [[[-122.2676, 38.5891], [-122.2676, 38.5886], [-122.2669, 38.5886], [-122.2665, 38.5875], [-122.2666, 38.5889], [-122.2676, 38.5891]]], [[[-122.3362, 38.5886], [-122.3366, 38.5881], [-122.3355, 38.5881], [-122.3362, 38.5867], [-122.3351, 38.586], [-122.3341, 38.5868], [-122.3351, 38.5868], [-122.3355, 38.5876], [-122.3345, 38.5879], [-122.3362, 38.5886]]], [[[-122.3303, 38.5869], [-122.3303, 38.5855], [-122.3292, 38.5855], [-122.3289, 38.5866], [-122.3303, 38.5869]]], [[[-122.2793, 38.5881], [-122.2803, 38.587], [-122.2799, 38.5865], [-122.2789, 38.587], [-122.2793, 38.5881]]], [[[-122.262, 38.5876], [-122.262, 38.5871], [-122.2624, 38.5865], [-122.2613, 38.5868], [-122.262, 38.5876]]], [[[-122.2813, 38.5867], [-122.2813, 38.5856], [-122.2803, 38.5854], [-122.2803, 38.5862], [-122.2813, 38.5867]]], [[[-122.2706, 38.5866], [-122.2706, 38.5858], [-122.2699, 38.5861], [-122.2696, 38.5856], [-122.2696, 38.5864], [-122.2706, 38.5866]]], [[[-122.2882, 38.5869], [-122.29, 38.5866], [-122.2892, 38.5855], [-122.2871, 38.585], [-122.2882, 38.5869]]], [[[-122.2675, 38.587], [-122.2679, 38.5862], [-122.2665, 38.5854], [-122.2661, 38.5859], [-122.2668, 38.5859], [-122.2675, 38.587]]], [[[-122.2737, 38.5863], [-122.2748, 38.5866], [-122.2744, 38.586], [-122.2747, 38.5852], [-122.2727, 38.5861], [-122.2727, 38.5866], [-122.2737, 38.5863]]], [[[-122.2765, 38.5871], [-122.2779, 38.586], [-122.2771, 38.5849], [-122.2747, 38.5855], [-122.2751, 38.586], [-122.2748, 38.5868], [-122.2765, 38.5871]]], [[[-122.3282, 38.5845], [-122.3295, 38.5839], [-122.3288, 38.5837], [-122.3282, 38.5845]]], [[[-122.2655, 38.5873], [-122.2668, 38.5864], [-122.2648, 38.5859], [-122.2658, 38.5854], [-122.2654, 38.5846], [-122.2647, 38.5851], [-122.2637, 38.5849], [-122.2634, 38.5854], [-122.2644, 38.5857], [-122.2655, 38.5873]]], [[[-122.3354, 38.5849], [-122.3361, 38.5843], [-122.3354, 38.5841], [-122.3357, 38.5832], [-122.3344, 38.5841], [-122.3354, 38.5849]]], [[[-122.2871, 38.585], [-122.2875, 38.5842], [-122.2861, 38.5839], [-122.2857, 38.5845], [-122.2871, 38.585]]], [[[-122.3347, 38.5838], [-122.335, 38.583], [-122.334, 38.583], [-122.3337, 38.5838], [-122.3347, 38.5838]]], [[[-122.2606, 38.5866], [-122.2613, 38.5857], [-122.2617, 38.5863], [-122.263, 38.586], [-122.2633, 38.5838], [-122.2609, 38.5836], [-122.2616, 38.5849], [-122.2609, 38.5852], [-122.2606, 38.5847], [-122.2606, 38.5855], [-122.2592, 38.5858], [-122.2596, 38.5866], [-122.2606, 38.5866]], [[-122.2623, 38.5849], [-122.262, 38.5852], [-122.262, 38.5849], [-122.2623, 38.5849]]], [[[-122.3316, 38.5841], [-122.3337, 38.5833], [-122.3333, 38.5822], [-122.3326, 38.5836], [-122.3312, 38.5833], [-122.3316, 38.5841]]], [[[-122.2799, 38.5851], [-122.2805, 38.583], [-122.2781, 38.5819], [-122.2771, 38.5827], [-122.2771, 38.5838], [-122.2785, 38.5835], [-122.2778, 38.5846], [-122.2799, 38.5851]], [[-122.2799, 38.584], [-122.2792, 38.5843], [-122.2792, 38.5841], [-122.2799, 38.584]], [[-122.2784, 38.5822], [-122.2781, 38.5825], [-122.2781, 38.5822], [-122.2784, 38.5822]]], [[[-122.26, 38.5771], [-122.26, 38.5763], [-122.2589, 38.5763], [-122.259, 38.5769], [-122.2593, 38.5769], [-122.2593, 38.5771], [-122.26, 38.5771]], [[-122.2596, 38.5766], [-122.2593, 38.5769], [-122.2593, 38.5766], [-122.2596, 38.5766]]], [[[-122.3355, 38.576], [-122.3362, 38.5754], [-122.3361, 38.5749], [-122.3348, 38.5754], [-122.3355, 38.576]]], [[[-122.262, 38.5736], [-122.264, 38.573], [-122.2651, 38.5733], [-122.265, 38.5716], [-122.2633, 38.5727], [-122.2619, 38.5728], [-122.262, 38.5736]]], [[[-122.2623, 38.5725], [-122.2623, 38.5717], [-122.2609, 38.5717], [-122.2609, 38.5723], [-122.2623, 38.5725]]], [[[-122.2488, 38.5722], [-122.2491, 38.5714], [-122.2484, 38.5711], [-122.2481, 38.5719], [-122.2488, 38.5722]]], [[[-122.2622, 38.5703], [-122.2625, 38.5695], [-122.2601, 38.5693], [-122.2601, 38.5698], [-122.2612, 38.5695], [-122.2608, 38.5701], [-122.2622, 38.5703]]], [[[-122.2598, 38.5712], [-122.2605, 38.5701], [-122.2598, 38.5698], [-122.2601, 38.5688], [-122.2583, 38.5677], [-122.259, 38.5666], [-122.2573, 38.5669], [-122.2576, 38.5658], [-122.2559, 38.5661], [-122.2555, 38.5656], [-122.2577, 38.5699], [-122.2581, 38.5699], [-122.2598, 38.5712]], [[-122.2584, 38.5696], [-122.2581, 38.5699], [-122.2581, 38.5696], [-122.2584, 38.5696]], [[-122.2594, 38.5693], [-122.258, 38.5693], [-122.258, 38.5685], [-122.2594, 38.5688], [-122.2594, 38.5693]], [[-122.2583, 38.5677], [-122.258, 38.568], [-122.258, 38.5677], [-122.2583, 38.5677]]], [[[-122.2507, 38.5657], [-122.2507, 38.5649], [-122.2496, 38.5649], [-122.2497, 38.5657], [-122.2507, 38.5657]]], [[[-122.3264, 38.5608], [-122.3274, 38.5605], [-122.3264, 38.5599], [-122.3264, 38.5608]]], [[[-122.3295, 38.5623], [-122.3305, 38.5601], [-122.3281, 38.5596], [-122.3278, 38.5607], [-122.3288, 38.561], [-122.3282, 38.5621], [-122.3295, 38.5623]], [[-122.3291, 38.5599], [-122.3288, 38.5602], [-122.3288, 38.5599], [-122.3291, 38.5599]]], [[[-122.2592, 38.5612], [-122.2598, 38.5607], [-122.2574, 38.5604], [-122.2574, 38.561], [-122.2592, 38.5612]]], [[[-122.3209, 38.5606], [-122.3201, 38.5593], [-122.3208, 38.5584], [-122.3191, 38.5579], [-122.3195, 38.5603], [-122.3209, 38.5606]]], [[[-122.2547, 38.5621], [-122.2543, 38.5608], [-122.2561, 38.5605], [-122.256, 38.5599], [-122.2567, 38.5604], [-122.2571, 38.5599], [-122.2563, 38.5588], [-122.2553, 38.5589], [-122.254, 38.561], [-122.2523, 38.5611], [-122.2519, 38.5603], [-122.2509, 38.5611], [-122.2519, 38.5611], [-122.252, 38.5619], [-122.2537, 38.5613], [-122.2533, 38.5621], [-122.2547, 38.5621]], [[-122.256, 38.5591], [-122.2557, 38.5597], [-122.2557, 38.5591], [-122.256, 38.5591]]], [[[-122.3181, 38.5596], [-122.3177, 38.5577], [-122.3163, 38.5577], [-122.3156, 38.5583], [-122.3164, 38.5596], [-122.3181, 38.5596]], [[-122.3177, 38.5582], [-122.3174, 38.5585], [-122.3173, 38.5582], [-122.3177, 38.5582]]], [[[-122.3146, 38.5577], [-122.3142, 38.5569], [-122.3132, 38.557], [-122.3132, 38.5578], [-122.3146, 38.5577]]], [[[-122.2522, 38.5592], [-122.2522, 38.5581], [-122.2532, 38.5584], [-122.2529, 38.5578], [-122.2542, 38.5578], [-122.2552, 38.5567], [-122.2522, 38.557], [-122.2522, 38.5578], [-122.2511, 38.5579], [-122.2515, 38.5592], [-122.2522, 38.5592]], [[-122.2542, 38.5573], [-122.2535, 38.5575], [-122.2535, 38.5573], [-122.2542, 38.5573]]], [[[-122.2532, 38.5567], [-122.2535, 38.5559], [-122.2518, 38.5557], [-122.2521, 38.5562], [-122.2518, 38.5568], [-122.2532, 38.5567]], [[-122.2525, 38.5559], [-122.2521, 38.5562], [-122.2521, 38.5559], [-122.2525, 38.5559]]], [[[-122.3145, 38.5545], [-122.3144, 38.5534], [-122.3131, 38.554], [-122.3131, 38.5545], [-122.3145, 38.5545]]], [[[-122.299, 38.5543], [-122.2993, 38.5537], [-122.2993, 38.5529], [-122.2976, 38.554], [-122.299, 38.5543]]], [[[-122.3361, 38.5525], [-122.3361, 38.5517], [-122.3354, 38.5517], [-122.3351, 38.5525], [-122.3361, 38.5525]]], [[[-122.2531, 38.5543], [-122.2534, 38.5538], [-122.252, 38.5532], [-122.2517, 38.5538], [-122.2531, 38.5543]]], [[[-122.2596, 38.5528], [-122.2596, 38.5523], [-122.2582, 38.5526], [-122.2582, 38.5529], [-122.2596, 38.5528]]], [[[-122.3155, 38.5529], [-122.3147, 38.551], [-122.3133, 38.5516], [-122.3144, 38.5529], [-122.3155, 38.5529]]], [[[-122.2524, 38.5527], [-122.2527, 38.5516], [-122.2516, 38.5516], [-122.2517, 38.5524], [-122.2524, 38.5527]]], [[[-122.2513, 38.5522], [-122.2509, 38.5511], [-122.2503, 38.5511], [-122.2503, 38.5519], [-122.2513, 38.5522]]], [[[-122.2548, 38.5521], [-122.2561, 38.551], [-122.254, 38.5513], [-122.2548, 38.5521]]], [[[-122.303, 38.5501], [-122.304, 38.5501], [-122.304, 38.5496], [-122.303, 38.5501]]], [[[-122.2589, 38.5512], [-122.2595, 38.5504], [-122.2585, 38.5504], [-122.2589, 38.5512]]], [[[-122.2974, 38.5497], [-122.2971, 38.5492], [-122.2957, 38.5492], [-122.2961, 38.5497], [-122.2974, 38.5497]]], [[[-122.3109, 38.5505], [-122.3116, 38.55], [-122.3109, 38.5497], [-122.3112, 38.5486], [-122.3098, 38.5495], [-122.3099, 38.5505], [-122.3109, 38.5505]], [[-122.3109, 38.55], [-122.3106, 38.5503], [-122.3105, 38.55], [-122.3109, 38.55]]], [[[-122.3016, 38.5504], [-122.3019, 38.5488], [-122.3005, 38.5486], [-122.3009, 38.5499], [-122.2998, 38.5494], [-122.2999, 38.5502], [-122.3016, 38.5504]], [[-122.3016, 38.5491], [-122.3012, 38.5494], [-122.3012, 38.5491], [-122.3016, 38.5491]]], [[[-122.2575, 38.551], [-122.2585, 38.5502], [-122.2585, 38.5493], [-122.2568, 38.5507], [-122.2575, 38.551]]], [[[-122.2953, 38.5489], [-122.2963, 38.5481], [-122.2957, 38.5478], [-122.2953, 38.5489]]], [[[-122.2571, 38.5488], [-122.2578, 38.5488], [-122.2591, 38.5485], [-122.2577, 38.548], [-122.2571, 38.5488]]], [[[-122.2557, 38.5489], [-122.2564, 38.5478], [-122.255, 38.5483], [-122.2553, 38.5478], [-122.2546, 38.5475], [-122.2547, 38.5486], [-122.2557, 38.5489]]], [[[-122.3126, 38.5486], [-122.3136, 38.5478], [-122.3132, 38.5467], [-122.3121, 38.5462], [-122.3112, 38.5478], [-122.3126, 38.5486]], [[-122.3129, 38.547], [-122.3125, 38.5478], [-122.3125, 38.547], [-122.3129, 38.547]]], [[[-122.3121, 38.5462], [-122.3118, 38.5456], [-122.3108, 38.5457], [-122.3108, 38.5462], [-122.3121, 38.5462]]], [[[-122.3081, 38.5498], [-122.3078, 38.5492], [-122.3105, 38.5476], [-122.3104, 38.5459], [-122.3094, 38.5451], [-122.3098, 38.5468], [-122.308, 38.5471], [-122.3081, 38.5476], [-122.3084, 38.5476], [-122.3088, 38.5481], [-122.3067, 38.549], [-122.3071, 38.5498], [-122.3081, 38.5498]], [[-122.3101, 38.547], [-122.3094, 38.5476], [-122.3094, 38.547], [-122.3101, 38.547]], [[-122.3087, 38.5473], [-122.3084, 38.5476], [-122.3084, 38.5473], [-122.3087, 38.5473]]], [[[-122.2701, 38.547], [-122.2715, 38.5467], [-122.2701, 38.5459], [-122.2701, 38.547]]], [[[-122.2894, 38.5469], [-122.2908, 38.5463], [-122.2908, 38.5455], [-122.2894, 38.5461], [-122.2894, 38.5469]]], [[[-122.3093, 38.5449], [-122.3083, 38.5444], [-122.3076, 38.5446], [-122.3076, 38.5449], [-122.3093, 38.5449]]], [[[-122.2911, 38.5455], [-122.2911, 38.545], [-122.29, 38.5444], [-122.29, 38.545], [-122.2911, 38.5455]]], [[[-122.3059, 38.5449], [-122.3059, 38.5441], [-122.3045, 38.5442], [-122.3055, 38.5444], [-122.3059, 38.5449]]], [[[-122.2938, 38.5449], [-122.2938, 38.5438], [-122.2928, 38.5436], [-122.2931, 38.5449], [-122.2938, 38.5449]]], [[[-122.289, 38.5455], [-122.29, 38.5444], [-122.2893, 38.5442], [-122.2897, 38.5434], [-122.2876, 38.5448], [-122.2876, 38.5453], [-122.289, 38.5455]], [[-122.289, 38.5445], [-122.2883, 38.5447], [-122.2883, 38.5445], [-122.289, 38.5445]]], [[[-122.3083, 38.5441], [-122.3083, 38.5435], [-122.3076, 38.5436], [-122.3082, 38.5427], [-122.3069, 38.5425], [-122.3076, 38.5428], [-122.3069, 38.5438], [-122.3083, 38.5441]]], [[[-122.2976, 38.544], [-122.2979, 38.5435], [-122.2993, 38.5429], [-122.2986, 38.5427], [-122.2962, 38.5438], [-122.2976, 38.544]]], [[[-122.3117, 38.544], [-122.3127, 38.5424], [-122.311, 38.5421], [-122.3114, 38.543], [-122.3104, 38.5441], [-122.3117, 38.544]], [[-122.3117, 38.5435], [-122.3114, 38.5438], [-122.3114, 38.5435], [-122.3117, 38.5435]], [[-122.312, 38.5427], [-122.3117, 38.5429], [-122.3117, 38.5427], [-122.312, 38.5427]]], [[[-122.3035, 38.5436], [-122.3048, 38.5425], [-122.3027, 38.542], [-122.3021, 38.5437], [-122.3035, 38.5436]]], [[[-122.2631, 38.5436], [-122.2641, 38.543], [-122.2628, 38.5428], [-122.2631, 38.5436]]], [[[-122.3003, 38.5426], [-122.3017, 38.5429], [-122.3024, 38.542], [-122.3003, 38.5426]]], [[[-122.291, 38.5436], [-122.291, 38.5423], [-122.2903, 38.5423], [-122.2904, 38.5436], [-122.291, 38.5436]]], [[[-122.3169, 38.5428], [-122.3169, 38.5423], [-122.3158, 38.5415], [-122.3158, 38.5426], [-122.3169, 38.5428]]], [[[-122.3072, 38.542], [-122.3072, 38.5411], [-122.3061, 38.5412], [-122.3062, 38.542], [-122.3072, 38.542]]], [[[-122.3103, 38.543], [-122.3103, 38.5419], [-122.3124, 38.5419], [-122.3123, 38.5413], [-122.3085, 38.5411], [-122.3082, 38.5422], [-122.31, 38.5422], [-122.3103, 38.543]]], [[[-122.29, 38.5425], [-122.2903, 38.542], [-122.2892, 38.5412], [-122.2882, 38.5415], [-122.2882, 38.541], [-122.2872, 38.541], [-122.2872, 38.5418], [-122.2861, 38.5413], [-122.2858, 38.5421], [-122.2872, 38.5426], [-122.2882, 38.5418], [-122.29, 38.5425]]], [[[-122.2961, 38.5414], [-122.2961, 38.5408], [-122.2947, 38.5406], [-122.2951, 38.5411], [-122.2961, 38.5414]]], [[[-122.3123, 38.5408], [-122.3123, 38.5402], [-122.3109, 38.5403], [-122.3109, 38.5408], [-122.3123, 38.5408]]], [[[-122.2972, 38.5408], [-122.2971, 38.5403], [-122.2958, 38.5403], [-122.2961, 38.5408], [-122.2972, 38.5408]]], [[[-122.3054, 38.5406], [-122.3044, 38.5404], [-122.3044, 38.5396], [-122.3033, 38.5401], [-122.3034, 38.5407], [-122.3054, 38.5406]]], [[[-122.3282, 38.5399], [-122.3274, 38.5391], [-122.3267, 38.5391], [-122.3268, 38.54], [-122.3282, 38.5399]]], [[[-122.2479, 38.5412], [-122.2486, 38.5406], [-122.2468, 38.5404], [-122.2479, 38.5412]]], [[[-122.3137, 38.5407], [-122.3133, 38.5391], [-122.3116, 38.5394], [-122.3116, 38.54], [-122.3123, 38.54], [-122.3127, 38.5408], [-122.3137, 38.5407]], [[-122.3133, 38.5399], [-122.313, 38.5402], [-122.313, 38.54], [-122.3133, 38.5399]], [[-122.313, 38.5397], [-122.3126, 38.54], [-122.3126, 38.5397], [-122.313, 38.5397]]], [[[-122.2582, 38.541], [-122.2582, 38.5402], [-122.2575, 38.5396], [-122.2572, 38.5405], [-122.2582, 38.541]]], [[[-122.315, 38.5396], [-122.3147, 38.5386], [-122.3143, 38.5391], [-122.3136, 38.5389], [-122.3137, 38.5394], [-122.315, 38.5396]]], [[[-122.2924, 38.5414], [-122.293, 38.5398], [-122.2916, 38.5401], [-122.2912, 38.539], [-122.2899, 38.539], [-122.2909, 38.5398], [-122.2895, 38.5399], [-122.2896, 38.5404], [-122.2906, 38.5406], [-122.2909, 38.5401], [-122.2924, 38.5414]]], [[[-122.2864, 38.5396], [-122.2861, 38.5391], [-122.2844, 38.5391], [-122.2847, 38.5397], [-122.2864, 38.5396]]], [[[-122.2551, 38.5408], [-122.2568, 38.5397], [-122.2527, 38.5403], [-122.2534, 38.5408], [-122.2551, 38.5408]]], [[[-122.3009, 38.5396], [-122.3002, 38.5391], [-122.3009, 38.5386], [-122.2998, 38.5386], [-122.2995, 38.5391], [-122.3009, 38.5396]]], [[[-122.3071, 38.5403], [-122.3089, 38.54], [-122.3098, 38.5384], [-122.3081, 38.5387], [-122.3085, 38.5381], [-122.3078, 38.5382], [-122.3075, 38.5392], [-122.3081, 38.5392], [-122.3081, 38.5395], [-122.3071, 38.5403]], [[-122.3085, 38.539], [-122.3081, 38.5392], [-122.3081, 38.539], [-122.3085, 38.539]]], [[[-122.3157, 38.5385], [-122.3157, 38.5377], [-122.3147, 38.538], [-122.315, 38.5386], [-122.3157, 38.5385]]], [[[-122.3037, 38.539], [-122.3043, 38.5382], [-122.3033, 38.5385], [-122.3029, 38.538], [-122.3012, 38.5388], [-122.3037, 38.539]], [[-122.3033, 38.5385], [-122.303, 38.5388], [-122.3029, 38.5385], [-122.3033, 38.5385]]], [[[-122.2633, 38.5395], [-122.2633, 38.5387], [-122.2623, 38.5387], [-122.2627, 38.5396], [-122.2633, 38.5395]]], [[[-122.2923, 38.539], [-122.2912, 38.5379], [-122.2902, 38.5382], [-122.2905, 38.5388], [-122.2923, 38.539]]], [[[-122.3133, 38.5378], [-122.3147, 38.538], [-122.3146, 38.5375], [-122.3133, 38.5378]]], [[[-122.2843, 38.5389], [-122.2843, 38.5381], [-122.2833, 38.5381], [-122.2833, 38.5386], [-122.2843, 38.5389]]], [[[-122.3188, 38.5385], [-122.3191, 38.5371], [-122.3174, 38.5372], [-122.3174, 38.5377], [-122.3188, 38.5385]]], [[[-122.2561, 38.5383], [-122.2557, 38.5378], [-122.2547, 38.5378], [-122.2547, 38.5384], [-122.2561, 38.5383]]], [[[-122.3157, 38.5375], [-122.315, 38.5372], [-122.3153, 38.5369], [-122.3149, 38.5364], [-122.3146, 38.5375], [-122.3157, 38.5375]]], [[[-122.3198, 38.5366], [-122.3191, 38.5358], [-122.318, 38.5361], [-122.3184, 38.5366], [-122.3198, 38.5366]]], [[[-122.306, 38.5377], [-122.3077, 38.5374], [-122.3084, 38.536], [-122.306, 38.5368], [-122.306, 38.5377]]], [[[-122.3118, 38.5365], [-122.3118, 38.5357], [-122.3105, 38.5362], [-122.3105, 38.5365], [-122.3118, 38.5365]]], [[[-122.287, 38.5369], [-122.287, 38.5361], [-122.2853, 38.5364], [-122.2853, 38.5367], [-122.287, 38.5369]]], [[[-122.2922, 38.5363], [-122.2922, 38.5358], [-122.2911, 38.5358], [-122.2912, 38.5363], [-122.2922, 38.5363]]], [[[-122.2849, 38.5356], [-122.2849, 38.5351], [-122.2835, 38.5351], [-122.2839, 38.5356], [-122.2849, 38.5356]]], [[[-122.3043, 38.5371], [-122.3043, 38.5363], [-122.3025, 38.5364], [-122.3036, 38.5361], [-122.3028, 38.5353], [-122.3008, 38.5356], [-122.3011, 38.5342], [-122.3, 38.534], [-122.3001, 38.5348], [-122.299, 38.5348], [-122.2997, 38.5351], [-122.3001, 38.5372], [-122.3005, 38.5367], [-122.3015, 38.5369], [-122.3015, 38.5364], [-122.3043, 38.5371]], [[-122.3022, 38.5358], [-122.3018, 38.5361], [-122.3018, 38.5358], [-122.3022, 38.5358]]], [[[-122.2794, 38.5346], [-122.2783, 38.5336], [-122.2769, 38.5336], [-122.277, 38.5342], [-122.2794, 38.5346]]], [[[-122.2991, 38.5356], [-122.299, 38.5351], [-122.2984, 38.5351], [-122.2994, 38.5343], [-122.2987, 38.5335], [-122.3, 38.534], [-122.3, 38.5332], [-122.3007, 38.5332], [-122.3, 38.5324], [-122.302, 38.5318], [-122.3003, 38.5305], [-122.2996, 38.531], [-122.2972, 38.5308], [-122.2969, 38.5322], [-122.2972, 38.5322], [-122.2972, 38.5324], [-122.2976, 38.5324], [-122.2976, 38.5327], [-122.2955, 38.5327], [-122.2969, 38.534], [-122.2973, 38.5338], [-122.2976, 38.5338], [-122.298, 38.534], [-122.2963, 38.5343], [-122.2966, 38.5351], [-122.2973, 38.5348], [-122.2991, 38.5356]], [[-122.298, 38.5335], [-122.2976, 38.5338], [-122.2976, 38.5335], [-122.298, 38.5335]], [[-122.2997, 38.5332], [-122.299, 38.5332], [-122.2993, 38.5324], [-122.2997, 38.5324], [-122.2997, 38.5332]], [[-122.2983, 38.5327], [-122.298, 38.5332], [-122.2976, 38.5327], [-122.2983, 38.5327]], [[-122.299, 38.5321], [-122.2986, 38.5324], [-122.2986, 38.5321], [-122.299, 38.5321]], [[-122.2979, 38.5321], [-122.2976, 38.5324], [-122.2976, 38.5321], [-122.2979, 38.5321]], [[-122.2996, 38.5318], [-122.299, 38.5321], [-122.2989, 38.5318], [-122.2996, 38.5318]], [[-122.2983, 38.5316], [-122.2979, 38.5321], [-122.2979, 38.5316], [-122.2983, 38.5316]]], [[[-122.2909, 38.5379], [-122.2912, 38.5374], [-122.2898, 38.5372], [-122.2908, 38.5366], [-122.2898, 38.5363], [-122.2905, 38.5358], [-122.2894, 38.5347], [-122.2887, 38.5353], [-122.2873, 38.5348], [-122.2869, 38.5329], [-122.2855, 38.5332], [-122.2859, 38.5321], [-122.2844, 38.5308], [-122.2838, 38.5319], [-122.2852, 38.5329], [-122.2852, 38.5345], [-122.2863, 38.5345], [-122.2867, 38.5356], [-122.2887, 38.5358], [-122.2884, 38.5366], [-122.2874, 38.5367], [-122.2874, 38.5369], [-122.2864, 38.5375], [-122.2888, 38.5369], [-122.2881, 38.5377], [-122.2909, 38.5379]], [[-122.2866, 38.5337], [-122.2863, 38.534], [-122.2863, 38.5337], [-122.2866, 38.5337]], [[-122.2859, 38.5337], [-122.2856, 38.534], [-122.2856, 38.5337], [-122.2859, 38.5337]], [[-122.2852, 38.5318], [-122.2848, 38.5321], [-122.2848, 38.5318], [-122.2852, 38.5318]]], [[[-122.2727, 38.5305], [-122.2724, 38.5299], [-122.2706, 38.5302], [-122.2706, 38.5305], [-122.2727, 38.5305]]], [[[-122.3006, 38.5299], [-122.3013, 38.5299], [-122.3023, 38.5294], [-122.3006, 38.5299]]], [[[-122.2814, 38.5341], [-122.2821, 38.5335], [-122.2831, 38.5335], [-122.2831, 38.5327], [-122.2817, 38.5324], [-122.2821, 38.5322], [-122.2817, 38.5314], [-122.2838, 38.5311], [-122.2816, 38.5287], [-122.282, 38.5297], [-122.2813, 38.5295], [-122.2803, 38.5319], [-122.2807, 38.5333], [-122.2814, 38.5335], [-122.2814, 38.5341]], [[-122.2818, 38.5333], [-122.2814, 38.5335], [-122.2814, 38.5333], [-122.2818, 38.5333]], [[-122.2821, 38.5327], [-122.2818, 38.533], [-122.2817, 38.5327], [-122.2821, 38.5327]], [[-122.2817, 38.5319], [-122.2814, 38.5322], [-122.2814, 38.5319], [-122.2817, 38.5319]], [[-122.2827, 38.5303], [-122.2824, 38.5305], [-122.2824, 38.5303], [-122.2827, 38.5303]]], [[[-122.294, 38.529], [-122.2933, 38.5282], [-122.2926, 38.5282], [-122.2933, 38.529], [-122.294, 38.529]]], [[[-122.3006, 38.5299], [-122.3009, 38.5291], [-122.2996, 38.5291], [-122.3002, 38.5278], [-122.2978, 38.5281], [-122.2988, 38.5286], [-122.2982, 38.5286], [-122.2975, 38.5297], [-122.2992, 38.5291], [-122.2989, 38.53], [-122.3006, 38.5299]]], [[[-122.2954, 38.53], [-122.2947, 38.5287], [-122.2961, 38.5287], [-122.2961, 38.5276], [-122.294, 38.5282], [-122.2944, 38.5287], [-122.2941, 38.5295], [-122.2954, 38.53]]], [[[-122.3051, 38.5301], [-122.3061, 38.5293], [-122.3053, 38.5269], [-122.3033, 38.528], [-122.3037, 38.5291], [-122.3051, 38.529], [-122.3051, 38.5301]]], [[[-122.2806, 38.5281], [-122.2806, 38.5276], [-122.2795, 38.5274], [-122.2795, 38.5279], [-122.2806, 38.5281]]], [[[-122.3002, 38.527], [-122.3005, 38.5262], [-122.2991, 38.5262], [-122.2991, 38.527], [-122.3002, 38.527]]], [[[-122.2788, 38.5271], [-122.2795, 38.5263], [-122.2802, 38.5268], [-122.2809, 38.5263], [-122.2788, 38.5255], [-122.2788, 38.5271]]], [[[-122.2943, 38.5268], [-122.295, 38.5254], [-122.2915, 38.5258], [-122.2915, 38.5263], [-122.2932, 38.5257], [-122.2936, 38.5268], [-122.2943, 38.5268]]], [[[-122.2801, 38.5246], [-122.2804, 38.5238], [-122.2791, 38.5239], [-122.2791, 38.5244], [-122.2801, 38.5246]]], [[[-122.3263, 38.5238], [-122.3262, 38.5227], [-122.3249, 38.5227], [-122.3249, 38.523], [-122.3263, 38.5238]]], [[[-122.2946, 38.5244], [-122.2945, 38.5233], [-122.2942, 38.5238], [-122.2928, 38.5236], [-122.2929, 38.5241], [-122.2946, 38.5244]]], [[[-122.329, 38.5245], [-122.3297, 38.5229], [-122.3307, 38.5231], [-122.3324, 38.522], [-122.3293, 38.5218], [-122.329, 38.5234], [-122.328, 38.5235], [-122.328, 38.5243], [-122.3284, 38.5243], [-122.3284, 38.5245], [-122.329, 38.5245]], [[-122.3287, 38.524], [-122.3284, 38.5243], [-122.3283, 38.524], [-122.3287, 38.524]], [[-122.33, 38.5223], [-122.3297, 38.5226], [-122.3297, 38.5224], [-122.33, 38.5223]]], [[[-122.2928, 38.5233], [-122.2939, 38.523], [-122.2938, 38.5225], [-122.2928, 38.5228], [-122.2935, 38.522], [-122.2917, 38.5217], [-122.2928, 38.5233]]], [[[-122.3289, 38.5207], [-122.3289, 38.5199], [-122.3275, 38.5205], [-122.3276, 38.5208], [-122.3289, 38.5207]]], [[[-122.2911, 38.5217], [-122.2921, 38.5209], [-122.2914, 38.5204], [-122.2911, 38.5217]]], [[[-122.3217, 38.5195], [-122.3203, 38.519], [-122.3206, 38.5182], [-122.3199, 38.5182], [-122.3196, 38.519], [-122.3217, 38.5195]]], [[[-122.2886, 38.5202], [-122.2886, 38.5196], [-122.2865, 38.5186], [-122.2865, 38.5191], [-122.2886, 38.5202]]], [[[-122.3282, 38.5186], [-122.3285, 38.5178], [-122.3261, 38.5173], [-122.3261, 38.5186], [-122.3282, 38.5186]]], [[[-122.3219, 38.5155], [-122.3222, 38.5147], [-122.3208, 38.5147], [-122.3208, 38.515], [-122.3219, 38.5155]]], [[[-122.3246, 38.5152], [-122.3243, 38.5146], [-122.3253, 38.5143], [-122.3256, 38.5133], [-122.3242, 38.5138], [-122.3246, 38.5144], [-122.3225, 38.5144], [-122.3225, 38.5149], [-122.3239, 38.5146], [-122.3246, 38.5152]]], [[[-122.3293, 38.5102], [-122.3303, 38.5094], [-122.3296, 38.5091], [-122.3293, 38.5102]]], [[[-122.331, 38.5094], [-122.3306, 38.5086], [-122.3299, 38.5086], [-122.3299, 38.5091], [-122.331, 38.5094]]], [[[-122.3076, 38.5109], [-122.3075, 38.5087], [-122.3065, 38.5085], [-122.3062, 38.5096], [-122.3072, 38.5096], [-122.3076, 38.5109]]], [[[-122.334, 38.5072], [-122.334, 38.5055], [-122.3333, 38.5055], [-122.3326, 38.5069], [-122.334, 38.5072]]], [[[-122.2695, 38.5057], [-122.2695, 38.5046], [-122.2685, 38.5043], [-122.2685, 38.5052], [-122.2695, 38.5057]]], [[[-122.3108, 38.5017], [-122.3107, 38.5003], [-122.3104, 38.5003], [-122.3097, 38.5014], [-122.3108, 38.5017]]], [[[-122.2249, 38.5], [-122.2249, 38.4995], [-122.2235, 38.4995], [-122.2236, 38.5001], [-122.2249, 38.5]]], [[[-122.2256, 38.4984], [-122.2256, 38.4979], [-122.2266, 38.4973], [-122.2249, 38.4973], [-122.2242, 38.4982], [-122.2256, 38.4984]]], [[[-122.2265, 38.4959], [-122.2269, 38.4951], [-122.2248, 38.4949], [-122.2251, 38.4957], [-122.2265, 38.4959]]], [[[-122.2265, 38.4946], [-122.2254, 38.4938], [-122.2247, 38.4938], [-122.2255, 38.4946], [-122.2265, 38.4946]]], [[[-122.265, 38.4933], [-122.2643, 38.4928], [-122.2633, 38.4928], [-122.264, 38.4934], [-122.265, 38.4933]]], [[[-122.2258, 38.4938], [-122.2258, 38.4933], [-122.2251, 38.4933], [-122.2254, 38.4925], [-122.2247, 38.4925], [-122.2244, 38.4938], [-122.2247, 38.4936], [-122.2258, 38.4938]]], [[[-122.1097, 38.4929], [-122.11, 38.4924], [-122.1083, 38.4919], [-122.1079, 38.4927], [-122.1097, 38.4929]]], [[[-122.1107, 38.491], [-122.1117, 38.4905], [-122.1116, 38.4894], [-122.1092, 38.4894], [-122.1093, 38.4902], [-122.1107, 38.491]]], [[[-122.1065, 38.4916], [-122.1069, 38.4908], [-122.1079, 38.4908], [-122.1072, 38.4905], [-122.1078, 38.4892], [-122.1058, 38.49], [-122.1051, 38.4887], [-122.1048, 38.4898], [-122.1065, 38.4916]]], [[[-122.2854, 38.4851], [-122.2854, 38.4846], [-122.284, 38.4843], [-122.2844, 38.4852], [-122.2854, 38.4851]]], [[[-122.2603, 38.4845], [-122.2603, 38.4837], [-122.2592, 38.4837], [-122.2592, 38.484], [-122.2603, 38.4845]]], [[[-122.283, 38.4841], [-122.2826, 38.4833], [-122.2816, 38.483], [-122.2816, 38.4836], [-122.283, 38.4841]]], [[[-122.1064, 38.4876], [-122.1057, 38.4873], [-122.1064, 38.4851], [-122.1053, 38.4852], [-122.1057, 38.4862], [-122.105, 38.4868], [-122.1054, 38.4876], [-122.1064, 38.4876]]], [[[-122.2838, 38.4749], [-122.2837, 38.4744], [-122.2817, 38.4747], [-122.2817, 38.4749], [-122.2838, 38.4749]]], [[[-122.2814, 38.4758], [-122.2817, 38.4749], [-122.281, 38.4736], [-122.2806, 38.4742], [-122.2799, 38.4739], [-122.2803, 38.4747], [-122.2796, 38.4753], [-122.2814, 38.4758]]], [[[-122.3139, 38.47], [-122.3153, 38.4697], [-122.3135, 38.4695], [-122.3139, 38.47]]], [[[-122.114, 38.4637], [-122.1144, 38.4639], [-122.1154, 38.4637], [-122.1143, 38.4634], [-122.114, 38.4637]]], [[[-122.0434, 38.4638], [-122.0441, 38.4627], [-122.0431, 38.4625], [-122.0434, 38.4638]]], [[[-122.1107, 38.4546], [-122.111, 38.4548], [-122.112, 38.4543], [-122.111, 38.4543], [-122.1107, 38.4546]]], [[[-122.1089, 38.4549], [-122.1093, 38.4543], [-122.1082, 38.4541], [-122.1085, 38.4527], [-122.1078, 38.4527], [-122.1075, 38.4543], [-122.1089, 38.4549]]], [[[-122.1166, 38.4464], [-122.1166, 38.4458], [-122.1155, 38.445], [-122.1152, 38.4461], [-122.1166, 38.4464]]], [[[-122.1462, 38.4456], [-122.1458, 38.4448], [-122.1448, 38.4445], [-122.1452, 38.4453], [-122.1462, 38.4456]]], [[[-122.1419, 38.44], [-122.1419, 38.4394], [-122.1408, 38.4389], [-122.1409, 38.4397], [-122.1419, 38.44]]], [[[-122.1081, 38.4357], [-122.108, 38.4352], [-122.1087, 38.4354], [-122.1084, 38.4344], [-122.1059, 38.4333], [-122.106, 38.4347], [-122.1066, 38.4344], [-122.107, 38.4355], [-122.1081, 38.4357]], [[-122.1077, 38.4344], [-122.1073, 38.4346], [-122.1073, 38.4344], [-122.1077, 38.4344]]], [[[-122.172, 38.4316], [-122.1723, 38.4321], [-122.173, 38.4313], [-122.172, 38.4316]]], [[[-122.1083, 38.4325], [-122.1086, 38.4317], [-122.1069, 38.4314], [-122.1069, 38.4325], [-122.1083, 38.4325]]], [[[-122.0965, 38.4286], [-122.0972, 38.4286], [-122.0982, 38.4283], [-122.0972, 38.4281], [-122.0965, 38.4286]]], [[[-122.0978, 38.4278], [-122.0978, 38.427], [-122.0971, 38.427], [-122.0972, 38.4278], [-122.0978, 38.4278]]], [[[-122.104, 38.4274], [-122.1054, 38.4271], [-122.1054, 38.4266], [-122.104, 38.4269], [-122.1043, 38.4263], [-122.1037, 38.4263], [-122.104, 38.4274]]], [[[-122.1219, 38.426], [-122.1215, 38.4252], [-122.1222, 38.4239], [-122.1212, 38.425], [-122.1212, 38.426], [-122.1219, 38.426]]], [[[-122.1383, 38.4238], [-122.1387, 38.4228], [-122.1373, 38.4225], [-122.1373, 38.4233], [-122.1383, 38.4238]]], [[[-122.0724, 38.4026], [-122.0723, 38.4015], [-122.072, 38.4015], [-122.0717, 38.4026], [-122.0724, 38.4026]]], [[[-122.1193, 38.3942], [-122.1192, 38.3937], [-122.1186, 38.3934], [-122.1182, 38.3942], [-122.1193, 38.3942]]], [[[-122.0877, 38.3842], [-122.0876, 38.3826], [-122.0869, 38.3824], [-122.0859, 38.3835], [-122.0873, 38.3834], [-122.087, 38.384], [-122.0877, 38.3842]]], [[[-122.1544, 38.3717], [-122.1544, 38.3712], [-122.1547, 38.3706], [-122.1537, 38.3709], [-122.1544, 38.3717]]], [[[-122.0461, 38.3715], [-122.0457, 38.3707], [-122.0453, 38.3707], [-122.045, 38.3715], [-122.0461, 38.3715]]], [[[-122.0611, 38.369], [-122.0611, 38.3682], [-122.0618, 38.3674], [-122.0607, 38.368], [-122.0611, 38.369]]], [[[-122.0896, 38.3661], [-122.092, 38.3658], [-122.0896, 38.3656], [-122.0896, 38.3661]]], [[[-122.0865, 38.3556], [-122.0865, 38.3548], [-122.0855, 38.3551], [-122.0858, 38.3557], [-122.0865, 38.3556]]], [[[-122.0714, 38.3413], [-122.0713, 38.3408], [-122.07, 38.3408], [-122.0703, 38.3413], [-122.0714, 38.3413]]]]}, "properties": {"layer": "high_severity"}}, {"type": "Feature", "geometry": {"type": "MultiPolygon", "coordinates": [[[[-122.5551, 38.7138], [-122.5558, 38.7133], [-122.5554, 38.7133], [-122.5551, 38.7138]]], [[[-122.5561, 38.7133], [-122.5568, 38.7132], [-122.5581, 38.7127], [-122.5561, 38.7133]]], [[[-122.5638, 38.7055], [-122.5634, 38.705], [-122.5627, 38.705], [-122.5631, 38.7055], [-122.5638, 38.7055]]], [[[-122.5643, 38.692], [-122.565, 38.6917], [-122.5643, 38.6915], [-122.5643, 38.692]]], [[[-122.4897, 38.6911], [-122.4904, 38.6906], [-122.49, 38.6906], [-122.4897, 38.6911]]], [[[-122.5459, 38.6873], [-122.5459, 38.6867], [-122.5452, 38.6868], [-122.5452, 38.687], [-122.5459, 38.6873]]], [[[-122.5441, 38.687], [-122.5448, 38.6868], [-122.5441, 38.6865], [-122.5441, 38.687]]], [[[-122.493, 38.6868], [-122.493, 38.6849], [-122.4922, 38.6843], [-122.4912, 38.6844], [-122.4909, 38.6849], [-122.4919, 38.6857], [-122.4916, 38.6865], [-122.4927, 38.6862], [-122.493, 38.6868]], [[-122.4923, 38.6854], [-122.4919, 38.6857], [-122.4919, 38.6854], [-122.4923, 38.6854]], [[-122.4923, 38.6846], [-122.4919, 38.6849], [-122.4919, 38.6846], [-122.4923, 38.6846]]], [[[-122.4888, 38.6844], [-122.4895, 38.6849], [-122.4905, 38.6844], [-122.4888, 38.6844]]], [[[-122.4888, 38.6833], [-122.4887, 38.6825], [-122.4884, 38.6825], [-122.4881, 38.6833], [-122.4888, 38.6833]]], [[[-122.565, 38.6801], [-122.5653, 38.6804], [-122.5657, 38.6801], [-122.565, 38.6801]]], [[[-122.4994, 38.6702], [-122.499, 38.6691], [-122.4972, 38.6688], [-122.4976, 38.6702], [-122.4994, 38.6702]]], [[[-122.4886, 38.6693], [-122.4889, 38.6685], [-122.4886, 38.6685], [-122.4886, 38.6693]]], [[[-122.3385, 38.6618], [-122.3396, 38.6615], [-122.3385, 38.6612], [-122.3385, 38.6618]]], [[[-122.3414, 38.6336], [-122.3431, 38.6325], [-122.3424, 38.6314], [-122.3414, 38.6325], [-122.3414, 38.6336]]], [[[-122.34, 38.6315], [-122.34, 38.631], [-122.341, 38.6304], [-122.3386, 38.6307], [-122.3386, 38.6312], [-122.34, 38.6315]]], [[[-122.3369, 38.6302], [-122.3382, 38.6299], [-122.3386, 38.6294], [-122.3365, 38.6291], [-122.3369, 38.6302]]], [[[-122.3061, 38.5968], [-122.3058, 38.5962], [-122.3047, 38.5963], [-122.3047, 38.5965], [-122.3061, 38.5968]]], [[[-122.3112, 38.5478], [-122.3118, 38.5475], [-122.3111, 38.5473], [-122.3112, 38.5478]]], [[[-122.2886, 38.542], [-122.2882, 38.541], [-122.2872, 38.541], [-122.2872, 38.5421], [-122.2886, 38.542]]], [[[-122.2881, 38.5375], [-122.2888, 38.5374], [-122.2891, 38.5372], [-122.2881, 38.5375]]], [[[-122.297, 38.5351], [-122.2977, 38.5348], [-122.2976, 38.5343], [-122.2963, 38.5343], [-122.297, 38.5351]]], [[[-122.2859, 38.5345], [-122.2866, 38.534], [-122.2859, 38.534], [-122.2859, 38.5345]]], [[[-122.2738, 38.5334], [-122.2749, 38.5331], [-122.2738, 38.5331], [-122.2738, 38.5334]]], [[[-122.299, 38.5321], [-122.2993, 38.5324], [-122.2996, 38.5321], [-122.299, 38.5321]]], [[[-122.3, 38.5321], [-122.301, 38.5313], [-122.2983, 38.5319], [-122.2983, 38.5321], [-122.2989, 38.5318], [-122.3, 38.5321]]], [[[-122.2814, 38.5314], [-122.2813, 38.5308], [-122.2817, 38.5306], [-122.281, 38.5306], [-122.2814, 38.5314]]], [[[-122.2813, 38.5303], [-122.2816, 38.5295], [-122.2813, 38.5295], [-122.2813, 38.5303]]], [[[-122.305, 38.5285], [-122.305, 38.5277], [-122.3047, 38.5277], [-122.3044, 38.5285], [-122.305, 38.5285]]], [[[-122.2251, 38.4957], [-122.2258, 38.4952], [-122.2248, 38.4949], [-122.2251, 38.4957]]], [[[-122.1159, 38.4944], [-122.1166, 38.4939], [-122.1156, 38.4936], [-122.1159, 38.4944]]], [[[-122.1124, 38.4923], [-122.1124, 38.4918], [-122.1117, 38.4918], [-122.1117, 38.4921], [-122.1124, 38.4923]]], [[[-122.1162, 38.4915], [-122.1172, 38.4912], [-122.1162, 38.4909], [-122.1162, 38.4915]]], [[[-122.1058, 38.4908], [-122.1072, 38.4903], [-122.1061, 38.4897], [-122.1058, 38.4908]]], [[[-122.1113, 38.4907], [-122.1116, 38.4894], [-122.1103, 38.4894], [-122.1103, 38.4907], [-122.1113, 38.4907]]], [[[-122.1061, 38.487], [-122.1061, 38.4865], [-122.1064, 38.4862], [-122.1057, 38.4862], [-122.1061, 38.487]]], [[[-122.1087, 38.4811], [-122.109, 38.4802], [-122.1086, 38.4802], [-122.1087, 38.4811]]], [[[-122.1073, 38.4808], [-122.1079, 38.4803], [-122.1073, 38.4803], [-122.1073, 38.4808]]], [[[-122.2813, 38.4747], [-122.2813, 38.4736], [-122.2799, 38.4739], [-122.2803, 38.4747], [-122.2813, 38.4747]]], [[[-122.1144, 38.4639], [-122.1154, 38.4637], [-122.1143, 38.4634], [-122.1144, 38.4639]]], [[[-122.1151, 38.4534], [-122.1154, 38.4526], [-122.1151, 38.4526], [-122.1151, 38.4534]]], [[[-122.0286, 38.4498], [-122.0289, 38.45], [-122.0293, 38.4498], [-122.0286, 38.4498]]], [[[-122.1166, 38.4464], [-122.1166, 38.4458], [-122.1155, 38.445], [-122.1152, 38.4461], [-122.1166, 38.4464]]], [[[-122.1395, 38.4406], [-122.1395, 38.44], [-122.1385, 38.4403], [-122.1385, 38.4406], [-122.1395, 38.4406]]], [[[-122.1419, 38.44], [-122.1419, 38.4394], [-122.1409, 38.4392], [-122.1409, 38.4397], [-122.1419, 38.44]]], [[[-122.1073, 38.4349], [-122.1073, 38.4344], [-122.1059, 38.4339], [-122.106, 38.4344], [-122.1073, 38.4349]]], [[[-122.1209, 38.4271], [-122.1216, 38.4268], [-122.1212, 38.4263], [-122.1205, 38.4266], [-122.1209, 38.4271]]], [[[-122.1054, 38.4271], [-122.1054, 38.4266], [-122.104, 38.4269], [-122.104, 38.4271], [-122.1054, 38.4271]]], [[[-122.1037, 38.4263], [-122.104, 38.4266], [-122.1043, 38.4263], [-122.1037, 38.4263]]], [[[-122.136, 38.4252], [-122.137, 38.4249], [-122.136, 38.4247], [-122.136, 38.4252]]], [[[-122.1219, 38.426], [-122.1219, 38.4247], [-122.1215, 38.4247], [-122.1212, 38.426], [-122.1219, 38.426]]], [[[-122.1408, 38.4241], [-122.1411, 38.4233], [-122.1407, 38.4233], [-122.1408, 38.4241]]], [[[-122.1383, 38.4238], [-122.1387, 38.4228], [-122.1373, 38.4231], [-122.1373, 38.4233], [-122.1383, 38.4238]]], [[[-122.1097, 38.4198], [-122.1103, 38.4189], [-122.1096, 38.4187], [-122.1097, 38.4198]]], [[[-122.0934, 38.4047], [-122.0934, 38.4041], [-122.0927, 38.4041], [-122.0927, 38.4044], [-122.0934, 38.4047]]], [[[-122.0817, 38.4032], [-122.082, 38.4024], [-122.0817, 38.4024], [-122.0817, 38.4032]]], [[[-122.0985, 38.4016], [-122.0985, 38.4011], [-122.0974, 38.4013], [-122.0975, 38.4016], [-122.0985, 38.4016]]], [[[-122.0984, 38.4002], [-122.0988, 38.4005], [-122.0991, 38.4002], [-122.0984, 38.4002]]], [[[-122.0723, 38.401], [-122.073, 38.4007], [-122.0723, 38.4004], [-122.0723, 38.401]]], [[[-122.0911, 38.3961], [-122.0918, 38.3958], [-122.0911, 38.3955], [-122.0911, 38.3961]]], [[[-122.1014, 38.3956], [-122.1021, 38.3951], [-122.1017, 38.3951], [-122.1014, 38.3956]]], [[[-122.0872, 38.3915], [-122.0868, 38.391], [-122.0858, 38.3913], [-122.0858, 38.3916], [-122.0872, 38.3915]]], [[[-122.0764, 38.3761], [-122.0768, 38.3763], [-122.0771, 38.3761], [-122.0764, 38.3761]]], [[[-122.0611, 38.3685], [-122.0618, 38.3679], [-122.0618, 38.3674], [-122.0607, 38.368], [-122.0611, 38.3685]]]]}, "properties": {"layer": "interior"}}, {"type": "Feature", "geometry": {"type": "MultiPolygon", "coordinates": [[[[-122.3414, 38.6336], [-122.3431, 38.6325], [-122.3424, 38.6314], [-122.3414, 38.6325], [-122.3414, 38.6336]]], [[[-122.34, 38.6315], [-122.34, 38.631], [-122.341, 38.6304], [-122.3386, 38.6307], [-122.3386, 38.6312], [-122.34, 38.6315]]], [[[-122.3369, 38.6302], [-122.3382, 38.6299], [-122.3386, 38.6294], [-122.3365, 38.6291], [-122.3369, 38.6302]]], [[[-122.3061, 38.5968], [-122.3058, 38.5962], [-122.3047, 38.5963], [-122.3047, 38.5965], [-122.3061, 38.5968]]], [[[-122.1159, 38.4944], [-122.1166, 38.4939], [-122.1156, 38.4936], [-122.1159, 38.4944]]], [[[-122.1124, 38.4923], [-122.1124, 38.4918], [-122.1117, 38.4918], [-122.1117, 38.4921], [-122.1124, 38.4923]]], [[[-122.0286, 38.4498], [-122.0289, 38.45], [-122.0293, 38.4498], [-122.0286, 38.4498]]]]}, "properties": {"layer": "cell", "cell_id": "380_500", "seed_zone": "380", "elevation_band": "500–1000 ft"}}, {"type": "Feature", "geometry": {"type": "MultiPolygon", "coordinates": [[[[-122.5551, 38.7138], [-122.5558, 38.7133], [-122.5554, 38.7133], [-122.5551, 38.7138]]], [[[-122.5561, 38.7133], [-122.5568, 38.7132], [-122.5581, 38.7127], [-122.5561, 38.7133]]], [[[-122.4897, 38.6911], [-122.4904, 38.6906], [-122.49, 38.6906], [-122.4897, 38.6911]]], [[[-122.493, 38.6868], [-122.493, 38.6849], [-122.4922, 38.6843], [-122.4912, 38.6844], [-122.4909, 38.6849], [-122.4919, 38.6857], [-122.4916, 38.6865], [-122.4927, 38.6862], [-122.493, 38.6868]], [[-122.4923, 38.6854], [-122.4919, 38.6857], [-122.4919, 38.6854], [-122.4923, 38.6854]], [[-122.4923, 38.6846], [-122.4919, 38.6849], [-122.4919, 38.6846], [-122.4923, 38.6846]]], [[[-122.4888, 38.685], [-122.4895, 38.6849], [-122.4905, 38.6844], [-122.4891, 38.6844], [-122.4888, 38.685]]], [[[-122.4888, 38.6833], [-122.4887, 38.6825], [-122.4884, 38.6825], [-122.4881, 38.6833], [-122.4888, 38.6833]]], [[[-122.4994, 38.6702], [-122.499, 38.6691], [-122.4972, 38.6688], [-122.4976, 38.6702], [-122.4994, 38.6702]]], [[[-122.2963, 38.5343], [-122.297, 38.5349], [-122.2976, 38.5343], [-122.2963, 38.5343]]], [[[-122.2859, 38.5345], [-122.2866, 38.534], [-122.2859, 38.534], [-122.2859, 38.5345]]], [[[-122.2738, 38.5334], [-122.2749, 38.5331], [-122.2738, 38.5331], [-122.2738, 38.5334]]], [[[-122.2814, 38.5314], [-122.2813, 38.5308], [-122.2817, 38.5306], [-122.281, 38.5306], [-122.2814, 38.5314]]], [[[-122.2813, 38.5303], [-122.2816, 38.5295], [-122.2813, 38.5295], [-122.2813, 38.5303]]], [[[-122.305, 38.5285], [-122.305, 38.5277], [-122.3047, 38.5277], [-122.3044, 38.5285], [-122.305, 38.5285]]], [[[-122.1162, 38.4915], [-122.1172, 38.4912], [-122.1162, 38.4909], [-122.1162, 38.4915]]], [[[-122.1058, 38.4908], [-122.1072, 38.4903], [-122.1061, 38.4897], [-122.1058, 38.4908]]], [[[-122.1113, 38.4907], [-122.1116, 38.4894], [-122.1103, 38.4894], [-122.1103, 38.4907], [-122.1113, 38.4907]]], [[[-122.2813, 38.4747], [-122.2813, 38.4736], [-122.2799, 38.4739], [-122.2803, 38.4747], [-122.2813, 38.4747]]], [[[-122.1395, 38.4406], [-122.1395, 38.44], [-122.1385, 38.4403], [-122.1385, 38.4406], [-122.1395, 38.4406]]], [[[-122.1419, 38.44], [-122.1419, 38.4394], [-122.1409, 38.4392], [-122.1409, 38.4397], [-122.1419, 38.44]]], [[[-122.0723, 38.401], [-122.073, 38.4007], [-122.0723, 38.4004], [-122.0723, 38.401]]], [[[-122.0611, 38.3685], [-122.0618, 38.3679], [-122.0618, 38.3674], [-122.0607, 38.368], [-122.0611, 38.3685]]]]}, "properties": {"layer": "cell", "cell_id": "380_1000", "seed_zone": "380", "elevation_band": "1000–1500 ft"}}, {"type": "Feature", "geometry": {"type": "MultiPolygon", "coordinates": [[[[-122.5638, 38.7055], [-122.5634, 38.705], [-122.5627, 38.705], [-122.5631, 38.7055], [-122.5638, 38.7055]]], [[[-122.5643, 38.692], [-122.565, 38.6917], [-122.5643, 38.6915], [-122.5643, 38.692]]], [[[-122.3112, 38.5478], [-122.3118, 38.5475], [-122.3111, 38.5473], [-122.3112, 38.5478]]], [[[-122.2886, 38.542], [-122.2882, 38.541], [-122.2872, 38.541], [-122.2872, 38.5421], [-122.2886, 38.542]]], [[[-122.2881, 38.5375], [-122.2888, 38.5374], [-122.2891, 38.5372], [-122.2881, 38.5375]]], [[[-122.299, 38.5321], [-122.2993, 38.5324], [-122.2996, 38.5321], [-122.299, 38.5321]]], [[[-122.3, 38.5321], [-122.3007, 38.5313], [-122.2983, 38.5319], [-122.2983, 38.5321], [-122.2989, 38.5318], [-122.3, 38.5321]]], [[[-122.2251, 38.4957], [-122.2258, 38.4952], [-122.2248, 38.4949], [-122.2251, 38.4957]]], [[[-122.1061, 38.487], [-122.1061, 38.4865], [-122.1064, 38.4862], [-122.1057, 38.4862], [-122.1061, 38.487]]], [[[-122.1073, 38.4808], [-122.1079, 38.4803], [-122.1073, 38.4803], [-122.1073, 38.4808]]], [[[-122.1073, 38.4349], [-122.1073, 38.4344], [-122.1059, 38.4339], [-122.106, 38.4344], [-122.1073, 38.4349]]], [[[-122.1054, 38.4271], [-122.1054, 38.4266], [-122.104, 38.4269], [-122.104, 38.4271], [-122.1054, 38.4271]]], [[[-122.1037, 38.4263], [-122.104, 38.4266], [-122.1043, 38.4263], [-122.1037, 38.4263]]], [[[-122.136, 38.4252], [-122.137, 38.4249], [-122.136, 38.4247], [-122.136, 38.4252]]], [[[-122.1383, 38.4238], [-122.1387, 38.4228], [-122.1373, 38.4231], [-122.1373, 38.4233], [-122.1383, 38.4238]]], [[[-122.0934, 38.4047], [-122.0934, 38.4041], [-122.0927, 38.4041], [-122.0927, 38.4044], [-122.0934, 38.4047]]], [[[-122.0817, 38.4032], [-122.082, 38.4024], [-122.0817, 38.4024], [-122.0817, 38.4032]]], [[[-122.0872, 38.3915], [-122.0868, 38.391], [-122.0858, 38.3913], [-122.0858, 38.3916], [-122.0872, 38.3915]]], [[[-122.0764, 38.3761], [-122.0768, 38.3763], [-122.0771, 38.3761], [-122.0764, 38.3761]]]]}, "properties": {"layer": "cell", "cell_id": "380_1500", "seed_zone": "380", "elevation_band": "1500–2000 ft"}}, {"type": "Feature", "geometry": {"type": "MultiPolygon", "coordinates": [[[[-122.5459, 38.6873], [-122.5459, 38.6867], [-122.5452, 38.6868], [-122.5452, 38.687], [-122.5459, 38.6873]]], [[[-122.5441, 38.687], [-122.5448, 38.6868], [-122.5441, 38.6865], [-122.5441, 38.687]]], [[[-122.1087, 38.4811], [-122.109, 38.4802], [-122.1086, 38.4802], [-122.1087, 38.4811]]], [[[-122.1144, 38.4639], [-122.1154, 38.4637], [-122.1143, 38.4634], [-122.1144, 38.4639]]], [[[-122.1151, 38.4534], [-122.1154, 38.4526], [-122.1151, 38.4526], [-122.1151, 38.4534]]], [[[-122.1166, 38.4464], [-122.1166, 38.4458], [-122.1155, 38.445], [-122.1152, 38.4461], [-122.1166, 38.4464]]], [[[-122.1209, 38.4271], [-122.1216, 38.4268], [-122.1212, 38.4263], [-122.1205, 38.4266], [-122.1209, 38.4271]]], [[[-122.1219, 38.426], [-122.1219, 38.4247], [-122.1215, 38.4247], [-122.1212, 38.426], [-122.1219, 38.426]]], [[[-122.1097, 38.4198], [-122.1103, 38.4189], [-122.1096, 38.4187], [-122.1097, 38.4198]]], [[[-122.0985, 38.4016], [-122.0985, 38.4011], [-122.0974, 38.4013], [-122.0975, 38.4016], [-122.0985, 38.4016]]], [[[-122.0984, 38.4002], [-122.0988, 38.4005], [-122.0991, 38.4002], [-122.0984, 38.4002]]], [[[-122.0911, 38.3961], [-122.0918, 38.3958], [-122.0911, 38.3955], [-122.0911, 38.3961]]]]}, "properties": {"layer": "cell", "cell_id": "380_2000", "seed_zone": "380", "elevation_band": "2000–2500 ft"}}, {"type": "Feature", "geometry": {"type": "Polygon", "coordinates": [[[-122.1014, 38.3956], [-122.1021, 38.3951], [-122.1017, 38.3951], [-122.1014, 38.3956]]]}, "properties": {"layer": "cell", "cell_id": "380_2500", "seed_zone": "380", "elevation_band": "2500–3000 ft"}}]}
