{"type": "FeatureCollection", "features": [{"type": "Feature", "geometry": {"type": "MultiPolygon", "coordinates": [[[[-122.8141, 38.5654], [-122.8138, 38.568], [-122.8132, 38.5673], [-122.8141, 38.5654]]], [[[-122.8261, 38.5749], [-122.8258, 38.5723], [-122.8278, 38.5738], [-122.8286, 38.5731], [-122.8288, 38.5742], [-122.8261, 38.5749]]], [[[-122.8014, 38.6517], [-122.801, 38.6535], [-122.7972, 38.6562], [-122.7963, 38.6555], [-122.798, 38.6543], [-122.797, 38.6536], [-122.799, 38.6518], [-122.8014, 38.6501], [-122.8033, 38.65], [-122.8029, 38.6514], [-122.8014, 38.6517]]], [[[-122.8085, 38.8159], [-122.8038, 38.815], [-122.8015, 38.8135], [-122.7997, 38.8135], [-122.7987, 38.8142], [-122.7977, 38.8136], [-122.7977, 38.8117], [-122.7964, 38.8111], [-122.7912, 38.812], [-122.7889, 38.8116], [-122.7877, 38.8123], [-122.785, 38.8125], [-122.785, 38.8118], [-122.7818, 38.8137], [-122.7807, 38.8134], [-122.7796, 38.8143], [-122.7759, 38.8147], [-122.7748, 38.8142], [-122.7749, 38.8127], [-122.7705, 38.8109], [-122.7691, 38.8072], [-122.7652, 38.8039], [-122.7638, 38.8036], [-122.7647, 38.8006], [-122.7623, 38.8006], [-122.7632, 38.7985], [-122.7611, 38.7972], [-122.7597, 38.7953], [-122.7623, 38.7956], [-122.7689, 38.7983], [-122.7713, 38.7972], [-122.7626, 38.7947], [-122.7604, 38.7892], [-122.7618, 38.7879], [-122.7607, 38.7873], [-122.761, 38.7865], [-122.7621, 38.787], [-122.7633, 38.7867], [-122.7645, 38.7854], [-122.7697, 38.783], [-122.773, 38.7796], [-122.7738, 38.7799], [-122.7729, 38.7772], [-122.7716, 38.7764], [-122.7679, 38.776], [-122.7687, 38.775], [-122.7716, 38.7755], [-122.7732, 38.7712], [-122.7723, 38.7695], [-122.7734, 38.769], [-122.7727, 38.7681], [-122.764, 38.7638], [-122.7604, 38.7635], [-122.7597, 38.7614], [-122.7567, 38.7595], [-122.7525, 38.7577], [-122.75, 38.7577], [-122.7495, 38.7546], [-122.7425, 38.7494], [-122.7416, 38.7493], [-122.7376, 38.7435], [-122.7377, 38.7422], [-122.7366, 38.7406], [-122.7355, 38.7396], [-122.7292, 38.738], [-122.7269, 38.7356], [-122.7223, 38.7351], [-122.7204, 38.7365], [-122.7173, 38.7368], [-122.7167, 38.7358], [-122.713, 38.7345], [-122.7111, 38.7347], [-122.7098, 38.7332], [-122.7073, 38.7327], [-122.7036, 38.7335], [-122.7003, 38.73], [-122.6987, 38.73], [-122.6956, 38.7331], [-122.6942, 38.7319], [-122.6934, 38.7322], [-122.6919, 38.7302], [-122.6894, 38.7312], [-122.6879, 38.7311], [-122.6881, 38.7304], [-122.6861, 38.7294], [-122.6866, 38.7275], [-122.686, 38.7271], [-122.6838, 38.7276], [-122.6817, 38.7269], [-122.6815, 38.7255], [-122.6841, 38.7237], [-122.6833, 38.7226], [-122.6844, 38.7222], [-122.6834, 38.7219], [-122.6834, 38.7211], [-122.6843, 38.7204], [-122.6868, 38.7204], [-122.6886, 38.7215], [-122.6888, 38.7206], [-122.69, 38.7205], [-122.6889, 38.7182], [-122.6921, 38.716], [-122.6944, 38.7133], [-122.6921, 38.7114], [-122.6875, 38.7112], [-122.6865, 38.7099], [-122.6859, 38.7102], [-122.6819, 38.7077], [-122.6772, 38.7071], [-122.6762, 38.7058], [-122.6775, 38.7051], [-122.6767, 38.7044], [-122.675, 38.7041], [-122.674, 38.7047], [-122.6734, 38.7042], [-122.6745, 38.7023], [-122.6733, 38.7022], [-122.6733, 38.7014], [-122.6726, 38.7013], [-122.6701, 38.7016], [-122.6708, 38.7], [-122.6692, 38.6997], [-122.668, 38.6984], [-122.6708, 38.6937], [-122.6745, 38.6906], [-122.6739, 38.69], [-122.6744, 38.6892], [-122.6711, 38.6874], [-122.6694, 38.6881], [-122.6675, 38.6867], [-122.6636, 38.6872], [-122.6626, 38.6855], [-122.6607, 38.6848], [-122.6616, 38.6836], [-122.6605, 38.6825], [-122.6613, 38.6816], [-122.6594, 38.6816], [-122.6591, 38.6805], [-122.6565, 38.6791], [-122.659, 38.6795], [-122.6594, 38.6786], [-122.6604, 38.6792], [-122.6623, 38.6784], [-122.663, 38.6787], [-122.6623, 38.6776], [-122.6651, 38.6779], [-122.665, 38.6765], [-122.6674, 38.6742], [-122.6662, 38.6718], [-122.6674, 38.6712], [-122.6673, 38.6699], [-122.6689, 38.6678], [-122.667, 38.6663], [-122.6665, 38.6613], [-122.6655, 38.6609], [-122.6672, 38.6599], [-122.6651, 38.6582], [-122.6618, 38.6569], [-122.6612, 38.6554], [-122.6622, 38.6548], [-122.6602, 38.6536], [-122.6599, 38.6525], [-122.659, 38.6526], [-122.6592, 38.6535], [-122.6606, 38.6546], [-122.6595, 38.6554], [-122.6596, 38.6568], [-122.661, 38.6577], [-122.6604, 38.6581], [-122.659, 38.6566], [-122.6576, 38.6578], [-122.6558, 38.6562], [-122.6568, 38.6551], [-122.6562, 38.6541], [-122.6583, 38.6539], [-122.6581, 38.6522], [-122.6601, 38.6489], [-122.6565, 38.6453], [-122.657, 38.6434], [-122.6558, 38.6427], [-122.6607, 38.6427], [-122.663, 38.6413], [-122.6624, 38.6407], [-122.664, 38.6401], [-122.6638, 38.6379], [-122.6653, 38.6346], [-122.6661, 38.6343], [-122.6678, 38.6352], [-122.6686, 38.6365], [-122.67, 38.6361], [-122.671, 38.6342], [-122.6728, 38.6351], [-122.6757, 38.634], [-122.6763, 38.6335], [-122.6747, 38.6326], [-122.6729, 38.6332], [-122.673, 38.6321], [-122.6719, 38.6313], [-122.6764, 38.6294], [-122.6747, 38.6266], [-122.6749, 38.6247], [-122.6768, 38.6253], [-122.6784, 38.6251], [-122.6793, 38.6224], [-122.6803, 38.6221], [-122.6817, 38.623], [-122.681, 38.6241], [-122.6827, 38.6269], [-122.6892, 38.6251], [-122.6892, 38.6242], [-122.6919, 38.6242], [-122.6916, 38.6226], [-122.6924, 38.6215], [-122.6911, 38.6194], [-122.6929, 38.616], [-122.6927, 38.6136], [-122.6943, 38.6104], [-122.6961, 38.6087], [-122.6991, 38.6094], [-122.7029, 38.6074], [-122.7041, 38.6058], [-122.7034, 38.6053], [-122.703, 38.6058], [-122.7014, 38.6052], [-122.7006, 38.6057], [-122.7006, 38.6051], [-122.7033, 38.6037], [-122.7049, 38.6037], [-122.7037, 38.6022], [-122.7054, 38.602], [-122.7059, 38.6012], [-122.7027, 38.6013], [-122.7024, 38.6005], [-122.7071, 38.5998], [-122.7073, 38.5991], [-122.7061, 38.5983], [-122.7005, 38.5973], [-122.702, 38.5962], [-122.7041, 38.5972], [-122.7057, 38.5969], [-122.7071, 38.5979], [-122.7059, 38.5951], [-122.705, 38.5952], [-122.7045, 38.5947], [-122.7053, 38.5944], [-122.7041, 38.5933], [-122.7031, 38.5928], [-122.7016, 38.5933], [-122.7024, 38.591], [-122.7003, 38.5898], [-122.7022, 38.586], [-122.6977, 38.5821], [-122.6971, 38.5808], [-122.6997, 38.5811], [-122.7005, 38.5801], [-122.7051, 38.5814], [-122.7055, 38.5803], [-122.7017, 38.5758], [-122.7033, 38.5755], [-122.7016, 38.5734], [-122.7019, 38.5725], [-122.6984, 38.5719], [-122.6978, 38.5713], [-122.6986, 38.5692], [-122.7019, 38.5682], [-122.7021, 38.5662], [-122.7026, 38.5679], [-122.704, 38.5689], [-122.7062, 38.5662], [-122.7078, 38.5665], [-122.708, 38.5659], [-122.7093, 38.5657], [-122.7122, 38.5664], [-122.7135, 38.5675], [-122.7136, 38.571], [-122.7124, 38.5722], [-122.7164, 38.5696], [-122.7181, 38.5703], [-122.7193, 38.5717], [-122.7166, 38.5749], [-122.7217, 38.5737], [-122.727, 38.5642], [-122.7304, 38.5602], [-122.7305, 38.5579], [-122.7329, 38.5573], [-122.7369, 38.5548], [-122.7365, 38.5514], [-122.7372, 38.5498], [-122.7384, 38.5502], [-122.7396, 38.5498], [-122.7432, 38.5472], [-122.7432, 38.5466], [-122.7447, 38.5465], [-122.7467, 38.5436], [-122.7476, 38.5434], [-122.7466, 38.543], [-122.7467, 38.542], [-122.7491, 38.5412], [-122.7515, 38.5374], [-122.7559, 38.5347], [-122.7576, 38.5346], [-122.7596, 38.5325], [-122.763, 38.5327], [-122.7622, 38.5307], [-122.7638, 38.5297], [-122.7663, 38.5302], [-122.7678, 38.5297], [-122.7685, 38.5279], [-122.7691, 38.528], [-122.7692, 38.5303], [-122.7715, 38.5302], [-122.7711, 38.533], [-122.7676, 38.5332], [-122.767, 38.5316], [-122.7658, 38.5324], [-122.7681, 38.5368], [-122.7655, 38.5375], [-122.7686, 38.5391], [-122.7711, 38.5395], [-122.7712, 38.5413], [-122.7721, 38.5411], [-122.7727, 38.5423], [-122.7717, 38.5432], [-122.7727, 38.5433], [-122.7744, 38.5455], [-122.7721, 38.5478], [-122.7733, 38.5472], [-122.7751, 38.5475], [-122.7753, 38.5469], [-122.7767, 38.5493], [-122.777, 38.5472], [-122.7776, 38.5508], [-122.7783, 38.5501], [-122.7784, 38.5516], [-122.7796, 38.5513], [-122.7797, 38.5525], [-122.781, 38.5526], [-122.7804, 38.5538], [-122.7818, 38.5544], [-122.7811, 38.5552], [-122.7816, 38.5563], [-122.7833, 38.556], [-122.7839, 38.5567], [-122.7888, 38.5569], [-122.7888, 38.5597], [-122.7906, 38.5604], [-122.7934, 38.5586], [-122.7933, 38.5611], [-122.7969, 38.5621], [-122.796, 38.5652], [-122.7931, 38.5671], [-122.793, 38.5689], [-122.799, 38.5691], [-122.8005, 38.5669], [-122.8026, 38.5658], [-122.8028, 38.5668], [-122.8049, 38.5677], [-122.8063, 38.5681], [-122.8085, 38.5674], [-122.8087, 38.5692], [-122.812, 38.5693], [-122.8126, 38.5727], [-122.8139, 38.5746], [-122.8142, 38.5734], [-122.8153, 38.5767], [-122.8163, 38.5761], [-122.816, 38.5749], [-122.8173, 38.5759], [-122.8167, 38.5767], [-122.8206, 38.577], [-122.8224, 38.576], [-122.8241, 38.5763], [-122.8304, 38.5743], [-122.8289, 38.5755], [-122.8308, 38.5771], [-122.8271, 38.5811], [-122.828, 38.5816], [-122.8279, 38.5822], [-122.8273, 38.5818], [-122.8251, 38.5833], [-122.8262, 38.5833], [-122.8261, 38.5841], [-122.8268, 38.5844], [-122.8293, 38.5842], [-122.8294, 38.5849], [-122.8247, 38.5862], [-122.8269, 38.5867], [-122.8257, 38.5876], [-122.827, 38.5883], [-122.8263, 38.5912], [-122.8269, 38.5908], [-122.8287, 38.5902], [-122.8286, 38.5918], [-122.8296, 38.5926], [-122.8303, 38.5921], [-122.83, 38.5937], [-122.8331, 38.5953], [-122.8332, 38.5945], [-122.8359, 38.5947], [-122.8354, 38.5976], [-122.8339, 38.5984], [-122.8347, 38.5993], [-122.8355, 38.5992], [-122.8368, 38.6009], [-122.8359, 38.6013], [-122.8348, 38.6038], [-122.8355, 38.604], [-122.8363, 38.6032], [-122.8369, 38.6044], [-122.8364, 38.6052], [-122.8375, 38.6049], [-122.84, 38.6065], [-122.8392, 38.6072], [-122.8368, 38.6068], [-122.8358, 38.6093], [-122.8351, 38.6084], [-122.8327, 38.6101], [-122.8299, 38.6094], [-122.8277, 38.6102], [-122.8289, 38.6116], [-122.8283, 38.6128], [-122.8246, 38.6141], [-122.8242, 38.6153], [-122.8249, 38.6158], [-122.8229, 38.6161], [-122.8236, 38.6175], [-122.8229, 38.618], [-122.8217, 38.6176], [-122.8208, 38.6187], [-122.8187, 38.6182], [-122.8158, 38.6194], [-122.8142, 38.6182], [-122.8122, 38.6181], [-122.8116, 38.6172], [-122.8094, 38.6175], [-122.8082, 38.6187], [-122.814, 38.6243], [-122.8214, 38.6291], [-122.8245, 38.6342], [-122.8239, 38.635], [-122.825, 38.6359], [-122.8241, 38.6382], [-122.8218, 38.6386], [-122.8203, 38.6376], [-122.809, 38.6403], [-122.8071, 38.6382], [-122.8052, 38.639], [-122.8032, 38.6364], [-122.8017, 38.6357], [-122.8044, 38.6335], [-122.8016, 38.6326], [-122.8001, 38.6291], [-122.7973, 38.629], [-122.7974, 38.6282], [-122.7951, 38.6274], [-122.795, 38.6261], [-122.7922, 38.6265], [-122.791, 38.6261], [-122.7909, 38.6248], [-122.789, 38.625], [-122.7887, 38.6231], [-122.7875, 38.6232], [-122.7871, 38.6219], [-122.7853, 38.6216], [-122.7886, 38.6259], [-122.7884, 38.6283], [-122.7876, 38.6294], [-122.7876, 38.6283], [-122.7859, 38.6278], [-122.7859, 38.6271], [-122.7822, 38.6266], [-122.7808, 38.627], [-122.7823, 38.6276], [-122.7825, 38.6307], [-122.7841, 38.6326], [-122.7818, 38.6342], [-122.7815, 38.6367], [-122.7858, 38.6403], [-122.7897, 38.6426], [-122.7955, 38.6447], [-122.7964, 38.6444], [-122.7964, 38.6459], [-122.7923, 38.6474], [-122.7893, 38.6468], [-122.787, 38.6475], [-122.7858, 38.6469], [-122.7838, 38.6483], [-122.7806, 38.648], [-122.7783, 38.6505], [-122.7802, 38.6521], [-122.7842, 38.6536], [-122.7863, 38.6559], [-122.788, 38.6567], [-122.7872, 38.6575], [-122.7891, 38.6581], [-122.7874, 38.6594], [-122.7884, 38.662], [-122.7893, 38.6609], [-122.7929, 38.6604], [-122.7938, 38.661], [-122.7941, 38.6633], [-122.7951, 38.6626], [-122.7955, 38.6631], [-122.7959, 38.6656], [-122.7974, 38.6674], [-122.7983, 38.6669], [-122.7987, 38.6674], [-122.7984, 38.6668], [-122.7999, 38.6666], [-122.8017, 38.6677], [-122.8015, 38.6683], [-122.7997, 38.6678], [-122.7966, 38.6695], [-122.7968, 38.6713], [-122.7978, 38.6719], [-122.7978, 38.6736], [-122.7991, 38.6753], [-122.8029, 38.6729], [-122.8021, 38.6751], [-122.8007, 38.6751], [-122.8007, 38.676], [-122.8046, 38.6786], [-122.8011, 38.6788], [-122.8012, 38.6797], [-122.8019, 38.6816], [-122.8047, 38.6831], [-122.8042, 38.6845], [-122.8048, 38.6858], [-122.8064, 38.6851], [-122.8073, 38.6854], [-122.8114, 38.6887], [-122.813, 38.688], [-122.8178, 38.6911], [-122.8232, 38.6927], [-122.8238, 38.6932], [-122.8175, 38.6935], [-122.8226, 38.6955], [-122.8262, 38.695], [-122.8267, 38.6933], [-122.8317, 38.6918], [-122.833, 38.6923], [-122.8364, 38.6901], [-122.8403, 38.6909], [-122.841, 38.6883], [-122.8453, 38.6889], [-122.8425, 38.6923], [-122.8444, 38.6915], [-122.8464, 38.6918], [-122.8458, 38.6922], [-122.8472, 38.6932], [-122.8491, 38.6922], [-122.8529, 38.6935], [-122.8531, 38.6944], [-122.852, 38.6947], [-122.8546, 38.6967], [-122.8545, 38.699], [-122.8576, 38.702], [-122.8574, 38.703], [-122.8556, 38.7031], [-122.853, 38.7054], [-122.8536, 38.7059], [-122.8563, 38.7067], [-122.8561, 38.7058], [-122.8577, 38.707], [-122.8614, 38.7076], [-122.8634, 38.7074], [-122.8649, 38.7088], [-122.8648, 38.7095], [-122.8663, 38.7095], [-122.867, 38.7105], [-122.8692, 38.7092], [-122.8699, 38.7096], [-122.8722, 38.7075], [-122.8741, 38.7071], [-122.8757, 38.7092], [-122.881, 38.7114], [-122.8811, 38.7122], [-122.8836, 38.7101], [-122.8846, 38.7148], [-122.8838, 38.7169], [-122.8811, 38.7187], [-122.881, 38.7204], [-122.8841, 38.7207], [-122.8865, 38.7192], [-122.891, 38.7191], [-122.891, 38.721], [-122.8876, 38.722], [-122.8873, 38.7245], [-122.8866, 38.7249], [-122.8875, 38.7257], [-122.8883, 38.7252], [-122.8907, 38.7256], [-122.8948, 38.7284], [-122.896, 38.7279], [-122.8971, 38.7302], [-122.897, 38.7319], [-122.8944, 38.7343], [-122.8889, 38.7352], [-122.8862, 38.7375], [-122.8851, 38.7389], [-122.8854, 38.7406], [-122.8842, 38.7429], [-122.8825, 38.7427], [-122.881, 38.7443], [-122.8786, 38.7448], [-122.8781, 38.7484], [-122.8788, 38.7487], [-122.8772, 38.7486], [-122.878, 38.7501], [-122.8768, 38.7506], [-122.8756, 38.7537], [-122.8766, 38.7533], [-122.8775, 38.754], [-122.8762, 38.7558], [-122.8753, 38.7559], [-122.874, 38.7546], [-122.8732, 38.755], [-122.8738, 38.7572], [-122.8703, 38.7599], [-122.8651, 38.7625], [-122.8607, 38.7658], [-122.8557, 38.7675], [-122.8509, 38.7681], [-122.8491, 38.7697], [-122.851, 38.7712], [-122.848, 38.7705], [-122.8476, 38.7718], [-122.8463, 38.7712], [-122.8461, 38.7728], [-122.8431, 38.7729], [-122.8433, 38.7736], [-122.8423, 38.7741], [-122.8426, 38.7757], [-122.8413, 38.776], [-122.841, 38.7751], [-122.8405, 38.7754], [-122.8416, 38.7812], [-122.8402, 38.783], [-122.8391, 38.7827], [-122.8381, 38.7833], [-122.8391, 38.7839], [-122.839, 38.785], [-122.8457, 38.7855], [-122.851, 38.7877], [-122.8543, 38.7875], [-122.8563, 38.7892], [-122.8561, 38.7902], [-122.8576, 38.7902], [-122.8556, 38.7952], [-122.8549, 38.7952], [-122.8538, 38.7971], [-122.8525, 38.7964], [-122.8517, 38.7972], [-122.8498, 38.7968], [-122.8483, 38.7974], [-122.8454, 38.7974], [-122.8445, 38.7968], [-122.8393, 38.7972], [-122.8337, 38.7939], [-122.8293, 38.7922], [-122.8274, 38.7942], [-122.8244, 38.7943], [-122.8233, 38.7953], [-122.8226, 38.7987], [-122.8247, 38.7978], [-122.8258, 38.799], [-122.829, 38.7989], [-122.8245, 38.8011], [-122.8196, 38.8012], [-122.8172, 38.7996], [-122.8161, 38.8003], [-122.8135, 38.7997], [-122.8107, 38.7999], [-122.8049, 38.7989], [-122.8023, 38.7976], [-122.8055, 38.8012], [-122.805, 38.8021], [-122.8057, 38.8037], [-122.8071, 38.8039], [-122.8083, 38.8031], [-122.8096, 38.8037], [-122.8101, 38.8048], [-122.8085, 38.8044], [-122.8081, 38.8058], [-122.8092, 38.8059], [-122.8102, 38.8083], [-122.8148, 38.8088], [-122.8162, 38.8097], [-122.8155, 38.8107], [-122.8135, 38.8105], [-122.8103, 38.8119], [-122.8115, 38.8142], [-122.8092, 38.8143], [-122.8085, 38.8159]], [[-122.8341, 38.7713], [-122.8363, 38.7709], [-122.8392, 38.7686], [-122.841, 38.7681], [-122.8454, 38.7688], [-122.847, 38.7642], [-122.8499, 38.7612], [-122.8505, 38.7597], [-122.85, 38.7554], [-122.848, 38.7547], [-122.8466, 38.7551], [-122.8464, 38.7544], [-122.8448, 38.755], [-122.8445, 38.7537], [-122.8455, 38.7535], [-122.8454, 38.7526], [-122.8433, 38.7524], [-122.8437, 38.7516], [-122.8463, 38.7515], [-122.8455, 38.7487], [-122.8412, 38.7507], [-122.8404, 38.7499], [-122.8373, 38.7515], [-122.8353, 38.7506], [-122.8321, 38.7537], [-122.832, 38.756], [-122.8306, 38.7577], [-122.8278, 38.76], [-122.8289, 38.7638], [-122.8264, 38.7639], [-122.8252, 38.7654], [-122.8199, 38.7669], [-122.8199, 38.7687], [-122.8253, 38.7748], [-122.8294, 38.7754], [-122.8314, 38.7746], [-122.8341, 38.7713]]]]}, "properties": {"layer": "perimeter"}}, {"type": "Feature", "geometry": {"type": "MultiPolygon", "coordinates": [[[[-122.814, 38.5675], [-122.8132, 38.5673], [-122.8141, 38.5654], [-122.814, 38.5675]]], [[[-122.8261, 38.5749], [-122.8258, 38.5726], [-122.8278, 38.5738], [-122.8286, 38.5731], [-122.8288, 38.5742], [-122.8261, 38.5749]]], [[[-122.8085, 38.8159], [-122.8038, 38.815], [-122.8015, 38.8135], [-122.7997, 38.8135], [-122.7987, 38.8142], [-122.7977, 38.8136], [-122.7977, 38.8117], [-122.7964, 38.8111], [-122.7912, 38.812], [-122.7889, 38.8116], [-122.7877, 38.8123], [-122.785, 38.8125], [-122.785, 38.8118], [-122.7818, 38.8137], [-122.7807, 38.8134], [-122.7796, 38.8143], [-122.7759, 38.8147], [-122.7748, 38.8142], [-122.7749, 38.8127], [-122.7705, 38.8109], [-122.7691, 38.8072], [-122.7652, 38.8039], [-122.7638, 38.8036], [-122.7647, 38.8006], [-122.7623, 38.8006], [-122.7632, 38.7985], [-122.7611, 38.7972], [-122.7597, 38.7953], [-122.7623, 38.7956], [-122.7689, 38.7983], [-122.7713, 38.7972], [-122.7626, 38.7947], [-122.7604, 38.7892], [-122.7618, 38.7879], [-122.7607, 38.7873], [-122.761, 38.7865], [-122.7621, 38.787], [-122.7645, 38.7854], [-122.7671, 38.7851], [-122.7669, 38.7841], [-122.7679, 38.7842], [-122.7697, 38.783], [-122.773, 38.7796], [-122.7738, 38.7799], [-122.7729, 38.7772], [-122.7716, 38.7764], [-122.7679, 38.776], [-122.7687, 38.775], [-122.7716, 38.7755], [-122.7732, 38.7712], [-122.7723, 38.7695], [-122.7758, 38.7705], [-122.777, 38.7692], [-122.7717, 38.7675], [-122.7639, 38.7638], [-122.7604, 38.7635], [-122.7597, 38.7614], [-122.7531, 38.7583], [-122.7474, 38.7465], [-122.7487, 38.7458], [-122.7486, 38.7428], [-122.7434, 38.7426], [-122.7434, 38.7354], [-122.7388, 38.7356], [-122.7388, 38.7365], [-122.7411, 38.7364], [-122.7411, 38.7373], [-122.7387, 38.7374], [-122.7387, 38.7393], [-122.7346, 38.7395], [-122.7339, 38.7393], [-122.734, 38.7377], [-122.7352, 38.7376], [-122.7353, 38.7357], [-122.7271, 38.7358], [-122.7223, 38.7351], [-122.7204, 38.7365], [-122.7173, 38.7368], [-122.7167, 38.7358], [-122.713, 38.7345], [-122.7111, 38.7347], [-122.7098, 38.7332], [-122.7073, 38.7327], [-122.7036, 38.7335], [-122.7003, 38.73], [-122.6987, 38.73], [-122.6956, 38.7331], [-122.6942, 38.7319], [-122.6934, 38.7322], [-122.6919, 38.7302], [-122.6892, 38.7312], [-122.6904, 38.7299], [-122.686, 38.7271], [-122.6838, 38.7276], [-122.6817, 38.7269], [-122.6815, 38.7255], [-122.6841, 38.7237], [-122.6833, 38.7226], [-122.6844, 38.7222], [-122.6834, 38.7219], [-122.6834, 38.7211], [-122.6843, 38.7204], [-122.6868, 38.7204], [-122.6886, 38.7215], [-122.6888, 38.7206], [-122.69, 38.7205], [-122.6889, 38.7182], [-122.6894, 38.7176], [-122.692, 38.7176], [-122.6929, 38.7167], [-122.6929, 38.7153], [-122.6944, 38.7133], [-122.6928, 38.712], [-122.6928, 38.7105], [-122.6973, 38.7104], [-122.6973, 38.7141], [-122.7066, 38.7141], [-122.7066, 38.7104], [-122.702, 38.7104], [-122.702, 38.7067], [-122.6972, 38.7067], [-122.6973, 38.7032], [-122.6881, 38.7031], [-122.6881, 38.6996], [-122.6821, 38.6995], [-122.6819, 38.696], [-122.6774, 38.6958], [-122.6774, 38.6923], [-122.6729, 38.6923], [-122.673, 38.6957], [-122.6695, 38.6957], [-122.6708, 38.6937], [-122.6745, 38.6906], [-122.6739, 38.69], [-122.6744, 38.6892], [-122.6711, 38.6874], [-122.6694, 38.6881], [-122.6675, 38.6867], [-122.6636, 38.6872], [-122.6626, 38.6855], [-122.6607, 38.6848], [-122.6616, 38.6836], [-122.6605, 38.6825], [-122.6613, 38.6816], [-122.6594, 38.6816], [-122.6591, 38.6805], [-122.6565, 38.6791], [-122.659, 38.6795], [-122.6594, 38.6786], [-122.6604, 38.6792], [-122.6623, 38.6784], [-122.663, 38.6787], [-122.6623, 38.6776], [-122.6651, 38.6779], [-122.665, 38.6765], [-122.6674, 38.6742], [-122.6662, 38.6718], [-122.6674, 38.6712], [-122.6673, 38.6699], [-122.6689, 38.6678], [-122.667, 38.6663], [-122.6665, 38.6613], [-122.6655, 38.6609], [-122.6672, 38.6599], [-122.6651, 38.6582], [-122.6618, 38.6569], [-122.6612, 38.6554], [-122.6622, 38.6548], [-122.6602, 38.6536], [-122.6599, 38.6525], [-122.659, 38.6526], [-122.6592, 38.6535], [-122.6606, 38.6546], [-122.6595, 38.6554], [-122.6596, 38.6568], [-122.661, 38.6577], [-122.6604, 38.6581], [-122.659, 38.6566], [-122.6576, 38.6578], [-122.6558, 38.6562], [-122.6568, 38.6551], [-122.6562, 38.6541], [-122.6583, 38.6539], [-122.6581, 38.6522], [-122.6601, 38.6489], [-122.6565, 38.6453], [-122.657, 38.6434], [-122.6558, 38.6427], [-122.6607, 38.6427], [-122.663, 38.6413], [-122.6624, 38.6407], [-122.664, 38.6401], [-122.6638, 38.6379], [-122.6653, 38.6346], [-122.6661, 38.6343], [-122.6678, 38.6352], [-122.6686, 38.6365], [-122.67, 38.6361], [-122.671, 38.6342], [-122.6728, 38.6351], [-122.6757, 38.634], [-122.6763, 38.6335], [-122.6747, 38.6326], [-122.6729, 38.6332], [-122.673, 38.6321], [-122.6719, 38.6313], [-122.6764, 38.6294], [-122.6747, 38.6266], [-122.6749, 38.6247], [-122.6768, 38.6253], [-122.6784, 38.6251], [-122.6793, 38.6224], [-122.6803, 38.6221], [-122.6817, 38.623], [-122.681, 38.6241], [-122.6827, 38.6269], [-122.6892, 38.6251], [-122.6892, 38.6242], [-122.6919, 38.6242], [-122.6916, 38.6226], [-122.6924, 38.6215], [-122.6911, 38.6194], [-122.6929, 38.616], [-122.6927, 38.6136], [-122.6943, 38.6104], [-122.6961, 38.6087], [-122.6991, 38.6094], [-122.7029, 38.6074], [-122.7041, 38.6058], [-122.7034, 38.6053], [-122.703, 38.6058], [-122.7014, 38.6052], [-122.7006, 38.6057], [-122.7006, 38.6051], [-122.7033, 38.6037], [-122.7049, 38.6037], [-122.7037, 38.6022], [-122.7054, 38.602], [-122.7059, 38.6012], [-122.7027, 38.6013], [-122.7024, 38.6005], [-122.7071, 38.5998], [-122.7073, 38.5991], [-122.7061, 38.5983], [-122.7005, 38.5973], [-122.702, 38.5962], [-122.7041, 38.5972], [-122.7057, 38.5969], [-122.7071, 38.5979], [-122.7059, 38.5951], [-122.705, 38.5952], [-122.7045, 38.5947], [-122.7053, 38.5944], [-122.7041, 38.5933], [-122.7031, 38.5928], [-122.7016, 38.5933], [-122.7024, 38.591], [-122.7003, 38.5898], [-122.7022, 38.586], [-122.6977, 38.5821], [-122.6971, 38.5808], [-122.6997, 38.5811], [-122.7005, 38.5801], [-122.7051, 38.5814], [-122.7055, 38.5803], [-122.7017, 38.5758], [-122.7033, 38.5755], [-122.7016, 38.5734], [-122.7019, 38.5725], [-122.6984, 38.5719], [-122.6978, 38.5713], [-122.6986, 38.5692], [-122.7019, 38.5682], [-122.7021, 38.5662], [-122.7026, 38.5679], [-122.704, 38.5689], [-122.7062, 38.5662], [-122.7078, 38.5665], [-122.708, 38.5659], [-122.7093, 38.5657], [-122.7122, 38.5664], [-122.7135, 38.5675], [-122.7136, 38.571], [-122.7124, 38.5722], [-122.7164, 38.5696], [-122.7181, 38.5703], [-122.7193, 38.5717], [-122.7166, 38.5749], [-122.7217, 38.5737], [-122.727, 38.5642], [-122.7304, 38.5602], [-122.7305, 38.5579], [-122.7329, 38.5573], [-122.7369, 38.5548], [-122.7365, 38.5514], [-122.7372, 38.5498], [-122.7384, 38.5502], [-122.7396, 38.5498], [-122.7432, 38.5472], [-122.7432, 38.5466], [-122.7447, 38.5465], [-122.7467, 38.5436], [-122.7476, 38.5434], [-122.7466, 38.543], [-122.7467, 38.542], [-122.7491, 38.5412], [-122.751, 38.5377], [-122.7534, 38.536], [-122.7559, 38.5347], [-122.7576, 38.5346], [-122.7596, 38.5325], [-122.763, 38.5327], [-122.7622, 38.5307], [-122.7638, 38.5297], [-122.7651, 38.5299], [-122.7651, 38.532], [-122.768, 38.5369], [-122.7655, 38.5375], [-122.7686, 38.5391], [-122.7711, 38.5395], [-122.7712, 38.5413], [-122.7721, 38.5411], [-122.7727, 38.5423], [-122.7717, 38.5432], [-122.7727, 38.5433], [-122.7744, 38.5455], [-122.7721, 38.5478], [-122.7733, 38.5472], [-122.7751, 38.5475], [-122.7753, 38.5469], [-122.7762, 38.5493], [-122.7771, 38.5494], [-122.7782, 38.5515], [-122.7794, 38.5514], [-122.7795, 38.555], [-122.7811, 38.555], [-122.782, 38.5566], [-122.7833, 38.556], [-122.7839, 38.5567], [-122.785, 38.5564], [-122.7869, 38.5571], [-122.7869, 38.5588], [-122.7826, 38.5588], [-122.7826, 38.5621], [-122.7847, 38.5621], [-122.7839, 38.5631], [-122.7837, 38.5659], [-122.7947, 38.566], [-122.793, 38.5674], [-122.793, 38.5689], [-122.7938, 38.5692], [-122.7943, 38.5686], [-122.799, 38.5691], [-122.8005, 38.5669], [-122.8026, 38.5658], [-122.8028, 38.5668], [-122.8049, 38.5677], [-122.8063, 38.5681], [-122.8085, 38.5674], [-122.8087, 38.5692], [-122.812, 38.5693], [-122.8098, 38.5709], [-122.8125, 38.5728], [-122.8132, 38.5743], [-122.8117, 38.5744], [-122.8082, 38.5763], [-122.8095, 38.5774], [-122.8092, 38.5787], [-122.8116, 38.5786], [-122.8119, 38.58], [-122.8132, 38.5797], [-122.8128, 38.5807], [-122.8154, 38.5816], [-122.8157, 38.5825], [-122.8165, 38.5822], [-122.8165, 38.5795], [-122.8145, 38.5768], [-122.8258, 38.5768], [-122.8261, 38.5754], [-122.8304, 38.5743], [-122.8289, 38.5755], [-122.8308, 38.5771], [-122.8271, 38.5811], [-122.828, 38.5816], [-122.8279, 38.5822], [-122.8273, 38.5818], [-122.8251, 38.5833], [-122.8262, 38.5835], [-122.8256, 38.5859], [-122.8247, 38.5862], [-122.8256, 38.5867], [-122.8262, 38.5914], [-122.8286, 38.5913], [-122.8296, 38.5926], [-122.8303, 38.5921], [-122.83, 38.5937], [-122.8331, 38.5953], [-122.8332, 38.5945], [-122.8359, 38.5947], [-122.8354, 38.5976], [-122.8339, 38.5984], [-122.8347, 38.5993], [-122.8355, 38.5992], [-122.8368, 38.6009], [-122.8359, 38.6013], [-122.8348, 38.6038], [-122.8355, 38.604], [-122.8363, 38.6032], [-122.8369, 38.6044], [-122.8364, 38.6052], [-122.8375, 38.6049], [-122.84, 38.6065], [-122.8392, 38.6072], [-122.8368, 38.6068], [-122.8358, 38.6093], [-122.8351, 38.6084], [-122.8327, 38.6101], [-122.8299, 38.6094], [-122.8277, 38.6102], [-122.8289, 38.6116], [-122.8283, 38.6128], [-122.8246, 38.6141], [-122.8242, 38.6153], [-122.8249, 38.6158], [-122.8229, 38.6161], [-122.8236, 38.6175], [-122.8229, 38.618], [-122.8217, 38.6176], [-122.8208, 38.6187], [-122.8187, 38.6182], [-122.8158, 38.6194], [-122.8142, 38.6182], [-122.8122, 38.6181], [-122.8116, 38.6172], [-122.8094, 38.6175], [-122.8084, 38.6184], [-122.8083, 38.6191], [-122.814, 38.6243], [-122.8214, 38.6291], [-122.8245, 38.6342], [-122.8239, 38.635], [-122.825, 38.6359], [-122.8241, 38.6382], [-122.8218, 38.6386], [-122.8203, 38.6376], [-122.809, 38.6403], [-122.8071, 38.6382], [-122.8052, 38.639], [-122.8032, 38.6364], [-122.8017, 38.6357], [-122.8044, 38.6335], [-122.8017, 38.6327], [-122.8001, 38.6291], [-122.7973, 38.629], [-122.7974, 38.6282], [-122.7951, 38.6274], [-122.795, 38.6261], [-122.7922, 38.6265], [-122.791, 38.6261], [-122.7909, 38.6248], [-122.789, 38.625], [-122.7887, 38.6231], [-122.7875, 38.6232], [-122.7871, 38.6219], [-122.7854, 38.6215], [-122.7856, 38.617], [-122.7841, 38.6138], [-122.7848, 38.6123], [-122.7836, 38.6084], [-122.7843, 38.6071], [-122.7827, 38.6055], [-122.7765, 38.6045], [-122.7749, 38.6096], [-122.7725, 38.6103], [-122.7712, 38.6114], [-122.7711, 38.6098], [-122.7681, 38.6095], [-122.767, 38.6106], [-122.7623, 38.6119], [-122.7607, 38.6131], [-122.7614, 38.6146], [-122.7635, 38.6142], [-122.7637, 38.6169], [-122.765, 38.6183], [-122.7689, 38.6161], [-122.7718, 38.6174], [-122.773, 38.6166], [-122.7742, 38.6195], [-122.7736, 38.6217], [-122.7721, 38.6226], [-122.7716, 38.6241], [-122.7698, 38.6242], [-122.7676, 38.6283], [-122.766, 38.6292], [-122.7629, 38.6335], [-122.7639, 38.6342], [-122.762, 38.6361], [-122.7635, 38.637], [-122.7641, 38.639], [-122.7665, 38.6394], [-122.7674, 38.6385], [-122.7719, 38.6397], [-122.7766, 38.6434], [-122.7816, 38.64], [-122.7835, 38.6402], [-122.788, 38.6432], [-122.7962, 38.6452], [-122.7958, 38.6464], [-122.7923, 38.6474], [-122.7893, 38.6468], [-122.7872, 38.6474], [-122.7858, 38.6469], [-122.7838, 38.6483], [-122.7799, 38.6477], [-122.7776, 38.6498], [-122.7751, 38.6488], [-122.7733, 38.6498], [-122.7798, 38.6546], [-122.7812, 38.6537], [-122.7835, 38.6534], [-122.7849, 38.6541], [-122.7862, 38.6565], [-122.7879, 38.6568], [-122.7872, 38.6575], [-122.7874, 38.6597], [-122.7884, 38.662], [-122.7896, 38.6608], [-122.7917, 38.6603], [-122.7937, 38.6611], [-122.7947, 38.6658], [-122.7938, 38.6664], [-122.7953, 38.6684], [-122.7973, 38.6675], [-122.7971, 38.669], [-122.7951, 38.6696], [-122.7946, 38.6706], [-122.798, 38.6732], [-122.7988, 38.6752], [-122.8015, 38.6774], [-122.803, 38.6771], [-122.8046, 38.6786], [-122.8011, 38.6788], [-122.8019, 38.6816], [-122.8047, 38.6831], [-122.8042, 38.6845], [-122.8048, 38.6858], [-122.8064, 38.6851], [-122.8073, 38.6854], [-122.8111, 38.6887], [-122.813, 38.688], [-122.8178, 38.6911], [-122.8238, 38.6932], [-122.8175, 38.6935], [-122.8191, 38.6946], [-122.8226, 38.6955], [-122.8262, 38.695], [-122.8267, 38.6933], [-122.829, 38.6927], [-122.8322, 38.6938], [-122.8328, 38.6961], [-122.8308, 38.6978], [-122.8369, 38.7019], [-122.8378, 38.701], [-122.8362, 38.6997], [-122.839, 38.7009], [-122.8406, 38.698], [-122.8425, 38.6965], [-122.8357, 38.693], [-122.8348, 38.6913], [-122.836, 38.6907], [-122.8376, 38.6916], [-122.8386, 38.6908], [-122.8403, 38.6909], [-122.8403, 38.689], [-122.8427, 38.6892], [-122.8428, 38.69], [-122.8438, 38.6899], [-122.8444, 38.6888], [-122.8453, 38.6889], [-122.8425, 38.6923], [-122.8444, 38.6915], [-122.8464, 38.6918], [-122.8458, 38.6922], [-122.8472, 38.6932], [-122.8491, 38.6922], [-122.8511, 38.6929], [-122.8529, 38.6935], [-122.8531, 38.6944], [-122.852, 38.6947], [-122.8546, 38.6967], [-122.8543, 38.6982], [-122.853, 38.6989], [-122.8545, 38.7043], [-122.853, 38.7054], [-122.8536, 38.7059], [-122.8563, 38.7067], [-122.8561, 38.7058], [-122.8577, 38.707], [-122.8614, 38.7076], [-122.8634, 38.7074], [-122.8649, 38.7088], [-122.8648, 38.7095], [-122.8663, 38.7095], [-122.867, 38.7105], [-122.8741, 38.7071], [-122.8757, 38.7092], [-122.8794, 38.7111], [-122.8773, 38.7125], [-122.8782, 38.7138], [-122.8769, 38.7142], [-122.8789, 38.7152], [-122.8776, 38.7167], [-122.8788, 38.7173], [-122.8787, 38.7189], [-122.8803, 38.719], [-122.88, 38.7203], [-122.885, 38.721], [-122.887, 38.7227], [-122.8873, 38.7244], [-122.8866, 38.7249], [-122.8875, 38.7257], [-122.8897, 38.7253], [-122.8948, 38.7284], [-122.896, 38.7279], [-122.8971, 38.7302], [-122.897, 38.7319], [-122.8944, 38.7343], [-122.8889, 38.7352], [-122.8862, 38.7375], [-122.8851, 38.7389], [-122.8854, 38.7406], [-122.8842, 38.7429], [-122.8825, 38.7427], [-122.881, 38.7443], [-122.8786, 38.7448], [-122.8781, 38.7484], [-122.8788, 38.7487], [-122.8772, 38.7486], [-122.878, 38.7501], [-122.8768, 38.7506], [-122.8756, 38.7537], [-122.8766, 38.7533], [-122.8775, 38.754], [-122.8762, 38.7558], [-122.8753, 38.7559], [-122.874, 38.7546], [-122.8732, 38.755], [-122.8738, 38.7572], [-122.8703, 38.7599], [-122.8651, 38.7625], [-122.8607, 38.7658], [-122.8557, 38.7675], [-122.8509, 38.7681], [-122.8491, 38.7697], [-122.851, 38.7712], [-122.848, 38.7705], [-122.8476, 38.7718], [-122.8463, 38.7712], [-122.8461, 38.7728], [-122.8431, 38.7729], [-122.8433, 38.7736], [-122.8423, 38.7741], [-122.8426, 38.7757], [-122.8413, 38.776], [-122.841, 38.7751], [-122.8405, 38.7754], [-122.8416, 38.7812], [-122.8402, 38.783], [-122.8391, 38.7827], [-122.8381, 38.7833], [-122.8391, 38.7839], [-122.839, 38.785], [-122.8457, 38.7855], [-122.851, 38.7877], [-122.8543, 38.7875], [-122.8563, 38.7892], [-122.8561, 38.7902], [-122.8576, 38.7902], [-122.8556, 38.7952], [-122.8549, 38.7952], [-122.8538, 38.7971], [-122.8525, 38.7964], [-122.8517, 38.7972], [-122.8498, 38.7968], [-122.8483, 38.7974], [-122.8454, 38.7974], [-122.8445, 38.7968], [-122.8393, 38.7972], [-122.8337, 38.7939], [-122.8293, 38.7922], [-122.8274, 38.7942], [-122.8244, 38.7943], [-122.8233, 38.7953], [-122.8226, 38.7987], [-122.8247, 38.7978], [-122.8258, 38.799], [-122.829, 38.7989], [-122.8245, 38.8011], [-122.8196, 38.8012], [-122.8172, 38.7996], [-122.8161, 38.8003], [-122.8135, 38.7997], [-122.8107, 38.7999], [-122.8049, 38.7989], [-122.8023, 38.7976], [-122.8055, 38.8012], [-122.805, 38.8021], [-122.8057, 38.8037], [-122.8071, 38.8039], [-122.8083, 38.8031], [-122.8096, 38.8037], [-122.8101, 38.8048], [-122.8085, 38.8044], [-122.8081, 38.8058], [-122.8092, 38.8059], [-122.8102, 38.8083], [-122.8148, 38.8088], [-122.8162, 38.8097], [-122.8155, 38.8107], [-122.8135, 38.8105], [-122.8103, 38.8119], [-122.8115, 38.8142], [-122.8092, 38.8143], [-122.8085, 38.8159]], [[-122.6973, 38.7141], [-122.6956, 38.7142], [-122.6954, 38.7156], [-122.6976, 38.7191], [-122.6964, 38.7211], [-122.6981, 38.7237], [-122.7029, 38.7259], [-122.7044, 38.7243], [-122.6976, 38.7215], [-122.7019, 38.7214], [-122.7019, 38.7177], [-122.6974, 38.7177], [-122.6973, 38.7141]], [[-122.8363, 38.7709], [-122.8392, 38.7686], [-122.841, 38.7681], [-122.8454, 38.7688], [-122.847, 38.7642], [-122.8505, 38.7597], [-122.85, 38.7554], [-122.848, 38.7547], [-122.8466, 38.7551], [-122.8464, 38.7544], [-122.8448, 38.755], [-122.8445, 38.7537], [-122.8455, 38.7535], [-122.8454, 38.7526], [-122.8433, 38.7524], [-122.8437, 38.7516], [-122.8463, 38.7515], [-122.8455, 38.7487], [-122.8412, 38.7507], [-122.8404, 38.7499], [-122.8373, 38.7515], [-122.8353, 38.7506], [-122.8321, 38.7537], [-122.832, 38.756], [-122.8306, 38.7577], [-122.8278, 38.76], [-122.8289, 38.7638], [-122.8264, 38.7639], [-122.8252, 38.7654], [-122.8199, 38.7669], [-122.8199, 38.7687], [-122.8253, 38.7748], [-122.8294, 38.7754], [-122.8314, 38.7746], [-122.8332, 38.7717], [-122.8363, 38.7709]], [[-122.6685, 38.6641], [-122.6731, 38.6641], [-122.6732, 38.6641], [-122.6685, 38.6622], [-122.6685, 38.6641]], [[-122.7021, 38.7274], [-122.6994, 38.7259], [-122.6975, 38.7252], [-122.6975, 38.7269], [-122.7021, 38.7279], [-122.7021, 38.7274]], [[-122.7054, 38.7258], [-122.7067, 38.7246], [-122.7067, 38.7235], [-122.7046, 38.7266], [-122.706, 38.7272], [-122.7047, 38.7285], [-122.7053, 38.7287], [-122.7057, 38.7277], [-122.7093, 38.7285], [-122.7096, 38.7282], [-122.7054, 38.7258]], [[-122.7108, 38.7274], [-122.7158, 38.7245], [-122.7189, 38.7279], [-122.7168, 38.729], [-122.7154, 38.7284], [-122.7144, 38.7299], [-122.7157, 38.7304], [-122.7148, 38.7326], [-122.7136, 38.7331], [-122.7148, 38.7341], [-122.716, 38.7333], [-122.7158, 38.7321], [-122.7196, 38.7336], [-122.7204, 38.7322], [-122.7249, 38.7339], [-122.7258, 38.7326], [-122.7249, 38.7322], [-122.7249, 38.7213], [-122.7204, 38.7213], [-122.7204, 38.7139], [-122.7158, 38.7139], [-122.7158, 38.7176], [-122.7111, 38.7176], [-122.7113, 38.725], [-122.7075, 38.725], [-122.7108, 38.7269], [-122.71, 38.7277], [-122.7114, 38.728], [-122.7108, 38.7274]], [[-122.7578, 38.7599], [-122.7677, 38.7596], [-122.7676, 38.7554], [-122.769, 38.7553], [-122.7718, 38.7578], [-122.7755, 38.7552], [-122.7793, 38.7551], [-122.7792, 38.7529], [-122.7769, 38.753], [-122.7768, 38.7508], [-122.7696, 38.7511], [-122.768, 38.7497], [-122.7666, 38.7508], [-122.767, 38.7512], [-122.7581, 38.7515], [-122.7582, 38.7557], [-122.7551, 38.7557], [-122.7563, 38.7582], [-122.7578, 38.7599]], [[-122.7604, 38.5328], [-122.7597, 38.5331], [-122.7597, 38.5338], [-122.7604, 38.5338], [-122.7604, 38.5328]], [[-122.7774, 38.766], [-122.779, 38.7649], [-122.7716, 38.7591], [-122.7701, 38.7603], [-122.7774, 38.766]], [[-122.7949, 38.7957], [-122.7902, 38.7957], [-122.7902, 38.7991], [-122.7807, 38.7992], [-122.7807, 38.8029], [-122.7949, 38.8029], [-122.7949, 38.7957]]], [[[-122.6891, 38.7312], [-122.6879, 38.7311], [-122.6879, 38.7305], [-122.6891, 38.7312]]], [[[-122.6864, 38.7297], [-122.6862, 38.7295], [-122.6864, 38.7297], [-122.6864, 38.7297]]], [[[-122.6683, 38.6987], [-122.668, 38.6984], [-122.6683, 38.6978], [-122.6683, 38.6987]]], [[[-122.8263, 38.5842], [-122.8265, 38.5841], [-122.8265, 38.5842], [-122.8263, 38.5842]]]]}, "properties": {"layer": "retained"}}, {"type": "Feature", "geometry": {"type": "MultiPolygon", "coordinates": [[[[-122.7757, 38.8108], [-122.775, 38.81], [-122.7743, 38.8103], [-122.7743, 38.8105], [-122.7757, 38.8108]]], [[[-122.7833, 38.8103], [-122.7836, 38.8098], [-122.7836, 38.809], [-122.7826, 38.8098], [-122.7833, 38.8103]]], [[[-122.7815, 38.8098], [-122.7815, 38.8093], [-122.7822, 38.809], [-122.7808, 38.8093], [-122.7815, 38.8098]]], [[[-122.785, 38.8089], [-122.786, 38.8084], [-122.786, 38.8078], [-122.7842, 38.8079], [-122.785, 38.8089]]], [[[-122.8183, 38.793], [-122.8182, 38.7917], [-122.8168, 38.7917], [-122.8169, 38.7923], [-122.8175, 38.792], [-122.8172, 38.7928], [-122.8183, 38.793]]], [[[-122.7812, 38.7928], [-122.7805, 38.792], [-122.7798, 38.7923], [-122.7799, 38.7926], [-122.7812, 38.7928]]], [[[-122.7792, 38.7926], [-122.7795, 38.7918], [-122.7788, 38.7912], [-122.7781, 38.7921], [-122.7792, 38.7926]], [[-122.7791, 38.7918], [-122.7788, 38.7921], [-122.7788, 38.7918], [-122.7791, 38.7918]]], [[[-122.7843, 38.7909], [-122.7846, 38.7898], [-122.7815, 38.7898], [-122.7829, 38.7901], [-122.7826, 38.7909], [-122.7836, 38.7901], [-122.7843, 38.7909]]], [[[-122.8119, 38.7891], [-122.8126, 38.7883], [-122.8105, 38.7886], [-122.8105, 38.7889], [-122.8119, 38.7891]]], [[[-122.7935, 38.7874], [-122.7935, 38.7869], [-122.7942, 38.7871], [-122.7945, 38.7866], [-122.7935, 38.7863], [-122.7928, 38.7869], [-122.7935, 38.7874]]], [[[-122.8104, 38.787], [-122.8104, 38.7854], [-122.808, 38.7863], [-122.808, 38.7868], [-122.809, 38.7862], [-122.809, 38.787], [-122.8104, 38.787]]], [[[-122.7841, 38.7868], [-122.7855, 38.7862], [-122.7837, 38.7857], [-122.7838, 38.7865], [-122.7841, 38.7865], [-122.7841, 38.7868]], [[-122.7845, 38.7863], [-122.7841, 38.7865], [-122.7841, 38.7863], [-122.7845, 38.7863]]], [[[-122.7928, 38.7863], [-122.7945, 38.7855], [-122.793, 38.7847], [-122.7928, 38.7863]]], [[[-122.7862, 38.7859], [-122.7875, 38.7854], [-122.7854, 38.7849], [-122.7855, 38.7854], [-122.7861, 38.7851], [-122.7862, 38.7859]]], [[[-122.7976, 38.7854], [-122.7989, 38.7848], [-122.7989, 38.7843], [-122.7975, 38.7843], [-122.7976, 38.7854]]], [[[-122.7765, 38.7851], [-122.7764, 38.7846], [-122.7754, 38.7843], [-122.7754, 38.7848], [-122.7765, 38.7851]]], [[[-122.7806, 38.785], [-122.7809, 38.7842], [-122.7799, 38.7839], [-122.7799, 38.7847], [-122.7806, 38.785]]], [[[-122.7989, 38.7838], [-122.7989, 38.7832], [-122.7999, 38.7829], [-122.7985, 38.783], [-122.7989, 38.7838]]], [[[-122.7957, 38.7828], [-122.7961, 38.7822], [-122.7968, 38.7825], [-122.7971, 38.7816], [-122.795, 38.7817], [-122.7957, 38.7828]]], [[[-122.7916, 38.7842], [-122.7919, 38.7826], [-122.7905, 38.7815], [-122.7905, 38.7821], [-122.7895, 38.7821], [-122.7895, 38.7834], [-122.7903, 38.784], [-122.7906, 38.7831], [-122.7916, 38.7842]]], [[[-122.795, 38.7814], [-122.7957, 38.7806], [-122.7949, 38.7801], [-122.795, 38.7814]]], [[[-122.7847, 38.7841], [-122.785, 38.7833], [-122.7858, 38.7838], [-122.7871, 38.7832], [-122.7867, 38.7824], [-122.7881, 38.7824], [-122.7884, 38.7816], [-122.7891, 38.7821], [-122.7891, 38.781], [-122.7905, 38.7815], [-122.7912, 38.7804], [-122.7929, 38.7809], [-122.7942, 38.7798], [-122.7922, 38.7807], [-122.7925, 38.7796], [-122.7918, 38.7796], [-122.7914, 38.7785], [-122.7904, 38.7796], [-122.7905, 38.7804], [-122.7898, 38.7805], [-122.7901, 38.7799], [-122.7877, 38.7805], [-122.7884, 38.7797], [-122.787, 38.7797], [-122.786, 38.7806], [-122.7863, 38.7811], [-122.7857, 38.7811], [-122.7856, 38.7803], [-122.7853, 38.7808], [-122.7842, 38.7803], [-122.7846, 38.7806], [-122.7843, 38.7822], [-122.7864, 38.7824], [-122.7864, 38.783], [-122.7843, 38.7833], [-122.7847, 38.7841]], [[-122.7871, 38.7821], [-122.7864, 38.7814], [-122.7874, 38.7808], [-122.7874, 38.7811], [-122.7877, 38.7811], [-122.7877, 38.7813], [-122.7871, 38.7821]], [[-122.7884, 38.7813], [-122.7881, 38.7816], [-122.7881, 38.7813], [-122.7884, 38.7813]], [[-122.7888, 38.781], [-122.7884, 38.7813], [-122.7884, 38.781], [-122.7888, 38.781]], [[-122.7881, 38.7808], [-122.7877, 38.7811], [-122.7877, 38.7808], [-122.7881, 38.7808]], [[-122.7877, 38.78], [-122.7873, 38.7802], [-122.7873, 38.78], [-122.7877, 38.78]], [[-122.7915, 38.7791], [-122.7911, 38.7794], [-122.7911, 38.7791], [-122.7915, 38.7791]]], [[[-122.7967, 38.7808], [-122.797, 38.7795], [-122.7984, 38.7792], [-122.7977, 38.7784], [-122.7966, 38.7787], [-122.7967, 38.78], [-122.7956, 38.7798], [-122.7967, 38.7808]]], [[[-122.7832, 38.7795], [-122.7842, 38.7792], [-122.7838, 38.7784], [-122.7825, 38.779], [-122.7832, 38.7795]]], [[[-122.7987, 38.7784], [-122.8001, 38.7778], [-122.7987, 38.7781], [-122.7987, 38.7784]]], [[[-122.7809, 38.7826], [-122.7808, 38.7815], [-122.7843, 38.7814], [-122.7842, 38.7806], [-122.7825, 38.7809], [-122.7828, 38.7795], [-122.7815, 38.7801], [-122.7818, 38.7809], [-122.7811, 38.7807], [-122.7801, 38.7815], [-122.7805, 38.7809], [-122.7801, 38.7799], [-122.7818, 38.7796], [-122.7821, 38.7782], [-122.7807, 38.7782], [-122.7801, 38.7796], [-122.779, 38.7794], [-122.7791, 38.781], [-122.778, 38.7813], [-122.7798, 38.7826], [-122.7809, 38.7826]], [[-122.7801, 38.7807], [-122.7798, 38.781], [-122.7798, 38.7807], [-122.7801, 38.7807]], [[-122.7797, 38.7802], [-122.7794, 38.7804], [-122.7794, 38.7802], [-122.7797, 38.7802]]], [[[-122.8032, 38.7791], [-122.8035, 38.7777], [-122.8028, 38.7772], [-122.8022, 38.7786], [-122.8032, 38.7791]]], [[[-122.797, 38.7784], [-122.7976, 38.7781], [-122.7973, 38.7773], [-122.7962, 38.7776], [-122.797, 38.7784]]], [[[-122.7914, 38.7785], [-122.7921, 38.7777], [-122.7907, 38.7772], [-122.7911, 38.7777], [-122.7907, 38.7783], [-122.7914, 38.7785]]], [[[-122.8011, 38.7775], [-122.801, 38.7767], [-122.8003, 38.7764], [-122.8, 38.7775], [-122.8011, 38.7775]]], [[[-122.7935, 38.7785], [-122.7938, 38.7777], [-122.7952, 38.7774], [-122.7948, 38.7766], [-122.7934, 38.7769], [-122.7941, 38.7771], [-122.7931, 38.7777], [-122.7935, 38.7785]]], [[[-122.8, 38.777], [-122.8, 38.7762], [-122.7996, 38.7762], [-122.799, 38.777], [-122.8, 38.777]]], [[[-122.7772, 38.7778], [-122.7776, 38.7772], [-122.7758, 38.7767], [-122.7758, 38.7773], [-122.7772, 38.7778]]], [[[-122.7928, 38.7772], [-122.7927, 38.7763], [-122.7934, 38.7761], [-122.792, 38.7761], [-122.7928, 38.7772]]], [[[-122.7775, 38.777], [-122.7772, 38.7762], [-122.7761, 38.7765], [-122.7761, 38.7767], [-122.7775, 38.777]]], [[[-122.7917, 38.7764], [-122.7917, 38.7758], [-122.7903, 38.7759], [-122.7903, 38.7761], [-122.7917, 38.7764]]], [[[-122.7976, 38.7762], [-122.7993, 38.7757], [-122.7976, 38.7757], [-122.7976, 38.7762]]], [[[-122.8031, 38.7764], [-122.8017, 38.7751], [-122.8, 38.7754], [-122.8017, 38.7756], [-122.8031, 38.7764]]], [[[-122.7896, 38.7756], [-122.791, 38.7756], [-122.791, 38.775], [-122.7896, 38.7756]]], [[[-122.7817, 38.7769], [-122.7816, 38.7758], [-122.7827, 38.7752], [-122.7816, 38.7753], [-122.7813, 38.7763], [-122.7806, 38.7764], [-122.7817, 38.7769]]], [[[-122.7845, 38.7779], [-122.7848, 38.7771], [-122.7869, 38.777], [-122.7865, 38.7765], [-122.7858, 38.7768], [-122.7858, 38.776], [-122.7872, 38.7757], [-122.7865, 38.7749], [-122.7861, 38.7757], [-122.7844, 38.776], [-122.7845, 38.7768], [-122.7838, 38.7768], [-122.7838, 38.7776], [-122.7845, 38.7779]], [[-122.7845, 38.7771], [-122.7841, 38.7774], [-122.7841, 38.7771], [-122.7845, 38.7771]]], [[[-122.7796, 38.7769], [-122.7803, 38.7766], [-122.7799, 38.7756], [-122.7806, 38.7755], [-122.7799, 38.775], [-122.7792, 38.7758], [-122.7796, 38.7769]]], [[[-122.7901, 38.7794], [-122.7911, 38.7785], [-122.7904, 38.7783], [-122.7907, 38.7777], [-122.789, 38.7778], [-122.789, 38.7772], [-122.79, 38.7772], [-122.79, 38.7767], [-122.7889, 38.7767], [-122.7892, 38.7753], [-122.7899, 38.7753], [-122.7899, 38.7745], [-122.7892, 38.7745], [-122.7889, 38.7756], [-122.7879, 38.7756], [-122.7882, 38.7764], [-122.7869, 38.7765], [-122.7876, 38.7767], [-122.7876, 38.7781], [-122.7863, 38.7787], [-122.7865, 38.7773], [-122.7848, 38.7776], [-122.7842, 38.7795], [-122.7856, 38.7795], [-122.7859, 38.7789], [-122.7901, 38.7794]], [[-122.7901, 38.7788], [-122.7897, 38.7791], [-122.7897, 38.7788], [-122.7901, 38.7788]], [[-122.7859, 38.7781], [-122.7852, 38.7792], [-122.7852, 38.7781], [-122.7859, 38.7781]], [[-122.7897, 38.7786], [-122.789, 38.7789], [-122.789, 38.7786], [-122.7897, 38.7786]], [[-122.7904, 38.7783], [-122.7901, 38.7786], [-122.79, 38.7783], [-122.7904, 38.7783]], [[-122.7893, 38.778], [-122.789, 38.7783], [-122.789, 38.7781], [-122.7893, 38.778]], [[-122.7886, 38.7775], [-122.7883, 38.7778], [-122.7883, 38.7775], [-122.7886, 38.7775]]], [[[-122.7871, 38.7749], [-122.7868, 38.7738], [-122.7864, 38.7738], [-122.7861, 38.7746], [-122.7871, 38.7749]]], [[[-122.8431, 38.7725], [-122.843, 38.7714], [-122.8423, 38.7709], [-122.842, 38.7722], [-122.8431, 38.7725]]], [[[-122.7857, 38.7743], [-122.7857, 38.773], [-122.7843, 38.773], [-122.7839, 38.772], [-122.7833, 38.7736], [-122.7843, 38.7741], [-122.785, 38.7733], [-122.7857, 38.7743]]], [[[-122.7884, 38.7721], [-122.7895, 38.7718], [-122.788, 38.7711], [-122.7884, 38.7721]]], [[[-122.8468, 38.7708], [-122.8468, 38.77], [-122.8478, 38.7702], [-122.8478, 38.7697], [-122.846, 38.7689], [-122.8454, 38.7695], [-122.8443, 38.7692], [-122.8451, 38.7705], [-122.8454, 38.7697], [-122.8464, 38.7694], [-122.8461, 38.7705], [-122.8468, 38.7708]]], [[[-122.7773, 38.7716], [-122.7766, 38.7705], [-122.7756, 38.7711], [-122.7763, 38.7716], [-122.7773, 38.7716]]], [[[-122.776, 38.774], [-122.7767, 38.7735], [-122.7763, 38.7724], [-122.777, 38.7721], [-122.7756, 38.7721], [-122.776, 38.7716], [-122.7749, 38.7711], [-122.7759, 38.7705], [-122.7745, 38.7703], [-122.7739, 38.7716], [-122.7749, 38.7716], [-122.7749, 38.7722], [-122.7739, 38.7722], [-122.7743, 38.7727], [-122.7733, 38.7738], [-122.775, 38.7732], [-122.7747, 38.7738], [-122.776, 38.774]], [[-122.7764, 38.7732], [-122.776, 38.7735], [-122.776, 38.7732], [-122.7764, 38.7732]], [[-122.7757, 38.773], [-122.7753, 38.7732], [-122.7753, 38.773], [-122.7757, 38.773]], [[-122.7753, 38.7722], [-122.775, 38.7724], [-122.7749, 38.7722], [-122.7753, 38.7722]], [[-122.7749, 38.7708], [-122.7746, 38.7711], [-122.7745, 38.7708], [-122.7749, 38.7708]]], [[[-122.7993, 38.7684], [-122.7993, 38.7676], [-122.7986, 38.7673], [-122.7986, 38.7681], [-122.7993, 38.7684]]], [[[-122.7944, 38.7666], [-122.7948, 38.766], [-122.7934, 38.7658], [-122.7934, 38.7663], [-122.7944, 38.7666]]], [[[-122.7875, 38.7665], [-122.7875, 38.7659], [-122.7865, 38.766], [-122.7865, 38.7665], [-122.7875, 38.7665]]], [[[-122.8124, 38.7656], [-122.8124, 38.7651], [-122.811, 38.7651], [-122.811, 38.7654], [-122.8124, 38.7656]]], [[[-122.7809, 38.7664], [-122.7827, 38.766], [-122.7823, 38.7655], [-122.7809, 38.7664]]], [[[-122.8006, 38.7662], [-122.8006, 38.7651], [-122.7999, 38.7651], [-122.7996, 38.7659], [-122.8006, 38.7662]]], [[[-122.7851, 38.766], [-122.7857, 38.7652], [-122.7837, 38.7658], [-122.7837, 38.766], [-122.7851, 38.766]]], [[[-122.7992, 38.7654], [-122.7992, 38.7649], [-122.7982, 38.7646], [-122.7982, 38.7654], [-122.7992, 38.7654]]], [[[-122.7889, 38.7654], [-122.7895, 38.7645], [-122.7875, 38.7649], [-122.7875, 38.7654], [-122.7889, 38.7654]]], [[[-122.783, 38.7652], [-122.7829, 38.7642], [-122.7822, 38.7642], [-122.7823, 38.7652], [-122.783, 38.7652]]], [[[-122.8189, 38.7644], [-122.8189, 38.7633], [-122.8168, 38.7634], [-122.8179, 38.7644], [-122.8189, 38.7644]]], [[[-122.8185, 38.7631], [-122.8199, 38.7625], [-122.8188, 38.7622], [-122.8185, 38.7631]]], [[[-122.8185, 38.762], [-122.8195, 38.7611], [-122.8188, 38.7609], [-122.8185, 38.762]]], [[[-122.7992, 38.764], [-122.7995, 38.7635], [-122.7984, 38.7624], [-122.7974, 38.7625], [-122.7974, 38.7614], [-122.7963, 38.762], [-122.7964, 38.7628], [-122.7953, 38.7622], [-122.7953, 38.7631], [-122.7947, 38.7631], [-122.7947, 38.7636], [-122.7971, 38.7641], [-122.7971, 38.763], [-122.7981, 38.7627], [-122.7981, 38.7641], [-122.7992, 38.764]], [[-122.7988, 38.7632], [-122.7985, 38.7638], [-122.7985, 38.7633], [-122.7988, 38.7632]]], [[[-122.8209, 38.7614], [-122.8208, 38.7606], [-122.8201, 38.7606], [-122.8198, 38.7614], [-122.8209, 38.7614]]], [[[-122.8163, 38.7599], [-122.8166, 38.7591], [-122.8156, 38.7588], [-122.8156, 38.7593], [-122.8163, 38.7599]]], [[[-122.8101, 38.76], [-122.8111, 38.7597], [-122.8111, 38.7589], [-122.8101, 38.7592], [-122.8101, 38.76]], [[-122.8108, 38.7595], [-122.8104, 38.7597], [-122.8104, 38.7595], [-122.8108, 38.7595]]], [[[-122.8201, 38.7601], [-122.8204, 38.7587], [-122.8194, 38.7587], [-122.8184, 38.7598], [-122.8201, 38.7601]]], [[[-122.7963, 38.7606], [-122.7962, 38.759], [-122.7959, 38.759], [-122.7956, 38.7601], [-122.7963, 38.7606]]], [[[-122.798, 38.7595], [-122.7986, 38.7589], [-122.7983, 38.7584], [-122.7976, 38.759], [-122.798, 38.7595]]], [[[-122.801, 38.7573], [-122.8017, 38.7575], [-122.8027, 38.7569], [-122.801, 38.7573]]], [[[-122.8158, 38.7634], [-122.8157, 38.7623], [-122.8171, 38.7623], [-122.8174, 38.7604], [-122.8157, 38.7607], [-122.8149, 38.7586], [-122.8166, 38.7585], [-122.8173, 38.7574], [-122.8158, 38.7561], [-122.8144, 38.7559], [-122.8118, 38.7581], [-122.8125, 38.7589], [-122.8131, 38.7578], [-122.8135, 38.7578], [-122.8138, 38.758], [-122.8138, 38.7586], [-122.8145, 38.7583], [-122.8142, 38.7596], [-122.8128, 38.7591], [-122.8128, 38.7597], [-122.8118, 38.7594], [-122.8105, 38.7605], [-122.8112, 38.7605], [-122.8115, 38.7619], [-122.8122, 38.761], [-122.8122, 38.7619], [-122.8136, 38.7621], [-122.8136, 38.7624], [-122.814, 38.7624], [-122.8143, 38.7626], [-122.8144, 38.7632], [-122.8158, 38.7634]], [[-122.8157, 38.7618], [-122.8154, 38.7623], [-122.8153, 38.7618], [-122.8157, 38.7618]], [[-122.8143, 38.7621], [-122.814, 38.7624], [-122.814, 38.7621], [-122.8143, 38.7621]], [[-122.8147, 38.7621], [-122.8136, 38.7618], [-122.8129, 38.7608], [-122.815, 38.7615], [-122.8147, 38.7621]], [[-122.816, 38.7615], [-122.8157, 38.7618], [-122.8157, 38.7615], [-122.816, 38.7615]], [[-122.8129, 38.761], [-122.8126, 38.7613], [-122.8126, 38.761], [-122.8129, 38.761]], [[-122.8153, 38.7604], [-122.815, 38.761], [-122.815, 38.7604], [-122.8153, 38.7604]], [[-122.8146, 38.7604], [-122.8139, 38.7607], [-122.8139, 38.7605], [-122.8146, 38.7604]], [[-122.8125, 38.7605], [-122.8122, 38.7608], [-122.8122, 38.7605], [-122.8125, 38.7605]], [[-122.8139, 38.7602], [-122.8136, 38.7605], [-122.8136, 38.7602], [-122.8139, 38.7602]], [[-122.8136, 38.7599], [-122.8132, 38.7602], [-122.8132, 38.7599], [-122.8136, 38.7599]], [[-122.8152, 38.758], [-122.8149, 38.7583], [-122.8149, 38.758], [-122.8152, 38.758]], [[-122.8138, 38.7575], [-122.8135, 38.7578], [-122.8135, 38.7575], [-122.8138, 38.7575]], [[-122.8151, 38.7564], [-122.8148, 38.7569], [-122.8148, 38.7564], [-122.8151, 38.7564]]], [[[-122.8101, 38.7608], [-122.8101, 38.76], [-122.8097, 38.7592], [-122.8118, 38.7581], [-122.8113, 38.7565], [-122.8083, 38.7574], [-122.8079, 38.7563], [-122.8069, 38.7566], [-122.8068, 38.7563], [-122.8058, 38.7558], [-122.8042, 38.7583], [-122.8055, 38.7585], [-122.8055, 38.7577], [-122.8062, 38.7577], [-122.8062, 38.7585], [-122.8066, 38.7585], [-122.8066, 38.7582], [-122.8069, 38.7582], [-122.8069, 38.759], [-122.8087, 38.759], [-122.8091, 38.7603], [-122.8101, 38.7608]], [[-122.8094, 38.759], [-122.809, 38.7592], [-122.809, 38.759], [-122.8094, 38.759]], [[-122.8097, 38.7589], [-122.8087, 38.7584], [-122.8096, 38.7571], [-122.8107, 38.757], [-122.8097, 38.7579], [-122.8097, 38.7589]], [[-122.8073, 38.7579], [-122.8069, 38.7582], [-122.8069, 38.7579], [-122.8073, 38.7579]], [[-122.8069, 38.7577], [-122.8062, 38.7577], [-122.8062, 38.7571], [-122.8065, 38.7571], [-122.8069, 38.7577]], [[-122.8079, 38.7568], [-122.8072, 38.7574], [-122.8072, 38.7571], [-122.8079, 38.7568]], [[-122.8065, 38.7563], [-122.8058, 38.7566], [-122.8058, 38.7563], [-122.8065, 38.7563]]], [[[-122.7951, 38.7566], [-122.7961, 38.7563], [-122.7951, 38.7558], [-122.7951, 38.7566]]], [[[-122.7975, 38.7565], [-122.7975, 38.7557], [-122.7961, 38.756], [-122.7961, 38.7563], [-122.7975, 38.7565]]], [[[-122.8048, 38.7569], [-122.8048, 38.7561], [-122.8058, 38.7553], [-122.8044, 38.7558], [-122.8041, 38.7569], [-122.8048, 38.7569]]], [[[-122.7923, 38.7558], [-122.7919, 38.7553], [-122.7909, 38.7553], [-122.7909, 38.7559], [-122.7923, 38.7558]]], [[[-122.8227, 38.7549], [-122.8227, 38.7541], [-122.8209, 38.7544], [-122.821, 38.7546], [-122.8227, 38.7549]]], [[[-122.793, 38.7555], [-122.793, 38.755], [-122.7923, 38.7548], [-122.7919, 38.7553], [-122.793, 38.7555]]], [[[-122.7529, 38.7559], [-122.7525, 38.7546], [-122.7518, 38.7543], [-122.7519, 38.7559], [-122.7529, 38.7559]]], [[[-122.7888, 38.7543], [-122.7888, 38.7535], [-122.7863, 38.7535], [-122.7874, 38.7543], [-122.7888, 38.7543]]], [[[-122.8022, 38.7534], [-122.8022, 38.7526], [-122.8005, 38.7524], [-122.8008, 38.7532], [-122.8022, 38.7534]]], [[[-122.8158, 38.7548], [-122.8157, 38.7539], [-122.8164, 38.7542], [-122.8168, 38.7536], [-122.8161, 38.7531], [-122.814, 38.7534], [-122.8139, 38.7521], [-122.8133, 38.7532], [-122.8112, 38.753], [-122.8112, 38.7538], [-122.8133, 38.7537], [-122.8126, 38.754], [-122.813, 38.7545], [-122.815, 38.7537], [-122.8151, 38.7548], [-122.8158, 38.7548]]], [[[-122.8102, 38.753], [-122.8115, 38.7527], [-122.8112, 38.7516], [-122.8108, 38.7522], [-122.8101, 38.7519], [-122.8102, 38.753]]], [[[-122.8129, 38.7527], [-122.8136, 38.7521], [-122.8132, 38.7516], [-122.8122, 38.7519], [-122.8129, 38.7527]]], [[[-122.8171, 38.7526], [-122.817, 38.7512], [-122.8157, 38.7515], [-122.816, 38.7523], [-122.8171, 38.7526]]], [[[-122.8005, 38.7524], [-122.8015, 38.7521], [-122.8018, 38.7516], [-122.8001, 38.7519], [-122.8005, 38.7524]]], [[[-122.8226, 38.7519], [-122.8218, 38.7508], [-122.8202, 38.7517], [-122.8215, 38.7519], [-122.8219, 38.7514], [-122.8226, 38.7519]]], [[[-122.8302, 38.7525], [-122.8302, 38.7512], [-122.8305, 38.7506], [-122.8295, 38.7509], [-122.8298, 38.7517], [-122.8288, 38.7517], [-122.8292, 38.7526], [-122.8302, 38.7525]]], [[[-122.7956, 38.7525], [-122.7952, 38.7512], [-122.7945, 38.7509], [-122.7939, 38.7517], [-122.7949, 38.7517], [-122.7942, 38.7523], [-122.7956, 38.7525]]], [[[-122.8029, 38.7529], [-122.8036, 38.7521], [-122.805, 38.752], [-122.8039, 38.7518], [-122.8046, 38.7515], [-122.8039, 38.7507], [-122.8022, 38.7513], [-122.8029, 38.7515], [-122.8022, 38.7521], [-122.8029, 38.7529]], [[-122.8036, 38.7515], [-122.8032, 38.7518], [-122.8032, 38.7515], [-122.8036, 38.7515]]], [[[-122.7514, 38.7527], [-122.7514, 38.7522], [-122.7503, 38.7519], [-122.7504, 38.7527], [-122.7514, 38.7527]]], [[[-122.8122, 38.7505], [-122.8121, 38.75], [-122.8114, 38.7497], [-122.8111, 38.7503], [-122.8122, 38.7505]]], [[[-122.8, 38.7581], [-122.8007, 38.7575], [-122.7993, 38.757], [-122.8, 38.757], [-122.8002, 38.7554], [-122.8006, 38.7554], [-122.8006, 38.7565], [-122.8013, 38.7562], [-122.801, 38.757], [-122.8017, 38.757], [-122.8027, 38.7564], [-122.802, 38.7556], [-122.8047, 38.7553], [-122.805, 38.7545], [-122.804, 38.7542], [-122.8043, 38.7529], [-122.8036, 38.7526], [-122.8023, 38.7537], [-122.8009, 38.7535], [-122.7998, 38.754], [-122.7995, 38.7535], [-122.8005, 38.7532], [-122.7994, 38.7524], [-122.7997, 38.7511], [-122.7983, 38.7511], [-122.7983, 38.7506], [-122.7994, 38.7503], [-122.7994, 38.7508], [-122.8001, 38.7508], [-122.8, 38.7494], [-122.7986, 38.7495], [-122.7987, 38.7503], [-122.7973, 38.7495], [-122.798, 38.7508], [-122.797, 38.7509], [-122.7953, 38.7531], [-122.7971, 38.7536], [-122.7968, 38.7552], [-122.7978, 38.7549], [-122.7985, 38.7554], [-122.7979, 38.7562], [-122.7986, 38.7568], [-122.7982, 38.7576], [-122.8, 38.7581]], [[-122.802, 38.7559], [-122.8017, 38.7562], [-122.8016, 38.7559], [-122.802, 38.7559]], [[-122.8013, 38.7556], [-122.801, 38.7559], [-122.8009, 38.7556], [-122.8013, 38.7556]], [[-122.7996, 38.7557], [-122.7992, 38.7559], [-122.7992, 38.7557], [-122.7996, 38.7557]], [[-122.8016, 38.7553], [-122.8013, 38.7556], [-122.8013, 38.7554], [-122.8016, 38.7553]], [[-122.7995, 38.7551], [-122.7989, 38.7557], [-122.7988, 38.7551], [-122.7995, 38.7551]], [[-122.8033, 38.7548], [-122.802, 38.7553], [-122.8019, 38.7545], [-122.8033, 38.7548]], [[-122.8009, 38.7548], [-122.8006, 38.7554], [-122.8006, 38.7548], [-122.8009, 38.7548]], [[-122.7988, 38.7546], [-122.7985, 38.7552], [-122.7985, 38.7546], [-122.7988, 38.7546]], [[-122.8016, 38.7545], [-122.8013, 38.7548], [-122.8012, 38.7545], [-122.8016, 38.7545]], [[-122.8009, 38.7543], [-122.8006, 38.7546], [-122.8005, 38.7543], [-122.8009, 38.7543]], [[-122.7995, 38.7538], [-122.7988, 38.7546], [-122.7988, 38.7538], [-122.7995, 38.7538]], [[-122.8019, 38.754], [-122.8016, 38.7543], [-122.8016, 38.754], [-122.8019, 38.754]], [[-122.7985, 38.7541], [-122.7981, 38.7544], [-122.7981, 38.7541], [-122.7985, 38.7541]], [[-122.7988, 38.7535], [-122.7985, 38.7538], [-122.7984, 38.7535], [-122.7988, 38.7535]], [[-122.7995, 38.753], [-122.7991, 38.7532], [-122.7991, 38.753], [-122.7995, 38.753]], [[-122.7988, 38.753], [-122.7981, 38.7533], [-122.7981, 38.753], [-122.7988, 38.753]], [[-122.7977, 38.753], [-122.7974, 38.7533], [-122.7974, 38.753], [-122.7977, 38.753]], [[-122.7991, 38.7527], [-122.7988, 38.753], [-122.7988, 38.7527], [-122.7991, 38.7527]], [[-122.7991, 38.7524], [-122.7973, 38.7519], [-122.7977, 38.7511], [-122.7991, 38.7519], [-122.7991, 38.7524]]], [[[-122.8075, 38.7563], [-122.8085, 38.7555], [-122.8093, 38.756], [-122.8106, 38.7554], [-122.8106, 38.7543], [-122.8089, 38.7546], [-122.8092, 38.7538], [-122.8078, 38.7539], [-122.8091, 38.7527], [-122.8088, 38.7519], [-122.8094, 38.7519], [-122.8084, 38.7511], [-122.8097, 38.7508], [-122.8094, 38.75], [-122.8087, 38.7503], [-122.8086, 38.749], [-122.8073, 38.7493], [-122.8073, 38.7501], [-122.8087, 38.7509], [-122.807, 38.7506], [-122.807, 38.7514], [-122.806, 38.7512], [-122.8053, 38.7518], [-122.8053, 38.7523], [-122.8064, 38.7525], [-122.8064, 38.7533], [-122.8057, 38.7534], [-122.8064, 38.7539], [-122.8057, 38.7539], [-122.8054, 38.7547], [-122.8061, 38.7544], [-122.8075, 38.7563]], [[-122.8078, 38.7544], [-122.8071, 38.7547], [-122.8071, 38.7544], [-122.8078, 38.7544]], [[-122.8071, 38.7539], [-122.8068, 38.7542], [-122.8068, 38.7539], [-122.8071, 38.7539]], [[-122.8078, 38.7533], [-122.8074, 38.7536], [-122.8074, 38.7533], [-122.8078, 38.7533]], [[-122.8084, 38.7525], [-122.8077, 38.7528], [-122.8077, 38.7525], [-122.8084, 38.7525]], [[-122.8063, 38.7517], [-122.806, 38.7523], [-122.806, 38.7517], [-122.8063, 38.7517]], [[-122.808, 38.7514], [-122.8077, 38.7517], [-122.8077, 38.7514], [-122.808, 38.7514]]], [[[-122.8066, 38.7498], [-122.8069, 38.7493], [-122.8059, 38.749], [-122.8056, 38.7496], [-122.8066, 38.7498]]], [[[-122.8028, 38.7497], [-122.8028, 38.7491], [-122.8021, 38.7489], [-122.8018, 38.7497], [-122.8028, 38.7497]]], [[[-122.797, 38.7509], [-122.7966, 38.7498], [-122.7952, 38.7501], [-122.7959, 38.7493], [-122.7942, 38.7499], [-122.7931, 38.7491], [-122.7935, 38.7501], [-122.797, 38.7509]]], [[[-122.8169, 38.7491], [-122.8173, 38.7485], [-122.8155, 38.7485], [-122.8155, 38.7488], [-122.8169, 38.7491]]], [[[-122.7793, 38.7494], [-122.7803, 38.7488], [-122.7792, 38.7486], [-122.7793, 38.7494]]], [[[-122.8097, 38.7492], [-122.8093, 38.7482], [-122.8107, 38.7479], [-122.8096, 38.7479], [-122.8096, 38.7473], [-122.8093, 38.7479], [-122.8079, 38.7476], [-122.8076, 38.7485], [-122.8083, 38.7484], [-122.8083, 38.7487], [-122.8086, 38.7487], [-122.8086, 38.749], [-122.8097, 38.7492]], [[-122.809, 38.7484], [-122.8086, 38.7487], [-122.8086, 38.7484], [-122.809, 38.7484]]], [[[-122.8003, 38.7486], [-122.8006, 38.7478], [-122.7996, 38.7476], [-122.7996, 38.7484], [-122.8003, 38.7486]]], [[[-122.8287, 38.7496], [-122.8294, 38.7488], [-122.8283, 38.7488], [-122.8283, 38.7483], [-122.8314, 38.7482], [-122.8307, 38.7479], [-122.8307, 38.7463], [-122.8282, 38.7464], [-122.8276, 38.7469], [-122.8265, 38.7459], [-122.8258, 38.7467], [-122.828, 38.7477], [-122.827, 38.7488], [-122.8287, 38.7496]], [[-122.8286, 38.7474], [-122.8279, 38.7472], [-122.8286, 38.7469], [-122.8286, 38.7474]], [[-122.8296, 38.7466], [-122.8293, 38.7469], [-122.8293, 38.7466], [-122.8296, 38.7466]]], [[[-122.8141, 38.748], [-122.8148, 38.7472], [-122.8134, 38.7459], [-122.8131, 38.747], [-122.8137, 38.747], [-122.8134, 38.7478], [-122.8141, 38.748]], [[-122.8145, 38.7472], [-122.8141, 38.7475], [-122.8141, 38.7472], [-122.8145, 38.7472]]], [[[-122.7716, 38.7471], [-122.7722, 38.7463], [-122.7702, 38.7464], [-122.7712, 38.7466], [-122.7716, 38.7471]]], [[[-122.8147, 38.7459], [-122.8154, 38.7453], [-122.8144, 38.7448], [-122.8137, 38.7456], [-122.8147, 38.7459]]], [[[-122.7968, 38.746], [-122.796, 38.7449], [-122.7957, 38.745], [-122.7957, 38.7458], [-122.7968, 38.746]]], [[[-122.8161, 38.7453], [-122.8168, 38.7442], [-122.8157, 38.744], [-122.8151, 38.745], [-122.8161, 38.7453]]], [[[-122.7933, 38.7464], [-122.794, 38.7447], [-122.7926, 38.7442], [-122.7926, 38.7456], [-122.7933, 38.7464]]], [[[-122.8281, 38.7434], [-122.8285, 38.7437], [-122.8295, 38.7434], [-122.8285, 38.7431], [-122.8281, 38.7434]]], [[[-122.7992, 38.7468], [-122.7992, 38.746], [-122.8002, 38.7459], [-122.8002, 38.7454], [-122.7992, 38.7457], [-122.7985, 38.7446], [-122.7991, 38.7438], [-122.7977, 38.7438], [-122.7981, 38.7454], [-122.7971, 38.7463], [-122.7978, 38.7468], [-122.7992, 38.7468]], [[-122.7985, 38.7462], [-122.7982, 38.7465], [-122.7982, 38.7462], [-122.7985, 38.7462]]], [[[-122.812, 38.747], [-122.8112, 38.7438], [-122.8105, 38.7433], [-122.8105, 38.7441], [-122.8088, 38.7441], [-122.8085, 38.7452], [-122.8106, 38.7468], [-122.8113, 38.7459], [-122.812, 38.747]], [[-122.8109, 38.7457], [-122.8099, 38.7457], [-122.8095, 38.7449], [-122.8109, 38.7449], [-122.8109, 38.7457]], [[-122.8109, 38.7443], [-122.8105, 38.7446], [-122.8105, 38.7443], [-122.8109, 38.7443]], [[-122.8102, 38.7444], [-122.8099, 38.7446], [-122.8098, 38.7444], [-122.8102, 38.7444]]], [[[-122.8049, 38.7493], [-122.8048, 38.7488], [-122.8069, 38.7479], [-122.8065, 38.7466], [-122.8079, 38.7466], [-122.8079, 38.7474], [-122.8089, 38.7468], [-122.8085, 38.7457], [-122.8075, 38.7455], [-122.8071, 38.7439], [-122.8064, 38.7439], [-122.806, 38.7431], [-122.8043, 38.7439], [-122.8043, 38.7445], [-122.8061, 38.7453], [-122.8061, 38.7455], [-122.8047, 38.7453], [-122.8058, 38.7461], [-122.8058, 38.7466], [-122.8047, 38.7466], [-122.8051, 38.7472], [-122.8041, 38.7472], [-122.8041, 38.7467], [-122.803, 38.7461], [-122.8013, 38.7462], [-122.8023, 38.7467], [-122.8024, 38.7475], [-122.8013, 38.7473], [-122.8014, 38.7483], [-122.802, 38.7478], [-122.8024, 38.7483], [-122.8045, 38.748], [-122.8034, 38.7488], [-122.8049, 38.7493]], [[-122.8055, 38.7474], [-122.8048, 38.7477], [-122.8048, 38.7474], [-122.8055, 38.7474]], [[-122.8044, 38.7475], [-122.8041, 38.7477], [-122.8041, 38.7475], [-122.8044, 38.7475]], [[-122.8034, 38.7469], [-122.803, 38.7472], [-122.803, 38.7469], [-122.8034, 38.7469]], [[-122.8037, 38.7467], [-122.8034, 38.7469], [-122.8034, 38.7467], [-122.8037, 38.7467]], [[-122.8068, 38.7452], [-122.8064, 38.7455], [-122.8064, 38.7452], [-122.8068, 38.7452]], [[-122.8064, 38.745], [-122.8061, 38.7453], [-122.8061, 38.745], [-122.8064, 38.745]], [[-122.806, 38.7444], [-122.8054, 38.7445], [-122.8053, 38.7439], [-122.8057, 38.7439], [-122.806, 38.7444]], [[-122.805, 38.7439], [-122.8047, 38.7442], [-122.8046, 38.7439], [-122.805, 38.7439]], [[-122.806, 38.7436], [-122.8057, 38.7439], [-122.8057, 38.7436], [-122.806, 38.7436]]], [[[-122.7891, 38.7443], [-122.7891, 38.7438], [-122.7894, 38.7435], [-122.7884, 38.7438], [-122.7891, 38.7443]]], [[[-122.8178, 38.745], [-122.8181, 38.7439], [-122.816, 38.7426], [-122.816, 38.7437], [-122.8174, 38.7439], [-122.8171, 38.745], [-122.8178, 38.745]]], [[[-122.8071, 38.7436], [-122.8063, 38.7423], [-122.8056, 38.7423], [-122.8064, 38.7436], [-122.8071, 38.7436]]], [[[-122.8098, 38.743], [-122.8098, 38.7422], [-122.8087, 38.7425], [-122.8087, 38.742], [-122.808, 38.742], [-122.8084, 38.7428], [-122.8098, 38.743]]], [[[-122.7784, 38.7435], [-122.7783, 38.7427], [-122.7776, 38.7424], [-122.7773, 38.7435], [-122.7784, 38.7435]]], [[[-122.8118, 38.7424], [-122.8129, 38.7424], [-122.8142, 38.7416], [-122.8118, 38.7424]]], [[[-122.7756, 38.7435], [-122.7756, 38.743], [-122.7766, 38.7424], [-122.7752, 38.7425], [-122.7756, 38.7435]]], [[[-122.8115, 38.7424], [-122.8115, 38.7419], [-122.8104, 38.7414], [-122.8101, 38.7425], [-122.8115, 38.7424]]], [[[-122.8215, 38.7419], [-122.8218, 38.7411], [-122.8211, 38.7409], [-122.8208, 38.7414], [-122.8215, 38.7419]]], [[[-122.8008, 38.7421], [-122.8011, 38.7413], [-122.7994, 38.7416], [-122.7994, 38.7422], [-122.8008, 38.7421]]], [[[-122.7931, 38.7412], [-122.7949, 38.7409], [-122.7924, 38.7407], [-122.7931, 38.7412]]], [[[-122.818, 38.7404], [-122.8183, 38.7396], [-122.8169, 38.7393], [-122.8166, 38.7399], [-122.818, 38.7404]]], [[[-122.8004, 38.7405], [-122.8021, 38.7399], [-122.8, 38.7397], [-122.8004, 38.7405]]], [[[-122.761, 38.7414], [-122.761, 38.7406], [-122.7599, 38.7404], [-122.7603, 38.7412], [-122.761, 38.7414]]], [[[-122.7589, 38.7407], [-122.7589, 38.7401], [-122.7575, 38.7399], [-122.7579, 38.7407], [-122.7589, 38.7407]]], [[[-122.8166, 38.7396], [-122.8172, 38.7388], [-122.8162, 38.7385], [-122.8155, 38.7396], [-122.8166, 38.7396]]], [[[-122.7765, 38.7408], [-122.7786, 38.7402], [-122.7779, 38.7392], [-122.7765, 38.7395], [-122.7765, 38.7408]]], [[[-122.8201, 38.7403], [-122.8211, 38.7395], [-122.8218, 38.7398], [-122.8211, 38.7392], [-122.8214, 38.7382], [-122.8186, 38.7393], [-122.8201, 38.7403]]], [[[-122.7913, 38.7391], [-122.7917, 38.7386], [-122.7906, 38.7378], [-122.7906, 38.7389], [-122.7913, 38.7391]]], [[[-122.7696, 38.7393], [-122.7709, 38.7382], [-122.7702, 38.7374], [-122.7685, 38.7391], [-122.7696, 38.7393]]], [[[-122.7702, 38.7372], [-122.7716, 38.7374], [-122.7715, 38.7369], [-122.7702, 38.7372]]], [[[-122.8182, 38.7369], [-122.8182, 38.7358], [-122.8171, 38.7356], [-122.8168, 38.7366], [-122.8178, 38.7363], [-122.8182, 38.7369]]], [[[-122.8164, 38.7356], [-122.8164, 38.7342], [-122.816, 38.7342], [-122.8157, 38.7356], [-122.8164, 38.7356]]], [[[-122.7666, 38.7351], [-122.7666, 38.7343], [-122.7656, 38.734], [-122.7656, 38.7346], [-122.7666, 38.7351]]], [[[-122.8074, 38.7333], [-122.8073, 38.7325], [-122.8059, 38.7326], [-122.806, 38.7331], [-122.8067, 38.7331], [-122.8074, 38.7333]], [[-122.807, 38.7328], [-122.8067, 38.7331], [-122.8066, 38.7328], [-122.807, 38.7328]]], [[[-122.7207, 38.7348], [-122.7206, 38.7334], [-122.7203, 38.7334], [-122.7196, 38.7345], [-122.7207, 38.7348]]], [[[-122.732, 38.7326], [-122.733, 38.7315], [-122.7316, 38.7316], [-122.7319, 38.7307], [-122.7295, 38.7308], [-122.7302, 38.7311], [-122.7299, 38.7319], [-122.732, 38.7326]]], [[[-122.7098, 38.7315], [-122.7112, 38.7307], [-122.7094, 38.7302], [-122.7098, 38.7315]]], [[[-122.7285, 38.7306], [-122.7277, 38.7298], [-122.7267, 38.7301], [-122.7267, 38.7303], [-122.7285, 38.7306]]], [[[-122.753, 38.7297], [-122.7533, 38.7284], [-122.7522, 38.7284], [-122.7519, 38.7295], [-122.753, 38.7297]]], [[[-122.7114, 38.7277], [-122.7124, 38.7274], [-122.7121, 38.7266], [-122.7117, 38.7272], [-122.711, 38.7269], [-122.7114, 38.7277]]], [[[-122.7018, 38.7285], [-122.7035, 38.7276], [-122.7042, 38.7279], [-122.7041, 38.7265], [-122.7035, 38.7273], [-122.701, 38.7266], [-122.7021, 38.7274], [-122.7018, 38.7285]]], [[[-122.7058, 38.7257], [-122.7047, 38.7246], [-122.7041, 38.7249], [-122.7048, 38.7251], [-122.7044, 38.7257], [-122.7058, 38.7257]]], [[[-122.7099, 38.725], [-122.7109, 38.7242], [-122.7102, 38.7234], [-122.7099, 38.725]]], [[[-122.7033, 38.7238], [-122.7029, 38.723], [-122.7019, 38.7231], [-122.7023, 38.7236], [-122.7033, 38.7238]]], [[[-122.7249, 38.7185], [-122.7249, 38.7177], [-122.7238, 38.7177], [-122.7239, 38.7182], [-122.7249, 38.7185]]], [[[-122.8476, 38.7103], [-122.8493, 38.7097], [-122.8479, 38.7094], [-122.8483, 38.71], [-122.8476, 38.7103]]], [[[-122.696, 38.7124], [-122.6974, 38.7118], [-122.6973, 38.7113], [-122.6963, 38.7116], [-122.696, 38.7124]]], [[[-122.6939, 38.7124], [-122.6946, 38.7113], [-122.6928, 38.7106], [-122.6929, 38.7116], [-122.6939, 38.7124]]], [[[-122.7156, 38.7103], [-122.7149, 38.7095], [-122.7132, 38.7098], [-122.7132, 38.7104], [-122.7156, 38.7103]]], [[[-122.8167, 38.7056], [-122.8163, 38.7045], [-122.8152, 38.7045], [-122.8153, 38.7051], [-122.8167, 38.7056]]], [[[-122.7997, 38.7038], [-122.7997, 38.7033], [-122.7979, 38.7036], [-122.7979, 38.7039], [-122.7997, 38.7038]]], [[[-122.7153, 38.7028], [-122.7164, 38.7022], [-122.7153, 38.702], [-122.7153, 38.7028]]], [[[-122.6994, 38.7023], [-122.7008, 38.702], [-122.7008, 38.7012], [-122.6994, 38.7018], [-122.6994, 38.7023]]], [[[-122.705, 38.7027], [-122.7053, 38.7019], [-122.7039, 38.7011], [-122.7043, 38.7022], [-122.7036, 38.7025], [-122.705, 38.7027]]], [[[-122.6963, 38.7008], [-122.6973, 38.7002], [-122.6959, 38.7002], [-122.6963, 38.7008]]], [[[-122.7025, 38.7017], [-122.7042, 38.7003], [-122.7018, 38.7006], [-122.7, 38.6993], [-122.6987, 38.7002], [-122.6994, 38.701], [-122.6997, 38.7004], [-122.7014, 38.7007], [-122.7025, 38.7017]]], [[[-122.6987, 38.7002], [-122.6986, 38.6991], [-122.6979, 38.6988], [-122.6973, 38.7002], [-122.6987, 38.7002]]], [[[-122.6921, 38.6998], [-122.6928, 38.6995], [-122.6927, 38.6987], [-122.692, 38.6987], [-122.6921, 38.6998]]], [[[-122.7966, 38.6947], [-122.7969, 38.6934], [-122.7958, 38.6934], [-122.7952, 38.6945], [-122.7966, 38.6947]]], [[[-122.6901, 38.6925], [-122.6911, 38.6928], [-122.6911, 38.692], [-122.6901, 38.6925]]], [[[-122.6791, 38.6947], [-122.6791, 38.6939], [-122.6804, 38.6933], [-122.6794, 38.693], [-122.6794, 38.6922], [-122.6784, 38.6928], [-122.6791, 38.6947]]], [[[-122.7938, 38.6848], [-122.7944, 38.684], [-122.7944, 38.6829], [-122.792, 38.6835], [-122.7924, 38.684], [-122.7934, 38.684], [-122.7931, 38.6845], [-122.7938, 38.6848]], [[-122.7937, 38.6837], [-122.7934, 38.684], [-122.7934, 38.6837], [-122.7937, 38.6837]], [[-122.7941, 38.6834], [-122.7937, 38.6837], [-122.7937, 38.6834], [-122.7941, 38.6834]], [[-122.7934, 38.6834], [-122.7927, 38.6837], [-122.7927, 38.6835], [-122.7934, 38.6834]]], [[[-122.7858, 38.6831], [-122.7865, 38.6839], [-122.7865, 38.6831], [-122.7858, 38.6831]]], [[[-122.7833, 38.681], [-122.7839, 38.6799], [-122.7832, 38.6796], [-122.7833, 38.681]]], [[[-122.7832, 38.6786], [-122.7835, 38.6777], [-122.7814, 38.6778], [-122.7814, 38.6783], [-122.7832, 38.6786]]], [[[-122.7769, 38.6768], [-122.7776, 38.6776], [-122.7776, 38.6768], [-122.7769, 38.6768]]], [[[-122.7838, 38.6775], [-122.7841, 38.6764], [-122.7821, 38.677], [-122.7821, 38.6772], [-122.7838, 38.6775]]], [[[-122.7333, 38.6754], [-122.734, 38.6745], [-122.7319, 38.6751], [-122.7319, 38.6754], [-122.7333, 38.6754]]], [[[-122.7516, 38.6747], [-122.7519, 38.6739], [-122.7509, 38.6736], [-122.7509, 38.6742], [-122.7516, 38.6747]]], [[[-122.6815, 38.676], [-122.6829, 38.6751], [-122.6812, 38.6746], [-122.6815, 38.676]]], [[[-122.7329, 38.6738], [-122.7326, 38.6732], [-122.7308, 38.6735], [-122.7309, 38.6738], [-122.7329, 38.6738]]], [[[-122.6787, 38.6747], [-122.6801, 38.6752], [-122.6801, 38.6741], [-122.6787, 38.6747]]], [[[-122.677, 38.675], [-122.677, 38.6742], [-122.6756, 38.6742], [-122.6763, 38.675], [-122.677, 38.675]]], [[[-122.6745, 38.6713], [-122.6744, 38.6702], [-122.6737, 38.6702], [-122.6738, 38.6713], [-122.6745, 38.6713]]], [[[-122.7548, 38.6684], [-122.7548, 38.6676], [-122.7541, 38.6676], [-122.7538, 38.6684], [-122.7548, 38.6684]]], [[[-122.6737, 38.6702], [-122.6748, 38.6697], [-122.6747, 38.6691], [-122.673, 38.6697], [-122.6737, 38.6702]]], [[[-122.7531, 38.6679], [-122.753, 38.6671], [-122.7517, 38.6669], [-122.7517, 38.6671], [-122.7531, 38.6679]]], [[[-122.6954, 38.6678], [-122.695, 38.6668], [-122.6943, 38.6668], [-122.6944, 38.6679], [-122.6954, 38.6678]]], [[[-122.7547, 38.6652], [-122.7551, 38.6657], [-122.7557, 38.6651], [-122.7547, 38.6652]]], [[[-122.7503, 38.6669], [-122.7506, 38.6658], [-122.7492, 38.665], [-122.7485, 38.6658], [-122.7499, 38.6661], [-122.7496, 38.6666], [-122.7503, 38.6669]]], [[[-122.7484, 38.6637], [-122.7512, 38.6639], [-122.7508, 38.6628], [-122.7491, 38.6626], [-122.7484, 38.6637]], [[-122.7508, 38.6636], [-122.7491, 38.6637], [-122.7491, 38.6634], [-122.7505, 38.6631], [-122.7508, 38.6636]]], [[[-122.666, 38.6572], [-122.666, 38.6563], [-122.6653, 38.6564], [-122.6653, 38.6572], [-122.666, 38.6572]]], [[[-122.6639, 38.655], [-122.6642, 38.6545], [-122.6632, 38.6542], [-122.6628, 38.6548], [-122.6639, 38.655]]], [[[-122.7422, 38.6444], [-122.7422, 38.6436], [-122.7415, 38.6436], [-122.7412, 38.6441], [-122.7422, 38.6444]]], [[[-122.7472, 38.6391], [-122.7475, 38.6383], [-122.7458, 38.6381], [-122.7458, 38.6386], [-122.7472, 38.6391]]], [[[-122.7454, 38.6373], [-122.7454, 38.6368], [-122.7447, 38.6365], [-122.7443, 38.637], [-122.7454, 38.6373]]], [[[-122.7529, 38.5793], [-122.7536, 38.5785], [-122.7525, 38.5783], [-122.7529, 38.5793]]], [[[-122.7435, 38.5685], [-122.7435, 38.5677], [-122.7442, 38.5671], [-122.7428, 38.5677], [-122.7435, 38.5685]]], [[[-122.7383, 38.5659], [-122.7382, 38.5648], [-122.7368, 38.5649], [-122.7365, 38.5659], [-122.7372, 38.5654], [-122.7383, 38.5659]]]]}, "properties": {"layer": "high_severity"}}, {"type": "Feature", "geometry": {"type": "MultiPolygon", "coordinates": [[[[-122.7927, 38.7847], [-122.7927, 38.7839], [-122.792, 38.7837], [-122.792, 38.7842], [-122.7927, 38.7847]]], [[[-122.7916, 38.7839], [-122.7919, 38.7826], [-122.7898, 38.7818], [-122.7899, 38.7829], [-122.7916, 38.7839]]], [[[-122.7794, 38.7812], [-122.7801, 38.781], [-122.7794, 38.7807], [-122.7794, 38.7812]]], [[[-122.795, 38.7809], [-122.7953, 38.7801], [-122.7949, 38.7801], [-122.795, 38.7809]]], [[[-122.7829, 38.7804], [-122.7832, 38.7806], [-122.7835, 38.7803], [-122.7829, 38.7804]]], [[[-122.7805, 38.7809], [-122.7804, 38.7804], [-122.7797, 38.7802], [-122.7798, 38.7807], [-122.7805, 38.7809]]], [[[-122.7932, 38.7804], [-122.7939, 38.7798], [-122.7936, 38.7798], [-122.7932, 38.7804]]], [[[-122.7867, 38.7827], [-122.7881, 38.7824], [-122.7884, 38.7816], [-122.7891, 38.7821], [-122.7891, 38.781], [-122.7905, 38.7815], [-122.7901, 38.7799], [-122.7863, 38.7805], [-122.7857, 38.7816], [-122.7867, 38.7827]], [[-122.7871, 38.7821], [-122.7864, 38.7814], [-122.7874, 38.7808], [-122.7874, 38.7811], [-122.7877, 38.7811], [-122.7877, 38.7813], [-122.7871, 38.7821]], [[-122.7884, 38.7813], [-122.7881, 38.7816], [-122.7881, 38.7813], [-122.7884, 38.7813]], [[-122.7888, 38.781], [-122.7884, 38.7813], [-122.7884, 38.781], [-122.7888, 38.781]], [[-122.7881, 38.7808], [-122.7877, 38.7811], [-122.7877, 38.7808], [-122.7881, 38.7808]]], [[[-122.7808, 38.782], [-122.7808, 38.7815], [-122.7822, 38.7817], [-122.7825, 38.7798], [-122.7815, 38.7801], [-122.7818, 38.7809], [-122.7811, 38.7807], [-122.7801, 38.7815], [-122.7808, 38.782]]], [[[-122.7894, 38.7794], [-122.7901, 38.7791], [-122.7894, 38.7789], [-122.7894, 38.7794]]], [[[-122.7808, 38.7801], [-122.7814, 38.7796], [-122.7814, 38.779], [-122.7807, 38.7791], [-122.7808, 38.7801]]], [[[-122.7922, 38.7801], [-122.7925, 38.7796], [-122.7918, 38.7796], [-122.7914, 38.7785], [-122.7914, 38.7788], [-122.7908, 38.7791], [-122.7905, 38.7802], [-122.7922, 38.7801]], [[-122.7915, 38.7791], [-122.7911, 38.7794], [-122.7911, 38.7791], [-122.7915, 38.7791]]], [[[-122.7842, 38.7792], [-122.7838, 38.7787], [-122.7832, 38.779], [-122.7832, 38.7793], [-122.7842, 38.7792]]], [[[-122.7908, 38.7791], [-122.7907, 38.7783], [-122.7897, 38.7786], [-122.7901, 38.7791], [-122.7908, 38.7791]]], [[[-122.7914, 38.7785], [-122.7914, 38.778], [-122.7907, 38.778], [-122.7907, 38.7783], [-122.7914, 38.7785]]], [[[-122.8032, 38.7791], [-122.8032, 38.7775], [-122.8025, 38.7775], [-122.8021, 38.7783], [-122.8032, 38.7791]]], [[[-122.7883, 38.7786], [-122.7897, 38.7783], [-122.7886, 38.7778], [-122.7883, 38.7786]]], [[[-122.7931, 38.7777], [-122.7938, 38.7779], [-122.7938, 38.7774], [-122.7931, 38.7777]]], [[[-122.7852, 38.7787], [-122.7852, 38.7781], [-122.7855, 38.7776], [-122.7842, 38.7782], [-122.7842, 38.7787], [-122.7852, 38.7787]]], [[[-122.7772, 38.7778], [-122.7776, 38.7772], [-122.7765, 38.7773], [-122.7765, 38.7775], [-122.7772, 38.7778]]], [[[-122.7948, 38.7771], [-122.7948, 38.7766], [-122.7934, 38.7769], [-122.7935, 38.7771], [-122.7948, 38.7771]]], [[[-122.7848, 38.7773], [-122.7858, 38.777], [-122.7858, 38.7762], [-122.7844, 38.7765], [-122.7848, 38.7773]]], [[[-122.7941, 38.776], [-122.7945, 38.7763], [-122.7948, 38.776], [-122.7941, 38.776]]], [[[-122.7928, 38.7772], [-122.7927, 38.7763], [-122.7934, 38.7761], [-122.792, 38.7764], [-122.7928, 38.7772]]], [[[-122.7893, 38.7762], [-122.7892, 38.7753], [-122.7896, 38.7751], [-122.7889, 38.7751], [-122.7893, 38.7762]]], [[[-122.7847, 38.7738], [-122.7847, 38.7733], [-122.784, 38.773], [-122.784, 38.7736], [-122.7847, 38.7738]]], [[[-122.7753, 38.7735], [-122.7753, 38.773], [-122.7764, 38.7729], [-122.776, 38.7721], [-122.775, 38.7727], [-122.7753, 38.7735]]], [[[-122.8195, 38.763], [-122.8195, 38.7625], [-122.8188, 38.7622], [-122.8185, 38.7631], [-122.8195, 38.763]]], [[[-122.8185, 38.762], [-122.8195, 38.7611], [-122.8188, 38.7609], [-122.8185, 38.762]]], [[[-122.8209, 38.7614], [-122.8208, 38.7606], [-122.8201, 38.7606], [-122.8198, 38.7614], [-122.8209, 38.7614]]], [[[-122.8154, 38.7623], [-122.8157, 38.7615], [-122.8167, 38.762], [-122.8174, 38.7604], [-122.8157, 38.7607], [-122.8149, 38.7599], [-122.8139, 38.7607], [-122.8132, 38.7597], [-122.8111, 38.7597], [-122.8125, 38.7605], [-122.8122, 38.761], [-122.8136, 38.7607], [-122.8154, 38.7623]], [[-122.8153, 38.7604], [-122.815, 38.761], [-122.815, 38.7604], [-122.8153, 38.7604]]], [[[-122.8201, 38.7601], [-122.8201, 38.759], [-122.8184, 38.7596], [-122.8184, 38.7598], [-122.8201, 38.7601]]], [[[-122.8184, 38.7596], [-122.818, 38.759], [-122.8173, 38.759], [-122.8173, 38.7596], [-122.8184, 38.7596]]], [[[-122.8163, 38.7599], [-122.8166, 38.7591], [-122.8156, 38.7588], [-122.8156, 38.7593], [-122.8163, 38.7599]]], [[[-122.8111, 38.7597], [-122.8111, 38.7589], [-122.8101, 38.7592], [-122.8101, 38.7597], [-122.8111, 38.7597]]], [[[-122.8101, 38.7592], [-122.8118, 38.7581], [-122.8114, 38.7573], [-122.8097, 38.7579], [-122.8101, 38.7592]]], [[[-122.8149, 38.7588], [-122.8169, 38.7582], [-122.8155, 38.7566], [-122.8141, 38.7567], [-122.8118, 38.7581], [-122.8128, 38.7589], [-122.8128, 38.7583], [-122.8131, 38.7583], [-122.8131, 38.7578], [-122.8135, 38.7578], [-122.8149, 38.7588]], [[-122.8152, 38.758], [-122.8149, 38.7583], [-122.8149, 38.758], [-122.8152, 38.758]], [[-122.8138, 38.7575], [-122.8135, 38.7578], [-122.8135, 38.7575], [-122.8138, 38.7575]]], [[[-122.8062, 38.7577], [-122.8075, 38.7566], [-122.8058, 38.7558], [-122.8048, 38.7577], [-122.8062, 38.7577]], [[-122.8065, 38.7563], [-122.8058, 38.7566], [-122.8058, 38.7563], [-122.8065, 38.7563]]], [[[-122.8034, 38.7558], [-122.8041, 38.7558], [-122.8044, 38.7556], [-122.8034, 38.7558]]], [[[-122.8048, 38.7569], [-122.8048, 38.7561], [-122.8058, 38.7553], [-122.8044, 38.7558], [-122.8041, 38.7569], [-122.8048, 38.7569]]], [[[-122.8154, 38.7537], [-122.815, 38.7531], [-122.8143, 38.7532], [-122.8147, 38.7537], [-122.8154, 38.7537]]], [[[-122.8126, 38.7532], [-122.8122, 38.7527], [-122.8116, 38.753], [-122.8116, 38.7532], [-122.8126, 38.7532]]], [[[-122.801, 38.757], [-122.8027, 38.7564], [-122.802, 38.7556], [-122.8051, 38.755], [-122.804, 38.7542], [-122.8043, 38.7529], [-122.8036, 38.7526], [-122.8029, 38.7534], [-122.7995, 38.7538], [-122.7988, 38.7546], [-122.7995, 38.7551], [-122.7989, 38.7557], [-122.7989, 38.757], [-122.8, 38.757], [-122.8002, 38.7554], [-122.8006, 38.7554], [-122.8006, 38.7565], [-122.8013, 38.7562], [-122.801, 38.757]], [[-122.802, 38.7559], [-122.8017, 38.7562], [-122.8016, 38.7559], [-122.802, 38.7559]], [[-122.8013, 38.7556], [-122.801, 38.7559], [-122.8009, 38.7556], [-122.8013, 38.7556]], [[-122.7996, 38.7557], [-122.7992, 38.7559], [-122.7992, 38.7557], [-122.7996, 38.7557]], [[-122.8016, 38.7553], [-122.8013, 38.7556], [-122.8013, 38.7554], [-122.8016, 38.7553]], [[-122.8033, 38.7548], [-122.802, 38.7553], [-122.8019, 38.7545], [-122.8033, 38.7548]], [[-122.8009, 38.7548], [-122.8006, 38.7554], [-122.8006, 38.7548], [-122.8009, 38.7548]], [[-122.8016, 38.7545], [-122.8013, 38.7548], [-122.8012, 38.7545], [-122.8016, 38.7545]], [[-122.8009, 38.7543], [-122.8006, 38.7546], [-122.8005, 38.7543], [-122.8009, 38.7543]], [[-122.8019, 38.754], [-122.8016, 38.7543], [-122.8016, 38.754], [-122.8019, 38.754]]], [[[-122.8022, 38.7534], [-122.8022, 38.7526], [-122.8005, 38.7524], [-122.8008, 38.7532], [-122.8022, 38.7534]]], [[[-122.814, 38.7537], [-122.8143, 38.7526], [-122.8136, 38.7521], [-122.8126, 38.7535], [-122.814, 38.7537]]], [[[-122.7988, 38.7546], [-122.7988, 38.7538], [-122.8005, 38.7529], [-122.7998, 38.7524], [-122.7967, 38.7525], [-122.7971, 38.7546], [-122.7974, 38.7544], [-122.7981, 38.7544], [-122.7988, 38.7546]], [[-122.7985, 38.7541], [-122.7981, 38.7544], [-122.7981, 38.7541], [-122.7985, 38.7541]], [[-122.7988, 38.7535], [-122.7985, 38.7538], [-122.7984, 38.7535], [-122.7988, 38.7535]], [[-122.7995, 38.753], [-122.7991, 38.7532], [-122.7991, 38.753], [-122.7995, 38.753]], [[-122.7988, 38.753], [-122.7981, 38.7533], [-122.7981, 38.753], [-122.7988, 38.753]], [[-122.7977, 38.753], [-122.7974, 38.7533], [-122.7974, 38.753], [-122.7977, 38.753]], [[-122.7991, 38.7527], [-122.7988, 38.753], [-122.7988, 38.7527], [-122.7991, 38.7527]]], [[[-122.8129, 38.7527], [-122.8136, 38.7521], [-122.8132, 38.7516], [-122.8122, 38.7519], [-122.8129, 38.7527]]], [[[-122.8005, 38.7524], [-122.8015, 38.7521], [-122.8018, 38.7516], [-122.8001, 38.7519], [-122.8005, 38.7524]]], [[[-122.8215, 38.7519], [-122.8222, 38.7514], [-122.8218, 38.7508], [-122.8205, 38.7517], [-122.8215, 38.7519]]], [[[-122.8098, 38.7517], [-122.8104, 38.7511], [-122.8101, 38.7511], [-122.8098, 38.7517]]], [[[-122.8125, 38.7513], [-122.8128, 38.7505], [-122.8125, 38.7505], [-122.8125, 38.7513]]], [[[-122.8029, 38.7529], [-122.8036, 38.7521], [-122.805, 38.752], [-122.8039, 38.7518], [-122.8046, 38.7515], [-122.8039, 38.7507], [-122.8022, 38.7513], [-122.8029, 38.7515], [-122.8022, 38.7521], [-122.8029, 38.7529]], [[-122.8036, 38.7515], [-122.8032, 38.7518], [-122.8032, 38.7515], [-122.8036, 38.7515]]], [[[-122.8039, 38.7507], [-122.8045, 38.7502], [-122.8038, 38.7502], [-122.8039, 38.7507]]], [[[-122.8122, 38.7505], [-122.8121, 38.75], [-122.8114, 38.7497], [-122.8111, 38.7503], [-122.8122, 38.7505]]], [[[-122.797, 38.7509], [-122.7962, 38.7501], [-122.7945, 38.7501], [-122.7952, 38.7506], [-122.797, 38.7509]]], [[[-122.8075, 38.7563], [-122.8082, 38.7552], [-122.8099, 38.7549], [-122.8089, 38.7546], [-122.8092, 38.7538], [-122.8078, 38.7539], [-122.8091, 38.7527], [-122.8088, 38.7519], [-122.8094, 38.7519], [-122.8084, 38.7511], [-122.8097, 38.7508], [-122.8094, 38.75], [-122.8087, 38.7503], [-122.8087, 38.7495], [-122.8073, 38.7495], [-122.8087, 38.7509], [-122.807, 38.7506], [-122.807, 38.7514], [-122.806, 38.7512], [-122.8053, 38.7518], [-122.8053, 38.7523], [-122.8064, 38.7525], [-122.8064, 38.7533], [-122.8057, 38.7534], [-122.8064, 38.7539], [-122.8057, 38.7539], [-122.8054, 38.7547], [-122.8061, 38.7544], [-122.8075, 38.7563]], [[-122.8078, 38.7544], [-122.8071, 38.7547], [-122.8071, 38.7544], [-122.8078, 38.7544]], [[-122.8071, 38.7539], [-122.8068, 38.7542], [-122.8068, 38.7539], [-122.8071, 38.7539]], [[-122.8078, 38.7533], [-122.8074, 38.7536], [-122.8074, 38.7533], [-122.8078, 38.7533]], [[-122.8084, 38.7525], [-122.8077, 38.7528], [-122.8077, 38.7525], [-122.8084, 38.7525]], [[-122.8063, 38.7517], [-122.806, 38.7523], [-122.806, 38.7517], [-122.8063, 38.7517]], [[-122.808, 38.7514], [-122.8077, 38.7517], [-122.8077, 38.7514], [-122.808, 38.7514]]], [[[-122.8125, 38.75], [-122.8125, 38.7494], [-122.8118, 38.7492], [-122.8118, 38.7497], [-122.8125, 38.75]]], [[[-122.7993, 38.75], [-122.8, 38.7494], [-122.7993, 38.7495], [-122.7993, 38.75]]], [[[-122.7973, 38.75], [-122.798, 38.7498], [-122.7973, 38.7495], [-122.7973, 38.75]]], [[[-122.8066, 38.7498], [-122.8069, 38.7493], [-122.8059, 38.749], [-122.8056, 38.7496], [-122.8066, 38.7498]]], [[[-122.8028, 38.7497], [-122.8028, 38.7491], [-122.8021, 38.7489], [-122.8018, 38.7497], [-122.8028, 38.7497]]], [[[-122.8166, 38.7491], [-122.8166, 38.7485], [-122.8155, 38.7485], [-122.8155, 38.7488], [-122.8166, 38.7491]]], [[[-122.8, 38.7494], [-122.8007, 38.7492], [-122.8, 38.7489], [-122.8, 38.7494]]], [[[-122.8093, 38.7492], [-122.8097, 38.7484], [-122.8093, 38.7484], [-122.8093, 38.7492]]], [[[-122.8028, 38.7491], [-122.8034, 38.7488], [-122.8027, 38.7486], [-122.8028, 38.7491]]], [[[-122.8152, 38.748], [-122.8155, 38.7483], [-122.8159, 38.748], [-122.8152, 38.748]]], [[[-122.8176, 38.748], [-122.8183, 38.7479], [-122.819, 38.7477], [-122.8176, 38.748]]], [[[-122.812, 38.7473], [-122.8127, 38.7475], [-122.8127, 38.747], [-122.812, 38.7473]]], [[[-122.8287, 38.7493], [-122.8283, 38.7483], [-122.831, 38.7474], [-122.8296, 38.7463], [-122.8276, 38.7469], [-122.8265, 38.7459], [-122.8258, 38.7467], [-122.828, 38.7477], [-122.8273, 38.7491], [-122.8287, 38.7493]], [[-122.8286, 38.7474], [-122.8279, 38.7472], [-122.8286, 38.7469], [-122.8286, 38.7474]], [[-122.8296, 38.7466], [-122.8293, 38.7469], [-122.8293, 38.7466], [-122.8296, 38.7466]]], [[[-122.8049, 38.7493], [-122.8048, 38.7488], [-122.8062, 38.7485], [-122.8062, 38.7477], [-122.8048, 38.748], [-122.8034, 38.7469], [-122.8037, 38.7464], [-122.8023, 38.7467], [-122.8024, 38.7483], [-122.8045, 38.748], [-122.8034, 38.7488], [-122.8049, 38.7493]], [[-122.8034, 38.7469], [-122.803, 38.7472], [-122.803, 38.7469], [-122.8034, 38.7469]]], [[[-122.8137, 38.747], [-122.8137, 38.7459], [-122.8134, 38.7459], [-122.8131, 38.747], [-122.8137, 38.747]]], [[[-122.812, 38.747], [-122.812, 38.7459], [-122.8113, 38.7454], [-122.8095, 38.7454], [-122.8096, 38.7463], [-122.811, 38.7468], [-122.8113, 38.7459], [-122.812, 38.747]]], [[[-122.823, 38.7457], [-122.823, 38.7451], [-122.8223, 38.7451], [-122.8223, 38.7454], [-122.823, 38.7457]]], [[[-122.8075, 38.7468], [-122.8078, 38.746], [-122.8071, 38.7455], [-122.8047, 38.7453], [-122.8058, 38.7469], [-122.8075, 38.7468]]], [[[-122.8127, 38.7456], [-122.8133, 38.7451], [-122.813, 38.7451], [-122.8127, 38.7456]]], [[[-122.7992, 38.7462], [-122.7999, 38.7457], [-122.7978, 38.7454], [-122.7978, 38.746], [-122.7992, 38.7462]]], [[[-122.8147, 38.7459], [-122.8154, 38.7453], [-122.8144, 38.7448], [-122.8137, 38.7456], [-122.8147, 38.7459]]], [[[-122.8085, 38.7447], [-122.8106, 38.7449], [-122.8105, 38.7443], [-122.8088, 38.7441], [-122.8085, 38.7447]]], [[[-122.8154, 38.7445], [-122.8161, 38.7439], [-122.8157, 38.744], [-122.8154, 38.7445]]], [[[-122.8071, 38.7452], [-122.8071, 38.7439], [-122.806, 38.7436], [-122.806, 38.7444], [-122.8047, 38.7442], [-122.8057, 38.7453], [-122.8071, 38.7452]]], [[[-122.8088, 38.7441], [-122.8084, 38.7436], [-122.8077, 38.7436], [-122.8081, 38.7441], [-122.8088, 38.7441]]], [[[-122.7994, 38.7419], [-122.8007, 38.7413], [-122.7994, 38.7416], [-122.7994, 38.7419]]], [[[-122.7935, 38.7412], [-122.7945, 38.7409], [-122.7935, 38.741], [-122.7935, 38.7412]]], [[[-122.806, 38.7331], [-122.807, 38.7325], [-122.8059, 38.7326], [-122.806, 38.7331]]]]}, "properties": {"layer": "interior"}}, {"type": "Feature", "geometry": {"type": "Polygon", "coordinates": [[[-122.806, 38.7331], [-122.8063, 38.7326], [-122.8059, 38.7326], [-122.806, 38.7331]]]}, "properties": {"layer": "cell", "cell_id": "352_1000", "seed_zone": "352", "elevation_band": "1000–1500 ft"}}, {"type": "Feature", "geometry": {"type": "MultiPolygon", "coordinates": [[[[-122.7971, 38.7546], [-122.7974, 38.7538], [-122.7971, 38.7538], [-122.7971, 38.7546]]], [[[-122.8063, 38.7326], [-122.8066, 38.7328], [-122.807, 38.7325], [-122.8063, 38.7326]]]]}, "properties": {"layer": "cell", "cell_id": "352_1500", "seed_zone": "352", "elevation_band": "1500–2000 ft"}}, {"type": "Feature", "geometry": {"type": "MultiPolygon", "coordinates": [[[[-122.7857, 38.7816], [-122.7863, 38.7811], [-122.7857, 38.7811], [-122.7857, 38.7816]]], [[[-122.7808, 38.782], [-122.7808, 38.7815], [-122.7822, 38.7817], [-122.7825, 38.7806], [-122.7811, 38.7807], [-122.7801, 38.7815], [-122.7808, 38.782]]], [[[-122.7794, 38.7812], [-122.7801, 38.781], [-122.7794, 38.7807], [-122.7794, 38.7812]]], [[[-122.7829, 38.7804], [-122.7832, 38.7806], [-122.7835, 38.7803], [-122.7829, 38.7804]]], [[[-122.7805, 38.7809], [-122.7804, 38.7804], [-122.7797, 38.7802], [-122.7798, 38.7807], [-122.7805, 38.7809]]], [[[-122.8195, 38.763], [-122.8195, 38.7625], [-122.8188, 38.7622], [-122.8185, 38.7631], [-122.8195, 38.763]]], [[[-122.8185, 38.762], [-122.8195, 38.7611], [-122.8188, 38.7609], [-122.8185, 38.762]]], [[[-122.8209, 38.7614], [-122.8208, 38.7606], [-122.8201, 38.7606], [-122.8198, 38.7614], [-122.8209, 38.7614]]], [[[-122.8154, 38.7623], [-122.8157, 38.7615], [-122.8167, 38.762], [-122.8174, 38.7604], [-122.8157, 38.7607], [-122.8149, 38.7599], [-122.8139, 38.7607], [-122.8132, 38.7597], [-122.8111, 38.7597], [-122.8118, 38.7605], [-122.8136, 38.7607], [-122.814, 38.7615], [-122.815, 38.7615], [-122.8147, 38.7621], [-122.8154, 38.7623]], [[-122.8153, 38.7604], [-122.815, 38.761], [-122.815, 38.7604], [-122.8153, 38.7604]]], [[[-122.8111, 38.7597], [-122.8111, 38.7589], [-122.8101, 38.7592], [-122.8101, 38.7597], [-122.8111, 38.7597]]], [[[-122.8138, 38.758], [-122.8142, 38.7583], [-122.8145, 38.758], [-122.8138, 38.758]]], [[[-122.8128, 38.7589], [-122.8131, 38.7583], [-122.8131, 38.7575], [-122.8118, 38.7581], [-122.8128, 38.7589]]], [[[-122.8101, 38.7592], [-122.8118, 38.7581], [-122.8114, 38.7573], [-122.8097, 38.7579], [-122.8101, 38.7592]]], [[[-122.8062, 38.7577], [-122.8075, 38.7566], [-122.8058, 38.7558], [-122.8048, 38.7577], [-122.8062, 38.7577]], [[-122.8065, 38.7563], [-122.8058, 38.7566], [-122.8058, 38.7563], [-122.8065, 38.7563]]], [[[-122.8034, 38.7558], [-122.8041, 38.7558], [-122.8044, 38.7556], [-122.8034, 38.7558]]], [[[-122.8048, 38.7569], [-122.8048, 38.7561], [-122.8058, 38.7553], [-122.8044, 38.7558], [-122.8041, 38.7569], [-122.8048, 38.7569]]], [[[-122.8075, 38.7563], [-122.8089, 38.7546], [-122.8064, 38.7528], [-122.8057, 38.7534], [-122.8064, 38.7539], [-122.8057, 38.7539], [-122.8054, 38.7547], [-122.8061, 38.7544], [-122.8075, 38.7563]], [[-122.8078, 38.7544], [-122.8071, 38.7547], [-122.8071, 38.7544], [-122.8078, 38.7544]], [[-122.8071, 38.7539], [-122.8068, 38.7542], [-122.8068, 38.7539], [-122.8071, 38.7539]]], [[[-122.801, 38.757], [-122.8027, 38.7564], [-122.802, 38.7556], [-122.8051, 38.755], [-122.804, 38.7542], [-122.8043, 38.7529], [-122.8036, 38.7526], [-122.8029, 38.7534], [-122.7995, 38.7538], [-122.7988, 38.7546], [-122.7995, 38.7551], [-122.7989, 38.7557], [-122.7989, 38.757], [-122.8, 38.757], [-122.8002, 38.7554], [-122.8006, 38.7554], [-122.8006, 38.7565], [-122.8013, 38.7562], [-122.801, 38.757]], [[-122.802, 38.7559], [-122.8017, 38.7562], [-122.8016, 38.7559], [-122.802, 38.7559]], [[-122.8013, 38.7556], [-122.801, 38.7559], [-122.8009, 38.7556], [-122.8013, 38.7556]], [[-122.7996, 38.7557], [-122.7992, 38.7559], [-122.7992, 38.7557], [-122.7996, 38.7557]], [[-122.8016, 38.7553], [-122.8013, 38.7556], [-122.8013, 38.7554], [-122.8016, 38.7553]], [[-122.8033, 38.7548], [-122.802, 38.7553], [-122.8019, 38.7545], [-122.8033, 38.7548]], [[-122.8009, 38.7548], [-122.8006, 38.7554], [-122.8006, 38.7548], [-122.8009, 38.7548]], [[-122.8016, 38.7545], [-122.8013, 38.7548], [-122.8012, 38.7545], [-122.8016, 38.7545]], [[-122.8009, 38.7543], [-122.8006, 38.7546], [-122.8005, 38.7543], [-122.8009, 38.7543]], [[-122.8019, 38.754], [-122.8016, 38.7543], [-122.8016, 38.754], [-122.8019, 38.754]]], [[[-122.8022, 38.7534], [-122.8022, 38.7526], [-122.8005, 38.7524], [-122.8008, 38.7532], [-122.8022, 38.7534]]], [[[-122.7988, 38.7546], [-122.7988, 38.7538], [-122.8005, 38.7529], [-122.7998, 38.7524], [-122.7967, 38.7525], [-122.7974, 38.7544], [-122.7981, 38.7544], [-122.7988, 38.7546]], [[-122.7985, 38.7541], [-122.7981, 38.7544], [-122.7981, 38.7541], [-122.7985, 38.7541]], [[-122.7988, 38.7535], [-122.7985, 38.7538], [-122.7984, 38.7535], [-122.7988, 38.7535]], [[-122.7995, 38.753], [-122.7991, 38.7532], [-122.7991, 38.753], [-122.7995, 38.753]], [[-122.7988, 38.753], [-122.7981, 38.7533], [-122.7981, 38.753], [-122.7988, 38.753]], [[-122.7977, 38.753], [-122.7974, 38.7533], [-122.7974, 38.753], [-122.7977, 38.753]], [[-122.7991, 38.7527], [-122.7988, 38.753], [-122.7988, 38.7527], [-122.7991, 38.7527]]], [[[-122.8005, 38.7524], [-122.8015, 38.7521], [-122.8018, 38.7516], [-122.8001, 38.7519], [-122.8005, 38.7524]]], [[[-122.8029, 38.7529], [-122.8036, 38.7521], [-122.8049, 38.7518], [-122.8022, 38.7513], [-122.8029, 38.7515], [-122.8022, 38.7521], [-122.8029, 38.7529]]], [[[-122.797, 38.7509], [-122.7962, 38.7501], [-122.7945, 38.7501], [-122.7952, 38.7506], [-122.797, 38.7509]]], [[[-122.7993, 38.75], [-122.8, 38.7494], [-122.7993, 38.7495], [-122.7993, 38.75]]], [[[-122.7973, 38.75], [-122.798, 38.7498], [-122.7973, 38.7495], [-122.7973, 38.75]]], [[[-122.8, 38.7494], [-122.8007, 38.7492], [-122.8, 38.7489], [-122.8, 38.7494]]], [[[-122.828, 38.7477], [-122.8279, 38.7472], [-122.8272, 38.7472], [-122.8273, 38.7475], [-122.828, 38.7477]]], [[[-122.8287, 38.7493], [-122.8283, 38.7483], [-122.829, 38.7477], [-122.8311, 38.7476], [-122.8303, 38.7466], [-122.8289, 38.7466], [-122.8273, 38.7485], [-122.8273, 38.7491], [-122.8287, 38.7493]]], [[[-122.7989, 38.7462], [-122.7988, 38.7454], [-122.7978, 38.7454], [-122.7978, 38.746], [-122.7989, 38.7462]]], [[[-122.8004, 38.7419], [-122.8004, 38.7413], [-122.7994, 38.7416], [-122.7994, 38.7419], [-122.8004, 38.7419]]], [[[-122.7935, 38.7412], [-122.7945, 38.7409], [-122.7935, 38.741], [-122.7935, 38.7412]]]]}, "properties": {"layer": "cell", "cell_id": "352_2000", "seed_zone": "352", "elevation_band": "2000–2500 ft"}}, {"type": "Feature", "geometry": {"type": "MultiPolygon", "coordinates": [[[[-122.7927, 38.7847], [-122.7927, 38.7839], [-122.792, 38.7837], [-122.792, 38.7842], [-122.7927, 38.7847]]], [[[-122.7916, 38.7839], [-122.7919, 38.7826], [-122.7898, 38.7818], [-122.7899, 38.7829], [-122.7916, 38.7839]]], [[[-122.795, 38.7809], [-122.7953, 38.7801], [-122.7949, 38.7801], [-122.795, 38.7809]]], [[[-122.7932, 38.7804], [-122.7939, 38.7798], [-122.7936, 38.7798], [-122.7932, 38.7804]]], [[[-122.7881, 38.7824], [-122.7884, 38.7816], [-122.7891, 38.7821], [-122.7891, 38.781], [-122.7905, 38.7815], [-122.7901, 38.7799], [-122.7863, 38.7805], [-122.7864, 38.7814], [-122.787, 38.7808], [-122.7877, 38.7811], [-122.7871, 38.7821], [-122.786, 38.7816], [-122.7864, 38.7824], [-122.7881, 38.7824]], [[-122.7884, 38.7813], [-122.7881, 38.7816], [-122.7881, 38.7813], [-122.7884, 38.7813]], [[-122.7888, 38.781], [-122.7884, 38.7813], [-122.7884, 38.781], [-122.7888, 38.781]], [[-122.7881, 38.7808], [-122.7877, 38.7811], [-122.7877, 38.7808], [-122.7881, 38.7808]]], [[[-122.7825, 38.7806], [-122.7825, 38.7798], [-122.7818, 38.7798], [-122.7815, 38.7804], [-122.7825, 38.7806]]], [[[-122.7894, 38.7794], [-122.7901, 38.7791], [-122.7894, 38.7789], [-122.7894, 38.7794]]], [[[-122.7808, 38.7801], [-122.7814, 38.7796], [-122.7814, 38.779], [-122.7807, 38.7791], [-122.7808, 38.7801]]], [[[-122.7922, 38.7801], [-122.7925, 38.7796], [-122.7918, 38.7796], [-122.7914, 38.7785], [-122.7914, 38.7788], [-122.7908, 38.7791], [-122.7905, 38.7802], [-122.7922, 38.7801]], [[-122.7915, 38.7791], [-122.7911, 38.7794], [-122.7911, 38.7791], [-122.7915, 38.7791]]], [[[-122.7842, 38.7792], [-122.7838, 38.7787], [-122.7832, 38.779], [-122.7832, 38.7793], [-122.7842, 38.7792]]], [[[-122.7908, 38.7791], [-122.7907, 38.7783], [-122.7897, 38.7786], [-122.7901, 38.7791], [-122.7908, 38.7791]]], [[[-122.7914, 38.7785], [-122.7914, 38.778], [-122.7907, 38.778], [-122.7907, 38.7783], [-122.7914, 38.7785]]], [[[-122.7883, 38.7786], [-122.7897, 38.7783], [-122.7886, 38.7778], [-122.7883, 38.7786]]], [[[-122.7852, 38.7787], [-122.7852, 38.7781], [-122.7855, 38.7776], [-122.7842, 38.7782], [-122.7842, 38.7787], [-122.7852, 38.7787]]], [[[-122.7772, 38.7778], [-122.7776, 38.7772], [-122.7765, 38.7773], [-122.7765, 38.7775], [-122.7772, 38.7778]]], [[[-122.7848, 38.7773], [-122.7858, 38.777], [-122.7858, 38.7762], [-122.7844, 38.7765], [-122.7848, 38.7773]]], [[[-122.7893, 38.7762], [-122.7892, 38.7753], [-122.7896, 38.7751], [-122.7889, 38.7751], [-122.7893, 38.7762]]], [[[-122.775, 38.7735], [-122.7753, 38.7727], [-122.775, 38.7727], [-122.775, 38.7735]]], [[[-122.8201, 38.7601], [-122.8201, 38.759], [-122.8184, 38.7596], [-122.8184, 38.7598], [-122.8201, 38.7601]]], [[[-122.8184, 38.7596], [-122.818, 38.759], [-122.8173, 38.759], [-122.8173, 38.7596], [-122.8184, 38.7596]]], [[[-122.8163, 38.7599], [-122.8166, 38.7591], [-122.8156, 38.7588], [-122.8156, 38.7593], [-122.8163, 38.7599]]], [[[-122.8166, 38.7585], [-122.8162, 38.7569], [-122.8141, 38.7567], [-122.8131, 38.7572], [-122.8131, 38.7578], [-122.8138, 38.7575], [-122.8138, 38.758], [-122.8145, 38.758], [-122.8145, 38.7583], [-122.8149, 38.7583], [-122.8149, 38.7586], [-122.8166, 38.7585]], [[-122.8152, 38.758], [-122.8149, 38.7583], [-122.8149, 38.758], [-122.8152, 38.758]]], [[[-122.8089, 38.7549], [-122.8099, 38.7546], [-122.8089, 38.7546], [-122.8089, 38.7549]]], [[[-122.8085, 38.7541], [-122.8092, 38.7544], [-122.8092, 38.7538], [-122.8085, 38.7541]]], [[[-122.8154, 38.7537], [-122.815, 38.7531], [-122.8143, 38.7532], [-122.8147, 38.7537], [-122.8154, 38.7537]]], [[[-122.8126, 38.7532], [-122.8122, 38.7527], [-122.8116, 38.753], [-122.8116, 38.7532], [-122.8126, 38.7532]]], [[[-122.814, 38.7537], [-122.8143, 38.7526], [-122.8136, 38.7521], [-122.8126, 38.7535], [-122.814, 38.7537]]], [[[-122.8129, 38.7527], [-122.8136, 38.7521], [-122.8132, 38.7516], [-122.8122, 38.7519], [-122.8129, 38.7527]]], [[[-122.8215, 38.7519], [-122.8222, 38.7514], [-122.8218, 38.7508], [-122.8205, 38.7517], [-122.8215, 38.7519]]], [[[-122.8098, 38.7517], [-122.8104, 38.7511], [-122.8101, 38.7511], [-122.8098, 38.7517]]], [[[-122.8125, 38.7513], [-122.8128, 38.7505], [-122.8125, 38.7505], [-122.8125, 38.7513]]], [[[-122.8046, 38.7515], [-122.8039, 38.7507], [-122.8032, 38.751], [-122.8032, 38.7515], [-122.8046, 38.7515]]], [[[-122.8039, 38.7507], [-122.8045, 38.7502], [-122.8038, 38.7502], [-122.8039, 38.7507]]], [[[-122.8122, 38.7505], [-122.8121, 38.75], [-122.8114, 38.7497], [-122.8111, 38.7503], [-122.8122, 38.7505]]], [[[-122.8081, 38.7536], [-122.8091, 38.7527], [-122.8088, 38.7519], [-122.8094, 38.7519], [-122.8084, 38.7511], [-122.8097, 38.7508], [-122.8094, 38.75], [-122.8087, 38.7503], [-122.8087, 38.7495], [-122.8073, 38.7495], [-122.8087, 38.7509], [-122.807, 38.7506], [-122.807, 38.7514], [-122.806, 38.7512], [-122.8053, 38.7518], [-122.8057, 38.7526], [-122.8081, 38.7536]], [[-122.8084, 38.7525], [-122.8077, 38.7528], [-122.8077, 38.7525], [-122.8084, 38.7525]], [[-122.8063, 38.7517], [-122.806, 38.7523], [-122.806, 38.7517], [-122.8063, 38.7517]], [[-122.808, 38.7514], [-122.8077, 38.7517], [-122.8077, 38.7514], [-122.808, 38.7514]]], [[[-122.8066, 38.7498], [-122.8069, 38.7493], [-122.8059, 38.749], [-122.8056, 38.7496], [-122.8066, 38.7498]]], [[[-122.8028, 38.7497], [-122.8028, 38.7491], [-122.8021, 38.7489], [-122.8018, 38.7497], [-122.8028, 38.7497]]], [[[-122.8166, 38.7491], [-122.8166, 38.7485], [-122.8155, 38.7485], [-122.8155, 38.7488], [-122.8166, 38.7491]]], [[[-122.8028, 38.7491], [-122.8034, 38.7488], [-122.8027, 38.7486], [-122.8028, 38.7491]]], [[[-122.8152, 38.748], [-122.8155, 38.7483], [-122.8159, 38.748], [-122.8152, 38.748]]], [[[-122.8176, 38.748], [-122.8183, 38.7479], [-122.819, 38.7477], [-122.8176, 38.748]]], [[[-122.812, 38.7473], [-122.8124, 38.7475], [-122.8127, 38.7473], [-122.812, 38.7473]]], [[[-122.8283, 38.7472], [-122.8293, 38.7463], [-122.8279, 38.7469], [-122.8268, 38.7459], [-122.8258, 38.7464], [-122.8283, 38.7472]]], [[[-122.8131, 38.747], [-122.8137, 38.7464], [-122.813, 38.7462], [-122.8131, 38.747]]], [[[-122.8049, 38.7493], [-122.8051, 38.748], [-122.8041, 38.7477], [-122.8037, 38.7464], [-122.8023, 38.7467], [-122.8024, 38.7483], [-122.8045, 38.748], [-122.8034, 38.7488], [-122.8049, 38.7493]], [[-122.8034, 38.7469], [-122.803, 38.7472], [-122.803, 38.7469], [-122.8034, 38.7469]]], [[[-122.823, 38.7457], [-122.823, 38.7451], [-122.8223, 38.7451], [-122.8223, 38.7454], [-122.823, 38.7457]]], [[[-122.7988, 38.7457], [-122.7992, 38.746], [-122.7999, 38.7457], [-122.7988, 38.7457]]], [[[-122.8047, 38.7458], [-122.8054, 38.7453], [-122.8047, 38.7453], [-122.8047, 38.7458]]], [[[-122.8147, 38.7459], [-122.8154, 38.7453], [-122.8144, 38.7448], [-122.814, 38.7453], [-122.8147, 38.7459]]], [[[-122.8154, 38.7445], [-122.8161, 38.7439], [-122.8157, 38.744], [-122.8154, 38.7445]]], [[[-122.8061, 38.7453], [-122.806, 38.7444], [-122.805, 38.7439], [-122.8047, 38.7447], [-122.8061, 38.7453]]], [[[-122.8057, 38.7442], [-122.8064, 38.7436], [-122.806, 38.7436], [-122.8057, 38.7442]]]]}, "properties": {"layer": "cell", "cell_id": "352_2500", "seed_zone": "352", "elevation_band": "2500–3000 ft"}}, {"type": "Feature", "geometry": {"type": "MultiPolygon", "coordinates": [[[[-122.8032, 38.7791], [-122.8032, 38.7775], [-122.8025, 38.7775], [-122.8021, 38.7783], [-122.8032, 38.7791]]], [[[-122.7931, 38.778], [-122.7938, 38.7774], [-122.7935, 38.7774], [-122.7931, 38.778]]], [[[-122.7948, 38.7771], [-122.7948, 38.7766], [-122.7934, 38.7769], [-122.7935, 38.7771], [-122.7948, 38.7771]]], [[[-122.7941, 38.776], [-122.7945, 38.7763], [-122.7948, 38.776], [-122.7941, 38.776]]], [[[-122.7928, 38.7772], [-122.7927, 38.7763], [-122.7934, 38.7761], [-122.792, 38.7764], [-122.7928, 38.7772]]], [[[-122.7847, 38.7738], [-122.7847, 38.7733], [-122.784, 38.773], [-122.784, 38.7736], [-122.7847, 38.7738]]], [[[-122.7764, 38.7729], [-122.7763, 38.7724], [-122.7756, 38.7721], [-122.7753, 38.773], [-122.7764, 38.7729]]], [[[-122.8093, 38.7492], [-122.8097, 38.7484], [-122.8093, 38.7484], [-122.8093, 38.7492]]], [[[-122.8055, 38.7488], [-122.8062, 38.7485], [-122.8062, 38.7477], [-122.8051, 38.7477], [-122.8055, 38.7488]]], [[[-122.812, 38.747], [-122.812, 38.7459], [-122.8113, 38.7454], [-122.8095, 38.7454], [-122.8096, 38.7463], [-122.811, 38.7465], [-122.8113, 38.7459], [-122.812, 38.747]]], [[[-122.8075, 38.7468], [-122.8078, 38.746], [-122.8071, 38.7455], [-122.8054, 38.7455], [-122.8058, 38.7469], [-122.8075, 38.7468]]], [[[-122.8127, 38.7456], [-122.8133, 38.7451], [-122.813, 38.7451], [-122.8127, 38.7456]]], [[[-122.8085, 38.7447], [-122.8106, 38.7449], [-122.8105, 38.7443], [-122.8088, 38.7441], [-122.8085, 38.7447]]], [[[-122.8071, 38.7452], [-122.8071, 38.7439], [-122.8064, 38.7439], [-122.8061, 38.745], [-122.8071, 38.7452]]]]}, "properties": {"layer": "cell", "cell_id": "352_3000", "seed_zone": "352", "elevation_band": "3000–3500 ft"}}]}
