{"type": "FeatureCollection", "features": [{"type": "Feature", "geometry": {"type": "Polygon", "coordinates": [[[-122.2587, 38.8502], [-122.2483, 38.8511], [-122.2459, 38.8501], [-122.242, 38.85], [-122.24, 38.8492], [-122.2352, 38.8492], [-122.2345, 38.8486], [-122.2326, 38.8503], [-122.229, 38.8498], [-122.2288, 38.8453], [-122.2254, 38.8456], [-122.2222, 38.8446], [-122.2217, 38.8413], [-122.2195, 38.8404], [-122.2193, 38.8385], [-122.2175, 38.8383], [-122.2162, 38.8371], [-122.2168, 38.8362], [-122.2157, 38.8314], [-122.2143, 38.8316], [-122.2137, 38.8311], [-122.2145, 38.8296], [-122.2154, 38.8303], [-122.2157, 38.8283], [-122.2144, 38.8274], [-122.2139, 38.828], [-122.2131, 38.8277], [-122.2133, 38.8286], [-122.2124, 38.8294], [-122.211, 38.8289], [-122.212, 38.8277], [-122.2116, 38.8257], [-122.2104, 38.8245], [-122.2126, 38.8241], [-122.2133, 38.8234], [-122.212, 38.8208], [-122.2132, 38.8197], [-122.212, 38.8191], [-122.2118, 38.8183], [-122.2126, 38.8178], [-122.2112, 38.8164], [-122.2102, 38.8165], [-122.2102, 38.8173], [-122.2068, 38.8166], [-122.207, 38.8157], [-122.2043, 38.8128], [-122.2039, 38.8106], [-122.2058, 38.8087], [-122.2035, 38.808], [-122.2018, 38.8061], [-122.2025, 38.8035], [-122.2061, 38.8019], [-122.2028, 38.801], [-122.2006, 38.7987], [-122.1987, 38.7997], [-122.1995, 38.8015], [-122.197, 38.8043], [-122.1963, 38.8042], [-122.1949, 38.8011], [-122.1926, 38.7998], [-122.1932, 38.7953], [-122.1894, 38.7887], [-122.1857, 38.7848], [-122.187, 38.7846], [-122.1866, 38.7837], [-122.1855, 38.7828], [-122.1837, 38.7826], [-122.1823, 38.7812], [-122.1815, 38.7794], [-122.1825, 38.7791], [-122.1813, 38.7786], [-122.1787, 38.7753], [-122.1787, 38.7721], [-122.1812, 38.7709], [-122.1814, 38.7692], [-122.1801, 38.7687], [-122.1822, 38.7672], [-122.1813, 38.7653], [-122.1853, 38.7609], [-122.1844, 38.7594], [-122.1853, 38.7575], [-122.1844, 38.7529], [-122.1784, 38.7418], [-122.1764, 38.7394], [-122.1743, 38.7328], [-122.172, 38.73], [-122.1708, 38.7266], [-122.1691, 38.7258], [-122.1671, 38.7229], [-122.165, 38.7228], [-122.1647, 38.7205], [-122.1574, 38.7151], [-122.1541, 38.7134], [-122.151, 38.7138], [-122.1488, 38.7131], [-122.1464, 38.7136], [-122.1459, 38.7122], [-122.1466, 38.7113], [-122.1458, 38.7101], [-122.1435, 38.7103], [-122.144, 38.7089], [-122.1446, 38.7092], [-122.1451, 38.7085], [-122.1436, 38.7045], [-122.1412, 38.702], [-122.1395, 38.7023], [-122.1383, 38.7008], [-122.1387, 38.6998], [-122.1379, 38.6993], [-122.136, 38.6993], [-122.1339, 38.6983], [-122.134, 38.6973], [-122.1324, 38.6986], [-122.1299, 38.6972], [-122.1291, 38.6976], [-122.1294, 38.697], [-122.1271, 38.6966], [-122.1269, 38.6956], [-122.1242, 38.6945], [-122.1229, 38.6926], [-122.1198, 38.6923], [-122.12, 38.6918], [-122.118, 38.691], [-122.1171, 38.6914], [-122.1167, 38.6905], [-122.1142, 38.6897], [-122.1128, 38.6902], [-122.1133, 38.6895], [-122.1109, 38.689], [-122.1113, 38.6881], [-122.1077, 38.6864], [-122.1068, 38.6865], [-122.1082, 38.688], [-122.1075, 38.6883], [-122.105, 38.6866], [-122.1057, 38.6851], [-122.1041, 38.6849], [-122.1039, 38.6867], [-122.1026, 38.6865], [-122.1023, 38.684], [-122.1012, 38.6843], [-122.0999, 38.6825], [-122.0977, 38.6813], [-122.0969, 38.6812], [-122.0967, 38.6818], [-122.0958, 38.6814], [-122.0957, 38.6804], [-122.0901, 38.6807], [-122.0882, 38.6796], [-122.0873, 38.6798], [-122.0856, 38.6785], [-122.0827, 38.6791], [-122.081, 38.6767], [-122.0783, 38.677], [-122.0793, 38.6748], [-122.0813, 38.6744], [-122.0813, 38.6699], [-122.0819, 38.6686], [-122.0807, 38.6685], [-122.0801, 38.6695], [-122.0791, 38.6687], [-122.0798, 38.6678], [-122.0794, 38.6675], [-122.0777, 38.6686], [-122.0771, 38.6677], [-122.0774, 38.6623], [-122.0761, 38.662], [-122.0762, 38.6609], [-122.0735, 38.658], [-122.0724, 38.6548], [-122.0711, 38.655], [-122.0698, 38.6534], [-122.0695, 38.6524], [-122.0704, 38.6517], [-122.0687, 38.6513], [-122.069, 38.6504], [-122.0672, 38.6501], [-122.0662, 38.6485], [-122.0634, 38.6485], [-122.0648, 38.6479], [-122.064, 38.6472], [-122.0646, 38.6447], [-122.0668, 38.6438], [-122.0658, 38.641], [-122.0668, 38.6413], [-122.0677, 38.6397], [-122.0694, 38.6386], [-122.07, 38.6347], [-122.0662, 38.6328], [-122.062, 38.6318], [-122.0609, 38.6322], [-122.0605, 38.6317], [-122.0618, 38.6252], [-122.0616, 38.6208], [-122.0627, 38.6187], [-122.0641, 38.618], [-122.0614, 38.6134], [-122.0592, 38.6126], [-122.0598, 38.6081], [-122.0594, 38.6075], [-122.0581, 38.608], [-122.0578, 38.6049], [-122.0624, 38.604], [-122.062, 38.6032], [-122.0602, 38.6031], [-122.0594, 38.6042], [-122.0532, 38.6005], [-122.0548, 38.5988], [-122.0569, 38.5987], [-122.0573, 38.5973], [-122.0572, 38.5964], [-122.0534, 38.5938], [-122.0551, 38.5933], [-122.0543, 38.5895], [-122.0566, 38.5875], [-122.0563, 38.5815], [-122.057, 38.5771], [-122.0581, 38.5761], [-122.0582, 38.5748], [-122.0602, 38.5744], [-122.0604, 38.5736], [-122.0588, 38.5726], [-122.059, 38.5671], [-122.0612, 38.5665], [-122.0609, 38.5656], [-122.0578, 38.5656], [-122.0543, 38.5631], [-122.0538, 38.5642], [-122.052, 38.5633], [-122.0511, 38.5622], [-122.0515, 38.561], [-122.0503, 38.5603], [-122.0493, 38.5577], [-122.0484, 38.5575], [-122.0482, 38.5568], [-122.0492, 38.5566], [-122.047, 38.5555], [-122.0472, 38.5542], [-122.051, 38.5507], [-122.0519, 38.5508], [-122.0521, 38.5493], [-122.0537, 38.548], [-122.0548, 38.5488], [-122.0557, 38.5452], [-122.0573, 38.5455], [-122.0571, 38.5389], [-122.0595, 38.5383], [-122.0591, 38.5329], [-122.0559, 38.5308], [-122.0564, 38.5294], [-122.0539, 38.5255], [-122.0543, 38.5241], [-122.0533, 38.5238], [-122.0546, 38.5233], [-122.0546, 38.521], [-122.0565, 38.519], [-122.0698, 38.5147], [-122.0758, 38.5146], [-122.0797, 38.5164], [-122.0865, 38.5149], [-122.089, 38.5162], [-122.0918, 38.5166], [-122.0939, 38.5161], [-122.0953, 38.5137], [-122.1033, 38.5135], [-122.1029, 38.5147], [-122.1038, 38.5152], [-122.108, 38.5158], [-122.1088, 38.5147], [-122.1096, 38.5152], [-122.1106, 38.5146], [-122.1138, 38.5153], [-122.1147, 38.5149], [-122.1171, 38.5157], [-122.1177, 38.5171], [-122.12, 38.5177], [-122.1188, 38.5187], [-122.1193, 38.5194], [-122.1212, 38.519], [-122.1225, 38.5208], [-122.1246, 38.5214], [-122.1227, 38.5242], [-122.1261, 38.5226], [-122.1283, 38.5238], [-122.1285, 38.5248], [-122.1298, 38.5249], [-122.1301, 38.5241], [-122.1317, 38.5247], [-122.1366, 38.5214], [-122.1378, 38.5218], [-122.1382, 38.5206], [-122.14, 38.5246], [-122.1393, 38.525], [-122.1385, 38.5243], [-122.1359, 38.5262], [-122.1353, 38.5277], [-122.1343, 38.5273], [-122.1341, 38.5262], [-122.1334, 38.5273], [-122.1316, 38.5274], [-122.1316, 38.5279], [-122.1334, 38.5285], [-122.1331, 38.529], [-122.1345, 38.5289], [-122.1311, 38.5347], [-122.1347, 38.5321], [-122.1378, 38.528], [-122.139, 38.5279], [-122.1385, 38.5307], [-122.1375, 38.5311], [-122.1397, 38.5314], [-122.1395, 38.5347], [-122.1372, 38.5347], [-122.1369, 38.5361], [-122.1379, 38.5356], [-122.1397, 38.5362], [-122.1399, 38.5372], [-122.1386, 38.5372], [-122.1377, 38.538], [-122.1392, 38.5379], [-122.1392, 38.5388], [-122.1405, 38.5382], [-122.1415, 38.5406], [-122.1409, 38.5415], [-122.1418, 38.5415], [-122.144, 38.545], [-122.1444, 38.5446], [-122.1428, 38.5404], [-122.1435, 38.5397], [-122.1425, 38.5394], [-122.1433, 38.5382], [-122.1417, 38.5372], [-122.1424, 38.5365], [-122.1416, 38.536], [-122.1419, 38.5335], [-122.1425, 38.5331], [-122.145, 38.5336], [-122.1463, 38.5329], [-122.1513, 38.5328], [-122.1537, 38.5316], [-122.1557, 38.5318], [-122.156, 38.5302], [-122.1578, 38.5296], [-122.1602, 38.5306], [-122.1604, 38.5318], [-122.1623, 38.5317], [-122.1596, 38.5334], [-122.1599, 38.5339], [-122.1605, 38.5331], [-122.1619, 38.5331], [-122.162, 38.5349], [-122.1606, 38.5362], [-122.1625, 38.5376], [-122.1602, 38.5386], [-122.1624, 38.5385], [-122.1619, 38.5397], [-122.1634, 38.5432], [-122.1622, 38.5438], [-122.16, 38.5429], [-122.1607, 38.5448], [-122.1637, 38.5449], [-122.1643, 38.5466], [-122.1652, 38.547], [-122.164, 38.548], [-122.1661, 38.5481], [-122.1626, 38.5505], [-122.1652, 38.5504], [-122.1659, 38.5497], [-122.1667, 38.55], [-122.1666, 38.5493], [-122.1675, 38.5489], [-122.1678, 38.5495], [-122.1696, 38.5495], [-122.1692, 38.5507], [-122.1711, 38.55], [-122.1725, 38.5514], [-122.1713, 38.5533], [-122.1716, 38.5541], [-122.1735, 38.5524], [-122.1778, 38.5532], [-122.1795, 38.5541], [-122.1811, 38.5539], [-122.1809, 38.5543], [-122.1852, 38.5535], [-122.1857, 38.5525], [-122.1867, 38.5527], [-122.1862, 38.5532], [-122.1876, 38.5555], [-122.188, 38.5533], [-122.1888, 38.5531], [-122.1893, 38.5537], [-122.1892, 38.5567], [-122.1874, 38.5579], [-122.1853, 38.561], [-122.1829, 38.562], [-122.1824, 38.5634], [-122.1804, 38.5651], [-122.1791, 38.5643], [-122.1779, 38.5661], [-122.1761, 38.5666], [-122.1749, 38.5659], [-122.1747, 38.5646], [-122.1737, 38.5651], [-122.1727, 38.5639], [-122.171, 38.5638], [-122.1702, 38.5645], [-122.1672, 38.5634], [-122.1671, 38.5641], [-122.1692, 38.566], [-122.1711, 38.566], [-122.171, 38.5653], [-122.1725, 38.5645], [-122.1735, 38.5658], [-122.1729, 38.5668], [-122.1742, 38.567], [-122.1748, 38.5679], [-122.1759, 38.5674], [-122.1759, 38.5688], [-122.1764, 38.5686], [-122.1766, 38.5692], [-122.1782, 38.5687], [-122.179, 38.5697], [-122.1799, 38.5683], [-122.1824, 38.5682], [-122.1828, 38.5696], [-122.1835, 38.5688], [-122.1832, 38.5671], [-122.182, 38.5675], [-122.1817, 38.567], [-122.1817, 38.5654], [-122.1828, 38.5653], [-122.1836, 38.5641], [-122.184, 38.5647], [-122.1853, 38.5643], [-122.186, 38.5654], [-122.1875, 38.5653], [-122.1878, 38.5661], [-122.1865, 38.567], [-122.187, 38.5677], [-122.1875, 38.5674], [-122.1883, 38.5692], [-122.1896, 38.5695], [-122.1887, 38.5708], [-122.1904, 38.5727], [-122.1912, 38.5762], [-122.1924, 38.5762], [-122.1949, 38.5793], [-122.1941, 38.5805], [-122.2016, 38.586], [-122.2039, 38.5889], [-122.2055, 38.5931], [-122.2101, 38.5967], [-122.2112, 38.5987], [-122.21, 38.6039], [-122.2107, 38.6046], [-122.2098, 38.6049], [-122.2103, 38.6057], [-122.2109, 38.605], [-122.2118, 38.6057], [-122.2125, 38.605], [-122.2136, 38.606], [-122.213, 38.6069], [-122.2153, 38.6072], [-122.2149, 38.6082], [-122.2126, 38.6083], [-122.2161, 38.6105], [-122.2178, 38.6133], [-122.2186, 38.6193], [-122.2213, 38.6215], [-122.223, 38.6212], [-122.2231, 38.6218], [-122.222, 38.6221], [-122.2233, 38.6241], [-122.2252, 38.6236], [-122.2251, 38.6249], [-122.2265, 38.6252], [-122.2266, 38.6264], [-122.228, 38.6263], [-122.2278, 38.6272], [-122.2315, 38.6298], [-122.2314, 38.6318], [-122.233, 38.6327], [-122.2327, 38.6341], [-122.2341, 38.6354], [-122.2335, 38.6359], [-122.2338, 38.6378], [-122.2352, 38.6399], [-122.2343, 38.6406], [-122.2344, 38.6416], [-122.2359, 38.6415], [-122.2344, 38.6427], [-122.2344, 38.6439], [-122.2359, 38.644], [-122.2338, 38.6446], [-122.2344, 38.6455], [-122.2356, 38.6453], [-122.2359, 38.6463], [-122.234, 38.6477], [-122.2358, 38.6479], [-122.2378, 38.6493], [-122.2372, 38.6504], [-122.2385, 38.6507], [-122.2378, 38.6509], [-122.2389, 38.6516], [-122.2384, 38.6528], [-122.2393, 38.653], [-122.2398, 38.6544], [-122.2374, 38.6553], [-122.2376, 38.6568], [-122.238, 38.6573], [-122.2385, 38.6564], [-122.2396, 38.6566], [-122.2398, 38.6578], [-122.2407, 38.6574], [-122.2419, 38.6584], [-122.2443, 38.6623], [-122.2439, 38.6642], [-122.245, 38.6638], [-122.2439, 38.6654], [-122.2443, 38.6662], [-122.2452, 38.6674], [-122.2469, 38.6666], [-122.2473, 38.6673], [-122.2485, 38.6663], [-122.2512, 38.6698], [-122.2513, 38.6715], [-122.2523, 38.6714], [-122.2508, 38.6726], [-122.2531, 38.6723], [-122.2543, 38.6748], [-122.2534, 38.6762], [-122.2475, 38.6775], [-122.2452, 38.6792], [-122.2457, 38.6796], [-122.2468, 38.6788], [-122.2481, 38.6816], [-122.2517, 38.6842], [-122.2534, 38.683], [-122.2547, 38.6832], [-122.2547, 38.6839], [-122.2534, 38.6839], [-122.2531, 38.6849], [-122.2545, 38.6847], [-122.2545, 38.6854], [-122.2557, 38.6851], [-122.2552, 38.6834], [-122.2583, 38.6851], [-122.2582, 38.6861], [-122.2593, 38.6859], [-122.2591, 38.6867], [-122.2607, 38.6866], [-122.2602, 38.6884], [-122.2625, 38.6893], [-122.2623, 38.6905], [-122.2639, 38.6905], [-122.2605, 38.6914], [-122.2619, 38.6934], [-122.2615, 38.6941], [-122.2662, 38.6939], [-122.2657, 38.6957], [-122.2667, 38.696], [-122.2666, 38.6975], [-122.2694, 38.7002], [-122.2689, 38.7011], [-122.2653, 38.7025], [-122.2651, 38.703], [-122.2661, 38.703], [-122.2657, 38.7036], [-122.2609, 38.7078], [-122.2605, 38.7135], [-122.2585, 38.7148], [-122.2581, 38.7162], [-122.2607, 38.7176], [-122.2629, 38.7217], [-122.2666, 38.725], [-122.2663, 38.7273], [-122.2681, 38.7283], [-122.2708, 38.7357], [-122.2694, 38.7413], [-122.2729, 38.7422], [-122.2735, 38.7429], [-122.2729, 38.744], [-122.2739, 38.7445], [-122.2782, 38.7443], [-122.2794, 38.7478], [-122.282, 38.7493], [-122.2843, 38.7525], [-122.2826, 38.755], [-122.2806, 38.7553], [-122.2794, 38.7549], [-122.2798, 38.7536], [-122.2789, 38.7518], [-122.2776, 38.7514], [-122.2761, 38.7522], [-122.274, 38.7523], [-122.2751, 38.7523], [-122.2761, 38.7548], [-122.2793, 38.7556], [-122.2772, 38.7589], [-122.2749, 38.7595], [-122.2744, 38.7608], [-122.27, 38.7632], [-122.2706, 38.7651], [-122.2699, 38.7662], [-122.2711, 38.7671], [-122.2708, 38.7695], [-122.272, 38.7705], [-122.2717, 38.7725], [-122.2707, 38.7735], [-122.2728, 38.7753], [-122.2749, 38.776], [-122.2757, 38.7799], [-122.2713, 38.7815], [-122.2713, 38.7825], [-122.2667, 38.7826], [-122.2645, 38.7847], [-122.2647, 38.7862], [-122.2637, 38.7871], [-122.2584, 38.7882], [-122.258, 38.7877], [-122.2571, 38.7888], [-122.2565, 38.7871], [-122.2536, 38.7871], [-122.2532, 38.7879], [-122.252, 38.7875], [-122.2541, 38.7889], [-122.2518, 38.7888], [-122.2534, 38.7896], [-122.2512, 38.792], [-122.2509, 38.7937], [-122.2496, 38.7934], [-122.2463, 38.7946], [-122.2468, 38.7934], [-122.2442, 38.7942], [-122.243, 38.7933], [-122.2433, 38.7925], [-122.2403, 38.7935], [-122.238, 38.7925], [-122.2389, 38.7933], [-122.2376, 38.7938], [-122.2376, 38.7946], [-122.2357, 38.7939], [-122.2356, 38.7947], [-122.2346, 38.7941], [-122.2339, 38.7946], [-122.2348, 38.7957], [-122.2365, 38.7951], [-122.237, 38.796], [-122.2345, 38.7969], [-122.234, 38.7983], [-122.2386, 38.7968], [-122.2392, 38.7985], [-122.2394, 38.7979], [-122.2406, 38.7981], [-122.2398, 38.7987], [-122.2406, 38.7999], [-122.2414, 38.7999], [-122.241, 38.8013], [-122.2426, 38.8005], [-122.2434, 38.8008], [-122.2445, 38.7996], [-122.2441, 38.8007], [-122.2451, 38.801], [-122.2453, 38.7998], [-122.2466, 38.8012], [-122.2466, 38.8032], [-122.2474, 38.8028], [-122.2474, 38.8015], [-122.2509, 38.8021], [-122.2513, 38.8004], [-122.2547, 38.8034], [-122.2557, 38.8029], [-122.2556, 38.8018], [-122.2567, 38.8026], [-122.2576, 38.8018], [-122.2584, 38.8025], [-122.2573, 38.8029], [-122.2565, 38.8048], [-122.2563, 38.8078], [-122.2575, 38.8125], [-122.2555, 38.8159], [-122.2566, 38.8163], [-122.2559, 38.8184], [-122.2578, 38.821], [-122.2584, 38.8208], [-122.2585, 38.8218], [-122.26, 38.8211], [-122.2607, 38.822], [-122.2613, 38.8214], [-122.2613, 38.8239], [-122.262, 38.8234], [-122.2638, 38.8239], [-122.2655, 38.8259], [-122.2677, 38.8267], [-122.2664, 38.827], [-122.2661, 38.828], [-122.2642, 38.8266], [-122.2639, 38.8284], [-122.2613, 38.8281], [-122.2599, 38.8321], [-122.2569, 38.8345], [-122.2602, 38.8362], [-122.2645, 38.8368], [-122.2657, 38.8386], [-122.2649, 38.8399], [-122.267, 38.8423], [-122.2681, 38.8457], [-122.2673, 38.8468], [-122.2643, 38.8478], [-122.2643, 38.8493], [-122.2631, 38.8509], [-122.2594, 38.8516], [-122.2587, 38.8502]]]}, "properties": {"layer": "perimeter"}}, {"type": "Feature", "geometry": {"type": "MultiPolygon", "coordinates": [[[[-122.2485, 38.8511], [-122.2459, 38.8501], [-122.242, 38.85], [-122.24, 38.8492], [-122.2352, 38.8492], [-122.2345, 38.8486], [-122.2326, 38.8503], [-122.2298, 38.85], [-122.2286, 38.8494], [-122.2294, 38.8489], [-122.2288, 38.8453], [-122.2254, 38.8456], [-122.2222, 38.8446], [-122.2217, 38.8413], [-122.2195, 38.8404], [-122.2193, 38.8385], [-122.2175, 38.8383], [-122.2162, 38.8371], [-122.2168, 38.8362], [-122.2157, 38.8314], [-122.2143, 38.8316], [-122.2137, 38.8311], [-122.2145, 38.8296], [-122.2154, 38.8303], [-122.2157, 38.8283], [-122.2144, 38.8274], [-122.2139, 38.828], [-122.2131, 38.8277], [-122.2133, 38.8286], [-122.2124, 38.8294], [-122.211, 38.8289], [-122.212, 38.8277], [-122.2116, 38.8257], [-122.2104, 38.8245], [-122.2126, 38.8241], [-122.2133, 38.8234], [-122.212, 38.8208], [-122.2132, 38.8197], [-122.212, 38.8191], [-122.2118, 38.8183], [-122.2126, 38.8178], [-122.2112, 38.8164], [-122.2102, 38.8165], [-122.2102, 38.8173], [-122.2068, 38.8166], [-122.207, 38.8157], [-122.2043, 38.8128], [-122.2039, 38.8106], [-122.2058, 38.8087], [-122.2035, 38.808], [-122.2018, 38.8061], [-122.2025, 38.8035], [-122.2061, 38.8019], [-122.2028, 38.801], [-122.2006, 38.7987], [-122.1987, 38.7997], [-122.1995, 38.8015], [-122.1968, 38.8043], [-122.1949, 38.8011], [-122.1926, 38.7998], [-122.193, 38.7947], [-122.1894, 38.7887], [-122.1857, 38.7848], [-122.187, 38.7846], [-122.1866, 38.7837], [-122.1855, 38.7828], [-122.1837, 38.7826], [-122.1823, 38.7812], [-122.1815, 38.7794], [-122.1825, 38.7791], [-122.18, 38.7773], [-122.1786, 38.7751], [-122.1792, 38.7747], [-122.1787, 38.7721], [-122.1812, 38.7709], [-122.1814, 38.7692], [-122.1801, 38.7687], [-122.1822, 38.7672], [-122.1813, 38.7653], [-122.1853, 38.7609], [-122.1844, 38.7594], [-122.1853, 38.7581], [-122.1848, 38.7556], [-122.1862, 38.7556], [-122.1869, 38.7519], [-122.1864, 38.7444], [-122.1814, 38.7443], [-122.1803, 38.7454], [-122.1794, 38.7446], [-122.1784, 38.7418], [-122.1764, 38.7394], [-122.1743, 38.7328], [-122.172, 38.73], [-122.1708, 38.7266], [-122.1691, 38.7258], [-122.1671, 38.7229], [-122.165, 38.7228], [-122.1647, 38.7205], [-122.1574, 38.7151], [-122.1541, 38.7134], [-122.151, 38.7138], [-122.1488, 38.7131], [-122.1464, 38.7136], [-122.1459, 38.7122], [-122.1466, 38.7113], [-122.1458, 38.7101], [-122.1435, 38.7103], [-122.144, 38.7089], [-122.1446, 38.7092], [-122.1451, 38.7085], [-122.1436, 38.7045], [-122.1412, 38.702], [-122.1395, 38.7023], [-122.1383, 38.7008], [-122.1387, 38.6998], [-122.1379, 38.6993], [-122.136, 38.6993], [-122.1339, 38.6983], [-122.134, 38.6973], [-122.1324, 38.6986], [-122.1299, 38.6972], [-122.1291, 38.6976], [-122.1294, 38.697], [-122.1271, 38.6966], [-122.1269, 38.6956], [-122.1242, 38.6945], [-122.1229, 38.6926], [-122.1198, 38.6923], [-122.12, 38.6918], [-122.118, 38.691], [-122.1171, 38.6914], [-122.1167, 38.6905], [-122.1142, 38.6897], [-122.1128, 38.6902], [-122.1133, 38.6895], [-122.1109, 38.689], [-122.1113, 38.6881], [-122.1077, 38.6864], [-122.1068, 38.6865], [-122.1082, 38.688], [-122.1075, 38.6883], [-122.105, 38.6866], [-122.1057, 38.6851], [-122.1041, 38.6849], [-122.1039, 38.6867], [-122.1026, 38.6865], [-122.1023, 38.684], [-122.1012, 38.6843], [-122.0999, 38.6825], [-122.0977, 38.6813], [-122.0969, 38.6812], [-122.0967, 38.6818], [-122.0958, 38.6814], [-122.0957, 38.6804], [-122.0901, 38.6807], [-122.0882, 38.6796], [-122.0873, 38.6798], [-122.0856, 38.6785], [-122.0827, 38.6791], [-122.081, 38.6767], [-122.0783, 38.677], [-122.0793, 38.6748], [-122.0813, 38.6744], [-122.0813, 38.6699], [-122.0819, 38.6686], [-122.0807, 38.6685], [-122.0801, 38.6695], [-122.0791, 38.6687], [-122.0798, 38.6678], [-122.0794, 38.6675], [-122.0777, 38.6686], [-122.0771, 38.6677], [-122.0774, 38.6623], [-122.0761, 38.662], [-122.0762, 38.6609], [-122.0735, 38.658], [-122.0724, 38.6548], [-122.0711, 38.655], [-122.0698, 38.6534], [-122.0695, 38.6524], [-122.0704, 38.6517], [-122.0687, 38.6513], [-122.069, 38.6504], [-122.0672, 38.6501], [-122.0662, 38.6485], [-122.0634, 38.6485], [-122.0648, 38.6479], [-122.064, 38.6472], [-122.0646, 38.6447], [-122.0668, 38.6438], [-122.0658, 38.641], [-122.0668, 38.6413], [-122.0677, 38.6397], [-122.0694, 38.6386], [-122.07, 38.6347], [-122.0662, 38.6328], [-122.062, 38.6318], [-122.0609, 38.6322], [-122.0605, 38.6317], [-122.0618, 38.6252], [-122.0616, 38.6208], [-122.0627, 38.6187], [-122.0641, 38.618], [-122.0614, 38.6134], [-122.0592, 38.6126], [-122.0598, 38.6081], [-122.0594, 38.6075], [-122.0581, 38.608], [-122.0578, 38.6049], [-122.0624, 38.604], [-122.062, 38.6032], [-122.0602, 38.6031], [-122.0594, 38.6042], [-122.0532, 38.6005], [-122.0548, 38.5988], [-122.0569, 38.5987], [-122.0573, 38.5973], [-122.0572, 38.5964], [-122.0534, 38.5938], [-122.0551, 38.5933], [-122.0543, 38.5895], [-122.0566, 38.5875], [-122.0563, 38.5815], [-122.057, 38.5771], [-122.0581, 38.5761], [-122.0582, 38.5748], [-122.0602, 38.5744], [-122.0604, 38.5736], [-122.0588, 38.5726], [-122.059, 38.5671], [-122.0612, 38.5665], [-122.0609, 38.5656], [-122.0578, 38.5656], [-122.0543, 38.5631], [-122.0538, 38.5642], [-122.052, 38.5633], [-122.0511, 38.5622], [-122.0515, 38.561], [-122.0503, 38.5603], [-122.0493, 38.5577], [-122.0484, 38.5575], [-122.0482, 38.5568], [-122.0492, 38.5566], [-122.047, 38.5555], [-122.0472, 38.5542], [-122.051, 38.5507], [-122.0519, 38.5508], [-122.0521, 38.5493], [-122.0537, 38.548], [-122.0548, 38.5488], [-122.0557, 38.5452], [-122.0573, 38.5455], [-122.0571, 38.5389], [-122.0595, 38.5383], [-122.0591, 38.5329], [-122.0559, 38.5308], [-122.0564, 38.5294], [-122.0539, 38.5255], [-122.0543, 38.5241], [-122.0533, 38.5238], [-122.0546, 38.5233], [-122.0546, 38.521], [-122.0565, 38.519], [-122.061, 38.5178], [-122.065, 38.5159], [-122.0687, 38.5148], [-122.0758, 38.5146], [-122.0797, 38.5164], [-122.0865, 38.5149], [-122.089, 38.5162], [-122.0918, 38.5166], [-122.0939, 38.5161], [-122.0946, 38.5143], [-122.096, 38.5137], [-122.101, 38.5138], [-122.1009, 38.5147], [-122.1031, 38.5174], [-122.1053, 38.5174], [-122.1045, 38.5166], [-122.1035, 38.5147], [-122.1048, 38.5167], [-122.1076, 38.5157], [-122.1082, 38.5254], [-122.1124, 38.5252], [-122.1132, 38.5289], [-122.1124, 38.5297], [-122.113, 38.5322], [-122.1258, 38.5322], [-122.1258, 38.5287], [-122.1173, 38.5287], [-122.1173, 38.5217], [-122.1216, 38.5218], [-122.1212, 38.5245], [-122.1224, 38.5259], [-122.1237, 38.5259], [-122.1243, 38.5248], [-122.1322, 38.5253], [-122.1317, 38.5265], [-122.1291, 38.5272], [-122.1292, 38.5287], [-122.132, 38.5288], [-122.131, 38.5322], [-122.1301, 38.5322], [-122.1299, 38.5382], [-122.1323, 38.5382], [-122.1339, 38.5343], [-122.1356, 38.5333], [-122.1365, 38.5384], [-122.1396, 38.5394], [-122.1393, 38.5424], [-122.1442, 38.5468], [-122.1457, 38.5461], [-122.1456, 38.5395], [-122.1438, 38.5349], [-122.1574, 38.5321], [-122.1586, 38.5404], [-122.1575, 38.5425], [-122.16, 38.5458], [-122.1628, 38.546], [-122.1609, 38.5505], [-122.1626, 38.5516], [-122.1699, 38.5518], [-122.1698, 38.5564], [-122.1713, 38.5568], [-122.1735, 38.5541], [-122.179, 38.5554], [-122.1853, 38.5554], [-122.1873, 38.5571], [-122.1886, 38.557], [-122.1856, 38.5597], [-122.1858, 38.5604], [-122.1829, 38.562], [-122.181, 38.5648], [-122.1801, 38.5652], [-122.1801, 38.5646], [-122.1791, 38.5643], [-122.1779, 38.5661], [-122.1768, 38.5665], [-122.1756, 38.5665], [-122.1747, 38.5646], [-122.1737, 38.5651], [-122.1727, 38.5639], [-122.171, 38.5638], [-122.1702, 38.5645], [-122.1672, 38.5634], [-122.1674, 38.5646], [-122.1686, 38.5649], [-122.1688, 38.5659], [-122.1706, 38.5661], [-122.1725, 38.5645], [-122.1735, 38.5658], [-122.1729, 38.5668], [-122.1742, 38.567], [-122.1748, 38.5679], [-122.1759, 38.5674], [-122.1759, 38.5688], [-122.1764, 38.5686], [-122.1766, 38.5692], [-122.1782, 38.5687], [-122.179, 38.5697], [-122.1799, 38.5683], [-122.1824, 38.5682], [-122.1828, 38.5696], [-122.1835, 38.5688], [-122.1832, 38.5671], [-122.182, 38.5675], [-122.1817, 38.567], [-122.1817, 38.5654], [-122.1828, 38.5652], [-122.183, 38.5662], [-122.1878, 38.566], [-122.1865, 38.567], [-122.187, 38.5677], [-122.1875, 38.5674], [-122.1883, 38.5692], [-122.1896, 38.5695], [-122.1886, 38.5705], [-122.1904, 38.5727], [-122.19, 38.576], [-122.1941, 38.5805], [-122.1929, 38.5817], [-122.1998, 38.5881], [-122.2038, 38.5908], [-122.2037, 38.5941], [-122.2108, 38.5982], [-122.2099, 38.6035], [-122.2107, 38.6046], [-122.2098, 38.6049], [-122.2103, 38.6057], [-122.2109, 38.605], [-122.2118, 38.6057], [-122.2125, 38.605], [-122.2136, 38.606], [-122.213, 38.6069], [-122.2153, 38.6072], [-122.2149, 38.6082], [-122.2126, 38.6083], [-122.2161, 38.6105], [-122.2177, 38.6132], [-122.2186, 38.6193], [-122.2213, 38.6215], [-122.223, 38.6212], [-122.2231, 38.6218], [-122.222, 38.6221], [-122.2233, 38.6241], [-122.2252, 38.6236], [-122.2251, 38.6249], [-122.2265, 38.6252], [-122.2266, 38.6264], [-122.228, 38.6263], [-122.2278, 38.6272], [-122.2315, 38.6298], [-122.2314, 38.6318], [-122.233, 38.6327], [-122.2327, 38.6341], [-122.2341, 38.6354], [-122.2335, 38.6359], [-122.2338, 38.6378], [-122.2352, 38.6399], [-122.2343, 38.6406], [-122.2344, 38.6416], [-122.2359, 38.6415], [-122.2344, 38.6427], [-122.2344, 38.6439], [-122.2359, 38.644], [-122.2338, 38.6446], [-122.2344, 38.6455], [-122.2356, 38.6453], [-122.2359, 38.6463], [-122.234, 38.6477], [-122.2358, 38.6479], [-122.2378, 38.6493], [-122.2372, 38.6504], [-122.2385, 38.6507], [-122.2378, 38.6509], [-122.2389, 38.6516], [-122.2384, 38.6528], [-122.2393, 38.653], [-122.2398, 38.6544], [-122.2374, 38.6553], [-122.2376, 38.6568], [-122.238, 38.6573], [-122.2385, 38.6564], [-122.2396, 38.6566], [-122.2398, 38.6578], [-122.2407, 38.6574], [-122.2419, 38.6584], [-122.2443, 38.6623], [-122.2439, 38.6642], [-122.245, 38.6638], [-122.2439, 38.6654], [-122.2443, 38.6662], [-122.2452, 38.6674], [-122.2469, 38.6666], [-122.2473, 38.6673], [-122.2485, 38.6663], [-122.2512, 38.6698], [-122.2513, 38.6715], [-122.2523, 38.6714], [-122.2508, 38.6726], [-122.2531, 38.6723], [-122.2543, 38.6748], [-122.2534, 38.6762], [-122.2475, 38.6775], [-122.2452, 38.6792], [-122.2457, 38.6796], [-122.2468, 38.6788], [-122.2481, 38.6816], [-122.2517, 38.6842], [-122.2534, 38.683], [-122.2547, 38.6832], [-122.2547, 38.6839], [-122.2534, 38.6839], [-122.2531, 38.6849], [-122.2545, 38.6847], [-122.2545, 38.6854], [-122.2557, 38.6851], [-122.2552, 38.6834], [-122.2583, 38.6851], [-122.2582, 38.6861], [-122.2593, 38.6859], [-122.2591, 38.6867], [-122.2607, 38.6866], [-122.2602, 38.6884], [-122.2625, 38.6893], [-122.2623, 38.6905], [-122.2639, 38.6905], [-122.2605, 38.6914], [-122.2619, 38.6934], [-122.2615, 38.6941], [-122.2662, 38.6939], [-122.2657, 38.6957], [-122.2667, 38.696], [-122.2666, 38.6975], [-122.2694, 38.7002], [-122.2689, 38.7011], [-122.2653, 38.7025], [-122.2651, 38.703], [-122.2661, 38.703], [-122.2657, 38.7036], [-122.2609, 38.7078], [-122.2605, 38.7135], [-122.2585, 38.7148], [-122.2581, 38.7162], [-122.2607, 38.7176], [-122.2629, 38.7217], [-122.2666, 38.725], [-122.2663, 38.7273], [-122.2681, 38.7283], [-122.2708, 38.7357], [-122.2694, 38.7413], [-122.2729, 38.7422], [-122.2735, 38.7429], [-122.2729, 38.744], [-122.2739, 38.7445], [-122.2782, 38.7443], [-122.2794, 38.7478], [-122.282, 38.7493], [-122.2843, 38.7525], [-122.2826, 38.755], [-122.2806, 38.7553], [-122.2794, 38.7549], [-122.2798, 38.7536], [-122.2789, 38.7518], [-122.2776, 38.7514], [-122.2761, 38.7522], [-122.274, 38.7523], [-122.2751, 38.7523], [-122.2761, 38.7548], [-122.2793, 38.7556], [-122.2772, 38.7589], [-122.2749, 38.7595], [-122.2744, 38.7608], [-122.27, 38.7632], [-122.2706, 38.7651], [-122.2699, 38.7662], [-122.2711, 38.7671], [-122.2708, 38.7695], [-122.272, 38.7705], [-122.2717, 38.7725], [-122.2707, 38.7735], [-122.2728, 38.7753], [-122.2749, 38.776], [-122.2757, 38.7799], [-122.2713, 38.7815], [-122.2713, 38.7825], [-122.2667, 38.7826], [-122.2645, 38.7847], [-122.2647, 38.7862], [-122.2638, 38.787], [-122.2638, 38.7848], [-122.2594, 38.7849], [-122.2595, 38.7778], [-122.2551, 38.7778], [-122.2551, 38.7669], [-122.2464, 38.767], [-122.2464, 38.7742], [-122.2418, 38.7741], [-122.2418, 38.7777], [-122.2465, 38.7779], [-122.2465, 38.7815], [-122.2507, 38.7815], [-122.2507, 38.785], [-122.2554, 38.785], [-122.2553, 38.7871], [-122.2536, 38.7871], [-122.2532, 38.7879], [-122.252, 38.7875], [-122.2541, 38.7889], [-122.2518, 38.7888], [-122.2534, 38.7896], [-122.2512, 38.792], [-122.2509, 38.7937], [-122.2496, 38.7934], [-122.2463, 38.7946], [-122.2468, 38.7934], [-122.2442, 38.7942], [-122.243, 38.7933], [-122.2433, 38.7925], [-122.2403, 38.7935], [-122.238, 38.7925], [-122.2389, 38.7933], [-122.2376, 38.7938], [-122.2376, 38.7946], [-122.2357, 38.7939], [-122.2356, 38.7947], [-122.2346, 38.7941], [-122.2339, 38.7946], [-122.2348, 38.7957], [-122.2365, 38.7951], [-122.237, 38.796], [-122.2345, 38.7969], [-122.234, 38.7983], [-122.2386, 38.7968], [-122.2392, 38.7985], [-122.2394, 38.7979], [-122.2406, 38.7981], [-122.2398, 38.7987], [-122.2406, 38.7999], [-122.2414, 38.7999], [-122.241, 38.8013], [-122.2426, 38.8005], [-122.2434, 38.8008], [-122.2445, 38.7996], [-122.2441, 38.8007], [-122.2451, 38.801], [-122.2453, 38.7998], [-122.2466, 38.8012], [-122.2466, 38.8032], [-122.2474, 38.8028], [-122.2474, 38.8015], [-122.2509, 38.8021], [-122.2513, 38.8004], [-122.2547, 38.8034], [-122.2557, 38.8029], [-122.2556, 38.8018], [-122.2567, 38.8026], [-122.258, 38.802], [-122.2584, 38.8027], [-122.2573, 38.8029], [-122.2565, 38.8048], [-122.2563, 38.8078], [-122.2575, 38.8125], [-122.2555, 38.8159], [-122.2566, 38.8163], [-122.2559, 38.8184], [-122.2578, 38.821], [-122.2584, 38.8208], [-122.2585, 38.8218], [-122.26, 38.8211], [-122.2607, 38.822], [-122.2613, 38.8214], [-122.2613, 38.8239], [-122.262, 38.8234], [-122.2638, 38.8239], [-122.2655, 38.8259], [-122.2677, 38.8267], [-122.2664, 38.827], [-122.2661, 38.828], [-122.2642, 38.8266], [-122.2639, 38.8284], [-122.2613, 38.8281], [-122.2594, 38.8328], [-122.2568, 38.8342], [-122.2571, 38.8349], [-122.2602, 38.8362], [-122.2645, 38.8368], [-122.2657, 38.8386], [-122.2638, 38.8385], [-122.2637, 38.8419], [-122.2668, 38.842], [-122.2678, 38.8464], [-122.2643, 38.8478], [-122.2643, 38.8493], [-122.2631, 38.8509], [-122.2594, 38.8516], [-122.2588, 38.8503], [-122.258, 38.8502], [-122.2564, 38.8508], [-122.2485, 38.8511]], [[-122.1124, 38.5317], [-122.1122, 38.5323], [-122.1128, 38.5323], [-122.1124, 38.5317]], [[-122.1251, 38.5509], [-122.1254, 38.5438], [-122.1207, 38.5438], [-122.1202, 38.5475], [-122.1176, 38.5476], [-122.1174, 38.5468], [-122.1166, 38.5468], [-122.1174, 38.5579], [-122.1213, 38.5582], [-122.1207, 38.5511], [-122.1251, 38.5509]], [[-122.1911, 38.6373], [-122.1864, 38.6372], [-122.1862, 38.6299], [-122.1725, 38.6301], [-122.1724, 38.6266], [-122.1679, 38.6266], [-122.1677, 38.6231], [-122.1665, 38.6231], [-122.1664, 38.625], [-122.1677, 38.6272], [-122.1623, 38.6273], [-122.1624, 38.6306], [-122.1578, 38.6307], [-122.1575, 38.6239], [-122.1622, 38.6238], [-122.1621, 38.6204], [-122.1667, 38.6203], [-122.1642, 38.6181], [-122.1605, 38.6196], [-122.1595, 38.6193], [-122.1586, 38.6201], [-122.1591, 38.6087], [-122.1504, 38.6087], [-122.1507, 38.6051], [-122.1352, 38.6057], [-122.1338, 38.6013], [-122.1345, 38.5989], [-122.1341, 38.5721], [-122.1385, 38.5721], [-122.1384, 38.5686], [-122.1426, 38.5686], [-122.1421, 38.5615], [-122.1303, 38.5615], [-122.1303, 38.5651], [-122.1259, 38.5652], [-122.1258, 38.5723], [-122.1233, 38.5723], [-122.1236, 38.5731], [-122.1176, 38.5731], [-122.1177, 38.5841], [-122.1262, 38.5841], [-122.1257, 38.6046], [-122.1302, 38.6043], [-122.1303, 38.6085], [-122.126, 38.6089], [-122.1264, 38.6215], [-122.1438, 38.6207], [-122.144, 38.6277], [-122.1349, 38.6279], [-122.1359, 38.6528], [-122.1493, 38.6525], [-122.1494, 38.6561], [-122.1538, 38.6561], [-122.154, 38.664], [-122.1552, 38.664], [-122.1552, 38.6713], [-122.1591, 38.6714], [-122.159, 38.675], [-122.1635, 38.675], [-122.1633, 38.6858], [-122.1722, 38.6858], [-122.172, 38.6929], [-122.1765, 38.6928], [-122.1765, 38.6965], [-122.181, 38.6965], [-122.1809, 38.6928], [-122.1855, 38.6928], [-122.1857, 38.6824], [-122.1984, 38.6825], [-122.1989, 38.6817], [-122.2026, 38.6816], [-122.2034, 38.6888], [-122.2082, 38.6887], [-122.2067, 38.6779], [-122.2021, 38.678], [-122.2009, 38.6668], [-122.1966, 38.6669], [-122.1962, 38.6559], [-122.1876, 38.6559], [-122.1875, 38.6523], [-122.1701, 38.6525], [-122.1699, 38.6488], [-122.183, 38.6486], [-122.1826, 38.6449], [-122.187, 38.6448], [-122.1867, 38.641], [-122.1959, 38.6411], [-122.1957, 38.6337], [-122.1909, 38.6336], [-122.1911, 38.6373]], [[-122.1676, 38.6159], [-122.1675, 38.6195], [-122.1722, 38.6195], [-122.1723, 38.6158], [-122.1676, 38.6159]], [[-122.1864, 38.6229], [-122.177, 38.623], [-122.1771, 38.6265], [-122.1863, 38.6264], [-122.1864, 38.6229]], [[-122.2159, 38.7932], [-122.2138, 38.7932], [-122.2138, 38.7941], [-122.2159, 38.7941], [-122.2159, 38.7932]], [[-122.2132, 38.6962], [-122.2178, 38.6962], [-122.2179, 38.6999], [-122.2252, 38.7001], [-122.2253, 38.6952], [-122.2212, 38.6954], [-122.2208, 38.6882], [-122.2123, 38.6886], [-122.2132, 38.6962]], [[-122.2231, 38.7951], [-122.2228, 38.8021], [-122.2273, 38.8022], [-122.2274, 38.7951], [-122.2231, 38.7951]], [[-122.2275, 38.7925], [-122.2276, 38.7916], [-122.2254, 38.7916], [-122.2253, 38.7925], [-122.2275, 38.7925]], [[-122.2251, 38.6847], [-122.2296, 38.6845], [-122.2296, 38.6813], [-122.225, 38.6814], [-122.2251, 38.6847]], [[-122.2462, 38.7525], [-122.2369, 38.7524], [-122.237, 38.756], [-122.2418, 38.756], [-122.2418, 38.7597], [-122.2463, 38.7597], [-122.2462, 38.7525]]], [[[-122.1033, 38.5135], [-122.1033, 38.5135], [-122.1033, 38.5136], [-122.1033, 38.5135]]], [[[-122.1338, 38.5305], [-122.1333, 38.5308], [-122.1334, 38.5304], [-122.1338, 38.5305]]], [[[-122.1823, 38.6411], [-122.182, 38.6373], [-122.1864, 38.6372], [-122.1867, 38.641], [-122.1823, 38.6411]]], [[[-122.1771, 38.6336], [-122.1775, 38.6374], [-122.173, 38.6374], [-122.1726, 38.6337], [-122.1771, 38.6336]]]]}, "properties": {"layer": "retained"}}, {"type": "Feature", "geometry": {"type": "MultiPolygon", "coordinates": [[[[-122.2607, 38.8474], [-122.261, 38.8471], [-122.2606, 38.8471], [-122.2607, 38.8474]]], [[[-122.2527, 38.8472], [-122.253, 38.847], [-122.2527, 38.847], [-122.2527, 38.8472]]], [[[-122.2613, 38.8463], [-122.2616, 38.846], [-122.2613, 38.846], [-122.2613, 38.8463]]], [[[-122.2561, 38.8458], [-122.2564, 38.8455], [-122.2561, 38.8455], [-122.2561, 38.8458]]], [[[-122.2454, 38.8455], [-122.2457, 38.8452], [-122.2454, 38.8452], [-122.2454, 38.8455]]], [[[-122.262, 38.8452], [-122.2616, 38.8446], [-122.2609, 38.8449], [-122.2609, 38.8452], [-122.262, 38.8452]]], [[[-122.2623, 38.8449], [-122.2626, 38.8446], [-122.2623, 38.8446], [-122.2623, 38.8449]]], [[[-122.2606, 38.8463], [-122.2606, 38.8444], [-122.2602, 38.8444], [-122.2599, 38.8457], [-122.2606, 38.8463]]], [[[-122.2592, 38.8447], [-122.2602, 38.8439], [-122.2592, 38.8439], [-122.2592, 38.8447]]], [[[-122.2571, 38.8431], [-122.2577, 38.8428], [-122.2571, 38.8428], [-122.2571, 38.8431]]], [[[-122.2664, 38.8427], [-122.2667, 38.8424], [-122.2664, 38.8424], [-122.2664, 38.8427]]], [[[-122.2633, 38.8424], [-122.264, 38.8422], [-122.2633, 38.8422], [-122.2633, 38.8424]]], [[[-122.2615, 38.8425], [-122.2622, 38.8422], [-122.2615, 38.8422], [-122.2615, 38.8425]]], [[[-122.2591, 38.8425], [-122.2595, 38.8422], [-122.2591, 38.8423], [-122.2591, 38.8425]]], [[[-122.2595, 38.8422], [-122.2598, 38.842], [-122.2594, 38.842], [-122.2595, 38.8422]]], [[[-122.2609, 38.8436], [-122.2612, 38.843], [-122.2602, 38.843], [-122.2602, 38.8425], [-122.2584, 38.8428], [-122.2581, 38.8417], [-122.2581, 38.8434], [-122.2598, 38.8431], [-122.2609, 38.8436]]], [[[-122.2494, 38.8422], [-122.2498, 38.8419], [-122.2494, 38.8419], [-122.2494, 38.8422]]], [[[-122.257, 38.8418], [-122.2574, 38.8415], [-122.257, 38.8415], [-122.257, 38.8418]]], [[[-122.2584, 38.8417], [-122.2587, 38.8412], [-122.2584, 38.8412], [-122.2584, 38.8417]]], [[[-122.2591, 38.8414], [-122.2594, 38.8412], [-122.2591, 38.8412], [-122.2591, 38.8414]]], [[[-122.2598, 38.8414], [-122.2601, 38.8409], [-122.2598, 38.8409], [-122.2598, 38.8414]]], [[[-122.2542, 38.8413], [-122.2546, 38.841], [-122.2542, 38.841], [-122.2542, 38.8413]]], [[[-122.2632, 38.8397], [-122.2635, 38.8395], [-122.2632, 38.8395], [-122.2632, 38.8397]]], [[[-122.2635, 38.8395], [-122.2639, 38.8392], [-122.2635, 38.8392], [-122.2635, 38.8395]]], [[[-122.258, 38.8396], [-122.2583, 38.8393], [-122.258, 38.8393], [-122.258, 38.8396]]], [[[-122.2611, 38.8395], [-122.2614, 38.839], [-122.2611, 38.839], [-122.2611, 38.8395]]], [[[-122.2625, 38.8392], [-122.2628, 38.8389], [-122.2625, 38.839], [-122.2625, 38.8392]]], [[[-122.2645, 38.8386], [-122.2652, 38.8384], [-122.2645, 38.8384], [-122.2645, 38.8386]]], [[[-122.2611, 38.8387], [-122.2614, 38.8384], [-122.2611, 38.8384], [-122.2611, 38.8387]]], [[[-122.2597, 38.8387], [-122.26, 38.8385], [-122.2597, 38.8385], [-122.2597, 38.8387]]], [[[-122.2628, 38.8389], [-122.2631, 38.8381], [-122.2628, 38.8381], [-122.2628, 38.8389]]], [[[-122.2638, 38.8384], [-122.2642, 38.8381], [-122.2638, 38.8381], [-122.2638, 38.8384]]], [[[-122.2645, 38.8378], [-122.2648, 38.8376], [-122.2645, 38.8376], [-122.2645, 38.8378]]], [[[-122.2597, 38.8379], [-122.26, 38.8376], [-122.2597, 38.8377], [-122.2597, 38.8379]]], [[[-122.2641, 38.837], [-122.2645, 38.8368], [-122.2641, 38.8368], [-122.2641, 38.837]]], [[[-122.2603, 38.8371], [-122.2607, 38.8368], [-122.2603, 38.8368], [-122.2603, 38.8371]]], [[[-122.2475, 38.836], [-122.2478, 38.8357], [-122.2475, 38.8357], [-122.2475, 38.836]]], [[[-122.2555, 38.8358], [-122.2561, 38.8353], [-122.2558, 38.8353], [-122.2555, 38.8358]]], [[[-122.2423, 38.8345], [-122.2426, 38.8342], [-122.2423, 38.8342], [-122.2423, 38.8345]]], [[[-122.2466, 38.8301], [-122.247, 38.8298], [-122.2466, 38.8298], [-122.2466, 38.8301]]], [[[-122.2539, 38.8291], [-122.2542, 38.8288], [-122.2539, 38.8289], [-122.2539, 38.8291]]], [[[-122.2535, 38.8283], [-122.2538, 38.828], [-122.2535, 38.828], [-122.2535, 38.8283]]], [[[-122.2535, 38.8272], [-122.2538, 38.827], [-122.2535, 38.827], [-122.2535, 38.8272]]], [[[-122.2541, 38.8245], [-122.2544, 38.8243], [-122.2541, 38.8243], [-122.2541, 38.8245]]], [[[-122.2571, 38.8212], [-122.2574, 38.821], [-122.2571, 38.821], [-122.2571, 38.8212]]], [[[-122.2471, 38.8214], [-122.2474, 38.8211], [-122.247, 38.8211], [-122.2471, 38.8214]]], [[[-122.2491, 38.8203], [-122.2491, 38.8192], [-122.2487, 38.8192], [-122.2484, 38.82], [-122.2491, 38.8203]]], [[[-122.239, 38.8197], [-122.2394, 38.8191], [-122.239, 38.8191], [-122.239, 38.8197]]], [[[-122.2549, 38.8191], [-122.2553, 38.8188], [-122.2549, 38.8188], [-122.2549, 38.8191]]], [[[-122.2335, 38.8192], [-122.2342, 38.819], [-122.2335, 38.819], [-122.2335, 38.8192]]], [[[-122.2411, 38.8183], [-122.2414, 38.818], [-122.2411, 38.818], [-122.2411, 38.8183]]], [[[-122.24, 38.8178], [-122.2407, 38.8175], [-122.24, 38.8175], [-122.24, 38.8178]]], [[[-122.2417, 38.8172], [-122.2421, 38.8169], [-122.2417, 38.8169], [-122.2417, 38.8172]]], [[[-122.2366, 38.8173], [-122.2369, 38.817], [-122.2365, 38.817], [-122.2366, 38.8173]]], [[[-122.2521, 38.8167], [-122.2524, 38.8162], [-122.2521, 38.8162], [-122.2521, 38.8167]]], [[[-122.2507, 38.8165], [-122.2511, 38.8162], [-122.2507, 38.8162], [-122.2507, 38.8165]]], [[[-122.2514, 38.8162], [-122.2521, 38.8159], [-122.2514, 38.8157], [-122.2514, 38.8162]]], [[[-122.2552, 38.8159], [-122.2555, 38.8153], [-122.2552, 38.8153], [-122.2552, 38.8159]]], [[[-122.2524, 38.8157], [-122.2528, 38.8154], [-122.2524, 38.8154], [-122.2524, 38.8157]]], [[[-122.2541, 38.8156], [-122.2548, 38.8151], [-122.2545, 38.8151], [-122.2541, 38.8156]]], [[[-122.2527, 38.8146], [-122.2531, 38.8148], [-122.2534, 38.8146], [-122.2527, 38.8146]]], [[[-122.2538, 38.8145], [-122.2541, 38.8143], [-122.2538, 38.8143], [-122.2538, 38.8145]]], [[[-122.2507, 38.8154], [-122.2506, 38.8141], [-122.2503, 38.8141], [-122.2493, 38.8152], [-122.2507, 38.8154]]], [[[-122.2524, 38.8154], [-122.252, 38.814], [-122.2506, 38.8135], [-122.251, 38.8151], [-122.2524, 38.8154]]], [[[-122.2517, 38.8138], [-122.252, 38.8135], [-122.2517, 38.8135], [-122.2517, 38.8138]]], [[[-122.2541, 38.8135], [-122.2548, 38.8132], [-122.2541, 38.8132], [-122.2541, 38.8135]]], [[[-122.2524, 38.8135], [-122.2527, 38.8132], [-122.2523, 38.8132], [-122.2524, 38.8135]]], [[[-122.2527, 38.8132], [-122.253, 38.8129], [-122.2527, 38.8129], [-122.2527, 38.8132]]], [[[-122.251, 38.8132], [-122.2513, 38.813], [-122.251, 38.813], [-122.251, 38.8132]]], [[[-122.2496, 38.813], [-122.2506, 38.8127], [-122.2495, 38.8122], [-122.2496, 38.813]]], [[[-122.2516, 38.8124], [-122.252, 38.8121], [-122.2516, 38.8122], [-122.2516, 38.8124]]], [[[-122.2502, 38.8125], [-122.2506, 38.8122], [-122.2502, 38.8122], [-122.2502, 38.8125]]], [[[-122.2547, 38.8124], [-122.2554, 38.8121], [-122.2547, 38.8118], [-122.2547, 38.8124]]], [[[-122.2506, 38.8122], [-122.2509, 38.8119], [-122.2506, 38.8119], [-122.2506, 38.8122]]], [[[-122.243, 38.8123], [-122.2433, 38.812], [-122.243, 38.812], [-122.243, 38.8123]]], [[[-122.2509, 38.8114], [-122.2512, 38.8111], [-122.2509, 38.8111], [-122.2509, 38.8114]]], [[[-122.2519, 38.8111], [-122.2526, 38.8108], [-122.2519, 38.8108], [-122.2519, 38.8111]]], [[[-122.2478, 38.8111], [-122.2485, 38.8109], [-122.2478, 38.8109], [-122.2478, 38.8111]]], [[[-122.2505, 38.8111], [-122.2509, 38.8105], [-122.2505, 38.8106], [-122.2505, 38.8111]]], [[[-122.2516, 38.8105], [-122.2519, 38.8103], [-122.2516, 38.8103], [-122.2516, 38.8105]]], [[[-122.2409, 38.8107], [-122.2412, 38.8105], [-122.2408, 38.8105], [-122.2409, 38.8107]]], [[[-122.2526, 38.81], [-122.2529, 38.8097], [-122.2526, 38.8097], [-122.2526, 38.81]]], [[[-122.2505, 38.81], [-122.2509, 38.8097], [-122.2505, 38.8097], [-122.2505, 38.81]]], [[[-122.2519, 38.8097], [-122.2522, 38.8094], [-122.2519, 38.8095], [-122.2519, 38.8097]]], [[[-122.2498, 38.8098], [-122.2505, 38.8095], [-122.2498, 38.8095], [-122.2498, 38.8098]]], [[[-122.2491, 38.8092], [-122.2494, 38.809], [-122.2491, 38.809], [-122.2491, 38.8092]]], [[[-122.2474, 38.8093], [-122.2477, 38.809], [-122.2474, 38.809], [-122.2474, 38.8093]]], [[[-122.2529, 38.8086], [-122.2532, 38.8083], [-122.2529, 38.8084], [-122.2529, 38.8086]]], [[[-122.2494, 38.8087], [-122.2498, 38.8084], [-122.2494, 38.8084], [-122.2494, 38.8087]]], [[[-122.2259, 38.807], [-122.2262, 38.8067], [-122.2259, 38.8067], [-122.2259, 38.807]]], [[[-122.2455, 38.8055], [-122.2459, 38.8052], [-122.2455, 38.8052], [-122.2455, 38.8055]]], [[[-122.2354, 38.803], [-122.2358, 38.8027], [-122.2354, 38.8027], [-122.2354, 38.803]]], [[[-122.2237, 38.803], [-122.224, 38.8027], [-122.2237, 38.8027], [-122.2237, 38.803]]], [[[-122.2274, 38.8018], [-122.2278, 38.8015], [-122.2274, 38.8015], [-122.2274, 38.8018]]], [[[-122.2278, 38.8015], [-122.2281, 38.8012], [-122.2278, 38.8013], [-122.2278, 38.8015]]], [[[-122.2278, 38.801], [-122.2281, 38.8007], [-122.2278, 38.8007], [-122.2278, 38.801]]], [[[-122.2204, 38.7984], [-122.2208, 38.7981], [-122.2204, 38.7982], [-122.2204, 38.7984]]], [[[-122.2321, 38.7969], [-122.2325, 38.7966], [-122.2321, 38.7966], [-122.2321, 38.7969]]], [[[-122.2356, 38.796], [-122.2359, 38.7957], [-122.2356, 38.7957], [-122.2356, 38.796]]], [[[-122.2311, 38.7958], [-122.2314, 38.7955], [-122.2311, 38.7955], [-122.2311, 38.7958]]], [[[-122.2324, 38.7955], [-122.2328, 38.7952], [-122.2324, 38.7952], [-122.2324, 38.7955]]], [[[-122.2304, 38.7953], [-122.2317, 38.7947], [-122.2303, 38.7942], [-122.2304, 38.7953]]], [[[-122.23, 38.7942], [-122.2303, 38.7934], [-122.23, 38.7934], [-122.23, 38.7942]]], [[[-122.2348, 38.7936], [-122.2351, 38.7933], [-122.2348, 38.7933], [-122.2348, 38.7936]]], [[[-122.2382, 38.7924], [-122.2386, 38.7921], [-122.2382, 38.7922], [-122.2382, 38.7924]]], [[[-122.2344, 38.792], [-122.2347, 38.7917], [-122.2344, 38.7917], [-122.2344, 38.792]]], [[[-122.2292, 38.7921], [-122.2296, 38.7918], [-122.2292, 38.7918], [-122.2292, 38.7921]]], [[[-122.2288, 38.791], [-122.2292, 38.7907], [-122.2288, 38.7907], [-122.2288, 38.791]]], [[[-122.2316, 38.7901], [-122.2319, 38.7898], [-122.2316, 38.7898], [-122.2316, 38.7901]]], [[[-122.2292, 38.7915], [-122.2299, 38.7901], [-122.2288, 38.7896], [-122.2295, 38.7907], [-122.2292, 38.7915]]], [[[-122.2215, 38.7871], [-122.2218, 38.7868], [-122.2215, 38.7868], [-122.2215, 38.7871]]], [[[-122.2501, 38.786], [-122.2505, 38.7857], [-122.2501, 38.7857], [-122.2501, 38.786]]], [[[-122.2512, 38.7857], [-122.2518, 38.7854], [-122.2512, 38.7854], [-122.2512, 38.7857]]], [[[-122.2508, 38.7854], [-122.2511, 38.7849], [-122.2508, 38.7849], [-122.2508, 38.7854]]], [[[-122.228, 38.7853], [-122.2283, 38.785], [-122.228, 38.7851], [-122.228, 38.7853]]], [[[-122.2183, 38.7855], [-122.219, 38.7852], [-122.2183, 38.7852], [-122.2183, 38.7855]]], [[[-122.2325, 38.785], [-122.2328, 38.7847], [-122.2325, 38.7847], [-122.2325, 38.785]]], [[[-122.2162, 38.7845], [-122.2169, 38.7842], [-122.2162, 38.7842], [-122.2162, 38.7845]]], [[[-122.2158, 38.7842], [-122.2162, 38.7839], [-122.2158, 38.7839], [-122.2158, 38.7842]]], [[[-122.2172, 38.7839], [-122.2176, 38.7836], [-122.2172, 38.7836], [-122.2172, 38.7839]]], [[[-122.2355, 38.7833], [-122.2359, 38.783], [-122.2355, 38.783], [-122.2355, 38.7833]]], [[[-122.2345, 38.7833], [-122.2348, 38.783], [-122.2345, 38.783], [-122.2345, 38.7833]]], [[[-122.2359, 38.783], [-122.2362, 38.7827], [-122.2359, 38.7827], [-122.2359, 38.783]]], [[[-122.2355, 38.7828], [-122.2358, 38.7825], [-122.2355, 38.7825], [-122.2355, 38.7828]]], [[[-122.2431, 38.7823], [-122.2434, 38.7821], [-122.2431, 38.7821], [-122.2431, 38.7823]]], [[[-122.2179, 38.7828], [-122.2182, 38.7825], [-122.2179, 38.7825], [-122.2179, 38.7828]]], [[[-122.2379, 38.7822], [-122.2382, 38.7819], [-122.2379, 38.7819], [-122.2379, 38.7822]]], [[[-122.2386, 38.7819], [-122.2389, 38.7813], [-122.2386, 38.7813], [-122.2386, 38.7819]]], [[[-122.2375, 38.7814], [-122.2379, 38.7816], [-122.2382, 38.7814], [-122.2375, 38.7814]]], [[[-122.2351, 38.7817], [-122.2355, 38.7814], [-122.2351, 38.7814], [-122.2351, 38.7817]]], [[[-122.2462, 38.7812], [-122.2465, 38.7809], [-122.2462, 38.7809], [-122.2462, 38.7812]]], [[[-122.2427, 38.7813], [-122.2431, 38.781], [-122.2427, 38.781], [-122.2427, 38.7813]]], [[[-122.2355, 38.7814], [-122.2358, 38.7811], [-122.2355, 38.7811], [-122.2355, 38.7814]]], [[[-122.2434, 38.781], [-122.2437, 38.7807], [-122.2434, 38.7807], [-122.2434, 38.781]]], [[[-122.2265, 38.7813], [-122.2268, 38.781], [-122.2265, 38.781], [-122.2265, 38.7813]]], [[[-122.2219, 38.78], [-122.2223, 38.7798], [-122.2219, 38.7798], [-122.2219, 38.78]]], [[[-122.2354, 38.7795], [-122.2357, 38.7792], [-122.2354, 38.7792], [-122.2354, 38.7795]]], [[[-122.234, 38.7795], [-122.2344, 38.7793], [-122.234, 38.7793], [-122.234, 38.7795]]], [[[-122.2216, 38.7787], [-122.2219, 38.7784], [-122.2215, 38.7784], [-122.2216, 38.7787]]], [[[-122.2423, 38.778], [-122.2426, 38.7778], [-122.2423, 38.7778], [-122.2423, 38.778]]], [[[-122.2153, 38.7785], [-122.2157, 38.7783], [-122.2153, 38.7783], [-122.2153, 38.7785]]], [[[-122.216, 38.7777], [-122.2163, 38.7774], [-122.216, 38.7774], [-122.216, 38.7777]]], [[[-122.2173, 38.7766], [-122.2177, 38.7763], [-122.2173, 38.7763], [-122.2173, 38.7766]]], [[[-122.228, 38.7761], [-122.2284, 38.7759], [-122.228, 38.7759], [-122.228, 38.7761]]], [[[-122.2312, 38.7758], [-122.2315, 38.7755], [-122.2311, 38.7755], [-122.2312, 38.7758]]], [[[-122.226, 38.7759], [-122.2263, 38.7754], [-122.226, 38.7754], [-122.226, 38.7759]]], [[[-122.2194, 38.7755], [-122.2197, 38.7749], [-122.2194, 38.775], [-122.2194, 38.7755]]], [[[-122.2246, 38.7749], [-122.2249, 38.7746], [-122.2245, 38.7746], [-122.2246, 38.7749]]], [[[-122.2187, 38.7747], [-122.219, 38.775], [-122.2194, 38.7747], [-122.2187, 38.7747]]], [[[-122.228, 38.7745], [-122.2283, 38.7742], [-122.228, 38.7743], [-122.228, 38.7745]]], [[[-122.2197, 38.7744], [-122.22, 38.7741], [-122.2197, 38.7741], [-122.2197, 38.7744]]], [[[-122.2204, 38.7739], [-122.2211, 38.7738], [-122.2214, 38.7736], [-122.2204, 38.7739]]], [[[-122.2214, 38.7736], [-122.2217, 38.7733], [-122.2214, 38.7733], [-122.2214, 38.7736]]], [[[-122.2255, 38.7732], [-122.2259, 38.7729], [-122.2255, 38.7729], [-122.2255, 38.7732]]], [[[-122.2407, 38.7729], [-122.2414, 38.7724], [-122.2411, 38.7724], [-122.2407, 38.7729]]], [[[-122.2418, 38.7724], [-122.2421, 38.7721], [-122.2418, 38.7721], [-122.2418, 38.7724]]], [[[-122.2393, 38.7724], [-122.24, 38.7721], [-122.2393, 38.7722], [-122.2393, 38.7724]]], [[[-122.2411, 38.7721], [-122.2414, 38.7718], [-122.2411, 38.7719], [-122.2411, 38.7721]]], [[[-122.24, 38.7713], [-122.2403, 38.7711], [-122.24, 38.7711], [-122.24, 38.7713]]], [[[-122.2455, 38.771], [-122.2459, 38.7707], [-122.2455, 38.7707], [-122.2455, 38.771]]], [[[-122.2448, 38.7707], [-122.2452, 38.7704], [-122.2448, 38.7704], [-122.2448, 38.7707]]], [[[-122.2248, 38.7711], [-122.2251, 38.7708], [-122.2248, 38.7708], [-122.2248, 38.7711]]], [[[-122.2396, 38.7703], [-122.24, 38.77], [-122.2396, 38.77], [-122.2396, 38.7703]]], [[[-122.2389, 38.77], [-122.2396, 38.7697], [-122.2389, 38.7697], [-122.2389, 38.77]]], [[[-122.2444, 38.7696], [-122.2448, 38.7694], [-122.2444, 38.7694], [-122.2444, 38.7696]]], [[[-122.2455, 38.7688], [-122.2458, 38.7685], [-122.2455, 38.7685], [-122.2455, 38.7688]]], [[[-122.2448, 38.7688], [-122.2451, 38.7685], [-122.2448, 38.7685], [-122.2448, 38.7688]]], [[[-122.2216, 38.769], [-122.2219, 38.7687], [-122.2216, 38.7687], [-122.2216, 38.769]]], [[[-122.2244, 38.7689], [-122.2244, 38.7684], [-122.2236, 38.7679], [-122.223, 38.7689], [-122.2244, 38.7689]]], [[[-122.2434, 38.7683], [-122.2437, 38.7675], [-122.243, 38.7675], [-122.2434, 38.7683]]], [[[-122.2223, 38.7682], [-122.2226, 38.7676], [-122.2223, 38.7676], [-122.2223, 38.7682]]], [[[-122.225, 38.7678], [-122.2254, 38.7676], [-122.225, 38.7676], [-122.225, 38.7678]]], [[[-122.2236, 38.7679], [-122.2236, 38.7673], [-122.2229, 38.7673], [-122.223, 38.7676], [-122.2236, 38.7679]]], [[[-122.2437, 38.7667], [-122.2433, 38.7659], [-122.243, 38.7659], [-122.243, 38.7667], [-122.2437, 38.7667]]], [[[-122.2243, 38.7665], [-122.2246, 38.7662], [-122.2243, 38.7662], [-122.2243, 38.7665]]], [[[-122.2271, 38.7667], [-122.227, 38.7659], [-122.226, 38.7662], [-122.226, 38.7665], [-122.2271, 38.7667]]], [[[-122.2433, 38.7659], [-122.2436, 38.7656], [-122.2433, 38.7656], [-122.2433, 38.7659]]], [[[-122.2412, 38.7656], [-122.2416, 38.7654], [-122.2412, 38.7654], [-122.2412, 38.7656]]], [[[-122.2264, 38.7659], [-122.2267, 38.7656], [-122.2263, 38.7656], [-122.2264, 38.7659]]], [[[-122.2429, 38.7651], [-122.2433, 38.7648], [-122.2429, 38.7648], [-122.2429, 38.7651]]], [[[-122.2267, 38.7651], [-122.2274, 38.7648], [-122.2267, 38.7648], [-122.2267, 38.7651]]], [[[-122.226, 38.7646], [-122.2263, 38.7643], [-122.226, 38.7643], [-122.226, 38.7646]]], [[[-122.2422, 38.7643], [-122.2425, 38.7637], [-122.2422, 38.7637], [-122.2422, 38.7643]]], [[[-122.2256, 38.7643], [-122.226, 38.764], [-122.2256, 38.764], [-122.2256, 38.7643]]], [[[-122.2263, 38.7643], [-122.2266, 38.7638], [-122.2263, 38.7638], [-122.2263, 38.7643]]], [[[-122.228, 38.764], [-122.2284, 38.7637], [-122.228, 38.7637], [-122.228, 38.764]]], [[[-122.227, 38.7637], [-122.2273, 38.7635], [-122.227, 38.7635], [-122.227, 38.7637]]], [[[-122.2366, 38.7633], [-122.2366, 38.7628], [-122.2356, 38.763], [-122.2356, 38.7633], [-122.2366, 38.7633]]], [[[-122.2432, 38.7629], [-122.2435, 38.7626], [-122.2432, 38.7626], [-122.2432, 38.7629]]], [[[-122.2397, 38.7624], [-122.2401, 38.7622], [-122.2397, 38.7622], [-122.2397, 38.7624]]], [[[-122.2249, 38.7627], [-122.2252, 38.7622], [-122.2249, 38.7622], [-122.2249, 38.7627]]], [[[-122.2428, 38.7621], [-122.2432, 38.7618], [-122.2428, 38.7618], [-122.2428, 38.7621]]], [[[-122.2418, 38.7621], [-122.2421, 38.7618], [-122.2418, 38.7619], [-122.2418, 38.7621]]], [[[-122.2256, 38.7622], [-122.2255, 38.7616], [-122.2245, 38.7614], [-122.2245, 38.7619], [-122.2256, 38.7622]]], [[[-122.2421, 38.7608], [-122.2424, 38.7605], [-122.2421, 38.7605], [-122.2421, 38.7608]]], [[[-122.2438, 38.7607], [-122.2442, 38.7602], [-122.2438, 38.7602], [-122.2438, 38.7607]]], [[[-122.241, 38.7594], [-122.2417, 38.7592], [-122.241, 38.7592], [-122.241, 38.7594]]], [[[-122.2206, 38.7574], [-122.2209, 38.7571], [-122.2206, 38.7571], [-122.2206, 38.7574]]], [[[-122.2354, 38.7571], [-122.2365, 38.7568], [-122.2351, 38.7566], [-122.2354, 38.7571]]], [[[-122.2192, 38.7569], [-122.2195, 38.7566], [-122.2192, 38.7566], [-122.2192, 38.7569]]], [[[-122.2347, 38.7555], [-122.235, 38.7558], [-122.2354, 38.7555], [-122.2347, 38.7555]]], [[[-122.2336, 38.755], [-122.234, 38.7547], [-122.2336, 38.7547], [-122.2336, 38.755]]], [[[-122.2361, 38.7549], [-122.2353, 38.7541], [-122.2346, 38.7542], [-122.2347, 38.755], [-122.2361, 38.7549]]], [[[-122.2813, 38.7536], [-122.2816, 38.7533], [-122.2813, 38.7533], [-122.2813, 38.7536]]], [[[-122.2371, 38.7549], [-122.2371, 38.7538], [-122.2367, 38.7538], [-122.236, 38.7547], [-122.2371, 38.7549]]], [[[-122.235, 38.7528], [-122.2356, 38.7525], [-122.2349, 38.7525], [-122.235, 38.7528]]], [[[-122.2332, 38.7528], [-122.2336, 38.7526], [-122.2332, 38.7526], [-122.2332, 38.7528]]], [[[-122.2356, 38.7525], [-122.2363, 38.7522], [-122.2356, 38.7522], [-122.2356, 38.7525]]], [[[-122.2367, 38.7522], [-122.237, 38.752], [-122.2367, 38.752], [-122.2367, 38.7522]]], [[[-122.2322, 38.7523], [-122.2335, 38.752], [-122.2322, 38.752], [-122.2322, 38.7523]]], [[[-122.237, 38.752], [-122.2377, 38.7517], [-122.237, 38.7517], [-122.237, 38.752]]], [[[-122.2342, 38.7523], [-122.2346, 38.7517], [-122.2335, 38.7515], [-122.2335, 38.752], [-122.2342, 38.7523]]], [[[-122.2363, 38.7517], [-122.2366, 38.7514], [-122.2363, 38.7514], [-122.2363, 38.7517]]], [[[-122.2232, 38.7519], [-122.2239, 38.7517], [-122.2232, 38.7517], [-122.2232, 38.7519]]], [[[-122.2201, 38.752], [-122.2204, 38.7517], [-122.2201, 38.7517], [-122.2201, 38.752]]], [[[-122.2346, 38.7515], [-122.2352, 38.7512], [-122.2346, 38.7512], [-122.2346, 38.7515]]], [[[-122.2318, 38.7512], [-122.2321, 38.751], [-122.2318, 38.751], [-122.2318, 38.7512]]], [[[-122.22, 38.7515], [-122.2204, 38.7512], [-122.22, 38.7512], [-122.22, 38.7515]]], [[[-122.2325, 38.7515], [-122.2328, 38.7504], [-122.2325, 38.7504], [-122.2325, 38.7515]]], [[[-122.2366, 38.7511], [-122.2366, 38.7506], [-122.2373, 38.7509], [-122.2369, 38.7501], [-122.2363, 38.7503], [-122.2366, 38.7511]]], [[[-122.2369, 38.7501], [-122.2373, 38.7498], [-122.2369, 38.7498], [-122.2369, 38.7501]]], [[[-122.2345, 38.7504], [-122.2342, 38.7496], [-122.2331, 38.7501], [-122.2331, 38.7504], [-122.2345, 38.7504]]], [[[-122.2214, 38.7501], [-122.2217, 38.7498], [-122.2214, 38.7498], [-122.2214, 38.7501]]], [[[-122.2349, 38.7496], [-122.2352, 38.749], [-122.2348, 38.749], [-122.2349, 38.7496]]], [[[-122.2383, 38.7503], [-122.2383, 38.7495], [-122.2386, 38.7487], [-122.238, 38.7492], [-122.2383, 38.7503]]], [[[-122.2245, 38.7495], [-122.2248, 38.7489], [-122.2245, 38.7489], [-122.2245, 38.7495]]], [[[-122.2514, 38.7487], [-122.2518, 38.7484], [-122.2514, 38.7484], [-122.2514, 38.7487]]], [[[-122.2359, 38.749], [-122.2362, 38.7487], [-122.2359, 38.7487], [-122.2359, 38.749]]], [[[-122.2521, 38.7484], [-122.2524, 38.7482], [-122.2521, 38.7482], [-122.2521, 38.7484]]], [[[-122.2352, 38.7487], [-122.2355, 38.7485], [-122.2352, 38.7485], [-122.2352, 38.7487]]], [[[-122.2224, 38.749], [-122.2227, 38.7487], [-122.2224, 38.7487], [-122.2224, 38.749]]], [[[-122.2383, 38.7484], [-122.2386, 38.7481], [-122.2383, 38.7481], [-122.2383, 38.7484]]], [[[-122.2289, 38.7486], [-122.2293, 38.7483], [-122.2289, 38.7483], [-122.2289, 38.7486]]], [[[-122.2369, 38.7482], [-122.2372, 38.7479], [-122.2369, 38.7479], [-122.2369, 38.7482]]], [[[-122.2227, 38.7487], [-122.2231, 38.7479], [-122.2227, 38.7479], [-122.2227, 38.7487]]], [[[-122.2217, 38.7493], [-122.2224, 38.7484], [-122.222, 38.7479], [-122.2213, 38.7479], [-122.2217, 38.7493]]], [[[-122.2407, 38.7478], [-122.241, 38.7476], [-122.2407, 38.7476], [-122.2407, 38.7478]]], [[[-122.2372, 38.7479], [-122.2376, 38.7476], [-122.2372, 38.7476], [-122.2372, 38.7479]]], [[[-122.2272, 38.7481], [-122.2275, 38.7478], [-122.2272, 38.7478], [-122.2272, 38.7481]]], [[[-122.2376, 38.7476], [-122.2379, 38.7473], [-122.2376, 38.7474], [-122.2376, 38.7476]]], [[[-122.2348, 38.7482], [-122.2351, 38.7474], [-122.2338, 38.7474], [-122.2338, 38.7477], [-122.2348, 38.7482]]], [[[-122.2175, 38.748], [-122.2179, 38.7477], [-122.2175, 38.7477], [-122.2175, 38.748]]], [[[-122.2379, 38.7473], [-122.2382, 38.7471], [-122.2379, 38.7471], [-122.2379, 38.7473]]], [[[-122.231, 38.748], [-122.2331, 38.748], [-122.2334, 38.7472], [-122.232, 38.7472], [-122.231, 38.748]]], [[[-122.23, 38.7475], [-122.2303, 38.7472], [-122.2299, 38.7472], [-122.23, 38.7475]]], [[[-122.2286, 38.7475], [-122.2293, 38.7475], [-122.2296, 38.7472], [-122.2286, 38.7475]]], [[[-122.2534, 38.7468], [-122.2538, 38.7465], [-122.2534, 38.7465], [-122.2534, 38.7468]]], [[[-122.2382, 38.7471], [-122.2393, 38.7468], [-122.2382, 38.7468], [-122.2382, 38.7471]]], [[[-122.2313, 38.7472], [-122.232, 38.7469], [-122.2313, 38.7469], [-122.2313, 38.7472]]], [[[-122.2296, 38.7472], [-122.2299, 38.747], [-122.2296, 38.747], [-122.2296, 38.7472]]], [[[-122.2393, 38.7468], [-122.2396, 38.7465], [-122.2393, 38.7465], [-122.2393, 38.7468]]], [[[-122.2334, 38.7466], [-122.2341, 38.7469], [-122.2348, 38.7466], [-122.2334, 38.7466]]], [[[-122.222, 38.7471], [-122.2223, 38.7468], [-122.222, 38.7468], [-122.222, 38.7471]]], [[[-122.2348, 38.7466], [-122.2358, 38.7463], [-122.2348, 38.7463], [-122.2348, 38.7466]]], [[[-122.2365, 38.7463], [-122.2368, 38.746], [-122.2365, 38.746], [-122.2365, 38.7463]]], [[[-122.232, 38.7464], [-122.2327, 38.7461], [-122.232, 38.7461], [-122.232, 38.7464]]], [[[-122.2286, 38.7483], [-122.2282, 38.7464], [-122.2271, 38.7459], [-122.2275, 38.7467], [-122.2268, 38.7467], [-122.2268, 38.7473], [-122.2272, 38.7473], [-122.2279, 38.7478], [-122.2276, 38.7483], [-122.2286, 38.7483]], [[-122.2275, 38.747], [-122.2272, 38.7473], [-122.2272, 38.747], [-122.2275, 38.747]]], [[[-122.2237, 38.7473], [-122.2237, 38.7468], [-122.2226, 38.746], [-122.2227, 38.7474], [-122.2237, 38.7473]]], [[[-122.2292, 38.7462], [-122.2299, 38.7467], [-122.2299, 38.7459], [-122.2292, 38.7462]]], [[[-122.2327, 38.7461], [-122.233, 38.7458], [-122.2327, 38.7458], [-122.2327, 38.7461]]], [[[-122.2317, 38.7467], [-122.2309, 38.7453], [-122.2306, 38.7453], [-122.2306, 38.7464], [-122.2317, 38.7467]]], [[[-122.2278, 38.7459], [-122.2282, 38.7454], [-122.2278, 38.7454], [-122.2278, 38.7459]]], [[[-122.2513, 38.7452], [-122.2513, 38.7447], [-122.2503, 38.745], [-122.2503, 38.7452], [-122.2513, 38.7452]]], [[[-122.233, 38.745], [-122.234, 38.7447], [-122.233, 38.7447], [-122.233, 38.745]]], [[[-122.2278, 38.7451], [-122.2281, 38.7448], [-122.2278, 38.7448], [-122.2278, 38.7451]]], [[[-122.234, 38.7447], [-122.2347, 38.7444], [-122.234, 38.7444], [-122.234, 38.7447]]], [[[-122.2316, 38.7448], [-122.2319, 38.7442], [-122.2316, 38.7442], [-122.2316, 38.7448]]], [[[-122.2296, 38.7459], [-122.2313, 38.7448], [-122.2299, 38.7448], [-122.2288, 38.744], [-122.2285, 38.7451], [-122.2296, 38.7459]], [[-122.2299, 38.7451], [-122.2295, 38.7453], [-122.2295, 38.7451], [-122.2299, 38.7451]]], [[[-122.2388, 38.7444], [-122.2392, 38.7438], [-122.2388, 38.7438], [-122.2388, 38.7444]]], [[[-122.2368, 38.7447], [-122.2375, 38.7444], [-122.2374, 38.7438], [-122.2364, 38.7441], [-122.2368, 38.7447]]], [[[-122.2343, 38.7442], [-122.2347, 38.7439], [-122.2343, 38.7439], [-122.2343, 38.7442]]], [[[-122.2361, 38.7439], [-122.2364, 38.7436], [-122.2361, 38.7436], [-122.2361, 38.7439]]], [[[-122.2295, 38.744], [-122.2298, 38.7437], [-122.2295, 38.7437], [-122.2295, 38.744]]], [[[-122.2285, 38.744], [-122.2288, 38.7437], [-122.2285, 38.7437], [-122.2285, 38.744]]], [[[-122.2347, 38.7439], [-122.2357, 38.7433], [-122.2347, 38.7434], [-122.2347, 38.7439]]], [[[-122.233, 38.7442], [-122.2333, 38.7437], [-122.2343, 38.7434], [-122.2319, 38.7437], [-122.233, 38.7442]]], [[[-122.2281, 38.7437], [-122.2284, 38.7432], [-122.2281, 38.7432], [-122.2281, 38.7437]]], [[[-122.2267, 38.7435], [-122.2271, 38.7432], [-122.2267, 38.7432], [-122.2267, 38.7435]]], [[[-122.2205, 38.7436], [-122.2208, 38.7433], [-122.2205, 38.7433], [-122.2205, 38.7436]]], [[[-122.2357, 38.7428], [-122.236, 38.7431], [-122.2364, 38.7428], [-122.2357, 38.7428]]], [[[-122.234, 38.7431], [-122.2343, 38.7428], [-122.234, 38.7428], [-122.234, 38.7431]]], [[[-122.2295, 38.7432], [-122.2298, 38.7429], [-122.2295, 38.7429], [-122.2295, 38.7432]]], [[[-122.226, 38.7432], [-122.2264, 38.743], [-122.226, 38.743], [-122.226, 38.7432]]], [[[-122.2205, 38.7431], [-122.2208, 38.7428], [-122.2205, 38.7428], [-122.2205, 38.7431]]], [[[-122.2316, 38.7437], [-122.2315, 38.7429], [-122.2319, 38.7423], [-122.2309, 38.7434], [-122.2316, 38.7437]]], [[[-122.2339, 38.7426], [-122.2343, 38.7423], [-122.2339, 38.7423], [-122.2339, 38.7426]]], [[[-122.2308, 38.7426], [-122.2312, 38.7423], [-122.2308, 38.7423], [-122.2308, 38.7426]]], [[[-122.2302, 38.7426], [-122.2305, 38.7424], [-122.2301, 38.7424], [-122.2302, 38.7426]]], [[[-122.2398, 38.7422], [-122.2405, 38.7419], [-122.2398, 38.7419], [-122.2398, 38.7422]]], [[[-122.2346, 38.742], [-122.235, 38.7417], [-122.2346, 38.7417], [-122.2346, 38.742]]], [[[-122.2336, 38.742], [-122.2339, 38.7417], [-122.2336, 38.7418], [-122.2336, 38.742]]], [[[-122.2319, 38.7421], [-122.2322, 38.7418], [-122.2319, 38.7418], [-122.2319, 38.7421]]], [[[-122.2281, 38.7419], [-122.2284, 38.7416], [-122.228, 38.7416], [-122.2281, 38.7419]]], [[[-122.2263, 38.7419], [-122.2267, 38.7416], [-122.2263, 38.7416], [-122.2263, 38.7419]]], [[[-122.2326, 38.742], [-122.2332, 38.7415], [-122.2325, 38.7412], [-122.2326, 38.742]]], [[[-122.2374, 38.7414], [-122.2377, 38.7411], [-122.2374, 38.7411], [-122.2374, 38.7414]]], [[[-122.2308, 38.7415], [-122.2311, 38.7413], [-122.2308, 38.7413], [-122.2308, 38.7415]]], [[[-122.2301, 38.7415], [-122.2305, 38.7413], [-122.2301, 38.7413], [-122.2301, 38.7415]]], [[[-122.2391, 38.7408], [-122.2394, 38.7406], [-122.2391, 38.7406], [-122.2391, 38.7408]]], [[[-122.2311, 38.741], [-122.2315, 38.7407], [-122.2311, 38.7407], [-122.2311, 38.741]]], [[[-122.2274, 38.7429], [-122.2288, 38.7427], [-122.2287, 38.7418], [-122.2284, 38.7421], [-122.2281, 38.7421], [-122.2281, 38.7419], [-122.2277, 38.7419], [-122.228, 38.741], [-122.2287, 38.7416], [-122.2284, 38.7405], [-122.2266, 38.7411], [-122.2277, 38.7421], [-122.227, 38.7427], [-122.226, 38.7424], [-122.2256, 38.7414], [-122.2257, 38.743], [-122.226, 38.7427], [-122.2274, 38.7429]], [[-122.228, 38.7408], [-122.2277, 38.7411], [-122.2277, 38.7408], [-122.228, 38.7408]]], [[[-122.2259, 38.7408], [-122.2263, 38.7405], [-122.2259, 38.7405], [-122.2259, 38.7408]]], [[[-122.2429, 38.7402], [-122.2432, 38.74], [-122.2429, 38.74], [-122.2429, 38.7402]]], [[[-122.2366, 38.7403], [-122.237, 38.7401], [-122.2366, 38.7401], [-122.2366, 38.7403]]], [[[-122.2356, 38.7404], [-122.2363, 38.7401], [-122.2356, 38.7401], [-122.2356, 38.7404]]], [[[-122.2311, 38.7405], [-122.2318, 38.7402], [-122.2311, 38.7402], [-122.2311, 38.7405]]], [[[-122.2284, 38.7405], [-122.2287, 38.7402], [-122.2283, 38.7402], [-122.2284, 38.7405]]], [[[-122.2432, 38.74], [-122.2435, 38.7397], [-122.2432, 38.7397], [-122.2432, 38.74]]], [[[-122.237, 38.7401], [-122.2373, 38.7398], [-122.237, 38.7398], [-122.237, 38.7401]]], [[[-122.2304, 38.7402], [-122.2308, 38.7399], [-122.2304, 38.7399], [-122.2304, 38.7402]]], [[[-122.2325, 38.7404], [-122.2328, 38.7399], [-122.2318, 38.7396], [-122.2318, 38.7402], [-122.2325, 38.7404]]], [[[-122.2301, 38.7402], [-122.2297, 38.7397], [-122.2287, 38.74], [-122.2287, 38.7402], [-122.2301, 38.7402]]], [[[-122.2277, 38.7402], [-122.2276, 38.7397], [-122.2266, 38.7397], [-122.2266, 38.74], [-122.2277, 38.7402]]], [[[-122.2397, 38.7398], [-122.2401, 38.7395], [-122.2397, 38.7395], [-122.2397, 38.7398]]], [[[-122.2342, 38.7399], [-122.2349, 38.7396], [-122.2342, 38.7396], [-122.2342, 38.7399]]], [[[-122.2301, 38.7399], [-122.2304, 38.7397], [-122.2301, 38.7397], [-122.2301, 38.7399]]], [[[-122.228, 38.74], [-122.2283, 38.7397], [-122.228, 38.7397], [-122.228, 38.74]]], [[[-122.2439, 38.7394], [-122.2442, 38.7391], [-122.2439, 38.7391], [-122.2439, 38.7394]]], [[[-122.2339, 38.7396], [-122.2342, 38.7393], [-122.2339, 38.7393], [-122.2339, 38.7396]]], [[[-122.2304, 38.7397], [-122.2307, 38.7394], [-122.2304, 38.7394], [-122.2304, 38.7397]]], [[[-122.2283, 38.7397], [-122.2287, 38.7394], [-122.2283, 38.7394], [-122.2283, 38.7397]]], [[[-122.2276, 38.7397], [-122.228, 38.7394], [-122.2276, 38.7394], [-122.2276, 38.7397]]], [[[-122.2263, 38.7397], [-122.2266, 38.7395], [-122.2263, 38.7395], [-122.2263, 38.7397]]], [[[-122.2435, 38.7391], [-122.2439, 38.7389], [-122.2435, 38.7389], [-122.2435, 38.7391]]], [[[-122.2242, 38.7395], [-122.2245, 38.7392], [-122.2242, 38.7392], [-122.2242, 38.7395]]], [[[-122.2242, 38.74], [-122.2242, 38.7395], [-122.2235, 38.739], [-122.2235, 38.7398], [-122.2242, 38.74]]], [[[-122.2294, 38.7394], [-122.2297, 38.7389], [-122.2293, 38.7389], [-122.2294, 38.7394]]], [[[-122.2256, 38.7395], [-122.2259, 38.7389], [-122.2255, 38.7389], [-122.2256, 38.7395]]], [[[-122.2121, 38.7397], [-122.2124, 38.7392], [-122.2121, 38.7392], [-122.2121, 38.7397]]], [[[-122.2473, 38.7388], [-122.2477, 38.7385], [-122.2473, 38.7385], [-122.2473, 38.7388]]], [[[-122.2228, 38.7393], [-122.2231, 38.739], [-122.2228, 38.739], [-122.2228, 38.7393]]], [[[-122.2321, 38.7394], [-122.2321, 38.7385], [-122.2318, 38.7385], [-122.2311, 38.7394], [-122.2321, 38.7394]]], [[[-122.2311, 38.7388], [-122.2314, 38.7386], [-122.2311, 38.7386], [-122.2311, 38.7388]]], [[[-122.2297, 38.7389], [-122.23, 38.7386], [-122.2297, 38.7386], [-122.2297, 38.7389]]], [[[-122.2477, 38.7385], [-122.248, 38.738], [-122.2476, 38.738], [-122.2477, 38.7385]]], [[[-122.228, 38.7389], [-122.2279, 38.7383], [-122.2269, 38.7386], [-122.2269, 38.7389], [-122.228, 38.7389]]], [[[-122.2262, 38.7387], [-122.2266, 38.7384], [-122.2262, 38.7384], [-122.2262, 38.7387]]], [[[-122.2366, 38.7382], [-122.2369, 38.7379], [-122.2366, 38.7379], [-122.2366, 38.7382]]], [[[-122.2266, 38.7384], [-122.2269, 38.7381], [-122.2266, 38.7381], [-122.2266, 38.7384]]], [[[-122.2228, 38.739], [-122.2234, 38.7382], [-122.221, 38.7377], [-122.2214, 38.7385], [-122.2228, 38.739]]], [[[-122.2283, 38.7378], [-122.2286, 38.7375], [-122.2283, 38.7375], [-122.2283, 38.7378]]], [[[-122.2473, 38.7375], [-122.2476, 38.7369], [-122.2473, 38.7369], [-122.2473, 38.7375]]], [[[-122.2452, 38.7372], [-122.2459, 38.7369], [-122.2452, 38.737], [-122.2452, 38.7372]]], [[[-122.2265, 38.7376], [-122.2272, 38.7373], [-122.2265, 38.7373], [-122.2265, 38.7376]]], [[[-122.2252, 38.7384], [-122.2248, 38.7373], [-122.2224, 38.7374], [-122.2231, 38.7379], [-122.2241, 38.7376], [-122.2252, 38.7384]]], [[[-122.2144, 38.7375], [-122.2151, 38.7372], [-122.2144, 38.7372], [-122.2144, 38.7375]]], [[[-122.2473, 38.7369], [-122.2469, 38.7364], [-122.2462, 38.7364], [-122.2466, 38.7369], [-122.2473, 38.7369]]], [[[-122.2251, 38.7371], [-122.2262, 38.7373], [-122.2262, 38.7368], [-122.2251, 38.7371]]], [[[-122.2452, 38.7367], [-122.2455, 38.7364], [-122.2452, 38.7364], [-122.2452, 38.7367]]], [[[-122.2238, 38.7371], [-122.2244, 38.7368], [-122.2238, 38.7368], [-122.2238, 38.7371]]], [[[-122.2141, 38.7373], [-122.2144, 38.737], [-122.2141, 38.737], [-122.2141, 38.7373]]], [[[-122.2134, 38.7373], [-122.2137, 38.737], [-122.2134, 38.737], [-122.2134, 38.7373]]], [[[-122.2472, 38.7364], [-122.2476, 38.7361], [-122.2472, 38.7361], [-122.2472, 38.7364]]], [[[-122.2251, 38.7368], [-122.2255, 38.7365], [-122.2251, 38.7365], [-122.2251, 38.7368]]], [[[-122.2151, 38.737], [-122.2158, 38.7367], [-122.2151, 38.7367], [-122.2151, 38.737]]], [[[-122.2137, 38.737], [-122.2141, 38.7367], [-122.2137, 38.7367], [-122.2137, 38.737]]], [[[-122.2124, 38.737], [-122.2127, 38.7367], [-122.2123, 38.7367], [-122.2124, 38.737]]], [[[-122.2282, 38.7367], [-122.2286, 38.7362], [-122.2282, 38.7362], [-122.2282, 38.7367]]], [[[-122.2262, 38.7368], [-122.2265, 38.7362], [-122.2262, 38.7362], [-122.2262, 38.7368]]], [[[-122.2476, 38.7361], [-122.2479, 38.7358], [-122.2476, 38.7358], [-122.2476, 38.7361]]], [[[-122.2275, 38.7365], [-122.2279, 38.7362], [-122.2275, 38.7362], [-122.2275, 38.7365]]], [[[-122.2182, 38.7366], [-122.2186, 38.7364], [-122.2182, 38.7364], [-122.2182, 38.7366]]], [[[-122.2272, 38.7362], [-122.2275, 38.7359], [-122.2272, 38.7359], [-122.2272, 38.7362]]], [[[-122.2244, 38.7363], [-122.2248, 38.736], [-122.2244, 38.736], [-122.2244, 38.7363]]], [[[-122.2137, 38.7364], [-122.2141, 38.7362], [-122.2137, 38.7362], [-122.2137, 38.7364]]], [[[-122.2275, 38.7359], [-122.2279, 38.7357], [-122.2275, 38.7357], [-122.2275, 38.7359]]], [[[-122.2268, 38.7359], [-122.2272, 38.7357], [-122.2268, 38.7357], [-122.2268, 38.7359]]], [[[-122.2251, 38.7354], [-122.2261, 38.7351], [-122.2251, 38.7352], [-122.2251, 38.7354]]], [[[-122.2234, 38.7355], [-122.2241, 38.7352], [-122.2234, 38.7352], [-122.2234, 38.7355]]], [[[-122.2441, 38.7345], [-122.2444, 38.7343], [-122.2441, 38.7343], [-122.2441, 38.7345]]], [[[-122.2275, 38.7351], [-122.2278, 38.7343], [-122.2275, 38.7343], [-122.2275, 38.7351]]], [[[-122.222, 38.7374], [-122.222, 38.7368], [-122.2231, 38.7371], [-122.222, 38.736], [-122.2234, 38.736], [-122.2234, 38.7355], [-122.223, 38.7355], [-122.2234, 38.7349], [-122.2226, 38.7344], [-122.222, 38.7344], [-122.2227, 38.7355], [-122.2216, 38.7352], [-122.2216, 38.7344], [-122.2206, 38.735], [-122.2213, 38.7355], [-122.2206, 38.7363], [-122.221, 38.7363], [-122.221, 38.7369], [-122.2213, 38.7369], [-122.222, 38.7374]], [[-122.2217, 38.7363], [-122.2213, 38.7369], [-122.2213, 38.7363], [-122.2217, 38.7363]]], [[[-122.2247, 38.7346], [-122.2258, 38.7343], [-122.2247, 38.7344], [-122.2247, 38.7346]]], [[[-122.224, 38.7346], [-122.2244, 38.7344], [-122.224, 38.7344], [-122.224, 38.7346]]], [[[-122.2244, 38.7344], [-122.2247, 38.7341], [-122.2244, 38.7341], [-122.2244, 38.7344]]], [[[-122.2458, 38.7337], [-122.2461, 38.7334], [-122.2458, 38.7334], [-122.2458, 38.7337]]], [[[-122.2237, 38.7341], [-122.224, 38.7338], [-122.2237, 38.7338], [-122.2237, 38.7341]]], [[[-122.2237, 38.7346], [-122.2237, 38.7341], [-122.223, 38.7336], [-122.223, 38.7344], [-122.2237, 38.7346]]], [[[-122.2244, 38.7338], [-122.2247, 38.7335], [-122.2243, 38.7336], [-122.2244, 38.7338]]], [[[-122.2272, 38.7351], [-122.2271, 38.7338], [-122.2264, 38.7332], [-122.2258, 38.7349], [-122.2272, 38.7351]]], [[[-122.2271, 38.7327], [-122.2278, 38.7324], [-122.2271, 38.7324], [-122.2271, 38.7327]]], [[[-122.2136, 38.7313], [-122.2139, 38.731], [-122.2136, 38.7311], [-122.2136, 38.7313]]], [[[-122.2129, 38.7313], [-122.2132, 38.7311], [-122.2129, 38.7311], [-122.2129, 38.7313]]], [[[-122.2132, 38.7311], [-122.2136, 38.7308], [-122.2132, 38.7308], [-122.2132, 38.7311]]], [[[-122.2387, 38.729], [-122.2391, 38.7287], [-122.2387, 38.7287], [-122.2387, 38.729]]], [[[-122.2139, 38.7297], [-122.2138, 38.7289], [-122.2135, 38.7289], [-122.2132, 38.7297], [-122.2139, 38.7297]]], [[[-122.2332, 38.7288], [-122.2335, 38.7285], [-122.2332, 38.7285], [-122.2332, 38.7288]]], [[[-122.2246, 38.729], [-122.2249, 38.7287], [-122.2245, 38.7287], [-122.2246, 38.729]]], [[[-122.2256, 38.7287], [-122.2259, 38.7284], [-122.2256, 38.7284], [-122.2256, 38.7287]]], [[[-122.2249, 38.7287], [-122.2252, 38.7284], [-122.2249, 38.7284], [-122.2249, 38.7287]]], [[[-122.2394, 38.7281], [-122.2397, 38.7279], [-122.2394, 38.7279], [-122.2394, 38.7281]]], [[[-122.2432, 38.7278], [-122.2435, 38.7275], [-122.2432, 38.7275], [-122.2432, 38.7278]]], [[[-122.2376, 38.7274], [-122.238, 38.7271], [-122.2376, 38.7271], [-122.2376, 38.7274]]], [[[-122.2221, 38.7274], [-122.2224, 38.7271], [-122.2221, 38.7271], [-122.2221, 38.7274]]], [[[-122.238, 38.7271], [-122.2386, 38.7265], [-122.238, 38.7263], [-122.238, 38.7271]]], [[[-122.2386, 38.7257], [-122.239, 38.7255], [-122.2386, 38.7255], [-122.2386, 38.7257]]], [[[-122.2355, 38.7258], [-122.2358, 38.7252], [-122.2355, 38.7253], [-122.2355, 38.7258]]], [[[-122.2397, 38.7254], [-122.2393, 38.7249], [-122.2386, 38.7249], [-122.239, 38.7255], [-122.2397, 38.7254]]], [[[-122.2386, 38.7247], [-122.2389, 38.7244], [-122.2386, 38.7244], [-122.2386, 38.7247]]], [[[-122.2389, 38.7244], [-122.2393, 38.7241], [-122.2389, 38.7241], [-122.2389, 38.7244]]], [[[-122.2327, 38.725], [-122.2337, 38.7245], [-122.2327, 38.724], [-122.2327, 38.725]]], [[[-122.2393, 38.7238], [-122.2396, 38.7236], [-122.2393, 38.7236], [-122.2393, 38.7238]]], [[[-122.2324, 38.724], [-122.2327, 38.7234], [-122.2323, 38.7234], [-122.2324, 38.724]]], [[[-122.2385, 38.7228], [-122.2389, 38.7225], [-122.2385, 38.7225], [-122.2385, 38.7228]]], [[[-122.2288, 38.7221], [-122.2292, 38.7219], [-122.2288, 38.7219], [-122.2288, 38.7221]]], [[[-122.2333, 38.7221], [-122.2333, 38.7215], [-122.2326, 38.7215], [-122.2326, 38.7218], [-122.2333, 38.7221]]], [[[-122.2275, 38.7219], [-122.2278, 38.7216], [-122.2274, 38.7216], [-122.2275, 38.7219]]], [[[-122.2333, 38.7215], [-122.2337, 38.7212], [-122.2333, 38.7212], [-122.2333, 38.7215]]], [[[-122.2281, 38.7213], [-122.2285, 38.7208], [-122.2281, 38.7208], [-122.2281, 38.7213]]], [[[-122.2291, 38.7208], [-122.2295, 38.7205], [-122.2291, 38.7205], [-122.2291, 38.7208]]], [[[-122.2312, 38.7199], [-122.2319, 38.7196], [-122.2312, 38.7197], [-122.2312, 38.7199]]], [[[-122.2271, 38.72], [-122.2274, 38.7197], [-122.227, 38.7197], [-122.2271, 38.72]]], [[[-122.229, 38.7159], [-122.2297, 38.7156], [-122.229, 38.7157], [-122.229, 38.7159]]], [[[-122.2265, 38.7138], [-122.2269, 38.7135], [-122.2265, 38.7135], [-122.2265, 38.7138]]], [[[-122.2258, 38.7141], [-122.2258, 38.7136], [-122.2265, 38.7133], [-122.2251, 38.7136], [-122.2258, 38.7141]]], [[[-122.2272, 38.7133], [-122.2275, 38.713], [-122.2272, 38.713], [-122.2272, 38.7133]]], [[[-122.2268, 38.713], [-122.2272, 38.7127], [-122.2268, 38.7127], [-122.2268, 38.713]]], [[[-122.2272, 38.7127], [-122.2279, 38.7124], [-122.2272, 38.7124], [-122.2272, 38.7127]]], [[[-122.2248, 38.7128], [-122.2265, 38.7122], [-122.2247, 38.7122], [-122.2248, 38.7128]]], [[[-122.2189, 38.7123], [-122.2196, 38.712], [-122.2189, 38.7121], [-122.2189, 38.7123]]], [[[-122.2258, 38.7119], [-122.2261, 38.7117], [-122.2258, 38.7117], [-122.2258, 38.7119]]], [[[-122.2247, 38.712], [-122.2257, 38.7111], [-122.2244, 38.7111], [-122.2247, 38.712]]], [[[-122.2202, 38.7104], [-122.2205, 38.7101], [-122.2202, 38.7101], [-122.2202, 38.7104]]], [[[-122.2198, 38.7091], [-122.2202, 38.7093], [-122.2205, 38.7091], [-122.2198, 38.7091]]], [[[-122.195, 38.7101], [-122.1957, 38.7098], [-122.1956, 38.7092], [-122.1946, 38.7095], [-122.195, 38.7101]]], [[[-122.1956, 38.7092], [-122.196, 38.709], [-122.1956, 38.709], [-122.1956, 38.7092]]], [[[-122.1856, 38.7083], [-122.1859, 38.7081], [-122.1856, 38.7081], [-122.1856, 38.7083]]], [[[-122.2122, 38.7073], [-122.2128, 38.707], [-122.2122, 38.7071], [-122.2122, 38.7073]]], [[[-122.2215, 38.7069], [-122.2218, 38.7066], [-122.2215, 38.7066], [-122.2215, 38.7069]]], [[[-122.2115, 38.7071], [-122.2118, 38.7068], [-122.2115, 38.7068], [-122.2115, 38.7071]]], [[[-122.2304, 38.7062], [-122.2311, 38.7059], [-122.2304, 38.7059], [-122.2304, 38.7062]]], [[[-122.1938, 38.7068], [-122.1942, 38.7066], [-122.1938, 38.7066], [-122.1938, 38.7068]]], [[[-122.2215, 38.7066], [-122.2215, 38.7061], [-122.2208, 38.7058], [-122.2204, 38.7064], [-122.2215, 38.7066]]], [[[-122.1935, 38.7066], [-122.1938, 38.7063], [-122.1935, 38.7063], [-122.1935, 38.7066]]], [[[-122.2232, 38.706], [-122.2245, 38.7057], [-122.2232, 38.7055], [-122.2232, 38.706]]], [[[-122.2214, 38.7058], [-122.2214, 38.7053], [-122.2207, 38.7053], [-122.2207, 38.7055], [-122.2214, 38.7058]]], [[[-122.2121, 38.706], [-122.2124, 38.7054], [-122.2121, 38.7054], [-122.2121, 38.706]]], [[[-122.2235, 38.7055], [-122.2238, 38.7052], [-122.2235, 38.7052], [-122.2235, 38.7055]]], [[[-122.2097, 38.7057], [-122.2104, 38.7055], [-122.2097, 38.7055], [-122.2097, 38.7057]]], [[[-122.2259, 38.7052], [-122.2263, 38.7049], [-122.2259, 38.7049], [-122.2259, 38.7052]]], [[[-122.2162, 38.7054], [-122.2166, 38.7051], [-122.2162, 38.7051], [-122.2162, 38.7054]]], [[[-122.2176, 38.7053], [-122.2183, 38.7048], [-122.218, 38.7048], [-122.2176, 38.7053]]], [[[-122.2186, 38.7048], [-122.2197, 38.7045], [-122.2186, 38.7045], [-122.2186, 38.7048]]], [[[-122.2166, 38.7048], [-122.2169, 38.7045], [-122.2166, 38.7045], [-122.2166, 38.7048]]], [[[-122.2159, 38.7046], [-122.2162, 38.7043], [-122.2159, 38.7043], [-122.2159, 38.7046]]], [[[-122.2097, 38.7047], [-122.21, 38.7044], [-122.2097, 38.7044], [-122.2097, 38.7047]]], [[[-122.1934, 38.705], [-122.1941, 38.7047], [-122.1934, 38.7047], [-122.1934, 38.705]]], [[[-122.2138, 38.7043], [-122.2141, 38.704], [-122.2138, 38.7041], [-122.2138, 38.7043]]], [[[-122.1983, 38.7046], [-122.1986, 38.7041], [-122.1975, 38.7038], [-122.1972, 38.7044], [-122.1983, 38.7046]]], [[[-122.2186, 38.7042], [-122.2186, 38.7037], [-122.219, 38.7034], [-122.2176, 38.704], [-122.2186, 38.7042]]], [[[-122.2111, 38.7052], [-122.2131, 38.7043], [-122.2138, 38.7035], [-122.21, 38.7047], [-122.2111, 38.7052]]], [[[-122.2145, 38.7038], [-122.2145, 38.7032], [-122.2138, 38.7032], [-122.2138, 38.7035], [-122.2145, 38.7038]]], [[[-122.2031, 38.7034], [-122.2038, 38.704], [-122.2038, 38.7034], [-122.2031, 38.7034]]], [[[-122.219, 38.7034], [-122.2193, 38.7031], [-122.2189, 38.7031], [-122.219, 38.7034]]], [[[-122.2103, 38.7036], [-122.2107, 38.7033], [-122.2103, 38.7033], [-122.2103, 38.7036]]], [[[-122.1948, 38.7039], [-122.1948, 38.7033], [-122.1934, 38.7033], [-122.1934, 38.7036], [-122.1948, 38.7039]]], [[[-122.2003, 38.7035], [-122.201, 38.7032], [-122.2003, 38.7032], [-122.2003, 38.7035]]], [[[-122.2165, 38.7029], [-122.2169, 38.7026], [-122.2165, 38.7027], [-122.2165, 38.7029]]], [[[-122.2162, 38.704], [-122.2165, 38.7029], [-122.2158, 38.7024], [-122.2148, 38.704], [-122.2162, 38.704]]], [[[-122.2169, 38.7026], [-122.2172, 38.7024], [-122.2168, 38.7024], [-122.2169, 38.7026]]], [[[-122.1913, 38.7031], [-122.1916, 38.7028], [-122.1913, 38.7028], [-122.1913, 38.7031]]], [[[-122.1865, 38.7027], [-122.1868, 38.7029], [-122.1872, 38.7026], [-122.1865, 38.7027]]], [[[-122.1927, 38.7028], [-122.193, 38.7023], [-122.1927, 38.7023], [-122.1927, 38.7028]]], [[[-122.1834, 38.7027], [-122.1837, 38.7024], [-122.1833, 38.7024], [-122.1834, 38.7027]]], [[[-122.2161, 38.7018], [-122.2165, 38.7021], [-122.2172, 38.7016], [-122.2161, 38.7018]]], [[[-122.1941, 38.7025], [-122.1944, 38.702], [-122.1933, 38.702], [-122.1934, 38.7023], [-122.1941, 38.7025]]], [[[-122.213, 38.7016], [-122.2134, 38.7014], [-122.213, 38.7014], [-122.213, 38.7016]]], [[[-122.1861, 38.7027], [-122.1861, 38.7016], [-122.1857, 38.7019], [-122.184, 38.7016], [-122.1837, 38.7022], [-122.1861, 38.7027]]], [[[-122.2065, 38.7012], [-122.2068, 38.7009], [-122.2064, 38.7009], [-122.2065, 38.7012]]], [[[-122.1926, 38.7015], [-122.193, 38.7012], [-122.1926, 38.7012], [-122.1926, 38.7015]]], [[[-122.213, 38.7008], [-122.2133, 38.7006], [-122.213, 38.7006], [-122.213, 38.7008]]], [[[-122.2102, 38.7009], [-122.2106, 38.7006], [-122.2102, 38.7006], [-122.2102, 38.7009]]], [[[-122.193, 38.7012], [-122.1933, 38.7009], [-122.193, 38.7009], [-122.193, 38.7012]]], [[[-122.1857, 38.7016], [-122.1861, 38.701], [-122.1847, 38.7011], [-122.1847, 38.7013], [-122.1857, 38.7016]]], [[[-122.1985, 38.7011], [-122.1981, 38.7006], [-122.1975, 38.7006], [-122.1975, 38.7011], [-122.1985, 38.7011]]], [[[-122.2213, 38.7004], [-122.2216, 38.7001], [-122.2213, 38.7001], [-122.2213, 38.7004]]], [[[-122.2141, 38.7013], [-122.214, 38.7005], [-122.2147, 38.7003], [-122.2137, 38.7003], [-122.2134, 38.7014], [-122.2141, 38.7013]]], [[[-122.1816, 38.7014], [-122.183, 38.7008], [-122.1812, 38.7006], [-122.1816, 38.7014]]], [[[-122.2123, 38.7003], [-122.2126, 38.7], [-122.2123, 38.7], [-122.2123, 38.7003]]], [[[-122.2102, 38.7001], [-122.2106, 38.6998], [-122.2102, 38.6998], [-122.2102, 38.7001]]], [[[-122.2095, 38.7001], [-122.2099, 38.6998], [-122.2095, 38.6998], [-122.2095, 38.7001]]], [[[-122.1785, 38.7006], [-122.1788, 38.7004], [-122.1784, 38.7004], [-122.1785, 38.7006]]], [[[-122.2009, 38.701], [-122.2016, 38.7], [-122.2005, 38.6997], [-122.1992, 38.7005], [-122.1981, 38.7], [-122.1985, 38.7008], [-122.2009, 38.701]]], [[[-122.213, 38.6997], [-122.2133, 38.6995], [-122.213, 38.6995], [-122.213, 38.6997]]], [[[-122.2106, 38.6998], [-122.2109, 38.6995], [-122.2105, 38.6995], [-122.2106, 38.6998]]], [[[-122.2054, 38.6999], [-122.2057, 38.6996], [-122.2054, 38.6996], [-122.2054, 38.6999]]], [[[-122.1988, 38.7], [-122.1995, 38.6997], [-122.1988, 38.6997], [-122.1988, 38.7]]], [[[-122.1978, 38.7], [-122.1981, 38.6997], [-122.1978, 38.6998], [-122.1978, 38.7]]], [[[-122.1881, 38.7002], [-122.1885, 38.6999], [-122.1881, 38.6999], [-122.1881, 38.7002]]], [[[-122.2081, 38.6996], [-122.2085, 38.6993], [-122.2081, 38.6993], [-122.2081, 38.6996]]], [[[-122.2026, 38.6997], [-122.2029, 38.6994], [-122.2026, 38.6994], [-122.2026, 38.6997]]], [[[-122.2133, 38.6995], [-122.2136, 38.6989], [-122.2133, 38.6989], [-122.2133, 38.6995]]], [[[-122.1971, 38.6998], [-122.1978, 38.6995], [-122.1971, 38.6992], [-122.1971, 38.6998]]], [[[-122.2092, 38.6993], [-122.2095, 38.699], [-122.2091, 38.699], [-122.2092, 38.6993]]], [[[-122.2085, 38.6993], [-122.2088, 38.699], [-122.2085, 38.699], [-122.2085, 38.6993]]], [[[-122.2047, 38.6994], [-122.205, 38.6991], [-122.2047, 38.6991], [-122.2047, 38.6994]]], [[[-122.1998, 38.6994], [-122.2002, 38.6992], [-122.1998, 38.6992], [-122.1998, 38.6994]]], [[[-122.2005, 38.6992], [-122.2009, 38.6989], [-122.2005, 38.6989], [-122.2005, 38.6992]]], [[[-122.1919, 38.6993], [-122.1922, 38.699], [-122.1919, 38.6991], [-122.1919, 38.6993]]], [[[-122.2019, 38.6991], [-122.2022, 38.6986], [-122.2019, 38.6986], [-122.2019, 38.6991]]], [[[-122.2133, 38.6987], [-122.2136, 38.6984], [-122.2133, 38.6984], [-122.2133, 38.6987]]], [[[-122.2088, 38.6987], [-122.2091, 38.6985], [-122.2088, 38.6985], [-122.2088, 38.6987]]], [[[-122.2053, 38.6988], [-122.2057, 38.6985], [-122.2053, 38.6985], [-122.2053, 38.6988]]], [[[-122.1991, 38.6989], [-122.1995, 38.6986], [-122.1991, 38.6986], [-122.1991, 38.6989]]], [[[-122.2102, 38.6993], [-122.2105, 38.6984], [-122.2091, 38.6982], [-122.2095, 38.699], [-122.2102, 38.6993]]], [[[-122.2078, 38.6985], [-122.2084, 38.6982], [-122.2077, 38.6982], [-122.2078, 38.6985]]], [[[-122.1922, 38.6985], [-122.1926, 38.6988], [-122.1929, 38.6985], [-122.1922, 38.6985]]], [[[-122.1891, 38.6988], [-122.1894, 38.6986], [-122.1891, 38.6986], [-122.1891, 38.6988]]], [[[-122.1863, 38.6986], [-122.187, 38.6983], [-122.1863, 38.6983], [-122.1863, 38.6986]]], [[[-122.1894, 38.6983], [-122.1898, 38.698], [-122.1894, 38.698], [-122.1894, 38.6983]]], [[[-122.1891, 38.698], [-122.1894, 38.6977], [-122.1891, 38.6978], [-122.1891, 38.698]]], [[[-122.187, 38.6981], [-122.1874, 38.6978], [-122.187, 38.6978], [-122.187, 38.6981]]], [[[-122.1877, 38.6978], [-122.188, 38.6975], [-122.1877, 38.6975], [-122.1877, 38.6978]]], [[[-122.2067, 38.6988], [-122.2081, 38.6977], [-122.2088, 38.6977], [-122.2091, 38.6968], [-122.206, 38.6985], [-122.2067, 38.6988]]], [[[-122.1884, 38.6978], [-122.1891, 38.6972], [-122.188, 38.6972], [-122.1884, 38.6978]]], [[[-122.2101, 38.6971], [-122.2105, 38.6968], [-122.2101, 38.6968], [-122.2101, 38.6971]]], [[[-122.2074, 38.6972], [-122.2077, 38.6969], [-122.2074, 38.6969], [-122.2074, 38.6972]]], [[[-122.1967, 38.6973], [-122.197, 38.6971], [-122.1967, 38.6971], [-122.1967, 38.6973]]], [[[-122.216, 38.6967], [-122.2167, 38.6964], [-122.216, 38.6965], [-122.216, 38.6967]]], [[[-122.2077, 38.6969], [-122.208, 38.6966], [-122.2077, 38.6966], [-122.2077, 38.6969]]], [[[-122.2063, 38.6969], [-122.2074, 38.6966], [-122.2063, 38.6966], [-122.2063, 38.6969]]], [[[-122.1891, 38.6972], [-122.1894, 38.6969], [-122.1891, 38.6969], [-122.1891, 38.6972]]], [[[-122.188, 38.697], [-122.1883, 38.6964], [-122.188, 38.6964], [-122.188, 38.697]]], [[[-122.2105, 38.6966], [-122.2115, 38.696], [-122.2104, 38.696], [-122.2105, 38.6966]]], [[[-122.1915, 38.6966], [-122.1921, 38.6963], [-122.1915, 38.6964], [-122.1915, 38.6966]]], [[[-122.1856, 38.697], [-122.1866, 38.697], [-122.1873, 38.6964], [-122.1856, 38.697]]], [[[-122.1956, 38.6963], [-122.1959, 38.696], [-122.1956, 38.696], [-122.1956, 38.6963]]], [[[-122.1939, 38.6963], [-122.1949, 38.696], [-122.1939, 38.696], [-122.1939, 38.6963]]], [[[-122.2046, 38.6959], [-122.2049, 38.6956], [-122.2046, 38.6956], [-122.2046, 38.6959]]], [[[-122.2001, 38.6959], [-122.2004, 38.6957], [-122.2001, 38.6957], [-122.2001, 38.6959]]], [[[-122.2032, 38.6956], [-122.2035, 38.6953], [-122.2032, 38.6953], [-122.2032, 38.6956]]], [[[-122.1828, 38.696], [-122.1831, 38.6957], [-122.1828, 38.6957], [-122.1828, 38.696]]], [[[-122.1908, 38.6966], [-122.1907, 38.6953], [-122.1883, 38.6956], [-122.189, 38.6964], [-122.1894, 38.6964], [-122.1894, 38.6961], [-122.1897, 38.6961], [-122.1908, 38.6966]], [[-122.1901, 38.6958], [-122.1897, 38.6961], [-122.1897, 38.6959], [-122.1901, 38.6958]]], [[[-122.1963, 38.696], [-122.1976, 38.6954], [-122.1969, 38.6952], [-122.1963, 38.696]]], [[[-122.2101, 38.6952], [-122.2104, 38.6949], [-122.2101, 38.6949], [-122.2101, 38.6952]]], [[[-122.1928, 38.6955], [-122.1931, 38.6952], [-122.1928, 38.6953], [-122.1928, 38.6955]]], [[[-122.2025, 38.6951], [-122.2028, 38.6948], [-122.2025, 38.6948], [-122.2025, 38.6951]]], [[[-122.1859, 38.6954], [-122.1862, 38.6951], [-122.1859, 38.6951], [-122.1859, 38.6954]]], [[[-122.2045, 38.6953], [-122.2045, 38.6945], [-122.2042, 38.6945], [-122.2035, 38.6953], [-122.2045, 38.6953]]], [[[-122.1973, 38.6952], [-122.1976, 38.6946], [-122.1973, 38.6946], [-122.1973, 38.6952]]], [[[-122.2069, 38.6947], [-122.2073, 38.6945], [-122.2069, 38.6945], [-122.2069, 38.6947]]], [[[-122.2028, 38.6948], [-122.2031, 38.6945], [-122.2028, 38.6945], [-122.2028, 38.6948]]], [[[-122.2004, 38.6948], [-122.2007, 38.6946], [-122.2004, 38.6946], [-122.2004, 38.6948]]], [[[-122.1945, 38.695], [-122.1949, 38.6947], [-122.1945, 38.6947], [-122.1945, 38.695]]], [[[-122.1918, 38.6961], [-122.1924, 38.6945], [-122.1918, 38.695], [-122.1907, 38.6945], [-122.1918, 38.6961]]], [[[-122.1983, 38.6946], [-122.199, 38.6943], [-122.1983, 38.6943], [-122.1983, 38.6946]]], [[[-122.1866, 38.6951], [-122.188, 38.6953], [-122.189, 38.6945], [-122.1866, 38.6951]]], [[[-122.1852, 38.6946], [-122.1855, 38.6948], [-122.1859, 38.6946], [-122.1852, 38.6946]]], [[[-122.1817, 38.6949], [-122.1821, 38.6946], [-122.1817, 38.6946], [-122.1817, 38.6949]]], [[[-122.2014, 38.6943], [-122.2017, 38.694], [-122.2014, 38.694], [-122.2014, 38.6943]]], [[[-122.1938, 38.6944], [-122.1945, 38.6941], [-122.1938, 38.6942], [-122.1938, 38.6944]]], [[[-122.1862, 38.6946], [-122.1866, 38.6943], [-122.1862, 38.6943], [-122.1862, 38.6946]]], [[[-122.1821, 38.6946], [-122.1824, 38.6944], [-122.1821, 38.6944], [-122.1821, 38.6946]]], [[[-122.181, 38.6947], [-122.1817, 38.6944], [-122.181, 38.6944], [-122.181, 38.6947]]], [[[-122.189, 38.6945], [-122.1897, 38.694], [-122.189, 38.694], [-122.189, 38.6945]]], [[[-122.1831, 38.6946], [-122.1834, 38.6941], [-122.1831, 38.6941], [-122.1831, 38.6946]]], [[[-122.2024, 38.694], [-122.2028, 38.6937], [-122.2024, 38.6937], [-122.2024, 38.694]]], [[[-122.2011, 38.694], [-122.2014, 38.6937], [-122.201, 38.6938], [-122.2011, 38.694]]], [[[-122.1928, 38.6942], [-122.1931, 38.6939], [-122.1928, 38.6939], [-122.1928, 38.6942]]], [[[-122.1876, 38.6943], [-122.1879, 38.694], [-122.1876, 38.694], [-122.1876, 38.6943]]], [[[-122.1952, 38.6939], [-122.1955, 38.6936], [-122.1952, 38.6936], [-122.1952, 38.6939]]], [[[-122.1956, 38.6957], [-122.1956, 38.6952], [-122.1966, 38.6955], [-122.1972, 38.6933], [-122.1959, 38.6936], [-122.1966, 38.6946], [-122.1952, 38.6947], [-122.1956, 38.6957]]], [[[-122.19, 38.6945], [-122.1917, 38.6939], [-122.1917, 38.6934], [-122.1896, 38.6934], [-122.1897, 38.694], [-122.19, 38.694], [-122.19, 38.6945]], [[-122.1903, 38.6937], [-122.19, 38.694], [-122.19, 38.6937], [-122.1903, 38.6937]]], [[[-122.1945, 38.6936], [-122.1952, 38.6933], [-122.1945, 38.6933], [-122.1945, 38.6936]]], [[[-122.1859, 38.6938], [-122.1862, 38.6935], [-122.1858, 38.6935], [-122.1859, 38.6938]]], [[[-122.1834, 38.6938], [-122.1838, 38.6935], [-122.1834, 38.6935], [-122.1834, 38.6938]]], [[[-122.2007, 38.693], [-122.201, 38.6932], [-122.2014, 38.6929], [-122.2007, 38.693]]], [[[-122.1972, 38.6933], [-122.1976, 38.693], [-122.1972, 38.693], [-122.1972, 38.6933]]], [[[-122.1817, 38.6936], [-122.1824, 38.6933], [-122.1817, 38.6933], [-122.1817, 38.6936]]], [[[-122.1958, 38.693], [-122.1962, 38.6928], [-122.1958, 38.6928], [-122.1958, 38.693]]], [[[-122.1948, 38.6931], [-122.1951, 38.6928], [-122.1948, 38.6928], [-122.1948, 38.6931]]], [[[-122.19, 38.6931], [-122.1903, 38.6929], [-122.19, 38.6929], [-122.19, 38.6931]]], [[[-122.181, 38.6933], [-122.1813, 38.693], [-122.181, 38.693], [-122.181, 38.6933]]], [[[-122.1824, 38.6936], [-122.1834, 38.6935], [-122.1834, 38.6927], [-122.1824, 38.6936]]], [[[-122.1907, 38.6929], [-122.191, 38.6926], [-122.1907, 38.6926], [-122.1907, 38.6929]]], [[[-122.1855, 38.693], [-122.1858, 38.6927], [-122.1855, 38.6927], [-122.1855, 38.693]]], [[[-122.1927, 38.6928], [-122.1934, 38.6923], [-122.1931, 38.6923], [-122.1927, 38.6928]]], [[[-122.1896, 38.6926], [-122.1906, 38.6923], [-122.1896, 38.6923], [-122.1896, 38.6926]]], [[[-122.1996, 38.693], [-122.2, 38.6922], [-122.1986, 38.6919], [-122.1979, 38.6925], [-122.1972, 38.6919], [-122.1979, 38.693], [-122.1986, 38.6927], [-122.1989, 38.6927], [-122.199, 38.693], [-122.1996, 38.693]], [[-122.1993, 38.6924], [-122.1989, 38.6927], [-122.1989, 38.6924], [-122.1993, 38.6924]]], [[[-122.192, 38.692], [-122.1924, 38.6923], [-122.1927, 38.692], [-122.192, 38.692]]], [[[-122.1858, 38.6927], [-122.1861, 38.6919], [-122.1858, 38.6919], [-122.1858, 38.6927]]], [[[-122.1906, 38.6923], [-122.1917, 38.692], [-122.1906, 38.6918], [-122.1906, 38.6923]]], [[[-122.1989, 38.6919], [-122.1993, 38.6916], [-122.1989, 38.6916], [-122.1989, 38.6919]]], [[[-122.1889, 38.6921], [-122.1892, 38.6918], [-122.1889, 38.6918], [-122.1889, 38.6921]]], [[[-122.1979, 38.6919], [-122.1986, 38.6916], [-122.1979, 38.6914], [-122.1979, 38.6919]]], [[[-122.1986, 38.6916], [-122.1989, 38.6914], [-122.1986, 38.6914], [-122.1986, 38.6916]]], [[[-122.1968, 38.6917], [-122.1972, 38.6914], [-122.1968, 38.6914], [-122.1968, 38.6917]]], [[[-122.1924, 38.6918], [-122.1927, 38.6915], [-122.1923, 38.6915], [-122.1924, 38.6918]]], [[[-122.1876, 38.6945], [-122.1876, 38.6943], [-122.1872, 38.694], [-122.1883, 38.6934], [-122.1882, 38.6924], [-122.1875, 38.6921], [-122.1872, 38.6929], [-122.1872, 38.6916], [-122.1865, 38.6916], [-122.1866, 38.6943], [-122.1876, 38.6945]]], [[[-122.2037, 38.6913], [-122.2041, 38.691], [-122.2037, 38.691], [-122.2037, 38.6913]]], [[[-122.1982, 38.6914], [-122.1986, 38.6911], [-122.1982, 38.6911], [-122.1982, 38.6914]]], [[[-122.1965, 38.6914], [-122.1968, 38.6911], [-122.1965, 38.6911], [-122.1965, 38.6914]]], [[[-122.1906, 38.6915], [-122.191, 38.6912], [-122.1906, 38.6912], [-122.1906, 38.6915]]], [[[-122.1854, 38.6916], [-122.1858, 38.6913], [-122.1854, 38.6913], [-122.1854, 38.6916]]], [[[-122.1917, 38.6918], [-122.1923, 38.6912], [-122.1916, 38.691], [-122.1917, 38.6918]]], [[[-122.1961, 38.6911], [-122.1965, 38.6909], [-122.1961, 38.6909], [-122.1961, 38.6911]]], [[[-122.1951, 38.6906], [-122.1954, 38.6909], [-122.1961, 38.6906], [-122.1951, 38.6906]]], [[[-122.1889, 38.691], [-122.1892, 38.6907], [-122.1889, 38.6907], [-122.1889, 38.691]]], [[[-122.1961, 38.6906], [-122.1968, 38.6903], [-122.1961, 38.6903], [-122.1961, 38.6906]]], [[[-122.1882, 38.6907], [-122.1885, 38.6902], [-122.1882, 38.6902], [-122.1882, 38.6907]]], [[[-122.203, 38.6902], [-122.2034, 38.6899], [-122.203, 38.6899], [-122.203, 38.6902]]], [[[-122.2003, 38.6903], [-122.2006, 38.69], [-122.2002, 38.69], [-122.2003, 38.6903]]], [[[-122.1968, 38.6903], [-122.1971, 38.69], [-122.1968, 38.6901], [-122.1968, 38.6903]]], [[[-122.1916, 38.6904], [-122.192, 38.6901], [-122.1916, 38.6901], [-122.1916, 38.6904]]], [[[-122.1889, 38.6905], [-122.1895, 38.6899], [-122.1888, 38.6897], [-122.1889, 38.6905]]], [[[-122.2058, 38.6896], [-122.2064, 38.6893], [-122.2058, 38.6894], [-122.2058, 38.6896]]], [[[-122.1992, 38.6897], [-122.1995, 38.6895], [-122.1992, 38.6895], [-122.1992, 38.6897]]], [[[-122.1985, 38.6898], [-122.1988, 38.6895], [-122.1985, 38.6895], [-122.1985, 38.6898]]], [[[-122.1954, 38.6903], [-122.1954, 38.6893], [-122.1951, 38.6901], [-122.194, 38.6896], [-122.194, 38.6904], [-122.1954, 38.6903]]], [[[-122.2002, 38.6895], [-122.2006, 38.6889], [-122.2002, 38.6889], [-122.2002, 38.6895]]], [[[-122.2064, 38.6891], [-122.2068, 38.6888], [-122.2064, 38.6888], [-122.2064, 38.6891]]], [[[-122.1954, 38.689], [-122.1957, 38.6887], [-122.1954, 38.6887], [-122.1954, 38.689]]], [[[-122.1861, 38.6892], [-122.1864, 38.6889], [-122.1861, 38.6889], [-122.1861, 38.6892]]], [[[-122.2102, 38.6882], [-122.2105, 38.6879], [-122.2102, 38.6879], [-122.2102, 38.6882]]], [[[-122.1871, 38.6886], [-122.1874, 38.6883], [-122.1871, 38.6883], [-122.1871, 38.6886]]], [[[-122.2161, 38.6878], [-122.2167, 38.6875], [-122.2161, 38.6875], [-122.2161, 38.6878]]], [[[-122.2105, 38.6879], [-122.2109, 38.6876], [-122.2105, 38.6876], [-122.2105, 38.6879]]], [[[-122.1995, 38.6881], [-122.1998, 38.6878], [-122.1995, 38.6878], [-122.1995, 38.6881]]], [[[-122.1936, 38.6882], [-122.1933, 38.6877], [-122.1922, 38.6877], [-122.1922, 38.688], [-122.1936, 38.6882]]], [[[-122.2085, 38.6877], [-122.2088, 38.6874], [-122.2085, 38.6874], [-122.2085, 38.6877]]], [[[-122.1991, 38.6879], [-122.1995, 38.6876], [-122.1991, 38.6876], [-122.1991, 38.6879]]], [[[-122.1985, 38.6879], [-122.1988, 38.6876], [-122.1984, 38.6876], [-122.1985, 38.6879]]], [[[-122.1978, 38.6879], [-122.1981, 38.6876], [-122.1978, 38.6876], [-122.1978, 38.6879]]], [[[-122.1971, 38.6879], [-122.1974, 38.6876], [-122.1971, 38.6876], [-122.1971, 38.6879]]], [[[-122.1915, 38.6877], [-122.1922, 38.6874], [-122.1915, 38.6874], [-122.1915, 38.6877]]], [[[-122.1888, 38.6878], [-122.1891, 38.6875], [-122.1888, 38.6875], [-122.1888, 38.6878]]], [[[-122.1881, 38.6881], [-122.1884, 38.6872], [-122.1881, 38.6872], [-122.1881, 38.6881]]], [[[-122.1977, 38.6868], [-122.1981, 38.6865], [-122.1977, 38.6865], [-122.1977, 38.6868]]], [[[-122.1867, 38.6875], [-122.1867, 38.6867], [-122.1856, 38.6865], [-122.1857, 38.687], [-122.1867, 38.6875]]], [[[-122.2091, 38.6863], [-122.2095, 38.686], [-122.2091, 38.6861], [-122.2091, 38.6863]]], [[[-122.1901, 38.6867], [-122.1905, 38.6864], [-122.1901, 38.6864], [-122.1901, 38.6867]]], [[[-122.2098, 38.6858], [-122.2101, 38.6855], [-122.2098, 38.6855], [-122.2098, 38.6858]]], [[[-122.1936, 38.6861], [-122.1939, 38.6858], [-122.1936, 38.6858], [-122.1936, 38.6861]]], [[[-122.1918, 38.6861], [-122.1922, 38.6858], [-122.1918, 38.6858], [-122.1918, 38.6861]]], [[[-122.1943, 38.6858], [-122.1942, 38.6852], [-122.1935, 38.685], [-122.1932, 38.6855], [-122.1943, 38.6858]]], [[[-122.1911, 38.6856], [-122.1915, 38.685], [-122.1911, 38.685], [-122.1911, 38.6856]]], [[[-122.1922, 38.6853], [-122.1932, 38.685], [-122.1922, 38.685], [-122.1922, 38.6853]]], [[[-122.1901, 38.6853], [-122.1904, 38.685], [-122.1901, 38.685], [-122.1901, 38.6853]]], [[[-122.1873, 38.6854], [-122.1877, 38.6851], [-122.1873, 38.6851], [-122.1873, 38.6854]]], [[[-122.1946, 38.685], [-122.1949, 38.6847], [-122.1946, 38.6847], [-122.1946, 38.685]]], [[[-122.1877, 38.6851], [-122.1884, 38.6848], [-122.1877, 38.6848], [-122.1877, 38.6851]]], [[[-122.1897, 38.6851], [-122.1897, 38.6845], [-122.189, 38.6845], [-122.189, 38.6848], [-122.1897, 38.6851]]], [[[-122.1959, 38.6847], [-122.1963, 38.6844], [-122.1959, 38.6844], [-122.1959, 38.6847]]], [[[-122.1953, 38.6847], [-122.1956, 38.6844], [-122.1952, 38.6844], [-122.1953, 38.6847]]], [[[-122.1921, 38.6847], [-122.1928, 38.6845], [-122.1921, 38.6845], [-122.1921, 38.6847]]], [[[-122.1873, 38.6846], [-122.1876, 38.6843], [-122.1873, 38.6843], [-122.1873, 38.6846]]], [[[-122.1866, 38.6848], [-122.1869, 38.684], [-122.1863, 38.684], [-122.1866, 38.6848]]], [[[-122.1942, 38.6842], [-122.1945, 38.6839], [-122.1942, 38.6839], [-122.1942, 38.6842]]], [[[-122.1908, 38.6842], [-122.1911, 38.6839], [-122.1907, 38.684], [-122.1908, 38.6842]]], [[[-122.1856, 38.6843], [-122.1859, 38.684], [-122.1856, 38.684], [-122.1856, 38.6843]]], [[[-122.1921, 38.6839], [-122.1925, 38.6837], [-122.1921, 38.6837], [-122.1921, 38.6839]]], [[[-122.1859, 38.684], [-122.1862, 38.6835], [-122.1859, 38.6835], [-122.1859, 38.684]]], [[[-122.1963, 38.6836], [-122.1966, 38.6833], [-122.1962, 38.6833], [-122.1963, 38.6836]]], [[[-122.1897, 38.6837], [-122.1904, 38.6834], [-122.1897, 38.6834], [-122.1897, 38.6837]]], [[[-122.1866, 38.6838], [-122.1869, 38.6835], [-122.1866, 38.6835], [-122.1866, 38.6838]]], [[[-122.2083, 38.6831], [-122.2087, 38.6828], [-122.2083, 38.6828], [-122.2083, 38.6831]]], [[[-122.1952, 38.6833], [-122.1956, 38.6831], [-122.1952, 38.6831], [-122.1952, 38.6833]]], [[[-122.1873, 38.6832], [-122.1876, 38.6835], [-122.1883, 38.6832], [-122.1873, 38.6832]]], [[[-122.1855, 38.6835], [-122.1859, 38.6832], [-122.1855, 38.6832], [-122.1855, 38.6835]]], [[[-122.1921, 38.6837], [-122.1917, 38.6829], [-122.1914, 38.6829], [-122.1914, 38.6837], [-122.1921, 38.6837]]], [[[-122.1897, 38.6834], [-122.1897, 38.6829], [-122.1886, 38.6826], [-122.1886, 38.6832], [-122.1897, 38.6834]]], [[[-122.1921, 38.6828], [-122.1924, 38.6826], [-122.1921, 38.6826], [-122.1921, 38.6828]]], [[[-122.1869, 38.6829], [-122.1873, 38.6827], [-122.1869, 38.6827], [-122.1869, 38.6829]]], [[[-122.1924, 38.6826], [-122.1928, 38.6823], [-122.1924, 38.6823], [-122.1924, 38.6826]]], [[[-122.1914, 38.6826], [-122.1921, 38.6823], [-122.1914, 38.6823], [-122.1914, 38.6826]]], [[[-122.1907, 38.6826], [-122.191, 38.6823], [-122.1907, 38.6823], [-122.1907, 38.6826]]], [[[-122.1577, 38.6773], [-122.1581, 38.677], [-122.1577, 38.677], [-122.1577, 38.6773]]], [[[-122.2088, 38.6747], [-122.2091, 38.6744], [-122.2088, 38.6744], [-122.2088, 38.6747]]], [[[-122.2091, 38.6739], [-122.2094, 38.6742], [-122.2098, 38.6739], [-122.2091, 38.6739]]], [[[-122.2074, 38.6739], [-122.2077, 38.6742], [-122.2081, 38.6739], [-122.2074, 38.6739]]], [[[-122.1325, 38.6755], [-122.1328, 38.6753], [-122.1325, 38.6753], [-122.1325, 38.6755]]], [[[-122.1563, 38.6749], [-122.1566, 38.6746], [-122.1563, 38.6746], [-122.1563, 38.6749]]], [[[-122.1556, 38.6743], [-122.1559, 38.674], [-122.1556, 38.6741], [-122.1556, 38.6743]]], [[[-122.1473, 38.6742], [-122.1476, 38.6739], [-122.1473, 38.6739], [-122.1473, 38.6742]]], [[[-122.2053, 38.6729], [-122.2056, 38.6726], [-122.2053, 38.6726], [-122.2053, 38.6729]]], [[[-122.1304, 38.6742], [-122.1307, 38.674], [-122.1304, 38.674], [-122.1304, 38.6742]]], [[[-122.15, 38.6731], [-122.1504, 38.6728], [-122.15, 38.6728], [-122.15, 38.6731]]], [[[-122.2063, 38.6718], [-122.2066, 38.6715], [-122.2063, 38.6715], [-122.2063, 38.6718]]], [[[-122.207, 38.6718], [-122.208, 38.6715], [-122.2069, 38.6712], [-122.207, 38.6718]]], [[[-122.2045, 38.6716], [-122.2049, 38.6713], [-122.2045, 38.6713], [-122.2045, 38.6716]]], [[[-122.2049, 38.6713], [-122.2052, 38.671], [-122.2049, 38.671], [-122.2049, 38.6713]]], [[[-122.2094, 38.6712], [-122.2093, 38.6704], [-122.2083, 38.6701], [-122.2059, 38.6707], [-122.2094, 38.6712]]], [[[-122.1483, 38.6715], [-122.1482, 38.6709], [-122.1472, 38.671], [-122.1472, 38.6712], [-122.1483, 38.6715]]], [[[-122.2059, 38.6702], [-122.2062, 38.6699], [-122.2059, 38.6699], [-122.2059, 38.6702]]], [[[-122.2062, 38.6699], [-122.2065, 38.6696], [-122.2062, 38.6696], [-122.2062, 38.6699]]], [[[-122.1307, 38.6721], [-122.1306, 38.6715], [-122.13, 38.6715], [-122.1306, 38.6707], [-122.1296, 38.6707], [-122.1293, 38.6721], [-122.1307, 38.6721]]], [[[-122.152, 38.6706], [-122.1524, 38.6701], [-122.152, 38.6701], [-122.152, 38.6706]]], [[[-122.1513, 38.6706], [-122.1517, 38.6701], [-122.1513, 38.6701], [-122.1513, 38.6706]]], [[[-122.1279, 38.671], [-122.1292, 38.6705], [-122.1285, 38.6702], [-122.1279, 38.671]]], [[[-122.1275, 38.6705], [-122.1278, 38.6702], [-122.1275, 38.6702], [-122.1275, 38.6705]]], [[[-122.133, 38.6701], [-122.1334, 38.6699], [-122.133, 38.6699], [-122.133, 38.6701]]], [[[-122.1272, 38.6702], [-122.1275, 38.67], [-122.1271, 38.67], [-122.1272, 38.6702]]], [[[-122.1285, 38.6699], [-122.1292, 38.6694], [-122.1289, 38.6694], [-122.1285, 38.6699]]], [[[-122.1489, 38.6699], [-122.1489, 38.6693], [-122.1492, 38.6688], [-122.1485, 38.6688], [-122.1489, 38.6699]]], [[[-122.1499, 38.669], [-122.1502, 38.6688], [-122.1499, 38.6688], [-122.1499, 38.669]]], [[[-122.1261, 38.6692], [-122.1268, 38.6689], [-122.1261, 38.6689], [-122.1261, 38.6692]]], [[[-122.1489, 38.6685], [-122.1492, 38.6682], [-122.1488, 38.6682], [-122.1489, 38.6685]]], [[[-122.1475, 38.6691], [-122.1471, 38.668], [-122.1461, 38.6677], [-122.1465, 38.6691], [-122.1475, 38.6691]]], [[[-122.1547, 38.6679], [-122.155, 38.6676], [-122.1547, 38.6676], [-122.1547, 38.6679]]], [[[-122.1271, 38.6683], [-122.1274, 38.6681], [-122.1271, 38.6681], [-122.1271, 38.6683]]], [[[-122.204, 38.6667], [-122.2044, 38.6664], [-122.204, 38.6664], [-122.204, 38.6667]]], [[[-122.1468, 38.6677], [-122.1471, 38.6675], [-122.1468, 38.6675], [-122.1468, 38.6677]]], [[[-122.1499, 38.6677], [-122.1502, 38.6671], [-122.1499, 38.6671], [-122.1499, 38.6677]]], [[[-122.1464, 38.6675], [-122.1467, 38.6672], [-122.1464, 38.6672], [-122.1464, 38.6675]]], [[[-122.203, 38.6662], [-122.2033, 38.6659], [-122.203, 38.6659], [-122.203, 38.6662]]], [[[-122.2016, 38.6657], [-122.2019, 38.6654], [-122.2016, 38.6654], [-122.2016, 38.6657]]], [[[-122.155, 38.667], [-122.1553, 38.666], [-122.1536, 38.6665], [-122.1536, 38.6668], [-122.155, 38.667]]], [[[-122.1205, 38.6668], [-122.1205, 38.6663], [-122.1195, 38.6666], [-122.1195, 38.6669], [-122.1205, 38.6668]]], [[[-122.1488, 38.6661], [-122.1491, 38.6658], [-122.1488, 38.6658], [-122.1488, 38.6661]]], [[[-122.1388, 38.6663], [-122.1391, 38.666], [-122.1388, 38.666], [-122.1388, 38.6663]]], [[[-122.1546, 38.6657], [-122.1553, 38.6654], [-122.1546, 38.6652], [-122.1546, 38.6657]]], [[[-122.206, 38.6645], [-122.2067, 38.6642], [-122.206, 38.6642], [-122.206, 38.6645]]], [[[-122.1484, 38.6655], [-122.1488, 38.6653], [-122.1484, 38.6653], [-122.1484, 38.6655]]], [[[-122.1525, 38.6649], [-122.1532, 38.6644], [-122.1529, 38.6644], [-122.1525, 38.6649]]], [[[-122.1518, 38.6636], [-122.1522, 38.6633], [-122.1518, 38.6633], [-122.1518, 38.6636]]], [[[-122.1315, 38.6637], [-122.1321, 38.6634], [-122.1314, 38.6634], [-122.1315, 38.6637]]], [[[-122.109, 38.6641], [-122.1094, 38.6638], [-122.109, 38.6638], [-122.109, 38.6641]]], [[[-122.1263, 38.6632], [-122.1266, 38.663], [-122.1263, 38.663], [-122.1263, 38.6632]]], [[[-122.1394, 38.6627], [-122.1397, 38.6625], [-122.1394, 38.6625], [-122.1394, 38.6627]]], [[[-122.137, 38.6628], [-122.1373, 38.6625], [-122.1369, 38.6625], [-122.137, 38.6628]]], [[[-122.1307, 38.6629], [-122.1311, 38.6626], [-122.1307, 38.6626], [-122.1307, 38.6629]]], [[[-122.1266, 38.663], [-122.1269, 38.6627], [-122.1266, 38.6627], [-122.1266, 38.663]]], [[[-122.1311, 38.6626], [-122.1318, 38.6623], [-122.1311, 38.6623], [-122.1311, 38.6626]]], [[[-122.1255, 38.6624], [-122.1259, 38.6627], [-122.1262, 38.6624], [-122.1255, 38.6624]]], [[[-122.1483, 38.662], [-122.1487, 38.6618], [-122.1483, 38.6618], [-122.1483, 38.662]]], [[[-122.1456, 38.6621], [-122.1459, 38.6618], [-122.1456, 38.6618], [-122.1456, 38.6621]]], [[[-122.138, 38.6625], [-122.138, 38.6617], [-122.1362, 38.6617], [-122.1363, 38.6625], [-122.1366, 38.662], [-122.138, 38.6625]]], [[[-122.14, 38.6622], [-122.1404, 38.6616], [-122.14, 38.6616], [-122.14, 38.6622]]], [[[-122.1393, 38.6617], [-122.1397, 38.6614], [-122.1393, 38.6614], [-122.1393, 38.6617]]], [[[-122.1493, 38.6612], [-122.1497, 38.6609], [-122.1493, 38.6609], [-122.1493, 38.6612]]], [[[-122.1411, 38.6614], [-122.1414, 38.6611], [-122.141, 38.6611], [-122.1411, 38.6614]]], [[[-122.1397, 38.6614], [-122.14, 38.6611], [-122.1397, 38.6611], [-122.1397, 38.6614]]], [[[-122.14, 38.6611], [-122.1403, 38.6608], [-122.14, 38.6608], [-122.14, 38.6611]]], [[[-122.1372, 38.6612], [-122.1376, 38.6609], [-122.1372, 38.6609], [-122.1372, 38.6612]]], [[[-122.1472, 38.6604], [-122.1476, 38.6602], [-122.1472, 38.6602], [-122.1472, 38.6604]]], [[[-122.139, 38.6617], [-122.139, 38.6609], [-122.14, 38.6603], [-122.1383, 38.6606], [-122.139, 38.6617]]], [[[-122.1321, 38.661], [-122.1324, 38.6602], [-122.132, 38.6602], [-122.1321, 38.661]]], [[[-122.1303, 38.6605], [-122.1307, 38.6602], [-122.1303, 38.6602], [-122.1303, 38.6605]]], [[[-122.1462, 38.6602], [-122.1469, 38.6596], [-122.1465, 38.6596], [-122.1462, 38.6602]]], [[[-122.1296, 38.6605], [-122.13, 38.6599], [-122.1296, 38.6599], [-122.1296, 38.6605]]], [[[-122.1307, 38.6602], [-122.131, 38.6599], [-122.1307, 38.6599], [-122.1307, 38.6602]]], [[[-122.1251, 38.6603], [-122.1255, 38.6597], [-122.1251, 38.6597], [-122.1251, 38.6603]]], [[[-122.1486, 38.6596], [-122.1489, 38.6593], [-122.1486, 38.6593], [-122.1486, 38.6596]]], [[[-122.1451, 38.6597], [-122.1455, 38.6594], [-122.1451, 38.6594], [-122.1451, 38.6597]]], [[[-122.1407, 38.6606], [-122.141, 38.6597], [-122.1396, 38.6592], [-122.14, 38.6603], [-122.1407, 38.6606]]], [[[-122.1476, 38.6596], [-122.1479, 38.6591], [-122.1475, 38.6591], [-122.1476, 38.6596]]], [[[-122.123, 38.6595], [-122.1234, 38.6598], [-122.1237, 38.6595], [-122.123, 38.6595]]], [[[-122.1403, 38.6592], [-122.1406, 38.6587], [-122.1403, 38.6587], [-122.1403, 38.6592]]], [[[-122.1241, 38.6595], [-122.1244, 38.6589], [-122.1241, 38.659], [-122.1241, 38.6595]]], [[[-122.1348, 38.659], [-122.1351, 38.6588], [-122.1348, 38.6588], [-122.1348, 38.659]]], [[[-122.1296, 38.6591], [-122.1303, 38.6588], [-122.1296, 38.6589], [-122.1296, 38.6591]]], [[[-122.1962, 38.6577], [-122.1965, 38.6574], [-122.1962, 38.6574], [-122.1962, 38.6577]]], [[[-122.1499, 38.6585], [-122.1506, 38.6582], [-122.1499, 38.6582], [-122.1499, 38.6585]]], [[[-122.1303, 38.6588], [-122.1306, 38.6586], [-122.1303, 38.6586], [-122.1303, 38.6588]]], [[[-122.1206, 38.659], [-122.1209, 38.6585], [-122.1206, 38.6585], [-122.1206, 38.659]]], [[[-122.1237, 38.6587], [-122.1241, 38.6584], [-122.1237, 38.6584], [-122.1237, 38.6587]]], [[[-122.1227, 38.6587], [-122.123, 38.6584], [-122.1227, 38.6584], [-122.1227, 38.6587]]], [[[-122.1496, 38.658], [-122.1499, 38.6577], [-122.1496, 38.6577], [-122.1496, 38.658]]], [[[-122.1451, 38.658], [-122.1454, 38.6578], [-122.1451, 38.6578], [-122.1451, 38.658]]], [[[-122.1361, 38.6582], [-122.1368, 38.6579], [-122.1361, 38.6579], [-122.1361, 38.6582]]], [[[-122.1351, 38.6582], [-122.1358, 38.6579], [-122.1351, 38.658], [-122.1351, 38.6582]]], [[[-122.1223, 38.6584], [-122.1227, 38.6582], [-122.1223, 38.6582], [-122.1223, 38.6584]]], [[[-122.1213, 38.6585], [-122.1216, 38.6582], [-122.1213, 38.6582], [-122.1213, 38.6585]]], [[[-122.1492, 38.6577], [-122.1496, 38.6574], [-122.1492, 38.6574], [-122.1492, 38.6577]]], [[[-122.1499, 38.6574], [-122.1506, 38.6571], [-122.1499, 38.6571], [-122.1499, 38.6574]]], [[[-122.1368, 38.6577], [-122.1371, 38.6571], [-122.1368, 38.6571], [-122.1368, 38.6577]]], [[[-122.1534, 38.6571], [-122.1537, 38.6568], [-122.1533, 38.6568], [-122.1534, 38.6571]]], [[[-122.1496, 38.6572], [-122.1499, 38.6569], [-122.1496, 38.6569], [-122.1496, 38.6572]]], [[[-122.1392, 38.6573], [-122.1399, 38.6571], [-122.1392, 38.6571], [-122.1392, 38.6573]]], [[[-122.1354, 38.6574], [-122.1358, 38.6571], [-122.1354, 38.6571], [-122.1354, 38.6574]]], [[[-122.1337, 38.6574], [-122.134, 38.6572], [-122.1337, 38.6572], [-122.1337, 38.6574]]], [[[-122.1202, 38.6577], [-122.1206, 38.6574], [-122.1202, 38.6574], [-122.1202, 38.6577]]], [[[-122.141, 38.6578], [-122.1427, 38.6573], [-122.1413, 38.6568], [-122.141, 38.6578]]], [[[-122.143, 38.657], [-122.1433, 38.6567], [-122.143, 38.6567], [-122.143, 38.657]]], [[[-122.134, 38.6572], [-122.1344, 38.6569], [-122.134, 38.6569], [-122.134, 38.6572]]], [[[-122.1251, 38.6573], [-122.1254, 38.657], [-122.125, 38.657], [-122.1251, 38.6573]]], [[[-122.1469, 38.6591], [-122.1461, 38.6583], [-122.1471, 38.6572], [-122.1478, 38.6575], [-122.1475, 38.6583], [-122.1486, 38.6583], [-122.1485, 38.6566], [-122.1478, 38.6564], [-122.1454, 38.658], [-122.1469, 38.6591]]], [[[-122.1468, 38.6569], [-122.1464, 38.6564], [-122.1458, 38.6567], [-122.1458, 38.657], [-122.1468, 38.6569]]], [[[-122.1364, 38.6571], [-122.1368, 38.6566], [-122.1364, 38.6566], [-122.1364, 38.6571]]], [[[-122.1899, 38.6559], [-122.1903, 38.6556], [-122.1899, 38.6556], [-122.1899, 38.6559]]], [[[-122.1437, 38.6567], [-122.1444, 38.6567], [-122.1447, 38.6564], [-122.1437, 38.6567]]], [[[-122.123, 38.6571], [-122.1233, 38.6568], [-122.123, 38.6568], [-122.123, 38.6571]]], [[[-122.1223, 38.6571], [-122.1226, 38.6568], [-122.1223, 38.6568], [-122.1223, 38.6571]]], [[[-122.1289, 38.6589], [-122.1292, 38.6583], [-122.1303, 38.6586], [-122.1299, 38.6575], [-122.1285, 38.6581], [-122.1288, 38.6567], [-122.1274, 38.6565], [-122.1271, 38.6573], [-122.1264, 38.6568], [-122.1261, 38.6578], [-122.1275, 38.6578], [-122.1289, 38.6589]]], [[[-122.1333, 38.6569], [-122.134, 38.6563], [-122.1337, 38.6564], [-122.1333, 38.6569]]], [[[-122.1433, 38.6565], [-122.1437, 38.6562], [-122.1433, 38.6562], [-122.1433, 38.6565]]], [[[-122.1226, 38.6568], [-122.123, 38.6563], [-122.1226, 38.6563], [-122.1226, 38.6568]]], [[[-122.1899, 38.6554], [-122.1902, 38.6551], [-122.1899, 38.6551], [-122.1899, 38.6554]]], [[[-122.1471, 38.6561], [-122.1475, 38.6558], [-122.1471, 38.6558], [-122.1471, 38.6561]]], [[[-122.1361, 38.6563], [-122.1364, 38.656], [-122.1361, 38.656], [-122.1361, 38.6563]]], [[[-122.1433, 38.6559], [-122.1436, 38.6556], [-122.1433, 38.6556], [-122.1433, 38.6559]]], [[[-122.1392, 38.656], [-122.1395, 38.6557], [-122.1392, 38.6557], [-122.1392, 38.656]]], [[[-122.135, 38.6561], [-122.1354, 38.6558], [-122.135, 38.6558], [-122.135, 38.6561]]], [[[-122.1326, 38.6561], [-122.133, 38.6558], [-122.1326, 38.6558], [-122.1326, 38.6561]]], [[[-122.1343, 38.6563], [-122.1343, 38.6558], [-122.1336, 38.6555], [-122.1333, 38.6561], [-122.1343, 38.6563]]], [[[-122.1481, 38.6556], [-122.1485, 38.6553], [-122.1481, 38.6553], [-122.1481, 38.6556]]], [[[-122.1399, 38.6557], [-122.1402, 38.6554], [-122.1398, 38.6554], [-122.1399, 38.6557]]], [[[-122.1364, 38.6558], [-122.1367, 38.6555], [-122.1364, 38.6555], [-122.1364, 38.6558]]], [[[-122.1357, 38.6558], [-122.1361, 38.6555], [-122.1357, 38.6555], [-122.1357, 38.6558]]], [[[-122.133, 38.6558], [-122.1333, 38.6556], [-122.1329, 38.6556], [-122.133, 38.6558]]], [[[-122.1502, 38.6569], [-122.1492, 38.6555], [-122.1495, 38.655], [-122.1485, 38.655], [-122.1488, 38.6553], [-122.1485, 38.6564], [-122.1502, 38.6569]]], [[[-122.1392, 38.6554], [-122.1395, 38.6552], [-122.1391, 38.6552], [-122.1392, 38.6554]]], [[[-122.1374, 38.6555], [-122.1378, 38.6552], [-122.1374, 38.6552], [-122.1374, 38.6555]]], [[[-122.1343, 38.6555], [-122.1347, 38.6553], [-122.1343, 38.6553], [-122.1343, 38.6555]]], [[[-122.1391, 38.6549], [-122.1395, 38.6546], [-122.1391, 38.6546], [-122.1391, 38.6549]]], [[[-122.136, 38.655], [-122.1367, 38.6547], [-122.136, 38.6547], [-122.136, 38.655]]], [[[-122.1295, 38.6551], [-122.1298, 38.6548], [-122.1295, 38.6548], [-122.1295, 38.6551]]], [[[-122.1322, 38.6553], [-122.1336, 38.6547], [-122.1326, 38.6545], [-122.1322, 38.6553]]], [[[-122.1409, 38.6546], [-122.1412, 38.6543], [-122.1409, 38.6543], [-122.1409, 38.6546]]], [[[-122.1336, 38.6547], [-122.134, 38.6545], [-122.1336, 38.6545], [-122.1336, 38.6547]]], [[[-122.1298, 38.6548], [-122.1302, 38.6545], [-122.1298, 38.6545], [-122.1298, 38.6548]]], [[[-122.1288, 38.6548], [-122.1295, 38.6545], [-122.1288, 38.6546], [-122.1288, 38.6548]]], [[[-122.1281, 38.6548], [-122.1284, 38.6546], [-122.1281, 38.6546], [-122.1281, 38.6548]]], [[[-122.1384, 38.6547], [-122.1391, 38.6541], [-122.1388, 38.6541], [-122.1384, 38.6547]]], [[[-122.1439, 38.654], [-122.1443, 38.6537], [-122.1439, 38.6537], [-122.1439, 38.654]]], [[[-122.1412, 38.6543], [-122.1429, 38.6538], [-122.1412, 38.6541], [-122.1412, 38.6543]]], [[[-122.1391, 38.6541], [-122.1395, 38.6538], [-122.1391, 38.6538], [-122.1391, 38.6541]]], [[[-122.1354, 38.6552], [-122.1357, 38.6544], [-122.1363, 38.6539], [-122.1353, 38.6539], [-122.1346, 38.6547], [-122.1354, 38.6552]]], [[[-122.1336, 38.6542], [-122.1346, 38.6542], [-122.1336, 38.6537], [-122.1336, 38.6542]]], [[[-122.1905, 38.6532], [-122.1909, 38.6526], [-122.1905, 38.6526], [-122.1905, 38.6532]]], [[[-122.1284, 38.6543], [-122.1301, 38.654], [-122.1284, 38.6537], [-122.1284, 38.6543]]], [[[-122.135, 38.6539], [-122.1353, 38.6536], [-122.135, 38.6536], [-122.135, 38.6539]]], [[[-122.1319, 38.6537], [-122.1326, 38.6542], [-122.1325, 38.6534], [-122.1319, 38.6537]]], [[[-122.1301, 38.654], [-122.1305, 38.6534], [-122.1301, 38.6534], [-122.1301, 38.654]]], [[[-122.1432, 38.6535], [-122.1436, 38.6532], [-122.1432, 38.6532], [-122.1432, 38.6535]]], [[[-122.1353, 38.6536], [-122.136, 38.6533], [-122.1353, 38.6534], [-122.1353, 38.6536]]], [[[-122.1312, 38.6537], [-122.1315, 38.6534], [-122.1312, 38.6534], [-122.1312, 38.6537]]], [[[-122.1253, 38.6549], [-122.1281, 38.6546], [-122.1263, 38.6541], [-122.127, 38.6538], [-122.1267, 38.6532], [-122.1246, 38.6533], [-122.1239, 38.6538], [-122.1253, 38.6549]], [[-122.126, 38.6535], [-122.1257, 38.6546], [-122.1256, 38.6535], [-122.126, 38.6535]], [[-122.1249, 38.6535], [-122.1246, 38.6538], [-122.1246, 38.6535], [-122.1249, 38.6535]]], [[[-122.147, 38.6532], [-122.1477, 38.6529], [-122.147, 38.6529], [-122.147, 38.6532]]], [[[-122.1318, 38.6534], [-122.1322, 38.6531], [-122.1318, 38.6531], [-122.1318, 38.6534]]], [[[-122.127, 38.6535], [-122.1277, 38.6532], [-122.127, 38.6532], [-122.127, 38.6535]]], [[[-122.1225, 38.6536], [-122.1229, 38.653], [-122.1225, 38.653], [-122.1225, 38.6536]]], [[[-122.1477, 38.6529], [-122.1484, 38.6526], [-122.1477, 38.6526], [-122.1477, 38.6529]]], [[[-122.1463, 38.6529], [-122.1467, 38.6526], [-122.1463, 38.6526], [-122.1463, 38.6529]]], [[[-122.1298, 38.6532], [-122.1301, 38.6529], [-122.1298, 38.6529], [-122.1298, 38.6532]]], [[[-122.1318, 38.6529], [-122.1322, 38.6526], [-122.1318, 38.6526], [-122.1318, 38.6529]]], [[[-122.186, 38.6514], [-122.1863, 38.6511], [-122.186, 38.6511], [-122.186, 38.6514]]], [[[-122.1356, 38.652], [-122.1359, 38.6517], [-122.1356, 38.6517], [-122.1356, 38.652]]], [[[-122.1294, 38.6518], [-122.1297, 38.6516], [-122.1294, 38.6516], [-122.1294, 38.6518]]], [[[-122.1853, 38.6514], [-122.186, 38.6508], [-122.1846, 38.6503], [-122.1842, 38.6509], [-122.1853, 38.6514]]], [[[-122.128, 38.6516], [-122.1283, 38.6513], [-122.128, 38.6513], [-122.128, 38.6516]]], [[[-122.1263, 38.6516], [-122.1266, 38.6514], [-122.1263, 38.6514], [-122.1263, 38.6516]]], [[[-122.1277, 38.6516], [-122.1273, 38.6508], [-122.1266, 38.6508], [-122.127, 38.6516], [-122.1277, 38.6516]]], [[[-122.1252, 38.6519], [-122.1263, 38.6511], [-122.1235, 38.6509], [-122.1249, 38.6511], [-122.1252, 38.6519]]], [[[-122.1846, 38.65], [-122.1849, 38.6495], [-122.1845, 38.6495], [-122.1846, 38.65]]], [[[-122.1311, 38.6507], [-122.1314, 38.6505], [-122.1311, 38.6505], [-122.1311, 38.6507]]], [[[-122.1256, 38.6508], [-122.1259, 38.6506], [-122.1256, 38.6506], [-122.1256, 38.6508]]], [[[-122.135, 38.6536], [-122.1353, 38.6531], [-122.1367, 38.6533], [-122.137, 38.6528], [-122.136, 38.6528], [-122.1356, 38.652], [-122.1349, 38.652], [-122.1346, 38.6523], [-122.1345, 38.6509], [-122.1335, 38.6512], [-122.1335, 38.652], [-122.1325, 38.651], [-122.1345, 38.6504], [-122.1356, 38.6517], [-122.1352, 38.6498], [-122.1321, 38.6502], [-122.1321, 38.6515], [-122.1311, 38.6524], [-122.1325, 38.6518], [-122.1329, 38.6529], [-122.135, 38.6536]], [[-122.135, 38.6534], [-122.1343, 38.6531], [-122.1342, 38.6526], [-122.1353, 38.6525], [-122.135, 38.6534]], [[-122.1342, 38.652], [-122.1335, 38.6523], [-122.1335, 38.652], [-122.1342, 38.652]]], [[[-122.1224, 38.6503], [-122.1228, 38.6501], [-122.1224, 38.6501], [-122.1224, 38.6503]]], [[[-122.1304, 38.6526], [-122.1311, 38.6507], [-122.1297, 38.6497], [-122.1293, 38.6502], [-122.1304, 38.6507], [-122.1298, 38.6526], [-122.1304, 38.6526]]], [[[-122.1314, 38.6502], [-122.1317, 38.6496], [-122.1314, 38.6496], [-122.1314, 38.6502]]], [[[-122.1307, 38.6494], [-122.1311, 38.6497], [-122.1314, 38.6494], [-122.1307, 38.6494]]], [[[-122.1293, 38.6497], [-122.1297, 38.6494], [-122.1293, 38.6494], [-122.1293, 38.6497]]], [[[-122.13, 38.6494], [-122.1307, 38.6491], [-122.13, 38.6491], [-122.13, 38.6494]]], [[[-122.1297, 38.651], [-122.1272, 38.6489], [-122.1255, 38.6497], [-122.1263, 38.6508], [-122.1287, 38.6505], [-122.1297, 38.651]], [[-122.1272, 38.6494], [-122.1269, 38.6503], [-122.1269, 38.6495], [-122.1272, 38.6494]]], [[[-122.121, 38.6493], [-122.1214, 38.649], [-122.121, 38.649], [-122.121, 38.6493]]], [[[-122.1293, 38.6494], [-122.1293, 38.6486], [-122.1283, 38.6486], [-122.1283, 38.6492], [-122.1293, 38.6494]]], [[[-122.1245, 38.65], [-122.1248, 38.6495], [-122.1248, 38.6487], [-122.1234, 38.649], [-122.1245, 38.65]]], [[[-122.1259, 38.6489], [-122.1265, 38.6487], [-122.1258, 38.6487], [-122.1259, 38.6489]]], [[[-122.1307, 38.6486], [-122.131, 38.6483], [-122.1307, 38.6483], [-122.1307, 38.6486]]], [[[-122.1279, 38.6486], [-122.1283, 38.6484], [-122.1279, 38.6484], [-122.1279, 38.6486]]], [[[-122.1255, 38.6487], [-122.1258, 38.6484], [-122.1255, 38.6484], [-122.1255, 38.6487]]], [[[-122.1248, 38.6487], [-122.1251, 38.6484], [-122.1248, 38.6484], [-122.1248, 38.6487]]], [[[-122.13, 38.6489], [-122.13, 38.6481], [-122.1296, 38.6481], [-122.1293, 38.6486], [-122.13, 38.6489]]], [[[-122.1341, 38.6482], [-122.1345, 38.648], [-122.1341, 38.648], [-122.1341, 38.6482]]], [[[-122.1276, 38.6486], [-122.1279, 38.6481], [-122.1269, 38.6481], [-122.1269, 38.6484], [-122.1276, 38.6486]]], [[[-122.1234, 38.6484], [-122.1238, 38.6482], [-122.1234, 38.6482], [-122.1234, 38.6484]]], [[[-122.1286, 38.6483], [-122.1293, 38.6478], [-122.1289, 38.6478], [-122.1286, 38.6483]]], [[[-122.1282, 38.6481], [-122.1286, 38.6478], [-122.1282, 38.6478], [-122.1282, 38.6481]]], [[[-122.1345, 38.648], [-122.1358, 38.6474], [-122.1344, 38.6474], [-122.1345, 38.648]]], [[[-122.131, 38.6478], [-122.1313, 38.6472], [-122.131, 38.6472], [-122.131, 38.6478]]], [[[-122.1306, 38.6472], [-122.131, 38.647], [-122.1306, 38.647], [-122.1306, 38.6472]]], [[[-122.121, 38.6474], [-122.1213, 38.6471], [-122.121, 38.6471], [-122.121, 38.6474]]], [[[-122.1834, 38.646], [-122.1837, 38.6457], [-122.1834, 38.6458], [-122.1834, 38.646]]], [[[-122.1213, 38.6471], [-122.1216, 38.6466], [-122.1213, 38.6466], [-122.1213, 38.6471]]], [[[-122.1296, 38.6467], [-122.1299, 38.6464], [-122.1296, 38.6464], [-122.1296, 38.6467]]], [[[-122.1261, 38.6468], [-122.1265, 38.6465], [-122.1261, 38.6465], [-122.1261, 38.6468]]], [[[-122.1248, 38.6481], [-122.1247, 38.6463], [-122.1241, 38.6465], [-122.1244, 38.6471], [-122.1227, 38.6463], [-122.1227, 38.6482], [-122.1234, 38.6476], [-122.1237, 38.6476], [-122.1238, 38.6479], [-122.1241, 38.6479], [-122.1241, 38.6482], [-122.1248, 38.6481]], [[-122.1244, 38.6473], [-122.1241, 38.6479], [-122.1241, 38.6473], [-122.1244, 38.6473]], [[-122.1234, 38.6468], [-122.1231, 38.6476], [-122.123, 38.6468], [-122.1234, 38.6468]]], [[[-122.1848, 38.6455], [-122.1851, 38.6452], [-122.1848, 38.6452], [-122.1848, 38.6455]]], [[[-122.1237, 38.6465], [-122.1241, 38.6463], [-122.1237, 38.6463], [-122.1237, 38.6465]]], [[[-122.1123, 38.6467], [-122.1127, 38.6465], [-122.1123, 38.6465], [-122.1123, 38.6467]]], [[[-122.131, 38.6467], [-122.1309, 38.6461], [-122.1316, 38.6459], [-122.1306, 38.6459], [-122.131, 38.6467]]], [[[-122.123, 38.6463], [-122.1237, 38.646], [-122.123, 38.646], [-122.123, 38.6463]]], [[[-122.1203, 38.6463], [-122.1206, 38.6461], [-122.1202, 38.6461], [-122.1203, 38.6463]]], [[[-122.1293, 38.6473], [-122.1292, 38.6462], [-122.1279, 38.6465], [-122.1264, 38.6457], [-122.1265, 38.6465], [-122.1293, 38.6473]]], [[[-122.1341, 38.648], [-122.1341, 38.6474], [-122.1358, 38.6466], [-122.1341, 38.6469], [-122.1337, 38.6456], [-122.133, 38.6456], [-122.1323, 38.6467], [-122.1334, 38.6469], [-122.1334, 38.6475], [-122.1331, 38.6472], [-122.1324, 38.6475], [-122.1341, 38.648]]], [[[-122.1299, 38.6462], [-122.1302, 38.6456], [-122.1299, 38.6456], [-122.1299, 38.6462]]], [[[-122.1258, 38.6462], [-122.1258, 38.6457], [-122.1244, 38.6457], [-122.1244, 38.646], [-122.1258, 38.6462]]], [[[-122.1271, 38.6459], [-122.1275, 38.6457], [-122.1271, 38.6457], [-122.1271, 38.6459]]], [[[-122.1358, 38.6463], [-122.1358, 38.6453], [-122.1354, 38.6453], [-122.1347, 38.6461], [-122.1358, 38.6463]]], [[[-122.1323, 38.6459], [-122.1327, 38.6453], [-122.1323, 38.6453], [-122.1323, 38.6459]]], [[[-122.1337, 38.6456], [-122.134, 38.6453], [-122.1337, 38.6453], [-122.1337, 38.6456]]], [[[-122.123, 38.6457], [-122.1237, 38.6455], [-122.123, 38.6455], [-122.123, 38.6457]]], [[[-122.1216, 38.6455], [-122.1219, 38.6452], [-122.1216, 38.6452], [-122.1216, 38.6455]]], [[[-122.1354, 38.6453], [-122.1347, 38.6447], [-122.134, 38.645], [-122.134, 38.6453], [-122.1354, 38.6453]]], [[[-122.1354, 38.645], [-122.1357, 38.6447], [-122.1354, 38.6447], [-122.1354, 38.645]]], [[[-122.1209, 38.6458], [-122.1216, 38.6455], [-122.1213, 38.6455], [-122.1216, 38.645], [-122.1209, 38.645], [-122.1209, 38.6458]]], [[[-122.1285, 38.6454], [-122.1292, 38.6448], [-122.1285, 38.6443], [-122.1285, 38.6454]]], [[[-122.1299, 38.6448], [-122.1302, 38.6443], [-122.1299, 38.6443], [-122.1299, 38.6448]]], [[[-122.1192, 38.645], [-122.1195, 38.6445], [-122.1192, 38.6445], [-122.1192, 38.645]]], [[[-122.1326, 38.6445], [-122.133, 38.6442], [-122.1326, 38.6442], [-122.1326, 38.6445]]], [[[-122.135, 38.6439], [-122.1354, 38.6442], [-122.1357, 38.6439], [-122.135, 38.6439]]], [[[-122.1295, 38.6443], [-122.1299, 38.644], [-122.1295, 38.644], [-122.1295, 38.6443]]], [[[-122.1188, 38.6445], [-122.1192, 38.6442], [-122.1188, 38.6442], [-122.1188, 38.6445]]], [[[-122.1278, 38.644], [-122.1281, 38.6438], [-122.1278, 38.6438], [-122.1278, 38.644]]], [[[-122.1219, 38.6441], [-122.1223, 38.6439], [-122.1219, 38.6439], [-122.1219, 38.6441]]], [[[-122.1316, 38.6437], [-122.1319, 38.6434], [-122.1316, 38.6434], [-122.1316, 38.6437]]], [[[-122.1333, 38.6434], [-122.1336, 38.6431], [-122.1333, 38.6431], [-122.1333, 38.6434]]], [[[-122.1188, 38.6437], [-122.1191, 38.6434], [-122.1188, 38.6434], [-122.1188, 38.6437]]], [[[-122.1181, 38.6437], [-122.1184, 38.6434], [-122.1181, 38.6434], [-122.1181, 38.6437]]], [[[-122.1347, 38.6439], [-122.1357, 38.6436], [-122.135, 38.6428], [-122.134, 38.6431], [-122.1347, 38.6439]]], [[[-122.1353, 38.6431], [-122.1357, 38.6428], [-122.1353, 38.6428], [-122.1353, 38.6431]]], [[[-122.1336, 38.6431], [-122.134, 38.6429], [-122.1336, 38.6429], [-122.1336, 38.6431]]], [[[-122.1288, 38.6432], [-122.1295, 38.6429], [-122.1288, 38.6429], [-122.1288, 38.6432]]], [[[-122.1284, 38.6429], [-122.1288, 38.6427], [-122.1284, 38.6427], [-122.1284, 38.6429]]], [[[-122.1198, 38.6434], [-122.1198, 38.6426], [-122.1195, 38.6426], [-122.1191, 38.6434], [-122.1198, 38.6434]]], [[[-122.1353, 38.6426], [-122.1357, 38.6423], [-122.1353, 38.6423], [-122.1353, 38.6426]]], [[[-122.1312, 38.6426], [-122.1315, 38.6424], [-122.1312, 38.6424], [-122.1312, 38.6426]]], [[[-122.1253, 38.6425], [-122.1257, 38.6422], [-122.1253, 38.6422], [-122.1253, 38.6425]]], [[[-122.1157, 38.6426], [-122.116, 38.6424], [-122.1157, 38.6424], [-122.1157, 38.6426]]], [[[-122.135, 38.6426], [-122.1346, 38.6418], [-122.1332, 38.6421], [-122.1333, 38.6423], [-122.135, 38.6426]]], [[[-122.1329, 38.6421], [-122.1332, 38.6418], [-122.1329, 38.6418], [-122.1329, 38.6421]]], [[[-122.1315, 38.6421], [-122.1319, 38.6418], [-122.1315, 38.6418], [-122.1315, 38.6421]]], [[[-122.116, 38.6424], [-122.1167, 38.6421], [-122.116, 38.6421], [-122.116, 38.6424]]], [[[-122.1326, 38.6418], [-122.1329, 38.6415], [-122.1325, 38.6415], [-122.1326, 38.6418]]], [[[-122.1332, 38.6415], [-122.1336, 38.6412], [-122.1332, 38.6412], [-122.1332, 38.6415]]], [[[-122.1177, 38.6418], [-122.118, 38.6415], [-122.1177, 38.6415], [-122.1177, 38.6418]]], [[[-122.1294, 38.6413], [-122.1298, 38.641], [-122.1294, 38.641], [-122.1294, 38.6413]]], [[[-122.1215, 38.6415], [-122.1218, 38.6412], [-122.1215, 38.6412], [-122.1215, 38.6415]]], [[[-122.1174, 38.6415], [-122.1177, 38.6412], [-122.1173, 38.6413], [-122.1174, 38.6415]]], [[[-122.1322, 38.6418], [-122.1325, 38.6413], [-122.1308, 38.6407], [-122.1308, 38.6402], [-122.1291, 38.6405], [-122.1304, 38.6408], [-122.1305, 38.6416], [-122.1315, 38.6413], [-122.1322, 38.6418]]], [[[-122.1153, 38.6405], [-122.1156, 38.6402], [-122.1152, 38.6402], [-122.1153, 38.6405]]], [[[-122.129, 38.6397], [-122.1294, 38.6394], [-122.129, 38.6394], [-122.129, 38.6397]]], [[[-122.1221, 38.6398], [-122.1225, 38.6395], [-122.1221, 38.6396], [-122.1221, 38.6398]]], [[[-122.1325, 38.6394], [-122.1332, 38.6391], [-122.1325, 38.6391], [-122.1325, 38.6394]]], [[[-122.1318, 38.6388], [-122.1321, 38.6386], [-122.1318, 38.6386], [-122.1318, 38.6388]]], [[[-122.1752, 38.6375], [-122.1756, 38.637], [-122.1752, 38.637], [-122.1752, 38.6375]]], [[[-122.1745, 38.637], [-122.1749, 38.6367], [-122.1745, 38.6367], [-122.1745, 38.637]]], [[[-122.1335, 38.6377], [-122.1338, 38.6375], [-122.1335, 38.6375], [-122.1335, 38.6377]]], [[[-122.1321, 38.6375], [-122.1324, 38.6372], [-122.1321, 38.6372], [-122.1321, 38.6375]]], [[[-122.1297, 38.6373], [-122.13, 38.637], [-122.1297, 38.637], [-122.1297, 38.6373]]], [[[-122.1335, 38.6372], [-122.1331, 38.6367], [-122.1324, 38.6369], [-122.1324, 38.6372], [-122.1335, 38.6372]]], [[[-122.13, 38.637], [-122.1303, 38.6367], [-122.13, 38.6367], [-122.13, 38.637]]], [[[-122.1176, 38.6372], [-122.1179, 38.6369], [-122.1176, 38.6369], [-122.1176, 38.6372]]], [[[-122.1159, 38.6372], [-122.1162, 38.637], [-122.1158, 38.637], [-122.1159, 38.6372]]], [[[-122.1741, 38.6359], [-122.1745, 38.6357], [-122.1741, 38.6357], [-122.1741, 38.6359]]], [[[-122.1352, 38.6369], [-122.1355, 38.6361], [-122.1351, 38.6361], [-122.1352, 38.6369]]], [[[-122.1734, 38.6357], [-122.1738, 38.6354], [-122.1734, 38.6354], [-122.1734, 38.6357]]], [[[-122.1758, 38.6351], [-122.1762, 38.6348], [-122.1758, 38.6348], [-122.1758, 38.6351]]], [[[-122.1341, 38.6358], [-122.1348, 38.6355], [-122.1341, 38.6356], [-122.1341, 38.6358]]], [[[-122.1758, 38.6343], [-122.1765, 38.634], [-122.1758, 38.634], [-122.1758, 38.6343]]], [[[-122.1303, 38.6359], [-122.1313, 38.6356], [-122.1323, 38.6348], [-122.1299, 38.6351], [-122.1306, 38.6354], [-122.1303, 38.6359]], [[-122.1313, 38.6353], [-122.131, 38.6356], [-122.131, 38.6353], [-122.1313, 38.6353]]], [[[-122.1141, 38.6354], [-122.1144, 38.6351], [-122.1141, 38.6351], [-122.1141, 38.6354]]], [[[-122.1144, 38.6351], [-122.1151, 38.6348], [-122.1144, 38.6346], [-122.1144, 38.6351]]], [[[-122.1289, 38.6346], [-122.1292, 38.634], [-122.1289, 38.634], [-122.1289, 38.6346]]], [[[-122.1137, 38.6346], [-122.114, 38.6343], [-122.1137, 38.6343], [-122.1137, 38.6346]]], [[[-122.1299, 38.6343], [-122.1306, 38.634], [-122.1302, 38.6335], [-122.1296, 38.6338], [-122.1299, 38.6343]]], [[[-122.1278, 38.6338], [-122.1282, 38.6335], [-122.1278, 38.6335], [-122.1278, 38.6338]]], [[[-122.1296, 38.6335], [-122.1299, 38.6332], [-122.1295, 38.6332], [-122.1296, 38.6335]]], [[[-122.1237, 38.6336], [-122.1247, 38.6333], [-122.1237, 38.6333], [-122.1237, 38.6336]]], [[[-122.1289, 38.6335], [-122.1288, 38.633], [-122.1282, 38.633], [-122.1282, 38.6332], [-122.1289, 38.6335]]], [[[-122.1271, 38.633], [-122.1275, 38.6327], [-122.1271, 38.6327], [-122.1271, 38.633]]], [[[-122.1323, 38.6337], [-122.1323, 38.6329], [-122.1309, 38.6324], [-122.132, 38.6332], [-122.1316, 38.6337], [-122.1323, 38.6337]]], [[[-122.1275, 38.6324], [-122.1278, 38.6322], [-122.1274, 38.6322], [-122.1275, 38.6324]]], [[[-122.1237, 38.6325], [-122.1243, 38.6322], [-122.1236, 38.6322], [-122.1237, 38.6325]]], [[[-122.1268, 38.6325], [-122.1271, 38.6319], [-122.1267, 38.6319], [-122.1268, 38.6325]]], [[[-122.1278, 38.6322], [-122.1285, 38.6319], [-122.1278, 38.6319], [-122.1278, 38.6322]]], [[[-122.1343, 38.6318], [-122.1347, 38.6315], [-122.1343, 38.6315], [-122.1343, 38.6318]]], [[[-122.1264, 38.6319], [-122.1267, 38.6316], [-122.1264, 38.6316], [-122.1264, 38.6319]]], [[[-122.1347, 38.6315], [-122.135, 38.631], [-122.1347, 38.631], [-122.1347, 38.6315]]], [[[-122.1091, 38.6317], [-122.1095, 38.6314], [-122.1091, 38.6314], [-122.1091, 38.6317]]], [[[-122.1591, 38.6305], [-122.1595, 38.6303], [-122.1591, 38.6303], [-122.1591, 38.6305]]], [[[-122.1588, 38.6303], [-122.1591, 38.63], [-122.1588, 38.63], [-122.1588, 38.6303]]], [[[-122.1584, 38.63], [-122.1588, 38.6295], [-122.1584, 38.6295], [-122.1584, 38.63]]], [[[-122.1301, 38.6302], [-122.1305, 38.63], [-122.1301, 38.63], [-122.1301, 38.6302]]], [[[-122.1726, 38.6292], [-122.1732, 38.6289], [-122.1726, 38.6289], [-122.1726, 38.6292]]], [[[-122.1577, 38.6295], [-122.1581, 38.6289], [-122.1577, 38.6289], [-122.1577, 38.6295]]], [[[-122.1732, 38.6289], [-122.1736, 38.6287], [-122.1732, 38.6287], [-122.1732, 38.6289]]], [[[-122.1601, 38.6289], [-122.1605, 38.6286], [-122.1601, 38.6286], [-122.1601, 38.6289]]], [[[-122.1581, 38.6289], [-122.1584, 38.6287], [-122.1581, 38.6287], [-122.1581, 38.6289]]], [[[-122.1619, 38.6289], [-122.1622, 38.6283], [-122.1618, 38.6283], [-122.1619, 38.6289]]], [[[-122.1577, 38.6287], [-122.158, 38.6284], [-122.1577, 38.6284], [-122.1577, 38.6287]]], [[[-122.1325, 38.6291], [-122.1329, 38.6288], [-122.1325, 38.6288], [-122.1325, 38.6291]]], [[[-122.1622, 38.628], [-122.1625, 38.6278], [-122.1622, 38.6278], [-122.1622, 38.628]]], [[[-122.1611, 38.6281], [-122.1618, 38.6278], [-122.1611, 38.6278], [-122.1611, 38.6281]]], [[[-122.1235, 38.6287], [-122.1239, 38.6285], [-122.1235, 38.6285], [-122.1235, 38.6287]]], [[[-122.1801, 38.6277], [-122.1808, 38.6272], [-122.1804, 38.6272], [-122.1801, 38.6277]]], [[[-122.1246, 38.6284], [-122.1249, 38.6282], [-122.1246, 38.6282], [-122.1246, 38.6284]]], [[[-122.1577, 38.6276], [-122.158, 38.6273], [-122.1577, 38.6273], [-122.1577, 38.6276]]], [[[-122.1249, 38.6282], [-122.1252, 38.6279], [-122.1249, 38.6279], [-122.1249, 38.6282]]], [[[-122.1242, 38.6282], [-122.1246, 38.6279], [-122.1242, 38.6279], [-122.1242, 38.6282]]], [[[-122.1439, 38.6278], [-122.1421, 38.6273], [-122.1404, 38.6276], [-122.1404, 38.6279], [-122.1439, 38.6278]]], [[[-122.1252, 38.6279], [-122.1259, 38.6276], [-122.1252, 38.6276], [-122.1252, 38.6279]]], [[[-122.1246, 38.6279], [-122.1249, 38.6276], [-122.1246, 38.6276], [-122.1246, 38.6279]]], [[[-122.1808, 38.6269], [-122.1808, 38.6264], [-122.1801, 38.6264], [-122.1801, 38.6266], [-122.1808, 38.6269]]], [[[-122.1794, 38.6269], [-122.1797, 38.6264], [-122.1794, 38.6264], [-122.1794, 38.6269]]], [[[-122.1622, 38.6272], [-122.1628, 38.627], [-122.1621, 38.6267], [-122.1622, 38.6272]]], [[[-122.1784, 38.6267], [-122.1787, 38.6264], [-122.1783, 38.6264], [-122.1784, 38.6267]]], [[[-122.167, 38.6269], [-122.1673, 38.6266], [-122.167, 38.6266], [-122.167, 38.6269]]], [[[-122.1663, 38.6269], [-122.1666, 38.6266], [-122.1663, 38.6266], [-122.1663, 38.6269]]], [[[-122.1611, 38.627], [-122.1614, 38.6267], [-122.1611, 38.6267], [-122.1611, 38.627]]], [[[-122.1239, 38.6276], [-122.1242, 38.6274], [-122.1239, 38.6274], [-122.1239, 38.6276]]], [[[-122.1387, 38.6277], [-122.139, 38.6268], [-122.1387, 38.6268], [-122.1387, 38.6277]]], [[[-122.1394, 38.6274], [-122.1397, 38.6268], [-122.1394, 38.6268], [-122.1394, 38.6274]]], [[[-122.1673, 38.6266], [-122.1676, 38.6263], [-122.1673, 38.6263], [-122.1673, 38.6266]]], [[[-122.1646, 38.6267], [-122.1649, 38.6264], [-122.1645, 38.6264], [-122.1646, 38.6267]]], [[[-122.1594, 38.6267], [-122.1597, 38.6265], [-122.1594, 38.6265], [-122.1594, 38.6267]]], [[[-122.1584, 38.6281], [-122.1597, 38.6275], [-122.1587, 38.6262], [-122.158, 38.6265], [-122.1587, 38.627], [-122.1584, 38.6281]]], [[[-122.1666, 38.6266], [-122.1669, 38.6261], [-122.1666, 38.6261], [-122.1666, 38.6266]]], [[[-122.1232, 38.6274], [-122.1235, 38.6268], [-122.1231, 38.6268], [-122.1232, 38.6274]]], [[[-122.1576, 38.6265], [-122.158, 38.6262], [-122.1576, 38.6262], [-122.1576, 38.6265]]], [[[-122.1238, 38.6271], [-122.1242, 38.6268], [-122.1238, 38.6268], [-122.1238, 38.6271]]], [[[-122.1225, 38.6271], [-122.1228, 38.6269], [-122.1225, 38.6269], [-122.1225, 38.6271]]], [[[-122.1735, 38.626], [-122.1745, 38.6259], [-122.1735, 38.6254], [-122.1735, 38.626]]], [[[-122.1635, 38.6259], [-122.1638, 38.6256], [-122.1635, 38.6256], [-122.1635, 38.6259]]], [[[-122.1325, 38.6264], [-122.1331, 38.6261], [-122.1324, 38.6261], [-122.1325, 38.6264]]], [[[-122.1231, 38.6266], [-122.1235, 38.6263], [-122.1231, 38.6263], [-122.1231, 38.6266]]], [[[-122.1607, 38.6256], [-122.1611, 38.6254], [-122.1607, 38.6254], [-122.1607, 38.6256]]], [[[-122.1369, 38.6261], [-122.1373, 38.6258], [-122.1369, 38.6258], [-122.1369, 38.6261]]], [[[-122.1235, 38.6263], [-122.1238, 38.626], [-122.1235, 38.626], [-122.1235, 38.6263]]], [[[-122.1224, 38.6263], [-122.1228, 38.626], [-122.1224, 38.626], [-122.1224, 38.6263]]], [[[-122.1656, 38.6264], [-122.1659, 38.6253], [-122.1652, 38.625], [-122.1645, 38.6256], [-122.1649, 38.6264], [-122.1656, 38.6264]], [[-122.1656, 38.6256], [-122.1652, 38.6261], [-122.1652, 38.6256], [-122.1656, 38.6256]]], [[[-122.1397, 38.6263], [-122.1397, 38.6255], [-122.1393, 38.6255], [-122.139, 38.6263], [-122.1397, 38.6263]]], [[[-122.1631, 38.6256], [-122.1631, 38.6251], [-122.1621, 38.6253], [-122.1621, 38.6256], [-122.1631, 38.6256]]], [[[-122.1604, 38.6254], [-122.1607, 38.6251], [-122.1604, 38.6251], [-122.1604, 38.6254]]], [[[-122.1207, 38.6261], [-122.121, 38.6258], [-122.1207, 38.6258], [-122.1207, 38.6261]]], [[[-122.1597, 38.6262], [-122.159, 38.6249], [-122.1576, 38.6249], [-122.159, 38.6262], [-122.1597, 38.6262]]], [[[-122.1266, 38.6276], [-122.1262, 38.6265], [-122.1273, 38.6262], [-122.1272, 38.6254], [-122.1269, 38.626], [-122.1245, 38.6266], [-122.1245, 38.6271], [-122.1266, 38.6276]]], [[[-122.1659, 38.6253], [-122.1666, 38.6247], [-122.1662, 38.6247], [-122.1659, 38.6253]]], [[[-122.1317, 38.6259], [-122.1331, 38.6259], [-122.1328, 38.6253], [-122.1317, 38.6259]]], [[[-122.1221, 38.6261], [-122.1221, 38.6255], [-122.1214, 38.6255], [-122.1214, 38.6258], [-122.1221, 38.6261]]], [[[-122.1728, 38.6249], [-122.1731, 38.6246], [-122.1728, 38.6246], [-122.1728, 38.6249]]], [[[-122.169, 38.625], [-122.1693, 38.6247], [-122.169, 38.6247], [-122.169, 38.625]]], [[[-122.1642, 38.625], [-122.1645, 38.6248], [-122.1642, 38.6248], [-122.1642, 38.625]]], [[[-122.1631, 38.6251], [-122.1635, 38.6248], [-122.1631, 38.6248], [-122.1631, 38.6251]]], [[[-122.1411, 38.6255], [-122.1414, 38.6252], [-122.141, 38.6252], [-122.1411, 38.6255]]], [[[-122.1228, 38.6258], [-122.1231, 38.6255], [-122.1228, 38.6255], [-122.1228, 38.6258]]], [[[-122.1362, 38.6258], [-122.1366, 38.625], [-122.1362, 38.625], [-122.1362, 38.6258]]], [[[-122.1262, 38.6257], [-122.1266, 38.6252], [-122.1262, 38.6252], [-122.1262, 38.6257]]], [[[-122.1597, 38.6248], [-122.16, 38.6246], [-122.1597, 38.6246], [-122.1597, 38.6248]]], [[[-122.1414, 38.6252], [-122.1417, 38.6249], [-122.1414, 38.6249], [-122.1414, 38.6252]]], [[[-122.1397, 38.6252], [-122.14, 38.6249], [-122.1397, 38.6249], [-122.1397, 38.6252]]], [[[-122.1231, 38.6255], [-122.1234, 38.6252], [-122.1231, 38.6252], [-122.1231, 38.6255]]], [[[-122.1317, 38.6259], [-122.1314, 38.6248], [-122.1307, 38.6248], [-122.131, 38.6251], [-122.1307, 38.6256], [-122.1317, 38.6259]]], [[[-122.1617, 38.6251], [-122.1617, 38.6245], [-122.161, 38.6243], [-122.1607, 38.6248], [-122.1617, 38.6251]]], [[[-122.1645, 38.6248], [-122.1659, 38.6245], [-122.1645, 38.6242], [-122.1645, 38.6248]]], [[[-122.14, 38.6249], [-122.1403, 38.6247], [-122.14, 38.6247], [-122.14, 38.6249]]], [[[-122.1359, 38.625], [-122.1362, 38.6247], [-122.1359, 38.6247], [-122.1359, 38.625]]], [[[-122.1334, 38.625], [-122.1338, 38.6248], [-122.1334, 38.6248], [-122.1334, 38.625]]], [[[-122.1328, 38.6251], [-122.1331, 38.6248], [-122.1328, 38.6248], [-122.1328, 38.6251]]], [[[-122.1234, 38.6252], [-122.1238, 38.6249], [-122.1234, 38.625], [-122.1234, 38.6252]]], [[[-122.1652, 38.6242], [-122.1655, 38.6239], [-122.1652, 38.6239], [-122.1652, 38.6242]]], [[[-122.1262, 38.6249], [-122.1269, 38.6246], [-122.1262, 38.6246], [-122.1262, 38.6249]]], [[[-122.1231, 38.625], [-122.1234, 38.6247], [-122.1231, 38.6247], [-122.1231, 38.625]]], [[[-122.1214, 38.625], [-122.1217, 38.6247], [-122.1214, 38.6247], [-122.1214, 38.625]]], [[[-122.1317, 38.6248], [-122.1328, 38.6248], [-122.1327, 38.6242], [-122.1317, 38.6248]]], [[[-122.1631, 38.624], [-122.1634, 38.6237], [-122.1631, 38.6237], [-122.1631, 38.624]]], [[[-122.14, 38.6244], [-122.1407, 38.6241], [-122.14, 38.6241], [-122.14, 38.6244]]], [[[-122.1731, 38.6241], [-122.1731, 38.6233], [-122.1724, 38.6233], [-122.1724, 38.6241], [-122.1731, 38.6241]]], [[[-122.1662, 38.6245], [-122.1665, 38.6239], [-122.1655, 38.6234], [-122.1655, 38.6239], [-122.1662, 38.6245]]], [[[-122.1356, 38.6264], [-122.1359, 38.625], [-122.1352, 38.6247], [-122.1362, 38.6245], [-122.1358, 38.6239], [-122.1348, 38.625], [-122.1338, 38.625], [-122.1348, 38.6253], [-122.1345, 38.6264], [-122.1356, 38.6264]]], [[[-122.1407, 38.6241], [-122.141, 38.6238], [-122.1407, 38.6238], [-122.1407, 38.6241]]], [[[-122.1379, 38.6242], [-122.1382, 38.6239], [-122.1379, 38.6239], [-122.1379, 38.6242]]], [[[-122.1251, 38.6244], [-122.1255, 38.6241], [-122.1251, 38.6241], [-122.1251, 38.6244]]], [[[-122.1372, 38.6239], [-122.1375, 38.6236], [-122.1372, 38.6236], [-122.1372, 38.6239]]], [[[-122.1234, 38.6241], [-122.1238, 38.6239], [-122.1234, 38.6239], [-122.1234, 38.6241]]], [[[-122.1634, 38.6234], [-122.1645, 38.6234], [-122.1655, 38.6229], [-122.1634, 38.6234]]], [[[-122.1634, 38.6232], [-122.1638, 38.6229], [-122.1634, 38.6229], [-122.1634, 38.6232]]], [[[-122.1341, 38.6237], [-122.1344, 38.6234], [-122.1341, 38.6234], [-122.1341, 38.6237]]], [[[-122.1282, 38.6238], [-122.1286, 38.6235], [-122.1282, 38.6235], [-122.1282, 38.6238]]], [[[-122.1734, 38.6227], [-122.1737, 38.6224], [-122.1734, 38.6224], [-122.1734, 38.6227]]], [[[-122.1365, 38.6239], [-122.1368, 38.6228], [-122.1351, 38.6231], [-122.1351, 38.6237], [-122.1365, 38.6239]]], [[[-122.1768, 38.6224], [-122.1772, 38.6221], [-122.1768, 38.6221], [-122.1768, 38.6224]]], [[[-122.1727, 38.6225], [-122.173, 38.6222], [-122.1727, 38.6222], [-122.1727, 38.6225]]], [[[-122.1372, 38.6231], [-122.1375, 38.6228], [-122.1372, 38.6228], [-122.1372, 38.6231]]], [[[-122.1186, 38.6234], [-122.1192, 38.6231], [-122.1186, 38.6231], [-122.1186, 38.6234]]], [[[-122.1665, 38.6226], [-122.1668, 38.622], [-122.1665, 38.622], [-122.1665, 38.6226]]], [[[-122.1238, 38.6239], [-122.1248, 38.623], [-122.1241, 38.6228], [-122.1238, 38.6239]]], [[[-122.123, 38.6233], [-122.123, 38.6228], [-122.1223, 38.6228], [-122.1224, 38.6231], [-122.123, 38.6233]]], [[[-122.1734, 38.6222], [-122.1737, 38.6219], [-122.1734, 38.6219], [-122.1734, 38.6222]]], [[[-122.1341, 38.6229], [-122.1344, 38.6226], [-122.1341, 38.6226], [-122.1341, 38.6229]]], [[[-122.1286, 38.623], [-122.1289, 38.6227], [-122.1286, 38.6227], [-122.1286, 38.623]]], [[[-122.1268, 38.623], [-122.1272, 38.6227], [-122.1268, 38.6227], [-122.1268, 38.623]]], [[[-122.1207, 38.6253], [-122.121, 38.6242], [-122.1231, 38.6247], [-122.1231, 38.6241], [-122.1217, 38.6239], [-122.1224, 38.6236], [-122.122, 38.6225], [-122.1196, 38.6237], [-122.1206, 38.6239], [-122.1207, 38.6247], [-122.1193, 38.6242], [-122.1207, 38.6253]]], [[[-122.138, 38.626], [-122.1403, 38.6233], [-122.142, 38.6235], [-122.1413, 38.6233], [-122.1417, 38.6227], [-122.1406, 38.623], [-122.1403, 38.6222], [-122.1403, 38.623], [-122.1383, 38.6247], [-122.1365, 38.6239], [-122.1362, 38.6247], [-122.1369, 38.6247], [-122.1369, 38.6253], [-122.1376, 38.625], [-122.138, 38.626]], [[-122.1386, 38.625], [-122.1383, 38.6252], [-122.1383, 38.625], [-122.1386, 38.625]], [[-122.1372, 38.6244], [-122.1369, 38.6247], [-122.1369, 38.6244], [-122.1372, 38.6244]]], [[[-122.1375, 38.6228], [-122.1382, 38.6223], [-122.1379, 38.6223], [-122.1375, 38.6228]]], [[[-122.1351, 38.6229], [-122.1358, 38.6226], [-122.1351, 38.6223], [-122.1351, 38.6229]]], [[[-122.1334, 38.6229], [-122.1337, 38.6223], [-122.1327, 38.6224], [-122.1327, 38.6226], [-122.1334, 38.6229]]], [[[-122.1282, 38.6227], [-122.1285, 38.6224], [-122.1282, 38.6224], [-122.1282, 38.6227]]], [[[-122.1272, 38.6227], [-122.1275, 38.6224], [-122.1272, 38.6225], [-122.1272, 38.6227]]], [[[-122.1251, 38.6241], [-122.1255, 38.6233], [-122.1265, 38.6233], [-122.1254, 38.6222], [-122.1251, 38.6241]]], [[[-122.1307, 38.6254], [-122.13, 38.6243], [-122.131, 38.6245], [-122.131, 38.6237], [-122.1338, 38.624], [-122.1341, 38.6231], [-122.1306, 38.6235], [-122.1313, 38.6224], [-122.1296, 38.6224], [-122.1296, 38.6248], [-122.1307, 38.6254]]], [[[-122.1737, 38.6219], [-122.1741, 38.6214], [-122.1737, 38.6214], [-122.1737, 38.6219]]], [[[-122.162, 38.6218], [-122.1623, 38.6216], [-122.162, 38.6216], [-122.162, 38.6218]]], [[[-122.1413, 38.6222], [-122.1416, 38.6219], [-122.1413, 38.6219], [-122.1413, 38.6222]]], [[[-122.122, 38.6225], [-122.1223, 38.6223], [-122.122, 38.6223], [-122.122, 38.6225]]], [[[-122.1927, 38.621], [-122.193, 38.6207], [-122.1927, 38.6207], [-122.1927, 38.621]]], [[[-122.1368, 38.622], [-122.1375, 38.6217], [-122.1368, 38.6217], [-122.1368, 38.622]]], [[[-122.1323, 38.6221], [-122.133, 38.6218], [-122.1323, 38.6218], [-122.1323, 38.6221]]], [[[-122.1309, 38.6221], [-122.1313, 38.6218], [-122.1309, 38.6218], [-122.1309, 38.6221]]], [[[-122.1299, 38.6221], [-122.1303, 38.6219], [-122.1299, 38.6219], [-122.1299, 38.6221]]], [[[-122.1261, 38.6219], [-122.1265, 38.6222], [-122.1268, 38.6219], [-122.1261, 38.6219]]], [[[-122.1227, 38.6223], [-122.123, 38.622], [-122.1227, 38.622], [-122.1227, 38.6223]]], [[[-122.1385, 38.6223], [-122.1403, 38.6222], [-122.1399, 38.6214], [-122.1385, 38.6223]]], [[[-122.1282, 38.6224], [-122.1292, 38.6221], [-122.1292, 38.6216], [-122.1271, 38.6216], [-122.1282, 38.6224]]], [[[-122.1296, 38.6219], [-122.1299, 38.6216], [-122.1296, 38.6216], [-122.1296, 38.6219]]], [[[-122.1672, 38.622], [-122.1675, 38.6209], [-122.1668, 38.6207], [-122.1665, 38.6218], [-122.1672, 38.622]]], [[[-122.192, 38.6205], [-122.193, 38.6202], [-122.192, 38.6202], [-122.192, 38.6205]]], [[[-122.1692, 38.6209], [-122.1696, 38.6206], [-122.1692, 38.6206], [-122.1692, 38.6209]]], [[[-122.1389, 38.6214], [-122.1392, 38.6212], [-122.1389, 38.6212], [-122.1389, 38.6214]]], [[[-122.1316, 38.6213], [-122.132, 38.6216], [-122.1327, 38.6213], [-122.1316, 38.6213]]], [[[-122.1292, 38.6216], [-122.1295, 38.6213], [-122.1292, 38.6213], [-122.1292, 38.6216]]], [[[-122.1182, 38.6218], [-122.1185, 38.6215], [-122.1182, 38.6215], [-122.1182, 38.6218]]], [[[-122.1716, 38.6206], [-122.172, 38.6203], [-122.1716, 38.6203], [-122.1716, 38.6206]]], [[[-122.1327, 38.6213], [-122.1333, 38.621], [-122.1326, 38.621], [-122.1327, 38.6213]]], [[[-122.1702, 38.6203], [-122.1706, 38.6201], [-122.1702, 38.6201], [-122.1702, 38.6203]]], [[[-122.1234, 38.6228], [-122.1241, 38.6222], [-122.1247, 38.6225], [-122.1251, 38.622], [-122.1261, 38.6219], [-122.1261, 38.6211], [-122.1251, 38.6217], [-122.1254, 38.6209], [-122.1247, 38.6209], [-122.1247, 38.6217], [-122.123, 38.6223], [-122.1234, 38.6228]]], [[[-122.1185, 38.6213], [-122.1192, 38.621], [-122.1185, 38.621], [-122.1185, 38.6213]]], [[[-122.1175, 38.621], [-122.1178, 38.6207], [-122.1175, 38.6207], [-122.1175, 38.621]]], [[[-122.1168, 38.6213], [-122.1175, 38.621], [-122.1171, 38.621], [-122.1171, 38.6205], [-122.1168, 38.6205], [-122.1168, 38.6213]]], [[[-122.1671, 38.6201], [-122.1682, 38.6201], [-122.1681, 38.6196], [-122.1671, 38.6201]]], [[[-122.1261, 38.6209], [-122.1261, 38.6203], [-122.125, 38.6203], [-122.125, 38.6206], [-122.1261, 38.6209]]], [[[-122.1668, 38.6199], [-122.1671, 38.6196], [-122.1668, 38.6196], [-122.1668, 38.6199]]], [[[-122.1912, 38.6192], [-122.1916, 38.6189], [-122.1912, 38.6189], [-122.1912, 38.6192]]], [[[-122.1261, 38.6203], [-122.1264, 38.62], [-122.1261, 38.62], [-122.1261, 38.6203]]], [[[-122.1185, 38.6204], [-122.1185, 38.6199], [-122.1178, 38.6199], [-122.1178, 38.6202], [-122.1185, 38.6204]]], [[[-122.1199, 38.6202], [-122.1202, 38.6199], [-122.1198, 38.6199], [-122.1199, 38.6202]]], [[[-122.1198, 38.6196], [-122.1202, 38.6191], [-122.1198, 38.6191], [-122.1198, 38.6196]]], [[[-122.126, 38.6192], [-122.1264, 38.619], [-122.126, 38.619], [-122.126, 38.6192]]], [[[-122.1102, 38.619], [-122.1109, 38.6195], [-122.1108, 38.619], [-122.1102, 38.619]]], [[[-122.1612, 38.6183], [-122.1615, 38.6181], [-122.1612, 38.6181], [-122.1612, 38.6183]]], [[[-122.1622, 38.6178], [-122.1626, 38.6175], [-122.1622, 38.6175], [-122.1622, 38.6178]]], [[[-122.1239, 38.6185], [-122.1243, 38.6182], [-122.1239, 38.6182], [-122.1239, 38.6185]]], [[[-122.1795, 38.6175], [-122.1794, 38.6169], [-122.1784, 38.617], [-122.1784, 38.6172], [-122.1795, 38.6175]]], [[[-122.1619, 38.6175], [-122.1622, 38.6172], [-122.1619, 38.6173], [-122.1619, 38.6175]]], [[[-122.1243, 38.6182], [-122.1246, 38.6179], [-122.1243, 38.6179], [-122.1243, 38.6182]]], [[[-122.1205, 38.6183], [-122.1212, 38.618], [-122.1205, 38.618], [-122.1205, 38.6183]]], [[[-122.105, 38.6185], [-122.1053, 38.6182], [-122.105, 38.6183], [-122.105, 38.6185]]], [[[-122.1674, 38.6174], [-122.1674, 38.6169], [-122.1663, 38.6169], [-122.1663, 38.6172], [-122.1674, 38.6174]]], [[[-122.1212, 38.618], [-122.1215, 38.6177], [-122.1212, 38.6177], [-122.1212, 38.618]]], [[[-122.1174, 38.618], [-122.1177, 38.6178], [-122.1174, 38.6178], [-122.1174, 38.618]]], [[[-122.1046, 38.6183], [-122.1049, 38.6177], [-122.1046, 38.6177], [-122.1046, 38.6183]]], [[[-122.1177, 38.6178], [-122.1181, 38.6175], [-122.1177, 38.6175], [-122.1177, 38.6178]]], [[[-122.1249, 38.6174], [-122.1253, 38.6171], [-122.1249, 38.6171], [-122.1249, 38.6174]]], [[[-122.1756, 38.6162], [-122.1763, 38.6159], [-122.1756, 38.6159], [-122.1756, 38.6162]]], [[[-122.1215, 38.6174], [-122.1225, 38.6169], [-122.1215, 38.6169], [-122.1215, 38.6174]]], [[[-122.1187, 38.6172], [-122.1191, 38.6169], [-122.1187, 38.6169], [-122.1187, 38.6172]]], [[[-122.117, 38.617], [-122.1174, 38.6172], [-122.1177, 38.617], [-122.117, 38.617]]], [[[-122.1191, 38.6169], [-122.1194, 38.6167], [-122.1191, 38.6167], [-122.1191, 38.6169]]], [[[-122.1163, 38.617], [-122.1166, 38.6167], [-122.1163, 38.6167], [-122.1163, 38.617]]], [[[-122.1739, 38.6157], [-122.1742, 38.6154], [-122.1739, 38.6154], [-122.1739, 38.6157]]], [[[-122.1694, 38.6158], [-122.1697, 38.6155], [-122.1694, 38.6155], [-122.1694, 38.6158]]], [[[-122.1166, 38.6167], [-122.117, 38.6164], [-122.1166, 38.6164], [-122.1166, 38.6167]]], [[[-122.1236, 38.6168], [-122.1235, 38.616], [-122.1232, 38.616], [-122.1229, 38.6169], [-122.1236, 38.6168]]], [[[-122.1704, 38.6157], [-122.1711, 38.6155], [-122.1704, 38.6152], [-122.1704, 38.6157]]], [[[-122.126, 38.6163], [-122.1263, 38.616], [-122.1259, 38.616], [-122.126, 38.6163]]], [[[-122.108, 38.6163], [-122.1083, 38.616], [-122.108, 38.616], [-122.108, 38.6163]]], [[[-122.1197, 38.6158], [-122.1201, 38.6156], [-122.1197, 38.6156], [-122.1197, 38.6158]]], [[[-122.1077, 38.616], [-122.108, 38.6158], [-122.1077, 38.6158], [-122.1077, 38.616]]], [[[-122.0939, 38.6163], [-122.0942, 38.616], [-122.0939, 38.616], [-122.0939, 38.6163]]], [[[-122.1201, 38.6156], [-122.1204, 38.6153], [-122.1201, 38.6153], [-122.1201, 38.6156]]], [[[-122.1073, 38.6155], [-122.108, 38.6152], [-122.1073, 38.6152], [-122.1073, 38.6155]]], [[[-122.1183, 38.6159], [-122.1183, 38.6148], [-122.117, 38.6153], [-122.117, 38.6159], [-122.1183, 38.6159]]], [[[-122.1149, 38.6151], [-122.1156, 38.6148], [-122.1149, 38.6148], [-122.1149, 38.6151]]], [[[-122.1207, 38.615], [-122.1214, 38.615], [-122.1221, 38.6144], [-122.1207, 38.615]]], [[[-122.1183, 38.6148], [-122.119, 38.6145], [-122.1183, 38.6145], [-122.1183, 38.6148]]], [[[-122.1762, 38.6135], [-122.1766, 38.6132], [-122.1762, 38.6132], [-122.1762, 38.6135]]], [[[-122.119, 38.6145], [-122.1193, 38.6142], [-122.119, 38.6142], [-122.119, 38.6145]]], [[[-122.1156, 38.6154], [-122.1162, 38.6148], [-122.118, 38.6145], [-122.1173, 38.614], [-122.1159, 38.6143], [-122.1156, 38.6154]]], [[[-122.1724, 38.6133], [-122.1728, 38.613], [-122.1724, 38.613], [-122.1724, 38.6133]]], [[[-122.1262, 38.6141], [-122.1262, 38.6136], [-122.1255, 38.6136], [-122.1255, 38.6138], [-122.1262, 38.6141]]], [[[-122.1224, 38.6139], [-122.1228, 38.6136], [-122.1224, 38.6136], [-122.1224, 38.6139]]], [[[-122.1155, 38.6138], [-122.1159, 38.614], [-122.1162, 38.6137], [-122.1155, 38.6138]]], [[[-122.1704, 38.6128], [-122.171, 38.6125], [-122.1703, 38.6125], [-122.1704, 38.6128]]], [[[-122.1252, 38.6136], [-122.1255, 38.6133], [-122.1252, 38.6133], [-122.1252, 38.6136]]], [[[-122.1721, 38.6127], [-122.1721, 38.6122], [-122.1714, 38.6122], [-122.1714, 38.6125], [-122.1721, 38.6127]]], [[[-122.1748, 38.6124], [-122.1752, 38.6122], [-122.1748, 38.6122], [-122.1748, 38.6124]]], [[[-122.159, 38.6127], [-122.1593, 38.6124], [-122.159, 38.6124], [-122.159, 38.6127]]], [[[-122.1148, 38.6135], [-122.1152, 38.6132], [-122.1148, 38.6132], [-122.1148, 38.6135]]], [[[-122.1255, 38.6133], [-122.1262, 38.6128], [-122.1259, 38.6128], [-122.1255, 38.6133]]], [[[-122.1745, 38.6122], [-122.1748, 38.6119], [-122.1745, 38.6119], [-122.1745, 38.6122]]], [[[-122.1697, 38.6123], [-122.17, 38.612], [-122.1696, 38.612], [-122.1697, 38.6123]]], [[[-122.17, 38.612], [-122.1703, 38.6114], [-122.17, 38.6114], [-122.17, 38.612]]], [[[-122.1731, 38.6117], [-122.1734, 38.6114], [-122.1731, 38.6114], [-122.1731, 38.6117]]], [[[-122.1258, 38.6125], [-122.1262, 38.6122], [-122.1258, 38.6122], [-122.1258, 38.6125]]], [[[-122.171, 38.6114], [-122.1713, 38.6109], [-122.171, 38.6109], [-122.171, 38.6114]]], [[[-122.1731, 38.6111], [-122.1734, 38.6108], [-122.1731, 38.6108], [-122.1731, 38.6111]]], [[[-122.17, 38.6112], [-122.1703, 38.6109], [-122.17, 38.6109], [-122.17, 38.6112]]], [[[-122.1258, 38.612], [-122.1262, 38.6117], [-122.1258, 38.6117], [-122.1258, 38.612]]], [[[-122.1703, 38.6109], [-122.1706, 38.6106], [-122.1703, 38.6106], [-122.1703, 38.6109]]], [[[-122.1724, 38.6106], [-122.1734, 38.6103], [-122.1724, 38.6103], [-122.1724, 38.6106]]], [[[-122.1706, 38.6106], [-122.1713, 38.6103], [-122.1706, 38.6103], [-122.1706, 38.6106]]], [[[-122.1248, 38.6114], [-122.1251, 38.6112], [-122.1248, 38.6112], [-122.1248, 38.6114]]], [[[-122.1737, 38.6103], [-122.1741, 38.61], [-122.1737, 38.61], [-122.1737, 38.6103]]], [[[-122.1244, 38.6112], [-122.1248, 38.6109], [-122.1244, 38.6109], [-122.1244, 38.6112]]], [[[-122.1686, 38.6104], [-122.1689, 38.6098], [-122.1685, 38.6098], [-122.1686, 38.6104]]], [[[-122.1692, 38.6101], [-122.1696, 38.6098], [-122.1692, 38.6098], [-122.1692, 38.6101]]], [[[-122.1589, 38.6103], [-122.1596, 38.61], [-122.1589, 38.61], [-122.1589, 38.6103]]], [[[-122.1241, 38.6109], [-122.1244, 38.6106], [-122.1241, 38.6106], [-122.1241, 38.6109]]], [[[-122.1596, 38.61], [-122.1599, 38.6097], [-122.1596, 38.6097], [-122.1596, 38.61]]], [[[-122.1254, 38.6106], [-122.1258, 38.6103], [-122.1254, 38.6103], [-122.1254, 38.6106]]], [[[-122.1217, 38.6107], [-122.122, 38.6101], [-122.1216, 38.6101], [-122.1217, 38.6107]]], [[[-122.1706, 38.6093], [-122.1709, 38.609], [-122.1706, 38.609], [-122.1706, 38.6093]]], [[[-122.1258, 38.6098], [-122.1261, 38.6092], [-122.1258, 38.6093], [-122.1258, 38.6098]]], [[[-122.1233, 38.6093], [-122.124, 38.609], [-122.1233, 38.609], [-122.1233, 38.6093]]], [[[-122.1247, 38.6103], [-122.1258, 38.6098], [-122.1247, 38.6087], [-122.1247, 38.6103]]], [[[-122.1281, 38.6087], [-122.1285, 38.6084], [-122.1281, 38.6084], [-122.1281, 38.6087]]], [[[-122.1126, 38.6089], [-122.1133, 38.6084], [-122.113, 38.6084], [-122.1126, 38.6089]]], [[[-122.1116, 38.609], [-122.1119, 38.6084], [-122.1116, 38.6084], [-122.1116, 38.609]]], [[[-122.1688, 38.6077], [-122.1692, 38.6074], [-122.1688, 38.6074], [-122.1688, 38.6077]]], [[[-122.153, 38.6088], [-122.153, 38.6077], [-122.1516, 38.6074], [-122.1516, 38.6077], [-122.1509, 38.608], [-122.1509, 38.6088], [-122.153, 38.6088]], [[-122.1523, 38.608], [-122.1519, 38.6083], [-122.1519, 38.608], [-122.1523, 38.608]]], [[[-122.1747, 38.6073], [-122.175, 38.607], [-122.1747, 38.607], [-122.1747, 38.6073]]], [[[-122.1509, 38.6077], [-122.1512, 38.6075], [-122.1509, 38.6075], [-122.1509, 38.6077]]], [[[-122.1161, 38.6083], [-122.1164, 38.6081], [-122.1161, 38.6081], [-122.1161, 38.6083]]], [[[-122.1564, 38.6074], [-122.1567, 38.6071], [-122.1564, 38.6071], [-122.1564, 38.6074]]], [[[-122.1271, 38.6079], [-122.1274, 38.6076], [-122.1271, 38.6076], [-122.1271, 38.6079]]], [[[-122.175, 38.6068], [-122.1753, 38.6065], [-122.175, 38.6065], [-122.175, 38.6068]]], [[[-122.1174, 38.6078], [-122.1178, 38.6075], [-122.1174, 38.6075], [-122.1174, 38.6078]]], [[[-122.1553, 38.6068], [-122.1557, 38.6066], [-122.1553, 38.6066], [-122.1553, 38.6068]]], [[[-122.1291, 38.607], [-122.1295, 38.6068], [-122.1291, 38.6068], [-122.1291, 38.607]]], [[[-122.1271, 38.6073], [-122.1274, 38.6065], [-122.1267, 38.6065], [-122.1271, 38.6073]]], [[[-122.1277, 38.6068], [-122.1281, 38.6065], [-122.1277, 38.6065], [-122.1277, 38.6068]]], [[[-122.1243, 38.6063], [-122.1246, 38.6066], [-122.125, 38.6063], [-122.1243, 38.6063]]], [[[-122.1543, 38.606], [-122.155, 38.6055], [-122.1546, 38.6055], [-122.1543, 38.606]]], [[[-122.1681, 38.6055], [-122.1684, 38.6053], [-122.1681, 38.6053], [-122.1681, 38.6055]]], [[[-122.1298, 38.6062], [-122.1301, 38.6059], [-122.1298, 38.6059], [-122.1298, 38.6062]]], [[[-122.1277, 38.6062], [-122.1281, 38.606], [-122.1277, 38.606], [-122.1277, 38.6062]]], [[[-122.1139, 38.6065], [-122.1143, 38.6062], [-122.1139, 38.6062], [-122.1139, 38.6065]]], [[[-122.1505, 38.6058], [-122.1508, 38.6053], [-122.1505, 38.6053], [-122.1505, 38.6058]]], [[[-122.1674, 38.6053], [-122.1677, 38.605], [-122.1674, 38.605], [-122.1674, 38.6053]]], [[[-122.1153, 38.6062], [-122.1157, 38.6059], [-122.1153, 38.6059], [-122.1153, 38.6062]]], [[[-122.1143, 38.6062], [-122.115, 38.6059], [-122.1143, 38.6059], [-122.1143, 38.6062]]], [[[-122.1602, 38.6059], [-122.1605, 38.6054], [-122.1587, 38.6049], [-122.1584, 38.606], [-122.1602, 38.6059]]], [[[-122.1256, 38.6057], [-122.1267, 38.606], [-122.1267, 38.6055], [-122.1256, 38.6057]]], [[[-122.1181, 38.6059], [-122.1184, 38.6056], [-122.1181, 38.6056], [-122.1181, 38.6059]]], [[[-122.115, 38.6059], [-122.1153, 38.6057], [-122.115, 38.6057], [-122.115, 38.6059]]], [[[-122.1232, 38.6061], [-122.1239, 38.6055], [-122.1232, 38.6052], [-122.1232, 38.6061]]], [[[-122.1571, 38.6063], [-122.1574, 38.6052], [-122.1584, 38.6049], [-122.1574, 38.6046], [-122.157, 38.6055], [-122.1553, 38.6058], [-122.1553, 38.6063], [-122.1571, 38.6063]]], [[[-122.1463, 38.6054], [-122.146, 38.6048], [-122.1453, 38.6051], [-122.1453, 38.6054], [-122.1463, 38.6054]]], [[[-122.1353, 38.6053], [-122.1356, 38.605], [-122.1353, 38.605], [-122.1353, 38.6053]]], [[[-122.1267, 38.6055], [-122.127, 38.6052], [-122.1267, 38.6052], [-122.1267, 38.6055]]], [[[-122.1194, 38.6056], [-122.1198, 38.6053], [-122.1194, 38.6053], [-122.1194, 38.6056]]], [[[-122.155, 38.6052], [-122.1546, 38.6044], [-122.1542, 38.6044], [-122.1539, 38.6052], [-122.155, 38.6052]]], [[[-122.1515, 38.6045], [-122.1518, 38.6042], [-122.1515, 38.6042], [-122.1515, 38.6045]]], [[[-122.1422, 38.6046], [-122.1429, 38.6044], [-122.1422, 38.6044], [-122.1422, 38.6046]]], [[[-122.1242, 38.605], [-122.1246, 38.6047], [-122.1242, 38.6047], [-122.1242, 38.605]]], [[[-122.1187, 38.6051], [-122.1191, 38.6048], [-122.1187, 38.6048], [-122.1187, 38.6051]]], [[[-122.1146, 38.6051], [-122.1153, 38.6048], [-122.1146, 38.6049], [-122.1146, 38.6051]]], [[[-122.1277, 38.6049], [-122.128, 38.6044], [-122.1277, 38.6044], [-122.1277, 38.6049]]], [[[-122.1473, 38.6043], [-122.1477, 38.604], [-122.1473, 38.604], [-122.1473, 38.6043]]], [[[-122.1429, 38.6044], [-122.1432, 38.6041], [-122.1428, 38.6041], [-122.1429, 38.6044]]], [[[-122.1298, 38.6046], [-122.1301, 38.6043], [-122.1297, 38.6043], [-122.1298, 38.6046]]], [[[-122.1184, 38.6048], [-122.1187, 38.6045], [-122.1184, 38.6045], [-122.1184, 38.6048]]], [[[-122.1553, 38.6039], [-122.1556, 38.6036], [-122.1553, 38.6036], [-122.1553, 38.6039]]], [[[-122.1246, 38.6044], [-122.1249, 38.6041], [-122.1246, 38.6041], [-122.1246, 38.6044]]], [[[-122.1556, 38.6036], [-122.1559, 38.6033], [-122.1556, 38.6033], [-122.1556, 38.6036]]], [[[-122.1466, 38.6038], [-122.147, 38.6035], [-122.1466, 38.6035], [-122.1466, 38.6038]]], [[[-122.1435, 38.6038], [-122.1439, 38.6035], [-122.1435, 38.6035], [-122.1435, 38.6038]]], [[[-122.1153, 38.6043], [-122.1159, 38.604], [-122.1153, 38.604], [-122.1153, 38.6043]]], [[[-122.1683, 38.6031], [-122.1687, 38.6028], [-122.1683, 38.6028], [-122.1683, 38.6031]]], [[[-122.1187, 38.604], [-122.1194, 38.6037], [-122.1187, 38.6037], [-122.1187, 38.604]]], [[[-122.1446, 38.6035], [-122.1445, 38.603], [-122.1439, 38.603], [-122.1439, 38.6033], [-122.1446, 38.6035]]], [[[-122.1466, 38.6032], [-122.1473, 38.6029], [-122.1466, 38.6029], [-122.1466, 38.6032]]], [[[-122.1408, 38.6033], [-122.1414, 38.603], [-122.1408, 38.603], [-122.1408, 38.6033]]], [[[-122.1204, 38.6037], [-122.1214, 38.6034], [-122.1204, 38.6034], [-122.1204, 38.6037]]], [[[-122.1463, 38.603], [-122.1466, 38.6027], [-122.1463, 38.6027], [-122.1463, 38.603]]], [[[-122.1249, 38.6033], [-122.1252, 38.6031], [-122.1249, 38.6031], [-122.1249, 38.6033]]], [[[-122.1239, 38.6033], [-122.1242, 38.6031], [-122.1238, 38.6031], [-122.1239, 38.6033]]], [[[-122.1221, 38.6039], [-122.1225, 38.6034], [-122.1232, 38.6036], [-122.1235, 38.6031], [-122.1221, 38.6031], [-122.1215, 38.6037], [-122.1221, 38.6039]]], [[[-122.1445, 38.6027], [-122.1452, 38.6027], [-122.1456, 38.6024], [-122.1445, 38.6027]]], [[[-122.1073, 38.6034], [-122.1076, 38.6031], [-122.1073, 38.6031], [-122.1073, 38.6034]]], [[[-122.1562, 38.6022], [-122.1569, 38.602], [-122.1562, 38.602], [-122.1562, 38.6022]]], [[[-122.138, 38.6026], [-122.1383, 38.6023], [-122.138, 38.6023], [-122.138, 38.6026]]], [[[-122.1373, 38.6026], [-122.1376, 38.6023], [-122.1373, 38.6023], [-122.1373, 38.6026]]], [[[-122.1169, 38.6029], [-122.1173, 38.6027], [-122.1169, 38.6027], [-122.1169, 38.6029]]], [[[-122.108, 38.6031], [-122.1083, 38.6028], [-122.108, 38.6028], [-122.108, 38.6031]]], [[[-122.1238, 38.6028], [-122.1242, 38.6023], [-122.1238, 38.6023], [-122.1238, 38.6028]]], [[[-122.1569, 38.602], [-122.1573, 38.6017], [-122.1569, 38.6017], [-122.1569, 38.602]]], [[[-122.1476, 38.6021], [-122.1483, 38.6018], [-122.1476, 38.6018], [-122.1476, 38.6021]]], [[[-122.1211, 38.6026], [-122.1221, 38.6023], [-122.1211, 38.6023], [-122.1211, 38.6026]]], [[[-122.1552, 38.6014], [-122.1555, 38.6017], [-122.1566, 38.6014], [-122.1552, 38.6014]]], [[[-122.1507, 38.6018], [-122.1511, 38.6015], [-122.1507, 38.6015], [-122.1507, 38.6018]]], [[[-122.1459, 38.6019], [-122.1462, 38.6016], [-122.1459, 38.6016], [-122.1459, 38.6019]]], [[[-122.1173, 38.6024], [-122.1176, 38.6021], [-122.1173, 38.6021], [-122.1173, 38.6024]]], [[[-122.1093, 38.6025], [-122.1097, 38.6022], [-122.1093, 38.6023], [-122.1093, 38.6025]]], [[[-122.1193, 38.6023], [-122.1193, 38.6018], [-122.1186, 38.6018], [-122.1186, 38.6021], [-122.1193, 38.6023]]], [[[-122.1469, 38.6016], [-122.1476, 38.6013], [-122.1469, 38.6013], [-122.1469, 38.6016]]], [[[-122.1207, 38.6029], [-122.1204, 38.6018], [-122.1197, 38.6018], [-122.1197, 38.6026], [-122.1207, 38.6029]]], [[[-122.1176, 38.6021], [-122.1183, 38.6018], [-122.1176, 38.6018], [-122.1176, 38.6021]]], [[[-122.1741, 38.6008], [-122.1745, 38.6006], [-122.1741, 38.6006], [-122.1741, 38.6008]]], [[[-122.1686, 38.6009], [-122.169, 38.6007], [-122.1686, 38.6007], [-122.1686, 38.6009]]], [[[-122.1214, 38.6018], [-122.1217, 38.6015], [-122.1214, 38.6015], [-122.1214, 38.6018]]], [[[-122.1204, 38.6018], [-122.121, 38.6015], [-122.1204, 38.6015], [-122.1204, 38.6018]]], [[[-122.1224, 38.6018], [-122.1224, 38.6012], [-122.1217, 38.6012], [-122.1217, 38.6015], [-122.1224, 38.6018]]], [[[-122.1348, 38.6013], [-122.1355, 38.6007], [-122.1352, 38.6007], [-122.1348, 38.6013]]], [[[-122.1431, 38.6008], [-122.1434, 38.6006], [-122.1431, 38.6006], [-122.1431, 38.6008]]], [[[-122.1241, 38.6012], [-122.1245, 38.6009], [-122.1241, 38.6009], [-122.1241, 38.6012]]], [[[-122.1569, 38.6003], [-122.1576, 38.6001], [-122.1569, 38.6001], [-122.1569, 38.6003]]], [[[-122.1403, 38.6006], [-122.1407, 38.6004], [-122.1403, 38.6004], [-122.1403, 38.6006]]], [[[-122.1396, 38.6006], [-122.14, 38.6004], [-122.1396, 38.6004], [-122.1396, 38.6006]]], [[[-122.1376, 38.6009], [-122.1389, 38.6004], [-122.1376, 38.6007], [-122.1376, 38.6009]]], [[[-122.1734, 38.6], [-122.1741, 38.5995], [-122.1738, 38.5995], [-122.1734, 38.6]]], [[[-122.12, 38.601], [-122.1203, 38.6004], [-122.12, 38.6004], [-122.12, 38.601]]], [[[-122.1693, 38.5998], [-122.1696, 38.5996], [-122.1693, 38.5996], [-122.1693, 38.5998]]], [[[-122.1231, 38.6007], [-122.1234, 38.6004], [-122.1231, 38.6004], [-122.1231, 38.6007]]], [[[-122.1562, 38.5998], [-122.1569, 38.6001], [-122.1569, 38.5995], [-122.1562, 38.5998]]], [[[-122.1741, 38.5995], [-122.1744, 38.5992], [-122.1741, 38.5992], [-122.1741, 38.5995]]], [[[-122.15, 38.6023], [-122.1507, 38.6021], [-122.1507, 38.6018], [-122.15, 38.6018], [-122.1503, 38.601], [-122.151, 38.6012], [-122.151, 38.6004], [-122.15, 38.6007], [-122.1503, 38.5996], [-122.1489, 38.6002], [-122.149, 38.6016], [-122.15, 38.6023]], [[-122.15, 38.6007], [-122.1497, 38.601], [-122.1497, 38.6007], [-122.15, 38.6007]]], [[[-122.1417, 38.6001], [-122.142, 38.5998], [-122.1417, 38.5998], [-122.1417, 38.6001]]], [[[-122.1413, 38.5998], [-122.1417, 38.5995], [-122.1413, 38.5995], [-122.1413, 38.5998]]], [[[-122.1348, 38.5999], [-122.1351, 38.5996], [-122.1348, 38.5996], [-122.1348, 38.5999]]], [[[-122.1227, 38.6001], [-122.1231, 38.5999], [-122.1227, 38.5999], [-122.1227, 38.6001]]], [[[-122.1189, 38.6002], [-122.1193, 38.5999], [-122.1189, 38.5999], [-122.1189, 38.6002]]], [[[-122.1386, 38.5996], [-122.1389, 38.5993], [-122.1386, 38.5993], [-122.1386, 38.5996]]], [[[-122.1379, 38.5996], [-122.1382, 38.5993], [-122.1379, 38.5993], [-122.1379, 38.5996]]], [[[-122.1355, 38.5994], [-122.1358, 38.5996], [-122.1375, 38.5993], [-122.1355, 38.5994]]], [[[-122.1706, 38.599], [-122.171, 38.5985], [-122.1706, 38.5985], [-122.1706, 38.599]]], [[[-122.1213, 38.5999], [-122.1217, 38.5993], [-122.1213, 38.5993], [-122.1213, 38.5999]]], [[[-122.1693, 38.5988], [-122.1696, 38.5985], [-122.1692, 38.5985], [-122.1693, 38.5988]]], [[[-122.1389, 38.5993], [-122.1396, 38.599], [-122.1389, 38.599], [-122.1389, 38.5993]]], [[[-122.1065, 38.5999], [-122.1068, 38.5996], [-122.1065, 38.5996], [-122.1065, 38.5999]]], [[[-122.121, 38.5996], [-122.1206, 38.5991], [-122.1199, 38.5991], [-122.1203, 38.5996], [-122.121, 38.5996]]], [[[-122.1734, 38.5984], [-122.1737, 38.5981], [-122.1734, 38.5981], [-122.1734, 38.5984]]], [[[-122.1396, 38.599], [-122.1399, 38.5987], [-122.1396, 38.5988], [-122.1396, 38.599]]], [[[-122.1251, 38.5993], [-122.1255, 38.599], [-122.1251, 38.599], [-122.1251, 38.5993]]], [[[-122.1403, 38.5987], [-122.1406, 38.5985], [-122.1403, 38.5985], [-122.1403, 38.5987]]], [[[-122.1351, 38.5988], [-122.1354, 38.5986], [-122.1351, 38.5986], [-122.1351, 38.5988]]], [[[-122.1354, 38.5986], [-122.1358, 38.5983], [-122.1354, 38.5983], [-122.1354, 38.5986]]], [[[-122.1255, 38.599], [-122.1258, 38.5982], [-122.1254, 38.5982], [-122.1255, 38.599]]], [[[-122.172, 38.5976], [-122.1723, 38.5974], [-122.172, 38.5974], [-122.172, 38.5976]]], [[[-122.1406, 38.5982], [-122.1409, 38.5979], [-122.1406, 38.5979], [-122.1406, 38.5982]]], [[[-122.1065, 38.5988], [-122.1068, 38.5985], [-122.1065, 38.5985], [-122.1065, 38.5988]]], [[[-122.1723, 38.5974], [-122.173, 38.5971], [-122.1723, 38.5971], [-122.1723, 38.5974]]], [[[-122.1568, 38.5976], [-122.1571, 38.5974], [-122.1568, 38.5974], [-122.1568, 38.5976]]], [[[-122.1434, 38.5979], [-122.1437, 38.5976], [-122.1434, 38.5976], [-122.1434, 38.5979]]], [[[-122.1358, 38.598], [-122.1365, 38.598], [-122.1368, 38.5977], [-122.1358, 38.598]]], [[[-122.122, 38.5983], [-122.1223, 38.598], [-122.122, 38.598], [-122.122, 38.5983]]], [[[-122.1427, 38.5976], [-122.143, 38.5973], [-122.1427, 38.5973], [-122.1427, 38.5976]]], [[[-122.1216, 38.598], [-122.122, 38.5977], [-122.1216, 38.5977], [-122.1216, 38.598]]], [[[-122.1571, 38.5971], [-122.1575, 38.5968], [-122.1571, 38.5968], [-122.1571, 38.5971]]], [[[-122.1558, 38.5971], [-122.1561, 38.5968], [-122.1557, 38.5968], [-122.1558, 38.5971]]], [[[-122.1375, 38.5974], [-122.1378, 38.5972], [-122.1375, 38.5972], [-122.1375, 38.5974]]], [[[-122.1206, 38.5977], [-122.1209, 38.5975], [-122.1206, 38.5975], [-122.1206, 38.5977]]], [[[-122.1192, 38.5978], [-122.1195, 38.5975], [-122.1192, 38.5975], [-122.1192, 38.5978]]], [[[-122.1564, 38.5968], [-122.1571, 38.5965], [-122.1564, 38.5966], [-122.1564, 38.5968]]], [[[-122.1464, 38.597], [-122.1468, 38.5967], [-122.1464, 38.5967], [-122.1464, 38.597]]], [[[-122.1378, 38.5972], [-122.1382, 38.5969], [-122.1378, 38.5969], [-122.1378, 38.5972]]], [[[-122.1382, 38.5969], [-122.1388, 38.5966], [-122.1382, 38.5966], [-122.1382, 38.5969]]], [[[-122.1447, 38.5965], [-122.145, 38.5962], [-122.1447, 38.5962], [-122.1447, 38.5965]]], [[[-122.1395, 38.5963], [-122.1406, 38.5966], [-122.1405, 38.596], [-122.1395, 38.5963]]], [[[-122.135, 38.5961], [-122.1354, 38.5959], [-122.135, 38.5959], [-122.135, 38.5961]]], [[[-122.1461, 38.5957], [-122.1467, 38.5954], [-122.146, 38.5954], [-122.1461, 38.5957]]], [[[-122.1402, 38.5958], [-122.1405, 38.5955], [-122.1402, 38.5955], [-122.1402, 38.5958]]], [[[-122.1454, 38.5959], [-122.1454, 38.5954], [-122.1457, 38.5951], [-122.1447, 38.5954], [-122.1454, 38.5959]]], [[[-122.1357, 38.5956], [-122.136, 38.5953], [-122.1357, 38.5953], [-122.1357, 38.5956]]], [[[-122.1419, 38.5965], [-122.1416, 38.5957], [-122.1433, 38.5954], [-122.1429, 38.5949], [-122.1412, 38.5952], [-122.1409, 38.5963], [-122.1419, 38.5965]]], [[[-122.1616, 38.5949], [-122.1619, 38.5946], [-122.1615, 38.5946], [-122.1616, 38.5949]]], [[[-122.145, 38.5949], [-122.146, 38.5946], [-122.145, 38.5946], [-122.145, 38.5949]]], [[[-122.1219, 38.5953], [-122.1222, 38.595], [-122.1219, 38.595], [-122.1219, 38.5953]]], [[[-122.1464, 38.5951], [-122.1474, 38.5943], [-122.1464, 38.5943], [-122.1464, 38.5951]]], [[[-122.1402, 38.595], [-122.1402, 38.5944], [-122.1391, 38.5944], [-122.1391, 38.5947], [-122.1402, 38.595]]], [[[-122.1633, 38.5943], [-122.1636, 38.594], [-122.1633, 38.594], [-122.1633, 38.5943]]], [[[-122.1626, 38.5943], [-122.1629, 38.594], [-122.1626, 38.594], [-122.1626, 38.5943]]], [[[-122.1236, 38.595], [-122.1243, 38.5947], [-122.1236, 38.5947], [-122.1236, 38.595]]], [[[-122.1581, 38.5941], [-122.1584, 38.5938], [-122.1581, 38.5938], [-122.1581, 38.5941]]], [[[-122.146, 38.5943], [-122.1464, 38.594], [-122.146, 38.594], [-122.146, 38.5943]]], [[[-122.1433, 38.5944], [-122.1443, 38.5941], [-122.1433, 38.5941], [-122.1433, 38.5944]]], [[[-122.1219, 38.5947], [-122.1229, 38.5945], [-122.1219, 38.5945], [-122.1219, 38.5947]]], [[[-122.1209, 38.5948], [-122.1215, 38.5945], [-122.1208, 38.5945], [-122.1209, 38.5948]]], [[[-122.1477, 38.594], [-122.1481, 38.5937], [-122.1477, 38.5937], [-122.1477, 38.594]]], [[[-122.147, 38.594], [-122.1474, 38.5938], [-122.147, 38.5938], [-122.147, 38.594]]], [[[-122.1401, 38.5942], [-122.1405, 38.5939], [-122.1401, 38.5939], [-122.1401, 38.5942]]], [[[-122.1377, 38.5942], [-122.1381, 38.5939], [-122.1377, 38.5939], [-122.1377, 38.5942]]], [[[-122.1364, 38.5942], [-122.1367, 38.5939], [-122.1363, 38.5939], [-122.1364, 38.5942]]], [[[-122.1346, 38.5942], [-122.135, 38.594], [-122.1346, 38.594], [-122.1346, 38.5942]]], [[[-122.1398, 38.5939], [-122.1401, 38.5936], [-122.1398, 38.5936], [-122.1398, 38.5939]]], [[[-122.1222, 38.5942], [-122.1225, 38.5937], [-122.1222, 38.5937], [-122.1222, 38.5942]]], [[[-122.1646, 38.5929], [-122.1649, 38.5926], [-122.1646, 38.5926], [-122.1646, 38.5929]]], [[[-122.1377, 38.5934], [-122.138, 38.5931], [-122.1377, 38.5931], [-122.1377, 38.5934]]], [[[-122.1584, 38.5927], [-122.1587, 38.5925], [-122.1584, 38.5925], [-122.1584, 38.5927]]], [[[-122.1412, 38.5931], [-122.1415, 38.5928], [-122.1411, 38.5928], [-122.1412, 38.5931]]], [[[-122.1746, 38.5922], [-122.1749, 38.5919], [-122.1746, 38.5919], [-122.1746, 38.5922]]], [[[-122.1367, 38.5929], [-122.137, 38.5926], [-122.1367, 38.5926], [-122.1367, 38.5929]]], [[[-122.1205, 38.5931], [-122.1208, 38.5929], [-122.1205, 38.5929], [-122.1205, 38.5931]]], [[[-122.1198, 38.5932], [-122.1201, 38.5929], [-122.1198, 38.5929], [-122.1198, 38.5932]]], [[[-122.1063, 38.5929], [-122.1066, 38.5926], [-122.1063, 38.5926], [-122.1063, 38.5929]]], [[[-122.1384, 38.5923], [-122.1387, 38.5915], [-122.1383, 38.5915], [-122.1384, 38.5923]]], [[[-122.1694, 38.5912], [-122.1697, 38.5909], [-122.1694, 38.5909], [-122.1694, 38.5912]]], [[[-122.0984, 38.5922], [-122.0987, 38.5919], [-122.0984, 38.5919], [-122.0984, 38.5922]]], [[[-122.109, 38.592], [-122.1094, 38.5915], [-122.109, 38.5915], [-122.109, 38.592]]], [[[-122.1387, 38.5912], [-122.139, 38.5909], [-122.1387, 38.5909], [-122.1387, 38.5912]]], [[[-122.1345, 38.5913], [-122.1349, 38.591], [-122.1345, 38.591], [-122.1345, 38.5913]]], [[[-122.1438, 38.5906], [-122.1442, 38.5903], [-122.1438, 38.5903], [-122.1438, 38.5906]]], [[[-122.139, 38.5901], [-122.1393, 38.5898], [-122.139, 38.5899], [-122.139, 38.5901]]], [[[-122.1356, 38.5902], [-122.1359, 38.5899], [-122.1355, 38.5899], [-122.1356, 38.5902]]], [[[-122.1428, 38.5895], [-122.1431, 38.5892], [-122.1428, 38.5892], [-122.1428, 38.5895]]], [[[-122.1341, 38.5894], [-122.1348, 38.5891], [-122.1341, 38.5891], [-122.1341, 38.5894]]], [[[-122.1514, 38.5886], [-122.1517, 38.5883], [-122.1514, 38.5883], [-122.1514, 38.5886]]], [[[-122.1396, 38.5888], [-122.14, 38.5882], [-122.1396, 38.5882], [-122.1396, 38.5888]]], [[[-122.1514, 38.5883], [-122.151, 38.5878], [-122.1503, 38.5878], [-122.1507, 38.5883], [-122.1514, 38.5883]]], [[[-122.142, 38.5882], [-122.1424, 38.5879], [-122.142, 38.5879], [-122.142, 38.5882]]], [[[-122.15, 38.5878], [-122.1503, 38.5875], [-122.15, 38.5875], [-122.15, 38.5878]]], [[[-122.1482, 38.5875], [-122.1486, 38.5873], [-122.1482, 38.5873], [-122.1482, 38.5875]]], [[[-122.1341, 38.5878], [-122.1344, 38.5875], [-122.1341, 38.5875], [-122.1341, 38.5878]]], [[[-122.1496, 38.5872], [-122.1499, 38.587], [-122.1496, 38.587], [-122.1496, 38.5872]]], [[[-122.1486, 38.5873], [-122.1489, 38.5867], [-122.1486, 38.5867], [-122.1486, 38.5873]]], [[[-122.1617, 38.5868], [-122.162, 38.5865], [-122.1617, 38.5865], [-122.1617, 38.5868]]], [[[-122.1651, 38.5864], [-122.1658, 38.5861], [-122.1651, 38.5861], [-122.1651, 38.5864]]], [[[-122.162, 38.5865], [-122.1627, 38.5862], [-122.162, 38.5862], [-122.162, 38.5865]]], [[[-122.1489, 38.5867], [-122.1496, 38.5864], [-122.1489, 38.5864], [-122.1489, 38.5867]]], [[[-122.1658, 38.5861], [-122.1661, 38.5859], [-122.1658, 38.5859], [-122.1658, 38.5861]]], [[[-122.1616, 38.5862], [-122.162, 38.5859], [-122.1616, 38.5859], [-122.1616, 38.5862]]], [[[-122.1672, 38.5858], [-122.1678, 38.5856], [-122.1671, 38.5856], [-122.1672, 38.5858]]], [[[-122.152, 38.5858], [-122.1523, 38.5856], [-122.152, 38.5856], [-122.152, 38.5858]]], [[[-122.1392, 38.5861], [-122.1396, 38.5858], [-122.1392, 38.5858], [-122.1392, 38.5861]]], [[[-122.1468, 38.5857], [-122.1471, 38.5854], [-122.1468, 38.5854], [-122.1468, 38.5857]]], [[[-122.1454, 38.5857], [-122.1458, 38.5854], [-122.1454, 38.5854], [-122.1454, 38.5857]]], [[[-122.1389, 38.5858], [-122.1392, 38.5855], [-122.1389, 38.5855], [-122.1389, 38.5858]]], [[[-122.1647, 38.5848], [-122.165, 38.5845], [-122.1647, 38.5845], [-122.1647, 38.5848]]], [[[-122.1189, 38.5856], [-122.1192, 38.5853], [-122.1189, 38.5853], [-122.1189, 38.5856]]], [[[-122.1661, 38.5845], [-122.1664, 38.5842], [-122.1661, 38.5842], [-122.1661, 38.5845]]], [[[-122.1675, 38.5842], [-122.1678, 38.5839], [-122.1674, 38.5839], [-122.1675, 38.5842]]], [[[-122.1406, 38.5844], [-122.1409, 38.5841], [-122.1405, 38.5842], [-122.1406, 38.5844]]], [[[-122.1233, 38.5847], [-122.1237, 38.5845], [-122.1233, 38.5845], [-122.1233, 38.5847]]], [[[-122.1251, 38.585], [-122.125, 38.5842], [-122.1237, 38.5842], [-122.124, 38.5847], [-122.1247, 38.5844], [-122.1251, 38.585]]], [[[-122.1368, 38.5842], [-122.1371, 38.5839], [-122.1368, 38.584], [-122.1368, 38.5842]]], [[[-122.1605, 38.5835], [-122.1609, 38.5833], [-122.1605, 38.5833], [-122.1605, 38.5835]]], [[[-122.164, 38.5829], [-122.1643, 38.5827], [-122.164, 38.5827], [-122.164, 38.5829]]], [[[-122.1667, 38.5826], [-122.1671, 38.5823], [-122.1667, 38.5823], [-122.1667, 38.5826]]], [[[-122.165, 38.5826], [-122.1657, 38.5824], [-122.165, 38.5824], [-122.165, 38.5826]]], [[[-122.1343, 38.5821], [-122.137, 38.5823], [-122.1367, 38.5818], [-122.1343, 38.5821]]], [[[-122.1353, 38.5815], [-122.1356, 38.5813], [-122.1353, 38.5813], [-122.1353, 38.5815]]], [[[-122.117, 38.5819], [-122.1174, 38.5816], [-122.117, 38.5816], [-122.117, 38.5819]]], [[[-122.1353, 38.581], [-122.1356, 38.5807], [-122.1353, 38.5807], [-122.1353, 38.581]]], [[[-122.1366, 38.5804], [-122.1366, 38.5799], [-122.1359, 38.5799], [-122.136, 38.5802], [-122.1366, 38.5804]]], [[[-122.1611, 38.5795], [-122.1614, 38.5792], [-122.1611, 38.5792], [-122.1611, 38.5795]]], [[[-122.1425, 38.5793], [-122.1432, 38.579], [-122.1425, 38.579], [-122.1425, 38.5793]]], [[[-122.1356, 38.5791], [-122.1359, 38.5794], [-122.1363, 38.5791], [-122.1356, 38.5791]]], [[[-122.1342, 38.5791], [-122.1346, 38.5794], [-122.1349, 38.5791], [-122.1342, 38.5791]]], [[[-122.1404, 38.5777], [-122.1407, 38.5774], [-122.1404, 38.5774], [-122.1404, 38.5777]]], [[[-122.1345, 38.5778], [-122.1348, 38.5775], [-122.1345, 38.5775], [-122.1345, 38.5778]]], [[[-122.1342, 38.5775], [-122.1345, 38.5772], [-122.1341, 38.5773], [-122.1342, 38.5775]]], [[[-122.1403, 38.5771], [-122.141, 38.5769], [-122.1403, 38.5769], [-122.1403, 38.5771]]], [[[-122.1358, 38.5764], [-122.1362, 38.5761], [-122.1358, 38.5761], [-122.1358, 38.5764]]], [[[-122.1375, 38.5753], [-122.1379, 38.575], [-122.1375, 38.575], [-122.1375, 38.5753]]], [[[-122.1382, 38.575], [-122.1386, 38.5747], [-122.1382, 38.5747], [-122.1382, 38.575]]], [[[-122.1365, 38.575], [-122.1368, 38.5748], [-122.1365, 38.5748], [-122.1365, 38.575]]], [[[-122.1348, 38.5751], [-122.1351, 38.5748], [-122.1348, 38.5748], [-122.1348, 38.5751]]], [[[-122.1347, 38.5735], [-122.1351, 38.5732], [-122.1347, 38.5732], [-122.1347, 38.5735]]], [[[-122.1361, 38.5734], [-122.1371, 38.5731], [-122.1357, 38.5729], [-122.1361, 38.5734]]], [[[-122.1213, 38.5729], [-122.1216, 38.5726], [-122.1213, 38.5726], [-122.1213, 38.5729]]], [[[-122.1216, 38.5726], [-122.1219, 38.5723], [-122.1216, 38.5723], [-122.1216, 38.5726]]], [[[-122.125, 38.5715], [-122.1253, 38.5712], [-122.125, 38.5712], [-122.125, 38.5715]]], [[[-122.1245, 38.5672], [-122.1249, 38.5669], [-122.1245, 38.5669], [-122.1245, 38.5672]]], [[[-122.1183, 38.5667], [-122.1187, 38.5665], [-122.1183, 38.5665], [-122.1183, 38.5667]]], [[[-122.1256, 38.5663], [-122.1259, 38.5658], [-122.1255, 38.5658], [-122.1256, 38.5663]]], [[[-122.1231, 38.5656], [-122.1235, 38.5653], [-122.1231, 38.5653], [-122.1231, 38.5656]]], [[[-122.1159, 38.5646], [-122.1165, 38.5643], [-122.1158, 38.5643], [-122.1159, 38.5646]]], [[[-122.1275, 38.5628], [-122.1279, 38.5625], [-122.1275, 38.5625], [-122.1275, 38.5628]]], [[[-122.1188, 38.5608], [-122.1192, 38.5602], [-122.1188, 38.5602], [-122.1188, 38.5608]]], [[[-122.1216, 38.5605], [-122.1223, 38.5602], [-122.1216, 38.5602], [-122.1216, 38.5605]]], [[[-122.1219, 38.5599], [-122.1226, 38.5596], [-122.1219, 38.5596], [-122.1219, 38.5599]]], [[[-122.1171, 38.56], [-122.1174, 38.5597], [-122.1171, 38.5597], [-122.1171, 38.56]]], [[[-122.1236, 38.5596], [-122.124, 38.5593], [-122.1236, 38.5593], [-122.1236, 38.5596]]], [[[-122.1222, 38.5588], [-122.1226, 38.5586], [-122.1222, 38.5586], [-122.1222, 38.5588]]], [[[-122.1216, 38.5594], [-122.1222, 38.5591], [-122.1222, 38.5588], [-122.1219, 38.5588], [-122.1219, 38.5583], [-122.1216, 38.5594]]], [[[-122.1171, 38.5584], [-122.1174, 38.5581], [-122.117, 38.5581], [-122.1171, 38.5584]]], [[[-122.115, 38.5581], [-122.1153, 38.5579], [-122.115, 38.5579], [-122.115, 38.5581]]], [[[-122.1288, 38.5576], [-122.1291, 38.5574], [-122.1287, 38.5574], [-122.1288, 38.5576]]], [[[-122.1153, 38.5579], [-122.1157, 38.5576], [-122.1153, 38.5576], [-122.1153, 38.5579]]], [[[-122.1267, 38.5574], [-122.127, 38.5571], [-122.1267, 38.5571], [-122.1267, 38.5574]]], [[[-122.1256, 38.5574], [-122.126, 38.5571], [-122.1256, 38.5572], [-122.1256, 38.5574]]], [[[-122.1229, 38.5575], [-122.1232, 38.5572], [-122.1229, 38.5572], [-122.1229, 38.5575]]], [[[-122.1222, 38.5572], [-122.1229, 38.5569], [-122.1222, 38.5569], [-122.1222, 38.5572]]], [[[-122.1232, 38.5558], [-122.1235, 38.5556], [-122.1232, 38.5556], [-122.1232, 38.5558]]], [[[-122.1228, 38.5559], [-122.1232, 38.5553], [-122.1221, 38.5548], [-122.1228, 38.5537], [-122.1217, 38.5537], [-122.1214, 38.5551], [-122.1225, 38.555], [-122.1228, 38.5559]]], [[[-122.1275, 38.5504], [-122.1282, 38.5501], [-122.1275, 38.5501], [-122.1275, 38.5504]]], [[[-122.1268, 38.5504], [-122.1272, 38.5501], [-122.1268, 38.5501], [-122.1268, 38.5504]]], [[[-122.1181, 38.5473], [-122.1191, 38.5465], [-122.1178, 38.5468], [-122.1181, 38.5473]]], [[[-122.1191, 38.5465], [-122.1195, 38.5462], [-122.1191, 38.5462], [-122.1191, 38.5465]]], [[[-122.1201, 38.5456], [-122.1205, 38.5446], [-122.1198, 38.5443], [-122.1201, 38.5456]]], [[[-122.117, 38.5338], [-122.1174, 38.5335], [-122.117, 38.5335], [-122.117, 38.5338]]], [[[-122.1212, 38.5335], [-122.1215, 38.5332], [-122.1212, 38.5332], [-122.1212, 38.5335]]], [[[-122.117, 38.5333], [-122.1174, 38.533], [-122.117, 38.533], [-122.117, 38.5333]]], [[[-122.1263, 38.5312], [-122.1266, 38.531], [-122.1263, 38.531], [-122.1263, 38.5312]]], [[[-122.1203, 38.5267], [-122.1206, 38.5265], [-122.1203, 38.5265], [-122.1203, 38.5267]]]]}, "properties": {"layer": "high_severity"}}, {"type": "Feature", "geometry": {"type": "MultiPolygon", "coordinates": [[[[-122.2561, 38.8458], [-122.2564, 38.8455], [-122.2561, 38.8455], [-122.2561, 38.8458]]], [[[-122.2605, 38.8433], [-122.2602, 38.8425], [-122.2588, 38.8428], [-122.2588, 38.8431], [-122.2605, 38.8433]]], [[[-122.2591, 38.8425], [-122.2595, 38.8422], [-122.2591, 38.8423], [-122.2591, 38.8425]]], [[[-122.2595, 38.8422], [-122.2598, 38.842], [-122.2594, 38.842], [-122.2595, 38.8422]]], [[[-122.2628, 38.8389], [-122.2631, 38.8384], [-122.2628, 38.8384], [-122.2628, 38.8389]]], [[[-122.2597, 38.8379], [-122.26, 38.8376], [-122.2597, 38.8377], [-122.2597, 38.8379]]], [[[-122.2503, 38.8151], [-122.2507, 38.8146], [-122.2503, 38.8146], [-122.2503, 38.8151]]], [[[-122.2503, 38.8143], [-122.2506, 38.8141], [-122.2503, 38.8141], [-122.2503, 38.8143]]], [[[-122.2524, 38.8151], [-122.252, 38.814], [-122.251, 38.8138], [-122.251, 38.8151], [-122.2524, 38.8151]]], [[[-122.2506, 38.8138], [-122.251, 38.8135], [-122.2506, 38.8135], [-122.2506, 38.8138]]], [[[-122.2499, 38.813], [-122.2506, 38.8127], [-122.2499, 38.8125], [-122.2499, 38.813]]], [[[-122.2502, 38.8125], [-122.2506, 38.8122], [-122.2502, 38.8122], [-122.2502, 38.8125]]], [[[-122.2496, 38.8125], [-122.2499, 38.8122], [-122.2495, 38.8122], [-122.2496, 38.8125]]], [[[-122.2505, 38.81], [-122.2509, 38.8097], [-122.2505, 38.8097], [-122.2505, 38.81]]], [[[-122.2519, 38.8097], [-122.2522, 38.8094], [-122.2519, 38.8095], [-122.2519, 38.8097]]], [[[-122.2498, 38.8098], [-122.2505, 38.8095], [-122.2498, 38.8095], [-122.2498, 38.8098]]], [[[-122.2494, 38.8087], [-122.2498, 38.8084], [-122.2494, 38.8084], [-122.2494, 38.8087]]], [[[-122.2259, 38.807], [-122.2262, 38.8067], [-122.2259, 38.8067], [-122.2259, 38.807]]], [[[-122.2274, 38.8018], [-122.2278, 38.8015], [-122.2274, 38.8015], [-122.2274, 38.8018]]], [[[-122.2321, 38.7969], [-122.2325, 38.7966], [-122.2321, 38.7966], [-122.2321, 38.7969]]], [[[-122.2314, 38.795], [-122.2314, 38.7942], [-122.2303, 38.7942], [-122.2303, 38.7947], [-122.2314, 38.795]]], [[[-122.23, 38.7942], [-122.2303, 38.7934], [-122.23, 38.7934], [-122.23, 38.7942]]], [[[-122.2292, 38.7921], [-122.2296, 38.7918], [-122.2292, 38.7918], [-122.2292, 38.7921]]], [[[-122.2292, 38.7915], [-122.2295, 38.7912], [-122.2292, 38.7912], [-122.2292, 38.7915]]], [[[-122.2295, 38.7912], [-122.2299, 38.7907], [-122.2295, 38.7907], [-122.2295, 38.7912]]], [[[-122.2183, 38.7855], [-122.219, 38.7852], [-122.2183, 38.7852], [-122.2183, 38.7855]]], [[[-122.2162, 38.7845], [-122.2169, 38.7842], [-122.2162, 38.7842], [-122.2162, 38.7845]]], [[[-122.2158, 38.7842], [-122.2162, 38.7839], [-122.2158, 38.7839], [-122.2158, 38.7842]]], [[[-122.2172, 38.7839], [-122.2176, 38.7836], [-122.2172, 38.7836], [-122.2172, 38.7839]]], [[[-122.2153, 38.7785], [-122.2157, 38.7783], [-122.2153, 38.7783], [-122.2153, 38.7785]]], [[[-122.2207, 38.7736], [-122.2211, 38.7738], [-122.2214, 38.7736], [-122.2207, 38.7736]]], [[[-122.2214, 38.7736], [-122.2217, 38.7733], [-122.2214, 38.7733], [-122.2214, 38.7736]]], [[[-122.24, 38.7713], [-122.2403, 38.7711], [-122.24, 38.7711], [-122.24, 38.7713]]], [[[-122.2438, 38.7607], [-122.2442, 38.7602], [-122.2438, 38.7602], [-122.2438, 38.7607]]], [[[-122.235, 38.7528], [-122.2356, 38.7525], [-122.2349, 38.7525], [-122.235, 38.7528]]], [[[-122.2356, 38.7525], [-122.2363, 38.7522], [-122.2356, 38.7522], [-122.2356, 38.7525]]], [[[-122.2367, 38.7522], [-122.237, 38.752], [-122.2367, 38.752], [-122.2367, 38.7522]]], [[[-122.237, 38.752], [-122.2377, 38.7517], [-122.237, 38.7517], [-122.237, 38.752]]], [[[-122.2342, 38.7523], [-122.2346, 38.7517], [-122.2335, 38.7515], [-122.2335, 38.752], [-122.2342, 38.7523]]], [[[-122.2363, 38.7517], [-122.2366, 38.7514], [-122.2363, 38.7514], [-122.2363, 38.7517]]], [[[-122.2346, 38.7515], [-122.2352, 38.7512], [-122.2346, 38.7512], [-122.2346, 38.7515]]], [[[-122.2366, 38.7511], [-122.2366, 38.7506], [-122.2373, 38.7509], [-122.2369, 38.7501], [-122.2363, 38.7503], [-122.2366, 38.7511]]], [[[-122.2338, 38.7504], [-122.2345, 38.7501], [-122.2338, 38.7501], [-122.2338, 38.7504]]], [[[-122.2369, 38.7501], [-122.2373, 38.7498], [-122.2369, 38.7498], [-122.2369, 38.7501]]], [[[-122.2383, 38.7503], [-122.2383, 38.7495], [-122.2386, 38.7487], [-122.238, 38.7492], [-122.2383, 38.7503]]], [[[-122.2359, 38.749], [-122.2362, 38.7487], [-122.2359, 38.7487], [-122.2359, 38.749]]], [[[-122.2383, 38.7484], [-122.2386, 38.7481], [-122.2383, 38.7481], [-122.2383, 38.7484]]], [[[-122.2217, 38.7487], [-122.222, 38.7484], [-122.2217, 38.7485], [-122.2217, 38.7487]]], [[[-122.2369, 38.7482], [-122.2372, 38.7479], [-122.2369, 38.7479], [-122.2369, 38.7482]]], [[[-122.2407, 38.7478], [-122.241, 38.7476], [-122.2407, 38.7476], [-122.2407, 38.7478]]], [[[-122.2372, 38.7479], [-122.2376, 38.7476], [-122.2372, 38.7476], [-122.2372, 38.7479]]], [[[-122.2217, 38.7482], [-122.222, 38.7479], [-122.2217, 38.7479], [-122.2217, 38.7482]]], [[[-122.2376, 38.7476], [-122.2379, 38.7473], [-122.2376, 38.7474], [-122.2376, 38.7476]]], [[[-122.2348, 38.7477], [-122.2351, 38.7474], [-122.2348, 38.7474], [-122.2348, 38.7477]]], [[[-122.2379, 38.7473], [-122.2382, 38.7471], [-122.2379, 38.7471], [-122.2379, 38.7473]]], [[[-122.232, 38.7475], [-122.2324, 38.7472], [-122.232, 38.7472], [-122.232, 38.7475]]], [[[-122.2382, 38.7471], [-122.2393, 38.7468], [-122.2382, 38.7468], [-122.2382, 38.7471]]], [[[-122.2313, 38.7472], [-122.232, 38.7469], [-122.2313, 38.7469], [-122.2313, 38.7472]]], [[[-122.2227, 38.7474], [-122.223, 38.7471], [-122.2227, 38.7471], [-122.2227, 38.7474]]], [[[-122.2393, 38.7468], [-122.2396, 38.7465], [-122.2393, 38.7465], [-122.2393, 38.7468]]], [[[-122.2334, 38.7466], [-122.2341, 38.7469], [-122.2348, 38.7466], [-122.2334, 38.7466]]], [[[-122.2279, 38.747], [-122.2282, 38.7467], [-122.2279, 38.7467], [-122.2279, 38.747]]], [[[-122.223, 38.7471], [-122.2234, 38.7468], [-122.223, 38.7468], [-122.223, 38.7471]]], [[[-122.2348, 38.7466], [-122.2358, 38.7463], [-122.2348, 38.7463], [-122.2348, 38.7466]]], [[[-122.2365, 38.7463], [-122.2368, 38.746], [-122.2365, 38.746], [-122.2365, 38.7463]]], [[[-122.232, 38.7464], [-122.2327, 38.7461], [-122.232, 38.7461], [-122.232, 38.7464]]], [[[-122.2299, 38.7467], [-122.2299, 38.7459], [-122.2296, 38.7459], [-122.2292, 38.7467], [-122.2299, 38.7467]]], [[[-122.2327, 38.7461], [-122.233, 38.7458], [-122.2327, 38.7458], [-122.2327, 38.7461]]], [[[-122.2317, 38.7467], [-122.2309, 38.7453], [-122.2306, 38.7453], [-122.2306, 38.7464], [-122.2317, 38.7467]]], [[[-122.233, 38.745], [-122.234, 38.7447], [-122.233, 38.7447], [-122.233, 38.745]]], [[[-122.234, 38.7447], [-122.2347, 38.7444], [-122.234, 38.7444], [-122.234, 38.7447]]], [[[-122.2296, 38.7459], [-122.2299, 38.7453], [-122.2313, 38.7448], [-122.2295, 38.7443], [-122.2288, 38.7448], [-122.2296, 38.7459]], [[-122.2299, 38.7451], [-122.2295, 38.7453], [-122.2295, 38.7451], [-122.2299, 38.7451]]], [[[-122.2316, 38.7448], [-122.2319, 38.7442], [-122.2316, 38.7442], [-122.2316, 38.7448]]], [[[-122.2368, 38.7447], [-122.2375, 38.7444], [-122.2374, 38.7438], [-122.2364, 38.7441], [-122.2368, 38.7447]]], [[[-122.2343, 38.7442], [-122.2347, 38.7439], [-122.2343, 38.7439], [-122.2343, 38.7442]]], [[[-122.2361, 38.7439], [-122.2364, 38.7436], [-122.2361, 38.7436], [-122.2361, 38.7439]]], [[[-122.2295, 38.744], [-122.2298, 38.7437], [-122.2295, 38.7437], [-122.2295, 38.744]]], [[[-122.2347, 38.7439], [-122.2357, 38.7433], [-122.2347, 38.7434], [-122.2347, 38.7439]]], [[[-122.233, 38.7442], [-122.2333, 38.7437], [-122.2343, 38.7434], [-122.2319, 38.7437], [-122.233, 38.7442]]], [[[-122.2357, 38.7428], [-122.236, 38.7431], [-122.2364, 38.7428], [-122.2357, 38.7428]]], [[[-122.234, 38.7431], [-122.2343, 38.7428], [-122.234, 38.7428], [-122.234, 38.7431]]], [[[-122.2316, 38.7437], [-122.2315, 38.7429], [-122.2319, 38.7423], [-122.2309, 38.7434], [-122.2316, 38.7437]]], [[[-122.2339, 38.7426], [-122.2343, 38.7423], [-122.2339, 38.7423], [-122.2339, 38.7426]]], [[[-122.2308, 38.7426], [-122.2312, 38.7423], [-122.2308, 38.7423], [-122.2308, 38.7426]]], [[[-122.227, 38.7427], [-122.2274, 38.7424], [-122.227, 38.7424], [-122.227, 38.7427]]], [[[-122.2346, 38.742], [-122.235, 38.7417], [-122.2346, 38.7417], [-122.2346, 38.742]]], [[[-122.2336, 38.742], [-122.2339, 38.7417], [-122.2336, 38.7418], [-122.2336, 38.742]]], [[[-122.2319, 38.7421], [-122.2322, 38.7418], [-122.2319, 38.7418], [-122.2319, 38.7421]]], [[[-122.2281, 38.7419], [-122.2284, 38.7416], [-122.228, 38.7416], [-122.2281, 38.7419]]], [[[-122.2326, 38.742], [-122.2332, 38.7415], [-122.2325, 38.7412], [-122.2326, 38.742]]], [[[-122.2311, 38.741], [-122.2315, 38.7407], [-122.2311, 38.7407], [-122.2311, 38.741]]], [[[-122.2281, 38.7427], [-122.2284, 38.7421], [-122.2281, 38.7421], [-122.2281, 38.7419], [-122.2277, 38.7419], [-122.2277, 38.7413], [-122.2284, 38.741], [-122.2287, 38.7416], [-122.2287, 38.7408], [-122.2273, 38.7405], [-122.2267, 38.7413], [-122.2281, 38.7427]], [[-122.228, 38.7408], [-122.2277, 38.7411], [-122.2277, 38.7408], [-122.228, 38.7408]]], [[[-122.2366, 38.7403], [-122.237, 38.7401], [-122.2366, 38.7401], [-122.2366, 38.7403]]], [[[-122.2356, 38.7404], [-122.2363, 38.7401], [-122.2356, 38.7401], [-122.2356, 38.7404]]], [[[-122.2311, 38.7405], [-122.2318, 38.7402], [-122.2311, 38.7402], [-122.2311, 38.7405]]], [[[-122.2284, 38.7405], [-122.2287, 38.7402], [-122.2283, 38.7402], [-122.2284, 38.7405]]], [[[-122.237, 38.7401], [-122.2373, 38.7398], [-122.237, 38.7398], [-122.237, 38.7401]]], [[[-122.2304, 38.7402], [-122.2308, 38.7399], [-122.2304, 38.7399], [-122.2304, 38.7402]]], [[[-122.2325, 38.7404], [-122.2328, 38.7399], [-122.2318, 38.7396], [-122.2318, 38.7402], [-122.2325, 38.7404]]], [[[-122.2301, 38.7402], [-122.2297, 38.7397], [-122.2287, 38.74], [-122.2287, 38.7402], [-122.2301, 38.7402]]], [[[-122.2277, 38.7402], [-122.2276, 38.7397], [-122.2266, 38.7397], [-122.2266, 38.74], [-122.2277, 38.7402]]], [[[-122.2397, 38.7398], [-122.2401, 38.7395], [-122.2397, 38.7395], [-122.2397, 38.7398]]], [[[-122.2342, 38.7399], [-122.2349, 38.7396], [-122.2342, 38.7396], [-122.2342, 38.7399]]], [[[-122.2301, 38.7399], [-122.2304, 38.7397], [-122.2301, 38.7397], [-122.2301, 38.7399]]], [[[-122.228, 38.74], [-122.2283, 38.7397], [-122.228, 38.7397], [-122.228, 38.74]]], [[[-122.2339, 38.7396], [-122.2342, 38.7393], [-122.2339, 38.7393], [-122.2339, 38.7396]]], [[[-122.2304, 38.7397], [-122.2307, 38.7394], [-122.2304, 38.7394], [-122.2304, 38.7397]]], [[[-122.2283, 38.7397], [-122.2287, 38.7394], [-122.2283, 38.7394], [-122.2283, 38.7397]]], [[[-122.2276, 38.7397], [-122.228, 38.7394], [-122.2276, 38.7394], [-122.2276, 38.7397]]], [[[-122.2263, 38.7397], [-122.2266, 38.7395], [-122.2263, 38.7395], [-122.2263, 38.7397]]], [[[-122.2242, 38.7395], [-122.2245, 38.7392], [-122.2242, 38.7392], [-122.2242, 38.7395]]], [[[-122.2121, 38.7397], [-122.2124, 38.7394], [-122.2121, 38.7394], [-122.2121, 38.7397]]], [[[-122.2256, 38.7395], [-122.2259, 38.7389], [-122.2255, 38.7389], [-122.2256, 38.7395]]], [[[-122.2235, 38.7395], [-122.2238, 38.739], [-122.2235, 38.739], [-122.2235, 38.7395]]], [[[-122.2321, 38.7394], [-122.2321, 38.7385], [-122.2318, 38.7385], [-122.2311, 38.7394], [-122.2321, 38.7394]]], [[[-122.228, 38.7389], [-122.2279, 38.7383], [-122.2269, 38.7386], [-122.2269, 38.7389], [-122.228, 38.7389]]], [[[-122.2262, 38.7387], [-122.2266, 38.7384], [-122.2262, 38.7384], [-122.2262, 38.7387]]], [[[-122.2231, 38.7387], [-122.2234, 38.7382], [-122.2231, 38.7382], [-122.2231, 38.7387]]], [[[-122.2266, 38.7384], [-122.2269, 38.7381], [-122.2266, 38.7381], [-122.2266, 38.7384]]], [[[-122.2265, 38.7376], [-122.2272, 38.7373], [-122.2265, 38.7373], [-122.2265, 38.7376]]], [[[-122.2252, 38.7384], [-122.2248, 38.7373], [-122.2224, 38.7374], [-122.2231, 38.7379], [-122.2241, 38.7376], [-122.2252, 38.7384]]], [[[-122.2251, 38.7371], [-122.2262, 38.7373], [-122.2262, 38.7368], [-122.2251, 38.7371]]], [[[-122.2238, 38.7371], [-122.2244, 38.7368], [-122.2238, 38.7368], [-122.2238, 38.7371]]], [[[-122.2251, 38.7368], [-122.2255, 38.7365], [-122.2251, 38.7365], [-122.2251, 38.7368]]], [[[-122.2231, 38.7371], [-122.2231, 38.7365], [-122.222, 38.7363], [-122.222, 38.7368], [-122.2231, 38.7371]]], [[[-122.2262, 38.7368], [-122.2265, 38.7362], [-122.2262, 38.7362], [-122.2262, 38.7368]]], [[[-122.2275, 38.7365], [-122.2279, 38.7362], [-122.2275, 38.7362], [-122.2275, 38.7365]]], [[[-122.2272, 38.7362], [-122.2275, 38.7359], [-122.2272, 38.7359], [-122.2272, 38.7362]]], [[[-122.2244, 38.7363], [-122.2248, 38.736], [-122.2244, 38.736], [-122.2244, 38.7363]]], [[[-122.2268, 38.7359], [-122.2272, 38.7357], [-122.2268, 38.7357], [-122.2268, 38.7359]]], [[[-122.2251, 38.7354], [-122.2261, 38.7351], [-122.2251, 38.7352], [-122.2251, 38.7354]]], [[[-122.2234, 38.7355], [-122.2241, 38.7352], [-122.2234, 38.7352], [-122.2234, 38.7355]]], [[[-122.222, 38.7363], [-122.2223, 38.7358], [-122.2234, 38.736], [-122.2234, 38.7355], [-122.223, 38.7355], [-122.2234, 38.7349], [-122.223, 38.7347], [-122.2223, 38.7347], [-122.2227, 38.7355], [-122.2216, 38.7352], [-122.222, 38.7363]]], [[[-122.2275, 38.7346], [-122.2278, 38.7343], [-122.2275, 38.7343], [-122.2275, 38.7346]]], [[[-122.2247, 38.7346], [-122.2258, 38.7343], [-122.2247, 38.7344], [-122.2247, 38.7346]]], [[[-122.224, 38.7346], [-122.2244, 38.7344], [-122.224, 38.7344], [-122.224, 38.7346]]], [[[-122.2233, 38.7347], [-122.2237, 38.7344], [-122.2233, 38.7344], [-122.2233, 38.7347]]], [[[-122.2272, 38.7351], [-122.2268, 38.7341], [-122.2264, 38.7341], [-122.2258, 38.7349], [-122.2272, 38.7351]]], [[[-122.2244, 38.7344], [-122.2247, 38.7341], [-122.2244, 38.7341], [-122.2244, 38.7344]]], [[[-122.2237, 38.7341], [-122.224, 38.7338], [-122.2237, 38.7338], [-122.2237, 38.7341]]], [[[-122.239, 38.7255], [-122.2393, 38.7252], [-122.239, 38.7252], [-122.239, 38.7255]]], [[[-122.2386, 38.7252], [-122.2389, 38.7249], [-122.2386, 38.7249], [-122.2386, 38.7252]]], [[[-122.2291, 38.7208], [-122.2295, 38.7205], [-122.2291, 38.7205], [-122.2291, 38.7208]]], [[[-122.2265, 38.7138], [-122.2269, 38.7135], [-122.2265, 38.7135], [-122.2265, 38.7138]]], [[[-122.2258, 38.7141], [-122.2258, 38.7136], [-122.2265, 38.7133], [-122.2251, 38.7136], [-122.2258, 38.7141]]], [[[-122.2272, 38.7133], [-122.2275, 38.713], [-122.2272, 38.713], [-122.2272, 38.7133]]], [[[-122.2268, 38.713], [-122.2272, 38.7127], [-122.2268, 38.7127], [-122.2268, 38.713]]], [[[-122.2272, 38.7127], [-122.2279, 38.7124], [-122.2272, 38.7124], [-122.2272, 38.7127]]], [[[-122.2261, 38.7127], [-122.2265, 38.7122], [-122.2254, 38.7119], [-122.2254, 38.7125], [-122.2261, 38.7127]]], [[[-122.2258, 38.7119], [-122.2261, 38.7117], [-122.2258, 38.7117], [-122.2258, 38.7119]]], [[[-122.2251, 38.7119], [-122.2254, 38.7117], [-122.2251, 38.7117], [-122.2251, 38.7119]]], [[[-122.2254, 38.7117], [-122.2258, 38.7114], [-122.2254, 38.7114], [-122.2254, 38.7117]]], [[[-122.1946, 38.7101], [-122.195, 38.7095], [-122.1946, 38.7095], [-122.1946, 38.7101]]], [[[-122.1938, 38.7068], [-122.1942, 38.7066], [-122.1938, 38.7066], [-122.1938, 38.7068]]], [[[-122.1935, 38.7066], [-122.1938, 38.7063], [-122.1935, 38.7063], [-122.1935, 38.7066]]], [[[-122.2214, 38.7058], [-122.2214, 38.7053], [-122.2207, 38.7053], [-122.2207, 38.7055], [-122.2214, 38.7058]]], [[[-122.2186, 38.7048], [-122.2197, 38.7045], [-122.2186, 38.7045], [-122.2186, 38.7048]]], [[[-122.1934, 38.705], [-122.1938, 38.7047], [-122.1934, 38.7047], [-122.1934, 38.705]]], [[[-122.2186, 38.7042], [-122.2186, 38.7037], [-122.219, 38.7034], [-122.2183, 38.7034], [-122.2186, 38.7042]]], [[[-122.2134, 38.7038], [-122.2138, 38.7035], [-122.2134, 38.7035], [-122.2134, 38.7038]]], [[[-122.2155, 38.7035], [-122.2158, 38.7032], [-122.2155, 38.7032], [-122.2155, 38.7035]]], [[[-122.2162, 38.7035], [-122.2165, 38.7029], [-122.2162, 38.7029], [-122.2162, 38.7035]]], [[[-122.1934, 38.7036], [-122.1937, 38.7033], [-122.1934, 38.7033], [-122.1934, 38.7036]]], [[[-122.2165, 38.7029], [-122.2169, 38.7026], [-122.2165, 38.7027], [-122.2165, 38.7029]]], [[[-122.2169, 38.7026], [-122.2172, 38.7024], [-122.2168, 38.7024], [-122.2169, 38.7026]]], [[[-122.1913, 38.7031], [-122.1916, 38.7028], [-122.1913, 38.7028], [-122.1913, 38.7031]]], [[[-122.1834, 38.7027], [-122.1837, 38.7024], [-122.1833, 38.7024], [-122.1834, 38.7027]]], [[[-122.1858, 38.7027], [-122.185, 38.7016], [-122.184, 38.7016], [-122.1837, 38.7024], [-122.1851, 38.7021], [-122.1858, 38.7027]]], [[[-122.1857, 38.7016], [-122.1857, 38.7011], [-122.1847, 38.7011], [-122.1847, 38.7013], [-122.1857, 38.7016]]], [[[-122.1816, 38.7014], [-122.183, 38.7008], [-122.1812, 38.7006], [-122.1816, 38.7014]]], [[[-122.1981, 38.7], [-122.1985, 38.7003], [-122.1988, 38.7], [-122.1981, 38.7]]], [[[-122.1785, 38.7006], [-122.1788, 38.7004], [-122.1784, 38.7004], [-122.1785, 38.7006]]], [[[-122.2002, 38.7003], [-122.2009, 38.6997], [-122.2005, 38.6997], [-122.2002, 38.7003]]], [[[-122.213, 38.6997], [-122.2133, 38.6995], [-122.213, 38.6995], [-122.213, 38.6997]]], [[[-122.1988, 38.7], [-122.1995, 38.6997], [-122.1988, 38.6997], [-122.1988, 38.7]]], [[[-122.2133, 38.6995], [-122.2136, 38.6992], [-122.2133, 38.6992], [-122.2133, 38.6995]]], [[[-122.1998, 38.6994], [-122.2002, 38.6992], [-122.1998, 38.6992], [-122.1998, 38.6994]]], [[[-122.2098, 38.6987], [-122.2098, 38.6982], [-122.2091, 38.6982], [-122.2091, 38.6985], [-122.2098, 38.6987]]], [[[-122.1891, 38.6988], [-122.1894, 38.6986], [-122.1891, 38.6986], [-122.1891, 38.6988]]], [[[-122.1863, 38.6986], [-122.187, 38.6983], [-122.1863, 38.6983], [-122.1863, 38.6986]]], [[[-122.1894, 38.6983], [-122.1898, 38.698], [-122.1894, 38.698], [-122.1894, 38.6983]]], [[[-122.1891, 38.698], [-122.1894, 38.6977], [-122.1891, 38.6978], [-122.1891, 38.698]]], [[[-122.187, 38.6981], [-122.1874, 38.6978], [-122.187, 38.6978], [-122.187, 38.6981]]], [[[-122.1877, 38.6978], [-122.188, 38.6975], [-122.1877, 38.6975], [-122.1877, 38.6978]]], [[[-122.2077, 38.6974], [-122.2091, 38.6974], [-122.2091, 38.6968], [-122.2077, 38.6974]]], [[[-122.1884, 38.6978], [-122.1891, 38.6972], [-122.188, 38.6972], [-122.1884, 38.6978]]], [[[-122.2074, 38.6972], [-122.2077, 38.6969], [-122.2074, 38.6969], [-122.2074, 38.6972]]], [[[-122.216, 38.6967], [-122.2167, 38.6964], [-122.216, 38.6965], [-122.216, 38.6967]]], [[[-122.2077, 38.6969], [-122.208, 38.6966], [-122.2077, 38.6966], [-122.2077, 38.6969]]], [[[-122.2063, 38.6969], [-122.2074, 38.6966], [-122.2063, 38.6966], [-122.2063, 38.6969]]], [[[-122.188, 38.697], [-122.1883, 38.6964], [-122.188, 38.6964], [-122.188, 38.697]]], [[[-122.1863, 38.6967], [-122.187, 38.6967], [-122.1873, 38.6964], [-122.1863, 38.6967]]], [[[-122.1956, 38.6963], [-122.1959, 38.696], [-122.1956, 38.696], [-122.1956, 38.6963]]], [[[-122.1963, 38.696], [-122.1966, 38.6957], [-122.1963, 38.6957], [-122.1963, 38.696]]], [[[-122.1894, 38.6964], [-122.1907, 38.6958], [-122.1907, 38.6953], [-122.1883, 38.6956], [-122.1894, 38.6964]]], [[[-122.1928, 38.6955], [-122.1931, 38.6952], [-122.1928, 38.6953], [-122.1928, 38.6955]]], [[[-122.1945, 38.695], [-122.1949, 38.6947], [-122.1945, 38.6947], [-122.1945, 38.695]]], [[[-122.1918, 38.6961], [-122.1924, 38.6945], [-122.1918, 38.695], [-122.1907, 38.6945], [-122.1918, 38.6961]]], [[[-122.1987, 38.6946], [-122.199, 38.6943], [-122.1986, 38.6943], [-122.1987, 38.6946]]], [[[-122.1869, 38.6948], [-122.188, 38.6953], [-122.189, 38.6945], [-122.1869, 38.6948]]], [[[-122.1817, 38.6949], [-122.1821, 38.6946], [-122.1817, 38.6946], [-122.1817, 38.6949]]], [[[-122.1938, 38.6944], [-122.1945, 38.6941], [-122.1938, 38.6942], [-122.1938, 38.6944]]], [[[-122.1862, 38.6946], [-122.1866, 38.6943], [-122.1862, 38.6943], [-122.1862, 38.6946]]], [[[-122.1821, 38.6946], [-122.1824, 38.6944], [-122.1821, 38.6944], [-122.1821, 38.6946]]], [[[-122.181, 38.6947], [-122.1817, 38.6944], [-122.181, 38.6944], [-122.181, 38.6947]]], [[[-122.189, 38.6945], [-122.1897, 38.694], [-122.189, 38.694], [-122.189, 38.6945]]], [[[-122.1928, 38.6942], [-122.1931, 38.6939], [-122.1928, 38.6939], [-122.1928, 38.6942]]], [[[-122.1876, 38.6943], [-122.1879, 38.694], [-122.1876, 38.694], [-122.1876, 38.6943]]], [[[-122.1952, 38.6939], [-122.1955, 38.6936], [-122.1952, 38.6936], [-122.1952, 38.6939]]], [[[-122.1956, 38.6957], [-122.1956, 38.6952], [-122.1966, 38.6955], [-122.1972, 38.6933], [-122.1959, 38.6936], [-122.1966, 38.6946], [-122.1952, 38.6947], [-122.1956, 38.6957]]], [[[-122.19, 38.6945], [-122.1917, 38.6939], [-122.1917, 38.6934], [-122.1896, 38.6934], [-122.1897, 38.694], [-122.19, 38.694], [-122.19, 38.6945]], [[-122.1903, 38.6937], [-122.19, 38.694], [-122.19, 38.6937], [-122.1903, 38.6937]]], [[[-122.1945, 38.6936], [-122.1952, 38.6933], [-122.1945, 38.6933], [-122.1945, 38.6936]]], [[[-122.1859, 38.6938], [-122.1862, 38.6935], [-122.1858, 38.6935], [-122.1859, 38.6938]]], [[[-122.1824, 38.6938], [-122.1827, 38.6935], [-122.1824, 38.6936], [-122.1824, 38.6938]]], [[[-122.1972, 38.6933], [-122.1976, 38.693], [-122.1972, 38.693], [-122.1972, 38.6933]]], [[[-122.1817, 38.6936], [-122.1824, 38.6933], [-122.1817, 38.6933], [-122.1817, 38.6936]]], [[[-122.19, 38.6931], [-122.1903, 38.6929], [-122.19, 38.6929], [-122.19, 38.6931]]], [[[-122.181, 38.6933], [-122.1813, 38.693], [-122.181, 38.693], [-122.181, 38.6933]]], [[[-122.1834, 38.6935], [-122.1834, 38.6927], [-122.1827, 38.6927], [-122.1827, 38.6935], [-122.1834, 38.6935]]], [[[-122.1927, 38.6928], [-122.1931, 38.6926], [-122.1927, 38.6926], [-122.1927, 38.6928]]], [[[-122.1907, 38.6929], [-122.191, 38.6926], [-122.1907, 38.6926], [-122.1907, 38.6929]]], [[[-122.1855, 38.693], [-122.1858, 38.6927], [-122.1855, 38.6927], [-122.1855, 38.693]]], [[[-122.1982, 38.6925], [-122.1986, 38.6922], [-122.1982, 38.6922], [-122.1982, 38.6925]]], [[[-122.192, 38.6926], [-122.1924, 38.6923], [-122.192, 38.6923], [-122.192, 38.6926]]], [[[-122.1896, 38.6926], [-122.1906, 38.6923], [-122.1896, 38.6923], [-122.1896, 38.6926]]], [[[-122.1979, 38.6927], [-122.1979, 38.6919], [-122.1972, 38.6919], [-122.1972, 38.6925], [-122.1979, 38.6927]]], [[[-122.1986, 38.6922], [-122.1989, 38.6919], [-122.1986, 38.6919], [-122.1986, 38.6922]]], [[[-122.1858, 38.6927], [-122.1861, 38.6919], [-122.1858, 38.6919], [-122.1858, 38.6927]]], [[[-122.1906, 38.6923], [-122.1917, 38.692], [-122.1906, 38.6918], [-122.1906, 38.6923]]], [[[-122.1989, 38.6919], [-122.1993, 38.6916], [-122.1989, 38.6916], [-122.1989, 38.6919]]], [[[-122.1889, 38.6921], [-122.1892, 38.6918], [-122.1889, 38.6918], [-122.1889, 38.6921]]], [[[-122.1979, 38.6919], [-122.1986, 38.6916], [-122.1979, 38.6914], [-122.1979, 38.6919]]], [[[-122.1986, 38.6916], [-122.1989, 38.6914], [-122.1986, 38.6914], [-122.1986, 38.6916]]], [[[-122.1876, 38.6945], [-122.1876, 38.6943], [-122.1872, 38.694], [-122.1883, 38.6934], [-122.1882, 38.6924], [-122.1875, 38.6921], [-122.1872, 38.6929], [-122.1872, 38.6916], [-122.1865, 38.6916], [-122.1866, 38.6943], [-122.1876, 38.6945]]], [[[-122.1982, 38.6914], [-122.1986, 38.6911], [-122.1982, 38.6911], [-122.1982, 38.6914]]], [[[-122.1906, 38.6915], [-122.191, 38.6912], [-122.1906, 38.6912], [-122.1906, 38.6915]]], [[[-122.1854, 38.6916], [-122.1858, 38.6913], [-122.1854, 38.6913], [-122.1854, 38.6916]]], [[[-122.1889, 38.691], [-122.1892, 38.6907], [-122.1889, 38.6907], [-122.1889, 38.691]]], [[[-122.1961, 38.6906], [-122.1968, 38.6903], [-122.1961, 38.6903], [-122.1961, 38.6906]]], [[[-122.1882, 38.6907], [-122.1885, 38.6902], [-122.1882, 38.6902], [-122.1882, 38.6907]]], [[[-122.1968, 38.6903], [-122.1971, 38.69], [-122.1968, 38.6901], [-122.1968, 38.6903]]], [[[-122.1889, 38.6905], [-122.1892, 38.6899], [-122.1888, 38.6899], [-122.1889, 38.6905]]], [[[-122.1985, 38.6898], [-122.1988, 38.6895], [-122.1985, 38.6895], [-122.1985, 38.6898]]], [[[-122.1951, 38.6901], [-122.1954, 38.6893], [-122.195, 38.6893], [-122.1951, 38.6901]]], [[[-122.2064, 38.6891], [-122.2068, 38.6888], [-122.2064, 38.6888], [-122.2064, 38.6891]]], [[[-122.1954, 38.689], [-122.1957, 38.6887], [-122.1954, 38.6887], [-122.1954, 38.689]]], [[[-122.1861, 38.6892], [-122.1864, 38.6889], [-122.1861, 38.6889], [-122.1861, 38.6892]]], [[[-122.1871, 38.6886], [-122.1874, 38.6883], [-122.1871, 38.6883], [-122.1871, 38.6886]]], [[[-122.2161, 38.6878], [-122.2164, 38.6875], [-122.2161, 38.6875], [-122.2161, 38.6878]]], [[[-122.1985, 38.6879], [-122.1988, 38.6876], [-122.1984, 38.6876], [-122.1985, 38.6879]]], [[[-122.1978, 38.6879], [-122.1981, 38.6876], [-122.1978, 38.6876], [-122.1978, 38.6879]]], [[[-122.1971, 38.6879], [-122.1974, 38.6876], [-122.1971, 38.6876], [-122.1971, 38.6879]]], [[[-122.1922, 38.688], [-122.1933, 38.6877], [-122.1922, 38.6877], [-122.1922, 38.688]]], [[[-122.1881, 38.6881], [-122.1884, 38.6878], [-122.1881, 38.6878], [-122.1881, 38.6881]]], [[[-122.1977, 38.6868], [-122.1981, 38.6865], [-122.1977, 38.6865], [-122.1977, 38.6868]]], [[[-122.1901, 38.6867], [-122.1905, 38.6864], [-122.1901, 38.6864], [-122.1901, 38.6867]]], [[[-122.1936, 38.6861], [-122.1939, 38.6858], [-122.1936, 38.6858], [-122.1936, 38.6861]]], [[[-122.1918, 38.6861], [-122.1922, 38.6858], [-122.1918, 38.6858], [-122.1918, 38.6861]]], [[[-122.1943, 38.6858], [-122.1942, 38.6852], [-122.1935, 38.685], [-122.1932, 38.6855], [-122.1943, 38.6858]]], [[[-122.1911, 38.6856], [-122.1915, 38.685], [-122.1911, 38.685], [-122.1911, 38.6856]]], [[[-122.1922, 38.6853], [-122.1932, 38.685], [-122.1922, 38.685], [-122.1922, 38.6853]]], [[[-122.1901, 38.6853], [-122.1904, 38.685], [-122.1901, 38.685], [-122.1901, 38.6853]]], [[[-122.1946, 38.685], [-122.1949, 38.6847], [-122.1946, 38.6847], [-122.1946, 38.685]]], [[[-122.1897, 38.6851], [-122.1897, 38.6845], [-122.189, 38.6845], [-122.189, 38.6848], [-122.1897, 38.6851]]], [[[-122.1959, 38.6847], [-122.1963, 38.6844], [-122.1959, 38.6844], [-122.1959, 38.6847]]], [[[-122.1953, 38.6847], [-122.1956, 38.6844], [-122.1952, 38.6844], [-122.1953, 38.6847]]], [[[-122.1921, 38.6847], [-122.1928, 38.6845], [-122.1921, 38.6845], [-122.1921, 38.6847]]], [[[-122.1873, 38.6846], [-122.1876, 38.6843], [-122.1873, 38.6843], [-122.1873, 38.6846]]], [[[-122.1866, 38.6848], [-122.1869, 38.684], [-122.1866, 38.684], [-122.1866, 38.6848]]], [[[-122.1942, 38.6842], [-122.1945, 38.6839], [-122.1942, 38.6839], [-122.1942, 38.6842]]], [[[-122.1908, 38.6842], [-122.1911, 38.6839], [-122.1907, 38.684], [-122.1908, 38.6842]]], [[[-122.1921, 38.6839], [-122.1925, 38.6837], [-122.1921, 38.6837], [-122.1921, 38.6839]]], [[[-122.1963, 38.6836], [-122.1966, 38.6833], [-122.1962, 38.6833], [-122.1963, 38.6836]]], [[[-122.1897, 38.6837], [-122.1904, 38.6834], [-122.1897, 38.6834], [-122.1897, 38.6837]]], [[[-122.1866, 38.6838], [-122.1869, 38.6835], [-122.1866, 38.6835], [-122.1866, 38.6838]]], [[[-122.1952, 38.6833], [-122.1956, 38.6831], [-122.1952, 38.6831], [-122.1952, 38.6833]]], [[[-122.1873, 38.6832], [-122.1876, 38.6835], [-122.1883, 38.6832], [-122.1873, 38.6832]]], [[[-122.1921, 38.6837], [-122.1917, 38.6829], [-122.1914, 38.6829], [-122.1914, 38.6837], [-122.1921, 38.6837]]], [[[-122.1897, 38.6834], [-122.1897, 38.6829], [-122.1886, 38.6826], [-122.1886, 38.6832], [-122.1897, 38.6834]]], [[[-122.1921, 38.6828], [-122.1924, 38.6826], [-122.1921, 38.6826], [-122.1921, 38.6828]]], [[[-122.1869, 38.6829], [-122.1873, 38.6827], [-122.1869, 38.6827], [-122.1869, 38.6829]]], [[[-122.1924, 38.6826], [-122.1928, 38.6823], [-122.1924, 38.6823], [-122.1924, 38.6826]]], [[[-122.1914, 38.6826], [-122.1921, 38.6823], [-122.1914, 38.6823], [-122.1914, 38.6826]]], [[[-122.1907, 38.6826], [-122.191, 38.6823], [-122.1907, 38.6823], [-122.1907, 38.6826]]], [[[-122.1577, 38.6773], [-122.1581, 38.677], [-122.1577, 38.677], [-122.1577, 38.6773]]], [[[-122.2063, 38.6718], [-122.2066, 38.6715], [-122.2063, 38.6715], [-122.2063, 38.6718]]], [[[-122.2069, 38.6715], [-122.2073, 38.6712], [-122.2069, 38.6712], [-122.2069, 38.6715]]], [[[-122.2049, 38.6713], [-122.2052, 38.671], [-122.2049, 38.671], [-122.2049, 38.6713]]], [[[-122.2076, 38.6704], [-122.208, 38.6707], [-122.2086, 38.6704], [-122.2076, 38.6704]]], [[[-122.2059, 38.671], [-122.2073, 38.6704], [-122.2059, 38.6707], [-122.2059, 38.671]]], [[[-122.1547, 38.6679], [-122.155, 38.6676], [-122.1547, 38.6676], [-122.1547, 38.6679]]], [[[-122.2016, 38.6657], [-122.2019, 38.6654], [-122.2016, 38.6654], [-122.2016, 38.6657]]], [[[-122.155, 38.667], [-122.1553, 38.666], [-122.1536, 38.6665], [-122.1536, 38.6668], [-122.155, 38.667]]], [[[-122.1546, 38.6657], [-122.1553, 38.6654], [-122.1546, 38.6652], [-122.1546, 38.6657]]], [[[-122.1525, 38.6649], [-122.1532, 38.6644], [-122.1529, 38.6644], [-122.1525, 38.6649]]], [[[-122.1518, 38.6636], [-122.1522, 38.6633], [-122.1518, 38.6633], [-122.1518, 38.6636]]], [[[-122.1307, 38.6629], [-122.1311, 38.6626], [-122.1307, 38.6626], [-122.1307, 38.6629]]], [[[-122.1266, 38.663], [-122.1269, 38.6627], [-122.1266, 38.6627], [-122.1266, 38.663]]], [[[-122.1369, 38.662], [-122.1373, 38.6617], [-122.1369, 38.6617], [-122.1369, 38.662]]], [[[-122.1397, 38.6614], [-122.14, 38.6611], [-122.1397, 38.6611], [-122.1397, 38.6614]]], [[[-122.14, 38.6611], [-122.1403, 38.6608], [-122.14, 38.6608], [-122.14, 38.6611]]], [[[-122.1372, 38.6612], [-122.1376, 38.6609], [-122.1372, 38.6609], [-122.1372, 38.6612]]], [[[-122.1472, 38.6604], [-122.1476, 38.6602], [-122.1472, 38.6602], [-122.1472, 38.6604]]], [[[-122.1386, 38.6609], [-122.14, 38.6603], [-122.1386, 38.6603], [-122.1386, 38.6609]]], [[[-122.1462, 38.6602], [-122.1469, 38.6596], [-122.1465, 38.6596], [-122.1462, 38.6602]]], [[[-122.1486, 38.6596], [-122.1489, 38.6593], [-122.1486, 38.6593], [-122.1486, 38.6596]]], [[[-122.1451, 38.6597], [-122.1455, 38.6594], [-122.1451, 38.6594], [-122.1451, 38.6597]]], [[[-122.1407, 38.6606], [-122.141, 38.6597], [-122.1396, 38.6592], [-122.14, 38.6603], [-122.1407, 38.6606]]], [[[-122.1476, 38.6596], [-122.1479, 38.6591], [-122.1475, 38.6591], [-122.1476, 38.6596]]], [[[-122.1403, 38.6592], [-122.1406, 38.6587], [-122.1403, 38.6587], [-122.1403, 38.6592]]], [[[-122.1962, 38.6577], [-122.1965, 38.6574], [-122.1962, 38.6574], [-122.1962, 38.6577]]], [[[-122.1499, 38.6585], [-122.1503, 38.6582], [-122.1499, 38.6582], [-122.1499, 38.6585]]], [[[-122.1496, 38.658], [-122.1499, 38.6577], [-122.1496, 38.6577], [-122.1496, 38.658]]], [[[-122.1451, 38.658], [-122.1454, 38.6578], [-122.1451, 38.6578], [-122.1451, 38.658]]], [[[-122.1354, 38.6582], [-122.1358, 38.6579], [-122.1354, 38.6579], [-122.1354, 38.6582]]], [[[-122.1492, 38.6577], [-122.1496, 38.6574], [-122.1492, 38.6574], [-122.1492, 38.6577]]], [[[-122.1368, 38.6577], [-122.1371, 38.6571], [-122.1368, 38.6571], [-122.1368, 38.6577]]], [[[-122.1261, 38.6578], [-122.1271, 38.6576], [-122.1261, 38.6573], [-122.1261, 38.6578]]], [[[-122.1392, 38.6573], [-122.1399, 38.6571], [-122.1392, 38.6571], [-122.1392, 38.6573]]], [[[-122.1354, 38.6574], [-122.1358, 38.6571], [-122.1354, 38.6571], [-122.1354, 38.6574]]], [[[-122.141, 38.6578], [-122.1427, 38.6573], [-122.1413, 38.6568], [-122.141, 38.6578]]], [[[-122.143, 38.657], [-122.1433, 38.6567], [-122.143, 38.6567], [-122.143, 38.657]]], [[[-122.1251, 38.6573], [-122.1254, 38.657], [-122.125, 38.657], [-122.1251, 38.6573]]], [[[-122.1469, 38.6591], [-122.1461, 38.6583], [-122.1471, 38.6572], [-122.1478, 38.6575], [-122.1475, 38.6583], [-122.1486, 38.6583], [-122.1485, 38.6566], [-122.1478, 38.6564], [-122.1454, 38.658], [-122.1469, 38.6591]]], [[[-122.1468, 38.6569], [-122.1464, 38.6564], [-122.1458, 38.6567], [-122.1458, 38.657], [-122.1468, 38.6569]]], [[[-122.1364, 38.6571], [-122.1368, 38.6566], [-122.1364, 38.6566], [-122.1364, 38.6571]]], [[[-122.1437, 38.6567], [-122.1444, 38.6567], [-122.1447, 38.6564], [-122.1437, 38.6567]]], [[[-122.1433, 38.6565], [-122.1437, 38.6562], [-122.1433, 38.6562], [-122.1433, 38.6565]]], [[[-122.1337, 38.6566], [-122.134, 38.6563], [-122.1337, 38.6564], [-122.1337, 38.6566]]], [[[-122.1899, 38.6554], [-122.1902, 38.6551], [-122.1899, 38.6551], [-122.1899, 38.6554]]], [[[-122.1471, 38.6561], [-122.1475, 38.6558], [-122.1471, 38.6558], [-122.1471, 38.6561]]], [[[-122.1361, 38.6563], [-122.1364, 38.656], [-122.1361, 38.656], [-122.1361, 38.6563]]], [[[-122.134, 38.6563], [-122.1343, 38.6561], [-122.134, 38.6561], [-122.134, 38.6563]]], [[[-122.1433, 38.6559], [-122.1436, 38.6556], [-122.1433, 38.6556], [-122.1433, 38.6559]]], [[[-122.1392, 38.656], [-122.1395, 38.6557], [-122.1392, 38.6557], [-122.1392, 38.656]]], [[[-122.1333, 38.6561], [-122.134, 38.6558], [-122.1333, 38.6558], [-122.1333, 38.6561]]], [[[-122.1326, 38.6561], [-122.133, 38.6558], [-122.1326, 38.6558], [-122.1326, 38.6561]]], [[[-122.1481, 38.6556], [-122.1485, 38.6553], [-122.1481, 38.6553], [-122.1481, 38.6556]]], [[[-122.1399, 38.6557], [-122.1402, 38.6554], [-122.1398, 38.6554], [-122.1399, 38.6557]]], [[[-122.1364, 38.6558], [-122.1367, 38.6555], [-122.1364, 38.6555], [-122.1364, 38.6558]]], [[[-122.1357, 38.6558], [-122.1361, 38.6555], [-122.1357, 38.6555], [-122.1357, 38.6558]]], [[[-122.133, 38.6558], [-122.1333, 38.6556], [-122.1329, 38.6556], [-122.133, 38.6558]]], [[[-122.1499, 38.6566], [-122.1495, 38.655], [-122.1485, 38.655], [-122.1488, 38.6553], [-122.1485, 38.6564], [-122.1499, 38.6566]]], [[[-122.1392, 38.6554], [-122.1395, 38.6552], [-122.1391, 38.6552], [-122.1392, 38.6554]]], [[[-122.1374, 38.6555], [-122.1378, 38.6552], [-122.1374, 38.6552], [-122.1374, 38.6555]]], [[[-122.1391, 38.6549], [-122.1395, 38.6546], [-122.1391, 38.6546], [-122.1391, 38.6549]]], [[[-122.136, 38.655], [-122.1367, 38.6547], [-122.136, 38.6547], [-122.136, 38.655]]], [[[-122.1295, 38.6551], [-122.1298, 38.6548], [-122.1295, 38.6548], [-122.1295, 38.6551]]], [[[-122.1326, 38.6553], [-122.1329, 38.6545], [-122.1326, 38.6545], [-122.1326, 38.6553]]], [[[-122.1409, 38.6546], [-122.1412, 38.6543], [-122.1409, 38.6543], [-122.1409, 38.6546]]], [[[-122.1298, 38.6548], [-122.1302, 38.6545], [-122.1298, 38.6545], [-122.1298, 38.6548]]], [[[-122.1288, 38.6548], [-122.1295, 38.6545], [-122.1288, 38.6546], [-122.1288, 38.6548]]], [[[-122.1281, 38.6548], [-122.1284, 38.6546], [-122.1281, 38.6546], [-122.1281, 38.6548]]], [[[-122.1384, 38.6547], [-122.1391, 38.6541], [-122.1388, 38.6541], [-122.1384, 38.6547]]], [[[-122.1439, 38.654], [-122.1443, 38.6537], [-122.1439, 38.6537], [-122.1439, 38.654]]], [[[-122.1412, 38.6543], [-122.1429, 38.6538], [-122.1412, 38.6541], [-122.1412, 38.6543]]], [[[-122.1391, 38.6541], [-122.1395, 38.6538], [-122.1391, 38.6538], [-122.1391, 38.6541]]], [[[-122.136, 38.6542], [-122.1363, 38.6539], [-122.136, 38.6539], [-122.136, 38.6542]]], [[[-122.1905, 38.6532], [-122.1909, 38.6526], [-122.1905, 38.6526], [-122.1905, 38.6532]]], [[[-122.1284, 38.6543], [-122.1301, 38.654], [-122.1284, 38.6537], [-122.1284, 38.6543]]], [[[-122.1326, 38.6542], [-122.1325, 38.6534], [-122.1322, 38.6534], [-122.1319, 38.6542], [-122.1326, 38.6542]]], [[[-122.1432, 38.6535], [-122.1436, 38.6532], [-122.1432, 38.6532], [-122.1432, 38.6535]]], [[[-122.1357, 38.6536], [-122.136, 38.6533], [-122.1356, 38.6534], [-122.1357, 38.6536]]], [[[-122.1253, 38.6549], [-122.1281, 38.6546], [-122.1263, 38.6541], [-122.127, 38.6538], [-122.1267, 38.6532], [-122.1246, 38.6533], [-122.1239, 38.6538], [-122.1253, 38.6549]], [[-122.126, 38.6535], [-122.1257, 38.6546], [-122.1256, 38.6535], [-122.126, 38.6535]], [[-122.1249, 38.6535], [-122.1246, 38.6538], [-122.1246, 38.6535], [-122.1249, 38.6535]]], [[[-122.147, 38.6532], [-122.1477, 38.6529], [-122.147, 38.6529], [-122.147, 38.6532]]], [[[-122.127, 38.6535], [-122.1277, 38.6532], [-122.127, 38.6532], [-122.127, 38.6535]]], [[[-122.1225, 38.6536], [-122.1229, 38.653], [-122.1225, 38.653], [-122.1225, 38.6536]]], [[[-122.1477, 38.6529], [-122.1484, 38.6526], [-122.1477, 38.6526], [-122.1477, 38.6529]]], [[[-122.1463, 38.6529], [-122.1467, 38.6526], [-122.1463, 38.6526], [-122.1463, 38.6529]]], [[[-122.1298, 38.6526], [-122.1304, 38.6524], [-122.1297, 38.6524], [-122.1298, 38.6526]]], [[[-122.1367, 38.6533], [-122.137, 38.6528], [-122.1349, 38.652], [-122.1349, 38.6526], [-122.1367, 38.6533]]], [[[-122.186, 38.6514], [-122.1863, 38.6511], [-122.186, 38.6511], [-122.186, 38.6514]]], [[[-122.1849, 38.6514], [-122.1853, 38.6511], [-122.1849, 38.6511], [-122.1849, 38.6514]]], [[[-122.1356, 38.652], [-122.1359, 38.6517], [-122.1356, 38.6517], [-122.1356, 38.652]]], [[[-122.1853, 38.6511], [-122.186, 38.6508], [-122.1853, 38.6506], [-122.1853, 38.6511]]], [[[-122.128, 38.6516], [-122.1283, 38.6513], [-122.128, 38.6513], [-122.128, 38.6516]]], [[[-122.1263, 38.6516], [-122.1266, 38.6514], [-122.1263, 38.6514], [-122.1263, 38.6516]]], [[[-122.1329, 38.6529], [-122.1346, 38.6526], [-122.1345, 38.6509], [-122.1335, 38.6512], [-122.1335, 38.652], [-122.1332, 38.6512], [-122.1325, 38.6515], [-122.1329, 38.6529]], [[-122.1342, 38.652], [-122.1335, 38.6523], [-122.1335, 38.652], [-122.1342, 38.652]]], [[[-122.1321, 38.6513], [-122.1325, 38.651], [-122.1321, 38.651], [-122.1321, 38.6513]]], [[[-122.1277, 38.6516], [-122.1273, 38.6508], [-122.1266, 38.6508], [-122.127, 38.6516], [-122.1277, 38.6516]]], [[[-122.1249, 38.6519], [-122.1263, 38.6511], [-122.1245, 38.6508], [-122.1249, 38.6519]]], [[[-122.1328, 38.651], [-122.1332, 38.6507], [-122.1328, 38.6507], [-122.1328, 38.651]]], [[[-122.1256, 38.6508], [-122.1259, 38.6506], [-122.1256, 38.6506], [-122.1256, 38.6508]]], [[[-122.1297, 38.6505], [-122.13, 38.6502], [-122.1297, 38.6502], [-122.1297, 38.6505]]], [[[-122.1356, 38.6517], [-122.1352, 38.6498], [-122.1342, 38.6499], [-122.1338, 38.6507], [-122.1345, 38.6504], [-122.1356, 38.6517]]], [[[-122.1293, 38.6502], [-122.1297, 38.6499], [-122.1293, 38.65], [-122.1293, 38.6502]]], [[[-122.1297, 38.6499], [-122.13, 38.6497], [-122.1297, 38.6497], [-122.1297, 38.6499]]], [[[-122.1293, 38.6497], [-122.1297, 38.6494], [-122.1293, 38.6494], [-122.1293, 38.6497]]], [[[-122.1297, 38.651], [-122.1297, 38.6505], [-122.1293, 38.6502], [-122.1287, 38.6502], [-122.1272, 38.6489], [-122.1255, 38.6497], [-122.1263, 38.6508], [-122.1287, 38.6505], [-122.1297, 38.651]], [[-122.1272, 38.6494], [-122.1269, 38.6503], [-122.1269, 38.6495], [-122.1272, 38.6494]]], [[[-122.1293, 38.6494], [-122.1293, 38.6486], [-122.1283, 38.6486], [-122.1283, 38.6492], [-122.1293, 38.6494]]], [[[-122.1259, 38.6489], [-122.1265, 38.6487], [-122.1258, 38.6487], [-122.1259, 38.6489]]], [[[-122.1341, 38.6482], [-122.1345, 38.648], [-122.1341, 38.648], [-122.1341, 38.6482]]], [[[-122.1345, 38.648], [-122.1358, 38.6474], [-122.1344, 38.6474], [-122.1345, 38.648]]], [[[-122.1213, 38.6469], [-122.1216, 38.6466], [-122.1213, 38.6466], [-122.1213, 38.6469]]], [[[-122.1341, 38.648], [-122.1341, 38.6474], [-122.1358, 38.6466], [-122.1341, 38.6469], [-122.1337, 38.6456], [-122.133, 38.6456], [-122.1323, 38.6467], [-122.1341, 38.648]]], [[[-122.1358, 38.6463], [-122.1358, 38.6453], [-122.1354, 38.6453], [-122.1347, 38.6461], [-122.1358, 38.6463]]], [[[-122.1337, 38.6456], [-122.134, 38.6453], [-122.1337, 38.6453], [-122.1337, 38.6456]]], [[[-122.1354, 38.6453], [-122.1347, 38.6447], [-122.134, 38.645], [-122.134, 38.6453], [-122.1354, 38.6453]]], [[[-122.1354, 38.645], [-122.1357, 38.6447], [-122.1354, 38.6447], [-122.1354, 38.645]]], [[[-122.1326, 38.6445], [-122.133, 38.6442], [-122.1326, 38.6442], [-122.1326, 38.6445]]], [[[-122.135, 38.6439], [-122.1354, 38.6442], [-122.1357, 38.6439], [-122.135, 38.6439]]], [[[-122.1333, 38.6434], [-122.1336, 38.6431], [-122.1333, 38.6431], [-122.1333, 38.6434]]], [[[-122.1347, 38.6439], [-122.1357, 38.6436], [-122.135, 38.6428], [-122.134, 38.6431], [-122.1347, 38.6439]]], [[[-122.1353, 38.6431], [-122.1357, 38.6428], [-122.1353, 38.6428], [-122.1353, 38.6431]]], [[[-122.1336, 38.6431], [-122.134, 38.6429], [-122.1336, 38.6429], [-122.1336, 38.6431]]], [[[-122.1353, 38.6426], [-122.1357, 38.6423], [-122.1353, 38.6423], [-122.1353, 38.6426]]], [[[-122.135, 38.6426], [-122.1346, 38.6418], [-122.1332, 38.6421], [-122.1333, 38.6423], [-122.135, 38.6426]]], [[[-122.1329, 38.6421], [-122.1332, 38.6418], [-122.1329, 38.6418], [-122.1329, 38.6421]]], [[[-122.1315, 38.6421], [-122.1319, 38.6418], [-122.1315, 38.6418], [-122.1315, 38.6421]]], [[[-122.1163, 38.6424], [-122.1167, 38.6421], [-122.1163, 38.6421], [-122.1163, 38.6424]]], [[[-122.1326, 38.6418], [-122.1329, 38.6415], [-122.1325, 38.6415], [-122.1326, 38.6418]]], [[[-122.1332, 38.6415], [-122.1336, 38.6412], [-122.1332, 38.6412], [-122.1332, 38.6415]]], [[[-122.1322, 38.6418], [-122.1325, 38.6413], [-122.1308, 38.6407], [-122.1308, 38.6413], [-122.1322, 38.6418]]], [[[-122.1304, 38.6408], [-122.1308, 38.6402], [-122.1304, 38.6402], [-122.1304, 38.6408]]], [[[-122.1325, 38.6394], [-122.1328, 38.6391], [-122.1325, 38.6391], [-122.1325, 38.6394]]], [[[-122.1752, 38.6375], [-122.1756, 38.637], [-122.1752, 38.637], [-122.1752, 38.6375]]], [[[-122.1745, 38.637], [-122.1749, 38.6367], [-122.1745, 38.6367], [-122.1745, 38.637]]], [[[-122.1352, 38.6369], [-122.1355, 38.6366], [-122.1352, 38.6366], [-122.1352, 38.6369]]], [[[-122.1159, 38.6372], [-122.1162, 38.637], [-122.1158, 38.637], [-122.1159, 38.6372]]], [[[-122.1741, 38.6359], [-122.1745, 38.6357], [-122.1741, 38.6357], [-122.1741, 38.6359]]], [[[-122.1734, 38.6357], [-122.1738, 38.6354], [-122.1734, 38.6354], [-122.1734, 38.6357]]], [[[-122.1758, 38.6351], [-122.1762, 38.6348], [-122.1758, 38.6348], [-122.1758, 38.6351]]], [[[-122.1303, 38.6359], [-122.1313, 38.6356], [-122.1323, 38.6348], [-122.1299, 38.6351], [-122.1306, 38.6354], [-122.1303, 38.6359]], [[-122.1313, 38.6353], [-122.131, 38.6356], [-122.131, 38.6353], [-122.1313, 38.6353]]], [[[-122.1141, 38.6354], [-122.1144, 38.6351], [-122.1141, 38.6351], [-122.1141, 38.6354]]], [[[-122.1289, 38.6346], [-122.1292, 38.634], [-122.1289, 38.634], [-122.1289, 38.6346]]], [[[-122.1299, 38.6343], [-122.1306, 38.634], [-122.1302, 38.6335], [-122.1296, 38.6338], [-122.1299, 38.6343]]], [[[-122.1296, 38.6335], [-122.1299, 38.6332], [-122.1295, 38.6332], [-122.1296, 38.6335]]], [[[-122.1289, 38.6335], [-122.1288, 38.633], [-122.1282, 38.633], [-122.1282, 38.6332], [-122.1289, 38.6335]]], [[[-122.1323, 38.6337], [-122.1323, 38.6329], [-122.1309, 38.6324], [-122.132, 38.6332], [-122.1316, 38.6337], [-122.1323, 38.6337]]], [[[-122.1278, 38.6322], [-122.1285, 38.6319], [-122.1278, 38.6319], [-122.1278, 38.6322]]], [[[-122.1343, 38.6318], [-122.1347, 38.6315], [-122.1343, 38.6315], [-122.1343, 38.6318]]], [[[-122.1347, 38.6315], [-122.135, 38.631], [-122.1347, 38.631], [-122.1347, 38.6315]]], [[[-122.1591, 38.6305], [-122.1595, 38.6303], [-122.1591, 38.6303], [-122.1591, 38.6305]]], [[[-122.1588, 38.6303], [-122.1591, 38.63], [-122.1588, 38.63], [-122.1588, 38.6303]]], [[[-122.1584, 38.63], [-122.1588, 38.6295], [-122.1584, 38.6295], [-122.1584, 38.63]]], [[[-122.1577, 38.6295], [-122.1581, 38.6289], [-122.1577, 38.6289], [-122.1577, 38.6295]]], [[[-122.1601, 38.6289], [-122.1605, 38.6286], [-122.1601, 38.6286], [-122.1601, 38.6289]]], [[[-122.1581, 38.6289], [-122.1584, 38.6287], [-122.1581, 38.6287], [-122.1581, 38.6289]]], [[[-122.1619, 38.6289], [-122.1622, 38.6283], [-122.1618, 38.6283], [-122.1619, 38.6289]]], [[[-122.1577, 38.6287], [-122.158, 38.6284], [-122.1577, 38.6284], [-122.1577, 38.6287]]], [[[-122.1622, 38.628], [-122.1625, 38.6278], [-122.1622, 38.6278], [-122.1622, 38.628]]], [[[-122.1611, 38.6281], [-122.1618, 38.6278], [-122.1611, 38.6278], [-122.1611, 38.6281]]], [[[-122.1577, 38.6276], [-122.158, 38.6273], [-122.1577, 38.6273], [-122.1577, 38.6276]]], [[[-122.1439, 38.6278], [-122.1421, 38.6273], [-122.1404, 38.6276], [-122.1404, 38.6279], [-122.1439, 38.6278]]], [[[-122.1622, 38.6272], [-122.1628, 38.627], [-122.1621, 38.6267], [-122.1622, 38.6272]]], [[[-122.167, 38.6269], [-122.1673, 38.6266], [-122.167, 38.6266], [-122.167, 38.6269]]], [[[-122.1663, 38.6269], [-122.1666, 38.6266], [-122.1663, 38.6266], [-122.1663, 38.6269]]], [[[-122.1611, 38.627], [-122.1614, 38.6267], [-122.1611, 38.6267], [-122.1611, 38.627]]], [[[-122.1646, 38.6267], [-122.1649, 38.6264], [-122.1645, 38.6264], [-122.1646, 38.6267]]], [[[-122.1594, 38.6267], [-122.1597, 38.6265], [-122.1594, 38.6265], [-122.1594, 38.6267]]], [[[-122.1584, 38.6281], [-122.1597, 38.6275], [-122.1587, 38.6262], [-122.158, 38.6265], [-122.1587, 38.627], [-122.1584, 38.6281]]], [[[-122.1666, 38.6266], [-122.1669, 38.6261], [-122.1666, 38.6261], [-122.1666, 38.6266]]], [[[-122.1259, 38.6268], [-122.1262, 38.6265], [-122.1259, 38.6265], [-122.1259, 38.6268]]], [[[-122.1635, 38.6259], [-122.1638, 38.6256], [-122.1635, 38.6256], [-122.1635, 38.6259]]], [[[-122.1262, 38.6265], [-122.1269, 38.626], [-122.1262, 38.626], [-122.1262, 38.6265]]], [[[-122.1607, 38.6256], [-122.1611, 38.6254], [-122.1607, 38.6254], [-122.1607, 38.6256]]], [[[-122.1656, 38.6264], [-122.1659, 38.6253], [-122.1652, 38.625], [-122.1645, 38.6256], [-122.1649, 38.6264], [-122.1656, 38.6264]], [[-122.1656, 38.6256], [-122.1652, 38.6261], [-122.1652, 38.6256], [-122.1656, 38.6256]]], [[[-122.1631, 38.6256], [-122.1631, 38.6251], [-122.1621, 38.6253], [-122.1621, 38.6256], [-122.1631, 38.6256]]], [[[-122.1604, 38.6254], [-122.1607, 38.6251], [-122.1604, 38.6251], [-122.1604, 38.6254]]], [[[-122.1597, 38.6262], [-122.1597, 38.6257], [-122.1586, 38.6249], [-122.1583, 38.6257], [-122.1597, 38.6262]]], [[[-122.1642, 38.625], [-122.1645, 38.6248], [-122.1642, 38.6248], [-122.1642, 38.625]]], [[[-122.1631, 38.6251], [-122.1635, 38.6248], [-122.1631, 38.6248], [-122.1631, 38.6251]]], [[[-122.1324, 38.6256], [-122.1328, 38.6253], [-122.1324, 38.6253], [-122.1324, 38.6256]]], [[[-122.1597, 38.6248], [-122.16, 38.6246], [-122.1597, 38.6246], [-122.1597, 38.6248]]], [[[-122.1231, 38.6255], [-122.1234, 38.6252], [-122.1231, 38.6252], [-122.1231, 38.6255]]], [[[-122.1617, 38.6251], [-122.1617, 38.6245], [-122.161, 38.6243], [-122.1607, 38.6248], [-122.1617, 38.6251]]], [[[-122.1655, 38.6247], [-122.1652, 38.6242], [-122.1645, 38.6242], [-122.1645, 38.6248], [-122.1655, 38.6247]]], [[[-122.131, 38.6254], [-122.1314, 38.6248], [-122.131, 38.6248], [-122.131, 38.6254]]], [[[-122.1328, 38.6251], [-122.1331, 38.6248], [-122.1328, 38.6248], [-122.1328, 38.6251]]], [[[-122.1652, 38.6242], [-122.1655, 38.6239], [-122.1652, 38.6239], [-122.1652, 38.6242]]], [[[-122.1214, 38.625], [-122.1217, 38.6247], [-122.1214, 38.6247], [-122.1214, 38.625]]], [[[-122.1317, 38.6248], [-122.1328, 38.6248], [-122.1327, 38.6242], [-122.1317, 38.6248]]], [[[-122.1655, 38.6239], [-122.1658, 38.6237], [-122.1655, 38.6237], [-122.1655, 38.6239]]], [[[-122.1631, 38.624], [-122.1634, 38.6237], [-122.1631, 38.6237], [-122.1631, 38.624]]], [[[-122.1369, 38.6244], [-122.1376, 38.6242], [-122.1369, 38.6242], [-122.1369, 38.6244]]], [[[-122.1355, 38.6247], [-122.1362, 38.6242], [-122.1355, 38.6239], [-122.1355, 38.6247]]], [[[-122.1634, 38.6237], [-122.1641, 38.6234], [-122.1634, 38.6234], [-122.1634, 38.6237]]], [[[-122.1379, 38.6242], [-122.1382, 38.6239], [-122.1379, 38.6239], [-122.1379, 38.6242]]], [[[-122.1365, 38.6242], [-122.1369, 38.6239], [-122.1365, 38.6239], [-122.1365, 38.6242]]], [[[-122.1372, 38.6239], [-122.1375, 38.6236], [-122.1372, 38.6236], [-122.1372, 38.6239]]], [[[-122.1234, 38.6241], [-122.1238, 38.6239], [-122.1234, 38.6239], [-122.1234, 38.6241]]], [[[-122.1365, 38.6239], [-122.1368, 38.6228], [-122.1351, 38.6231], [-122.1351, 38.6237], [-122.1365, 38.6239]]], [[[-122.141, 38.623], [-122.1413, 38.6227], [-122.141, 38.6228], [-122.141, 38.623]]], [[[-122.1372, 38.6231], [-122.1375, 38.6228], [-122.1372, 38.6228], [-122.1372, 38.6231]]], [[[-122.1241, 38.6236], [-122.1248, 38.623], [-122.1241, 38.6228], [-122.1241, 38.6236]]], [[[-122.123, 38.6233], [-122.123, 38.6228], [-122.1223, 38.6228], [-122.1224, 38.6231], [-122.123, 38.6233]]], [[[-122.1341, 38.6229], [-122.1344, 38.6226], [-122.1341, 38.6226], [-122.1341, 38.6229]]], [[[-122.1286, 38.623], [-122.1289, 38.6227], [-122.1286, 38.6227], [-122.1286, 38.623]]], [[[-122.139, 38.6255], [-122.1406, 38.6233], [-122.1406, 38.6222], [-122.1393, 38.6241], [-122.1376, 38.6247], [-122.1379, 38.6255], [-122.139, 38.6255]], [[-122.1386, 38.625], [-122.1383, 38.6252], [-122.1383, 38.625], [-122.1386, 38.625]]], [[[-122.121, 38.625], [-122.121, 38.6242], [-122.1231, 38.6247], [-122.1231, 38.6241], [-122.1217, 38.6239], [-122.1224, 38.6236], [-122.122, 38.6225], [-122.1199, 38.6234], [-122.121, 38.625]]], [[[-122.1375, 38.6228], [-122.1382, 38.6223], [-122.1379, 38.6223], [-122.1375, 38.6228]]], [[[-122.1351, 38.6229], [-122.1358, 38.6226], [-122.1351, 38.6223], [-122.1351, 38.6229]]], [[[-122.1334, 38.6229], [-122.1337, 38.6223], [-122.1327, 38.6224], [-122.1327, 38.6226], [-122.1334, 38.6229]]], [[[-122.1282, 38.6227], [-122.1285, 38.6224], [-122.1282, 38.6224], [-122.1282, 38.6227]]], [[[-122.131, 38.6245], [-122.131, 38.6237], [-122.1334, 38.624], [-122.1341, 38.6231], [-122.1306, 38.6235], [-122.1313, 38.6224], [-122.1296, 38.6224], [-122.131, 38.6245]]], [[[-122.1255, 38.6236], [-122.1258, 38.6225], [-122.1251, 38.6222], [-122.1248, 38.6236], [-122.1255, 38.6236]]], [[[-122.1413, 38.6222], [-122.1416, 38.6219], [-122.1413, 38.6219], [-122.1413, 38.6222]]], [[[-122.122, 38.6225], [-122.1223, 38.6223], [-122.122, 38.6223], [-122.122, 38.6225]]], [[[-122.1368, 38.622], [-122.1375, 38.6217], [-122.1368, 38.6217], [-122.1368, 38.622]]], [[[-122.1323, 38.6221], [-122.133, 38.6218], [-122.1323, 38.6218], [-122.1323, 38.6221]]], [[[-122.1309, 38.6221], [-122.1313, 38.6218], [-122.1309, 38.6218], [-122.1309, 38.6221]]], [[[-122.1299, 38.6221], [-122.1303, 38.6219], [-122.1299, 38.6219], [-122.1299, 38.6221]]], [[[-122.1261, 38.6219], [-122.1265, 38.6222], [-122.1268, 38.6219], [-122.1261, 38.6219]]], [[[-122.1227, 38.6223], [-122.123, 38.622], [-122.1227, 38.622], [-122.1227, 38.6223]]], [[[-122.1385, 38.6223], [-122.1403, 38.6222], [-122.1399, 38.6214], [-122.1385, 38.6223]]], [[[-122.1282, 38.6224], [-122.1292, 38.6221], [-122.1292, 38.6216], [-122.1271, 38.6216], [-122.1282, 38.6224]]], [[[-122.1296, 38.6219], [-122.1299, 38.6216], [-122.1296, 38.6216], [-122.1296, 38.6219]]], [[[-122.1389, 38.6214], [-122.1392, 38.6212], [-122.1389, 38.6212], [-122.1389, 38.6214]]], [[[-122.1316, 38.6213], [-122.132, 38.6216], [-122.1327, 38.6213], [-122.1316, 38.6213]]], [[[-122.1292, 38.6216], [-122.1295, 38.6213], [-122.1292, 38.6213], [-122.1292, 38.6216]]], [[[-122.1327, 38.6213], [-122.1333, 38.621], [-122.1326, 38.621], [-122.1327, 38.6213]]], [[[-122.1702, 38.6203], [-122.1706, 38.6201], [-122.1702, 38.6201], [-122.1702, 38.6203]]], [[[-122.1234, 38.6228], [-122.1241, 38.6222], [-122.1247, 38.6225], [-122.1251, 38.622], [-122.1261, 38.6219], [-122.1261, 38.6211], [-122.1251, 38.6217], [-122.1254, 38.6209], [-122.1247, 38.6209], [-122.1247, 38.6217], [-122.123, 38.6223], [-122.1234, 38.6228]]], [[[-122.1261, 38.6209], [-122.1261, 38.6203], [-122.125, 38.6203], [-122.125, 38.6206], [-122.1261, 38.6209]]], [[[-122.1261, 38.6203], [-122.1264, 38.62], [-122.1261, 38.62], [-122.1261, 38.6203]]], [[[-122.1185, 38.6204], [-122.1185, 38.6199], [-122.1178, 38.6199], [-122.1178, 38.6202], [-122.1185, 38.6204]]], [[[-122.126, 38.6192], [-122.1264, 38.619], [-122.126, 38.619], [-122.126, 38.6192]]], [[[-122.1243, 38.6182], [-122.1246, 38.6179], [-122.1243, 38.6179], [-122.1243, 38.6182]]], [[[-122.1249, 38.6174], [-122.1253, 38.6171], [-122.1249, 38.6171], [-122.1249, 38.6174]]], [[[-122.1215, 38.6172], [-122.1225, 38.6169], [-122.1215, 38.6169], [-122.1215, 38.6172]]], [[[-122.1191, 38.6169], [-122.1194, 38.6167], [-122.1191, 38.6167], [-122.1191, 38.6169]]], [[[-122.1236, 38.6168], [-122.1235, 38.616], [-122.1232, 38.616], [-122.1229, 38.6169], [-122.1236, 38.6168]]], [[[-122.126, 38.6163], [-122.1263, 38.616], [-122.1259, 38.616], [-122.126, 38.6163]]], [[[-122.1197, 38.6158], [-122.1201, 38.6156], [-122.1197, 38.6156], [-122.1197, 38.6158]]], [[[-122.118, 38.6159], [-122.1183, 38.6156], [-122.118, 38.6156], [-122.118, 38.6159]]], [[[-122.1201, 38.6156], [-122.1204, 38.6153], [-122.1201, 38.6153], [-122.1201, 38.6156]]], [[[-122.1176, 38.6151], [-122.1183, 38.6153], [-122.1183, 38.6148], [-122.1176, 38.6151]]], [[[-122.1207, 38.615], [-122.1214, 38.615], [-122.1221, 38.6144], [-122.1207, 38.615]]], [[[-122.1183, 38.6148], [-122.119, 38.6145], [-122.1183, 38.6145], [-122.1183, 38.6148]]], [[[-122.1173, 38.6148], [-122.118, 38.6145], [-122.1173, 38.6143], [-122.1173, 38.6148]]], [[[-122.119, 38.6145], [-122.1193, 38.6142], [-122.119, 38.6142], [-122.119, 38.6145]]], [[[-122.1262, 38.6141], [-122.1262, 38.6136], [-122.1255, 38.6136], [-122.1255, 38.6138], [-122.1262, 38.6141]]], [[[-122.1224, 38.6139], [-122.1228, 38.6136], [-122.1224, 38.6136], [-122.1224, 38.6139]]], [[[-122.1252, 38.6136], [-122.1255, 38.6133], [-122.1252, 38.6133], [-122.1252, 38.6136]]], [[[-122.1255, 38.6133], [-122.1262, 38.6128], [-122.1259, 38.6128], [-122.1255, 38.6133]]], [[[-122.1731, 38.6117], [-122.1734, 38.6114], [-122.1731, 38.6114], [-122.1731, 38.6117]]], [[[-122.1258, 38.6125], [-122.1262, 38.6122], [-122.1258, 38.6122], [-122.1258, 38.6125]]], [[[-122.171, 38.6114], [-122.1713, 38.6111], [-122.171, 38.6111], [-122.171, 38.6114]]], [[[-122.1731, 38.6111], [-122.1734, 38.6108], [-122.1731, 38.6108], [-122.1731, 38.6111]]], [[[-122.1258, 38.612], [-122.1262, 38.6117], [-122.1258, 38.6117], [-122.1258, 38.612]]], [[[-122.1248, 38.6114], [-122.1251, 38.6112], [-122.1248, 38.6112], [-122.1248, 38.6114]]], [[[-122.1244, 38.6112], [-122.1248, 38.6109], [-122.1244, 38.6109], [-122.1244, 38.6112]]], [[[-122.1241, 38.6109], [-122.1244, 38.6106], [-122.1241, 38.6106], [-122.1241, 38.6109]]], [[[-122.1254, 38.6106], [-122.1258, 38.6103], [-122.1254, 38.6103], [-122.1254, 38.6106]]], [[[-122.1258, 38.6098], [-122.1261, 38.6092], [-122.1258, 38.6093], [-122.1258, 38.6098]]], [[[-122.1247, 38.6103], [-122.1258, 38.6101], [-122.1258, 38.6098], [-122.1254, 38.6098], [-122.1254, 38.6093], [-122.1244, 38.609], [-122.1247, 38.6103]]], [[[-122.152, 38.6088], [-122.1523, 38.6085], [-122.1519, 38.6085], [-122.152, 38.6088]]], [[[-122.1513, 38.6088], [-122.1516, 38.6085], [-122.1513, 38.6085], [-122.1513, 38.6088]]], [[[-122.1516, 38.6085], [-122.1519, 38.6083], [-122.1516, 38.6083], [-122.1516, 38.6085]]], [[[-122.1291, 38.607], [-122.1295, 38.6068], [-122.1291, 38.6068], [-122.1291, 38.607]]], [[[-122.1271, 38.6073], [-122.1274, 38.6065], [-122.1267, 38.6065], [-122.1271, 38.6073]]], [[[-122.1277, 38.6068], [-122.1281, 38.6065], [-122.1277, 38.6065], [-122.1277, 38.6068]]], [[[-122.1681, 38.6055], [-122.1684, 38.6053], [-122.1681, 38.6053], [-122.1681, 38.6055]]], [[[-122.1298, 38.6062], [-122.1301, 38.6059], [-122.1298, 38.6059], [-122.1298, 38.6062]]], [[[-122.1277, 38.6062], [-122.1281, 38.606], [-122.1277, 38.606], [-122.1277, 38.6062]]], [[[-122.1256, 38.6057], [-122.1267, 38.606], [-122.1267, 38.6055], [-122.1256, 38.6057]]], [[[-122.1574, 38.606], [-122.1574, 38.6052], [-122.1581, 38.6052], [-122.1577, 38.6046], [-122.1567, 38.6055], [-122.1574, 38.606]]], [[[-122.1232, 38.6058], [-122.1239, 38.6055], [-122.1232, 38.6052], [-122.1232, 38.6058]]], [[[-122.1267, 38.6055], [-122.127, 38.6052], [-122.1267, 38.6052], [-122.1267, 38.6055]]], [[[-122.1242, 38.605], [-122.1246, 38.6047], [-122.1242, 38.6047], [-122.1242, 38.605]]], [[[-122.1277, 38.6049], [-122.128, 38.6044], [-122.1277, 38.6044], [-122.1277, 38.6049]]], [[[-122.1298, 38.6046], [-122.1301, 38.6043], [-122.1297, 38.6043], [-122.1298, 38.6046]]], [[[-122.1246, 38.6044], [-122.1249, 38.6041], [-122.1246, 38.6041], [-122.1246, 38.6044]]], [[[-122.1466, 38.6038], [-122.147, 38.6035], [-122.1466, 38.6035], [-122.1466, 38.6038]]], [[[-122.1683, 38.6031], [-122.1687, 38.6028], [-122.1683, 38.6028], [-122.1683, 38.6031]]], [[[-122.1446, 38.6035], [-122.1445, 38.603], [-122.1439, 38.603], [-122.1439, 38.6033], [-122.1446, 38.6035]]], [[[-122.1466, 38.6032], [-122.1473, 38.6029], [-122.1466, 38.6029], [-122.1466, 38.6032]]], [[[-122.1204, 38.6037], [-122.1214, 38.6034], [-122.1204, 38.6034], [-122.1204, 38.6037]]], [[[-122.1463, 38.603], [-122.1466, 38.6027], [-122.1463, 38.6027], [-122.1463, 38.603]]], [[[-122.1249, 38.6033], [-122.1252, 38.6031], [-122.1249, 38.6031], [-122.1249, 38.6033]]], [[[-122.1239, 38.6033], [-122.1242, 38.6031], [-122.1238, 38.6031], [-122.1239, 38.6033]]], [[[-122.1221, 38.6039], [-122.1225, 38.6034], [-122.1232, 38.6036], [-122.1235, 38.6031], [-122.1221, 38.6031], [-122.1215, 38.6037], [-122.1221, 38.6039]]], [[[-122.1445, 38.6027], [-122.1452, 38.6027], [-122.1456, 38.6024], [-122.1445, 38.6027]]], [[[-122.1238, 38.6028], [-122.1242, 38.6023], [-122.1238, 38.6023], [-122.1238, 38.6028]]], [[[-122.1211, 38.6026], [-122.1221, 38.6023], [-122.1211, 38.6023], [-122.1211, 38.6026]]], [[[-122.1193, 38.6023], [-122.1193, 38.6018], [-122.1186, 38.6018], [-122.1186, 38.6021], [-122.1193, 38.6023]]], [[[-122.1207, 38.6029], [-122.1204, 38.6018], [-122.1197, 38.6018], [-122.1197, 38.6026], [-122.1207, 38.6029]]], [[[-122.1741, 38.6008], [-122.1745, 38.6006], [-122.1741, 38.6006], [-122.1741, 38.6008]]], [[[-122.1214, 38.6018], [-122.1217, 38.6015], [-122.1214, 38.6015], [-122.1214, 38.6018]]], [[[-122.1204, 38.6018], [-122.121, 38.6015], [-122.1204, 38.6015], [-122.1204, 38.6018]]], [[[-122.1224, 38.6018], [-122.1224, 38.6012], [-122.1217, 38.6012], [-122.1217, 38.6015], [-122.1224, 38.6018]]], [[[-122.1241, 38.6012], [-122.1245, 38.6009], [-122.1241, 38.6009], [-122.1241, 38.6012]]], [[[-122.1376, 38.6009], [-122.1389, 38.6004], [-122.1376, 38.6007], [-122.1376, 38.6009]]], [[[-122.1734, 38.6], [-122.1741, 38.5995], [-122.1738, 38.5995], [-122.1734, 38.6]]], [[[-122.12, 38.601], [-122.1203, 38.6004], [-122.12, 38.6004], [-122.12, 38.601]]], [[[-122.1741, 38.5995], [-122.1744, 38.5992], [-122.1741, 38.5992], [-122.1741, 38.5995]]], [[[-122.1417, 38.6001], [-122.142, 38.5998], [-122.1417, 38.5998], [-122.1417, 38.6001]]], [[[-122.1413, 38.5998], [-122.1417, 38.5995], [-122.1413, 38.5995], [-122.1413, 38.5998]]], [[[-122.1355, 38.5999], [-122.1358, 38.5996], [-122.1355, 38.5996], [-122.1355, 38.5999]]], [[[-122.1348, 38.5999], [-122.1351, 38.5996], [-122.1348, 38.5996], [-122.1348, 38.5999]]], [[[-122.1189, 38.6002], [-122.1193, 38.5999], [-122.1189, 38.5999], [-122.1189, 38.6002]]], [[[-122.1213, 38.5999], [-122.1217, 38.5993], [-122.1213, 38.5993], [-122.1213, 38.5999]]], [[[-122.121, 38.5996], [-122.1206, 38.5991], [-122.1199, 38.5991], [-122.1203, 38.5996], [-122.121, 38.5996]]], [[[-122.1734, 38.5984], [-122.1737, 38.5981], [-122.1734, 38.5981], [-122.1734, 38.5984]]], [[[-122.1251, 38.5993], [-122.1255, 38.599], [-122.1251, 38.599], [-122.1251, 38.5993]]], [[[-122.1403, 38.5987], [-122.1406, 38.5985], [-122.1403, 38.5985], [-122.1403, 38.5987]]], [[[-122.1255, 38.599], [-122.1258, 38.5982], [-122.1254, 38.5982], [-122.1255, 38.599]]], [[[-122.1406, 38.5982], [-122.1409, 38.5979], [-122.1406, 38.5979], [-122.1406, 38.5982]]], [[[-122.1434, 38.5979], [-122.1437, 38.5976], [-122.1434, 38.5976], [-122.1434, 38.5979]]], [[[-122.1361, 38.5977], [-122.1365, 38.598], [-122.1368, 38.5977], [-122.1361, 38.5977]]], [[[-122.122, 38.5983], [-122.1223, 38.598], [-122.122, 38.598], [-122.122, 38.5983]]], [[[-122.1427, 38.5976], [-122.143, 38.5973], [-122.1427, 38.5973], [-122.1427, 38.5976]]], [[[-122.1216, 38.598], [-122.122, 38.5977], [-122.1216, 38.5977], [-122.1216, 38.598]]], [[[-122.1447, 38.5965], [-122.145, 38.5962], [-122.1447, 38.5962], [-122.1447, 38.5965]]], [[[-122.1395, 38.5963], [-122.1406, 38.5966], [-122.1405, 38.596], [-122.1395, 38.5963]]], [[[-122.135, 38.5961], [-122.1354, 38.5959], [-122.135, 38.5959], [-122.135, 38.5961]]], [[[-122.1402, 38.5958], [-122.1405, 38.5955], [-122.1402, 38.5955], [-122.1402, 38.5958]]], [[[-122.1454, 38.5959], [-122.1454, 38.5954], [-122.1457, 38.5951], [-122.1447, 38.5954], [-122.1454, 38.5959]]], [[[-122.1357, 38.5956], [-122.136, 38.5953], [-122.1357, 38.5953], [-122.1357, 38.5956]]], [[[-122.1419, 38.5965], [-122.1416, 38.5957], [-122.1433, 38.5954], [-122.1429, 38.5949], [-122.1412, 38.5952], [-122.1409, 38.5963], [-122.1419, 38.5965]]], [[[-122.1402, 38.595], [-122.1402, 38.5944], [-122.1391, 38.5944], [-122.1391, 38.5947], [-122.1402, 38.595]]], [[[-122.1236, 38.595], [-122.124, 38.5947], [-122.1236, 38.5947], [-122.1236, 38.595]]], [[[-122.1222, 38.5947], [-122.1229, 38.5945], [-122.1222, 38.5945], [-122.1222, 38.5947]]], [[[-122.1401, 38.5942], [-122.1405, 38.5939], [-122.1401, 38.5939], [-122.1401, 38.5942]]], [[[-122.1346, 38.5942], [-122.135, 38.594], [-122.1346, 38.594], [-122.1346, 38.5942]]], [[[-122.1398, 38.5939], [-122.1401, 38.5936], [-122.1398, 38.5936], [-122.1398, 38.5939]]], [[[-122.1412, 38.5931], [-122.1415, 38.5928], [-122.1411, 38.5928], [-122.1412, 38.5931]]], [[[-122.1367, 38.5929], [-122.137, 38.5926], [-122.1367, 38.5926], [-122.1367, 38.5929]]], [[[-122.1384, 38.5923], [-122.1387, 38.5915], [-122.1383, 38.5915], [-122.1384, 38.5923]]], [[[-122.1345, 38.5913], [-122.1349, 38.591], [-122.1345, 38.591], [-122.1345, 38.5913]]], [[[-122.1356, 38.5902], [-122.1359, 38.5899], [-122.1355, 38.5899], [-122.1356, 38.5902]]], [[[-122.1341, 38.5894], [-122.1348, 38.5891], [-122.1341, 38.5891], [-122.1341, 38.5894]]], [[[-122.1341, 38.5878], [-122.1344, 38.5875], [-122.1341, 38.5875], [-122.1341, 38.5878]]], [[[-122.1364, 38.5826], [-122.1364, 38.5821], [-122.1353, 38.5821], [-122.1353, 38.5824], [-122.1364, 38.5826]]], [[[-122.1356, 38.5797], [-122.1359, 38.5794], [-122.1356, 38.5794], [-122.1356, 38.5797]]], [[[-122.1342, 38.5791], [-122.1346, 38.5794], [-122.1349, 38.5791], [-122.1342, 38.5791]]], [[[-122.1365, 38.575], [-122.1368, 38.5748], [-122.1365, 38.5748], [-122.1365, 38.575]]], [[[-122.1219, 38.5591], [-122.1222, 38.5588], [-122.1219, 38.5588], [-122.1219, 38.5591]]]]}, "properties": {"layer": "interior"}}, {"type": "Feature", "geometry": {"type": "MultiPolygon", "coordinates": [[[[-122.2259, 38.807], [-122.2262, 38.8067], [-122.2259, 38.8067], [-122.2259, 38.807]]], [[[-122.2183, 38.7855], [-122.2186, 38.7852], [-122.2183, 38.7852], [-122.2183, 38.7855]]], [[[-122.2162, 38.7845], [-122.2169, 38.7842], [-122.2162, 38.7842], [-122.2162, 38.7845]]], [[[-122.2158, 38.7842], [-122.2162, 38.7839], [-122.2158, 38.7839], [-122.2158, 38.7842]]], [[[-122.2172, 38.7839], [-122.2176, 38.7836], [-122.2172, 38.7836], [-122.2172, 38.7839]]], [[[-122.2153, 38.7785], [-122.2157, 38.7783], [-122.2153, 38.7783], [-122.2153, 38.7785]]], [[[-122.2207, 38.7741], [-122.2211, 38.7738], [-122.2207, 38.7738], [-122.2207, 38.7741]]], [[[-122.2121, 38.7397], [-122.2124, 38.7394], [-122.2121, 38.7394], [-122.2121, 38.7397]]], [[[-122.239, 38.7255], [-122.2393, 38.7252], [-122.239, 38.7252], [-122.239, 38.7255]]], [[[-122.2386, 38.7252], [-122.2389, 38.7249], [-122.2386, 38.7249], [-122.2386, 38.7252]]], [[[-122.1946, 38.7101], [-122.195, 38.7095], [-122.1946, 38.7095], [-122.1946, 38.7101]]], [[[-122.1938, 38.7068], [-122.1942, 38.7066], [-122.1938, 38.7066], [-122.1938, 38.7068]]], [[[-122.1935, 38.7066], [-122.1938, 38.7063], [-122.1935, 38.7063], [-122.1935, 38.7066]]], [[[-122.1934, 38.7036], [-122.1937, 38.7033], [-122.1934, 38.7033], [-122.1934, 38.7036]]], [[[-122.1913, 38.7031], [-122.1916, 38.7028], [-122.1913, 38.7028], [-122.1913, 38.7031]]], [[[-122.1854, 38.7027], [-122.1858, 38.7024], [-122.1854, 38.7024], [-122.1854, 38.7027]]], [[[-122.1785, 38.7006], [-122.1788, 38.7004], [-122.1784, 38.7004], [-122.1785, 38.7006]]], [[[-122.1863, 38.6986], [-122.187, 38.6983], [-122.1863, 38.6983], [-122.1863, 38.6986]]], [[[-122.187, 38.6981], [-122.1874, 38.6978], [-122.187, 38.6978], [-122.187, 38.6981]]], [[[-122.2161, 38.6878], [-122.2164, 38.6875], [-122.2161, 38.6875], [-122.2161, 38.6878]]], [[[-122.1577, 38.6773], [-122.1581, 38.677], [-122.1577, 38.677], [-122.1577, 38.6773]]], [[[-122.208, 38.6707], [-122.2086, 38.6704], [-122.208, 38.6704], [-122.208, 38.6707]]], [[[-122.1547, 38.6679], [-122.155, 38.6676], [-122.1547, 38.6676], [-122.1547, 38.6679]]], [[[-122.1307, 38.6629], [-122.1311, 38.6626], [-122.1307, 38.6626], [-122.1307, 38.6629]]], [[[-122.1369, 38.662], [-122.1373, 38.6617], [-122.1369, 38.6617], [-122.1369, 38.662]]], [[[-122.1397, 38.6614], [-122.14, 38.6611], [-122.1397, 38.6611], [-122.1397, 38.6614]]], [[[-122.14, 38.6611], [-122.1403, 38.6608], [-122.14, 38.6608], [-122.14, 38.6611]]], [[[-122.1372, 38.6612], [-122.1376, 38.6609], [-122.1372, 38.6609], [-122.1372, 38.6612]]], [[[-122.1472, 38.6604], [-122.1476, 38.6602], [-122.1472, 38.6602], [-122.1472, 38.6604]]], [[[-122.1386, 38.6609], [-122.14, 38.6603], [-122.1386, 38.6603], [-122.1386, 38.6609]]], [[[-122.1451, 38.6597], [-122.1455, 38.6594], [-122.1451, 38.6594], [-122.1451, 38.6597]]], [[[-122.1407, 38.6606], [-122.141, 38.6597], [-122.1396, 38.6592], [-122.14, 38.6603], [-122.1407, 38.6606]]], [[[-122.1403, 38.6592], [-122.1406, 38.6587], [-122.1403, 38.6587], [-122.1403, 38.6592]]], [[[-122.1354, 38.6582], [-122.1358, 38.6579], [-122.1354, 38.6579], [-122.1354, 38.6582]]], [[[-122.1368, 38.6577], [-122.1371, 38.6571], [-122.1368, 38.6571], [-122.1368, 38.6577]]], [[[-122.1392, 38.6573], [-122.1399, 38.6571], [-122.1392, 38.6571], [-122.1392, 38.6573]]], [[[-122.1354, 38.6574], [-122.1358, 38.6571], [-122.1354, 38.6571], [-122.1354, 38.6574]]], [[[-122.141, 38.6578], [-122.1427, 38.6573], [-122.1413, 38.6568], [-122.141, 38.6578]]], [[[-122.1364, 38.6571], [-122.1368, 38.6566], [-122.1364, 38.6566], [-122.1364, 38.6571]]], [[[-122.1337, 38.6566], [-122.134, 38.6563], [-122.1337, 38.6564], [-122.1337, 38.6566]]], [[[-122.1361, 38.6563], [-122.1364, 38.656], [-122.1361, 38.656], [-122.1361, 38.6563]]], [[[-122.134, 38.6563], [-122.1343, 38.6561], [-122.134, 38.6561], [-122.134, 38.6563]]], [[[-122.1392, 38.656], [-122.1395, 38.6557], [-122.1392, 38.6557], [-122.1392, 38.656]]], [[[-122.1333, 38.6561], [-122.134, 38.6558], [-122.1333, 38.6558], [-122.1333, 38.6561]]], [[[-122.1326, 38.6561], [-122.133, 38.6558], [-122.1326, 38.6558], [-122.1326, 38.6561]]], [[[-122.1399, 38.6557], [-122.1402, 38.6554], [-122.1398, 38.6554], [-122.1399, 38.6557]]], [[[-122.1364, 38.6558], [-122.1367, 38.6555], [-122.1364, 38.6555], [-122.1364, 38.6558]]], [[[-122.1357, 38.6558], [-122.1361, 38.6555], [-122.1357, 38.6555], [-122.1357, 38.6558]]], [[[-122.133, 38.6558], [-122.1333, 38.6556], [-122.1329, 38.6556], [-122.133, 38.6558]]], [[[-122.1392, 38.6554], [-122.1395, 38.6552], [-122.1391, 38.6552], [-122.1392, 38.6554]]], [[[-122.1374, 38.6555], [-122.1378, 38.6552], [-122.1374, 38.6552], [-122.1374, 38.6555]]], [[[-122.1391, 38.6549], [-122.1395, 38.6546], [-122.1391, 38.6546], [-122.1391, 38.6549]]], [[[-122.136, 38.655], [-122.1364, 38.6547], [-122.136, 38.6547], [-122.136, 38.655]]], [[[-122.1295, 38.6551], [-122.1298, 38.6548], [-122.1295, 38.6548], [-122.1295, 38.6551]]], [[[-122.1326, 38.6553], [-122.1329, 38.6545], [-122.1326, 38.6545], [-122.1326, 38.6553]]], [[[-122.1409, 38.6546], [-122.1412, 38.6543], [-122.1409, 38.6543], [-122.1409, 38.6546]]], [[[-122.1298, 38.6548], [-122.1302, 38.6545], [-122.1298, 38.6545], [-122.1298, 38.6548]]], [[[-122.1288, 38.6548], [-122.1295, 38.6545], [-122.1288, 38.6546], [-122.1288, 38.6548]]], [[[-122.1281, 38.6548], [-122.1284, 38.6546], [-122.1281, 38.6546], [-122.1281, 38.6548]]], [[[-122.1384, 38.6547], [-122.1391, 38.6541], [-122.1388, 38.6541], [-122.1384, 38.6547]]], [[[-122.127, 38.6546], [-122.1281, 38.6543], [-122.127, 38.6543], [-122.127, 38.6546]]], [[[-122.1439, 38.654], [-122.1443, 38.6537], [-122.1439, 38.6537], [-122.1439, 38.654]]], [[[-122.1412, 38.6543], [-122.1429, 38.6538], [-122.1412, 38.6541], [-122.1412, 38.6543]]], [[[-122.1391, 38.6541], [-122.1395, 38.6538], [-122.1391, 38.6538], [-122.1391, 38.6541]]], [[[-122.1284, 38.6543], [-122.1301, 38.654], [-122.1284, 38.6537], [-122.1284, 38.6543]]], [[[-122.1326, 38.6542], [-122.1325, 38.6534], [-122.1322, 38.6534], [-122.1319, 38.6542], [-122.1326, 38.6542]]], [[[-122.1298, 38.6526], [-122.1304, 38.6524], [-122.1297, 38.6524], [-122.1298, 38.6526]]], [[[-122.128, 38.6516], [-122.1283, 38.6513], [-122.128, 38.6513], [-122.128, 38.6516]]], [[[-122.1263, 38.6516], [-122.1266, 38.6514], [-122.1263, 38.6514], [-122.1263, 38.6516]]], [[[-122.1256, 38.6514], [-122.1263, 38.6511], [-122.1256, 38.6511], [-122.1256, 38.6514]]], [[[-122.1277, 38.6516], [-122.1273, 38.6508], [-122.1266, 38.6508], [-122.127, 38.6516], [-122.1277, 38.6516]]], [[[-122.1294, 38.651], [-122.1297, 38.6505], [-122.1293, 38.6505], [-122.1294, 38.651]]], [[[-122.1297, 38.6505], [-122.13, 38.6502], [-122.1297, 38.6502], [-122.1297, 38.6505]]], [[[-122.1293, 38.6502], [-122.1297, 38.6499], [-122.1293, 38.65], [-122.1293, 38.6502]]], [[[-122.1297, 38.6499], [-122.13, 38.6497], [-122.1297, 38.6497], [-122.1297, 38.6499]]], [[[-122.1293, 38.6497], [-122.1297, 38.6494], [-122.1293, 38.6494], [-122.1293, 38.6497]]], [[[-122.1214, 38.625], [-122.1217, 38.6247], [-122.1214, 38.6247], [-122.1214, 38.625]]], [[[-122.1355, 38.6247], [-122.1362, 38.6242], [-122.1355, 38.6239], [-122.1355, 38.6247]]], [[[-122.1365, 38.6242], [-122.1369, 38.6239], [-122.1365, 38.6239], [-122.1365, 38.6242]]], [[[-122.1362, 38.6239], [-122.1365, 38.6236], [-122.1362, 38.6236], [-122.1362, 38.6239]]], [[[-122.1358, 38.6237], [-122.1362, 38.6234], [-122.1358, 38.6234], [-122.1358, 38.6237]]], [[[-122.121, 38.625], [-122.121, 38.6242], [-122.122, 38.6239], [-122.1199, 38.6234], [-122.121, 38.625]]], [[[-122.1351, 38.6231], [-122.1355, 38.6234], [-122.1358, 38.6231], [-122.1351, 38.6231]]], [[[-122.1351, 38.6229], [-122.1354, 38.6223], [-122.1351, 38.6223], [-122.1351, 38.6229]]], [[[-122.1185, 38.6204], [-122.1185, 38.6199], [-122.1178, 38.6199], [-122.1178, 38.6202], [-122.1185, 38.6204]]], [[[-122.152, 38.6088], [-122.1523, 38.6085], [-122.1519, 38.6085], [-122.152, 38.6088]]], [[[-122.1513, 38.6088], [-122.1516, 38.6085], [-122.1513, 38.6085], [-122.1513, 38.6088]]], [[[-122.1516, 38.6085], [-122.1519, 38.6083], [-122.1516, 38.6083], [-122.1516, 38.6085]]], [[[-122.1447, 38.5965], [-122.145, 38.5962], [-122.1447, 38.5962], [-122.1447, 38.5965]]], [[[-122.1401, 38.5942], [-122.1405, 38.5939], [-122.1401, 38.5939], [-122.1401, 38.5942]]], [[[-122.1412, 38.5931], [-122.1415, 38.5928], [-122.1411, 38.5928], [-122.1412, 38.5931]]], [[[-122.1364, 38.5826], [-122.1364, 38.5821], [-122.1357, 38.5821], [-122.1357, 38.5824], [-122.1364, 38.5826]]], [[[-122.1356, 38.5797], [-122.1359, 38.5794], [-122.1356, 38.5794], [-122.1356, 38.5797]]], [[[-122.1342, 38.5797], [-122.1346, 38.5794], [-122.1342, 38.5794], [-122.1342, 38.5797]]], [[[-122.1346, 38.5794], [-122.1349, 38.5791], [-122.1345, 38.5791], [-122.1346, 38.5794]]]]}, "properties": {"layer": "cell", "cell_id": "380_1000", "seed_zone": "380", "elevation_band": "1000–1500 ft"}}, {"type": "Feature", "geometry": {"type": "MultiPolygon", "coordinates": [[[[-122.2561, 38.8458], [-122.2564, 38.8455], [-122.2561, 38.8455], [-122.2561, 38.8458]]], [[[-122.2605, 38.8433], [-122.2602, 38.8425], [-122.2588, 38.8428], [-122.2588, 38.8431], [-122.2605, 38.8433]]], [[[-122.2591, 38.8425], [-122.2595, 38.8422], [-122.2591, 38.8423], [-122.2591, 38.8425]]], [[[-122.2595, 38.8422], [-122.2598, 38.842], [-122.2594, 38.842], [-122.2595, 38.8422]]], [[[-122.2628, 38.8389], [-122.2631, 38.8384], [-122.2628, 38.8384], [-122.2628, 38.8389]]], [[[-122.2597, 38.8379], [-122.26, 38.8376], [-122.2597, 38.8377], [-122.2597, 38.8379]]], [[[-122.2503, 38.8151], [-122.2507, 38.8146], [-122.2503, 38.8146], [-122.2503, 38.8151]]], [[[-122.2503, 38.8143], [-122.2506, 38.8141], [-122.2503, 38.8141], [-122.2503, 38.8143]]], [[[-122.2524, 38.8151], [-122.252, 38.814], [-122.251, 38.8138], [-122.251, 38.8151], [-122.2524, 38.8151]]], [[[-122.2506, 38.8138], [-122.251, 38.8135], [-122.2506, 38.8135], [-122.2506, 38.8138]]], [[[-122.2499, 38.813], [-122.2506, 38.8127], [-122.2499, 38.8125], [-122.2499, 38.813]]], [[[-122.2502, 38.8125], [-122.2506, 38.8122], [-122.2502, 38.8122], [-122.2502, 38.8125]]], [[[-122.2496, 38.8125], [-122.2499, 38.8122], [-122.2495, 38.8122], [-122.2496, 38.8125]]], [[[-122.2505, 38.81], [-122.2509, 38.8097], [-122.2505, 38.8097], [-122.2505, 38.81]]], [[[-122.2519, 38.8097], [-122.2522, 38.8094], [-122.2519, 38.8095], [-122.2519, 38.8097]]], [[[-122.2274, 38.8018], [-122.2278, 38.8015], [-122.2274, 38.8015], [-122.2274, 38.8018]]], [[[-122.2321, 38.7969], [-122.2325, 38.7966], [-122.2321, 38.7966], [-122.2321, 38.7969]]], [[[-122.2314, 38.795], [-122.2314, 38.7942], [-122.2303, 38.7942], [-122.2303, 38.7947], [-122.2314, 38.795]]], [[[-122.23, 38.7942], [-122.2303, 38.7934], [-122.23, 38.7934], [-122.23, 38.7942]]], [[[-122.2292, 38.7921], [-122.2296, 38.7918], [-122.2292, 38.7918], [-122.2292, 38.7921]]], [[[-122.2292, 38.7915], [-122.2295, 38.7912], [-122.2292, 38.7912], [-122.2292, 38.7915]]], [[[-122.2295, 38.7912], [-122.2299, 38.7907], [-122.2295, 38.7907], [-122.2295, 38.7912]]], [[[-122.2186, 38.7855], [-122.219, 38.7852], [-122.2186, 38.7852], [-122.2186, 38.7855]]], [[[-122.2207, 38.7738], [-122.2214, 38.7736], [-122.2207, 38.7736], [-122.2207, 38.7738]]], [[[-122.2214, 38.7736], [-122.2217, 38.7733], [-122.2214, 38.7733], [-122.2214, 38.7736]]], [[[-122.24, 38.7713], [-122.2403, 38.7711], [-122.24, 38.7711], [-122.24, 38.7713]]], [[[-122.2438, 38.7607], [-122.2442, 38.7602], [-122.2438, 38.7602], [-122.2438, 38.7607]]], [[[-122.235, 38.7528], [-122.2356, 38.7525], [-122.2349, 38.7525], [-122.235, 38.7528]]], [[[-122.2356, 38.7525], [-122.2363, 38.7522], [-122.2356, 38.7522], [-122.2356, 38.7525]]], [[[-122.2367, 38.7522], [-122.237, 38.752], [-122.2367, 38.752], [-122.2367, 38.7522]]], [[[-122.237, 38.752], [-122.2377, 38.7517], [-122.237, 38.7517], [-122.237, 38.752]]], [[[-122.2342, 38.7523], [-122.2346, 38.7517], [-122.2335, 38.7515], [-122.2335, 38.752], [-122.2342, 38.7523]]], [[[-122.2363, 38.7517], [-122.2366, 38.7514], [-122.2363, 38.7514], [-122.2363, 38.7517]]], [[[-122.2346, 38.7515], [-122.2352, 38.7512], [-122.2346, 38.7512], [-122.2346, 38.7515]]], [[[-122.2366, 38.7511], [-122.2366, 38.7506], [-122.2373, 38.7509], [-122.2369, 38.7501], [-122.2363, 38.7503], [-122.2366, 38.7511]]], [[[-122.2338, 38.7504], [-122.2345, 38.7501], [-122.2338, 38.7501], [-122.2338, 38.7504]]], [[[-122.2369, 38.7501], [-122.2373, 38.7498], [-122.2369, 38.7498], [-122.2369, 38.7501]]], [[[-122.2383, 38.7503], [-122.2383, 38.7495], [-122.2386, 38.7487], [-122.238, 38.7492], [-122.2383, 38.7503]]], [[[-122.2359, 38.749], [-122.2362, 38.7487], [-122.2359, 38.7487], [-122.2359, 38.749]]], [[[-122.2217, 38.7487], [-122.222, 38.7484], [-122.2217, 38.7485], [-122.2217, 38.7487]]], [[[-122.2217, 38.7482], [-122.222, 38.7479], [-122.2217, 38.7479], [-122.2217, 38.7482]]], [[[-122.2348, 38.7477], [-122.2351, 38.7474], [-122.2348, 38.7474], [-122.2348, 38.7477]]], [[[-122.232, 38.7475], [-122.2324, 38.7472], [-122.232, 38.7472], [-122.232, 38.7475]]], [[[-122.2313, 38.7472], [-122.232, 38.7469], [-122.2313, 38.7469], [-122.2313, 38.7472]]], [[[-122.2227, 38.7474], [-122.223, 38.7471], [-122.2227, 38.7471], [-122.2227, 38.7474]]], [[[-122.2334, 38.7466], [-122.2341, 38.7469], [-122.2348, 38.7466], [-122.2334, 38.7466]]], [[[-122.2279, 38.747], [-122.2282, 38.7467], [-122.2279, 38.7467], [-122.2279, 38.747]]], [[[-122.223, 38.7471], [-122.2234, 38.7468], [-122.223, 38.7468], [-122.223, 38.7471]]], [[[-122.2348, 38.7466], [-122.2358, 38.7463], [-122.2348, 38.7463], [-122.2348, 38.7466]]], [[[-122.2365, 38.7463], [-122.2368, 38.746], [-122.2365, 38.746], [-122.2365, 38.7463]]], [[[-122.232, 38.7464], [-122.2327, 38.7461], [-122.232, 38.7461], [-122.232, 38.7464]]], [[[-122.2299, 38.7467], [-122.2299, 38.7459], [-122.2296, 38.7459], [-122.2292, 38.7467], [-122.2299, 38.7467]]], [[[-122.2327, 38.7461], [-122.233, 38.7458], [-122.2327, 38.7458], [-122.2327, 38.7461]]], [[[-122.2317, 38.7467], [-122.2309, 38.7453], [-122.2306, 38.7453], [-122.2306, 38.7464], [-122.2317, 38.7467]]], [[[-122.2296, 38.7459], [-122.2299, 38.7453], [-122.2313, 38.7448], [-122.2295, 38.7443], [-122.2288, 38.7448], [-122.2296, 38.7459]], [[-122.2299, 38.7451], [-122.2295, 38.7453], [-122.2295, 38.7451], [-122.2299, 38.7451]]], [[[-122.2316, 38.7448], [-122.2319, 38.7442], [-122.2316, 38.7442], [-122.2316, 38.7448]]], [[[-122.2323, 38.7442], [-122.2333, 38.7437], [-122.2319, 38.7437], [-122.2323, 38.7442]]], [[[-122.2295, 38.744], [-122.2298, 38.7437], [-122.2295, 38.7437], [-122.2295, 38.744]]], [[[-122.2309, 38.7437], [-122.2316, 38.7434], [-122.2309, 38.7434], [-122.2309, 38.7437]]], [[[-122.2277, 38.7427], [-122.2281, 38.7424], [-122.2277, 38.7424], [-122.2277, 38.7427]]], [[[-122.227, 38.7427], [-122.2274, 38.7424], [-122.227, 38.7424], [-122.227, 38.7427]]], [[[-122.2266, 38.74], [-122.227, 38.7397], [-122.2266, 38.7397], [-122.2266, 38.74]]], [[[-122.2263, 38.7397], [-122.2266, 38.7395], [-122.2263, 38.7395], [-122.2263, 38.7397]]], [[[-122.2242, 38.7395], [-122.2245, 38.7392], [-122.2242, 38.7392], [-122.2242, 38.7395]]], [[[-122.2256, 38.7395], [-122.2259, 38.7389], [-122.2255, 38.7389], [-122.2256, 38.7395]]], [[[-122.2235, 38.7395], [-122.2238, 38.739], [-122.2235, 38.739], [-122.2235, 38.7395]]], [[[-122.2262, 38.7387], [-122.2266, 38.7384], [-122.2262, 38.7384], [-122.2262, 38.7387]]], [[[-122.2231, 38.7387], [-122.2234, 38.7382], [-122.2231, 38.7382], [-122.2231, 38.7387]]], [[[-122.2266, 38.7384], [-122.2269, 38.7381], [-122.2266, 38.7381], [-122.2266, 38.7384]]], [[[-122.2265, 38.7376], [-122.2272, 38.7373], [-122.2265, 38.7373], [-122.2265, 38.7376]]], [[[-122.2252, 38.7384], [-122.2248, 38.7373], [-122.2224, 38.7374], [-122.2231, 38.7379], [-122.2241, 38.7376], [-122.2252, 38.7384]]], [[[-122.2251, 38.7371], [-122.2262, 38.7373], [-122.2262, 38.7368], [-122.2251, 38.7371]]], [[[-122.2238, 38.7371], [-122.2244, 38.7368], [-122.2238, 38.7368], [-122.2238, 38.7371]]], [[[-122.2251, 38.7368], [-122.2255, 38.7365], [-122.2251, 38.7365], [-122.2251, 38.7368]]], [[[-122.2231, 38.7371], [-122.2231, 38.7365], [-122.222, 38.7363], [-122.222, 38.7368], [-122.2231, 38.7371]]], [[[-122.2262, 38.7368], [-122.2265, 38.7362], [-122.2262, 38.7362], [-122.2262, 38.7368]]], [[[-122.2244, 38.7363], [-122.2248, 38.736], [-122.2244, 38.736], [-122.2244, 38.7363]]], [[[-122.2251, 38.7354], [-122.2258, 38.7351], [-122.2251, 38.7352], [-122.2251, 38.7354]]], [[[-122.2234, 38.7355], [-122.2241, 38.7352], [-122.2234, 38.7352], [-122.2234, 38.7355]]], [[[-122.222, 38.7363], [-122.2223, 38.7358], [-122.2234, 38.736], [-122.2234, 38.7355], [-122.223, 38.7355], [-122.2234, 38.7349], [-122.223, 38.7347], [-122.2223, 38.7347], [-122.2227, 38.7355], [-122.2216, 38.7352], [-122.222, 38.7363]]], [[[-122.2247, 38.7346], [-122.2258, 38.7343], [-122.2247, 38.7344], [-122.2247, 38.7346]]], [[[-122.224, 38.7346], [-122.2244, 38.7344], [-122.224, 38.7344], [-122.224, 38.7346]]], [[[-122.2233, 38.7347], [-122.2237, 38.7344], [-122.2233, 38.7344], [-122.2233, 38.7347]]], [[[-122.2237, 38.7341], [-122.224, 38.7338], [-122.2237, 38.7338], [-122.2237, 38.7341]]], [[[-122.2291, 38.7208], [-122.2295, 38.7205], [-122.2291, 38.7205], [-122.2291, 38.7208]]], [[[-122.2265, 38.7138], [-122.2269, 38.7135], [-122.2265, 38.7135], [-122.2265, 38.7138]]], [[[-122.2258, 38.7141], [-122.2258, 38.7136], [-122.2265, 38.7133], [-122.2251, 38.7136], [-122.2258, 38.7141]]], [[[-122.2272, 38.7133], [-122.2275, 38.713], [-122.2272, 38.713], [-122.2272, 38.7133]]], [[[-122.2268, 38.713], [-122.2272, 38.7127], [-122.2268, 38.7127], [-122.2268, 38.713]]], [[[-122.2272, 38.7127], [-122.2279, 38.7124], [-122.2272, 38.7124], [-122.2272, 38.7127]]], [[[-122.2261, 38.7127], [-122.2265, 38.7122], [-122.2254, 38.7119], [-122.2254, 38.7125], [-122.2261, 38.7127]]], [[[-122.2258, 38.7119], [-122.2261, 38.7117], [-122.2258, 38.7117], [-122.2258, 38.7119]]], [[[-122.2251, 38.7119], [-122.2254, 38.7117], [-122.2251, 38.7117], [-122.2251, 38.7119]]], [[[-122.2254, 38.7117], [-122.2258, 38.7114], [-122.2254, 38.7114], [-122.2254, 38.7117]]], [[[-122.2214, 38.7058], [-122.2214, 38.7053], [-122.2207, 38.7053], [-122.2207, 38.7055], [-122.2214, 38.7058]]], [[[-122.2186, 38.7048], [-122.2197, 38.7045], [-122.2186, 38.7045], [-122.2186, 38.7048]]], [[[-122.1934, 38.705], [-122.1938, 38.7047], [-122.1934, 38.7047], [-122.1934, 38.705]]], [[[-122.2186, 38.7042], [-122.2186, 38.7037], [-122.219, 38.7034], [-122.2183, 38.7034], [-122.2186, 38.7042]]], [[[-122.2134, 38.7038], [-122.2138, 38.7035], [-122.2134, 38.7035], [-122.2134, 38.7038]]], [[[-122.2155, 38.7035], [-122.2158, 38.7032], [-122.2155, 38.7032], [-122.2155, 38.7035]]], [[[-122.2162, 38.7035], [-122.2165, 38.7029], [-122.2162, 38.7029], [-122.2162, 38.7035]]], [[[-122.2165, 38.7029], [-122.2169, 38.7026], [-122.2165, 38.7027], [-122.2165, 38.7029]]], [[[-122.2169, 38.7026], [-122.2172, 38.7024], [-122.2168, 38.7024], [-122.2169, 38.7026]]], [[[-122.1834, 38.7027], [-122.1837, 38.7024], [-122.1833, 38.7024], [-122.1834, 38.7027]]], [[[-122.1858, 38.7024], [-122.185, 38.7016], [-122.1837, 38.7022], [-122.1837, 38.7024], [-122.1858, 38.7024]]], [[[-122.1857, 38.7016], [-122.1857, 38.7011], [-122.1847, 38.7011], [-122.1847, 38.7013], [-122.1857, 38.7016]]], [[[-122.1816, 38.7014], [-122.183, 38.7008], [-122.1812, 38.7006], [-122.1816, 38.7014]]], [[[-122.1981, 38.7], [-122.1985, 38.7003], [-122.1988, 38.7], [-122.1981, 38.7]]], [[[-122.2002, 38.7003], [-122.2009, 38.6997], [-122.2005, 38.6997], [-122.2002, 38.7003]]], [[[-122.213, 38.6997], [-122.2133, 38.6995], [-122.213, 38.6995], [-122.213, 38.6997]]], [[[-122.1988, 38.7], [-122.1995, 38.6997], [-122.1988, 38.6997], [-122.1988, 38.7]]], [[[-122.2133, 38.6995], [-122.2136, 38.6992], [-122.2133, 38.6992], [-122.2133, 38.6995]]], [[[-122.1998, 38.6994], [-122.2002, 38.6992], [-122.1998, 38.6992], [-122.1998, 38.6994]]], [[[-122.1891, 38.6988], [-122.1894, 38.6986], [-122.1891, 38.6986], [-122.1891, 38.6988]]], [[[-122.1894, 38.6983], [-122.1898, 38.698], [-122.1894, 38.698], [-122.1894, 38.6983]]], [[[-122.1891, 38.698], [-122.1894, 38.6977], [-122.1891, 38.6978], [-122.1891, 38.698]]], [[[-122.1877, 38.6978], [-122.188, 38.6975], [-122.1877, 38.6975], [-122.1877, 38.6978]]], [[[-122.1884, 38.6978], [-122.1891, 38.6972], [-122.188, 38.6972], [-122.1884, 38.6978]]], [[[-122.188, 38.697], [-122.1883, 38.6964], [-122.188, 38.6964], [-122.188, 38.697]]], [[[-122.1863, 38.6967], [-122.187, 38.6967], [-122.1873, 38.6964], [-122.1863, 38.6967]]], [[[-122.1956, 38.6963], [-122.1959, 38.696], [-122.1956, 38.696], [-122.1956, 38.6963]]], [[[-122.1963, 38.696], [-122.1966, 38.6957], [-122.1963, 38.6957], [-122.1963, 38.696]]], [[[-122.1894, 38.6964], [-122.1907, 38.6958], [-122.1907, 38.6953], [-122.1883, 38.6956], [-122.1894, 38.6964]]], [[[-122.1928, 38.6955], [-122.1931, 38.6952], [-122.1928, 38.6953], [-122.1928, 38.6955]]], [[[-122.1945, 38.695], [-122.1949, 38.6947], [-122.1945, 38.6947], [-122.1945, 38.695]]], [[[-122.1918, 38.6961], [-122.1924, 38.6945], [-122.1918, 38.695], [-122.1907, 38.6945], [-122.1918, 38.6961]]], [[[-122.1869, 38.6948], [-122.188, 38.6953], [-122.189, 38.6945], [-122.1869, 38.6948]]], [[[-122.1817, 38.6949], [-122.1821, 38.6946], [-122.1817, 38.6946], [-122.1817, 38.6949]]], [[[-122.1959, 38.6944], [-122.1962, 38.6941], [-122.1959, 38.6941], [-122.1959, 38.6944]]], [[[-122.1862, 38.6946], [-122.1866, 38.6943], [-122.1862, 38.6943], [-122.1862, 38.6946]]], [[[-122.1821, 38.6946], [-122.1824, 38.6944], [-122.1821, 38.6944], [-122.1821, 38.6946]]], [[[-122.181, 38.6947], [-122.1817, 38.6944], [-122.181, 38.6944], [-122.181, 38.6947]]], [[[-122.189, 38.6945], [-122.1897, 38.694], [-122.189, 38.694], [-122.189, 38.6945]]], [[[-122.1876, 38.6943], [-122.1879, 38.694], [-122.1876, 38.694], [-122.1876, 38.6943]]], [[[-122.1956, 38.6957], [-122.1956, 38.6952], [-122.1966, 38.6955], [-122.1972, 38.6933], [-122.1965, 38.6933], [-122.1962, 38.6949], [-122.1952, 38.6947], [-122.1956, 38.6957]]], [[[-122.19, 38.6945], [-122.1917, 38.6939], [-122.1917, 38.6934], [-122.1896, 38.6934], [-122.1897, 38.694], [-122.19, 38.694], [-122.19, 38.6945]], [[-122.1903, 38.6937], [-122.19, 38.694], [-122.19, 38.6937], [-122.1903, 38.6937]]], [[[-122.1859, 38.6938], [-122.1862, 38.6935], [-122.1858, 38.6935], [-122.1859, 38.6938]]], [[[-122.1824, 38.6938], [-122.1827, 38.6935], [-122.1824, 38.6936], [-122.1824, 38.6938]]], [[[-122.1817, 38.6936], [-122.1824, 38.6933], [-122.1817, 38.6933], [-122.1817, 38.6936]]], [[[-122.19, 38.6931], [-122.1903, 38.6929], [-122.19, 38.6929], [-122.19, 38.6931]]], [[[-122.181, 38.6933], [-122.1813, 38.693], [-122.181, 38.693], [-122.181, 38.6933]]], [[[-122.1834, 38.6935], [-122.1834, 38.6927], [-122.1827, 38.6927], [-122.1827, 38.6935], [-122.1834, 38.6935]]], [[[-122.1855, 38.693], [-122.1858, 38.6927], [-122.1855, 38.6927], [-122.1855, 38.693]]], [[[-122.1896, 38.6926], [-122.19, 38.6923], [-122.1896, 38.6923], [-122.1896, 38.6926]]], [[[-122.1976, 38.6927], [-122.1979, 38.6919], [-122.1975, 38.6919], [-122.1976, 38.6927]]], [[[-122.1858, 38.6927], [-122.1861, 38.6919], [-122.1858, 38.6919], [-122.1858, 38.6927]]], [[[-122.1889, 38.6921], [-122.1892, 38.6918], [-122.1889, 38.6918], [-122.1889, 38.6921]]], [[[-122.1876, 38.6945], [-122.1876, 38.6943], [-122.1872, 38.694], [-122.1883, 38.6934], [-122.1882, 38.6924], [-122.1875, 38.6921], [-122.1872, 38.6929], [-122.1872, 38.6916], [-122.1865, 38.6916], [-122.1866, 38.6943], [-122.1876, 38.6945]]], [[[-122.1854, 38.6916], [-122.1858, 38.6913], [-122.1854, 38.6913], [-122.1854, 38.6916]]], [[[-122.2064, 38.6891], [-122.2068, 38.6888], [-122.2064, 38.6888], [-122.2064, 38.6891]]], [[[-122.1861, 38.6892], [-122.1864, 38.6889], [-122.1861, 38.6889], [-122.1861, 38.6892]]], [[[-122.1922, 38.688], [-122.1929, 38.6877], [-122.1922, 38.6877], [-122.1922, 38.688]]], [[[-122.1901, 38.6867], [-122.1905, 38.6864], [-122.1901, 38.6864], [-122.1901, 38.6867]]], [[[-122.1901, 38.6853], [-122.1904, 38.685], [-122.1901, 38.685], [-122.1901, 38.6853]]], [[[-122.1897, 38.6851], [-122.1897, 38.6845], [-122.189, 38.6845], [-122.189, 38.6848], [-122.1897, 38.6851]]], [[[-122.1873, 38.6846], [-122.1876, 38.6843], [-122.1873, 38.6843], [-122.1873, 38.6846]]], [[[-122.1866, 38.6848], [-122.1869, 38.684], [-122.1866, 38.684], [-122.1866, 38.6848]]], [[[-122.1897, 38.6837], [-122.1904, 38.6834], [-122.1897, 38.6834], [-122.1897, 38.6837]]], [[[-122.1866, 38.6838], [-122.1869, 38.6835], [-122.1866, 38.6835], [-122.1866, 38.6838]]], [[[-122.1873, 38.6832], [-122.1876, 38.6835], [-122.1883, 38.6832], [-122.1873, 38.6832]]], [[[-122.1897, 38.6834], [-122.1897, 38.6829], [-122.1886, 38.6826], [-122.1886, 38.6832], [-122.1897, 38.6834]]], [[[-122.1869, 38.6829], [-122.1873, 38.6827], [-122.1869, 38.6827], [-122.1869, 38.6829]]], [[[-122.2063, 38.6718], [-122.2066, 38.6715], [-122.2063, 38.6715], [-122.2063, 38.6718]]], [[[-122.2069, 38.6715], [-122.2073, 38.6712], [-122.2069, 38.6712], [-122.2069, 38.6715]]], [[[-122.2049, 38.6713], [-122.2052, 38.671], [-122.2049, 38.671], [-122.2049, 38.6713]]], [[[-122.2076, 38.671], [-122.208, 38.6704], [-122.2076, 38.6704], [-122.2076, 38.671]]], [[[-122.2059, 38.671], [-122.2073, 38.6704], [-122.2059, 38.6707], [-122.2059, 38.671]]], [[[-122.2016, 38.6657], [-122.2019, 38.6654], [-122.2016, 38.6654], [-122.2016, 38.6657]]], [[[-122.155, 38.667], [-122.1553, 38.666], [-122.1536, 38.6665], [-122.1536, 38.6668], [-122.155, 38.667]]], [[[-122.1546, 38.6657], [-122.1553, 38.6654], [-122.1546, 38.6652], [-122.1546, 38.6657]]], [[[-122.1525, 38.6649], [-122.1532, 38.6644], [-122.1529, 38.6644], [-122.1525, 38.6649]]], [[[-122.1518, 38.6636], [-122.1522, 38.6633], [-122.1518, 38.6633], [-122.1518, 38.6636]]], [[[-122.1266, 38.663], [-122.1269, 38.6627], [-122.1266, 38.6627], [-122.1266, 38.663]]], [[[-122.1462, 38.6602], [-122.1469, 38.6596], [-122.1465, 38.6596], [-122.1462, 38.6602]]], [[[-122.1486, 38.6596], [-122.1489, 38.6593], [-122.1486, 38.6593], [-122.1486, 38.6596]]], [[[-122.1476, 38.6596], [-122.1479, 38.6591], [-122.1475, 38.6591], [-122.1476, 38.6596]]], [[[-122.1499, 38.6585], [-122.1503, 38.6582], [-122.1499, 38.6582], [-122.1499, 38.6585]]], [[[-122.1496, 38.658], [-122.1499, 38.6577], [-122.1496, 38.6577], [-122.1496, 38.658]]], [[[-122.1451, 38.658], [-122.1454, 38.6578], [-122.1451, 38.6578], [-122.1451, 38.658]]], [[[-122.1492, 38.6577], [-122.1496, 38.6574], [-122.1492, 38.6574], [-122.1492, 38.6577]]], [[[-122.1261, 38.6578], [-122.1271, 38.6576], [-122.1261, 38.6573], [-122.1261, 38.6578]]], [[[-122.143, 38.657], [-122.1433, 38.6567], [-122.143, 38.6567], [-122.143, 38.657]]], [[[-122.1251, 38.6573], [-122.1254, 38.657], [-122.125, 38.657], [-122.1251, 38.6573]]], [[[-122.1469, 38.6591], [-122.1461, 38.6583], [-122.1471, 38.6572], [-122.1478, 38.6575], [-122.1475, 38.6583], [-122.1486, 38.6583], [-122.1485, 38.6566], [-122.1478, 38.6564], [-122.1454, 38.658], [-122.1469, 38.6591]]], [[[-122.1468, 38.6569], [-122.1464, 38.6564], [-122.1458, 38.6567], [-122.1458, 38.657], [-122.1468, 38.6569]]], [[[-122.1437, 38.6567], [-122.1444, 38.6567], [-122.1447, 38.6564], [-122.1437, 38.6567]]], [[[-122.1433, 38.6565], [-122.1437, 38.6562], [-122.1433, 38.6562], [-122.1433, 38.6565]]], [[[-122.1899, 38.6554], [-122.1902, 38.6551], [-122.1899, 38.6551], [-122.1899, 38.6554]]], [[[-122.1499, 38.6566], [-122.1495, 38.6555], [-122.1485, 38.6556], [-122.1485, 38.6564], [-122.1499, 38.6566]]], [[[-122.1433, 38.6559], [-122.1436, 38.6556], [-122.1433, 38.6556], [-122.1433, 38.6559]]], [[[-122.1492, 38.6553], [-122.1495, 38.655], [-122.1492, 38.655], [-122.1492, 38.6553]]], [[[-122.1364, 38.655], [-122.1367, 38.6547], [-122.1364, 38.6547], [-122.1364, 38.655]]], [[[-122.136, 38.6542], [-122.1363, 38.6539], [-122.136, 38.6539], [-122.136, 38.6542]]], [[[-122.1905, 38.6529], [-122.1909, 38.6526], [-122.1905, 38.6526], [-122.1905, 38.6529]]], [[[-122.1432, 38.6535], [-122.1436, 38.6532], [-122.1432, 38.6532], [-122.1432, 38.6535]]], [[[-122.1357, 38.6536], [-122.136, 38.6533], [-122.1356, 38.6534], [-122.1357, 38.6536]]], [[[-122.1253, 38.6549], [-122.127, 38.6546], [-122.1263, 38.6541], [-122.127, 38.6538], [-122.1267, 38.6532], [-122.1246, 38.6533], [-122.1239, 38.6538], [-122.1253, 38.6549]], [[-122.126, 38.6535], [-122.1257, 38.6546], [-122.1256, 38.6535], [-122.126, 38.6535]], [[-122.1249, 38.6535], [-122.1246, 38.6538], [-122.1246, 38.6535], [-122.1249, 38.6535]]], [[[-122.147, 38.6532], [-122.1477, 38.6529], [-122.147, 38.6529], [-122.147, 38.6532]]], [[[-122.127, 38.6535], [-122.1277, 38.6532], [-122.127, 38.6532], [-122.127, 38.6535]]], [[[-122.1225, 38.6536], [-122.1229, 38.6533], [-122.1225, 38.6533], [-122.1225, 38.6536]]], [[[-122.1477, 38.6529], [-122.1484, 38.6526], [-122.1477, 38.6526], [-122.1477, 38.6529]]], [[[-122.1463, 38.6529], [-122.1467, 38.6526], [-122.1463, 38.6526], [-122.1463, 38.6529]]], [[[-122.1367, 38.6533], [-122.137, 38.6528], [-122.1349, 38.652], [-122.1349, 38.6526], [-122.1367, 38.6533]]], [[[-122.186, 38.6514], [-122.1863, 38.6511], [-122.186, 38.6511], [-122.186, 38.6514]]], [[[-122.1849, 38.6514], [-122.1853, 38.6511], [-122.1849, 38.6511], [-122.1849, 38.6514]]], [[[-122.1356, 38.652], [-122.1359, 38.6517], [-122.1356, 38.6517], [-122.1356, 38.652]]], [[[-122.1853, 38.6511], [-122.186, 38.6508], [-122.1853, 38.6506], [-122.1853, 38.6511]]], [[[-122.1329, 38.6529], [-122.1346, 38.6526], [-122.1345, 38.6509], [-122.1335, 38.6512], [-122.1335, 38.652], [-122.1332, 38.6512], [-122.1325, 38.6515], [-122.1329, 38.6529]], [[-122.1342, 38.652], [-122.1335, 38.6523], [-122.1335, 38.652], [-122.1342, 38.652]]], [[[-122.1321, 38.6513], [-122.1325, 38.651], [-122.1321, 38.651], [-122.1321, 38.6513]]], [[[-122.1249, 38.6519], [-122.1256, 38.6511], [-122.1245, 38.6508], [-122.1249, 38.6519]]], [[[-122.1328, 38.651], [-122.1332, 38.6507], [-122.1328, 38.6507], [-122.1328, 38.651]]], [[[-122.1256, 38.6508], [-122.1259, 38.6506], [-122.1256, 38.6506], [-122.1256, 38.6508]]], [[[-122.1356, 38.6517], [-122.1352, 38.6498], [-122.1342, 38.6499], [-122.1338, 38.6507], [-122.1345, 38.6504], [-122.1356, 38.6517]]], [[[-122.1294, 38.6508], [-122.1272, 38.6489], [-122.1255, 38.6497], [-122.1263, 38.6508], [-122.1294, 38.6508]], [[-122.1272, 38.6494], [-122.1269, 38.6503], [-122.1269, 38.6495], [-122.1272, 38.6494]]], [[[-122.1293, 38.6494], [-122.1293, 38.6486], [-122.1283, 38.6486], [-122.1283, 38.6492], [-122.1293, 38.6494]]], [[[-122.1259, 38.6489], [-122.1265, 38.6487], [-122.1258, 38.6487], [-122.1259, 38.6489]]], [[[-122.1341, 38.6482], [-122.1345, 38.648], [-122.1341, 38.648], [-122.1341, 38.6482]]], [[[-122.1345, 38.648], [-122.1358, 38.6474], [-122.1344, 38.6474], [-122.1345, 38.648]]], [[[-122.1341, 38.648], [-122.1341, 38.6474], [-122.1358, 38.6466], [-122.1341, 38.6469], [-122.1337, 38.6456], [-122.133, 38.6456], [-122.1323, 38.6467], [-122.1341, 38.648]]], [[[-122.1358, 38.6463], [-122.1358, 38.6453], [-122.1354, 38.6453], [-122.1347, 38.6461], [-122.1358, 38.6463]]], [[[-122.1337, 38.6456], [-122.134, 38.6453], [-122.1337, 38.6453], [-122.1337, 38.6456]]], [[[-122.1354, 38.6453], [-122.1347, 38.6447], [-122.134, 38.645], [-122.134, 38.6453], [-122.1354, 38.6453]]], [[[-122.1354, 38.645], [-122.1357, 38.6447], [-122.1354, 38.6447], [-122.1354, 38.645]]], [[[-122.135, 38.6445], [-122.1354, 38.6442], [-122.135, 38.6442], [-122.135, 38.6445]]], [[[-122.1326, 38.6445], [-122.133, 38.6442], [-122.1326, 38.6442], [-122.1326, 38.6445]]], [[[-122.1343, 38.6439], [-122.1347, 38.6436], [-122.1343, 38.6437], [-122.1343, 38.6439]]], [[[-122.1333, 38.6434], [-122.1336, 38.6431], [-122.1333, 38.6431], [-122.1333, 38.6434]]], [[[-122.1336, 38.6431], [-122.134, 38.6429], [-122.1336, 38.6429], [-122.1336, 38.6431]]], [[[-122.1315, 38.6421], [-122.1319, 38.6418], [-122.1315, 38.6418], [-122.1315, 38.6421]]], [[[-122.1308, 38.6413], [-122.1311, 38.6407], [-122.1308, 38.6407], [-122.1308, 38.6413]]], [[[-122.1304, 38.6408], [-122.1308, 38.6402], [-122.1304, 38.6402], [-122.1304, 38.6408]]], [[[-122.1325, 38.6394], [-122.1328, 38.6391], [-122.1325, 38.6391], [-122.1325, 38.6394]]], [[[-122.1752, 38.6375], [-122.1756, 38.637], [-122.1752, 38.637], [-122.1752, 38.6375]]], [[[-122.1745, 38.637], [-122.1749, 38.6367], [-122.1745, 38.6367], [-122.1745, 38.637]]], [[[-122.1734, 38.6357], [-122.1738, 38.6354], [-122.1734, 38.6354], [-122.1734, 38.6357]]], [[[-122.1303, 38.6359], [-122.1313, 38.6356], [-122.1323, 38.6348], [-122.1299, 38.6351], [-122.1306, 38.6354], [-122.1303, 38.6359]], [[-122.1313, 38.6353], [-122.131, 38.6356], [-122.131, 38.6353], [-122.1313, 38.6353]]], [[[-122.1141, 38.6354], [-122.1144, 38.6351], [-122.1141, 38.6351], [-122.1141, 38.6354]]], [[[-122.1289, 38.6346], [-122.1292, 38.634], [-122.1289, 38.634], [-122.1289, 38.6346]]], [[[-122.1299, 38.6343], [-122.1306, 38.634], [-122.1302, 38.6335], [-122.1296, 38.6338], [-122.1299, 38.6343]]], [[[-122.1316, 38.6337], [-122.1323, 38.6332], [-122.132, 38.6332], [-122.1316, 38.6337]]], [[[-122.1296, 38.6335], [-122.1299, 38.6332], [-122.1295, 38.6332], [-122.1296, 38.6335]]], [[[-122.1289, 38.6335], [-122.1288, 38.633], [-122.1282, 38.633], [-122.1282, 38.6332], [-122.1289, 38.6335]]], [[[-122.132, 38.6332], [-122.1319, 38.6326], [-122.1309, 38.6324], [-122.1309, 38.6329], [-122.132, 38.6332]]], [[[-122.1278, 38.6322], [-122.1285, 38.6319], [-122.1278, 38.6319], [-122.1278, 38.6322]]], [[[-122.1439, 38.6278], [-122.1421, 38.6273], [-122.1404, 38.6276], [-122.1404, 38.6279], [-122.1439, 38.6278]]], [[[-122.1259, 38.6268], [-122.1262, 38.6265], [-122.1259, 38.6265], [-122.1259, 38.6268]]], [[[-122.1262, 38.6265], [-122.1269, 38.626], [-122.1262, 38.626], [-122.1262, 38.6265]]], [[[-122.1324, 38.6256], [-122.1328, 38.6253], [-122.1324, 38.6253], [-122.1324, 38.6256]]], [[[-122.1231, 38.6255], [-122.1234, 38.6252], [-122.1231, 38.6252], [-122.1231, 38.6255]]], [[[-122.131, 38.6254], [-122.1314, 38.6248], [-122.131, 38.6248], [-122.131, 38.6254]]], [[[-122.1328, 38.6251], [-122.1331, 38.6248], [-122.1328, 38.6248], [-122.1328, 38.6251]]], [[[-122.1317, 38.6248], [-122.1328, 38.6248], [-122.1327, 38.6242], [-122.1317, 38.6248]]], [[[-122.1369, 38.6244], [-122.1376, 38.6242], [-122.1369, 38.6242], [-122.1369, 38.6244]]], [[[-122.1379, 38.6242], [-122.1382, 38.6239], [-122.1379, 38.6239], [-122.1379, 38.6242]]], [[[-122.1231, 38.6247], [-122.1231, 38.6241], [-122.122, 38.6239], [-122.122, 38.6244], [-122.1231, 38.6247]]], [[[-122.1372, 38.6239], [-122.1375, 38.6236], [-122.1372, 38.6236], [-122.1372, 38.6239]]], [[[-122.1234, 38.6241], [-122.1238, 38.6239], [-122.1234, 38.6239], [-122.1234, 38.6241]]], [[[-122.1358, 38.6231], [-122.1372, 38.6234], [-122.1368, 38.6228], [-122.1358, 38.6231]]], [[[-122.141, 38.623], [-122.1413, 38.6227], [-122.141, 38.6228], [-122.141, 38.623]]], [[[-122.1372, 38.6231], [-122.1375, 38.6228], [-122.1372, 38.6228], [-122.1372, 38.6231]]], [[[-122.1241, 38.6236], [-122.1248, 38.623], [-122.1241, 38.6228], [-122.1241, 38.6236]]], [[[-122.123, 38.6233], [-122.123, 38.6228], [-122.1223, 38.6228], [-122.1224, 38.6231], [-122.123, 38.6233]]], [[[-122.1355, 38.6228], [-122.1358, 38.6226], [-122.1354, 38.6226], [-122.1355, 38.6228]]], [[[-122.1341, 38.6229], [-122.1344, 38.6226], [-122.1341, 38.6226], [-122.1341, 38.6229]]], [[[-122.1286, 38.623], [-122.1289, 38.6227], [-122.1286, 38.6227], [-122.1286, 38.623]]], [[[-122.139, 38.6255], [-122.1406, 38.6233], [-122.1406, 38.6222], [-122.1393, 38.6241], [-122.1376, 38.6247], [-122.1379, 38.6255], [-122.139, 38.6255]], [[-122.1386, 38.625], [-122.1383, 38.6252], [-122.1383, 38.625], [-122.1386, 38.625]]], [[[-122.1224, 38.6236], [-122.1224, 38.6231], [-122.1216, 38.6226], [-122.121, 38.6236], [-122.1224, 38.6236]]], [[[-122.1375, 38.6228], [-122.1382, 38.6223], [-122.1379, 38.6223], [-122.1375, 38.6228]]], [[[-122.1334, 38.6229], [-122.1337, 38.6223], [-122.1327, 38.6224], [-122.1327, 38.6226], [-122.1334, 38.6229]]], [[[-122.1282, 38.6227], [-122.1285, 38.6224], [-122.1282, 38.6224], [-122.1282, 38.6227]]], [[[-122.131, 38.6245], [-122.131, 38.6237], [-122.1334, 38.624], [-122.1341, 38.6231], [-122.1306, 38.6235], [-122.1313, 38.6224], [-122.1296, 38.6224], [-122.131, 38.6245]]], [[[-122.1255, 38.6236], [-122.1258, 38.6225], [-122.1251, 38.6222], [-122.1248, 38.6236], [-122.1255, 38.6236]]], [[[-122.1413, 38.6222], [-122.1416, 38.6219], [-122.1413, 38.6219], [-122.1413, 38.6222]]], [[[-122.122, 38.6225], [-122.1223, 38.6223], [-122.122, 38.6223], [-122.122, 38.6225]]], [[[-122.1385, 38.6223], [-122.1403, 38.6222], [-122.1403, 38.6217], [-122.1385, 38.6223]]], [[[-122.1368, 38.622], [-122.1375, 38.6217], [-122.1368, 38.6217], [-122.1368, 38.622]]], [[[-122.1323, 38.6221], [-122.133, 38.6218], [-122.1323, 38.6218], [-122.1323, 38.6221]]], [[[-122.1309, 38.6221], [-122.1313, 38.6218], [-122.1309, 38.6218], [-122.1309, 38.6221]]], [[[-122.1299, 38.6221], [-122.1303, 38.6219], [-122.1299, 38.6219], [-122.1299, 38.6221]]], [[[-122.1261, 38.6219], [-122.1265, 38.6222], [-122.1268, 38.6219], [-122.1261, 38.6219]]], [[[-122.1227, 38.6223], [-122.123, 38.622], [-122.1227, 38.622], [-122.1227, 38.6223]]], [[[-122.1282, 38.6224], [-122.1292, 38.6221], [-122.1292, 38.6216], [-122.1271, 38.6216], [-122.1282, 38.6224]]], [[[-122.1234, 38.6228], [-122.1247, 38.6225], [-122.1251, 38.622], [-122.1237, 38.6217], [-122.1234, 38.6228]]], [[[-122.1296, 38.6219], [-122.1299, 38.6216], [-122.1296, 38.6216], [-122.1296, 38.6219]]], [[[-122.1389, 38.6214], [-122.1392, 38.6212], [-122.1389, 38.6212], [-122.1389, 38.6214]]], [[[-122.1316, 38.6213], [-122.132, 38.6216], [-122.1327, 38.6213], [-122.1316, 38.6213]]], [[[-122.1292, 38.6216], [-122.1295, 38.6213], [-122.1292, 38.6213], [-122.1292, 38.6216]]], [[[-122.1258, 38.6219], [-122.1261, 38.6211], [-122.1257, 38.6211], [-122.1258, 38.6219]]], [[[-122.1327, 38.6213], [-122.1333, 38.621], [-122.1326, 38.621], [-122.1327, 38.6213]]], [[[-122.1243, 38.6182], [-122.1246, 38.6179], [-122.1243, 38.6179], [-122.1243, 38.6182]]], [[[-122.1249, 38.6174], [-122.1253, 38.6171], [-122.1249, 38.6171], [-122.1249, 38.6174]]], [[[-122.1215, 38.6172], [-122.1218, 38.6169], [-122.1215, 38.6169], [-122.1215, 38.6172]]], [[[-122.1191, 38.6169], [-122.1194, 38.6167], [-122.1191, 38.6167], [-122.1191, 38.6169]]], [[[-122.1197, 38.6158], [-122.1201, 38.6156], [-122.1197, 38.6156], [-122.1197, 38.6158]]], [[[-122.118, 38.6159], [-122.1183, 38.6156], [-122.118, 38.6156], [-122.118, 38.6159]]], [[[-122.1201, 38.6156], [-122.1204, 38.6153], [-122.1201, 38.6153], [-122.1201, 38.6156]]], [[[-122.1176, 38.6151], [-122.1183, 38.6153], [-122.1183, 38.6148], [-122.1176, 38.6151]]], [[[-122.1207, 38.615], [-122.1218, 38.615], [-122.1218, 38.6145], [-122.1207, 38.615]]], [[[-122.1183, 38.6148], [-122.119, 38.6145], [-122.1183, 38.6145], [-122.1183, 38.6148]]], [[[-122.1173, 38.6148], [-122.118, 38.6145], [-122.1173, 38.6143], [-122.1173, 38.6148]]], [[[-122.119, 38.6145], [-122.1193, 38.6142], [-122.119, 38.6142], [-122.119, 38.6145]]], [[[-122.1262, 38.6141], [-122.1262, 38.6136], [-122.1255, 38.6136], [-122.1255, 38.6138], [-122.1262, 38.6141]]], [[[-122.1252, 38.6136], [-122.1255, 38.6133], [-122.1252, 38.6133], [-122.1252, 38.6136]]], [[[-122.1255, 38.6133], [-122.1262, 38.6128], [-122.1259, 38.6128], [-122.1255, 38.6133]]], [[[-122.1258, 38.6125], [-122.1262, 38.6122], [-122.1258, 38.6122], [-122.1258, 38.6125]]], [[[-122.1258, 38.612], [-122.1262, 38.6117], [-122.1258, 38.6117], [-122.1258, 38.612]]], [[[-122.1248, 38.6114], [-122.1251, 38.6112], [-122.1248, 38.6112], [-122.1248, 38.6114]]], [[[-122.1244, 38.6112], [-122.1248, 38.6109], [-122.1244, 38.6109], [-122.1244, 38.6112]]], [[[-122.1241, 38.6109], [-122.1244, 38.6106], [-122.1241, 38.6106], [-122.1241, 38.6109]]], [[[-122.1254, 38.6106], [-122.1258, 38.6103], [-122.1254, 38.6103], [-122.1254, 38.6106]]], [[[-122.1258, 38.6098], [-122.1261, 38.6092], [-122.1258, 38.6093], [-122.1258, 38.6098]]], [[[-122.1247, 38.6103], [-122.1258, 38.6101], [-122.1258, 38.6098], [-122.1254, 38.6098], [-122.1254, 38.6093], [-122.1244, 38.609], [-122.1247, 38.6103]]], [[[-122.1291, 38.607], [-122.1295, 38.6068], [-122.1291, 38.6068], [-122.1291, 38.607]]], [[[-122.1271, 38.6073], [-122.1274, 38.6065], [-122.1267, 38.6065], [-122.1271, 38.6073]]], [[[-122.1277, 38.6068], [-122.1281, 38.6065], [-122.1277, 38.6065], [-122.1277, 38.6068]]], [[[-122.1681, 38.6055], [-122.1684, 38.6053], [-122.1681, 38.6053], [-122.1681, 38.6055]]], [[[-122.1277, 38.6062], [-122.1281, 38.606], [-122.1277, 38.606], [-122.1277, 38.6062]]], [[[-122.1256, 38.6057], [-122.1267, 38.606], [-122.1267, 38.6055], [-122.1256, 38.6057]]], [[[-122.1574, 38.606], [-122.1574, 38.6052], [-122.1581, 38.6052], [-122.1577, 38.6046], [-122.1567, 38.6055], [-122.1574, 38.606]]], [[[-122.1232, 38.6058], [-122.1239, 38.6055], [-122.1232, 38.6052], [-122.1232, 38.6058]]], [[[-122.1267, 38.6055], [-122.127, 38.6052], [-122.1267, 38.6052], [-122.1267, 38.6055]]], [[[-122.1277, 38.6049], [-122.128, 38.6046], [-122.1277, 38.6046], [-122.1277, 38.6049]]], [[[-122.1242, 38.605], [-122.1246, 38.6047], [-122.1242, 38.6047], [-122.1242, 38.605]]], [[[-122.1246, 38.6044], [-122.1249, 38.6041], [-122.1246, 38.6041], [-122.1246, 38.6044]]], [[[-122.1466, 38.6038], [-122.147, 38.6035], [-122.1466, 38.6035], [-122.1466, 38.6038]]], [[[-122.1683, 38.6031], [-122.1687, 38.6028], [-122.1683, 38.6028], [-122.1683, 38.6031]]], [[[-122.1446, 38.6035], [-122.1445, 38.603], [-122.1439, 38.603], [-122.1439, 38.6033], [-122.1446, 38.6035]]], [[[-122.1466, 38.6032], [-122.1473, 38.6029], [-122.1466, 38.6029], [-122.1466, 38.6032]]], [[[-122.1204, 38.6037], [-122.1214, 38.6034], [-122.1204, 38.6034], [-122.1204, 38.6037]]], [[[-122.1463, 38.603], [-122.1466, 38.6027], [-122.1463, 38.6027], [-122.1463, 38.603]]], [[[-122.1249, 38.6033], [-122.1252, 38.6031], [-122.1249, 38.6031], [-122.1249, 38.6033]]], [[[-122.1239, 38.6033], [-122.1242, 38.6031], [-122.1238, 38.6031], [-122.1239, 38.6033]]], [[[-122.1221, 38.6039], [-122.1225, 38.6034], [-122.1232, 38.6036], [-122.1235, 38.6031], [-122.1221, 38.6031], [-122.1215, 38.6037], [-122.1221, 38.6039]]], [[[-122.1445, 38.6027], [-122.1452, 38.6027], [-122.1456, 38.6024], [-122.1445, 38.6027]]], [[[-122.1238, 38.6028], [-122.1242, 38.6023], [-122.1238, 38.6023], [-122.1238, 38.6028]]], [[[-122.1211, 38.6026], [-122.1221, 38.6023], [-122.1211, 38.6023], [-122.1211, 38.6026]]], [[[-122.1193, 38.6023], [-122.1193, 38.6018], [-122.1186, 38.6018], [-122.1186, 38.6021], [-122.1193, 38.6023]]], [[[-122.1207, 38.6029], [-122.1204, 38.6018], [-122.1197, 38.6018], [-122.1197, 38.6026], [-122.1207, 38.6029]]], [[[-122.1741, 38.6008], [-122.1745, 38.6006], [-122.1741, 38.6006], [-122.1741, 38.6008]]], [[[-122.1214, 38.6018], [-122.1217, 38.6015], [-122.1214, 38.6015], [-122.1214, 38.6018]]], [[[-122.1204, 38.6018], [-122.121, 38.6015], [-122.1204, 38.6015], [-122.1204, 38.6018]]], [[[-122.1224, 38.6018], [-122.1224, 38.6012], [-122.1217, 38.6012], [-122.1217, 38.6015], [-122.1224, 38.6018]]], [[[-122.1241, 38.6012], [-122.1245, 38.6009], [-122.1241, 38.6009], [-122.1241, 38.6012]]], [[[-122.1376, 38.6009], [-122.1389, 38.6004], [-122.1376, 38.6007], [-122.1376, 38.6009]]], [[[-122.1734, 38.6], [-122.1741, 38.5995], [-122.1738, 38.5995], [-122.1734, 38.6]]], [[[-122.12, 38.601], [-122.1203, 38.6004], [-122.12, 38.6004], [-122.12, 38.601]]], [[[-122.1741, 38.5995], [-122.1744, 38.5992], [-122.1741, 38.5992], [-122.1741, 38.5995]]], [[[-122.1417, 38.6001], [-122.142, 38.5998], [-122.1417, 38.5998], [-122.1417, 38.6001]]], [[[-122.1413, 38.5998], [-122.1417, 38.5995], [-122.1413, 38.5995], [-122.1413, 38.5998]]], [[[-122.1189, 38.6002], [-122.1193, 38.5999], [-122.1189, 38.5999], [-122.1189, 38.6002]]], [[[-122.1213, 38.5999], [-122.1217, 38.5993], [-122.1213, 38.5993], [-122.1213, 38.5999]]], [[[-122.121, 38.5996], [-122.1206, 38.5991], [-122.1199, 38.5991], [-122.1203, 38.5996], [-122.121, 38.5996]]], [[[-122.1734, 38.5984], [-122.1737, 38.5981], [-122.1734, 38.5981], [-122.1734, 38.5984]]], [[[-122.1251, 38.5993], [-122.1255, 38.599], [-122.1251, 38.599], [-122.1251, 38.5993]]], [[[-122.1403, 38.5987], [-122.1406, 38.5985], [-122.1403, 38.5985], [-122.1403, 38.5987]]], [[[-122.1255, 38.599], [-122.1258, 38.5982], [-122.1254, 38.5982], [-122.1255, 38.599]]], [[[-122.1406, 38.5982], [-122.1409, 38.5979], [-122.1406, 38.5979], [-122.1406, 38.5982]]], [[[-122.1361, 38.5983], [-122.1365, 38.598], [-122.1361, 38.598], [-122.1361, 38.5983]]], [[[-122.1434, 38.5979], [-122.1437, 38.5976], [-122.1434, 38.5976], [-122.1434, 38.5979]]], [[[-122.1365, 38.598], [-122.1368, 38.5977], [-122.1365, 38.5977], [-122.1365, 38.598]]], [[[-122.122, 38.5983], [-122.1223, 38.598], [-122.122, 38.598], [-122.122, 38.5983]]], [[[-122.1427, 38.5976], [-122.143, 38.5973], [-122.1427, 38.5973], [-122.1427, 38.5976]]], [[[-122.1216, 38.598], [-122.122, 38.5977], [-122.1216, 38.5977], [-122.1216, 38.598]]], [[[-122.1395, 38.5963], [-122.1406, 38.5966], [-122.1405, 38.596], [-122.1395, 38.5963]]], [[[-122.135, 38.5961], [-122.1354, 38.5959], [-122.135, 38.5959], [-122.135, 38.5961]]], [[[-122.1402, 38.5958], [-122.1405, 38.5955], [-122.1402, 38.5955], [-122.1402, 38.5958]]], [[[-122.1454, 38.5959], [-122.1454, 38.5954], [-122.1457, 38.5951], [-122.1447, 38.5954], [-122.1454, 38.5959]]], [[[-122.1357, 38.5956], [-122.136, 38.5953], [-122.1357, 38.5953], [-122.1357, 38.5956]]], [[[-122.1419, 38.5965], [-122.1416, 38.5957], [-122.1433, 38.5954], [-122.1429, 38.5949], [-122.1412, 38.5952], [-122.1409, 38.5963], [-122.1419, 38.5965]]], [[[-122.1402, 38.595], [-122.1402, 38.5944], [-122.1391, 38.5944], [-122.1391, 38.5947], [-122.1402, 38.595]]], [[[-122.1346, 38.5942], [-122.135, 38.594], [-122.1346, 38.594], [-122.1346, 38.5942]]], [[[-122.1398, 38.5939], [-122.1401, 38.5936], [-122.1398, 38.5936], [-122.1398, 38.5939]]], [[[-122.1367, 38.5929], [-122.137, 38.5926], [-122.1367, 38.5926], [-122.1367, 38.5929]]], [[[-122.1384, 38.5923], [-122.1387, 38.5915], [-122.1383, 38.5915], [-122.1384, 38.5923]]], [[[-122.1345, 38.5913], [-122.1349, 38.591], [-122.1345, 38.591], [-122.1345, 38.5913]]], [[[-122.1356, 38.5902], [-122.1359, 38.5899], [-122.1355, 38.5899], [-122.1356, 38.5902]]], [[[-122.1341, 38.5894], [-122.1348, 38.5891], [-122.1341, 38.5891], [-122.1341, 38.5894]]], [[[-122.1341, 38.5878], [-122.1344, 38.5875], [-122.1341, 38.5875], [-122.1341, 38.5878]]], [[[-122.1353, 38.5824], [-122.1357, 38.5821], [-122.1353, 38.5821], [-122.1353, 38.5824]]], [[[-122.1342, 38.5794], [-122.1345, 38.5791], [-122.1342, 38.5791], [-122.1342, 38.5794]]], [[[-122.1365, 38.575], [-122.1368, 38.5748], [-122.1365, 38.5748], [-122.1365, 38.575]]]]}, "properties": {"layer": "cell", "cell_id": "380_1500", "seed_zone": "380", "elevation_band": "1500–2000 ft"}}, {"type": "Feature", "geometry": {"type": "MultiPolygon", "coordinates": [[[[-122.2498, 38.8098], [-122.2505, 38.8095], [-122.2498, 38.8095], [-122.2498, 38.8098]]], [[[-122.2494, 38.8087], [-122.2498, 38.8084], [-122.2494, 38.8084], [-122.2494, 38.8087]]], [[[-122.2383, 38.7484], [-122.2386, 38.7481], [-122.2383, 38.7481], [-122.2383, 38.7484]]], [[[-122.2369, 38.7482], [-122.2372, 38.7479], [-122.2369, 38.7479], [-122.2369, 38.7482]]], [[[-122.2407, 38.7478], [-122.241, 38.7476], [-122.2407, 38.7476], [-122.2407, 38.7478]]], [[[-122.2372, 38.7479], [-122.2376, 38.7476], [-122.2372, 38.7476], [-122.2372, 38.7479]]], [[[-122.2376, 38.7476], [-122.2379, 38.7473], [-122.2376, 38.7474], [-122.2376, 38.7476]]], [[[-122.2379, 38.7473], [-122.2382, 38.7471], [-122.2379, 38.7471], [-122.2379, 38.7473]]], [[[-122.2382, 38.7471], [-122.2393, 38.7468], [-122.2382, 38.7468], [-122.2382, 38.7471]]], [[[-122.2393, 38.7468], [-122.2396, 38.7465], [-122.2393, 38.7465], [-122.2393, 38.7468]]], [[[-122.233, 38.745], [-122.234, 38.7447], [-122.233, 38.7447], [-122.233, 38.745]]], [[[-122.234, 38.7447], [-122.2347, 38.7444], [-122.234, 38.7444], [-122.234, 38.7447]]], [[[-122.2368, 38.7447], [-122.2375, 38.7444], [-122.2374, 38.7438], [-122.2364, 38.7441], [-122.2368, 38.7447]]], [[[-122.2343, 38.7442], [-122.2347, 38.7439], [-122.2343, 38.7439], [-122.2343, 38.7442]]], [[[-122.2361, 38.7439], [-122.2364, 38.7436], [-122.2361, 38.7436], [-122.2361, 38.7439]]], [[[-122.2347, 38.7439], [-122.2357, 38.7433], [-122.2347, 38.7434], [-122.2347, 38.7439]]], [[[-122.2326, 38.7437], [-122.2343, 38.7434], [-122.2326, 38.7434], [-122.2326, 38.7437]]], [[[-122.2357, 38.7428], [-122.236, 38.7431], [-122.2364, 38.7428], [-122.2357, 38.7428]]], [[[-122.234, 38.7431], [-122.2343, 38.7428], [-122.234, 38.7428], [-122.234, 38.7431]]], [[[-122.2316, 38.7434], [-122.2315, 38.7429], [-122.2319, 38.7423], [-122.2312, 38.7426], [-122.2316, 38.7434]]], [[[-122.2339, 38.7426], [-122.2343, 38.7423], [-122.2339, 38.7423], [-122.2339, 38.7426]]], [[[-122.2308, 38.7426], [-122.2312, 38.7423], [-122.2308, 38.7423], [-122.2308, 38.7426]]], [[[-122.2346, 38.742], [-122.235, 38.7417], [-122.2346, 38.7417], [-122.2346, 38.742]]], [[[-122.2336, 38.742], [-122.2339, 38.7417], [-122.2336, 38.7418], [-122.2336, 38.742]]], [[[-122.2319, 38.7421], [-122.2322, 38.7418], [-122.2319, 38.7418], [-122.2319, 38.7421]]], [[[-122.2281, 38.7419], [-122.2284, 38.7416], [-122.228, 38.7416], [-122.2281, 38.7419]]], [[[-122.2326, 38.742], [-122.2332, 38.7415], [-122.2325, 38.7412], [-122.2326, 38.742]]], [[[-122.2311, 38.741], [-122.2315, 38.7407], [-122.2311, 38.7407], [-122.2311, 38.741]]], [[[-122.2284, 38.7424], [-122.2284, 38.7421], [-122.2281, 38.7421], [-122.2281, 38.7419], [-122.2277, 38.7419], [-122.2277, 38.7413], [-122.2284, 38.741], [-122.2287, 38.7416], [-122.2287, 38.7408], [-122.2273, 38.7405], [-122.2267, 38.7413], [-122.2284, 38.7424]], [[-122.228, 38.7408], [-122.2277, 38.7411], [-122.2277, 38.7408], [-122.228, 38.7408]]], [[[-122.2366, 38.7403], [-122.237, 38.7401], [-122.2366, 38.7401], [-122.2366, 38.7403]]], [[[-122.2356, 38.7404], [-122.2363, 38.7401], [-122.2356, 38.7401], [-122.2356, 38.7404]]], [[[-122.2311, 38.7405], [-122.2318, 38.7402], [-122.2311, 38.7402], [-122.2311, 38.7405]]], [[[-122.2284, 38.7405], [-122.2287, 38.7402], [-122.2283, 38.7402], [-122.2284, 38.7405]]], [[[-122.237, 38.7401], [-122.2373, 38.7398], [-122.237, 38.7398], [-122.237, 38.7401]]], [[[-122.2304, 38.7402], [-122.2308, 38.7399], [-122.2304, 38.7399], [-122.2304, 38.7402]]], [[[-122.2325, 38.7404], [-122.2328, 38.7399], [-122.2318, 38.7396], [-122.2318, 38.7402], [-122.2325, 38.7404]]], [[[-122.2301, 38.7402], [-122.2297, 38.7397], [-122.2287, 38.74], [-122.2287, 38.7402], [-122.2301, 38.7402]]], [[[-122.2277, 38.7402], [-122.2276, 38.7397], [-122.227, 38.7397], [-122.227, 38.74], [-122.2277, 38.7402]]], [[[-122.2397, 38.7398], [-122.2401, 38.7395], [-122.2397, 38.7395], [-122.2397, 38.7398]]], [[[-122.2342, 38.7399], [-122.2349, 38.7396], [-122.2342, 38.7396], [-122.2342, 38.7399]]], [[[-122.2301, 38.7399], [-122.2304, 38.7397], [-122.2301, 38.7397], [-122.2301, 38.7399]]], [[[-122.228, 38.74], [-122.2283, 38.7397], [-122.228, 38.7397], [-122.228, 38.74]]], [[[-122.2339, 38.7396], [-122.2342, 38.7393], [-122.2339, 38.7393], [-122.2339, 38.7396]]], [[[-122.2304, 38.7397], [-122.2307, 38.7394], [-122.2304, 38.7394], [-122.2304, 38.7397]]], [[[-122.2283, 38.7397], [-122.2287, 38.7394], [-122.2283, 38.7394], [-122.2283, 38.7397]]], [[[-122.2276, 38.7397], [-122.228, 38.7394], [-122.2276, 38.7394], [-122.2276, 38.7397]]], [[[-122.2321, 38.7394], [-122.2321, 38.7385], [-122.2318, 38.7385], [-122.2311, 38.7394], [-122.2321, 38.7394]]], [[[-122.228, 38.7389], [-122.2279, 38.7383], [-122.2269, 38.7386], [-122.2269, 38.7389], [-122.228, 38.7389]]], [[[-122.2275, 38.7365], [-122.2279, 38.7362], [-122.2275, 38.7362], [-122.2275, 38.7365]]], [[[-122.2272, 38.7362], [-122.2275, 38.7359], [-122.2272, 38.7359], [-122.2272, 38.7362]]], [[[-122.2268, 38.7359], [-122.2272, 38.7357], [-122.2268, 38.7357], [-122.2268, 38.7359]]], [[[-122.2258, 38.7354], [-122.2261, 38.7351], [-122.2258, 38.7351], [-122.2258, 38.7354]]], [[[-122.2275, 38.7346], [-122.2278, 38.7343], [-122.2275, 38.7343], [-122.2275, 38.7346]]], [[[-122.2272, 38.7351], [-122.2268, 38.7341], [-122.2264, 38.7341], [-122.2258, 38.7349], [-122.2272, 38.7351]]], [[[-122.2244, 38.7344], [-122.2247, 38.7341], [-122.2244, 38.7341], [-122.2244, 38.7344]]], [[[-122.2098, 38.6987], [-122.2098, 38.6982], [-122.2091, 38.6982], [-122.2091, 38.6985], [-122.2098, 38.6987]]], [[[-122.2077, 38.6974], [-122.2091, 38.6974], [-122.2091, 38.6968], [-122.2077, 38.6974]]], [[[-122.2074, 38.6972], [-122.2077, 38.6969], [-122.2074, 38.6969], [-122.2074, 38.6972]]], [[[-122.216, 38.6967], [-122.2167, 38.6964], [-122.216, 38.6965], [-122.216, 38.6967]]], [[[-122.2077, 38.6969], [-122.208, 38.6966], [-122.2077, 38.6966], [-122.2077, 38.6969]]], [[[-122.2063, 38.6969], [-122.2074, 38.6966], [-122.2063, 38.6966], [-122.2063, 38.6969]]], [[[-122.1987, 38.6946], [-122.199, 38.6943], [-122.1986, 38.6943], [-122.1987, 38.6946]]], [[[-122.1938, 38.6944], [-122.1945, 38.6941], [-122.1938, 38.6942], [-122.1938, 38.6944]]], [[[-122.1928, 38.6942], [-122.1931, 38.6939], [-122.1928, 38.6939], [-122.1928, 38.6942]]], [[[-122.1952, 38.6939], [-122.1955, 38.6936], [-122.1952, 38.6936], [-122.1952, 38.6939]]], [[[-122.1959, 38.6936], [-122.1966, 38.6938], [-122.1965, 38.6933], [-122.1959, 38.6936]]], [[[-122.1945, 38.6936], [-122.1952, 38.6933], [-122.1945, 38.6933], [-122.1945, 38.6936]]], [[[-122.1972, 38.6933], [-122.1976, 38.693], [-122.1972, 38.693], [-122.1972, 38.6933]]], [[[-122.1927, 38.6928], [-122.1931, 38.6926], [-122.1927, 38.6926], [-122.1927, 38.6928]]], [[[-122.1907, 38.6929], [-122.191, 38.6926], [-122.1907, 38.6926], [-122.1907, 38.6929]]], [[[-122.1982, 38.6925], [-122.1986, 38.6922], [-122.1982, 38.6922], [-122.1982, 38.6925]]], [[[-122.192, 38.6926], [-122.1924, 38.6923], [-122.192, 38.6923], [-122.192, 38.6926]]], [[[-122.19, 38.6926], [-122.1906, 38.6923], [-122.19, 38.6923], [-122.19, 38.6926]]], [[[-122.1972, 38.6925], [-122.1975, 38.6919], [-122.1972, 38.6919], [-122.1972, 38.6925]]], [[[-122.1986, 38.6922], [-122.1989, 38.6919], [-122.1986, 38.6919], [-122.1986, 38.6922]]], [[[-122.1906, 38.6923], [-122.1917, 38.692], [-122.1906, 38.6918], [-122.1906, 38.6923]]], [[[-122.1989, 38.6919], [-122.1993, 38.6916], [-122.1989, 38.6916], [-122.1989, 38.6919]]], [[[-122.1979, 38.6919], [-122.1986, 38.6916], [-122.1979, 38.6914], [-122.1979, 38.6919]]], [[[-122.1986, 38.6916], [-122.1989, 38.6914], [-122.1986, 38.6914], [-122.1986, 38.6916]]], [[[-122.1982, 38.6914], [-122.1986, 38.6911], [-122.1982, 38.6911], [-122.1982, 38.6914]]], [[[-122.1906, 38.6915], [-122.191, 38.6912], [-122.1906, 38.6912], [-122.1906, 38.6915]]], [[[-122.1889, 38.691], [-122.1892, 38.6907], [-122.1889, 38.6907], [-122.1889, 38.691]]], [[[-122.1961, 38.6906], [-122.1968, 38.6903], [-122.1961, 38.6903], [-122.1961, 38.6906]]], [[[-122.1882, 38.6907], [-122.1885, 38.6902], [-122.1882, 38.6902], [-122.1882, 38.6907]]], [[[-122.1968, 38.6903], [-122.1971, 38.69], [-122.1968, 38.6901], [-122.1968, 38.6903]]], [[[-122.1889, 38.6905], [-122.1892, 38.6899], [-122.1888, 38.6899], [-122.1889, 38.6905]]], [[[-122.1985, 38.6898], [-122.1988, 38.6895], [-122.1985, 38.6895], [-122.1985, 38.6898]]], [[[-122.1951, 38.6901], [-122.1954, 38.6893], [-122.195, 38.6893], [-122.1951, 38.6901]]], [[[-122.1954, 38.689], [-122.1957, 38.6887], [-122.1954, 38.6887], [-122.1954, 38.689]]], [[[-122.1871, 38.6886], [-122.1874, 38.6883], [-122.1871, 38.6883], [-122.1871, 38.6886]]], [[[-122.1985, 38.6879], [-122.1988, 38.6876], [-122.1984, 38.6876], [-122.1985, 38.6879]]], [[[-122.1978, 38.6879], [-122.1981, 38.6876], [-122.1978, 38.6876], [-122.1978, 38.6879]]], [[[-122.1971, 38.6879], [-122.1974, 38.6876], [-122.1971, 38.6876], [-122.1971, 38.6879]]], [[[-122.1929, 38.688], [-122.1933, 38.6877], [-122.1929, 38.6877], [-122.1929, 38.688]]], [[[-122.1881, 38.6881], [-122.1884, 38.6878], [-122.1881, 38.6878], [-122.1881, 38.6881]]], [[[-122.1977, 38.6868], [-122.1981, 38.6865], [-122.1977, 38.6865], [-122.1977, 38.6868]]], [[[-122.1936, 38.6861], [-122.1939, 38.6858], [-122.1936, 38.6858], [-122.1936, 38.6861]]], [[[-122.1918, 38.6861], [-122.1922, 38.6858], [-122.1918, 38.6858], [-122.1918, 38.6861]]], [[[-122.1943, 38.6858], [-122.1942, 38.6852], [-122.1935, 38.685], [-122.1932, 38.6855], [-122.1943, 38.6858]]], [[[-122.1911, 38.6856], [-122.1915, 38.685], [-122.1911, 38.685], [-122.1911, 38.6856]]], [[[-122.1922, 38.6853], [-122.1932, 38.685], [-122.1922, 38.685], [-122.1922, 38.6853]]], [[[-122.1946, 38.685], [-122.1949, 38.6847], [-122.1946, 38.6847], [-122.1946, 38.685]]], [[[-122.1959, 38.6847], [-122.1963, 38.6844], [-122.1959, 38.6844], [-122.1959, 38.6847]]], [[[-122.1953, 38.6847], [-122.1956, 38.6844], [-122.1952, 38.6844], [-122.1953, 38.6847]]], [[[-122.1921, 38.6847], [-122.1928, 38.6845], [-122.1921, 38.6845], [-122.1921, 38.6847]]], [[[-122.1942, 38.6842], [-122.1945, 38.6839], [-122.1942, 38.6839], [-122.1942, 38.6842]]], [[[-122.1908, 38.6842], [-122.1911, 38.6839], [-122.1907, 38.684], [-122.1908, 38.6842]]], [[[-122.1921, 38.6839], [-122.1925, 38.6837], [-122.1921, 38.6837], [-122.1921, 38.6839]]], [[[-122.1952, 38.6833], [-122.1956, 38.6831], [-122.1952, 38.6831], [-122.1952, 38.6833]]], [[[-122.1921, 38.6837], [-122.1917, 38.6829], [-122.1914, 38.6829], [-122.1914, 38.6837], [-122.1921, 38.6837]]], [[[-122.1921, 38.6828], [-122.1924, 38.6826], [-122.1921, 38.6826], [-122.1921, 38.6828]]], [[[-122.1924, 38.6826], [-122.1928, 38.6823], [-122.1924, 38.6823], [-122.1924, 38.6826]]], [[[-122.1914, 38.6826], [-122.1921, 38.6823], [-122.1914, 38.6823], [-122.1914, 38.6826]]], [[[-122.1907, 38.6826], [-122.191, 38.6823], [-122.1907, 38.6823], [-122.1907, 38.6826]]], [[[-122.1962, 38.6577], [-122.1965, 38.6574], [-122.1962, 38.6574], [-122.1962, 38.6577]]], [[[-122.1471, 38.6561], [-122.1475, 38.6558], [-122.1471, 38.6558], [-122.1471, 38.6561]]], [[[-122.1481, 38.6556], [-122.1485, 38.6553], [-122.1481, 38.6553], [-122.1481, 38.6556]]], [[[-122.1492, 38.6555], [-122.1492, 38.655], [-122.1485, 38.655], [-122.1485, 38.6553], [-122.1492, 38.6555]]], [[[-122.1905, 38.6532], [-122.1909, 38.6529], [-122.1905, 38.6529], [-122.1905, 38.6532]]], [[[-122.1225, 38.6533], [-122.1229, 38.653], [-122.1225, 38.653], [-122.1225, 38.6533]]], [[[-122.1213, 38.6469], [-122.1216, 38.6466], [-122.1213, 38.6466], [-122.1213, 38.6469]]], [[[-122.135, 38.6442], [-122.1357, 38.6439], [-122.135, 38.6439], [-122.135, 38.6442]]], [[[-122.1357, 38.6436], [-122.135, 38.6428], [-122.134, 38.6431], [-122.1343, 38.6437], [-122.1357, 38.6436]]], [[[-122.1353, 38.6431], [-122.1357, 38.6428], [-122.1353, 38.6428], [-122.1353, 38.6431]]], [[[-122.1353, 38.6426], [-122.1357, 38.6423], [-122.1353, 38.6423], [-122.1353, 38.6426]]], [[[-122.135, 38.6426], [-122.1346, 38.6418], [-122.1332, 38.6421], [-122.1333, 38.6423], [-122.135, 38.6426]]], [[[-122.1329, 38.6421], [-122.1332, 38.6418], [-122.1329, 38.6418], [-122.1329, 38.6421]]], [[[-122.1163, 38.6424], [-122.1167, 38.6421], [-122.1163, 38.6421], [-122.1163, 38.6424]]], [[[-122.1326, 38.6418], [-122.1329, 38.6415], [-122.1325, 38.6415], [-122.1326, 38.6418]]], [[[-122.1332, 38.6415], [-122.1336, 38.6412], [-122.1332, 38.6412], [-122.1332, 38.6415]]], [[[-122.1322, 38.6418], [-122.1325, 38.6413], [-122.1311, 38.6407], [-122.1312, 38.6413], [-122.1322, 38.6418]]], [[[-122.1352, 38.6369], [-122.1355, 38.6366], [-122.1352, 38.6366], [-122.1352, 38.6369]]], [[[-122.1159, 38.6372], [-122.1162, 38.637], [-122.1158, 38.637], [-122.1159, 38.6372]]], [[[-122.1741, 38.6359], [-122.1745, 38.6357], [-122.1741, 38.6357], [-122.1741, 38.6359]]], [[[-122.1758, 38.6351], [-122.1762, 38.6348], [-122.1758, 38.6348], [-122.1758, 38.6351]]], [[[-122.132, 38.6332], [-122.1323, 38.6329], [-122.1319, 38.6329], [-122.132, 38.6332]]], [[[-122.1343, 38.6318], [-122.1347, 38.6315], [-122.1343, 38.6315], [-122.1343, 38.6318]]], [[[-122.1347, 38.6315], [-122.135, 38.631], [-122.1347, 38.631], [-122.1347, 38.6315]]], [[[-122.1591, 38.6305], [-122.1595, 38.6303], [-122.1591, 38.6303], [-122.1591, 38.6305]]], [[[-122.1588, 38.6303], [-122.1591, 38.63], [-122.1588, 38.63], [-122.1588, 38.6303]]], [[[-122.1584, 38.63], [-122.1588, 38.6295], [-122.1584, 38.6295], [-122.1584, 38.63]]], [[[-122.1577, 38.6295], [-122.1581, 38.6289], [-122.1577, 38.6289], [-122.1577, 38.6295]]], [[[-122.1601, 38.6289], [-122.1605, 38.6286], [-122.1601, 38.6286], [-122.1601, 38.6289]]], [[[-122.1581, 38.6289], [-122.1584, 38.6287], [-122.1581, 38.6287], [-122.1581, 38.6289]]], [[[-122.1619, 38.6289], [-122.1622, 38.6283], [-122.1618, 38.6283], [-122.1619, 38.6289]]], [[[-122.1577, 38.6287], [-122.158, 38.6284], [-122.1577, 38.6284], [-122.1577, 38.6287]]], [[[-122.1622, 38.628], [-122.1625, 38.6278], [-122.1622, 38.6278], [-122.1622, 38.628]]], [[[-122.1611, 38.6281], [-122.1618, 38.6278], [-122.1611, 38.6278], [-122.1611, 38.6281]]], [[[-122.1577, 38.6276], [-122.158, 38.6273], [-122.1577, 38.6273], [-122.1577, 38.6276]]], [[[-122.1622, 38.6272], [-122.1628, 38.627], [-122.1621, 38.6267], [-122.1622, 38.6272]]], [[[-122.167, 38.6269], [-122.1673, 38.6266], [-122.167, 38.6266], [-122.167, 38.6269]]], [[[-122.1663, 38.6269], [-122.1666, 38.6266], [-122.1663, 38.6266], [-122.1663, 38.6269]]], [[[-122.1611, 38.627], [-122.1614, 38.6267], [-122.1611, 38.6267], [-122.1611, 38.627]]], [[[-122.1646, 38.6267], [-122.1649, 38.6264], [-122.1645, 38.6264], [-122.1646, 38.6267]]], [[[-122.1594, 38.6267], [-122.1597, 38.6265], [-122.1594, 38.6265], [-122.1594, 38.6267]]], [[[-122.1584, 38.6281], [-122.1597, 38.6275], [-122.1587, 38.6262], [-122.158, 38.6265], [-122.1587, 38.627], [-122.1584, 38.6281]]], [[[-122.1666, 38.6266], [-122.1669, 38.6261], [-122.1666, 38.6261], [-122.1666, 38.6266]]], [[[-122.1635, 38.6259], [-122.1638, 38.6256], [-122.1635, 38.6256], [-122.1635, 38.6259]]], [[[-122.1607, 38.6256], [-122.1611, 38.6254], [-122.1607, 38.6254], [-122.1607, 38.6256]]], [[[-122.1656, 38.6264], [-122.1659, 38.6253], [-122.1652, 38.625], [-122.1645, 38.6256], [-122.1649, 38.6264], [-122.1656, 38.6264]], [[-122.1656, 38.6256], [-122.1652, 38.6261], [-122.1652, 38.6256], [-122.1656, 38.6256]]], [[[-122.1631, 38.6256], [-122.1631, 38.6251], [-122.1621, 38.6253], [-122.1621, 38.6256], [-122.1631, 38.6256]]], [[[-122.1604, 38.6254], [-122.1607, 38.6251], [-122.1604, 38.6251], [-122.1604, 38.6254]]], [[[-122.1597, 38.6262], [-122.1597, 38.6257], [-122.1586, 38.6249], [-122.1583, 38.6257], [-122.1597, 38.6262]]], [[[-122.1642, 38.625], [-122.1645, 38.6248], [-122.1642, 38.6248], [-122.1642, 38.625]]], [[[-122.1631, 38.6251], [-122.1635, 38.6248], [-122.1631, 38.6248], [-122.1631, 38.6251]]], [[[-122.1597, 38.6248], [-122.16, 38.6246], [-122.1597, 38.6246], [-122.1597, 38.6248]]], [[[-122.1617, 38.6251], [-122.1617, 38.6245], [-122.161, 38.6243], [-122.1607, 38.6248], [-122.1617, 38.6251]]], [[[-122.1655, 38.6247], [-122.1652, 38.6242], [-122.1645, 38.6242], [-122.1645, 38.6248], [-122.1655, 38.6247]]], [[[-122.1652, 38.6242], [-122.1655, 38.6239], [-122.1652, 38.6239], [-122.1652, 38.6242]]], [[[-122.1655, 38.6239], [-122.1658, 38.6237], [-122.1655, 38.6237], [-122.1655, 38.6239]]], [[[-122.1631, 38.624], [-122.1634, 38.6237], [-122.1631, 38.6237], [-122.1631, 38.624]]], [[[-122.1634, 38.6237], [-122.1641, 38.6234], [-122.1634, 38.6234], [-122.1634, 38.6237]]], [[[-122.1399, 38.622], [-122.1399, 38.6214], [-122.1392, 38.6214], [-122.1392, 38.6217], [-122.1399, 38.622]]], [[[-122.1702, 38.6203], [-122.1706, 38.6201], [-122.1702, 38.6201], [-122.1702, 38.6203]]], [[[-122.1258, 38.6219], [-122.1251, 38.6217], [-122.1254, 38.6209], [-122.1247, 38.6209], [-122.1247, 38.622], [-122.1258, 38.6219]]], [[[-122.1261, 38.6209], [-122.1261, 38.6203], [-122.125, 38.6203], [-122.125, 38.6206], [-122.1261, 38.6209]]], [[[-122.1261, 38.6203], [-122.1264, 38.62], [-122.1261, 38.62], [-122.1261, 38.6203]]], [[[-122.126, 38.6192], [-122.1264, 38.619], [-122.126, 38.619], [-122.126, 38.6192]]], [[[-122.1218, 38.6171], [-122.1225, 38.6169], [-122.1218, 38.6169], [-122.1218, 38.6171]]], [[[-122.1236, 38.6168], [-122.1235, 38.616], [-122.1232, 38.616], [-122.1229, 38.6169], [-122.1236, 38.6168]]], [[[-122.126, 38.6163], [-122.1263, 38.616], [-122.1259, 38.616], [-122.126, 38.6163]]], [[[-122.1218, 38.6147], [-122.1221, 38.6144], [-122.1218, 38.6145], [-122.1218, 38.6147]]], [[[-122.1224, 38.6139], [-122.1228, 38.6136], [-122.1224, 38.6136], [-122.1224, 38.6139]]], [[[-122.1731, 38.6117], [-122.1734, 38.6114], [-122.1731, 38.6114], [-122.1731, 38.6117]]], [[[-122.171, 38.6114], [-122.1713, 38.6111], [-122.171, 38.6111], [-122.171, 38.6114]]], [[[-122.1731, 38.6111], [-122.1734, 38.6108], [-122.1731, 38.6108], [-122.1731, 38.6111]]], [[[-122.1298, 38.6062], [-122.1301, 38.6059], [-122.1298, 38.6059], [-122.1298, 38.6062]]], [[[-122.1298, 38.6046], [-122.1301, 38.6043], [-122.1297, 38.6043], [-122.1298, 38.6046]]], [[[-122.1277, 38.6046], [-122.128, 38.6044], [-122.1277, 38.6044], [-122.1277, 38.6046]]], [[[-122.1355, 38.5999], [-122.1358, 38.5996], [-122.1355, 38.5996], [-122.1355, 38.5999]]], [[[-122.1348, 38.5999], [-122.1351, 38.5996], [-122.1348, 38.5996], [-122.1348, 38.5999]]], [[[-122.1361, 38.598], [-122.1365, 38.5977], [-122.1361, 38.5977], [-122.1361, 38.598]]], [[[-122.1236, 38.595], [-122.124, 38.5947], [-122.1236, 38.5947], [-122.1236, 38.595]]], [[[-122.1222, 38.5947], [-122.1229, 38.5945], [-122.1222, 38.5945], [-122.1222, 38.5947]]], [[[-122.1219, 38.5591], [-122.1222, 38.5588], [-122.1219, 38.5588], [-122.1219, 38.5591]]]]}, "properties": {"layer": "cell", "cell_id": "380_2000", "seed_zone": "380", "elevation_band": "2000–2500 ft"}}, {"type": "Feature", "geometry": {"type": "Polygon", "coordinates": [[[-122.1963, 38.6836], [-122.1966, 38.6833], [-122.1962, 38.6833], [-122.1963, 38.6836]]]}, "properties": {"layer": "cell", "cell_id": "380_2500", "seed_zone": "380", "elevation_band": "2500–3000 ft"}}]}
