{"type": "FeatureCollection", "features": [{"type": "Feature", "geometry": {"type": "MultiPolygon", "coordinates": [[[[-122.1499, 37.0561], [-122.1494, 37.056], [-122.1496, 37.0556], [-122.1499, 37.0561]]], [[[-122.3161, 37.1345], [-122.3189, 37.1377], [-122.3189, 37.1378], [-122.3171, 37.1368], [-122.3161, 37.1345]]], [[[-122.3256, 37.139], [-122.3252, 37.1376], [-122.3287, 37.1364], [-122.3286, 37.138], [-122.3269, 37.1391], [-122.3256, 37.139]]], [[[-122.1236, 37.0616], [-122.1215, 37.0614], [-122.122, 37.0608], [-122.1195, 37.0611], [-122.1191, 37.0631], [-122.1207, 37.0628], [-122.1214, 37.0635], [-122.1196, 37.0645], [-122.1182, 37.0645], [-122.1178, 37.0651], [-122.1185, 37.0654], [-122.117, 37.0665], [-122.1197, 37.0666], [-122.1211, 37.0684], [-122.1231, 37.0683], [-122.1246, 37.0716], [-122.1254, 37.0713], [-122.1294, 37.0732], [-122.1297, 37.0749], [-122.1314, 37.0755], [-122.1307, 37.0764], [-122.1319, 37.0779], [-122.1334, 37.0783], [-122.1347, 37.0816], [-122.1358, 37.0818], [-122.1368, 37.0833], [-122.1377, 37.083], [-122.1372, 37.0822], [-122.1386, 37.081], [-122.14, 37.0824], [-122.1416, 37.0813], [-122.1418, 37.0797], [-122.143, 37.08], [-122.1424, 37.0784], [-122.1433, 37.0781], [-122.1426, 37.0778], [-122.143, 37.0765], [-122.145, 37.0761], [-122.145, 37.0741], [-122.1432, 37.0739], [-122.1424, 37.0725], [-122.1438, 37.0724], [-122.1441, 37.0715], [-122.1419, 37.069], [-122.1412, 37.0668], [-122.1426, 37.0659], [-122.1425, 37.065], [-122.1438, 37.0655], [-122.1448, 37.0647], [-122.1467, 37.0657], [-122.1503, 37.0659], [-122.151, 37.0655], [-122.1507, 37.064], [-122.1533, 37.064], [-122.1532, 37.0631], [-122.151, 37.0631], [-122.1508, 37.0622], [-122.1493, 37.0626], [-122.1487, 37.0618], [-122.1495, 37.0619], [-122.1514, 37.0596], [-122.151, 37.0592], [-122.1518, 37.0588], [-122.153, 37.056], [-122.1544, 37.0565], [-122.1553, 37.0559], [-122.1582, 37.0564], [-122.1574, 37.0575], [-122.1584, 37.0583], [-122.1571, 37.0588], [-122.1585, 37.0597], [-122.1594, 37.0597], [-122.1598, 37.0585], [-122.1611, 37.0586], [-122.1609, 37.0576], [-122.1621, 37.0565], [-122.1631, 37.0566], [-122.1635, 37.0577], [-122.1643, 37.0573], [-122.1674, 37.0591], [-122.1686, 37.058], [-122.1693, 37.059], [-122.1709, 37.0587], [-122.1724, 37.0571], [-122.1714, 37.0562], [-122.1725, 37.055], [-122.1722, 37.0541], [-122.171, 37.0541], [-122.1715, 37.0529], [-122.1699, 37.053], [-122.1697, 37.0542], [-122.1684, 37.0539], [-122.169, 37.0502], [-122.1667, 37.0513], [-122.1646, 37.0507], [-122.1638, 37.0516], [-122.1629, 37.0514], [-122.1629, 37.0546], [-122.1592, 37.0549], [-122.1585, 37.0539], [-122.1597, 37.0543], [-122.1607, 37.0536], [-122.1609, 37.0504], [-122.1624, 37.0499], [-122.1624, 37.0509], [-122.1615, 37.0515], [-122.1622, 37.0516], [-122.1644, 37.0496], [-122.1634, 37.0501], [-122.163, 37.0487], [-122.1618, 37.049], [-122.1621, 37.0483], [-122.1611, 37.0482], [-122.1623, 37.0476], [-122.1622, 37.047], [-122.1605, 37.0473], [-122.1609, 37.0451], [-122.1588, 37.0445], [-122.1585, 37.0424], [-122.1569, 37.0421], [-122.156, 37.0438], [-122.1555, 37.0427], [-122.1531, 37.0418], [-122.1531, 37.0403], [-122.154, 37.0404], [-122.156, 37.0384], [-122.1583, 37.0381], [-122.1611, 37.0364], [-122.1619, 37.0374], [-122.1641, 37.0377], [-122.1639, 37.0395], [-122.1691, 37.0401], [-122.1691, 37.0386], [-122.1701, 37.0387], [-122.171, 37.0401], [-122.1697, 37.041], [-122.1681, 37.0406], [-122.1671, 37.0421], [-122.1686, 37.0421], [-122.1707, 37.0433], [-122.173, 37.0426], [-122.1726, 37.0439], [-122.1744, 37.0447], [-122.1756, 37.0466], [-122.1781, 37.0474], [-122.1795, 37.0509], [-122.1812, 37.0516], [-122.1826, 37.051], [-122.1824, 37.0478], [-122.1804, 37.0456], [-122.1772, 37.0449], [-122.1773, 37.043], [-122.1766, 37.0442], [-122.1759, 37.0424], [-122.177, 37.0416], [-122.1764, 37.0409], [-122.1775, 37.0405], [-122.1756, 37.0404], [-122.1791, 37.0366], [-122.1791, 37.035], [-122.1798, 37.035], [-122.1837, 37.0301], [-122.1835, 37.0287], [-122.185, 37.0298], [-122.1861, 37.029], [-122.1875, 37.0302], [-122.1876, 37.0288], [-122.1886, 37.0284], [-122.1881, 37.0294], [-122.1885, 37.0302], [-122.1885, 37.0295], [-122.1904, 37.0293], [-122.1917, 37.0305], [-122.1916, 37.0288], [-122.1902, 37.0281], [-122.1898, 37.0267], [-122.1917, 37.0276], [-122.1925, 37.0302], [-122.1958, 37.0279], [-122.1982, 37.0278], [-122.1979, 37.0286], [-122.1988, 37.0294], [-122.1976, 37.0305], [-122.2001, 37.0313], [-122.1993, 37.0318], [-122.1999, 37.0329], [-122.2013, 37.0326], [-122.2035, 37.0303], [-122.2046, 37.0315], [-122.2051, 37.0332], [-122.2018, 37.0348], [-122.2018, 37.0355], [-122.2041, 37.0385], [-122.205, 37.0379], [-122.2052, 37.0392], [-122.2043, 37.0392], [-122.2027, 37.0406], [-122.2036, 37.0417], [-122.2065, 37.0429], [-122.2082, 37.0429], [-122.2102, 37.0399], [-122.2113, 37.0395], [-122.2153, 37.0388], [-122.2158, 37.0398], [-122.2165, 37.0388], [-122.2205, 37.0387], [-122.2226, 37.0373], [-122.2243, 37.0382], [-122.2242, 37.0401], [-122.2213, 37.0409], [-122.2217, 37.0416], [-122.2202, 37.0433], [-122.2179, 37.0442], [-122.2197, 37.0447], [-122.2218, 37.0443], [-122.2205, 37.0469], [-122.2222, 37.0474], [-122.2213, 37.0497], [-122.2228, 37.0492], [-122.2223, 37.0502], [-122.2236, 37.0496], [-122.2255, 37.0509], [-122.2259, 37.0527], [-122.225, 37.0516], [-122.2229, 37.0537], [-122.2251, 37.0543], [-122.2261, 37.0539], [-122.2263, 37.0549], [-122.2251, 37.057], [-122.2265, 37.0602], [-122.2276, 37.0574], [-122.2277, 37.0487], [-122.2258, 37.0477], [-122.2272, 37.0439], [-122.2257, 37.043], [-122.2293, 37.0409], [-122.2294, 37.0437], [-122.2305, 37.0443], [-122.2321, 37.0474], [-122.2337, 37.0472], [-122.2333, 37.0496], [-122.2341, 37.049], [-122.2346, 37.0519], [-122.2364, 37.0528], [-122.2366, 37.0539], [-122.2357, 37.0547], [-122.2375, 37.0545], [-122.2368, 37.0569], [-122.2418, 37.0559], [-122.2416, 37.0571], [-122.2427, 37.0574], [-122.2439, 37.059], [-122.2436, 37.0633], [-122.2465, 37.0648], [-122.2479, 37.0643], [-122.2483, 37.0641], [-122.2463, 37.0617], [-122.248, 37.0612], [-122.2495, 37.0643], [-122.2486, 37.0655], [-122.2505, 37.065], [-122.2508, 37.0654], [-122.25, 37.0672], [-122.253, 37.0661], [-122.2536, 37.0666], [-122.2536, 37.0675], [-122.2557, 37.07], [-122.2555, 37.0719], [-122.2566, 37.0728], [-122.2555, 37.0737], [-122.2583, 37.0734], [-122.2589, 37.0739], [-122.2581, 37.0746], [-122.2584, 37.0755], [-122.2618, 37.0764], [-122.2633, 37.0791], [-122.2659, 37.0814], [-122.2661, 37.0832], [-122.2697, 37.0865], [-122.2705, 37.0892], [-122.2728, 37.0925], [-122.2736, 37.0925], [-122.2738, 37.0898], [-122.2751, 37.0894], [-122.276, 37.0941], [-122.2778, 37.0968], [-122.2776, 37.0974], [-122.2745, 37.0968], [-122.2738, 37.0974], [-122.2734, 37.0993], [-122.2744, 37.1016], [-122.274, 37.1027], [-122.2733, 37.1032], [-122.2731, 37.1027], [-122.2711, 37.1044], [-122.2714, 37.1055], [-122.27, 37.1073], [-122.2719, 37.106], [-122.2707, 37.1087], [-122.272, 37.1109], [-122.2702, 37.1121], [-122.2714, 37.1125], [-122.2724, 37.111], [-122.2731, 37.1118], [-122.2742, 37.1086], [-122.2769, 37.1088], [-122.2776, 37.1081], [-122.2759, 37.1067], [-122.2741, 37.1063], [-122.2758, 37.1049], [-122.2778, 37.1052], [-122.279, 37.1041], [-122.2787, 37.1026], [-122.2756, 37.1007], [-122.2782, 37.0999], [-122.279, 37.0979], [-122.2781, 37.0966], [-122.2788, 37.0965], [-122.2808, 37.098], [-122.2854, 37.1038], [-122.2862, 37.1033], [-122.286, 37.1039], [-122.2881, 37.1045], [-122.288, 37.1057], [-122.2943, 37.1091], [-122.2945, 37.1106], [-122.2962, 37.1107], [-122.2982, 37.1122], [-122.2965, 37.1155], [-122.2996, 37.1167], [-122.3026, 37.1205], [-122.3042, 37.1192], [-122.3041, 37.1184], [-122.305, 37.1189], [-122.3052, 37.1198], [-122.3032, 37.1216], [-122.3037, 37.1235], [-122.3048, 37.1257], [-122.3061, 37.1252], [-122.307, 37.1257], [-122.3047, 37.1286], [-122.3069, 37.1277], [-122.3069, 37.1271], [-122.3076, 37.1274], [-122.3072, 37.1281], [-122.3098, 37.1282], [-122.3097, 37.131], [-122.3115, 37.1336], [-122.3106, 37.1352], [-122.3115, 37.1351], [-122.3129, 37.1328], [-122.3124, 37.1356], [-122.3147, 37.1356], [-122.3142, 37.1369], [-122.3165, 37.1396], [-122.3186, 37.1389], [-122.3197, 37.141], [-122.3227, 37.1437], [-122.323, 37.1455], [-122.3261, 37.145], [-122.3275, 37.1409], [-122.3299, 37.1409], [-122.3301, 37.1398], [-122.3313, 37.1389], [-122.3308, 37.1371], [-122.3316, 37.1367], [-122.3323, 37.1384], [-122.3351, 37.1381], [-122.3362, 37.1391], [-122.3372, 37.1389], [-122.336, 37.1453], [-122.3445, 37.1481], [-122.343, 37.15], [-122.3382, 37.1524], [-122.3346, 37.1575], [-122.3323, 37.1577], [-122.3298, 37.1596], [-122.329, 37.1618], [-122.3266, 37.1616], [-122.3248, 37.1655], [-122.3259, 37.1654], [-122.3251, 37.1659], [-122.3264, 37.1659], [-122.3273, 37.167], [-122.3278, 37.1661], [-122.3285, 37.1661], [-122.3288, 37.1671], [-122.3303, 37.1669], [-122.3333, 37.1688], [-122.3345, 37.1721], [-122.3333, 37.1731], [-122.3355, 37.1732], [-122.3353, 37.1763], [-122.3361, 37.1782], [-122.3356, 37.179], [-122.3377, 37.1809], [-122.339, 37.1849], [-122.338, 37.186], [-122.339, 37.1861], [-122.3416, 37.1884], [-122.3429, 37.1908], [-122.3408, 37.1919], [-122.3442, 37.1946], [-122.3462, 37.1979], [-122.3438, 37.1975], [-122.34, 37.1958], [-122.3379, 37.196], [-122.3389, 37.197], [-122.3382, 37.1982], [-122.3399, 37.2014], [-122.3332, 37.2075], [-122.3297, 37.2096], [-122.3284, 37.2094], [-122.3272, 37.2109], [-122.3295, 37.2122], [-122.3307, 37.2141], [-122.3343, 37.213], [-122.3338, 37.2145], [-122.3315, 37.2157], [-122.3325, 37.2187], [-122.3333, 37.2188], [-122.3346, 37.2215], [-122.3282, 37.2263], [-122.3286, 37.2274], [-122.3258, 37.2281], [-122.3262, 37.2302], [-122.3232, 37.2313], [-122.3233, 37.2328], [-122.3224, 37.233], [-122.3217, 37.2347], [-122.3216, 37.237], [-122.3187, 37.2386], [-122.3184, 37.24], [-122.3165, 37.2402], [-122.3169, 37.2413], [-122.3172, 37.2404], [-122.3192, 37.2409], [-122.3202, 37.2394], [-122.323, 37.2414], [-122.3243, 37.2414], [-122.325, 37.2407], [-122.3245, 37.2434], [-122.3212, 37.2457], [-122.3203, 37.247], [-122.3207, 37.2474], [-122.3191, 37.2488], [-122.3173, 37.2483], [-122.3149, 37.2495], [-122.3125, 37.248], [-122.3067, 37.2514], [-122.3029, 37.2518], [-122.3032, 37.2558], [-122.307, 37.2552], [-122.3111, 37.2574], [-122.316, 37.261], [-122.3165, 37.2621], [-122.3142, 37.2628], [-122.3134, 37.2621], [-122.312, 37.2625], [-122.3096, 37.2651], [-122.3091, 37.2671], [-122.3097, 37.2686], [-122.3065, 37.271], [-122.3038, 37.2701], [-122.3007, 37.2708], [-122.2987, 37.2697], [-122.2983, 37.2681], [-122.2958, 37.2715], [-122.2949, 37.2717], [-122.2935, 37.2704], [-122.2918, 37.272], [-122.2897, 37.2718], [-122.2905, 37.2707], [-122.2887, 37.2714], [-122.2861, 37.2715], [-122.2854, 37.271], [-122.2851, 37.2715], [-122.2822, 37.2695], [-122.2814, 37.2706], [-122.2772, 37.271], [-122.2767, 37.2716], [-122.2761, 37.2708], [-122.2729, 37.2696], [-122.2718, 37.2704], [-122.2707, 37.2703], [-122.2692, 37.2692], [-122.2656, 37.2683], [-122.2658, 37.2663], [-122.2622, 37.266], [-122.2602, 37.2652], [-122.258, 37.2639], [-122.2575, 37.2626], [-122.2532, 37.2619], [-122.2505, 37.2596], [-122.2476, 37.26], [-122.2467, 37.259], [-122.2454, 37.2587], [-122.2454, 37.2573], [-122.2433, 37.2566], [-122.2428, 37.2548], [-122.2393, 37.2555], [-122.2383, 37.2544], [-122.2365, 37.2544], [-122.2342, 37.2534], [-122.2334, 37.252], [-122.2312, 37.2519], [-122.2308, 37.251], [-122.2296, 37.2531], [-122.2285, 37.2531], [-122.2265, 37.2517], [-122.2221, 37.2502], [-122.221, 37.2476], [-122.2181, 37.2471], [-122.2129, 37.2436], [-122.2119, 37.2414], [-122.2123, 37.2403], [-122.209, 37.2402], [-122.2072, 37.239], [-122.2058, 37.2372], [-122.2074, 37.2348], [-122.2046, 37.2366], [-122.2027, 37.2362], [-122.2007, 37.2346], [-122.1986, 37.2311], [-122.1934, 37.228], [-122.1941, 37.2247], [-122.1911, 37.2227], [-122.1896, 37.2194], [-122.1885, 37.2194], [-122.188, 37.22], [-122.1848, 37.218], [-122.1837, 37.2161], [-122.1848, 37.2148], [-122.1817, 37.2143], [-122.1815, 37.2127], [-122.1799, 37.2132], [-122.1785, 37.2121], [-122.1766, 37.2131], [-122.1755, 37.2128], [-122.1773, 37.2103], [-122.1782, 37.2102], [-122.1774, 37.2097], [-122.1772, 37.208], [-122.1762, 37.2088], [-122.1745, 37.2088], [-122.1746, 37.2076], [-122.1738, 37.2069], [-122.1706, 37.2055], [-122.1674, 37.2056], [-122.1674, 37.2038], [-122.1643, 37.2039], [-122.1629, 37.2015], [-122.1645, 37.1991], [-122.1644, 37.1978], [-122.1633, 37.1972], [-122.1631, 37.1957], [-122.168, 37.195], [-122.1689, 37.1941], [-122.168, 37.1923], [-122.1646, 37.1915], [-122.1642, 37.1885], [-122.1634, 37.1877], [-122.1625, 37.1884], [-122.1596, 37.1871], [-122.1572, 37.187], [-122.1562, 37.1891], [-122.1538, 37.1881], [-122.149, 37.1887], [-122.1449, 37.1824], [-122.1421, 37.1811], [-122.1415, 37.1789], [-122.1402, 37.1792], [-122.1415, 37.175], [-122.1454, 37.1753], [-122.1438, 37.1745], [-122.146, 37.1744], [-122.1442, 37.1722], [-122.1454, 37.1715], [-122.1451, 37.1708], [-122.143, 37.1717], [-122.1429, 37.1708], [-122.1419, 37.1706], [-122.1424, 37.17], [-122.1388, 37.1707], [-122.137, 37.1682], [-122.1381, 37.1657], [-122.1376, 37.1635], [-122.1393, 37.1626], [-122.1397, 37.161], [-122.1391, 37.1606], [-122.1399, 37.1607], [-122.1359, 37.157], [-122.1362, 37.1558], [-122.1379, 37.1558], [-122.1361, 37.1539], [-122.1368, 37.1531], [-122.1391, 37.1533], [-122.1375, 37.1511], [-122.138, 37.1494], [-122.1394, 37.1488], [-122.1391, 37.1471], [-122.1348, 37.1451], [-122.1343, 37.1422], [-122.1336, 37.1422], [-122.1339, 37.1412], [-122.1323, 37.1408], [-122.1326, 37.1396], [-122.1295, 37.1375], [-122.1301, 37.1354], [-122.1258, 37.1328], [-122.1259, 37.1319], [-122.1246, 37.1314], [-122.1236, 37.1296], [-122.1257, 37.1297], [-122.125, 37.1283], [-122.126, 37.1271], [-122.1274, 37.1287], [-122.1283, 37.1287], [-122.1289, 37.1274], [-122.1326, 37.1294], [-122.1325, 37.1303], [-122.1352, 37.1318], [-122.1346, 37.1316], [-122.1346, 37.1323], [-122.1366, 37.1327], [-122.1362, 37.134], [-122.1373, 37.1335], [-122.1375, 37.1349], [-122.1364, 37.1349], [-122.1377, 37.1367], [-122.1392, 37.1365], [-122.1408, 37.1382], [-122.1429, 37.1387], [-122.1435, 37.1396], [-122.1465, 37.14], [-122.1469, 37.1407], [-122.1493, 37.1397], [-122.1497, 37.1389], [-122.1468, 37.1377], [-122.1434, 37.1382], [-122.1424, 37.1351], [-122.1396, 37.1339], [-122.1358, 37.1304], [-122.1367, 37.1288], [-122.1349, 37.129], [-122.1347, 37.1283], [-122.1336, 37.129], [-122.1324, 37.1282], [-122.1335, 37.1279], [-122.1345, 37.126], [-122.1319, 37.1259], [-122.1298, 37.125], [-122.1298, 37.124], [-122.1275, 37.1237], [-122.1253, 37.1219], [-122.1264, 37.1208], [-122.1239, 37.1205], [-122.1238, 37.1185], [-122.1216, 37.1167], [-122.1217, 37.1161], [-122.1229, 37.1157], [-122.1229, 37.1153], [-122.1208, 37.1154], [-122.1197, 37.1145], [-122.119, 37.1147], [-122.1174, 37.1124], [-122.1162, 37.1126], [-122.1165, 37.1103], [-122.1152, 37.1098], [-122.1155, 37.1089], [-122.1145, 37.1071], [-122.1125, 37.1069], [-122.1127, 37.1065], [-122.1106, 37.1069], [-122.1109, 37.1074], [-122.1098, 37.1071], [-122.1137, 37.1053], [-122.1127, 37.1046], [-122.1118, 37.1049], [-122.1123, 37.1042], [-122.1114, 37.1034], [-122.1113, 37.1045], [-122.1092, 37.1048], [-122.1086, 37.1037], [-122.1094, 37.1029], [-122.1088, 37.1014], [-122.1095, 37.1003], [-122.1104, 37.1002], [-122.1103, 37.1013], [-122.1111, 37.1015], [-122.1128, 37.0997], [-122.1148, 37.0987], [-122.1154, 37.0997], [-122.118, 37.0988], [-122.1176, 37.0995], [-122.1182, 37.0996], [-122.1207, 37.0981], [-122.1198, 37.0981], [-122.1192, 37.0974], [-122.1197, 37.0972], [-122.1176, 37.096], [-122.1153, 37.0965], [-122.115, 37.0976], [-122.1142, 37.096], [-122.1134, 37.0958], [-122.1139, 37.0952], [-122.1155, 37.0954], [-122.116, 37.0933], [-122.1171, 37.0924], [-122.1138, 37.092], [-122.114, 37.0908], [-122.1132, 37.0904], [-122.1121, 37.092], [-122.1108, 37.0922], [-122.1104, 37.0909], [-122.1095, 37.091], [-122.1077, 37.0891], [-122.1072, 37.0899], [-122.1078, 37.0901], [-122.1062, 37.0906], [-122.1064, 37.089], [-122.1056, 37.0894], [-122.105, 37.0886], [-122.1052, 37.0878], [-122.1072, 37.087], [-122.1076, 37.0877], [-122.109, 37.0879], [-122.1097, 37.0863], [-122.1124, 37.0867], [-122.1127, 37.083], [-122.1145, 37.0825], [-122.1146, 37.0818], [-122.1133, 37.0808], [-122.1105, 37.0816], [-122.1087, 37.0804], [-122.1078, 37.0819], [-122.1055, 37.0819], [-122.1031, 37.0793], [-122.1021, 37.0789], [-122.1005, 37.0795], [-122.1, 37.0791], [-122.1001, 37.0765], [-122.0982, 37.0748], [-122.0979, 37.0733], [-122.099, 37.0713], [-122.0974, 37.0705], [-122.1003, 37.068], [-122.0985, 37.0671], [-122.0973, 37.0654], [-122.0945, 37.0585], [-122.0977, 37.0591], [-122.0952, 37.0565], [-122.0969, 37.0539], [-122.0938, 37.0528], [-122.0955, 37.0517], [-122.0928, 37.0506], [-122.0927, 37.05], [-122.0962, 37.0481], [-122.0961, 37.0476], [-122.0928, 37.0466], [-122.0915, 37.0419], [-122.0888, 37.0413], [-122.0883, 37.0403], [-122.089, 37.0383], [-122.0871, 37.0368], [-122.0883, 37.0362], [-122.0938, 37.0365], [-122.0971, 37.0337], [-122.1018, 37.037], [-122.1016, 37.0359], [-122.1024, 37.0355], [-122.1044, 37.0359], [-122.1052, 37.0353], [-122.1055, 37.0342], [-122.1043, 37.0324], [-122.1021, 37.0328], [-122.1033, 37.0309], [-122.1011, 37.0294], [-122.0999, 37.0275], [-122.1021, 37.0254], [-122.104, 37.0265], [-122.1053, 37.0261], [-122.1054, 37.0234], [-122.1061, 37.0226], [-122.1052, 37.0201], [-122.1115, 37.018], [-122.1122, 37.0188], [-122.1103, 37.0195], [-122.1102, 37.0202], [-122.1113, 37.0202], [-122.1124, 37.0211], [-122.1102, 37.0229], [-122.1103, 37.0239], [-122.1128, 37.0249], [-122.1177, 37.0243], [-122.119, 37.0234], [-122.1207, 37.024], [-122.1223, 37.023], [-122.1236, 37.0247], [-122.1241, 37.0286], [-122.1245, 37.0275], [-122.1256, 37.0271], [-122.1266, 37.028], [-122.1296, 37.0286], [-122.1317, 37.0269], [-122.1327, 37.0248], [-122.1316, 37.0248], [-122.1313, 37.024], [-122.1324, 37.0236], [-122.1343, 37.0253], [-122.1341, 37.027], [-122.1382, 37.0338], [-122.1375, 37.0337], [-122.1381, 37.0345], [-122.1339, 37.0382], [-122.1358, 37.0404], [-122.1354, 37.0415], [-122.1372, 37.0413], [-122.1372, 37.0445], [-122.1364, 37.0455], [-122.1378, 37.0488], [-122.1376, 37.0493], [-122.1362, 37.049], [-122.1357, 37.0481], [-122.1344, 37.0484], [-122.1353, 37.0478], [-122.1342, 37.0472], [-122.134, 37.0486], [-122.1371, 37.0498], [-122.1356, 37.0514], [-122.1358, 37.0529], [-122.1342, 37.0532], [-122.1373, 37.059], [-122.1394, 37.059], [-122.1373, 37.0603], [-122.1338, 37.0594], [-122.1343, 37.0625], [-122.1329, 37.0617], [-122.1294, 37.0619], [-122.1293, 37.0633], [-122.1283, 37.0636], [-122.1282, 37.0631], [-122.1269, 37.0644], [-122.1263, 37.0639], [-122.1258, 37.0653], [-122.1235, 37.063], [-122.1221, 37.0628], [-122.1233, 37.0621], [-122.1236, 37.0616]]], [[[-122.1807, 37.2131], [-122.1807, 37.2131], [-122.1807, 37.2131], [-122.1807, 37.2131]]], [[[-122.2231, 37.2613], [-122.2234, 37.2621], [-122.2226, 37.2617], [-122.2231, 37.2613]]], [[[-122.1282, 37.028], [-122.1281, 37.028], [-122.1282, 37.028], [-122.1282, 37.028]]], [[[-122.1466, 37.0495], [-122.1463, 37.049], [-122.1468, 37.0492], [-122.1466, 37.0495]]], [[[-122.1395, 37.0593], [-122.1397, 37.0598], [-122.1391, 37.0595], [-122.1395, 37.0593]]], [[[-122.1229, 37.0622], [-122.123, 37.0621], [-122.123, 37.0622], [-122.1229, 37.0622]]], [[[-122.1354, 37.0753], [-122.1368, 37.0765], [-122.1363, 37.0771], [-122.1353, 37.0768], [-122.1354, 37.0753]]]]}, "properties": {"layer": "perimeter"}}, {"type": "Feature", "geometry": {"type": "MultiPolygon", "coordinates": [[[[-122.1499, 37.0562], [-122.1495, 37.0557], [-122.1497, 37.0556], [-122.1499, 37.0562]]], [[[-122.3187, 37.1378], [-122.3171, 37.1368], [-122.3163, 37.1353], [-122.3187, 37.1378]]], [[[-122.1234, 37.0616], [-122.1215, 37.0614], [-122.122, 37.0608], [-122.1195, 37.0611], [-122.1191, 37.0631], [-122.1207, 37.0628], [-122.1214, 37.0635], [-122.1196, 37.0645], [-122.1182, 37.0645], [-122.1178, 37.0651], [-122.1185, 37.0654], [-122.117, 37.0664], [-122.1197, 37.0666], [-122.1211, 37.0684], [-122.1231, 37.0683], [-122.1246, 37.0716], [-122.1254, 37.0713], [-122.1294, 37.0732], [-122.1297, 37.0749], [-122.1314, 37.0755], [-122.1307, 37.0764], [-122.1319, 37.0779], [-122.1334, 37.0783], [-122.1347, 37.0816], [-122.1358, 37.0818], [-122.1371, 37.0834], [-122.1377, 37.083], [-122.1372, 37.0822], [-122.1386, 37.081], [-122.14, 37.0824], [-122.1416, 37.0813], [-122.1418, 37.0797], [-122.143, 37.0801], [-122.1424, 37.0784], [-122.1433, 37.0781], [-122.1426, 37.0779], [-122.1429, 37.0767], [-122.145, 37.0761], [-122.145, 37.0741], [-122.1432, 37.0739], [-122.1424, 37.0725], [-122.1438, 37.0724], [-122.1441, 37.0715], [-122.1419, 37.069], [-122.1412, 37.0668], [-122.1426, 37.0659], [-122.1425, 37.065], [-122.1438, 37.0655], [-122.1448, 37.0647], [-122.1467, 37.0657], [-122.1503, 37.0659], [-122.151, 37.0655], [-122.1507, 37.064], [-122.1533, 37.064], [-122.1532, 37.0631], [-122.151, 37.0631], [-122.1508, 37.0622], [-122.1493, 37.0626], [-122.1487, 37.0618], [-122.1495, 37.0619], [-122.1514, 37.0596], [-122.151, 37.0592], [-122.1518, 37.0588], [-122.153, 37.056], [-122.1544, 37.0565], [-122.1553, 37.0559], [-122.1582, 37.0564], [-122.1574, 37.0575], [-122.1584, 37.0583], [-122.1571, 37.0588], [-122.1585, 37.0597], [-122.1594, 37.0597], [-122.1598, 37.0585], [-122.1611, 37.0586], [-122.1609, 37.0576], [-122.1621, 37.0565], [-122.1631, 37.0566], [-122.1635, 37.0577], [-122.1643, 37.0573], [-122.1674, 37.0591], [-122.1686, 37.058], [-122.1693, 37.059], [-122.1709, 37.0587], [-122.1724, 37.0571], [-122.1714, 37.0562], [-122.1725, 37.055], [-122.1722, 37.0541], [-122.171, 37.0541], [-122.1715, 37.0529], [-122.1699, 37.053], [-122.1697, 37.0542], [-122.1684, 37.0539], [-122.169, 37.0502], [-122.1667, 37.0513], [-122.1646, 37.0507], [-122.1638, 37.0516], [-122.1629, 37.0514], [-122.1629, 37.0546], [-122.1598, 37.055], [-122.1585, 37.0542], [-122.159, 37.0538], [-122.1597, 37.0543], [-122.1607, 37.0536], [-122.1612, 37.0502], [-122.1625, 37.05], [-122.1615, 37.0515], [-122.1622, 37.0516], [-122.1644, 37.0496], [-122.1634, 37.0501], [-122.163, 37.0487], [-122.1618, 37.049], [-122.1621, 37.0483], [-122.1611, 37.0482], [-122.1623, 37.0476], [-122.1622, 37.047], [-122.1605, 37.0473], [-122.1609, 37.0451], [-122.1588, 37.0445], [-122.1585, 37.0424], [-122.1569, 37.0421], [-122.156, 37.0438], [-122.1555, 37.0427], [-122.1531, 37.0418], [-122.1531, 37.0403], [-122.1543, 37.0402], [-122.156, 37.0384], [-122.1583, 37.0381], [-122.1611, 37.0364], [-122.1619, 37.0374], [-122.1641, 37.0377], [-122.1639, 37.0395], [-122.1691, 37.0401], [-122.1696, 37.0386], [-122.1698, 37.0402], [-122.1707, 37.0402], [-122.1697, 37.041], [-122.1681, 37.0406], [-122.1671, 37.0421], [-122.1686, 37.0421], [-122.1707, 37.0433], [-122.173, 37.0426], [-122.1726, 37.0439], [-122.1744, 37.0447], [-122.1756, 37.0466], [-122.1781, 37.0474], [-122.1795, 37.0509], [-122.1812, 37.0516], [-122.1826, 37.051], [-122.1824, 37.0478], [-122.1804, 37.0456], [-122.1772, 37.0449], [-122.1773, 37.043], [-122.1766, 37.0442], [-122.1759, 37.0424], [-122.177, 37.0416], [-122.1764, 37.0409], [-122.1775, 37.0405], [-122.1756, 37.0404], [-122.1763, 37.0394], [-122.1807, 37.0407], [-122.1824, 37.0439], [-122.2002, 37.0458], [-122.2014, 37.0442], [-122.207, 37.0426], [-122.208, 37.0429], [-122.2078, 37.0454], [-122.2089, 37.0468], [-122.2131, 37.0458], [-122.214, 37.0447], [-122.2202, 37.0432], [-122.2179, 37.0442], [-122.2197, 37.0447], [-122.2218, 37.0443], [-122.2205, 37.0469], [-122.2222, 37.0474], [-122.2213, 37.0497], [-122.2228, 37.0492], [-122.2223, 37.0502], [-122.2236, 37.0496], [-122.2255, 37.0509], [-122.2259, 37.0527], [-122.225, 37.0516], [-122.2229, 37.0537], [-122.2251, 37.0543], [-122.2261, 37.0539], [-122.2263, 37.0549], [-122.2251, 37.057], [-122.2265, 37.0602], [-122.2276, 37.0574], [-122.2277, 37.0487], [-122.2258, 37.0477], [-122.2272, 37.0439], [-122.2257, 37.043], [-122.2293, 37.0409], [-122.2294, 37.0437], [-122.2305, 37.0443], [-122.2321, 37.0474], [-122.2337, 37.0472], [-122.2333, 37.0496], [-122.2341, 37.049], [-122.2346, 37.0519], [-122.2364, 37.0528], [-122.2366, 37.0539], [-122.2357, 37.0547], [-122.2375, 37.0545], [-122.2368, 37.0569], [-122.2418, 37.0559], [-122.2416, 37.0571], [-122.2427, 37.0574], [-122.2439, 37.059], [-122.2436, 37.0633], [-122.2465, 37.0648], [-122.2483, 37.0641], [-122.2463, 37.0617], [-122.248, 37.0612], [-122.2495, 37.0643], [-122.2486, 37.0655], [-122.2505, 37.065], [-122.2508, 37.0654], [-122.25, 37.0672], [-122.253, 37.0661], [-122.2536, 37.0666], [-122.2536, 37.0675], [-122.2557, 37.07], [-122.2555, 37.0719], [-122.2566, 37.0728], [-122.2555, 37.0737], [-122.2583, 37.0734], [-122.2589, 37.0739], [-122.2581, 37.0746], [-122.2584, 37.0755], [-122.2618, 37.0764], [-122.2633, 37.0791], [-122.2659, 37.0814], [-122.2661, 37.0832], [-122.2697, 37.0865], [-122.2705, 37.0892], [-122.2728, 37.0925], [-122.2736, 37.0925], [-122.274, 37.0896], [-122.2746, 37.0924], [-122.2778, 37.0968], [-122.2776, 37.0974], [-122.2745, 37.0968], [-122.2738, 37.0974], [-122.2734, 37.0993], [-122.2744, 37.1016], [-122.274, 37.1027], [-122.2733, 37.1032], [-122.2731, 37.1027], [-122.2711, 37.1044], [-122.2714, 37.1055], [-122.27, 37.1073], [-122.2719, 37.106], [-122.2707, 37.1087], [-122.272, 37.1109], [-122.2702, 37.1121], [-122.2714, 37.1125], [-122.2724, 37.111], [-122.2731, 37.1118], [-122.2742, 37.1086], [-122.2769, 37.1088], [-122.2776, 37.1081], [-122.2759, 37.1067], [-122.2741, 37.1063], [-122.2758, 37.1049], [-122.2778, 37.1052], [-122.279, 37.1041], [-122.2787, 37.1026], [-122.2756, 37.1007], [-122.2782, 37.0999], [-122.279, 37.0979], [-122.2786, 37.0965], [-122.2821, 37.0995], [-122.2824, 37.1017], [-122.2838, 37.1017], [-122.2848, 37.1033], [-122.2869, 37.1044], [-122.2869, 37.1053], [-122.2886, 37.1056], [-122.2915, 37.1081], [-122.2915, 37.1089], [-122.2925, 37.108], [-122.2945, 37.1106], [-122.2983, 37.1128], [-122.2965, 37.1155], [-122.2996, 37.1167], [-122.3026, 37.1205], [-122.3042, 37.1184], [-122.3049, 37.1202], [-122.3032, 37.1216], [-122.3037, 37.1235], [-122.3048, 37.1257], [-122.3061, 37.1252], [-122.307, 37.1257], [-122.3047, 37.1286], [-122.3069, 37.1277], [-122.3069, 37.1271], [-122.3076, 37.1274], [-122.3072, 37.1281], [-122.3098, 37.1282], [-122.3097, 37.131], [-122.3115, 37.1336], [-122.3106, 37.1352], [-122.3115, 37.1351], [-122.3129, 37.1328], [-122.3124, 37.1356], [-122.3147, 37.1356], [-122.3142, 37.1369], [-122.3165, 37.1396], [-122.3186, 37.1389], [-122.3197, 37.141], [-122.3227, 37.1437], [-122.323, 37.1455], [-122.3261, 37.145], [-122.3269, 37.1427], [-122.3443, 37.1484], [-122.343, 37.15], [-122.3384, 37.1522], [-122.3346, 37.1575], [-122.3323, 37.1577], [-122.3298, 37.1596], [-122.329, 37.1618], [-122.3266, 37.1616], [-122.3248, 37.1655], [-122.3259, 37.1654], [-122.3251, 37.1659], [-122.3264, 37.1659], [-122.3273, 37.167], [-122.3278, 37.1661], [-122.3285, 37.1661], [-122.3288, 37.1671], [-122.3303, 37.1669], [-122.3333, 37.1688], [-122.3345, 37.1721], [-122.3333, 37.1731], [-122.3355, 37.1732], [-122.3353, 37.1763], [-122.3361, 37.1782], [-122.3356, 37.179], [-122.3377, 37.1809], [-122.339, 37.1849], [-122.338, 37.186], [-122.339, 37.1861], [-122.3416, 37.1884], [-122.3429, 37.1908], [-122.3408, 37.1919], [-122.3442, 37.1946], [-122.3462, 37.1979], [-122.34, 37.1958], [-122.3379, 37.196], [-122.3389, 37.197], [-122.3382, 37.1982], [-122.3399, 37.2014], [-122.3332, 37.2075], [-122.3297, 37.2096], [-122.3284, 37.2094], [-122.3272, 37.2109], [-122.3295, 37.2122], [-122.3307, 37.2141], [-122.3343, 37.213], [-122.3338, 37.2145], [-122.3315, 37.2157], [-122.3325, 37.2187], [-122.3333, 37.2188], [-122.3346, 37.2215], [-122.3282, 37.2263], [-122.3286, 37.2274], [-122.3258, 37.2281], [-122.3262, 37.2302], [-122.3232, 37.2313], [-122.3233, 37.2328], [-122.3224, 37.233], [-122.3217, 37.2347], [-122.3216, 37.237], [-122.3187, 37.2386], [-122.3184, 37.24], [-122.3165, 37.2402], [-122.3169, 37.2413], [-122.3172, 37.2404], [-122.3192, 37.2409], [-122.3202, 37.2394], [-122.323, 37.2414], [-122.3243, 37.2414], [-122.325, 37.2407], [-122.3245, 37.2434], [-122.3212, 37.2457], [-122.3203, 37.247], [-122.3207, 37.2474], [-122.3191, 37.2488], [-122.3173, 37.2483], [-122.3149, 37.2495], [-122.3125, 37.248], [-122.3067, 37.2514], [-122.3029, 37.2518], [-122.3032, 37.2558], [-122.307, 37.2552], [-122.3111, 37.2574], [-122.316, 37.261], [-122.3165, 37.2621], [-122.3142, 37.2628], [-122.3134, 37.2621], [-122.312, 37.2625], [-122.3096, 37.2651], [-122.3091, 37.2671], [-122.3097, 37.2686], [-122.3065, 37.271], [-122.3038, 37.2701], [-122.3007, 37.2708], [-122.2987, 37.2697], [-122.2983, 37.2681], [-122.2958, 37.2715], [-122.2949, 37.2717], [-122.2935, 37.2704], [-122.2918, 37.272], [-122.2897, 37.2718], [-122.2905, 37.2707], [-122.2887, 37.2714], [-122.2861, 37.2715], [-122.2854, 37.271], [-122.2851, 37.2715], [-122.2822, 37.2695], [-122.2814, 37.2706], [-122.2772, 37.271], [-122.2767, 37.2716], [-122.2761, 37.2708], [-122.2729, 37.2696], [-122.2718, 37.2704], [-122.2707, 37.2703], [-122.2692, 37.2692], [-122.2656, 37.2683], [-122.2658, 37.2663], [-122.2622, 37.266], [-122.2602, 37.2652], [-122.258, 37.2639], [-122.2575, 37.2626], [-122.2532, 37.2619], [-122.2505, 37.2596], [-122.2476, 37.26], [-122.2467, 37.259], [-122.2454, 37.2587], [-122.2454, 37.2573], [-122.2433, 37.2566], [-122.2428, 37.2548], [-122.2393, 37.2555], [-122.2383, 37.2544], [-122.2365, 37.2544], [-122.2342, 37.2534], [-122.2334, 37.252], [-122.2312, 37.2519], [-122.2308, 37.251], [-122.2296, 37.2531], [-122.2285, 37.2531], [-122.2265, 37.2517], [-122.2221, 37.2502], [-122.221, 37.2476], [-122.2181, 37.2471], [-122.2129, 37.2436], [-122.2119, 37.2414], [-122.2123, 37.2403], [-122.209, 37.2402], [-122.2072, 37.239], [-122.2058, 37.2372], [-122.2074, 37.2348], [-122.2046, 37.2366], [-122.2027, 37.2362], [-122.2007, 37.2346], [-122.1986, 37.2311], [-122.1934, 37.228], [-122.1941, 37.2247], [-122.1911, 37.2227], [-122.1896, 37.2194], [-122.1885, 37.2194], [-122.188, 37.22], [-122.1848, 37.218], [-122.1837, 37.2161], [-122.1848, 37.2148], [-122.1817, 37.2143], [-122.1815, 37.2127], [-122.1799, 37.2132], [-122.1785, 37.2121], [-122.1766, 37.2131], [-122.1755, 37.2128], [-122.1773, 37.2103], [-122.1782, 37.2102], [-122.1774, 37.2097], [-122.1772, 37.208], [-122.1762, 37.2088], [-122.1745, 37.2088], [-122.1746, 37.2076], [-122.1738, 37.2069], [-122.1706, 37.2055], [-122.1674, 37.2056], [-122.1674, 37.2038], [-122.1643, 37.2039], [-122.1629, 37.2015], [-122.1645, 37.1991], [-122.1644, 37.1978], [-122.1633, 37.1972], [-122.1631, 37.1957], [-122.168, 37.195], [-122.1689, 37.1941], [-122.168, 37.1923], [-122.1646, 37.1915], [-122.1642, 37.1885], [-122.1634, 37.1877], [-122.1625, 37.1884], [-122.1596, 37.1871], [-122.1572, 37.187], [-122.1562, 37.1891], [-122.1538, 37.1881], [-122.149, 37.1887], [-122.1449, 37.1824], [-122.1421, 37.1811], [-122.1415, 37.1789], [-122.1402, 37.1792], [-122.1415, 37.175], [-122.1454, 37.1753], [-122.1438, 37.1745], [-122.146, 37.1744], [-122.1442, 37.1722], [-122.1454, 37.1715], [-122.1451, 37.1708], [-122.143, 37.1717], [-122.1429, 37.1708], [-122.1419, 37.1706], [-122.1424, 37.17], [-122.1388, 37.1707], [-122.137, 37.1682], [-122.1381, 37.1657], [-122.1376, 37.1635], [-122.1393, 37.1626], [-122.1397, 37.161], [-122.1391, 37.1606], [-122.1399, 37.1607], [-122.1359, 37.157], [-122.1362, 37.1558], [-122.1379, 37.1558], [-122.1361, 37.1539], [-122.1368, 37.1531], [-122.1391, 37.1533], [-122.1375, 37.1511], [-122.138, 37.1494], [-122.1394, 37.1488], [-122.1391, 37.1471], [-122.1348, 37.1451], [-122.1343, 37.1422], [-122.1336, 37.1422], [-122.1339, 37.1412], [-122.1323, 37.1408], [-122.1326, 37.1396], [-122.1295, 37.1375], [-122.1301, 37.1354], [-122.1258, 37.1328], [-122.1259, 37.1319], [-122.1246, 37.1314], [-122.1236, 37.1296], [-122.1257, 37.1297], [-122.125, 37.1283], [-122.126, 37.1271], [-122.1274, 37.1287], [-122.1283, 37.1287], [-122.1289, 37.1274], [-122.1326, 37.1294], [-122.1325, 37.1303], [-122.1352, 37.1318], [-122.1346, 37.1316], [-122.1346, 37.1323], [-122.1366, 37.1327], [-122.1362, 37.134], [-122.1373, 37.1335], [-122.1375, 37.1349], [-122.1364, 37.1349], [-122.1377, 37.1367], [-122.1392, 37.1365], [-122.1408, 37.1382], [-122.1429, 37.1387], [-122.1435, 37.1396], [-122.1465, 37.14], [-122.1469, 37.1407], [-122.1493, 37.1397], [-122.1497, 37.1389], [-122.1468, 37.1377], [-122.1434, 37.1382], [-122.1424, 37.1351], [-122.1396, 37.1339], [-122.1358, 37.1304], [-122.1367, 37.1288], [-122.1349, 37.129], [-122.1347, 37.1283], [-122.1336, 37.129], [-122.1324, 37.1282], [-122.1335, 37.1279], [-122.1345, 37.126], [-122.1319, 37.1259], [-122.1298, 37.125], [-122.1298, 37.124], [-122.1275, 37.1237], [-122.1253, 37.1219], [-122.1264, 37.1208], [-122.1239, 37.1205], [-122.1238, 37.1185], [-122.1216, 37.1167], [-122.1217, 37.1161], [-122.1229, 37.1157], [-122.1229, 37.1153], [-122.1208, 37.1154], [-122.1197, 37.1145], [-122.119, 37.1147], [-122.1174, 37.1124], [-122.1162, 37.1126], [-122.1165, 37.1103], [-122.1152, 37.1098], [-122.1155, 37.1089], [-122.1145, 37.1071], [-122.1125, 37.1069], [-122.1127, 37.1065], [-122.1106, 37.1069], [-122.1109, 37.1074], [-122.1098, 37.1071], [-122.1137, 37.1053], [-122.1127, 37.1046], [-122.1118, 37.1049], [-122.1123, 37.1042], [-122.1114, 37.1034], [-122.1113, 37.1045], [-122.1092, 37.1048], [-122.1086, 37.1037], [-122.1094, 37.1029], [-122.1088, 37.1014], [-122.1095, 37.1003], [-122.1104, 37.1002], [-122.1103, 37.1013], [-122.1111, 37.1015], [-122.1128, 37.0997], [-122.1148, 37.0987], [-122.1154, 37.0997], [-122.118, 37.0988], [-122.1176, 37.0995], [-122.1182, 37.0996], [-122.1207, 37.0981], [-122.1198, 37.0981], [-122.1192, 37.0974], [-122.1197, 37.0972], [-122.1176, 37.096], [-122.1153, 37.0965], [-122.115, 37.0976], [-122.1142, 37.096], [-122.1134, 37.0958], [-122.1139, 37.0952], [-122.1155, 37.0954], [-122.116, 37.0933], [-122.1171, 37.0924], [-122.1138, 37.092], [-122.114, 37.0908], [-122.1132, 37.0904], [-122.1121, 37.092], [-122.1108, 37.0922], [-122.1104, 37.0909], [-122.1095, 37.091], [-122.1077, 37.0891], [-122.1072, 37.0899], [-122.1078, 37.0901], [-122.1062, 37.0906], [-122.1064, 37.089], [-122.1056, 37.0894], [-122.105, 37.0886], [-122.1052, 37.0878], [-122.1072, 37.087], [-122.1076, 37.0877], [-122.109, 37.0879], [-122.1097, 37.0863], [-122.1124, 37.0867], [-122.1127, 37.083], [-122.1145, 37.0825], [-122.1146, 37.0818], [-122.1133, 37.0808], [-122.1105, 37.0816], [-122.1087, 37.0804], [-122.1078, 37.0819], [-122.1055, 37.0819], [-122.1031, 37.0793], [-122.1021, 37.0789], [-122.1005, 37.0795], [-122.1, 37.0791], [-122.1001, 37.0765], [-122.0982, 37.0748], [-122.0979, 37.0733], [-122.099, 37.0713], [-122.0974, 37.0705], [-122.1003, 37.068], [-122.0985, 37.0671], [-122.0973, 37.0654], [-122.0945, 37.0585], [-122.0977, 37.0591], [-122.0952, 37.0565], [-122.0969, 37.0539], [-122.0938, 37.0528], [-122.0955, 37.0517], [-122.0928, 37.0506], [-122.0927, 37.05], [-122.0962, 37.0481], [-122.0961, 37.0476], [-122.0928, 37.0466], [-122.0915, 37.0419], [-122.0888, 37.0413], [-122.0883, 37.0403], [-122.089, 37.0383], [-122.0871, 37.0368], [-122.0883, 37.0362], [-122.0938, 37.0365], [-122.0971, 37.0337], [-122.1018, 37.037], [-122.1016, 37.0359], [-122.1024, 37.0355], [-122.1044, 37.0359], [-122.1052, 37.0353], [-122.1055, 37.0342], [-122.1043, 37.0324], [-122.1021, 37.0328], [-122.1033, 37.0309], [-122.1011, 37.0294], [-122.0999, 37.0275], [-122.1021, 37.0254], [-122.104, 37.0265], [-122.1053, 37.0261], [-122.1054, 37.0234], [-122.1061, 37.0226], [-122.1052, 37.0201], [-122.1115, 37.018], [-122.1122, 37.0188], [-122.1103, 37.0195], [-122.1102, 37.0202], [-122.1113, 37.0202], [-122.1124, 37.0211], [-122.1102, 37.0229], [-122.1103, 37.0239], [-122.1128, 37.0249], [-122.1177, 37.0243], [-122.119, 37.0234], [-122.1207, 37.024], [-122.1223, 37.023], [-122.1236, 37.0247], [-122.1241, 37.0286], [-122.1245, 37.0275], [-122.1256, 37.0271], [-122.1266, 37.028], [-122.1296, 37.0286], [-122.1317, 37.0269], [-122.1327, 37.0248], [-122.1316, 37.0248], [-122.1313, 37.024], [-122.1324, 37.0236], [-122.1343, 37.0253], [-122.1341, 37.027], [-122.1382, 37.0338], [-122.1375, 37.0337], [-122.1381, 37.0345], [-122.1339, 37.0382], [-122.1358, 37.0404], [-122.1354, 37.0415], [-122.1372, 37.0413], [-122.1372, 37.0445], [-122.1364, 37.0455], [-122.1378, 37.0488], [-122.1376, 37.0493], [-122.1362, 37.049], [-122.1357, 37.0481], [-122.1344, 37.0484], [-122.1353, 37.0478], [-122.1342, 37.0472], [-122.134, 37.0486], [-122.1371, 37.0498], [-122.1356, 37.0514], [-122.1358, 37.0529], [-122.1342, 37.0532], [-122.1373, 37.059], [-122.1394, 37.059], [-122.1373, 37.0603], [-122.1338, 37.0594], [-122.1343, 37.0625], [-122.1329, 37.0617], [-122.1294, 37.0619], [-122.1293, 37.0633], [-122.1283, 37.0636], [-122.1282, 37.0631], [-122.1269, 37.0644], [-122.1263, 37.0639], [-122.1258, 37.0653], [-122.1235, 37.063], [-122.1221, 37.0628], [-122.1233, 37.0621], [-122.1234, 37.0616]], [[-122.1879, 37.1276], [-122.1978, 37.1276], [-122.1977, 37.1129], [-122.1917, 37.1128], [-122.1879, 37.1276]]], [[[-122.1807, 37.2131], [-122.1807, 37.2131], [-122.1807, 37.2131], [-122.1807, 37.2131]]], [[[-122.2236, 37.2614], [-122.2228, 37.262], [-122.2227, 37.2614], [-122.2236, 37.2614]]], [[[-122.1281, 37.028], [-122.1282, 37.028], [-122.1282, 37.028], [-122.1281, 37.028]]], [[[-122.1463, 37.0496], [-122.1468, 37.0492], [-122.1466, 37.0495], [-122.1463, 37.0496]]], [[[-122.1395, 37.0593], [-122.1393, 37.0597], [-122.1392, 37.0594], [-122.1395, 37.0593]]], [[[-122.123, 37.0621], [-122.123, 37.0622], [-122.1229, 37.0622], [-122.123, 37.0621]]], [[[-122.1354, 37.0753], [-122.1368, 37.0765], [-122.1363, 37.0771], [-122.1353, 37.0768], [-122.1354, 37.0753]]]]}, "properties": {"layer": "retained"}}, {"type": "Feature", "geometry": {"type": "MultiPolygon", "coordinates": [[[[-122.2704, 37.2601], [-122.2707, 37.2593], [-122.2694, 37.2593], [-122.2694, 37.2601], [-122.2704, 37.2601]]], [[[-122.2867, 37.2606], [-122.2877, 37.2601], [-122.2863, 37.2598], [-122.2849, 37.2574], [-122.2839, 37.2577], [-122.2846, 37.259], [-122.2853, 37.259], [-122.285, 37.2598], [-122.286, 37.2598], [-122.2867, 37.2606]]], [[[-122.2876, 37.2584], [-122.2883, 37.2582], [-122.2879, 37.2574], [-122.2873, 37.2574], [-122.2876, 37.2584]]], [[[-122.3012, 37.2576], [-122.3011, 37.2571], [-122.2998, 37.2574], [-122.2998, 37.2577], [-122.3012, 37.2576]]], [[[-122.269, 37.2575], [-122.2689, 37.2569], [-122.2683, 37.2567], [-122.2679, 37.2575], [-122.269, 37.2575]]], [[[-122.3008, 37.2566], [-122.3018, 37.2557], [-122.3014, 37.2547], [-122.3004, 37.2547], [-122.3008, 37.2558], [-122.2998, 37.2563], [-122.3008, 37.2566]]], [[[-122.2964, 37.2558], [-122.2967, 37.255], [-122.2956, 37.2545], [-122.2943, 37.2551], [-122.2947, 37.2559], [-122.2964, 37.2558]]], [[[-122.2822, 37.2577], [-122.2835, 37.2574], [-122.2835, 37.2569], [-122.2869, 37.2566], [-122.2885, 37.2552], [-122.2879, 37.2547], [-122.2865, 37.255], [-122.2855, 37.2539], [-122.2852, 37.2553], [-122.2845, 37.2547], [-122.2804, 37.2559], [-122.2805, 37.2567], [-122.2811, 37.2564], [-122.2812, 37.2572], [-122.2822, 37.2577]], [[-122.2832, 37.2569], [-122.2825, 37.2572], [-122.2825, 37.2569], [-122.2832, 37.2569]], [[-122.2838, 37.2553], [-122.2835, 37.2558], [-122.2835, 37.2553], [-122.2838, 37.2553]], [[-122.2848, 37.2553], [-122.2845, 37.2555], [-122.2845, 37.2553], [-122.2848, 37.2553]]], [[[-122.3028, 37.2557], [-122.3024, 37.2536], [-122.3007, 37.2531], [-122.3007, 37.2541], [-122.3024, 37.2547], [-122.3028, 37.2557]], [[-122.3021, 37.2536], [-122.3017, 37.2539], [-122.3017, 37.2536], [-122.3021, 37.2536]]], [[[-122.2923, 37.2557], [-122.2943, 37.2548], [-122.2923, 37.2546], [-122.2925, 37.253], [-122.2912, 37.2527], [-122.2905, 37.2535], [-122.2895, 37.2525], [-122.2892, 37.2536], [-122.2882, 37.2536], [-122.2882, 37.2541], [-122.2888, 37.2538], [-122.2885, 37.2546], [-122.2896, 37.2549], [-122.2896, 37.2557], [-122.2923, 37.2557]], [[-122.2899, 37.2544], [-122.2892, 37.2546], [-122.2892, 37.2544], [-122.2899, 37.2544]]], [[[-122.2727, 37.2571], [-122.2726, 37.2531], [-122.2715, 37.2525], [-122.2702, 37.2531], [-122.2706, 37.2545], [-122.2699, 37.2553], [-122.2717, 37.2571], [-122.2727, 37.2571]], [[-122.2719, 37.255], [-122.2713, 37.2552], [-122.2713, 37.255], [-122.2719, 37.255]], [[-122.2713, 37.2547], [-122.2706, 37.255], [-122.2706, 37.2547], [-122.2713, 37.2547]]], [[[-122.263, 37.2505], [-122.2623, 37.2492], [-122.2616, 37.2492], [-122.2613, 37.25], [-122.263, 37.2505]]], [[[-122.2695, 37.2523], [-122.2691, 37.2494], [-122.267, 37.2489], [-122.2667, 37.2499], [-122.2681, 37.2496], [-122.2684, 37.2502], [-122.2684, 37.2513], [-122.2674, 37.2518], [-122.2681, 37.2518], [-122.2695, 37.2523]], [[-122.2684, 37.2515], [-122.2681, 37.2518], [-122.2681, 37.2515], [-122.2684, 37.2515]]], [[[-122.2783, 37.253], [-122.2783, 37.2519], [-122.279, 37.2519], [-122.279, 37.2521], [-122.28, 37.2521], [-122.2796, 37.2508], [-122.2803, 37.251], [-122.2813, 37.2524], [-122.282, 37.2523], [-122.2823, 37.2513], [-122.2837, 37.2504], [-122.2833, 37.2483], [-122.2839, 37.2485], [-122.2839, 37.248], [-122.2826, 37.2475], [-122.2819, 37.248], [-122.2809, 37.2478], [-122.2795, 37.2486], [-122.2796, 37.2494], [-122.2782, 37.2492], [-122.2769, 37.2506], [-122.2759, 37.2503], [-122.278, 37.2524], [-122.2773, 37.253], [-122.2783, 37.253]], [[-122.282, 37.2515], [-122.2817, 37.2518], [-122.2817, 37.2515], [-122.282, 37.2515]], [[-122.2796, 37.2519], [-122.279, 37.2519], [-122.2789, 37.2513], [-122.2793, 37.2513], [-122.2796, 37.2519]], [[-122.2783, 37.2516], [-122.2779, 37.2519], [-122.2779, 37.2516], [-122.2783, 37.2516]], [[-122.2806, 37.2508], [-122.2803, 37.251], [-122.2803, 37.2508], [-122.2806, 37.2508]], [[-122.2793, 37.2505], [-122.2789, 37.2511], [-122.2789, 37.2505], [-122.2793, 37.2505]], [[-122.2786, 37.2508], [-122.2783, 37.2511], [-122.2783, 37.2508], [-122.2786, 37.2508]], [[-122.2816, 37.2505], [-122.2813, 37.2507], [-122.2813, 37.2505], [-122.2816, 37.2505]], [[-122.2823, 37.2499], [-122.282, 37.2502], [-122.282, 37.2499], [-122.2823, 37.2499]], [[-122.2786, 37.25], [-122.2782, 37.2503], [-122.2782, 37.25], [-122.2786, 37.25]], [[-122.2809, 37.2499], [-122.2803, 37.2499], [-122.2799, 37.2486], [-122.2816, 37.2483], [-122.2809, 37.2499]], [[-122.2789, 37.2497], [-122.2786, 37.25], [-122.2786, 37.2497], [-122.2789, 37.2497]], [[-122.2829, 37.2491], [-122.2823, 37.2494], [-122.2823, 37.2491], [-122.2829, 37.2491]], [[-122.2829, 37.2485], [-122.2826, 37.2488], [-122.2826, 37.2486], [-122.2829, 37.2485]]], [[[-122.2717, 37.2485], [-122.2717, 37.2477], [-122.2704, 37.2482], [-122.2704, 37.2485], [-122.2717, 37.2485]]], [[[-122.3124, 37.2477], [-122.3124, 37.2472], [-122.3134, 37.2471], [-122.3127, 37.2461], [-122.3117, 37.2469], [-122.3124, 37.2477]]], [[[-122.2656, 37.2481], [-122.2653, 37.247], [-122.2646, 37.247], [-122.2643, 37.2481], [-122.2656, 37.2481]]], [[[-122.3056, 37.2484], [-122.3076, 37.2481], [-122.3066, 37.2473], [-122.3069, 37.2462], [-122.3056, 37.2473], [-122.3056, 37.2484]]], [[[-122.267, 37.2475], [-122.2666, 37.247], [-122.2656, 37.2473], [-122.2656, 37.2475], [-122.267, 37.2475]]], [[[-122.2739, 37.2517], [-122.2738, 37.2495], [-122.2762, 37.25], [-122.2772, 37.2497], [-122.2772, 37.2489], [-122.2775, 37.2489], [-122.2775, 37.2492], [-122.2792, 37.2489], [-122.2782, 37.2481], [-122.2785, 37.247], [-122.2765, 37.2487], [-122.2758, 37.2476], [-122.2748, 37.2484], [-122.2737, 37.2466], [-122.2727, 37.2474], [-122.2731, 37.2479], [-122.2711, 37.249], [-122.2718, 37.2493], [-122.2715, 37.2501], [-122.2728, 37.2501], [-122.2725, 37.2509], [-122.2739, 37.2517]], [[-122.2738, 37.2495], [-122.2731, 37.2493], [-122.2741, 37.2482], [-122.2738, 37.2487], [-122.2738, 37.2495]], [[-122.2778, 37.2486], [-122.2775, 37.2489], [-122.2775, 37.2487], [-122.2778, 37.2486]], [[-122.2751, 37.2487], [-122.2748, 37.249], [-122.2748, 37.2487], [-122.2751, 37.2487]], [[-122.2734, 37.2479], [-122.2731, 37.2482], [-122.2731, 37.2479], [-122.2734, 37.2479]]], [[[-122.2792, 37.247], [-122.2788, 37.2465], [-122.2778, 37.2462], [-122.2778, 37.2468], [-122.2792, 37.247]]], [[[-122.2521, 37.247], [-122.252, 37.2464], [-122.2524, 37.2459], [-122.2513, 37.2462], [-122.2521, 37.247]]], [[[-122.2395, 37.2461], [-122.2405, 37.2464], [-122.2405, 37.2458], [-122.2395, 37.2461]]], [[[-122.2649, 37.2459], [-122.2645, 37.2449], [-122.2639, 37.2451], [-122.2642, 37.2457], [-122.2632, 37.2457], [-122.2649, 37.2459]]], [[[-122.2666, 37.2454], [-122.2666, 37.2451], [-122.2679, 37.2442], [-122.2659, 37.244], [-122.2659, 37.2451], [-122.2649, 37.2451], [-122.2666, 37.2454]]], [[[-122.2361, 37.2454], [-122.2361, 37.2448], [-122.2371, 37.2448], [-122.2364, 37.2432], [-122.2354, 37.2443], [-122.2361, 37.2454]]], [[[-122.2353, 37.243], [-122.2353, 37.2424], [-122.2367, 37.2424], [-122.2366, 37.2413], [-122.2383, 37.2418], [-122.2383, 37.2405], [-122.2376, 37.241], [-122.2363, 37.2405], [-122.2356, 37.2419], [-122.2343, 37.2416], [-122.2336, 37.2406], [-122.2322, 37.2411], [-122.2323, 37.2425], [-122.2343, 37.2419], [-122.2353, 37.243]], [[-122.2329, 37.2411], [-122.2326, 37.2414], [-122.2326, 37.2411], [-122.2329, 37.2411]]], [[[-122.2593, 37.2412], [-122.2596, 37.2401], [-122.2589, 37.2393], [-122.2583, 37.2404], [-122.2593, 37.2412]]], [[[-122.2322, 37.2406], [-122.2329, 37.24], [-122.2329, 37.2395], [-122.2315, 37.2398], [-122.2322, 37.2406]]], [[[-122.2383, 37.2397], [-122.2383, 37.2391], [-122.2389, 37.2389], [-122.2373, 37.2392], [-122.2373, 37.2397], [-122.2383, 37.2397]]], [[[-122.2356, 37.2403], [-122.2345, 37.2387], [-122.2342, 37.2387], [-122.2335, 37.2398], [-122.2342, 37.2395], [-122.2342, 37.2403], [-122.2356, 37.2403]]], [[[-122.3171, 37.236], [-122.3171, 37.2352], [-122.3157, 37.2352], [-122.3161, 37.236], [-122.3171, 37.236]]], [[[-122.2605, 37.2463], [-122.2632, 37.2457], [-122.2625, 37.2452], [-122.2631, 37.2438], [-122.2652, 37.244], [-122.2658, 37.2435], [-122.2658, 37.2424], [-122.2645, 37.243], [-122.2644, 37.2422], [-122.2607, 37.242], [-122.2607, 37.2411], [-122.2597, 37.2412], [-122.2597, 37.2417], [-122.2573, 37.2412], [-122.2576, 37.2404], [-122.2563, 37.2401], [-122.2583, 37.2401], [-122.2583, 37.2396], [-122.2542, 37.2396], [-122.2535, 37.2391], [-122.2542, 37.2386], [-122.2528, 37.2386], [-122.2531, 37.2378], [-122.2521, 37.2378], [-122.2521, 37.2367], [-122.2511, 37.237], [-122.2497, 37.236], [-122.249, 37.2368], [-122.2508, 37.2376], [-122.2511, 37.2381], [-122.2508, 37.2386], [-122.2521, 37.2389], [-122.2522, 37.2397], [-122.2542, 37.2402], [-122.2536, 37.2418], [-122.2553, 37.241], [-122.2559, 37.2412], [-122.256, 37.2423], [-122.255, 37.2421], [-122.255, 37.2434], [-122.2543, 37.2437], [-122.2554, 37.2448], [-122.2564, 37.2447], [-122.2561, 37.2458], [-122.2568, 37.2458], [-122.2564, 37.2437], [-122.2581, 37.2442], [-122.2577, 37.2434], [-122.2584, 37.2433], [-122.2594, 37.2447], [-122.2591, 37.2463], [-122.2598, 37.2463], [-122.2598, 37.2455], [-122.2605, 37.2455], [-122.2605, 37.2463]], [[-122.2611, 37.2452], [-122.2608, 37.2457], [-122.2608, 37.2452], [-122.2611, 37.2452]], [[-122.2618, 37.2452], [-122.2615, 37.2454], [-122.2615, 37.2452], [-122.2618, 37.2452]], [[-122.2605, 37.2449], [-122.2598, 37.2452], [-122.2598, 37.2449], [-122.2605, 37.2449]], [[-122.2604, 37.2444], [-122.2601, 37.2447], [-122.2601, 37.2444], [-122.2604, 37.2444]], [[-122.256, 37.2437], [-122.2557, 37.2439], [-122.2557, 37.2437], [-122.256, 37.2437]], [[-122.2655, 37.2432], [-122.2652, 37.2435], [-122.2652, 37.2432], [-122.2655, 37.2432]], [[-122.2641, 37.2432], [-122.2631, 37.2433], [-122.2631, 37.243], [-122.2638, 37.2427], [-122.2641, 37.2432]], [[-122.2567, 37.2426], [-122.2563, 37.2434], [-122.2563, 37.2426], [-122.2567, 37.2426]], [[-122.2624, 37.2427], [-122.2621, 37.243], [-122.2621, 37.2427], [-122.2624, 37.2427]], [[-122.2584, 37.2425], [-122.2574, 37.2431], [-122.257, 37.2426], [-122.258, 37.2423], [-122.2584, 37.2425]], [[-122.26, 37.242], [-122.2584, 37.2425], [-122.2583, 37.242], [-122.26, 37.242]], [[-122.2573, 37.2417], [-122.257, 37.242], [-122.257, 37.2418], [-122.2573, 37.2417]], [[-122.2525, 37.2386], [-122.2521, 37.2389], [-122.2521, 37.2386], [-122.2525, 37.2386]], [[-122.2518, 37.2378], [-122.2511, 37.2381], [-122.2511, 37.2378], [-122.2518, 37.2378]]], [[[-122.2315, 37.2382], [-122.2325, 37.2374], [-122.2311, 37.2363], [-122.2291, 37.2369], [-122.2291, 37.2382], [-122.2307, 37.2368], [-122.2315, 37.2382]], [[-122.2318, 37.2374], [-122.2314, 37.2376], [-122.2314, 37.2374], [-122.2318, 37.2374]]], [[[-122.2339, 37.2387], [-122.2335, 37.2379], [-122.2349, 37.2381], [-122.2351, 37.2362], [-122.2345, 37.2362], [-122.2345, 37.2373], [-122.2328, 37.2379], [-122.2339, 37.2387]]], [[[-122.2243, 37.2372], [-122.2246, 37.2364], [-122.2229, 37.2365], [-122.223, 37.2367], [-122.2243, 37.2372]]], [[[-122.3154, 37.2355], [-122.316, 37.2344], [-122.3147, 37.2342], [-122.314, 37.2355], [-122.3154, 37.2355]]], [[[-122.2423, 37.2366], [-122.2432, 37.2358], [-122.2415, 37.2356], [-122.2412, 37.2367], [-122.2423, 37.2366]], [[-122.2419, 37.2361], [-122.2416, 37.2364], [-122.2416, 37.2361], [-122.2419, 37.2361]]], [[[-122.3187, 37.2341], [-122.317, 37.2333], [-122.3157, 37.2339], [-122.3157, 37.2341], [-122.3187, 37.2341]]], [[[-122.2294, 37.2363], [-122.2294, 37.2358], [-122.2304, 37.2358], [-122.2297, 37.2347], [-122.2283, 37.2355], [-122.2294, 37.2363]]], [[[-122.2483, 37.2362], [-122.2497, 37.2357], [-122.249, 37.2352], [-122.2493, 37.2343], [-122.2483, 37.2344], [-122.2483, 37.2362]]], [[[-122.2331, 37.2363], [-122.2348, 37.2354], [-122.2334, 37.2354], [-122.2324, 37.2344], [-122.2304, 37.2352], [-122.2311, 37.2358], [-122.2327, 37.2352], [-122.2331, 37.2363]]], [[[-122.2476, 37.2349], [-122.2479, 37.2341], [-122.2473, 37.2338], [-122.2469, 37.2347], [-122.2476, 37.2349]]], [[[-122.3153, 37.2336], [-122.3146, 37.2323], [-122.3139, 37.2323], [-122.314, 37.2331], [-122.3126, 37.2329], [-122.3126, 37.2334], [-122.3153, 37.2336]], [[-122.3146, 37.2328], [-122.3143, 37.2331], [-122.3143, 37.2328], [-122.3146, 37.2328]]], [[[-122.2429, 37.2355], [-122.2436, 37.235], [-122.2449, 37.2352], [-122.2442, 37.2347], [-122.2445, 37.2339], [-122.2408, 37.2337], [-122.2412, 37.2342], [-122.2402, 37.2348], [-122.2429, 37.2355]], [[-122.2439, 37.2344], [-122.2432, 37.2345], [-122.2429, 37.2339], [-122.2435, 37.2339], [-122.2439, 37.2344]], [[-122.2418, 37.2339], [-122.2415, 37.2342], [-122.2415, 37.2339], [-122.2418, 37.2339]]], [[[-122.2314, 37.2344], [-122.2313, 37.2336], [-122.2303, 37.2333], [-122.23, 37.2342], [-122.2314, 37.2344]]], [[[-122.2402, 37.2342], [-122.2408, 37.2337], [-122.2405, 37.2332], [-122.2398, 37.2332], [-122.2402, 37.2342]]], [[[-122.2256, 37.2345], [-122.2259, 37.2337], [-122.2249, 37.2343], [-122.2245, 37.2332], [-122.2262, 37.2326], [-122.2235, 37.2324], [-122.2242, 37.2327], [-122.2239, 37.2337], [-122.2246, 37.2345], [-122.2256, 37.2345]]], [[[-122.2141, 37.2339], [-122.2147, 37.2323], [-122.2127, 37.2326], [-122.2134, 37.2337], [-122.2141, 37.2339]]], [[[-122.2188, 37.2328], [-122.2188, 37.2322], [-122.2181, 37.232], [-122.2177, 37.2325], [-122.2188, 37.2328]]], [[[-122.247, 37.2352], [-122.2462, 37.233], [-122.2452, 37.2331], [-122.2452, 37.2314], [-122.2445, 37.2312], [-122.2448, 37.2325], [-122.2441, 37.2317], [-122.2428, 37.2318], [-122.2449, 37.2331], [-122.2449, 37.2342], [-122.247, 37.2352]]], [[[-122.2384, 37.2337], [-122.2391, 37.2326], [-122.2418, 37.2331], [-122.2411, 37.2326], [-122.2418, 37.2318], [-122.2401, 37.2324], [-122.2397, 37.2318], [-122.2404, 37.2315], [-122.2394, 37.2316], [-122.2387, 37.2321], [-122.239, 37.231], [-122.238, 37.231], [-122.238, 37.2302], [-122.2363, 37.2303], [-122.2363, 37.2311], [-122.2384, 37.2316], [-122.2377, 37.2321], [-122.2384, 37.2337]], [[-122.2398, 37.2321], [-122.2394, 37.2324], [-122.2394, 37.2321], [-122.2398, 37.2321]]], [[[-122.2248, 37.2305], [-122.2258, 37.2305], [-122.2258, 37.2299], [-122.2248, 37.2305]]], [[[-122.3113, 37.235], [-122.313, 37.2345], [-122.312, 37.2342], [-122.3123, 37.2326], [-122.3109, 37.2321], [-122.3108, 37.2307], [-122.3115, 37.2307], [-122.3108, 37.2297], [-122.3122, 37.2299], [-122.3132, 37.2291], [-122.3121, 37.2288], [-122.3115, 37.2294], [-122.3111, 37.2286], [-122.3124, 37.228], [-122.3111, 37.2278], [-122.3094, 37.2289], [-122.3095, 37.2297], [-122.3085, 37.2302], [-122.3091, 37.2308], [-122.3092, 37.2316], [-122.3085, 37.2316], [-122.3092, 37.2329], [-122.3086, 37.234], [-122.3099, 37.2348], [-122.3113, 37.2342], [-122.3113, 37.235]], [[-122.3106, 37.2329], [-122.3102, 37.2332], [-122.3102, 37.2329], [-122.3106, 37.2329]], [[-122.3099, 37.2326], [-122.3092, 37.2329], [-122.3092, 37.2327], [-122.3099, 37.2326]], [[-122.3108, 37.2286], [-122.3105, 37.2291], [-122.3101, 37.2286], [-122.3108, 37.2286]]], [[[-122.2276, 37.2323], [-122.2276, 37.2318], [-122.2286, 37.232], [-122.2286, 37.2315], [-122.2299, 37.2312], [-122.2285, 37.2312], [-122.2282, 37.2299], [-122.2258, 37.2291], [-122.2272, 37.2304], [-122.2259, 37.2318], [-122.2276, 37.2323]], [[-122.2275, 37.2315], [-122.2272, 37.2318], [-122.2272, 37.2315], [-122.2275, 37.2315]], [[-122.2279, 37.231], [-122.2275, 37.2312], [-122.2275, 37.231], [-122.2279, 37.231]], [[-122.2282, 37.2307], [-122.2279, 37.231], [-122.2279, 37.2307], [-122.2282, 37.2307]], [[-122.2275, 37.2302], [-122.2272, 37.2304], [-122.2272, 37.2302], [-122.2275, 37.2302]]], [[[-122.2327, 37.233], [-122.2323, 37.2325], [-122.233, 37.2325], [-122.2326, 37.2317], [-122.2336, 37.2311], [-122.2342, 37.229], [-122.2332, 37.2298], [-122.2319, 37.2293], [-122.2319, 37.2301], [-122.2329, 37.2301], [-122.2316, 37.232], [-122.232, 37.233], [-122.2327, 37.233]]], [[[-122.2438, 37.2312], [-122.2438, 37.2307], [-122.2417, 37.2307], [-122.2424, 37.2296], [-122.241, 37.2288], [-122.2386, 37.2283], [-122.2393, 37.2297], [-122.2414, 37.2307], [-122.2411, 37.2313], [-122.2438, 37.2312]]], [[[-122.2989, 37.2288], [-122.2989, 37.2272], [-122.2979, 37.2272], [-122.2972, 37.228], [-122.2982, 37.2283], [-122.2972, 37.2286], [-122.2989, 37.2288]]], [[[-122.2264, 37.2288], [-122.2258, 37.2283], [-122.2247, 37.2283], [-122.2254, 37.2289], [-122.2264, 37.2288]]], [[[-122.2109, 37.2297], [-122.2115, 37.2286], [-122.2095, 37.2278], [-122.2095, 37.2289], [-122.2102, 37.2291], [-122.2105, 37.2286], [-122.2109, 37.2297]]], [[[-122.2278, 37.2293], [-122.2274, 37.228], [-122.2267, 37.2275], [-122.2268, 37.2294], [-122.2278, 37.2293]]], [[[-122.2082, 37.2289], [-122.2088, 37.2281], [-122.2068, 37.2278], [-122.2078, 37.2281], [-122.2082, 37.2289]]], [[[-122.3163, 37.2306], [-122.3166, 37.2298], [-122.3169, 37.2298], [-122.3169, 37.2301], [-122.3176, 37.2301], [-122.3186, 37.2292], [-122.3179, 37.2292], [-122.3175, 37.2279], [-122.3145, 37.2272], [-122.3148, 37.2266], [-122.3138, 37.2266], [-122.3141, 37.2261], [-122.3131, 37.2258], [-122.3128, 37.2277], [-122.3145, 37.228], [-122.3149, 37.229], [-122.3142, 37.2299], [-122.3163, 37.2306]], [[-122.3172, 37.2295], [-122.3169, 37.2298], [-122.3169, 37.2295], [-122.3172, 37.2295]], [[-122.3169, 37.2293], [-122.3165, 37.2287], [-122.3176, 37.2287], [-122.3176, 37.229], [-122.3169, 37.2293]], [[-122.3162, 37.2287], [-122.3155, 37.2293], [-122.3155, 37.2288], [-122.3162, 37.2287]], [[-122.3165, 37.2285], [-122.3162, 37.2287], [-122.3162, 37.2285], [-122.3165, 37.2285]], [[-122.3169, 37.2282], [-122.3165, 37.2285], [-122.3165, 37.2282], [-122.3169, 37.2282]], [[-122.3158, 37.2282], [-122.3155, 37.2285], [-122.3155, 37.2282], [-122.3158, 37.2282]], [[-122.3148, 37.2277], [-122.3145, 37.228], [-122.3145, 37.2277], [-122.3148, 37.2277]], [[-122.3134, 37.2266], [-122.3131, 37.2269], [-122.3131, 37.2266], [-122.3134, 37.2266]]], [[[-122.3182, 37.2268], [-122.3188, 37.2263], [-122.3188, 37.2254], [-122.3171, 37.2257], [-122.3182, 37.2268]]], [[[-122.2091, 37.2278], [-122.2091, 37.2273], [-122.2098, 37.2275], [-122.2095, 37.2267], [-122.2088, 37.227], [-122.2091, 37.2278]]], [[[-122.2521, 37.227], [-122.2521, 37.2259], [-122.2511, 37.2257], [-122.2511, 37.227], [-122.2521, 37.227]]], [[[-122.2257, 37.2278], [-122.2253, 37.2259], [-122.2247, 37.2259], [-122.2251, 37.2275], [-122.2257, 37.2278]]], [[[-122.2362, 37.227], [-122.2365, 37.2262], [-122.2352, 37.2257], [-122.2335, 37.2263], [-122.2362, 37.227]]], [[[-122.2081, 37.2267], [-122.2074, 37.2254], [-122.206, 37.226], [-122.2067, 37.2268], [-122.2081, 37.2267]]], [[[-122.2247, 37.2256], [-122.225, 37.2245], [-122.2239, 37.224], [-122.2236, 37.2254], [-122.2247, 37.2256]]], [[[-122.2453, 37.2266], [-122.2467, 37.226], [-122.246, 37.2247], [-122.2446, 37.2244], [-122.2436, 37.2231], [-122.2425, 37.2234], [-122.2429, 37.2239], [-122.2422, 37.2242], [-122.2443, 37.2247], [-122.2447, 37.2263], [-122.2457, 37.226], [-122.2453, 37.2266]]], [[[-122.313, 37.2247], [-122.3136, 37.2223], [-122.315, 37.2228], [-122.315, 37.2215], [-122.3122, 37.2213], [-122.3123, 37.2226], [-122.313, 37.2229], [-122.312, 37.2248], [-122.313, 37.2247]], [[-122.3146, 37.2217], [-122.314, 37.222], [-122.314, 37.2218], [-122.3146, 37.2217]]], [[[-122.207, 37.2246], [-122.207, 37.2241], [-122.208, 37.2243], [-122.2076, 37.223], [-122.2053, 37.2241], [-122.2053, 37.2246], [-122.207, 37.2246]]], [[[-122.2318, 37.225], [-122.2351, 37.2243], [-122.2348, 37.2235], [-122.2331, 37.2236], [-122.2327, 37.2225], [-122.2314, 37.2239], [-122.2318, 37.225]], [[-122.2331, 37.2236], [-122.2327, 37.2239], [-122.2327, 37.2236], [-122.2331, 37.2236]]], [[[-122.316, 37.2215], [-122.3156, 37.2204], [-122.3153, 37.2204], [-122.315, 37.2215], [-122.316, 37.2215]]], [[[-122.2459, 37.2225], [-122.2462, 37.2212], [-122.2445, 37.2212], [-122.2445, 37.2217], [-122.2459, 37.2225]]], [[[-122.3136, 37.2207], [-122.3146, 37.2201], [-122.3135, 37.2196], [-122.3136, 37.2207]]], [[[-122.2676, 37.2218], [-122.2682, 37.2208], [-122.2668, 37.2205], [-122.2665, 37.2216], [-122.2676, 37.2218]], [[-122.2675, 37.2208], [-122.2672, 37.221], [-122.2672, 37.2208], [-122.2675, 37.2208]]], [[[-122.2066, 37.2227], [-122.2069, 37.2222], [-122.208, 37.2219], [-122.2059, 37.2222], [-122.2066, 37.2227]]], [[[-122.2875, 37.2209], [-122.2875, 37.2198], [-122.2871, 37.2199], [-122.2868, 37.2209], [-122.2875, 37.2209]]], [[[-122.2964, 37.2237], [-122.2953, 37.2208], [-122.2959, 37.2197], [-122.2942, 37.2197], [-122.2943, 37.2221], [-122.2937, 37.2224], [-122.2964, 37.2237]]], [[[-122.3041, 37.2198], [-122.304, 37.219], [-122.303, 37.2193], [-122.3031, 37.2198], [-122.3041, 37.2198]]], [[[-122.2435, 37.2212], [-122.2442, 37.2207], [-122.2428, 37.2202], [-122.2425, 37.221], [-122.2435, 37.2212]]], [[[-122.3061, 37.2211], [-122.3074, 37.2195], [-122.3068, 37.2189], [-122.3064, 37.2197], [-122.3054, 37.2198], [-122.3061, 37.2211]]], [[[-122.2216, 37.2246], [-122.2219, 37.2238], [-122.2229, 37.2243], [-122.2243, 37.2237], [-122.2246, 37.2224], [-122.2228, 37.2203], [-122.2225, 37.2203], [-122.2212, 37.2216], [-122.2195, 37.2219], [-122.2202, 37.2225], [-122.2212, 37.2219], [-122.2229, 37.2221], [-122.2226, 37.2232], [-122.2212, 37.2233], [-122.2216, 37.2246]], [[-122.2232, 37.2219], [-122.2229, 37.2221], [-122.2229, 37.2219], [-122.2232, 37.2219]], [[-122.2225, 37.2208], [-122.2222, 37.2211], [-122.2221, 37.2208], [-122.2225, 37.2208]]], [[[-122.2269, 37.221], [-122.2269, 37.2205], [-122.2262, 37.2202], [-122.2259, 37.2207], [-122.2269, 37.221]]], [[[-122.2978, 37.2237], [-122.2988, 37.2231], [-122.2987, 37.2215], [-122.2994, 37.2212], [-122.2987, 37.2212], [-122.2976, 37.2196], [-122.2979, 37.2186], [-122.2966, 37.2183], [-122.2963, 37.2197], [-122.297, 37.2199], [-122.296, 37.2205], [-122.297, 37.2207], [-122.2967, 37.2221], [-122.2977, 37.2221], [-122.297, 37.2224], [-122.2978, 37.2237]], [[-122.2969, 37.2189], [-122.2966, 37.2194], [-122.2966, 37.2189], [-122.2969, 37.2189]]], [[[-122.2252, 37.2202], [-122.2252, 37.2194], [-122.2245, 37.2194], [-122.2242, 37.22], [-122.2252, 37.2202]]], [[[-122.303, 37.2185], [-122.303, 37.2177], [-122.302, 37.2177], [-122.302, 37.2182], [-122.303, 37.2185]]], [[[-122.3061, 37.2181], [-122.306, 37.2173], [-122.3047, 37.2176], [-122.3047, 37.2179], [-122.3061, 37.2181]]], [[[-122.2655, 37.2197], [-122.2665, 37.2194], [-122.2658, 37.2192], [-122.2661, 37.2186], [-122.2654, 37.2181], [-122.2651, 37.2187], [-122.2637, 37.2184], [-122.2638, 37.2192], [-122.2644, 37.2195], [-122.2648, 37.2189], [-122.2655, 37.2197]]], [[[-122.279, 37.2205], [-122.2804, 37.22], [-122.2803, 37.2189], [-122.2814, 37.2192], [-122.28, 37.2178], [-122.2796, 37.2184], [-122.279, 37.2181], [-122.279, 37.2189], [-122.278, 37.2187], [-122.278, 37.2195], [-122.2756, 37.2198], [-122.2767, 37.2206], [-122.279, 37.2205]], [[-122.279, 37.22], [-122.2787, 37.2203], [-122.2787, 37.22], [-122.279, 37.22]], [[-122.2803, 37.2184], [-122.28, 37.2186], [-122.28, 37.2184], [-122.2803, 37.2184]]], [[[-122.2008, 37.2204], [-122.2015, 37.2198], [-122.2011, 37.2193], [-122.2004, 37.2196], [-122.2008, 37.2204]]], [[[-122.2394, 37.2197], [-122.2394, 37.2189], [-122.2383, 37.2186], [-122.2384, 37.2194], [-122.2394, 37.2197]], [[-122.239, 37.2189], [-122.2387, 37.2192], [-122.2387, 37.2189], [-122.239, 37.2189]]], [[[-122.2052, 37.2206], [-122.2059, 37.2198], [-122.2045, 37.219], [-122.2042, 37.2201], [-122.2052, 37.2206]]], [[[-122.2025, 37.219], [-122.2032, 37.2198], [-122.2031, 37.219], [-122.2025, 37.219]]], [[[-122.3067, 37.2297], [-122.3067, 37.2292], [-122.3084, 37.2289], [-122.3091, 37.2281], [-122.3087, 37.2267], [-122.3097, 37.227], [-122.3104, 37.2264], [-122.3104, 37.227], [-122.3114, 37.2269], [-122.3104, 37.2259], [-122.3117, 37.2261], [-122.311, 37.2245], [-122.312, 37.2245], [-122.312, 37.224], [-122.3109, 37.2229], [-122.3119, 37.2226], [-122.3115, 37.2205], [-122.3122, 37.2207], [-122.3122, 37.2196], [-122.3132, 37.2196], [-122.3128, 37.2188], [-122.3135, 37.2183], [-122.3118, 37.2172], [-122.3105, 37.2186], [-122.3098, 37.2186], [-122.3101, 37.2178], [-122.3081, 37.2176], [-122.3091, 37.2181], [-122.3088, 37.2189], [-122.3095, 37.2189], [-122.3098, 37.2205], [-122.3109, 37.2207], [-122.3109, 37.2224], [-122.3099, 37.2237], [-122.31, 37.2253], [-122.307, 37.2259], [-122.3066, 37.2254], [-122.3086, 37.224], [-122.3082, 37.2205], [-122.3071, 37.2205], [-122.3072, 37.2214], [-122.3051, 37.2214], [-122.3051, 37.2217], [-122.3058, 37.2216], [-122.3058, 37.2219], [-122.3065, 37.2219], [-122.3069, 37.2222], [-122.3069, 37.2232], [-122.3059, 37.2233], [-122.3055, 37.2219], [-122.3048, 37.2219], [-122.3051, 37.2206], [-122.3038, 37.222], [-122.3027, 37.2204], [-122.3024, 37.2209], [-122.3017, 37.2206], [-122.302, 37.2198], [-122.301, 37.2201], [-122.301, 37.2188], [-122.302, 37.2193], [-122.302, 37.2182], [-122.3, 37.2185], [-122.2996, 37.2177], [-122.3006, 37.2177], [-122.3003, 37.2169], [-122.2989, 37.218], [-122.299, 37.2194], [-122.3004, 37.2201], [-122.2997, 37.2207], [-122.3001, 37.2215], [-122.3014, 37.2217], [-122.3018, 37.2247], [-122.3001, 37.2236], [-122.2998, 37.2253], [-122.2995, 37.2245], [-122.2988, 37.2248], [-122.2991, 37.2239], [-122.2978, 37.224], [-122.2979, 37.2269], [-122.2992, 37.2272], [-122.3005, 37.2261], [-122.3033, 37.2266], [-122.3026, 37.2271], [-122.304, 37.2274], [-122.3043, 37.229], [-122.3067, 37.2297]], [[-122.3077, 37.2289], [-122.307, 37.2284], [-122.3084, 37.2278], [-122.3084, 37.2281], [-122.3077, 37.2289]], [[-122.306, 37.2279], [-122.305, 37.2284], [-122.305, 37.2276], [-122.306, 37.2279]], [[-122.3063, 37.2273], [-122.306, 37.2276], [-122.306, 37.2273], [-122.3063, 37.2273]], [[-122.3056, 37.2271], [-122.3053, 37.2273], [-122.3053, 37.2271], [-122.3056, 37.2271]], [[-122.3067, 37.2268], [-122.3063, 37.227], [-122.3063, 37.2268], [-122.3067, 37.2268]], [[-122.3063, 37.2268], [-122.3056, 37.2265], [-122.3063, 37.2262], [-122.3063, 37.2268]], [[-122.308, 37.2267], [-122.3067, 37.2268], [-122.3066, 37.2262], [-122.3076, 37.2259], [-122.308, 37.2267]], [[-122.3053, 37.2265], [-122.305, 37.2268], [-122.305, 37.2265], [-122.3053, 37.2265]], [[-122.309, 37.2259], [-122.3087, 37.2265], [-122.3087, 37.2259], [-122.309, 37.2259]], [[-122.3039, 37.2263], [-122.3029, 37.226], [-122.3039, 37.2255], [-122.3039, 37.2263]], [[-122.2992, 37.2261], [-122.2989, 37.2264], [-122.2988, 37.2261], [-122.2992, 37.2261]], [[-122.3046, 37.2252], [-122.3042, 37.2255], [-122.3042, 37.2252], [-122.3046, 37.2252]], [[-122.3049, 37.2252], [-122.3045, 37.2244], [-122.3055, 37.2233], [-122.3059, 37.2241], [-122.3052, 37.2238], [-122.3052, 37.2244], [-122.3059, 37.2246], [-122.3049, 37.2252]], [[-122.3008, 37.2247], [-122.3005, 37.225], [-122.3005, 37.2247], [-122.3008, 37.2247]], [[-122.3035, 37.2244], [-122.3032, 37.2247], [-122.3032, 37.2244], [-122.3035, 37.2244]], [[-122.3072, 37.2235], [-122.3066, 37.2241], [-122.3066, 37.2235], [-122.3072, 37.2235]], [[-122.3082, 37.2235], [-122.3076, 37.2238], [-122.3076, 37.2235], [-122.3082, 37.2235]], [[-122.3028, 37.2228], [-122.3025, 37.2231], [-122.3025, 37.2228], [-122.3028, 37.2228]], [[-122.3041, 37.2222], [-122.3038, 37.2225], [-122.3038, 37.2222], [-122.3041, 37.2222]], [[-122.3031, 37.2222], [-122.3028, 37.2225], [-122.3028, 37.2222], [-122.3031, 37.2222]], [[-122.3025, 37.2223], [-122.3018, 37.2225], [-122.3018, 37.2223], [-122.3025, 37.2223]], [[-122.3045, 37.2219], [-122.3041, 37.2222], [-122.3041, 37.222], [-122.3045, 37.2219]], [[-122.3068, 37.2216], [-122.3065, 37.2219], [-122.3065, 37.2216], [-122.3068, 37.2216]], [[-122.3021, 37.2212], [-122.3018, 37.2217], [-122.3017, 37.2212], [-122.3021, 37.2212]], [[-122.3017, 37.2212], [-122.3011, 37.2212], [-122.301, 37.2207], [-122.3014, 37.2207], [-122.3017, 37.2212]], [[-122.3115, 37.2202], [-122.3112, 37.2205], [-122.3112, 37.2202], [-122.3115, 37.2202]], [[-122.3007, 37.2191], [-122.3004, 37.2201], [-122.3003, 37.2191], [-122.3007, 37.2191]], [[-122.3115, 37.2188], [-122.3112, 37.2191], [-122.3112, 37.2188], [-122.3115, 37.2188]], [[-122.3122, 37.2186], [-122.3115, 37.2188], [-122.3115, 37.2186], [-122.3122, 37.2186]], [[-122.3108, 37.2186], [-122.3105, 37.2189], [-122.3105, 37.2186], [-122.3108, 37.2186]]], [[[-122.238, 37.2194], [-122.2383, 37.2178], [-122.2363, 37.2181], [-122.2363, 37.2187], [-122.238, 37.2194]], [[-122.238, 37.2181], [-122.2377, 37.2186], [-122.2376, 37.2181], [-122.238, 37.2181]]], [[[-122.2123, 37.2194], [-122.2133, 37.2188], [-122.2126, 37.2183], [-122.2123, 37.2194]]], [[[-122.2404, 37.2189], [-122.241, 37.218], [-122.239, 37.2175], [-122.239, 37.2186], [-122.2404, 37.2189]]], [[[-122.2143, 37.2191], [-122.215, 37.218], [-122.2136, 37.2183], [-122.2129, 37.2177], [-122.2143, 37.2191]]], [[[-122.2204, 37.2206], [-122.2225, 37.2197], [-122.2231, 37.2184], [-122.2217, 37.2187], [-122.2217, 37.2179], [-122.219, 37.2179], [-122.2183, 37.2174], [-122.2167, 37.219], [-122.218, 37.219], [-122.2184, 37.2195], [-122.2177, 37.2198], [-122.2187, 37.2201], [-122.2187, 37.219], [-122.2194, 37.2184], [-122.2204, 37.2187], [-122.2204, 37.2206]], [[-122.2214, 37.2189], [-122.2211, 37.2195], [-122.2211, 37.2189], [-122.2214, 37.2189]], [[-122.2187, 37.2182], [-122.2184, 37.2185], [-122.2183, 37.2182], [-122.2187, 37.2182]]], [[[-122.2045, 37.219], [-122.2048, 37.2184], [-122.2038, 37.2174], [-122.2034, 37.2182], [-122.2045, 37.219]]], [[[-122.2095, 37.2181], [-122.2095, 37.2173], [-122.2081, 37.2168], [-122.2082, 37.2176], [-122.2095, 37.2181]]], [[[-122.2528, 37.2167], [-122.2538, 37.2162], [-122.2532, 37.2159], [-122.2528, 37.2167]]], [[[-122.2224, 37.2176], [-122.2224, 37.2162], [-122.2217, 37.2162], [-122.2217, 37.2176], [-122.2224, 37.2176]]], [[[-122.2736, 37.2207], [-122.2746, 37.2196], [-122.2732, 37.2188], [-122.2739, 37.2174], [-122.2724, 37.2153], [-122.2707, 37.215], [-122.2691, 37.2159], [-122.2698, 37.2164], [-122.2691, 37.217], [-122.2701, 37.2169], [-122.2691, 37.2183], [-122.2681, 37.2167], [-122.2684, 37.2159], [-122.2674, 37.2159], [-122.2681, 37.2172], [-122.2674, 37.2181], [-122.2678, 37.2194], [-122.2681, 37.2189], [-122.2698, 37.2188], [-122.2705, 37.2196], [-122.2712, 37.2193], [-122.2715, 37.218], [-122.2726, 37.2191], [-122.2722, 37.2199], [-122.2736, 37.2207]], [[-122.2708, 37.2185], [-122.2702, 37.2191], [-122.2702, 37.2188], [-122.2708, 37.2185]], [[-122.2722, 37.2177], [-122.2718, 37.218], [-122.2718, 37.2177], [-122.2722, 37.2177]], [[-122.2712, 37.2177], [-122.2708, 37.218], [-122.2708, 37.2177], [-122.2712, 37.2177]], [[-122.2722, 37.2172], [-122.2718, 37.2174], [-122.2718, 37.2172], [-122.2722, 37.2172]]], [[[-122.238, 37.2173], [-122.2379, 37.2167], [-122.239, 37.217], [-122.2393, 37.2164], [-122.2376, 37.2157], [-122.2366, 37.217], [-122.238, 37.2173]], [[-122.2376, 37.2165], [-122.2373, 37.217], [-122.2373, 37.2165], [-122.2376, 37.2165]], [[-122.2383, 37.2162], [-122.2379, 37.2165], [-122.2379, 37.2162], [-122.2383, 37.2162]]], [[[-122.2024, 37.2185], [-122.2027, 37.2163], [-122.2017, 37.2161], [-122.2011, 37.2177], [-122.2024, 37.2185]]], [[[-122.2156, 37.218], [-122.2149, 37.2172], [-122.2163, 37.2169], [-122.2166, 37.2158], [-122.2132, 37.2175], [-122.2156, 37.218]]], [[[-122.3012, 37.2155], [-122.3009, 37.2147], [-122.3015, 37.2144], [-122.3005, 37.2139], [-122.3002, 37.2147], [-122.3012, 37.2155]]], [[[-122.2634, 37.219], [-122.2634, 37.2184], [-122.2644, 37.2181], [-122.2644, 37.2173], [-122.2633, 37.2168], [-122.264, 37.2154], [-122.2619, 37.2147], [-122.2612, 37.2147], [-122.2616, 37.2149], [-122.2613, 37.2155], [-122.2595, 37.2144], [-122.2592, 37.2158], [-122.2603, 37.2158], [-122.2603, 37.2171], [-122.261, 37.2168], [-122.2613, 37.2179], [-122.2624, 37.2179], [-122.2634, 37.219]], [[-122.2637, 37.2179], [-122.2634, 37.2181], [-122.2634, 37.2179], [-122.2637, 37.2179]], [[-122.2616, 37.2168], [-122.2613, 37.2171], [-122.2613, 37.2168], [-122.2616, 37.2168]], [[-122.2623, 37.216], [-122.2616, 37.2168], [-122.2606, 37.2158], [-122.2623, 37.216]], [[-122.263, 37.2152], [-122.2626, 37.2155], [-122.2626, 37.2152], [-122.263, 37.2152]]], [[[-122.2414, 37.2178], [-122.2423, 37.2153], [-122.2402, 37.2145], [-122.2406, 37.2159], [-122.2396, 37.2159], [-122.2396, 37.2154], [-122.2386, 37.2156], [-122.2414, 37.2178]], [[-122.241, 37.2159], [-122.2406, 37.2161], [-122.2406, 37.2159], [-122.241, 37.2159]], [[-122.242, 37.2156], [-122.2413, 37.2159], [-122.2413, 37.2156], [-122.242, 37.2156]]], [[[-122.2386, 37.2154], [-122.2399, 37.2151], [-122.2399, 37.2145], [-122.2379, 37.2146], [-122.2386, 37.2154]]], [[[-122.2863, 37.2145], [-122.2866, 37.2137], [-122.2856, 37.2137], [-122.2856, 37.2142], [-122.2863, 37.2145]]], [[[-122.2162, 37.2158], [-122.2166, 37.2152], [-122.2152, 37.2147], [-122.2152, 37.2153], [-122.2162, 37.2158]]], [[[-122.2061, 37.2168], [-122.2068, 37.2154], [-122.2057, 37.2149], [-122.2054, 37.2155], [-122.2061, 37.2168]]], [[[-122.2412, 37.2253], [-122.2405, 37.2242], [-122.2415, 37.2226], [-122.2418, 37.2229], [-122.2425, 37.2226], [-122.2411, 37.2213], [-122.2394, 37.2205], [-122.2381, 37.2205], [-122.2377, 37.2194], [-122.2353, 37.2184], [-122.2363, 37.2176], [-122.2346, 37.2168], [-122.2349, 37.2181], [-122.2339, 37.219], [-122.2336, 37.2184], [-122.2323, 37.219], [-122.2322, 37.2179], [-122.2332, 37.2171], [-122.2328, 37.216], [-122.2338, 37.2155], [-122.2331, 37.2141], [-122.2332, 37.2155], [-122.2318, 37.2163], [-122.2311, 37.2158], [-122.2281, 37.2164], [-122.2284, 37.2156], [-122.2271, 37.2156], [-122.2274, 37.2161], [-122.2264, 37.2167], [-122.222, 37.2151], [-122.2234, 37.2181], [-122.2237, 37.2173], [-122.2244, 37.2175], [-122.2241, 37.2192], [-122.2251, 37.2189], [-122.2258, 37.2199], [-122.2282, 37.2202], [-122.2279, 37.2191], [-122.2289, 37.2185], [-122.2285, 37.2196], [-122.2292, 37.2201], [-122.2276, 37.2213], [-122.2276, 37.2221], [-122.2289, 37.2218], [-122.2286, 37.2223], [-122.23, 37.2226], [-122.2296, 37.2212], [-122.2306, 37.2209], [-122.2306, 37.2215], [-122.2323, 37.2217], [-122.2323, 37.2222], [-122.2344, 37.223], [-122.234, 37.2219], [-122.236, 37.2214], [-122.2347, 37.2206], [-122.234, 37.2209], [-122.234, 37.2201], [-122.2357, 37.2198], [-122.2357, 37.2206], [-122.2367, 37.2211], [-122.2361, 37.223], [-122.2371, 37.223], [-122.2374, 37.2213], [-122.2384, 37.221], [-122.2394, 37.2216], [-122.2392, 37.2232], [-122.2398, 37.2224], [-122.2405, 37.2226], [-122.2409, 37.2234], [-122.2399, 37.2245], [-122.2402, 37.2253], [-122.2412, 37.2253]], [[-122.2296, 37.2218], [-122.2293, 37.222], [-122.2293, 37.2218], [-122.2296, 37.2218]], [[-122.233, 37.2214], [-122.2323, 37.2212], [-122.2333, 37.2203], [-122.2333, 37.2209], [-122.233, 37.2214]], [[-122.2286, 37.2212], [-122.2283, 37.2215], [-122.2283, 37.2212], [-122.2286, 37.2212]], [[-122.2394, 37.2208], [-122.2391, 37.221], [-122.2391, 37.2208], [-122.2394, 37.2208]], [[-122.2296, 37.2207], [-122.2289, 37.221], [-122.2289, 37.2207], [-122.2296, 37.2207]], [[-122.2326, 37.2203], [-122.2313, 37.2206], [-122.2313, 37.2201], [-122.2326, 37.2203]], [[-122.2306, 37.2198], [-122.2296, 37.2207], [-122.2299, 37.2196], [-122.2306, 37.2198]], [[-122.2275, 37.2199], [-122.2258, 37.2189], [-122.2251, 37.217], [-122.2261, 37.217], [-122.2258, 37.2178], [-122.2271, 37.2178], [-122.2275, 37.2199]], [[-122.2299, 37.219], [-122.2296, 37.2196], [-122.2295, 37.2191], [-122.2299, 37.219]], [[-122.236, 37.2189], [-122.2356, 37.2192], [-122.2356, 37.2189], [-122.236, 37.2189]], [[-122.2343, 37.219], [-122.234, 37.2192], [-122.2339, 37.219], [-122.2343, 37.219]], [[-122.2302, 37.2188], [-122.2299, 37.219], [-122.2299, 37.2188], [-122.2302, 37.2188]], [[-122.2278, 37.2185], [-122.2268, 37.2172], [-122.2285, 37.2166], [-122.2292, 37.2177], [-122.2278, 37.2177], [-122.2278, 37.2185]], [[-122.2319, 37.2171], [-122.2312, 37.2177], [-122.2305, 37.2169], [-122.2319, 37.2171]], [[-122.2298, 37.2174], [-122.2295, 37.2177], [-122.2295, 37.2174], [-122.2298, 37.2174]], [[-122.2302, 37.2166], [-122.2298, 37.2169], [-122.2298, 37.2166], [-122.2302, 37.2166]], [[-122.2291, 37.2164], [-122.2288, 37.2166], [-122.2288, 37.2164], [-122.2291, 37.2164]], [[-122.2234, 37.2162], [-122.223, 37.2165], [-122.223, 37.2162], [-122.2234, 37.2162]]], [[[-122.2849, 37.214], [-122.2849, 37.2131], [-122.2829, 37.2135], [-122.2829, 37.2137], [-122.2849, 37.214]]], [[[-122.1993, 37.2153], [-122.1993, 37.2148], [-122.1983, 37.215], [-122.1979, 37.2145], [-122.1979, 37.2153], [-122.1993, 37.2153]]], [[[-122.223, 37.2149], [-122.2233, 37.2143], [-122.2219, 37.2141], [-122.222, 37.2143], [-122.223, 37.2149]]], [[[-122.2369, 37.2151], [-122.2382, 37.2143], [-122.2378, 37.2135], [-122.2365, 37.2143], [-122.2369, 37.2151]]], [[[-122.2849, 37.2226], [-122.2848, 37.2221], [-122.2868, 37.2215], [-122.2861, 37.2199], [-122.2854, 37.2199], [-122.2868, 37.2185], [-122.2878, 37.2188], [-122.2875, 37.2193], [-122.2881, 37.2193], [-122.2878, 37.2204], [-122.2895, 37.2201], [-122.2905, 37.219], [-122.2912, 37.2192], [-122.2915, 37.2181], [-122.2905, 37.2179], [-122.2918, 37.2176], [-122.2904, 37.2168], [-122.2918, 37.2168], [-122.2911, 37.216], [-122.2917, 37.2154], [-122.291, 37.2144], [-122.2904, 37.2147], [-122.2893, 37.2139], [-122.2893, 37.2131], [-122.2879, 37.2128], [-122.2863, 37.215], [-122.2867, 37.2172], [-122.2854, 37.2172], [-122.2857, 37.2158], [-122.2836, 37.2153], [-122.2832, 37.2143], [-122.2826, 37.2148], [-122.2822, 37.2137], [-122.2812, 37.2138], [-122.2795, 37.2124], [-122.2799, 37.2154], [-122.2806, 37.2154], [-122.2806, 37.2162], [-122.2813, 37.2162], [-122.282, 37.2167], [-122.283, 37.2183], [-122.2827, 37.2197], [-122.2834, 37.2197], [-122.2827, 37.2199], [-122.2828, 37.2213], [-122.2824, 37.2208], [-122.2818, 37.2213], [-122.2842, 37.2218], [-122.2849, 37.2226]], [[-122.2848, 37.221], [-122.2845, 37.2213], [-122.2845, 37.221], [-122.2848, 37.221]], [[-122.2851, 37.2204], [-122.2848, 37.2207], [-122.2848, 37.2204], [-122.2851, 37.2204]], [[-122.2841, 37.2204], [-122.2838, 37.2207], [-122.2838, 37.2205], [-122.2841, 37.2204]], [[-122.2898, 37.219], [-122.2892, 37.2195], [-122.2891, 37.219], [-122.2898, 37.219]], [[-122.2844, 37.2194], [-122.2837, 37.2194], [-122.2837, 37.2186], [-122.2847, 37.2183], [-122.2844, 37.2194]], [[-122.2885, 37.2187], [-122.2881, 37.219], [-122.2881, 37.2188], [-122.2885, 37.2187]], [[-122.2861, 37.2188], [-122.2858, 37.2191], [-122.2858, 37.2188], [-122.2861, 37.2188]], [[-122.2834, 37.2188], [-122.2831, 37.2191], [-122.283, 37.2188], [-122.2834, 37.2188]], [[-122.2881, 37.2185], [-122.2878, 37.2188], [-122.2878, 37.2185], [-122.2881, 37.2185]], [[-122.2868, 37.2182], [-122.2861, 37.218], [-122.2864, 37.2174], [-122.2867, 37.2174], [-122.2868, 37.2182]], [[-122.2857, 37.2177], [-122.2854, 37.2183], [-122.2854, 37.2177], [-122.2857, 37.2177]], [[-122.2884, 37.2174], [-122.2878, 37.2177], [-122.2877, 37.2174], [-122.2884, 37.2174]], [[-122.2901, 37.2168], [-122.2898, 37.2171], [-122.2898, 37.2168], [-122.2901, 37.2168]], [[-122.2877, 37.2169], [-122.2874, 37.2171], [-122.2874, 37.2169], [-122.2877, 37.2169]], [[-122.2904, 37.216], [-122.2901, 37.2163], [-122.2901, 37.216], [-122.2904, 37.216]], [[-122.2897, 37.216], [-122.2894, 37.2163], [-122.2894, 37.216], [-122.2897, 37.216]], [[-122.2877, 37.2163], [-122.287, 37.2161], [-122.2873, 37.2155], [-122.288, 37.2158], [-122.2877, 37.2163]], [[-122.2846, 37.2158], [-122.2843, 37.2164], [-122.284, 37.2159], [-122.2846, 37.2158]], [[-122.2907, 37.2155], [-122.2904, 37.216], [-122.2904, 37.2155], [-122.2907, 37.2155]], [[-122.2836, 37.2159], [-122.2833, 37.2161], [-122.2833, 37.2159], [-122.2836, 37.2159]], [[-122.2816, 37.2159], [-122.2813, 37.2162], [-122.2813, 37.2159], [-122.2816, 37.2159]], [[-122.2877, 37.2147], [-122.2873, 37.215], [-122.2873, 37.2147], [-122.2877, 37.2147]], [[-122.2883, 37.2144], [-122.2877, 37.2144], [-122.288, 37.2136], [-122.2883, 37.2136], [-122.2883, 37.2144]]], [[[-122.2004, 37.2169], [-122.2003, 37.2161], [-122.2017, 37.2161], [-122.2016, 37.2139], [-122.201, 37.2139], [-122.201, 37.2147], [-122.1999, 37.2142], [-122.199, 37.2164], [-122.198, 37.2164], [-122.2004, 37.2169]], [[-122.2003, 37.2158], [-122.1993, 37.2164], [-122.1993, 37.2161], [-122.2003, 37.2158]], [[-122.201, 37.215], [-122.2003, 37.2153], [-122.2003, 37.215], [-122.201, 37.215]]], [[[-122.2595, 37.2139], [-122.2602, 37.2133], [-122.2598, 37.2125], [-122.2588, 37.2131], [-122.2595, 37.2139]]], [[[-122.2528, 37.2151], [-122.2541, 37.214], [-122.2531, 37.214], [-122.2531, 37.2135], [-122.2537, 37.2129], [-122.2514, 37.2132], [-122.251, 37.2127], [-122.2518, 37.2146], [-122.2524, 37.2143], [-122.2521, 37.2135], [-122.2527, 37.2135], [-122.2528, 37.2151]]], [[[-122.2281, 37.2153], [-122.2315, 37.2152], [-122.2311, 37.2147], [-122.2325, 37.2147], [-122.2328, 37.2131], [-122.2314, 37.2136], [-122.2314, 37.2144], [-122.2281, 37.2148], [-122.2281, 37.2153]]], [[[-122.2889, 37.2125], [-122.2903, 37.212], [-122.2889, 37.2117], [-122.2889, 37.2125]]], [[[-122.2728, 37.2153], [-122.2731, 37.2139], [-122.2724, 37.2134], [-122.273, 37.2126], [-122.272, 37.2126], [-122.2717, 37.2118], [-122.27, 37.2118], [-122.271, 37.2126], [-122.2707, 37.2134], [-122.2721, 37.2137], [-122.2711, 37.2145], [-122.2721, 37.2145], [-122.2728, 37.2153]], [[-122.2724, 37.2131], [-122.272, 37.2134], [-122.272, 37.2131], [-122.2724, 37.2131]], [[-122.272, 37.2129], [-122.2717, 37.2131], [-122.2717, 37.2129], [-122.272, 37.2129]], [[-122.2713, 37.2121], [-122.271, 37.2123], [-122.271, 37.2121], [-122.2713, 37.2121]]], [[[-122.2338, 37.2147], [-122.2345, 37.2136], [-122.2338, 37.2125], [-122.2338, 37.2147]]], [[[-122.2392, 37.2135], [-122.2388, 37.2124], [-122.2378, 37.2124], [-122.2378, 37.213], [-122.2392, 37.2135]]], [[[-122.2368, 37.2135], [-122.2368, 37.2124], [-122.2365, 37.2124], [-122.2361, 37.2133], [-122.2368, 37.2135]]], [[[-122.2129, 37.2164], [-122.2152, 37.2147], [-122.2138, 37.2145], [-122.2145, 37.2131], [-122.2121, 37.2126], [-122.2101, 37.2135], [-122.2101, 37.2148], [-122.2115, 37.2148], [-122.2112, 37.2162], [-122.2125, 37.2159], [-122.2122, 37.2151], [-122.2125, 37.2148], [-122.2132, 37.2148], [-122.2129, 37.2164]], [[-122.2135, 37.2145], [-122.2132, 37.2148], [-122.2132, 37.2145], [-122.2135, 37.2145]], [[-122.2121, 37.2143], [-122.2118, 37.2145], [-122.2118, 37.2143], [-122.2121, 37.2143]]], [[[-122.2219, 37.2133], [-122.2219, 37.2124], [-122.2212, 37.2119], [-122.2212, 37.2127], [-122.2219, 37.2133]]], [[[-122.2886, 37.2123], [-122.2886, 37.2112], [-122.2899, 37.2114], [-122.2889, 37.2106], [-122.2879, 37.2109], [-122.2886, 37.2123]]], [[[-122.2583, 37.2169], [-122.2589, 37.2166], [-122.2589, 37.2153], [-122.2579, 37.2145], [-122.2585, 37.2139], [-122.2578, 37.2131], [-122.2588, 37.2123], [-122.2585, 37.212], [-122.2564, 37.2123], [-122.2565, 37.2134], [-122.2555, 37.2134], [-122.2548, 37.2129], [-122.2551, 37.2116], [-122.2544, 37.2113], [-122.2544, 37.2132], [-122.2538, 37.2135], [-122.2548, 37.2137], [-122.2545, 37.2148], [-122.2555, 37.2148], [-122.2562, 37.2156], [-122.2552, 37.2161], [-122.2582, 37.2158], [-122.2583, 37.2169]], [[-122.2575, 37.2126], [-122.2571, 37.2131], [-122.2571, 37.2126], [-122.2575, 37.2126]], [[-122.2578, 37.2123], [-122.2575, 37.2126], [-122.2575, 37.2123], [-122.2578, 37.2123]]], [[[-122.2446, 37.2123], [-122.2453, 37.212], [-122.2452, 37.2115], [-122.2439, 37.2115], [-122.2446, 37.2123]]], [[[-122.292, 37.2117], [-122.2923, 37.2106], [-122.2906, 37.2111], [-122.2906, 37.2117], [-122.292, 37.2117]]], [[[-122.2247, 37.2143], [-122.225, 37.2137], [-122.2233, 37.2138], [-122.2239, 37.2113], [-122.2229, 37.2114], [-122.2226, 37.2141], [-122.2247, 37.2143]], [[-122.2236, 37.2116], [-122.2232, 37.2119], [-122.2232, 37.2116], [-122.2236, 37.2116]]], [[[-122.2409, 37.2126], [-122.2415, 37.2115], [-122.2422, 37.2118], [-122.2422, 37.2113], [-122.2408, 37.211], [-122.2409, 37.2126]]], [[[-122.1979, 37.2129], [-122.1972, 37.2116], [-122.1968, 37.2116], [-122.1962, 37.2124], [-122.1979, 37.2129]]], [[[-122.2107, 37.2121], [-122.2104, 37.2113], [-122.2093, 37.2113], [-122.2093, 37.2116], [-122.2107, 37.2121]]], [[[-122.3109, 37.2108], [-122.3112, 37.2099], [-122.3092, 37.2092], [-122.3088, 37.21], [-122.3109, 37.2108]]], [[[-122.2144, 37.2123], [-122.2144, 37.2118], [-122.2148, 37.2118], [-122.2148, 37.212], [-122.2155, 37.212], [-122.2151, 37.211], [-122.2131, 37.2121], [-122.2144, 37.2123]], [[-122.2151, 37.2115], [-122.2148, 37.2118], [-122.2148, 37.2115], [-122.2151, 37.2115]]], [[[-122.2155, 37.2147], [-122.2206, 37.2146], [-122.2209, 37.2133], [-122.2195, 37.2125], [-122.2205, 37.2117], [-122.2202, 37.2109], [-122.2189, 37.213], [-122.2178, 37.2125], [-122.2182, 37.212], [-122.2168, 37.212], [-122.2168, 37.2128], [-122.2155, 37.212], [-122.2148, 37.2129], [-122.2148, 37.2137], [-122.2162, 37.2139], [-122.2155, 37.2147]], [[-122.2179, 37.2139], [-122.2172, 37.2142], [-122.2172, 37.2136], [-122.2175, 37.2136], [-122.2175, 37.2139], [-122.2179, 37.2139]], [[-122.2189, 37.2136], [-122.2179, 37.2139], [-122.2179, 37.2136], [-122.2189, 37.2136]], [[-122.2169, 37.2136], [-122.2165, 37.2139], [-122.2165, 37.2136], [-122.2169, 37.2136]], [[-122.2172, 37.2128], [-122.2169, 37.2136], [-122.2168, 37.2128], [-122.2172, 37.2128]], [[-122.2175, 37.2125], [-122.2172, 37.2128], [-122.2172, 37.2125], [-122.2175, 37.2125]]], [[[-122.1952, 37.2127], [-122.1958, 37.2116], [-122.1968, 37.2113], [-122.1958, 37.211], [-122.1948, 37.2121], [-122.1952, 37.2127]]], [[[-122.2415, 37.2107], [-122.2408, 37.2097], [-122.2401, 37.2097], [-122.2401, 37.2105], [-122.2415, 37.2107]]], [[[-122.201, 37.2139], [-122.2023, 37.2123], [-122.2015, 37.2112], [-122.2026, 37.2112], [-122.2019, 37.2101], [-122.1985, 37.2113], [-122.1995, 37.2121], [-122.1989, 37.2129], [-122.1999, 37.2131], [-122.2002, 37.2126], [-122.201, 37.2139]], [[-122.2009, 37.2115], [-122.2005, 37.2118], [-122.2005, 37.2115], [-122.2009, 37.2115]], [[-122.2012, 37.2107], [-122.2009, 37.211], [-122.2009, 37.2107], [-122.2012, 37.2107]]], [[[-122.2225, 37.2105], [-122.2225, 37.21], [-122.2232, 37.2103], [-122.2228, 37.2095], [-122.2222, 37.2097], [-122.2225, 37.2105]]], [[[-122.2174, 37.2098], [-122.2178, 37.2101], [-122.2188, 37.2095], [-122.2178, 37.2096], [-122.2174, 37.2098]]], [[[-122.2276, 37.2113], [-122.2279, 37.2094], [-122.2272, 37.2091], [-122.2269, 37.2097], [-122.2273, 37.2105], [-122.2256, 37.2105], [-122.2256, 37.211], [-122.2276, 37.2113]], [[-122.2276, 37.2096], [-122.2272, 37.2099], [-122.2272, 37.2096], [-122.2276, 37.2096]]], [[[-122.2201, 37.2095], [-122.2208, 37.2106], [-122.2208, 37.2092], [-122.2201, 37.2095]]], [[[-122.2333, 37.2098], [-122.2333, 37.209], [-122.2323, 37.2093], [-122.2323, 37.2096], [-122.2333, 37.2098]]], [[[-122.2283, 37.2099], [-122.2293, 37.2093], [-122.2282, 37.2091], [-122.2283, 37.2099]]], [[[-122.3122, 37.2088], [-122.3128, 37.2075], [-122.3111, 37.2072], [-122.3102, 37.2089], [-122.3122, 37.2088]], [[-122.3115, 37.2083], [-122.3112, 37.2086], [-122.3112, 37.2083], [-122.3115, 37.2083]]], [[[-122.247, 37.2136], [-122.2483, 37.2122], [-122.25, 37.2125], [-122.2497, 37.2119], [-122.2503, 37.2116], [-122.2493, 37.2114], [-122.2513, 37.2114], [-122.2506, 37.2081], [-122.2489, 37.2082], [-122.2489, 37.2092], [-122.2479, 37.2087], [-122.2465, 37.2093], [-122.2465, 37.2098], [-122.2475, 37.2095], [-122.2469, 37.2109], [-122.248, 37.212], [-122.2463, 37.2123], [-122.2456, 37.2131], [-122.247, 37.2136]], [[-122.247, 37.2125], [-122.2466, 37.2128], [-122.2466, 37.2125], [-122.247, 37.2125]], [[-122.2493, 37.2119], [-122.249, 37.2122], [-122.249, 37.2119], [-122.2493, 37.2119]], [[-122.2493, 37.2109], [-122.249, 37.2111], [-122.2489, 37.2109], [-122.2493, 37.2109]], [[-122.25, 37.2108], [-122.2493, 37.2109], [-122.2493, 37.21], [-122.2506, 37.2089], [-122.25, 37.2108]], [[-122.2486, 37.2103], [-122.2479, 37.2106], [-122.2479, 37.2101], [-122.2482, 37.2101], [-122.2483, 37.2103], [-122.2486, 37.2103]], [[-122.2492, 37.2098], [-122.2486, 37.2103], [-122.2486, 37.2098], [-122.2492, 37.2098]], [[-122.2502, 37.2084], [-122.2499, 37.2087], [-122.2499, 37.2084], [-122.2502, 37.2084]]], [[[-122.3078, 37.2095], [-122.3095, 37.2086], [-122.3091, 37.207], [-122.3085, 37.2081], [-122.3061, 37.2084], [-122.3061, 37.209], [-122.3078, 37.2095]], [[-122.3078, 37.2084], [-122.3075, 37.2087], [-122.3074, 37.2084], [-122.3078, 37.2084]]], [[[-122.2185, 37.212], [-122.2198, 37.2109], [-122.2201, 37.2092], [-122.2194, 37.2087], [-122.2188, 37.2101], [-122.2195, 37.2106], [-122.2178, 37.2114], [-122.2185, 37.212]]], [[[-122.2218, 37.2106], [-122.2218, 37.2098], [-122.2225, 37.2087], [-122.2211, 37.2098], [-122.2218, 37.2106]]], [[[-122.2702, 37.2086], [-122.2709, 37.2077], [-122.2708, 37.2072], [-122.2698, 37.2075], [-122.2702, 37.2086]]], [[[-122.2814, 37.2084], [-122.2817, 37.2073], [-122.2806, 37.2067], [-122.28, 37.2078], [-122.2814, 37.2084]]], [[[-122.259, 37.2082], [-122.2583, 37.2069], [-122.2566, 37.2069], [-122.2583, 37.2083], [-122.259, 37.2082]]], [[[-122.2049, 37.2093], [-122.2049, 37.2084], [-122.2055, 37.2079], [-122.2042, 37.2079], [-122.2049, 37.2093]]], [[[-122.2465, 37.2074], [-122.2471, 37.2068], [-122.2454, 37.2069], [-122.2454, 37.2071], [-122.2465, 37.2074]]], [[[-122.2776, 37.2071], [-122.2779, 37.2063], [-122.2772, 37.206], [-122.2769, 37.2068], [-122.2776, 37.2071]]], [[[-122.2289, 37.2088], [-122.2288, 37.2069], [-122.2285, 37.2069], [-122.2279, 37.2086], [-122.2289, 37.2088]]], [[[-122.2844, 37.2067], [-122.2843, 37.2056], [-122.2837, 37.2056], [-122.2833, 37.2064], [-122.2844, 37.2067]]], [[[-122.24, 37.2072], [-122.2393, 37.2065], [-122.2387, 37.2065], [-122.239, 37.2073], [-122.24, 37.2072]]], [[[-122.2062, 37.2084], [-122.2065, 37.2071], [-122.2055, 37.2071], [-122.2055, 37.2079], [-122.2062, 37.2084]]], [[[-122.2123, 37.2075], [-122.2123, 37.2067], [-122.2109, 37.2064], [-122.2109, 37.2073], [-122.2123, 37.2075]]], [[[-122.2093, 37.2086], [-122.2113, 37.2081], [-122.2106, 37.2073], [-122.2105, 37.2062], [-122.2096, 37.207], [-122.2099, 37.2084], [-122.2092, 37.2081], [-122.2093, 37.2086]]], [[[-122.2685, 37.2089], [-122.2678, 37.2075], [-122.2671, 37.2078], [-122.2668, 37.2073], [-122.2664, 37.2051], [-122.2657, 37.2051], [-122.2658, 37.207], [-122.2685, 37.2089]]], [[[-122.2596, 37.2063], [-122.2596, 37.2055], [-122.2586, 37.2053], [-122.2586, 37.2061], [-122.2596, 37.2063]]], [[[-122.2302, 37.2066], [-122.2302, 37.2061], [-122.2295, 37.2058], [-122.2292, 37.2066], [-122.2302, 37.2066]]], [[[-122.2141, 37.2107], [-122.217, 37.2082], [-122.215, 37.2072], [-122.2163, 37.2066], [-122.216, 37.2061], [-122.2136, 37.2064], [-122.2146, 37.2072], [-122.2133, 37.208], [-122.2126, 37.2078], [-122.212, 37.2094], [-122.2106, 37.2091], [-122.2106, 37.2097], [-122.2127, 37.2097], [-122.2127, 37.2102], [-122.214, 37.2096], [-122.2141, 37.2107]], [[-122.2133, 37.2091], [-122.2127, 37.2097], [-122.2127, 37.2091], [-122.2133, 37.2091]], [[-122.2143, 37.2085], [-122.214, 37.2088], [-122.214, 37.2085], [-122.2143, 37.2085]], [[-122.2147, 37.2083], [-122.2143, 37.2085], [-122.2143, 37.2083], [-122.2147, 37.2083]]], [[[-122.237, 37.2062], [-122.2373, 37.2057], [-122.2359, 37.2054], [-122.2359, 37.2057], [-122.237, 37.2062]]], [[[-122.236, 37.2084], [-122.236, 37.2079], [-122.2373, 37.2081], [-122.2373, 37.2076], [-122.2353, 37.2063], [-122.2336, 37.2063], [-122.2336, 37.2058], [-122.2346, 37.206], [-122.2345, 37.2049], [-122.2332, 37.2052], [-122.2329, 37.2063], [-122.2322, 37.2058], [-122.2315, 37.2063], [-122.2305, 37.2055], [-122.2309, 37.2069], [-122.2302, 37.2066], [-122.2302, 37.2074], [-122.2305, 37.2072], [-122.2319, 37.2071], [-122.2319, 37.2082], [-122.2326, 37.2077], [-122.2346, 37.2076], [-122.236, 37.2084]], [[-122.236, 37.2076], [-122.2356, 37.2079], [-122.2356, 37.2076], [-122.236, 37.2076]], [[-122.2363, 37.2071], [-122.236, 37.2076], [-122.236, 37.2071], [-122.2363, 37.2071]], [[-122.2353, 37.2071], [-122.2346, 37.2076], [-122.2346, 37.2074], [-122.2353, 37.2071]], [[-122.2322, 37.2069], [-122.2319, 37.2071], [-122.2319, 37.2069], [-122.2322, 37.2069]]], [[[-122.2813, 37.2067], [-122.2823, 37.2056], [-122.281, 37.2057], [-122.2809, 37.2046], [-122.2792, 37.2043], [-122.2792, 37.2038], [-122.2782, 37.2041], [-122.2779, 37.2052], [-122.2789, 37.2052], [-122.2813, 37.2067]], [[-122.2786, 37.2046], [-122.2782, 37.2049], [-122.2782, 37.2046], [-122.2786, 37.2046]]], [[[-122.2681, 37.2064], [-122.2677, 37.2051], [-122.2687, 37.2048], [-122.2687, 37.204], [-122.267, 37.2043], [-122.2674, 37.2062], [-122.2681, 37.2064]]], [[[-122.2657, 37.2049], [-122.266, 37.2041], [-122.265, 37.2041], [-122.265, 37.2046], [-122.2657, 37.2049]]], [[[-122.2576, 37.2053], [-122.2579, 37.2045], [-122.2569, 37.2042], [-122.2565, 37.2048], [-122.2576, 37.2053]]], [[[-122.2092, 37.2067], [-122.2092, 37.2057], [-122.2071, 37.2052], [-122.2068, 37.2065], [-122.2092, 37.2067]], [[-122.2078, 37.2057], [-122.2075, 37.206], [-122.2075, 37.2057], [-122.2078, 37.2057]]], [[[-122.2325, 37.2047], [-122.2332, 37.2039], [-122.2318, 37.2042], [-122.2315, 37.2036], [-122.2308, 37.2042], [-122.2325, 37.2047]]], [[[-122.2552, 37.204], [-122.2551, 37.2032], [-122.2535, 37.2035], [-122.2538, 37.204], [-122.2552, 37.204]]], [[[-122.2173, 37.2052], [-122.2166, 37.2036], [-122.2149, 37.2042], [-122.2149, 37.2048], [-122.2156, 37.205], [-122.2169, 37.2047], [-122.2166, 37.2053], [-122.2173, 37.2052]], [[-122.2162, 37.2045], [-122.2159, 37.2047], [-122.2159, 37.2045], [-122.2162, 37.2045]]], [[[-122.2531, 37.2038], [-122.2531, 37.203], [-122.2521, 37.203], [-122.2521, 37.2032], [-122.2531, 37.2038]]], [[[-122.2877, 37.2061], [-122.2877, 37.2053], [-122.2887, 37.2055], [-122.288, 37.2023], [-122.2873, 37.2034], [-122.2866, 37.2034], [-122.287, 37.2042], [-122.2863, 37.2047], [-122.2867, 37.2061], [-122.2877, 37.2061]], [[-122.2877, 37.205], [-122.287, 37.2053], [-122.287, 37.205], [-122.2877, 37.205]], [[-122.2877, 37.2042], [-122.287, 37.2047], [-122.287, 37.2045], [-122.2877, 37.2042]]], [[[-122.2863, 37.2029], [-122.2873, 37.2028], [-122.2873, 37.2023], [-122.2863, 37.2029]]], [[[-122.2308, 37.2047], [-122.2301, 37.2042], [-122.2311, 37.2034], [-122.2298, 37.2031], [-122.2301, 37.2037], [-122.2291, 37.2042], [-122.2308, 37.2047]]], [[[-122.2098, 37.204], [-122.2108, 37.2035], [-122.2094, 37.2035], [-122.2098, 37.204]]], [[[-122.1929, 37.2049], [-122.1929, 37.2038], [-122.1919, 37.2038], [-122.1919, 37.2044], [-122.1929, 37.2049]]], [[[-122.2849, 37.2026], [-122.2852, 37.2021], [-122.2835, 37.2018], [-122.2836, 37.2024], [-122.2849, 37.2026]]], [[[-122.2005, 37.2101], [-122.2005, 37.2096], [-122.2008, 37.2096], [-122.2008, 37.2099], [-122.2018, 37.2099], [-122.2025, 37.2093], [-122.2021, 37.208], [-122.2015, 37.2082], [-122.2021, 37.2063], [-122.2007, 37.2064], [-122.201, 37.2055], [-122.199, 37.204], [-122.1993, 37.2034], [-122.1973, 37.2035], [-122.1976, 37.2048], [-122.1966, 37.2048], [-122.1966, 37.2035], [-122.1956, 37.2038], [-122.1956, 37.2046], [-122.1959, 37.2046], [-122.1963, 37.2048], [-122.1956, 37.2056], [-122.1977, 37.2056], [-122.1973, 37.2064], [-122.1991, 37.2075], [-122.1988, 37.2099], [-122.2005, 37.2101]], [[-122.2018, 37.2088], [-122.2015, 37.2096], [-122.2015, 37.2088], [-122.2018, 37.2088]], [[-122.2012, 37.2093], [-122.2008, 37.2096], [-122.2008, 37.2093], [-122.2012, 37.2093]], [[-122.2004, 37.208], [-122.2001, 37.2083], [-122.2001, 37.208], [-122.2004, 37.208]], [[-122.1994, 37.2072], [-122.1991, 37.2075], [-122.1991, 37.2072], [-122.1994, 37.2072]], [[-122.2004, 37.2066], [-122.2001, 37.2069], [-122.2001, 37.2066], [-122.2004, 37.2066]], [[-122.199, 37.2059], [-122.1987, 37.2061], [-122.1987, 37.2059], [-122.199, 37.2059]], [[-122.1983, 37.2059], [-122.198, 37.2061], [-122.198, 37.2059], [-122.1983, 37.2059]], [[-122.1987, 37.2051], [-122.198, 37.2056], [-122.1976, 37.2048], [-122.1987, 37.2051]], [[-122.1963, 37.2043], [-122.1959, 37.2046], [-122.1959, 37.2043], [-122.1963, 37.2043]]], [[[-122.2244, 37.2067], [-122.2247, 37.2051], [-122.2257, 37.2051], [-122.2261, 37.2059], [-122.2274, 37.2053], [-122.2274, 37.2048], [-122.2268, 37.2053], [-122.2257, 37.2048], [-122.2261, 37.204], [-122.2254, 37.2035], [-122.2264, 37.2029], [-122.2253, 37.2024], [-122.2243, 37.2027], [-122.2254, 37.2046], [-122.224, 37.2046], [-122.223, 37.2054], [-122.222, 37.2052], [-122.2227, 37.2068], [-122.2234, 37.2062], [-122.2244, 37.2067]], [[-122.2234, 37.2059], [-122.2231, 37.2062], [-122.2231, 37.2059], [-122.2234, 37.2059]], [[-122.2244, 37.2054], [-122.2241, 37.2057], [-122.2241, 37.2054], [-122.2244, 37.2054]]], [[[-122.2145, 37.2034], [-122.2145, 37.2029], [-122.2138, 37.2026], [-122.2135, 37.2034], [-122.2145, 37.2034]]], [[[-122.2711, 37.2045], [-122.2721, 37.2042], [-122.2707, 37.204], [-122.2721, 37.2031], [-122.2717, 37.2023], [-122.2683, 37.2013], [-122.267, 37.2035], [-122.2684, 37.2037], [-122.268, 37.2029], [-122.269, 37.2018], [-122.2694, 37.2037], [-122.2711, 37.2045]], [[-122.2707, 37.2029], [-122.2704, 37.2032], [-122.2704, 37.2029], [-122.2707, 37.2029]], [[-122.2697, 37.2021], [-122.2693, 37.2024], [-122.2693, 37.2021], [-122.2697, 37.2021]]], [[[-122.2369, 37.2033], [-122.2368, 37.2025], [-122.2345, 37.2022], [-122.2348, 37.203], [-122.2369, 37.2033]]], [[[-122.2561, 37.2021], [-122.2575, 37.2023], [-122.2575, 37.2015], [-122.2561, 37.2021]]], [[[-122.2328, 37.2031], [-122.2328, 37.202], [-122.2317, 37.2017], [-122.2321, 37.2031], [-122.2328, 37.2031]]], [[[-122.265, 37.2035], [-122.265, 37.203], [-122.266, 37.2027], [-122.2663, 37.2032], [-122.267, 37.2024], [-122.2656, 37.2022], [-122.265, 37.2027], [-122.2642, 37.2006], [-122.2632, 37.202], [-122.2639, 37.2019], [-122.2636, 37.2028], [-122.2646, 37.2027], [-122.2643, 37.2033], [-122.265, 37.2035]]], [[[-122.2689, 37.2002], [-122.2693, 37.2008], [-122.27, 37.2002], [-122.2689, 37.2002]]], [[[-122.2122, 37.2035], [-122.2121, 37.2024], [-122.2141, 37.2015], [-122.2155, 37.2026], [-122.2155, 37.201], [-122.2131, 37.201], [-122.2128, 37.2018], [-122.2108, 37.2032], [-122.2122, 37.2035]]], [[[-122.2863, 37.2018], [-122.2866, 37.201], [-122.2849, 37.2007], [-122.2852, 37.1999], [-122.2835, 37.1999], [-122.2828, 37.1991], [-122.2825, 37.2008], [-122.2828, 37.2008], [-122.2828, 37.201], [-122.2832, 37.201], [-122.2832, 37.2013], [-122.2859, 37.201], [-122.2863, 37.2018]], [[-122.2835, 37.2008], [-122.2832, 37.201], [-122.2832, 37.2008], [-122.2835, 37.2008]]], [[[-122.2314, 37.2009], [-122.231, 37.2001], [-122.2303, 37.2001], [-122.2304, 37.2007], [-122.2314, 37.2009]]], [[[-122.2872, 37.1991], [-122.2885, 37.199], [-122.2885, 37.1985], [-122.2872, 37.1991]]], [[[-122.2061, 37.2046], [-122.2067, 37.2033], [-122.2074, 37.2041], [-122.2074, 37.2033], [-122.2111, 37.2029], [-122.2117, 37.2008], [-122.2128, 37.2007], [-122.2131, 37.1999], [-122.2104, 37.2002], [-122.2104, 37.2008], [-122.2094, 37.2008], [-122.2077, 37.2022], [-122.2053, 37.2022], [-122.2044, 37.2039], [-122.2061, 37.2046]], [[-122.2064, 37.203], [-122.2057, 37.2036], [-122.2057, 37.2033], [-122.2064, 37.203]], [[-122.2108, 37.2019], [-122.2097, 37.2016], [-122.2107, 37.2013], [-122.2108, 37.2019]]], [[[-122.2351, 37.2017], [-122.2354, 37.2], [-122.2368, 37.1998], [-122.2367, 37.1989], [-122.2351, 37.1992], [-122.2351, 37.2006], [-122.2341, 37.2009], [-122.2351, 37.2017]]], [[[-122.2317, 37.2009], [-122.2327, 37.2004], [-122.2317, 37.1988], [-122.2317, 37.2009]]], [[[-122.2899, 37.1979], [-122.2905, 37.1974], [-122.2892, 37.1969], [-122.2899, 37.1979]]], [[[-122.2171, 37.1993], [-122.2164, 37.1982], [-122.2154, 37.1985], [-122.2154, 37.1991], [-122.2171, 37.1993]]], [[[-122.2769, 37.2065], [-122.2769, 37.2052], [-122.2779, 37.2055], [-122.2775, 37.2036], [-122.2765, 37.2039], [-122.2745, 37.2036], [-122.2762, 37.2036], [-122.2765, 37.203], [-122.2789, 37.2035], [-122.2782, 37.203], [-122.2788, 37.2019], [-122.2798, 37.2019], [-122.2795, 37.2027], [-122.2815, 37.203], [-122.2816, 37.2035], [-122.2846, 37.2034], [-122.2846, 37.2026], [-122.2829, 37.2029], [-122.2825, 37.2021], [-122.2835, 37.2018], [-122.2829, 37.2013], [-122.2788, 37.2017], [-122.2795, 37.2011], [-122.2788, 37.2003], [-122.2811, 37.2], [-122.2801, 37.1995], [-122.28, 37.1981], [-122.2787, 37.1984], [-122.279, 37.1976], [-122.277, 37.1976], [-122.277, 37.199], [-122.2773, 37.1982], [-122.2791, 37.1989], [-122.2774, 37.1995], [-122.2781, 37.2003], [-122.2781, 37.2009], [-122.2761, 37.202], [-122.2761, 37.2012], [-122.2754, 37.2012], [-122.2761, 37.2004], [-122.2757, 37.1987], [-122.2743, 37.199], [-122.2746, 37.1977], [-122.2736, 37.1972], [-122.2702, 37.1972], [-122.2685, 37.1978], [-122.2685, 37.1983], [-122.2675, 37.1978], [-122.2679, 37.2], [-122.2703, 37.1994], [-122.2703, 37.2002], [-122.2716, 37.1999], [-122.272, 37.2004], [-122.2723, 37.1996], [-122.2706, 37.1991], [-122.2706, 37.1983], [-122.273, 37.1985], [-122.2743, 37.1998], [-122.2754, 37.1996], [-122.2741, 37.2017], [-122.2724, 37.2015], [-122.2723, 37.2007], [-122.2713, 37.201], [-122.2714, 37.2021], [-122.272, 37.2018], [-122.2731, 37.2037], [-122.2721, 37.2045], [-122.2711, 37.2048], [-122.2691, 37.2045], [-122.2691, 37.2053], [-122.2735, 37.2058], [-122.2745, 37.205], [-122.2759, 37.2055], [-122.2756, 37.2066], [-122.2769, 37.2065]], [[-122.2765, 37.2052], [-122.2759, 37.2052], [-122.2758, 37.2047], [-122.2762, 37.2047], [-122.2765, 37.2052]], [[-122.2742, 37.2047], [-122.2738, 37.205], [-122.2738, 37.2047], [-122.2742, 37.2047]], [[-122.2738, 37.2036], [-122.2735, 37.2039], [-122.2734, 37.2036], [-122.2738, 37.2036]], [[-122.2745, 37.2034], [-122.2738, 37.2036], [-122.2738, 37.2034], [-122.2745, 37.2034]], [[-122.2761, 37.2031], [-122.2758, 37.2033], [-122.2758, 37.2031], [-122.2761, 37.2031]], [[-122.2825, 37.2024], [-122.2822, 37.2027], [-122.2822, 37.2024], [-122.2825, 37.2024]], [[-122.2754, 37.2023], [-122.2748, 37.2028], [-122.2748, 37.2023], [-122.2754, 37.2023]], [[-122.2738, 37.2026], [-122.2734, 37.2028], [-122.2734, 37.2026], [-122.2738, 37.2026]], [[-122.2781, 37.2022], [-122.2778, 37.2025], [-122.2778, 37.2022], [-122.2781, 37.2022]], [[-122.2734, 37.202], [-122.2731, 37.2023], [-122.2731, 37.202], [-122.2734, 37.202]], [[-122.2754, 37.2017], [-122.2751, 37.202], [-122.2751, 37.2017], [-122.2754, 37.2017]], [[-122.2788, 37.2008], [-122.2784, 37.2011], [-122.2784, 37.2009], [-122.2788, 37.2008]], [[-122.2751, 37.2009], [-122.2747, 37.2012], [-122.2747, 37.2009], [-122.2751, 37.2009]], [[-122.2784, 37.2], [-122.2781, 37.2003], [-122.2781, 37.2], [-122.2784, 37.2]]], [[[-122.2168, 37.2007], [-122.2185, 37.2006], [-122.2185, 37.1993], [-122.2195, 37.199], [-122.2195, 37.1982], [-122.2171, 37.1993], [-122.2175, 37.2001], [-122.2168, 37.2007]]], [[[-122.2053, 37.1995], [-122.2066, 37.1992], [-122.2063, 37.1984], [-122.2049, 37.1987], [-122.2053, 37.1995]]], [[[-122.2174, 37.1988], [-122.2178, 37.1982], [-122.2167, 37.198], [-122.2168, 37.1985], [-122.2174, 37.1988]]], [[[-122.231, 37.1982], [-122.2299, 37.1969], [-122.2289, 37.1972], [-122.2293, 37.1977], [-122.231, 37.1982]]], [[[-122.1809, 37.1986], [-122.1815, 37.1983], [-122.1825, 37.1981], [-122.1812, 37.1978], [-122.1809, 37.1986]]], [[[-122.209, 37.2], [-122.2104, 37.2], [-122.21, 37.1992], [-122.211, 37.1983], [-122.211, 37.197], [-122.2093, 37.1986], [-122.209, 37.2]], [[-122.21, 37.1994], [-122.2097, 37.1997], [-122.2097, 37.1994], [-122.21, 37.1994]]], [[[-122.233, 37.1998], [-122.2333, 37.1987], [-122.2351, 37.1992], [-122.2333, 37.1968], [-122.2346, 37.1963], [-122.2346, 37.1957], [-122.2329, 37.196], [-122.2322, 37.1955], [-122.233, 37.1971], [-122.232, 37.1982], [-122.233, 37.1985], [-122.2323, 37.1988], [-122.233, 37.1998]]], [[[-122.2671, 37.1962], [-122.2674, 37.1949], [-122.2657, 37.1946], [-122.2654, 37.1952], [-122.2671, 37.1962]]], [[[-122.2302, 37.1964], [-122.2292, 37.1953], [-122.2285, 37.1953], [-122.2289, 37.1961], [-122.2302, 37.1964]]], [[[-122.2891, 37.1966], [-122.2891, 37.1961], [-122.2898, 37.196], [-122.2905, 37.1963], [-122.2911, 37.1947], [-122.2901, 37.195], [-122.2897, 37.1939], [-122.2874, 37.1942], [-122.2871, 37.1947], [-122.2881, 37.195], [-122.2874, 37.1958], [-122.2891, 37.1966]], [[-122.2901, 37.1958], [-122.2898, 37.196], [-122.2898, 37.1958], [-122.2901, 37.1958]], [[-122.2884, 37.1953], [-122.2881, 37.1955], [-122.2881, 37.1953], [-122.2884, 37.1953]], [[-122.2891, 37.1947], [-122.2884, 37.195], [-122.2884, 37.1947], [-122.2891, 37.1947]]], [[[-122.2566, 37.1953], [-122.2562, 37.1945], [-122.2559, 37.1945], [-122.2556, 37.1953], [-122.2566, 37.1953]]], [[[-122.1998, 37.1967], [-122.2004, 37.1958], [-122.1994, 37.1956], [-122.1998, 37.1967]]], [[[-122.2867, 37.1956], [-122.2867, 37.1939], [-122.2853, 37.1937], [-122.2847, 37.1945], [-122.2857, 37.1945], [-122.2854, 37.1953], [-122.2867, 37.1956]]], [[[-122.2708, 37.1948], [-122.2708, 37.1942], [-122.2698, 37.194], [-122.2698, 37.1945], [-122.2708, 37.1948]]], [[[-122.2637, 37.1949], [-122.2654, 37.1946], [-122.2664, 37.1941], [-122.264, 37.1938], [-122.2637, 37.1949]]], [[[-122.1758, 37.1982], [-122.1764, 37.1971], [-122.175, 37.1955], [-122.1744, 37.1963], [-122.175, 37.1963], [-122.1747, 37.1969], [-122.1754, 37.1968], [-122.1758, 37.1982]]], [[[-122.2339, 37.1958], [-122.2343, 37.1952], [-122.2336, 37.1952], [-122.2329, 37.1936], [-122.2319, 37.1939], [-122.2326, 37.1955], [-122.2339, 37.1958]]], [[[-122.2667, 37.1941], [-122.2664, 37.193], [-122.2647, 37.193], [-122.265, 37.1935], [-122.2657, 37.1933], [-122.2667, 37.1941]]], [[[-122.2583, 37.195], [-122.26, 37.1942], [-122.2596, 37.1928], [-122.2593, 37.1937], [-122.2576, 37.194], [-122.2576, 37.1948], [-122.2583, 37.1942], [-122.2583, 37.195]]], [[[-122.1713, 37.1953], [-122.1723, 37.1945], [-122.1713, 37.1945], [-122.1713, 37.1953]]], [[[-122.1889, 37.1969], [-122.1892, 37.1952], [-122.1875, 37.1939], [-122.1868, 37.1945], [-122.1872, 37.1955], [-122.1876, 37.1955], [-122.1875, 37.195], [-122.1879, 37.195], [-122.1886, 37.1955], [-122.1879, 37.1963], [-122.1889, 37.1969]], [[-122.1882, 37.1947], [-122.1879, 37.195], [-122.1879, 37.1947], [-122.1882, 37.1947]]], [[[-122.3087, 37.1938], [-122.3093, 37.1919], [-122.308, 37.1916], [-122.3076, 37.1927], [-122.3063, 37.1936], [-122.3083, 37.1933], [-122.3087, 37.1938]]], [[[-122.2623, 37.1931], [-122.264, 37.193], [-122.2636, 37.1925], [-122.2623, 37.1931]]], [[[-122.267, 37.193], [-122.2687, 37.1924], [-122.2677, 37.1921], [-122.267, 37.193]]], [[[-122.2038, 37.1947], [-122.2038, 37.1939], [-122.2041, 37.1933], [-122.2031, 37.1939], [-122.2038, 37.1947]]], [[[-122.331, 37.192], [-122.3313, 37.1909], [-122.3306, 37.1907], [-122.3303, 37.192], [-122.331, 37.192]]], [[[-122.1984, 37.1961], [-122.1997, 37.1948], [-122.2011, 37.1953], [-122.2007, 37.1945], [-122.2017, 37.1937], [-122.2, 37.1937], [-122.1997, 37.1932], [-122.1997, 37.1942], [-122.2, 37.1942], [-122.2, 37.1945], [-122.196, 37.1935], [-122.1946, 37.1941], [-122.196, 37.1959], [-122.1967, 37.1959], [-122.1967, 37.1951], [-122.1977, 37.1951], [-122.1984, 37.1961]], [[-122.1983, 37.1943], [-122.197, 37.1946], [-122.197, 37.1943], [-122.1983, 37.1943]], [[-122.1967, 37.1943], [-122.196, 37.1946], [-122.196, 37.1943], [-122.1967, 37.1943]], [[-122.2004, 37.194], [-122.2, 37.1942], [-122.2, 37.194], [-122.2004, 37.194]]], [[[-122.2911, 37.1925], [-122.2914, 37.1914], [-122.29, 37.1909], [-122.2897, 37.1923], [-122.2911, 37.1925]]], [[[-122.2945, 37.1935], [-122.2965, 37.1932], [-122.2958, 37.1927], [-122.2964, 37.1916], [-122.294, 37.1906], [-122.2941, 37.1916], [-122.2934, 37.1914], [-122.2927, 37.1922], [-122.2944, 37.1927], [-122.2945, 37.1935]]], [[[-122.2751, 37.192], [-122.2754, 37.1915], [-122.2748, 37.1909], [-122.2741, 37.1918], [-122.2751, 37.192]]], [[[-122.2724, 37.1918], [-122.2731, 37.1915], [-122.2731, 37.191], [-122.2717, 37.191], [-122.2724, 37.1918]]], [[[-122.2366, 37.1927], [-122.2376, 37.1922], [-122.2375, 37.1916], [-122.2359, 37.1922], [-122.2366, 37.1927]]], [[[-122.2897, 37.1915], [-122.2896, 37.1906], [-122.2883, 37.1904], [-122.2883, 37.1907], [-122.2897, 37.1915]]], [[[-122.2332, 37.1925], [-122.2338, 37.192], [-122.2321, 37.1915], [-122.2321, 37.1923], [-122.2332, 37.1925]]], [[[-122.3029, 37.215], [-122.3039, 37.2141], [-122.3032, 37.212], [-122.3049, 37.213], [-122.3053, 37.2146], [-122.3059, 37.2144], [-122.3059, 37.213], [-122.3063, 37.2138], [-122.3073, 37.2135], [-122.3055, 37.2122], [-122.3062, 37.2111], [-122.3051, 37.2106], [-122.3061, 37.2095], [-122.3061, 37.209], [-122.3048, 37.2093], [-122.3054, 37.2084], [-122.3088, 37.2067], [-122.3128, 37.2072], [-122.3155, 37.2063], [-122.3168, 37.2044], [-122.3182, 37.2047], [-122.3171, 37.2036], [-122.3178, 37.2025], [-122.3184, 37.2025], [-122.3185, 37.2041], [-122.3192, 37.2038], [-122.3191, 37.2022], [-122.3181, 37.2017], [-122.3211, 37.1995], [-122.321, 37.1979], [-122.3217, 37.1981], [-122.3223, 37.1973], [-122.3224, 37.1981], [-122.323, 37.1981], [-122.323, 37.197], [-122.3237, 37.1973], [-122.325, 37.1962], [-122.3264, 37.1964], [-122.3273, 37.1948], [-122.3263, 37.1926], [-122.3269, 37.1915], [-122.3255, 37.1908], [-122.3258, 37.1897], [-122.3252, 37.1905], [-122.3242, 37.1905], [-122.3256, 37.1937], [-122.3249, 37.1935], [-122.3243, 37.1946], [-122.3216, 37.1952], [-122.3206, 37.1965], [-122.321, 37.1973], [-122.3203, 37.1976], [-122.3196, 37.1968], [-122.3197, 37.1979], [-122.3183, 37.1979], [-122.319, 37.1984], [-122.317, 37.199], [-122.317, 37.1996], [-122.318, 37.1993], [-122.318, 37.2001], [-122.316, 37.2004], [-122.316, 37.1996], [-122.3146, 37.1996], [-122.315, 37.2007], [-122.3157, 37.2007], [-122.315, 37.2012], [-122.3157, 37.2031], [-122.3144, 37.2045], [-122.3155, 37.2045], [-122.3155, 37.2047], [-122.3158, 37.2047], [-122.3158, 37.205], [-122.3141, 37.2061], [-122.3131, 37.2053], [-122.3121, 37.2056], [-122.3117, 37.2045], [-122.31, 37.2046], [-122.3108, 37.2059], [-122.3091, 37.2062], [-122.3087, 37.2051], [-122.308, 37.2054], [-122.3073, 37.2046], [-122.3066, 37.2014], [-122.3076, 37.2014], [-122.3076, 37.2019], [-122.3082, 37.2014], [-122.309, 37.203], [-122.3103, 37.2019], [-122.3116, 37.2018], [-122.3102, 37.2], [-122.3082, 37.1995], [-122.3085, 37.1989], [-122.3072, 37.1998], [-122.3051, 37.199], [-122.3048, 37.2001], [-122.3041, 37.2001], [-122.3031, 37.1979], [-122.3017, 37.1982], [-122.3021, 37.199], [-122.3011, 37.1993], [-122.2997, 37.1977], [-122.2976, 37.1975], [-122.2977, 37.1983], [-122.2987, 37.1983], [-122.298, 37.1989], [-122.2994, 37.1994], [-122.2984, 37.2007], [-122.2984, 37.2002], [-122.2977, 37.2005], [-122.298, 37.1994], [-122.297, 37.1991], [-122.2973, 37.1972], [-122.2959, 37.1973], [-122.2964, 37.2], [-122.2947, 37.2005], [-122.2944, 37.2024], [-122.2958, 37.2027], [-122.2951, 37.2035], [-122.2968, 37.2032], [-122.2961, 37.2043], [-122.2951, 37.204], [-122.2948, 37.2054], [-122.2959, 37.2056], [-122.2955, 37.2067], [-122.2966, 37.2064], [-122.2972, 37.207], [-122.2969, 37.2075], [-122.2952, 37.207], [-122.2942, 37.2081], [-122.2953, 37.21], [-122.296, 37.21], [-122.2967, 37.2102], [-122.2967, 37.2108], [-122.2946, 37.2103], [-122.2943, 37.2089], [-122.2929, 37.2089], [-122.2929, 37.2095], [-122.2939, 37.2095], [-122.294, 37.2108], [-122.293, 37.2108], [-122.292, 37.2119], [-122.293, 37.2119], [-122.293, 37.2124], [-122.2933, 37.2124], [-122.2934, 37.2127], [-122.2947, 37.2127], [-122.296, 37.211], [-122.2977, 37.211], [-122.2974, 37.2105], [-122.2984, 37.2102], [-122.2981, 37.2118], [-122.2991, 37.2126], [-122.3008, 37.2126], [-122.3008, 37.212], [-122.3011, 37.212], [-122.3012, 37.2131], [-122.3022, 37.2131], [-122.3022, 37.2147], [-122.3029, 37.215]], [[-122.2937, 37.2122], [-122.2933, 37.2124], [-122.2933, 37.2122], [-122.2937, 37.2122]], [[-122.3015, 37.212], [-122.3011, 37.2115], [-122.3024, 37.2106], [-122.3024, 37.209], [-122.3031, 37.209], [-122.3031, 37.2098], [-122.3048, 37.2095], [-122.3034, 37.2104], [-122.3031, 37.2114], [-122.3025, 37.2112], [-122.3015, 37.212]], [[-122.3001, 37.2115], [-122.2998, 37.212], [-122.2994, 37.2115], [-122.3001, 37.2115]], [[-122.3038, 37.2112], [-122.3035, 37.2114], [-122.3035, 37.2112], [-122.3038, 37.2112]], [[-122.3051, 37.2106], [-122.3048, 37.2109], [-122.3048, 37.2106], [-122.3051, 37.2106]], [[-122.3011, 37.2104], [-122.3007, 37.2107], [-122.3007, 37.2104], [-122.3011, 37.2104]], [[-122.2997, 37.2099], [-122.2994, 37.2107], [-122.299, 37.2099], [-122.2997, 37.2099]], [[-122.3007, 37.2099], [-122.3004, 37.2104], [-122.3, 37.2099], [-122.3007, 37.2099]], [[-122.297, 37.2099], [-122.2967, 37.2102], [-122.2967, 37.2099], [-122.297, 37.2099]], [[-122.2963, 37.21], [-122.296, 37.2092], [-122.2966, 37.2091], [-122.2969, 37.2083], [-122.2976, 37.2083], [-122.298, 37.2094], [-122.2963, 37.21]], [[-122.3014, 37.209], [-122.301, 37.2093], [-122.301, 37.2091], [-122.3014, 37.209]], [[-122.3044, 37.2084], [-122.3041, 37.2087], [-122.3041, 37.2085], [-122.3044, 37.2084]], [[-122.3, 37.2085], [-122.2997, 37.2088], [-122.2997, 37.2085], [-122.3, 37.2085]], [[-122.2963, 37.2078], [-122.2953, 37.2086], [-122.2949, 37.2076], [-122.2963, 37.2078]], [[-122.298, 37.208], [-122.2976, 37.2083], [-122.2976, 37.208], [-122.298, 37.208]], [[-122.2969, 37.2081], [-122.2966, 37.2083], [-122.2966, 37.2081], [-122.2969, 37.2081]], [[-122.3061, 37.2076], [-122.3057, 37.2079], [-122.3057, 37.2076], [-122.3061, 37.2076]], [[-122.3034, 37.2077], [-122.303, 37.2079], [-122.303, 37.2077], [-122.3034, 37.2077]], [[-122.304, 37.2071], [-122.3034, 37.2077], [-122.3033, 37.2069], [-122.304, 37.2071]], [[-122.3017, 37.2077], [-122.301, 37.2077], [-122.301, 37.2072], [-122.3013, 37.2072], [-122.3017, 37.2077]], [[-122.3, 37.2077], [-122.2986, 37.2078], [-122.2983, 37.2072], [-122.2989, 37.2069], [-122.2976, 37.207], [-122.2992, 37.2058], [-122.2992, 37.205], [-122.2982, 37.2053], [-122.2985, 37.2042], [-122.3002, 37.205], [-122.3, 37.2077]], [[-122.3057, 37.2068], [-122.3047, 37.2074], [-122.3047, 37.2066], [-122.3057, 37.2068]], [[-122.3125, 37.2064], [-122.3121, 37.2067], [-122.3121, 37.2064], [-122.3125, 37.2064]], [[-122.3111, 37.2064], [-122.3108, 37.2067], [-122.3108, 37.2064], [-122.3111, 37.2064]], [[-122.3033, 37.2069], [-122.3019, 37.2042], [-122.3049, 37.2033], [-122.3039, 37.2039], [-122.3039, 37.2047], [-122.3049, 37.2041], [-122.305, 37.2057], [-122.3043, 37.2066], [-122.3033, 37.206], [-122.3033, 37.2069]], [[-122.3118, 37.2059], [-122.3114, 37.2062], [-122.3114, 37.2059], [-122.3118, 37.2059]], [[-122.3161, 37.2044], [-122.3158, 37.2047], [-122.3158, 37.2044], [-122.3161, 37.2044]], [[-122.3016, 37.2042], [-122.3002, 37.2042], [-122.3002, 37.2039], [-122.3015, 37.2036], [-122.3016, 37.2042]], [[-122.3168, 37.2031], [-122.3161, 37.2036], [-122.3161, 37.2031], [-122.3168, 37.2031]], [[-122.2981, 37.2032], [-122.2978, 37.2037], [-122.2975, 37.2032], [-122.2981, 37.2032]], [[-122.3178, 37.2023], [-122.3174, 37.2025], [-122.3174, 37.2023], [-122.3178, 37.2023]], [[-122.3049, 37.2022], [-122.3046, 37.2025], [-122.3046, 37.2022], [-122.3049, 37.2022]], [[-122.2995, 37.2026], [-122.2991, 37.2018], [-122.3001, 37.201], [-122.3005, 37.2012], [-122.3005, 37.202], [-122.2995, 37.2026]], [[-122.2961, 37.2024], [-122.2958, 37.2027], [-122.2958, 37.2024], [-122.2961, 37.2024]], [[-122.3174, 37.2014], [-122.3171, 37.202], [-122.3167, 37.2015], [-122.3174, 37.2014]], [[-122.3042, 37.202], [-122.3039, 37.2023], [-122.3039, 37.202], [-122.3042, 37.202]], [[-122.2961, 37.2019], [-122.2957, 37.2021], [-122.2957, 37.2019], [-122.2961, 37.2019]], [[-122.3045, 37.2012], [-122.3038, 37.2014], [-122.3038, 37.2012], [-122.3045, 37.2012]], [[-122.2981, 37.2013], [-122.2978, 37.2016], [-122.2978, 37.2013], [-122.2981, 37.2013]], [[-122.3099, 37.2008], [-122.3096, 37.2011], [-122.3096, 37.2008], [-122.3099, 37.2008]], [[-122.3015, 37.2012], [-122.3005, 37.2012], [-122.3001, 37.2004], [-122.3008, 37.2002], [-122.3015, 37.2012]], [[-122.3103, 37.2005], [-122.3099, 37.2008], [-122.3099, 37.2005], [-122.3103, 37.2005]], [[-122.3082, 37.2005], [-122.3079, 37.2008], [-122.3079, 37.2006], [-122.3082, 37.2005]], [[-122.2977, 37.2005], [-122.2971, 37.201], [-122.2971, 37.2008], [-122.2977, 37.2005]], [[-122.2964, 37.2005], [-122.296, 37.2008], [-122.296, 37.2005], [-122.2964, 37.2005]], [[-122.3085, 37.2], [-122.3082, 37.2003], [-122.3082, 37.2], [-122.3085, 37.2]], [[-122.2974, 37.1997], [-122.297, 37.2], [-122.297, 37.1997], [-122.2974, 37.1997]], [[-122.3011, 37.1993], [-122.3007, 37.1996], [-122.3007, 37.1993], [-122.3011, 37.1993]], [[-122.2997, 37.1991], [-122.299, 37.1988], [-122.299, 37.1983], [-122.2997, 37.1983], [-122.2997, 37.1991]], [[-122.3253, 37.1956], [-122.325, 37.1959], [-122.325, 37.1956], [-122.3253, 37.1956]], [[-122.3233, 37.1957], [-122.3226, 37.1959], [-122.3223, 37.1951], [-122.323, 37.1951], [-122.323, 37.1957], [-122.3233, 37.1957]], [[-122.3263, 37.1953], [-122.3253, 37.1951], [-122.3263, 37.1948], [-122.3263, 37.1953]], [[-122.3236, 37.1954], [-122.3233, 37.1957], [-122.3233, 37.1954], [-122.3236, 37.1954]]], [[[-122.2855, 37.1988], [-122.2844, 37.1967], [-122.2817, 37.1957], [-122.282, 37.1946], [-122.2827, 37.1946], [-122.2827, 37.1956], [-122.2844, 37.1959], [-122.284, 37.1951], [-122.2847, 37.1945], [-122.284, 37.1943], [-122.285, 37.1934], [-122.284, 37.1929], [-122.2853, 37.1924], [-122.2853, 37.1932], [-122.2863, 37.1934], [-122.2873, 37.1926], [-122.2849, 37.191], [-122.2815, 37.1905], [-122.2815, 37.1911], [-122.2792, 37.1914], [-122.2795, 37.1922], [-122.2805, 37.1922], [-122.2806, 37.1935], [-122.2792, 37.1935], [-122.2793, 37.1941], [-122.2779, 37.1936], [-122.2778, 37.1925], [-122.2751, 37.1923], [-122.2749, 37.1942], [-122.2738, 37.1923], [-122.2718, 37.1926], [-122.271, 37.191], [-122.2707, 37.1921], [-122.27, 37.1918], [-122.2708, 37.1942], [-122.2715, 37.1937], [-122.2718, 37.1937], [-122.2718, 37.194], [-122.2725, 37.1939], [-122.2731, 37.1934], [-122.2742, 37.1939], [-122.2735, 37.195], [-122.2769, 37.1949], [-122.2776, 37.1963], [-122.28, 37.196], [-122.2803, 37.1954], [-122.2817, 37.1962], [-122.2821, 37.1981], [-122.2834, 37.197], [-122.2844, 37.1978], [-122.2845, 37.1988], [-122.2855, 37.1988]], [[-122.2803, 37.1949], [-122.2796, 37.1949], [-122.2799, 37.1941], [-122.2803, 37.1941], [-122.2803, 37.1949]], [[-122.2833, 37.1937], [-122.2826, 37.1938], [-122.2826, 37.1932], [-122.2829, 37.1932], [-122.2833, 37.1937]], [[-122.2721, 37.1934], [-122.2718, 37.1937], [-122.2718, 37.1934], [-122.2721, 37.1934]], [[-122.2829, 37.1927], [-122.2823, 37.1927], [-122.2815, 37.1916], [-122.2829, 37.1916], [-122.2829, 37.1927]], [[-122.2842, 37.1913], [-122.2839, 37.1916], [-122.2839, 37.1913], [-122.2842, 37.1913]], [[-122.2836, 37.191], [-122.2829, 37.1916], [-122.2829, 37.1913], [-122.2836, 37.191]]], [[[-122.1736, 37.1931], [-122.1736, 37.1926], [-122.1719, 37.1923], [-122.1719, 37.1929], [-122.1736, 37.1931]]], [[[-122.2964, 37.1908], [-122.2964, 37.1902], [-122.295, 37.1897], [-122.2951, 37.1905], [-122.2964, 37.1908]]], [[[-122.2822, 37.1905], [-122.2832, 37.19], [-122.2822, 37.1897], [-122.2822, 37.1905]]], [[[-122.2027, 37.192], [-122.2027, 37.1909], [-122.2023, 37.1912], [-122.201, 37.191], [-122.201, 37.1915], [-122.2017, 37.1915], [-122.2017, 37.1918], [-122.202, 37.1918], [-122.202, 37.192], [-122.2027, 37.192]], [[-122.2023, 37.1915], [-122.202, 37.1918], [-122.202, 37.1915], [-122.2023, 37.1915]]], [[[-122.1712, 37.1926], [-122.1712, 37.1921], [-122.1715, 37.1915], [-122.1705, 37.1921], [-122.1712, 37.1926]]], [[[-122.2423, 37.191], [-122.2426, 37.1902], [-122.2415, 37.1897], [-122.2412, 37.1905], [-122.2423, 37.191]]], [[[-122.2196, 37.1917], [-122.2192, 37.1898], [-122.2185, 37.1896], [-122.2186, 37.1912], [-122.2196, 37.1917]]], [[[-122.199, 37.1937], [-122.1993, 37.1921], [-122.2, 37.1921], [-122.1996, 37.1902], [-122.1986, 37.1899], [-122.1979, 37.1908], [-122.1955, 37.1905], [-122.1946, 37.1924], [-122.1963, 37.1924], [-122.1963, 37.1935], [-122.1973, 37.1935], [-122.1976, 37.1929], [-122.1966, 37.1924], [-122.1973, 37.1921], [-122.198, 37.1935], [-122.1983, 37.1935], [-122.1983, 37.1937], [-122.199, 37.1937]], [[-122.1987, 37.1932], [-122.1983, 37.1935], [-122.1983, 37.1932], [-122.1987, 37.1932]], [[-122.1986, 37.1921], [-122.1973, 37.1919], [-122.1972, 37.1913], [-122.1989, 37.1915], [-122.1986, 37.1921]], [[-122.1952, 37.1919], [-122.1949, 37.1922], [-122.1949, 37.1919], [-122.1952, 37.1919]], [[-122.1993, 37.191], [-122.1989, 37.1913], [-122.1989, 37.191], [-122.1993, 37.191]]], [[[-122.291, 37.1893], [-122.2913, 37.1879], [-122.2892, 37.1882], [-122.2892, 37.1885], [-122.291, 37.1893]]], [[[-122.2023, 37.1909], [-122.2026, 37.1901], [-122.2013, 37.1902], [-122.2006, 37.1894], [-122.2003, 37.1904], [-122.2023, 37.1909]]], [[[-122.2026, 37.1899], [-122.2026, 37.1893], [-122.2016, 37.1888], [-122.2013, 37.1896], [-122.2026, 37.1899]]], [[[-122.1979, 37.1905], [-122.1979, 37.1899], [-122.1986, 37.1897], [-122.1992, 37.1899], [-122.2009, 37.1888], [-122.1989, 37.1886], [-122.1989, 37.1894], [-122.1955, 37.1895], [-122.1955, 37.19], [-122.1969, 37.19], [-122.1965, 37.1905], [-122.1979, 37.1905]], [[-122.1999, 37.1888], [-122.1996, 37.1891], [-122.1995, 37.1888], [-122.1999, 37.1888]]], [[[-122.2429, 37.1888], [-122.2442, 37.1883], [-122.2432, 37.1875], [-122.2422, 37.1883], [-122.2429, 37.1888]]], [[[-122.2029, 37.189], [-122.2032, 37.1882], [-122.2043, 37.1879], [-122.2029, 37.1877], [-122.2029, 37.189]]], [[[-122.2591, 37.1875], [-122.2594, 37.1864], [-122.2574, 37.1869], [-122.2574, 37.1872], [-122.2591, 37.1875]]], [[[-122.2347, 37.1871], [-122.2343, 37.1866], [-122.2333, 37.1866], [-122.2337, 37.1871], [-122.2347, 37.1871]]], [[[-122.1942, 37.1897], [-122.1955, 37.1895], [-122.1968, 37.1881], [-122.1988, 37.188], [-122.1992, 37.1872], [-122.1958, 37.1876], [-122.1971, 37.1859], [-122.1941, 37.1862], [-122.1937, 37.1857], [-122.1924, 37.1884], [-122.1938, 37.1881], [-122.1935, 37.1892], [-122.1942, 37.1897]], [[-122.1948, 37.1889], [-122.1941, 37.1892], [-122.1941, 37.1889], [-122.1948, 37.1889]], [[-122.1941, 37.1873], [-122.1934, 37.1876], [-122.1934, 37.1873], [-122.1941, 37.1873]]], [[[-122.2792, 37.1935], [-122.2795, 37.1922], [-122.2788, 37.1914], [-122.2808, 37.1908], [-122.2815, 37.19], [-122.2808, 37.1881], [-122.2821, 37.1878], [-122.2821, 37.1884], [-122.2831, 37.1883], [-122.2835, 37.1875], [-122.2852, 37.188], [-122.2852, 37.1891], [-122.2865, 37.1888], [-122.2834, 37.1864], [-122.2837, 37.1848], [-122.282, 37.1849], [-122.283, 37.184], [-122.2807, 37.1846], [-122.2817, 37.1857], [-122.28, 37.186], [-122.2807, 37.187], [-122.2784, 37.1887], [-122.2791, 37.1892], [-122.2788, 37.1906], [-122.2778, 37.1909], [-122.2778, 37.1922], [-122.2785, 37.1919], [-122.2782, 37.1933], [-122.2792, 37.1935]], [[-122.2798, 37.1906], [-122.2795, 37.1908], [-122.2795, 37.1906], [-122.2798, 37.1906]], [[-122.2791, 37.1906], [-122.2788, 37.1909], [-122.2788, 37.1906], [-122.2791, 37.1906]], [[-122.2805, 37.1903], [-122.2798, 37.1906], [-122.2798, 37.1903], [-122.2805, 37.1903]], [[-122.2859, 37.1886], [-122.2855, 37.1888], [-122.2855, 37.1886], [-122.2859, 37.1886]], [[-122.2821, 37.1873], [-122.2814, 37.1876], [-122.2814, 37.1873], [-122.2821, 37.1873]], [[-122.2811, 37.187], [-122.2807, 37.1876], [-122.2807, 37.187], [-122.2811, 37.187]], [[-122.2824, 37.1857], [-122.2817, 37.1859], [-122.2817, 37.1857], [-122.2824, 37.1857]]], [[[-122.2042, 37.1861], [-122.2079, 37.1863], [-122.2079, 37.1854], [-122.2066, 37.1855], [-122.2072, 37.1846], [-122.2062, 37.1852], [-122.2048, 37.185], [-122.2035, 37.1858], [-122.2035, 37.1866], [-122.2042, 37.1861]], [[-122.2066, 37.1855], [-122.2059, 37.1858], [-122.2059, 37.1855], [-122.2066, 37.1855]], [[-122.2052, 37.1855], [-122.2049, 37.1858], [-122.2049, 37.1855], [-122.2052, 37.1855]], [[-122.2055, 37.1852], [-122.2052, 37.1855], [-122.2052, 37.1852], [-122.2055, 37.1852]]], [[[-122.2029, 37.1877], [-122.2028, 37.1845], [-122.2021, 37.1842], [-122.2012, 37.1869], [-122.2015, 37.1869], [-122.2015, 37.1872], [-122.2022, 37.1872], [-122.2022, 37.1877], [-122.2029, 37.1877]], [[-122.2022, 37.1866], [-122.2015, 37.1864], [-122.2022, 37.1861], [-122.2022, 37.1866]]], [[[-122.2008, 37.1858], [-122.2008, 37.184], [-122.2001, 37.184], [-122.1991, 37.1853], [-122.2008, 37.1858]]], [[[-122.1984, 37.1862], [-122.1991, 37.1843], [-122.1967, 37.1846], [-122.1967, 37.184], [-122.1957, 37.1841], [-122.195, 37.1846], [-122.1951, 37.1857], [-122.1981, 37.1854], [-122.1974, 37.1862], [-122.1984, 37.1862]], [[-122.1987, 37.1845], [-122.1981, 37.1848], [-122.1981, 37.1845], [-122.1987, 37.1845]], [[-122.1964, 37.1843], [-122.196, 37.1846], [-122.196, 37.1843], [-122.1964, 37.1843]]], [[[-122.3129, 37.1859], [-122.3138, 37.1848], [-122.3159, 37.185], [-122.3155, 37.1845], [-122.3172, 37.1842], [-122.3175, 37.1834], [-122.3189, 37.1839], [-122.3192, 37.1833], [-122.3202, 37.183], [-122.3216, 37.1833], [-122.3243, 37.1824], [-122.3229, 37.1814], [-122.3212, 37.1814], [-122.3212, 37.1819], [-122.3198, 37.182], [-122.3182, 37.1831], [-122.3155, 37.1834], [-122.3145, 37.1845], [-122.3121, 37.1848], [-122.3115, 37.1843], [-122.3115, 37.1859], [-122.3129, 37.1859]], [[-122.3158, 37.1837], [-122.3155, 37.1839], [-122.3155, 37.1837], [-122.3158, 37.1837]], [[-122.3172, 37.1834], [-122.3168, 37.1836], [-122.3168, 37.1834], [-122.3172, 37.1834]]], [[[-122.2667, 37.193], [-122.267, 37.1916], [-122.266, 37.1916], [-122.2659, 37.1908], [-122.2669, 37.19], [-122.2656, 37.19], [-122.2662, 37.1887], [-122.2669, 37.1887], [-122.2659, 37.1879], [-122.2665, 37.1862], [-122.2658, 37.1857], [-122.2658, 37.1868], [-122.2648, 37.1868], [-122.2651, 37.1849], [-122.2641, 37.1844], [-122.2644, 37.1828], [-122.2637, 37.1825], [-122.2637, 37.1841], [-122.2624, 37.1858], [-122.2629, 37.1901], [-122.2602, 37.1907], [-122.2616, 37.1912], [-122.2609, 37.192], [-122.2667, 37.193]], [[-122.2648, 37.1852], [-122.2644, 37.1855], [-122.2644, 37.1852], [-122.2648, 37.1852]], [[-122.2641, 37.1844], [-122.2637, 37.1847], [-122.2637, 37.1844], [-122.2641, 37.1844]]], [[[-122.2038, 37.185], [-122.2038, 37.1836], [-122.2031, 37.1836], [-122.2032, 37.185], [-122.2038, 37.185]]], [[[-122.2062, 37.1841], [-122.2062, 37.1836], [-122.2051, 37.1831], [-122.2051, 37.1836], [-122.2062, 37.1841]]], [[[-122.2497, 37.1909], [-122.2521, 37.1911], [-122.2517, 37.1903], [-122.2524, 37.1903], [-122.2531, 37.1905], [-122.2534, 37.1911], [-122.2551, 37.191], [-122.2558, 37.1902], [-122.2551, 37.1902], [-122.2554, 37.1883], [-122.2543, 37.1875], [-122.2547, 37.187], [-122.254, 37.187], [-122.2543, 37.1859], [-122.2539, 37.1843], [-122.2529, 37.1838], [-122.2532, 37.183], [-122.2515, 37.1827], [-122.2518, 37.1833], [-122.2512, 37.1836], [-122.2511, 37.1825], [-122.2501, 37.1822], [-122.2485, 37.1836], [-122.2495, 37.1844], [-122.2495, 37.1855], [-122.2502, 37.1855], [-122.2506, 37.1863], [-122.2506, 37.1876], [-122.251, 37.1876], [-122.25, 37.1884], [-122.2507, 37.19], [-122.2497, 37.1909]], [[-122.2541, 37.1902], [-122.2538, 37.1905], [-122.2537, 37.1903], [-122.2541, 37.1902]], [[-122.2527, 37.19], [-122.2524, 37.1903], [-122.2524, 37.19], [-122.2527, 37.19]], [[-122.2524, 37.1892], [-122.252, 37.1887], [-122.2513, 37.1889], [-122.2513, 37.1879], [-122.253, 37.1884], [-122.2524, 37.1892]], [[-122.2519, 37.1868], [-122.251, 37.1876], [-122.2513, 37.1865], [-122.2519, 37.1868]], [[-122.2519, 37.1862], [-122.2516, 37.1854], [-122.2522, 37.1852], [-122.2523, 37.1857], [-122.2519, 37.1862]], [[-122.2512, 37.1857], [-122.2506, 37.1863], [-122.2506, 37.1857], [-122.2512, 37.1857]], [[-122.2509, 37.1852], [-122.2495, 37.1841], [-122.2498, 37.1836], [-122.2515, 37.1846], [-122.2509, 37.1852]], [[-122.2529, 37.1838], [-122.2519, 37.1846], [-122.2519, 37.1835], [-122.2529, 37.1838]]], [[[-122.1598, 37.1847], [-122.1598, 37.1842], [-122.1578, 37.1842], [-122.1578, 37.1845], [-122.1598, 37.1847]]], [[[-122.1997, 37.1842], [-122.2004, 37.1834], [-122.1994, 37.1832], [-122.1991, 37.184], [-122.1997, 37.1842]]], [[[-122.2096, 37.1968], [-122.2102, 37.1946], [-122.2088, 37.1933], [-122.2098, 37.1932], [-122.2105, 37.1943], [-122.2119, 37.1935], [-122.2101, 37.1924], [-122.2108, 37.1921], [-122.2108, 37.1927], [-122.2118, 37.1924], [-122.2122, 37.1929], [-122.2125, 37.1921], [-122.2118, 37.1919], [-122.2132, 37.1913], [-122.2127, 37.1889], [-122.2141, 37.1886], [-122.2133, 37.1853], [-122.213, 37.1862], [-122.212, 37.1864], [-122.2123, 37.1846], [-122.2113, 37.1846], [-122.2116, 37.184], [-122.2109, 37.1835], [-122.2102, 37.1835], [-122.2098, 37.1824], [-122.2079, 37.1849], [-122.21, 37.1865], [-122.2076, 37.1873], [-122.2063, 37.1871], [-122.2063, 37.1879], [-122.2049, 37.1874], [-122.205, 37.1893], [-122.2043, 37.1888], [-122.204, 37.1896], [-122.2026, 37.1899], [-122.205, 37.1909], [-122.2047, 37.1917], [-122.2044, 37.1912], [-122.2037, 37.1915], [-122.2044, 37.1928], [-122.2047, 37.1925], [-122.2051, 37.1925], [-122.2051, 37.1928], [-122.2061, 37.1928], [-122.2074, 37.1922], [-122.2074, 37.19], [-122.2087, 37.1895], [-122.2086, 37.1876], [-122.21, 37.1881], [-122.2097, 37.1892], [-122.2107, 37.1889], [-122.2104, 37.19], [-122.2084, 37.19], [-122.2091, 37.1911], [-122.2088, 37.1922], [-122.2095, 37.193], [-122.2081, 37.1922], [-122.2061, 37.193], [-122.2058, 37.1944], [-122.2051, 37.1941], [-122.2051, 37.1949], [-122.2062, 37.1949], [-122.2065, 37.1952], [-122.2072, 37.1968], [-122.2082, 37.1968], [-122.2089, 37.196], [-122.2096, 37.1968]], [[-122.2082, 37.1952], [-122.2079, 37.1965], [-122.2072, 37.1949], [-122.2082, 37.1952]], [[-122.2099, 37.1949], [-122.2092, 37.1951], [-122.2092, 37.1949], [-122.2099, 37.1949]], [[-122.2075, 37.1944], [-122.2068, 37.1949], [-122.2068, 37.1941], [-122.2075, 37.1944]], [[-122.2065, 37.1946], [-122.2062, 37.1949], [-122.2061, 37.1947], [-122.2065, 37.1946]], [[-122.2054, 37.192], [-122.2051, 37.1925], [-122.2051, 37.192], [-122.2054, 37.192]], [[-122.2094, 37.1914], [-122.2091, 37.1916], [-122.2091, 37.1914], [-122.2094, 37.1914]], [[-122.2071, 37.1914], [-122.2064, 37.1917], [-122.2064, 37.1914], [-122.2071, 37.1914]], [[-122.2094, 37.1905], [-122.2091, 37.1911], [-122.2091, 37.1906], [-122.2094, 37.1905]], [[-122.2057, 37.1909], [-122.2054, 37.1912], [-122.2054, 37.1909], [-122.2057, 37.1909]], [[-122.2067, 37.1906], [-122.2043, 37.1904], [-122.204, 37.1898], [-122.2067, 37.1892], [-122.2063, 37.1882], [-122.2073, 37.1884], [-122.2073, 37.1892], [-122.2053, 37.1901], [-122.207, 37.19], [-122.2067, 37.1906]], [[-122.2121, 37.1894], [-122.2114, 37.1897], [-122.2114, 37.1894], [-122.2121, 37.1894]], [[-122.2114, 37.1892], [-122.2107, 37.1897], [-122.2107, 37.1892], [-122.2114, 37.1892]], [[-122.2077, 37.1895], [-122.2074, 37.1898], [-122.2073, 37.1895], [-122.2077, 37.1895]], [[-122.2056, 37.1887], [-122.2053, 37.189], [-122.2053, 37.1887], [-122.2056, 37.1887]], [[-122.2063, 37.1884], [-122.2056, 37.1887], [-122.2056, 37.1885], [-122.2063, 37.1884]], [[-122.2076, 37.1881], [-122.2073, 37.1884], [-122.2073, 37.1882], [-122.2076, 37.1881]], [[-122.2083, 37.1876], [-122.208, 37.1881], [-122.208, 37.1876], [-122.2083, 37.1876]], [[-122.21, 37.1868], [-122.2096, 37.187], [-122.2096, 37.1868], [-122.21, 37.1868]], [[-122.2103, 37.1865], [-122.21, 37.1868], [-122.21, 37.1865], [-122.2103, 37.1865]], [[-122.212, 37.1856], [-122.2116, 37.1859], [-122.2116, 37.1856], [-122.212, 37.1856]], [[-122.2116, 37.1854], [-122.2113, 37.1857], [-122.2113, 37.1854], [-122.2116, 37.1854]], [[-122.2096, 37.1849], [-122.2093, 37.1854], [-122.2092, 37.1849], [-122.2096, 37.1849]], [[-122.2099, 37.1846], [-122.2096, 37.1849], [-122.2096, 37.1846], [-122.2099, 37.1846]], [[-122.2092, 37.1846], [-122.2086, 37.1849], [-122.2086, 37.1846], [-122.2092, 37.1846]], [[-122.2099, 37.1838], [-122.2092, 37.1843], [-122.2092, 37.1838], [-122.2099, 37.1838]], [[-122.2109, 37.1838], [-122.2106, 37.184], [-122.2106, 37.1838], [-122.2109, 37.1838]], [[-122.2099, 37.183], [-122.2095, 37.1833], [-122.2095, 37.183], [-122.2099, 37.183]]], [[[-122.1967, 37.184], [-122.199, 37.1829], [-122.1963, 37.1824], [-122.1957, 37.1832], [-122.197, 37.1829], [-122.1967, 37.184]]], [[[-122.2421, 37.1853], [-122.2413, 37.1824], [-122.2403, 37.1827], [-122.2399, 37.1813], [-122.2393, 37.1813], [-122.2383, 37.1827], [-122.2387, 37.1838], [-122.2397, 37.1843], [-122.241, 37.1837], [-122.2421, 37.1853]], [[-122.2396, 37.1819], [-122.2393, 37.1822], [-122.2393, 37.1819], [-122.2396, 37.1819]]], [[[-122.3179, 37.1963], [-122.3179, 37.1952], [-122.3189, 37.1957], [-122.3199, 37.1949], [-122.3199, 37.1944], [-122.3189, 37.1947], [-122.3192, 37.1939], [-122.3216, 37.1938], [-122.3215, 37.193], [-122.3232, 37.1924], [-122.3215, 37.1919], [-122.3225, 37.1905], [-122.3208, 37.1903], [-122.3211, 37.1895], [-122.3231, 37.1895], [-122.3227, 37.1884], [-122.3221, 37.1884], [-122.3224, 37.1873], [-122.3199, 37.1855], [-122.3209, 37.1849], [-122.3213, 37.186], [-122.3237, 37.1859], [-122.3234, 37.1876], [-122.3244, 37.1875], [-122.3247, 37.1865], [-122.3237, 37.1849], [-122.3243, 37.1843], [-122.3254, 37.1851], [-122.3257, 37.1843], [-122.3267, 37.1845], [-122.3256, 37.1832], [-122.3253, 37.1835], [-122.3249, 37.1829], [-122.3243, 37.1835], [-122.3233, 37.183], [-122.3216, 37.1835], [-122.3202, 37.1833], [-122.3192, 37.1836], [-122.3186, 37.1844], [-122.3162, 37.1847], [-122.3149, 37.1861], [-122.3142, 37.1859], [-122.3142, 37.1872], [-122.3129, 37.1867], [-122.3126, 37.1878], [-122.3098, 37.1873], [-122.3116, 37.1883], [-122.3143, 37.1883], [-122.314, 37.1907], [-122.3127, 37.1918], [-122.3089, 37.1897], [-122.3099, 37.1892], [-122.312, 37.1897], [-122.3095, 37.1884], [-122.3095, 37.1873], [-122.3072, 37.1876], [-122.3075, 37.1865], [-122.3095, 37.1868], [-122.3095, 37.1854], [-122.3074, 37.1857], [-122.3071, 37.1844], [-122.304, 37.1839], [-122.304, 37.1847], [-122.3023, 37.185], [-122.303, 37.1855], [-122.3027, 37.1863], [-122.301, 37.1866], [-122.2999, 37.184], [-122.3013, 37.1845], [-122.303, 37.1842], [-122.3033, 37.1831], [-122.3003, 37.1837], [-122.3002, 37.1826], [-122.2981, 37.1802], [-122.2968, 37.1813], [-122.2961, 37.1803], [-122.2934, 37.1803], [-122.2924, 37.1811], [-122.2917, 37.1801], [-122.2897, 37.1801], [-122.2904, 37.1812], [-122.289, 37.1817], [-122.2893, 37.1801], [-122.288, 37.1802], [-122.288, 37.1826], [-122.2867, 37.1823], [-122.2863, 37.1805], [-122.2843, 37.1813], [-122.2829, 37.1813], [-122.2819, 37.1822], [-122.2812, 37.1811], [-122.2802, 37.1814], [-122.2809, 37.1822], [-122.2803, 37.1843], [-122.2817, 37.1841], [-122.2816, 37.183], [-122.282, 37.1835], [-122.2826, 37.1832], [-122.2833, 37.1816], [-122.2843, 37.1818], [-122.2844, 37.1837], [-122.285, 37.1843], [-122.2864, 37.1837], [-122.2861, 37.1848], [-122.2851, 37.1851], [-122.2861, 37.1859], [-122.2862, 37.1872], [-122.2879, 37.1874], [-122.2878, 37.1866], [-122.2905, 37.1863], [-122.2895, 37.1871], [-122.2906, 37.1879], [-122.2912, 37.1876], [-122.2912, 37.1855], [-122.2929, 37.1849], [-122.2939, 37.1849], [-122.2949, 37.1851], [-122.2953, 37.1876], [-122.294, 37.1884], [-122.295, 37.1884], [-122.295, 37.1895], [-122.296, 37.1894], [-122.2967, 37.1886], [-122.2971, 37.19], [-122.2981, 37.1897], [-122.2978, 37.1902], [-122.2991, 37.1905], [-122.2991, 37.191], [-122.2978, 37.1913], [-122.2979, 37.1948], [-122.2992, 37.1948], [-122.2993, 37.1956], [-122.3003, 37.1953], [-122.2999, 37.1937], [-122.3009, 37.1934], [-122.3026, 37.1942], [-122.3023, 37.195], [-122.3033, 37.195], [-122.3033, 37.1939], [-122.3026, 37.1939], [-122.3029, 37.1926], [-122.3042, 37.1912], [-122.3059, 37.1917], [-122.3059, 37.1898], [-122.3048, 37.189], [-122.3065, 37.1887], [-122.3066, 37.1903], [-122.3076, 37.1911], [-122.3083, 37.1911], [-122.3076, 37.1903], [-122.3086, 37.19], [-122.3086, 37.1908], [-122.3096, 37.1911], [-122.3093, 37.1916], [-122.3103, 37.1919], [-122.3104, 37.1929], [-122.3117, 37.1924], [-122.3121, 37.1935], [-122.3134, 37.1937], [-122.3131, 37.1953], [-122.3141, 37.195], [-122.3142, 37.1961], [-122.3162, 37.1953], [-122.3162, 37.1958], [-122.3169, 37.1955], [-122.3179, 37.1963]], [[-122.2999, 37.1934], [-122.2996, 37.1937], [-122.2995, 37.1934], [-122.2999, 37.1934]], [[-122.3137, 37.1926], [-122.3131, 37.1932], [-122.3131, 37.1926], [-122.3137, 37.1926]], [[-122.2995, 37.1932], [-122.2992, 37.1934], [-122.2992, 37.1932], [-122.2995, 37.1932]], [[-122.3002, 37.1926], [-122.2995, 37.1932], [-122.2995, 37.1926], [-122.3002, 37.1926]], [[-122.3147, 37.1921], [-122.3144, 37.1923], [-122.3144, 37.1921], [-122.3147, 37.1921]], [[-122.3005, 37.1923], [-122.3002, 37.1926], [-122.3002, 37.1923], [-122.3005, 37.1923]], [[-122.3151, 37.1918], [-122.3147, 37.1921], [-122.3147, 37.1918], [-122.3151, 37.1918]], [[-122.3002, 37.1921], [-122.2998, 37.1923], [-122.2998, 37.1921], [-122.3002, 37.1921]], [[-122.3022, 37.1915], [-122.3015, 37.192], [-122.3015, 37.1899], [-122.3035, 37.1912], [-122.3036, 37.1917], [-122.3022, 37.1915]], [[-122.3005, 37.1918], [-122.3002, 37.1921], [-122.3002, 37.1918], [-122.3005, 37.1918]], [[-122.3113, 37.1913], [-122.311, 37.1916], [-122.311, 37.1913], [-122.3113, 37.1913]], [[-122.3012, 37.191], [-122.3008, 37.1912], [-122.3008, 37.191], [-122.3012, 37.191]], [[-122.3208, 37.1906], [-122.3184, 37.1906], [-122.3177, 37.1898], [-122.3201, 37.1892], [-122.3208, 37.1906]], [[-122.3042, 37.1901], [-122.3039, 37.1906], [-122.3035, 37.1901], [-122.3042, 37.1901]], [[-122.3055, 37.1901], [-122.3052, 37.1903], [-122.3052, 37.1901], [-122.3055, 37.1901]], [[-122.3079, 37.1898], [-122.3076, 37.19], [-122.3076, 37.1898], [-122.3079, 37.1898]], [[-122.3042, 37.1896], [-122.3038, 37.1898], [-122.3038, 37.1896], [-122.3042, 37.1896]], [[-122.3082, 37.1892], [-122.3079, 37.1895], [-122.3079, 37.1892], [-122.3082, 37.1892]], [[-122.3028, 37.1888], [-122.3025, 37.189], [-122.3024, 37.1888], [-122.3028, 37.1888]], [[-122.3051, 37.1885], [-122.3048, 37.1887], [-122.3048, 37.1885], [-122.3051, 37.1885]], [[-122.2984, 37.1889], [-122.297, 37.1878], [-122.2973, 37.1873], [-122.2984, 37.1878], [-122.297, 37.1867], [-122.2973, 37.1859], [-122.3, 37.1869], [-122.2997, 37.1878], [-122.2987, 37.1875], [-122.299, 37.1883], [-122.2984, 37.1889]], [[-122.3028, 37.188], [-122.3024, 37.1885], [-122.3024, 37.188], [-122.3028, 37.188]], [[-122.296, 37.1876], [-122.2957, 37.1881], [-122.2953, 37.1876], [-122.296, 37.1876]], [[-122.3065, 37.1874], [-122.3061, 37.1876], [-122.3061, 37.1874], [-122.3065, 37.1874]], [[-122.3058, 37.1874], [-122.3055, 37.1876], [-122.3055, 37.1874], [-122.3058, 37.1874]], [[-122.3034, 37.1869], [-122.3027, 37.1874], [-122.3024, 37.1869], [-122.3034, 37.1869]], [[-122.3037, 37.1866], [-122.3034, 37.1869], [-122.3034, 37.1866], [-122.3037, 37.1866]], [[-122.2909, 37.1868], [-122.2905, 37.1871], [-122.2905, 37.1869], [-122.2909, 37.1868]], [[-122.3041, 37.1863], [-122.3037, 37.1866], [-122.3037, 37.1863], [-122.3041, 37.1863]], [[-122.3078, 37.186], [-122.3074, 37.1863], [-122.3074, 37.186], [-122.3078, 37.186]], [[-122.3071, 37.186], [-122.3068, 37.1863], [-122.3068, 37.186], [-122.3071, 37.186]], [[-122.3189, 37.1855], [-122.3186, 37.1858], [-122.3186, 37.1855], [-122.3189, 37.1855]], [[-122.304, 37.1858], [-122.3037, 37.1861], [-122.3037, 37.1858], [-122.304, 37.1858]], [[-122.2966, 37.1862], [-122.2959, 37.1854], [-122.2962, 37.1849], [-122.2973, 37.1854], [-122.2966, 37.1862]], [[-122.2959, 37.1859], [-122.2956, 37.1862], [-122.2956, 37.1859], [-122.2959, 37.1859]], [[-122.2902, 37.186], [-122.2895, 37.1861], [-122.2895, 37.1855], [-122.2898, 37.1855], [-122.2902, 37.186]], [[-122.3044, 37.1852], [-122.304, 37.1855], [-122.304, 37.1852], [-122.3044, 37.1852]], [[-122.304, 37.185], [-122.3037, 37.1852], [-122.3037, 37.185], [-122.304, 37.185]], [[-122.3, 37.185], [-122.2996, 37.1853], [-122.2996, 37.1851], [-122.3, 37.185]], [[-122.2905, 37.1852], [-122.2902, 37.1855], [-122.2902, 37.1852], [-122.2905, 37.1852]], [[-122.2993, 37.1848], [-122.2989, 37.1851], [-122.2989, 37.1848], [-122.2993, 37.1848]], [[-122.2956, 37.1849], [-122.2952, 37.1851], [-122.2952, 37.1849], [-122.2956, 37.1849]], [[-122.2989, 37.1845], [-122.2986, 37.1848], [-122.2986, 37.1845], [-122.2989, 37.1845]], [[-122.2962, 37.1846], [-122.2959, 37.1849], [-122.2959, 37.1846], [-122.2962, 37.1846]], [[-122.2942, 37.1846], [-122.2939, 37.1849], [-122.2939, 37.1846], [-122.2942, 37.1846]], [[-122.3196, 37.1839], [-122.3192, 37.1841], [-122.3192, 37.1839], [-122.3196, 37.1839]], [[-122.2955, 37.1843], [-122.2952, 37.1846], [-122.2952, 37.1843], [-122.2955, 37.1843]], [[-122.3246, 37.1835], [-122.3243, 37.1838], [-122.3243, 37.1835], [-122.3246, 37.1835]], [[-122.2999, 37.184], [-122.2993, 37.184], [-122.2986, 37.1835], [-122.2989, 37.1832], [-122.2996, 37.1832], [-122.2999, 37.184]], [[-122.2999, 37.1829], [-122.2996, 37.1832], [-122.2996, 37.1829], [-122.2999, 37.1829]], [[-122.2934, 37.1822], [-122.2928, 37.1828], [-122.2928, 37.1822], [-122.2934, 37.1822]], [[-122.2914, 37.1825], [-122.2911, 37.1828], [-122.2911, 37.1825], [-122.2914, 37.1825]], [[-122.2819, 37.1824], [-122.2813, 37.183], [-122.2813, 37.1824], [-122.2819, 37.1824]], [[-122.2975, 37.1824], [-122.2968, 37.1821], [-122.2972, 37.1816], [-122.2975, 37.1816], [-122.2975, 37.1824]], [[-122.2918, 37.1822], [-122.2914, 37.1825], [-122.2914, 37.1822], [-122.2918, 37.1822]], [[-122.2904, 37.1823], [-122.2901, 37.1825], [-122.2901, 37.1823], [-122.2904, 37.1823]], [[-122.2907, 37.182], [-122.2904, 37.1823], [-122.2904, 37.182], [-122.2907, 37.182]], [[-122.2901, 37.182], [-122.2894, 37.1823], [-122.2894, 37.182], [-122.2901, 37.182]], [[-122.2985, 37.1816], [-122.2978, 37.1813], [-122.2985, 37.181], [-122.2985, 37.1816]], [[-122.286, 37.1818], [-122.2857, 37.1821], [-122.2856, 37.1818], [-122.286, 37.1818]], [[-122.2958, 37.1811], [-122.2951, 37.1816], [-122.2951, 37.1811], [-122.2958, 37.1811]], [[-122.2944, 37.1806], [-122.2941, 37.1808], [-122.2941, 37.1806], [-122.2944, 37.1806]]], [[[-122.2539, 37.1824], [-122.2532, 37.1819], [-122.2535, 37.1808], [-122.2528, 37.1806], [-122.2522, 37.1822], [-122.2539, 37.1824]]], [[[-122.2348, 37.1922], [-122.2355, 37.1911], [-122.2362, 37.1917], [-122.2372, 37.1914], [-122.2375, 37.1903], [-122.2368, 37.19], [-122.2385, 37.1895], [-122.2385, 37.1889], [-122.2395, 37.1889], [-122.2388, 37.1897], [-122.2402, 37.19], [-122.2411, 37.187], [-122.2422, 37.1875], [-122.2428, 37.1872], [-122.2438, 37.1875], [-122.2442, 37.1869], [-122.2449, 37.188], [-122.2452, 37.1874], [-122.2459, 37.188], [-122.2465, 37.1869], [-122.2442, 37.1864], [-122.2441, 37.1856], [-122.2411, 37.1862], [-122.2397, 37.1857], [-122.2388, 37.187], [-122.2371, 37.1868], [-122.2364, 37.1863], [-122.2367, 37.1854], [-122.2356, 37.1849], [-122.2366, 37.1841], [-122.238, 37.1841], [-122.2376, 37.1833], [-122.2373, 37.1835], [-122.2366, 37.183], [-122.2346, 37.1833], [-122.2335, 37.1825], [-122.2339, 37.1817], [-122.2329, 37.182], [-122.2328, 37.1809], [-122.2311, 37.1807], [-122.2308, 37.1829], [-122.2319, 37.1828], [-122.2316, 37.1839], [-122.2326, 37.1855], [-122.2347, 37.186], [-122.235, 37.1852], [-122.2357, 37.1855], [-122.235, 37.1863], [-122.2357, 37.1865], [-122.235, 37.1868], [-122.2357, 37.1879], [-122.234, 37.1874], [-122.2327, 37.1888], [-122.2341, 37.1901], [-122.2351, 37.1898], [-122.2341, 37.1909], [-122.2345, 37.1917], [-122.2338, 37.1914], [-122.2348, 37.1922]], [[-122.2364, 37.189], [-122.2361, 37.1895], [-122.2361, 37.189], [-122.2364, 37.189]], [[-122.2358, 37.189], [-122.2354, 37.1895], [-122.2354, 37.189], [-122.2358, 37.189]], [[-122.2402, 37.1886], [-122.2385, 37.1887], [-122.2384, 37.1881], [-122.2394, 37.1876], [-122.2402, 37.1886]], [[-122.2368, 37.1887], [-122.2358, 37.1887], [-122.2357, 37.1879], [-122.2361, 37.1879], [-122.2368, 37.1887]], [[-122.2452, 37.1869], [-122.2449, 37.1872], [-122.2448, 37.1869], [-122.2452, 37.1869]], [[-122.2411, 37.1867], [-122.2408, 37.187], [-122.2408, 37.1867], [-122.2411, 37.1867]], [[-122.2343, 37.1855], [-122.2336, 37.1855], [-122.2336, 37.185], [-122.234, 37.185], [-122.2343, 37.1855]], [[-122.2343, 37.1847], [-122.234, 37.185], [-122.2339, 37.1847], [-122.2343, 37.1847]], [[-122.235, 37.1844], [-122.2346, 37.1847], [-122.2346, 37.1844], [-122.235, 37.1844]], [[-122.2339, 37.1836], [-122.2336, 37.1839], [-122.2336, 37.1836], [-122.2339, 37.1836]], [[-122.2332, 37.1836], [-122.2329, 37.1839], [-122.2329, 37.1836], [-122.2332, 37.1836]], [[-122.2359, 37.1833], [-122.2353, 37.1836], [-122.2353, 37.1833], [-122.2359, 37.1833]], [[-122.2336, 37.1828], [-122.2332, 37.1834], [-122.2332, 37.1828], [-122.2336, 37.1828]], [[-122.2329, 37.1828], [-122.2325, 37.1831], [-122.2325, 37.1828], [-122.2329, 37.1828]], [[-122.2329, 37.1823], [-122.2325, 37.1826], [-122.2325, 37.1823], [-122.2329, 37.1823]]], [[[-122.2823, 37.1816], [-122.2829, 37.1811], [-122.2843, 37.181], [-122.2849, 37.1799], [-122.2825, 37.1794], [-122.2812, 37.1808], [-122.2823, 37.1816]]], [[[-122.2037, 37.1817], [-122.2054, 37.1812], [-122.2034, 37.1809], [-122.2037, 37.1817]]], [[[-122.2677, 37.1813], [-122.2676, 37.1797], [-122.267, 37.1797], [-122.2667, 37.1808], [-122.2677, 37.1813]]], [[[-122.1949, 37.1816], [-122.1949, 37.1806], [-122.1942, 37.1806], [-122.1942, 37.1814], [-122.1949, 37.1816]]], [[[-122.2558, 37.1797], [-122.2568, 37.1791], [-122.2554, 37.1792], [-122.2558, 37.1797]]], [[[-122.1966, 37.1819], [-122.197, 37.1813], [-122.1959, 37.18], [-122.1956, 37.1814], [-122.1966, 37.1819]]], [[[-122.1923, 37.1841], [-122.1926, 37.1836], [-122.194, 37.1838], [-122.195, 37.1833], [-122.1949, 37.1822], [-122.1939, 37.1819], [-122.1932, 37.18], [-122.1915, 37.1806], [-122.1915, 37.1812], [-122.1925, 37.1809], [-122.1923, 37.1841]], [[-122.1936, 37.1811], [-122.1932, 37.1814], [-122.1932, 37.1811], [-122.1936, 37.1811]]], [[[-122.2028, 37.1828], [-122.2031, 37.1815], [-122.2017, 37.1812], [-122.2017, 37.1807], [-122.2006, 37.1802], [-122.1976, 37.1805], [-122.1966, 37.1797], [-122.1966, 37.1808], [-122.1976, 37.1808], [-122.198, 37.1816], [-122.1993, 37.181], [-122.2, 37.1826], [-122.2007, 37.1826], [-122.2014, 37.1812], [-122.2017, 37.1826], [-122.2028, 37.1828]], [[-122.2003, 37.1813], [-122.2, 37.1815], [-122.2, 37.1813], [-122.2003, 37.1813]]], [[[-122.2304, 37.1802], [-122.2307, 37.1793], [-122.2294, 37.1794], [-122.2294, 37.1799], [-122.2304, 37.1802]]], [[[-122.2078, 37.1825], [-122.2102, 37.1816], [-122.2095, 37.1811], [-122.2098, 37.1797], [-122.2077, 37.1795], [-122.2088, 37.18], [-122.2088, 37.1808], [-122.2071, 37.1811], [-122.2071, 37.1817], [-122.2078, 37.1819], [-122.2078, 37.1825]], [[-122.2088, 37.1819], [-122.2078, 37.1819], [-122.2078, 37.1817], [-122.2081, 37.1814], [-122.2088, 37.1814], [-122.2088, 37.1819]], [[-122.2091, 37.1811], [-122.2088, 37.1814], [-122.2088, 37.1811], [-122.2091, 37.1811]]], [[[-122.1989, 37.1799], [-122.1989, 37.1789], [-122.1986, 37.1789], [-122.1983, 37.1797], [-122.1989, 37.1799]]], [[[-122.2676, 37.1787], [-122.2679, 37.1778], [-122.2672, 37.1776], [-122.2669, 37.1784], [-122.2676, 37.1787]]], [[[-122.2112, 37.1824], [-122.2112, 37.1816], [-122.2122, 37.1816], [-122.2128, 37.1805], [-122.2131, 37.1786], [-122.2118, 37.1786], [-122.2125, 37.1794], [-122.2115, 37.1797], [-122.2108, 37.1811], [-122.2112, 37.1824]]], [[[-122.2, 37.1797], [-122.2003, 37.1791], [-122.1993, 37.1789], [-122.1993, 37.1794], [-122.2, 37.1797]]], [[[-122.2663, 37.1789], [-122.2662, 37.1773], [-122.2652, 37.1773], [-122.2652, 37.1787], [-122.2663, 37.1789]]], [[[-122.1661, 37.18], [-122.1668, 37.1792], [-122.1657, 37.1789], [-122.1654, 37.1795], [-122.1661, 37.18]]], [[[-122.305, 37.1828], [-122.3039, 37.1807], [-122.3052, 37.1804], [-122.3063, 37.182], [-122.3066, 37.1806], [-122.3076, 37.1806], [-122.3076, 37.18], [-122.3066, 37.1803], [-122.3059, 37.1798], [-122.3069, 37.1792], [-122.3065, 37.1784], [-122.3096, 37.1781], [-122.3096, 37.1776], [-122.3119, 37.1781], [-122.3116, 37.1773], [-122.3122, 37.1767], [-122.3116, 37.1767], [-122.3115, 37.1759], [-122.3098, 37.1762], [-122.3095, 37.177], [-122.3085, 37.1762], [-122.3079, 37.1776], [-122.3072, 37.1776], [-122.3072, 37.1768], [-122.3058, 37.1768], [-122.3055, 37.1774], [-122.3051, 37.1768], [-122.3028, 37.1772], [-122.3021, 37.1777], [-122.3031, 37.178], [-122.3032, 37.1796], [-122.3001, 37.1788], [-122.2988, 37.1802], [-122.2992, 37.1813], [-122.3009, 37.1815], [-122.3009, 37.1821], [-122.3019, 37.182], [-122.3008, 37.1807], [-122.3019, 37.1812], [-122.3036, 37.1809], [-122.3029, 37.1818], [-122.305, 37.1828]], [[-122.3059, 37.1801], [-122.3052, 37.1801], [-122.3049, 37.1796], [-122.3056, 37.1795], [-122.3059, 37.1801]], [[-122.3045, 37.1796], [-122.3042, 37.1798], [-122.3042, 37.1796], [-122.3045, 37.1796]], [[-122.3049, 37.1793], [-122.3045, 37.1796], [-122.3045, 37.1793], [-122.3049, 37.1793]], [[-122.3062, 37.179], [-122.3059, 37.1793], [-122.3059, 37.179], [-122.3062, 37.179]], [[-122.3065, 37.1779], [-122.3052, 37.1793], [-122.3055, 37.1782], [-122.3065, 37.1779]], [[-122.3038, 37.179], [-122.3035, 37.1793], [-122.3035, 37.179], [-122.3038, 37.179]], [[-122.3062, 37.1771], [-122.3058, 37.1774], [-122.3058, 37.1771], [-122.3062, 37.1771]]], [[[-122.1965, 37.1784], [-122.1972, 37.1789], [-122.1972, 37.1781], [-122.1965, 37.1784]]], [[[-122.1685, 37.1794], [-122.1685, 37.1789], [-122.1671, 37.1786], [-122.1675, 37.1794], [-122.1685, 37.1794]]], [[[-122.3143, 37.1769], [-122.3142, 37.1759], [-122.3136, 37.1764], [-122.3132, 37.1759], [-122.3122, 37.1762], [-122.3143, 37.1769]]], [[[-122.1922, 37.1798], [-122.1921, 37.1787], [-122.1911, 37.1782], [-122.1915, 37.1798], [-122.1922, 37.1798]]], [[[-122.2037, 37.1801], [-122.2044, 37.1798], [-122.2046, 37.1777], [-122.2033, 37.1788], [-122.2037, 37.1801]]], [[[-122.1959, 37.18], [-122.1966, 37.1797], [-122.1962, 37.1784], [-122.1948, 37.1773], [-122.1938, 37.1784], [-122.1942, 37.1789], [-122.1948, 37.1784], [-122.1955, 37.1789], [-122.1959, 37.18]], [[-122.1959, 37.1786], [-122.1955, 37.1789], [-122.1955, 37.1787], [-122.1959, 37.1786]]], [[[-122.1536, 37.1786], [-122.1532, 37.1781], [-122.1522, 37.1784], [-122.1522, 37.1786], [-122.1536, 37.1786]]], [[[-122.1546, 37.1783], [-122.1545, 37.1778], [-122.1535, 37.1778], [-122.1535, 37.1783], [-122.1546, 37.1783]]], [[[-122.2479, 37.1763], [-122.2489, 37.1768], [-122.2503, 37.176], [-122.2493, 37.176], [-122.2493, 37.1766], [-122.2479, 37.1763]]], [[[-122.2032, 37.1766], [-122.2043, 37.1769], [-122.2043, 37.1763], [-122.2032, 37.1766]]], [[[-122.2002, 37.1772], [-122.1995, 37.1762], [-122.1985, 37.1764], [-122.1985, 37.1772], [-122.2002, 37.1772]]], [[[-122.1522, 37.1781], [-122.1535, 37.1773], [-122.1535, 37.1767], [-122.1518, 37.1773], [-122.1522, 37.1781]]], [[[-122.2978, 37.1802], [-122.2981, 37.1797], [-122.2971, 37.1794], [-122.2971, 37.1786], [-122.2947, 37.1776], [-122.295, 37.1768], [-122.2929, 37.1768], [-122.2943, 37.1754], [-122.2936, 37.1749], [-122.2942, 37.1746], [-122.2939, 37.1736], [-122.2922, 37.1739], [-122.2922, 37.1747], [-122.2908, 37.1742], [-122.2909, 37.175], [-122.2882, 37.1758], [-122.2882, 37.1766], [-122.2862, 37.1764], [-122.2848, 37.1772], [-122.2825, 37.1778], [-122.2832, 37.1786], [-122.2842, 37.1775], [-122.2845, 37.1786], [-122.2839, 37.1794], [-122.2846, 37.1794], [-122.2846, 37.1791], [-122.2849, 37.1791], [-122.2849, 37.1797], [-122.2866, 37.1796], [-122.2869, 37.1791], [-122.287, 37.1802], [-122.288, 37.1799], [-122.292, 37.1801], [-122.2924, 37.1795], [-122.2917, 37.1793], [-122.2934, 37.1792], [-122.293, 37.1801], [-122.2978, 37.1802]], [[-122.2893, 37.1793], [-122.2886, 37.1793], [-122.2889, 37.1785], [-122.2896, 37.1785], [-122.2896, 37.1782], [-122.2899, 37.1782], [-122.2899, 37.178], [-122.2903, 37.1779], [-122.2893, 37.1793]], [[-122.2852, 37.1789], [-122.2849, 37.1791], [-122.2849, 37.1789], [-122.2852, 37.1789]], [[-122.2906, 37.1777], [-122.2903, 37.1779], [-122.2903, 37.1777], [-122.2906, 37.1777]], [[-122.2889, 37.1774], [-122.2886, 37.1777], [-122.2886, 37.1774], [-122.2889, 37.1774]], [[-122.2903, 37.1774], [-122.2892, 37.1769], [-122.2899, 37.1769], [-122.2905, 37.1755], [-122.2913, 37.1768], [-122.2902, 37.1769], [-122.2903, 37.1774]], [[-122.2865, 37.1772], [-122.2862, 37.1775], [-122.2862, 37.1772], [-122.2865, 37.1772]], [[-122.2869, 37.1769], [-122.2865, 37.1772], [-122.2865, 37.1769], [-122.2869, 37.1769]], [[-122.2875, 37.1766], [-122.2872, 37.1769], [-122.2872, 37.1767], [-122.2875, 37.1766]]], [[[-122.2827, 37.1746], [-122.2824, 37.1738], [-122.2817, 37.1735], [-122.2817, 37.1743], [-122.2827, 37.1746]]], [[[-122.1928, 37.1765], [-122.1927, 37.176], [-122.1934, 37.176], [-122.1934, 37.1752], [-122.192, 37.1755], [-122.1928, 37.1765]]], [[[-122.2516, 37.1744], [-122.2512, 37.1738], [-122.2502, 37.1741], [-122.2502, 37.1744], [-122.2516, 37.1744]]], [[[-122.191, 37.176], [-122.1914, 37.175], [-122.1907, 37.1747], [-122.19, 37.1758], [-122.191, 37.176]]], [[[-122.1927, 37.1752], [-122.1927, 37.1747], [-122.1917, 37.1747], [-122.1917, 37.1752], [-122.1927, 37.1752]]], [[[-122.2553, 37.1746], [-122.2549, 37.1735], [-122.2536, 37.1741], [-122.2543, 37.1746], [-122.2553, 37.1746]]], [[[-122.1931, 37.1776], [-122.1941, 37.1765], [-122.1958, 37.1765], [-122.1954, 37.1757], [-122.1944, 37.1762], [-122.1944, 37.1744], [-122.1937, 37.1746], [-122.1941, 37.1757], [-122.1928, 37.1768], [-122.1931, 37.1776]]], [[[-122.3068, 37.1765], [-122.3082, 37.176], [-122.3102, 37.1759], [-122.3095, 37.1757], [-122.3095, 37.1746], [-122.3105, 37.1746], [-122.3094, 37.1735], [-122.3108, 37.1732], [-122.3101, 37.1719], [-122.3084, 37.1727], [-122.308, 37.1722], [-122.3067, 37.1728], [-122.307, 37.1722], [-122.3063, 37.172], [-122.3047, 37.1728], [-122.3036, 37.1723], [-122.3037, 37.1731], [-122.305, 37.1733], [-122.3037, 37.1742], [-122.3054, 37.1744], [-122.3047, 37.175], [-122.3051, 37.1758], [-122.3041, 37.1763], [-122.3068, 37.1765]], [[-122.3054, 37.176], [-122.3051, 37.1763], [-122.3051, 37.176], [-122.3054, 37.176]], [[-122.3068, 37.176], [-122.3061, 37.1744], [-122.3071, 37.1738], [-122.3078, 37.1757], [-122.3068, 37.176]], [[-122.3101, 37.1724], [-122.3094, 37.1727], [-122.3094, 37.1724], [-122.3101, 37.1724]]], [[[-122.2988, 37.1791], [-122.2991, 37.178], [-122.3001, 37.1783], [-122.3014, 37.1769], [-122.3024, 37.1772], [-122.3031, 37.1758], [-122.3038, 37.1766], [-122.3037, 37.1742], [-122.3023, 37.1737], [-122.3024, 37.1753], [-122.3007, 37.1756], [-122.3, 37.1751], [-122.3, 37.1761], [-122.299, 37.1756], [-122.2977, 37.1762], [-122.2976, 37.1748], [-122.2969, 37.1746], [-122.2976, 37.1732], [-122.2962, 37.1722], [-122.2955, 37.1733], [-122.2966, 37.1732], [-122.2966, 37.1738], [-122.2956, 37.1741], [-122.2956, 37.176], [-122.2946, 37.1754], [-122.295, 37.1768], [-122.297, 37.1767], [-122.2967, 37.1773], [-122.2974, 37.1775], [-122.2974, 37.1781], [-122.2967, 37.1784], [-122.2988, 37.1791]], [[-122.2984, 37.1783], [-122.2981, 37.1786], [-122.2981, 37.1783], [-122.2984, 37.1783]], [[-122.2981, 37.1778], [-122.2977, 37.1783], [-122.2977, 37.1778], [-122.2981, 37.1778]], [[-122.2984, 37.1775], [-122.2981, 37.1778], [-122.298, 37.1775], [-122.2984, 37.1775]], [[-122.2994, 37.1772], [-122.2991, 37.1775], [-122.299, 37.1772], [-122.2994, 37.1772]], [[-122.2987, 37.1775], [-122.2984, 37.177], [-122.2994, 37.1764], [-122.2994, 37.177], [-122.299, 37.177], [-122.2987, 37.1775]], [[-122.2977, 37.1773], [-122.2974, 37.1775], [-122.2974, 37.1773], [-122.2977, 37.1773]], [[-122.3004, 37.1761], [-122.3, 37.1764], [-122.3, 37.1761], [-122.3004, 37.1761]], [[-122.3027, 37.1755], [-122.3024, 37.1758], [-122.3024, 37.1756], [-122.3027, 37.1755]], [[-122.2963, 37.1757], [-122.296, 37.1759], [-122.296, 37.1757], [-122.2963, 37.1757]], [[-122.2973, 37.1751], [-122.297, 37.1754], [-122.297, 37.1751], [-122.2973, 37.1751]], [[-122.2963, 37.1746], [-122.2959, 37.1749], [-122.2959, 37.1746], [-122.2963, 37.1746]]], [[[-122.3135, 37.1729], [-122.3141, 37.1715], [-122.3121, 37.1716], [-122.3121, 37.1724], [-122.3135, 37.1729]]], [[[-122.1975, 37.1765], [-122.1978, 37.1754], [-122.1958, 37.1749], [-122.1968, 37.1743], [-122.1967, 37.1735], [-122.1954, 37.1733], [-122.1951, 37.1752], [-122.1958, 37.176], [-122.1968, 37.1754], [-122.1968, 37.1765], [-122.1975, 37.1765]]], [[[-122.2218, 37.1738], [-122.2228, 37.1733], [-122.2218, 37.1728], [-122.2218, 37.1738]]], [[[-122.2489, 37.175], [-122.2499, 37.1733], [-122.2495, 37.1722], [-122.2471, 37.1728], [-122.2472, 37.1744], [-122.2479, 37.1744], [-122.2478, 37.1736], [-122.2485, 37.1736], [-122.2482, 37.1744], [-122.2489, 37.175]], [[-122.2488, 37.1731], [-122.2485, 37.1736], [-122.2485, 37.1731], [-122.2488, 37.1731]]], [[[-122.2828, 37.1773], [-122.2878, 37.1756], [-122.2888, 37.1755], [-122.2908, 37.1739], [-122.2901, 37.1734], [-122.2907, 37.1712], [-122.2894, 37.1715], [-122.2894, 37.1723], [-122.2887, 37.172], [-122.2881, 37.1726], [-122.2881, 37.1731], [-122.2857, 37.1729], [-122.2851, 37.174], [-122.2847, 37.1729], [-122.2844, 37.174], [-122.283, 37.1738], [-122.2834, 37.1756], [-122.2828, 37.1773]], [[-122.2888, 37.1726], [-122.2884, 37.1729], [-122.2884, 37.1726], [-122.2888, 37.1726]]], [[[-122.1951, 37.1743], [-122.1947, 37.1733], [-122.193, 37.1733], [-122.193, 37.1725], [-122.1917, 37.1739], [-122.1903, 37.1742], [-122.1927, 37.1744], [-122.1934, 37.1738], [-122.1951, 37.1743]], [[-122.1927, 37.1733], [-122.1923, 37.1739], [-122.1923, 37.1733], [-122.1927, 37.1733]]], [[[-122.2018, 37.1742], [-122.2011, 37.1721], [-122.2007, 37.1721], [-122.2008, 37.1734], [-122.2018, 37.1742]]], [[[-122.2965, 37.1713], [-122.2965, 37.1708], [-122.2975, 37.1708], [-122.2971, 37.1703], [-122.2955, 37.1708], [-122.2955, 37.1714], [-122.2965, 37.1713]]], [[[-122.2596, 37.1923], [-122.2595, 37.1912], [-122.2585, 37.1912], [-122.2588, 37.1902], [-122.2574, 37.1894], [-122.257, 37.1851], [-122.259, 37.1853], [-122.2593, 37.1847], [-122.2601, 37.1861], [-122.2611, 37.1863], [-122.2614, 37.1852], [-122.2624, 37.1852], [-122.262, 37.1842], [-122.261, 37.1839], [-122.2617, 37.1834], [-122.2613, 37.1826], [-122.2626, 37.1814], [-122.2619, 37.1806], [-122.264, 37.1809], [-122.2636, 37.1814], [-122.2643, 37.1817], [-122.2653, 37.1809], [-122.2643, 37.1795], [-122.2632, 37.1795], [-122.2629, 37.1782], [-122.2608, 37.1785], [-122.2608, 37.1769], [-122.2618, 37.1766], [-122.2611, 37.1763], [-122.2618, 37.1758], [-122.261, 37.1739], [-122.2617, 37.1739], [-122.2617, 37.1726], [-122.2634, 37.172], [-122.2633, 37.1709], [-122.2623, 37.1709], [-122.262, 37.1704], [-122.2626, 37.1701], [-122.2616, 37.1696], [-122.2602, 37.1696], [-122.2589, 37.1707], [-122.2582, 37.1705], [-122.2586, 37.1713], [-122.2579, 37.1713], [-122.2576, 37.1721], [-122.2569, 37.171], [-122.2562, 37.1713], [-122.2573, 37.1732], [-122.256, 37.1746], [-122.2587, 37.1745], [-122.2587, 37.1759], [-122.2594, 37.1758], [-122.2577, 37.1767], [-122.2584, 37.1756], [-122.257, 37.1756], [-122.2567, 37.1764], [-122.2578, 37.1775], [-122.2591, 37.1775], [-122.2578, 37.1778], [-122.2582, 37.1796], [-122.2572, 37.1799], [-122.2582, 37.1805], [-122.2586, 37.1821], [-122.258, 37.1845], [-122.2563, 37.1845], [-122.2559, 37.1818], [-122.2545, 37.1824], [-122.2559, 37.1845], [-122.256, 37.1862], [-122.2553, 37.1862], [-122.256, 37.187], [-122.2557, 37.1883], [-122.2564, 37.1886], [-122.2561, 37.1899], [-122.2571, 37.1899], [-122.2572, 37.191], [-122.2596, 37.1923]], [[-122.261, 37.1847], [-122.2607, 37.185], [-122.2607, 37.1847], [-122.261, 37.1847]], [[-122.2616, 37.1817], [-122.2609, 37.182], [-122.2609, 37.1817], [-122.2616, 37.1817]], [[-122.2603, 37.1815], [-122.2599, 37.1818], [-122.2599, 37.1815], [-122.2603, 37.1815]], [[-122.2646, 37.1809], [-122.2643, 37.1811], [-122.2643, 37.1809], [-122.2646, 37.1809]], [[-122.2616, 37.1804], [-122.2609, 37.1807], [-122.2609, 37.1804], [-122.2616, 37.1804]], [[-122.2605, 37.1799], [-122.2592, 37.1791], [-122.2602, 37.1783], [-122.2608, 37.1785], [-122.2605, 37.1799]], [[-122.2595, 37.1777], [-122.2591, 37.178], [-122.2591, 37.1777], [-122.2595, 37.1777]], [[-122.2601, 37.1774], [-122.2595, 37.1777], [-122.2595, 37.1775], [-122.2601, 37.1774]], [[-122.2588, 37.1769], [-122.2584, 37.1772], [-122.2584, 37.1769], [-122.2588, 37.1769]], [[-122.2608, 37.1766], [-122.2605, 37.1769], [-122.2604, 37.1766], [-122.2608, 37.1766]], [[-122.2604, 37.1755], [-122.2601, 37.1758], [-122.2601, 37.1756], [-122.2604, 37.1755]], [[-122.2601, 37.1753], [-122.2594, 37.1756], [-122.2594, 37.1753], [-122.2601, 37.1753]], [[-122.2607, 37.1747], [-122.2601, 37.175], [-122.2601, 37.1747], [-122.2607, 37.1747]], [[-122.2611, 37.1745], [-122.2607, 37.1747], [-122.2607, 37.1745], [-122.2611, 37.1745]], [[-122.2583, 37.1737], [-122.2577, 37.1737], [-122.258, 37.1729], [-122.2583, 37.1729], [-122.2583, 37.1737]], [[-122.26, 37.1731], [-122.2597, 37.1734], [-122.2597, 37.1731], [-122.26, 37.1731]], [[-122.26, 37.1726], [-122.2597, 37.1729], [-122.2596, 37.1726], [-122.26, 37.1726]], [[-122.2613, 37.1723], [-122.261, 37.1726], [-122.261, 37.1723], [-122.2613, 37.1723]], [[-122.262, 37.172], [-122.2613, 37.1723], [-122.2613, 37.172], [-122.262, 37.172]], [[-122.261, 37.172], [-122.2606, 37.1715], [-122.2616, 37.1704], [-122.2623, 37.1715], [-122.261, 37.172]], [[-122.2586, 37.1715], [-122.2583, 37.1718], [-122.2583, 37.1715], [-122.2586, 37.1715]], [[-122.2606, 37.171], [-122.2586, 37.1713], [-122.2606, 37.1707], [-122.2606, 37.171]]], [[[-122.2023, 37.178], [-122.2026, 37.1761], [-122.2008, 37.1748], [-122.2011, 37.1742], [-122.1984, 37.1729], [-122.1997, 37.171], [-122.1987, 37.1708], [-122.198, 37.1713], [-122.1977, 37.1708], [-122.1964, 37.1724], [-122.1977, 37.1732], [-122.1971, 37.1743], [-122.1988, 37.1737], [-122.1991, 37.1743], [-122.1985, 37.1746], [-122.1998, 37.1745], [-122.2002, 37.1764], [-122.2012, 37.1756], [-122.2009, 37.1769], [-122.2023, 37.178]], [[-122.2008, 37.175], [-122.2005, 37.1753], [-122.2005, 37.1751], [-122.2008, 37.175]], [[-122.1998, 37.1737], [-122.1994, 37.174], [-122.1994, 37.1737], [-122.1998, 37.1737]], [[-122.1984, 37.1724], [-122.1974, 37.1724], [-122.1974, 37.1719], [-122.1984, 37.1716], [-122.1984, 37.1724]], [[-122.1994, 37.171], [-122.199, 37.1713], [-122.199, 37.171], [-122.1994, 37.171]]], [[[-122.2177, 37.2063], [-122.2193, 37.2063], [-122.2187, 37.2058], [-122.2196, 37.2049], [-122.2196, 37.2036], [-122.2213, 37.2038], [-122.2223, 37.2033], [-122.2223, 37.2041], [-122.2234, 37.2043], [-122.223, 37.2024], [-122.226, 37.2021], [-122.2267, 37.2032], [-122.2277, 37.2026], [-122.2288, 37.204], [-122.2294, 37.2037], [-122.2293, 37.2002], [-122.23, 37.1999], [-122.229, 37.1994], [-122.2307, 37.1993], [-122.2306, 37.1988], [-122.2283, 37.1988], [-122.2279, 37.198], [-122.2289, 37.1975], [-122.2275, 37.1964], [-122.2262, 37.197], [-122.2262, 37.1959], [-122.2265, 37.1959], [-122.2268, 37.1953], [-122.2275, 37.1959], [-122.2268, 37.1943], [-122.2278, 37.1932], [-122.2311, 37.1928], [-122.2318, 37.1907], [-122.2328, 37.1906], [-122.2317, 37.1899], [-122.2333, 37.1869], [-122.231, 37.1869], [-122.2319, 37.1853], [-122.2296, 37.1853], [-122.2291, 37.1823], [-122.2281, 37.1824], [-122.2281, 37.1816], [-122.2288, 37.1821], [-122.2291, 37.1813], [-122.2284, 37.1805], [-122.229, 37.1791], [-122.2284, 37.1789], [-122.2297, 37.178], [-122.2276, 37.1767], [-122.2272, 37.1743], [-122.2255, 37.1735], [-122.2255, 37.1724], [-122.2265, 37.1724], [-122.2265, 37.1719], [-122.2278, 37.1721], [-122.2264, 37.1708], [-122.2254, 37.1708], [-122.2254, 37.17], [-122.2244, 37.1703], [-122.2248, 37.1714], [-122.2241, 37.1714], [-122.2248, 37.1719], [-122.2241, 37.1725], [-122.2245, 37.1741], [-122.2235, 37.1746], [-122.2242, 37.1757], [-122.2219, 37.1771], [-122.2226, 37.1782], [-122.2219, 37.1784], [-122.2212, 37.1774], [-122.2205, 37.1774], [-122.2209, 37.1779], [-122.2195, 37.1777], [-122.2192, 37.1788], [-122.2182, 37.179], [-122.2183, 37.1804], [-122.2169, 37.1804], [-122.2165, 37.1799], [-122.2176, 37.1796], [-122.2169, 37.1796], [-122.2172, 37.1785], [-122.2162, 37.1783], [-122.2182, 37.178], [-122.2195, 37.1763], [-122.2174, 37.1739], [-122.2157, 37.1742], [-122.2128, 37.1808], [-122.2135, 37.181], [-122.2139, 37.1805], [-122.2142, 37.181], [-122.2129, 37.1816], [-122.2136, 37.1821], [-122.2129, 37.1832], [-122.2136, 37.1832], [-122.214, 37.1864], [-122.2144, 37.1864], [-122.2154, 37.1875], [-122.2135, 37.1899], [-122.2138, 37.1913], [-122.2128, 37.1924], [-122.2135, 37.1932], [-122.2129, 37.1937], [-122.2139, 37.1937], [-122.2139, 37.1942], [-122.2163, 37.1937], [-122.2172, 37.192], [-122.2182, 37.1917], [-122.2178, 37.1885], [-122.2185, 37.1879], [-122.2178, 37.188], [-122.2177, 37.1847], [-122.2194, 37.1847], [-122.2181, 37.1858], [-122.2191, 37.1858], [-122.2188, 37.1869], [-122.2194, 37.1866], [-122.2188, 37.1888], [-122.2199, 37.1909], [-122.22, 37.193], [-122.2187, 37.1942], [-122.2176, 37.1939], [-122.2183, 37.195], [-122.217, 37.1947], [-122.217, 37.1953], [-122.2136, 37.1951], [-122.2143, 37.1945], [-122.2126, 37.1943], [-122.2122, 37.1948], [-122.2129, 37.1951], [-122.2116, 37.1962], [-122.2116, 37.197], [-122.2143, 37.1964], [-122.213, 37.1975], [-122.215, 37.1977], [-122.218, 37.1958], [-122.2184, 37.1971], [-122.2174, 37.1969], [-122.2171, 37.1977], [-122.2181, 37.1974], [-122.2191, 37.1982], [-122.2201, 37.1968], [-122.2201, 37.1974], [-122.2204, 37.1974], [-122.2205, 37.1979], [-122.2211, 37.1982], [-122.2195, 37.1998], [-122.2198, 37.1998], [-122.2202, 37.2001], [-122.2199, 37.2006], [-122.2212, 37.2011], [-122.2209, 37.2022], [-122.2216, 37.2027], [-122.2213, 37.2033], [-122.2189, 37.2033], [-122.219, 37.2044], [-122.2179, 37.2044], [-122.2177, 37.2063]], [[-122.2183, 37.2058], [-122.218, 37.206], [-122.218, 37.2058], [-122.2183, 37.2058]], [[-122.2223, 37.2022], [-122.2219, 37.2025], [-122.2219, 37.2022], [-122.2223, 37.2022]], [[-122.2226, 37.2019], [-122.2223, 37.2022], [-122.2223, 37.2019], [-122.2226, 37.2019]], [[-122.2253, 37.2013], [-122.225, 37.2019], [-122.225, 37.2013], [-122.2253, 37.2013]], [[-122.2239, 37.2011], [-122.2236, 37.2019], [-122.2236, 37.2011], [-122.2239, 37.2011]], [[-122.229, 37.201], [-122.2283, 37.2013], [-122.2283, 37.201], [-122.229, 37.201]], [[-122.2256, 37.2008], [-122.2253, 37.2013], [-122.2253, 37.2008], [-122.2256, 37.2008]], [[-122.2236, 37.2008], [-122.2229, 37.2011], [-122.2222, 37.2], [-122.2232, 37.2], [-122.2233, 37.2008], [-122.2236, 37.2008]], [[-122.2222, 37.2011], [-122.2212, 37.2011], [-122.2212, 37.2006], [-122.2219, 37.2006], [-122.2222, 37.2011]], [[-122.2266, 37.2005], [-122.2263, 37.2008], [-122.2263, 37.2005], [-122.2266, 37.2005]], [[-122.2246, 37.2003], [-122.2243, 37.2008], [-122.2239, 37.2003], [-122.2246, 37.2003]], [[-122.2239, 37.2005], [-122.2236, 37.2008], [-122.2236, 37.2005], [-122.2239, 37.2005]], [[-122.229, 37.2004], [-122.2276, 37.2005], [-122.2276, 37.2002], [-122.2283, 37.1999], [-122.229, 37.2004]], [[-122.2273, 37.2005], [-122.2266, 37.2005], [-122.2266, 37.1999], [-122.2253, 37.1997], [-122.2273, 37.1994], [-122.2273, 37.2005]], [[-122.2222, 37.1992], [-122.2219, 37.2], [-122.2215, 37.1992], [-122.2222, 37.1992]], [[-122.2202, 37.1995], [-122.2198, 37.1998], [-122.2198, 37.1995], [-122.2202, 37.1995]], [[-122.2286, 37.1991], [-122.2283, 37.1994], [-122.2283, 37.1991], [-122.2286, 37.1991]], [[-122.2279, 37.1991], [-122.2276, 37.1994], [-122.2276, 37.1991], [-122.2279, 37.1991]], [[-122.2283, 37.1988], [-122.2279, 37.1991], [-122.2279, 37.1988], [-122.2283, 37.1988]], [[-122.2276, 37.1986], [-122.2262, 37.1991], [-122.2262, 37.1986], [-122.2252, 37.1992], [-122.2235, 37.1989], [-122.2249, 37.1984], [-122.2252, 37.1973], [-122.2241, 37.1967], [-122.2241, 37.1957], [-122.2248, 37.1957], [-122.2255, 37.1975], [-122.2269, 37.198], [-122.2266, 37.1986], [-122.2276, 37.1986]], [[-122.2212, 37.199], [-122.2208, 37.1992], [-122.2208, 37.199], [-122.2212, 37.199]], [[-122.2279, 37.1983], [-122.2276, 37.1986], [-122.2276, 37.1983], [-122.2279, 37.1983]], [[-122.2235, 37.1987], [-122.2218, 37.1981], [-122.2215, 37.1973], [-122.2225, 37.1971], [-122.2228, 37.1979], [-122.2238, 37.1978], [-122.2235, 37.1987]], [[-122.2215, 37.1984], [-122.2212, 37.1987], [-122.2212, 37.1984], [-122.2215, 37.1984]], [[-122.2242, 37.1976], [-122.2235, 37.1976], [-122.2235, 37.197], [-122.2238, 37.197], [-122.2242, 37.1976]], [[-122.2208, 37.1971], [-122.2204, 37.1974], [-122.2204, 37.1971], [-122.2208, 37.1971]], [[-122.2194, 37.1971], [-122.2188, 37.1974], [-122.2187, 37.1971], [-122.2194, 37.1971]], [[-122.2228, 37.1968], [-122.2218, 37.1968], [-122.2211, 37.1963], [-122.2221, 37.1962], [-122.2221, 37.196], [-122.2228, 37.196], [-122.2228, 37.1968]], [[-122.2197, 37.1966], [-122.2194, 37.1968], [-122.2194, 37.1966], [-122.2197, 37.1966]], [[-122.2157, 37.1966], [-122.2154, 37.1969], [-122.2153, 37.1966], [-122.2157, 37.1966]], [[-122.2258, 37.1962], [-122.2255, 37.1965], [-122.2255, 37.1962], [-122.2258, 37.1962]], [[-122.2208, 37.1965], [-122.2197, 37.1966], [-122.2204, 37.1947], [-122.2214, 37.1955], [-122.2208, 37.1965]], [[-122.2197, 37.1958], [-122.2194, 37.1963], [-122.2194, 37.1958], [-122.2197, 37.1958]], [[-122.217, 37.1961], [-122.2167, 37.1963], [-122.2167, 37.1961], [-122.217, 37.1961]], [[-122.2234, 37.196], [-122.2224, 37.1957], [-122.2231, 37.1949], [-122.2238, 37.1951], [-122.2231, 37.1954], [-122.2234, 37.196]], [[-122.2173, 37.1958], [-122.217, 37.1961], [-122.217, 37.1958], [-122.2173, 37.1958]], [[-122.2146, 37.1958], [-122.214, 37.1961], [-122.214, 37.1959], [-122.2146, 37.1958]], [[-122.2265, 37.1954], [-122.2258, 37.1956], [-122.2258, 37.1954], [-122.2265, 37.1954]], [[-122.2163, 37.1955], [-122.216, 37.1958], [-122.216, 37.1956], [-122.2163, 37.1955]], [[-122.2153, 37.1956], [-122.215, 37.1958], [-122.215, 37.1956], [-122.2153, 37.1956]], [[-122.2265, 37.1945], [-122.2255, 37.1951], [-122.2258, 37.1943], [-122.2265, 37.1945]], [[-122.2194, 37.1952], [-122.2183, 37.1952], [-122.2183, 37.195], [-122.2193, 37.1947], [-122.2194, 37.1952]], [[-122.2254, 37.1943], [-122.2244, 37.194], [-122.2251, 37.1938], [-122.2247, 37.1932], [-122.2257, 37.1932], [-122.2254, 37.1943]], [[-122.2264, 37.1935], [-122.2261, 37.1937], [-122.2261, 37.1935], [-122.2264, 37.1935]], [[-122.2241, 37.1938], [-122.222, 37.1933], [-122.222, 37.1925], [-122.221, 37.1922], [-122.2209, 37.1903], [-122.2195, 37.1895], [-122.2222, 37.1898], [-122.2213, 37.1906], [-122.222, 37.1917], [-122.2233, 37.1914], [-122.223, 37.1919], [-122.2244, 37.1922], [-122.2241, 37.1938]], [[-122.2264, 37.1927], [-122.2261, 37.1929], [-122.2261, 37.1927], [-122.2264, 37.1927]], [[-122.2257, 37.1929], [-122.2247, 37.1927], [-122.2253, 37.1913], [-122.2267, 37.1918], [-122.2257, 37.1929]], [[-122.2298, 37.1923], [-122.2294, 37.1926], [-122.2294, 37.1923], [-122.2298, 37.1923]], [[-122.2213, 37.1925], [-122.221, 37.1928], [-122.221, 37.1925], [-122.2213, 37.1925]], [[-122.2291, 37.1921], [-122.2288, 37.1923], [-122.2287, 37.1921], [-122.2291, 37.1921]], [[-122.2277, 37.1918], [-122.2271, 37.1921], [-122.2271, 37.1918], [-122.2277, 37.1918]], [[-122.2294, 37.1918], [-122.2277, 37.191], [-122.2277, 37.1907], [-122.2287, 37.1902], [-122.2291, 37.191], [-122.2294, 37.1907], [-122.2301, 37.1907], [-122.2294, 37.1918]], [[-122.2206, 37.1911], [-122.2203, 37.192], [-122.2203, 37.1912], [-122.2206, 37.1911]], [[-122.2247, 37.1913], [-122.2243, 37.1916], [-122.2243, 37.1913], [-122.2247, 37.1913]], [[-122.2159, 37.1912], [-122.2155, 37.1918], [-122.2155, 37.1912], [-122.2159, 37.1912]], [[-122.2314, 37.1907], [-122.2311, 37.191], [-122.2311, 37.1907], [-122.2314, 37.1907]], [[-122.2267, 37.191], [-122.2256, 37.19], [-122.2239, 37.1897], [-122.2243, 37.1892], [-122.2236, 37.1889], [-122.2246, 37.1889], [-122.2253, 37.1892], [-122.226, 37.19], [-122.2273, 37.1899], [-122.2267, 37.191]], [[-122.2304, 37.1907], [-122.229, 37.1896], [-122.2277, 37.1897], [-122.2276, 37.1883], [-122.229, 37.1886], [-122.2293, 37.1894], [-122.231, 37.1888], [-122.2314, 37.1904], [-122.2307, 37.1901], [-122.2304, 37.1907]], [[-122.2287, 37.1899], [-122.2284, 37.1902], [-122.2283, 37.1899], [-122.2287, 37.1899]], [[-122.2145, 37.1896], [-122.2141, 37.1899], [-122.2141, 37.1896], [-122.2145, 37.1896]], [[-122.2168, 37.1891], [-122.2158, 37.1896], [-122.2161, 37.1885], [-122.2168, 37.1891]], [[-122.2155, 37.1894], [-122.2151, 37.1896], [-122.2151, 37.1894], [-122.2155, 37.1894]], [[-122.2273, 37.1889], [-122.2263, 37.1889], [-122.2256, 37.1875], [-122.2279, 37.1867], [-122.2279, 37.1878], [-122.2269, 37.1881], [-122.2273, 37.1889]], [[-122.2249, 37.1886], [-122.2246, 37.1889], [-122.2246, 37.1886], [-122.2249, 37.1886]], [[-122.2215, 37.1887], [-122.2212, 37.189], [-122.2212, 37.1887], [-122.2215, 37.1887]], [[-122.2209, 37.1887], [-122.2202, 37.189], [-122.2202, 37.1887], [-122.2209, 37.1887]], [[-122.2155, 37.1888], [-122.2151, 37.1891], [-122.2151, 37.1888], [-122.2155, 37.1888]], [[-122.2202, 37.1882], [-122.2195, 37.1887], [-122.2195, 37.1882], [-122.2202, 37.1882]], [[-122.2293, 37.188], [-122.229, 37.1883], [-122.229, 37.188], [-122.2293, 37.188]], [[-122.2161, 37.1883], [-122.2158, 37.1885], [-122.2158, 37.1883], [-122.2161, 37.1883]], [[-122.2296, 37.1877], [-122.2293, 37.188], [-122.2293, 37.1877], [-122.2296, 37.1877]], [[-122.2286, 37.1878], [-122.228, 37.188], [-122.2279, 37.1878], [-122.2286, 37.1878]], [[-122.2323, 37.1871], [-122.232, 37.1877], [-122.232, 37.1872], [-122.2323, 37.1871]], [[-122.2164, 37.1874], [-122.2161, 37.188], [-122.2161, 37.1875], [-122.2164, 37.1874]], [[-122.2171, 37.1874], [-122.2168, 37.1877], [-122.2168, 37.1874], [-122.2171, 37.1874]], [[-122.2296, 37.1869], [-122.2289, 37.1872], [-122.2289, 37.1869], [-122.2296, 37.1869]], [[-122.2171, 37.1866], [-122.2167, 37.1869], [-122.2167, 37.1866], [-122.2171, 37.1866]], [[-122.2279, 37.1862], [-122.2276, 37.1864], [-122.2276, 37.1862], [-122.2279, 37.1862]], [[-122.2167, 37.1864], [-122.2164, 37.1866], [-122.2164, 37.1864], [-122.2167, 37.1864]], [[-122.2272, 37.1859], [-122.2269, 37.1862], [-122.2269, 37.1859], [-122.2272, 37.1859]], [[-122.2157, 37.1861], [-122.2144, 37.1864], [-122.2143, 37.1853], [-122.2147, 37.1853], [-122.2147, 37.1859], [-122.215, 37.1859], [-122.215, 37.1861], [-122.2157, 37.1861]], [[-122.2154, 37.1856], [-122.215, 37.1859], [-122.215, 37.1856], [-122.2154, 37.1856]], [[-122.2201, 37.1852], [-122.2198, 37.1855], [-122.2197, 37.1852], [-122.2201, 37.1852]], [[-122.2177, 37.1836], [-122.2174, 37.1847], [-122.2173, 37.1836], [-122.2177, 37.1836]], [[-122.2147, 37.1848], [-122.2139, 37.1837], [-122.2153, 37.1831], [-122.2146, 37.184], [-122.2147, 37.1848]], [[-122.2261, 37.184], [-122.2258, 37.1843], [-122.2258, 37.184], [-122.2261, 37.184]], [[-122.2251, 37.184], [-122.2248, 37.1843], [-122.2248, 37.184], [-122.2251, 37.184]], [[-122.2241, 37.1841], [-122.2231, 37.1841], [-122.223, 37.1814], [-122.2237, 37.1806], [-122.2243, 37.1805], [-122.224, 37.1819], [-122.2247, 37.1824], [-122.2241, 37.1841]], [[-122.216, 37.1839], [-122.2157, 37.1842], [-122.2156, 37.184], [-122.216, 37.1839]], [[-122.2204, 37.1833], [-122.22, 37.1836], [-122.22, 37.1833], [-122.2204, 37.1833]], [[-122.218, 37.1831], [-122.217, 37.1837], [-122.2166, 37.182], [-122.218, 37.1831]], [[-122.2143, 37.1829], [-122.2139, 37.1832], [-122.2139, 37.1829], [-122.2143, 37.1829]], [[-122.218, 37.1817], [-122.2176, 37.182], [-122.2176, 37.1818], [-122.218, 37.1817]], [[-122.2179, 37.1812], [-122.2169, 37.1818], [-122.2169, 37.181], [-122.2173, 37.181], [-122.2173, 37.1812], [-122.2179, 37.1812]], [[-122.223, 37.1808], [-122.2227, 37.1811], [-122.2227, 37.1808], [-122.223, 37.1808]], [[-122.2237, 37.1806], [-122.2226, 37.18], [-122.2236, 37.1798], [-122.2237, 37.1806]], [[-122.2183, 37.1807], [-122.2179, 37.1809], [-122.2179, 37.1807], [-122.2183, 37.1807]], [[-122.2176, 37.1807], [-122.2173, 37.181], [-122.2172, 37.1807], [-122.2176, 37.1807]], [[-122.2162, 37.1796], [-122.2155, 37.1802], [-122.2152, 37.1791], [-122.2162, 37.1796]], [[-122.2284, 37.1794], [-122.228, 37.1797], [-122.228, 37.1794], [-122.2284, 37.1794]], [[-122.2223, 37.1792], [-122.2219, 37.1795], [-122.2219, 37.1792], [-122.2223, 37.1792]], [[-122.2226, 37.1784], [-122.2223, 37.1787], [-122.2223, 37.1784], [-122.2226, 37.1784]], [[-122.2219, 37.1784], [-122.2216, 37.1787], [-122.2216, 37.1784], [-122.2219, 37.1784]], [[-122.2155, 37.1783], [-122.2152, 37.1786], [-122.2151, 37.1783], [-122.2155, 37.1783]], [[-122.2165, 37.1775], [-122.2161, 37.1777], [-122.2161, 37.1775], [-122.2165, 37.1775]]], [[[-122.3168, 37.1812], [-122.3171, 37.1807], [-122.3198, 37.1803], [-122.3157, 37.1785], [-122.3197, 37.1779], [-122.3204, 37.1795], [-122.3218, 37.1787], [-122.3214, 37.1776], [-122.3224, 37.1779], [-122.3234, 37.177], [-122.323, 37.176], [-122.3217, 37.1757], [-122.323, 37.1752], [-122.3223, 37.1744], [-122.3213, 37.1741], [-122.321, 37.1747], [-122.3203, 37.1739], [-122.3199, 37.1744], [-122.3189, 37.1744], [-122.3196, 37.1731], [-122.3219, 37.173], [-122.3219, 37.1722], [-122.3212, 37.1725], [-122.3205, 37.1714], [-122.3208, 37.1706], [-122.3202, 37.1701], [-122.3208, 37.1701], [-122.3208, 37.1693], [-122.3198, 37.1682], [-122.3191, 37.1696], [-122.3171, 37.1691], [-122.3168, 37.1701], [-122.3141, 37.171], [-122.3148, 37.1721], [-122.3138, 37.1729], [-122.3162, 37.1731], [-122.3162, 37.1745], [-122.3149, 37.175], [-122.3162, 37.175], [-122.3159, 37.1758], [-122.3166, 37.1761], [-122.3153, 37.1769], [-122.314, 37.1794], [-122.3127, 37.1797], [-122.3168, 37.1812]], [[-122.3166, 37.1766], [-122.3163, 37.1769], [-122.3163, 37.1766], [-122.3166, 37.1766]], [[-122.3217, 37.1757], [-122.3214, 37.1763], [-122.3213, 37.1757], [-122.3217, 37.1757]], [[-122.318, 37.1761], [-122.3176, 37.1763], [-122.3176, 37.1761], [-122.318, 37.1761]], [[-122.3173, 37.175], [-122.3169, 37.1753], [-122.3169, 37.175], [-122.3173, 37.175]], [[-122.3179, 37.1747], [-122.3176, 37.175], [-122.3176, 37.1747], [-122.3179, 37.1747]], [[-122.3179, 37.1742], [-122.3176, 37.1744], [-122.3176, 37.1742], [-122.3179, 37.1742]], [[-122.3182, 37.1734], [-122.3175, 37.1734], [-122.3178, 37.172], [-122.3185, 37.172], [-122.3182, 37.1734]], [[-122.3202, 37.1725], [-122.3199, 37.1728], [-122.3199, 37.1725], [-122.3202, 37.1725]], [[-122.3195, 37.1722], [-122.3189, 37.1728], [-122.3189, 37.172], [-122.3195, 37.1722]], [[-122.3175, 37.1723], [-122.3172, 37.1726], [-122.3172, 37.1723], [-122.3175, 37.1723]], [[-122.3202, 37.1717], [-122.3199, 37.172], [-122.3199, 37.1717], [-122.3202, 37.1717]], [[-122.3181, 37.1696], [-122.3178, 37.1699], [-122.3178, 37.1696], [-122.3181, 37.1696]]], [[[-122.1527, 37.1727], [-122.1537, 37.1724], [-122.1533, 37.1713], [-122.152, 37.1722], [-122.1527, 37.1727]]], [[[-122.2329, 37.1709], [-122.2325, 37.1699], [-122.2318, 37.1699], [-122.2315, 37.171], [-122.2329, 37.1709]]], [[[-122.2224, 37.1711], [-122.2227, 37.1701], [-122.2213, 37.1701], [-122.2217, 37.1709], [-122.2224, 37.1711]]], [[[-122.2871, 37.1723], [-122.2881, 37.1718], [-122.288, 37.1704], [-122.2884, 37.171], [-122.2894, 37.1709], [-122.2894, 37.1704], [-122.2901, 37.1709], [-122.2904, 37.1704], [-122.2907, 37.1706], [-122.2924, 37.1703], [-122.2924, 37.1695], [-122.2897, 37.1699], [-122.2883, 37.1691], [-122.2883, 37.1683], [-122.2876, 37.1688], [-122.2866, 37.1683], [-122.2866, 37.1699], [-122.2853, 37.1708], [-122.285, 37.1718], [-122.2871, 37.1723]], [[-122.2914, 37.1701], [-122.2911, 37.1704], [-122.291, 37.1701], [-122.2914, 37.1701]], [[-122.2904, 37.1701], [-122.29, 37.1704], [-122.29, 37.1701], [-122.2904, 37.1701]]], [[[-122.1936, 37.1722], [-122.1936, 37.1714], [-122.1946, 37.1717], [-122.1946, 37.1708], [-122.1922, 37.1701], [-122.1923, 37.1712], [-122.1926, 37.1712], [-122.1936, 37.1722]], [[-122.1933, 37.1706], [-122.1926, 37.1712], [-122.1926, 37.1706], [-122.1933, 37.1706]]], [[[-122.1507, 37.1722], [-122.151, 37.1711], [-122.1496, 37.1709], [-122.15, 37.1722], [-122.1507, 37.1722]]], [[[-122.2629, 37.1688], [-122.2639, 37.169], [-122.2639, 37.1685], [-122.2629, 37.1688]]], [[[-122.1527, 37.1711], [-122.1516, 37.17], [-122.1509, 37.17], [-122.151, 37.1711], [-122.1527, 37.1711]]], [[[-122.2071, 37.1806], [-122.207, 37.179], [-122.2087, 37.1787], [-122.2091, 37.1795], [-122.2111, 37.1789], [-122.2097, 37.1762], [-122.21, 37.1749], [-122.2103, 37.1749], [-122.2103, 37.1754], [-122.2117, 37.1748], [-122.2134, 37.1751], [-122.2121, 37.1778], [-122.2135, 37.1783], [-122.2147, 37.174], [-122.2157, 37.1732], [-122.2167, 37.1737], [-122.2167, 37.1726], [-122.2194, 37.172], [-122.2193, 37.1712], [-122.2204, 37.1714], [-122.22, 37.1709], [-122.2213, 37.1693], [-122.2179, 37.1688], [-122.2172, 37.1691], [-122.218, 37.1701], [-122.2166, 37.1707], [-122.2156, 37.1694], [-122.2139, 37.1697], [-122.2139, 37.1705], [-122.2119, 37.173], [-122.2113, 37.173], [-122.2112, 37.1716], [-122.2105, 37.1716], [-122.2106, 37.1722], [-122.2092, 37.1727], [-122.2096, 37.1735], [-122.2079, 37.1741], [-122.2086, 37.1746], [-122.2096, 37.1741], [-122.2103, 37.1743], [-122.2093, 37.1749], [-122.2079, 37.1746], [-122.208, 37.1755], [-122.2053, 37.1766], [-122.2063, 37.1774], [-122.2073, 37.1768], [-122.2077, 37.1776], [-122.2097, 37.1773], [-122.2097, 37.1779], [-122.2084, 37.1776], [-122.209, 37.1781], [-122.208, 37.1787], [-122.207, 37.1779], [-122.205, 37.1787], [-122.2064, 37.1793], [-122.2061, 37.1806], [-122.2071, 37.1806]], [[-122.2101, 37.1787], [-122.2094, 37.1787], [-122.2094, 37.1781], [-122.2097, 37.1781], [-122.2101, 37.1787]], [[-122.208, 37.1765], [-122.2077, 37.1768], [-122.2076, 37.1765], [-122.208, 37.1765]], [[-122.207, 37.1763], [-122.2066, 37.1766], [-122.2066, 37.1763], [-122.207, 37.1763]], [[-122.2086, 37.1757], [-122.208, 37.176], [-122.208, 37.1757], [-122.2086, 37.1757]], [[-122.2137, 37.1748], [-122.2134, 37.1751], [-122.2133, 37.1748], [-122.2137, 37.1748]], [[-122.2106, 37.1746], [-122.2103, 37.1749], [-122.2103, 37.1746], [-122.2106, 37.1746]], [[-122.2133, 37.1737], [-122.213, 37.1743], [-122.213, 37.1737], [-122.2133, 37.1737]], [[-122.211, 37.1743], [-122.2103, 37.1735], [-122.2113, 37.173], [-122.2116, 37.1735], [-122.211, 37.1743]], [[-122.2126, 37.1735], [-122.2123, 37.1738], [-122.2123, 37.1735], [-122.2126, 37.1735]], [[-122.215, 37.1729], [-122.2147, 37.1732], [-122.2146, 37.1729], [-122.215, 37.1729]], [[-122.218, 37.1715], [-122.2173, 37.1718], [-122.2173, 37.1715], [-122.218, 37.1715]], [[-122.219, 37.1712], [-122.2187, 37.1715], [-122.2187, 37.1712], [-122.219, 37.1712]], [[-122.2159, 37.1704], [-122.2149, 37.1713], [-122.2153, 37.1705], [-122.2159, 37.1704]]], [[[-122.1919, 37.1709], [-122.1922, 37.169], [-122.1912, 37.169], [-122.1915, 37.1698], [-122.1909, 37.1701], [-122.1919, 37.1709]]], [[[-122.2889, 37.1677], [-122.2893, 37.1672], [-122.2876, 37.1672], [-122.2876, 37.1675], [-122.2889, 37.1677]]], [[[-122.1577, 37.1707], [-122.157, 37.1694], [-122.1563, 37.1694], [-122.156, 37.1699], [-122.1577, 37.1707]]], [[[-122.2984, 37.1673], [-122.2984, 37.1665], [-122.2977, 37.1665], [-122.2981, 37.167], [-122.2974, 37.1673], [-122.2984, 37.1673]]], [[[-122.2535, 37.1695], [-122.2541, 37.1689], [-122.2531, 37.1687], [-122.2534, 37.1676], [-122.2524, 37.1671], [-122.2514, 37.1682], [-122.2524, 37.1681], [-122.2524, 37.169], [-122.2535, 37.1695]]], [[[-122.2575, 37.1686], [-122.2575, 37.1678], [-122.2585, 37.168], [-122.2591, 37.1669], [-122.2581, 37.1675], [-122.2561, 37.167], [-122.2565, 37.1683], [-122.2575, 37.1686]]], [[[-122.1536, 37.1697], [-122.154, 37.1692], [-122.1529, 37.1689], [-122.1526, 37.1695], [-122.1536, 37.1697]]], [[[-122.1956, 37.17], [-122.1976, 37.1689], [-122.199, 37.1697], [-122.1993, 37.1681], [-122.1986, 37.1678], [-122.1986, 37.1681], [-122.1979, 37.1681], [-122.1973, 37.1689], [-122.1956, 37.1684], [-122.1962, 37.1687], [-122.1956, 37.17]], [[-122.1989, 37.1683], [-122.1986, 37.1686], [-122.1986, 37.1683], [-122.1989, 37.1683]], [[-122.1983, 37.1683], [-122.1979, 37.1686], [-122.1979, 37.1684], [-122.1983, 37.1683]]], [[[-122.1953, 37.1724], [-122.196, 37.1714], [-122.1953, 37.1714], [-122.1956, 37.1708], [-122.1943, 37.17], [-122.1946, 37.1692], [-122.1932, 37.1684], [-122.1939, 37.1679], [-122.1928, 37.1679], [-122.1922, 37.1687], [-122.1926, 37.1698], [-122.1929, 37.1698], [-122.1929, 37.1701], [-122.1939, 37.17], [-122.195, 37.1708], [-122.1953, 37.1724]], [[-122.1932, 37.1695], [-122.1929, 37.1698], [-122.1929, 37.1695], [-122.1932, 37.1695]], [[-122.1936, 37.1692], [-122.1932, 37.1695], [-122.1932, 37.1692], [-122.1936, 37.1692]]], [[[-122.223, 37.169], [-122.2247, 37.1687], [-122.2243, 37.1681], [-122.2257, 37.1676], [-122.2226, 37.1679], [-122.2229, 37.1673], [-122.2223, 37.1671], [-122.2213, 37.1682], [-122.223, 37.169]]], [[[-122.2328, 37.1685], [-122.2328, 37.1677], [-122.2355, 37.1674], [-122.2355, 37.1668], [-122.2331, 37.1663], [-122.2321, 37.1677], [-122.2321, 37.1685], [-122.2328, 37.1685]], [[-122.2338, 37.1669], [-122.2334, 37.1672], [-122.2334, 37.1669], [-122.2338, 37.1669]]], [[[-122.2508, 37.1693], [-122.2507, 37.1674], [-122.2514, 37.1674], [-122.251, 37.166], [-122.25, 37.1663], [-122.2503, 37.1668], [-122.25, 37.1682], [-122.2508, 37.1693]], [[-122.2507, 37.1666], [-122.2503, 37.1668], [-122.2503, 37.1666], [-122.2507, 37.1666]]], [[[-122.291, 37.1669], [-122.2912, 37.1655], [-122.2902, 37.1653], [-122.2899, 37.1661], [-122.2889, 37.1658], [-122.2889, 37.165], [-122.2875, 37.1656], [-122.2879, 37.1664], [-122.2892, 37.1661], [-122.2896, 37.1669], [-122.291, 37.1669]]], [[[-122.2513, 37.1663], [-122.2527, 37.1657], [-122.2513, 37.166], [-122.2513, 37.1663]]], [[[-122.2097, 37.1673], [-122.2091, 37.1671], [-122.2097, 37.1662], [-122.2087, 37.1665], [-122.208, 37.166], [-122.208, 37.1668], [-122.2097, 37.1673]]], [[[-122.2629, 37.1677], [-122.2645, 37.1658], [-122.2635, 37.1666], [-122.2615, 37.1666], [-122.2601, 37.1648], [-122.2598, 37.1658], [-122.2584, 37.1664], [-122.2585, 37.1669], [-122.2588, 37.1667], [-122.2598, 37.1667], [-122.2605, 37.1674], [-122.2619, 37.1672], [-122.2629, 37.1677]], [[-122.2601, 37.1661], [-122.2598, 37.1667], [-122.2598, 37.1661], [-122.2601, 37.1661]]], [[[-122.2513, 37.166], [-122.2513, 37.1652], [-122.2503, 37.1649], [-122.2503, 37.1655], [-122.2513, 37.166]]], [[[-122.1935, 37.1671], [-122.1931, 37.1663], [-122.1918, 37.1663], [-122.1928, 37.1671], [-122.1935, 37.1671]]], [[[-122.2039, 37.1755], [-122.2049, 37.1747], [-122.2035, 37.1739], [-122.2035, 37.1728], [-122.2045, 37.1731], [-122.2052, 37.1723], [-122.2062, 37.1722], [-122.2068, 37.1714], [-122.2082, 37.1722], [-122.2099, 37.1722], [-122.2105, 37.1711], [-122.2123, 37.1721], [-122.2135, 37.17], [-122.2105, 37.1708], [-122.2098, 37.17], [-122.2105, 37.17], [-122.2112, 37.1703], [-122.2118, 37.1686], [-122.2105, 37.1687], [-122.2104, 37.1681], [-122.207, 37.1671], [-122.2064, 37.1677], [-122.2029, 37.1658], [-122.2023, 37.1664], [-122.203, 37.1683], [-122.2027, 37.1691], [-122.2013, 37.1694], [-122.2017, 37.1713], [-122.2007, 37.1715], [-122.2018, 37.1718], [-122.2018, 37.1729], [-122.2032, 37.1739], [-122.2029, 37.175], [-122.2039, 37.1755]], [[-122.2035, 37.1728], [-122.2028, 37.1729], [-122.2028, 37.1723], [-122.2031, 37.1723], [-122.2035, 37.1728]], [[-122.2051, 37.172], [-122.2041, 37.172], [-122.2041, 37.1717], [-122.2051, 37.1712], [-122.2051, 37.172]], [[-122.2028, 37.172], [-122.2018, 37.1718], [-122.2021, 37.171], [-122.2024, 37.171], [-122.2028, 37.172]], [[-122.2095, 37.1714], [-122.2092, 37.1717], [-122.2092, 37.1714], [-122.2095, 37.1714]], [[-122.2065, 37.1712], [-122.2058, 37.1717], [-122.2058, 37.1714], [-122.2065, 37.1712]], [[-122.2041, 37.1717], [-122.2034, 37.1718], [-122.2031, 37.1712], [-122.2038, 37.1712], [-122.2041, 37.1717]], [[-122.2098, 37.1708], [-122.2095, 37.1714], [-122.2095, 37.1708], [-122.2098, 37.1708]], [[-122.2085, 37.1709], [-122.2082, 37.1711], [-122.2082, 37.1709], [-122.2085, 37.1709]], [[-122.2058, 37.1706], [-122.2055, 37.1712], [-122.2051, 37.1706], [-122.2058, 37.1706]], [[-122.2092, 37.1706], [-122.2088, 37.1708], [-122.2088, 37.1706], [-122.2092, 37.1706]], [[-122.2071, 37.1706], [-122.2065, 37.1709], [-122.2065, 37.1706], [-122.2071, 37.1706]], [[-122.2038, 37.1707], [-122.2034, 37.1709], [-122.2034, 37.1707], [-122.2038, 37.1707]], [[-122.2078, 37.1703], [-122.2075, 37.1706], [-122.2075, 37.1703], [-122.2078, 37.1703]], [[-122.2024, 37.1704], [-122.2021, 37.1707], [-122.2021, 37.1704], [-122.2024, 37.1704]], [[-122.2095, 37.1703], [-122.2078, 37.1703], [-122.2074, 37.1698], [-122.2081, 37.1695], [-122.2095, 37.1703]], [[-122.2105, 37.1692], [-122.2105, 37.17], [-122.2098, 37.1692], [-122.2105, 37.1692]], [[-122.2044, 37.1696], [-122.2041, 37.1699], [-122.2041, 37.1696], [-122.2044, 37.1696]], [[-122.2031, 37.1699], [-122.2024, 37.1699], [-122.2024, 37.1693], [-122.2027, 37.1693], [-122.2031, 37.1699]], [[-122.2057, 37.1693], [-122.2054, 37.1696], [-122.2054, 37.1693], [-122.2057, 37.1693]], [[-122.2037, 37.1693], [-122.2034, 37.1696], [-122.2034, 37.1693], [-122.2037, 37.1693]], [[-122.204, 37.1688], [-122.2037, 37.1691], [-122.2037, 37.1688], [-122.204, 37.1688]], [[-122.2101, 37.1684], [-122.2098, 37.1687], [-122.2098, 37.1684], [-122.2101, 37.1684]], [[-122.2094, 37.1684], [-122.2091, 37.1687], [-122.2091, 37.1684], [-122.2094, 37.1684]], [[-122.2044, 37.1685], [-122.204, 37.1688], [-122.204, 37.1685], [-122.2044, 37.1685]], [[-122.2098, 37.1681], [-122.2094, 37.1684], [-122.2094, 37.1681], [-122.2098, 37.1681]], [[-122.204, 37.1682], [-122.2037, 37.1685], [-122.2037, 37.1682], [-122.204, 37.1682]], [[-122.2043, 37.1677], [-122.204, 37.1682], [-122.204, 37.1677], [-122.2043, 37.1677]], [[-122.2043, 37.1666], [-122.204, 37.1669], [-122.204, 37.1666], [-122.2043, 37.1666]]], [[[-122.2568, 37.1667], [-122.2571, 37.1654], [-122.2557, 37.1646], [-122.2561, 37.1659], [-122.2554, 37.1665], [-122.2568, 37.1667]]], [[[-122.1529, 37.1681], [-122.1505, 37.1663], [-122.1495, 37.1663], [-122.1502, 37.1673], [-122.1529, 37.1681]]], [[[-122.1959, 37.1681], [-122.1959, 37.1676], [-122.1969, 37.1678], [-122.1965, 37.1668], [-122.1945, 37.1665], [-122.1948, 37.1654], [-122.1941, 37.1655], [-122.1935, 37.1668], [-122.1945, 37.1671], [-122.1945, 37.1681], [-122.1959, 37.1681]], [[-122.1955, 37.1673], [-122.1949, 37.1676], [-122.1949, 37.1673], [-122.1955, 37.1673]]], [[[-122.2269, 37.1654], [-122.2276, 37.1648], [-122.2249, 37.1649], [-122.2249, 37.1652], [-122.2269, 37.1654]]], [[[-122.2067, 37.1668], [-122.207, 37.166], [-122.208, 37.166], [-122.2083, 37.1652], [-122.2066, 37.165], [-122.2073, 37.1655], [-122.2063, 37.1655], [-122.206, 37.1666], [-122.2067, 37.1668]]], [[[-122.2553, 37.164], [-122.2553, 37.1632], [-122.2533, 37.1635], [-122.2536, 37.1641], [-122.2553, 37.164]]], [[[-122.2333, 37.1645], [-122.2327, 37.1639], [-122.2313, 37.1642], [-122.2313, 37.1637], [-122.2306, 37.1642], [-122.2333, 37.1645]]], [[[-122.1989, 37.1651], [-122.1981, 37.164], [-122.1975, 37.164], [-122.1978, 37.1651], [-122.1989, 37.1651]]], [[[-122.2046, 37.1658], [-122.2056, 37.1644], [-122.2056, 37.1639], [-122.2049, 37.1639], [-122.2049, 37.1647], [-122.2039, 37.1645], [-122.2046, 37.1658]]], [[[-122.2009, 37.1648], [-122.2005, 37.1637], [-122.2002, 37.1637], [-122.1998, 37.1643], [-122.2009, 37.1648]]], [[[-122.2486, 37.1642], [-122.2489, 37.1625], [-122.2485, 37.1625], [-122.2486, 37.1642]]], [[[-122.1802, 37.1646], [-122.1802, 37.1638], [-122.1792, 37.1638], [-122.1792, 37.1641], [-122.1802, 37.1646]]], [[[-122.1826, 37.1654], [-122.1829, 37.1643], [-122.1815, 37.1635], [-122.1816, 37.1654], [-122.1826, 37.1654]]], [[[-122.2729, 37.1626], [-122.2739, 37.1618], [-122.2729, 37.1615], [-122.2729, 37.1626]]], [[[-122.1995, 37.164], [-122.1998, 37.1635], [-122.1988, 37.1635], [-122.1995, 37.1627], [-122.1981, 37.1621], [-122.1978, 37.163], [-122.1995, 37.164]]], [[[-122.1924, 37.1641], [-122.1924, 37.1628], [-122.1913, 37.1623], [-122.1917, 37.1636], [-122.191, 37.1639], [-122.1924, 37.1641]]], [[[-122.1849, 37.1637], [-122.1852, 37.1626], [-122.1842, 37.1624], [-122.1839, 37.1635], [-122.1849, 37.1637]]], [[[-122.214, 37.1629], [-122.2147, 37.1616], [-122.2137, 37.1624], [-122.2133, 37.1613], [-122.2126, 37.1613], [-122.2123, 37.1619], [-122.214, 37.1629]]], [[[-122.2202, 37.1669], [-122.2202, 37.1663], [-122.2216, 37.1666], [-122.2222, 37.1657], [-122.2198, 37.165], [-122.2198, 37.1639], [-122.2174, 37.1639], [-122.2171, 37.1645], [-122.2171, 37.1637], [-122.2161, 37.1634], [-122.2181, 37.1631], [-122.2181, 37.162], [-122.2167, 37.1621], [-122.2167, 37.1613], [-122.2153, 37.161], [-122.215, 37.1621], [-122.2164, 37.1626], [-122.2157, 37.164], [-122.2168, 37.1645], [-122.2161, 37.1656], [-122.2202, 37.1669]], [[-122.2212, 37.1658], [-122.2205, 37.166], [-122.2205, 37.1658], [-122.2212, 37.1658]], [[-122.2205, 37.1652], [-122.2202, 37.1655], [-122.2202, 37.1652], [-122.2205, 37.1652]], [[-122.2198, 37.1652], [-122.2188, 37.1655], [-122.2188, 37.1653], [-122.2198, 37.1652]], [[-122.2185, 37.1653], [-122.2182, 37.1655], [-122.2181, 37.1653], [-122.2185, 37.1653]], [[-122.2178, 37.165], [-122.2171, 37.1656], [-122.2168, 37.165], [-122.2178, 37.165]], [[-122.2185, 37.1645], [-122.2181, 37.1647], [-122.2181, 37.1645], [-122.2185, 37.1645]], [[-122.2177, 37.1626], [-122.2174, 37.1629], [-122.2174, 37.1626], [-122.2177, 37.1626]]], [[[-122.2486, 37.1871], [-122.2479, 37.1858], [-122.2462, 37.1855], [-122.2478, 37.1842], [-122.2468, 37.1839], [-122.2471, 37.1828], [-122.2464, 37.1826], [-122.2484, 37.1825], [-122.2484, 37.1814], [-122.2494, 37.1822], [-122.2504, 37.1806], [-122.2518, 37.1808], [-122.25, 37.1787], [-122.251, 37.1782], [-122.2483, 37.1779], [-122.2479, 37.1769], [-122.2469, 37.1772], [-122.2465, 37.1758], [-122.2472, 37.1755], [-122.2465, 37.175], [-122.2475, 37.175], [-122.2468, 37.1742], [-122.2442, 37.175], [-122.2441, 37.1745], [-122.2428, 37.1748], [-122.2431, 37.1743], [-122.2414, 37.1746], [-122.2407, 37.174], [-122.2408, 37.1754], [-122.2425, 37.1748], [-122.2422, 37.1767], [-122.2415, 37.177], [-122.2405, 37.1762], [-122.2408, 37.1757], [-122.2384, 37.176], [-122.2397, 37.1743], [-122.2387, 37.1741], [-122.2394, 37.1738], [-122.239, 37.1727], [-122.2404, 37.1727], [-122.2414, 37.1719], [-122.2414, 37.1724], [-122.2424, 37.1727], [-122.2424, 37.1737], [-122.2434, 37.1737], [-122.2448, 37.1726], [-122.2447, 37.1721], [-122.2431, 37.1721], [-122.2434, 37.1716], [-122.2447, 37.1713], [-122.2454, 37.1721], [-122.2471, 37.1715], [-122.2467, 37.1701], [-122.2453, 37.1696], [-122.2467, 37.1685], [-122.2462, 37.1629], [-122.2438, 37.1621], [-122.2414, 37.1621], [-122.2414, 37.1627], [-122.2401, 37.1622], [-122.2391, 37.1633], [-122.2387, 37.1627], [-122.2374, 37.1633], [-122.2373, 37.1617], [-122.2363, 37.1617], [-122.2353, 37.1606], [-122.2343, 37.1612], [-122.2353, 37.1612], [-122.2363, 37.1622], [-122.235, 37.1623], [-122.2357, 37.1631], [-122.2343, 37.1631], [-122.234, 37.162], [-122.2323, 37.162], [-122.2315, 37.1607], [-122.2299, 37.1621], [-122.2319, 37.1629], [-122.2316, 37.1639], [-122.2326, 37.1637], [-122.2337, 37.1642], [-122.2347, 37.1658], [-122.2341, 37.1663], [-122.2354, 37.166], [-122.2358, 37.1671], [-122.2385, 37.1668], [-122.2385, 37.1673], [-122.2372, 37.1676], [-122.2368, 37.1682], [-122.2355, 37.1677], [-122.2341, 37.1677], [-122.2335, 37.168], [-122.2338, 37.169], [-122.2308, 37.1691], [-122.2301, 37.168], [-122.2287, 37.168], [-122.2297, 37.1672], [-122.229, 37.1653], [-122.228, 37.1659], [-122.2269, 37.1654], [-122.2266, 37.1662], [-122.2273, 37.1667], [-122.226, 37.167], [-122.2267, 37.1673], [-122.2263, 37.1678], [-122.227, 37.1678], [-122.227, 37.1681], [-122.226, 37.1684], [-122.2257, 37.1678], [-122.225, 37.1687], [-122.2264, 37.1689], [-122.2274, 37.1705], [-122.2291, 37.1705], [-122.2292, 37.1713], [-122.2281, 37.171], [-122.2292, 37.1726], [-122.2285, 37.1726], [-122.2279, 37.1737], [-122.2289, 37.1737], [-122.2289, 37.1743], [-122.2306, 37.1737], [-122.2303, 37.1764], [-122.2313, 37.1769], [-122.231, 37.1775], [-122.2324, 37.1774], [-122.2317, 37.1783], [-122.2304, 37.178], [-122.23, 37.1786], [-122.2321, 37.1799], [-122.2341, 37.179], [-122.2342, 37.1812], [-122.2352, 37.1812], [-122.2359, 37.182], [-122.2362, 37.1806], [-122.2355, 37.1806], [-122.2348, 37.1785], [-122.2361, 37.1774], [-122.2351, 37.1768], [-122.2354, 37.1755], [-122.2364, 37.1755], [-122.2368, 37.1765], [-122.2374, 37.1765], [-122.2368, 37.1776], [-122.2378, 37.1787], [-122.2372, 37.179], [-122.2379, 37.1808], [-122.2409, 37.1802], [-122.2406, 37.1811], [-122.242, 37.1816], [-122.2424, 37.1834], [-122.2437, 37.1837], [-122.2438, 37.1842], [-122.2458, 37.1842], [-122.2452, 37.1864], [-122.2472, 37.1863], [-122.2469, 37.1869], [-122.2486, 37.1871]], [[-122.2461, 37.1847], [-122.2458, 37.185], [-122.2458, 37.1847], [-122.2461, 37.1847]], [[-122.2451, 37.1837], [-122.2448, 37.1839], [-122.2447, 37.1837], [-122.2451, 37.1837]], [[-122.2471, 37.1823], [-122.2464, 37.1823], [-122.2464, 37.1812], [-122.2471, 37.1815], [-122.2471, 37.1823]], [[-122.2443, 37.1815], [-122.244, 37.1818], [-122.244, 37.1815], [-122.2443, 37.1815]], [[-122.2437, 37.1815], [-122.2433, 37.1818], [-122.2433, 37.1815], [-122.2437, 37.1815]], [[-122.2433, 37.1807], [-122.243, 37.1813], [-122.243, 37.1807], [-122.2433, 37.1807]], [[-122.2467, 37.1809], [-122.246, 37.1804], [-122.2447, 37.181], [-122.2446, 37.1802], [-122.2433, 37.1805], [-122.2429, 37.1799], [-122.2433, 37.1788], [-122.2436, 37.1794], [-122.2453, 37.1793], [-122.2439, 37.1788], [-122.2439, 37.178], [-122.2456, 37.1783], [-122.2456, 37.1769], [-122.2466, 37.1769], [-122.2466, 37.1777], [-122.248, 37.1777], [-122.246, 37.1785], [-122.246, 37.1793], [-122.247, 37.1796], [-122.2463, 37.1799], [-122.247, 37.1801], [-122.2467, 37.1809]], [[-122.2412, 37.1783], [-122.2409, 37.1789], [-122.2409, 37.1783], [-122.2412, 37.1783]], [[-122.2497, 37.1782], [-122.2493, 37.1785], [-122.2493, 37.1782], [-122.2497, 37.1782]], [[-122.2476, 37.1782], [-122.247, 37.1785], [-122.247, 37.1782], [-122.2476, 37.1782]], [[-122.2419, 37.1783], [-122.2412, 37.1783], [-122.2415, 37.177], [-122.2418, 37.177], [-122.2419, 37.1783]], [[-122.2327, 37.1777], [-122.2324, 37.178], [-122.2324, 37.1777], [-122.2327, 37.1777]], [[-122.2324, 37.1769], [-122.232, 37.1772], [-122.232, 37.1769], [-122.2324, 37.1769]], [[-122.2449, 37.1764], [-122.2445, 37.1767], [-122.2445, 37.1764], [-122.2449, 37.1764]], [[-122.2432, 37.1759], [-122.2425, 37.1767], [-122.2425, 37.1759], [-122.2432, 37.1759]], [[-122.2455, 37.1758], [-122.2449, 37.1761], [-122.2449, 37.1758], [-122.2455, 37.1758]], [[-122.2344, 37.1763], [-122.2333, 37.1755], [-122.2316, 37.1756], [-122.2326, 37.1736], [-122.2343, 37.1739], [-122.2337, 37.1747], [-122.2343, 37.175], [-122.2344, 37.1763]], [[-122.2334, 37.1761], [-122.2327, 37.1763], [-122.2327, 37.1761], [-122.2334, 37.1761]], [[-122.236, 37.1749], [-122.2347, 37.1741], [-122.235, 37.1731], [-122.2363, 37.1738], [-122.236, 37.1749]], [[-122.2319, 37.1742], [-122.2313, 37.1745], [-122.2313, 37.1742], [-122.2319, 37.1742]], [[-122.2292, 37.1734], [-122.2285, 37.1735], [-122.2285, 37.1729], [-122.2289, 37.1729], [-122.2292, 37.1734]], [[-122.2336, 37.1728], [-122.2333, 37.1731], [-122.2333, 37.1728], [-122.2336, 37.1728]], [[-122.2322, 37.1728], [-122.2319, 37.1731], [-122.2319, 37.1728], [-122.2322, 37.1728]], [[-122.2322, 37.1723], [-122.2309, 37.1731], [-122.2302, 37.1718], [-122.2304, 37.1694], [-122.2311, 37.1699], [-122.2318, 37.1693], [-122.2338, 37.1698], [-122.2332, 37.1723], [-122.2322, 37.1723]], [[-122.2356, 37.1728], [-122.2343, 37.1725], [-122.2353, 37.1717], [-122.2345, 37.1706], [-122.2356, 37.1706], [-122.2355, 37.1698], [-122.2362, 37.1698], [-122.2366, 37.1722], [-122.2356, 37.1728]], [[-122.2305, 37.1726], [-122.2302, 37.1729], [-122.2302, 37.1726], [-122.2305, 37.1726]], [[-122.2431, 37.1721], [-122.242, 37.1724], [-122.242, 37.1721], [-122.2431, 37.1721]], [[-122.24, 37.1722], [-122.2397, 37.1724], [-122.2397, 37.1722], [-122.24, 37.1722]], [[-122.2403, 37.1719], [-122.24, 37.1722], [-122.24, 37.1719], [-122.2403, 37.1719]], [[-122.24, 37.1716], [-122.2397, 37.1719], [-122.2397, 37.1716], [-122.24, 37.1716]], [[-122.2393, 37.1711], [-122.2376, 37.1717], [-122.2376, 37.1709], [-122.2386, 37.1703], [-122.2393, 37.1703], [-122.2393, 37.1711]], [[-122.2339, 37.1715], [-122.2336, 37.1717], [-122.2336, 37.1715], [-122.2339, 37.1715]], [[-122.2461, 37.1707], [-122.2457, 37.171], [-122.2457, 37.1707], [-122.2461, 37.1707]], [[-122.2396, 37.17], [-122.2393, 37.1703], [-122.2393, 37.17], [-122.2396, 37.17]], [[-122.2453, 37.1688], [-122.2447, 37.1694], [-122.2443, 37.1688], [-122.2453, 37.1688]], [[-122.2403, 37.1692], [-122.2389, 37.1687], [-122.2389, 37.1681], [-122.2399, 37.1678], [-122.2403, 37.1692]], [[-122.2436, 37.1688], [-122.2423, 37.1686], [-122.2423, 37.1681], [-122.2426, 37.1681], [-122.2426, 37.1678], [-122.2429, 37.1678], [-122.2436, 37.1688]], [[-122.2386, 37.1689], [-122.2375, 37.169], [-122.2372, 37.1684], [-122.2382, 37.1679], [-122.2386, 37.1689]], [[-122.2443, 37.168], [-122.244, 37.1686], [-122.2436, 37.168], [-122.2443, 37.168]], [[-122.2294, 37.1686], [-122.2291, 37.1689], [-122.2291, 37.1686], [-122.2294, 37.1686]], [[-122.2463, 37.1677], [-122.246, 37.168], [-122.246, 37.1677], [-122.2463, 37.1677]], [[-122.2406, 37.1678], [-122.2402, 37.1681], [-122.2402, 37.1678], [-122.2406, 37.1678]], [[-122.2375, 37.1679], [-122.2372, 37.1682], [-122.2372, 37.1679], [-122.2375, 37.1679]], [[-122.2355, 37.1679], [-122.2352, 37.1682], [-122.2351, 37.1679], [-122.2355, 37.1679]], [[-122.2439, 37.1678], [-122.2429, 37.1678], [-122.2426, 37.1672], [-122.2439, 37.167], [-122.2439, 37.1678]], [[-122.2273, 37.1675], [-122.227, 37.1678], [-122.227, 37.1675], [-122.2273, 37.1675]], [[-122.2399, 37.1673], [-122.2381, 37.1665], [-122.2381, 37.1649], [-122.2364, 37.1636], [-122.2374, 37.1636], [-122.2381, 37.1646], [-122.2381, 37.1633], [-122.2394, 37.1638], [-122.2388, 37.1646], [-122.2394, 37.1643], [-122.2399, 37.1673]], [[-122.2277, 37.1673], [-122.2273, 37.1675], [-122.2273, 37.1673], [-122.2277, 37.1673]], [[-122.2432, 37.1667], [-122.2429, 37.167], [-122.2429, 37.1667], [-122.2432, 37.1667]], [[-122.2419, 37.1667], [-122.2415, 37.167], [-122.2415, 37.1667], [-122.2419, 37.1667]], [[-122.2287, 37.1672], [-122.228, 37.1673], [-122.2273, 37.1667], [-122.2283, 37.1667], [-122.2287, 37.1672]], [[-122.2446, 37.1664], [-122.2442, 37.1667], [-122.2442, 37.1664], [-122.2446, 37.1664]], [[-122.2429, 37.1664], [-122.2422, 37.1667], [-122.2422, 37.1664], [-122.2429, 37.1664]], [[-122.2442, 37.1661], [-122.2439, 37.1664], [-122.2439, 37.1661], [-122.2442, 37.1661]], [[-122.2425, 37.1654], [-122.2415, 37.1662], [-122.2412, 37.1654], [-122.2425, 37.1654]], [[-122.2432, 37.1651], [-122.2429, 37.1654], [-122.2428, 37.1651], [-122.2432, 37.1651]], [[-122.2428, 37.1648], [-122.2425, 37.1651], [-122.2425, 37.1648], [-122.2428, 37.1648]], [[-122.2361, 37.1647], [-122.2357, 37.1649], [-122.2357, 37.1647], [-122.2361, 37.1647]], [[-122.2347, 37.1633], [-122.2343, 37.1636], [-122.2343, 37.1634], [-122.2347, 37.1633]], [[-122.2326, 37.1628], [-122.2323, 37.1634], [-122.2323, 37.1629], [-122.2326, 37.1628]], [[-122.2367, 37.1622], [-122.2363, 37.1625], [-122.2363, 37.1622], [-122.2367, 37.1622]], [[-122.2319, 37.1618], [-122.2316, 37.1621], [-122.2316, 37.1618], [-122.2319, 37.1618]]], [[[-122.1488, 37.1657], [-122.1488, 37.1649], [-122.1474, 37.1647], [-122.1477, 37.1625], [-122.147, 37.1623], [-122.147, 37.1631], [-122.1457, 37.1634], [-122.1457, 37.1639], [-122.1467, 37.1639], [-122.1471, 37.1658], [-122.1478, 37.1652], [-122.1488, 37.1657]], [[-122.147, 37.1636], [-122.1467, 37.1639], [-122.1467, 37.1636], [-122.147, 37.1636]]], [[[-122.2187, 37.1618], [-122.219, 37.1609], [-122.2174, 37.1615], [-122.2174, 37.1618], [-122.2187, 37.1618]]], [[[-122.2238, 37.1636], [-122.2238, 37.1625], [-122.2248, 37.1622], [-122.2248, 37.1614], [-122.2234, 37.1606], [-122.2228, 37.1617], [-122.2235, 37.1617], [-122.2232, 37.1636], [-122.2238, 37.1636]], [[-122.2245, 37.1619], [-122.2241, 37.1622], [-122.2241, 37.1619], [-122.2245, 37.1619]], [[-122.2241, 37.1617], [-122.2238, 37.1619], [-122.2238, 37.1617], [-122.2241, 37.1617]]], [[[-122.2289, 37.1616], [-122.2288, 37.161], [-122.2292, 37.1605], [-122.2278, 37.161], [-122.2289, 37.1616]]], [[[-122.3222, 37.1603], [-122.3215, 37.1584], [-122.3208, 37.1585], [-122.3205, 37.1598], [-122.3212, 37.1598], [-122.3222, 37.1603]], [[-122.3215, 37.1595], [-122.3212, 37.1598], [-122.3212, 37.1595], [-122.3215, 37.1595]]], [[[-122.1933, 37.162], [-122.1923, 37.1609], [-122.1916, 37.1612], [-122.192, 37.162], [-122.1933, 37.162]]], [[[-122.2322, 37.1604], [-122.2336, 37.1607], [-122.2332, 37.1601], [-122.2322, 37.1604]]], [[[-122.2148, 37.1664], [-122.2154, 37.1648], [-122.2147, 37.164], [-122.213, 37.164], [-122.2137, 37.1648], [-122.2124, 37.1646], [-122.2116, 37.163], [-122.2126, 37.1624], [-122.2123, 37.1619], [-122.2099, 37.1619], [-122.2103, 37.1633], [-122.2096, 37.1635], [-122.2093, 37.1625], [-122.2066, 37.1625], [-122.2065, 37.162], [-122.2086, 37.1619], [-122.2079, 37.1614], [-122.2055, 37.162], [-122.2045, 37.1607], [-122.2011, 37.161], [-122.1997, 37.1605], [-122.1987, 37.161], [-122.1998, 37.1624], [-122.2004, 37.1618], [-122.2022, 37.1629], [-122.2042, 37.1623], [-122.2035, 37.1631], [-122.2046, 37.1639], [-122.2049, 37.1636], [-122.2063, 37.1639], [-122.207, 37.1647], [-122.209, 37.1646], [-122.2087, 37.1657], [-122.209, 37.1657], [-122.2093, 37.1652], [-122.21, 37.1652], [-122.21, 37.1649], [-122.2104, 37.1649], [-122.2103, 37.1646], [-122.2107, 37.1646], [-122.2104, 37.1654], [-122.2148, 37.1664]], [[-122.2144, 37.1648], [-122.2137, 37.1651], [-122.2137, 37.1648], [-122.2144, 37.1648]], [[-122.211, 37.1643], [-122.2107, 37.1646], [-122.2107, 37.1643], [-122.211, 37.1643]], [[-122.2103, 37.1641], [-122.21, 37.1646], [-122.2097, 37.1641], [-122.2103, 37.1641]], [[-122.212, 37.164], [-122.2117, 37.1643], [-122.2117, 37.164], [-122.212, 37.164]], [[-122.211, 37.1635], [-122.2103, 37.1641], [-122.2103, 37.1638], [-122.211, 37.1635]], [[-122.2106, 37.1624], [-122.2103, 37.1627], [-122.2103, 37.1625], [-122.2106, 37.1624]], [[-122.2045, 37.1615], [-122.2035, 37.1618], [-122.2035, 37.1615], [-122.2045, 37.1615]]], [[[-122.313, 37.1586], [-122.313, 37.1581], [-122.312, 37.1575], [-122.312, 37.1586], [-122.313, 37.1586]]], [[[-122.2018, 37.1605], [-122.2014, 37.1599], [-122.2021, 37.1596], [-122.2014, 37.1594], [-122.2007, 37.1602], [-122.2018, 37.1605]]], [[[-122.1436, 37.1604], [-122.1449, 37.1607], [-122.1446, 37.1601], [-122.1436, 37.1604]]], [[[-122.3174, 37.158], [-122.3174, 37.1574], [-122.3164, 37.1567], [-122.316, 37.1575], [-122.3174, 37.158]]], [[[-122.2027, 37.1591], [-122.2038, 37.1596], [-122.2037, 37.1588], [-122.2027, 37.1591]]], [[[-122.3141, 37.1594], [-122.314, 37.1586], [-122.3147, 37.1586], [-122.3147, 37.1583], [-122.3151, 37.1583], [-122.3154, 37.1588], [-122.3164, 37.1577], [-122.3161, 37.1577], [-122.3154, 37.1569], [-122.3133, 37.1567], [-122.3134, 37.1581], [-122.314, 37.158], [-122.3134, 37.1594], [-122.3141, 37.1594]], [[-122.3154, 37.158], [-122.3151, 37.1583], [-122.315, 37.158], [-122.3154, 37.158]], [[-122.314, 37.157], [-122.3137, 37.1575], [-122.3137, 37.157], [-122.314, 37.157]]], [[[-122.1977, 37.1597], [-122.2, 37.1589], [-122.2, 37.1583], [-122.1977, 37.1592], [-122.1977, 37.1597]]], [[[-122.1906, 37.1617], [-122.1902, 37.159], [-122.1915, 37.1582], [-122.1929, 37.159], [-122.1929, 37.1579], [-122.1892, 37.1583], [-122.1896, 37.1609], [-122.1906, 37.1617]], [[-122.1902, 37.1585], [-122.1899, 37.1588], [-122.1899, 37.1585], [-122.1902, 37.1585]]], [[[-122.1862, 37.1602], [-122.1861, 37.1586], [-122.1851, 37.1589], [-122.1841, 37.1581], [-122.1845, 37.1594], [-122.1858, 37.1594], [-122.1852, 37.1599], [-122.1862, 37.1602]]], [[[-122.2731, 37.1572], [-122.2741, 37.1564], [-122.273, 37.1559], [-122.2731, 37.1572]]], [[[-122.2162, 37.1578], [-122.2165, 37.1569], [-122.2159, 37.1564], [-122.2152, 37.1572], [-122.2162, 37.1578]]], [[[-122.1875, 37.1583], [-122.1878, 37.1569], [-122.1868, 37.1569], [-122.1865, 37.158], [-122.1875, 37.1583]]], [[[-122.2653, 37.1566], [-122.2663, 37.1557], [-122.2656, 37.1555], [-122.2653, 37.1566]]], [[[-122.1983, 37.1573], [-122.2, 37.1567], [-122.1983, 37.157], [-122.1983, 37.1573]]], [[[-122.3167, 37.1553], [-122.3177, 37.1547], [-122.3183, 37.155], [-122.318, 37.1542], [-122.3166, 37.1545], [-122.3167, 37.1553]]], [[[-122.1922, 37.1574], [-122.1935, 37.1571], [-122.1932, 37.1566], [-122.1922, 37.1574]]], [[[-122.2118, 37.1568], [-122.2125, 37.1565], [-122.2125, 37.1559], [-122.2115, 37.1562], [-122.2118, 37.1568]]], [[[-122.2109, 37.1614], [-122.2126, 37.1613], [-122.2119, 37.1605], [-122.2126, 37.16], [-122.2136, 37.1602], [-122.2132, 37.1589], [-122.2129, 37.1584], [-122.2112, 37.1587], [-122.2118, 37.1581], [-122.2108, 37.1581], [-122.2108, 37.1587], [-122.2088, 37.1584], [-122.2091, 37.1571], [-122.2105, 37.1571], [-122.2101, 37.1557], [-122.2091, 37.1557], [-122.2078, 37.1574], [-122.2081, 37.1584], [-122.2102, 37.1595], [-122.2095, 37.16], [-122.2092, 37.1598], [-122.2068, 37.1601], [-122.2099, 37.1617], [-122.2096, 37.1608], [-122.2109, 37.1603], [-122.2112, 37.1592], [-122.2116, 37.1605], [-122.2109, 37.1614]], [[-122.2096, 37.1608], [-122.2085, 37.1609], [-122.2085, 37.1603], [-122.2095, 37.1603], [-122.2096, 37.1608]], [[-122.2129, 37.1594], [-122.2126, 37.1597], [-122.2126, 37.1594], [-122.2129, 37.1594]], [[-122.2125, 37.1589], [-122.2122, 37.1592], [-122.2122, 37.1589], [-122.2125, 37.1589]], [[-122.2091, 37.1565], [-122.2088, 37.1568], [-122.2088, 37.1565], [-122.2091, 37.1565]]], [[[-122.1952, 37.1568], [-122.1952, 37.1563], [-122.1939, 37.156], [-122.1939, 37.1568], [-122.1952, 37.1568]]], [[[-122.3193, 37.1544], [-122.3196, 37.1536], [-122.3186, 37.1536], [-122.3183, 37.1545], [-122.3193, 37.1544]]], [[[-122.2104, 37.1565], [-122.2114, 37.1557], [-122.2104, 37.1557], [-122.2104, 37.1565]]], [[[-122.2145, 37.1575], [-122.2145, 37.1567], [-122.2135, 37.1565], [-122.2145, 37.1559], [-122.2131, 37.1551], [-122.2125, 37.157], [-122.2138, 37.1567], [-122.2142, 37.1573], [-122.2135, 37.1575], [-122.2145, 37.1575]]], [[[-122.2206, 37.155], [-122.2212, 37.1552], [-122.2222, 37.1549], [-122.2206, 37.155]]], [[[-122.2365, 37.1552], [-122.2364, 37.1544], [-122.2368, 37.1541], [-122.2354, 37.1547], [-122.2354, 37.1552], [-122.2365, 37.1552]]], [[[-122.1979, 37.1554], [-122.202, 37.1559], [-122.202, 37.1553], [-122.1979, 37.1546], [-122.1979, 37.1554]]], [[[-122.1983, 37.1567], [-122.1986, 37.1559], [-122.1976, 37.1562], [-122.1969, 37.1546], [-122.1955, 37.1541], [-122.1955, 37.1557], [-122.1969, 37.1557], [-122.1969, 37.1562], [-122.1983, 37.1567]]], [[[-122.1867, 37.1548], [-122.1877, 37.1542], [-122.1863, 37.154], [-122.1867, 37.1548]]], [[[-122.1935, 37.1549], [-122.1931, 37.1541], [-122.1921, 37.1544], [-122.1921, 37.1539], [-122.1911, 37.1542], [-122.1907, 37.1536], [-122.1904, 37.155], [-122.1914, 37.1544], [-122.1935, 37.1549]]], [[[-122.317, 37.1542], [-122.3166, 37.1531], [-122.318, 37.1539], [-122.3186, 37.1536], [-122.3169, 37.1518], [-122.3179, 37.1518], [-122.3183, 37.1528], [-122.3192, 37.1509], [-122.3186, 37.1518], [-122.3155, 37.1515], [-122.3156, 37.1537], [-122.317, 37.1542]], [[-122.3163, 37.1531], [-122.3159, 37.1534], [-122.3159, 37.1532], [-122.3163, 37.1531]], [[-122.3166, 37.1523], [-122.3162, 37.1526], [-122.3162, 37.1523], [-122.3166, 37.1523]], [[-122.3165, 37.1518], [-122.3162, 37.1521], [-122.3162, 37.1518], [-122.3165, 37.1518]]], [[[-122.186, 37.1543], [-122.1863, 37.1537], [-122.1853, 37.1535], [-122.185, 37.154], [-122.186, 37.1543]]], [[[-122.1965, 37.1538], [-122.1972, 37.1532], [-122.1951, 37.1533], [-122.1951, 37.1536], [-122.1965, 37.1538]]], [[[-122.1799, 37.1541], [-122.1813, 37.1538], [-122.1813, 37.1533], [-122.1799, 37.1533], [-122.1799, 37.1541]]], [[[-122.1836, 37.154], [-122.1833, 37.1532], [-122.1826, 37.153], [-122.183, 37.1541], [-122.1836, 37.154]]], [[[-122.1941, 37.1538], [-122.1948, 37.1533], [-122.1948, 37.1525], [-122.1937, 37.1525], [-122.1941, 37.1538]]], [[[-122.3067, 37.1504], [-122.3074, 37.1498], [-122.3073, 37.1493], [-122.3063, 37.1498], [-122.3067, 37.1504]]], [[[-122.208, 37.1528], [-122.2083, 37.1512], [-122.2072, 37.1509], [-122.2073, 37.1517], [-122.2063, 37.152], [-122.208, 37.1528]]], [[[-122.2452, 37.1521], [-122.2461, 37.1504], [-122.2458, 37.1496], [-122.2434, 37.1505], [-122.2438, 37.1518], [-122.2452, 37.1521]], [[-122.2451, 37.1507], [-122.2448, 37.1513], [-122.2448, 37.1507], [-122.2451, 37.1507]], [[-122.2455, 37.1505], [-122.2451, 37.1507], [-122.2451, 37.1505], [-122.2455, 37.1505]]], [[[-122.2282, 37.1508], [-122.2282, 37.1502], [-122.2275, 37.15], [-122.2272, 37.1508], [-122.2282, 37.1508]]], [[[-122.2289, 37.1502], [-122.2288, 37.1494], [-122.2278, 37.1492], [-122.2275, 37.1497], [-122.2289, 37.1502]]], [[[-122.1923, 37.1509], [-122.193, 37.1506], [-122.1927, 37.1498], [-122.192, 37.1504], [-122.1923, 37.1509]]], [[[-122.1971, 37.1506], [-122.1977, 37.15], [-122.1954, 37.15], [-122.1954, 37.1503], [-122.1971, 37.1506]]], [[[-122.3039, 37.1483], [-122.3036, 37.1475], [-122.3022, 37.1475], [-122.3022, 37.1477], [-122.3039, 37.1483]]], [[[-122.2074, 37.156], [-122.208, 37.1547], [-122.2067, 37.1547], [-122.2063, 37.1539], [-122.2046, 37.1542], [-122.2046, 37.1534], [-122.2019, 37.1521], [-122.2032, 37.1518], [-122.2028, 37.1513], [-122.2042, 37.1512], [-122.2039, 37.1523], [-122.2043, 37.1531], [-122.2049, 37.1531], [-122.2046, 37.152], [-122.2052, 37.1512], [-122.2039, 37.151], [-122.2038, 37.1504], [-122.2011, 37.1502], [-122.2011, 37.1497], [-122.2001, 37.1494], [-122.1981, 37.1511], [-122.1988, 37.1521], [-122.1974, 37.1516], [-122.1982, 37.153], [-122.1992, 37.1524], [-122.2013, 37.1548], [-122.2019, 37.154], [-122.2047, 37.1561], [-122.2074, 37.156]], [[-122.2016, 37.1537], [-122.2012, 37.154], [-122.2012, 37.1537], [-122.2016, 37.1537]], [[-122.2015, 37.1524], [-122.2001, 37.1513], [-122.1995, 37.1516], [-122.1995, 37.1508], [-122.2015, 37.151], [-122.2018, 37.1515], [-122.2015, 37.1524]], [[-122.2025, 37.1513], [-122.2018, 37.1515], [-122.2018, 37.1513], [-122.2025, 37.1513]], [[-122.2018, 37.1505], [-122.2015, 37.1507], [-122.2015, 37.1505], [-122.2018, 37.1505]], [[-122.2008, 37.1497], [-122.2004, 37.1499], [-122.2004, 37.1497], [-122.2008, 37.1497]]], [[[-122.1852, 37.151], [-122.1855, 37.1491], [-122.1849, 37.15], [-122.1828, 37.1495], [-122.1832, 37.1511], [-122.1852, 37.151]]], [[[-122.3107, 37.1476], [-122.3117, 37.1468], [-122.311, 37.1462], [-122.3107, 37.1476]]], [[[-122.1899, 37.1496], [-122.1899, 37.1485], [-122.1889, 37.1483], [-122.1886, 37.1494], [-122.1893, 37.1493], [-122.1899, 37.1496]], [[-122.1896, 37.1491], [-122.1893, 37.1493], [-122.1893, 37.1491], [-122.1896, 37.1491]]], [[[-122.1822, 37.1503], [-122.1828, 37.1492], [-122.1838, 37.1494], [-122.1825, 37.1481], [-122.1808, 37.1484], [-122.1821, 37.1489], [-122.1812, 37.1503], [-122.1822, 37.1503]], [[-122.1825, 37.1484], [-122.1821, 37.1487], [-122.1821, 37.1484], [-122.1825, 37.1484]]], [[[-122.1961, 37.1527], [-122.1947, 37.1511], [-122.195, 37.15], [-122.1967, 37.1484], [-122.1963, 37.1476], [-122.1943, 37.1493], [-122.193, 37.1493], [-122.193, 37.1501], [-122.1947, 37.1501], [-122.1933, 37.1503], [-122.1937, 37.1522], [-122.1961, 37.1527]], [[-122.1947, 37.1506], [-122.1941, 37.1514], [-122.194, 37.1506], [-122.1947, 37.1506]], [[-122.196, 37.1484], [-122.1957, 37.1487], [-122.1957, 37.1484], [-122.196, 37.1484]]], [[[-122.1794, 37.1487], [-122.1794, 37.1476], [-122.1797, 37.1474], [-122.1784, 37.1479], [-122.1794, 37.1487]]], [[[-122.3041, 37.1445], [-122.3038, 37.1434], [-122.3031, 37.1434], [-122.3035, 37.1445], [-122.3041, 37.1445]]], [[[-122.3045, 37.1464], [-122.3062, 37.1458], [-122.3065, 37.1442], [-122.3075, 37.1439], [-122.3075, 37.1433], [-122.3048, 37.1437], [-122.3058, 37.1444], [-122.3035, 37.1456], [-122.3045, 37.1464]], [[-122.3052, 37.1453], [-122.3049, 37.1455], [-122.3048, 37.1453], [-122.3052, 37.1453]]], [[[-122.3157, 37.1569], [-122.316, 37.1564], [-122.315, 37.1553], [-122.316, 37.1553], [-122.3163, 37.1545], [-122.3136, 37.1545], [-122.3146, 37.1532], [-122.3132, 37.1535], [-122.3132, 37.1524], [-122.3142, 37.1518], [-122.3135, 37.1513], [-122.3148, 37.1507], [-122.3145, 37.1499], [-122.3155, 37.1499], [-122.3155, 37.1491], [-122.3141, 37.1494], [-122.3138, 37.1489], [-122.3161, 37.1483], [-122.3161, 37.1475], [-122.3147, 37.1472], [-122.3143, 37.1459], [-122.3133, 37.1462], [-122.3133, 37.1456], [-122.315, 37.1456], [-122.3133, 37.1451], [-122.314, 37.1448], [-122.3129, 37.1443], [-122.3136, 37.1435], [-122.3112, 37.143], [-122.3112, 37.1435], [-122.3126, 37.1438], [-122.3096, 37.1452], [-122.3106, 37.1462], [-122.3126, 37.1454], [-122.312, 37.1462], [-122.3127, 37.1478], [-122.312, 37.1481], [-122.3131, 37.1489], [-122.3107, 37.1484], [-122.3117, 37.1497], [-122.3104, 37.1498], [-122.3096, 37.1463], [-122.3083, 37.1468], [-122.3093, 37.1484], [-122.3087, 37.1495], [-122.3094, 37.1495], [-122.3097, 37.15], [-122.3087, 37.1506], [-122.3094, 37.1508], [-122.3098, 37.1533], [-122.3088, 37.1536], [-122.3085, 37.1549], [-122.3119, 37.1535], [-122.313, 37.1559], [-122.3136, 37.1564], [-122.315, 37.1559], [-122.3147, 37.1567], [-122.3157, 37.1569]], [[-122.3143, 37.1556], [-122.314, 37.1559], [-122.314, 37.1556], [-122.3143, 37.1556]], [[-122.3136, 37.1545], [-122.3133, 37.1548], [-122.3132, 37.1546], [-122.3136, 37.1545]], [[-122.3136, 37.154], [-122.3132, 37.1543], [-122.3132, 37.154], [-122.3136, 37.154]], [[-122.3108, 37.1522], [-122.3101, 37.1522], [-122.3098, 37.1508], [-122.3104, 37.1511], [-122.3108, 37.1522]], [[-122.3121, 37.1511], [-122.3118, 37.1513], [-122.3118, 37.1511], [-122.3121, 37.1511]], [[-122.3125, 37.1511], [-122.3121, 37.1503], [-122.3128, 37.1497], [-122.3131, 37.1508], [-122.3125, 37.1511]], [[-122.3141, 37.1502], [-122.3138, 37.1505], [-122.3138, 37.1502], [-122.3141, 37.1502]], [[-122.3121, 37.1497], [-122.3118, 37.15], [-122.3117, 37.1497], [-122.3121, 37.1497]], [[-122.3151, 37.1494], [-122.3148, 37.1497], [-122.3148, 37.1494], [-122.3151, 37.1494]], [[-122.31, 37.1492], [-122.3094, 37.1495], [-122.3094, 37.1492], [-122.31, 37.1492]], [[-122.3141, 37.1483], [-122.3137, 37.1486], [-122.3137, 37.1483], [-122.3141, 37.1483]], [[-122.3137, 37.1481], [-122.3134, 37.1483], [-122.3134, 37.1481], [-122.3137, 37.1481]], [[-122.3134, 37.147], [-122.3127, 37.1473], [-122.3127, 37.147], [-122.3134, 37.147]], [[-122.3144, 37.1467], [-122.3134, 37.147], [-122.3133, 37.1467], [-122.3144, 37.1467]], [[-122.3133, 37.1462], [-122.3127, 37.1465], [-122.3127, 37.1462], [-122.3133, 37.1462]], [[-122.3133, 37.1451], [-122.313, 37.1454], [-122.313, 37.1451], [-122.3133, 37.1451]], [[-122.3123, 37.1446], [-122.3119, 37.1449], [-122.3119, 37.1446], [-122.3123, 37.1446]]], [[[-122.191, 37.1493], [-122.1926, 37.1493], [-122.1916, 37.149], [-122.1916, 37.148], [-122.1936, 37.1487], [-122.1946, 37.1482], [-122.1939, 37.1474], [-122.1912, 37.1471], [-122.1912, 37.1463], [-122.1922, 37.1469], [-122.1939, 37.1466], [-122.1918, 37.1447], [-122.1902, 37.1461], [-122.1885, 37.1458], [-122.1872, 37.1472], [-122.1861, 37.1464], [-122.1858, 37.1478], [-122.1852, 37.1478], [-122.1852, 37.1486], [-122.1862, 37.1481], [-122.1879, 37.1494], [-122.1898, 37.1464], [-122.1899, 37.1477], [-122.1902, 37.1482], [-122.1912, 37.148], [-122.191, 37.1493]], [[-122.1882, 37.1483], [-122.1879, 37.1486], [-122.1879, 37.1483], [-122.1882, 37.1483]], [[-122.1939, 37.1476], [-122.1933, 37.1482], [-122.1933, 37.1479], [-122.1939, 37.1476]], [[-122.1879, 37.148], [-122.1875, 37.1483], [-122.1875, 37.148], [-122.1879, 37.148]], [[-122.1882, 37.1477], [-122.1879, 37.148], [-122.1879, 37.1478], [-122.1882, 37.1477]], [[-122.1872, 37.1478], [-122.1869, 37.148], [-122.1868, 37.1478], [-122.1872, 37.1478]], [[-122.1905, 37.1464], [-122.1902, 37.1466], [-122.1902, 37.1464], [-122.1905, 37.1464]]], [[[-122.1794, 37.1466], [-122.1793, 37.1457], [-122.1803, 37.1449], [-122.179, 37.1452], [-122.1787, 37.1463], [-122.1794, 37.1466]]], [[[-122.228, 37.1451], [-122.228, 37.1435], [-122.2273, 37.143], [-122.2267, 37.1449], [-122.228, 37.1451]]], [[[-122.1905, 37.1455], [-122.1905, 37.1439], [-122.1911, 37.1442], [-122.1911, 37.1436], [-122.1898, 37.1434], [-122.1905, 37.1455]]], [[[-122.179, 37.1452], [-122.1786, 37.1444], [-122.1793, 37.1441], [-122.1783, 37.1436], [-122.178, 37.145], [-122.179, 37.1452]]], [[[-122.1725, 37.1432], [-122.1739, 37.1445], [-122.1742, 37.1429], [-122.1725, 37.1432]]], [[[-122.1828, 37.1481], [-122.1845, 37.147], [-122.1844, 37.1465], [-122.1834, 37.1459], [-122.1834, 37.1468], [-122.1824, 37.1468], [-122.1821, 37.146], [-122.1824, 37.1454], [-122.1851, 37.1459], [-122.1847, 37.1443], [-122.186, 37.1427], [-122.185, 37.1427], [-122.1841, 37.1449], [-122.1803, 37.1441], [-122.1817, 37.146], [-122.1814, 37.1481], [-122.1818, 37.1479], [-122.1828, 37.1481]], [[-122.1834, 37.1473], [-122.1831, 37.1476], [-122.1831, 37.1473], [-122.1834, 37.1473]], [[-122.1828, 37.147], [-122.1824, 37.1473], [-122.1824, 37.147], [-122.1828, 37.147]], [[-122.183, 37.1449], [-122.1827, 37.1451], [-122.1827, 37.1449], [-122.183, 37.1449]]], [[[-122.1885, 37.1453], [-122.1887, 37.1434], [-122.1871, 37.144], [-122.1874, 37.1429], [-122.1864, 37.1424], [-122.1867, 37.1437], [-122.1857, 37.1443], [-122.1871, 37.1443], [-122.1885, 37.1453]]], [[[-122.3058, 37.1431], [-122.3058, 37.142], [-122.3098, 37.1427], [-122.3101, 37.1406], [-122.3091, 37.1409], [-122.3091, 37.1401], [-122.3081, 37.1409], [-122.3064, 37.1401], [-122.305, 37.1404], [-122.3051, 37.1409], [-122.3037, 37.1412], [-122.3034, 37.1423], [-122.3058, 37.1431]], [[-122.3054, 37.1409], [-122.3051, 37.1412], [-122.3051, 37.1409], [-122.3054, 37.1409]]], [[[-122.1522, 37.1441], [-122.1532, 37.1433], [-122.1519, 37.1427], [-122.1522, 37.1441]]], [[[-122.1428, 37.1443], [-122.1437, 37.1432], [-122.1414, 37.1429], [-122.1414, 37.144], [-122.1428, 37.1443]]], [[[-122.1681, 37.1419], [-122.1677, 37.1411], [-122.1664, 37.1411], [-122.1664, 37.1414], [-122.1681, 37.1419]]], [[[-122.1678, 37.1451], [-122.1681, 37.1435], [-122.1667, 37.1425], [-122.167, 37.1417], [-122.1647, 37.1409], [-122.164, 37.1428], [-122.166, 37.1422], [-122.1657, 37.143], [-122.1668, 37.1433], [-122.1661, 37.1438], [-122.1675, 37.1441], [-122.1668, 37.1452], [-122.1678, 37.1451]], [[-122.1653, 37.1411], [-122.165, 37.1414], [-122.165, 37.1412], [-122.1653, 37.1411]]], [[[-122.1796, 37.1428], [-122.1792, 37.142], [-122.1802, 37.1414], [-122.1799, 37.1403], [-122.1785, 37.1414], [-122.1786, 37.1425], [-122.1796, 37.1428]]], [[[-122.2956, 37.14], [-122.2959, 37.1395], [-122.2952, 37.139], [-122.2955, 37.1384], [-122.2928, 37.1382], [-122.2956, 37.14]]], [[[-122.1785, 37.1414], [-122.1785, 37.1404], [-122.1788, 37.1401], [-122.1782, 37.1401], [-122.1785, 37.1414]]], [[[-122.1708, 37.1443], [-122.1722, 37.1437], [-122.1715, 37.1435], [-122.1717, 37.1399], [-122.1711, 37.14], [-122.1708, 37.141], [-122.1697, 37.1411], [-122.1698, 37.1427], [-122.1701, 37.1421], [-122.1711, 37.1424], [-122.1708, 37.1443]]], [[[-122.1839, 37.1405], [-122.1842, 37.1394], [-122.1832, 37.1395], [-122.1839, 37.1405]]], [[[-122.1677, 37.1408], [-122.168, 37.1403], [-122.167, 37.1398], [-122.1667, 37.1403], [-122.1677, 37.1408]]], [[[-122.1653, 37.1406], [-122.1656, 37.1398], [-122.165, 37.1395], [-122.1629, 37.1401], [-122.1633, 37.1406], [-122.1653, 37.1406]]], [[[-122.2983, 37.14], [-122.2999, 37.1386], [-122.2992, 37.1384], [-122.2979, 37.1387], [-122.2968, 37.1368], [-122.2968, 37.1381], [-122.2955, 37.139], [-122.2969, 37.1389], [-122.2962, 37.1395], [-122.2983, 37.14]], [[-122.2982, 37.1389], [-122.2979, 37.1392], [-122.2979, 37.1389], [-122.2982, 37.1389]], [[-122.2992, 37.1386], [-122.2989, 37.1389], [-122.2989, 37.1386], [-122.2992, 37.1386]]], [[[-122.1755, 37.1431], [-122.1765, 37.1423], [-122.1765, 37.1412], [-122.1758, 37.1404], [-122.1744, 37.1402], [-122.1751, 37.1393], [-122.1737, 37.1391], [-122.1731, 37.1394], [-122.1731, 37.1402], [-122.1738, 37.1402], [-122.1731, 37.141], [-122.1752, 37.142], [-122.1742, 37.1423], [-122.1742, 37.1429], [-122.1755, 37.1431]], [[-122.1755, 37.1412], [-122.1752, 37.1415], [-122.1752, 37.1412], [-122.1755, 37.1412]], [[-122.1755, 37.1407], [-122.1751, 37.141], [-122.1751, 37.1407], [-122.1755, 37.1407]], [[-122.1741, 37.1396], [-122.1738, 37.1399], [-122.1738, 37.1396], [-122.1741, 37.1396]]], [[[-122.1877, 37.1415], [-122.1883, 37.141], [-122.1879, 37.1386], [-122.1866, 37.1389], [-122.1876, 37.1391], [-122.187, 37.1402], [-122.1853, 37.1405], [-122.1856, 37.1413], [-122.1877, 37.1415]], [[-122.1873, 37.1402], [-122.187, 37.1405], [-122.187, 37.1402], [-122.1873, 37.1402]]], [[[-122.1764, 37.1385], [-122.1771, 37.1393], [-122.1771, 37.1385], [-122.1764, 37.1385]]], [[[-122.2975, 37.1368], [-122.2981, 37.1357], [-122.2971, 37.1352], [-122.2968, 37.1362], [-122.2975, 37.1368]]], [[[-122.1984, 37.1392], [-122.1974, 37.1379], [-122.198, 37.1373], [-122.197, 37.1371], [-122.1967, 37.1381], [-122.1984, 37.1392]]], [[[-122.21, 37.1527], [-122.2107, 37.1525], [-122.2133, 37.1505], [-122.216, 37.1505], [-122.216, 37.1491], [-122.215, 37.1499], [-122.2146, 37.1494], [-122.2116, 37.1497], [-122.2129, 37.1481], [-122.2122, 37.1473], [-122.2143, 37.1481], [-122.2146, 37.1473], [-122.2139, 37.1467], [-122.2162, 37.1467], [-122.2142, 37.1465], [-122.2149, 37.1454], [-122.2135, 37.1454], [-122.2135, 37.1446], [-122.2145, 37.1446], [-122.2145, 37.144], [-122.2158, 37.1443], [-122.2152, 37.1459], [-122.2166, 37.1459], [-122.2169, 37.1469], [-122.2186, 37.145], [-122.2196, 37.1466], [-122.221, 37.1461], [-122.2203, 37.1458], [-122.2202, 37.1442], [-122.2206, 37.1436], [-122.2223, 37.1439], [-122.2222, 37.1428], [-122.2232, 37.1425], [-122.2235, 37.1414], [-122.2225, 37.1395], [-122.2242, 37.1395], [-122.2238, 37.1379], [-122.2228, 37.1379], [-122.2234, 37.1374], [-122.223, 37.1363], [-122.2227, 37.1371], [-122.2214, 37.1374], [-122.2204, 37.1369], [-122.2173, 37.1375], [-122.2163, 37.1383], [-122.217, 37.1388], [-122.2164, 37.1394], [-122.2154, 37.1394], [-122.216, 37.1386], [-122.214, 37.1386], [-122.215, 37.1391], [-122.2147, 37.1408], [-122.2137, 37.1405], [-122.214, 37.14], [-122.2127, 37.1403], [-122.212, 37.1397], [-122.2124, 37.1411], [-122.212, 37.1408], [-122.211, 37.1411], [-122.2114, 37.1416], [-122.2127, 37.1414], [-122.2131, 37.1424], [-122.2114, 37.143], [-122.2114, 37.1435], [-122.2097, 37.143], [-122.2091, 37.1438], [-122.2104, 37.1441], [-122.2104, 37.1449], [-122.2091, 37.1449], [-122.2095, 37.146], [-122.2088, 37.146], [-122.2084, 37.1449], [-122.2074, 37.1452], [-122.2081, 37.1466], [-122.2044, 37.1456], [-122.2051, 37.1458], [-122.2044, 37.1464], [-122.2048, 37.1472], [-122.2027, 37.1472], [-122.2041, 37.1469], [-122.204, 37.1458], [-122.2027, 37.1448], [-122.2033, 37.144], [-122.2043, 37.1445], [-122.2057, 37.1442], [-122.2046, 37.1426], [-122.207, 37.1442], [-122.2087, 37.1439], [-122.2087, 37.1422], [-122.21, 37.1419], [-122.2107, 37.1425], [-122.2107, 37.1408], [-122.2089, 37.1395], [-122.2076, 37.1396], [-122.2069, 37.1401], [-122.209, 37.1401], [-122.2093, 37.1411], [-122.2052, 37.1401], [-122.2052, 37.1407], [-122.2042, 37.1407], [-122.2049, 37.1412], [-122.2046, 37.1418], [-122.2036, 37.1415], [-122.2039, 37.1407], [-122.2035, 37.1402], [-122.2016, 37.1416], [-122.2019, 37.1421], [-122.2009, 37.1432], [-122.202, 37.1448], [-122.2003, 37.1443], [-122.201, 37.1453], [-122.1993, 37.1465], [-122.1993, 37.1473], [-122.1987, 37.1473], [-122.1997, 37.1481], [-122.198, 37.1489], [-122.1981, 37.1505], [-122.1987, 37.1492], [-122.1994, 37.1494], [-122.2004, 37.1486], [-122.2011, 37.1494], [-122.2024, 37.148], [-122.2041, 37.1477], [-122.2038, 37.1499], [-122.2041, 37.1491], [-122.2052, 37.1493], [-122.2045, 37.1496], [-122.2049, 37.1509], [-122.2059, 37.1509], [-122.2059, 37.1498], [-122.2065, 37.1498], [-122.2066, 37.1512], [-122.2072, 37.1504], [-122.2082, 37.1506], [-122.2089, 37.1501], [-122.2089, 37.1506], [-122.2103, 37.1506], [-122.21, 37.1527]], [[-122.2055, 37.1504], [-122.2052, 37.1507], [-122.2052, 37.1504], [-122.2055, 37.1504]], [[-122.2109, 37.15], [-122.2102, 37.1498], [-122.2102, 37.1473], [-122.2112, 37.1473], [-122.2112, 37.1476], [-122.2115, 37.1476], [-122.2119, 37.1478], [-122.2112, 37.1481], [-122.2109, 37.15]], [[-122.2082, 37.1501], [-122.2075, 37.1495], [-122.2075, 37.1477], [-122.2065, 37.1477], [-122.2068, 37.1469], [-122.2081, 37.1474], [-122.2082, 37.1501]], [[-122.1997, 37.1486], [-122.1994, 37.1489], [-122.1994, 37.1486], [-122.1997, 37.1486]], [[-122.2072, 37.1482], [-122.2068, 37.1485], [-122.2068, 37.1482], [-122.2072, 37.1482]], [[-122.2011, 37.1483], [-122.2007, 37.1486], [-122.2007, 37.1483], [-122.2011, 37.1483]], [[-122.2021, 37.1483], [-122.2011, 37.1483], [-122.2011, 37.148], [-122.2017, 37.1478], [-122.2021, 37.1483]], [[-122.2065, 37.1477], [-122.2061, 37.148], [-122.2061, 37.1477], [-122.2065, 37.1477]], [[-122.2119, 37.1473], [-122.2115, 37.1476], [-122.2115, 37.1473], [-122.2119, 37.1473]], [[-122.2038, 37.1475], [-122.2034, 37.1477], [-122.2034, 37.1475], [-122.2038, 37.1475]], [[-122.2027, 37.1475], [-122.2024, 37.1478], [-122.2024, 37.1475], [-122.2027, 37.1475]], [[-122.2122, 37.147], [-122.2119, 37.1473], [-122.2119, 37.147], [-122.2122, 37.147]], [[-122.2102, 37.1473], [-122.2092, 37.1471], [-122.2098, 37.1463], [-122.2101, 37.1463], [-122.2102, 37.1473]], [[-122.2007, 37.1472], [-122.2, 37.1473], [-122.1997, 37.1465], [-122.2007, 37.1464], [-122.2007, 37.1472]], [[-122.2139, 37.1467], [-122.2125, 37.1468], [-122.2135, 37.1465], [-122.2132, 37.1457], [-122.2138, 37.1456], [-122.2139, 37.1467]], [[-122.2122, 37.1465], [-122.2108, 37.1465], [-122.2108, 37.1449], [-122.2128, 37.1457], [-122.2122, 37.1465]], [[-122.2031, 37.1467], [-122.2027, 37.1461], [-122.201, 37.1462], [-122.201, 37.1456], [-122.2034, 37.1456], [-122.2031, 37.1467]], [[-122.2176, 37.1453], [-122.2169, 37.1459], [-122.2169, 37.1453], [-122.2176, 37.1453]], [[-122.2162, 37.1453], [-122.2159, 37.1456], [-122.2159, 37.1453], [-122.2162, 37.1453]], [[-122.2132, 37.1454], [-122.2128, 37.1457], [-122.2128, 37.1454], [-122.2132, 37.1454]], [[-122.2105, 37.1452], [-122.2098, 37.1457], [-122.2098, 37.1452], [-122.2105, 37.1452]], [[-122.2196, 37.145], [-122.2193, 37.1453], [-122.2192, 37.145], [-122.2196, 37.145]], [[-122.2135, 37.1443], [-122.2131, 37.1446], [-122.2131, 37.1443], [-122.2135, 37.1443]], [[-122.2192, 37.1439], [-122.2168, 37.1429], [-122.2161, 37.1421], [-122.2168, 37.1413], [-122.2151, 37.1413], [-122.2154, 37.1402], [-122.2184, 37.141], [-122.2191, 37.1402], [-122.2195, 37.1407], [-122.2215, 37.1404], [-122.2205, 37.1412], [-122.2208, 37.142], [-122.2185, 37.1429], [-122.2192, 37.1439]], [[-122.2124, 37.1438], [-122.2121, 37.1441], [-122.2121, 37.1438], [-122.2124, 37.1438]], [[-122.2178, 37.1434], [-122.2175, 37.1437], [-122.2175, 37.1434], [-122.2178, 37.1434]], [[-122.2151, 37.1435], [-122.2148, 37.1437], [-122.2148, 37.1435], [-122.2151, 37.1435]], [[-122.2128, 37.1435], [-122.2124, 37.1438], [-122.2124, 37.1435], [-122.2128, 37.1435]], [[-122.2118, 37.1435], [-122.2114, 37.1438], [-122.2114, 37.1435], [-122.2118, 37.1435]], [[-122.208, 37.1433], [-122.2077, 37.1436], [-122.2077, 37.1433], [-122.208, 37.1433]], [[-122.2046, 37.142], [-122.2039, 37.1426], [-122.2036, 37.1421], [-122.2046, 37.142]], [[-122.2022, 37.1421], [-122.2019, 37.1424], [-122.2019, 37.1421], [-122.2022, 37.1421]], [[-122.2036, 37.1418], [-122.2033, 37.1421], [-122.2032, 37.1418], [-122.2036, 37.1418]], [[-122.2029, 37.1418], [-122.2026, 37.1421], [-122.2026, 37.1418], [-122.2029, 37.1418]], [[-122.2225, 37.1409], [-122.2215, 37.1409], [-122.2225, 37.1404], [-122.2225, 37.1409]], [[-122.2032, 37.1413], [-122.2029, 37.1415], [-122.2029, 37.1413], [-122.2032, 37.1413]], [[-122.2032, 37.1407], [-122.2029, 37.141], [-122.2029, 37.1407], [-122.2032, 37.1407]], [[-122.2188, 37.1402], [-122.2184, 37.1404], [-122.2184, 37.1402], [-122.2188, 37.1402]], [[-122.2208, 37.1393], [-122.2201, 37.1399], [-122.2201, 37.1393], [-122.2208, 37.1393]], [[-122.2181, 37.1394], [-122.2177, 37.1396], [-122.2177, 37.1394], [-122.2181, 37.1394]], [[-122.218, 37.1388], [-122.2177, 37.1391], [-122.2177, 37.1388], [-122.218, 37.1388]], [[-122.2221, 37.1385], [-122.2218, 37.1388], [-122.2218, 37.1385], [-122.2221, 37.1385]], [[-122.2214, 37.1385], [-122.2204, 37.1385], [-122.2204, 37.138], [-122.2217, 37.1377], [-122.2214, 37.1385]], [[-122.2173, 37.138], [-122.217, 37.1383], [-122.217, 37.138], [-122.2173, 37.138]], [[-122.218, 37.1377], [-122.2177, 37.138], [-122.2177, 37.1377], [-122.218, 37.1377]], [[-122.2197, 37.1374], [-122.2194, 37.1377], [-122.2194, 37.1374], [-122.2197, 37.1374]]], [[[-122.1994, 37.1381], [-122.1997, 37.137], [-122.199, 37.1367], [-122.1987, 37.1378], [-122.1994, 37.1381]]], [[[-122.2251, 37.136], [-122.2247, 37.1352], [-122.2237, 37.1352], [-122.224, 37.1357], [-122.2251, 37.136]]], [[[-122.1994, 37.1367], [-122.2007, 37.1364], [-122.2007, 37.1356], [-122.2004, 37.1362], [-122.1997, 37.1359], [-122.1994, 37.1367]]], [[[-122.223, 37.1358], [-122.2227, 37.135], [-122.222, 37.135], [-122.222, 37.1355], [-122.223, 37.1358]]], [[[-122.2011, 37.1367], [-122.2021, 37.1356], [-122.201, 37.1354], [-122.2011, 37.1367]]], [[[-122.1588, 37.138], [-122.1595, 37.1367], [-122.1591, 37.1361], [-122.1581, 37.1361], [-122.1588, 37.1364], [-122.1581, 37.137], [-122.1588, 37.138]]], [[[-122.195, 37.1371], [-122.197, 37.1371], [-122.1966, 37.1352], [-122.1956, 37.1355], [-122.1943, 37.1352], [-122.1943, 37.1358], [-122.196, 37.1357], [-122.196, 37.1368], [-122.195, 37.1363], [-122.195, 37.1371]]], [[[-122.1875, 37.1359], [-122.1872, 37.1353], [-122.1858, 37.1354], [-122.1862, 37.1359], [-122.1875, 37.1359]]], [[[-122.186, 37.1402], [-122.1859, 37.1383], [-122.1883, 37.1383], [-122.1886, 37.1388], [-122.1896, 37.1383], [-122.1882, 37.1372], [-122.1869, 37.1375], [-122.1872, 37.1367], [-122.1862, 37.1364], [-122.1852, 37.1373], [-122.1855, 37.1378], [-122.1852, 37.1384], [-122.1842, 37.137], [-122.1852, 37.137], [-122.1855, 37.1359], [-122.1814, 37.1352], [-122.1814, 37.1363], [-122.1828, 37.136], [-122.1825, 37.1365], [-122.1831, 37.1365], [-122.1828, 37.1379], [-122.1818, 37.1373], [-122.1818, 37.1381], [-122.1808, 37.1382], [-122.1812, 37.1387], [-122.1792, 37.1395], [-122.1819, 37.1398], [-122.1808, 37.139], [-122.1819, 37.1392], [-122.1832, 37.1381], [-122.1836, 37.1392], [-122.1849, 37.1394], [-122.1849, 37.14], [-122.1856, 37.1397], [-122.186, 37.1402]], [[-122.1876, 37.1375], [-122.1872, 37.138], [-122.1872, 37.1375], [-122.1876, 37.1375]]], [[[-122.2159, 37.1351], [-122.2179, 37.135], [-122.2172, 37.1345], [-122.2159, 37.1351]]], [[[-122.2119, 37.1384], [-122.2153, 37.1373], [-122.2153, 37.1364], [-122.2143, 37.1367], [-122.2142, 37.1362], [-122.2153, 37.1362], [-122.2149, 37.1351], [-122.2136, 37.1359], [-122.2128, 37.1343], [-122.2122, 37.1346], [-122.2125, 37.1354], [-122.2112, 37.1363], [-122.2119, 37.1384]], [[-122.2133, 37.137], [-122.2129, 37.1373], [-122.2129, 37.137], [-122.2133, 37.137]]], [[[-122.1936, 37.1352], [-122.1936, 37.1347], [-122.1919, 37.1347], [-122.1922, 37.1353], [-122.1936, 37.1352]]], [[[-122.2197, 37.1358], [-122.221, 37.1355], [-122.2216, 37.1342], [-122.2203, 37.1353], [-122.2196, 37.135], [-122.2197, 37.1358]]], [[[-122.2074, 37.135], [-122.2084, 37.1344], [-122.2071, 37.1344], [-122.2074, 37.135]]], [[[-122.2237, 37.1352], [-122.2244, 37.1347], [-122.2226, 37.1339], [-122.2227, 37.1347], [-122.2237, 37.1352]]], [[[-122.1473, 37.1363], [-122.1476, 37.1355], [-122.1466, 37.1353], [-122.1466, 37.1358], [-122.1473, 37.1363]]], [[[-122.1984, 37.137], [-122.1997, 37.1354], [-122.1983, 37.1359], [-122.1983, 37.1351], [-122.1969, 37.1344], [-122.197, 37.1357], [-122.198, 37.136], [-122.1984, 37.137]], [[-122.1976, 37.1349], [-122.1973, 37.1352], [-122.1973, 37.1349], [-122.1976, 37.1349]]], [[[-122.1693, 37.1362], [-122.1696, 37.1351], [-122.1689, 37.1349], [-122.1682, 37.1354], [-122.1693, 37.1362]]], [[[-122.3042, 37.1337], [-122.3041, 37.1329], [-122.3051, 37.1328], [-122.3054, 37.1318], [-122.3038, 37.1323], [-122.3035, 37.1337], [-122.3042, 37.1337]]], [[[-122.226, 37.1346], [-122.2246, 37.133], [-122.2236, 37.1336], [-122.2247, 37.1346], [-122.226, 37.1346]]], [[[-122.1882, 37.1351], [-122.1881, 37.1342], [-122.1875, 37.1345], [-122.1864, 37.1337], [-122.1861, 37.1346], [-122.1882, 37.1351]]], [[[-122.1713, 37.1367], [-122.1716, 37.1356], [-122.1689, 37.1338], [-122.1692, 37.1349], [-122.1699, 37.1349], [-122.1699, 37.1365], [-122.1713, 37.1367]], [[-122.1709, 37.1356], [-122.1706, 37.1359], [-122.1706, 37.1356], [-122.1709, 37.1356]]], [[[-122.2176, 37.1337], [-122.2175, 37.1326], [-122.2172, 37.1326], [-122.2165, 37.1335], [-122.2176, 37.1337]]], [[[-122.3071, 37.132], [-122.3078, 37.1317], [-122.3078, 37.1309], [-122.3068, 37.1315], [-122.3071, 37.132]]], [[[-122.174, 37.1348], [-122.1746, 37.1345], [-122.1746, 37.1331], [-122.1739, 37.1334], [-122.174, 37.1348]]], [[[-122.1679, 37.1349], [-122.1689, 37.1341], [-122.1675, 37.1333], [-122.1679, 37.1349]]], [[[-122.1831, 37.1338], [-122.183, 37.133], [-122.182, 37.133], [-122.182, 37.1333], [-122.1831, 37.1338]]], [[[-122.1814, 37.1352], [-122.182, 37.1336], [-122.18, 37.133], [-122.1807, 37.1349], [-122.1814, 37.1352]]], [[[-122.2361, 37.1331], [-122.2372, 37.1328], [-122.2375, 37.132], [-122.2358, 37.1326], [-122.2361, 37.1331]]], [[[-122.1733, 37.1343], [-122.1732, 37.1332], [-122.1722, 37.1327], [-122.1722, 37.134], [-122.1733, 37.1343]]], [[[-122.1563, 37.134], [-122.1563, 37.1329], [-122.1553, 37.133], [-122.1553, 37.134], [-122.1563, 37.134]]], [[[-122.2385, 37.1336], [-122.2388, 37.1317], [-122.2381, 37.1314], [-122.2375, 37.1333], [-122.2385, 37.1336]]], [[[-122.3054, 37.1312], [-122.3054, 37.1304], [-122.3057, 37.1301], [-122.3047, 37.1304], [-122.3054, 37.1312]]], [[[-122.2892, 37.1313], [-122.2899, 37.131], [-122.2905, 37.1304], [-122.2892, 37.1305], [-122.2892, 37.1313]]], [[[-122.1979, 37.1335], [-122.1979, 37.1319], [-122.1972, 37.1319], [-122.1969, 37.1327], [-122.1979, 37.1335]]], [[[-122.2906, 37.1315], [-122.2916, 37.1312], [-122.2915, 37.1301], [-122.2902, 37.131], [-122.2906, 37.1315]]], [[[-122.2875, 37.1318], [-122.2882, 37.1307], [-122.2889, 37.131], [-122.2888, 37.1302], [-122.2861, 37.1308], [-122.2862, 37.1316], [-122.2872, 37.1313], [-122.2875, 37.1318]]], [[[-122.1793, 37.1328], [-122.1797, 37.1331], [-122.1803, 37.1328], [-122.1803, 37.1322], [-122.1793, 37.1328]]], [[[-122.1895, 37.1329], [-122.1894, 37.1323], [-122.1884, 37.1321], [-122.1881, 37.1329], [-122.1895, 37.1329]], [[-122.1891, 37.1323], [-122.1888, 37.1326], [-122.1888, 37.1323], [-122.1891, 37.1323]]], [[[-122.1949, 37.1352], [-122.1956, 37.1344], [-122.1946, 37.1336], [-122.1949, 37.1322], [-122.1918, 37.1334], [-122.1918, 37.1326], [-122.1904, 37.1318], [-122.1901, 37.1326], [-122.1908, 37.1331], [-122.1902, 37.1339], [-122.1929, 37.1344], [-122.1935, 37.1336], [-122.1936, 37.1344], [-122.1949, 37.1352]], [[-122.1946, 37.1336], [-122.1942, 37.1339], [-122.1942, 37.1336], [-122.1946, 37.1336]]], [[[-122.301, 37.131], [-122.3013, 37.1297], [-122.2996, 37.1297], [-122.2997, 37.1308], [-122.301, 37.131]]], [[[-122.1999, 37.1327], [-122.1996, 37.1319], [-122.2006, 37.1313], [-122.1996, 37.1311], [-122.1986, 37.1316], [-122.1986, 37.1324], [-122.1999, 37.1327]]], [[[-122.1781, 37.1377], [-122.1777, 37.1371], [-122.1788, 37.1374], [-122.1791, 37.1363], [-122.1777, 37.1358], [-122.1783, 37.1347], [-122.1773, 37.1344], [-122.1793, 37.1323], [-122.1732, 37.1313], [-122.1732, 37.1326], [-122.1746, 37.1331], [-122.1752, 37.1321], [-122.1773, 37.1323], [-122.1756, 37.1345], [-122.1757, 37.1361], [-122.176, 37.1366], [-122.1774, 37.1361], [-122.1771, 37.1377], [-122.1781, 37.1377]], [[-122.1784, 37.1363], [-122.1777, 37.1366], [-122.1777, 37.1363], [-122.1784, 37.1363]], [[-122.1773, 37.135], [-122.177, 37.1353], [-122.177, 37.135], [-122.1773, 37.135]], [[-122.1773, 37.1342], [-122.1766, 37.1339], [-122.1773, 37.1334], [-122.1773, 37.1342]], [[-122.178, 37.1331], [-122.1776, 37.1334], [-122.1776, 37.1331], [-122.178, 37.1331]], [[-122.1783, 37.1325], [-122.178, 37.1328], [-122.1779, 37.1325], [-122.1783, 37.1325]]], [[[-122.2249, 37.1306], [-122.2259, 37.1311], [-122.2259, 37.1303], [-122.2249, 37.1306]]], [[[-122.2052, 37.1396], [-122.2072, 37.1388], [-122.2075, 37.1377], [-122.2089, 37.1379], [-122.2082, 37.1377], [-122.2085, 37.1368], [-122.2068, 37.1363], [-122.2074, 37.135], [-122.2071, 37.135], [-122.2071, 37.1352], [-122.2064, 37.1353], [-122.2061, 37.1358], [-122.2057, 37.1342], [-122.2084, 37.1339], [-122.2088, 37.1347], [-122.2098, 37.1347], [-122.2098, 37.1341], [-122.2118, 37.1335], [-122.2122, 37.1343], [-122.2125, 37.1338], [-122.2132, 37.1341], [-122.2139, 37.1357], [-122.2149, 37.1348], [-122.2145, 37.134], [-122.2165, 37.1337], [-122.2162, 37.1335], [-122.2165, 37.1326], [-122.2152, 37.1327], [-122.2135, 37.134], [-122.2128, 37.1335], [-122.2131, 37.1319], [-122.2128, 37.1327], [-122.2104, 37.133], [-122.2107, 37.1319], [-122.2124, 37.1319], [-122.2124, 37.1314], [-122.2114, 37.1314], [-122.2097, 37.1322], [-122.2098, 37.133], [-122.2091, 37.1328], [-122.2067, 37.1339], [-122.206, 37.1331], [-122.2074, 37.1331], [-122.2074, 37.1325], [-122.2057, 37.1328], [-122.2057, 37.1334], [-122.2047, 37.1331], [-122.2057, 37.132], [-122.2056, 37.1307], [-122.2037, 37.1326], [-122.202, 37.1326], [-122.2017, 37.1335], [-122.2037, 37.1332], [-122.202, 37.1343], [-122.2037, 37.1342], [-122.2021, 37.1367], [-122.2035, 37.1372], [-122.2034, 37.1356], [-122.2037, 37.1356], [-122.2038, 37.1358], [-122.2044, 37.1358], [-122.2041, 37.1372], [-122.2048, 37.1372], [-122.2048, 37.1385], [-122.2052, 37.1385], [-122.2055, 37.1391], [-122.2052, 37.1396]], [[-122.2062, 37.1388], [-122.2059, 37.139], [-122.2059, 37.1388], [-122.2062, 37.1388]], [[-122.2055, 37.138], [-122.2052, 37.1385], [-122.2052, 37.138], [-122.2055, 37.138]], [[-122.2072, 37.1369], [-122.2069, 37.1382], [-122.2068, 37.1369], [-122.2072, 37.1369]], [[-122.2062, 37.1377], [-122.2058, 37.138], [-122.2058, 37.1377], [-122.2062, 37.1377]], [[-122.2058, 37.1377], [-122.2051, 37.1369], [-122.2065, 37.1363], [-122.2065, 37.1371], [-122.2058, 37.1377]], [[-122.2031, 37.1359], [-122.2028, 37.1364], [-122.2027, 37.1359], [-122.2031, 37.1359]], [[-122.2061, 37.1358], [-122.2058, 37.1361], [-122.2058, 37.1358], [-122.2061, 37.1358]], [[-122.2044, 37.1353], [-122.2037, 37.1356], [-122.2037, 37.1353], [-122.2044, 37.1353]], [[-122.2041, 37.1348], [-122.2037, 37.135], [-122.2037, 37.1348], [-122.2041, 37.1348]], [[-122.2051, 37.1342], [-122.2047, 37.1345], [-122.2047, 37.1342], [-122.2051, 37.1342]], [[-122.2098, 37.1333], [-122.2091, 37.1341], [-122.2091, 37.1333], [-122.2098, 37.1333]], [[-122.2044, 37.1337], [-122.2037, 37.1342], [-122.2037, 37.134], [-122.2044, 37.1337]], [[-122.2054, 37.1337], [-122.2051, 37.1339], [-122.205, 37.1337], [-122.2054, 37.1337]]], [[[-122.2138, 37.1327], [-122.2138, 37.1308], [-122.2124, 37.1303], [-122.2131, 37.1308], [-122.2128, 37.1316], [-122.2134, 37.1316], [-122.2138, 37.1327]]], [[[-122.2449, 37.1308], [-122.2448, 37.13], [-122.2435, 37.1297], [-122.2435, 37.1305], [-122.2445, 37.1302], [-122.2449, 37.1308]]], [[[-122.1667, 37.1398], [-122.1663, 37.139], [-122.167, 37.1384], [-122.1663, 37.1379], [-122.1669, 37.1373], [-122.1676, 37.1379], [-122.17, 37.1373], [-122.1655, 37.1363], [-122.1662, 37.1355], [-122.1672, 37.1354], [-122.1662, 37.1352], [-122.1662, 37.1344], [-122.1675, 37.1344], [-122.1668, 37.1341], [-122.1668, 37.1322], [-122.1654, 37.132], [-122.1654, 37.1314], [-122.1631, 37.132], [-122.163, 37.1315], [-122.1607, 37.1312], [-122.1621, 37.1328], [-122.1614, 37.1334], [-122.161, 37.1329], [-122.1604, 37.1334], [-122.1587, 37.1332], [-122.1597, 37.134], [-122.1598, 37.135], [-122.1604, 37.1353], [-122.1608, 37.1345], [-122.1611, 37.1345], [-122.1618, 37.135], [-122.1611, 37.1358], [-122.1615, 37.1358], [-122.1615, 37.1361], [-122.1618, 37.1361], [-122.1618, 37.1363], [-122.1622, 37.1363], [-122.1625, 37.1369], [-122.1632, 37.1369], [-122.1626, 37.1385], [-122.1632, 37.1388], [-122.1636, 37.1382], [-122.1636, 37.1396], [-122.166, 37.1392], [-122.1656, 37.1398], [-122.1667, 37.1398]], [[-122.1642, 37.1379], [-122.1639, 37.1385], [-122.1639, 37.1379], [-122.1642, 37.1379]], [[-122.1662, 37.1373], [-122.1659, 37.1376], [-122.1659, 37.1374], [-122.1662, 37.1373]], [[-122.1659, 37.1368], [-122.1656, 37.1371], [-122.1656, 37.1368], [-122.1659, 37.1368]], [[-122.1648, 37.1349], [-122.1622, 37.1363], [-122.1625, 37.1353], [-122.1648, 37.1349]], [[-122.1645, 37.1358], [-122.1642, 37.136], [-122.1642, 37.1358], [-122.1645, 37.1358]], [[-122.1655, 37.1347], [-122.1652, 37.1349], [-122.1652, 37.1347], [-122.1655, 37.1347]], [[-122.1614, 37.1342], [-122.1611, 37.1345], [-122.1611, 37.1342], [-122.1614, 37.1342]], [[-122.1618, 37.1339], [-122.1614, 37.1342], [-122.1614, 37.1339], [-122.1618, 37.1339]], [[-122.1624, 37.1328], [-122.1621, 37.1331], [-122.1621, 37.1328], [-122.1624, 37.1328]], [[-122.1661, 37.1322], [-122.1654, 37.1328], [-122.1654, 37.1325], [-122.1661, 37.1322]], [[-122.1627, 37.1323], [-122.1624, 37.1326], [-122.1624, 37.1323], [-122.1627, 37.1323]], [[-122.1631, 37.132], [-122.1627, 37.1323], [-122.1627, 37.132], [-122.1631, 37.132]]], [[[-122.1963, 37.1341], [-122.1973, 37.1333], [-122.1962, 37.1319], [-122.1972, 37.1319], [-122.1972, 37.1311], [-122.1965, 37.1303], [-122.1952, 37.1325], [-122.1962, 37.133], [-122.1963, 37.1341]]], [[[-122.1918, 37.1323], [-122.1918, 37.1307], [-122.1914, 37.1315], [-122.1904, 37.1304], [-122.1894, 37.1307], [-122.1901, 37.1312], [-122.1894, 37.1323], [-122.1904, 37.1315], [-122.1918, 37.1323]]], [[[-122.186, 37.1319], [-122.1864, 37.1308], [-122.1857, 37.1305], [-122.1854, 37.1313], [-122.186, 37.1319]]], [[[-122.2912, 37.1293], [-122.2894, 37.1283], [-122.2884, 37.1286], [-122.2885, 37.1291], [-122.2912, 37.1293]]], [[[-122.2398, 37.1322], [-122.2405, 37.1306], [-122.2425, 37.1308], [-122.2401, 37.129], [-122.2401, 37.1303], [-122.2388, 37.1311], [-122.2392, 37.1322], [-122.2398, 37.1322]], [[-122.2411, 37.13], [-122.2408, 37.1303], [-122.2408, 37.13], [-122.2411, 37.13]]], [[[-122.1742, 37.1313], [-122.1749, 37.131], [-122.1745, 37.1302], [-122.1735, 37.1305], [-122.1742, 37.1313]], [[-122.1742, 37.1305], [-122.1738, 37.1307], [-122.1738, 37.1305], [-122.1742, 37.1305]]], [[[-122.1982, 37.1311], [-122.1988, 37.1297], [-122.1968, 37.13], [-122.1972, 37.1308], [-122.1982, 37.1311]], [[-122.1982, 37.1303], [-122.1978, 37.1306], [-122.1978, 37.1303], [-122.1982, 37.1303]]], [[[-122.2864, 37.1292], [-122.2867, 37.1281], [-122.286, 37.1278], [-122.2858, 37.1292], [-122.2864, 37.1292]]], [[[-122.1559, 37.1316], [-122.1559, 37.1311], [-122.1569, 37.1302], [-122.1552, 37.1311], [-122.1559, 37.1316]]], [[[-122.2283, 37.1316], [-122.2276, 37.1297], [-122.2266, 37.1298], [-122.2259, 37.1287], [-122.2245, 37.1293], [-122.2252, 37.13], [-122.2269, 37.13], [-122.2266, 37.1308], [-122.2283, 37.1316]]], [[[-122.1444, 37.1313], [-122.1444, 37.1307], [-122.1434, 37.1302], [-122.1434, 37.131], [-122.1444, 37.1313]]], [[[-122.2374, 37.1301], [-122.2381, 37.1293], [-122.2391, 37.1292], [-122.2387, 37.1284], [-122.2374, 37.129], [-122.2374, 37.1301]]], [[[-122.1769, 37.1301], [-122.1786, 37.1301], [-122.1785, 37.1296], [-122.1769, 37.1301]]], [[[-122.1765, 37.1304], [-122.1765, 37.1293], [-122.1755, 37.1296], [-122.1748, 37.1294], [-122.1748, 37.1299], [-122.1765, 37.1304]]], [[[-122.2039, 37.1294], [-122.2046, 37.1291], [-122.2045, 37.1283], [-122.2035, 37.1286], [-122.2039, 37.1294]]], [[[-122.2161, 37.1291], [-122.2167, 37.1286], [-122.2164, 37.1281], [-122.2157, 37.1283], [-122.2161, 37.1291]]], [[[-122.164, 37.1298], [-122.165, 37.1293], [-122.164, 37.129], [-122.164, 37.1298]]], [[[-122.2445, 37.1297], [-122.2445, 37.1289], [-122.2438, 37.1289], [-122.2441, 37.1281], [-122.2438, 37.1273], [-122.2428, 37.1289], [-122.2445, 37.1297]]], [[[-122.1948, 37.1314], [-122.1948, 37.1303], [-122.1958, 37.1295], [-122.1961, 37.1301], [-122.1971, 37.1298], [-122.1968, 37.1295], [-122.1971, 37.1287], [-122.1954, 37.1284], [-122.1954, 37.1279], [-122.1944, 37.1279], [-122.1941, 37.1287], [-122.1931, 37.1285], [-122.1948, 37.1314]], [[-122.1948, 37.1295], [-122.1941, 37.1298], [-122.1941, 37.1295], [-122.1948, 37.1295]], [[-122.1961, 37.1287], [-122.1948, 37.1295], [-122.1951, 37.1287], [-122.1961, 37.1287]]], [[[-122.1887, 37.1305], [-122.1917, 37.1299], [-122.1897, 37.1294], [-122.188, 37.1278], [-122.1883, 37.1294], [-122.1877, 37.1297], [-122.189, 37.1299], [-122.1887, 37.1305]], [[-122.1897, 37.1299], [-122.1894, 37.1302], [-122.1894, 37.1299], [-122.1897, 37.1299]], [[-122.1894, 37.1291], [-122.189, 37.1294], [-122.189, 37.1291], [-122.1894, 37.1291]]], [[[-122.1971, 37.1295], [-122.1985, 37.1284], [-122.1974, 37.1284], [-122.1971, 37.1276], [-122.1968, 37.1279], [-122.1975, 37.1287], [-122.1971, 37.1295]]], [[[-122.2407, 37.1287], [-122.2407, 37.1273], [-122.2414, 37.127], [-122.2397, 37.1265], [-122.2407, 37.1287]]], [[[-122.1907, 37.1285], [-122.191, 37.1277], [-122.1896, 37.1275], [-122.1893, 37.1283], [-122.1903, 37.128], [-122.1907, 37.1285]]], [[[-122.2427, 37.1273], [-122.2437, 37.1265], [-122.2424, 37.1265], [-122.2427, 37.1273]]], [[[-122.2962, 37.1287], [-122.2965, 37.1273], [-122.2969, 37.1284], [-122.2976, 37.1281], [-122.2972, 37.1273], [-122.2989, 37.1273], [-122.2978, 37.1262], [-122.2988, 37.1249], [-122.2975, 37.126], [-122.2951, 37.1255], [-122.2951, 37.126], [-122.2965, 37.1263], [-122.2958, 37.1271], [-122.2948, 37.1268], [-122.2962, 37.1287]], [[-122.2975, 37.1268], [-122.2972, 37.1271], [-122.2972, 37.1268], [-122.2975, 37.1268]], [[-122.2965, 37.1268], [-122.2962, 37.1271], [-122.2962, 37.1268], [-122.2965, 37.1268]], [[-122.2978, 37.1262], [-122.2975, 37.1265], [-122.2975, 37.1262], [-122.2978, 37.1262]], [[-122.2972, 37.1263], [-122.2968, 37.1265], [-122.2968, 37.1263], [-122.2972, 37.1263]]], [[[-122.1539, 37.1297], [-122.1545, 37.1295], [-122.1538, 37.1276], [-122.1514, 37.1276], [-122.1525, 37.1295], [-122.1538, 37.1287], [-122.1539, 37.1297]]], [[[-122.1781, 37.1274], [-122.1778, 37.1269], [-122.1768, 37.1269], [-122.1771, 37.1274], [-122.1781, 37.1274]]], [[[-122.2174, 37.127], [-122.2177, 37.1261], [-122.2163, 37.1262], [-122.2163, 37.1267], [-122.2174, 37.127]]], [[[-122.2806, 37.1266], [-122.2806, 37.1255], [-122.2795, 37.1247], [-122.2799, 37.1255], [-122.2789, 37.1258], [-122.2806, 37.1266]]], [[[-122.2022, 37.1289], [-122.2032, 37.1283], [-122.2032, 37.1275], [-122.2025, 37.1275], [-122.2032, 37.127], [-122.2021, 37.1267], [-122.2021, 37.1259], [-122.1991, 37.1268], [-122.1991, 37.1284], [-122.2001, 37.1273], [-122.2005, 37.1281], [-122.2015, 37.1278], [-122.2015, 37.1283], [-122.2018, 37.1283], [-122.2022, 37.1289]], [[-122.2022, 37.128], [-122.2018, 37.1283], [-122.2018, 37.1281], [-122.2022, 37.128]], [[-122.2025, 37.1278], [-122.2022, 37.128], [-122.2022, 37.1278], [-122.2025, 37.1278]], [[-122.2022, 37.1275], [-122.2018, 37.1278], [-122.2018, 37.1275], [-122.2022, 37.1275]], [[-122.2011, 37.1267], [-122.2005, 37.127], [-122.2004, 37.1267], [-122.2011, 37.1267]]], [[[-122.158, 37.1324], [-122.1597, 37.1321], [-122.1593, 37.1299], [-122.1613, 37.131], [-122.1606, 37.1288], [-122.1609, 37.1283], [-122.1623, 37.1288], [-122.1623, 37.1277], [-122.1612, 37.1277], [-122.1605, 37.1267], [-122.1599, 37.1272], [-122.1603, 37.1296], [-122.1593, 37.1296], [-122.1586, 37.1289], [-122.1572, 37.1297], [-122.1586, 37.1313], [-122.1576, 37.1318], [-122.158, 37.1324]], [[-122.1606, 37.1296], [-122.1603, 37.1299], [-122.1603, 37.1296], [-122.1606, 37.1296]]], [[[-122.2995, 37.1249], [-122.2995, 37.124], [-122.2978, 37.1243], [-122.2981, 37.1249], [-122.2985, 37.1246], [-122.2995, 37.1249]]], [[[-122.2424, 37.1265], [-122.2417, 37.1262], [-122.2423, 37.1254], [-122.2413, 37.1252], [-122.2407, 37.1262], [-122.2424, 37.1265]]], [[[-122.1582, 37.128], [-122.1582, 37.1272], [-122.1592, 37.1267], [-122.1578, 37.127], [-122.1575, 37.1278], [-122.1582, 37.128]]], [[[-122.1755, 37.1294], [-122.1772, 37.1288], [-122.1771, 37.1277], [-122.1761, 37.1272], [-122.1768, 37.1282], [-122.1758, 37.1285], [-122.1758, 37.1275], [-122.1737, 37.1261], [-122.1741, 37.1286], [-122.1748, 37.1286], [-122.1755, 37.1294]], [[-122.1751, 37.128], [-122.1748, 37.1286], [-122.1748, 37.128], [-122.1751, 37.128]], [[-122.1751, 37.1275], [-122.1748, 37.1277], [-122.1748, 37.1275], [-122.1751, 37.1275]]], [[[-122.188, 37.1278], [-122.1883, 37.1261], [-122.1869, 37.1267], [-122.1862, 37.1259], [-122.1866, 37.1278], [-122.1869, 37.1273], [-122.188, 37.1278]], [[-122.1879, 37.1267], [-122.1876, 37.127], [-122.1876, 37.1267], [-122.1879, 37.1267]]], [[[-122.2785, 37.1255], [-122.2795, 37.1247], [-122.2792, 37.1242], [-122.2782, 37.1247], [-122.2785, 37.1255]]], [[[-122.239, 37.1271], [-122.2393, 37.126], [-122.241, 37.1254], [-122.2406, 37.1249], [-122.239, 37.126], [-122.2386, 37.1252], [-122.2379, 37.1255], [-122.238, 37.1266], [-122.239, 37.1271]], [[-122.2386, 37.126], [-122.2383, 37.1263], [-122.2383, 37.126], [-122.2386, 37.126]]], [[[-122.2805, 37.1247], [-122.2805, 37.1241], [-122.2795, 37.1239], [-122.2795, 37.1244], [-122.2805, 37.1247]]], [[[-122.1629, 37.1269], [-122.1629, 37.1261], [-122.1625, 37.1261], [-122.1619, 37.1269], [-122.1629, 37.1269]]], [[[-122.3008, 37.1235], [-122.3012, 37.124], [-122.3018, 37.1235], [-122.3008, 37.1235]]], [[[-122.2163, 37.1259], [-122.2159, 37.1248], [-122.2156, 37.1248], [-122.215, 37.1259], [-122.2163, 37.1259]]], [[[-122.2461, 37.1259], [-122.2467, 37.1245], [-122.2457, 37.1243], [-122.2454, 37.1254], [-122.2461, 37.1259]]], [[[-122.2921, 37.1261], [-122.2921, 37.1253], [-122.2934, 37.1255], [-122.2937, 37.1247], [-122.293, 37.1244], [-122.2937, 37.1242], [-122.2934, 37.1234], [-122.2927, 37.1239], [-122.2923, 37.1231], [-122.2903, 37.1242], [-122.292, 37.1247], [-122.2911, 37.1256], [-122.2921, 37.1261]], [[-122.292, 37.1242], [-122.2917, 37.1245], [-122.2917, 37.1242], [-122.292, 37.1242]]], [[[-122.1842, 37.1276], [-122.1859, 37.1262], [-122.1855, 37.1251], [-122.1832, 37.1273], [-122.1842, 37.1276]], [[-122.1849, 37.1262], [-122.1845, 37.1268], [-122.1845, 37.1262], [-122.1849, 37.1262]]], [[[-122.2441, 37.1262], [-122.244, 37.124], [-122.2426, 37.1241], [-122.243, 37.1246], [-122.242, 37.1246], [-122.242, 37.1251], [-122.243, 37.1249], [-122.2441, 37.1262]], [[-122.2437, 37.1246], [-122.2433, 37.1248], [-122.2433, 37.1246], [-122.2437, 37.1246]]], [[[-122.2352, 37.1245], [-122.2362, 37.1247], [-122.2362, 37.1242], [-122.2352, 37.1245]]], [[[-122.1484, 37.1266], [-122.1483, 37.1258], [-122.1476, 37.1255], [-122.1477, 37.1263], [-122.1484, 37.1266]]], [[[-122.1737, 37.1259], [-122.1727, 37.1256], [-122.1723, 37.1251], [-122.1723, 37.1259], [-122.1737, 37.1259]]], [[[-122.2893, 37.1245], [-122.289, 37.1232], [-122.2896, 37.1234], [-122.2896, 37.1229], [-122.2886, 37.1229], [-122.2883, 37.1243], [-122.2893, 37.1245]]], [[[-122.1771, 37.1266], [-122.1774, 37.1253], [-122.1757, 37.125], [-122.1744, 37.1256], [-122.1744, 37.1261], [-122.1767, 37.1261], [-122.1771, 37.1266]]], [[[-122.1619, 37.1266], [-122.1622, 37.1261], [-122.1612, 37.1261], [-122.1612, 37.125], [-122.1605, 37.125], [-122.1605, 37.1264], [-122.1619, 37.1266]]], [[[-122.2988, 37.1238], [-122.3001, 37.123], [-122.3001, 37.1224], [-122.2984, 37.1224], [-122.2988, 37.1238]]], [[[-122.2285, 37.1249], [-122.2288, 37.124], [-122.2274, 37.1235], [-122.2274, 37.1243], [-122.2285, 37.1249]]], [[[-122.1706, 37.1257], [-122.171, 37.1248], [-122.1693, 37.1246], [-122.1693, 37.1254], [-122.1706, 37.1257]]], [[[-122.2905, 37.128], [-122.2911, 37.1272], [-122.2894, 37.1272], [-122.2894, 37.1261], [-122.2907, 37.1264], [-122.2907, 37.1256], [-122.29, 37.1258], [-122.2903, 37.1245], [-122.2893, 37.1245], [-122.2893, 37.1251], [-122.288, 37.1245], [-122.288, 37.1251], [-122.2873, 37.1251], [-122.2876, 37.1245], [-122.2863, 37.1243], [-122.2866, 37.1235], [-122.2859, 37.123], [-122.2852, 37.1232], [-122.2856, 37.124], [-122.2849, 37.1241], [-122.2849, 37.1227], [-122.2835, 37.1225], [-122.2832, 37.1233], [-122.2846, 37.1238], [-122.2843, 37.1249], [-122.2856, 37.1251], [-122.2856, 37.1257], [-122.2863, 37.1256], [-122.286, 37.1262], [-122.2867, 37.1262], [-122.2864, 37.1278], [-122.2877, 37.1278], [-122.288, 37.1267], [-122.2881, 37.1272], [-122.2891, 37.1269], [-122.2891, 37.128], [-122.2905, 37.128]], [[-122.2887, 37.1261], [-122.2884, 37.1264], [-122.2884, 37.1262], [-122.2887, 37.1261]], [[-122.288, 37.1262], [-122.2877, 37.1264], [-122.2877, 37.1262], [-122.288, 37.1262]], [[-122.2884, 37.1262], [-122.2873, 37.1259], [-122.287, 37.1254], [-122.2883, 37.1256], [-122.2884, 37.1262]], [[-122.2873, 37.1259], [-122.287, 37.1262], [-122.287, 37.1259], [-122.2873, 37.1259]], [[-122.2866, 37.1251], [-122.2863, 37.1256], [-122.286, 37.1251], [-122.2866, 37.1251]], [[-122.29, 37.125], [-122.2897, 37.1253], [-122.2897, 37.125], [-122.29, 37.125]]], [[[-122.2937, 37.1233], [-122.2943, 37.1225], [-122.293, 37.1228], [-122.293, 37.122], [-122.2923, 37.122], [-122.2923, 37.1231], [-122.2937, 37.1233]]], [[[-122.222, 37.1239], [-122.2234, 37.1241], [-122.2233, 37.1233], [-122.222, 37.1239]]], [[[-122.1483, 37.1255], [-122.149, 37.1247], [-122.1473, 37.1247], [-122.1473, 37.125], [-122.1483, 37.1255]]], [[[-122.2899, 37.1226], [-122.2899, 37.1218], [-122.2892, 37.1218], [-122.2893, 37.1226], [-122.2899, 37.1226]]], [[[-122.1521, 37.126], [-122.1527, 37.1252], [-122.1527, 37.1244], [-122.151, 37.1249], [-122.1521, 37.126]]], [[[-122.226, 37.133], [-122.2249, 37.1311], [-122.2239, 37.1312], [-122.2239, 37.1303], [-122.2222, 37.1296], [-122.2228, 37.129], [-122.2242, 37.1295], [-122.2248, 37.1284], [-122.2238, 37.129], [-122.2225, 37.1279], [-122.2208, 37.1285], [-122.2211, 37.1277], [-122.2241, 37.1274], [-122.2293, 37.1308], [-122.231, 37.131], [-122.2313, 37.1302], [-122.2324, 37.131], [-122.233, 37.1302], [-122.2337, 37.1302], [-122.2337, 37.131], [-122.2351, 37.1307], [-122.2354, 37.1293], [-122.2343, 37.128], [-122.237, 37.1274], [-122.2353, 37.1266], [-122.2348, 37.1231], [-122.2335, 37.1229], [-122.2328, 37.124], [-122.2298, 37.1238], [-122.2285, 37.1249], [-122.2302, 37.1251], [-122.2295, 37.1256], [-122.2309, 37.1256], [-122.2305, 37.1264], [-122.2292, 37.1262], [-122.2289, 37.1273], [-122.2296, 37.1278], [-122.2275, 37.1268], [-122.2248, 37.1265], [-122.2248, 37.1257], [-122.2224, 37.1255], [-122.2221, 37.1261], [-122.2204, 37.1256], [-122.2204, 37.1272], [-122.2197, 37.1272], [-122.2191, 37.1285], [-122.2215, 37.129], [-122.2212, 37.1304], [-122.2222, 37.1304], [-122.2216, 37.1323], [-122.226, 37.133]], [[-122.2313, 37.1297], [-122.231, 37.1302], [-122.231, 37.1297], [-122.2313, 37.1297]], [[-122.2327, 37.1296], [-122.2323, 37.1299], [-122.2323, 37.1296], [-122.2327, 37.1296]], [[-122.2306, 37.1294], [-122.2303, 37.1297], [-122.2303, 37.1294], [-122.2306, 37.1294]], [[-122.2337, 37.1288], [-122.2313, 37.1283], [-122.2319, 37.128], [-122.2316, 37.1275], [-122.2329, 37.1277], [-122.2337, 37.1288]], [[-122.2286, 37.1284], [-122.2282, 37.1286], [-122.2282, 37.1284], [-122.2286, 37.1284]], [[-122.2312, 37.127], [-122.2306, 37.1281], [-122.2305, 37.1267], [-122.2312, 37.127]], [[-122.2204, 37.128], [-122.2201, 37.1283], [-122.2201, 37.128], [-122.2204, 37.128]], [[-122.2302, 37.1273], [-122.2295, 37.1273], [-122.2295, 37.1267], [-122.2299, 37.1267], [-122.2302, 37.1273]], [[-122.2214, 37.1263], [-122.2211, 37.1269], [-122.2207, 37.1264], [-122.2214, 37.1263]], [[-122.2244, 37.1263], [-122.2241, 37.1266], [-122.2241, 37.1263], [-122.2244, 37.1263]], [[-122.2325, 37.1259], [-122.2322, 37.1261], [-122.2322, 37.1259], [-122.2325, 37.1259]], [[-122.2319, 37.1259], [-122.2315, 37.1262], [-122.2315, 37.1259], [-122.2319, 37.1259]], [[-122.2312, 37.1259], [-122.2309, 37.1262], [-122.2309, 37.1259], [-122.2312, 37.1259]], [[-122.2332, 37.1248], [-122.2325, 37.1253], [-122.2325, 37.1248], [-122.2332, 37.1248]], [[-122.2342, 37.1234], [-122.2338, 37.1239], [-122.2338, 37.1234], [-122.2342, 37.1234]]], [[[-122.1662, 37.1249], [-122.1662, 37.1241], [-122.1655, 37.1239], [-122.1656, 37.1249], [-122.1662, 37.1249]]], [[[-122.2315, 37.1235], [-122.2318, 37.1226], [-122.2308, 37.1227], [-122.2304, 37.1235], [-122.2315, 37.1235]], [[-122.2311, 37.1229], [-122.2308, 37.1232], [-122.2308, 37.1229], [-122.2311, 37.1229]]], [[[-122.1764, 37.1245], [-122.1767, 37.1239], [-122.1757, 37.1237], [-122.1753, 37.1242], [-122.1764, 37.1245]]], [[[-122.218, 37.124], [-122.2176, 37.1234], [-122.2166, 37.1235], [-122.2169, 37.1229], [-122.2162, 37.1229], [-122.2159, 37.1237], [-122.218, 37.124]]], [[[-122.271, 37.1227], [-122.2717, 37.1224], [-122.2713, 37.1216], [-122.2703, 37.1219], [-122.271, 37.1227]]], [[[-122.1612, 37.1248], [-122.1618, 37.1242], [-122.1628, 37.1242], [-122.1628, 37.1236], [-122.1611, 37.1239], [-122.1612, 37.1248]]], [[[-122.1643, 37.1274], [-122.1649, 37.1268], [-122.1639, 37.1263], [-122.1645, 37.1236], [-122.1632, 37.1239], [-122.1632, 37.1266], [-122.1643, 37.1274]]], [[[-122.2463, 37.1232], [-122.2467, 37.1226], [-122.2477, 37.1226], [-122.248, 37.1218], [-122.2466, 37.1218], [-122.2456, 37.1226], [-122.2463, 37.1232]]], [[[-122.1767, 37.1239], [-122.178, 37.1239], [-122.178, 37.1231], [-122.177, 37.1231], [-122.1767, 37.1239]]], [[[-122.2886, 37.1224], [-122.2885, 37.1207], [-122.2879, 37.1208], [-122.2872, 37.1216], [-122.2872, 37.1224], [-122.2886, 37.1224]], [[-122.2879, 37.1216], [-122.2876, 37.1218], [-122.2876, 37.1216], [-122.2879, 37.1216]]], [[[-122.1841, 37.1246], [-122.1851, 37.1238], [-122.1851, 37.123], [-122.1858, 37.1227], [-122.1848, 37.1227], [-122.1848, 37.1235], [-122.1838, 37.1233], [-122.1841, 37.1246]]], [[[-122.2528, 37.1233], [-122.2534, 37.1225], [-122.2517, 37.1212], [-122.2511, 37.1225], [-122.2517, 37.1228], [-122.2521, 37.122], [-122.2518, 37.1233], [-122.2528, 37.1233]]], [[[-122.2257, 37.123], [-122.2253, 37.1217], [-122.2236, 37.122], [-122.225, 37.123], [-122.2257, 37.123]]], [[[-122.2074, 37.1325], [-122.2091, 37.1322], [-122.208, 37.132], [-122.2087, 37.1309], [-122.2097, 37.1311], [-122.2094, 37.1317], [-122.2097, 37.1322], [-122.2104, 37.1303], [-122.2117, 37.1303], [-122.2117, 37.1292], [-122.211, 37.1295], [-122.2113, 37.1284], [-122.2117, 37.1284], [-122.2117, 37.129], [-122.2144, 37.1292], [-122.214, 37.1281], [-122.2157, 37.1275], [-122.2156, 37.1262], [-122.2146, 37.1262], [-122.2139, 37.1249], [-122.2129, 37.1252], [-122.2139, 37.1246], [-122.2139, 37.1235], [-122.2132, 37.1235], [-122.2135, 37.123], [-122.2125, 37.1219], [-122.2118, 37.1222], [-122.2128, 37.1227], [-122.2129, 37.1235], [-122.2115, 37.1233], [-122.2125, 37.1243], [-122.2112, 37.1246], [-122.2116, 37.1265], [-122.2095, 37.1258], [-122.2085, 37.126], [-122.2092, 37.1263], [-122.2089, 37.1268], [-122.2106, 37.1268], [-122.2109, 37.1273], [-122.2103, 37.1279], [-122.2096, 37.1274], [-122.21, 37.1284], [-122.2076, 37.1285], [-122.209, 37.129], [-122.2066, 37.1293], [-122.2077, 37.1304], [-122.2073, 37.1312], [-122.208, 37.1312], [-122.2067, 37.1323], [-122.2074, 37.1323], [-122.2074, 37.1325]], [[-122.2077, 37.132], [-122.2074, 37.1323], [-122.2074, 37.132], [-122.2077, 37.132]], [[-122.211, 37.1298], [-122.2097, 37.1303], [-122.2093, 37.1295], [-122.2103, 37.1292], [-122.211, 37.1298]], [[-122.2093, 37.1303], [-122.2087, 37.1304], [-122.2087, 37.1298], [-122.209, 37.1298], [-122.2093, 37.1303]], [[-122.2137, 37.1281], [-122.2133, 37.1284], [-122.2133, 37.1281], [-122.2137, 37.1281]], [[-122.212, 37.1281], [-122.2117, 37.1284], [-122.2116, 37.1281], [-122.212, 37.1281]], [[-122.214, 37.127], [-122.2133, 37.1278], [-122.2133, 37.127], [-122.214, 37.127]], [[-122.2126, 37.1276], [-122.2123, 37.1279], [-122.2123, 37.1276], [-122.2126, 37.1276]], [[-122.2113, 37.1276], [-122.211, 37.1279], [-122.211, 37.1276], [-122.2113, 37.1276]], [[-122.2146, 37.1265], [-122.2143, 37.127], [-122.2143, 37.1265], [-122.2146, 37.1265]], [[-122.2126, 37.1254], [-122.2123, 37.126], [-122.2122, 37.1254], [-122.2126, 37.1254]], [[-122.2122, 37.1252], [-122.2119, 37.1254], [-122.2119, 37.1252], [-122.2122, 37.1252]]], [[[-122.246, 37.1221], [-122.2456, 37.1213], [-122.2449, 37.1213], [-122.2449, 37.1218], [-122.246, 37.1221]]], [[[-122.25, 37.1212], [-122.2504, 37.1217], [-122.2514, 37.1215], [-122.25, 37.1212]]], [[[-122.2034, 37.1245], [-122.2048, 37.124], [-122.2047, 37.1221], [-122.2027, 37.1226], [-122.2034, 37.1245]]], [[[-122.2169, 37.1224], [-122.2169, 37.1218], [-122.2175, 37.1216], [-122.2162, 37.1216], [-122.2169, 37.1224]]], [[[-122.1578, 37.1256], [-122.1577, 37.1229], [-122.1564, 37.1238], [-122.1564, 37.1227], [-122.1557, 37.1227], [-122.1554, 37.1235], [-122.1561, 37.1238], [-122.1547, 37.1243], [-122.1554, 37.1246], [-122.1551, 37.1254], [-122.1561, 37.1248], [-122.1578, 37.1256]]], [[[-122.1862, 37.1251], [-122.1868, 37.1232], [-122.1878, 37.1237], [-122.1885, 37.1221], [-122.1861, 37.1219], [-122.1865, 37.1229], [-122.1851, 37.1238], [-122.1852, 37.1249], [-122.1862, 37.1251]], [[-122.1858, 37.1238], [-122.1855, 37.124], [-122.1855, 37.1238], [-122.1858, 37.1238]], [[-122.1878, 37.1224], [-122.1875, 37.1227], [-122.1875, 37.1224], [-122.1878, 37.1224]]], [[[-122.274, 37.1224], [-122.2737, 37.1213], [-122.273, 37.1213], [-122.2737, 37.1205], [-122.272, 37.1203], [-122.2723, 37.1208], [-122.2713, 37.1208], [-122.2727, 37.1211], [-122.272, 37.1221], [-122.2734, 37.1218], [-122.274, 37.1224]]], [[[-122.1991, 37.1262], [-122.2, 37.1238], [-122.2004, 37.1246], [-122.2014, 37.1246], [-122.2014, 37.1237], [-122.2, 37.1232], [-122.1987, 37.1246], [-122.1986, 37.1227], [-122.1996, 37.1222], [-122.1986, 37.1214], [-122.1979, 37.1222], [-122.1983, 37.1233], [-122.1976, 37.1235], [-122.1977, 37.1249], [-122.1984, 37.1252], [-122.1977, 37.1262], [-122.1991, 37.1262]], [[-122.1987, 37.1246], [-122.1984, 37.1249], [-122.1984, 37.1246], [-122.1987, 37.1246]], [[-122.1983, 37.1243], [-122.198, 37.1246], [-122.198, 37.1243], [-122.1983, 37.1243]]], [[[-122.2229, 37.1215], [-122.2229, 37.1209], [-122.2216, 37.1209], [-122.2219, 37.1215], [-122.2229, 37.1215]]], [[[-122.1776, 37.1218], [-122.1783, 37.122], [-122.1793, 37.1217], [-122.1776, 37.1218]]], [[[-122.1669, 37.1233], [-122.1668, 37.1228], [-122.1655, 37.1217], [-122.1655, 37.1225], [-122.1669, 37.1233]]], [[[-122.2149, 37.1221], [-122.2155, 37.1216], [-122.2152, 37.1208], [-122.2138, 37.1211], [-122.2149, 37.1221]]], [[[-122.2696, 37.1198], [-122.2703, 37.12], [-122.2709, 37.1195], [-122.2696, 37.1198]]], [[[-122.1851, 37.1343], [-122.185, 37.1324], [-122.1834, 37.1327], [-122.1827, 37.1319], [-122.1813, 37.1319], [-122.1823, 37.1317], [-122.1816, 37.1309], [-122.181, 37.1311], [-122.1809, 37.1301], [-122.1813, 37.1306], [-122.1826, 37.1303], [-122.1837, 37.1314], [-122.1847, 37.1308], [-122.1833, 37.1306], [-122.1833, 37.1289], [-122.1819, 37.1287], [-122.1822, 37.1265], [-122.1815, 37.1255], [-122.1828, 37.1249], [-122.1838, 37.1257], [-122.1831, 37.1246], [-122.1838, 37.1238], [-122.1811, 37.1247], [-122.1814, 37.1236], [-122.1831, 37.1233], [-122.1814, 37.1233], [-122.182, 37.1219], [-122.1814, 37.1222], [-122.1807, 37.1209], [-122.1807, 37.1217], [-122.1797, 37.122], [-122.1808, 37.1241], [-122.1801, 37.1233], [-122.179, 37.1236], [-122.1784, 37.1231], [-122.1784, 37.1242], [-122.1794, 37.1239], [-122.1794, 37.1244], [-122.1808, 37.1247], [-122.1809, 37.1279], [-122.1802, 37.1279], [-122.1802, 37.1287], [-122.1795, 37.1279], [-122.1775, 37.1285], [-122.1799, 37.1293], [-122.1796, 37.1314], [-122.1806, 37.1311], [-122.1813, 37.1325], [-122.1841, 37.133], [-122.1837, 37.1338], [-122.1851, 37.1343]], [[-122.1806, 37.1306], [-122.1803, 37.1309], [-122.1803, 37.1306], [-122.1806, 37.1306]], [[-122.1829, 37.1295], [-122.1823, 37.1298], [-122.1823, 37.1295], [-122.1829, 37.1295]], [[-122.1812, 37.1295], [-122.1809, 37.1298], [-122.1809, 37.1295], [-122.1812, 37.1295]], [[-122.1822, 37.129], [-122.1819, 37.1292], [-122.1819, 37.129], [-122.1822, 37.129]], [[-122.1809, 37.129], [-122.1806, 37.1293], [-122.1806, 37.129], [-122.1809, 37.129]], [[-122.1812, 37.1284], [-122.1809, 37.1287], [-122.1809, 37.1284], [-122.1812, 37.1284]], [[-122.1792, 37.1282], [-122.1788, 37.1285], [-122.1788, 37.1282], [-122.1792, 37.1282]], [[-122.1815, 37.1276], [-122.1812, 37.1279], [-122.1812, 37.1276], [-122.1815, 37.1276]], [[-122.1828, 37.1244], [-122.1825, 37.1246], [-122.1824, 37.1244], [-122.1828, 37.1244]]], [[[-122.1895, 37.1218], [-122.1895, 37.121], [-122.1874, 37.121], [-122.1878, 37.1218], [-122.1895, 37.1218]]], [[[-122.2899, 37.1199], [-122.2909, 37.1191], [-122.2902, 37.1188], [-122.2899, 37.1199]]], [[[-122.1608, 37.1234], [-122.1618, 37.1226], [-122.1621, 37.1231], [-122.1628, 37.1228], [-122.1631, 37.1212], [-122.1617, 37.1212], [-122.1618, 37.1223], [-122.1601, 37.1229], [-122.1608, 37.1234]]], [[[-122.2385, 37.1206], [-122.2395, 37.1201], [-122.2388, 37.1198], [-122.2385, 37.1206]]], [[[-122.2108, 37.1211], [-122.2114, 37.12], [-122.2087, 37.1209], [-122.2087, 37.1212], [-122.2108, 37.1211]]], [[[-122.2831, 37.119], [-122.2841, 37.1189], [-122.2841, 37.1184], [-122.2831, 37.119]]], [[[-122.1547, 37.1241], [-122.156, 37.1216], [-122.1543, 37.1203], [-122.1533, 37.1214], [-122.1543, 37.1216], [-122.154, 37.1227], [-122.1547, 37.1233], [-122.1544, 37.1238], [-122.1533, 37.1235], [-122.1534, 37.1241], [-122.1547, 37.1241]], [[-122.1546, 37.1214], [-122.1543, 37.1216], [-122.1543, 37.1214], [-122.1546, 37.1214]], [[-122.155, 37.1211], [-122.1546, 37.1214], [-122.1546, 37.1211], [-122.155, 37.1211]]], [[[-122.1844, 37.1211], [-122.184, 37.12], [-122.1833, 37.1198], [-122.1834, 37.1208], [-122.1844, 37.1211]]], [[[-122.2097, 37.1193], [-122.21, 37.1198], [-122.211, 37.1192], [-122.2097, 37.1193]]], [[[-122.248, 37.1218], [-122.25, 37.1209], [-122.249, 37.1202], [-122.2493, 37.1191], [-122.2479, 37.1183], [-122.2476, 37.1191], [-122.2486, 37.1196], [-122.247, 37.1213], [-122.2483, 37.121], [-122.248, 37.1218]]], [[[-122.1438, 37.1213], [-122.1445, 37.1205], [-122.1438, 37.1202], [-122.1438, 37.1213]]], [[[-122.1686, 37.1249], [-122.1696, 37.1241], [-122.1703, 37.1243], [-122.1703, 37.1238], [-122.1713, 37.1243], [-122.1713, 37.1235], [-122.1723, 37.124], [-122.1767, 37.1231], [-122.1753, 37.1229], [-122.1753, 37.1213], [-122.1746, 37.1218], [-122.1736, 37.121], [-122.1729, 37.1224], [-122.1729, 37.1216], [-122.1712, 37.1221], [-122.1695, 37.1197], [-122.1678, 37.1198], [-122.1685, 37.12], [-122.1681, 37.1206], [-122.1664, 37.1201], [-122.1661, 37.1209], [-122.1678, 37.1211], [-122.1672, 37.1222], [-122.1685, 37.1222], [-122.1686, 37.1235], [-122.1672, 37.1236], [-122.1682, 37.1238], [-122.1676, 37.1244], [-122.1686, 37.1249]], [[-122.1689, 37.1238], [-122.1686, 37.1243], [-122.1686, 37.1238], [-122.1689, 37.1238]], [[-122.1696, 37.1238], [-122.1693, 37.1241], [-122.1692, 37.1238], [-122.1696, 37.1238]], [[-122.1692, 37.1233], [-122.1689, 37.1238], [-122.1689, 37.1233], [-122.1692, 37.1233]], [[-122.1719, 37.1229], [-122.1716, 37.1232], [-122.1716, 37.1229], [-122.1719, 37.1229]], [[-122.1699, 37.123], [-122.1696, 37.1233], [-122.1696, 37.123], [-122.1699, 37.123]], [[-122.1726, 37.1227], [-122.1719, 37.1229], [-122.1719, 37.1227], [-122.1726, 37.1227]], [[-122.1729, 37.1224], [-122.1726, 37.1227], [-122.1726, 37.1224], [-122.1729, 37.1224]], [[-122.1695, 37.1224], [-122.1689, 37.1227], [-122.1689, 37.1225], [-122.1695, 37.1224]], [[-122.1705, 37.1216], [-122.1702, 37.1222], [-122.1699, 37.1216], [-122.1705, 37.1216]], [[-122.1702, 37.1211], [-122.1698, 37.1214], [-122.1698, 37.1211], [-122.1702, 37.1211]], [[-122.1691, 37.1206], [-122.1685, 37.1208], [-122.1685, 37.1206], [-122.1691, 37.1206]]], [[[-122.1614, 37.121], [-122.1617, 37.1202], [-122.161, 37.1199], [-122.1607, 37.1207], [-122.1614, 37.121]]], [[[-122.1517, 37.1244], [-122.152, 37.123], [-122.1527, 37.1233], [-122.153, 37.1225], [-122.1529, 37.1217], [-122.1519, 37.1211], [-122.1522, 37.1201], [-122.1488, 37.1201], [-122.1499, 37.1209], [-122.1509, 37.1206], [-122.1502, 37.1214], [-122.1516, 37.1214], [-122.1499, 37.122], [-122.1503, 37.1225], [-122.1513, 37.1222], [-122.1506, 37.1239], [-122.1517, 37.1244]], [[-122.1516, 37.1233], [-122.1513, 37.1236], [-122.1513, 37.1233], [-122.1516, 37.1233]]], [[[-122.2499, 37.1188], [-122.2499, 37.118], [-122.2486, 37.1183], [-122.2489, 37.1188], [-122.2499, 37.1188]]], [[[-122.2858, 37.1189], [-122.2857, 37.1173], [-122.2847, 37.1173], [-122.2851, 37.1187], [-122.2858, 37.1189]]], [[[-122.1627, 37.1209], [-122.163, 37.1196], [-122.1617, 37.1193], [-122.1613, 37.1196], [-122.162, 37.1199], [-122.1617, 37.1207], [-122.1627, 37.1209]]], [[[-122.1742, 37.1197], [-122.1752, 37.1199], [-122.1752, 37.1191], [-122.1742, 37.1197]]], [[[-122.1367, 37.1206], [-122.1367, 37.1201], [-122.1356, 37.1195], [-122.1353, 37.1204], [-122.1367, 37.1206]]], [[[-122.2077, 37.1198], [-122.209, 37.1187], [-122.2087, 37.1182], [-122.2076, 37.1182], [-122.207, 37.1191], [-122.2077, 37.1198]]], [[[-122.2503, 37.1207], [-122.2503, 37.1196], [-122.251, 37.1193], [-122.251, 37.1201], [-122.2517, 37.1201], [-122.2513, 37.119], [-122.2527, 37.1195], [-122.2533, 37.1179], [-122.2519, 37.1182], [-122.2516, 37.1177], [-122.2513, 37.1188], [-122.2502, 37.1172], [-122.2503, 37.1188], [-122.2496, 37.1191], [-122.2503, 37.1207]]], [[[-122.2757, 37.1199], [-122.276, 37.1188], [-122.2773, 37.1183], [-122.2749, 37.1178], [-122.2742, 37.1167], [-122.2743, 37.1183], [-122.2726, 37.1178], [-122.2732, 37.1167], [-122.2722, 37.1176], [-122.2709, 37.1176], [-122.2709, 37.1181], [-122.2722, 37.1178], [-122.2726, 37.1194], [-122.2757, 37.1199]], [[-122.2746, 37.1186], [-122.2743, 37.1189], [-122.2743, 37.1186], [-122.2746, 37.1186]]], [[[-122.1745, 37.1194], [-122.1745, 37.1186], [-122.1735, 37.1189], [-122.1735, 37.1191], [-122.1745, 37.1194]]], [[[-122.164, 37.1196], [-122.164, 37.1185], [-122.1637, 37.1185], [-122.1634, 37.1193], [-122.164, 37.1196]]], [[[-122.2107, 37.1187], [-122.2114, 37.1182], [-122.21, 37.1174], [-122.21, 37.1182], [-122.209, 37.1185], [-122.2107, 37.1187]]], [[[-122.1515, 37.1195], [-122.1536, 37.1192], [-122.1532, 37.1184], [-122.1515, 37.1195]]], [[[-122.2076, 37.118], [-122.209, 37.1174], [-122.2076, 37.1177], [-122.2076, 37.118]]], [[[-122.2188, 37.118], [-122.2188, 37.1175], [-122.2194, 37.1169], [-122.2184, 37.1169], [-122.2188, 37.118]]], [[[-122.2742, 37.1167], [-122.2752, 37.1161], [-122.2745, 37.1156], [-122.2742, 37.1167]]], [[[-122.2073, 37.1166], [-122.2103, 37.1168], [-122.2103, 37.1163], [-122.2073, 37.1166]]], [[[-122.1502, 37.1198], [-122.1502, 37.1193], [-122.1522, 37.119], [-122.1518, 37.1179], [-122.1511, 37.1179], [-122.1515, 37.1174], [-122.1491, 37.1188], [-122.1492, 37.1198], [-122.1502, 37.1198]], [[-122.1502, 37.119], [-122.1498, 37.1193], [-122.1498, 37.119], [-122.1502, 37.119]], [[-122.1505, 37.1187], [-122.1502, 37.119], [-122.1502, 37.1187], [-122.1505, 37.1187]]], [[[-122.2576, 37.1159], [-122.2576, 37.1154], [-122.2586, 37.1151], [-122.2576, 37.1149], [-122.2569, 37.1154], [-122.2576, 37.1159]]], [[[-122.14, 37.1181], [-122.141, 37.1173], [-122.1403, 37.117], [-122.14, 37.1181]]], [[[-122.2167, 37.1173], [-122.2167, 37.1151], [-122.216, 37.1151], [-122.216, 37.1162], [-122.2167, 37.1173]]], [[[-122.1484, 37.118], [-122.1491, 37.1171], [-122.1498, 37.1174], [-122.1494, 37.1163], [-122.1484, 37.1163], [-122.1484, 37.1172], [-122.1477, 37.1172], [-122.1484, 37.118]]], [[[-122.1607, 37.1199], [-122.1617, 37.1191], [-122.161, 37.1185], [-122.1616, 37.1183], [-122.162, 37.1175], [-122.1613, 37.1175], [-122.1602, 37.1161], [-122.1592, 37.1164], [-122.1585, 37.1159], [-122.1586, 37.1167], [-122.1575, 37.1165], [-122.1572, 37.1173], [-122.1582, 37.1172], [-122.1579, 37.1181], [-122.1593, 37.1186], [-122.1599, 37.118], [-122.1603, 37.1188], [-122.1596, 37.1194], [-122.1607, 37.1199]], [[-122.1613, 37.118], [-122.161, 37.1183], [-122.161, 37.118], [-122.1613, 37.118]], [[-122.1606, 37.1172], [-122.1603, 37.118], [-122.1603, 37.1172], [-122.1606, 37.1172]], [[-122.1613, 37.1175], [-122.161, 37.1177], [-122.1609, 37.1175], [-122.1613, 37.1175]], [[-122.1592, 37.1172], [-122.1589, 37.1175], [-122.1589, 37.1172], [-122.1592, 37.1172]]], [[[-122.214, 37.1162], [-122.214, 37.1151], [-122.2133, 37.1149], [-122.2133, 37.116], [-122.214, 37.1162]]], [[[-122.2123, 37.1152], [-122.213, 37.1157], [-122.2129, 37.1149], [-122.2123, 37.1152]]], [[[-122.2783, 37.1174], [-122.2776, 37.1169], [-122.2783, 37.1164], [-122.2779, 37.115], [-122.2769, 37.115], [-122.2765, 37.114], [-122.2751, 37.1134], [-122.2752, 37.1153], [-122.2765, 37.1156], [-122.2763, 37.1172], [-122.2783, 37.1174]], [[-122.2762, 37.1145], [-122.2758, 37.1148], [-122.2758, 37.1145], [-122.2762, 37.1145]]], [[[-122.2576, 37.1149], [-122.2565, 37.1138], [-122.2552, 37.1144], [-122.2552, 37.1146], [-122.2576, 37.1149]]], [[[-122.2867, 37.1148], [-122.2877, 37.114], [-122.2873, 37.1132], [-122.2853, 37.1141], [-122.2867, 37.1148]]], [[[-122.2657, 37.1144], [-122.2657, 37.1136], [-122.265, 37.1136], [-122.2647, 37.1142], [-122.2657, 37.1144]]], [[[-122.2339, 37.1148], [-122.2336, 37.114], [-122.2305, 37.1146], [-122.2305, 37.1148], [-122.2339, 37.1148]]], [[[-122.2806, 37.1147], [-122.2802, 37.1133], [-122.2792, 37.1128], [-122.2792, 37.1134], [-122.2806, 37.1147]]], [[[-122.2062, 37.1153], [-122.2065, 37.1147], [-122.2055, 37.1142], [-122.2055, 37.115], [-122.2062, 37.1153]]], [[[-122.1399, 37.1165], [-122.1399, 37.1154], [-122.1389, 37.1157], [-122.1389, 37.1162], [-122.1399, 37.1165]]], [[[-122.2109, 37.1149], [-122.2112, 37.1138], [-122.2095, 37.1139], [-122.2096, 37.1144], [-122.2109, 37.1149]]], [[[-122.2076, 37.1155], [-122.2079, 37.1144], [-122.2085, 37.1144], [-122.2078, 37.1139], [-122.2072, 37.1139], [-122.2076, 37.1155]]], [[[-122.2562, 37.1138], [-122.2562, 37.1127], [-122.2558, 37.1127], [-122.2552, 37.1138], [-122.2562, 37.1138]]], [[[-122.2027, 37.1226], [-122.204, 37.1207], [-122.206, 37.1212], [-122.206, 37.1204], [-122.2047, 37.1204], [-122.204, 37.1196], [-122.205, 37.1191], [-122.2063, 37.1193], [-122.2063, 37.1188], [-122.2056, 37.1177], [-122.2059, 37.1158], [-122.2045, 37.1156], [-122.2042, 37.1148], [-122.2018, 37.1137], [-122.2014, 37.1143], [-122.2028, 37.1148], [-122.2029, 37.117], [-122.2015, 37.1167], [-122.2002, 37.1181], [-122.1998, 37.1173], [-122.2012, 37.1162], [-122.2005, 37.1154], [-122.1998, 37.1154], [-122.2001, 37.1165], [-122.1991, 37.1165], [-122.1991, 37.1154], [-122.1981, 37.1157], [-122.1978, 37.1168], [-122.1991, 37.1168], [-122.1995, 37.1181], [-122.1985, 37.1184], [-122.1976, 37.1214], [-122.1989, 37.1211], [-122.1982, 37.1208], [-122.1989, 37.1206], [-122.1985, 37.1197], [-122.2005, 37.1184], [-122.1999, 37.1203], [-122.2006, 37.1202], [-122.201, 37.1224], [-122.2027, 37.1226]], [[-122.202, 37.1218], [-122.201, 37.1213], [-122.2013, 37.1208], [-122.202, 37.1208], [-122.202, 37.1218]], [[-122.2033, 37.121], [-122.2023, 37.121], [-122.2023, 37.1205], [-122.203, 37.1205], [-122.2033, 37.121]], [[-122.2016, 37.1194], [-122.2013, 37.1197], [-122.2012, 37.1194], [-122.2016, 37.1194]], [[-122.2033, 37.1191], [-122.2029, 37.1194], [-122.2029, 37.1191], [-122.2033, 37.1191]], [[-122.2029, 37.1183], [-122.2026, 37.1191], [-122.2026, 37.1183], [-122.2029, 37.1183]], [[-122.2019, 37.1189], [-122.2012, 37.1192], [-122.2012, 37.1189], [-122.2019, 37.1189]], [[-122.2022, 37.1181], [-122.2019, 37.1183], [-122.2019, 37.1181], [-122.2022, 37.1181]], [[-122.2035, 37.1172], [-122.2029, 37.1175], [-122.2029, 37.1172], [-122.2035, 37.1172]], [[-122.2042, 37.1169], [-122.2035, 37.1172], [-122.2035, 37.117], [-122.2042, 37.1169]], [[-122.2035, 37.1161], [-122.2032, 37.1164], [-122.2032, 37.1162], [-122.2035, 37.1161]], [[-122.2042, 37.1151], [-122.2038, 37.1153], [-122.2038, 37.1151], [-122.2042, 37.1151]], [[-122.2028, 37.1143], [-122.2025, 37.1145], [-122.2024, 37.1143], [-122.2028, 37.1143]]], [[[-122.2058, 37.1142], [-122.2068, 37.1137], [-122.2058, 37.1134], [-122.2058, 37.1142]]], [[[-122.1458, 37.1191], [-122.1461, 37.118], [-122.1471, 37.1177], [-122.1464, 37.1169], [-122.1474, 37.1158], [-122.1467, 37.1153], [-122.1453, 37.1159], [-122.1463, 37.1145], [-122.144, 37.1162], [-122.144, 37.1175], [-122.1458, 37.1191]], [[-122.1461, 37.1175], [-122.1457, 37.1177], [-122.1457, 37.1175], [-122.1461, 37.1175]]], [[[-122.1477, 37.115], [-122.1477, 37.1142], [-122.1463, 37.1142], [-122.147, 37.115], [-122.1477, 37.115]]], [[[-122.2258, 37.1141], [-122.2275, 37.1138], [-122.2274, 37.1125], [-122.2267, 37.1125], [-122.2271, 37.113], [-122.2257, 37.1128], [-122.2264, 37.1133], [-122.2258, 37.1141]]], [[[-122.1997, 37.1143], [-122.1994, 37.1133], [-122.198, 37.1127], [-122.1977, 37.1144], [-122.198, 37.1141], [-122.1987, 37.1141], [-122.1987, 37.1143], [-122.1997, 37.1143]], [[-122.1991, 37.1138], [-122.1987, 37.1141], [-122.1987, 37.1138], [-122.1991, 37.1138]]], [[[-122.2203, 37.1134], [-122.2203, 37.1129], [-122.2207, 37.1123], [-122.2193, 37.1129], [-122.2193, 37.1134], [-122.2203, 37.1134]]], [[[-122.2534, 37.112], [-122.2548, 37.1119], [-122.2548, 37.1114], [-122.2534, 37.112]]], [[[-122.2589, 37.1132], [-122.2592, 37.1121], [-122.2599, 37.1124], [-122.2595, 37.1116], [-122.2602, 37.1116], [-122.2602, 37.111], [-122.2585, 37.1111], [-122.2572, 37.1119], [-122.2572, 37.1124], [-122.2579, 37.1124], [-122.2578, 37.1119], [-122.2582, 37.1119], [-122.2589, 37.1132]], [[-122.2585, 37.1116], [-122.2582, 37.1119], [-122.2582, 37.1116], [-122.2585, 37.1116]]], [[[-122.2298, 37.1119], [-122.2311, 37.1121], [-122.2308, 37.1116], [-122.2298, 37.1119]]], [[[-122.219, 37.1123], [-122.2206, 37.1118], [-122.219, 37.1121], [-122.219, 37.1123]]], [[[-122.1436, 37.1143], [-122.1453, 37.114], [-122.1449, 37.1129], [-122.1446, 37.1134], [-122.1436, 37.1132], [-122.1443, 37.1137], [-122.1436, 37.1143]]], [[[-122.2834, 37.1184], [-122.2837, 37.1173], [-122.283, 37.1168], [-122.2847, 37.1168], [-122.2847, 37.1154], [-122.2836, 37.1154], [-122.2846, 37.1146], [-122.2829, 37.1141], [-122.2829, 37.1136], [-122.2836, 37.1138], [-122.2856, 37.1122], [-122.2835, 37.1111], [-122.2825, 37.1122], [-122.2825, 37.1109], [-122.2815, 37.1101], [-122.2815, 37.1128], [-122.2809, 37.1133], [-122.2816, 37.1141], [-122.2826, 37.1141], [-122.2833, 37.1163], [-122.2823, 37.1152], [-122.2813, 37.1149], [-122.2799, 37.1158], [-122.28, 37.1166], [-122.2786, 37.1163], [-122.2786, 37.1169], [-122.2797, 37.1177], [-122.2813, 37.116], [-122.2827, 37.1171], [-122.2824, 37.1182], [-122.283, 37.1179], [-122.2834, 37.1184]], [[-122.283, 37.1165], [-122.2827, 37.1168], [-122.2827, 37.1165], [-122.283, 37.1165]], [[-122.2843, 37.1157], [-122.284, 37.116], [-122.284, 37.1157], [-122.2843, 37.1157]], [[-122.2823, 37.1155], [-122.282, 37.116], [-122.282, 37.1155], [-122.2823, 37.1155]], [[-122.2836, 37.1146], [-122.2833, 37.1149], [-122.2833, 37.1146], [-122.2836, 37.1146]], [[-122.2832, 37.1128], [-122.2829, 37.1133], [-122.2829, 37.1128], [-122.2832, 37.1128]], [[-122.2819, 37.1128], [-122.2815, 37.1131], [-122.2815, 37.1128], [-122.2819, 37.1128]], [[-122.2836, 37.1125], [-122.2832, 37.1128], [-122.2832, 37.1125], [-122.2836, 37.1125]], [[-122.2846, 37.1122], [-122.2842, 37.1125], [-122.2842, 37.1122], [-122.2846, 37.1122]], [[-122.2842, 37.1119], [-122.2839, 37.1122], [-122.2839, 37.1119], [-122.2842, 37.1119]], [[-122.2835, 37.1117], [-122.2832, 37.1119], [-122.2832, 37.1117], [-122.2835, 37.1117]]], [[[-122.2772, 37.1922], [-122.2775, 37.1906], [-122.2768, 37.1898], [-122.2778, 37.1898], [-122.2784, 37.1887], [-122.277, 37.1879], [-122.277, 37.1871], [-122.2784, 37.1868], [-122.279, 37.1873], [-122.2787, 37.1863], [-122.28, 37.1857], [-122.28, 37.1846], [-122.279, 37.1852], [-122.2776, 37.1849], [-122.279, 37.1844], [-122.2775, 37.1822], [-122.2793, 37.183], [-122.2799, 37.183], [-122.2799, 37.1822], [-122.2789, 37.1822], [-122.2788, 37.1806], [-122.2775, 37.1801], [-122.2758, 37.1804], [-122.2761, 37.1798], [-122.2768, 37.1801], [-122.2761, 37.1788], [-122.2778, 37.1787], [-122.2782, 37.1801], [-122.2788, 37.1795], [-122.2802, 37.18], [-122.2808, 37.1789], [-122.2801, 37.179], [-122.2801, 37.1779], [-122.2791, 37.1779], [-122.2801, 37.1768], [-122.2784, 37.176], [-122.279, 37.1755], [-122.2801, 37.1757], [-122.2815, 37.1781], [-122.2825, 37.1776], [-122.2824, 37.1754], [-122.2786, 37.1739], [-122.277, 37.1742], [-122.2766, 37.1731], [-122.2752, 37.1731], [-122.2749, 37.172], [-122.2752, 37.1712], [-122.2759, 37.1712], [-122.2759, 37.172], [-122.2773, 37.1728], [-122.2776, 37.172], [-122.2789, 37.172], [-122.2803, 37.173], [-122.2803, 37.1735], [-122.2817, 37.173], [-122.2844, 37.1732], [-122.2837, 37.1721], [-122.2809, 37.1714], [-122.2782, 37.1717], [-122.2779, 37.1709], [-122.2782, 37.1706], [-122.2789, 37.1706], [-122.2799, 37.1711], [-122.2802, 37.1706], [-122.2795, 37.1703], [-122.2806, 37.17], [-122.2806, 37.1708], [-122.2813, 37.1708], [-122.2812, 37.1706], [-122.2816, 37.1706], [-122.2833, 37.1719], [-122.2846, 37.1708], [-122.2843, 37.1702], [-122.2836, 37.1705], [-122.2826, 37.1689], [-122.2805, 37.1684], [-122.2795, 37.1684], [-122.2795, 37.169], [-122.2781, 37.1687], [-122.2768, 37.1696], [-122.2775, 37.1687], [-122.2768, 37.1688], [-122.2771, 37.1677], [-122.2761, 37.1674], [-122.276, 37.1663], [-122.2767, 37.1666], [-122.2764, 37.1655], [-122.2774, 37.1669], [-122.2784, 37.1668], [-122.2774, 37.1677], [-122.2781, 37.1685], [-122.2788, 37.1682], [-122.2784, 37.1674], [-122.2791, 37.1679], [-122.2795, 37.1674], [-122.2777, 37.166], [-122.2798, 37.166], [-122.2794, 37.1668], [-122.2805, 37.1676], [-122.2808, 37.1665], [-122.2818, 37.1665], [-122.2815, 37.1673], [-122.2822, 37.1673], [-122.2822, 37.1676], [-122.2812, 37.1679], [-122.2825, 37.1681], [-122.2832, 37.1676], [-122.2839, 37.1681], [-122.2836, 37.1694], [-122.2853, 37.1699], [-122.2856, 37.1686], [-122.2846, 37.1686], [-122.2856, 37.168], [-122.2845, 37.1675], [-122.2848, 37.1664], [-122.2855, 37.167], [-122.2872, 37.1664], [-122.2858, 37.1653], [-122.2871, 37.1642], [-122.2882, 37.1645], [-122.2881, 37.1629], [-122.2895, 37.1637], [-122.2888, 37.1642], [-122.2895, 37.165], [-122.2905, 37.1642], [-122.2898, 37.1634], [-122.2911, 37.1615], [-122.2922, 37.1636], [-122.2912, 37.1642], [-122.2919, 37.1655], [-122.2926, 37.1655], [-122.2926, 37.1641], [-122.2943, 37.1644], [-122.294, 37.166], [-122.2933, 37.166], [-122.2937, 37.1668], [-122.293, 37.1668], [-122.294, 37.1679], [-122.2943, 37.1673], [-122.2954, 37.1676], [-122.2973, 37.1657], [-122.2984, 37.1665], [-122.2997, 37.1659], [-122.2998, 37.1683], [-122.3012, 37.1694], [-122.3046, 37.1701], [-122.3056, 37.1698], [-122.3059, 37.1687], [-122.3038, 37.1672], [-122.3055, 37.1669], [-122.3059, 37.1677], [-122.3072, 37.1676], [-122.3073, 37.1695], [-122.3076, 37.1687], [-122.3083, 37.169], [-122.3079, 37.1679], [-122.3086, 37.1679], [-122.3093, 37.1692], [-122.3106, 37.1676], [-122.3105, 37.1657], [-122.3095, 37.1649], [-122.3109, 37.1649], [-122.3109, 37.167], [-122.3116, 37.167], [-122.3113, 37.1681], [-122.3123, 37.1681], [-122.312, 37.1686], [-122.3127, 37.1686], [-122.3119, 37.1662], [-122.3136, 37.1667], [-122.3137, 37.1694], [-122.3127, 37.1694], [-122.3131, 37.1702], [-122.3154, 37.1696], [-122.3154, 37.1686], [-122.3164, 37.168], [-122.316, 37.1669], [-122.3177, 37.1672], [-122.3187, 37.1666], [-122.3187, 37.1658], [-122.3166, 37.165], [-122.3173, 37.1645], [-122.3135, 37.1621], [-122.3141, 37.1613], [-122.3124, 37.1602], [-122.3127, 37.1592], [-122.3114, 37.1592], [-122.311, 37.1573], [-122.3116, 37.157], [-122.3099, 37.1562], [-122.3106, 37.1557], [-122.3116, 37.1559], [-122.3116, 37.1554], [-122.3106, 37.1549], [-122.3089, 37.1552], [-122.3092, 37.1563], [-122.3079, 37.1565], [-122.3079, 37.1576], [-122.3062, 37.1577], [-122.3059, 37.1566], [-122.3072, 37.1563], [-122.3062, 37.1555], [-122.3082, 37.1555], [-122.3071, 37.1522], [-122.306, 37.1512], [-122.3054, 37.1515], [-122.306, 37.1506], [-122.305, 37.1504], [-122.303, 37.1515], [-122.3039, 37.1488], [-122.3036, 37.1491], [-122.3026, 37.1488], [-122.3036, 37.1483], [-122.3015, 37.148], [-122.3019, 37.1491], [-122.3012, 37.1494], [-122.3012, 37.148], [-122.3005, 37.1481], [-122.3015, 37.1472], [-122.3042, 37.1469], [-122.3029, 37.1467], [-122.3035, 37.1461], [-122.3022, 37.1464], [-122.3032, 37.1453], [-122.3028, 37.1434], [-122.3021, 37.1429], [-122.3011, 37.1435], [-122.3018, 37.1461], [-122.3008, 37.1462], [-122.3005, 37.147], [-122.2998, 37.1464], [-122.2988, 37.1473], [-122.2988, 37.1478], [-122.2998, 37.1475], [-122.2992, 37.1483], [-122.2978, 37.1484], [-122.2975, 37.1476], [-122.2968, 37.1489], [-122.2958, 37.149], [-122.2948, 37.1479], [-122.2975, 37.1473], [-122.2968, 37.1468], [-122.2971, 37.1454], [-122.2981, 37.1467], [-122.2984, 37.1451], [-122.3001, 37.1448], [-122.3001, 37.1435], [-122.3014, 37.1426], [-122.299, 37.1427], [-122.2987, 37.1435], [-122.2987, 37.1419], [-122.2976, 37.1411], [-122.2977, 37.1424], [-122.2963, 37.1435], [-122.2973, 37.1435], [-122.2974, 37.1441], [-122.2964, 37.1441], [-122.2967, 37.1446], [-122.2954, 37.1455], [-122.2953, 37.1444], [-122.2947, 37.1444], [-122.2946, 37.1436], [-122.2956, 37.1433], [-122.2946, 37.1425], [-122.2949, 37.1417], [-122.2932, 37.1414], [-122.2929, 37.1431], [-122.2922, 37.1417], [-122.2909, 37.1412], [-122.2908, 37.1401], [-122.2901, 37.1402], [-122.2898, 37.141], [-122.2905, 37.1412], [-122.2892, 37.1415], [-122.2892, 37.1421], [-122.2882, 37.1418], [-122.2875, 37.1426], [-122.2868, 37.1413], [-122.2885, 37.1405], [-122.2878, 37.1402], [-122.2881, 37.1391], [-122.2874, 37.1391], [-122.2881, 37.1386], [-122.2864, 37.1386], [-122.2861, 37.14], [-122.2844, 37.1397], [-122.2843, 37.1386], [-122.2861, 37.1392], [-122.2853, 37.1378], [-122.287, 37.1375], [-122.2866, 37.1364], [-122.2898, 37.1385], [-122.2914, 37.138], [-122.2914, 37.1372], [-122.2876, 37.1359], [-122.2873, 37.1348], [-122.289, 37.1345], [-122.2893, 37.1353], [-122.2893, 37.1348], [-122.2907, 37.135], [-122.2906, 37.1345], [-122.2917, 37.1347], [-122.292, 37.1342], [-122.293, 37.1347], [-122.2933, 37.1342], [-122.293, 37.1334], [-122.2927, 37.1339], [-122.291, 37.1334], [-122.2896, 37.1342], [-122.2882, 37.1326], [-122.2876, 37.1332], [-122.2852, 37.1324], [-122.2854, 37.1294], [-122.2847, 37.1284], [-122.2834, 37.1284], [-122.282, 37.1292], [-122.2817, 37.1282], [-122.281, 37.1282], [-122.2813, 37.1268], [-122.2826, 37.1271], [-122.2827, 37.1281], [-122.284, 37.1279], [-122.284, 37.1273], [-122.2823, 37.1268], [-122.2823, 37.126], [-122.2813, 37.1263], [-122.2806, 37.1274], [-122.2796, 37.1263], [-122.2786, 37.1263], [-122.2783, 37.1277], [-122.2778, 37.125], [-122.2772, 37.1253], [-122.2775, 37.1258], [-122.2765, 37.1258], [-122.2774, 37.1229], [-122.2771, 37.1215], [-122.2791, 37.122], [-122.2794, 37.1212], [-122.2787, 37.1207], [-122.2794, 37.1201], [-122.2801, 37.1204], [-122.2798, 37.1209], [-122.2818, 37.1201], [-122.2804, 37.1196], [-122.2797, 37.1182], [-122.2797, 37.1196], [-122.279, 37.1199], [-122.2786, 37.118], [-122.2776, 37.1177], [-122.2784, 37.1199], [-122.2777, 37.1193], [-122.2767, 37.1215], [-122.2737, 37.121], [-122.2744, 37.1213], [-122.2741, 37.1229], [-122.2727, 37.1229], [-122.2724, 37.1246], [-122.2707, 37.1249], [-122.2708, 37.1254], [-122.2701, 37.1249], [-122.2701, 37.1262], [-122.2691, 37.1265], [-122.2698, 37.1268], [-122.2695, 37.1287], [-122.2679, 37.1314], [-122.27, 37.1327], [-122.27, 37.1335], [-122.2686, 37.1338], [-122.2691, 37.1362], [-122.2701, 37.1362], [-122.2694, 37.1365], [-122.2701, 37.1384], [-122.2691, 37.1387], [-122.2684, 37.1376], [-122.2671, 37.1374], [-122.267, 37.1365], [-122.2677, 37.1368], [-122.267, 37.1347], [-122.264, 37.1358], [-122.2643, 37.1363], [-122.265, 37.1363], [-122.265, 37.136], [-122.2653, 37.136], [-122.2653, 37.1358], [-122.2657, 37.1358], [-122.265, 37.1371], [-122.2636, 37.1363], [-122.2616, 37.1369], [-122.2613, 37.1361], [-122.2636, 37.1355], [-122.2643, 37.1344], [-122.266, 37.1344], [-122.2659, 37.1336], [-122.2669, 37.1333], [-122.2659, 37.1317], [-122.2669, 37.1312], [-122.2658, 37.1309], [-122.2664, 37.1274], [-122.2657, 37.1274], [-122.2657, 37.1258], [-122.2633, 37.1256], [-122.2643, 37.1239], [-122.2633, 37.1239], [-122.2626, 37.1231], [-122.2629, 37.1223], [-122.2646, 37.1226], [-122.2659, 37.1217], [-122.2659, 37.1212], [-122.2639, 37.1212], [-122.2625, 37.1202], [-122.2642, 37.1199], [-122.2641, 37.1193], [-122.2648, 37.1196], [-122.2651, 37.1188], [-122.2621, 37.118], [-122.2621, 37.1175], [-122.2637, 37.1172], [-122.2634, 37.1166], [-122.265, 37.1153], [-122.2643, 37.1145], [-122.2637, 37.1158], [-122.2623, 37.1145], [-122.2643, 37.1139], [-122.2643, 37.112], [-122.265, 37.1123], [-122.2653, 37.1112], [-122.2646, 37.1107], [-122.2619, 37.1121], [-122.2626, 37.1115], [-122.2619, 37.1105], [-122.2602, 37.1118], [-122.2602, 37.1132], [-122.2589, 37.1135], [-122.2593, 37.1143], [-122.2582, 37.1143], [-122.2583, 37.1148], [-122.2603, 37.1145], [-122.2603, 37.1151], [-122.2589, 37.1151], [-122.2603, 37.1159], [-122.2597, 37.1173], [-122.2587, 37.1175], [-122.259, 37.1183], [-122.2597, 37.1181], [-122.2598, 37.1199], [-122.2584, 37.1197], [-122.2577, 37.1184], [-122.2554, 37.12], [-122.2544, 37.1227], [-122.2531, 37.1236], [-122.2511, 37.1236], [-122.2511, 37.1231], [-122.2504, 37.1236], [-122.2483, 37.1226], [-122.2467, 37.1232], [-122.2477, 37.125], [-122.2484, 37.1248], [-122.2484, 37.1258], [-122.2468, 37.1259], [-122.2464, 37.1253], [-122.2461, 37.1264], [-122.2451, 37.1267], [-122.2444, 37.1262], [-122.2444, 37.1278], [-122.2452, 37.1289], [-122.2448, 37.1297], [-122.2456, 37.1313], [-122.2449, 37.1324], [-122.2429, 37.1319], [-122.2422, 37.1327], [-122.2422, 37.133], [-122.2439, 37.1327], [-122.2439, 37.1337], [-122.2426, 37.1335], [-122.2433, 37.134], [-122.243, 37.1348], [-122.2412, 37.1341], [-122.2376, 37.1358], [-122.2376, 37.1349], [-122.2386, 37.1347], [-122.2379, 37.1336], [-122.2359, 37.1347], [-122.2348, 37.1336], [-122.2345, 37.1345], [-122.2335, 37.1342], [-122.2325, 37.135], [-122.2328, 37.1358], [-122.2322, 37.1361], [-122.2318, 37.1356], [-122.2305, 37.1362], [-122.2291, 37.1356], [-122.2285, 37.1375], [-122.2302, 37.1381], [-122.2289, 37.1386], [-122.2292, 37.1392], [-122.2275, 37.1389], [-122.2279, 37.1397], [-122.2265, 37.1397], [-122.2262, 37.1416], [-122.2245, 37.1409], [-122.2232, 37.1428], [-122.2233, 37.1444], [-122.2223, 37.1441], [-122.2219, 37.145], [-122.2223, 37.1466], [-122.223, 37.1457], [-122.2223, 37.1452], [-122.224, 37.1452], [-122.2234, 37.1468], [-122.2238, 37.149], [-122.2221, 37.1485], [-122.219, 37.1491], [-122.2184, 37.1499], [-122.2197, 37.1507], [-122.2201, 37.1517], [-122.2188, 37.152], [-122.2188, 37.1528], [-122.2178, 37.1523], [-122.2181, 37.1515], [-122.2167, 37.1513], [-122.2164, 37.1518], [-122.2157, 37.1507], [-122.214, 37.1519], [-122.2127, 37.1516], [-122.2113, 37.1524], [-122.2124, 37.154], [-122.2141, 37.1537], [-122.2151, 37.1545], [-122.2154, 37.1532], [-122.2172, 37.1553], [-122.2178, 37.155], [-122.2175, 37.1537], [-122.2185, 37.1537], [-122.2189, 37.1547], [-122.2206, 37.155], [-122.2205, 37.1534], [-122.2222, 37.1522], [-122.2228, 37.1525], [-122.2228, 37.1517], [-122.2221, 37.1509], [-122.2208, 37.1509], [-122.2197, 37.1496], [-122.2211, 37.1504], [-122.2218, 37.1498], [-122.2272, 37.1503], [-122.2268, 37.1492], [-122.2251, 37.1489], [-122.224, 37.1468], [-122.2263, 37.1433], [-122.227, 37.1432], [-122.2266, 37.1424], [-122.2276, 37.1424], [-122.2276, 37.143], [-122.2286, 37.1424], [-122.229, 37.1443], [-122.2284, 37.1454], [-122.2291, 37.1459], [-122.2284, 37.1459], [-122.2281, 37.1473], [-122.2274, 37.1473], [-122.2271, 37.1459], [-122.2277, 37.1459], [-122.2277, 37.1451], [-122.2267, 37.1451], [-122.2268, 37.1484], [-122.2275, 37.1484], [-122.2275, 37.1492], [-122.2288, 37.1489], [-122.2288, 37.1494], [-122.2302, 37.1494], [-122.2302, 37.1489], [-122.2319, 37.1491], [-122.2319, 37.1486], [-122.2325, 37.1485], [-122.2325, 37.148], [-122.2332, 37.148], [-122.2332, 37.1488], [-122.2339, 37.1482], [-122.2339, 37.1488], [-122.2353, 37.149], [-122.2333, 37.1499], [-122.234, 37.1507], [-122.235, 37.1501], [-122.2357, 37.1509], [-122.2333, 37.151], [-122.2329, 37.1499], [-122.2302, 37.1502], [-122.2299, 37.1497], [-122.2299, 37.1507], [-122.2289, 37.1505], [-122.2269, 37.1527], [-122.2256, 37.1525], [-122.2246, 37.1533], [-122.2222, 37.1528], [-122.2222, 37.1541], [-122.2232, 37.1538], [-122.2229, 37.1549], [-122.226, 37.1546], [-122.2263, 37.1541], [-122.228, 37.1554], [-122.2281, 37.157], [-122.2249, 37.1549], [-122.2253, 37.1562], [-122.2226, 37.156], [-122.222, 37.1574], [-122.2227, 37.1576], [-122.223, 37.1571], [-122.2233, 37.1579], [-122.2213, 37.1582], [-122.221, 37.1571], [-122.2216, 37.1574], [-122.2216, 37.1566], [-122.2193, 37.1572], [-122.2196, 37.1566], [-122.2185, 37.155], [-122.2182, 37.1564], [-122.2189, 37.1561], [-122.2189, 37.1569], [-122.2179, 37.1569], [-122.2179, 37.1561], [-122.2172, 37.1561], [-122.2169, 37.1588], [-122.2149, 37.1591], [-122.2156, 37.1602], [-122.2177, 37.1604], [-122.2189, 37.1574], [-122.2206, 37.1574], [-122.2207, 37.159], [-122.2227, 37.1595], [-122.2227, 37.1603], [-122.2248, 37.1606], [-122.2255, 37.1614], [-122.2265, 37.1611], [-122.2262, 37.1635], [-122.2279, 37.1635], [-122.2279, 37.1629], [-122.2292, 37.1629], [-122.2272, 37.1627], [-122.2272, 37.1621], [-122.2282, 37.1621], [-122.2275, 37.1616], [-122.2278, 37.1597], [-122.2298, 37.1602], [-122.2305, 37.1596], [-122.2298, 37.1586], [-122.2284, 37.1583], [-122.2284, 37.1575], [-122.2308, 37.1583], [-122.2308, 37.1599], [-122.2318, 37.1594], [-122.2325, 37.1599], [-122.2335, 37.1596], [-122.2332, 37.1585], [-122.2342, 37.1585], [-122.2342, 37.1577], [-122.2332, 37.1577], [-122.2324, 37.1566], [-122.2331, 37.1564], [-122.2335, 37.1574], [-122.2355, 37.1566], [-122.2338, 37.1558], [-122.2351, 37.156], [-122.2344, 37.1547], [-122.2358, 37.1544], [-122.2354, 37.1533], [-122.2361, 37.1533], [-122.2371, 37.1541], [-122.2372, 37.1557], [-122.2392, 37.1552], [-122.2381, 37.1536], [-122.2391, 37.1538], [-122.2392, 37.1546], [-122.2401, 37.1538], [-122.2422, 37.1535], [-122.2418, 37.1527], [-122.2435, 37.1521], [-122.2431, 37.15], [-122.2444, 37.1499], [-122.2437, 37.1489], [-122.2444, 37.1478], [-122.2444, 37.1486], [-122.2464, 37.1496], [-122.2468, 37.1512], [-122.2482, 37.1523], [-122.2492, 37.1517], [-122.2492, 37.1525], [-122.2482, 37.1526], [-122.2482, 37.1534], [-122.2442, 37.1534], [-122.2442, 37.154], [-122.2452, 37.154], [-122.2452, 37.1548], [-122.2446, 37.1548], [-122.2453, 37.1556], [-122.2446, 37.1559], [-122.2432, 37.1556], [-122.2439, 37.1545], [-122.2425, 37.154], [-122.2422, 37.1551], [-122.2405, 37.1551], [-122.2409, 37.1562], [-122.2395, 37.156], [-122.2399, 37.1568], [-122.2385, 37.1563], [-122.2385, 37.1571], [-122.2379, 37.1571], [-122.24, 37.1592], [-122.2372, 37.159], [-122.2362, 37.1582], [-122.2356, 37.1596], [-122.2386, 37.1595], [-122.2383, 37.16], [-122.2397, 37.1606], [-122.2417, 37.1594], [-122.2406, 37.1586], [-122.242, 37.1581], [-122.2416, 37.1586], [-122.2427, 37.1586], [-122.242, 37.1594], [-122.2427, 37.1597], [-122.2424, 37.1608], [-122.243, 37.1602], [-122.2441, 37.1605], [-122.2491, 37.1596], [-122.2495, 37.1601], [-122.2488, 37.1604], [-122.2491, 37.1609], [-122.2481, 37.1609], [-122.2489, 37.1623], [-122.2492, 37.1617], [-122.2509, 37.1617], [-122.2523, 37.1644], [-122.2526, 37.1635], [-122.2553, 37.1627], [-122.2553, 37.163], [-122.2556, 37.163], [-122.2556, 37.1632], [-122.256, 37.1632], [-122.2563, 37.1635], [-122.256, 37.1643], [-122.257, 37.1645], [-122.257, 37.164], [-122.2577, 37.164], [-122.2574, 37.1651], [-122.2584, 37.1651], [-122.2588, 37.1659], [-122.2594, 37.1658], [-122.2597, 37.1645], [-122.2618, 37.1645], [-122.2611, 37.165], [-122.2631, 37.165], [-122.2625, 37.1653], [-122.2632, 37.1658], [-122.2638, 37.165], [-122.2658, 37.1646], [-122.2665, 37.1636], [-122.2678, 37.1638], [-122.2669, 37.1646], [-122.2676, 37.1654], [-122.2669, 37.1654], [-122.2666, 37.1665], [-122.2652, 37.1668], [-122.2653, 37.1684], [-122.2646, 37.1687], [-122.265, 37.1698], [-122.266, 37.1698], [-122.2657, 37.1711], [-122.2647, 37.1711], [-122.265, 37.1703], [-122.264, 37.1704], [-122.264, 37.1695], [-122.2626, 37.1698], [-122.2633, 37.1704], [-122.2633, 37.1709], [-122.2637, 37.1709], [-122.2637, 37.1717], [-122.2664, 37.1714], [-122.2644, 37.1722], [-122.2638, 37.1744], [-122.2628, 37.1744], [-122.2635, 37.1758], [-122.2648, 37.1757], [-122.2645, 37.1768], [-122.2655, 37.1771], [-122.2655, 37.1765], [-122.2675, 37.1762], [-122.2679, 37.1754], [-122.2682, 37.1762], [-122.2679, 37.1778], [-122.2693, 37.1781], [-122.2687, 37.1794], [-122.2694, 37.1802], [-122.2704, 37.1802], [-122.2697, 37.1816], [-122.2684, 37.1816], [-122.2684, 37.1827], [-122.2694, 37.1829], [-122.2695, 37.1854], [-122.2688, 37.1854], [-122.2696, 37.1873], [-122.2676, 37.1878], [-122.2676, 37.1897], [-122.269, 37.1913], [-122.27, 37.1913], [-122.2703, 37.1905], [-122.2717, 37.1902], [-122.2713, 37.1894], [-122.2723, 37.1885], [-122.2724, 37.1904], [-122.2754, 37.1896], [-122.2761, 37.1904], [-122.2754, 37.1915], [-122.2765, 37.1912], [-122.2772, 37.1922]], [[-122.2767, 37.1895], [-122.2757, 37.1893], [-122.2753, 37.1871], [-122.276, 37.1871], [-122.2757, 37.1879], [-122.2771, 37.189], [-122.2767, 37.1895]], [[-122.2703, 37.1894], [-122.2696, 37.1891], [-122.2696, 37.1886], [-122.2706, 37.1889], [-122.2703, 37.1894]], [[-122.2737, 37.1883], [-122.2733, 37.1888], [-122.2733, 37.1883], [-122.2737, 37.1883]], [[-122.275, 37.1871], [-122.274, 37.188], [-122.2736, 37.1869], [-122.275, 37.1871]], [[-122.2767, 37.1871], [-122.2756, 37.1861], [-122.277, 37.1855], [-122.278, 37.1866], [-122.2767, 37.1866], [-122.2767, 37.1871]], [[-122.2706, 37.187], [-122.2702, 37.1872], [-122.2702, 37.187], [-122.2706, 37.187]], [[-122.2753, 37.1861], [-122.275, 37.1869], [-122.2746, 37.1858], [-122.2753, 37.1861]], [[-122.2736, 37.1869], [-122.2723, 37.1867], [-122.2722, 37.1864], [-122.2729, 37.1861], [-122.2736, 37.1864], [-122.2736, 37.1869]], [[-122.2716, 37.1867], [-122.2712, 37.187], [-122.2712, 37.1867], [-122.2716, 37.1867]], [[-122.2739, 37.1861], [-122.2736, 37.1864], [-122.2736, 37.1861], [-122.2739, 37.1861]], [[-122.2702, 37.1859], [-122.2699, 37.1862], [-122.2699, 37.1859], [-122.2702, 37.1859]], [[-122.2709, 37.1856], [-122.2702, 37.1859], [-122.2702, 37.1856], [-122.2709, 37.1856]], [[-122.2766, 37.1852], [-122.2763, 37.1855], [-122.2763, 37.1852], [-122.2766, 37.1852]], [[-122.2702, 37.1854], [-122.2699, 37.1856], [-122.2698, 37.1854], [-122.2702, 37.1854]], [[-122.2763, 37.1847], [-122.2759, 37.1852], [-122.2759, 37.1847], [-122.2763, 37.1847]], [[-122.2725, 37.185], [-122.2722, 37.1853], [-122.2722, 37.185], [-122.2725, 37.185]], [[-122.2749, 37.185], [-122.2742, 37.185], [-122.2742, 37.1845], [-122.2746, 37.1845], [-122.2749, 37.185]], [[-122.2719, 37.185], [-122.2712, 37.1851], [-122.2708, 37.1843], [-122.2718, 37.1842], [-122.2719, 37.185]], [[-122.2729, 37.1848], [-122.2722, 37.184], [-122.2735, 37.1837], [-122.2735, 37.1842], [-122.2729, 37.1848]], [[-122.2773, 37.1841], [-122.2766, 37.1844], [-122.2766, 37.1841], [-122.2773, 37.1841]], [[-122.2742, 37.1842], [-122.2739, 37.1845], [-122.2739, 37.1842], [-122.2742, 37.1842]], [[-122.2742, 37.1837], [-122.2739, 37.1839], [-122.2739, 37.1837], [-122.2742, 37.1837]], [[-122.2708, 37.1834], [-122.2705, 37.1837], [-122.2705, 37.1835], [-122.2708, 37.1834]], [[-122.2776, 37.1833], [-122.2755, 37.1834], [-122.2752, 37.1828], [-122.2769, 37.1828], [-122.2776, 37.1833]], [[-122.2735, 37.1831], [-122.2732, 37.1834], [-122.2732, 37.1831], [-122.2735, 37.1831]], [[-122.2711, 37.1832], [-122.2708, 37.1834], [-122.2708, 37.1832], [-122.2711, 37.1832]], [[-122.2701, 37.1832], [-122.2698, 37.1835], [-122.2698, 37.1832], [-122.2701, 37.1832]], [[-122.2748, 37.1828], [-122.2745, 37.1831], [-122.2745, 37.1828], [-122.2748, 37.1828]], [[-122.2732, 37.1829], [-122.2728, 37.1831], [-122.2728, 37.1829], [-122.2732, 37.1829]], [[-122.2725, 37.1829], [-122.2722, 37.1832], [-122.2721, 37.1829], [-122.2725, 37.1829]], [[-122.2718, 37.1826], [-122.2711, 37.1832], [-122.2711, 37.1826], [-122.2718, 37.1826]], [[-122.2708, 37.1829], [-122.2705, 37.1832], [-122.2705, 37.1829], [-122.2708, 37.1829]], [[-122.2752, 37.1826], [-122.2748, 37.1828], [-122.2748, 37.1826], [-122.2752, 37.1826]], [[-122.2731, 37.1826], [-122.2721, 37.1826], [-122.2721, 37.1813], [-122.2728, 37.1815], [-122.2731, 37.1826]], [[-122.2758, 37.182], [-122.2755, 37.1823], [-122.2755, 37.182], [-122.2758, 37.182]], [[-122.2718, 37.1818], [-122.2711, 37.1824], [-122.2711, 37.1818], [-122.2718, 37.1818]], [[-122.2701, 37.1818], [-122.2694, 37.1824], [-122.2694, 37.1819], [-122.2701, 37.1818]], [[-122.2779, 37.1817], [-122.2775, 37.182], [-122.2775, 37.1817], [-122.2779, 37.1817]], [[-122.2755, 37.1817], [-122.2748, 37.182], [-122.2748, 37.1818], [-122.2755, 37.1817]], [[-122.2708, 37.1818], [-122.2704, 37.1821], [-122.2704, 37.1818], [-122.2708, 37.1818]], [[-122.2758, 37.1804], [-122.2755, 37.1809], [-122.2751, 37.1804], [-122.2758, 37.1804]], [[-122.2751, 37.1801], [-122.2744, 37.1804], [-122.2744, 37.1801], [-122.2751, 37.1801]], [[-122.2724, 37.1802], [-122.2721, 37.1805], [-122.2721, 37.1802], [-122.2724, 37.1802]], [[-122.2717, 37.1802], [-122.2711, 37.1805], [-122.271, 37.1799], [-122.2714, 37.1799], [-122.2714, 37.1802], [-122.2717, 37.1802]], [[-122.2721, 37.1799], [-122.2717, 37.1802], [-122.2717, 37.1799], [-122.2721, 37.1799]], [[-122.271, 37.1794], [-122.2704, 37.1799], [-122.2703, 37.1794], [-122.271, 37.1794]], [[-122.27, 37.1797], [-122.2697, 37.18], [-122.2697, 37.1797], [-122.27, 37.1797]], [[-122.2697, 37.1794], [-122.2693, 37.1797], [-122.2693, 37.1794], [-122.2697, 37.1794]], [[-122.2724, 37.1794], [-122.2717, 37.1794], [-122.2717, 37.1786], [-122.272, 37.1786], [-122.2724, 37.1794]], [[-122.2713, 37.1788], [-122.271, 37.1791], [-122.271, 37.1789], [-122.2713, 37.1788]], [[-122.2764, 37.1785], [-122.2757, 37.1777], [-122.2737, 37.1777], [-122.2743, 37.1769], [-122.2733, 37.1767], [-122.2733, 37.1761], [-122.2743, 37.1761], [-122.2739, 37.175], [-122.275, 37.1761], [-122.2747, 37.1766], [-122.276, 37.1766], [-122.2764, 37.1785]], [[-122.271, 37.1783], [-122.2707, 37.1786], [-122.2707, 37.1783], [-122.271, 37.1783]], [[-122.27, 37.1781], [-122.2696, 37.1783], [-122.2696, 37.1781], [-122.27, 37.1781]], [[-122.273, 37.1775], [-122.2727, 37.1777], [-122.2727, 37.1775], [-122.273, 37.1775]], [[-122.277, 37.1763], [-122.2767, 37.1766], [-122.2767, 37.1763], [-122.277, 37.1763]], [[-122.2733, 37.1761], [-122.2723, 37.1761], [-122.2719, 37.1753], [-122.2726, 37.175], [-122.2719, 37.1748], [-122.2736, 37.1748], [-122.2733, 37.1761]], [[-122.2719, 37.1759], [-122.2713, 37.1762], [-122.2713, 37.1759], [-122.2719, 37.1759]], [[-122.2712, 37.1756], [-122.2699, 37.1762], [-122.2699, 37.1756], [-122.2712, 37.1756]], [[-122.2685, 37.1757], [-122.2682, 37.1762], [-122.2682, 37.1757], [-122.2685, 37.1757]], [[-122.2658, 37.1754], [-122.2655, 37.1757], [-122.2655, 37.1755], [-122.2658, 37.1754]], [[-122.2675, 37.1743], [-122.2672, 37.1754], [-122.2671, 37.1743], [-122.2675, 37.1743]], [[-122.2661, 37.1746], [-122.2658, 37.1752], [-122.2658, 37.1746], [-122.2661, 37.1746]], [[-122.2648, 37.1747], [-122.2641, 37.1752], [-122.2641, 37.1744], [-122.2648, 37.1747]], [[-122.2719, 37.1745], [-122.2716, 37.1748], [-122.2716, 37.1745], [-122.2719, 37.1745]], [[-122.2722, 37.1745], [-122.2709, 37.174], [-122.2708, 37.1732], [-122.2729, 37.1737], [-122.2722, 37.1745]], [[-122.2655, 37.1746], [-122.2644, 37.1744], [-122.2651, 37.1741], [-122.2644, 37.1736], [-122.2658, 37.1736], [-122.2655, 37.1746]], [[-122.2671, 37.1735], [-122.2668, 37.1743], [-122.2668, 37.1735], [-122.2671, 37.1735]], [[-122.2661, 37.1741], [-122.2658, 37.1744], [-122.2658, 37.1741], [-122.2661, 37.1741]], [[-122.2705, 37.174], [-122.2695, 37.1738], [-122.2695, 37.1735], [-122.2705, 37.1732], [-122.2705, 37.174]], [[-122.2806, 37.1727], [-122.2803, 37.173], [-122.2803, 37.1727], [-122.2806, 37.1727]], [[-122.2647, 37.173], [-122.2644, 37.1733], [-122.2644, 37.173], [-122.2647, 37.173]], [[-122.2708, 37.1727], [-122.2705, 37.1729], [-122.2705, 37.1727], [-122.2708, 37.1727]], [[-122.2701, 37.1727], [-122.2698, 37.1729], [-122.2698, 37.1727], [-122.2701, 37.1727]], [[-122.2664, 37.173], [-122.2654, 37.173], [-122.2654, 37.1728], [-122.2661, 37.1725], [-122.2664, 37.173]], [[-122.2708, 37.1718], [-122.2705, 37.1724], [-122.2705, 37.1718], [-122.2708, 37.1718]], [[-122.2772, 37.1712], [-122.2769, 37.172], [-122.2769, 37.1712], [-122.2772, 37.1712]], [[-122.2678, 37.1719], [-122.2674, 37.1722], [-122.2674, 37.1719], [-122.2678, 37.1719]], [[-122.2704, 37.1716], [-122.2701, 37.1719], [-122.2701, 37.1716], [-122.2704, 37.1716]], [[-122.2698, 37.1719], [-122.2691, 37.1716], [-122.2694, 37.1711], [-122.2701, 37.171], [-122.2698, 37.1719]], [[-122.2725, 37.171], [-122.2721, 37.1715], [-122.2718, 37.171], [-122.2725, 37.171]], [[-122.2674, 37.1714], [-122.2671, 37.1716], [-122.2671, 37.1714], [-122.2674, 37.1714]], [[-122.2765, 37.1707], [-122.2759, 37.1712], [-122.2758, 37.1709], [-122.2765, 37.1707]], [[-122.2752, 37.1709], [-122.2745, 37.1712], [-122.2745, 37.171], [-122.2752, 37.1709]], [[-122.2741, 37.1704], [-122.2738, 37.1712], [-122.2738, 37.1704], [-122.2741, 37.1704]], [[-122.2755, 37.1707], [-122.2752, 37.1709], [-122.2752, 37.1707], [-122.2755, 37.1707]], [[-122.2687, 37.1708], [-122.2684, 37.1711], [-122.2684, 37.1708], [-122.2687, 37.1708]], [[-122.267, 37.1708], [-122.2667, 37.1711], [-122.2667, 37.1708], [-122.267, 37.1708]], [[-122.2819, 37.1703], [-122.2816, 37.1706], [-122.2816, 37.1703], [-122.2819, 37.1703]], [[-122.2812, 37.1703], [-122.2809, 37.1706], [-122.2809, 37.1703], [-122.2812, 37.1703]], [[-122.2792, 37.1703], [-122.2789, 37.1706], [-122.2789, 37.1703], [-122.2792, 37.1703]], [[-122.2704, 37.1708], [-122.2694, 37.1702], [-122.2701, 37.1697], [-122.269, 37.1676], [-122.2696, 37.1673], [-122.2693, 37.1662], [-122.2699, 37.1662], [-122.2696, 37.1651], [-122.2708, 37.1619], [-122.2712, 37.1624], [-122.2715, 37.1616], [-122.2725, 37.1621], [-122.2732, 37.1605], [-122.2742, 37.1612], [-122.2742, 37.1599], [-122.2749, 37.1604], [-122.2755, 37.1599], [-122.2772, 37.1601], [-122.2773, 37.1623], [-122.2742, 37.1618], [-122.2739, 37.1637], [-122.2706, 37.1637], [-122.2703, 37.1656], [-122.271, 37.167], [-122.2723, 37.1667], [-122.2727, 37.1691], [-122.2714, 37.1691], [-122.2704, 37.17], [-122.2704, 37.1708]], [[-122.2714, 37.1699], [-122.2708, 37.1705], [-122.2707, 37.1702], [-122.2714, 37.1699]], [[-122.2745, 37.1702], [-122.2734, 37.1699], [-122.2734, 37.1696], [-122.2745, 37.1696], [-122.2745, 37.1702]], [[-122.2636, 37.1701], [-122.2633, 37.1704], [-122.2633, 37.1701], [-122.2636, 37.1701]], [[-122.2755, 37.1699], [-122.2745, 37.1696], [-122.2748, 37.1691], [-122.2738, 37.1691], [-122.2734, 37.1686], [-122.2744, 37.1688], [-122.2751, 37.1682], [-122.2755, 37.1699]], [[-122.2684, 37.17], [-122.267, 37.1698], [-122.268, 37.1692], [-122.2673, 37.1687], [-122.2687, 37.1681], [-122.2684, 37.17]], [[-122.3049, 37.1688], [-122.3046, 37.169], [-122.3045, 37.1688], [-122.3049, 37.1688]], [[-122.3042, 37.1688], [-122.3039, 37.169], [-122.3039, 37.1688], [-122.3042, 37.1688]], [[-122.3039, 37.1685], [-122.3035, 37.1688], [-122.3035, 37.1685], [-122.3039, 37.1685]], [[-122.2788, 37.169], [-122.2782, 37.1693], [-122.2782, 37.169], [-122.2788, 37.169]], [[-122.2667, 37.1692], [-122.2663, 37.1695], [-122.2663, 37.1692], [-122.2667, 37.1692]], [[-122.3042, 37.1682], [-122.3039, 37.1685], [-122.3039, 37.1682], [-122.3042, 37.1682]], [[-122.2663, 37.1687], [-122.266, 37.1692], [-122.266, 37.1687], [-122.2663, 37.1687]], [[-122.3028, 37.168], [-122.3021, 37.1677], [-122.3025, 37.1669], [-122.3035, 37.1672], [-122.3028, 37.168]], [[-122.3018, 37.1677], [-122.3015, 37.168], [-122.3015, 37.1677], [-122.3018, 37.1677]], [[-122.2666, 37.1684], [-122.2663, 37.1687], [-122.2663, 37.1684], [-122.2666, 37.1684]], [[-122.2744, 37.1677], [-122.2737, 37.1683], [-122.2737, 37.1675], [-122.2744, 37.1677]], [[-122.2673, 37.1679], [-122.2666, 37.1684], [-122.2666, 37.1679], [-122.2673, 37.1679]], [[-122.268, 37.1681], [-122.2676, 37.1676], [-122.268, 37.1676], [-122.268, 37.1673], [-122.2683, 37.1673], [-122.268, 37.1681]], [[-122.3021, 37.1669], [-122.3011, 37.1672], [-122.3011, 37.1669], [-122.3021, 37.1669]], [[-122.2751, 37.1677], [-122.2744, 37.1677], [-122.2747, 37.1658], [-122.2754, 37.1658], [-122.2751, 37.1677]], [[-122.3041, 37.1663], [-122.3035, 37.1669], [-122.3035, 37.1666], [-122.3041, 37.1663]], [[-122.2828, 37.167], [-122.2822, 37.1673], [-122.2822, 37.167], [-122.2828, 37.167]], [[-122.2734, 37.1672], [-122.273, 37.1675], [-122.273, 37.1672], [-122.2734, 37.1672]], [[-122.3021, 37.1666], [-122.3008, 37.1664], [-122.3014, 37.1653], [-122.3021, 37.1656], [-122.3021, 37.1666]], [[-122.2744, 37.1672], [-122.2737, 37.1672], [-122.273, 37.1667], [-122.274, 37.1664], [-122.2744, 37.1672]], [[-122.273, 37.1669], [-122.2727, 37.1672], [-122.2727, 37.1669], [-122.273, 37.1669]], [[-122.2686, 37.167], [-122.2683, 37.1673], [-122.2683, 37.167], [-122.2686, 37.167]], [[-122.2673, 37.167], [-122.2669, 37.1673], [-122.2669, 37.1671], [-122.2673, 37.167]], [[-122.3038, 37.1661], [-122.3031, 37.1664], [-122.3031, 37.1661], [-122.3038, 37.1661]], [[-122.2676, 37.1665], [-122.2673, 37.167], [-122.2673, 37.1665], [-122.2676, 37.1665]], [[-122.2662, 37.1668], [-122.2659, 37.1671], [-122.2659, 37.1668], [-122.2662, 37.1668]], [[-122.3099, 37.1657], [-122.3095, 37.166], [-122.3095, 37.1657], [-122.3099, 37.1657]], [[-122.2842, 37.1659], [-122.2838, 37.1665], [-122.2838, 37.1659], [-122.2842, 37.1659]], [[-122.2804, 37.1663], [-122.2801, 37.1665], [-122.2801, 37.1663], [-122.2804, 37.1663]], [[-122.2686, 37.1665], [-122.2683, 37.1668], [-122.2683, 37.1665], [-122.2686, 37.1665]], [[-122.2679, 37.1662], [-122.2676, 37.1665], [-122.2676, 37.1662], [-122.2679, 37.1662]], [[-122.2831, 37.1657], [-122.2825, 37.1659], [-122.2825, 37.1657], [-122.2831, 37.1657]], [[-122.2737, 37.1656], [-122.273, 37.1661], [-122.273, 37.1656], [-122.2737, 37.1656]], [[-122.2682, 37.1657], [-122.2679, 37.1662], [-122.2679, 37.1657], [-122.2682, 37.1657]], [[-122.2821, 37.1654], [-122.2814, 37.1657], [-122.2814, 37.1654], [-122.2821, 37.1654]], [[-122.2814, 37.1654], [-122.2801, 37.1655], [-122.2814, 37.1652], [-122.2814, 37.1654]], [[-122.2747, 37.1658], [-122.2733, 37.1648], [-122.275, 37.1647], [-122.2743, 37.1634], [-122.2763, 37.1631], [-122.2766, 37.1639], [-122.2753, 37.1639], [-122.2757, 37.165], [-122.2747, 37.1658]], [[-122.2848, 37.1651], [-122.2845, 37.1654], [-122.2845, 37.1651], [-122.2848, 37.1651]], [[-122.2841, 37.1651], [-122.2835, 37.1654], [-122.2835, 37.1651], [-122.2841, 37.1651]], [[-122.276, 37.165], [-122.2757, 37.1655], [-122.2757, 37.165], [-122.276, 37.165]], [[-122.2858, 37.1648], [-122.2855, 37.1651], [-122.2855, 37.1648], [-122.2858, 37.1648]], [[-122.2686, 37.1654], [-122.2679, 37.1651], [-122.2692, 37.163], [-122.2685, 37.163], [-122.2685, 37.1638], [-122.2678, 37.1638], [-122.2678, 37.163], [-122.2688, 37.1616], [-122.2702, 37.1621], [-122.2702, 37.1629], [-122.2686, 37.1654]], [[-122.3159, 37.164], [-122.3156, 37.1642], [-122.3156, 37.164], [-122.3159, 37.164]], [[-122.3135, 37.1637], [-122.3132, 37.164], [-122.3132, 37.1637], [-122.3135, 37.1637]], [[-122.3129, 37.1637], [-122.3118, 37.1638], [-122.3118, 37.1635], [-122.3128, 37.1632], [-122.3129, 37.1637]], [[-122.2787, 37.1636], [-122.2777, 37.1644], [-122.278, 37.1636], [-122.2787, 37.1636]], [[-122.3095, 37.1633], [-122.3091, 37.1635], [-122.3091, 37.1633], [-122.3095, 37.1633]], [[-122.2587, 37.1642], [-122.2584, 37.1645], [-122.2584, 37.1642], [-122.2587, 37.1642]], [[-122.3084, 37.163], [-122.3074, 37.1633], [-122.3074, 37.163], [-122.3084, 37.163]], [[-122.2925, 37.1633], [-122.2922, 37.1636], [-122.2922, 37.1633], [-122.2925, 37.1633]], [[-122.2847, 37.1632], [-122.2841, 37.1638], [-122.2841, 37.1632], [-122.2847, 37.1632]], [[-122.2743, 37.1637], [-122.2739, 37.164], [-122.2739, 37.1637], [-122.2743, 37.1637]], [[-122.3132, 37.1627], [-122.3128, 37.1629], [-122.3128, 37.1627], [-122.3132, 37.1627]], [[-122.3121, 37.1627], [-122.3118, 37.163], [-122.3118, 37.1627], [-122.3121, 37.1627]], [[-122.3098, 37.1627], [-122.3088, 37.163], [-122.3088, 37.1627], [-122.3098, 37.1627]], [[-122.281, 37.1633], [-122.2807, 37.1636], [-122.2807, 37.1633], [-122.281, 37.1633]], [[-122.2597, 37.1637], [-122.2594, 37.164], [-122.2594, 37.1637], [-122.2597, 37.1637]], [[-122.3135, 37.1624], [-122.3132, 37.1627], [-122.3131, 37.1624], [-122.3135, 37.1624]], [[-122.3115, 37.1627], [-122.3111, 37.1619], [-122.3121, 37.1616], [-122.3125, 37.1621], [-122.3115, 37.1627]], [[-122.3101, 37.1627], [-122.3094, 37.1619], [-122.3084, 37.1619], [-122.3097, 37.1608], [-122.308, 37.1603], [-122.309, 37.159], [-122.3097, 37.1592], [-122.309, 37.16], [-122.3104, 37.16], [-122.3101, 37.1614], [-122.3094, 37.1614], [-122.3101, 37.1619], [-122.3101, 37.1627]], [[-122.2966, 37.1627], [-122.2962, 37.163], [-122.2962, 37.1627], [-122.2966, 37.1627]], [[-122.2952, 37.163], [-122.2928, 37.1617], [-122.2938, 37.1606], [-122.2945, 37.1619], [-122.2962, 37.1616], [-122.2952, 37.163]], [[-122.2864, 37.1629], [-122.2847, 37.1629], [-122.2864, 37.1624], [-122.2864, 37.1629]], [[-122.2814, 37.163], [-122.281, 37.1633], [-122.281, 37.163], [-122.2814, 37.163]], [[-122.2793, 37.1633], [-122.279, 37.1628], [-122.2783, 37.1633], [-122.2776, 37.162], [-122.2793, 37.1622], [-122.28, 37.1628], [-122.2793, 37.1633]], [[-122.2604, 37.1634], [-122.2597, 37.1637], [-122.2597, 37.1634], [-122.2604, 37.1634]], [[-122.3017, 37.1626], [-122.3003, 37.1626], [-122.3003, 37.1618], [-122.3013, 37.1621], [-122.3009, 37.161], [-122.3016, 37.161], [-122.3016, 37.1613], [-122.303, 37.161], [-122.3042, 37.1582], [-122.3046, 37.1596], [-122.304, 37.1604], [-122.3046, 37.1604], [-122.3046, 37.1607], [-122.3057, 37.1606], [-122.3057, 37.1609], [-122.3033, 37.161], [-122.3017, 37.1626]], [[-122.2996, 37.1624], [-122.2983, 37.1627], [-122.2983, 37.1624], [-122.2996, 37.1624]], [[-122.2895, 37.1626], [-122.2891, 37.1629], [-122.2891, 37.1626], [-122.2895, 37.1626]], [[-122.282, 37.1624], [-122.2817, 37.163], [-122.2817, 37.1625], [-122.282, 37.1624]], [[-122.2651, 37.1633], [-122.2611, 37.1634], [-122.2614, 37.1628], [-122.2604, 37.1621], [-122.2644, 37.1628], [-122.2675, 37.1625], [-122.2675, 37.163], [-122.2661, 37.1628], [-122.2651, 37.1633]], [[-122.2597, 37.1631], [-122.2594, 37.1634], [-122.2594, 37.1632], [-122.2597, 37.1631]], [[-122.258, 37.1632], [-122.2577, 37.1635], [-122.2577, 37.1632], [-122.258, 37.1632]], [[-122.2983, 37.1624], [-122.2966, 37.1624], [-122.2966, 37.1622], [-122.2979, 37.1616], [-122.2983, 37.1624]], [[-122.2895, 37.1623], [-122.2888, 37.162], [-122.2894, 37.1615], [-122.2895, 37.1623]], [[-122.2813, 37.1622], [-122.281, 37.1627], [-122.281, 37.1622], [-122.2813, 37.1622]], [[-122.281, 37.1619], [-122.28, 37.1628], [-122.2803, 37.1619], [-122.281, 37.1619]], [[-122.2607, 37.1629], [-122.26, 37.1631], [-122.26, 37.1629], [-122.2607, 37.1629]], [[-122.2583, 37.1629], [-122.258, 37.1632], [-122.258, 37.1629], [-122.2583, 37.1629]], [[-122.2567, 37.1632], [-122.256, 37.1632], [-122.256, 37.1624], [-122.2566, 37.1624], [-122.2567, 37.1632]], [[-122.3104, 37.1616], [-122.3101, 37.1619], [-122.3101, 37.1616], [-122.3104, 37.1616]], [[-122.2878, 37.1621], [-122.2874, 37.1623], [-122.2874, 37.1621], [-122.2878, 37.1621]], [[-122.26, 37.1626], [-122.2597, 37.1629], [-122.2597, 37.1626], [-122.26, 37.1626]], [[-122.258, 37.1626], [-122.2577, 37.1629], [-122.2577, 37.1626], [-122.258, 37.1626]], [[-122.3067, 37.1614], [-122.3064, 37.1617], [-122.3064, 37.1614], [-122.3067, 37.1614]], [[-122.2969, 37.1616], [-122.2966, 37.1619], [-122.2965, 37.1616], [-122.2969, 37.1616]], [[-122.2881, 37.1618], [-122.2878, 37.1621], [-122.2878, 37.1618], [-122.2881, 37.1618]], [[-122.2796, 37.1622], [-122.2793, 37.1617], [-122.2803, 37.1614], [-122.2803, 37.1617], [-122.2796, 37.1622]], [[-122.2587, 37.1624], [-122.2583, 37.1626], [-122.2583, 37.1624], [-122.2587, 37.1624]], [[-122.2519, 37.1628], [-122.2515, 37.1619], [-122.2522, 37.1617], [-122.2522, 37.1622], [-122.2519, 37.1628]], [[-122.3128, 37.1608], [-122.3121, 37.1613], [-122.3121, 37.1611], [-122.3128, 37.1608]], [[-122.282, 37.1619], [-122.281, 37.1617], [-122.2813, 37.1608], [-122.282, 37.1614], [-122.2827, 37.1614], [-122.282, 37.1619]], [[-122.2671, 37.1619], [-122.2668, 37.1622], [-122.2668, 37.1619], [-122.2671, 37.1619]], [[-122.2593, 37.1621], [-122.259, 37.1623], [-122.259, 37.1621], [-122.2593, 37.1621]], [[-122.257, 37.1618], [-122.2566, 37.1624], [-122.2566, 37.1619], [-122.257, 37.1618]], [[-122.2559, 37.1619], [-122.2556, 37.1624], [-122.2553, 37.1619], [-122.2559, 37.1619]], [[-122.2526, 37.1622], [-122.2522, 37.1625], [-122.2522, 37.1622], [-122.2526, 37.1622]], [[-122.3087, 37.1609], [-122.3084, 37.1611], [-122.3084, 37.1609], [-122.3087, 37.1609]], [[-122.2928, 37.1614], [-122.2915, 37.1612], [-122.2914, 37.1606], [-122.2884, 37.1607], [-122.2884, 37.1596], [-122.2907, 37.1593], [-122.2914, 37.1601], [-122.2928, 37.1601], [-122.2928, 37.1614]], [[-122.2871, 37.1615], [-122.286, 37.1613], [-122.286, 37.161], [-122.2877, 37.1607], [-122.2871, 37.1615]], [[-122.2779, 37.1614], [-122.2776, 37.1617], [-122.2776, 37.1615], [-122.2779, 37.1614]], [[-122.2576, 37.1621], [-122.2569, 37.1613], [-122.2566, 37.1616], [-122.2546, 37.1614], [-122.2552, 37.1605], [-122.2556, 37.1611], [-122.2566, 37.1608], [-122.2576, 37.1597], [-122.2583, 37.1602], [-122.2596, 37.1596], [-122.26, 37.1612], [-122.2583, 37.1616], [-122.258, 37.161], [-122.2576, 37.1621]], [[-122.2539, 37.1619], [-122.2536, 37.1622], [-122.2536, 37.1619], [-122.2539, 37.1619]], [[-122.2529, 37.1619], [-122.2526, 37.1622], [-122.2526, 37.1619], [-122.2529, 37.1619]], [[-122.3114, 37.1603], [-122.3111, 37.1608], [-122.3111, 37.1603], [-122.3114, 37.1603]], [[-122.3019, 37.1607], [-122.3016, 37.161], [-122.3016, 37.1607], [-122.3019, 37.1607]], [[-122.2891, 37.161], [-122.2888, 37.1612], [-122.2887, 37.161], [-122.2891, 37.161]], [[-122.2789, 37.1603], [-122.2786, 37.1614], [-122.2786, 37.1604], [-122.2789, 37.1603]], [[-122.2685, 37.1614], [-122.2681, 37.1616], [-122.2681, 37.1614], [-122.2685, 37.1614]], [[-122.2674, 37.1614], [-122.2664, 37.1617], [-122.2664, 37.1614], [-122.2674, 37.1614]], [[-122.306, 37.1604], [-122.3057, 37.1606], [-122.3056, 37.1604], [-122.306, 37.1604]], [[-122.2958, 37.1606], [-122.2955, 37.1608], [-122.2955, 37.1606], [-122.2958, 37.1606]], [[-122.286, 37.1608], [-122.2857, 37.161], [-122.2857, 37.1608], [-122.286, 37.1608]], [[-122.2837, 37.1611], [-122.282, 37.1611], [-122.2823, 37.16], [-122.2809, 37.16], [-122.2816, 37.1581], [-122.2805, 37.1576], [-122.2765, 37.158], [-122.2772, 37.1585], [-122.2758, 37.1588], [-122.2744, 37.1575], [-122.2728, 37.1586], [-122.2724, 37.157], [-122.271, 37.1567], [-122.2727, 37.1553], [-122.2716, 37.1527], [-122.2733, 37.1534], [-122.2737, 37.155], [-122.2747, 37.1542], [-122.2747, 37.1553], [-122.274, 37.1553], [-122.2747, 37.1566], [-122.2781, 37.1558], [-122.2785, 37.1563], [-122.2795, 37.156], [-122.2795, 37.1566], [-122.2774, 37.1563], [-122.2768, 37.1574], [-122.2781, 37.1569], [-122.2822, 37.1576], [-122.2819, 37.1584], [-122.2829, 37.1584], [-122.2823, 37.1592], [-122.2833, 37.1595], [-122.2837, 37.1611]], [[-122.2613, 37.161], [-122.261, 37.1615], [-122.261, 37.161], [-122.2613, 37.161]], [[-122.2272, 37.1619], [-122.2269, 37.1621], [-122.2268, 37.1619], [-122.2272, 37.1619]], [[-122.311, 37.16], [-122.3107, 37.1603], [-122.3107, 37.16], [-122.311, 37.16]], [[-122.307, 37.1601], [-122.3067, 37.1604], [-122.3066, 37.1601], [-122.307, 37.1601]], [[-122.305, 37.1601], [-122.3046, 37.1604], [-122.3046, 37.1601], [-122.305, 37.1601]], [[-122.2965, 37.1603], [-122.2962, 37.1606], [-122.2962, 37.1603], [-122.2965, 37.1603]], [[-122.2955, 37.16], [-122.2952, 37.1606], [-122.2951, 37.16], [-122.2955, 37.16]], [[-122.2809, 37.1606], [-122.2806, 37.1609], [-122.2806, 37.1606], [-122.2809, 37.1606]], [[-122.2782, 37.1606], [-122.2776, 37.1609], [-122.2776, 37.1606], [-122.2782, 37.1606]], [[-122.2674, 37.1608], [-122.2671, 37.1611], [-122.2671, 37.1608], [-122.2674, 37.1608]], [[-122.2512, 37.1611], [-122.2502, 37.1614], [-122.2502, 37.1609], [-122.2512, 37.1611]], [[-122.2495, 37.1612], [-122.2492, 37.1615], [-122.2492, 37.1612], [-122.2495, 37.1612]], [[-122.3063, 37.1598], [-122.306, 37.1601], [-122.306, 37.1598], [-122.3063, 37.1598]], [[-122.2657, 37.1603], [-122.264, 37.1606], [-122.2643, 37.1595], [-122.2647, 37.1603], [-122.2657, 37.1603]], [[-122.2528, 37.16], [-122.2522, 37.1611], [-122.2522, 37.1598], [-122.2528, 37.16]], [[-122.2498, 37.1609], [-122.2495, 37.1612], [-122.2495, 37.1609], [-122.2498, 37.1609]], [[-122.3114, 37.1595], [-122.311, 37.1597], [-122.311, 37.1595], [-122.3114, 37.1595]], [[-122.2786, 37.1601], [-122.2782, 37.1604], [-122.2782, 37.1601], [-122.2786, 37.1601]], [[-122.2701, 37.16], [-122.2661, 37.1606], [-122.2661, 37.1603], [-122.2674, 37.1603], [-122.2684, 37.1595], [-122.2701, 37.16]], [[-122.2617, 37.1607], [-122.2606, 37.1602], [-122.2633, 37.1598], [-122.2633, 37.1596], [-122.2637, 37.1596], [-122.2637, 37.1593], [-122.264, 37.1593], [-122.264, 37.159], [-122.2643, 37.159], [-122.2637, 37.1604], [-122.2617, 37.1607]], [[-122.3029, 37.1596], [-122.3016, 37.1594], [-122.3015, 37.1588], [-122.3029, 37.1588], [-122.3029, 37.1596]], [[-122.2958, 37.1595], [-122.2948, 37.1598], [-122.2948, 37.1595], [-122.2958, 37.1595]], [[-122.2924, 37.1595], [-122.2921, 37.1598], [-122.2921, 37.1596], [-122.2924, 37.1595]], [[-122.2782, 37.1601], [-122.2772, 37.1598], [-122.2796, 37.1593], [-122.2785, 37.1595], [-122.2782, 37.1601]], [[-122.3107, 37.1587], [-122.31, 37.1592], [-122.31, 37.1587], [-122.3107, 37.1587]], [[-122.288, 37.1596], [-122.287, 37.1597], [-122.287, 37.1591], [-122.2877, 37.1591], [-122.288, 37.1596]], [[-122.2711, 37.1597], [-122.2704, 37.16], [-122.2704, 37.1597], [-122.2711, 37.1597]], [[-122.2654, 37.1598], [-122.265, 37.1601], [-122.265, 37.1598], [-122.2654, 37.1598]], [[-122.2559, 37.16], [-122.2552, 37.1603], [-122.2552, 37.16], [-122.2559, 37.16]], [[-122.2549, 37.16], [-122.2542, 37.1603], [-122.2542, 37.16], [-122.2549, 37.16]], [[-122.2542, 37.1597], [-122.2535, 37.1603], [-122.2535, 37.1598], [-122.2542, 37.1597]], [[-122.2265, 37.1605], [-122.2261, 37.1608], [-122.2261, 37.1605], [-122.2265, 37.1605]], [[-122.308, 37.1584], [-122.3076, 37.159], [-122.3076, 37.1584], [-122.308, 37.1584]], [[-122.3069, 37.1585], [-122.3066, 37.159], [-122.3066, 37.1585], [-122.3069, 37.1585]], [[-122.2924, 37.1593], [-122.2917, 37.159], [-122.2917, 37.1582], [-122.292, 37.1582], [-122.2924, 37.1593]], [[-122.266, 37.1595], [-122.2657, 37.1598], [-122.2657, 37.1595], [-122.266, 37.1595]], [[-122.263, 37.159], [-122.2603, 37.1599], [-122.2599, 37.1588], [-122.2603, 37.1588], [-122.2606, 37.1583], [-122.2619, 37.1585], [-122.2616, 37.158], [-122.2623, 37.158], [-122.2626, 37.1574], [-122.2633, 37.1574], [-122.2632, 37.1571], [-122.2636, 37.1571], [-122.264, 37.1582], [-122.2633, 37.1579], [-122.263, 37.159]], [[-122.2508, 37.1601], [-122.2495, 37.1601], [-122.2505, 37.1598], [-122.2508, 37.1585], [-122.2501, 37.1582], [-122.2508, 37.1582], [-122.2514, 37.1574], [-122.2524, 37.1579], [-122.2521, 37.1571], [-122.2544, 37.1562], [-122.2544, 37.157], [-122.2531, 37.1579], [-122.2538, 37.1584], [-122.2508, 37.1601]], [[-122.2268, 37.1603], [-122.2265, 37.1605], [-122.2265, 37.1603], [-122.2268, 37.1603]], [[-122.3103, 37.1579], [-122.3097, 37.1587], [-122.3096, 37.1576], [-122.3103, 37.1579]], [[-122.2904, 37.159], [-122.2893, 37.1583], [-122.2887, 37.1585], [-122.289, 37.1575], [-122.2897, 37.1574], [-122.29, 37.1585], [-122.2907, 37.1582], [-122.2904, 37.159]], [[-122.2741, 37.1583], [-122.2738, 37.1594], [-122.2738, 37.1583], [-122.2741, 37.1583]], [[-122.267, 37.1592], [-122.2667, 37.1595], [-122.2667, 37.1592], [-122.267, 37.1592]], [[-122.2586, 37.1594], [-122.2582, 37.1597], [-122.2582, 37.1594], [-122.2586, 37.1594]], [[-122.2559, 37.1594], [-122.2555, 37.1597], [-122.2555, 37.1594], [-122.2559, 37.1594]], [[-122.2464, 37.1596], [-122.2461, 37.1599], [-122.2461, 37.1596], [-122.2464, 37.1596]], [[-122.2275, 37.1597], [-122.2268, 37.1603], [-122.2264, 37.1595], [-122.2275, 37.1597]], [[-122.3083, 37.1579], [-122.308, 37.1584], [-122.3079, 37.1579], [-122.3083, 37.1579]], [[-122.288, 37.1586], [-122.2877, 37.1588], [-122.2877, 37.1586], [-122.288, 37.1586]], [[-122.2596, 37.1591], [-122.2589, 37.1594], [-122.2589, 37.1591], [-122.2596, 37.1591]], [[-122.3032, 37.1583], [-122.3029, 37.1577], [-122.3039, 37.1577], [-122.3039, 37.158], [-122.3032, 37.1583]], [[-122.3015, 37.1578], [-122.3012, 37.1583], [-122.3012, 37.1578], [-122.3015, 37.1578]], [[-122.2674, 37.1587], [-122.2667, 37.159], [-122.2667, 37.1587], [-122.2674, 37.1587]], [[-122.265, 37.159], [-122.2643, 37.159], [-122.2643, 37.1585], [-122.2646, 37.1585], [-122.265, 37.159]], [[-122.2254, 37.1595], [-122.2251, 37.1597], [-122.2251, 37.1595], [-122.2254, 37.1595]], [[-122.2173, 37.1599], [-122.2166, 37.1596], [-122.2166, 37.1591], [-122.2173, 37.1594], [-122.2173, 37.1599]], [[-122.2839, 37.1584], [-122.2829, 37.1578], [-122.2832, 37.1568], [-122.2835, 37.1567], [-122.2842, 37.1573], [-122.2839, 37.1584]], [[-122.2589, 37.1586], [-122.2586, 37.1588], [-122.2586, 37.1586], [-122.2589, 37.1586]], [[-122.2258, 37.1592], [-122.2254, 37.1595], [-122.2254, 37.1592], [-122.2258, 37.1592]], [[-122.2159, 37.1594], [-122.2156, 37.1597], [-122.2156, 37.1594], [-122.2159, 37.1594]], [[-122.3096, 37.1576], [-122.3089, 37.1576], [-122.3086, 37.1568], [-122.3096, 37.1565], [-122.3096, 37.1576]], [[-122.292, 37.1574], [-122.2917, 37.1579], [-122.2917, 37.1574], [-122.292, 37.1574]], [[-122.2849, 37.1578], [-122.2846, 37.1581], [-122.2846, 37.1578], [-122.2849, 37.1578]], [[-122.267, 37.1584], [-122.2663, 37.1584], [-122.2656, 37.1579], [-122.2673, 37.1573], [-122.267, 37.1584]], [[-122.2602, 37.1583], [-122.2599, 37.1586], [-122.2599, 37.1583], [-122.2602, 37.1583]], [[-122.2457, 37.1586], [-122.2454, 37.1588], [-122.2454, 37.1586], [-122.2457, 37.1586]], [[-122.2234, 37.1592], [-122.2224, 37.1593], [-122.222, 37.1585], [-122.2234, 37.1584], [-122.2234, 37.1592]], [[-122.2856, 37.1578], [-122.2849, 37.1578], [-122.2849, 37.1567], [-122.2852, 37.1567], [-122.2856, 37.1578]], [[-122.2684, 37.1581], [-122.2677, 37.1581], [-122.268, 37.1573], [-122.2673, 37.1568], [-122.269, 37.1565], [-122.269, 37.157], [-122.2693, 37.157], [-122.2693, 37.1573], [-122.2683, 37.157], [-122.2684, 37.1581]], [[-122.2545, 37.1581], [-122.2542, 37.1584], [-122.2541, 37.1581], [-122.2545, 37.1581]], [[-122.2328, 37.1585], [-122.2325, 37.1588], [-122.2325, 37.1585], [-122.2328, 37.1585]], [[-122.2863, 37.1572], [-122.2859, 37.1575], [-122.2859, 37.1572], [-122.2863, 37.1572]], [[-122.2653, 37.1579], [-122.2646, 37.1577], [-122.2645, 37.1552], [-122.2676, 37.1552], [-122.2679, 37.1557], [-122.2663, 37.156], [-122.2666, 37.1565], [-122.2653, 37.1579]], [[-122.2606, 37.1577], [-122.2602, 37.158], [-122.2602, 37.1577], [-122.2606, 37.1577]], [[-122.2558, 37.1581], [-122.2545, 37.1581], [-122.2558, 37.1565], [-122.2568, 37.1562], [-122.2571, 37.1562], [-122.2571, 37.1564], [-122.2585, 37.1564], [-122.2582, 37.157], [-122.2561, 37.157], [-122.2558, 37.1581]], [[-122.2484, 37.158], [-122.2481, 37.1582], [-122.248, 37.158], [-122.2484, 37.158]], [[-122.2467, 37.1583], [-122.245, 37.1583], [-122.245, 37.158], [-122.2457, 37.158], [-122.2457, 37.1577], [-122.246, 37.1577], [-122.2467, 37.1583]], [[-122.2409, 37.1581], [-122.2406, 37.1584], [-122.2406, 37.1581], [-122.2409, 37.1581]], [[-122.2883, 37.1569], [-122.288, 37.1572], [-122.2879, 37.1569], [-122.2883, 37.1569]], [[-122.2846, 37.157], [-122.2842, 37.1573], [-122.2842, 37.157], [-122.2846, 37.157]], [[-122.2507, 37.1576], [-122.2504, 37.1579], [-122.2504, 37.1577], [-122.2507, 37.1576]], [[-122.2477, 37.158], [-122.2463, 37.1569], [-122.2473, 37.1558], [-122.2487, 37.1569], [-122.2477, 37.158]], [[-122.2923, 37.1566], [-122.292, 37.1569], [-122.292, 37.1566], [-122.2923, 37.1566]], [[-122.2893, 37.1566], [-122.289, 37.1569], [-122.2889, 37.1566], [-122.2893, 37.1566]], [[-122.2879, 37.1564], [-122.2876, 37.1569], [-122.2876, 37.1564], [-122.2879, 37.1564]], [[-122.2463, 37.1575], [-122.246, 37.1577], [-122.246, 37.1575], [-122.2463, 37.1575]], [[-122.2423, 37.1575], [-122.242, 37.1578], [-122.2419, 37.1575], [-122.2423, 37.1575]], [[-122.2413, 37.1576], [-122.2409, 37.1578], [-122.2409, 37.1576], [-122.2413, 37.1576]], [[-122.2183, 37.1577], [-122.2179, 37.1583], [-122.2176, 37.1577], [-122.2183, 37.1577]], [[-122.295, 37.156], [-122.2944, 37.1565], [-122.2944, 37.1563], [-122.295, 37.156]], [[-122.2862, 37.1567], [-122.2852, 37.1567], [-122.2849, 37.1562], [-122.2862, 37.1559], [-122.2862, 37.1567]], [[-122.2842, 37.1562], [-122.2835, 37.1567], [-122.2835, 37.1565], [-122.2842, 37.1562]], [[-122.2829, 37.1565], [-122.2825, 37.1568], [-122.2825, 37.1565], [-122.2829, 37.1565]], [[-122.2703, 37.1567], [-122.2693, 37.157], [-122.2693, 37.1568], [-122.2703, 37.1567]], [[-122.2642, 37.1563], [-122.2636, 37.1571], [-122.2636, 37.1563], [-122.2642, 37.1563]], [[-122.2419, 37.1575], [-122.2406, 37.1565], [-122.2419, 37.1565], [-122.2419, 37.1554], [-122.2429, 37.1554], [-122.2432, 37.1559], [-122.2422, 37.1565], [-122.2419, 37.1575]], [[-122.2923, 37.156], [-122.292, 37.1563], [-122.292, 37.156], [-122.2923, 37.156]], [[-122.2893, 37.1556], [-122.2879, 37.1561], [-122.2882, 37.1553], [-122.2893, 37.1556]], [[-122.2876, 37.1559], [-122.2872, 37.1561], [-122.2872, 37.1559], [-122.2876, 37.1559]], [[-122.2595, 37.1564], [-122.2592, 37.1567], [-122.2592, 37.1564], [-122.2595, 37.1564]], [[-122.2325, 37.1569], [-122.2321, 37.1572], [-122.2321, 37.1569], [-122.2325, 37.1569]], [[-122.2298, 37.1572], [-122.2287, 37.1572], [-122.2287, 37.1564], [-122.2294, 37.1564], [-122.2298, 37.1572]], [[-122.2247, 37.1573], [-122.224, 37.1573], [-122.2237, 37.1568], [-122.2243, 37.1568], [-122.2247, 37.1573]], [[-122.2186, 37.1572], [-122.2179, 37.1575], [-122.2179, 37.1572], [-122.2186, 37.1572]], [[-122.2967, 37.1557], [-122.2957, 37.1557], [-122.2953, 37.1546], [-122.296, 37.1546], [-122.2967, 37.1557]], [[-122.2832, 37.1559], [-122.2825, 37.1557], [-122.2825, 37.1551], [-122.2832, 37.1551], [-122.2832, 37.1559]], [[-122.2598, 37.1559], [-122.2595, 37.1564], [-122.2595, 37.1559], [-122.2598, 37.1559]], [[-122.2592, 37.1559], [-122.2585, 37.1564], [-122.2585, 37.1561], [-122.2592, 37.1559]], [[-122.2429, 37.1564], [-122.2426, 37.1567], [-122.2426, 37.1564], [-122.2429, 37.1564]], [[-122.2321, 37.1564], [-122.2314, 37.1569], [-122.2314, 37.1564], [-122.2321, 37.1564]], [[-122.2879, 37.1553], [-122.2872, 37.1556], [-122.2872, 37.1553], [-122.2879, 37.1553]], [[-122.2571, 37.1554], [-122.2571, 37.1562], [-122.2564, 37.1554], [-122.2571, 37.1554]], [[-122.2558, 37.1554], [-122.2554, 37.1562], [-122.2554, 37.1554], [-122.2558, 37.1554]], [[-122.3075, 37.1547], [-122.3072, 37.1549], [-122.3072, 37.1547], [-122.3075, 37.1547]], [[-122.3041, 37.155], [-122.3034, 37.155], [-122.3024, 37.1537], [-122.3041, 37.1542], [-122.3041, 37.155]], [[-122.2777, 37.1547], [-122.2771, 37.1555], [-122.277, 37.1547], [-122.2777, 37.1547]], [[-122.246, 37.1558], [-122.2456, 37.1561], [-122.2456, 37.1559], [-122.246, 37.1558]], [[-122.2307, 37.1564], [-122.2301, 37.1564], [-122.2297, 37.1559], [-122.2304, 37.1559], [-122.2307, 37.1564]], [[-122.2923, 37.1547], [-122.2919, 37.155], [-122.2919, 37.1547], [-122.2923, 37.1547]], [[-122.2852, 37.1551], [-122.2842, 37.1548], [-122.2841, 37.1543], [-122.2852, 37.1543], [-122.2852, 37.1551]], [[-122.2815, 37.1552], [-122.2808, 37.1546], [-122.2811, 37.1541], [-122.2818, 37.1541], [-122.2815, 37.1552]], [[-122.2787, 37.1547], [-122.2784, 37.1552], [-122.2784, 37.1547], [-122.2787, 37.1547]], [[-122.2456, 37.1556], [-122.2453, 37.1559], [-122.2453, 37.1556], [-122.2456, 37.1556]], [[-122.2338, 37.1558], [-122.2334, 37.1561], [-122.2334, 37.1558], [-122.2338, 37.1558]], [[-122.3068, 37.1541], [-122.3065, 37.1544], [-122.3065, 37.1541], [-122.3068, 37.1541]], [[-122.3061, 37.1542], [-122.3058, 37.1544], [-122.3058, 37.1542], [-122.3061, 37.1542]], [[-122.2689, 37.1551], [-122.2669, 37.1544], [-122.2699, 37.154], [-122.2702, 37.1532], [-122.2716, 37.1532], [-122.2713, 37.154], [-122.2689, 37.1551]], [[-122.2645, 37.1544], [-122.2632, 37.1552], [-122.2628, 37.1544], [-122.2645, 37.1544]], [[-122.2625, 37.1547], [-122.2622, 37.1553], [-122.2622, 37.1547], [-122.2625, 37.1547]], [[-122.3054, 37.1539], [-122.3051, 37.1542], [-122.3051, 37.1539], [-122.3054, 37.1539]], [[-122.2919, 37.1542], [-122.2916, 37.1544], [-122.2916, 37.1542], [-122.2919, 37.1542]], [[-122.2835, 37.1546], [-122.2828, 37.1546], [-122.2824, 37.153], [-122.2834, 37.1532], [-122.2835, 37.1546]], [[-122.277, 37.1544], [-122.2767, 37.1547], [-122.2767, 37.1545], [-122.277, 37.1544]], [[-122.2764, 37.1542], [-122.276, 37.1547], [-122.276, 37.1542], [-122.2764, 37.1542]], [[-122.2662, 37.1547], [-122.2645, 37.1547], [-122.2662, 37.1544], [-122.2662, 37.1547]], [[-122.2567, 37.1546], [-122.2564, 37.1551], [-122.2564, 37.1546], [-122.2567, 37.1546]], [[-122.2334, 37.1553], [-122.2331, 37.1555], [-122.2331, 37.1553], [-122.2334, 37.1553]], [[-122.2896, 37.1542], [-122.2878, 37.1537], [-122.2871, 37.1529], [-122.2899, 37.1531], [-122.2896, 37.1542]], [[-122.2774, 37.1542], [-122.277, 37.1544], [-122.277, 37.1542], [-122.2774, 37.1542]], [[-122.2757, 37.1537], [-122.2753, 37.1545], [-122.2753, 37.1537], [-122.2757, 37.1537]], [[-122.2615, 37.1545], [-122.2611, 37.1547], [-122.2611, 37.1545], [-122.2615, 37.1545]], [[-122.2608, 37.1545], [-122.2605, 37.1548], [-122.2605, 37.1545], [-122.2608, 37.1545]], [[-122.2578, 37.1545], [-122.2574, 37.1548], [-122.2574, 37.1545], [-122.2578, 37.1545]], [[-122.248, 37.1547], [-122.2476, 37.155], [-122.2476, 37.1547], [-122.248, 37.1547]], [[-122.2321, 37.1553], [-122.231, 37.1548], [-122.2314, 37.1545], [-122.231, 37.1523], [-122.23, 37.1526], [-122.2296, 37.1518], [-122.2306, 37.1507], [-122.2326, 37.1507], [-122.2323, 37.1515], [-122.2309, 37.1518], [-122.2317, 37.1537], [-122.234, 37.1536], [-122.2321, 37.1553]], [[-122.3014, 37.1532], [-122.301, 37.1537], [-122.301, 37.1532], [-122.3014, 37.1532]], [[-122.2906, 37.1536], [-122.2899, 37.1539], [-122.2899, 37.1537], [-122.2906, 37.1536]], [[-122.2811, 37.1541], [-122.2804, 37.1538], [-122.2807, 37.153], [-122.2814, 37.1533], [-122.2811, 37.1541]], [[-122.2777, 37.1536], [-122.2774, 37.1542], [-122.2774, 37.1536], [-122.2777, 37.1536]], [[-122.277, 37.1539], [-122.2767, 37.1542], [-122.2767, 37.1539], [-122.277, 37.1539]], [[-122.2611, 37.1542], [-122.2608, 37.1545], [-122.2608, 37.1542], [-122.2611, 37.1542]], [[-122.2601, 37.1542], [-122.2598, 37.1545], [-122.2598, 37.1542], [-122.2601, 37.1542]], [[-122.2591, 37.1542], [-122.2588, 37.1545], [-122.2588, 37.1543], [-122.2591, 37.1542]], [[-122.2581, 37.1543], [-122.2578, 37.1545], [-122.2577, 37.1543], [-122.2581, 37.1543]], [[-122.2574, 37.1543], [-122.2567, 37.1546], [-122.2567, 37.1543], [-122.2574, 37.1543]], [[-122.2337, 37.1547], [-122.2334, 37.155], [-122.2334, 37.1547], [-122.2337, 37.1547]], [[-122.2287, 37.1548], [-122.2283, 37.1551], [-122.2283, 37.1548], [-122.2287, 37.1548]], [[-122.3058, 37.1534], [-122.3037, 37.1526], [-122.3037, 37.152], [-122.3047, 37.152], [-122.3043, 37.1512], [-122.3064, 37.1525], [-122.3058, 37.1534]], [[-122.3007, 37.1532], [-122.3004, 37.1535], [-122.3003, 37.1532], [-122.3007, 37.1532]], [[-122.2544, 37.1541], [-122.254, 37.1543], [-122.254, 37.1541], [-122.2544, 37.1541]], [[-122.2479, 37.1542], [-122.2476, 37.1545], [-122.2476, 37.1542], [-122.2479, 37.1542]], [[-122.231, 37.1542], [-122.2304, 37.1548], [-122.2303, 37.1543], [-122.231, 37.1542]], [[-122.2922, 37.1533], [-122.2912, 37.1534], [-122.2922, 37.1528], [-122.2915, 37.1525], [-122.2919, 37.152], [-122.2922, 37.152], [-122.2925, 37.1523], [-122.2922, 37.1533]], [[-122.2801, 37.1533], [-122.2797, 37.1536], [-122.2797, 37.1533], [-122.2801, 37.1533]], [[-122.2794, 37.1533], [-122.279, 37.1536], [-122.279, 37.1533], [-122.2794, 37.1533]], [[-122.279, 37.1533], [-122.2767, 37.1536], [-122.2763, 37.1523], [-122.2756, 37.1531], [-122.2753, 37.1526], [-122.2736, 37.1532], [-122.2736, 37.1521], [-122.2722, 37.1526], [-122.2725, 37.1505], [-122.2739, 37.1505], [-122.2728, 37.1483], [-122.2748, 37.1488], [-122.2742, 37.1491], [-122.2749, 37.1504], [-122.2762, 37.1501], [-122.2759, 37.1507], [-122.278, 37.1515], [-122.278, 37.1523], [-122.2773, 37.1523], [-122.278, 37.1528], [-122.277, 37.1531], [-122.2784, 37.1531], [-122.2793, 37.1514], [-122.2797, 37.1514], [-122.28, 37.152], [-122.2807, 37.1519], [-122.279, 37.1533]], [[-122.253, 37.1538], [-122.2527, 37.1541], [-122.2527, 37.1538], [-122.253, 37.1538]], [[-122.2489, 37.1539], [-122.2486, 37.1542], [-122.2486, 37.1539], [-122.2489, 37.1539]], [[-122.2473, 37.1539], [-122.2469, 37.1542], [-122.2469, 37.1539], [-122.2473, 37.1539]], [[-122.2293, 37.1543], [-122.229, 37.1545], [-122.229, 37.1543], [-122.2293, 37.1543]], [[-122.2287, 37.1543], [-122.2283, 37.1546], [-122.2283, 37.1543], [-122.2287, 37.1543]], [[-122.2283, 37.154], [-122.2273, 37.1546], [-122.227, 37.154], [-122.2283, 37.154]], [[-122.2865, 37.1529], [-122.2861, 37.1532], [-122.2861, 37.1529], [-122.2865, 37.1529]], [[-122.2865, 37.1524], [-122.2851, 37.1532], [-122.2837, 37.1522], [-122.2844, 37.1521], [-122.2844, 37.1519], [-122.2847, 37.1519], [-122.2865, 37.1524]], [[-122.254, 37.1535], [-122.2537, 37.1538], [-122.2537, 37.1535], [-122.254, 37.1535]], [[-122.2466, 37.1537], [-122.2459, 37.154], [-122.2459, 37.1537], [-122.2466, 37.1537]], [[-122.2993, 37.1524], [-122.299, 37.1527], [-122.299, 37.1524], [-122.2993, 37.1524]], [[-122.2537, 37.1535], [-122.2527, 37.1536], [-122.2523, 37.1528], [-122.255, 37.1522], [-122.2539, 37.1511], [-122.2553, 37.1511], [-122.2562, 37.1492], [-122.258, 37.1505], [-122.2576, 37.1483], [-122.2569, 37.1483], [-122.2572, 37.1465], [-122.2565, 37.1462], [-122.2571, 37.1448], [-122.2564, 37.1446], [-122.2578, 37.144], [-122.2571, 37.1427], [-122.2581, 37.1424], [-122.2581, 37.1432], [-122.2588, 37.1432], [-122.2587, 37.141], [-122.2597, 37.141], [-122.2604, 37.1423], [-122.2588, 37.1448], [-122.2609, 37.1456], [-122.2595, 37.1459], [-122.2595, 37.1464], [-122.2588, 37.1456], [-122.2589, 37.1464], [-122.2582, 37.1464], [-122.2582, 37.1472], [-122.2585, 37.1467], [-122.2596, 37.1467], [-122.2586, 37.148], [-122.2596, 37.148], [-122.2593, 37.1486], [-122.2599, 37.1486], [-122.2586, 37.1491], [-122.2583, 37.151], [-122.2593, 37.1507], [-122.2594, 37.1513], [-122.2584, 37.1518], [-122.2614, 37.1518], [-122.2607, 37.1507], [-122.2627, 37.1507], [-122.2617, 37.151], [-122.2627, 37.1517], [-122.2597, 37.1526], [-122.2594, 37.1521], [-122.257, 37.1521], [-122.2573, 37.1508], [-122.2566, 37.1508], [-122.256, 37.153], [-122.2543, 37.1527], [-122.2537, 37.1535]], [[-122.2246, 37.1538], [-122.2239, 37.1541], [-122.2239, 37.1538], [-122.2246, 37.1538]], [[-122.2912, 37.1517], [-122.2905, 37.1526], [-122.2905, 37.1515], [-122.2912, 37.1517]], [[-122.2523, 37.153], [-122.252, 37.1533], [-122.252, 37.153], [-122.2523, 37.153]], [[-122.2195, 37.1539], [-122.2188, 37.1539], [-122.2188, 37.1534], [-122.2192, 37.1534], [-122.2195, 37.1539]], [[-122.2618, 37.1526], [-122.2614, 37.1529], [-122.2614, 37.1526], [-122.2618, 37.1526]], [[-122.2364, 37.1531], [-122.2361, 37.1533], [-122.2361, 37.1531], [-122.2364, 37.1531]], [[-122.2327, 37.1531], [-122.2323, 37.1534], [-122.2323, 37.1531], [-122.2327, 37.1531]], [[-122.23, 37.1532], [-122.2296, 37.1535], [-122.2296, 37.1532], [-122.23, 37.1532]], [[-122.2293, 37.1535], [-122.2283, 37.1532], [-122.2289, 37.1524], [-122.2293, 37.1524], [-122.2296, 37.1529], [-122.2293, 37.1535]], [[-122.2178, 37.1531], [-122.2165, 37.1537], [-122.2168, 37.1523], [-122.2178, 37.1531]], [[-122.2925, 37.1517], [-122.2922, 37.152], [-122.2922, 37.1517], [-122.2925, 37.1517]], [[-122.2837, 37.1519], [-122.2834, 37.1522], [-122.2834, 37.1519], [-122.2837, 37.1519]], [[-122.2624, 37.1523], [-122.2621, 37.1526], [-122.2621, 37.1523], [-122.2624, 37.1523]], [[-122.2185, 37.1531], [-122.2181, 37.1534], [-122.2181, 37.1531], [-122.2185, 37.1531]], [[-122.3006, 37.1513], [-122.3003, 37.1516], [-122.3003, 37.1513], [-122.3006, 37.1513]], [[-122.2993, 37.151], [-122.2989, 37.1516], [-122.2989, 37.1511], [-122.2993, 37.151]], [[-122.2851, 37.1519], [-122.2827, 37.1516], [-122.2827, 37.1511], [-122.2847, 37.1511], [-122.2854, 37.1513], [-122.2851, 37.1519]], [[-122.2699, 37.1519], [-122.2692, 37.1522], [-122.2692, 37.1519], [-122.2699, 37.1519]], [[-122.2665, 37.1519], [-122.2661, 37.1522], [-122.2661, 37.152], [-122.2665, 37.1519]], [[-122.2658, 37.152], [-122.2651, 37.1522], [-122.2651, 37.152], [-122.2658, 37.152]], [[-122.2631, 37.152], [-122.2628, 37.1523], [-122.2628, 37.152], [-122.2631, 37.152]], [[-122.2513, 37.1525], [-122.2509, 37.152], [-122.2516, 37.1517], [-122.2519, 37.1522], [-122.2513, 37.1525]], [[-122.2333, 37.1528], [-122.232, 37.1526], [-122.232, 37.1523], [-122.233, 37.1523], [-122.233, 37.1518], [-122.2337, 37.1518], [-122.2333, 37.1528]], [[-122.2181, 37.1529], [-122.2178, 37.1531], [-122.2178, 37.1529], [-122.2181, 37.1529]], [[-122.2141, 37.1529], [-122.2137, 37.1532], [-122.2137, 37.1529], [-122.2141, 37.1529]], [[-122.2709, 37.1516], [-122.2705, 37.1519], [-122.2705, 37.1516], [-122.2709, 37.1516]], [[-122.2661, 37.1514], [-122.2658, 37.152], [-122.2654, 37.1514], [-122.2661, 37.1514]], [[-122.2391, 37.1522], [-122.2387, 37.1525], [-122.2387, 37.1522], [-122.2391, 37.1522]], [[-122.2144, 37.1527], [-122.2141, 37.1529], [-122.2141, 37.1527], [-122.2144, 37.1527]], [[-122.2911, 37.1509], [-122.2898, 37.1512], [-122.2894, 37.1504], [-122.2908, 37.1504], [-122.2911, 37.1509]], [[-122.28, 37.1511], [-122.2797, 37.1514], [-122.2796, 37.1512], [-122.28, 37.1511]], [[-122.2499, 37.152], [-122.2492, 37.1515], [-122.2509, 37.1514], [-122.2509, 37.1517], [-122.2499, 37.152]], [[-122.2296, 37.1521], [-122.2293, 37.1524], [-122.2293, 37.1521], [-122.2296, 37.1521]], [[-122.2164, 37.1524], [-122.2161, 37.1526], [-122.2161, 37.1524], [-122.2164, 37.1524]], [[-122.2151, 37.1526], [-122.2144, 37.1524], [-122.2147, 37.1516], [-122.2154, 37.1516], [-122.2151, 37.1526]], [[-122.2127, 37.1524], [-122.212, 37.1527], [-122.212, 37.1522], [-122.2123, 37.1522], [-122.2124, 37.1524], [-122.2127, 37.1524]], [[-122.2796, 37.1512], [-122.279, 37.1512], [-122.2789, 37.1501], [-122.2796, 37.1501], [-122.2796, 37.1512]], [[-122.2675, 37.1508], [-122.2668, 37.1514], [-122.2668, 37.1509], [-122.2675, 37.1508]], [[-122.2654, 37.1514], [-122.2631, 37.1515], [-122.2634, 37.1504], [-122.262, 37.1501], [-122.263, 37.1496], [-122.2644, 37.1496], [-122.2654, 37.1514]], [[-122.2377, 37.1517], [-122.237, 37.1514], [-122.2377, 37.1511], [-122.2377, 37.1517]], [[-122.233, 37.1515], [-122.2323, 37.1521], [-122.2323, 37.1515], [-122.233, 37.1515]], [[-122.214, 37.1521], [-122.2127, 37.1524], [-122.2127, 37.1522], [-122.214, 37.1521]], [[-122.2921, 37.1504], [-122.2918, 37.1507], [-122.2918, 37.1504], [-122.2921, 37.1504]], [[-122.2661, 37.1509], [-122.2658, 37.1511], [-122.2658, 37.1509], [-122.2661, 37.1509]], [[-122.2516, 37.1514], [-122.2509, 37.1514], [-122.2512, 37.1506], [-122.2515, 37.1506], [-122.2516, 37.1514]], [[-122.234, 37.1515], [-122.2337, 37.1518], [-122.2336, 37.1515], [-122.234, 37.1515]], [[-122.2205, 37.1517], [-122.2201, 37.152], [-122.2201, 37.1517], [-122.2205, 37.1517]], [[-122.2178, 37.1518], [-122.2174, 37.1521], [-122.2174, 37.1518], [-122.2178, 37.1518]], [[-122.2887, 37.1499], [-122.2884, 37.1504], [-122.2884, 37.1499], [-122.2887, 37.1499]], [[-122.2817, 37.1506], [-122.2803, 37.1498], [-122.2803, 37.1487], [-122.282, 37.149], [-122.2817, 37.1506]], [[-122.2681, 37.1506], [-122.2671, 37.1506], [-122.2671, 37.1503], [-122.2681, 37.15], [-122.2681, 37.1506]], [[-122.2657, 37.1501], [-122.2654, 37.1506], [-122.2654, 37.1501], [-122.2657, 37.1501]], [[-122.2536, 37.1506], [-122.2532, 37.1508], [-122.2532, 37.1506], [-122.2536, 37.1506]], [[-122.3012, 37.1494], [-122.3009, 37.1497], [-122.3009, 37.1494], [-122.3012, 37.1494]], [[-122.2999, 37.1494], [-122.2992, 37.1497], [-122.2992, 37.1494], [-122.2999, 37.1494]], [[-122.2982, 37.1497], [-122.2972, 37.1497], [-122.2972, 37.1492], [-122.2979, 37.1489], [-122.2982, 37.1497]], [[-122.2881, 37.1494], [-122.2877, 37.1499], [-122.2877, 37.1494], [-122.2881, 37.1494]], [[-122.2793, 37.1495], [-122.2786, 37.1501], [-122.2786, 37.1496], [-122.2793, 37.1495]], [[-122.2715, 37.15], [-122.2712, 37.1502], [-122.2712, 37.15], [-122.2715, 37.15]], [[-122.2708, 37.15], [-122.2705, 37.1503], [-122.2705, 37.15], [-122.2708, 37.15]], [[-122.2613, 37.1502], [-122.261, 37.1504], [-122.261, 37.1502], [-122.2613, 37.1502]], [[-122.2532, 37.1506], [-122.2515, 37.1506], [-122.2515, 37.1498], [-122.2542, 37.1487], [-122.2542, 37.1489], [-122.2545, 37.1489], [-122.2546, 37.1492], [-122.2525, 37.1495], [-122.2532, 37.1506]], [[-122.2414, 37.1505], [-122.2411, 37.1508], [-122.2411, 37.1505], [-122.2414, 37.1505]], [[-122.2992, 37.1489], [-122.2989, 37.1494], [-122.2985, 37.1489], [-122.2992, 37.1489]], [[-122.2958, 37.1492], [-122.2955, 37.1495], [-122.2955, 37.1492], [-122.2958, 37.1492]], [[-122.2911, 37.1496], [-122.2894, 37.1496], [-122.2894, 37.1493], [-122.2907, 37.1485], [-122.2911, 37.1496]], [[-122.2843, 37.1497], [-122.2837, 37.1495], [-122.2836, 37.1489], [-122.2843, 37.1489], [-122.2843, 37.1497]], [[-122.2722, 37.1499], [-122.2711, 37.1497], [-122.2711, 37.1492], [-122.2718, 37.1491], [-122.2722, 37.1499]], [[-122.2664, 37.1498], [-122.2657, 37.1501], [-122.2657, 37.1498], [-122.2664, 37.1498]], [[-122.2654, 37.1498], [-122.2651, 37.1501], [-122.2651, 37.1498], [-122.2654, 37.1498]], [[-122.2955, 37.1492], [-122.2938, 37.1493], [-122.2934, 37.1487], [-122.2948, 37.1484], [-122.2955, 37.1492]], [[-122.2363, 37.1501], [-122.236, 37.1504], [-122.236, 37.1501], [-122.2363, 37.1501]], [[-122.3005, 37.1486], [-122.2999, 37.1489], [-122.2999, 37.1486], [-122.3005, 37.1486]], [[-122.2985, 37.1486], [-122.2982, 37.1489], [-122.2982, 37.1486], [-122.2985, 37.1486]], [[-122.288, 37.1488], [-122.2877, 37.1491], [-122.2877, 37.1488], [-122.288, 37.1488]], [[-122.2698, 37.1492], [-122.2694, 37.1495], [-122.2694, 37.1492], [-122.2698, 37.1492]], [[-122.2674, 37.1492], [-122.2671, 37.1495], [-122.2671, 37.1492], [-122.2674, 37.1492]], [[-122.2647, 37.1493], [-122.2644, 37.1496], [-122.2644, 37.1493], [-122.2647, 37.1493]], [[-122.236, 37.1498], [-122.2356, 37.1501], [-122.2356, 37.1498], [-122.236, 37.1498]], [[-122.2877, 37.1486], [-122.2874, 37.1488], [-122.2874, 37.1486], [-122.2877, 37.1486]], [[-122.2711, 37.1489], [-122.2708, 37.1492], [-122.2708, 37.1489], [-122.2711, 37.1489]], [[-122.2681, 37.1489], [-122.2674, 37.1492], [-122.2674, 37.149], [-122.2681, 37.1489]], [[-122.2671, 37.1492], [-122.2664, 37.149], [-122.2667, 37.1484], [-122.267, 37.1484], [-122.2671, 37.1492]], [[-122.264, 37.149], [-122.2637, 37.1493], [-122.2637, 37.149], [-122.264, 37.149]], [[-122.2502, 37.1493], [-122.2498, 37.1496], [-122.2498, 37.1493], [-122.2502, 37.1493]], [[-122.3002, 37.1481], [-122.2999, 37.1483], [-122.2999, 37.1481], [-122.3002, 37.1481]], [[-122.2931, 37.1485], [-122.289, 37.1477], [-122.2886, 37.1464], [-122.29, 37.1466], [-122.29, 37.1456], [-122.2886, 37.1445], [-122.2892, 37.1434], [-122.2903, 37.1442], [-122.29, 37.145], [-122.2913, 37.1455], [-122.291, 37.1463], [-122.2927, 37.1471], [-122.2931, 37.1485]], [[-122.2873, 37.1483], [-122.287, 37.1486], [-122.287, 37.1483], [-122.2873, 37.1483]], [[-122.286, 37.1483], [-122.2857, 37.1486], [-122.2857, 37.1483], [-122.286, 37.1483]], [[-122.2725, 37.1489], [-122.2718, 37.1489], [-122.2711, 37.147], [-122.2724, 37.147], [-122.2725, 37.1489]], [[-122.2704, 37.1486], [-122.2701, 37.1489], [-122.2701, 37.1486], [-122.2704, 37.1486]], [[-122.261, 37.1488], [-122.2606, 37.1491], [-122.2606, 37.1488], [-122.261, 37.1488]], [[-122.2498, 37.1493], [-122.2488, 37.149], [-122.2484, 37.1482], [-122.2494, 37.148], [-122.2498, 37.1493]], [[-122.2366, 37.1493], [-122.236, 37.1496], [-122.2359, 37.1493], [-122.2366, 37.1493]], [[-122.2261, 37.1495], [-122.2258, 37.1497], [-122.2258, 37.1495], [-122.2261, 37.1495]], [[-122.2856, 37.1481], [-122.2846, 37.1484], [-122.2846, 37.1481], [-122.2856, 37.1481]], [[-122.2819, 37.1484], [-122.2812, 37.1479], [-122.2818, 37.1446], [-122.2811, 37.1444], [-122.2802, 37.1455], [-122.2801, 37.1441], [-122.2821, 37.1438], [-122.2825, 37.1433], [-122.2814, 37.1433], [-122.2814, 37.1428], [-122.2831, 37.1422], [-122.2831, 37.143], [-122.2848, 37.1432], [-122.2826, 37.1465], [-122.2826, 37.1473], [-122.2836, 37.1478], [-122.2826, 37.1476], [-122.2819, 37.1484]], [[-122.2789, 37.1485], [-122.2779, 37.1482], [-122.2785, 37.1471], [-122.2789, 37.1471], [-122.2789, 37.1485]], [[-122.2762, 37.148], [-122.2748, 37.1483], [-122.2751, 37.1475], [-122.2762, 37.148]], [[-122.2664, 37.1484], [-122.2654, 37.1487], [-122.2654, 37.1485], [-122.2664, 37.1484]], [[-122.2569, 37.1483], [-122.2566, 37.1489], [-122.2566, 37.1484], [-122.2569, 37.1483]], [[-122.2549, 37.1484], [-122.2545, 37.1489], [-122.2545, 37.1484], [-122.2549, 37.1484]], [[-122.2745, 37.148], [-122.2741, 37.1483], [-122.2741, 37.148], [-122.2745, 37.148]], [[-122.2873, 37.1472], [-122.2863, 37.1478], [-122.2866, 37.147], [-122.2873, 37.1472]], [[-122.2532, 37.1482], [-122.2528, 37.1484], [-122.2528, 37.1482], [-122.2532, 37.1482]], [[-122.2474, 37.1483], [-122.2471, 37.1485], [-122.2471, 37.1483], [-122.2474, 37.1483]], [[-122.2951, 37.1471], [-122.2948, 37.1474], [-122.2948, 37.1471], [-122.2951, 37.1471]], [[-122.2941, 37.1474], [-122.2924, 37.1469], [-122.292, 37.1452], [-122.295, 37.1457], [-122.2941, 37.1474]], [[-122.2606, 37.148], [-122.2596, 37.148], [-122.2599, 37.1467], [-122.2609, 37.1469], [-122.2606, 37.148]], [[-122.2565, 37.1478], [-122.2562, 37.1481], [-122.2562, 37.1478], [-122.2565, 37.1478]], [[-122.2538, 37.1479], [-122.2535, 37.1481], [-122.2535, 37.1479], [-122.2538, 37.1479]], [[-122.2467, 37.148], [-122.2464, 37.1483], [-122.2464, 37.148], [-122.2467, 37.148]], [[-122.2393, 37.1481], [-122.239, 37.1484], [-122.239, 37.1481], [-122.2393, 37.1481]], [[-122.2302, 37.1483], [-122.2298, 37.1486], [-122.2298, 37.1483], [-122.2302, 37.1483]], [[-122.3018, 37.1467], [-122.3012, 37.147], [-122.3012, 37.1467], [-122.3018, 37.1467]], [[-122.2856, 37.147], [-122.2853, 37.1473], [-122.2853, 37.147], [-122.2856, 37.147]], [[-122.2687, 37.1468], [-122.268, 37.1476], [-122.268, 37.1468], [-122.2687, 37.1468]], [[-122.2667, 37.1476], [-122.265, 37.1477], [-122.2646, 37.1471], [-122.2663, 37.1471], [-122.2667, 37.1476]], [[-122.2626, 37.1474], [-122.2623, 37.1477], [-122.2623, 37.1474], [-122.2626, 37.1474]], [[-122.2569, 37.147], [-122.2565, 37.1478], [-122.2565, 37.147], [-122.2569, 37.147]], [[-122.2542, 37.1473], [-122.2538, 37.1479], [-122.2535, 37.1473], [-122.2542, 37.1473]], [[-122.2427, 37.1475], [-122.2423, 37.1481], [-122.2423, 37.1475], [-122.2427, 37.1475]], [[-122.2373, 37.1476], [-122.2369, 37.1482], [-122.2369, 37.1476], [-122.2373, 37.1476]], [[-122.2349, 37.148], [-122.2346, 37.1482], [-122.2346, 37.148], [-122.2349, 37.148]], [[-122.3022, 37.1464], [-122.3018, 37.1467], [-122.3018, 37.1464], [-122.3022, 37.1464]], [[-122.2853, 37.1465], [-122.2846, 37.147], [-122.2846, 37.1465], [-122.2853, 37.1465]], [[-122.2843, 37.1467], [-122.2836, 37.147], [-122.2836, 37.1468], [-122.2843, 37.1467]], [[-122.2629, 37.1472], [-122.2626, 37.1474], [-122.2626, 37.1472], [-122.2629, 37.1472]], [[-122.2596, 37.1472], [-122.2592, 37.1475], [-122.2592, 37.1472], [-122.2596, 37.1472]], [[-122.244, 37.1478], [-122.243, 37.1467], [-122.2433, 37.1459], [-122.2436, 37.1459], [-122.244, 37.1467], [-122.244, 37.1478]], [[-122.2406, 37.1476], [-122.2403, 37.1479], [-122.2403, 37.1476], [-122.2406, 37.1476]], [[-122.2352, 37.1471], [-122.2332, 37.148], [-122.2332, 37.1472], [-122.2339, 37.1474], [-122.2349, 37.1466], [-122.2352, 37.1471]], [[-122.2315, 37.1477], [-122.2312, 37.148], [-122.2312, 37.1478], [-122.2315, 37.1477]], [[-122.2301, 37.1475], [-122.2298, 37.1481], [-122.2298, 37.1475], [-122.2301, 37.1475]], [[-122.287, 37.1467], [-122.2859, 37.1467], [-122.2856, 37.1456], [-122.2873, 37.1459], [-122.287, 37.1467]], [[-122.2758, 37.1461], [-122.2751, 37.1469], [-122.2751, 37.1461], [-122.2758, 37.1461]], [[-122.2748, 37.1467], [-122.2741, 37.1469], [-122.2741, 37.1467], [-122.2748, 37.1467]], [[-122.2694, 37.1468], [-122.269, 37.147], [-122.269, 37.1468], [-122.2694, 37.1468]], [[-122.2707, 37.1467], [-122.2686, 37.1452], [-122.2696, 37.1432], [-122.2689, 37.143], [-122.2692, 37.1422], [-122.2685, 37.1416], [-122.2692, 37.1406], [-122.2685, 37.1408], [-122.2685, 37.14], [-122.2688, 37.14], [-122.2695, 37.1392], [-122.2702, 37.1395], [-122.2701, 37.1389], [-122.2708, 37.1397], [-122.2702, 37.1403], [-122.2706, 37.1413], [-122.2699, 37.1414], [-122.2703, 37.144], [-122.2696, 37.1443], [-122.2697, 37.1457], [-122.2707, 37.1459], [-122.2707, 37.1467]], [[-122.2565, 37.1467], [-122.2562, 37.147], [-122.2562, 37.1467], [-122.2565, 37.1467]], [[-122.2542, 37.1471], [-122.2531, 37.1471], [-122.2534, 37.1457], [-122.2541, 37.1462], [-122.2542, 37.1471]], [[-122.2447, 37.1472], [-122.2443, 37.1467], [-122.2453, 37.1464], [-122.2454, 37.1469], [-122.2447, 37.1472]], [[-122.242, 37.1473], [-122.2413, 37.1473], [-122.2413, 37.1468], [-122.2416, 37.1467], [-122.242, 37.1473]], [[-122.2484, 37.1464], [-122.2481, 37.1469], [-122.248, 37.1464], [-122.2484, 37.1464]], [[-122.2325, 37.1469], [-122.2318, 37.1472], [-122.2318, 37.1469], [-122.2325, 37.1469]], [[-122.2298, 37.1467], [-122.2295, 37.1472], [-122.2294, 37.1467], [-122.2298, 37.1467]], [[-122.2795, 37.1455], [-122.2788, 37.146], [-122.2788, 37.1458], [-122.2795, 37.1455]], [[-122.2565, 37.1462], [-122.2562, 37.1465], [-122.2562, 37.1462], [-122.2565, 37.1462]], [[-122.2518, 37.146], [-122.2508, 37.1466], [-122.2511, 37.1458], [-122.2518, 37.146]], [[-122.2335, 37.1466], [-122.2332, 37.1469], [-122.2332, 37.1466], [-122.2335, 37.1466]], [[-122.2328, 37.1464], [-122.2325, 37.1469], [-122.2325, 37.1464], [-122.2328, 37.1464]], [[-122.2971, 37.1449], [-122.2964, 37.1454], [-122.2964, 37.1452], [-122.2971, 37.1449]], [[-122.2855, 37.1448], [-122.2846, 37.1457], [-122.2842, 37.1449], [-122.2855, 37.1448]], [[-122.2802, 37.1455], [-122.2798, 37.1458], [-122.2798, 37.1455], [-122.2802, 37.1455]], [[-122.2744, 37.1456], [-122.2741, 37.1459], [-122.2741, 37.1456], [-122.2744, 37.1456]], [[-122.2727, 37.1456], [-122.2724, 37.1459], [-122.2724, 37.1456], [-122.2727, 37.1456]], [[-122.2369, 37.146], [-122.2365, 37.1466], [-122.2365, 37.146], [-122.2369, 37.146]], [[-122.2359, 37.1463], [-122.2355, 37.1466], [-122.2355, 37.1463], [-122.2359, 37.1463]], [[-122.2321, 37.1461], [-122.2315, 37.1467], [-122.2311, 37.1461], [-122.2321, 37.1461]], [[-122.2947, 37.1447], [-122.2944, 37.1452], [-122.294, 37.1447], [-122.2947, 37.1447]], [[-122.2785, 37.1452], [-122.2781, 37.1455], [-122.2781, 37.1452], [-122.2785, 37.1452]], [[-122.2724, 37.1454], [-122.272, 37.1456], [-122.272, 37.1454], [-122.2724, 37.1454]], [[-122.2565, 37.1457], [-122.2561, 37.1459], [-122.2561, 37.1457], [-122.2565, 37.1457]], [[-122.2484, 37.1458], [-122.2477, 37.1461], [-122.2477, 37.1458], [-122.2484, 37.1458]], [[-122.2406, 37.146], [-122.2403, 37.1462], [-122.2402, 37.146], [-122.2406, 37.146]], [[-122.2355, 37.1461], [-122.2352, 37.1463], [-122.2352, 37.1461], [-122.2355, 37.1461]], [[-122.2331, 37.1461], [-122.2328, 37.1464], [-122.2328, 37.1461], [-122.2331, 37.1461]], [[-122.2291, 37.1462], [-122.2288, 37.1465], [-122.2288, 37.1462], [-122.2291, 37.1462]], [[-122.2981, 37.1449], [-122.2977, 37.1441], [-122.2987, 37.144], [-122.2987, 37.1446], [-122.298, 37.1443], [-122.2981, 37.1449]], [[-122.2926, 37.1447], [-122.2913, 37.145], [-122.2909, 37.1442], [-122.2923, 37.1442], [-122.2926, 37.1447]], [[-122.2737, 37.1453], [-122.273, 37.1448], [-122.2734, 37.1443], [-122.2737, 37.1442], [-122.2737, 37.1445], [-122.2744, 37.1445], [-122.2737, 37.1453]], [[-122.2555, 37.1454], [-122.2548, 37.1457], [-122.2548, 37.1454], [-122.2555, 37.1454]], [[-122.244, 37.1456], [-122.2436, 37.1459], [-122.2436, 37.1456], [-122.244, 37.1456]], [[-122.2342, 37.1458], [-122.2338, 37.1461], [-122.2338, 37.1458], [-122.2342, 37.1458]], [[-122.2328, 37.1458], [-122.2325, 37.1461], [-122.2325, 37.1458], [-122.2328, 37.1458]], [[-122.2937, 37.1444], [-122.2933, 37.1447], [-122.2933, 37.1444], [-122.2937, 37.1444]], [[-122.2754, 37.1448], [-122.2751, 37.145], [-122.2751, 37.1448], [-122.2754, 37.1448]], [[-122.273, 37.1448], [-122.2727, 37.1451], [-122.2727, 37.1448], [-122.273, 37.1448]], [[-122.2713, 37.1448], [-122.271, 37.1451], [-122.271, 37.1448], [-122.2713, 37.1448]], [[-122.2568, 37.1451], [-122.2565, 37.1454], [-122.2565, 37.1451], [-122.2568, 37.1451]], [[-122.2541, 37.1452], [-122.2511, 37.1455], [-122.2507, 37.1447], [-122.2493, 37.1447], [-122.25, 37.1439], [-122.2493, 37.1434], [-122.251, 37.1433], [-122.2503, 37.1442], [-122.2531, 37.1446], [-122.2531, 37.1449], [-122.2541, 37.1452]], [[-122.2436, 37.1446], [-122.2433, 37.1456], [-122.2433, 37.1446], [-122.2436, 37.1446]], [[-122.2399, 37.1454], [-122.2392, 37.1457], [-122.2392, 37.1454], [-122.2399, 37.1454]], [[-122.2375, 37.1457], [-122.2369, 37.1458], [-122.2365, 37.145], [-122.2372, 37.1449], [-122.2375, 37.1457]], [[-122.2362, 37.1455], [-122.2352, 37.1458], [-122.2352, 37.1455], [-122.2362, 37.1455]], [[-122.2331, 37.1453], [-122.2328, 37.1458], [-122.2328, 37.1453], [-122.2331, 37.1453]], [[-122.2311, 37.1459], [-122.2304, 37.1437], [-122.2304, 37.1432], [-122.2314, 37.1434], [-122.2303, 37.1429], [-122.2306, 37.1407], [-122.2323, 37.1415], [-122.2314, 37.1426], [-122.232, 37.1429], [-122.2321, 37.1448], [-122.2314, 37.1445], [-122.2318, 37.1453], [-122.2311, 37.1459]], [[-122.2561, 37.1449], [-122.2554, 37.1451], [-122.2554, 37.1449], [-122.2561, 37.1449]], [[-122.2544, 37.1449], [-122.2541, 37.1452], [-122.2541, 37.1449], [-122.2544, 37.1449]], [[-122.2345, 37.1455], [-122.2338, 37.1455], [-122.2341, 37.1447], [-122.2345, 37.1447], [-122.2345, 37.1455]], [[-122.2943, 37.1436], [-122.2936, 37.1441], [-122.2936, 37.1439], [-122.2943, 37.1436]], [[-122.2879, 37.1434], [-122.2869, 37.1443], [-122.2869, 37.1432], [-122.2879, 37.1434]], [[-122.2747, 37.1442], [-122.2744, 37.1445], [-122.2744, 37.1442], [-122.2747, 37.1442]], [[-122.2713, 37.1443], [-122.271, 37.1446], [-122.271, 37.1443], [-122.2713, 37.1443]], [[-122.2382, 37.1447], [-122.2379, 37.1452], [-122.2378, 37.1447], [-122.2382, 37.1447]], [[-122.2994, 37.1435], [-122.299, 37.1438], [-122.299, 37.1435], [-122.2994, 37.1435]], [[-122.274, 37.144], [-122.2737, 37.1442], [-122.2737, 37.144], [-122.274, 37.144]], [[-122.2608, 37.1442], [-122.2598, 37.1445], [-122.2598, 37.1442], [-122.2608, 37.1442]], [[-122.2564, 37.1443], [-122.2561, 37.1446], [-122.2561, 37.1443], [-122.2564, 37.1443]], [[-122.2351, 37.1447], [-122.2348, 37.145], [-122.2348, 37.1447], [-122.2351, 37.1447]], [[-122.2338, 37.1447], [-122.2335, 37.145], [-122.2334, 37.1447], [-122.2338, 37.1447]], [[-122.2929, 37.1431], [-122.2926, 37.1436], [-122.2926, 37.1431], [-122.2929, 37.1431]], [[-122.2855, 37.1432], [-122.2852, 37.1438], [-122.2852, 37.1432], [-122.2855, 37.1432]], [[-122.2808, 37.1436], [-122.2804, 37.1439], [-122.2804, 37.1436], [-122.2808, 37.1436]], [[-122.2432, 37.1443], [-122.2429, 37.1446], [-122.2429, 37.1443], [-122.2432, 37.1443]], [[-122.2385, 37.1444], [-122.2382, 37.1447], [-122.2382, 37.1444], [-122.2385, 37.1444]], [[-122.2334, 37.1445], [-122.2331, 37.1447], [-122.2331, 37.1445], [-122.2334, 37.1445]], [[-122.2943, 37.1425], [-122.294, 37.1433], [-122.2939, 37.1425], [-122.2943, 37.1425]], [[-122.2889, 37.1434], [-122.2882, 37.1434], [-122.2882, 37.1426], [-122.2885, 37.1426], [-122.2889, 37.1434]], [[-122.2568, 37.1438], [-122.2564, 37.144], [-122.2564, 37.1438], [-122.2568, 37.1438]], [[-122.2561, 37.144], [-122.2551, 37.1438], [-122.2551, 37.1433], [-122.2561, 37.1432], [-122.2561, 37.144]], [[-122.2436, 37.144], [-122.2432, 37.1443], [-122.2432, 37.144], [-122.2436, 37.144]], [[-122.2906, 37.1431], [-122.2896, 37.1431], [-122.2892, 37.1421], [-122.2905, 37.1423], [-122.2906, 37.1431]], [[-122.2446, 37.1435], [-122.2436, 37.144], [-122.2439, 37.1421], [-122.2432, 37.1421], [-122.2438, 37.1416], [-122.2431, 37.1408], [-122.2438, 37.1405], [-122.2455, 37.1413], [-122.2462, 37.1426], [-122.2456, 37.1437], [-122.2446, 37.1435]], [[-122.2415, 37.1435], [-122.2409, 37.1441], [-122.2409, 37.1438], [-122.2415, 37.1435]], [[-122.2351, 37.1439], [-122.2348, 37.1442], [-122.2348, 37.1439], [-122.2351, 37.1439]], [[-122.2304, 37.1437], [-122.2297, 37.1443], [-122.2297, 37.144], [-122.2304, 37.1437]], [[-122.2571, 37.1432], [-122.2568, 37.1435], [-122.2567, 37.1432], [-122.2571, 37.1432]], [[-122.2368, 37.1436], [-122.2365, 37.1439], [-122.2365, 37.1436], [-122.2368, 37.1436]], [[-122.2341, 37.1437], [-122.2334, 37.1439], [-122.2334, 37.1437], [-122.2341, 37.1437]], [[-122.2943, 37.142], [-122.2936, 37.1425], [-122.2936, 37.142], [-122.2943, 37.142]], [[-122.2922, 37.1423], [-122.2919, 37.1425], [-122.2919, 37.1423], [-122.2922, 37.1423]], [[-122.2567, 37.143], [-122.2564, 37.1432], [-122.2564, 37.143], [-122.2567, 37.143]], [[-122.2358, 37.1433], [-122.2354, 37.1436], [-122.2354, 37.1434], [-122.2358, 37.1433]], [[-122.23, 37.1432], [-122.2297, 37.1437], [-122.2297, 37.1432], [-122.23, 37.1432]], [[-122.2611, 37.1426], [-122.2605, 37.1429], [-122.2604, 37.1426], [-122.2611, 37.1426]], [[-122.2564, 37.143], [-122.2554, 37.1422], [-122.2583, 37.1397], [-122.2587, 37.1402], [-122.258, 37.141], [-122.2573, 37.1408], [-122.2564, 37.143]], [[-122.2496, 37.1428], [-122.2493, 37.1431], [-122.2493, 37.1428], [-122.2496, 37.1428]], [[-122.2479, 37.1428], [-122.2473, 37.1426], [-122.2472, 37.1421], [-122.2479, 37.142], [-122.2479, 37.1428]], [[-122.2263, 37.1433], [-122.2249, 37.1427], [-122.2249, 37.1417], [-122.2256, 37.1417], [-122.2263, 37.1433]], [[-122.2912, 37.1415], [-122.2909, 37.1418], [-122.2909, 37.1415], [-122.2912, 37.1415]], [[-122.2611, 37.1421], [-122.2608, 37.1423], [-122.2608, 37.1421], [-122.2611, 37.1421]], [[-122.2523, 37.1422], [-122.252, 37.1425], [-122.252, 37.1422], [-122.2523, 37.1422]], [[-122.2354, 37.1425], [-122.2351, 37.1428], [-122.2351, 37.1426], [-122.2354, 37.1425]], [[-122.2249, 37.1427], [-122.2246, 37.143], [-122.2246, 37.1427], [-122.2249, 37.1427]], [[-122.2854, 37.1408], [-122.2851, 37.1416], [-122.2851, 37.1408], [-122.2854, 37.1408]], [[-122.2827, 37.1414], [-122.2824, 37.1417], [-122.2824, 37.1414], [-122.2827, 37.1414]], [[-122.2351, 37.1423], [-122.2347, 37.1426], [-122.2347, 37.1423], [-122.2351, 37.1423]], [[-122.2628, 37.1415], [-122.2625, 37.1418], [-122.2624, 37.1415], [-122.2628, 37.1415]], [[-122.2611, 37.1415], [-122.2608, 37.1418], [-122.2608, 37.1415], [-122.2611, 37.1415]], [[-122.2388, 37.1419], [-122.2384, 37.1422], [-122.2384, 37.1419], [-122.2388, 37.1419]], [[-122.2334, 37.142], [-122.233, 37.1423], [-122.233, 37.1421], [-122.2334, 37.142]], [[-122.2817, 37.1406], [-122.281, 37.1411], [-122.281, 37.1406], [-122.2817, 37.1406]], [[-122.2743, 37.141], [-122.2739, 37.1413], [-122.2739, 37.141], [-122.2743, 37.141]], [[-122.2631, 37.1412], [-122.2628, 37.1415], [-122.2628, 37.1412], [-122.2631, 37.1412]], [[-122.252, 37.1417], [-122.2506, 37.1414], [-122.2506, 37.1406], [-122.2485, 37.1407], [-122.2485, 37.1399], [-122.2502, 37.1388], [-122.2526, 37.1393], [-122.2539, 37.1387], [-122.2539, 37.1395], [-122.2519, 37.1395], [-122.2519, 37.1406], [-122.2526, 37.1406], [-122.2529, 37.1401], [-122.2533, 37.14], [-122.2536, 37.1403], [-122.2533, 37.1411], [-122.2519, 37.1409], [-122.252, 37.1417]], [[-122.229, 37.1421], [-122.2276, 37.1422], [-122.2276, 37.1413], [-122.2286, 37.1413], [-122.2279, 37.1403], [-122.2293, 37.1405], [-122.2289, 37.1394], [-122.2302, 37.1394], [-122.2306, 37.1407], [-122.2289, 37.141], [-122.229, 37.1421]], [[-122.2736, 37.1407], [-122.2733, 37.141], [-122.2732, 37.1407], [-122.2736, 37.1407]], [[-122.2421, 37.1413], [-122.2418, 37.1416], [-122.2418, 37.1413], [-122.2421, 37.1413]], [[-122.2854, 37.14], [-122.2851, 37.1405], [-122.2851, 37.14], [-122.2854, 37.14]], [[-122.2719, 37.1405], [-122.2716, 37.1408], [-122.2715, 37.1405], [-122.2719, 37.1405]], [[-122.2638, 37.1407], [-122.2634, 37.1409], [-122.2634, 37.1407], [-122.2638, 37.1407]], [[-122.2614, 37.141], [-122.2607, 37.141], [-122.2604, 37.1405], [-122.261, 37.1402], [-122.2614, 37.141]], [[-122.2499, 37.1409], [-122.2496, 37.1412], [-122.2496, 37.1409], [-122.2499, 37.1409]], [[-122.2763, 37.1402], [-122.2759, 37.1404], [-122.2759, 37.1402], [-122.2763, 37.1402]], [[-122.2634, 37.1407], [-122.2631, 37.1401], [-122.2641, 37.1398], [-122.2641, 37.1404], [-122.2634, 37.1407]], [[-122.26, 37.1405], [-122.2597, 37.1407], [-122.2597, 37.1405], [-122.26, 37.1405]], [[-122.2594, 37.1405], [-122.259, 37.1407], [-122.259, 37.1405], [-122.2594, 37.1405]], [[-122.2327, 37.1412], [-122.2316, 37.1407], [-122.2323, 37.1388], [-122.2309, 37.1389], [-122.2309, 37.1378], [-122.2315, 37.1378], [-122.2308, 37.137], [-122.2336, 37.1375], [-122.2326, 37.1391], [-122.2333, 37.1396], [-122.2326, 37.1399], [-122.2327, 37.1412]], [[-122.2604, 37.1402], [-122.26, 37.1405], [-122.26, 37.1402], [-122.2604, 37.1402]], [[-122.2431, 37.1408], [-122.2418, 37.1403], [-122.2417, 37.1389], [-122.2424, 37.1389], [-122.2421, 37.1397], [-122.2428, 37.1394], [-122.2431, 37.1408]], [[-122.2526, 37.1401], [-122.2523, 37.1403], [-122.2523, 37.1401], [-122.2526, 37.1401]], [[-122.2671, 37.1395], [-122.2668, 37.1398], [-122.2668, 37.1395], [-122.2671, 37.1395]], [[-122.2536, 37.1398], [-122.2533, 37.14], [-122.2533, 37.1398], [-122.2536, 37.1398]], [[-122.2691, 37.1389], [-122.2688, 37.1395], [-122.2688, 37.1389], [-122.2691, 37.1389]], [[-122.2685, 37.1392], [-122.2681, 37.1395], [-122.2681, 37.1392], [-122.2685, 37.1392]], [[-122.259, 37.1397], [-122.2583, 37.1394], [-122.2586, 37.1389], [-122.259, 37.1389], [-122.259, 37.1397]], [[-122.2546, 37.1395], [-122.2543, 37.1398], [-122.2543, 37.1395], [-122.2546, 37.1395]], [[-122.2671, 37.139], [-122.2668, 37.1393], [-122.2668, 37.139], [-122.2671, 37.139]], [[-122.2286, 37.1397], [-122.2282, 37.14], [-122.2282, 37.1397], [-122.2286, 37.1397]], [[-122.2843, 37.1384], [-122.284, 37.1387], [-122.284, 37.1384], [-122.2843, 37.1384]], [[-122.2701, 37.1386], [-122.2698, 37.1389], [-122.2698, 37.1387], [-122.2701, 37.1386]], [[-122.2583, 37.1389], [-122.258, 37.1392], [-122.258, 37.1389], [-122.2583, 37.1389]], [[-122.234, 37.1393], [-122.2333, 37.1396], [-122.2333, 37.1393], [-122.234, 37.1393]], [[-122.2313, 37.1397], [-122.2306, 37.1394], [-122.2306, 37.1389], [-122.2312, 37.1391], [-122.2313, 37.1397]], [[-122.2847, 37.1381], [-122.2843, 37.1384], [-122.2843, 37.1381], [-122.2847, 37.1381]], [[-122.2613, 37.1388], [-122.261, 37.1377], [-122.262, 37.1377], [-122.262, 37.1383], [-122.2613, 37.1388]], [[-122.2485, 37.1391], [-122.2468, 37.1383], [-122.2451, 37.1389], [-122.2448, 37.1383], [-122.2458, 37.1383], [-122.2458, 37.1378], [-122.2471, 37.138], [-122.2474, 37.1369], [-122.2488, 37.1372], [-122.2491, 37.1363], [-122.2498, 37.1374], [-122.2485, 37.1377], [-122.2485, 37.1391]], [[-122.2448, 37.1391], [-122.2434, 37.1392], [-122.2434, 37.1386], [-122.2444, 37.1383], [-122.2448, 37.1391]], [[-122.2404, 37.1392], [-122.239, 37.1382], [-122.2383, 37.1384], [-122.2383, 37.1379], [-122.2404, 37.1381], [-122.2404, 37.1392]], [[-122.2681, 37.1381], [-122.2678, 37.1384], [-122.2678, 37.1382], [-122.2681, 37.1381]], [[-122.2607, 37.1386], [-122.26, 37.1386], [-122.26, 37.1378], [-122.2603, 37.1378], [-122.2607, 37.1386]], [[-122.235, 37.1385], [-122.2346, 37.1391], [-122.2346, 37.1385], [-122.235, 37.1385]], [[-122.2302, 37.1386], [-122.2299, 37.1391], [-122.2299, 37.1386], [-122.2302, 37.1386]], [[-122.259, 37.1381], [-122.2586, 37.1383], [-122.2586, 37.1381], [-122.259, 37.1381]], [[-122.2431, 37.1386], [-122.2421, 37.1386], [-122.2417, 37.1381], [-122.242, 37.1378], [-122.2434, 37.1378], [-122.2431, 37.1386]], [[-122.2596, 37.1378], [-122.259, 37.1381], [-122.2589, 37.1375], [-122.2593, 37.1375], [-122.2593, 37.1378], [-122.2596, 37.1378]], [[-122.2897, 37.1369], [-122.2894, 37.1372], [-122.2894, 37.1369], [-122.2897, 37.1369]], [[-122.2813, 37.1371], [-122.2809, 37.1374], [-122.2809, 37.1371], [-122.2813, 37.1371]], [[-122.26, 37.1375], [-122.2596, 37.1378], [-122.2596, 37.1375], [-122.26, 37.1375]], [[-122.2583, 37.1373], [-122.2576, 37.1378], [-122.2576, 37.1373], [-122.2583, 37.1373]], [[-122.2566, 37.1376], [-122.2562, 37.1378], [-122.2562, 37.1376], [-122.2566, 37.1376]], [[-122.2305, 37.138], [-122.2302, 37.1383], [-122.2302, 37.1381], [-122.2305, 37.138]], [[-122.289, 37.1367], [-122.2887, 37.1369], [-122.2887, 37.1367], [-122.289, 37.1367]], [[-122.2826, 37.1365], [-122.2823, 37.1371], [-122.2823, 37.1365], [-122.2826, 37.1365]], [[-122.2799, 37.1368], [-122.2796, 37.1371], [-122.2796, 37.1368], [-122.2799, 37.1368]], [[-122.2647, 37.1371], [-122.2643, 37.1374], [-122.2643, 37.1371], [-122.2647, 37.1371]], [[-122.2637, 37.1372], [-122.2627, 37.1374], [-122.2627, 37.1372], [-122.2637, 37.1372]], [[-122.2454, 37.1378], [-122.2437, 37.1373], [-122.2444, 37.1367], [-122.2457, 37.1367], [-122.246, 37.1361], [-122.2467, 37.1361], [-122.2461, 37.1372], [-122.2447, 37.137], [-122.2454, 37.1378]], [[-122.2437, 37.1375], [-122.2434, 37.1378], [-122.2434, 37.1375], [-122.2437, 37.1375]], [[-122.2572, 37.1367], [-122.2569, 37.1373], [-122.2569, 37.1367], [-122.2572, 37.1367]], [[-122.2565, 37.1367], [-122.2559, 37.1373], [-122.2555, 37.1368], [-122.2565, 37.1367]], [[-122.243, 37.1373], [-122.2427, 37.1375], [-122.2427, 37.1373], [-122.243, 37.1373]], [[-122.2718, 37.1367], [-122.2708, 37.1367], [-122.2707, 37.1362], [-122.2718, 37.1362], [-122.2718, 37.1367]], [[-122.2403, 37.1371], [-122.24, 37.1373], [-122.24, 37.1371], [-122.2403, 37.1371]], [[-122.2349, 37.1374], [-122.2342, 37.1372], [-122.2342, 37.1361], [-122.2345, 37.1361], [-122.2349, 37.1374]], [[-122.2802, 37.1358], [-122.2799, 37.1363], [-122.2799, 37.1358], [-122.2802, 37.1358]], [[-122.2795, 37.136], [-122.2792, 37.1363], [-122.2792, 37.136], [-122.2795, 37.136]], [[-122.2663, 37.1363], [-122.266, 37.1366], [-122.266, 37.1363], [-122.2663, 37.1363]], [[-122.2589, 37.1359], [-122.2582, 37.1367], [-122.2582, 37.1359], [-122.2589, 37.1359]], [[-122.2434, 37.1367], [-122.2427, 37.1365], [-122.2433, 37.1362], [-122.2434, 37.1367]], [[-122.2295, 37.137], [-122.2292, 37.1373], [-122.2292, 37.137], [-122.2295, 37.137]], [[-122.2873, 37.1356], [-122.2866, 37.1359], [-122.2866, 37.1356], [-122.2873, 37.1356]], [[-122.2792, 37.1358], [-122.2789, 37.1361], [-122.2788, 37.1358], [-122.2792, 37.1358]], [[-122.2707, 37.1359], [-122.2704, 37.1362], [-122.2704, 37.1359], [-122.2707, 37.1359]], [[-122.2413, 37.1365], [-122.241, 37.1368], [-122.241, 37.1365], [-122.2413, 37.1365]], [[-122.2376, 37.1366], [-122.2373, 37.1368], [-122.2373, 37.1366], [-122.2376, 37.1366]], [[-122.2302, 37.1364], [-122.2295, 37.137], [-122.2295, 37.1364], [-122.2302, 37.1364]], [[-122.2863, 37.1356], [-122.2849, 37.1354], [-122.2849, 37.1346], [-122.2859, 37.1348], [-122.2863, 37.1356]], [[-122.2839, 37.1354], [-122.2836, 37.1357], [-122.2836, 37.1354], [-122.2839, 37.1354]], [[-122.2826, 37.1357], [-122.2819, 37.1357], [-122.2819, 37.1346], [-122.2822, 37.1346], [-122.2826, 37.1357]], [[-122.2704, 37.1357], [-122.2697, 37.136], [-122.2697, 37.1357], [-122.2704, 37.1357]], [[-122.2484, 37.1361], [-122.2481, 37.1364], [-122.2481, 37.1361], [-122.2484, 37.1361]], [[-122.2802, 37.1349], [-122.2792, 37.1355], [-122.2788, 37.135], [-122.2802, 37.1349]], [[-122.2717, 37.1348], [-122.2714, 37.1357], [-122.2714, 37.1348], [-122.2717, 37.1348]], [[-122.2663, 37.1355], [-122.2657, 37.1358], [-122.2656, 37.1355], [-122.2663, 37.1355]], [[-122.2582, 37.1354], [-122.2575, 37.1359], [-122.2572, 37.1354], [-122.2582, 37.1354]], [[-122.2471, 37.1358], [-122.2467, 37.1361], [-122.2467, 37.1359], [-122.2471, 37.1358]], [[-122.2376, 37.136], [-122.2373, 37.1363], [-122.2372, 37.136], [-122.2376, 37.136]], [[-122.2362, 37.1361], [-122.2359, 37.1363], [-122.2359, 37.1361], [-122.2362, 37.1361]], [[-122.2846, 37.1351], [-122.2839, 37.1351], [-122.2839, 37.1343], [-122.2829, 37.1344], [-122.2828, 37.1333], [-122.2842, 37.1335], [-122.2835, 37.1333], [-122.2842, 37.1322], [-122.2859, 37.1335], [-122.2842, 37.1338], [-122.2846, 37.1351]], [[-122.2707, 37.1351], [-122.27, 37.1354], [-122.27, 37.1351], [-122.2707, 37.1351]], [[-122.2511, 37.1358], [-122.2494, 37.135], [-122.25, 37.1334], [-122.25, 37.1323], [-122.2486, 37.132], [-122.2493, 37.1315], [-122.25, 37.1315], [-122.2503, 37.132], [-122.2504, 37.1339], [-122.2514, 37.1336], [-122.2511, 37.1344], [-122.25, 37.1342], [-122.2504, 37.135], [-122.2524, 37.1349], [-122.2511, 37.1358]], [[-122.2474, 37.1356], [-122.2471, 37.1358], [-122.247, 37.1356], [-122.2474, 37.1356]], [[-122.2342, 37.1353], [-122.2339, 37.1361], [-122.2335, 37.1353], [-122.2342, 37.1353]], [[-122.2572, 37.1351], [-122.2568, 37.1354], [-122.2568, 37.1351], [-122.2572, 37.1351]], [[-122.2535, 37.1355], [-122.2528, 37.1355], [-122.2528, 37.1349], [-122.2531, 37.1349], [-122.2535, 37.1355]], [[-122.2481, 37.1356], [-122.2474, 37.1356], [-122.247, 37.1337], [-122.248, 37.1339], [-122.2481, 37.1356]], [[-122.246, 37.1351], [-122.2454, 37.1356], [-122.2453, 37.1353], [-122.246, 37.1351]], [[-122.2791, 37.1344], [-122.2788, 37.1347], [-122.2788, 37.1344], [-122.2791, 37.1344]], [[-122.247, 37.1345], [-122.2464, 37.1351], [-122.2463, 37.1348], [-122.247, 37.1345]], [[-122.2453, 37.1351], [-122.2443, 37.1348], [-122.2443, 37.1345], [-122.2453, 37.1345], [-122.2453, 37.1351]], [[-122.2362, 37.135], [-122.2359, 37.1352], [-122.2359, 37.135], [-122.2362, 37.135]], [[-122.2798, 37.1336], [-122.2795, 37.1341], [-122.2791, 37.1336], [-122.2798, 37.1336]], [[-122.2788, 37.1342], [-122.2781, 37.1342], [-122.2781, 37.1334], [-122.2788, 37.1334], [-122.2788, 37.1342]], [[-122.2544, 37.1344], [-122.2541, 37.1346], [-122.2541, 37.1344], [-122.2544, 37.1344]], [[-122.2517, 37.1344], [-122.2514, 37.1347], [-122.2514, 37.1344], [-122.2517, 37.1344]], [[-122.2815, 37.1336], [-122.2812, 37.1338], [-122.2811, 37.1336], [-122.2815, 37.1336]], [[-122.2494, 37.1342], [-122.2487, 37.1345], [-122.2487, 37.1342], [-122.2494, 37.1342]], [[-122.2463, 37.1342], [-122.246, 37.1345], [-122.246, 37.1342], [-122.2463, 37.1342]], [[-122.2605, 37.134], [-122.2598, 37.134], [-122.2592, 37.1335], [-122.2602, 37.1334], [-122.2605, 37.134]], [[-122.2534, 37.1338], [-122.2531, 37.1341], [-122.2531, 37.1338], [-122.2534, 37.1338]], [[-122.2727, 37.1335], [-122.2717, 37.1335], [-122.271, 37.133], [-122.273, 37.1327], [-122.2727, 37.1335]], [[-122.2521, 37.1336], [-122.2517, 37.1339], [-122.2517, 37.1336], [-122.2521, 37.1336]], [[-122.249, 37.1337], [-122.2487, 37.1339], [-122.2487, 37.1337], [-122.249, 37.1337]], [[-122.2815, 37.1328], [-122.2808, 37.133], [-122.2808, 37.1328], [-122.2815, 37.1328]], [[-122.246, 37.1334], [-122.2456, 37.1337], [-122.2456, 37.1334], [-122.246, 37.1334]], [[-122.2483, 37.1331], [-122.248, 37.1334], [-122.248, 37.1331], [-122.2483, 37.1331]], [[-122.2595, 37.1326], [-122.2588, 37.1329], [-122.2588, 37.1327], [-122.2595, 37.1326]], [[-122.2493, 37.1328], [-122.2487, 37.1331], [-122.2487, 37.1328], [-122.2493, 37.1328]], [[-122.2463, 37.1329], [-122.246, 37.1332], [-122.2459, 37.1329], [-122.2463, 37.1329]], [[-122.247, 37.1326], [-122.2466, 37.1329], [-122.2466, 37.1326], [-122.247, 37.1326]], [[-122.2459, 37.1326], [-122.2456, 37.1329], [-122.2456, 37.1326], [-122.2459, 37.1326]], [[-122.2453, 37.1326], [-122.2449, 37.1329], [-122.2449, 37.1326], [-122.2453, 37.1326]], [[-122.2848, 37.1316], [-122.2845, 37.1319], [-122.2845, 37.1316], [-122.2848, 37.1316]], [[-122.2588, 37.1321], [-122.2584, 37.1324], [-122.2584, 37.1321], [-122.2588, 37.1321]], [[-122.2483, 37.1323], [-122.248, 37.1326], [-122.248, 37.1323], [-122.2483, 37.1323]], [[-122.2456, 37.1324], [-122.2453, 37.1326], [-122.2453, 37.1324], [-122.2456, 37.1324]], [[-122.2432, 37.1324], [-122.2429, 37.1327], [-122.2429, 37.1324], [-122.2432, 37.1324]], [[-122.2824, 37.1314], [-122.2821, 37.1317], [-122.2821, 37.1314], [-122.2824, 37.1314]], [[-122.2699, 37.1314], [-122.2696, 37.1319], [-122.2696, 37.1314], [-122.2699, 37.1314]], [[-122.2841, 37.1311], [-122.2838, 37.1314], [-122.2838, 37.1311], [-122.2841, 37.1311]], [[-122.2841, 37.13], [-122.2834, 37.1311], [-122.2831, 37.13], [-122.2841, 37.13]], [[-122.2794, 37.1309], [-122.279, 37.1312], [-122.279, 37.1309], [-122.2794, 37.1309]], [[-122.2821, 37.1306], [-122.2807, 37.1303], [-122.2814, 37.1303], [-122.2814, 37.1301], [-122.2817, 37.1301], [-122.2821, 37.1306]], [[-122.2506, 37.1315], [-122.25, 37.1315], [-122.2503, 37.1298], [-122.2486, 37.1299], [-122.2495, 37.1288], [-122.2488, 37.1269], [-122.2498, 37.1269], [-122.2501, 37.1258], [-122.2508, 37.1258], [-122.2506, 37.1304], [-122.2516, 37.1304], [-122.2506, 37.1307], [-122.2506, 37.1315]], [[-122.282, 37.1298], [-122.2817, 37.1301], [-122.2817, 37.1298], [-122.282, 37.1298]], [[-122.2756, 37.1296], [-122.2753, 37.1302], [-122.2753, 37.1296], [-122.2756, 37.1296]], [[-122.2847, 37.1295], [-122.2844, 37.1297], [-122.2844, 37.1295], [-122.2847, 37.1295]], [[-122.279, 37.1298], [-122.2783, 37.1293], [-122.2796, 37.1287], [-122.2797, 37.1293], [-122.279, 37.1298]], [[-122.2827, 37.1292], [-122.2824, 37.1295], [-122.2824, 37.1292], [-122.2827, 37.1292]], [[-122.284, 37.1287], [-122.2837, 37.1289], [-122.2837, 37.1287], [-122.284, 37.1287]], [[-122.2803, 37.1287], [-122.28, 37.129], [-122.28, 37.1287], [-122.2803, 37.1287]], [[-122.2557, 37.1295], [-122.2553, 37.1289], [-122.2566, 37.1286], [-122.2567, 37.1289], [-122.2557, 37.1295]], [[-122.2806, 37.1282], [-122.2803, 37.1287], [-122.2803, 37.1282], [-122.2806, 37.1282]], [[-122.2482, 37.1288], [-122.2479, 37.1291], [-122.2479, 37.1288], [-122.2482, 37.1288]], [[-122.2465, 37.1288], [-122.2452, 37.1289], [-122.2458, 37.1272], [-122.2461, 37.1272], [-122.2465, 37.1288]], [[-122.2607, 37.1283], [-122.2587, 37.1283], [-122.2583, 37.1275], [-122.259, 37.1273], [-122.2593, 37.1281], [-122.2603, 37.1278], [-122.2607, 37.1283]], [[-122.2573, 37.1281], [-122.257, 37.1284], [-122.257, 37.1281], [-122.2573, 37.1281]], [[-122.2732, 37.1278], [-122.2722, 37.1275], [-122.2711, 37.1251], [-122.2714, 37.1251], [-122.2721, 37.1259], [-122.2721, 37.1254], [-122.2728, 37.1256], [-122.2728, 37.1248], [-122.2734, 37.1248], [-122.2734, 37.1245], [-122.2738, 37.1245], [-122.2738, 37.1243], [-122.2741, 37.1243], [-122.2748, 37.1261], [-122.2738, 37.1259], [-122.2742, 37.1267], [-122.2725, 37.1265], [-122.2732, 37.1278]], [[-122.2715, 37.127], [-122.2712, 37.1276], [-122.2711, 37.127], [-122.2715, 37.127]], [[-122.258, 37.1278], [-122.2573, 37.1278], [-122.2569, 37.127], [-122.2576, 37.127], [-122.258, 37.1278]], [[-122.2525, 37.1274], [-122.2519, 37.1279], [-122.2519, 37.1274], [-122.2525, 37.1274]], [[-122.2793, 37.1269], [-122.2789, 37.1271], [-122.2789, 37.1269], [-122.2793, 37.1269]], [[-122.2745, 37.1267], [-122.2742, 37.127], [-122.2742, 37.1267], [-122.2745, 37.1267]], [[-122.2532, 37.1274], [-122.2525, 37.1274], [-122.2522, 37.1266], [-122.2529, 37.1266], [-122.2532, 37.1274]], [[-122.2451, 37.1272], [-122.2448, 37.1275], [-122.2448, 37.1273], [-122.2451, 37.1272]], [[-122.2755, 37.1261], [-122.2749, 37.1267], [-122.2748, 37.1261], [-122.2755, 37.1261]], [[-122.2464, 37.127], [-122.2461, 37.1272], [-122.2461, 37.127], [-122.2464, 37.127]], [[-122.2654, 37.1263], [-122.265, 37.1266], [-122.265, 37.1263], [-122.2654, 37.1263]], [[-122.2643, 37.1261], [-122.264, 37.1263], [-122.264, 37.1261], [-122.2643, 37.1261]], [[-122.26, 37.1264], [-122.2593, 37.1264], [-122.2593, 37.1259], [-122.2596, 37.1259], [-122.26, 37.1264]], [[-122.2755, 37.1256], [-122.2752, 37.1259], [-122.2752, 37.1256], [-122.2755, 37.1256]], [[-122.263, 37.1256], [-122.2623, 37.1261], [-122.2623, 37.1258], [-122.263, 37.1256]], [[-122.2616, 37.1256], [-122.2613, 37.1259], [-122.2613, 37.1256], [-122.2616, 37.1256]], [[-122.2613, 37.1253], [-122.261, 37.1256], [-122.2609, 37.1253], [-122.2613, 37.1253]], [[-122.2511, 37.1255], [-122.2508, 37.1258], [-122.2508, 37.1255], [-122.2511, 37.1255]], [[-122.2718, 37.1248], [-122.2714, 37.1251], [-122.2714, 37.1249], [-122.2718, 37.1248]], [[-122.2633, 37.1247], [-122.263, 37.1253], [-122.263, 37.1247], [-122.2633, 37.1247]], [[-122.262, 37.1253], [-122.2613, 37.1248], [-122.2599, 37.1253], [-122.2592, 37.124], [-122.2616, 37.124], [-122.2619, 37.1242], [-122.2619, 37.1248], [-122.2623, 37.1248], [-122.262, 37.1253]], [[-122.2755, 37.1242], [-122.2751, 37.1245], [-122.2751, 37.1242], [-122.2755, 37.1242]], [[-122.2636, 37.1245], [-122.2633, 37.1247], [-122.2633, 37.1245], [-122.2636, 37.1245]], [[-122.2515, 37.1247], [-122.2511, 37.125], [-122.2511, 37.1247], [-122.2515, 37.1247]], [[-122.2754, 37.1237], [-122.2741, 37.1243], [-122.2741, 37.124], [-122.2754, 37.1237]], [[-122.2562, 37.1246], [-122.2552, 37.1244], [-122.2562, 37.1238], [-122.2561, 37.1222], [-122.2568, 37.1222], [-122.2568, 37.123], [-122.2582, 37.1224], [-122.2575, 37.124], [-122.2565, 37.1238], [-122.2562, 37.1246]], [[-122.2518, 37.1244], [-122.2515, 37.1247], [-122.2514, 37.1244], [-122.2518, 37.1244]], [[-122.2623, 37.124], [-122.2619, 37.1242], [-122.2619, 37.124], [-122.2623, 37.124]], [[-122.2521, 37.1239], [-122.2518, 37.1244], [-122.2518, 37.1239], [-122.2521, 37.1239]], [[-122.2508, 37.1239], [-122.2497, 37.1242], [-122.2497, 37.1239], [-122.2508, 37.1239]], [[-122.2754, 37.1232], [-122.2751, 37.1234], [-122.2751, 37.1232], [-122.2754, 37.1232]], [[-122.2744, 37.1232], [-122.2741, 37.1235], [-122.2741, 37.1232], [-122.2744, 37.1232]], [[-122.2589, 37.1235], [-122.2579, 37.1238], [-122.2578, 37.1235], [-122.2589, 37.1235]], [[-122.2764, 37.1226], [-122.2751, 37.1229], [-122.275, 37.1215], [-122.2764, 37.1226]], [[-122.2595, 37.1235], [-122.2589, 37.1235], [-122.2588, 37.1229], [-122.2592, 37.1229], [-122.2595, 37.1235]], [[-122.248, 37.1234], [-122.2477, 37.1237], [-122.2477, 37.1234], [-122.248, 37.1234]], [[-122.2487, 37.1231], [-122.2484, 37.1234], [-122.2484, 37.1231], [-122.2487, 37.1231]], [[-122.2474, 37.1232], [-122.247, 37.1234], [-122.247, 37.1232], [-122.2474, 37.1232]], [[-122.2609, 37.1226], [-122.2605, 37.1216], [-122.2591, 37.1213], [-122.2585, 37.1219], [-122.2581, 37.1211], [-122.2608, 37.1207], [-122.2609, 37.1226]], [[-122.2629, 37.122], [-122.2625, 37.1223], [-122.2625, 37.1221], [-122.2629, 37.122]], [[-122.2558, 37.1222], [-122.2554, 37.1225], [-122.2554, 37.1222], [-122.2558, 37.1222]], [[-122.2635, 37.1218], [-122.2632, 37.122], [-122.2632, 37.1218], [-122.2635, 37.1218]], [[-122.2595, 37.1218], [-122.2592, 37.1221], [-122.2591, 37.1219], [-122.2595, 37.1218]], [[-122.2791, 37.1212], [-122.2788, 37.1215], [-122.2787, 37.1212], [-122.2791, 37.1212]], [[-122.2629, 37.1215], [-122.2619, 37.1218], [-122.2615, 37.121], [-122.2629, 37.1215]], [[-122.2781, 37.1209], [-122.2777, 37.1212], [-122.2777, 37.121], [-122.2781, 37.1209]], [[-122.2615, 37.1207], [-122.2612, 37.121], [-122.2611, 37.1207], [-122.2615, 37.1207]], [[-122.2618, 37.1188], [-122.2614, 37.1191], [-122.2614, 37.1188], [-122.2618, 37.1188]], [[-122.2634, 37.1185], [-122.2631, 37.1188], [-122.2631, 37.1185], [-122.2634, 37.1185]], [[-122.2624, 37.1183], [-122.2621, 37.1186], [-122.2621, 37.1183], [-122.2624, 37.1183]], [[-122.2621, 37.118], [-122.2617, 37.1183], [-122.2617, 37.118], [-122.2621, 37.118]], [[-122.263, 37.1158], [-122.2624, 37.1161], [-122.2624, 37.1158], [-122.263, 37.1158]], [[-122.2623, 37.115], [-122.2613, 37.1159], [-122.2616, 37.114], [-122.2623, 37.115]], [[-122.261, 37.1148], [-122.2603, 37.114], [-122.2616, 37.1137], [-122.261, 37.1143], [-122.261, 37.1148]], [[-122.2623, 37.1132], [-122.2616, 37.1134], [-122.2616, 37.1132], [-122.2623, 37.1132]], [[-122.2629, 37.1131], [-122.2623, 37.1129], [-122.2629, 37.1121], [-122.2636, 37.112], [-122.2629, 37.1131]], [[-122.2639, 37.1115], [-122.2636, 37.112], [-122.2636, 37.1115], [-122.2639, 37.1115]]], [[[-122.1645, 37.1131], [-122.1645, 37.1125], [-122.1632, 37.112], [-122.1632, 37.1126], [-122.1645, 37.1131]]], [[[-122.2034, 37.1134], [-122.2034, 37.1121], [-122.202, 37.1113], [-122.2021, 37.1135], [-122.2034, 37.1134]]], [[[-122.1365, 37.1133], [-122.1364, 37.112], [-122.1354, 37.112], [-122.1355, 37.1133], [-122.1358, 37.1128], [-122.1365, 37.1133]]], [[[-122.2068, 37.1115], [-122.2067, 37.1107], [-122.2051, 37.111], [-122.2051, 37.1113], [-122.2068, 37.1115]]], [[[-122.2271, 37.1119], [-122.227, 37.1114], [-122.2284, 37.1111], [-122.2273, 37.11], [-122.2267, 37.1109], [-122.2271, 37.1119]], [[-122.2277, 37.1108], [-122.2274, 37.1111], [-122.2274, 37.1108], [-122.2277, 37.1108]]], [[[-122.215, 37.1154], [-122.2146, 37.1127], [-122.2149, 37.1119], [-122.2152, 37.1124], [-122.2159, 37.1121], [-122.2162, 37.1102], [-122.2142, 37.1122], [-122.2129, 37.1122], [-122.2136, 37.1125], [-122.2132, 37.113], [-122.2115, 37.1128], [-122.2122, 37.113], [-122.2116, 37.1141], [-122.2122, 37.1141], [-122.2126, 37.1146], [-122.2146, 37.1132], [-122.215, 37.1154]], [[-122.2132, 37.1133], [-122.2122, 37.1141], [-122.2126, 37.1133], [-122.2132, 37.1133]], [[-122.2142, 37.1127], [-122.2139, 37.113], [-122.2139, 37.1127], [-122.2142, 37.1127]]], [[[-122.2537, 37.1098], [-122.2551, 37.1095], [-122.2537, 37.1093], [-122.2537, 37.1098]]], [[[-122.2656, 37.1098], [-122.2662, 37.1096], [-122.2659, 37.1088], [-122.2652, 37.1088], [-122.2656, 37.1098]]], [[[-122.2135, 37.1119], [-122.2149, 37.1113], [-122.2145, 37.1103], [-122.2131, 37.1098], [-122.2125, 37.1109], [-122.2138, 37.1108], [-122.2135, 37.1119]], [[-122.2138, 37.1103], [-122.2132, 37.1106], [-122.2132, 37.1103], [-122.2138, 37.1103]]], [[[-122.2493, 37.1096], [-122.2493, 37.1091], [-122.2486, 37.1088], [-122.2483, 37.1094], [-122.2493, 37.1096]]], [[[-122.2288, 37.1127], [-122.2291, 37.1116], [-122.2308, 37.1113], [-122.2304, 37.1108], [-122.2325, 37.1116], [-122.2321, 37.111], [-122.2334, 37.1094], [-122.2324, 37.1094], [-122.2321, 37.1105], [-122.2314, 37.1091], [-122.2297, 37.1094], [-122.2297, 37.1108], [-122.2284, 37.1116], [-122.2277, 37.1114], [-122.2277, 37.1122], [-122.2281, 37.1122], [-122.2288, 37.1127]], [[-122.2284, 37.1119], [-122.2281, 37.1122], [-122.2281, 37.1119], [-122.2284, 37.1119]], [[-122.2297, 37.1111], [-122.2294, 37.1113], [-122.2294, 37.1111], [-122.2297, 37.1111]], [[-122.2321, 37.1108], [-122.2318, 37.111], [-122.2318, 37.1108], [-122.2321, 37.1108]]], [[[-122.2209, 37.1099], [-122.2212, 37.1091], [-122.2202, 37.1091], [-122.2202, 37.1096], [-122.2209, 37.1099]]], [[[-122.2399, 37.1244], [-122.2423, 37.123], [-122.2416, 37.1219], [-122.2429, 37.1219], [-122.2425, 37.1205], [-122.2446, 37.1202], [-122.2449, 37.1189], [-122.2459, 37.1191], [-122.2462, 37.1183], [-122.2452, 37.1183], [-122.2465, 37.1175], [-122.2458, 37.1167], [-122.2478, 37.1167], [-122.2478, 37.1159], [-122.2488, 37.115], [-122.2495, 37.1153], [-122.2491, 37.1142], [-122.2511, 37.1139], [-122.2507, 37.1123], [-122.2514, 37.112], [-122.25, 37.1112], [-122.2504, 37.1107], [-122.2473, 37.1097], [-122.2473, 37.1088], [-122.2483, 37.1088], [-122.2476, 37.1086], [-122.2479, 37.108], [-122.2456, 37.1083], [-122.2452, 37.1089], [-122.2445, 37.1084], [-122.2429, 37.1087], [-122.2426, 37.11], [-122.2432, 37.1103], [-122.2396, 37.1117], [-122.2392, 37.112], [-122.2393, 37.1125], [-122.2396, 37.1125], [-122.2396, 37.1128], [-122.2379, 37.1128], [-122.2396, 37.1139], [-122.2393, 37.1144], [-122.2386, 37.1139], [-122.2383, 37.1144], [-122.2356, 37.1139], [-122.2346, 37.1145], [-122.2349, 37.1153], [-122.2322, 37.1156], [-122.2316, 37.1164], [-122.2299, 37.1165], [-122.2289, 37.1157], [-122.2279, 37.1165], [-122.2276, 37.1189], [-122.2266, 37.1184], [-122.2259, 37.1187], [-122.2266, 37.1192], [-122.2249, 37.1195], [-122.2246, 37.1203], [-122.2229, 37.1204], [-122.2236, 37.1217], [-122.2243, 37.1214], [-122.2263, 37.1217], [-122.2263, 37.1211], [-122.2273, 37.1214], [-122.2277, 37.1206], [-122.2283, 37.1211], [-122.2287, 37.1205], [-122.23, 37.1205], [-122.229, 37.1208], [-122.2297, 37.1213], [-122.2284, 37.1216], [-122.2294, 37.1232], [-122.2281, 37.1235], [-122.2301, 37.1235], [-122.2311, 37.121], [-122.2328, 37.1221], [-122.2348, 37.1207], [-122.2372, 37.1225], [-122.2383, 37.1244], [-122.2389, 37.1239], [-122.2399, 37.1244]], [[-122.2399, 37.1228], [-122.2389, 37.1236], [-122.2392, 37.1228], [-122.2399, 37.1228]], [[-122.2412, 37.1219], [-122.2409, 37.1222], [-122.2409, 37.1219], [-122.2412, 37.1219]], [[-122.2294, 37.1221], [-122.2291, 37.1224], [-122.2291, 37.1221], [-122.2294, 37.1221]], [[-122.2409, 37.1217], [-122.2406, 37.1219], [-122.2405, 37.1217], [-122.2409, 37.1217]], [[-122.2402, 37.1219], [-122.2395, 37.1211], [-122.2361, 37.1204], [-122.2368, 37.1193], [-122.2384, 37.1187], [-122.2381, 37.1182], [-122.2395, 37.1193], [-122.2422, 37.1189], [-122.2408, 37.1203], [-122.2398, 37.1203], [-122.2405, 37.1209], [-122.2402, 37.1219]], [[-122.2392, 37.1217], [-122.2389, 37.122], [-122.2389, 37.1217], [-122.2392, 37.1217]], [[-122.2382, 37.1214], [-122.2378, 37.1217], [-122.2378, 37.1214], [-122.2382, 37.1214]], [[-122.2385, 37.1212], [-122.2382, 37.1214], [-122.2382, 37.1212], [-122.2385, 37.1212]], [[-122.2304, 37.121], [-122.23, 37.1213], [-122.23, 37.1211], [-122.2304, 37.121]], [[-122.2365, 37.1207], [-122.2361, 37.1209], [-122.2361, 37.1207], [-122.2365, 37.1207]], [[-122.2331, 37.1207], [-122.2324, 37.1205], [-122.2331, 37.1202], [-122.2331, 37.1207]], [[-122.2273, 37.1208], [-122.227, 37.1211], [-122.227, 37.1208], [-122.2273, 37.1208]], [[-122.2256, 37.1209], [-122.2246, 37.1212], [-122.2246, 37.1209], [-122.2256, 37.1209]], [[-122.2243, 37.1209], [-122.224, 37.1212], [-122.2239, 37.1209], [-122.2243, 37.1209]], [[-122.2327, 37.1199], [-122.231, 37.1205], [-122.231, 37.1197], [-122.2327, 37.1199]], [[-122.2307, 37.1202], [-122.2304, 37.1205], [-122.2304, 37.1202], [-122.2307, 37.1202]], [[-122.2263, 37.1203], [-122.226, 37.1206], [-122.226, 37.1203], [-122.2263, 37.1203]], [[-122.2354, 37.1201], [-122.2344, 37.1202], [-122.2337, 37.1191], [-122.2351, 37.1193], [-122.2364, 37.1185], [-122.2351, 37.1196], [-122.2354, 37.1201]], [[-122.23, 37.12], [-122.2297, 37.1202], [-122.2297, 37.12], [-122.23, 37.12]], [[-122.227, 37.12], [-122.2263, 37.1203], [-122.2263, 37.12], [-122.227, 37.12]], [[-122.2337, 37.1196], [-122.2334, 37.1199], [-122.2334, 37.1196], [-122.2337, 37.1196]], [[-122.233, 37.1196], [-122.2327, 37.1199], [-122.2327, 37.1197], [-122.233, 37.1196]], [[-122.229, 37.12], [-122.2273, 37.12], [-122.2273, 37.1198], [-122.2293, 37.1189], [-122.229, 37.12]], [[-122.2327, 37.1194], [-122.2324, 37.1197], [-122.2324, 37.1194], [-122.2327, 37.1194]], [[-122.2307, 37.1191], [-122.2283, 37.1187], [-122.2296, 37.1178], [-122.2292, 37.1165], [-122.2299, 37.1175], [-122.232, 37.1178], [-122.2307, 37.1191]], [[-122.2377, 37.1182], [-122.2374, 37.1188], [-122.2371, 37.1182], [-122.2377, 37.1182]], [[-122.2354, 37.1183], [-122.235, 37.1174], [-122.233, 37.1172], [-122.2347, 37.1172], [-122.235, 37.1164], [-122.2353, 37.1164], [-122.2353, 37.1166], [-122.2363, 37.1163], [-122.2367, 37.1169], [-122.2387, 37.1163], [-122.2387, 37.1168], [-122.2374, 37.1171], [-122.2374, 37.1179], [-122.2357, 37.1177], [-122.2354, 37.1183]], [[-122.2323, 37.118], [-122.232, 37.1183], [-122.232, 37.118], [-122.2323, 37.118]], [[-122.2333, 37.1177], [-122.233, 37.118], [-122.233, 37.1178], [-122.2333, 37.1177]], [[-122.2414, 37.1173], [-122.2408, 37.1176], [-122.2408, 37.1173], [-122.2414, 37.1173]], [[-122.2336, 37.1167], [-122.2333, 37.1169], [-122.2333, 37.1167], [-122.2336, 37.1167]], [[-122.2346, 37.1166], [-122.234, 37.1164], [-122.2339, 37.1158], [-122.2346, 37.1161], [-122.2346, 37.1166]], [[-122.238, 37.116], [-122.2373, 37.1163], [-122.2373, 37.1161], [-122.238, 37.116]], [[-122.2356, 37.1161], [-122.2353, 37.1164], [-122.2353, 37.1161], [-122.2356, 37.1161]], [[-122.2431, 37.1157], [-122.2427, 37.116], [-122.2427, 37.1157], [-122.2431, 37.1157]], [[-122.24, 37.1155], [-122.2397, 37.1157], [-122.2397, 37.1155], [-122.24, 37.1155]], [[-122.237, 37.1155], [-122.2366, 37.1158], [-122.2366, 37.1155], [-122.237, 37.1155]], [[-122.2481, 37.115], [-122.2475, 37.1153], [-122.2474, 37.1151], [-122.2481, 37.115]], [[-122.2424, 37.1149], [-122.242, 37.1154], [-122.242, 37.1149], [-122.2424, 37.1149]], [[-122.2363, 37.1153], [-122.236, 37.1155], [-122.236, 37.1153], [-122.2363, 37.1153]], [[-122.2414, 37.1149], [-122.241, 37.1152], [-122.241, 37.1149], [-122.2414, 37.1149]], [[-122.2373, 37.115], [-122.237, 37.1153], [-122.237, 37.115], [-122.2373, 37.115]], [[-122.2471, 37.1145], [-122.2468, 37.1148], [-122.2468, 37.1145], [-122.2471, 37.1145]], [[-122.2427, 37.1146], [-122.2424, 37.1149], [-122.2424, 37.1146], [-122.2427, 37.1146]], [[-122.2491, 37.1139], [-122.2481, 37.1145], [-122.2481, 37.114], [-122.2491, 37.1139]], [[-122.2474, 37.1142], [-122.2471, 37.1145], [-122.2471, 37.1142], [-122.2474, 37.1142]], [[-122.2424, 37.1143], [-122.242, 37.1146], [-122.242, 37.1143], [-122.2424, 37.1143]], [[-122.2478, 37.114], [-122.2474, 37.1142], [-122.2474, 37.114], [-122.2478, 37.114]], [[-122.2471, 37.114], [-122.2467, 37.1143], [-122.2467, 37.114], [-122.2471, 37.114]], [[-122.2454, 37.114], [-122.2447, 37.1143], [-122.2447, 37.114], [-122.2454, 37.114]], [[-122.2427, 37.1141], [-122.2424, 37.1143], [-122.2423, 37.1141], [-122.2427, 37.1141]], [[-122.2481, 37.1137], [-122.2478, 37.114], [-122.2477, 37.1137], [-122.2481, 37.1137]], [[-122.2464, 37.114], [-122.2457, 37.114], [-122.2457, 37.1135], [-122.246, 37.1135], [-122.2464, 37.114]], [[-122.2416, 37.1133], [-122.241, 37.1141], [-122.2413, 37.113], [-122.2423, 37.1127], [-122.2416, 37.1119], [-122.2423, 37.1108], [-122.2433, 37.1132], [-122.2416, 37.1133]], [[-122.2484, 37.1137], [-122.2477, 37.1134], [-122.2481, 37.1126], [-122.2484, 37.1126], [-122.2484, 37.1137]], [[-122.2447, 37.1135], [-122.244, 37.1132], [-122.2447, 37.1129], [-122.2447, 37.1135]], [[-122.2433, 37.1135], [-122.243, 37.1138], [-122.243, 37.1135], [-122.2433, 37.1135]], [[-122.24, 37.1136], [-122.2396, 37.1139], [-122.2396, 37.1136], [-122.24, 37.1136]], [[-122.2467, 37.1129], [-122.246, 37.1132], [-122.246, 37.1129], [-122.2467, 37.1129]], [[-122.244, 37.113], [-122.2437, 37.1132], [-122.2437, 37.113], [-122.244, 37.113]], [[-122.2413, 37.1127], [-122.2406, 37.1133], [-122.2406, 37.1128], [-122.2413, 37.1127]], [[-122.246, 37.1127], [-122.2457, 37.1129], [-122.2457, 37.1127], [-122.246, 37.1127]], [[-122.2403, 37.1125], [-122.2399, 37.113], [-122.2399, 37.1125], [-122.2403, 37.1125]], [[-122.247, 37.1121], [-122.2467, 37.1124], [-122.2467, 37.1121], [-122.247, 37.1121]], [[-122.2399, 37.1122], [-122.2396, 37.1125], [-122.2396, 37.1122], [-122.2399, 37.1122]], [[-122.2497, 37.1115], [-122.249, 37.1112], [-122.2493, 37.1107], [-122.2497, 37.1107], [-122.2497, 37.1115]], [[-122.2439, 37.1105], [-122.2436, 37.1108], [-122.2436, 37.1105], [-122.2439, 37.1105]], [[-122.2429, 37.1105], [-122.2426, 37.1108], [-122.2426, 37.1106], [-122.2429, 37.1105]], [[-122.2446, 37.1094], [-122.2442, 37.1097], [-122.2442, 37.1094], [-122.2446, 37.1094]], [[-122.2449, 37.1092], [-122.2446, 37.1094], [-122.2446, 37.1092], [-122.2449, 37.1092]], [[-122.2446, 37.1089], [-122.2442, 37.1092], [-122.2442, 37.1089], [-122.2446, 37.1089]]], [[[-122.2108, 37.1095], [-122.2124, 37.1092], [-122.2124, 37.1084], [-122.2118, 37.109], [-122.2104, 37.1087], [-122.2108, 37.1095]]], [[[-122.206, 37.1091], [-122.206, 37.1085], [-122.204, 37.1083], [-122.205, 37.1086], [-122.2047, 37.1091], [-122.206, 37.1091]]], [[[-122.2824, 37.1093], [-122.2828, 37.1087], [-122.2817, 37.1085], [-122.2814, 37.1068], [-122.2807, 37.1069], [-122.2804, 37.1077], [-122.2811, 37.1082], [-122.2804, 37.109], [-122.2824, 37.1093]]], [[[-122.2631, 37.1083], [-122.2635, 37.1075], [-122.2621, 37.1069], [-122.2621, 37.108], [-122.2631, 37.1083]]], [[[-122.2365, 37.1099], [-122.2368, 37.109], [-122.2378, 37.109], [-122.2371, 37.1088], [-122.2374, 37.108], [-122.2388, 37.1079], [-122.2388, 37.1071], [-122.2368, 37.108], [-122.2361, 37.1074], [-122.2357, 37.1083], [-122.2334, 37.1083], [-122.2344, 37.1091], [-122.2361, 37.1085], [-122.2354, 37.1091], [-122.2355, 37.1096], [-122.2365, 37.1099]], [[-122.2361, 37.1091], [-122.2358, 37.1093], [-122.2358, 37.1091], [-122.2361, 37.1091]], [[-122.2371, 37.108], [-122.2368, 37.1082], [-122.2368, 37.108], [-122.2371, 37.108]]], [[[-122.2138, 37.1084], [-122.2138, 37.1076], [-122.2127, 37.1079], [-122.2128, 37.1081], [-122.2138, 37.1084]]], [[[-122.2469, 37.1078], [-122.2476, 37.1072], [-122.2475, 37.1067], [-122.2455, 37.1073], [-122.2469, 37.1078]], [[-122.2469, 37.1072], [-122.2465, 37.1075], [-122.2465, 37.1072], [-122.2469, 37.1072]]], [[[-122.206, 37.108], [-122.206, 37.1075], [-122.2049, 37.1072], [-122.205, 37.108], [-122.206, 37.108]]], [[[-122.2543, 37.1071], [-122.2553, 37.1065], [-122.2546, 37.1063], [-122.2543, 37.1071]]], [[[-122.232, 37.1075], [-122.2334, 37.1072], [-122.2333, 37.1067], [-122.2317, 37.107], [-122.232, 37.1075]]], [[[-122.202, 37.1094], [-122.204, 37.1094], [-122.2033, 37.1091], [-122.2033, 37.1078], [-122.2039, 37.1078], [-122.2033, 37.1072], [-122.2026, 37.1078], [-122.203, 37.1089], [-122.202, 37.1094]]], [[[-122.2337, 37.1067], [-122.2344, 37.1069], [-122.2354, 37.1066], [-122.2337, 37.1067]]], [[[-122.197, 37.1128], [-122.1973, 37.1122], [-122.201, 37.1124], [-122.201, 37.1105], [-122.202, 37.11], [-122.2016, 37.1094], [-122.2026, 37.1078], [-122.2019, 37.107], [-122.2012, 37.1073], [-122.2013, 37.1086], [-122.2006, 37.1084], [-122.2006, 37.1089], [-122.1989, 37.1092], [-122.1989, 37.1098], [-122.2013, 37.1092], [-122.2003, 37.1103], [-122.1993, 37.1103], [-122.1997, 37.1114], [-122.1956, 37.1106], [-122.1936, 37.1117], [-122.1936, 37.1128], [-122.1956, 37.1128], [-122.1956, 37.1122], [-122.197, 37.1128]], [[-122.2, 37.1116], [-122.1997, 37.1119], [-122.1997, 37.1116], [-122.2, 37.1116]]], [[[-122.2357, 37.1072], [-122.2367, 37.1063], [-122.2357, 37.1061], [-122.2357, 37.1072]]], [[[-122.2056, 37.1072], [-122.2056, 37.1064], [-122.2049, 37.1064], [-122.2046, 37.1069], [-122.2056, 37.1072]]], [[[-122.2117, 37.1071], [-122.2124, 37.1068], [-122.213, 37.1063], [-122.2117, 37.1063], [-122.2117, 37.1071]]], [[[-122.2177, 37.117], [-122.2184, 37.1164], [-122.218, 37.1132], [-122.2193, 37.1129], [-122.2183, 37.1124], [-122.2189, 37.1115], [-122.221, 37.1115], [-122.2203, 37.1112], [-122.2206, 37.1102], [-122.2196, 37.1094], [-122.2202, 37.1091], [-122.2195, 37.108], [-122.2219, 37.108], [-122.2222, 37.1074], [-122.2222, 37.108], [-122.2229, 37.1077], [-122.2243, 37.1085], [-122.2242, 37.1069], [-122.2232, 37.1069], [-122.2222, 37.1058], [-122.2185, 37.108], [-122.2164, 37.1065], [-122.2161, 37.1067], [-122.213, 37.1065], [-122.2131, 37.1071], [-122.2147, 37.107], [-122.2144, 37.1081], [-122.2148, 37.1081], [-122.2148, 37.1084], [-122.2151, 37.1084], [-122.2151, 37.1086], [-122.2145, 37.1087], [-122.2145, 37.1092], [-122.2155, 37.1092], [-122.2161, 37.1084], [-122.2168, 37.1086], [-122.2158, 37.1097], [-122.2172, 37.1097], [-122.2162, 37.11], [-122.2165, 37.1102], [-122.2162, 37.1119], [-122.2166, 37.1127], [-122.2169, 37.1127], [-122.2173, 37.1129], [-122.2167, 37.1151], [-122.2177, 37.117]], [[-122.2173, 37.1124], [-122.2169, 37.1127], [-122.2169, 37.1124], [-122.2173, 37.1124]], [[-122.2176, 37.1121], [-122.2173, 37.1124], [-122.2173, 37.1121], [-122.2176, 37.1121]], [[-122.2189, 37.1115], [-122.2183, 37.1116], [-122.2182, 37.1105], [-122.2189, 37.1105], [-122.2189, 37.1115]], [[-122.2199, 37.1107], [-122.2196, 37.1113], [-122.2196, 37.1107], [-122.2199, 37.1107]], [[-122.2172, 37.1108], [-122.2169, 37.111], [-122.2169, 37.1108], [-122.2172, 37.1108]], [[-122.2199, 37.1102], [-122.2192, 37.1105], [-122.2192, 37.1102], [-122.2199, 37.1102]], [[-122.2182, 37.1105], [-122.2175, 37.1102], [-122.2179, 37.1097], [-122.2182, 37.1097], [-122.2182, 37.1105]], [[-122.2189, 37.1099], [-122.2182, 37.1097], [-122.2185, 37.1091], [-122.2189, 37.1091], [-122.2189, 37.1099]], [[-122.2179, 37.1091], [-122.2172, 37.1094], [-122.2172, 37.1091], [-122.2179, 37.1091]], [[-122.2192, 37.1088], [-122.2189, 37.1091], [-122.2189, 37.1088], [-122.2192, 37.1088]], [[-122.2172, 37.1083], [-122.2158, 37.1075], [-122.2158, 37.107], [-122.2171, 37.1075], [-122.2172, 37.1083]], [[-122.2154, 37.1078], [-122.2151, 37.1084], [-122.2151, 37.1078], [-122.2154, 37.1078]], [[-122.2161, 37.1078], [-122.2158, 37.1081], [-122.2158, 37.1078], [-122.2161, 37.1078]], [[-122.2205, 37.1075], [-122.2198, 37.1077], [-122.2198, 37.1075], [-122.2205, 37.1075]], [[-122.2232, 37.1069], [-122.2229, 37.1071], [-122.2229, 37.1069], [-122.2232, 37.1069]]], [[[-122.2046, 37.1078], [-122.2043, 37.1072], [-122.2046, 37.1061], [-122.2039, 37.1062], [-122.2036, 37.107], [-122.2046, 37.1078]]], [[[-122.2813, 37.106], [-122.2823, 37.1055], [-122.2826, 37.1044], [-122.2809, 37.1044], [-122.2813, 37.106]]], [[[-122.2066, 37.1069], [-122.2066, 37.1058], [-122.2052, 37.1056], [-122.2049, 37.1061], [-122.2063, 37.1061], [-122.2066, 37.1069]]], [[[-122.1387, 37.1076], [-122.1383, 37.1068], [-122.1373, 37.1074], [-122.1373, 37.1076], [-122.1387, 37.1076]]], [[[-122.1952, 37.109], [-122.1978, 37.1068], [-122.1988, 37.1068], [-122.1982, 37.1071], [-122.1989, 37.1076], [-122.1999, 37.107], [-122.2006, 37.1078], [-122.2002, 37.1054], [-122.1981, 37.106], [-122.1974, 37.1052], [-122.1972, 37.1065], [-122.1958, 37.106], [-122.1958, 37.1074], [-122.1945, 37.1085], [-122.1952, 37.109]], [[-122.1999, 37.1065], [-122.1988, 37.1068], [-122.1988, 37.1065], [-122.1999, 37.1065]], [[-122.1978, 37.1065], [-122.1975, 37.1068], [-122.1975, 37.1065], [-122.1978, 37.1065]]], [[[-122.2238, 37.1058], [-122.2259, 37.106], [-122.2255, 37.1047], [-122.2238, 37.1058]]], [[[-122.213, 37.106], [-122.213, 37.1049], [-122.2127, 37.1049], [-122.2123, 37.1057], [-122.213, 37.106]]], [[[-122.2154, 37.1065], [-122.2154, 37.1051], [-122.214, 37.1049], [-122.2144, 37.1062], [-122.2154, 37.1065]]], [[[-122.1415, 37.1132], [-122.1419, 37.1121], [-122.1425, 37.1127], [-122.1429, 37.1119], [-122.1442, 37.1118], [-122.1432, 37.1127], [-122.1449, 37.1126], [-122.1449, 37.1116], [-122.1456, 37.1118], [-122.1452, 37.1105], [-122.1442, 37.1105], [-122.1448, 37.1094], [-122.1438, 37.1089], [-122.1435, 37.1094], [-122.1414, 37.1092], [-122.1417, 37.1078], [-122.1424, 37.1081], [-122.1417, 37.1062], [-122.1414, 37.107], [-122.14, 37.1068], [-122.1394, 37.1073], [-122.1404, 37.1079], [-122.1408, 37.1095], [-122.1428, 37.1108], [-122.1408, 37.1116], [-122.1415, 37.1119], [-122.1409, 37.1132], [-122.1415, 37.1132]], [[-122.1431, 37.1094], [-122.1425, 37.1097], [-122.1425, 37.1094], [-122.1431, 37.1094]], [[-122.1417, 37.1073], [-122.1414, 37.1076], [-122.1414, 37.1073], [-122.1417, 37.1073]], [[-122.1407, 37.107], [-122.1404, 37.1073], [-122.1404, 37.107], [-122.1407, 37.107]]], [[[-122.184, 37.1071], [-122.1853, 37.1068], [-122.1856, 37.1049], [-122.1843, 37.1057], [-122.1846, 37.1065], [-122.184, 37.1071]]], [[[-122.1991, 37.1043], [-122.2001, 37.1049], [-122.2008, 37.104], [-122.1991, 37.1043]]], [[[-122.2185, 37.1064], [-122.2177, 37.1043], [-122.2167, 37.1054], [-122.217, 37.1043], [-122.2157, 37.1035], [-122.2168, 37.1065], [-122.2185, 37.1064]], [[-122.2174, 37.1054], [-122.2171, 37.1062], [-122.2171, 37.1054], [-122.2174, 37.1054]]], [[[-122.1511, 37.1052], [-122.1511, 37.1044], [-122.1501, 37.1047], [-122.1505, 37.1052], [-122.1511, 37.1052]]], [[[-122.1474, 37.1064], [-122.1467, 37.1056], [-122.1478, 37.1056], [-122.1477, 37.1048], [-122.1464, 37.1045], [-122.1461, 37.1061], [-122.1474, 37.1064]]], [[[-122.217, 37.1043], [-122.2177, 37.1032], [-122.2163, 37.1029], [-122.217, 37.1043]]], [[[-122.2096, 37.1047], [-122.2099, 37.1031], [-122.2089, 37.1031], [-122.2092, 37.1036], [-122.2082, 37.1045], [-122.2096, 37.1047]]], [[[-122.2383, 37.1044], [-122.2383, 37.1039], [-122.2397, 37.1041], [-122.2386, 37.1023], [-122.237, 37.1034], [-122.2383, 37.1044]]], [[[-122.1271, 37.1054], [-122.1271, 37.1043], [-122.1264, 37.1043], [-122.1264, 37.1049], [-122.1271, 37.1054]]], [[[-122.14, 37.1068], [-122.141, 37.1057], [-122.1403, 37.1041], [-122.1389, 37.1049], [-122.14, 37.1057], [-122.139, 37.1065], [-122.14, 37.1068]], [[-122.1403, 37.1049], [-122.14, 37.1054], [-122.14, 37.1049], [-122.1403, 37.1049]]], [[[-122.182, 37.1214], [-122.182, 37.1206], [-122.1827, 37.1206], [-122.182, 37.119], [-122.1826, 37.1195], [-122.1833, 37.1189], [-122.1843, 37.1192], [-122.1843, 37.1184], [-122.1863, 37.1189], [-122.1877, 37.1172], [-122.188, 37.1186], [-122.189, 37.1183], [-122.189, 37.1172], [-122.188, 37.1164], [-122.1866, 37.1175], [-122.186, 37.1176], [-122.1859, 37.1167], [-122.185, 37.1176], [-122.1862, 37.1151], [-122.1866, 37.1159], [-122.1879, 37.1154], [-122.1859, 37.1146], [-122.1859, 37.114], [-122.1849, 37.1143], [-122.1838, 37.1141], [-122.1855, 37.1138], [-122.1855, 37.1135], [-122.1862, 37.1135], [-122.1862, 37.113], [-122.1865, 37.113], [-122.1872, 37.1135], [-122.1872, 37.114], [-122.1882, 37.1143], [-122.1886, 37.1162], [-122.19, 37.1164], [-122.1893, 37.1172], [-122.1904, 37.1172], [-122.1913, 37.1148], [-122.1909, 37.1137], [-122.1916, 37.1137], [-122.1906, 37.1129], [-122.1916, 37.1123], [-122.1929, 37.1128], [-122.1929, 37.1112], [-122.1912, 37.111], [-122.1925, 37.1107], [-122.1931, 37.1082], [-122.1948, 37.1077], [-122.1934, 37.1053], [-122.1903, 37.1048], [-122.19, 37.1056], [-122.191, 37.1056], [-122.1921, 37.1074], [-122.1904, 37.1077], [-122.1901, 37.1088], [-122.1888, 37.1091], [-122.1892, 37.111], [-122.1878, 37.1113], [-122.1878, 37.1102], [-122.1885, 37.1102], [-122.1881, 37.1083], [-122.1901, 37.1075], [-122.1877, 37.1065], [-122.1886, 37.1032], [-122.186, 37.1051], [-122.1863, 37.107], [-122.1843, 37.1073], [-122.184, 37.1081], [-122.1813, 37.1095], [-122.1821, 37.1109], [-122.179, 37.1104], [-122.178, 37.112], [-122.1794, 37.1123], [-122.1774, 37.1126], [-122.1781, 37.1142], [-122.1778, 37.1147], [-122.1785, 37.1153], [-122.1808, 37.1149], [-122.1802, 37.116], [-122.1836, 37.116], [-122.1826, 37.1182], [-122.1792, 37.1174], [-122.1792, 37.1169], [-122.1782, 37.1172], [-122.1771, 37.1161], [-122.1775, 37.1153], [-122.1761, 37.1148], [-122.172, 37.1151], [-122.1747, 37.1153], [-122.1734, 37.1159], [-122.1741, 37.1175], [-122.1789, 37.119], [-122.1796, 37.1187], [-122.18, 37.1198], [-122.1793, 37.1204], [-122.1803, 37.1206], [-122.1813, 37.1198], [-122.1813, 37.1211], [-122.182, 37.1214]], [[-122.1809, 37.1193], [-122.1803, 37.1195], [-122.1803, 37.1193], [-122.1809, 37.1193]], [[-122.1853, 37.1178], [-122.185, 37.1181], [-122.185, 37.1178], [-122.1853, 37.1178]], [[-122.1903, 37.1161], [-122.19, 37.1164], [-122.19, 37.1161], [-122.1903, 37.1161]], [[-122.1741, 37.1161], [-122.1738, 37.1164], [-122.1738, 37.1162], [-122.1741, 37.1161]], [[-122.1906, 37.115], [-122.1893, 37.1153], [-122.1893, 37.1151], [-122.1906, 37.115]], [[-122.1822, 37.1149], [-122.1815, 37.1155], [-122.1815, 37.1149], [-122.1822, 37.1149]], [[-122.1909, 37.1142], [-122.1906, 37.1148], [-122.1906, 37.1142], [-122.1909, 37.1142]], [[-122.1896, 37.114], [-122.1886, 37.1148], [-122.1886, 37.114], [-122.1896, 37.114]], [[-122.1832, 37.1146], [-122.1822, 37.1149], [-122.1822, 37.1147], [-122.1832, 37.1146]], [[-122.1903, 37.1142], [-122.1899, 37.1145], [-122.1899, 37.1142], [-122.1903, 37.1142]], [[-122.1828, 37.1136], [-122.1805, 37.1147], [-122.1808, 37.1139], [-122.1828, 37.1136]], [[-122.1791, 37.1144], [-122.1785, 37.1147], [-122.1784, 37.1144], [-122.1791, 37.1144]], [[-122.1832, 37.1138], [-122.1828, 37.1141], [-122.1828, 37.1138], [-122.1832, 37.1138]], [[-122.1784, 37.1139], [-122.1781, 37.1142], [-122.1781, 37.1139], [-122.1784, 37.1139]], [[-122.1896, 37.1137], [-122.1889, 37.1132], [-122.1899, 37.1129], [-122.1895, 37.1126], [-122.1899, 37.1121], [-122.1906, 37.1129], [-122.1896, 37.1137]], [[-122.1879, 37.1132], [-122.1872, 37.1135], [-122.1872, 37.1132], [-122.1879, 37.1132]], [[-122.1808, 37.1133], [-122.1804, 37.1136], [-122.1804, 37.1133], [-122.1808, 37.1133]], [[-122.1801, 37.1131], [-122.1794, 37.1136], [-122.1794, 37.1131], [-122.1801, 37.1131]], [[-122.1811, 37.1131], [-122.1808, 37.1133], [-122.1808, 37.1131], [-122.1811, 37.1131]], [[-122.1872, 37.1124], [-122.1865, 37.113], [-122.1862, 37.1121], [-122.1872, 37.1124]], [[-122.1926, 37.1115], [-122.1919, 37.112], [-122.1919, 37.1115], [-122.1926, 37.1115]], [[-122.1882, 37.1118], [-122.1868, 37.1116], [-122.1878, 37.1113], [-122.1882, 37.1118]], [[-122.1827, 37.1109], [-122.1824, 37.1111], [-122.1824, 37.1109], [-122.1827, 37.1109]], [[-122.1868, 37.1108], [-122.1854, 37.1108], [-122.1854, 37.1105], [-122.1861, 37.1103], [-122.1868, 37.1108]], [[-122.1915, 37.1102], [-122.1908, 37.1104], [-122.1908, 37.1102], [-122.1915, 37.1102]], [[-122.1837, 37.1103], [-122.1834, 37.1106], [-122.1834, 37.1103], [-122.1837, 37.1103]], [[-122.1831, 37.1103], [-122.1824, 37.1106], [-122.1824, 37.1103], [-122.1831, 37.1103]], [[-122.1908, 37.1099], [-122.1905, 37.1102], [-122.1905, 37.1099], [-122.1908, 37.1099]], [[-122.1868, 37.1097], [-122.1864, 37.11], [-122.1864, 37.1097], [-122.1868, 37.1097]], [[-122.1864, 37.1094], [-122.1857, 37.1097], [-122.1857, 37.1095], [-122.1864, 37.1094]], [[-122.1877, 37.1086], [-122.1874, 37.1089], [-122.1874, 37.1086], [-122.1877, 37.1086]], [[-122.1911, 37.1083], [-122.1908, 37.1086], [-122.1908, 37.1083], [-122.1911, 37.1083]], [[-122.1871, 37.1084], [-122.1867, 37.1086], [-122.1867, 37.1084], [-122.1871, 37.1084]], [[-122.1914, 37.108], [-122.1911, 37.1083], [-122.1911, 37.108], [-122.1914, 37.108]], [[-122.1934, 37.1072], [-122.1931, 37.1077], [-122.1931, 37.1072], [-122.1934, 37.1072]], [[-122.1931, 37.1069], [-122.1924, 37.1074], [-122.1924, 37.1069], [-122.1931, 37.1069]], [[-122.1874, 37.1067], [-122.187, 37.107], [-122.187, 37.1067], [-122.1874, 37.1067]], [[-122.1934, 37.1061], [-122.1931, 37.1064], [-122.1931, 37.1061], [-122.1934, 37.1061]]], [[[-122.2343, 37.1045], [-122.2346, 37.104], [-122.2349, 37.1021], [-122.2336, 37.1037], [-122.2343, 37.1045]]], [[[-122.1903, 37.1048], [-122.1917, 37.1042], [-122.1917, 37.1037], [-122.193, 37.1039], [-122.1937, 37.1031], [-122.1903, 37.1034], [-122.1913, 37.1037], [-122.19, 37.1042], [-122.1903, 37.1048]]], [[[-122.1658, 37.1096], [-122.1684, 37.1057], [-122.166, 37.106], [-122.1659, 37.1031], [-122.1643, 37.1031], [-122.1647, 37.1053], [-122.1653, 37.1052], [-122.165, 37.1069], [-122.1657, 37.1069], [-122.1658, 37.109], [-122.1651, 37.1096], [-122.1658, 37.1096]]], [[[-122.1508, 37.1042], [-122.1507, 37.1033], [-122.1501, 37.1034], [-122.1501, 37.1042], [-122.1508, 37.1042]]], [[[-122.1595, 37.104], [-122.1592, 37.1029], [-122.1585, 37.1027], [-122.1585, 37.104], [-122.1595, 37.104]]], [[[-122.2406, 37.1022], [-122.2396, 37.1012], [-122.2383, 37.1017], [-122.2386, 37.1023], [-122.2406, 37.1022]]], [[[-122.2029, 37.1067], [-122.2042, 37.1059], [-122.2042, 37.1048], [-122.2052, 37.1045], [-122.2045, 37.1018], [-122.2015, 37.104], [-122.2025, 37.1046], [-122.2028, 37.1037], [-122.2042, 37.1034], [-122.2035, 37.1056], [-122.2015, 37.1062], [-122.2029, 37.1067]], [[-122.2041, 37.1029], [-122.2038, 37.1032], [-122.2038, 37.1029], [-122.2041, 37.1029]], [[-122.2045, 37.1026], [-122.2041, 37.1029], [-122.2041, 37.1026], [-122.2045, 37.1026]]], [[[-122.2444, 37.1019], [-122.2433, 37.1011], [-122.2426, 37.1011], [-122.2427, 37.1019], [-122.2444, 37.1019]]], [[[-122.1257, 37.1033], [-122.1261, 37.1035], [-122.1274, 37.1032], [-122.1257, 37.1033]]], [[[-122.2207, 37.1029], [-122.221, 37.1015], [-122.2186, 37.1013], [-122.219, 37.1024], [-122.2207, 37.1029]]], [[[-122.1288, 37.104], [-122.1294, 37.1032], [-122.1284, 37.1029], [-122.1288, 37.104]]], [[[-122.197, 37.1025], [-122.1981, 37.1027], [-122.198, 37.1017], [-122.197, 37.1025]]], [[[-122.266, 37.1012], [-122.2666, 37.1004], [-122.2659, 37.0999], [-122.266, 37.1012]]], [[[-122.2264, 37.1017], [-122.2267, 37.1011], [-122.2254, 37.1004], [-122.2254, 37.1014], [-122.2264, 37.1017]]], [[[-122.1325, 37.105], [-122.1322, 37.1042], [-122.1328, 37.1042], [-122.1331, 37.1023], [-122.1318, 37.1021], [-122.1305, 37.1037], [-122.1318, 37.1037], [-122.1315, 37.1048], [-122.1325, 37.105]]], [[[-122.1257, 37.1033], [-122.1257, 37.1024], [-122.125, 37.1022], [-122.1254, 37.103], [-122.1247, 37.1033], [-122.1257, 37.1033]]], [[[-122.1454, 37.107], [-122.1444, 37.1048], [-122.146, 37.1037], [-122.1453, 37.1037], [-122.1453, 37.1029], [-122.1446, 37.1032], [-122.1453, 37.1018], [-122.1443, 37.1016], [-122.1446, 37.1021], [-122.1436, 37.1024], [-122.1427, 37.1048], [-122.144, 37.1051], [-122.1437, 37.1062], [-122.1454, 37.107]]], [[[-122.2119, 37.1011], [-122.2122, 37.1006], [-122.2112, 37.1003], [-122.2108, 37.1009], [-122.2119, 37.1011]]], [[[-122.1977, 37.1014], [-122.1977, 37.1009], [-122.1983, 37.1011], [-122.1983, 37.1006], [-122.1973, 37.1006], [-122.1977, 37.1014]]], [[[-122.2045, 37.1018], [-122.2058, 37.1013], [-122.2054, 37.1002], [-122.2044, 37.1005], [-122.2051, 37.1007], [-122.2045, 37.1018]]], [[[-122.2183, 37.1008], [-122.2183, 37.1002], [-122.2169, 37.0997], [-122.2169, 37.1008], [-122.2173, 37.1002], [-122.2183, 37.1008]]], [[[-122.2027, 37.1005], [-122.2024, 37.1], [-122.2014, 37.1], [-122.2014, 37.1005], [-122.2027, 37.1005]]], [[[-122.1419, 37.1027], [-122.1422, 37.1011], [-122.1405, 37.1014], [-122.1402, 37.1025], [-122.1419, 37.1027]]], [[[-122.2676, 37.0998], [-122.2683, 37.0987], [-122.2673, 37.0993], [-122.2672, 37.0982], [-122.2666, 37.0982], [-122.2666, 37.0993], [-122.2676, 37.0998]]], [[[-122.2484, 37.1002], [-122.2487, 37.0991], [-122.248, 37.0994], [-122.2476, 37.0986], [-122.247, 37.0986], [-122.247, 37.0994], [-122.246, 37.0994], [-122.2484, 37.1002]], [[-122.248, 37.0994], [-122.2477, 37.0997], [-122.2477, 37.0994], [-122.248, 37.0994]]], [[[-122.2193, 37.0999], [-122.2193, 37.0994], [-122.2186, 37.0991], [-122.2183, 37.0999], [-122.2193, 37.0999]]], [[[-122.2057, 37.0999], [-122.2057, 37.0994], [-122.2044, 37.0994], [-122.2044, 37.0997], [-122.2057, 37.0999]]], [[[-122.1392, 37.1019], [-122.1385, 37.1006], [-122.1365, 37.1006], [-122.1375, 37.102], [-122.1392, 37.1019]]], [[[-122.2122, 37.1003], [-122.2122, 37.0995], [-122.2108, 37.099], [-122.2108, 37.0998], [-122.2122, 37.1003]]], [[[-122.1399, 37.1014], [-122.1405, 37.1008], [-122.1392, 37.1003], [-122.1399, 37.1014]]], [[[-122.128, 37.1016], [-122.1287, 37.101], [-122.1287, 37.1005], [-122.127, 37.1011], [-122.128, 37.1016]]], [[[-122.2572, 37.1119], [-122.2578, 37.1103], [-122.2598, 37.1091], [-122.2594, 37.1083], [-122.2604, 37.1067], [-122.259, 37.1065], [-122.259, 37.1059], [-122.258, 37.1065], [-122.258, 37.1054], [-122.2593, 37.1054], [-122.259, 37.1048], [-122.26, 37.1043], [-122.2613, 37.1045], [-122.2614, 37.1051], [-122.2603, 37.1051], [-122.2604, 37.1064], [-122.2617, 37.1067], [-122.2624, 37.1061], [-122.2628, 37.1069], [-122.2641, 37.1069], [-122.2648, 37.1082], [-122.2655, 37.1082], [-122.2651, 37.1066], [-122.2654, 37.1061], [-122.2665, 37.1063], [-122.2654, 37.1053], [-122.2661, 37.1055], [-122.2671, 37.1047], [-122.2667, 37.1033], [-122.2681, 37.1031], [-122.268, 37.1022], [-122.2673, 37.1014], [-122.2663, 37.1015], [-122.2663, 37.1023], [-122.2657, 37.102], [-122.2659, 37.099], [-122.2645, 37.0985], [-122.2645, 37.0977], [-122.2639, 37.0985], [-122.2618, 37.098], [-122.2598, 37.0989], [-122.2615, 37.0999], [-122.2609, 37.101], [-122.2616, 37.101], [-122.2616, 37.1021], [-122.2626, 37.1021], [-122.262, 37.1029], [-122.2606, 37.1024], [-122.2595, 37.1002], [-122.2582, 37.1003], [-122.2571, 37.0995], [-122.2561, 37.1003], [-122.2563, 37.106], [-122.2556, 37.1049], [-122.255, 37.1063], [-122.2556, 37.1063], [-122.2556, 37.1065], [-122.256, 37.1065], [-122.2563, 37.1068], [-122.256, 37.1081], [-122.257, 37.1081], [-122.2567, 37.1089], [-122.2574, 37.1095], [-122.2564, 37.1098], [-122.2572, 37.1119]], [[-122.2578, 37.11], [-122.2575, 37.1103], [-122.2574, 37.11], [-122.2578, 37.11]], [[-122.2591, 37.1092], [-122.2584, 37.1094], [-122.2584, 37.1092], [-122.2591, 37.1092]], [[-122.2584, 37.1086], [-122.2581, 37.1089], [-122.2581, 37.1086], [-122.2584, 37.1086]], [[-122.2581, 37.1084], [-122.2577, 37.1086], [-122.2577, 37.1084], [-122.2581, 37.1084]], [[-122.258, 37.1068], [-122.2577, 37.107], [-122.2577, 37.1068], [-122.258, 37.1068]], [[-122.2573, 37.1068], [-122.257, 37.107], [-122.257, 37.1068], [-122.2573, 37.1068]], [[-122.2577, 37.1062], [-122.2573, 37.1068], [-122.2573, 37.1062], [-122.2577, 37.1062]], [[-122.2563, 37.1062], [-122.256, 37.1065], [-122.256, 37.1063], [-122.2563, 37.1062]], [[-122.2627, 37.1056], [-122.2624, 37.1059], [-122.2624, 37.1056], [-122.2627, 37.1056]], [[-122.2634, 37.105], [-122.2631, 37.1053], [-122.263, 37.105], [-122.2634, 37.105]], [[-122.2661, 37.1047], [-122.2657, 37.105], [-122.2657, 37.1047], [-122.2661, 37.1047]], [[-122.2661, 37.1044], [-122.2647, 37.1031], [-122.2663, 37.1025], [-122.266, 37.1031], [-122.2661, 37.1044]], [[-122.2613, 37.1037], [-122.261, 37.104], [-122.261, 37.1037], [-122.2613, 37.1037]], [[-122.2596, 37.1038], [-122.2593, 37.104], [-122.2593, 37.1038], [-122.2596, 37.1038]], [[-122.26, 37.1035], [-122.2596, 37.1038], [-122.2596, 37.1035], [-122.26, 37.1035]], [[-122.263, 37.1031], [-122.2627, 37.1034], [-122.2626, 37.1032], [-122.263, 37.1031]], [[-122.2593, 37.103], [-122.2589, 37.1035], [-122.2589, 37.103], [-122.2593, 37.103]], [[-122.2647, 37.1028], [-122.2643, 37.1031], [-122.2643, 37.1029], [-122.2647, 37.1028]], [[-122.266, 37.1023], [-122.2657, 37.1026], [-122.2657, 37.1023], [-122.266, 37.1023]], [[-122.2589, 37.1021], [-122.2582, 37.1027], [-122.2582, 37.1022], [-122.2589, 37.1021]], [[-122.2582, 37.1019], [-122.2575, 37.1022], [-122.2575, 37.1019], [-122.2582, 37.1019]], [[-122.2575, 37.1016], [-122.2572, 37.1019], [-122.2572, 37.1016], [-122.2575, 37.1016]], [[-122.2649, 37.101], [-122.2639, 37.101], [-122.2649, 37.0999], [-122.2649, 37.101]], [[-122.2575, 37.1008], [-122.2572, 37.1011], [-122.2572, 37.1008], [-122.2575, 37.1008]], [[-122.2629, 37.1005], [-122.2622, 37.1007], [-122.2622, 37.1005], [-122.2629, 37.1005]], [[-122.2578, 37.1005], [-122.2575, 37.1008], [-122.2575, 37.1006], [-122.2578, 37.1005]], [[-122.2636, 37.1004], [-122.2629, 37.1005], [-122.2629, 37.0999], [-122.2632, 37.0999], [-122.2636, 37.1004]], [[-122.2639, 37.0994], [-122.2636, 37.0999], [-122.2635, 37.0994], [-122.2639, 37.0994]], [[-122.2622, 37.0997], [-122.2619, 37.0999], [-122.2619, 37.0997], [-122.2622, 37.0997]], [[-122.2652, 37.0991], [-122.2649, 37.0996], [-122.2649, 37.0991], [-122.2652, 37.0991]], [[-122.2619, 37.0994], [-122.2615, 37.0997], [-122.2615, 37.0994], [-122.2619, 37.0994]], [[-122.2639, 37.0988], [-122.2632, 37.0991], [-122.2632, 37.0988], [-122.2639, 37.0988]]], [[[-122.1574, 37.1005], [-122.1574, 37.0997], [-122.1564, 37.1], [-122.1564, 37.1005], [-122.1574, 37.1005]]], [[[-122.2237, 37.0998], [-122.224, 37.0993], [-122.2237, 37.0993], [-122.2226, 37.0982], [-122.2223, 37.0991], [-122.2237, 37.0998]]], [[[-122.15, 37.1017], [-122.1506, 37.0998], [-122.1483, 37.0999], [-122.1493, 37.1007], [-122.149, 37.1012], [-122.15, 37.1017]], [[-122.15, 37.1001], [-122.1496, 37.1004], [-122.1496, 37.1001], [-122.15, 37.1001]]], [[[-122.224, 37.099], [-122.2246, 37.0987], [-122.2246, 37.0979], [-122.2236, 37.0985], [-122.224, 37.099]]], [[[-122.1429, 37.1008], [-122.1435, 37.1002], [-122.1432, 37.0994], [-122.1425, 37.0994], [-122.1429, 37.1008]]], [[[-122.2182, 37.0991], [-122.2196, 37.0988], [-122.2196, 37.0983], [-122.2179, 37.0983], [-122.2175, 37.0978], [-122.2182, 37.0991]]], [[[-122.13, 37.1005], [-122.1307, 37.0999], [-122.1317, 37.0999], [-122.1314, 37.0994], [-122.13, 37.0997], [-122.13, 37.1005]]], [[[-122.1243, 37.1003], [-122.125, 37.1003], [-122.1256, 37.0995], [-122.1246, 37.0995], [-122.1243, 37.1003]]], [[[-122.1885, 37.0994], [-122.1881, 37.0989], [-122.1888, 37.0986], [-122.1871, 37.0978], [-122.1875, 37.0992], [-122.1885, 37.0994]]], [[[-122.1993, 37.1003], [-122.1993, 37.0998], [-122.2023, 37.0989], [-122.2033, 37.0978], [-122.2023, 37.0975], [-122.202, 37.0984], [-122.1993, 37.0989], [-122.1987, 37.1], [-122.1993, 37.1003]], [[-122.2013, 37.0986], [-122.201, 37.0989], [-122.201, 37.0986], [-122.2013, 37.0986]]], [[[-122.2294, 37.0987], [-122.229, 37.0976], [-122.2297, 37.0973], [-122.229, 37.097], [-122.2284, 37.0984], [-122.2294, 37.0987]]], [[[-122.2263, 37.0979], [-122.2263, 37.0966], [-122.2253, 37.0966], [-122.2246, 37.0977], [-122.2263, 37.0979]]], [[[-122.2138, 37.0973], [-122.2148, 37.0968], [-122.2141, 37.0965], [-122.2138, 37.0973]]], [[[-122.204, 37.0983], [-122.2043, 37.0978], [-122.2043, 37.0967], [-122.2036, 37.097], [-122.204, 37.0983]]], [[[-122.1633, 37.1182], [-122.164, 37.1174], [-122.1626, 37.1174], [-122.1623, 37.1161], [-122.1639, 37.1158], [-122.1626, 37.1153], [-122.1632, 37.1147], [-122.1643, 37.115], [-122.1642, 37.1139], [-122.1635, 37.1139], [-122.1635, 37.1128], [-122.1628, 37.1126], [-122.1628, 37.1101], [-122.1618, 37.1104], [-122.1617, 37.1091], [-122.1627, 37.1093], [-122.1627, 37.1088], [-122.1617, 37.1088], [-122.1617, 37.1077], [-122.1593, 37.1078], [-122.1606, 37.1064], [-122.1599, 37.1053], [-122.1593, 37.1056], [-122.1596, 37.1043], [-122.1585, 37.1043], [-122.1578, 37.1038], [-122.1572, 37.1046], [-122.1571, 37.1027], [-122.1565, 37.1024], [-122.1558, 37.1035], [-122.1548, 37.1035], [-122.1555, 37.1027], [-122.1551, 37.1016], [-122.1558, 37.1014], [-122.1558, 37.1022], [-122.1585, 37.1024], [-122.1557, 37.1003], [-122.1574, 37.0994], [-122.157, 37.0978], [-122.155, 37.0973], [-122.1557, 37.0981], [-122.1553, 37.0989], [-122.1547, 37.0984], [-122.1533, 37.0987], [-122.1526, 37.0976], [-122.153, 37.0987], [-122.1513, 37.0993], [-122.1504, 37.1017], [-122.1511, 37.1039], [-122.1524, 37.1036], [-122.1522, 37.1074], [-122.1512, 37.1071], [-122.1505, 37.1058], [-122.1498, 37.1058], [-122.1498, 37.1069], [-122.1519, 37.1082], [-122.1519, 37.1103], [-122.1543, 37.11], [-122.153, 37.1109], [-122.154, 37.1117], [-122.1533, 37.1119], [-122.154, 37.1127], [-122.156, 37.1111], [-122.1557, 37.113], [-122.1564, 37.1135], [-122.1558, 37.1135], [-122.1551, 37.1141], [-122.1555, 37.1151], [-122.1565, 37.1154], [-122.1568, 37.1146], [-122.1588, 37.114], [-122.1571, 37.1127], [-122.1577, 37.1119], [-122.1585, 37.1135], [-122.1595, 37.1132], [-122.1591, 37.1137], [-122.1598, 37.1137], [-122.1599, 37.1156], [-122.1609, 37.1164], [-122.1616, 37.1164], [-122.1623, 37.1166], [-122.1616, 37.1172], [-122.1633, 37.1182]], [[-122.1619, 37.1158], [-122.1616, 37.1164], [-122.1616, 37.1158], [-122.1619, 37.1158]], [[-122.1622, 37.1153], [-122.1619, 37.1158], [-122.1619, 37.1153], [-122.1622, 37.1153]], [[-122.1608, 37.1137], [-122.1602, 37.1142], [-122.1602, 37.1137], [-122.1608, 37.1137]], [[-122.1564, 37.1138], [-122.1558, 37.1141], [-122.1558, 37.1138], [-122.1564, 37.1138]], [[-122.1632, 37.1131], [-122.1622, 37.1137], [-122.1622, 37.1131], [-122.1632, 37.1131]], [[-122.1612, 37.1134], [-122.1601, 37.1132], [-122.1601, 37.1129], [-122.1612, 37.1129], [-122.1612, 37.1134]], [[-122.1601, 37.1132], [-122.1598, 37.1134], [-122.1598, 37.1132], [-122.1601, 37.1132]], [[-122.1601, 37.1124], [-122.1595, 37.1126], [-122.1594, 37.1124], [-122.1601, 37.1124]], [[-122.1618, 37.1123], [-122.1608, 37.1121], [-122.1611, 37.1113], [-122.1618, 37.1112], [-122.1618, 37.1115], [-122.1621, 37.1115], [-122.1625, 37.1118], [-122.1618, 37.1123]], [[-122.1608, 37.1121], [-122.1605, 37.1123], [-122.1605, 37.1121], [-122.1608, 37.1121]], [[-122.1598, 37.1118], [-122.1594, 37.1121], [-122.1594, 37.1118], [-122.1598, 37.1118]], [[-122.1574, 37.1119], [-122.1564, 37.1119], [-122.1564, 37.1108], [-122.1574, 37.1111], [-122.1574, 37.1119]], [[-122.1625, 37.1112], [-122.1621, 37.1115], [-122.1621, 37.1112], [-122.1625, 37.1112]], [[-122.1587, 37.1116], [-122.1581, 37.1113], [-122.158, 37.1108], [-122.1587, 37.111], [-122.1587, 37.1116]], [[-122.1601, 37.111], [-122.1598, 37.1113], [-122.1597, 37.111], [-122.1601, 37.111]], [[-122.1543, 37.1111], [-122.154, 37.1114], [-122.154, 37.1111], [-122.1543, 37.1111]], [[-122.154, 37.1108], [-122.1537, 37.1111], [-122.1537, 37.1109], [-122.154, 37.1108]], [[-122.1624, 37.1104], [-122.1621, 37.1107], [-122.1621, 37.1104], [-122.1624, 37.1104]], [[-122.1564, 37.1108], [-122.1546, 37.1098], [-122.1543, 37.1081], [-122.1556, 37.1092], [-122.1563, 37.1089], [-122.1556, 37.1095], [-122.1567, 37.1103], [-122.1564, 37.1108]], [[-122.158, 37.1102], [-122.1574, 37.1105], [-122.1574, 37.1102], [-122.158, 37.1102]], [[-122.1547, 37.1103], [-122.1543, 37.1106], [-122.1543, 37.1103], [-122.1547, 37.1103]], [[-122.1577, 37.1097], [-122.1573, 37.11], [-122.1573, 37.1097], [-122.1577, 37.1097]], [[-122.1529, 37.1095], [-122.1526, 37.1101], [-122.1526, 37.1095], [-122.1529, 37.1095]], [[-122.1597, 37.1094], [-122.1587, 37.1094], [-122.1593, 37.1083], [-122.1597, 37.1083], [-122.1597, 37.1094]], [[-122.158, 37.1086], [-122.1577, 37.1092], [-122.1576, 37.1086], [-122.158, 37.1086]], [[-122.1593, 37.1083], [-122.1583, 37.1083], [-122.1583, 37.1078], [-122.159, 37.1078], [-122.1593, 37.1083]], [[-122.1532, 37.1082], [-122.1529, 37.1084], [-122.1529, 37.1082], [-122.1532, 37.1082]], [[-122.1542, 37.1079], [-122.1529, 37.1079], [-122.1525, 37.106], [-122.1532, 37.106], [-122.1542, 37.1068], [-122.1542, 37.1079]], [[-122.1522, 37.1076], [-122.1519, 37.1079], [-122.1519, 37.1076], [-122.1522, 37.1076]], [[-122.1552, 37.107], [-122.1546, 37.1076], [-122.1546, 37.1071], [-122.1552, 37.107]], [[-122.1586, 37.1073], [-122.1579, 37.1073], [-122.1579, 37.1065], [-122.1583, 37.1064], [-122.1586, 37.1073]], [[-122.1572, 37.1065], [-122.1566, 37.107], [-122.1566, 37.1065], [-122.1572, 37.1065]], [[-122.1556, 37.1068], [-122.1552, 37.107], [-122.1552, 37.1068], [-122.1556, 37.1068]], [[-122.1596, 37.1062], [-122.1586, 37.1067], [-122.1579, 37.1059], [-122.1596, 37.1062]], [[-122.1572, 37.1059], [-122.1569, 37.1062], [-122.1569, 37.1059], [-122.1572, 37.1059]], [[-122.1562, 37.1057], [-122.1555, 37.106], [-122.1555, 37.1057], [-122.1562, 37.1057]], [[-122.1538, 37.1057], [-122.1532, 37.106], [-122.1532, 37.1057], [-122.1538, 37.1057]], [[-122.1589, 37.1051], [-122.1586, 37.1056], [-122.1586, 37.1051], [-122.1589, 37.1051]], [[-122.1582, 37.1054], [-122.1576, 37.1057], [-122.1576, 37.1054], [-122.1582, 37.1054]], [[-122.1552, 37.1057], [-122.1542, 37.1054], [-122.1542, 37.1049], [-122.1552, 37.1052], [-122.1552, 37.1057]], [[-122.1579, 37.1051], [-122.1569, 37.1051], [-122.1579, 37.1046], [-122.1579, 37.1051]], [[-122.1562, 37.1051], [-122.1559, 37.1054], [-122.1559, 37.1051], [-122.1562, 37.1051]], [[-122.1538, 37.1049], [-122.1535, 37.1055], [-122.1535, 37.1049], [-122.1538, 37.1049]], [[-122.1585, 37.1043], [-122.1582, 37.1048], [-122.1582, 37.1043], [-122.1585, 37.1043]], [[-122.1541, 37.1044], [-122.1538, 37.1046], [-122.1538, 37.1044], [-122.1541, 37.1044]], [[-122.1545, 37.1038], [-122.1541, 37.1044], [-122.1541, 37.1038], [-122.1545, 37.1038]], [[-122.1531, 37.1033], [-122.1528, 37.1041], [-122.1528, 37.1033], [-122.1531, 37.1033]], [[-122.1534, 37.1028], [-122.1531, 37.103], [-122.1531, 37.1028], [-122.1534, 37.1028]], [[-122.1531, 37.1025], [-122.1527, 37.1028], [-122.1527, 37.1025], [-122.1531, 37.1025]], [[-122.1541, 37.1019], [-122.1531, 37.1025], [-122.1531, 37.1022], [-122.1534, 37.1019], [-122.1541, 37.1019]], [[-122.1517, 37.1022], [-122.1514, 37.1025], [-122.1514, 37.1023], [-122.1517, 37.1022]], [[-122.1544, 37.1017], [-122.1541, 37.1019], [-122.1541, 37.1017], [-122.1544, 37.1017]], [[-122.152, 37.1017], [-122.1517, 37.102], [-122.1517, 37.1017], [-122.152, 37.1017]], [[-122.1547, 37.1014], [-122.1544, 37.1017], [-122.1544, 37.1014], [-122.1547, 37.1014]], [[-122.1527, 37.1009], [-122.1513, 37.1006], [-122.153, 37.0993], [-122.153, 37.0995], [-122.1537, 37.0995], [-122.1537, 37.0998], [-122.154, 37.0998], [-122.154, 37.1], [-122.1527, 37.1001], [-122.1527, 37.1009]], [[-122.1547, 37.1], [-122.1544, 37.1003], [-122.1544, 37.1], [-122.1547, 37.1]], [[-122.155, 37.0992], [-122.155, 37.1], [-122.1543, 37.0992], [-122.155, 37.0992]], [[-122.1564, 37.0995], [-122.1557, 37.0997], [-122.1557, 37.0995], [-122.1564, 37.0995]], [[-122.1543, 37.0995], [-122.154, 37.0998], [-122.154, 37.0995], [-122.1543, 37.0995]]], [[[-122.2165, 37.097], [-122.2165, 37.0962], [-122.2158, 37.0962], [-122.2155, 37.097], [-122.2165, 37.097]]], [[[-122.1428, 37.0984], [-122.1425, 37.0976], [-122.1414, 37.0976], [-122.1418, 37.0981], [-122.1428, 37.0984]]], [[[-122.2685, 37.0955], [-122.2692, 37.0957], [-122.2702, 37.0955], [-122.2685, 37.0955]]], [[[-122.2108, 37.099], [-122.2111, 37.0974], [-122.2083, 37.0961], [-122.2087, 37.0982], [-122.2094, 37.0979], [-122.2108, 37.099]], [[-122.2101, 37.0971], [-122.2097, 37.0974], [-122.2097, 37.0971], [-122.2101, 37.0971]]], [[[-122.1438, 37.0981], [-122.1452, 37.0978], [-122.1448, 37.0972], [-122.1438, 37.0981]]], [[[-122.2205, 37.0967], [-122.2212, 37.0961], [-122.2202, 37.0956], [-122.2188, 37.0962], [-122.2205, 37.0967]]], [[[-122.2283, 37.096], [-122.2286, 37.0954], [-122.2266, 37.0955], [-122.2266, 37.096], [-122.2283, 37.096]]], [[[-122.234, 37.0959], [-122.234, 37.0951], [-122.233, 37.0948], [-122.233, 37.0953], [-122.234, 37.0959]]], [[[-122.1414, 37.0973], [-122.1424, 37.097], [-122.1414, 37.0965], [-122.1414, 37.0973]]], [[[-122.1337, 37.0974], [-122.134, 37.0969], [-122.133, 37.0966], [-122.133, 37.0972], [-122.1337, 37.0974]]], [[[-122.2225, 37.0955], [-122.2221, 37.0942], [-122.2208, 37.0948], [-122.2208, 37.0953], [-122.2225, 37.0955]]], [[[-122.1482, 37.0966], [-122.1492, 37.0961], [-122.1492, 37.0955], [-122.1478, 37.0961], [-122.1482, 37.0966]]], [[[-122.2269, 37.0952], [-122.2265, 37.0941], [-122.2279, 37.0944], [-122.2279, 37.0938], [-122.2262, 37.0936], [-122.2252, 37.0952], [-122.2269, 37.0952]]], [[[-122.1806, 37.0955], [-122.1802, 37.0942], [-122.1789, 37.0945], [-122.1789, 37.0947], [-122.1806, 37.0955]]], [[[-122.1576, 37.0959], [-122.1579, 37.0948], [-122.1566, 37.0943], [-122.1559, 37.0957], [-122.1576, 37.0959]]], [[[-122.1735, 37.0948], [-122.1738, 37.0943], [-122.1728, 37.094], [-122.1725, 37.0946], [-122.1735, 37.0948]]], [[[-122.1549, 37.0949], [-122.1559, 37.0943], [-122.1552, 37.0941], [-122.1549, 37.0949]]], [[[-122.1491, 37.0945], [-122.1484, 37.0937], [-122.1471, 37.094], [-122.1474, 37.0945], [-122.1491, 37.0945]]], [[[-122.2245, 37.0942], [-122.2245, 37.0936], [-122.2255, 37.0936], [-122.2245, 37.0928], [-122.2248, 37.0923], [-122.2231, 37.0923], [-122.2228, 37.0928], [-122.2235, 37.0928], [-122.2242, 37.0936], [-122.2235, 37.0942], [-122.2245, 37.0942]], [[-122.2238, 37.0926], [-122.2235, 37.0928], [-122.2235, 37.0926], [-122.2238, 37.0926]]], [[[-122.2198, 37.0945], [-122.2201, 37.0937], [-122.2221, 37.0937], [-122.2221, 37.0918], [-122.2191, 37.0929], [-122.2188, 37.094], [-122.2198, 37.0945]]], [[[-122.1515, 37.0939], [-122.1515, 37.0933], [-122.1501, 37.0934], [-122.1505, 37.0939], [-122.1515, 37.0939]]], [[[-122.1461, 37.0937], [-122.146, 37.0929], [-122.145, 37.0929], [-122.1454, 37.0937], [-122.1461, 37.0937]]], [[[-122.2373, 37.0923], [-122.238, 37.0917], [-122.2386, 37.0909], [-122.2376, 37.0909], [-122.2373, 37.0923]]], [[[-122.1531, 37.093], [-122.1531, 37.092], [-122.1524, 37.092], [-122.1525, 37.0925], [-122.1531, 37.093]]], [[[-122.1768, 37.0923], [-122.1775, 37.0921], [-122.1774, 37.0915], [-122.1761, 37.0915], [-122.1768, 37.0923]]], [[[-122.1464, 37.094], [-122.1474, 37.0931], [-122.1467, 37.0929], [-122.1477, 37.0921], [-122.146, 37.0921], [-122.1464, 37.094]]], [[[-122.1673, 37.092], [-122.168, 37.0912], [-122.166, 37.0917], [-122.166, 37.092], [-122.1673, 37.092]]], [[[-122.2538, 37.0909], [-122.2541, 37.0893], [-122.2521, 37.0896], [-122.2535, 37.0904], [-122.2532, 37.0909], [-122.2538, 37.0909]]], [[[-122.1788, 37.092], [-122.1795, 37.0909], [-122.1771, 37.091], [-122.1774, 37.0915], [-122.1788, 37.092]]], [[[-122.2403, 37.0912], [-122.2406, 37.0906], [-122.243, 37.0898], [-122.2416, 37.0895], [-122.2416, 37.0901], [-122.241, 37.0901], [-122.2413, 37.0893], [-122.2403, 37.0893], [-122.2406, 37.0898], [-122.2393, 37.0909], [-122.2403, 37.0912]], [[-122.241, 37.0901], [-122.2406, 37.0903], [-122.2406, 37.0901], [-122.241, 37.0901]]], [[[-122.1691, 37.1187], [-122.1694, 37.1181], [-122.1704, 37.1184], [-122.1704, 37.1173], [-122.1718, 37.1178], [-122.1734, 37.117], [-122.1731, 37.1159], [-122.171, 37.1157], [-122.171, 37.1151], [-122.172, 37.1151], [-122.172, 37.1146], [-122.171, 37.1146], [-122.171, 37.1138], [-122.172, 37.1135], [-122.1724, 37.1146], [-122.1767, 37.1137], [-122.1774, 37.1126], [-122.1767, 37.1121], [-122.1783, 37.1107], [-122.177, 37.1099], [-122.1769, 37.1091], [-122.179, 37.1093], [-122.1783, 37.1085], [-122.1785, 37.1063], [-122.1796, 37.1063], [-122.1793, 37.1074], [-122.18, 37.1082], [-122.1803, 37.1077], [-122.181, 37.1082], [-122.1833, 37.1076], [-122.183, 37.1068], [-122.1836, 37.1068], [-122.1836, 37.106], [-122.1846, 37.1054], [-122.1842, 37.1044], [-122.1863, 37.104], [-122.1866, 37.1032], [-122.1852, 37.103], [-122.1852, 37.1019], [-122.1849, 37.1027], [-122.1835, 37.1025], [-122.1832, 37.103], [-122.1821, 37.1022], [-122.1841, 37.1011], [-122.1841, 37.0998], [-122.1851, 37.0997], [-122.1844, 37.0987], [-122.1861, 37.0995], [-122.1858, 37.1003], [-122.1865, 37.1003], [-122.1864, 37.0986], [-122.1857, 37.0981], [-122.1837, 37.0984], [-122.184, 37.0973], [-122.1827, 37.0966], [-122.1823, 37.0971], [-122.181, 37.0969], [-122.1813, 37.0979], [-122.18, 37.0971], [-122.179, 37.0974], [-122.1789, 37.0958], [-122.1772, 37.0953], [-122.1763, 37.0972], [-122.1773, 37.0977], [-122.1783, 37.0972], [-122.1786, 37.0977], [-122.1773, 37.0985], [-122.1777, 37.0999], [-122.1767, 37.1004], [-122.177, 37.101], [-122.1784, 37.1007], [-122.1781, 37.1012], [-122.1787, 37.1012], [-122.1802, 37.1044], [-122.1795, 37.1044], [-122.1795, 37.1034], [-122.1781, 37.1026], [-122.1778, 37.1039], [-122.1771, 37.1039], [-122.1782, 37.1045], [-122.1782, 37.1053], [-122.1772, 37.1056], [-122.1778, 37.1047], [-122.1768, 37.1048], [-122.1762, 37.1059], [-122.1772, 37.1066], [-122.1762, 37.1072], [-122.1758, 37.1059], [-122.1738, 37.1062], [-122.1738, 37.1051], [-122.1724, 37.1043], [-122.1734, 37.104], [-122.1748, 37.1048], [-122.1761, 37.1042], [-122.1758, 37.1037], [-122.1744, 37.104], [-122.1761, 37.1018], [-122.1733, 37.0997], [-122.1743, 37.0991], [-122.1733, 37.0989], [-122.1726, 37.0994], [-122.1722, 37.0986], [-122.1671, 37.0974], [-122.1678, 37.0966], [-122.1709, 37.0981], [-122.1729, 37.0984], [-122.1736, 37.0978], [-122.1736, 37.0983], [-122.1759, 37.0983], [-122.1759, 37.0961], [-122.1745, 37.0964], [-122.1745, 37.0956], [-122.1732, 37.0962], [-122.1732, 37.0951], [-122.1684, 37.0952], [-122.1698, 37.0946], [-122.1697, 37.0936], [-122.1677, 37.0933], [-122.1666, 37.0923], [-122.165, 37.0923], [-122.1649, 37.0915], [-122.1632, 37.0904], [-122.1612, 37.0905], [-122.1589, 37.0929], [-122.1589, 37.0943], [-122.1596, 37.0943], [-122.1596, 37.0945], [-122.1606, 37.0945], [-122.1603, 37.0951], [-122.161, 37.0953], [-122.1596, 37.0951], [-122.159, 37.0954], [-122.16, 37.0962], [-122.1603, 37.0956], [-122.1613, 37.0961], [-122.163, 37.0958], [-122.1627, 37.0966], [-122.1637, 37.0972], [-122.1621, 37.0972], [-122.1607, 37.0964], [-122.158, 37.0973], [-122.1563, 37.0968], [-122.1563, 37.0973], [-122.158, 37.0981], [-122.1594, 37.0975], [-122.1594, 37.0981], [-122.158, 37.0984], [-122.1587, 37.0992], [-122.1594, 37.0991], [-122.1594, 37.0983], [-122.1601, 37.0989], [-122.1611, 37.0986], [-122.1598, 37.0999], [-122.1614, 37.0996], [-122.1621, 37.1002], [-122.1619, 37.1023], [-122.1635, 37.102], [-122.1642, 37.1028], [-122.1663, 37.1028], [-122.1663, 37.102], [-122.1686, 37.1017], [-122.1679, 37.1022], [-122.1683, 37.1038], [-122.169, 37.1038], [-122.1684, 37.1049], [-122.1704, 37.1065], [-122.1687, 37.1065], [-122.1688, 37.1079], [-122.1674, 37.1079], [-122.1665, 37.1106], [-122.1665, 37.1114], [-122.1672, 37.1114], [-122.1672, 37.1122], [-122.1696, 37.1133], [-122.1693, 37.1138], [-122.1686, 37.1135], [-122.1697, 37.1151], [-122.1683, 37.1149], [-122.1697, 37.116], [-122.1691, 37.1176], [-122.1684, 37.1176], [-122.1691, 37.1187]], [[-122.1721, 37.117], [-122.1718, 37.1173], [-122.1718, 37.117], [-122.1721, 37.117]], [[-122.1697, 37.117], [-122.1694, 37.1173], [-122.1694, 37.117], [-122.1697, 37.117]], [[-122.1724, 37.1167], [-122.1721, 37.117], [-122.1721, 37.1167], [-122.1724, 37.1167]], [[-122.17, 37.1151], [-122.1697, 37.1154], [-122.1697, 37.1151], [-122.17, 37.1151]], [[-122.1707, 37.1146], [-122.17, 37.1151], [-122.17, 37.1143], [-122.1707, 37.1146]], [[-122.174, 37.1137], [-122.1737, 37.114], [-122.1737, 37.1137], [-122.174, 37.1137]], [[-122.1706, 37.1138], [-122.17, 37.1135], [-122.1699, 37.113], [-122.1713, 37.113], [-122.1706, 37.1138]], [[-122.1764, 37.1131], [-122.1753, 37.1126], [-122.1757, 37.1121], [-122.1764, 37.1123], [-122.1764, 37.1131]], [[-122.1737, 37.1132], [-122.1723, 37.1127], [-122.1736, 37.1121], [-122.1739, 37.1105], [-122.1732, 37.11], [-122.1746, 37.1097], [-122.1736, 37.1094], [-122.1739, 37.1086], [-122.1719, 37.1094], [-122.1712, 37.1108], [-122.1709, 37.1097], [-122.1705, 37.11], [-122.1699, 37.1097], [-122.1705, 37.1078], [-122.1719, 37.1092], [-122.1718, 37.1084], [-122.1729, 37.1083], [-122.1732, 37.1073], [-122.1752, 37.1064], [-122.1762, 37.1072], [-122.1762, 37.108], [-122.1752, 37.1083], [-122.1759, 37.1099], [-122.1756, 37.1105], [-122.1746, 37.1102], [-122.175, 37.1118], [-122.1733, 37.1124], [-122.1737, 37.1132]], [[-122.172, 37.1129], [-122.1716, 37.1132], [-122.1716, 37.113], [-122.172, 37.1129]], [[-122.1743, 37.1124], [-122.174, 37.1126], [-122.174, 37.1124], [-122.1743, 37.1124]], [[-122.1753, 37.1121], [-122.175, 37.1124], [-122.175, 37.1121], [-122.1753, 37.1121]], [[-122.1682, 37.1119], [-122.1679, 37.1122], [-122.1679, 37.1119], [-122.1682, 37.1119]], [[-122.1729, 37.1116], [-122.1719, 37.1119], [-122.1719, 37.1113], [-122.1723, 37.1113], [-122.1723, 37.1116], [-122.1729, 37.1116]], [[-122.1679, 37.1114], [-122.1676, 37.1119], [-122.1675, 37.1114], [-122.1679, 37.1114]], [[-122.1726, 37.1108], [-122.1723, 37.1113], [-122.1723, 37.1108], [-122.1726, 37.1108]], [[-122.1675, 37.1111], [-122.1672, 37.1114], [-122.1672, 37.1111], [-122.1675, 37.1111]], [[-122.1777, 37.1104], [-122.177, 37.111], [-122.177, 37.1107], [-122.1777, 37.1104]], [[-122.1766, 37.1107], [-122.1763, 37.111], [-122.1763, 37.1107], [-122.1766, 37.1107]], [[-122.1695, 37.1106], [-122.1692, 37.1111], [-122.1692, 37.1106], [-122.1695, 37.1106]], [[-122.1672, 37.1109], [-122.1669, 37.1112], [-122.1668, 37.1109], [-122.1672, 37.1109]], [[-122.1675, 37.1103], [-122.1672, 37.1106], [-122.1672, 37.1103], [-122.1675, 37.1103]], [[-122.1782, 37.1077], [-122.1779, 37.108], [-122.1779, 37.1077], [-122.1782, 37.1077]], [[-122.1826, 37.1074], [-122.1823, 37.1076], [-122.1823, 37.1074], [-122.1826, 37.1074]], [[-122.182, 37.1071], [-122.1816, 37.1076], [-122.1813, 37.1071], [-122.182, 37.1071]], [[-122.1829, 37.1065], [-122.1823, 37.1071], [-122.1823, 37.1066], [-122.1829, 37.1065]], [[-122.1806, 37.1069], [-122.1803, 37.1071], [-122.1803, 37.1069], [-122.1806, 37.1069]], [[-122.1823, 37.106], [-122.1802, 37.1063], [-122.1802, 37.105], [-122.1819, 37.1049], [-122.1819, 37.1044], [-122.1822, 37.1044], [-122.1823, 37.106]], [[-122.1711, 37.1059], [-122.1708, 37.1062], [-122.1708, 37.106], [-122.1711, 37.1059]], [[-122.1839, 37.1057], [-122.1833, 37.1057], [-122.1836, 37.1049], [-122.1839, 37.1049], [-122.1839, 37.1057]], [[-122.1829, 37.1055], [-122.1826, 37.1057], [-122.1826, 37.1055], [-122.1829, 37.1055]], [[-122.1795, 37.105], [-122.1789, 37.1055], [-122.1789, 37.1053], [-122.1795, 37.105]], [[-122.1832, 37.1049], [-122.1829, 37.1052], [-122.1829, 37.1049], [-122.1832, 37.1049]], [[-122.1707, 37.1046], [-122.1701, 37.1049], [-122.17, 37.1046], [-122.1707, 37.1046]], [[-122.1825, 37.1044], [-122.1819, 37.1039], [-122.1822, 37.103], [-122.1829, 37.1038], [-122.1825, 37.1044]], [[-122.1815, 37.1036], [-122.1808, 37.1039], [-122.1808, 37.1036], [-122.1815, 37.1036]], [[-122.1697, 37.1038], [-122.1694, 37.1041], [-122.1693, 37.1038], [-122.1697, 37.1038]], [[-122.1704, 37.1035], [-122.17, 37.1038], [-122.17, 37.1035], [-122.1704, 37.1035]], [[-122.1724, 37.103], [-122.172, 37.1035], [-122.172, 37.103], [-122.1724, 37.103]], [[-122.1717, 37.1032], [-122.171, 37.1035], [-122.171, 37.1032], [-122.1717, 37.1032]], [[-122.17, 37.1033], [-122.1697, 37.1035], [-122.1697, 37.1033], [-122.17, 37.1033]], [[-122.1818, 37.1025], [-122.1815, 37.1031], [-122.1815, 37.1025], [-122.1818, 37.1025]], [[-122.173, 37.1029], [-122.1727, 37.1024], [-122.1737, 37.1024], [-122.1737, 37.1027], [-122.173, 37.1029]], [[-122.1805, 37.1025], [-122.1794, 37.1017], [-122.1801, 37.1009], [-122.1804, 37.1009], [-122.1805, 37.1025]], [[-122.1713, 37.1019], [-122.1707, 37.1024], [-122.1707, 37.1022], [-122.1713, 37.1019]], [[-122.1686, 37.1022], [-122.1683, 37.1025], [-122.1683, 37.1022], [-122.1686, 37.1022]], [[-122.1652, 37.102], [-122.1649, 37.1025], [-122.1649, 37.102], [-122.1652, 37.102]], [[-122.1825, 37.1011], [-122.1815, 37.102], [-122.1808, 37.1009], [-122.1825, 37.1011]], [[-122.174, 37.1016], [-122.1737, 37.1018], [-122.1737, 37.1016], [-122.174, 37.1016]], [[-122.1713, 37.1016], [-122.1706, 37.1014], [-122.1706, 37.0997], [-122.1719, 37.0989], [-122.1713, 37.1016]], [[-122.1669, 37.1017], [-122.1662, 37.1017], [-122.1659, 37.1009], [-122.1662, 37.0998], [-122.1669, 37.1006], [-122.1682, 37.1006], [-122.1679, 37.1014], [-122.1666, 37.1009], [-122.1669, 37.1017]], [[-122.1659, 37.1012], [-122.1652, 37.1017], [-122.1652, 37.1015], [-122.1659, 37.1012]], [[-122.1703, 37.1011], [-122.17, 37.1014], [-122.1699, 37.1011], [-122.1703, 37.1011]], [[-122.1655, 37.1009], [-122.1652, 37.1012], [-122.1652, 37.1009], [-122.1655, 37.1009]], [[-122.1804, 37.1006], [-122.1791, 37.1007], [-122.1791, 37.1004], [-122.1801, 37.1001], [-122.1804, 37.1006]], [[-122.1635, 37.1004], [-122.1632, 37.1007], [-122.1632, 37.1004], [-122.1635, 37.1004]], [[-122.1692, 37.1], [-122.1689, 37.1003], [-122.1689, 37.1], [-122.1692, 37.1]], [[-122.1679, 37.1003], [-122.1672, 37.1001], [-122.1675, 37.0995], [-122.1679, 37.0995], [-122.1679, 37.1003]], [[-122.1645, 37.1001], [-122.1642, 37.1004], [-122.1642, 37.1001], [-122.1645, 37.1001]], [[-122.1699, 37.0995], [-122.1692, 37.1], [-122.1692, 37.0995], [-122.1699, 37.0995]], [[-122.1689, 37.0995], [-122.1686, 37.1001], [-122.1685, 37.0995], [-122.1689, 37.0995]], [[-122.1642, 37.0999], [-122.1635, 37.1001], [-122.1635, 37.0999], [-122.1642, 37.0999]], [[-122.1625, 37.0999], [-122.1621, 37.1002], [-122.1621, 37.0999], [-122.1625, 37.0999]], [[-122.1648, 37.0996], [-122.1645, 37.0999], [-122.1645, 37.0996], [-122.1648, 37.0996]], [[-122.1669, 37.0995], [-122.1655, 37.099], [-122.1658, 37.0969], [-122.1671, 37.0979], [-122.1668, 37.0985], [-122.1675, 37.0985], [-122.1669, 37.0995]], [[-122.1831, 37.0987], [-122.1827, 37.099], [-122.1827, 37.0987], [-122.1831, 37.0987]], [[-122.1614, 37.0975], [-122.1611, 37.0978], [-122.1611, 37.0975], [-122.1614, 37.0975]], [[-122.1587, 37.0973], [-122.1583, 37.0975], [-122.1583, 37.0973], [-122.1587, 37.0973]], [[-122.1698, 37.096], [-122.1695, 37.0963], [-122.1695, 37.096], [-122.1698, 37.096]], [[-122.1634, 37.0961], [-122.163, 37.0964], [-122.163, 37.0961], [-122.1634, 37.0961]], [[-122.1667, 37.0955], [-122.1664, 37.0958], [-122.1664, 37.0955], [-122.1667, 37.0955]], [[-122.163, 37.0945], [-122.1627, 37.0948], [-122.1627, 37.0945], [-122.163, 37.0945]], [[-122.164, 37.0942], [-122.1637, 37.0945], [-122.1637, 37.0942], [-122.164, 37.0942]], [[-122.162, 37.0942], [-122.1616, 37.0945], [-122.1616, 37.0942], [-122.162, 37.0942]], [[-122.1643, 37.0939], [-122.164, 37.0942], [-122.164, 37.0939], [-122.1643, 37.0939]], [[-122.1599, 37.094], [-122.1596, 37.0943], [-122.1596, 37.094], [-122.1599, 37.094]], [[-122.164, 37.0934], [-122.1637, 37.0939], [-122.1636, 37.0934], [-122.164, 37.0934]], [[-122.1603, 37.0937], [-122.1599, 37.094], [-122.1599, 37.0937], [-122.1603, 37.0937]], [[-122.1633, 37.0934], [-122.163, 37.0937], [-122.163, 37.0934], [-122.1633, 37.0934]], [[-122.1616, 37.0932], [-122.1613, 37.0934], [-122.1613, 37.0932], [-122.1616, 37.0932]], [[-122.1636, 37.0929], [-122.1629, 37.0929], [-122.1626, 37.0923], [-122.1633, 37.0923], [-122.1636, 37.0929]], [[-122.1629, 37.0918], [-122.1623, 37.0923], [-122.1622, 37.0918], [-122.1629, 37.0918]], [[-122.1625, 37.0907], [-122.1622, 37.091], [-122.1622, 37.0907], [-122.1625, 37.0907]]], [[[-122.1727, 37.0919], [-122.173, 37.0908], [-122.172, 37.0903], [-122.172, 37.0916], [-122.1727, 37.0919]]], [[[-122.192, 37.091], [-122.1916, 37.0905], [-122.1906, 37.0907], [-122.1882, 37.09], [-122.1896, 37.091], [-122.192, 37.091]]], [[[-122.1494, 37.0937], [-122.1514, 37.0917], [-122.1507, 37.0907], [-122.15, 37.0907], [-122.1507, 37.0912], [-122.1501, 37.0923], [-122.1491, 37.092], [-122.1477, 37.0929], [-122.1494, 37.0937]], [[-122.1494, 37.0931], [-122.1491, 37.0934], [-122.1491, 37.0931], [-122.1494, 37.0931]]], [[[-122.1866, 37.0908], [-122.1869, 37.09], [-122.1855, 37.0903], [-122.1855, 37.0906], [-122.1866, 37.0908]]], [[[-122.2004, 37.0911], [-122.2004, 37.09], [-122.2007, 37.0895], [-122.1997, 37.09], [-122.2001, 37.0908], [-122.1994, 37.0908], [-122.2004, 37.0911]]], [[[-122.1774, 37.0907], [-122.1781, 37.0902], [-122.1794, 37.0904], [-122.1798, 37.0896], [-122.1784, 37.0891], [-122.1784, 37.0899], [-122.1767, 37.0902], [-122.1774, 37.0907]]], [[[-122.2436, 37.0892], [-122.2457, 37.0892], [-122.2449, 37.0876], [-122.2436, 37.0892]]], [[[-122.2402, 37.0887], [-122.2409, 37.0885], [-122.2405, 37.0874], [-122.2399, 37.0879], [-122.2402, 37.0887]]], [[[-122.1572, 37.0932], [-122.1578, 37.0916], [-122.1585, 37.0913], [-122.1589, 37.0919], [-122.1595, 37.0913], [-122.1595, 37.0897], [-122.1584, 37.0884], [-122.1567, 37.0884], [-122.1572, 37.0919], [-122.1558, 37.0922], [-122.1558, 37.0927], [-122.1572, 37.0932]], [[-122.1585, 37.0905], [-122.1575, 37.0913], [-122.1578, 37.0905], [-122.1585, 37.0905]], [[-122.1588, 37.09], [-122.1581, 37.0903], [-122.1581, 37.09], [-122.1588, 37.09]], [[-122.1578, 37.0895], [-122.1574, 37.0897], [-122.1574, 37.0895], [-122.1578, 37.0895]]], [[[-122.2074, 37.0883], [-122.2078, 37.0875], [-122.2057, 37.0878], [-122.2064, 37.0883], [-122.2074, 37.0883]]], [[[-122.1682, 37.0887], [-122.1682, 37.0879], [-122.1675, 37.0879], [-122.1676, 37.0887], [-122.1682, 37.0887]]], [[[-122.1236, 37.0895], [-122.1229, 37.0887], [-122.1219, 37.089], [-122.1226, 37.0895], [-122.1236, 37.0895]]], [[[-122.2068, 37.0896], [-122.2071, 37.0888], [-122.2054, 37.088], [-122.2057, 37.0869], [-122.2044, 37.0878], [-122.2037, 37.0873], [-122.2003, 37.0876], [-122.2017, 37.0884], [-122.203, 37.0883], [-122.2048, 37.0889], [-122.2048, 37.0891], [-122.2051, 37.0891], [-122.2051, 37.0894], [-122.2054, 37.0894], [-122.2055, 37.0897], [-122.2061, 37.0896], [-122.2061, 37.0891], [-122.2068, 37.0896]], [[-122.2058, 37.0891], [-122.2054, 37.0894], [-122.2054, 37.0891], [-122.2058, 37.0891]], [[-122.2034, 37.0878], [-122.203, 37.0883], [-122.203, 37.0878], [-122.2034, 37.0878]]], [[[-122.2415, 37.0868], [-122.2419, 37.086], [-122.2405, 37.086], [-122.2405, 37.0868], [-122.2415, 37.0868]]], [[[-122.1493, 37.0874], [-122.1496, 37.088], [-122.1503, 37.0874], [-122.1493, 37.0874]]], [[[-122.2023, 37.087], [-122.2023, 37.0865], [-122.2013, 37.0862], [-122.2013, 37.0868], [-122.2023, 37.087]]], [[[-122.201, 37.087], [-122.2009, 37.086], [-122.2003, 37.086], [-122.2, 37.0871], [-122.201, 37.087]]], [[[-122.2216, 37.0867], [-122.2216, 37.0861], [-122.2226, 37.0864], [-122.2233, 37.0861], [-122.2215, 37.0853], [-122.2212, 37.0859], [-122.2216, 37.0867]]], [[[-122.157, 37.0873], [-122.1587, 37.0873], [-122.159, 37.0865], [-122.1573, 37.0862], [-122.157, 37.0873]]], [[[-122.2264, 37.0876], [-122.2263, 37.086], [-122.2284, 37.0873], [-122.228, 37.0863], [-122.2263, 37.0855], [-122.2266, 37.0849], [-122.2243, 37.0863], [-122.225, 37.0871], [-122.2257, 37.0871], [-122.2264, 37.0876]], [[-122.226, 37.0868], [-122.2257, 37.0871], [-122.2257, 37.0868], [-122.226, 37.0868]]], [[[-122.211, 37.0949], [-122.2134, 37.0946], [-122.2123, 37.0944], [-122.2134, 37.0941], [-122.2133, 37.0933], [-122.2113, 37.0931], [-122.2116, 37.092], [-122.2119, 37.092], [-122.212, 37.0925], [-122.2126, 37.0922], [-122.2126, 37.093], [-122.214, 37.093], [-122.214, 37.0938], [-122.2157, 37.0938], [-122.216, 37.0927], [-122.215, 37.0922], [-122.216, 37.0924], [-122.2173, 37.0908], [-122.2169, 37.0894], [-122.2183, 37.0894], [-122.2179, 37.0886], [-122.2193, 37.0886], [-122.2176, 37.0881], [-122.2175, 37.0865], [-122.2195, 37.0862], [-122.2188, 37.0851], [-122.2178, 37.0848], [-122.2162, 37.0868], [-122.2155, 37.0865], [-122.2138, 37.0873], [-122.2139, 37.0881], [-122.2159, 37.0884], [-122.2156, 37.0895], [-122.2149, 37.0889], [-122.2122, 37.0893], [-122.2126, 37.0909], [-122.2133, 37.0909], [-122.2133, 37.0911], [-122.2109, 37.0917], [-122.2106, 37.0928], [-122.2089, 37.0915], [-122.2092, 37.0909], [-122.2075, 37.0907], [-122.2062, 37.0915], [-122.2069, 37.0921], [-122.2062, 37.0926], [-122.2072, 37.0931], [-122.2086, 37.0928], [-122.2079, 37.0934], [-122.2083, 37.0945], [-122.2096, 37.0939], [-122.2113, 37.0944], [-122.211, 37.0949]], [[-122.215, 37.0933], [-122.2144, 37.0935], [-122.2143, 37.0933], [-122.215, 37.0933]], [[-122.2154, 37.093], [-122.215, 37.0933], [-122.215, 37.093], [-122.2154, 37.093]], [[-122.2092, 37.092], [-122.2089, 37.0923], [-122.2089, 37.092], [-122.2092, 37.092]], [[-122.214, 37.0917], [-122.2136, 37.0919], [-122.2136, 37.0917], [-122.214, 37.0917]], [[-122.2123, 37.0917], [-122.2119, 37.092], [-122.2119, 37.0917], [-122.2123, 37.0917]], [[-122.215, 37.0916], [-122.214, 37.0917], [-122.214, 37.0914], [-122.215, 37.0911], [-122.215, 37.0916]], [[-122.2136, 37.0906], [-122.2133, 37.0909], [-122.2133, 37.0906], [-122.2136, 37.0906]], [[-122.2149, 37.09], [-122.2146, 37.0903], [-122.2146, 37.09], [-122.2149, 37.09]], [[-122.2173, 37.0889], [-122.2169, 37.0892], [-122.2169, 37.0889], [-122.2173, 37.0889]], [[-122.2172, 37.0873], [-122.2159, 37.087], [-122.2169, 37.0867], [-122.2172, 37.0873]], [[-122.2148, 37.0873], [-122.2142, 37.0876], [-122.2142, 37.0873], [-122.2148, 37.0873]], [[-122.2175, 37.0859], [-122.2172, 37.0862], [-122.2172, 37.0859], [-122.2175, 37.0859]]], [[[-122.2304, 37.0862], [-122.2307, 37.0851], [-122.2296, 37.0846], [-122.229, 37.0857], [-122.2304, 37.0862]]], [[[-122.2109, 37.0901], [-122.2112, 37.0885], [-122.2125, 37.0879], [-122.2118, 37.0858], [-122.2107, 37.0855], [-122.2111, 37.0847], [-122.2097, 37.0847], [-122.2094, 37.0858], [-122.208, 37.0856], [-122.2091, 37.0863], [-122.2053, 37.0859], [-122.2064, 37.0869], [-122.2081, 37.0866], [-122.2091, 37.0872], [-122.2109, 37.0901]]], [[[-122.1969, 37.085], [-122.1972, 37.0855], [-122.1982, 37.0852], [-122.1969, 37.085]]], [[[-122.1523, 37.0877], [-122.1526, 37.0871], [-122.1519, 37.0858], [-122.1509, 37.0866], [-122.1523, 37.0877]]], [[[-122.2138, 37.0865], [-122.2134, 37.0857], [-122.2144, 37.0852], [-122.2141, 37.0844], [-122.2124, 37.0849], [-122.2128, 37.0865], [-122.2138, 37.0865]]], [[[-122.1253, 37.0868], [-122.1252, 37.086], [-122.1245, 37.0857], [-122.1239, 37.0866], [-122.1253, 37.0868]]], [[[-122.134, 37.0864], [-122.134, 37.0856], [-122.133, 37.0856], [-122.133, 37.0861], [-122.134, 37.0864]]], [[[-122.1215, 37.0869], [-122.1219, 37.0863], [-122.1208, 37.0858], [-122.1209, 37.0866], [-122.1215, 37.0869]]], [[[-122.205, 37.0862], [-122.204, 37.0851], [-122.2067, 37.085], [-122.2066, 37.084], [-122.2063, 37.0845], [-122.2029, 37.0846], [-122.2036, 37.0851], [-122.2026, 37.0857], [-122.205, 37.0862]]], [[[-122.2003, 37.0854], [-122.1999, 37.0849], [-122.2009, 37.0846], [-122.2006, 37.0841], [-122.1989, 37.0852], [-122.2003, 37.0854]]], [[[-122.2134, 37.0844], [-122.2137, 37.0836], [-122.2127, 37.0833], [-122.2124, 37.0844], [-122.2134, 37.0844]]], [[[-122.2242, 37.0844], [-122.2246, 37.0839], [-122.2239, 37.0839], [-122.2238, 37.0828], [-122.2232, 37.0826], [-122.2232, 37.0839], [-122.2242, 37.0844]]], [[[-122.207, 37.085], [-122.2094, 37.0847], [-122.2093, 37.0839], [-122.2103, 37.0836], [-122.21, 37.0831], [-122.2093, 37.0834], [-122.209, 37.0828], [-122.2073, 37.0842], [-122.207, 37.085]], [[-122.2087, 37.0845], [-122.2083, 37.0847], [-122.2083, 37.0845], [-122.2087, 37.0845]]], [[[-122.214, 37.083], [-122.2147, 37.0833], [-122.2157, 37.083], [-122.214, 37.083]]], [[[-122.1586, 37.0843], [-122.1593, 37.0838], [-122.1576, 37.0838], [-122.1576, 37.0841], [-122.1586, 37.0843]]], [[[-122.1985, 37.0841], [-122.1981, 37.0825], [-122.1978, 37.0825], [-122.1972, 37.0836], [-122.1985, 37.0841]]], [[[-122.1201, 37.085], [-122.1208, 37.0847], [-122.1204, 37.0839], [-122.1198, 37.0845], [-122.1201, 37.085]]], [[[-122.2026, 37.0835], [-122.2029, 37.0824], [-122.2015, 37.0827], [-122.2016, 37.0835], [-122.2026, 37.0835]]], [[[-122.212, 37.0822], [-122.213, 37.0825], [-122.213, 37.082], [-122.212, 37.0822]]], [[[-122.2205, 37.0826], [-122.2211, 37.0823], [-122.2208, 37.0815], [-122.2201, 37.0821], [-122.2205, 37.0826]]], [[[-122.207, 37.084], [-122.2073, 37.0826], [-122.2083, 37.0826], [-122.2089, 37.0818], [-122.2076, 37.0818], [-122.2076, 37.0823], [-122.2066, 37.0823], [-122.2056, 37.0832], [-122.207, 37.084]], [[-122.2069, 37.0826], [-122.2066, 37.0829], [-122.2066, 37.0826], [-122.2069, 37.0826]]], [[[-122.2036, 37.0835], [-122.2056, 37.0832], [-122.2045, 37.0813], [-122.2042, 37.0821], [-122.2049, 37.0824], [-122.2035, 37.0824], [-122.2036, 37.0835]]], [[[-122.1677, 37.0823], [-122.1684, 37.083], [-122.1684, 37.082], [-122.1677, 37.0823]]], [[[-122.2063, 37.0824], [-122.2066, 37.0813], [-122.2055, 37.0813], [-122.2056, 37.0821], [-122.2063, 37.0824]]], [[[-122.2093, 37.0823], [-122.2106, 37.0815], [-122.2089, 37.0815], [-122.2096, 37.0817], [-122.2093, 37.0823]]], [[[-122.1552, 37.0827], [-122.1552, 37.0822], [-122.1542, 37.0822], [-122.1542, 37.0828], [-122.1552, 37.0827]]], [[[-122.2015, 37.0827], [-122.2015, 37.0814], [-122.2005, 37.0811], [-122.2005, 37.0819], [-122.2015, 37.0827]]], [[[-122.2184, 37.0819], [-122.2177, 37.0805], [-122.2174, 37.0813], [-122.2163, 37.0805], [-122.2167, 37.0816], [-122.216, 37.0819], [-122.2184, 37.0819]]], [[[-122.1617, 37.0832], [-122.1626, 37.0823], [-122.1616, 37.0824], [-122.1616, 37.0816], [-122.1609, 37.0816], [-122.1617, 37.0832]]], [[[-122.2515, 37.0804], [-122.2515, 37.0799], [-122.2498, 37.0799], [-122.2498, 37.0805], [-122.2515, 37.0804]]], [[[-122.2032, 37.0808], [-122.2038, 37.0808], [-122.2045, 37.0802], [-122.2032, 37.0808]]], [[[-122.1184, 37.0823], [-122.1183, 37.0818], [-122.1177, 37.0815], [-122.1173, 37.0821], [-122.1184, 37.0823]]], [[[-122.1924, 37.081], [-122.1923, 37.0799], [-122.192, 37.0799], [-122.1917, 37.081], [-122.1924, 37.081]]], [[[-122.1957, 37.0809], [-122.1967, 37.0801], [-122.1954, 37.0799], [-122.1957, 37.0809]]], [[[-122.1531, 37.0809], [-122.1531, 37.0804], [-122.1521, 37.0804], [-122.1521, 37.0809], [-122.1531, 37.0809]]], [[[-122.1511, 37.0815], [-122.1511, 37.0809], [-122.1514, 37.0804], [-122.1504, 37.0807], [-122.1511, 37.0815]]], [[[-122.2065, 37.0805], [-122.2109, 37.0804], [-122.2116, 37.0793], [-122.2099, 37.079], [-122.2102, 37.0796], [-122.2065, 37.0799], [-122.2065, 37.0805]], [[-122.2106, 37.0796], [-122.2102, 37.0798], [-122.2102, 37.0796], [-122.2106, 37.0796]]], [[[-122.2484, 37.0791], [-122.2487, 37.0786], [-122.2487, 37.0772], [-122.2477, 37.0786], [-122.2484, 37.0791]]], [[[-122.2359, 37.0804], [-122.2356, 37.0796], [-122.2362, 37.0775], [-122.2352, 37.0796], [-122.2346, 37.0797], [-122.2346, 37.0805], [-122.2359, 37.0804]]], [[[-122.2393, 37.0793], [-122.2396, 37.0785], [-122.2389, 37.0771], [-122.2379, 37.0788], [-122.2386, 37.0788], [-122.2393, 37.0793]], [[-122.2389, 37.0785], [-122.2386, 37.0788], [-122.2386, 37.0785], [-122.2389, 37.0785]]], [[[-122.2261, 37.0782], [-122.226, 37.0774], [-122.225, 37.0777], [-122.2251, 37.0782], [-122.2261, 37.0782]]], [[[-122.2133, 37.0806], [-122.2139, 37.0795], [-122.2153, 37.0798], [-122.2153, 37.0789], [-122.216, 37.0797], [-122.2166, 37.0795], [-122.2146, 37.0773], [-122.2135, 37.0774], [-122.2139, 37.079], [-122.2126, 37.0801], [-122.2133, 37.0806]], [[-122.2149, 37.0781], [-122.2146, 37.0784], [-122.2146, 37.0781], [-122.2149, 37.0781]]], [[[-122.2403, 37.0787], [-122.2413, 37.0785], [-122.2406, 37.0782], [-122.2412, 37.0768], [-122.2402, 37.0769], [-122.2403, 37.0787]]], [[[-122.2349, 37.078], [-122.2355, 37.0775], [-122.2352, 37.0767], [-122.2342, 37.0772], [-122.2349, 37.078]]], [[[-122.2238, 37.0826], [-122.2252, 37.082], [-122.2251, 37.0798], [-122.2258, 37.0793], [-122.2251, 37.0793], [-122.2251, 37.0782], [-122.2244, 37.0785], [-122.223, 37.0766], [-122.223, 37.0785], [-122.2237, 37.0782], [-122.2237, 37.0788], [-122.2227, 37.0793], [-122.2231, 37.0801], [-122.2214, 37.0796], [-122.2217, 37.0804], [-122.2211, 37.081], [-122.2221, 37.0815], [-122.2235, 37.0809], [-122.2238, 37.0826]], [[-122.2241, 37.0815], [-122.2238, 37.0818], [-122.2238, 37.0815], [-122.2241, 37.0815]], [[-122.2245, 37.0809], [-122.2238, 37.0807], [-122.2241, 37.0799], [-122.2248, 37.0801], [-122.2245, 37.0809]], [[-122.2244, 37.0793], [-122.2238, 37.0799], [-122.2234, 37.0793], [-122.2244, 37.0793]]], [[[-122.1943, 37.078], [-122.1943, 37.0774], [-122.1929, 37.0772], [-122.1929, 37.0777], [-122.1943, 37.078]]], [[[-122.2092, 37.0782], [-122.2102, 37.0774], [-122.2098, 37.0766], [-122.2081, 37.0775], [-122.2092, 37.0782]]], [[[-122.2382, 37.0769], [-122.2392, 37.0763], [-122.2385, 37.0761], [-122.2382, 37.0769]]], [[[-122.1494, 37.0807], [-122.1511, 37.0793], [-122.149, 37.0788], [-122.1493, 37.0777], [-122.1473, 37.0778], [-122.1473, 37.0788], [-122.1483, 37.0788], [-122.1484, 37.0804], [-122.1494, 37.0807]], [[-122.149, 37.0791], [-122.1487, 37.0794], [-122.1487, 37.0791], [-122.149, 37.0791]]], [[[-122.225, 37.0771], [-122.225, 37.0766], [-122.2253, 37.0761], [-122.2243, 37.0763], [-122.225, 37.0771]]], [[[-122.2177, 37.0792], [-122.218, 37.0781], [-122.2193, 37.0786], [-122.2183, 37.0778], [-122.2179, 37.0762], [-122.2169, 37.0768], [-122.2173, 37.0781], [-122.2166, 37.0781], [-122.2177, 37.0792]]], [[[-122.2094, 37.0761], [-122.2098, 37.0753], [-122.2087, 37.0747], [-122.2084, 37.0761], [-122.2094, 37.0761]]], [[[-122.2342, 37.0772], [-122.2348, 37.0767], [-122.2348, 37.0756], [-122.2361, 37.0753], [-122.2348, 37.0748], [-122.2351, 37.0743], [-122.2331, 37.0746], [-122.2338, 37.0759], [-122.2325, 37.077], [-122.2342, 37.0772]], [[-122.2338, 37.0767], [-122.2335, 37.077], [-122.2335, 37.0767], [-122.2338, 37.0767]], [[-122.2345, 37.0759], [-122.2341, 37.0764], [-122.2338, 37.0759], [-122.2345, 37.0759]], [[-122.2351, 37.0751], [-122.2348, 37.0753], [-122.2348, 37.0751], [-122.2351, 37.0751]]], [[[-122.148, 37.0772], [-122.1483, 37.0767], [-122.1476, 37.0756], [-122.1473, 37.077], [-122.148, 37.0772]]], [[[-122.2125, 37.0749], [-122.2135, 37.0744], [-122.2128, 37.0741], [-122.2125, 37.0749]]], [[[-122.1493, 37.0769], [-122.1513, 37.0763], [-122.1506, 37.0753], [-122.1486, 37.0756], [-122.1493, 37.0769]]], [[[-122.1919, 37.0767], [-122.1922, 37.0759], [-122.1908, 37.0743], [-122.1905, 37.0756], [-122.1919, 37.0767]]], [[[-122.13, 37.0864], [-122.1296, 37.0859], [-122.1306, 37.0854], [-122.1292, 37.0835], [-122.1302, 37.0827], [-122.1298, 37.0805], [-122.1284, 37.0789], [-122.126, 37.079], [-122.1264, 37.0781], [-122.1267, 37.0781], [-122.1267, 37.0784], [-122.1287, 37.0781], [-122.129, 37.0773], [-122.1284, 37.077], [-122.129, 37.0762], [-122.1277, 37.0765], [-122.1273, 37.0752], [-122.1256, 37.0749], [-122.127, 37.076], [-122.1256, 37.0765], [-122.1253, 37.0773], [-122.1257, 37.0792], [-122.125, 37.0792], [-122.1251, 37.0798], [-122.1257, 37.0795], [-122.1261, 37.0806], [-122.1278, 37.0805], [-122.1275, 37.0816], [-122.1265, 37.0819], [-122.1275, 37.0827], [-122.1265, 37.0849], [-122.1286, 37.0848], [-122.1279, 37.0862], [-122.13, 37.0864]], [[-122.1292, 37.0843], [-122.1286, 37.0843], [-122.1285, 37.0838], [-122.1289, 37.0838], [-122.1292, 37.0843]], [[-122.1295, 37.0819], [-122.1292, 37.0824], [-122.1288, 37.0819], [-122.1295, 37.0819]], [[-122.1298, 37.0816], [-122.1295, 37.0819], [-122.1295, 37.0816], [-122.1298, 37.0816]], [[-122.1291, 37.0811], [-122.1288, 37.0813], [-122.1288, 37.0811], [-122.1291, 37.0811]], [[-122.1284, 37.0803], [-122.1281, 37.0805], [-122.1281, 37.0803], [-122.1284, 37.0803]], [[-122.1291, 37.08], [-122.1288, 37.0803], [-122.1288, 37.08], [-122.1291, 37.08]], [[-122.1271, 37.08], [-122.1268, 37.0803], [-122.1268, 37.08], [-122.1271, 37.08]], [[-122.1274, 37.0797], [-122.1271, 37.08], [-122.1271, 37.0797], [-122.1274, 37.0797]], [[-122.126, 37.0781], [-122.1257, 37.0784], [-122.1257, 37.0782], [-122.126, 37.0781]], [[-122.127, 37.0779], [-122.1267, 37.0781], [-122.1267, 37.0779], [-122.127, 37.0779]], [[-122.1263, 37.0765], [-122.126, 37.0768], [-122.126, 37.0765], [-122.1263, 37.0765]]], [[[-122.2118, 37.0741], [-122.2121, 37.0733], [-122.2104, 37.0739], [-122.2104, 37.0742], [-122.2118, 37.0741]]], [[[-122.1901, 37.0748], [-122.1908, 37.0743], [-122.1908, 37.0737], [-122.1898, 37.074], [-122.1901, 37.0748]]], [[[-122.231, 37.073], [-122.232, 37.0738], [-122.232, 37.0727], [-122.231, 37.073]]], [[[-122.1898, 37.074], [-122.1898, 37.0735], [-122.1891, 37.0732], [-122.1888, 37.0738], [-122.1898, 37.074]]], [[[-122.2246, 37.0731], [-122.2259, 37.0728], [-122.2259, 37.0723], [-122.2249, 37.0723], [-122.2246, 37.0731]]], [[[-122.2114, 37.0733], [-122.2114, 37.0725], [-122.2127, 37.0728], [-122.2127, 37.072], [-122.2107, 37.0723], [-122.211, 37.0728], [-122.2104, 37.0731], [-122.2114, 37.0733]]], [[[-122.2316, 37.0719], [-122.2316, 37.0711], [-122.2313, 37.0711], [-122.2306, 37.0719], [-122.2316, 37.0719]]], [[[-122.1972, 37.0728], [-122.1971, 37.0715], [-122.1965, 37.0715], [-122.1965, 37.0723], [-122.1972, 37.0728]]], [[[-122.1924, 37.0723], [-122.1924, 37.0715], [-122.1917, 37.0716], [-122.1914, 37.0721], [-122.1924, 37.0723]]], [[[-122.1236, 37.0749], [-122.1242, 37.0739], [-122.1228, 37.0728], [-122.1225, 37.0733], [-122.1215, 37.0731], [-122.1215, 37.0744], [-122.1222, 37.0739], [-122.1236, 37.0749]], [[-122.1235, 37.0741], [-122.1232, 37.0744], [-122.1232, 37.0741], [-122.1235, 37.0741]], [[-122.1239, 37.0739], [-122.1235, 37.0741], [-122.1235, 37.0739], [-122.1239, 37.0739]], [[-122.1232, 37.0733], [-122.1229, 37.0736], [-122.1228, 37.0733], [-122.1232, 37.0733]]], [[[-122.1877, 37.0719], [-122.1894, 37.0719], [-122.188, 37.0711], [-122.1877, 37.0719]]], [[[-122.1877, 37.0732], [-122.1874, 37.0724], [-122.1864, 37.0722], [-122.1863, 37.0706], [-122.1856, 37.0703], [-122.1857, 37.073], [-122.1877, 37.0732]], [[-122.187, 37.0727], [-122.1867, 37.073], [-122.1867, 37.0727], [-122.187, 37.0727]], [[-122.1867, 37.0725], [-122.186, 37.0727], [-122.186, 37.0725], [-122.1867, 37.0725]]], [[[-122.1907, 37.0721], [-122.1911, 37.071], [-122.1921, 37.0707], [-122.1914, 37.0702], [-122.1904, 37.0713], [-122.1907, 37.0721]]], [[[-122.1482, 37.074], [-122.1485, 37.0732], [-122.1472, 37.0726], [-122.1458, 37.0708], [-122.1451, 37.0724], [-122.1461, 37.0727], [-122.1462, 37.0735], [-122.1482, 37.074]]], [[[-122.1894, 37.0711], [-122.19, 37.07], [-122.188, 37.07], [-122.188, 37.0708], [-122.1894, 37.0711]], [[-122.1893, 37.0702], [-122.189, 37.0705], [-122.189, 37.0703], [-122.1893, 37.0702]]], [[[-122.1934, 37.0704], [-122.1941, 37.0699], [-122.1934, 37.0694], [-122.1934, 37.0704]]], [[[-122.1877, 37.0705], [-122.188, 37.0695], [-122.187, 37.0695], [-122.1866, 37.0706], [-122.1877, 37.0705]]], [[[-122.1917, 37.0697], [-122.192, 37.0691], [-122.191, 37.0689], [-122.1907, 37.0694], [-122.1917, 37.0697]]], [[[-122.1481, 37.0705], [-122.1484, 37.0699], [-122.1467, 37.0697], [-122.1471, 37.0702], [-122.1481, 37.0705]]], [[[-122.1964, 37.069], [-122.1964, 37.0685], [-122.1954, 37.068], [-122.195, 37.0685], [-122.1964, 37.069]]], [[[-122.1927, 37.0686], [-122.1944, 37.0683], [-122.1927, 37.068], [-122.1927, 37.0686]]], [[[-122.1903, 37.0689], [-122.1903, 37.0678], [-122.19, 37.0683], [-122.1893, 37.0681], [-122.1903, 37.0689]]], [[[-122.1876, 37.0681], [-122.1889, 37.0684], [-122.1889, 37.0678], [-122.1876, 37.0681]]], [[[-122.1468, 37.0702], [-122.1461, 37.0694], [-122.1463, 37.0678], [-122.1454, 37.0692], [-122.144, 37.0686], [-122.1447, 37.07], [-122.1468, 37.0702]]], [[[-122.1953, 37.0677], [-122.1953, 37.0669], [-122.194, 37.0672], [-122.1943, 37.0677], [-122.1953, 37.0677]]], [[[-122.2241, 37.068], [-122.2254, 37.0669], [-122.2247, 37.0661], [-122.2237, 37.0674], [-122.2227, 37.0675], [-122.2241, 37.068]]], [[[-122.1977, 37.0674], [-122.1987, 37.0666], [-122.1974, 37.0669], [-122.1977, 37.0674]]], [[[-122.148, 37.068], [-122.1484, 37.0672], [-122.1463, 37.067], [-122.1463, 37.0675], [-122.148, 37.068]]], [[[-122.192, 37.0672], [-122.1923, 37.0661], [-122.1912, 37.0659], [-122.1916, 37.0667], [-122.1906, 37.0673], [-122.192, 37.0672]]], [[[-122.1454, 37.0686], [-122.1446, 37.0665], [-122.1439, 37.0665], [-122.144, 37.0684], [-122.1454, 37.0686]]], [[[-122.1967, 37.0666], [-122.1983, 37.066], [-122.1983, 37.0655], [-122.1966, 37.0653], [-122.196, 37.0661], [-122.1967, 37.0666]]], [[[-122.146, 37.067], [-122.146, 37.0664], [-122.1449, 37.0662], [-122.145, 37.0667], [-122.146, 37.067]]], [[[-122.1997, 37.0663], [-122.1997, 37.0655], [-122.199, 37.0652], [-122.1987, 37.0658], [-122.1997, 37.0663]]], [[[-122.2024, 37.066], [-122.2031, 37.0654], [-122.2027, 37.0649], [-122.202, 37.0652], [-122.2024, 37.066]]], [[[-122.1912, 37.0659], [-122.1929, 37.0645], [-122.1925, 37.064], [-122.1909, 37.0654], [-122.1912, 37.0659]]], [[[-122.1963, 37.0653], [-122.1963, 37.0642], [-122.1952, 37.0637], [-122.1949, 37.0645], [-122.1959, 37.0647], [-122.1953, 37.0653], [-122.1963, 37.0653]]], [[[-122.224, 37.065], [-122.225, 37.0645], [-122.2256, 37.0631], [-122.2223, 37.0642], [-122.224, 37.065]], [[-122.2246, 37.0642], [-122.2243, 37.0645], [-122.2243, 37.0642], [-122.2246, 37.0642]], [[-122.2236, 37.0642], [-122.223, 37.0645], [-122.223, 37.0642], [-122.2236, 37.0642]]], [[[-122.1973, 37.0642], [-122.1983, 37.0639], [-122.1979, 37.0631], [-122.1966, 37.0636], [-122.1973, 37.0642]]], [[[-122.2365, 37.0634], [-122.2364, 37.0623], [-122.2354, 37.0621], [-122.2354, 37.0632], [-122.2365, 37.0634]]], [[[-122.1898, 37.0643], [-122.1902, 37.0638], [-122.1901, 37.0624], [-122.1894, 37.0624], [-122.1895, 37.0635], [-122.1888, 37.063], [-122.1888, 37.064], [-122.1895, 37.0638], [-122.1898, 37.0643]]], [[[-122.1936, 37.0656], [-122.1936, 37.0648], [-122.1946, 37.065], [-122.1946, 37.0639], [-122.1935, 37.0637], [-122.1942, 37.0629], [-122.1922, 37.0629], [-122.1922, 37.0624], [-122.1911, 37.0621], [-122.1912, 37.0643], [-122.1925, 37.0632], [-122.1935, 37.064], [-122.1929, 37.0645], [-122.1929, 37.0656], [-122.1936, 37.0656]]], [[[-122.202, 37.0627], [-122.2019, 37.0619], [-122.2016, 37.0625], [-122.2006, 37.0619], [-122.2009, 37.0627], [-122.202, 37.0627]]], [[[-122.1986, 37.0625], [-122.1992, 37.0617], [-122.1979, 37.0614], [-122.1979, 37.062], [-122.1986, 37.0625]]], [[[-122.1938, 37.0623], [-122.1938, 37.0615], [-122.1925, 37.0618], [-122.1925, 37.0621], [-122.1938, 37.0623]]], [[[-122.2165, 37.0616], [-122.2161, 37.0608], [-122.2158, 37.0608], [-122.2154, 37.0617], [-122.2165, 37.0616]]], [[[-122.2002, 37.0617], [-122.2006, 37.0609], [-122.1989, 37.0612], [-122.1992, 37.0617], [-122.2002, 37.0617]]], [[[-122.1904, 37.0619], [-122.1908, 37.0613], [-122.1897, 37.0611], [-122.1898, 37.0616], [-122.1904, 37.0619]]], [[[-122.2236, 37.0631], [-122.2236, 37.0618], [-122.2229, 37.0621], [-122.2232, 37.0612], [-122.2222, 37.0607], [-122.2232, 37.0599], [-122.2225, 37.0594], [-122.2202, 37.0613], [-122.2215, 37.0613], [-122.2222, 37.0629], [-122.2236, 37.0631]], [[-122.2222, 37.061], [-122.2219, 37.0613], [-122.2219, 37.061], [-122.2222, 37.061]]], [[[-122.1945, 37.0618], [-122.1951, 37.0601], [-122.1938, 37.0604], [-122.1928, 37.0599], [-122.1924, 37.0605], [-122.1934, 37.0605], [-122.1935, 37.061], [-122.1925, 37.061], [-122.1925, 37.0615], [-122.1938, 37.0613], [-122.1945, 37.0618]], [[-122.1945, 37.0607], [-122.1941, 37.0612], [-122.1941, 37.0607], [-122.1945, 37.0607]]], [[[-122.2198, 37.0597], [-122.2201, 37.0583], [-122.2191, 37.0584], [-122.2198, 37.0597]]], [[[-122.2225, 37.0588], [-122.2231, 37.0577], [-122.2207, 37.0575], [-122.2204, 37.0586], [-122.2225, 37.0588]], [[-122.2211, 37.058], [-122.2208, 37.0583], [-122.2208, 37.0581], [-122.2211, 37.058]]], [[[-122.1988, 37.0585], [-122.1998, 37.0576], [-122.1984, 37.0571], [-122.1988, 37.0585]]], [[[-122.2048, 37.057], [-122.2059, 37.0575], [-122.2058, 37.0567], [-122.2048, 37.057]]], [[[-122.2167, 37.0565], [-122.217, 37.057], [-122.218, 37.0568], [-122.2167, 37.0565]]], [[[-122.2011, 37.0579], [-122.2015, 37.0568], [-122.2004, 37.0565], [-122.2008, 37.0571], [-122.2001, 37.0574], [-122.2011, 37.0579]]], [[[-122.1248, 37.0571], [-122.1261, 37.0571], [-122.1261, 37.0565], [-122.1248, 37.0571]]], [[[-122.2193, 37.0535], [-122.221, 37.0535], [-122.2213, 37.0529], [-122.2193, 37.0535]]], [[[-122.1891, 37.05], [-122.1891, 37.0487], [-122.1907, 37.0481], [-122.19, 37.0478], [-122.1904, 37.047], [-122.1887, 37.0479], [-122.1894, 37.0481], [-122.1884, 37.0492], [-122.1891, 37.05]], [[-122.1897, 37.0476], [-122.1894, 37.0478], [-122.1894, 37.0476], [-122.1897, 37.0476]]], [[[-122.1148, 37.0397], [-122.1151, 37.0392], [-122.1151, 37.0384], [-122.1141, 37.0395], [-122.1148, 37.0397]]], [[[-122.117, 37.0348], [-122.117, 37.0338], [-122.1167, 37.0338], [-122.1164, 37.0349], [-122.117, 37.0348]]], [[[-122.1112, 37.032], [-122.1119, 37.0328], [-122.1119, 37.032], [-122.1112, 37.032]]], [[[-122.1163, 37.0324], [-122.1163, 37.0316], [-122.1153, 37.0316], [-122.1153, 37.0319], [-122.1163, 37.0324]]], [[[-122.1193, 37.0321], [-122.1193, 37.0316], [-122.1203, 37.0318], [-122.1203, 37.031], [-122.1186, 37.0316], [-122.1193, 37.0321]]], [[[-122.1122, 37.0311], [-122.1122, 37.0301], [-122.1112, 37.0298], [-122.1108, 37.0304], [-122.1122, 37.0311]]], [[[-122.1196, 37.0297], [-122.1209, 37.0291], [-122.1202, 37.0288], [-122.1196, 37.0297]]], [[[-122.1122, 37.0298], [-122.1132, 37.0295], [-122.1128, 37.0287], [-122.1118, 37.0293], [-122.1122, 37.0298]]], [[[-122.1108, 37.0293], [-122.1115, 37.0287], [-122.1114, 37.0282], [-122.1104, 37.0288], [-122.1108, 37.0293]]], [[[-122.1229, 37.0283], [-122.1233, 37.0277], [-122.1226, 37.0272], [-122.1222, 37.0277], [-122.1229, 37.0283]]]]}, "properties": {"layer": "high_severity"}}, {"type": "Feature", "geometry": {"type": "MultiPolygon", "coordinates": [[[[-122.2828, 37.2569], [-122.2828, 37.2564], [-122.2818, 37.2564], [-122.2818, 37.2567], [-122.2828, 37.2569]]], [[[-122.2835, 37.2558], [-122.2845, 37.2561], [-122.2865, 37.2555], [-122.2835, 37.2558]]], [[[-122.2912, 37.2549], [-122.2912, 37.2541], [-122.2909, 37.2541], [-122.2906, 37.2549], [-122.2912, 37.2549]]], [[[-122.2776, 37.2519], [-122.2776, 37.2513], [-122.2783, 37.2508], [-122.2769, 37.2511], [-122.2776, 37.2519]]], [[[-122.2816, 37.251], [-122.2813, 37.2505], [-122.2806, 37.2505], [-122.2806, 37.251], [-122.2816, 37.251]]], [[[-122.2823, 37.2507], [-122.2823, 37.2502], [-122.2816, 37.2499], [-122.2813, 37.2505], [-122.2823, 37.2507]]], [[[-122.2728, 37.2506], [-122.2731, 37.2498], [-122.2725, 37.2498], [-122.2728, 37.2506]]], [[[-122.2731, 37.2495], [-122.2734, 37.2482], [-122.2724, 37.2479], [-122.2718, 37.2488], [-122.2731, 37.2495]]], [[[-122.2625, 37.2457], [-122.2638, 37.2432], [-122.2621, 37.2438], [-122.2604, 37.242], [-122.2584, 37.2425], [-122.2604, 37.2444], [-122.2601, 37.2455], [-122.2618, 37.2452], [-122.2625, 37.2457]]], [[[-122.2584, 37.2425], [-122.2587, 37.2412], [-122.257, 37.2412], [-122.2573, 37.2423], [-122.2584, 37.2425]]], [[[-122.2436, 37.2353], [-122.2436, 37.2347], [-122.2425, 37.2345], [-122.2426, 37.2353], [-122.2436, 37.2353]]], [[[-122.3103, 37.234], [-122.3113, 37.2334], [-122.3112, 37.2329], [-122.3099, 37.2332], [-122.3103, 37.234]]], [[[-122.3106, 37.2329], [-122.3102, 37.2321], [-122.3099, 37.2321], [-122.3099, 37.2329], [-122.3106, 37.2329]]], [[[-122.2408, 37.2337], [-122.2405, 37.2332], [-122.2398, 37.2332], [-122.2398, 37.2337], [-122.2408, 37.2337]]], [[[-122.2401, 37.2329], [-122.2398, 37.2324], [-122.2387, 37.2321], [-122.2388, 37.2326], [-122.2401, 37.2329]]], [[[-122.233, 37.2325], [-122.233, 37.2314], [-122.2323, 37.2314], [-122.232, 37.2325], [-122.233, 37.2325]]], [[[-122.2286, 37.232], [-122.2286, 37.2315], [-122.2279, 37.231], [-122.2276, 37.2318], [-122.2286, 37.232]]], [[[-122.2329, 37.2309], [-122.2333, 37.2311], [-122.2336, 37.2309], [-122.2329, 37.2309]]], [[[-122.2346, 37.2298], [-122.2349, 37.23], [-122.2353, 37.2297], [-122.2346, 37.2298]]], [[[-122.2278, 37.2293], [-122.2278, 37.2288], [-122.2268, 37.2288], [-122.2268, 37.2291], [-122.2278, 37.2293]]], [[[-122.2278, 37.228], [-122.2281, 37.2283], [-122.2285, 37.228], [-122.2278, 37.228]]], [[[-122.3015, 37.2255], [-122.3022, 37.2255], [-122.3025, 37.2252], [-122.3015, 37.2255]]], [[[-122.3029, 37.2252], [-122.3039, 37.2244], [-122.3038, 37.223], [-122.3025, 37.2231], [-122.3029, 37.2252]]], [[[-122.2236, 37.2238], [-122.2239, 37.2229], [-122.2236, 37.2229], [-122.2236, 37.2238]]], [[[-122.2415, 37.2221], [-122.2411, 37.2213], [-122.2398, 37.221], [-122.2405, 37.2221], [-122.2415, 37.2221]]], [[[-122.2855, 37.2215], [-122.2848, 37.2199], [-122.2838, 37.2202], [-122.2838, 37.2213], [-122.2848, 37.221], [-122.2855, 37.2215]]], [[[-122.2279, 37.2221], [-122.2289, 37.2218], [-122.2283, 37.2215], [-122.2289, 37.2207], [-122.2279, 37.221], [-122.2279, 37.2221]]], [[[-122.239, 37.2197], [-122.2394, 37.2189], [-122.239, 37.2189], [-122.239, 37.2197]]], [[[-122.2367, 37.2203], [-122.2373, 37.2194], [-122.236, 37.2189], [-122.2367, 37.2203]]], [[[-122.2383, 37.2186], [-122.2387, 37.2189], [-122.239, 37.2186], [-122.2383, 37.2186]]], [[[-122.236, 37.2189], [-122.2353, 37.2179], [-122.2339, 37.2184], [-122.2339, 37.219], [-122.236, 37.2189]]], [[[-122.2722, 37.218], [-122.2725, 37.2172], [-122.2722, 37.2172], [-122.2722, 37.218]]], [[[-122.2885, 37.2187], [-122.2898, 37.2179], [-122.2901, 37.2171], [-122.2887, 37.2169], [-122.2878, 37.2177], [-122.2885, 37.2187]]], [[[-122.2218, 37.2192], [-122.2214, 37.2179], [-122.2204, 37.2179], [-122.2211, 37.2181], [-122.2218, 37.2192]]], [[[-122.2844, 37.2177], [-122.2847, 37.2172], [-122.283, 37.2167], [-122.283, 37.2175], [-122.2844, 37.2177]]], [[[-122.2404, 37.2189], [-122.241, 37.218], [-122.239, 37.2175], [-122.239, 37.2186], [-122.2404, 37.2189]]], [[[-122.2143, 37.2191], [-122.2143, 37.2185], [-122.2146, 37.218], [-122.2136, 37.2183], [-122.2143, 37.2191]]], [[[-122.2722, 37.2172], [-122.2718, 37.2161], [-122.2704, 37.2161], [-122.2705, 37.2169], [-122.2722, 37.2172]]], [[[-122.239, 37.217], [-122.2389, 37.2162], [-122.2376, 37.2165], [-122.2376, 37.217], [-122.239, 37.217]]], [[[-122.2894, 37.2155], [-122.2897, 37.2147], [-122.2887, 37.2147], [-122.2884, 37.2155], [-122.2894, 37.2155]]], [[[-122.2376, 37.2162], [-122.2383, 37.2159], [-122.2376, 37.2157], [-122.2376, 37.2162]]], [[[-122.2414, 37.2178], [-122.2413, 37.2156], [-122.2396, 37.2159], [-122.2396, 37.2154], [-122.2386, 37.2154], [-122.2414, 37.2178]], [[-122.241, 37.2159], [-122.2406, 37.2161], [-122.2406, 37.2159], [-122.241, 37.2159]]], [[[-122.2819, 37.2154], [-122.2819, 37.2148], [-122.2812, 37.2146], [-122.2812, 37.2151], [-122.2819, 37.2154]]], [[[-122.2264, 37.2151], [-122.2267, 37.2153], [-122.2271, 37.2151], [-122.2264, 37.2151]]], [[[-122.2386, 37.2154], [-122.2399, 37.2151], [-122.2399, 37.2145], [-122.2379, 37.2146], [-122.2386, 37.2154]]], [[[-122.2334, 37.2222], [-122.2339, 37.219], [-122.2336, 37.2184], [-122.2323, 37.219], [-122.2322, 37.2179], [-122.2332, 37.2171], [-122.2328, 37.216], [-122.2338, 37.2155], [-122.2331, 37.2141], [-122.2332, 37.2155], [-122.2318, 37.2163], [-122.2311, 37.2158], [-122.2281, 37.2164], [-122.2284, 37.2156], [-122.2271, 37.2156], [-122.2271, 37.2167], [-122.2227, 37.2159], [-122.2227, 37.217], [-122.2241, 37.217], [-122.2241, 37.2181], [-122.2255, 37.2189], [-122.2251, 37.217], [-122.2261, 37.217], [-122.2258, 37.2178], [-122.2268, 37.2178], [-122.2268, 37.2172], [-122.2285, 37.2166], [-122.2285, 37.2175], [-122.2292, 37.2174], [-122.2285, 37.2196], [-122.2299, 37.2188], [-122.2312, 37.2193], [-122.2316, 37.2204], [-122.2326, 37.2203], [-122.2313, 37.2206], [-122.2316, 37.2214], [-122.2323, 37.2222], [-122.2334, 37.2222]], [[-122.233, 37.2214], [-122.2323, 37.2212], [-122.2333, 37.2203], [-122.2333, 37.2209], [-122.233, 37.2214]], [[-122.2319, 37.2171], [-122.2312, 37.2177], [-122.2305, 37.2169], [-122.2319, 37.2171]], [[-122.2298, 37.2174], [-122.2295, 37.2177], [-122.2295, 37.2174], [-122.2298, 37.2174]], [[-122.2302, 37.2166], [-122.2298, 37.2169], [-122.2298, 37.2166], [-122.2302, 37.2166]], [[-122.2291, 37.2164], [-122.2288, 37.2166], [-122.2288, 37.2164], [-122.2291, 37.2164]], [[-122.2234, 37.2162], [-122.223, 37.2165], [-122.223, 37.2162], [-122.2234, 37.2162]]], [[[-122.2575, 37.2153], [-122.2572, 37.2137], [-122.2548, 37.2137], [-122.2569, 37.2153], [-122.2575, 37.2153]]], [[[-122.2369, 37.2146], [-122.2382, 37.214], [-122.2375, 37.2135], [-122.2369, 37.2146]]], [[[-122.2342, 37.2146], [-122.2341, 37.2138], [-122.2345, 37.2136], [-122.2338, 37.2136], [-122.2342, 37.2146]]], [[[-122.2281, 37.215], [-122.2315, 37.2152], [-122.2311, 37.2147], [-122.2325, 37.2147], [-122.2324, 37.2133], [-122.2314, 37.2136], [-122.2314, 37.2144], [-122.2308, 37.2142], [-122.2298, 37.215], [-122.2287, 37.2145], [-122.2281, 37.215]]], [[[-122.224, 37.2143], [-122.2233, 37.2135], [-122.2226, 37.2138], [-122.2226, 37.2141], [-122.224, 37.2143]]], [[[-122.3021, 37.2123], [-122.3021, 37.2117], [-122.3015, 37.2117], [-122.3015, 37.212], [-122.3021, 37.2123]]], [[[-122.2169, 37.215], [-122.2172, 37.2136], [-122.2158, 37.2131], [-122.2162, 37.215], [-122.2169, 37.215]], [[-122.2169, 37.2136], [-122.2165, 37.2139], [-122.2165, 37.2136], [-122.2169, 37.2136]]], [[[-122.2131, 37.214], [-122.2124, 37.2129], [-122.2114, 37.2132], [-122.2114, 37.2137], [-122.2131, 37.214]]], [[[-122.2937, 37.2116], [-122.2943, 37.2116], [-122.2947, 37.2113], [-122.2937, 37.2116]]], [[[-122.3008, 37.2115], [-122.3014, 37.2112], [-122.3008, 37.2109], [-122.3008, 37.2115]]], [[[-122.2287, 37.2123], [-122.229, 37.2126], [-122.2293, 37.2123], [-122.2287, 37.2123]]], [[[-122.2371, 37.2124], [-122.2371, 37.2116], [-122.2368, 37.2116], [-122.2365, 37.2122], [-122.2371, 37.2124]]], [[[-122.2483, 37.2117], [-122.249, 37.2114], [-122.2486, 37.2109], [-122.2479, 37.2111], [-122.2483, 37.2117]]], [[[-122.227, 37.2118], [-122.2269, 37.2113], [-122.2263, 37.2113], [-122.2263, 37.2116], [-122.227, 37.2118]]], [[[-122.2203, 37.2141], [-122.2195, 37.212], [-122.2202, 37.2119], [-122.2205, 37.2111], [-122.2192, 37.2117], [-122.2189, 37.213], [-122.2178, 37.2123], [-122.2172, 37.2128], [-122.2175, 37.2139], [-122.2203, 37.2141]]], [[[-122.2263, 37.211], [-122.2273, 37.2105], [-122.2262, 37.2105], [-122.2263, 37.211]]], [[[-122.2009, 37.212], [-122.2009, 37.211], [-122.1998, 37.211], [-122.1995, 37.2115], [-122.2009, 37.212]]], [[[-122.2269, 37.2102], [-122.2276, 37.2099], [-122.2269, 37.2097], [-122.2269, 37.2102]]], [[[-122.2201, 37.2103], [-122.2208, 37.21], [-122.2201, 37.2098], [-122.2201, 37.2103]]], [[[-122.3, 37.2093], [-122.3003, 37.2085], [-122.301, 37.2082], [-122.299, 37.2086], [-122.299, 37.2094], [-122.3, 37.2093]]], [[[-122.3048, 37.2095], [-122.3048, 37.209], [-122.3061, 37.2084], [-122.3064, 37.2076], [-122.3037, 37.2085], [-122.3048, 37.2095]], [[-122.3044, 37.2084], [-122.3041, 37.2087], [-122.3041, 37.2085], [-122.3044, 37.2084]]], [[[-122.235, 37.2092], [-122.2357, 37.209], [-122.2353, 37.2084], [-122.2347, 37.2087], [-122.235, 37.2092]]], [[[-122.2005, 37.2101], [-122.2015, 37.2085], [-122.1998, 37.208], [-122.1995, 37.2091], [-122.1998, 37.2102], [-122.2005, 37.2101]]], [[[-122.2154, 37.2096], [-122.2157, 37.2082], [-122.2143, 37.2075], [-122.2133, 37.2083], [-122.2126, 37.208], [-122.212, 37.2091], [-122.2154, 37.2096]], [[-122.2143, 37.2085], [-122.214, 37.2088], [-122.214, 37.2085], [-122.2143, 37.2085]], [[-122.2147, 37.2083], [-122.2143, 37.2085], [-122.2143, 37.2083], [-122.2147, 37.2083]]], [[[-122.302, 37.2066], [-122.3016, 37.2058], [-122.3013, 37.2058], [-122.3013, 37.2066], [-122.302, 37.2066]]], [[[-122.236, 37.2084], [-122.2356, 37.2079], [-122.236, 37.2071], [-122.2353, 37.2071], [-122.2346, 37.2079], [-122.236, 37.2084]]], [[[-122.2373, 37.2081], [-122.2366, 37.2068], [-122.236, 37.2068], [-122.2363, 37.2071], [-122.236, 37.2079], [-122.2373, 37.2081]]], [[[-122.2001, 37.2075], [-122.2004, 37.2077], [-122.2008, 37.2074], [-122.2001, 37.2075]]], [[[-122.2103, 37.2083], [-122.2113, 37.2075], [-122.2099, 37.207], [-122.2103, 37.2083]]], [[[-122.2119, 37.2075], [-122.2119, 37.207], [-122.2109, 37.207], [-122.2109, 37.2073], [-122.2119, 37.2075]]], [[[-122.2333, 37.2079], [-122.2346, 37.2076], [-122.2353, 37.2068], [-122.2342, 37.2063], [-122.2329, 37.2066], [-122.2333, 37.2079]]], [[[-122.2976, 37.2062], [-122.2975, 37.2043], [-122.2968, 37.204], [-122.2958, 37.2054], [-122.2976, 37.2062]]], [[[-122.2251, 37.2059], [-122.2258, 37.2054], [-122.2254, 37.2054], [-122.2251, 37.2059]]], [[[-122.3074, 37.207], [-122.308, 37.2059], [-122.3074, 37.206], [-122.3056, 37.2036], [-122.3057, 37.206], [-122.3074, 37.207]]], [[[-122.2085, 37.2068], [-122.2092, 37.2057], [-122.2082, 37.2054], [-122.2075, 37.206], [-122.2071, 37.2054], [-122.2072, 37.2062], [-122.2085, 37.2068]]], [[[-122.2001, 37.2066], [-122.1997, 37.2056], [-122.199, 37.2053], [-122.1987, 37.2064], [-122.2001, 37.2066]]], [[[-122.2261, 37.2054], [-122.2261, 37.2048], [-122.2254, 37.2048], [-122.2254, 37.2051], [-122.2261, 37.2054]]], [[[-122.2765, 37.2047], [-122.2765, 37.2039], [-122.2735, 37.2039], [-122.2735, 37.2045], [-122.2765, 37.2047]]], [[[-122.2762, 37.2036], [-122.2765, 37.203], [-122.2775, 37.2033], [-122.2771, 37.2025], [-122.2748, 37.2028], [-122.2741, 37.2023], [-122.2734, 37.2028], [-122.2734, 37.2036], [-122.2762, 37.2036]], [[-122.2761, 37.2031], [-122.2758, 37.2033], [-122.2758, 37.2031], [-122.2761, 37.2031]]], [[[-122.2748, 37.2023], [-122.2754, 37.202], [-122.2747, 37.2017], [-122.2748, 37.2023]]], [[[-122.2975, 37.2026], [-122.2987, 37.2007], [-122.297, 37.2], [-122.2954, 37.2016], [-122.2975, 37.2026]], [[-122.2981, 37.2013], [-122.2978, 37.2016], [-122.2978, 37.2013], [-122.2981, 37.2013]], [[-122.2977, 37.2005], [-122.2971, 37.201], [-122.2971, 37.2008], [-122.2977, 37.2005]]], [[[-122.2121, 37.2018], [-122.2138, 37.2021], [-122.2135, 37.2015], [-122.2121, 37.2018]]], [[[-122.3032, 37.2031], [-122.3032, 37.2015], [-122.3045, 37.2012], [-122.3055, 37.2017], [-122.3072, 37.2003], [-122.3055, 37.2001], [-122.3042, 37.2009], [-122.3028, 37.1996], [-122.3018, 37.1999], [-122.3025, 37.2012], [-122.3008, 37.2028], [-122.3032, 37.2031]]], [[[-122.3181, 37.2009], [-122.3194, 37.1998], [-122.3194, 37.1992], [-122.318, 37.1995], [-122.3181, 37.2009]]], [[[-122.3194, 37.1992], [-122.32, 37.199], [-122.3193, 37.1987], [-122.3194, 37.1992]]], [[[-122.2108, 37.2029], [-122.2118, 37.2021], [-122.2121, 37.2005], [-122.2094, 37.2008], [-122.2077, 37.2025], [-122.2064, 37.2019], [-122.2071, 37.2027], [-122.2094, 37.2022], [-122.2108, 37.2029]], [[-122.2108, 37.2019], [-122.2097, 37.2016], [-122.2107, 37.2013], [-122.2108, 37.2019]]], [[[-122.2223, 37.2027], [-122.2219, 37.2022], [-122.2236, 37.2019], [-122.2236, 37.2011], [-122.2212, 37.1995], [-122.2209, 37.2006], [-122.2222, 37.2011], [-122.2212, 37.2011], [-122.2209, 37.2022], [-122.2223, 37.2027]]], [[[-122.2178, 37.1993], [-122.2185, 37.1987], [-122.2181, 37.1988], [-122.2178, 37.1993]]], [[[-122.2284, 37.2023], [-122.2287, 37.2004], [-122.2276, 37.2005], [-122.228, 37.1999], [-122.229, 37.2002], [-122.229, 37.1994], [-122.2279, 37.1991], [-122.2283, 37.1986], [-122.2249, 37.1994], [-122.2218, 37.1981], [-122.2215, 37.1992], [-122.2222, 37.1992], [-122.2222, 37.2], [-122.2232, 37.2], [-122.2233, 37.2008], [-122.2236, 37.2008], [-122.2239, 37.2011], [-122.224, 37.2016], [-122.2243, 37.2013], [-122.2253, 37.2013], [-122.226, 37.2024], [-122.227, 37.2018], [-122.2284, 37.2023]], [[-122.2256, 37.2008], [-122.2253, 37.2013], [-122.2253, 37.2008], [-122.2256, 37.2008]], [[-122.2266, 37.2005], [-122.2263, 37.2008], [-122.2263, 37.2005], [-122.2266, 37.2005]], [[-122.2246, 37.2003], [-122.2243, 37.2008], [-122.2239, 37.2003], [-122.2246, 37.2003]], [[-122.2239, 37.2005], [-122.2236, 37.2008], [-122.2236, 37.2005], [-122.2239, 37.2005]], [[-122.2273, 37.2005], [-122.2266, 37.2005], [-122.2266, 37.1999], [-122.2253, 37.1997], [-122.2273, 37.1994], [-122.2273, 37.2005]], [[-122.2279, 37.1991], [-122.2276, 37.1994], [-122.2276, 37.1991], [-122.2279, 37.1991]]], [[[-122.2276, 37.1986], [-122.2279, 37.1978], [-122.2265, 37.1975], [-122.2269, 37.1983], [-122.2276, 37.1986]]], [[[-122.2194, 37.1979], [-122.2194, 37.1974], [-122.2188, 37.1974], [-122.2188, 37.1977], [-122.2194, 37.1979]]], [[[-122.3237, 37.1965], [-122.326, 37.1951], [-122.326, 37.1943], [-122.3233, 37.1959], [-122.322, 37.196], [-122.322, 37.1965], [-122.3237, 37.1965]]], [[[-122.2789, 37.1952], [-122.2782, 37.1944], [-122.2776, 37.1944], [-122.2776, 37.1949], [-122.2789, 37.1952]]], [[[-122.2174, 37.1963], [-122.2177, 37.1955], [-122.2173, 37.1955], [-122.2174, 37.1963]]], [[[-122.2813, 37.194], [-122.2819, 37.1938], [-122.2813, 37.1935], [-122.2813, 37.194]]], [[[-122.2776, 37.1944], [-122.2772, 37.1933], [-122.2762, 37.1931], [-122.2759, 37.1944], [-122.2776, 37.1944]]], [[[-122.2143, 37.1964], [-122.2143, 37.195], [-122.2136, 37.1951], [-122.2143, 37.1945], [-122.2126, 37.1943], [-122.2126, 37.1964], [-122.2143, 37.1964]]], [[[-122.1987, 37.1956], [-122.1984, 37.1945], [-122.197, 37.1946], [-122.198, 37.194], [-122.1949, 37.1938], [-122.1953, 37.1954], [-122.1977, 37.1951], [-122.1987, 37.1956]], [[-122.1967, 37.1943], [-122.196, 37.1946], [-122.196, 37.1943], [-122.1967, 37.1943]]], [[[-122.2024, 37.1939], [-122.2031, 37.1934], [-122.2027, 37.1934], [-122.2024, 37.1939]]], [[[-122.2011, 37.1942], [-122.2017, 37.1939], [-122.2014, 37.1934], [-122.2007, 37.1937], [-122.2011, 37.1942]]], [[[-122.2092, 37.1951], [-122.2102, 37.1948], [-122.2092, 37.1935], [-122.2064, 37.1928], [-122.2061, 37.1944], [-122.2078, 37.1941], [-122.2092, 37.1951]]], [[[-122.3019, 37.1931], [-122.3022, 37.1923], [-122.3005, 37.191], [-122.2988, 37.1918], [-122.2992, 37.1932], [-122.2995, 37.1926], [-122.3002, 37.1926], [-122.3019, 37.1931]], [[-122.3005, 37.1923], [-122.3002, 37.1926], [-122.3002, 37.1923], [-122.3005, 37.1923]], [[-122.3002, 37.1921], [-122.2998, 37.1923], [-122.2998, 37.1921], [-122.3002, 37.1921]], [[-122.3005, 37.1918], [-122.3002, 37.1921], [-122.3002, 37.1918], [-122.3005, 37.1918]]], [[[-122.2234, 37.1927], [-122.223, 37.1922], [-122.2223, 37.1925], [-122.2223, 37.1927], [-122.2234, 37.1927]]], [[[-122.2242, 37.1978], [-122.2235, 37.197], [-122.2238, 37.1973], [-122.2248, 37.197], [-122.2238, 37.1959], [-122.2248, 37.1957], [-122.2252, 37.1967], [-122.2261, 37.1935], [-122.2248, 37.1943], [-122.2244, 37.1938], [-122.2251, 37.1935], [-122.2234, 37.1938], [-122.222, 37.1933], [-122.222, 37.1925], [-122.2206, 37.1922], [-122.2194, 37.1952], [-122.218, 37.1958], [-122.2181, 37.1969], [-122.2194, 37.1974], [-122.2201, 37.1968], [-122.2208, 37.1976], [-122.2225, 37.1971], [-122.2228, 37.1979], [-122.2242, 37.1978]], [[-122.2228, 37.1968], [-122.2218, 37.1968], [-122.2211, 37.1963], [-122.2221, 37.1962], [-122.2221, 37.196], [-122.2228, 37.196], [-122.2228, 37.1968]], [[-122.2197, 37.1966], [-122.2194, 37.1968], [-122.2194, 37.1966], [-122.2197, 37.1966]], [[-122.2208, 37.1965], [-122.2197, 37.1966], [-122.2204, 37.1947], [-122.2214, 37.1955], [-122.2208, 37.1965]], [[-122.2197, 37.1958], [-122.2194, 37.1963], [-122.2194, 37.1958], [-122.2197, 37.1958]], [[-122.2234, 37.196], [-122.2224, 37.1957], [-122.2231, 37.1949], [-122.2238, 37.1951], [-122.2231, 37.1954], [-122.2234, 37.196]], [[-122.2213, 37.1925], [-122.221, 37.1928], [-122.221, 37.1925], [-122.2213, 37.1925]]], [[[-122.2031, 37.1931], [-122.2034, 37.1923], [-122.203, 37.1923], [-122.2031, 37.1931]]], [[[-122.1987, 37.1932], [-122.1986, 37.1921], [-122.1979, 37.1921], [-122.198, 37.1932], [-122.1987, 37.1932]]], [[[-122.2213, 37.1919], [-122.2213, 37.1911], [-122.2206, 37.1911], [-122.2206, 37.192], [-122.2213, 37.1919]]], [[[-122.27, 37.1905], [-122.27, 37.1899], [-122.2693, 37.19], [-122.2693, 37.1902], [-122.27, 37.1905]]], [[[-122.2027, 37.192], [-122.2027, 37.1909], [-122.2023, 37.1912], [-122.2016, 37.191], [-122.2013, 37.1915], [-122.2017, 37.1915], [-122.2017, 37.1918], [-122.202, 37.1918], [-122.202, 37.192], [-122.2027, 37.192]], [[-122.2023, 37.1915], [-122.202, 37.1918], [-122.202, 37.1915], [-122.2023, 37.1915]]], [[[-122.3025, 37.1896], [-122.3031, 37.189], [-122.3028, 37.189], [-122.3025, 37.1896]]], [[[-122.2365, 37.1908], [-122.2365, 37.1903], [-122.2355, 37.1901], [-122.2355, 37.1903], [-122.2365, 37.1908]]], [[[-122.2278, 37.1929], [-122.2284, 37.1921], [-122.2311, 37.1918], [-122.2318, 37.1907], [-122.2291, 37.1918], [-122.2273, 37.1902], [-122.2278, 37.1929]]], [[[-122.2317, 37.1901], [-122.2321, 37.1904], [-122.2324, 37.1901], [-122.2317, 37.1901]]], [[[-122.1963, 37.1935], [-122.1976, 37.1929], [-122.1962, 37.1916], [-122.1965, 37.1905], [-122.1955, 37.1905], [-122.1949, 37.1924], [-122.1963, 37.1924], [-122.1963, 37.1935]]], [[[-122.2805, 37.1895], [-122.2801, 37.1887], [-122.2798, 37.1887], [-122.2798, 37.1895], [-122.2805, 37.1895]]], [[[-122.2199, 37.1912], [-122.2209, 37.1903], [-122.2195, 37.1898], [-122.2199, 37.1912]]], [[[-122.3082, 37.1887], [-122.3089, 37.1884], [-122.3082, 37.1881], [-122.3082, 37.1887]]], [[[-122.1989, 37.1913], [-122.1989, 37.1899], [-122.1986, 37.1899], [-122.1979, 37.1908], [-122.1989, 37.1913]]], [[[-122.2023, 37.1909], [-122.2026, 37.1901], [-122.2016, 37.1899], [-122.2013, 37.1904], [-122.2023, 37.1909]]], [[[-122.2061, 37.1928], [-122.2067, 37.1906], [-122.2029, 37.1896], [-122.2026, 37.1901], [-122.2036, 37.1898], [-122.2037, 37.1907], [-122.205, 37.1909], [-122.2047, 37.1917], [-122.2044, 37.1912], [-122.2037, 37.1915], [-122.204, 37.1923], [-122.2051, 37.1925], [-122.2051, 37.1928], [-122.2061, 37.1928]], [[-122.2054, 37.192], [-122.2051, 37.1925], [-122.2051, 37.192], [-122.2054, 37.192]], [[-122.2057, 37.1909], [-122.2054, 37.1912], [-122.2054, 37.1909], [-122.2057, 37.1909]]], [[[-122.2067, 37.1901], [-122.2067, 37.1895], [-122.2053, 37.1898], [-122.2053, 37.1901], [-122.2067, 37.1901]]], [[[-122.3041, 37.1885], [-122.3048, 37.1879], [-122.3044, 37.1874], [-122.3038, 37.1877], [-122.3041, 37.1885]]], [[[-122.2544, 37.19], [-122.2544, 37.1884], [-122.254, 37.1884], [-122.2531, 37.19], [-122.2544, 37.19]]], [[[-122.3005, 37.1907], [-122.3008, 37.1894], [-122.3018, 37.1891], [-122.3017, 37.1872], [-122.3007, 37.1872], [-122.3004, 37.1883], [-122.2987, 37.1894], [-122.3005, 37.1907]]], [[[-122.2026, 37.1899], [-122.2023, 37.1891], [-122.2013, 37.1893], [-122.2013, 37.1896], [-122.2026, 37.1899]]], [[[-122.2351, 37.1893], [-122.2351, 37.1887], [-122.2341, 37.1882], [-122.2341, 37.189], [-122.2351, 37.1893]]], [[[-122.1979, 37.1905], [-122.1979, 37.1899], [-122.1986, 37.1897], [-122.1992, 37.1899], [-122.1999, 37.1891], [-122.1955, 37.1895], [-122.1955, 37.19], [-122.1969, 37.19], [-122.1965, 37.1905], [-122.1979, 37.1905]]], [[[-122.271, 37.1886], [-122.2713, 37.188], [-122.273, 37.1875], [-122.2706, 37.1878], [-122.271, 37.1886]]], [[[-122.2057, 37.1895], [-122.207, 37.1887], [-122.2049, 37.1885], [-122.205, 37.1893], [-122.2046, 37.1887], [-122.204, 37.1893], [-122.2057, 37.1895]], [[-122.2056, 37.1887], [-122.2053, 37.189], [-122.2053, 37.1887], [-122.2056, 37.1887]]], [[[-122.2077, 37.1892], [-122.2077, 37.1887], [-122.208, 37.1881], [-122.2073, 37.1884], [-122.2077, 37.1892]]], [[[-122.2026, 37.1891], [-122.2033, 37.1885], [-122.2026, 37.1882], [-122.2026, 37.1891]]], [[[-122.2657, 37.1925], [-122.2646, 37.19], [-122.2655, 37.1884], [-122.2638, 37.1868], [-122.2639, 37.1901], [-122.2619, 37.1914], [-122.2657, 37.1925]]], [[[-122.2378, 37.1887], [-122.2385, 37.1884], [-122.2381, 37.1876], [-122.2367, 37.1873], [-122.2378, 37.1887]]], [[[-122.2537, 37.1878], [-122.2533, 37.187], [-122.2526, 37.187], [-122.2527, 37.1876], [-122.2537, 37.1878]]], [[[-122.2313, 37.1882], [-122.231, 37.1869], [-122.2306, 37.1869], [-122.2303, 37.1877], [-122.2313, 37.1882]]], [[[-122.299, 37.1859], [-122.2997, 37.1859], [-122.3, 37.1856], [-122.299, 37.1859]]], [[[-122.2635, 37.1868], [-122.2638, 37.186], [-122.2634, 37.186], [-122.2635, 37.1868]]], [[[-122.2712, 37.1861], [-122.2712, 37.1856], [-122.2702, 37.1859], [-122.2702, 37.1862], [-122.2712, 37.1861]]], [[[-122.2526, 37.1862], [-122.2533, 37.1865], [-122.2533, 37.1859], [-122.2526, 37.1862]]], [[[-122.3061, 37.1868], [-122.3068, 37.1857], [-122.305, 37.1847], [-122.3048, 37.1868], [-122.3061, 37.1868]]], [[[-122.2306, 37.1869], [-122.2309, 37.1858], [-122.2299, 37.1858], [-122.2296, 37.1864], [-122.2306, 37.1869]]], [[[-122.1958, 37.1889], [-122.1968, 37.1883], [-122.1954, 37.1873], [-122.1961, 37.1857], [-122.1937, 37.1862], [-122.1931, 37.1871], [-122.1941, 37.1873], [-122.1934, 37.1876], [-122.1938, 37.1884], [-122.1948, 37.1881], [-122.1958, 37.1889]]], [[[-122.2062, 37.1866], [-122.2079, 37.186], [-122.2079, 37.1854], [-122.2035, 37.1861], [-122.2035, 37.1866], [-122.2042, 37.1861], [-122.2062, 37.1866]]], [[[-122.3172, 37.195], [-122.3185, 37.1933], [-122.3209, 37.193], [-122.3208, 37.1914], [-122.3174, 37.1909], [-122.317, 37.1893], [-122.3197, 37.1884], [-122.3214, 37.1887], [-122.3214, 37.1873], [-122.3196, 37.1863], [-122.3179, 37.1863], [-122.3176, 37.1855], [-122.3202, 37.1841], [-122.3216, 37.1844], [-122.322, 37.1854], [-122.3227, 37.1854], [-122.323, 37.1843], [-122.3243, 37.1838], [-122.3233, 37.183], [-122.3216, 37.1835], [-122.3202, 37.1833], [-122.3192, 37.1836], [-122.3196, 37.1841], [-122.3175, 37.1844], [-122.3149, 37.1875], [-122.3153, 37.1896], [-122.3137, 37.1918], [-122.3147, 37.1921], [-122.3141, 37.1945], [-122.3172, 37.195]], [[-122.3151, 37.1918], [-122.3147, 37.1921], [-122.3147, 37.1918], [-122.3151, 37.1918]]], [[[-122.2109, 37.1943], [-122.2119, 37.1932], [-122.2101, 37.1924], [-122.2108, 37.1921], [-122.2108, 37.1927], [-122.2118, 37.1924], [-122.2122, 37.1929], [-122.2125, 37.1921], [-122.2118, 37.1919], [-122.2132, 37.1913], [-122.2127, 37.1889], [-122.2141, 37.1886], [-122.2133, 37.1853], [-122.213, 37.1862], [-122.212, 37.1864], [-122.2123, 37.1856], [-122.2113, 37.1846], [-122.2096, 37.1849], [-122.2113, 37.1865], [-122.2103, 37.1873], [-122.211, 37.1881], [-122.2107, 37.1892], [-122.2114, 37.1894], [-122.2094, 37.1911], [-122.2098, 37.1924], [-122.2088, 37.193], [-122.2109, 37.1943]], [[-122.2121, 37.1894], [-122.2114, 37.1897], [-122.2114, 37.1894], [-122.2121, 37.1894]], [[-122.212, 37.1856], [-122.2116, 37.1859], [-122.2116, 37.1856], [-122.212, 37.1856]], [[-122.2116, 37.1854], [-122.2113, 37.1857], [-122.2113, 37.1854], [-122.2116, 37.1854]]], [[[-122.2096, 37.1857], [-122.2092, 37.1849], [-122.2079, 37.1849], [-122.2079, 37.1854], [-122.2096, 37.1857]]], [[[-122.3192, 37.1831], [-122.3229, 37.183], [-122.3226, 37.1822], [-122.3192, 37.1831]]], [[[-122.2346, 37.1847], [-122.2356, 37.1838], [-122.2333, 37.1842], [-122.2333, 37.1847], [-122.2346, 37.1847]]], [[[-122.2096, 37.1849], [-122.2099, 37.1843], [-122.2082, 37.1838], [-122.2089, 37.1841], [-122.2086, 37.1846], [-122.2096, 37.1849]]], [[[-122.1954, 37.1854], [-122.1981, 37.1851], [-122.1984, 37.1843], [-122.196, 37.1846], [-122.1957, 37.1841], [-122.1954, 37.1854]]], [[[-122.2143, 37.1942], [-122.2172, 37.1915], [-122.2177, 37.1847], [-122.2166, 37.1834], [-122.216, 37.1842], [-122.2147, 37.1848], [-122.214, 37.1843], [-122.2136, 37.1848], [-122.214, 37.1864], [-122.2144, 37.1864], [-122.2154, 37.1875], [-122.2135, 37.1899], [-122.2138, 37.1913], [-122.2128, 37.1924], [-122.2135, 37.1932], [-122.2129, 37.1937], [-122.2143, 37.1942]], [[-122.2159, 37.1912], [-122.2155, 37.1918], [-122.2155, 37.1912], [-122.2159, 37.1912]], [[-122.2145, 37.1896], [-122.2141, 37.1899], [-122.2141, 37.1896], [-122.2145, 37.1896]], [[-122.2168, 37.1891], [-122.2158, 37.1896], [-122.2161, 37.1885], [-122.2168, 37.1891]], [[-122.2155, 37.1894], [-122.2151, 37.1896], [-122.2151, 37.1894], [-122.2155, 37.1894]], [[-122.2155, 37.1888], [-122.2151, 37.1891], [-122.2151, 37.1888], [-122.2155, 37.1888]], [[-122.2161, 37.1883], [-122.2158, 37.1885], [-122.2158, 37.1883], [-122.2161, 37.1883]], [[-122.2164, 37.1874], [-122.2161, 37.188], [-122.2161, 37.1875], [-122.2164, 37.1874]], [[-122.2171, 37.1874], [-122.2168, 37.1877], [-122.2168, 37.1874], [-122.2171, 37.1874]], [[-122.2171, 37.1866], [-122.2167, 37.1869], [-122.2167, 37.1866], [-122.2171, 37.1866]], [[-122.2167, 37.1864], [-122.2164, 37.1866], [-122.2164, 37.1864], [-122.2167, 37.1864]], [[-122.2157, 37.1861], [-122.2144, 37.1864], [-122.2143, 37.1853], [-122.2147, 37.1853], [-122.2147, 37.1859], [-122.215, 37.1859], [-122.215, 37.1861], [-122.2157, 37.1861]], [[-122.2154, 37.1856], [-122.215, 37.1859], [-122.215, 37.1856], [-122.2154, 37.1856]]], [[[-122.2704, 37.1826], [-122.2704, 37.1821], [-122.2698, 37.1821], [-122.2698, 37.1824], [-122.2704, 37.1826]]], [[[-122.2092, 37.1838], [-122.2099, 37.1832], [-122.2092, 37.183], [-122.2092, 37.1838]]], [[[-122.286, 37.1832], [-122.2856, 37.1813], [-122.285, 37.1813], [-122.2853, 37.1826], [-122.286, 37.1832]]], [[[-122.2461, 37.1836], [-122.2454, 37.1818], [-122.2434, 37.1826], [-122.2437, 37.1832], [-122.2461, 37.1836]]], [[[-122.2765, 37.182], [-122.2779, 37.1814], [-122.2765, 37.1812], [-122.2765, 37.182]]], [[[-122.1943, 37.1833], [-122.1946, 37.1827], [-122.1933, 37.1825], [-122.1933, 37.183], [-122.1943, 37.1833]]], [[[-122.2826, 37.1813], [-122.2832, 37.1808], [-122.2843, 37.181], [-122.2843, 37.1805], [-122.2829, 37.1802], [-122.2826, 37.1813]]], [[[-122.2878, 37.1861], [-122.2952, 37.1835], [-122.2976, 37.1848], [-122.2979, 37.1829], [-122.2972, 37.1832], [-122.2962, 37.1822], [-122.2948, 37.1822], [-122.2948, 37.1808], [-122.2931, 37.1819], [-122.2917, 37.1817], [-122.2917, 37.1801], [-122.291, 37.1801], [-122.2907, 37.1817], [-122.2921, 37.182], [-122.2924, 37.1828], [-122.2915, 37.1836], [-122.2894, 37.1828], [-122.287, 37.1831], [-122.2868, 37.1858], [-122.2878, 37.1861]], [[-122.2934, 37.1822], [-122.2928, 37.1828], [-122.2928, 37.1822], [-122.2934, 37.1822]]], [[[-122.1926, 37.1825], [-122.1932, 37.1819], [-122.1926, 37.1819], [-122.1926, 37.1825]]], [[[-122.2603, 37.1842], [-122.2602, 37.1807], [-122.2592, 37.1804], [-122.2593, 37.1842], [-122.2603, 37.1842]]], [[[-122.3157, 37.1802], [-122.3171, 37.1799], [-122.3147, 37.1794], [-122.3157, 37.1802]]], [[[-122.3039, 37.1801], [-122.3039, 37.1796], [-122.3015, 37.1799], [-122.3015, 37.1802], [-122.3039, 37.1801]]], [[[-122.2081, 37.1814], [-122.2088, 37.1808], [-122.2084, 37.1808], [-122.2081, 37.1814]]], [[[-122.201, 37.1815], [-122.2007, 37.181], [-122.1986, 37.1805], [-122.1986, 37.181], [-122.201, 37.1815]]], [[[-122.2626, 37.1801], [-122.2626, 37.1796], [-122.2619, 37.1793], [-122.2616, 37.1798], [-122.2626, 37.1801]]], [[[-122.2118, 37.1808], [-122.2128, 37.1802], [-122.2118, 37.1802], [-122.2118, 37.1808]]], [[[-122.2423, 37.1808], [-122.2423, 37.1794], [-122.2412, 37.1794], [-122.2416, 37.1808], [-122.2423, 37.1808]]], [[[-122.2791, 37.179], [-122.2791, 37.1784], [-122.2784, 37.1784], [-122.2784, 37.1787], [-122.2791, 37.179]]], [[[-122.2088, 37.18], [-122.2084, 37.1795], [-122.2077, 37.1795], [-122.2081, 37.18], [-122.2088, 37.18]]], [[[-122.3045, 37.1788], [-122.3048, 37.1779], [-122.3038, 37.1774], [-122.3038, 37.1785], [-122.3045, 37.1788]]], [[[-122.2964, 37.1803], [-122.2964, 37.1792], [-122.295, 37.1789], [-122.294, 37.1776], [-122.2923, 37.1774], [-122.2923, 37.1768], [-122.2913, 37.1774], [-122.2916, 37.1779], [-122.2903, 37.1798], [-122.2913, 37.1798], [-122.2913, 37.1787], [-122.2933, 37.1784], [-122.2947, 37.18], [-122.2964, 37.1803]]], [[[-122.2139, 37.1832], [-122.2146, 37.1824], [-122.2156, 37.1826], [-122.2166, 37.1812], [-122.2149, 37.1807], [-122.2141, 37.1783], [-122.2128, 37.1808], [-122.2135, 37.181], [-122.2139, 37.1805], [-122.2142, 37.181], [-122.2129, 37.1816], [-122.2136, 37.1821], [-122.2129, 37.1827], [-122.2139, 37.1832]]], [[[-122.2071, 37.1795], [-122.207, 37.179], [-122.2074, 37.1784], [-122.2064, 37.1787], [-122.2071, 37.1795]]], [[[-122.2879, 37.1791], [-122.2879, 37.1777], [-122.2862, 37.1783], [-122.2852, 37.1775], [-122.2855, 37.177], [-122.2848, 37.177], [-122.2859, 37.1788], [-122.2879, 37.1791]]], [[[-122.1965, 37.1784], [-122.1972, 37.1789], [-122.1972, 37.1781], [-122.1965, 37.1784]]], [[[-122.2753, 37.1861], [-122.2759, 37.1847], [-122.2766, 37.1852], [-122.2769, 37.1844], [-122.2742, 37.1834], [-122.2738, 37.1818], [-122.2745, 37.1809], [-122.2734, 37.1802], [-122.2744, 37.1793], [-122.2754, 37.1796], [-122.2754, 37.179], [-122.2744, 37.1783], [-122.273, 37.1783], [-122.2726, 37.1767], [-122.2692, 37.1765], [-122.2686, 37.1776], [-122.27, 37.1781], [-122.27, 37.1791], [-122.2717, 37.1802], [-122.2708, 37.1821], [-122.2725, 37.1821], [-122.2721, 37.1813], [-122.2731, 37.1821], [-122.2732, 37.1831], [-122.2725, 37.1831], [-122.2729, 37.184], [-122.2735, 37.1837], [-122.2729, 37.1856], [-122.2739, 37.1853], [-122.2753, 37.1861]], [[-122.2749, 37.185], [-122.2742, 37.185], [-122.2742, 37.1845], [-122.2746, 37.1845], [-122.2749, 37.185]], [[-122.2742, 37.1842], [-122.2739, 37.1845], [-122.2739, 37.1842], [-122.2742, 37.1842]], [[-122.2742, 37.1837], [-122.2739, 37.1839], [-122.2739, 37.1837], [-122.2742, 37.1837]], [[-122.2735, 37.1831], [-122.2732, 37.1834], [-122.2732, 37.1831], [-122.2735, 37.1831]], [[-122.2724, 37.1802], [-122.2721, 37.1805], [-122.2721, 37.1802], [-122.2724, 37.1802]], [[-122.2721, 37.1799], [-122.2717, 37.1802], [-122.2717, 37.1799], [-122.2721, 37.1799]], [[-122.2724, 37.1794], [-122.2717, 37.1794], [-122.2717, 37.1786], [-122.272, 37.1786], [-122.2724, 37.1794]], [[-122.2713, 37.1788], [-122.271, 37.1791], [-122.271, 37.1789], [-122.2713, 37.1788]], [[-122.271, 37.1783], [-122.2707, 37.1786], [-122.2707, 37.1783], [-122.271, 37.1783]]], [[[-122.2426, 37.178], [-122.2446, 37.1777], [-122.2446, 37.1772], [-122.2429, 37.1772], [-122.2426, 37.178]]], [[[-122.2341, 37.1782], [-122.2344, 37.1771], [-122.2334, 37.1769], [-122.2334, 37.1782], [-122.2341, 37.1782]]], [[[-122.2402, 37.1797], [-122.2405, 37.177], [-122.2385, 37.1768], [-122.2385, 37.1797], [-122.2402, 37.1797]]], [[[-122.1966, 37.1797], [-122.1958, 37.1778], [-122.1948, 37.1773], [-122.1942, 37.1787], [-122.1948, 37.1784], [-122.1955, 37.1789], [-122.1955, 37.1795], [-122.1966, 37.1797]], [[-122.1959, 37.1786], [-122.1955, 37.1789], [-122.1955, 37.1787], [-122.1959, 37.1786]]], [[[-122.249, 37.1771], [-122.2493, 37.1766], [-122.2479, 37.1763], [-122.2479, 37.1769], [-122.249, 37.1771]]], [[[-122.2501, 37.1814], [-122.2504, 37.1801], [-122.2493, 37.1779], [-122.2483, 37.1779], [-122.2479, 37.1769], [-122.2469, 37.1772], [-122.2462, 37.1761], [-122.2456, 37.1769], [-122.2466, 37.1769], [-122.2466, 37.1777], [-122.248, 37.1777], [-122.2466, 37.178], [-122.2466, 37.1785], [-122.247, 37.1785], [-122.247, 37.179], [-122.248, 37.1796], [-122.2477, 37.1809], [-122.2487, 37.1806], [-122.2501, 37.1814]], [[-122.2476, 37.1782], [-122.247, 37.1785], [-122.247, 37.1782], [-122.2476, 37.1782]]], [[[-122.2923, 37.1763], [-122.2929, 37.1757], [-122.2929, 37.1752], [-122.2916, 37.1755], [-122.2923, 37.1763]]], [[[-122.2604, 37.1766], [-122.2604, 37.1758], [-122.2594, 37.1756], [-122.2594, 37.1766], [-122.2604, 37.1766]]], [[[-122.2479, 37.1763], [-122.2479, 37.1758], [-122.2469, 37.1761], [-122.2469, 37.1763], [-122.2479, 37.1763]]], [[[-122.3207, 37.1776], [-122.3214, 37.1768], [-122.3207, 37.1768], [-122.3203, 37.1757], [-122.3223, 37.1744], [-122.3186, 37.175], [-122.3173, 37.1761], [-122.3173, 37.1774], [-122.3197, 37.1771], [-122.3207, 37.1776]], [[-122.318, 37.1761], [-122.3176, 37.1763], [-122.3176, 37.1761], [-122.318, 37.1761]]], [[[-122.1999, 37.1772], [-122.1999, 37.1764], [-122.1988, 37.1762], [-122.1985, 37.1772], [-122.1999, 37.1772]]], [[[-122.2462, 37.1758], [-122.2472, 37.1755], [-122.2462, 37.175], [-122.2462, 37.1758]]], [[[-122.3091, 37.1749], [-122.3088, 37.1738], [-122.3081, 37.1736], [-122.3085, 37.1749], [-122.3091, 37.1749]]], [[[-122.306, 37.1736], [-122.307, 37.173], [-122.306, 37.1731], [-122.306, 37.1736]]], [[[-122.2665, 37.176], [-122.2672, 37.1751], [-122.2668, 37.1735], [-122.2655, 37.1744], [-122.2661, 37.1746], [-122.2655, 37.1755], [-122.2665, 37.176]]], [[[-122.224, 37.1919], [-122.225, 37.1905], [-122.224, 37.1903], [-122.2236, 37.1889], [-122.2249, 37.1886], [-122.2249, 37.187], [-122.2269, 37.1859], [-122.2296, 37.1861], [-122.2286, 37.1853], [-122.2281, 37.1829], [-122.2271, 37.1824], [-122.2277, 37.181], [-122.227, 37.1794], [-122.228, 37.1778], [-122.227, 37.1773], [-122.2265, 37.1748], [-122.2255, 37.1743], [-122.2249, 37.1746], [-122.2249, 37.1762], [-122.2232, 37.1771], [-122.2233, 37.1789], [-122.2254, 37.1805], [-122.2251, 37.1819], [-122.2272, 37.184], [-122.2268, 37.1848], [-122.2224, 37.1846], [-122.222, 37.1803], [-122.2209, 37.1787], [-122.2199, 37.1787], [-122.2189, 37.1798], [-122.2183, 37.1815], [-122.219, 37.1833], [-122.2177, 37.1842], [-122.218, 37.185], [-122.2184, 37.1844], [-122.2187, 37.185], [-122.2194, 37.1847], [-122.2181, 37.1858], [-122.2194, 37.1858], [-122.2205, 37.1866], [-122.2195, 37.1882], [-122.2209, 37.189], [-122.2199, 37.189], [-122.2199, 37.1895], [-122.2222, 37.1898], [-122.2212, 37.1901], [-122.222, 37.1917], [-122.2233, 37.1914], [-122.223, 37.1919], [-122.224, 37.1919]], [[-122.2215, 37.1887], [-122.2212, 37.189], [-122.2212, 37.1887], [-122.2215, 37.1887]], [[-122.2201, 37.1852], [-122.2198, 37.1855], [-122.2197, 37.1852], [-122.2201, 37.1852]], [[-122.2204, 37.1833], [-122.22, 37.1836], [-122.22, 37.1833], [-122.2204, 37.1833]]], [[[-122.2848, 37.177], [-122.2875, 37.1753], [-122.2885, 37.1756], [-122.2881, 37.1747], [-122.2895, 37.1734], [-122.2844, 37.1745], [-122.2838, 37.1765], [-122.2848, 37.177]]], [[[-122.2096, 37.1754], [-122.2096, 37.1749], [-122.21, 37.1746], [-122.209, 37.1749], [-122.2096, 37.1754]]], [[[-122.2145, 37.1783], [-122.2145, 37.1778], [-122.2158, 37.1777], [-122.2185, 37.1763], [-122.2164, 37.1742], [-122.215, 37.1751], [-122.2154, 37.1756], [-122.2141, 37.1775], [-122.2145, 37.1783]]], [[[-122.1938, 37.1771], [-122.1955, 37.1765], [-122.1954, 37.176], [-122.1944, 37.1762], [-122.1944, 37.1744], [-122.1937, 37.1746], [-122.1938, 37.1771]]], [[[-122.2106, 37.1746], [-122.2106, 37.1738], [-122.2103, 37.1738], [-122.21, 37.1746], [-122.2106, 37.1746]]], [[[-122.1958, 37.1751], [-122.1967, 37.1735], [-122.1954, 37.1733], [-122.1951, 37.1752], [-122.1958, 37.1751]]], [[[-122.1951, 37.1743], [-122.194, 37.173], [-122.192, 37.1731], [-122.1913, 37.1739], [-122.1917, 37.1744], [-122.193, 37.1738], [-122.1951, 37.1743]], [[-122.1927, 37.1733], [-122.1923, 37.1739], [-122.1923, 37.1733], [-122.1927, 37.1733]]], [[[-122.2608, 37.1758], [-122.2601, 37.1747], [-122.2611, 37.1742], [-122.261, 37.1723], [-122.2606, 37.1718], [-122.2586, 37.1718], [-122.259, 37.174], [-122.2608, 37.1758]], [[-122.26, 37.1731], [-122.2597, 37.1734], [-122.2597, 37.1731], [-122.26, 37.1731]], [[-122.26, 37.1726], [-122.2597, 37.1729], [-122.2596, 37.1726], [-122.26, 37.1726]]], [[[-122.2377, 37.1757], [-122.2383, 37.1725], [-122.2373, 37.1722], [-122.2367, 37.1733], [-122.2377, 37.1757]]], [[[-122.2708, 37.1721], [-122.2715, 37.1716], [-122.2708, 37.1713], [-122.2708, 37.1721]]], [[[-122.2042, 37.1747], [-122.2035, 37.1728], [-122.2018, 37.1723], [-122.2025, 37.1739], [-122.2042, 37.1747]]], [[[-122.2018, 37.1742], [-122.2011, 37.1721], [-122.2007, 37.1721], [-122.2008, 37.1734], [-122.2018, 37.1742]]], [[[-122.2692, 37.1757], [-122.2692, 37.1751], [-122.2709, 37.1745], [-122.2692, 37.174], [-122.2688, 37.1732], [-122.2698, 37.1724], [-122.2684, 37.1722], [-122.2684, 37.1708], [-122.267, 37.1708], [-122.2671, 37.1743], [-122.2692, 37.1757]], [[-122.2678, 37.1719], [-122.2674, 37.1722], [-122.2674, 37.1719], [-122.2678, 37.1719]]], [[[-122.3189, 37.1736], [-122.3189, 37.172], [-122.3199, 37.172], [-122.3198, 37.1698], [-122.3144, 37.1715], [-122.3168, 37.1726], [-122.3172, 37.1736], [-122.3178, 37.172], [-122.3185, 37.172], [-122.3179, 37.1736], [-122.3189, 37.1736]], [[-122.3175, 37.1723], [-122.3172, 37.1726], [-122.3172, 37.1723], [-122.3175, 37.1723]]], [[[-122.2099, 37.1722], [-122.2109, 37.173], [-122.2116, 37.1727], [-122.2112, 37.1716], [-122.2099, 37.1722]]], [[[-122.2606, 37.1704], [-122.2609, 37.1707], [-122.2613, 37.1704], [-122.2606, 37.1704]]], [[[-122.2731, 37.1704], [-122.2731, 37.1699], [-122.2718, 37.1699], [-122.2718, 37.1705], [-122.2731, 37.1704]]], [[[-122.2144, 37.1756], [-122.2147, 37.174], [-122.2157, 37.1734], [-122.216, 37.1721], [-122.2167, 37.1721], [-122.2146, 37.1705], [-122.2129, 37.171], [-122.2129, 37.1719], [-122.2113, 37.173], [-122.211, 37.174], [-122.213, 37.1743], [-122.2133, 37.1737], [-122.2144, 37.1756]], [[-122.2126, 37.1735], [-122.2123, 37.1738], [-122.2123, 37.1735], [-122.2126, 37.1735]], [[-122.215, 37.1729], [-122.2147, 37.1732], [-122.2146, 37.1729], [-122.215, 37.1729]]], [[[-122.2005, 37.1759], [-122.2011, 37.1742], [-122.1984, 37.1729], [-122.1997, 37.1716], [-122.1977, 37.1708], [-122.1964, 37.1724], [-122.1977, 37.1732], [-122.1971, 37.1743], [-122.1988, 37.1737], [-122.1991, 37.1743], [-122.1985, 37.1746], [-122.1998, 37.1745], [-122.2005, 37.1759]], [[-122.1998, 37.1737], [-122.1994, 37.174], [-122.1994, 37.1737], [-122.1998, 37.1737]], [[-122.1984, 37.1724], [-122.1974, 37.1724], [-122.1974, 37.1719], [-122.1984, 37.1716], [-122.1984, 37.1724]]], [[[-122.2812, 37.17], [-122.2816, 37.1695], [-122.2792, 37.1693], [-122.2792, 37.1698], [-122.2812, 37.17]]], [[[-122.2379, 37.17], [-122.2376, 37.1695], [-122.2369, 37.1695], [-122.2372, 37.17], [-122.2379, 37.17]]], [[[-122.3028, 37.1685], [-122.3025, 37.168], [-122.3015, 37.168], [-122.3015, 37.1686], [-122.3028, 37.1685]]], [[[-122.2193, 37.1707], [-122.2203, 37.1701], [-122.2203, 37.1696], [-122.2186, 37.1701], [-122.2193, 37.1707]]], [[[-122.2431, 37.1721], [-122.2437, 37.1707], [-122.2447, 37.1704], [-122.2457, 37.1712], [-122.2457, 37.1704], [-122.2413, 37.1689], [-122.2403, 37.1697], [-122.2403, 37.1711], [-122.2431, 37.1721]]], [[[-122.2349, 37.1698], [-122.2355, 37.1693], [-122.2352, 37.1687], [-122.2345, 37.169], [-122.2349, 37.1698]]], [[[-122.3008, 37.168], [-122.3018, 37.1675], [-122.3004, 37.1672], [-122.3008, 37.168]]], [[[-122.2295, 37.1702], [-122.2294, 37.1697], [-122.2277, 37.1683], [-122.2277, 37.1694], [-122.2295, 37.1702]]], [[[-122.2734, 37.1683], [-122.2744, 37.1672], [-122.273, 37.1669], [-122.2734, 37.1683]]], [[[-122.2663, 37.1687], [-122.2673, 37.1676], [-122.2669, 37.1671], [-122.2659, 37.1679], [-122.2663, 37.1687]]], [[[-122.2045, 37.1731], [-122.2052, 37.1723], [-122.2062, 37.1722], [-122.2068, 37.1714], [-122.2082, 37.1722], [-122.2099, 37.1722], [-122.2109, 37.1711], [-122.2123, 37.1721], [-122.2126, 37.171], [-122.2102, 37.1706], [-122.2095, 37.1716], [-122.2082, 37.1714], [-122.2075, 37.1706], [-122.2078, 37.1695], [-122.2105, 37.17], [-122.2098, 37.1692], [-122.2084, 37.1692], [-122.2084, 37.1676], [-122.2074, 37.1674], [-122.2074, 37.1679], [-122.206, 37.1682], [-122.204, 37.1674], [-122.2047, 37.1696], [-122.2034, 37.1704], [-122.2041, 37.1717], [-122.2031, 37.1718], [-122.2031, 37.1726], [-122.2045, 37.1731]], [[-122.2051, 37.172], [-122.2041, 37.172], [-122.2041, 37.1717], [-122.2051, 37.1712], [-122.2051, 37.172]], [[-122.2065, 37.1712], [-122.2058, 37.1717], [-122.2058, 37.1714], [-122.2065, 37.1712]], [[-122.2058, 37.1706], [-122.2055, 37.1712], [-122.2051, 37.1706], [-122.2058, 37.1706]], [[-122.2071, 37.1706], [-122.2065, 37.1709], [-122.2065, 37.1706], [-122.2071, 37.1706]], [[-122.2057, 37.1693], [-122.2054, 37.1696], [-122.2054, 37.1693], [-122.2057, 37.1693]]], [[[-122.2338, 37.1677], [-122.2341, 37.1669], [-122.2338, 37.1669], [-122.2338, 37.1677]]], [[[-122.2416, 37.1678], [-122.2419, 37.167], [-122.2409, 37.1667], [-122.2409, 37.1673], [-122.2416, 37.1678]]], [[[-122.2615, 37.1666], [-122.2615, 37.1658], [-122.2608, 37.1656], [-122.2608, 37.1661], [-122.2615, 37.1666]]], [[[-122.1928, 37.1671], [-122.1935, 37.1668], [-122.1928, 37.1666], [-122.1928, 37.1671]]], [[[-122.2087, 37.1671], [-122.2087, 37.1663], [-122.208, 37.166], [-122.208, 37.1668], [-122.2087, 37.1671]]], [[[-122.2185, 37.1661], [-122.2198, 37.1655], [-122.2185, 37.1653], [-122.2185, 37.1661]]], [[[-122.2165, 37.1658], [-122.2171, 37.1653], [-122.2164, 37.165], [-122.2165, 37.1658]]], [[[-122.208, 37.166], [-122.2083, 37.1652], [-122.2066, 37.165], [-122.2073, 37.1655], [-122.2067, 37.166], [-122.208, 37.166]]], [[[-122.2747, 37.1672], [-122.2747, 37.1658], [-122.2733, 37.165], [-122.275, 37.1647], [-122.2746, 37.1637], [-122.2729, 37.164], [-122.2726, 37.1634], [-122.2709, 37.1635], [-122.2706, 37.1651], [-122.2747, 37.1672]], [[-122.2737, 37.1656], [-122.273, 37.1661], [-122.273, 37.1656], [-122.2737, 37.1656]]], [[[-122.3154, 37.168], [-122.3153, 37.1664], [-122.3177, 37.1663], [-122.3177, 37.1658], [-122.3163, 37.1656], [-122.3135, 37.1626], [-122.3115, 37.1635], [-122.3105, 37.1632], [-122.3102, 37.1641], [-122.3115, 37.1643], [-122.3122, 37.1656], [-122.3143, 37.1661], [-122.3143, 37.1678], [-122.3154, 37.168]], [[-122.3135, 37.1637], [-122.3132, 37.164], [-122.3132, 37.1637], [-122.3135, 37.1637]], [[-122.3129, 37.1637], [-122.3118, 37.1638], [-122.3118, 37.1635], [-122.3128, 37.1632], [-122.3129, 37.1637]]], [[[-122.2378, 37.1668], [-122.2357, 37.1639], [-122.2347, 37.1642], [-122.2351, 37.1652], [-122.2378, 37.1668]], [[-122.2361, 37.1647], [-122.2357, 37.1649], [-122.2357, 37.1647], [-122.2361, 37.1647]]], [[[-122.2689, 37.1662], [-122.2702, 37.1646], [-122.2705, 37.1632], [-122.2679, 37.1654], [-122.2689, 37.1662]]], [[[-122.2137, 37.1643], [-122.2147, 37.1645], [-122.2147, 37.164], [-122.2137, 37.1643]]], [[[-122.2739, 37.1631], [-122.2739, 37.1626], [-122.2732, 37.1626], [-122.2732, 37.1629], [-122.2739, 37.1631]]], [[[-122.257, 37.1635], [-122.257, 37.1629], [-122.256, 37.1632], [-122.256, 37.1635], [-122.257, 37.1635]]], [[[-122.2456, 37.1683], [-122.2452, 37.1634], [-122.2431, 37.1629], [-122.2401, 37.1632], [-122.2404, 37.164], [-122.2395, 37.1649], [-122.2401, 37.1654], [-122.2411, 37.1646], [-122.2432, 37.1648], [-122.2429, 37.1664], [-122.2442, 37.1661], [-122.2449, 37.1669], [-122.2446, 37.168], [-122.2456, 37.1683]]], [[[-122.2743, 37.1637], [-122.2746, 37.1631], [-122.2763, 37.1631], [-122.2746, 37.1618], [-122.2739, 37.1623], [-122.2743, 37.1637]]], [[[-122.2793, 37.1622], [-122.2803, 37.1625], [-122.2803, 37.1617], [-122.2793, 37.1622]]], [[[-122.2164, 37.164], [-122.2167, 37.1629], [-122.2157, 37.1629], [-122.2157, 37.164], [-122.2164, 37.164]]], [[[-122.2729, 37.1626], [-122.2739, 37.1618], [-122.2729, 37.1615], [-122.2729, 37.1626]]], [[[-122.2632, 37.1658], [-122.2658, 37.163], [-122.2611, 37.1634], [-122.2607, 37.1618], [-122.2587, 37.1621], [-122.2584, 37.164], [-122.2594, 37.1642], [-122.2594, 37.1637], [-122.2597, 37.1637], [-122.2618, 37.1645], [-122.2611, 37.165], [-122.2631, 37.165], [-122.2625, 37.1653], [-122.2632, 37.1658]], [[-122.2604, 37.1634], [-122.2597, 37.1637], [-122.2597, 37.1634], [-122.2604, 37.1634]], [[-122.2597, 37.1631], [-122.2594, 37.1634], [-122.2594, 37.1632], [-122.2597, 37.1631]], [[-122.2607, 37.1629], [-122.26, 37.1631], [-122.26, 37.1629], [-122.2607, 37.1629]], [[-122.26, 37.1626], [-122.2597, 37.1629], [-122.2597, 37.1626], [-122.26, 37.1626]]], [[[-122.2881, 37.1615], [-122.2887, 37.161], [-122.2884, 37.161], [-122.2881, 37.1615]]], [[[-122.256, 37.1632], [-122.2556, 37.1621], [-122.2546, 37.1624], [-122.2536, 37.1622], [-122.2536, 37.1614], [-122.2526, 37.1617], [-122.2523, 37.163], [-122.2553, 37.1627], [-122.256, 37.1632]]], [[[-122.216, 37.1626], [-122.2167, 37.1621], [-122.216, 37.1618], [-122.216, 37.1626]]], [[[-122.2148, 37.1664], [-122.2151, 37.1659], [-122.2124, 37.1646], [-122.2113, 37.1627], [-122.2116, 37.1619], [-122.2106, 37.1622], [-122.2113, 37.1632], [-122.2103, 37.1641], [-122.2107, 37.1646], [-122.2104, 37.1654], [-122.2148, 37.1664]], [[-122.211, 37.1643], [-122.2107, 37.1646], [-122.2107, 37.1643], [-122.211, 37.1643]], [[-122.212, 37.164], [-122.2117, 37.1643], [-122.2117, 37.164], [-122.212, 37.164]]], [[[-122.2106, 37.1619], [-122.2113, 37.1616], [-122.2106, 37.1614], [-122.2106, 37.1619]]], [[[-122.2086, 37.1619], [-122.2079, 37.1614], [-122.2069, 37.1617], [-122.2069, 37.162], [-122.2086, 37.1619]]], [[[-122.2512, 37.1611], [-122.2505, 37.1603], [-122.2495, 37.1606], [-122.2495, 37.1609], [-122.2512, 37.1611]]], [[[-122.2261, 37.1611], [-122.2268, 37.1605], [-122.2265, 37.1605], [-122.2261, 37.1611]]], [[[-122.209, 37.1657], [-122.2103, 37.1646], [-122.2086, 37.1625], [-122.2069, 37.1628], [-122.2065, 37.162], [-122.2052, 37.162], [-122.2045, 37.1607], [-122.2031, 37.1612], [-122.2004, 37.1607], [-122.2025, 37.1623], [-122.2045, 37.1615], [-122.2052, 37.1623], [-122.2049, 37.1636], [-122.207, 37.1647], [-122.209, 37.1646], [-122.209, 37.1657]]], [[[-122.2099, 37.1617], [-122.2096, 37.1608], [-122.2082, 37.1606], [-122.2082, 37.1611], [-122.2099, 37.1617]]], [[[-122.3053, 37.1593], [-122.3059, 37.159], [-122.3053, 37.1588], [-122.3053, 37.1593]]], [[[-122.2636, 37.1587], [-122.2643, 37.159], [-122.2643, 37.1585], [-122.2636, 37.1587]]], [[[-122.2491, 37.159], [-122.2498, 37.1585], [-122.2491, 37.1582], [-122.2491, 37.159]]], [[[-122.2784, 37.1784], [-122.2777, 37.1758], [-122.2787, 37.1747], [-122.2763, 37.1747], [-122.2759, 37.1736], [-122.2745, 37.1728], [-122.2762, 37.1707], [-122.2765, 37.1715], [-122.2772, 37.1712], [-122.2776, 37.172], [-122.2786, 37.172], [-122.2775, 37.1712], [-122.2782, 37.1698], [-122.2765, 37.1693], [-122.2754, 37.1672], [-122.2767, 37.1663], [-122.276, 37.1661], [-122.2764, 37.1655], [-122.2774, 37.1669], [-122.2788, 37.1668], [-122.2777, 37.166], [-122.2798, 37.166], [-122.2822, 37.167], [-122.2838, 37.167], [-122.2838, 37.1659], [-122.2848, 37.1659], [-122.2865, 37.1637], [-122.2841, 37.1646], [-122.2831, 37.1632], [-122.2854, 37.1618], [-122.2847, 37.1608], [-122.2857, 37.1599], [-122.2864, 37.1602], [-122.2863, 37.1586], [-122.288, 37.158], [-122.2869, 37.157], [-122.2839, 37.1589], [-122.2847, 37.1602], [-122.284, 37.1613], [-122.2813, 37.1622], [-122.2814, 37.1627], [-122.2807, 37.1622], [-122.2784, 37.1644], [-122.2777, 37.1644], [-122.2773, 37.1628], [-122.2763, 37.1631], [-122.2766, 37.1639], [-122.2753, 37.1639], [-122.2757, 37.165], [-122.2747, 37.1656], [-122.2754, 37.1658], [-122.2751, 37.1677], [-122.2737, 37.1685], [-122.2751, 37.1682], [-122.2758, 37.1696], [-122.2741, 37.1704], [-122.2742, 37.1712], [-122.2731, 37.1704], [-122.2732, 37.1721], [-122.2715, 37.1721], [-122.2719, 37.1732], [-122.2732, 37.1731], [-122.2736, 37.1742], [-122.2749, 37.1745], [-122.2753, 37.1755], [-122.277, 37.1763], [-122.2771, 37.1779], [-122.2784, 37.1784]], [[-122.2752, 37.1709], [-122.2745, 37.1712], [-122.2745, 37.171], [-122.2752, 37.1709]], [[-122.2755, 37.1707], [-122.2752, 37.1709], [-122.2752, 37.1707], [-122.2755, 37.1707]], [[-122.2831, 37.1657], [-122.2825, 37.1659], [-122.2825, 37.1657], [-122.2831, 37.1657]], [[-122.2821, 37.1654], [-122.2814, 37.1657], [-122.2814, 37.1654], [-122.2821, 37.1654]], [[-122.2814, 37.1654], [-122.2801, 37.1655], [-122.2814, 37.1652], [-122.2814, 37.1654]], [[-122.2848, 37.1651], [-122.2845, 37.1654], [-122.2845, 37.1651], [-122.2848, 37.1651]], [[-122.2841, 37.1651], [-122.2835, 37.1654], [-122.2835, 37.1651], [-122.2841, 37.1651]], [[-122.276, 37.165], [-122.2757, 37.1655], [-122.2757, 37.165], [-122.276, 37.165]], [[-122.281, 37.1633], [-122.2807, 37.1636], [-122.2807, 37.1633], [-122.281, 37.1633]], [[-122.2814, 37.163], [-122.281, 37.1633], [-122.281, 37.163], [-122.2814, 37.163]], [[-122.282, 37.1624], [-122.2817, 37.163], [-122.2817, 37.1625], [-122.282, 37.1624]]], [[[-122.2325, 37.1585], [-122.2325, 37.158], [-122.2315, 37.1577], [-122.2315, 37.1583], [-122.2325, 37.1585]]], [[[-122.2109, 37.1614], [-122.2126, 37.1613], [-122.2119, 37.1605], [-122.2129, 37.16], [-122.2125, 37.1584], [-122.2112, 37.1587], [-122.2118, 37.1581], [-122.2108, 37.1581], [-122.2116, 37.16], [-122.2109, 37.1614]]], [[[-122.2101, 37.1579], [-122.2101, 37.1573], [-122.2095, 37.1573], [-122.2095, 37.1576], [-122.2101, 37.1579]]], [[[-122.1997, 37.1581], [-122.1996, 37.1575], [-122.1983, 37.1578], [-122.1983, 37.1581], [-122.1997, 37.1581]]], [[[-122.2717, 37.1564], [-122.2723, 37.1559], [-122.272, 37.1559], [-122.2717, 37.1564]]], [[[-122.2468, 37.1601], [-122.2481, 37.1596], [-122.2481, 37.1588], [-122.2444, 37.1588], [-122.244, 37.158], [-122.2456, 37.1567], [-122.2433, 37.1564], [-122.2426, 37.1578], [-122.2434, 37.1597], [-122.2468, 37.1601]], [[-122.2464, 37.1596], [-122.2461, 37.1599], [-122.2461, 37.1596], [-122.2464, 37.1596]]], [[[-122.2216, 37.1574], [-122.2216, 37.1566], [-122.2206, 37.1569], [-122.2206, 37.1571], [-122.2216, 37.1574]]], [[[-122.2091, 37.1571], [-122.2101, 37.1568], [-122.2091, 37.1568], [-122.2091, 37.1571]]], [[[-122.2653, 37.1566], [-122.2663, 37.1557], [-122.2656, 37.1555], [-122.2653, 37.1566]]], [[[-122.2155, 37.157], [-122.2162, 37.1564], [-122.2159, 37.1564], [-122.2155, 37.157]]], [[[-122.2145, 37.157], [-122.2142, 37.1564], [-122.2135, 37.1565], [-122.2138, 37.157], [-122.2145, 37.157]]], [[[-122.1983, 37.1573], [-122.2, 37.1567], [-122.1983, 37.157], [-122.1983, 37.1573]]], [[[-122.2186, 37.1577], [-122.2192, 37.1563], [-122.2179, 37.1569], [-122.2179, 37.1561], [-122.2172, 37.1561], [-122.2172, 37.1575], [-122.2186, 37.1577]], [[-122.2186, 37.1572], [-122.2179, 37.1575], [-122.2179, 37.1572], [-122.2186, 37.1572]]], [[[-122.2284, 37.1564], [-122.229, 37.1562], [-122.2284, 37.1559], [-122.2284, 37.1564]]], [[[-122.2825, 37.157], [-122.2818, 37.1557], [-122.2805, 37.1557], [-122.2798, 37.1547], [-122.2798, 37.1563], [-122.2825, 37.157]]], [[[-122.1952, 37.1568], [-122.1952, 37.1563], [-122.1939, 37.1563], [-122.1939, 37.1568], [-122.1952, 37.1568]]], [[[-122.277, 37.1547], [-122.2777, 37.1542], [-122.2774, 37.1542], [-122.277, 37.1547]]], [[[-122.2258, 37.1603], [-122.2251, 37.1595], [-122.2264, 37.1586], [-122.2278, 37.1592], [-122.2278, 37.1583], [-122.2264, 37.1573], [-122.2263, 37.1559], [-122.2253, 37.1549], [-122.2253, 37.1562], [-122.2226, 37.1568], [-122.2247, 37.1571], [-122.224, 37.1573], [-122.2237, 37.1598], [-122.2258, 37.1603]]], [[[-122.2182, 37.1558], [-122.2189, 37.1561], [-122.2189, 37.155], [-122.2182, 37.1558]]], [[[-122.1996, 37.1559], [-122.2003, 37.1554], [-122.1999, 37.1554], [-122.1996, 37.1559]]], [[[-122.2865, 37.1553], [-122.2879, 37.1542], [-122.2861, 37.1535], [-122.2858, 37.1543], [-122.2865, 37.1553]]], [[[-122.2798, 37.1547], [-122.279, 37.1533], [-122.2773, 37.1534], [-122.2777, 37.1542], [-122.2787, 37.1539], [-122.2798, 37.1547]]], [[[-122.1966, 37.156], [-122.1962, 37.1543], [-122.1955, 37.1541], [-122.1958, 37.1549], [-122.1952, 37.1552], [-122.1966, 37.156]]], [[[-122.2768, 37.1563], [-122.2778, 37.1558], [-122.2777, 37.1552], [-122.2771, 37.1555], [-122.277, 37.1547], [-122.2767, 37.1547], [-122.2774, 37.1542], [-122.2774, 37.1536], [-122.2739, 37.1526], [-122.2747, 37.1539], [-122.2744, 37.1561], [-122.2768, 37.1563]], [[-122.2764, 37.1542], [-122.276, 37.1547], [-122.276, 37.1542], [-122.2764, 37.1542]], [[-122.2757, 37.1537], [-122.2753, 37.1545], [-122.2753, 37.1537], [-122.2757, 37.1537]], [[-122.277, 37.1539], [-122.2767, 37.1542], [-122.2767, 37.1539], [-122.277, 37.1539]]], [[[-122.3122, 37.153], [-122.3122, 37.1524], [-122.3125, 37.1519], [-122.3115, 37.1522], [-122.3122, 37.153]]], [[[-122.2497, 37.1582], [-122.2507, 37.1568], [-122.2547, 37.1554], [-122.2506, 37.1525], [-122.2479, 37.1539], [-122.2479, 37.1545], [-122.2476, 37.1539], [-122.2459, 37.1545], [-122.2463, 37.1553], [-122.2473, 37.155], [-122.2476, 37.155], [-122.2476, 37.1553], [-122.2483, 37.1553], [-122.2497, 37.1569], [-122.2491, 37.1577], [-122.2497, 37.1582]], [[-122.248, 37.1547], [-122.2476, 37.155], [-122.2476, 37.1547], [-122.248, 37.1547]], [[-122.2489, 37.1539], [-122.2486, 37.1542], [-122.2486, 37.1539], [-122.2489, 37.1539]]], [[[-122.226, 37.1546], [-122.2269, 37.1535], [-122.2256, 37.153], [-122.2243, 37.1544], [-122.226, 37.1546]]], [[[-122.2736, 37.1526], [-122.2736, 37.1521], [-122.2729, 37.1521], [-122.2729, 37.1524], [-122.2736, 37.1526]]], [[[-122.2049, 37.1536], [-122.2056, 37.1531], [-122.2049, 37.1531], [-122.2049, 37.1536]]], [[[-122.2807, 37.1525], [-122.2824, 37.1525], [-122.282, 37.1516], [-122.2807, 37.1514], [-122.2807, 37.1525]]], [[[-122.1951, 37.1536], [-122.1958, 37.153], [-122.1955, 37.153], [-122.1951, 37.1536]]], [[[-122.2043, 37.1531], [-122.2049, 37.1528], [-122.2042, 37.1526], [-122.2043, 37.1531]]], [[[-122.2064, 37.1558], [-122.2063, 37.1539], [-122.2046, 37.1542], [-122.2036, 37.1526], [-122.2002, 37.1524], [-122.2036, 37.1553], [-122.2064, 37.1558]]], [[[-122.2536, 37.1519], [-122.2533, 37.1514], [-122.2526, 37.1514], [-122.2526, 37.1519], [-122.2536, 37.1519]]], [[[-122.2198, 37.1531], [-122.2208, 37.1523], [-122.2222, 37.1525], [-122.2222, 37.152], [-122.2204, 37.1515], [-122.2205, 37.152], [-122.2191, 37.1523], [-122.2198, 37.1531]]], [[[-122.2175, 37.1553], [-122.2178, 37.1545], [-122.2175, 37.1537], [-122.2165, 37.1537], [-122.2164, 37.1526], [-122.2157, 37.1521], [-122.2147, 37.1527], [-122.2147, 37.1513], [-122.214, 37.1519], [-122.213, 37.1516], [-122.213, 37.1521], [-122.214, 37.1521], [-122.213, 37.1527], [-122.2134, 37.1538], [-122.2151, 37.1537], [-122.2154, 37.1532], [-122.2175, 37.1553]], [[-122.2141, 37.1529], [-122.2137, 37.1532], [-122.2137, 37.1529], [-122.2141, 37.1529]], [[-122.2144, 37.1527], [-122.2141, 37.1529], [-122.2141, 37.1527], [-122.2144, 37.1527]]], [[[-122.2002, 37.1524], [-122.2002, 37.1518], [-122.1995, 37.1516], [-122.1992, 37.1521], [-122.2002, 37.1524]]], [[[-122.2434, 37.1505], [-122.2441, 37.1508], [-122.2441, 37.1502], [-122.2434, 37.1505]]], [[[-122.2297, 37.1543], [-122.2296, 37.1537], [-122.2313, 37.1532], [-122.2296, 37.1518], [-122.2309, 37.1507], [-122.2302, 37.1502], [-122.2295, 37.1502], [-122.2299, 37.1507], [-122.2286, 37.1527], [-122.2276, 37.153], [-122.2283, 37.1532], [-122.2283, 37.1529], [-122.2289, 37.1529], [-122.2289, 37.1524], [-122.2293, 37.1524], [-122.2296, 37.1532], [-122.229, 37.1537], [-122.2297, 37.1543]], [[-122.23, 37.1532], [-122.2296, 37.1535], [-122.2296, 37.1532], [-122.23, 37.1532]], [[-122.2296, 37.1521], [-122.2293, 37.1524], [-122.2293, 37.1521], [-122.2296, 37.1521]]], [[[-122.3096, 37.1673], [-122.3085, 37.166], [-122.3091, 37.1641], [-122.3074, 37.1641], [-122.3064, 37.1633], [-122.3077, 37.1622], [-122.308, 37.1609], [-122.3073, 37.1603], [-122.305, 37.162], [-122.3037, 37.1618], [-122.3017, 37.1634], [-122.2983, 37.1627], [-122.2993, 37.1624], [-122.3002, 37.1605], [-122.3016, 37.1602], [-122.3012, 37.1591], [-122.3022, 37.1585], [-122.3025, 37.1572], [-122.3038, 37.1569], [-122.3052, 37.1585], [-122.3059, 37.1585], [-122.3049, 37.1571], [-122.3055, 37.155], [-122.3038, 37.1558], [-122.3021, 37.1542], [-122.3011, 37.1545], [-122.2993, 37.1535], [-122.3003, 37.1524], [-122.302, 37.1526], [-122.3024, 37.1537], [-122.3037, 37.1534], [-122.302, 37.1515], [-122.3023, 37.1499], [-122.3013, 37.1505], [-122.2996, 37.1502], [-122.3006, 37.1516], [-122.299, 37.1527], [-122.2979, 37.1516], [-122.2982, 37.1505], [-122.2989, 37.1505], [-122.2982, 37.1497], [-122.2972, 37.1497], [-122.2972, 37.1492], [-122.2938, 37.1498], [-122.2928, 37.1487], [-122.2918, 37.149], [-122.2932, 37.1504], [-122.2922, 37.1515], [-122.2936, 37.1525], [-122.2926, 37.155], [-122.2916, 37.1552], [-122.2906, 37.1542], [-122.2896, 37.1545], [-122.2903, 37.1574], [-122.291, 37.1577], [-122.2917, 37.1569], [-122.292, 37.1569], [-122.292, 37.1571], [-122.2927, 37.1571], [-122.2935, 37.1601], [-122.2941, 37.1601], [-122.2938, 37.1595], [-122.2948, 37.1587], [-122.2968, 37.1595], [-122.2969, 37.1608], [-122.2955, 37.1622], [-122.2959, 37.163], [-122.2949, 37.1635], [-122.2947, 37.1665], [-122.2973, 37.1649], [-122.3007, 37.1653], [-122.3017, 37.1645], [-122.3028, 37.1656], [-122.3038, 37.1653], [-122.3062, 37.1663], [-122.3062, 37.1668], [-122.3096, 37.1673]], [[-122.2966, 37.1627], [-122.2962, 37.163], [-122.2962, 37.1627], [-122.2966, 37.1627]], [[-122.2983, 37.1624], [-122.2966, 37.1624], [-122.2966, 37.1622], [-122.2979, 37.1616], [-122.2983, 37.1624]], [[-122.3067, 37.1614], [-122.3064, 37.1617], [-122.3064, 37.1614], [-122.3067, 37.1614]], [[-122.2969, 37.1616], [-122.2966, 37.1619], [-122.2965, 37.1616], [-122.2969, 37.1616]], [[-122.3015, 37.1578], [-122.3012, 37.1583], [-122.3012, 37.1578], [-122.3015, 37.1578]], [[-122.2951, 37.1573], [-122.2937, 37.1571], [-122.2933, 37.1563], [-122.2947, 37.1555], [-122.2946, 37.1541], [-122.296, 37.1538], [-122.2973, 37.1546], [-122.2977, 37.1557], [-122.2951, 37.1573]], [[-122.2923, 37.1566], [-122.292, 37.1569], [-122.292, 37.1566], [-122.2923, 37.1566]], [[-122.2923, 37.156], [-122.292, 37.1563], [-122.292, 37.156], [-122.2923, 37.156]]], [[[-122.2333, 37.151], [-122.2329, 37.1499], [-122.2316, 37.1496], [-122.2316, 37.1502], [-122.2333, 37.151]]], [[[-122.2208, 37.1507], [-122.2204, 37.1501], [-122.219, 37.1499], [-122.2197, 37.1507], [-122.2208, 37.1507]]], [[[-122.1937, 37.1503], [-122.194, 37.1506], [-122.1944, 37.1503], [-122.1937, 37.1503]]], [[[-122.2123, 37.1513], [-122.2133, 37.1505], [-122.2147, 37.1508], [-122.2146, 37.1494], [-122.2123, 37.1495], [-122.211, 37.1511], [-122.2123, 37.1513]]], [[[-122.2211, 37.1498], [-122.2211, 37.1493], [-122.2201, 37.1496], [-122.2201, 37.1499], [-122.2211, 37.1498]]], [[[-122.2032, 37.1518], [-122.2028, 37.1513], [-122.2039, 37.1515], [-122.2042, 37.151], [-122.2004, 37.1499], [-122.2004, 37.1494], [-122.1988, 37.1508], [-122.1991, 37.1516], [-122.1995, 37.1508], [-122.2015, 37.1507], [-122.2032, 37.1518]], [[-122.2018, 37.1505], [-122.2015, 37.1507], [-122.2015, 37.1505], [-122.2018, 37.1505]]], [[[-122.2329, 37.1496], [-122.2332, 37.1488], [-122.2325, 37.1488], [-122.2329, 37.1496]]], [[[-122.2895, 37.1526], [-122.2891, 37.1512], [-122.2871, 37.1505], [-122.2863, 37.1483], [-122.2857, 37.1486], [-122.2846, 37.1484], [-122.2856, 37.1478], [-122.2843, 37.1478], [-122.2843, 37.1486], [-122.2853, 37.1492], [-122.2844, 37.1503], [-122.2861, 37.1508], [-122.2864, 37.1518], [-122.2895, 37.1526]]], [[[-122.1984, 37.1497], [-122.1987, 37.1489], [-122.1984, 37.1489], [-122.1984, 37.1497]]], [[[-122.2211, 37.149], [-122.2221, 37.149], [-122.2221, 37.1485], [-122.2211, 37.149]]], [[[-122.194, 37.1501], [-122.1957, 37.1495], [-122.1957, 37.1487], [-122.1943, 37.149], [-122.194, 37.1501]]], [[[-122.1994, 37.1494], [-122.2001, 37.1491], [-122.2001, 37.1486], [-122.1991, 37.1489], [-122.1994, 37.1494]]], [[[-122.2957, 37.1463], [-122.2964, 37.1468], [-122.2964, 37.1462], [-122.2957, 37.1463]]], [[[-122.3109, 37.1449], [-122.3113, 37.1451], [-122.3116, 37.1449], [-122.3109, 37.1449]]], [[[-122.1872, 37.148], [-122.1882, 37.1472], [-122.1865, 37.1472], [-122.1872, 37.148]]], [[[-122.2394, 37.1533], [-122.2411, 37.1522], [-122.2435, 37.1513], [-122.2431, 37.15], [-122.2441, 37.1497], [-122.244, 37.1478], [-122.2424, 37.1489], [-122.2382, 37.1457], [-122.2376, 37.1466], [-122.238, 37.1487], [-122.2363, 37.1487], [-122.2359, 37.1477], [-122.2329, 37.1483], [-122.2353, 37.149], [-122.2349, 37.1496], [-122.2332, 37.1496], [-122.234, 37.1507], [-122.2343, 37.1501], [-122.2356, 37.1506], [-122.2336, 37.1509], [-122.2347, 37.1517], [-122.2337, 37.1528], [-122.2347, 37.1534], [-122.2364, 37.1522], [-122.2371, 37.153], [-122.2381, 37.153], [-122.2377, 37.1522], [-122.2391, 37.1514], [-122.2401, 37.1522], [-122.2394, 37.1533]], [[-122.2377, 37.1517], [-122.237, 37.1514], [-122.2377, 37.1511], [-122.2377, 37.1517]], [[-122.2414, 37.1516], [-122.2401, 37.1508], [-122.241, 37.1497], [-122.2424, 37.1505], [-122.2414, 37.1516]], [[-122.2363, 37.1501], [-122.236, 37.1504], [-122.236, 37.1501], [-122.2363, 37.1501]], [[-122.236, 37.1498], [-122.2356, 37.1501], [-122.2356, 37.1498], [-122.236, 37.1498]], [[-122.2366, 37.1493], [-122.236, 37.1496], [-122.2359, 37.1493], [-122.2366, 37.1493]], [[-122.2393, 37.1481], [-122.239, 37.1484], [-122.239, 37.1481], [-122.2393, 37.1481]]], [[[-122.2883, 37.1459], [-122.2879, 37.1448], [-122.2872, 37.1448], [-122.2869, 37.1453], [-122.2883, 37.1459]]], [[[-122.2149, 37.1467], [-122.2162, 37.1464], [-122.2149, 37.1462], [-122.2149, 37.1467]]], [[[-122.2348, 37.1461], [-122.2358, 37.1458], [-122.2348, 37.1458], [-122.2348, 37.1461]]], [[[-122.1828, 37.1468], [-122.1831, 37.147], [-122.1834, 37.1468], [-122.1828, 37.1468]]], [[[-122.2075, 37.1495], [-122.2075, 37.1477], [-122.2065, 37.1477], [-122.2068, 37.1466], [-122.2057, 37.1461], [-122.2051, 37.1488], [-122.2075, 37.1495]], [[-122.2072, 37.1482], [-122.2068, 37.1485], [-122.2068, 37.1482], [-122.2072, 37.1482]], [[-122.2065, 37.1477], [-122.2061, 37.148], [-122.2061, 37.1477], [-122.2065, 37.1477]]], [[[-122.2512, 37.1493], [-122.2525, 37.1471], [-122.2501, 37.1471], [-122.25, 37.1455], [-122.249, 37.1453], [-122.2491, 37.1471], [-122.2501, 37.1474], [-122.2512, 37.1493]]], [[[-122.2981, 37.1451], [-122.2987, 37.1446], [-122.298, 37.1443], [-122.2981, 37.1451]]], [[[-122.2933, 37.145], [-122.294, 37.1444], [-122.2937, 37.1444], [-122.2933, 37.145]]], [[[-122.2562, 37.1486], [-122.2558, 37.1462], [-122.2565, 37.1454], [-122.2551, 37.1451], [-122.2555, 37.1457], [-122.2548, 37.1457], [-122.2551, 37.1465], [-122.2542, 37.1479], [-122.2548, 37.1476], [-122.2562, 37.1486]]], [[[-122.2092, 37.1495], [-122.2095, 37.1476], [-122.2084, 37.146], [-122.2075, 37.1471], [-122.2081, 37.1474], [-122.2078, 37.1485], [-122.2092, 37.1495]]], [[[-122.2146, 37.1467], [-122.2149, 37.1454], [-122.2135, 37.1454], [-122.2139, 37.1467], [-122.2146, 37.1467]]], [[[-122.2295, 37.1494], [-122.2298, 37.1483], [-122.2319, 37.1491], [-122.2319, 37.1486], [-122.2332, 37.148], [-122.2338, 37.1458], [-122.2345, 37.1461], [-122.2348, 37.1455], [-122.2338, 37.1455], [-122.2341, 37.145], [-122.2335, 37.145], [-122.2328, 37.1445], [-122.2331, 37.1458], [-122.2321, 37.1458], [-122.2321, 37.1467], [-122.2298, 37.1464], [-122.2298, 37.1472], [-122.2291, 37.147], [-122.2288, 37.1478], [-122.2271, 37.1478], [-122.2282, 37.1492], [-122.2295, 37.1494]], [[-122.2315, 37.1477], [-122.2312, 37.148], [-122.2312, 37.1478], [-122.2315, 37.1477]], [[-122.2301, 37.1475], [-122.2298, 37.1481], [-122.2298, 37.1475], [-122.2301, 37.1475]], [[-122.2325, 37.1469], [-122.2318, 37.1472], [-122.2318, 37.1469], [-122.2325, 37.1469]], [[-122.2328, 37.1464], [-122.2325, 37.1469], [-122.2325, 37.1464], [-122.2328, 37.1464]], [[-122.2331, 37.1461], [-122.2328, 37.1464], [-122.2328, 37.1461], [-122.2331, 37.1461]]], [[[-122.2937, 37.1444], [-122.2936, 37.1439], [-122.294, 37.1433], [-122.293, 37.1436], [-122.2937, 37.1444]]], [[[-122.2859, 37.1443], [-122.2858, 37.1432], [-122.2855, 37.1432], [-122.2852, 37.144], [-122.2859, 37.1443]]], [[[-122.2977, 37.1449], [-122.2977, 37.1441], [-122.2994, 37.1446], [-122.2987, 37.1427], [-122.297, 37.1441], [-122.2977, 37.1449]]], [[[-122.2919, 37.1436], [-122.2919, 37.1428], [-122.2916, 37.1428], [-122.2913, 37.1436], [-122.2919, 37.1436]]], [[[-122.2138, 37.1451], [-122.2131, 37.1443], [-122.2118, 37.1443], [-122.2121, 37.1449], [-122.2138, 37.1451]]], [[[-122.2561, 37.144], [-122.2578, 37.144], [-122.2574, 37.1432], [-122.2561, 37.144]]], [[[-122.1881, 37.145], [-122.1881, 37.1445], [-122.1871, 37.1443], [-122.1871, 37.1445], [-122.1881, 37.145]]], [[[-122.2489, 37.1512], [-122.2505, 37.1506], [-122.2505, 37.1501], [-122.2492, 37.1501], [-122.2471, 37.1485], [-122.2481, 37.1474], [-122.2474, 37.1474], [-122.2467, 37.1458], [-122.2477, 37.145], [-122.2487, 37.1453], [-122.2486, 37.1431], [-122.2469, 37.1431], [-122.2463, 37.1442], [-122.2443, 37.1445], [-122.244, 37.1459], [-122.245, 37.1456], [-122.2464, 37.1467], [-122.2444, 37.1486], [-122.2461, 37.1486], [-122.2461, 37.1496], [-122.2489, 37.1512]], [[-122.2467, 37.148], [-122.2464, 37.1483], [-122.2464, 37.148], [-122.2467, 37.148]]], [[[-122.2243, 37.1452], [-122.225, 37.1438], [-122.2236, 37.143], [-122.2233, 37.1449], [-122.2243, 37.1452]]], [[[-122.3088, 37.142], [-122.3091, 37.1414], [-122.3081, 37.1414], [-122.3081, 37.1417], [-122.3088, 37.142]]], [[[-122.3054, 37.1423], [-122.3054, 37.1417], [-122.3071, 37.1417], [-122.3071, 37.1412], [-122.3047, 37.141], [-122.3044, 37.142], [-122.3054, 37.1423]]], [[[-122.2297, 37.1435], [-122.2307, 37.1432], [-122.2303, 37.1424], [-122.2297, 37.1424], [-122.2297, 37.1435]]], [[[-122.2588, 37.1432], [-122.2584, 37.1421], [-122.2591, 37.1413], [-122.2581, 37.1418], [-122.2581, 37.1432], [-122.2588, 37.1432]]], [[[-122.2033, 37.1445], [-122.2033, 37.144], [-122.2043, 37.1442], [-122.2053, 37.1434], [-122.2022, 37.1418], [-122.2016, 37.1429], [-122.2033, 37.1445]]], [[[-122.2212, 37.1428], [-122.2232, 37.1425], [-122.2229, 37.1412], [-122.2215, 37.1415], [-122.2212, 37.1428]]], [[[-122.2182, 37.1448], [-122.2165, 37.1434], [-122.2161, 37.1418], [-122.2137, 37.1405], [-122.2135, 37.1446], [-122.2148, 37.144], [-122.2162, 37.1448], [-122.2182, 37.1448]], [[-122.2151, 37.1435], [-122.2148, 37.1437], [-122.2148, 37.1435], [-122.2151, 37.1435]]], [[[-122.2067, 37.1436], [-122.208, 37.1417], [-122.2093, 37.1414], [-122.209, 37.1409], [-122.2059, 37.1407], [-122.205, 37.1428], [-122.2067, 37.1436]]], [[[-122.1657, 37.1417], [-122.1657, 37.1411], [-122.1647, 37.1412], [-122.1647, 37.1417], [-122.1657, 37.1417]]], [[[-122.2472, 37.1415], [-122.2479, 37.1412], [-122.2478, 37.1396], [-122.2448, 37.1397], [-122.2472, 37.1415]]], [[[-122.2208, 37.1399], [-122.2218, 37.1393], [-122.2208, 37.1393], [-122.2208, 37.1399]]], [[[-122.2904, 37.1374], [-122.29, 37.1369], [-122.2894, 37.1372], [-122.2894, 37.1375], [-122.2904, 37.1374]]], [[[-122.2201, 37.1399], [-122.2197, 37.1377], [-122.219, 37.1372], [-122.2177, 37.1375], [-122.2191, 37.1388], [-122.2187, 37.1393], [-122.2201, 37.1399]]], [[[-122.1653, 37.1395], [-122.1656, 37.139], [-122.1656, 37.1382], [-122.1646, 37.139], [-122.1653, 37.1395]]], [[[-122.2651, 37.1628], [-122.2661, 37.1622], [-122.2675, 37.1625], [-122.2684, 37.1611], [-122.2711, 37.161], [-122.2725, 37.1621], [-122.2725, 37.161], [-122.2735, 37.1605], [-122.2735, 37.1613], [-122.2742, 37.1612], [-122.2745, 37.1604], [-122.2738, 37.1602], [-122.2755, 37.1596], [-122.2769, 37.1598], [-122.2772, 37.1601], [-122.2772, 37.1606], [-122.2782, 37.1606], [-122.2779, 37.162], [-122.2793, 37.1622], [-122.2803, 37.1611], [-122.2799, 37.1595], [-122.2809, 37.159], [-122.2802, 37.1584], [-122.2765, 37.159], [-122.2748, 37.1585], [-122.2748, 37.1591], [-122.2728, 37.1594], [-122.2714, 37.1583], [-122.2717, 37.1567], [-122.271, 37.1562], [-122.272, 37.1559], [-122.271, 37.1546], [-122.2713, 37.154], [-122.2689, 37.1551], [-122.2669, 37.1546], [-122.2689, 37.1538], [-122.2699, 37.154], [-122.2709, 37.1521], [-122.2722, 37.1518], [-122.2718, 37.1497], [-122.2711, 37.1497], [-122.2701, 37.147], [-122.269, 37.147], [-122.2676, 37.1452], [-122.2683, 37.1444], [-122.2679, 37.1417], [-122.2691, 37.1387], [-122.2671, 37.1376], [-122.2667, 37.1357], [-122.2657, 37.136], [-122.265, 37.1371], [-122.2637, 37.1369], [-122.2637, 37.1374], [-122.262, 37.1375], [-122.2624, 37.1385], [-122.2614, 37.1394], [-122.2603, 37.1391], [-122.26, 37.1378], [-122.259, 37.1381], [-122.26, 37.1391], [-122.259, 37.141], [-122.2604, 37.1415], [-122.2595, 37.1443], [-122.2608, 37.1442], [-122.2605, 37.1448], [-122.2615, 37.1456], [-122.2606, 37.1467], [-122.2619, 37.1474], [-122.2593, 37.1497], [-122.2597, 37.151], [-122.2604, 37.151], [-122.2603, 37.1496], [-122.2643, 37.1485], [-122.2654, 37.1487], [-122.2657, 37.1495], [-122.2664, 37.1495], [-122.2664, 37.1509], [-122.2644, 37.1517], [-122.2631, 37.1515], [-122.2631, 37.1523], [-122.2604, 37.1531], [-122.2587, 37.1529], [-122.2587, 37.1524], [-122.2563, 37.1524], [-122.255, 37.1532], [-122.2551, 37.1549], [-122.256, 37.1538], [-122.2581, 37.1535], [-122.2591, 37.1542], [-122.2588, 37.1551], [-122.2602, 37.1558], [-122.2589, 37.1575], [-122.2568, 37.1575], [-122.2565, 37.1586], [-122.2558, 37.1586], [-122.2565, 37.1594], [-122.2575, 37.1589], [-122.2592, 37.1591], [-122.2602, 37.1577], [-122.2609, 37.1583], [-122.2636, 37.1563], [-122.2646, 37.1571], [-122.2645, 37.1552], [-122.2652, 37.1549], [-122.2679, 37.1554], [-122.2663, 37.156], [-122.2663, 37.1571], [-122.2646, 37.1579], [-122.265, 37.159], [-122.2643, 37.1595], [-122.2647, 37.1603], [-122.2657, 37.1606], [-122.2607, 37.1612], [-122.2614, 37.1623], [-122.2651, 37.1628]], [[-122.2671, 37.1619], [-122.2668, 37.1622], [-122.2668, 37.1619], [-122.2671, 37.1619]], [[-122.2789, 37.1603], [-122.2786, 37.1614], [-122.2786, 37.1604], [-122.2789, 37.1603]], [[-122.2674, 37.1614], [-122.2664, 37.1617], [-122.2664, 37.1614], [-122.2674, 37.1614]], [[-122.2674, 37.1608], [-122.2671, 37.1611], [-122.2671, 37.1608], [-122.2674, 37.1608]], [[-122.2786, 37.1601], [-122.2782, 37.1604], [-122.2782, 37.1601], [-122.2786, 37.1601]], [[-122.2701, 37.16], [-122.2661, 37.1606], [-122.2661, 37.1603], [-122.2674, 37.1603], [-122.2684, 37.1595], [-122.2701, 37.16]], [[-122.2782, 37.1601], [-122.2772, 37.1598], [-122.2796, 37.1593], [-122.2785, 37.1595], [-122.2782, 37.1601]], [[-122.2711, 37.1597], [-122.2704, 37.16], [-122.2704, 37.1597], [-122.2711, 37.1597]], [[-122.2654, 37.1598], [-122.265, 37.1601], [-122.265, 37.1598], [-122.2654, 37.1598]], [[-122.266, 37.1595], [-122.2657, 37.1598], [-122.2657, 37.1595], [-122.266, 37.1595]], [[-122.267, 37.1592], [-122.2667, 37.1595], [-122.2667, 37.1592], [-122.267, 37.1592]], [[-122.2674, 37.1587], [-122.2667, 37.159], [-122.2667, 37.1587], [-122.2674, 37.1587]], [[-122.2589, 37.1586], [-122.2586, 37.1588], [-122.2586, 37.1586], [-122.2589, 37.1586]], [[-122.267, 37.1584], [-122.2663, 37.1584], [-122.2656, 37.1579], [-122.2673, 37.1573], [-122.267, 37.1584]], [[-122.2684, 37.1581], [-122.2677, 37.1581], [-122.268, 37.1573], [-122.2673, 37.1568], [-122.269, 37.1565], [-122.269, 37.157], [-122.2693, 37.157], [-122.2693, 37.1573], [-122.2683, 37.157], [-122.2684, 37.1581]], [[-122.2703, 37.1567], [-122.2693, 37.157], [-122.2693, 37.1568], [-122.2703, 37.1567]], [[-122.2645, 37.1544], [-122.2632, 37.1552], [-122.2628, 37.1544], [-122.2645, 37.1544]], [[-122.2625, 37.1547], [-122.2622, 37.1553], [-122.2622, 37.1547], [-122.2625, 37.1547]], [[-122.2662, 37.1547], [-122.2645, 37.1547], [-122.2662, 37.1544], [-122.2662, 37.1547]], [[-122.2615, 37.1545], [-122.2611, 37.1547], [-122.2611, 37.1545], [-122.2615, 37.1545]], [[-122.2608, 37.1545], [-122.2605, 37.1548], [-122.2605, 37.1545], [-122.2608, 37.1545]], [[-122.2611, 37.1542], [-122.2608, 37.1545], [-122.2608, 37.1542], [-122.2611, 37.1542]], [[-122.2601, 37.1542], [-122.2598, 37.1545], [-122.2598, 37.1542], [-122.2601, 37.1542]], [[-122.2699, 37.1519], [-122.2692, 37.1522], [-122.2692, 37.1519], [-122.2699, 37.1519]], [[-122.2665, 37.1519], [-122.2661, 37.1522], [-122.2661, 37.152], [-122.2665, 37.1519]], [[-122.2658, 37.152], [-122.2651, 37.1522], [-122.2651, 37.152], [-122.2658, 37.152]], [[-122.2709, 37.1516], [-122.2705, 37.1519], [-122.2705, 37.1516], [-122.2709, 37.1516]], [[-122.2661, 37.1514], [-122.2658, 37.152], [-122.2654, 37.1514], [-122.2661, 37.1514]], [[-122.2675, 37.1508], [-122.2668, 37.1514], [-122.2668, 37.1509], [-122.2675, 37.1508]], [[-122.2681, 37.1506], [-122.2671, 37.1506], [-122.2671, 37.1503], [-122.2681, 37.15], [-122.2681, 37.1506]], [[-122.2715, 37.15], [-122.2712, 37.1502], [-122.2712, 37.15], [-122.2715, 37.15]], [[-122.2708, 37.15], [-122.2705, 37.1503], [-122.2705, 37.15], [-122.2708, 37.15]], [[-122.2698, 37.1492], [-122.2694, 37.1495], [-122.2694, 37.1492], [-122.2698, 37.1492]], [[-122.2674, 37.1492], [-122.2671, 37.1495], [-122.2671, 37.1492], [-122.2674, 37.1492]], [[-122.2681, 37.1489], [-122.2674, 37.1492], [-122.2674, 37.149], [-122.2681, 37.1489]], [[-122.2671, 37.1492], [-122.2664, 37.149], [-122.2667, 37.1484], [-122.267, 37.1484], [-122.2671, 37.1492]], [[-122.2704, 37.1486], [-122.2701, 37.1489], [-122.2701, 37.1486], [-122.2704, 37.1486]], [[-122.261, 37.1488], [-122.2606, 37.1491], [-122.2606, 37.1488], [-122.261, 37.1488]], [[-122.2664, 37.1484], [-122.2654, 37.1487], [-122.2654, 37.1485], [-122.2664, 37.1484]], [[-122.2654, 37.1485], [-122.264, 37.1474], [-122.266, 37.1463], [-122.267, 37.1473], [-122.2654, 37.1485]], [[-122.2687, 37.1468], [-122.268, 37.1476], [-122.268, 37.1468], [-122.2687, 37.1468]], [[-122.2626, 37.1474], [-122.2623, 37.1477], [-122.2623, 37.1474], [-122.2626, 37.1474]], [[-122.2629, 37.1472], [-122.2626, 37.1474], [-122.2626, 37.1472], [-122.2629, 37.1472]], [[-122.2611, 37.1426], [-122.2605, 37.1429], [-122.2604, 37.1426], [-122.2611, 37.1426]], [[-122.2611, 37.1421], [-122.2608, 37.1423], [-122.2608, 37.1421], [-122.2611, 37.1421]], [[-122.2628, 37.1415], [-122.2625, 37.1418], [-122.2624, 37.1415], [-122.2628, 37.1415]], [[-122.2611, 37.1415], [-122.2608, 37.1418], [-122.2608, 37.1415], [-122.2611, 37.1415]], [[-122.2631, 37.1412], [-122.2628, 37.1415], [-122.2628, 37.1412], [-122.2631, 37.1412]], [[-122.2638, 37.1407], [-122.2634, 37.1409], [-122.2634, 37.1407], [-122.2638, 37.1407]], [[-122.2614, 37.141], [-122.2607, 37.141], [-122.2604, 37.1405], [-122.261, 37.1402], [-122.2614, 37.141]], [[-122.2634, 37.1407], [-122.2631, 37.1401], [-122.2641, 37.1398], [-122.2641, 37.1404], [-122.2634, 37.1407]], [[-122.26, 37.1405], [-122.2597, 37.1407], [-122.2597, 37.1405], [-122.26, 37.1405]], [[-122.2604, 37.1402], [-122.26, 37.1405], [-122.26, 37.1402], [-122.2604, 37.1402]], [[-122.2671, 37.1395], [-122.2668, 37.1398], [-122.2668, 37.1395], [-122.2671, 37.1395]], [[-122.2685, 37.1392], [-122.2681, 37.1395], [-122.2681, 37.1392], [-122.2685, 37.1392]], [[-122.2671, 37.139], [-122.2668, 37.1393], [-122.2668, 37.139], [-122.2671, 37.139]], [[-122.2647, 37.1371], [-122.2643, 37.1374], [-122.2643, 37.1371], [-122.2647, 37.1371]], [[-122.2663, 37.1363], [-122.266, 37.1366], [-122.266, 37.1363], [-122.2663, 37.1363]]], [[[-122.2122, 37.1365], [-122.2129, 37.1362], [-122.2122, 37.136], [-122.2122, 37.1365]]], [[[-122.1656, 37.1379], [-122.1659, 37.1371], [-122.1645, 37.1366], [-122.1642, 37.1374], [-122.1656, 37.1379]]], [[[-122.2805, 37.1349], [-122.2812, 37.1344], [-122.2805, 37.1344], [-122.2805, 37.1349]]], [[[-122.2433, 37.147], [-122.2433, 37.1456], [-122.2423, 37.1451], [-122.2424, 37.1403], [-122.2414, 37.1395], [-122.2401, 37.14], [-122.2384, 37.1393], [-122.2373, 37.1382], [-122.2376, 37.1376], [-122.2363, 37.1369], [-122.2366, 37.1363], [-122.2359, 37.1363], [-122.2365, 37.1352], [-122.2345, 37.135], [-122.2359, 37.1369], [-122.236, 37.139], [-122.2333, 37.141], [-122.2344, 37.1423], [-122.2334, 37.1431], [-122.2327, 37.1429], [-122.2331, 37.1445], [-122.2341, 37.1447], [-122.2347, 37.1428], [-122.2357, 37.1425], [-122.2368, 37.1433], [-122.2365, 37.1441], [-122.2392, 37.1438], [-122.2433, 37.147]], [[-122.2415, 37.1435], [-122.2409, 37.1441], [-122.2409, 37.1438], [-122.2415, 37.1435]], [[-122.2341, 37.1437], [-122.2334, 37.1439], [-122.2334, 37.1437], [-122.2341, 37.1437]], [[-122.2351, 37.1423], [-122.2347, 37.1426], [-122.2347, 37.1423], [-122.2351, 37.1423]], [[-122.2388, 37.1419], [-122.2384, 37.1422], [-122.2384, 37.1419], [-122.2388, 37.1419]], [[-122.2421, 37.1413], [-122.2418, 37.1416], [-122.2418, 37.1413], [-122.2421, 37.1413]]], [[[-122.2393, 37.1371], [-122.2403, 37.136], [-122.243, 37.1354], [-122.2409, 37.1349], [-122.2386, 37.1363], [-122.2383, 37.1371], [-122.2393, 37.1371]]], [[[-122.2051, 37.1358], [-122.2051, 37.1353], [-122.2041, 37.135], [-122.2041, 37.1358], [-122.2051, 37.1358]]], [[[-122.2873, 37.1345], [-122.2879, 37.1337], [-122.2859, 37.1332], [-122.2856, 37.134], [-122.2873, 37.1345]]], [[[-122.1915, 37.1339], [-122.1925, 37.1331], [-122.1915, 37.1331], [-122.1915, 37.1339]]], [[[-122.2068, 37.1344], [-122.2104, 37.1333], [-122.2101, 37.1325], [-122.2071, 37.1339], [-122.2057, 37.1337], [-122.2068, 37.1344]]], [[[-122.2047, 37.1331], [-122.2047, 37.1323], [-122.2033, 37.1326], [-122.2033, 37.1332], [-122.2047, 37.1331]]], [[[-122.2074, 37.1325], [-122.2091, 37.132], [-122.2074, 37.1323], [-122.2074, 37.1325]]], [[[-122.2094, 37.1317], [-122.2101, 37.132], [-122.2101, 37.1314], [-122.2094, 37.1317]]], [[[-122.2243, 37.1322], [-122.2246, 37.1311], [-122.2222, 37.1304], [-122.2216, 37.1317], [-122.2243, 37.1322]]], [[[-122.2087, 37.1317], [-122.2087, 37.1306], [-122.2083, 37.1306], [-122.208, 37.1317], [-122.2087, 37.1317]]], [[[-122.1621, 37.1345], [-122.1661, 37.1338], [-122.1648, 37.1328], [-122.1654, 37.1314], [-122.1631, 37.1323], [-122.1618, 37.1339], [-122.1621, 37.1345]]], [[[-122.21, 37.1311], [-122.2104, 37.1303], [-122.209, 37.1306], [-122.209, 37.1312], [-122.21, 37.1311]]], [[[-122.2076, 37.1293], [-122.2086, 37.129], [-122.2076, 37.129], [-122.2076, 37.1293]]], [[[-122.1894, 37.1302], [-122.19, 37.1296], [-122.1897, 37.1288], [-122.189, 37.1288], [-122.1894, 37.1302]]], [[[-122.1809, 37.1306], [-122.1809, 37.1301], [-122.1833, 37.1303], [-122.1816, 37.1284], [-122.1806, 37.1295], [-122.1809, 37.1306]], [[-122.1812, 37.1295], [-122.1809, 37.1298], [-122.1809, 37.1295], [-122.1812, 37.1295]]], [[[-122.1971, 37.1287], [-122.1978, 37.1284], [-122.1971, 37.1281], [-122.1971, 37.1287]]], [[[-122.2222, 37.1304], [-122.2222, 37.129], [-122.2235, 37.129], [-122.2235, 37.1285], [-122.2225, 37.1279], [-122.2208, 37.1285], [-122.2211, 37.1274], [-122.2197, 37.1275], [-122.2201, 37.1285], [-122.2215, 37.129], [-122.2212, 37.1304], [-122.2222, 37.1304]]], [[[-122.2296, 37.13], [-122.2299, 37.1283], [-122.2283, 37.1295], [-122.2272, 37.1287], [-122.2275, 37.1276], [-122.2241, 37.1274], [-122.2269, 37.1287], [-122.2279, 37.13], [-122.2296, 37.13]]], [[[-122.2032, 37.1283], [-122.2032, 37.1275], [-122.2018, 37.1272], [-122.2025, 37.1283], [-122.2032, 37.1283]]], [[[-122.2447, 37.1367], [-122.2454, 37.1361], [-122.2447, 37.1362], [-122.2443, 37.1345], [-122.2463, 37.1342], [-122.2474, 37.1356], [-122.247, 37.1337], [-122.2477, 37.1337], [-122.2477, 37.1353], [-122.2491, 37.1355], [-122.2487, 37.1328], [-122.25, 37.1326], [-122.2486, 37.132], [-122.25, 37.1312], [-122.2476, 37.1299], [-122.2482, 37.1288], [-122.2478, 37.1264], [-122.2471, 37.1264], [-122.2475, 37.1272], [-122.2462, 37.1294], [-122.2452, 37.1297], [-122.2456, 37.1313], [-122.2442, 37.1324], [-122.2443, 37.1343], [-122.243, 37.1351], [-122.2447, 37.1367]], [[-122.246, 37.1334], [-122.2456, 37.1337], [-122.2456, 37.1334], [-122.246, 37.1334]], [[-122.2483, 37.1331], [-122.248, 37.1334], [-122.248, 37.1331], [-122.2483, 37.1331]], [[-122.2463, 37.1329], [-122.246, 37.1332], [-122.2459, 37.1329], [-122.2463, 37.1329]], [[-122.247, 37.1326], [-122.2466, 37.1329], [-122.2466, 37.1326], [-122.247, 37.1326]], [[-122.2459, 37.1326], [-122.2456, 37.1329], [-122.2456, 37.1326], [-122.2459, 37.1326]], [[-122.2453, 37.1326], [-122.2449, 37.1329], [-122.2449, 37.1326], [-122.2453, 37.1326]], [[-122.2483, 37.1323], [-122.248, 37.1326], [-122.248, 37.1323], [-122.2483, 37.1323]], [[-122.2456, 37.1324], [-122.2453, 37.1326], [-122.2453, 37.1324], [-122.2456, 37.1324]]], [[[-122.2238, 37.1276], [-122.2234, 37.1266], [-122.2214, 37.1274], [-122.2214, 37.1277], [-122.2238, 37.1276]]], [[[-122.2887, 37.1251], [-122.289, 37.1253], [-122.2893, 37.1251], [-122.2887, 37.1251]]], [[[-122.1994, 37.1273], [-122.2004, 37.1267], [-122.1994, 37.1268], [-122.1994, 37.1273]]], [[[-122.2343, 37.1274], [-122.2346, 37.1258], [-122.2339, 37.1253], [-122.2326, 37.1269], [-122.2343, 37.1274]]], [[[-122.2018, 37.1272], [-122.2018, 37.1262], [-122.2011, 37.1259], [-122.2004, 37.1267], [-122.2018, 37.1272]]], [[[-122.2114, 37.1306], [-122.2113, 37.1284], [-122.2133, 37.1284], [-122.2133, 37.127], [-122.2147, 37.1273], [-122.2129, 37.1252], [-122.2112, 37.1252], [-122.211, 37.1284], [-122.2079, 37.1285], [-122.2097, 37.1295], [-122.2103, 37.1292], [-122.211, 37.1298], [-122.2104, 37.1303], [-122.2114, 37.1306]], [[-122.2126, 37.1276], [-122.2123, 37.1279], [-122.2123, 37.1276], [-122.2126, 37.1276]], [[-122.2126, 37.1254], [-122.2123, 37.126], [-122.2122, 37.1254], [-122.2126, 37.1254]]], [[[-122.287, 37.1251], [-122.2866, 37.1243], [-122.2856, 37.1238], [-122.2853, 37.1251], [-122.287, 37.1251]]], [[[-122.1981, 37.1262], [-122.198, 37.1257], [-122.1984, 37.1254], [-122.1977, 37.1254], [-122.1981, 37.1262]]], [[[-122.2318, 37.1251], [-122.2318, 37.1245], [-122.2308, 37.1248], [-122.2308, 37.1251], [-122.2318, 37.1251]]], [[[-122.2783, 37.1517], [-122.2776, 37.1498], [-122.2809, 37.1471], [-122.2805, 37.1455], [-122.2791, 37.1447], [-122.2794, 37.1436], [-122.2814, 37.1422], [-122.28, 37.1412], [-122.2803, 37.1401], [-122.2824, 37.14], [-122.2824, 37.1414], [-122.2862, 37.1432], [-122.2858, 37.1413], [-122.2874, 37.1397], [-122.2864, 37.1394], [-122.2854, 37.1405], [-122.2837, 37.1403], [-122.2833, 37.1381], [-122.286, 37.1365], [-122.2843, 37.1359], [-122.2842, 37.1354], [-122.2826, 37.1363], [-122.2826, 37.1371], [-122.2809, 37.136], [-122.2806, 37.1376], [-122.2789, 37.1377], [-122.2778, 37.1361], [-122.2781, 37.1347], [-122.2771, 37.1342], [-122.2774, 37.1328], [-122.2794, 37.1328], [-122.2798, 37.1344], [-122.2805, 37.1344], [-122.2805, 37.1331], [-122.2821, 37.133], [-122.2838, 37.1316], [-122.2828, 37.1311], [-122.2811, 37.1317], [-122.2797, 37.1306], [-122.28, 37.1296], [-122.2783, 37.1296], [-122.2796, 37.1277], [-122.2786, 37.1282], [-122.2773, 37.128], [-122.2772, 37.1258], [-122.2758, 37.125], [-122.2764, 37.1231], [-122.2747, 37.1229], [-122.2748, 37.1234], [-122.2717, 37.1246], [-122.2714, 37.1254], [-122.2721, 37.1259], [-122.2731, 37.1246], [-122.2754, 37.1237], [-122.2755, 37.1259], [-122.2748, 37.1259], [-122.2742, 37.1267], [-122.2725, 37.1265], [-122.2732, 37.1273], [-122.2729, 37.1278], [-122.2711, 37.1257], [-122.2702, 37.1297], [-122.2692, 37.1306], [-122.2706, 37.1327], [-122.2726, 37.1319], [-122.274, 37.1326], [-122.2734, 37.134], [-122.2717, 37.1343], [-122.2707, 37.1335], [-122.27, 37.1343], [-122.2704, 37.1359], [-122.2707, 37.1357], [-122.2714, 37.1357], [-122.2724, 37.1364], [-122.2721, 37.1373], [-122.2708, 37.1376], [-122.2715, 37.1389], [-122.2712, 37.1405], [-122.2719, 37.1408], [-122.2709, 37.1419], [-122.2707, 37.1454], [-122.2727, 37.1464], [-122.2738, 37.1483], [-122.2758, 37.1474], [-122.2759, 37.1507], [-122.2783, 37.1517]], [[-122.2789, 37.1485], [-122.2779, 37.1482], [-122.2785, 37.1471], [-122.2789, 37.1471], [-122.2789, 37.1485]], [[-122.2758, 37.1461], [-122.2751, 37.1469], [-122.2751, 37.1461], [-122.2758, 37.1461]], [[-122.2748, 37.1467], [-122.2741, 37.1469], [-122.2741, 37.1467], [-122.2748, 37.1467]], [[-122.2795, 37.1455], [-122.2788, 37.146], [-122.2788, 37.1458], [-122.2795, 37.1455]], [[-122.2802, 37.1455], [-122.2798, 37.1458], [-122.2798, 37.1455], [-122.2802, 37.1455]], [[-122.2744, 37.1456], [-122.2741, 37.1459], [-122.2741, 37.1456], [-122.2744, 37.1456]], [[-122.2727, 37.1456], [-122.2724, 37.1459], [-122.2724, 37.1456], [-122.2727, 37.1456]], [[-122.2785, 37.1452], [-122.2781, 37.1455], [-122.2781, 37.1452], [-122.2785, 37.1452]], [[-122.2724, 37.1454], [-122.272, 37.1456], [-122.272, 37.1454], [-122.2724, 37.1454]], [[-122.2737, 37.1453], [-122.273, 37.1448], [-122.2734, 37.1443], [-122.2737, 37.1442], [-122.2737, 37.1445], [-122.2744, 37.1445], [-122.2737, 37.1453]], [[-122.2754, 37.1448], [-122.2751, 37.145], [-122.2751, 37.1448], [-122.2754, 37.1448]], [[-122.273, 37.1448], [-122.2727, 37.1451], [-122.2727, 37.1448], [-122.273, 37.1448]], [[-122.2713, 37.1448], [-122.271, 37.1451], [-122.271, 37.1448], [-122.2713, 37.1448]], [[-122.2747, 37.1442], [-122.2744, 37.1445], [-122.2744, 37.1442], [-122.2747, 37.1442]], [[-122.2713, 37.1443], [-122.271, 37.1446], [-122.271, 37.1443], [-122.2713, 37.1443]], [[-122.274, 37.144], [-122.2737, 37.1442], [-122.2737, 37.144], [-122.274, 37.144]], [[-122.2854, 37.1408], [-122.2851, 37.1416], [-122.2851, 37.1408], [-122.2854, 37.1408]], [[-122.2743, 37.141], [-122.2739, 37.1413], [-122.2739, 37.141], [-122.2743, 37.141]], [[-122.2736, 37.1407], [-122.2733, 37.141], [-122.2732, 37.1407], [-122.2736, 37.1407]], [[-122.2763, 37.1402], [-122.2759, 37.1404], [-122.2759, 37.1402], [-122.2763, 37.1402]], [[-122.2813, 37.1371], [-122.2809, 37.1374], [-122.2809, 37.1371], [-122.2813, 37.1371]], [[-122.2717, 37.1348], [-122.2714, 37.1357], [-122.2714, 37.1348], [-122.2717, 37.1348]], [[-122.2824, 37.1314], [-122.2821, 37.1317], [-122.2821, 37.1314], [-122.2824, 37.1314]], [[-122.2794, 37.1309], [-122.279, 37.1312], [-122.279, 37.1309], [-122.2794, 37.1309]], [[-122.2756, 37.1296], [-122.2753, 37.1302], [-122.2753, 37.1296], [-122.2756, 37.1296]], [[-122.2715, 37.127], [-122.2712, 37.1276], [-122.2711, 37.127], [-122.2715, 37.127]], [[-122.2745, 37.1267], [-122.2742, 37.127], [-122.2742, 37.1267], [-122.2745, 37.1267]], [[-122.2755, 37.1261], [-122.2749, 37.1267], [-122.2748, 37.1261], [-122.2755, 37.1261]], [[-122.2754, 37.1232], [-122.2751, 37.1234], [-122.2751, 37.1232], [-122.2754, 37.1232]]], [[[-122.2616, 37.1232], [-122.2619, 37.1223], [-122.2588, 37.1227], [-122.2592, 37.1232], [-122.2616, 37.1232]]], [[[-122.1859, 37.1251], [-122.1868, 37.1243], [-122.1861, 37.1235], [-122.1851, 37.1238], [-122.1859, 37.1251]], [[-122.1858, 37.1238], [-122.1855, 37.124], [-122.1855, 37.1238], [-122.1858, 37.1238]]], [[[-122.2565, 37.1448], [-122.2544, 37.1433], [-122.2589, 37.1375], [-122.2603, 37.1378], [-122.261, 37.1372], [-122.2606, 37.1356], [-122.2659, 37.1328], [-122.2658, 37.1285], [-122.2647, 37.1274], [-122.265, 37.1266], [-122.263, 37.1256], [-122.263, 37.1261], [-122.26, 37.127], [-122.2607, 37.1283], [-122.2597, 37.1289], [-122.2573, 37.1289], [-122.2563, 37.13], [-122.2547, 37.13], [-122.2543, 37.129], [-122.2563, 37.1278], [-122.2562, 37.1265], [-122.2586, 37.1267], [-122.2585, 37.1238], [-122.2555, 37.1246], [-122.2552, 37.1241], [-122.2558, 37.1238], [-122.2548, 37.123], [-122.2551, 37.1222], [-122.2544, 37.1222], [-122.2531, 37.1236], [-122.2521, 37.1236], [-122.2521, 37.1244], [-122.2514, 37.1236], [-122.2497, 37.1242], [-122.248, 37.1234], [-122.2494, 37.1247], [-122.2495, 37.1258], [-122.2508, 37.1258], [-122.2512, 37.1266], [-122.2528, 37.1257], [-122.2542, 37.1271], [-122.2533, 37.1284], [-122.2509, 37.1288], [-122.2509, 37.1296], [-122.2526, 37.1303], [-122.2523, 37.1312], [-122.25, 37.1315], [-122.2503, 37.1328], [-122.2517, 37.1339], [-122.2514, 37.135], [-122.2524, 37.1349], [-122.2501, 37.1361], [-122.2505, 37.1379], [-122.2519, 37.1382], [-122.2526, 37.1393], [-122.2539, 37.1387], [-122.2539, 37.1395], [-122.2526, 37.1398], [-122.2526, 37.1403], [-122.2529, 37.1403], [-122.2529, 37.1401], [-122.2533, 37.14], [-122.2536, 37.1406], [-122.2519, 37.1412], [-122.252, 37.1417], [-122.2486, 37.1415], [-122.2486, 37.142], [-122.2517, 37.1428], [-122.2524, 37.1441], [-122.2565, 37.1448]], [[-122.2523, 37.1422], [-122.252, 37.1425], [-122.252, 37.1422], [-122.2523, 37.1422]], [[-122.2536, 37.1398], [-122.2533, 37.14], [-122.2533, 37.1398], [-122.2536, 37.1398]], [[-122.2546, 37.1395], [-122.2543, 37.1398], [-122.2543, 37.1395], [-122.2546, 37.1395]], [[-122.2583, 37.1373], [-122.2576, 37.1378], [-122.2576, 37.1373], [-122.2583, 37.1373]], [[-122.2566, 37.1376], [-122.2562, 37.1378], [-122.2562, 37.1376], [-122.2566, 37.1376]], [[-122.2572, 37.1367], [-122.2569, 37.1373], [-122.2569, 37.1367], [-122.2572, 37.1367]], [[-122.2565, 37.1367], [-122.2559, 37.1373], [-122.2555, 37.1368], [-122.2565, 37.1367]], [[-122.2589, 37.1359], [-122.2582, 37.1367], [-122.2582, 37.1359], [-122.2589, 37.1359]], [[-122.2582, 37.1354], [-122.2575, 37.1359], [-122.2572, 37.1354], [-122.2582, 37.1354]], [[-122.2572, 37.1351], [-122.2568, 37.1354], [-122.2568, 37.1351], [-122.2572, 37.1351]], [[-122.2535, 37.1355], [-122.2528, 37.1355], [-122.2528, 37.1349], [-122.2531, 37.1349], [-122.2535, 37.1355]], [[-122.2544, 37.1344], [-122.2541, 37.1346], [-122.2541, 37.1344], [-122.2544, 37.1344]], [[-122.2605, 37.134], [-122.2598, 37.134], [-122.2592, 37.1335], [-122.2602, 37.1334], [-122.2605, 37.134]], [[-122.2534, 37.1338], [-122.2531, 37.1341], [-122.2531, 37.1338], [-122.2534, 37.1338]], [[-122.2521, 37.1336], [-122.2517, 37.1339], [-122.2517, 37.1336], [-122.2521, 37.1336]], [[-122.2595, 37.1326], [-122.2588, 37.1329], [-122.2588, 37.1327], [-122.2595, 37.1326]], [[-122.2588, 37.1321], [-122.2584, 37.1324], [-122.2584, 37.1321], [-122.2588, 37.1321]], [[-122.2511, 37.1255], [-122.2508, 37.1258], [-122.2508, 37.1255], [-122.2511, 37.1255]], [[-122.2515, 37.1247], [-122.2511, 37.125], [-122.2511, 37.1247], [-122.2515, 37.1247]], [[-122.2518, 37.1244], [-122.2515, 37.1247], [-122.2514, 37.1244], [-122.2518, 37.1244]]], [[[-122.1845, 37.1243], [-122.1851, 37.1238], [-122.1851, 37.1232], [-122.1841, 37.1238], [-122.1845, 37.1243]]], [[[-122.2385, 37.1225], [-122.2389, 37.122], [-122.2368, 37.1212], [-122.2368, 37.1217], [-122.2385, 37.1225]]], [[[-122.1733, 37.1235], [-122.176, 37.1234], [-122.1753, 37.1226], [-122.1739, 37.1224], [-122.1733, 37.1229], [-122.1733, 37.1235]]], [[[-122.273, 37.1213], [-122.2726, 37.1202], [-122.2713, 37.1208], [-122.2713, 37.1211], [-122.273, 37.1213]]], [[[-122.225, 37.1217], [-122.225, 37.1211], [-122.2243, 37.1209], [-122.2243, 37.1214], [-122.225, 37.1217]]], [[[-122.225, 37.1206], [-122.226, 37.1206], [-122.2263, 37.12], [-122.225, 37.1206]]], [[[-122.2568, 37.1222], [-122.2578, 37.1205], [-122.257, 37.1192], [-122.2554, 37.12], [-122.2551, 37.1217], [-122.2551, 37.1222], [-122.2568, 37.1222]]], [[[-122.2771, 37.1215], [-122.2784, 37.1207], [-122.2787, 37.1188], [-122.278, 37.1188], [-122.2784, 37.1199], [-122.2777, 37.1193], [-122.2777, 37.1204], [-122.2767, 37.1207], [-122.2771, 37.1215]]], [[[-122.2273, 37.1206], [-122.2273, 37.1198], [-122.2266, 37.1198], [-122.227, 37.1203], [-122.2263, 37.1206], [-122.2273, 37.1206]]], [[[-122.249, 37.1202], [-122.2489, 37.1196], [-122.2493, 37.1191], [-122.2486, 37.1194], [-122.249, 37.1202]]], [[[-122.2804, 37.1196], [-122.2804, 37.1187], [-122.2793, 37.1182], [-122.2797, 37.1196], [-122.2804, 37.1196]]], [[[-122.1713, 37.1235], [-122.1719, 37.1224], [-122.1699, 37.1222], [-122.1695, 37.1203], [-122.1678, 37.1211], [-122.1699, 37.1235], [-122.1713, 37.1235]]], [[[-122.275, 37.1194], [-122.2746, 37.1178], [-122.2739, 37.1178], [-122.2743, 37.1183], [-122.2729, 37.1181], [-122.2729, 37.1194], [-122.275, 37.1194]], [[-122.2746, 37.1186], [-122.2743, 37.1189], [-122.2743, 37.1186], [-122.2746, 37.1186]]], [[[-122.2324, 37.1197], [-122.233, 37.1191], [-122.233, 37.1186], [-122.232, 37.1189], [-122.2324, 37.1197]]], [[[-122.2516, 37.1185], [-122.2523, 37.1182], [-122.2516, 37.1179], [-122.2516, 37.1185]]], [[[-122.2499, 37.1191], [-122.2513, 37.1182], [-122.2502, 37.1174], [-122.2499, 37.1191]]], [[[-122.2827, 37.1176], [-122.283, 37.1168], [-122.2823, 37.1168], [-122.2827, 37.1176]]], [[[-122.208, 37.1193], [-122.209, 37.1185], [-122.2076, 37.1182], [-122.208, 37.1193]]], [[[-122.2076, 37.118], [-122.209, 37.1174], [-122.2076, 37.1177], [-122.2076, 37.118]]], [[[-122.1826, 37.1184], [-122.1836, 37.1179], [-122.1826, 37.1176], [-122.1826, 37.1184]]], [[[-122.1813, 37.1187], [-122.1802, 37.1177], [-122.1782, 37.1174], [-122.1782, 37.118], [-122.1813, 37.1187]]], [[[-122.1593, 37.1175], [-122.1603, 37.1172], [-122.1592, 37.1172], [-122.1593, 37.1175]]], [[[-122.2005, 37.1173], [-122.2005, 37.1165], [-122.2008, 37.1159], [-122.1998, 37.1165], [-122.2005, 37.1173]]], [[[-122.2637, 37.115], [-122.2637, 37.1145], [-122.263, 37.1145], [-122.263, 37.1148], [-122.2637, 37.115]]], [[[-122.2167, 37.1159], [-122.2167, 37.1151], [-122.216, 37.1151], [-122.216, 37.1156], [-122.2167, 37.1159]]], [[[-122.1454, 37.1175], [-122.1454, 37.1169], [-122.1457, 37.1164], [-122.145, 37.1167], [-122.1454, 37.1175]]], [[[-122.2033, 37.1207], [-122.2053, 37.1191], [-122.2046, 37.1177], [-122.2052, 37.1156], [-122.2045, 37.115], [-122.2035, 37.1151], [-122.2025, 37.1172], [-122.2008, 37.1173], [-122.2002, 37.1181], [-122.2022, 37.1181], [-122.2022, 37.1189], [-122.2029, 37.1183], [-122.2029, 37.1191], [-122.2016, 37.12], [-122.2033, 37.1207]], [[-122.2033, 37.1191], [-122.2029, 37.1194], [-122.2029, 37.1191], [-122.2033, 37.1191]], [[-122.2035, 37.1172], [-122.2029, 37.1175], [-122.2029, 37.1172], [-122.2035, 37.1172]], [[-122.2042, 37.1169], [-122.2035, 37.1172], [-122.2035, 37.117], [-122.2042, 37.1169]], [[-122.2035, 37.1161], [-122.2032, 37.1164], [-122.2032, 37.1162], [-122.2035, 37.1161]]], [[[-122.1772, 37.1174], [-122.1771, 37.1156], [-122.1758, 37.115], [-122.1748, 37.1159], [-122.1748, 37.1169], [-122.1772, 37.1174]]], [[[-122.1846, 37.1165], [-122.1859, 37.1154], [-122.1852, 37.1146], [-122.1832, 37.1154], [-122.1846, 37.1165]]], [[[-122.217, 37.1159], [-122.218, 37.1156], [-122.218, 37.1134], [-122.2167, 37.1146], [-122.217, 37.1159]]], [[[-122.2403, 37.1136], [-122.2403, 37.113], [-122.2393, 37.1128], [-122.2393, 37.1133], [-122.2403, 37.1136]]], [[[-122.2618, 37.1207], [-122.2615, 37.1199], [-122.2624, 37.1188], [-122.2614, 37.1186], [-122.261, 37.1175], [-122.2627, 37.1167], [-122.2624, 37.1158], [-122.2637, 37.1158], [-122.2623, 37.1145], [-122.2643, 37.1139], [-122.2643, 37.1118], [-122.2629, 37.1131], [-122.2612, 37.1126], [-122.2612, 37.1121], [-122.2602, 37.1124], [-122.2606, 37.1132], [-122.2593, 37.1143], [-122.262, 37.114], [-122.2623, 37.1156], [-122.2613, 37.1159], [-122.261, 37.1153], [-122.26, 37.1172], [-122.2607, 37.118], [-122.2605, 37.1202], [-122.2618, 37.1207]], [[-122.2618, 37.1188], [-122.2614, 37.1191], [-122.2614, 37.1188], [-122.2618, 37.1188]], [[-122.2623, 37.1132], [-122.2616, 37.1134], [-122.2616, 37.1132], [-122.2623, 37.1132]]], [[[-122.1727, 37.1146], [-122.173, 37.114], [-122.172, 37.1135], [-122.172, 37.114], [-122.1727, 37.1146]]], [[[-122.2406, 37.113], [-122.2413, 37.1127], [-122.2413, 37.1122], [-122.2403, 37.1122], [-122.2406, 37.113]]], [[[-122.1994, 37.1141], [-122.1994, 37.1133], [-122.198, 37.1127], [-122.198, 37.1141], [-122.1994, 37.1141]]], [[[-122.1626, 37.1158], [-122.1636, 37.1142], [-122.1618, 37.1134], [-122.1619, 37.1139], [-122.1605, 37.114], [-122.1605, 37.1148], [-122.1616, 37.1158], [-122.1619, 37.1153], [-122.1626, 37.1158]]], [[[-122.1754, 37.114], [-122.1754, 37.1132], [-122.1747, 37.1132], [-122.1747, 37.1137], [-122.1754, 37.114]]], [[[-122.2176, 37.1132], [-122.2193, 37.1126], [-122.2183, 37.1126], [-122.2183, 37.1121], [-122.2173, 37.1124], [-122.2176, 37.1132]]], [[[-122.1707, 37.1165], [-122.1721, 37.1162], [-122.1717, 37.1154], [-122.171, 37.1157], [-122.171, 37.1151], [-122.172, 37.1151], [-122.172, 37.1146], [-122.171, 37.1146], [-122.1716, 37.113], [-122.1706, 37.1138], [-122.1696, 37.1135], [-122.1693, 37.1143], [-122.1693, 37.1149], [-122.1697, 37.1149], [-122.1697, 37.1151], [-122.17, 37.1151], [-122.1704, 37.1154], [-122.1707, 37.1165]], [[-122.1707, 37.1146], [-122.17, 37.1151], [-122.17, 37.1143], [-122.1707, 37.1146]]], [[[-122.2203, 37.1123], [-122.2203, 37.1118], [-122.219, 37.1121], [-122.219, 37.1123], [-122.2203, 37.1123]]], [[[-122.1886, 37.1135], [-122.1885, 37.1129], [-122.1889, 37.1124], [-122.1875, 37.1129], [-122.1886, 37.1135]]], [[[-122.1628, 37.1131], [-122.1628, 37.1126], [-122.1621, 37.112], [-122.1618, 37.1129], [-122.1628, 37.1131]]], [[[-122.1949, 37.1123], [-122.1949, 37.1114], [-122.1939, 37.1115], [-122.1943, 37.1123], [-122.1949, 37.1123]]], [[[-122.2037, 37.1118], [-122.2044, 37.1115], [-122.2037, 37.1113], [-122.2037, 37.1118]]], [[[-122.2034, 37.1134], [-122.2034, 37.1121], [-122.202, 37.1113], [-122.2021, 37.1135], [-122.2034, 37.1134]]], [[[-122.1432, 37.1127], [-122.1439, 37.1124], [-122.1432, 37.1121], [-122.1432, 37.1127]]], [[[-122.1906, 37.1123], [-122.1909, 37.1118], [-122.1898, 37.111], [-122.1889, 37.1124], [-122.1906, 37.1123]]], [[[-122.2044, 37.1115], [-122.2047, 37.1107], [-122.2044, 37.1107], [-122.2044, 37.1115]]], [[[-122.2061, 37.1112], [-122.2061, 37.1107], [-122.2051, 37.111], [-122.2051, 37.1113], [-122.2061, 37.1112]]], [[[-122.2119, 37.1141], [-122.2126, 37.1133], [-122.2149, 37.1127], [-122.2149, 37.1119], [-122.2152, 37.1124], [-122.2159, 37.1121], [-122.2162, 37.1102], [-122.2142, 37.1122], [-122.2129, 37.1122], [-122.2136, 37.1125], [-122.2132, 37.113], [-122.2115, 37.1128], [-122.2122, 37.113], [-122.2119, 37.1141]]], [[[-122.2135, 37.1119], [-122.2149, 37.1113], [-122.2145, 37.1103], [-122.2131, 37.1098], [-122.2128, 37.1111], [-122.2138, 37.1108], [-122.2135, 37.1119]], [[-122.2138, 37.1103], [-122.2132, 37.1106], [-122.2132, 37.1103], [-122.2138, 37.1103]]], [[[-122.1429, 37.1116], [-122.1442, 37.1116], [-122.1442, 37.111], [-122.1429, 37.1116]]], [[[-122.2574, 37.1092], [-122.2584, 37.1089], [-122.2574, 37.1084], [-122.2574, 37.1092]]], [[[-122.2189, 37.1097], [-122.2195, 37.1091], [-122.2189, 37.1091], [-122.2189, 37.1097]]], [[[-122.2435, 37.1197], [-122.2451, 37.1162], [-122.2481, 37.115], [-122.2481, 37.1126], [-122.2484, 37.1137], [-122.2498, 37.1131], [-122.2497, 37.1123], [-122.248, 37.1113], [-122.2483, 37.1107], [-122.2466, 37.1102], [-122.2466, 37.1083], [-122.2446, 37.1092], [-122.2429, 37.1089], [-122.2429, 37.1105], [-122.2433, 37.1105], [-122.2436, 37.1108], [-122.2436, 37.1113], [-122.244, 37.1113], [-122.2437, 37.113], [-122.2423, 37.1138], [-122.2434, 37.1149], [-122.2431, 37.1159], [-122.2414, 37.116], [-122.241, 37.1144], [-122.238, 37.1152], [-122.2397, 37.1163], [-122.2387, 37.1176], [-122.2398, 37.1184], [-122.2408, 37.1179], [-122.2428, 37.1184], [-122.2429, 37.1197], [-122.2435, 37.1197]], [[-122.2414, 37.1173], [-122.2408, 37.1176], [-122.2408, 37.1173], [-122.2414, 37.1173]], [[-122.24, 37.1155], [-122.2397, 37.1157], [-122.2397, 37.1155], [-122.24, 37.1155]], [[-122.2471, 37.1145], [-122.2468, 37.1148], [-122.2468, 37.1145], [-122.2471, 37.1145]], [[-122.2474, 37.1142], [-122.2471, 37.1145], [-122.2471, 37.1142], [-122.2474, 37.1142]], [[-122.2478, 37.114], [-122.2474, 37.1142], [-122.2474, 37.114], [-122.2478, 37.114]], [[-122.2471, 37.114], [-122.2467, 37.1143], [-122.2467, 37.114], [-122.2471, 37.114]], [[-122.2454, 37.114], [-122.2447, 37.1143], [-122.2447, 37.114], [-122.2454, 37.114]], [[-122.2464, 37.114], [-122.2457, 37.114], [-122.2457, 37.1135], [-122.246, 37.1135], [-122.2464, 37.114]], [[-122.2447, 37.1135], [-122.244, 37.1132], [-122.2447, 37.1129], [-122.2447, 37.1135]], [[-122.2433, 37.1135], [-122.243, 37.1138], [-122.243, 37.1135], [-122.2433, 37.1135]], [[-122.2467, 37.1129], [-122.246, 37.1132], [-122.246, 37.1129], [-122.2467, 37.1129]], [[-122.244, 37.113], [-122.2437, 37.1132], [-122.2437, 37.113], [-122.244, 37.113]], [[-122.246, 37.1127], [-122.2457, 37.1129], [-122.2457, 37.1127], [-122.246, 37.1127]], [[-122.247, 37.1121], [-122.2467, 37.1124], [-122.2467, 37.1121], [-122.247, 37.1121]], [[-122.2439, 37.1105], [-122.2436, 37.1108], [-122.2436, 37.1105], [-122.2439, 37.1105]], [[-122.2446, 37.1094], [-122.2442, 37.1097], [-122.2442, 37.1094], [-122.2446, 37.1094]], [[-122.2449, 37.1092], [-122.2446, 37.1094], [-122.2446, 37.1092], [-122.2449, 37.1092]]], [[[-122.1431, 37.1097], [-122.1435, 37.11], [-122.1438, 37.1097], [-122.1431, 37.1097]]], [[[-122.2053, 37.1088], [-122.2053, 37.1083], [-122.204, 37.1083], [-122.204, 37.1086], [-122.2053, 37.1088]]], [[[-122.2134, 37.1079], [-122.2138, 37.1081], [-122.2141, 37.1079], [-122.2134, 37.1079]]], [[[-122.1601, 37.1124], [-122.1594, 37.1118], [-122.1621, 37.1107], [-122.1617, 37.1094], [-122.1597, 37.1086], [-122.1597, 37.1094], [-122.1587, 37.1094], [-122.1584, 37.1118], [-122.1601, 37.1124]], [[-122.1601, 37.111], [-122.1598, 37.1113], [-122.1597, 37.111], [-122.1601, 37.111]]], [[[-122.1905, 37.111], [-122.1908, 37.1102], [-122.1925, 37.1101], [-122.1931, 37.108], [-122.1915, 37.1091], [-122.1908, 37.1088], [-122.1898, 37.1099], [-122.1905, 37.111]], [[-122.1908, 37.1099], [-122.1905, 37.1102], [-122.1905, 37.1099], [-122.1908, 37.1099]]], [[[-122.2176, 37.1121], [-122.2175, 37.1099], [-122.2189, 37.1088], [-122.2195, 37.1088], [-122.2195, 37.1083], [-122.2178, 37.1089], [-122.2154, 37.1073], [-122.2155, 37.1084], [-122.2145, 37.1087], [-122.2145, 37.1092], [-122.2155, 37.1092], [-122.2161, 37.1084], [-122.2168, 37.1086], [-122.2158, 37.1094], [-122.2172, 37.1097], [-122.2162, 37.11], [-122.2165, 37.1102], [-122.2162, 37.1119], [-122.2176, 37.1121]], [[-122.2172, 37.1108], [-122.2169, 37.111], [-122.2169, 37.1108], [-122.2172, 37.1108]], [[-122.2179, 37.1091], [-122.2172, 37.1094], [-122.2172, 37.1091], [-122.2179, 37.1091]], [[-122.2161, 37.1078], [-122.2158, 37.1081], [-122.2158, 37.1078], [-122.2161, 37.1078]]], [[[-122.1593, 37.1089], [-122.1593, 37.1083], [-122.1587, 37.1083], [-122.1587, 37.1086], [-122.1593, 37.1089]]], [[[-122.206, 37.108], [-122.206, 37.1075], [-122.2049, 37.1072], [-122.205, 37.108], [-122.206, 37.108]]], [[[-122.202, 37.1094], [-122.204, 37.1094], [-122.2033, 37.1091], [-122.2033, 37.1078], [-122.2039, 37.1078], [-122.2033, 37.1072], [-122.2026, 37.1078], [-122.203, 37.1089], [-122.202, 37.1094]]], [[[-122.201, 37.1124], [-122.201, 37.1105], [-122.202, 37.11], [-122.2016, 37.1094], [-122.2026, 37.1078], [-122.2019, 37.107], [-122.2012, 37.1073], [-122.2013, 37.1086], [-122.2006, 37.1084], [-122.2006, 37.1089], [-122.1989, 37.1092], [-122.1989, 37.1098], [-122.2013, 37.1092], [-122.2003, 37.1103], [-122.1993, 37.1103], [-122.1997, 37.1114], [-122.198, 37.1114], [-122.1973, 37.1106], [-122.1959, 37.1109], [-122.1966, 37.1122], [-122.201, 37.1124]], [[-122.2, 37.1116], [-122.1997, 37.1119], [-122.1997, 37.1116], [-122.2, 37.1116]]], [[[-122.1827, 37.1082], [-122.1823, 37.1076], [-122.1813, 37.1074], [-122.1816, 37.1082], [-122.1827, 37.1082]]], [[[-122.1938, 37.108], [-122.1948, 37.1077], [-122.1941, 37.1069], [-122.1935, 37.1074], [-122.1938, 37.108]]], [[[-122.2164, 37.107], [-122.2164, 37.1065], [-122.2154, 37.1067], [-122.2154, 37.107], [-122.2164, 37.107]]], [[[-122.2056, 37.1072], [-122.2056, 37.1064], [-122.2046, 37.1067], [-122.2046, 37.1069], [-122.2056, 37.1072]]], [[[-122.1965, 37.1076], [-122.1968, 37.1068], [-122.1961, 37.1066], [-122.1955, 37.1077], [-122.1965, 37.1076]]], [[[-122.1806, 37.1074], [-122.1813, 37.1068], [-122.1809, 37.1068], [-122.1806, 37.1074]]], [[[-122.1803, 37.1074], [-122.1803, 37.1069], [-122.1792, 37.1069], [-122.1793, 37.1074], [-122.1803, 37.1074]]], [[[-122.2046, 37.1078], [-122.2043, 37.1072], [-122.2046, 37.1064], [-122.2039, 37.1062], [-122.2036, 37.107], [-122.2046, 37.1078]]], [[[-122.184, 37.1068], [-122.1853, 37.1068], [-122.1853, 37.1062], [-122.184, 37.1068]]], [[[-122.157, 37.1084], [-122.1576, 37.1078], [-122.1562, 37.1065], [-122.1553, 37.1076], [-122.157, 37.1084]]], [[[-122.2029, 37.1067], [-122.2039, 37.1062], [-122.2039, 37.1056], [-122.2015, 37.1062], [-122.2029, 37.1067]]], [[[-122.2154, 37.1065], [-122.2154, 37.1054], [-122.2147, 37.1054], [-122.2144, 37.1062], [-122.2154, 37.1065]]], [[[-122.2006, 37.1078], [-122.2002, 37.1054], [-122.1985, 37.1057], [-122.1985, 37.1065], [-122.1999, 37.1065], [-122.1985, 37.1073], [-122.1999, 37.107], [-122.2006, 37.1078]]], [[[-122.177, 37.1096], [-122.1783, 37.1085], [-122.1785, 37.1063], [-122.1795, 37.1055], [-122.1779, 37.1061], [-122.1782, 37.1066], [-122.1763, 37.1088], [-122.177, 37.1096]], [[-122.1782, 37.1077], [-122.1779, 37.108], [-122.1779, 37.1077], [-122.1782, 37.1077]]], [[[-122.1924, 37.1058], [-122.1927, 37.1053], [-122.1917, 37.105], [-122.1917, 37.1056], [-122.1924, 37.1058]]], [[[-122.1671, 37.1084], [-122.1684, 37.106], [-122.1677, 37.1055], [-122.166, 37.106], [-122.1671, 37.1084]]], [[[-122.2174, 37.1064], [-122.2167, 37.1043], [-122.2164, 37.1043], [-122.2168, 37.1065], [-122.2174, 37.1064]]], [[[-122.1835, 37.1141], [-122.1838, 37.1133], [-122.1855, 37.113], [-122.1855, 37.1116], [-122.1868, 37.1111], [-122.1854, 37.1105], [-122.1868, 37.1105], [-122.1874, 37.1097], [-122.1864, 37.1089], [-122.1867, 37.1081], [-122.1881, 37.1078], [-122.1867, 37.1065], [-122.187, 37.1048], [-122.186, 37.1057], [-122.1863, 37.107], [-122.1843, 37.1073], [-122.184, 37.1081], [-122.1813, 37.1095], [-122.1821, 37.1109], [-122.181, 37.1104], [-122.1787, 37.1109], [-122.18, 37.1115], [-122.1801, 37.1125], [-122.1815, 37.1136], [-122.1835, 37.1141]], [[-122.1827, 37.1109], [-122.1824, 37.1111], [-122.1824, 37.1109], [-122.1827, 37.1109]], [[-122.1837, 37.1103], [-122.1834, 37.1106], [-122.1834, 37.1103], [-122.1837, 37.1103]], [[-122.1831, 37.1103], [-122.1824, 37.1106], [-122.1824, 37.1103], [-122.1831, 37.1103]], [[-122.1868, 37.1097], [-122.1864, 37.11], [-122.1864, 37.1097], [-122.1868, 37.1097]], [[-122.1864, 37.1094], [-122.1857, 37.1097], [-122.1857, 37.1095], [-122.1864, 37.1094]]], [[[-122.1576, 37.1059], [-122.1576, 37.1054], [-122.1569, 37.1054], [-122.1569, 37.1057], [-122.1576, 37.1059]]], [[[-122.2039, 37.1045], [-122.2052, 37.1045], [-122.2052, 37.104], [-122.2039, 37.1045]]], [[[-122.1995, 37.1043], [-122.2001, 37.1049], [-122.2008, 37.104], [-122.1995, 37.1043]]], [[[-122.2588, 37.1089], [-122.2594, 37.1081], [-122.2594, 37.1073], [-122.258, 37.1065], [-122.2586, 37.104], [-122.2572, 37.1027], [-122.2563, 37.1049], [-122.2573, 37.1068], [-122.2574, 37.1081], [-122.2588, 37.1089]], [[-122.258, 37.1068], [-122.2577, 37.107], [-122.2577, 37.1068], [-122.258, 37.1068]], [[-122.2577, 37.1062], [-122.2573, 37.1068], [-122.2573, 37.1062], [-122.2577, 37.1062]]], [[[-122.1792, 37.105], [-122.1795, 37.1042], [-122.1788, 37.1042], [-122.1792, 37.105]]], [[[-122.2079, 37.1039], [-122.2079, 37.1034], [-122.2072, 37.1034], [-122.2072, 37.1037], [-122.2079, 37.1039]]], [[[-122.1562, 37.1049], [-122.1562, 37.1043], [-122.1552, 37.1041], [-122.1552, 37.1046], [-122.1562, 37.1049]]], [[[-122.239, 37.1036], [-122.2393, 37.1028], [-122.2386, 37.1023], [-122.2376, 37.1026], [-122.2376, 37.1034], [-122.239, 37.1036]]], [[[-122.1842, 37.1041], [-122.1842, 37.1033], [-122.1839, 37.1033], [-122.1835, 37.1038], [-122.1842, 37.1041]]], [[[-122.1437, 37.1043], [-122.1447, 37.1037], [-122.1436, 37.1037], [-122.1437, 37.1043]]], [[[-122.1663, 37.1047], [-122.1659, 37.1031], [-122.1656, 37.1031], [-122.1653, 37.1039], [-122.1663, 37.1047]]], [[[-122.2655, 37.1066], [-122.2661, 37.1044], [-122.2637, 37.1037], [-122.2633, 37.1029], [-122.2643, 37.102], [-122.2626, 37.101], [-122.263, 37.1034], [-122.262, 37.1034], [-122.262, 37.1045], [-122.2634, 37.105], [-122.2634, 37.1061], [-122.2655, 37.1066]]], [[[-122.1676, 37.1036], [-122.168, 37.1028], [-122.1676, 37.1028], [-122.1676, 37.1036]]], [[[-122.2582, 37.1016], [-122.2589, 37.1008], [-122.2578, 37.1005], [-122.2572, 37.1016], [-122.2582, 37.1016]]], [[[-122.1805, 37.1031], [-122.1811, 37.1025], [-122.1805, 37.102], [-122.1805, 37.1031]]], [[[-122.1974, 37.103], [-122.198, 37.1019], [-122.1973, 37.1017], [-122.1974, 37.103]]], [[[-122.2021, 37.1021], [-122.2024, 37.1013], [-122.2021, 37.1013], [-122.2021, 37.1021]]], [[[-122.1987, 37.1019], [-122.1994, 37.1016], [-122.1987, 37.1014], [-122.1987, 37.1019]]], [[[-122.2473, 37.0997], [-122.2477, 37.0999], [-122.248, 37.0997], [-122.2473, 37.0997]]], [[[-122.1666, 37.1012], [-122.1676, 37.1009], [-122.1666, 37.1009], [-122.1666, 37.1012]]], [[[-122.2625, 37.0994], [-122.2622, 37.0988], [-122.2615, 37.0991], [-122.2615, 37.0994], [-122.2625, 37.0994]]], [[[-122.1693, 37.1011], [-122.1693, 37.1006], [-122.1682, 37.1006], [-122.1683, 37.1011], [-122.1693, 37.1011]]], [[[-122.17, 37.1133], [-122.1716, 37.1127], [-122.1726, 37.1105], [-122.1713, 37.1113], [-122.1699, 37.1106], [-122.1692, 37.1111], [-122.1695, 37.1079], [-122.1705, 37.107], [-122.1722, 37.1075], [-122.1731, 37.1067], [-122.1714, 37.1041], [-122.1717, 37.104], [-122.172, 37.103], [-122.1737, 37.1035], [-122.175, 37.1018], [-122.173, 37.1002], [-122.172, 37.1005], [-122.172, 37.1021], [-122.1693, 37.1019], [-122.1683, 37.1028], [-122.1683, 37.1038], [-122.169, 37.1038], [-122.1684, 37.1049], [-122.1704, 37.1065], [-122.1687, 37.1065], [-122.1688, 37.1079], [-122.1678, 37.1076], [-122.1674, 37.1084], [-122.1668, 37.1087], [-122.1678, 37.1095], [-122.1675, 37.1109], [-122.1682, 37.1119], [-122.17, 37.1133]], [[-122.1711, 37.1059], [-122.1708, 37.1062], [-122.1708, 37.106], [-122.1711, 37.1059]], [[-122.1707, 37.1046], [-122.1701, 37.1049], [-122.17, 37.1046], [-122.1707, 37.1046]], [[-122.1697, 37.1038], [-122.1694, 37.1041], [-122.1693, 37.1038], [-122.1697, 37.1038]], [[-122.1704, 37.1035], [-122.17, 37.1038], [-122.17, 37.1035], [-122.1704, 37.1035]], [[-122.1717, 37.1032], [-122.171, 37.1035], [-122.171, 37.1032], [-122.1717, 37.1032]], [[-122.17, 37.1033], [-122.1697, 37.1035], [-122.1697, 37.1033], [-122.17, 37.1033]], [[-122.173, 37.1029], [-122.1727, 37.1024], [-122.1737, 37.1024], [-122.1737, 37.1027], [-122.173, 37.1029]], [[-122.174, 37.1016], [-122.1737, 37.1018], [-122.1737, 37.1016], [-122.174, 37.1016]]], [[[-122.1679, 37.1006], [-122.1675, 37.1001], [-122.1669, 37.1001], [-122.1669, 37.1006], [-122.1679, 37.1006]]], [[[-122.1528, 37.1041], [-122.1528, 37.1033], [-122.1538, 37.1038], [-122.1541, 37.103], [-122.1541, 37.1022], [-122.1538, 37.1025], [-122.1531, 37.1022], [-122.1551, 37.1014], [-122.1533, 37.1001], [-122.1523, 37.1003], [-122.1527, 37.1009], [-122.1513, 37.1009], [-122.1514, 37.1023], [-122.1528, 37.1041]], [[-122.1534, 37.1028], [-122.1531, 37.103], [-122.1531, 37.1028], [-122.1534, 37.1028]], [[-122.1531, 37.1025], [-122.1527, 37.1028], [-122.1527, 37.1025], [-122.1531, 37.1025]], [[-122.152, 37.1017], [-122.1517, 37.102], [-122.1517, 37.1017], [-122.152, 37.1017]]], [[[-122.1695, 37.099], [-122.1706, 37.0992], [-122.1706, 37.0987], [-122.1695, 37.099]]], [[[-122.2094, 37.0982], [-122.2101, 37.0977], [-122.2097, 37.0977], [-122.2094, 37.0982]]], [[[-122.1831, 37.1006], [-122.184, 37.0976], [-122.1816, 37.0966], [-122.181, 37.0969], [-122.1813, 37.0979], [-122.1796, 37.0971], [-122.1784, 37.1001], [-122.18, 37.0993], [-122.1831, 37.1006]], [[-122.1831, 37.0987], [-122.1827, 37.099], [-122.1827, 37.0987], [-122.1831, 37.0987]]], [[[-122.1776, 37.0964], [-122.1779, 37.0966], [-122.1786, 37.0964], [-122.1776, 37.0964]]], [[[-122.1715, 37.0981], [-122.1732, 37.097], [-122.1736, 37.0973], [-122.1746, 37.097], [-122.1739, 37.097], [-122.1728, 37.0954], [-122.1694, 37.0949], [-122.1705, 37.0954], [-122.1705, 37.0973], [-122.1715, 37.0981]]], [[[-122.211, 37.0936], [-122.211, 37.0931], [-122.2096, 37.0928], [-122.2096, 37.0934], [-122.211, 37.0936]]], [[[-122.1645, 37.1015], [-122.1659, 37.1004], [-122.1645, 37.099], [-122.1651, 37.0963], [-122.1661, 37.096], [-122.1671, 37.0968], [-122.1685, 37.0968], [-122.1688, 37.0955], [-122.1694, 37.0954], [-122.1684, 37.0949], [-122.1698, 37.0946], [-122.1697, 37.0938], [-122.1639, 37.0918], [-122.165, 37.0936], [-122.1647, 37.0945], [-122.1637, 37.0947], [-122.1623, 37.094], [-122.1613, 37.0942], [-122.1603, 37.0932], [-122.1616, 37.0915], [-122.1602, 37.0916], [-122.1589, 37.0937], [-122.1596, 37.0937], [-122.1599, 37.094], [-122.16, 37.0945], [-122.1606, 37.0945], [-122.1603, 37.0951], [-122.161, 37.0953], [-122.1593, 37.0956], [-122.16, 37.0962], [-122.1603, 37.0956], [-122.1613, 37.0961], [-122.163, 37.0958], [-122.1627, 37.0966], [-122.1637, 37.0972], [-122.1603, 37.0964], [-122.1597, 37.0986], [-122.1642, 37.0999], [-122.1632, 37.1002], [-122.1632, 37.1012], [-122.1645, 37.1015]], [[-122.1645, 37.1001], [-122.1642, 37.1004], [-122.1642, 37.1001], [-122.1645, 37.1001]], [[-122.1648, 37.0996], [-122.1645, 37.0999], [-122.1645, 37.0996], [-122.1648, 37.0996]], [[-122.1614, 37.0975], [-122.1611, 37.0978], [-122.1611, 37.0975], [-122.1614, 37.0975]], [[-122.1634, 37.0961], [-122.163, 37.0964], [-122.163, 37.0961], [-122.1634, 37.0961]], [[-122.1667, 37.0955], [-122.1664, 37.0958], [-122.1664, 37.0955], [-122.1667, 37.0955]], [[-122.163, 37.0945], [-122.1627, 37.0948], [-122.1627, 37.0945], [-122.163, 37.0945]], [[-122.162, 37.0942], [-122.1616, 37.0945], [-122.1616, 37.0942], [-122.162, 37.0942]], [[-122.1603, 37.0937], [-122.1599, 37.094], [-122.1599, 37.0937], [-122.1603, 37.0937]]], [[[-122.1579, 37.0924], [-122.1582, 37.0913], [-122.1572, 37.0914], [-122.1568, 37.0922], [-122.1579, 37.0924]]], [[[-122.2143, 37.0927], [-122.2146, 37.0919], [-122.216, 37.0916], [-122.2163, 37.0897], [-122.2149, 37.0903], [-122.2136, 37.0898], [-122.2139, 37.0908], [-122.215, 37.0911], [-122.215, 37.0916], [-122.2133, 37.0917], [-122.2143, 37.0927]]], [[[-122.1578, 37.0911], [-122.1585, 37.0902], [-122.1581, 37.0894], [-122.1571, 37.0895], [-122.1578, 37.0911]]], [[[-122.2041, 37.0883], [-122.2054, 37.0886], [-122.205, 37.0875], [-122.2041, 37.0883]]], [[[-122.2256, 37.0866], [-122.2263, 37.086], [-122.2253, 37.0858], [-122.2256, 37.0866]]], [[[-122.2108, 37.0879], [-122.2111, 37.0868], [-122.2101, 37.0855], [-122.208, 37.0856], [-122.2108, 37.0879]]], [[[-122.2039, 37.0827], [-122.2049, 37.0824], [-122.2039, 37.0824], [-122.2039, 37.0827]]], [[[-122.2052, 37.0824], [-122.2052, 37.0818], [-122.2045, 37.0818], [-122.2046, 37.0821], [-122.2052, 37.0824]]], [[[-122.2151, 37.0727], [-122.2147, 37.0722], [-122.2141, 37.0722], [-122.2144, 37.0727], [-122.2151, 37.0727]]], [[[-122.2127, 37.0728], [-122.2127, 37.072], [-122.2124, 37.072], [-122.2117, 37.0728], [-122.2127, 37.0728]]]]}, "properties": {"layer": "interior"}}, {"type": "Feature", "geometry": {"type": "MultiPolygon", "coordinates": [[[[-122.3211, 37.189], [-122.3214, 37.1884], [-122.32, 37.1884], [-122.32, 37.1887], [-122.3211, 37.189]]], [[[-122.2758, 37.1709], [-122.2758, 37.1696], [-122.2755, 37.1696], [-122.2748, 37.1701], [-122.2758, 37.1709]]], [[[-122.2747, 37.1672], [-122.2747, 37.1658], [-122.2737, 37.1656], [-122.2737, 37.1664], [-122.2747, 37.1672]]], [[[-122.2758, 37.169], [-122.2754, 37.1672], [-122.2767, 37.1663], [-122.276, 37.1661], [-122.2764, 37.1655], [-122.2774, 37.1669], [-122.2784, 37.1668], [-122.2777, 37.166], [-122.2811, 37.1662], [-122.2801, 37.1657], [-122.2811, 37.1649], [-122.2774, 37.1658], [-122.2756, 37.1636], [-122.2757, 37.165], [-122.2747, 37.1656], [-122.2754, 37.1658], [-122.2751, 37.1677], [-122.2737, 37.1683], [-122.2741, 37.1688], [-122.2751, 37.1682], [-122.2751, 37.1691], [-122.2758, 37.169]], [[-122.276, 37.165], [-122.2757, 37.1655], [-122.2757, 37.165], [-122.276, 37.165]]], [[[-122.2737, 37.1656], [-122.274, 37.165], [-122.2733, 37.1648], [-122.275, 37.1647], [-122.2746, 37.1637], [-122.2729, 37.164], [-122.2719, 37.1635], [-122.2723, 37.1651], [-122.2737, 37.1656]]], [[[-122.2699, 37.1643], [-122.2699, 37.1638], [-122.2702, 37.1632], [-122.2695, 37.1635], [-122.2699, 37.1643]]], [[[-122.2739, 37.1631], [-122.2739, 37.1626], [-122.2732, 37.1626], [-122.2732, 37.1629], [-122.2739, 37.1631]]], [[[-122.2665, 37.1625], [-122.2675, 37.1622], [-122.2664, 37.1622], [-122.2665, 37.1625]]], [[[-122.2743, 37.1637], [-122.2746, 37.1631], [-122.276, 37.1634], [-122.2746, 37.1618], [-122.2739, 37.1623], [-122.2743, 37.1637]]], [[[-122.2729, 37.1626], [-122.2739, 37.1618], [-122.2729, 37.1615], [-122.2729, 37.1626]]], [[[-122.2786, 37.1606], [-122.2782, 37.1601], [-122.2772, 37.1601], [-122.2772, 37.1606], [-122.2786, 37.1606]]], [[[-122.2717, 37.1564], [-122.2723, 37.1559], [-122.272, 37.1559], [-122.2717, 37.1564]]], [[[-122.2656, 37.1563], [-122.2663, 37.1557], [-122.2656, 37.1555], [-122.2656, 37.1563]]], [[[-122.2635, 37.1552], [-122.2639, 37.1555], [-122.2652, 37.1549], [-122.2639, 37.1547], [-122.2635, 37.1552]]], [[[-122.2768, 37.1563], [-122.2777, 37.1552], [-122.2754, 37.1553], [-122.2753, 37.1537], [-122.2743, 37.1534], [-122.2744, 37.1561], [-122.2768, 37.1563]]], [[[-122.2736, 37.1526], [-122.2736, 37.1521], [-122.2729, 37.1521], [-122.2729, 37.1524], [-122.2736, 37.1526]]], [[[-122.2769, 37.1512], [-122.2769, 37.1496], [-122.2755, 37.1496], [-122.2759, 37.1507], [-122.2769, 37.1512]]], [[[-122.2525, 37.1476], [-122.2525, 37.1471], [-122.2518, 37.1471], [-122.2518, 37.1474], [-122.2525, 37.1476]]], [[[-122.2741, 37.1483], [-122.2755, 37.1475], [-122.2738, 37.1472], [-122.2744, 37.1453], [-122.2727, 37.1459], [-122.2714, 37.1454], [-122.2741, 37.1483]]], [[[-122.2565, 37.1448], [-122.2544, 37.1433], [-122.2534, 37.1438], [-122.2551, 37.1443], [-122.2551, 37.1449], [-122.2565, 37.1448]]], [[[-122.2862, 37.1432], [-122.2862, 37.1424], [-122.2855, 37.1424], [-122.2855, 37.1429], [-122.2862, 37.1432]]], [[[-122.2714, 37.1454], [-122.2726, 37.1427], [-122.2716, 37.1413], [-122.2706, 37.1438], [-122.2707, 37.1454], [-122.2714, 37.1454]], [[-122.2713, 37.1448], [-122.271, 37.1451], [-122.271, 37.1448], [-122.2713, 37.1448]], [[-122.2713, 37.1443], [-122.271, 37.1446], [-122.271, 37.1443], [-122.2713, 37.1443]]], [[[-122.2584, 37.1429], [-122.2584, 37.1421], [-122.2591, 37.1413], [-122.2581, 37.1418], [-122.2584, 37.1429]]], [[[-122.2729, 37.1405], [-122.2742, 37.1386], [-122.2722, 37.1389], [-122.2718, 37.1375], [-122.2708, 37.1376], [-122.2715, 37.1389], [-122.2712, 37.1405], [-122.2729, 37.1405]]], [[[-122.2725, 37.1621], [-122.2732, 37.1605], [-122.2742, 37.1612], [-122.2742, 37.1599], [-122.2762, 37.1596], [-122.2772, 37.1601], [-122.2789, 37.159], [-122.2755, 37.1591], [-122.2748, 37.1585], [-122.2748, 37.1591], [-122.2728, 37.1594], [-122.2714, 37.1583], [-122.2717, 37.1567], [-122.271, 37.1562], [-122.272, 37.1559], [-122.271, 37.1546], [-122.2713, 37.154], [-122.2689, 37.1551], [-122.2669, 37.1546], [-122.2689, 37.1538], [-122.2699, 37.154], [-122.2709, 37.1521], [-122.2722, 37.1518], [-122.2718, 37.1497], [-122.2711, 37.1497], [-122.2701, 37.147], [-122.269, 37.147], [-122.2676, 37.1452], [-122.2683, 37.1444], [-122.2679, 37.1417], [-122.2691, 37.1387], [-122.2678, 37.1384], [-122.2663, 37.1358], [-122.265, 37.1371], [-122.2637, 37.1369], [-122.2637, 37.1374], [-122.262, 37.1375], [-122.2624, 37.1385], [-122.2614, 37.1394], [-122.2603, 37.1391], [-122.26, 37.1378], [-122.259, 37.1381], [-122.26, 37.1391], [-122.259, 37.141], [-122.261, 37.1402], [-122.2621, 37.1418], [-122.2631, 37.1393], [-122.2641, 37.139], [-122.2641, 37.1393], [-122.2668, 37.1393], [-122.2671, 37.1395], [-122.2665, 37.1409], [-122.2642, 37.1428], [-122.2625, 37.1428], [-122.2625, 37.1434], [-122.2632, 37.1436], [-122.2636, 37.1463], [-122.2667, 37.1465], [-122.267, 37.1473], [-122.2657, 37.1485], [-122.2681, 37.1489], [-122.2688, 37.1511], [-122.2678, 37.1519], [-122.2689, 37.1524], [-122.2628, 37.1544], [-122.2662, 37.1544], [-122.2652, 37.1549], [-122.2683, 37.1554], [-122.2683, 37.1568], [-122.2703, 37.1567], [-122.2697, 37.157], [-122.2704, 37.1589], [-122.2687, 37.1597], [-122.2701, 37.16], [-122.2695, 37.1613], [-122.2711, 37.161], [-122.2725, 37.1621]], [[-122.2711, 37.1597], [-122.2704, 37.16], [-122.2704, 37.1597], [-122.2711, 37.1597]], [[-122.2699, 37.1519], [-122.2692, 37.1522], [-122.2692, 37.1519], [-122.2699, 37.1519]], [[-122.2709, 37.1516], [-122.2705, 37.1519], [-122.2705, 37.1516], [-122.2709, 37.1516]], [[-122.2715, 37.15], [-122.2712, 37.1502], [-122.2712, 37.15], [-122.2715, 37.15]], [[-122.2708, 37.15], [-122.2705, 37.1503], [-122.2705, 37.15], [-122.2708, 37.15]], [[-122.2698, 37.1492], [-122.2694, 37.1495], [-122.2694, 37.1492], [-122.2698, 37.1492]], [[-122.2704, 37.1486], [-122.2701, 37.1489], [-122.2701, 37.1486], [-122.2704, 37.1486]], [[-122.2687, 37.1468], [-122.268, 37.1476], [-122.268, 37.1468], [-122.2687, 37.1468]], [[-122.2685, 37.1392], [-122.2681, 37.1395], [-122.2681, 37.1392], [-122.2685, 37.1392]], [[-122.2671, 37.139], [-122.2668, 37.1393], [-122.2668, 37.139], [-122.2671, 37.139]], [[-122.2647, 37.1371], [-122.2643, 37.1374], [-122.2643, 37.1371], [-122.2647, 37.1371]], [[-122.2663, 37.1363], [-122.266, 37.1366], [-122.266, 37.1363], [-122.2663, 37.1363]]], [[[-122.271, 37.1351], [-122.2714, 37.1343], [-122.2707, 37.1335], [-122.27, 37.1351], [-122.271, 37.1351]]], [[[-122.2699, 37.1311], [-122.2699, 37.1303], [-122.2695, 37.1303], [-122.2692, 37.1311], [-122.2699, 37.1311]]], [[[-122.2547, 37.1433], [-122.2589, 37.1375], [-122.2603, 37.1378], [-122.261, 37.1372], [-122.2606, 37.1356], [-122.2659, 37.1328], [-122.2658, 37.1285], [-122.2647, 37.1263], [-122.2623, 37.1261], [-122.2613, 37.1269], [-122.2617, 37.1283], [-122.261, 37.1288], [-122.2621, 37.1299], [-122.2598, 37.1316], [-122.2611, 37.1321], [-122.2612, 37.1329], [-122.2595, 37.1332], [-122.2574, 37.1316], [-122.2588, 37.1343], [-122.2582, 37.1359], [-122.2568, 37.1351], [-122.2555, 37.1354], [-122.2565, 37.1362], [-122.2559, 37.1365], [-122.2565, 37.1367], [-122.2562, 37.1373], [-122.2555, 37.1368], [-122.2505, 37.1369], [-122.2505, 37.1377], [-122.2569, 37.1384], [-122.2567, 37.1403], [-122.2543, 37.1419], [-122.2547, 37.1433]], [[-122.2583, 37.1373], [-122.2576, 37.1378], [-122.2576, 37.1373], [-122.2583, 37.1373]], [[-122.2566, 37.1376], [-122.2562, 37.1378], [-122.2562, 37.1376], [-122.2566, 37.1376]], [[-122.2572, 37.1367], [-122.2569, 37.1373], [-122.2569, 37.1367], [-122.2572, 37.1367]], [[-122.2589, 37.1359], [-122.2582, 37.1367], [-122.2582, 37.1359], [-122.2589, 37.1359]], [[-122.2605, 37.134], [-122.2598, 37.134], [-122.2592, 37.1335], [-122.2602, 37.1334], [-122.2605, 37.134]]], [[[-122.2448, 37.117], [-122.2451, 37.1162], [-122.2428, 37.1168], [-122.2428, 37.117], [-122.2448, 37.117]]], [[[-122.2468, 37.1159], [-122.2481, 37.115], [-122.2481, 37.114], [-122.2471, 37.1148], [-122.2457, 37.1143], [-122.2468, 37.1159]]], [[[-122.2484, 37.1131], [-122.2488, 37.1134], [-122.2494, 37.1131], [-122.2484, 37.1131]]], [[[-122.2471, 37.114], [-122.2481, 37.1134], [-122.2467, 37.1129], [-122.2471, 37.114]]]]}, "properties": {"layer": "cell", "cell_id": "97_0", "seed_zone": "97", "elevation_band": "0–500 ft"}}, {"type": "Feature", "geometry": {"type": "MultiPolygon", "coordinates": [[[[-122.2894, 37.2155], [-122.2894, 37.2147], [-122.2887, 37.2147], [-122.2887, 37.2155], [-122.2894, 37.2155]]], [[[-122.3, 37.2093], [-122.3003, 37.2085], [-122.301, 37.2082], [-122.299, 37.2086], [-122.299, 37.2094], [-122.3, 37.2093]]], [[[-122.302, 37.2066], [-122.3016, 37.2058], [-122.3013, 37.2058], [-122.3013, 37.2066], [-122.302, 37.2066]]], [[[-122.2976, 37.2062], [-122.2975, 37.2043], [-122.2968, 37.204], [-122.2958, 37.2054], [-122.2976, 37.2062]]], [[[-122.2975, 37.2026], [-122.2987, 37.2007], [-122.297, 37.2], [-122.2954, 37.2016], [-122.2975, 37.2026]], [[-122.2981, 37.2013], [-122.2978, 37.2016], [-122.2978, 37.2013], [-122.2981, 37.2013]], [[-122.2977, 37.2005], [-122.2971, 37.201], [-122.2971, 37.2008], [-122.2977, 37.2005]]], [[[-122.3032, 37.2031], [-122.3032, 37.2015], [-122.3045, 37.2012], [-122.3055, 37.2017], [-122.3072, 37.2003], [-122.3055, 37.2001], [-122.3042, 37.2009], [-122.3024, 37.1996], [-122.3025, 37.2012], [-122.3012, 37.202], [-122.3012, 37.2028], [-122.3032, 37.2031]]], [[[-122.3181, 37.2009], [-122.3194, 37.1998], [-122.3194, 37.1992], [-122.318, 37.1995], [-122.3181, 37.2009]]], [[[-122.3194, 37.1992], [-122.32, 37.199], [-122.3193, 37.1987], [-122.3194, 37.1992]]], [[[-122.3237, 37.1965], [-122.326, 37.1951], [-122.326, 37.1943], [-122.3233, 37.1959], [-122.322, 37.196], [-122.322, 37.1965], [-122.3237, 37.1965]]], [[[-122.2813, 37.194], [-122.2819, 37.1938], [-122.2813, 37.1935], [-122.2813, 37.194]]], [[[-122.3019, 37.1931], [-122.3022, 37.1923], [-122.3005, 37.1918], [-122.3002, 37.1929], [-122.3019, 37.1931]]], [[[-122.2995, 37.1932], [-122.3002, 37.1926], [-122.3002, 37.1915], [-122.2988, 37.1918], [-122.2995, 37.1932]]], [[[-122.3001, 37.1904], [-122.3001, 37.1894], [-122.2991, 37.1888], [-122.2988, 37.1897], [-122.3001, 37.1904]]], [[[-122.2531, 37.1897], [-122.2537, 37.1892], [-122.253, 37.1892], [-122.2531, 37.1897]]], [[[-122.2649, 37.1898], [-122.2652, 37.189], [-122.2638, 37.1868], [-122.2635, 37.189], [-122.2639, 37.1898], [-122.2649, 37.1898]]], [[[-122.2533, 37.1878], [-122.2533, 37.187], [-122.2526, 37.187], [-122.2527, 37.1876], [-122.2533, 37.1878]]], [[[-122.2635, 37.1868], [-122.2638, 37.186], [-122.2634, 37.186], [-122.2635, 37.1868]]], [[[-122.2526, 37.1862], [-122.2533, 37.1865], [-122.2533, 37.1859], [-122.2526, 37.1862]]], [[[-122.3172, 37.195], [-122.3185, 37.1933], [-122.3209, 37.193], [-122.3208, 37.1914], [-122.3188, 37.1914], [-122.3167, 37.1899], [-122.3184, 37.1887], [-122.3211, 37.1884], [-122.3214, 37.1876], [-122.3203, 37.1865], [-122.3179, 37.1863], [-122.3176, 37.1855], [-122.3202, 37.1841], [-122.3216, 37.1844], [-122.322, 37.1854], [-122.3227, 37.1854], [-122.323, 37.1843], [-122.3243, 37.1838], [-122.3233, 37.183], [-122.3216, 37.1835], [-122.3202, 37.1833], [-122.3192, 37.1836], [-122.3196, 37.1841], [-122.3175, 37.1844], [-122.3149, 37.1875], [-122.3153, 37.1896], [-122.314, 37.1915], [-122.3147, 37.1921], [-122.3141, 37.1945], [-122.3172, 37.195]], [[-122.3151, 37.1918], [-122.3147, 37.1921], [-122.3147, 37.1918], [-122.3151, 37.1918]]], [[[-122.3192, 37.1831], [-122.3229, 37.183], [-122.3226, 37.1822], [-122.3192, 37.1831]]], [[[-122.2769, 37.182], [-122.2775, 37.1817], [-122.2775, 37.1812], [-122.2765, 37.1812], [-122.2769, 37.182]]], [[[-122.3157, 37.1802], [-122.3171, 37.1799], [-122.3147, 37.1794], [-122.3157, 37.1802]]], [[[-122.291, 37.1798], [-122.291, 37.179], [-122.2906, 37.179], [-122.2903, 37.1798], [-122.291, 37.1798]]], [[[-122.2626, 37.1801], [-122.2626, 37.1796], [-122.2619, 37.1793], [-122.2616, 37.1798], [-122.2626, 37.1801]]], [[[-122.2791, 37.179], [-122.2791, 37.1784], [-122.2784, 37.1784], [-122.2784, 37.1787], [-122.2791, 37.179]]], [[[-122.2869, 37.1783], [-122.2883, 37.1785], [-122.2879, 37.1777], [-122.2869, 37.1783]]], [[[-122.2913, 37.179], [-122.2933, 37.1784], [-122.2926, 37.1774], [-122.2913, 37.1774], [-122.2913, 37.179]]], [[[-122.2439, 37.1778], [-122.2446, 37.1772], [-122.2439, 37.1772], [-122.2439, 37.1778]]], [[[-122.2749, 37.1858], [-122.2759, 37.1855], [-122.2766, 37.1841], [-122.2742, 37.1834], [-122.2738, 37.1818], [-122.2745, 37.1809], [-122.2734, 37.1802], [-122.2744, 37.1793], [-122.2754, 37.1796], [-122.2754, 37.179], [-122.273, 37.1783], [-122.2726, 37.1767], [-122.2692, 37.1765], [-122.2686, 37.1776], [-122.27, 37.1781], [-122.27, 37.1791], [-122.2717, 37.1802], [-122.2708, 37.1821], [-122.2725, 37.1821], [-122.2721, 37.1813], [-122.2728, 37.1815], [-122.2732, 37.1831], [-122.2725, 37.1837], [-122.2735, 37.1837], [-122.2729, 37.185], [-122.2749, 37.1858]], [[-122.2749, 37.185], [-122.2742, 37.185], [-122.2742, 37.1845], [-122.2746, 37.1845], [-122.2749, 37.185]], [[-122.2742, 37.1842], [-122.2739, 37.1845], [-122.2739, 37.1842], [-122.2742, 37.1842]], [[-122.2742, 37.1837], [-122.2739, 37.1839], [-122.2739, 37.1837], [-122.2742, 37.1837]], [[-122.2735, 37.1831], [-122.2732, 37.1834], [-122.2732, 37.1831], [-122.2735, 37.1831]], [[-122.2724, 37.1802], [-122.2721, 37.1805], [-122.2721, 37.1802], [-122.2724, 37.1802]], [[-122.2721, 37.1799], [-122.2717, 37.1802], [-122.2717, 37.1799], [-122.2721, 37.1799]], [[-122.2724, 37.1794], [-122.2717, 37.1794], [-122.2717, 37.1786], [-122.272, 37.1786], [-122.2724, 37.1794]], [[-122.2713, 37.1788], [-122.271, 37.1791], [-122.271, 37.1789], [-122.2713, 37.1788]], [[-122.271, 37.1783], [-122.2707, 37.1786], [-122.2707, 37.1783], [-122.271, 37.1783]]], [[[-122.2398, 37.1781], [-122.2405, 37.177], [-122.2385, 37.1768], [-122.2381, 37.1779], [-122.2398, 37.1781]]], [[[-122.249, 37.1771], [-122.2493, 37.1766], [-122.2479, 37.1763], [-122.2479, 37.1769], [-122.249, 37.1771]]], [[[-122.2501, 37.1814], [-122.2504, 37.1801], [-122.2493, 37.1779], [-122.2483, 37.1779], [-122.2479, 37.1769], [-122.2469, 37.1772], [-122.2462, 37.1761], [-122.2456, 37.1769], [-122.2466, 37.1769], [-122.2466, 37.1777], [-122.248, 37.1777], [-122.2466, 37.178], [-122.2466, 37.1785], [-122.247, 37.1785], [-122.247, 37.179], [-122.248, 37.1796], [-122.2477, 37.1809], [-122.2487, 37.1806], [-122.2501, 37.1814]], [[-122.2476, 37.1782], [-122.247, 37.1785], [-122.247, 37.1782], [-122.2476, 37.1782]]], [[[-122.2926, 37.176], [-122.2929, 37.1752], [-122.2916, 37.1755], [-122.2916, 37.1758], [-122.2926, 37.176]]], [[[-122.2604, 37.1766], [-122.2604, 37.1758], [-122.2594, 37.1756], [-122.2598, 37.1766], [-122.2604, 37.1766]]], [[[-122.2479, 37.1763], [-122.2479, 37.1758], [-122.2469, 37.1761], [-122.2469, 37.1763], [-122.2479, 37.1763]]], [[[-122.3207, 37.1776], [-122.3214, 37.1768], [-122.3207, 37.1768], [-122.3203, 37.1757], [-122.3223, 37.1744], [-122.319, 37.1758], [-122.3187, 37.1774], [-122.3207, 37.1776]]], [[[-122.2462, 37.1758], [-122.2472, 37.1755], [-122.2462, 37.175], [-122.2462, 37.1758]]], [[[-122.3091, 37.1749], [-122.3088, 37.1738], [-122.3081, 37.1736], [-122.3085, 37.1749], [-122.3091, 37.1749]]], [[[-122.2848, 37.177], [-122.2875, 37.1753], [-122.2885, 37.1756], [-122.2888, 37.1739], [-122.2844, 37.1751], [-122.2838, 37.1765], [-122.2848, 37.177]]], [[[-122.306, 37.1736], [-122.307, 37.173], [-122.306, 37.1731], [-122.306, 37.1736]]], [[[-122.2665, 37.176], [-122.2672, 37.1751], [-122.2668, 37.1735], [-122.2655, 37.1744], [-122.2661, 37.1746], [-122.2655, 37.1755], [-122.2665, 37.176]]], [[[-122.2608, 37.1758], [-122.2601, 37.175], [-122.2611, 37.1742], [-122.2603, 37.1731], [-122.2594, 37.1745], [-122.2608, 37.1758]]], [[[-122.259, 37.1729], [-122.2607, 37.1723], [-122.2606, 37.1718], [-122.259, 37.1721], [-122.259, 37.1729]]], [[[-122.2377, 37.1757], [-122.2383, 37.1725], [-122.2373, 37.1722], [-122.2367, 37.1733], [-122.2377, 37.1757]]], [[[-122.2708, 37.1721], [-122.2715, 37.1716], [-122.2708, 37.1713], [-122.2708, 37.1721]]], [[[-122.2692, 37.1757], [-122.2692, 37.1751], [-122.2709, 37.1745], [-122.2692, 37.174], [-122.2684, 37.1708], [-122.267, 37.1708], [-122.2671, 37.1743], [-122.2692, 37.1757]], [[-122.2678, 37.1719], [-122.2674, 37.1722], [-122.2674, 37.1719], [-122.2678, 37.1719]]], [[[-122.3175, 37.1731], [-122.3178, 37.172], [-122.3199, 37.172], [-122.3198, 37.1698], [-122.3144, 37.1715], [-122.3175, 37.1731]], [[-122.3175, 37.1723], [-122.3172, 37.1726], [-122.3172, 37.1723], [-122.3175, 37.1723]]], [[[-122.2784, 37.1784], [-122.2777, 37.1758], [-122.2787, 37.1747], [-122.2763, 37.1747], [-122.2759, 37.1736], [-122.2745, 37.1728], [-122.2752, 37.172], [-122.2745, 37.171], [-122.2755, 37.1704], [-122.2741, 37.1704], [-122.2742, 37.1712], [-122.2731, 37.1704], [-122.2732, 37.1721], [-122.2715, 37.1721], [-122.2715, 37.1726], [-122.2749, 37.1745], [-122.2753, 37.1755], [-122.277, 37.1763], [-122.2771, 37.1779], [-122.2784, 37.1784]]], [[[-122.2606, 37.1704], [-122.2609, 37.1707], [-122.2613, 37.1704], [-122.2606, 37.1704]]], [[[-122.2731, 37.1704], [-122.2731, 37.1699], [-122.2718, 37.1699], [-122.2718, 37.1705], [-122.2731, 37.1704]]], [[[-122.2812, 37.17], [-122.2816, 37.1695], [-122.2792, 37.1693], [-122.2792, 37.1698], [-122.2812, 37.17]]], [[[-122.2431, 37.1721], [-122.2444, 37.1705], [-122.2457, 37.1712], [-122.2457, 37.1704], [-122.2433, 37.1694], [-122.2426, 37.1694], [-122.243, 37.1716], [-122.2424, 37.1716], [-122.2431, 37.1721]]], [[[-122.2786, 37.172], [-122.2775, 37.1712], [-122.2782, 37.1698], [-122.2758, 37.1688], [-122.2758, 37.1709], [-122.2765, 37.1707], [-122.2765, 37.1715], [-122.2772, 37.1712], [-122.2776, 37.172], [-122.2786, 37.172]]], [[[-122.2734, 37.1683], [-122.274, 37.1672], [-122.273, 37.1669], [-122.2734, 37.1683]]], [[[-122.2663, 37.1687], [-122.2673, 37.1676], [-122.2669, 37.1671], [-122.2659, 37.1679], [-122.2663, 37.1687]]], [[[-122.2456, 37.1683], [-122.2453, 37.1667], [-122.2446, 37.1667], [-122.2446, 37.168], [-122.2456, 37.1683]]], [[[-122.3075, 37.1671], [-122.3072, 37.1657], [-122.3058, 37.1652], [-122.3055, 37.1663], [-122.3075, 37.1671]]], [[[-122.2615, 37.1666], [-122.2615, 37.1658], [-122.2608, 37.1656], [-122.2608, 37.1661], [-122.2615, 37.1666]]], [[[-122.2957, 37.1662], [-122.2967, 37.1654], [-122.2963, 37.1649], [-122.2953, 37.1654], [-122.2957, 37.1662]]], [[[-122.3154, 37.168], [-122.3153, 37.1664], [-122.3177, 37.1663], [-122.3177, 37.1658], [-122.3142, 37.1643], [-122.3139, 37.1656], [-122.3129, 37.1659], [-122.3143, 37.1661], [-122.3143, 37.1678], [-122.3154, 37.168]]], [[[-122.3031, 37.1656], [-122.3038, 37.1653], [-122.3037, 37.1645], [-122.3027, 37.165], [-122.3031, 37.1656]]], [[[-122.2689, 37.1662], [-122.2702, 37.1646], [-122.2695, 37.1638], [-122.2689, 37.1651], [-122.2679, 37.1654], [-122.2689, 37.1662]]], [[[-122.2737, 37.1667], [-122.2719, 37.1637], [-122.2709, 37.1635], [-122.2706, 37.1651], [-122.2737, 37.1667]]], [[[-122.2632, 37.1658], [-122.2648, 37.1647], [-122.2658, 37.163], [-122.2621, 37.1631], [-122.2601, 37.1639], [-122.2618, 37.1645], [-122.2611, 37.165], [-122.2631, 37.165], [-122.2625, 37.1653], [-122.2632, 37.1658]]], [[[-122.2793, 37.1622], [-122.2803, 37.1622], [-122.2803, 37.1617], [-122.2793, 37.1622]]], [[[-122.2838, 37.167], [-122.2838, 37.1659], [-122.2848, 37.1659], [-122.2861, 37.1643], [-122.2854, 37.1637], [-122.2841, 37.1646], [-122.2831, 37.1638], [-122.2834, 37.1627], [-122.285, 37.1616], [-122.282, 37.1619], [-122.281, 37.163], [-122.2793, 37.163], [-122.2784, 37.1644], [-122.2777, 37.1644], [-122.2773, 37.1628], [-122.2763, 37.1631], [-122.2763, 37.1647], [-122.2774, 37.1658], [-122.2811, 37.1649], [-122.2814, 37.1654], [-122.2808, 37.1654], [-122.2811, 37.1662], [-122.2805, 37.1665], [-122.2838, 37.167]], [[-122.2831, 37.1657], [-122.2825, 37.1659], [-122.2825, 37.1657], [-122.2831, 37.1657]], [[-122.2821, 37.1654], [-122.2814, 37.1657], [-122.2814, 37.1654], [-122.2821, 37.1654]], [[-122.2848, 37.1651], [-122.2845, 37.1654], [-122.2845, 37.1651], [-122.2848, 37.1651]], [[-122.2841, 37.1651], [-122.2835, 37.1654], [-122.2835, 37.1651], [-122.2841, 37.1651]], [[-122.281, 37.1633], [-122.2807, 37.1636], [-122.2807, 37.1633], [-122.281, 37.1633]], [[-122.2814, 37.163], [-122.281, 37.1633], [-122.281, 37.163], [-122.2814, 37.163]], [[-122.282, 37.1624], [-122.2817, 37.163], [-122.2817, 37.1625], [-122.282, 37.1624]]], [[[-122.2793, 37.1622], [-122.2803, 37.1611], [-122.2799, 37.1595], [-122.2809, 37.1587], [-122.2765, 37.1588], [-122.2796, 37.1593], [-122.2785, 37.1595], [-122.2789, 37.1614], [-122.2786, 37.1606], [-122.2779, 37.1609], [-122.2779, 37.162], [-122.2793, 37.1622]]], [[[-122.2636, 37.1587], [-122.2643, 37.159], [-122.2643, 37.1585], [-122.2636, 37.1587]]], [[[-122.2651, 37.1628], [-122.2701, 37.1608], [-122.2701, 37.1602], [-122.2661, 37.1606], [-122.2704, 37.1589], [-122.2697, 37.157], [-122.2683, 37.157], [-122.2684, 37.1581], [-122.2677, 37.1581], [-122.268, 37.1573], [-122.2673, 37.1568], [-122.2686, 37.156], [-122.2683, 37.1554], [-122.2663, 37.156], [-122.2663, 37.1571], [-122.2646, 37.1579], [-122.265, 37.159], [-122.2643, 37.1595], [-122.2647, 37.1603], [-122.2657, 37.1606], [-122.261, 37.1618], [-122.2614, 37.1623], [-122.2651, 37.1628]], [[-122.2674, 37.1614], [-122.2664, 37.1617], [-122.2664, 37.1614], [-122.2674, 37.1614]], [[-122.2674, 37.1608], [-122.2671, 37.1611], [-122.2671, 37.1608], [-122.2674, 37.1608]], [[-122.2654, 37.1598], [-122.265, 37.1601], [-122.265, 37.1598], [-122.2654, 37.1598]], [[-122.266, 37.1595], [-122.2657, 37.1598], [-122.2657, 37.1595], [-122.266, 37.1595]], [[-122.267, 37.1592], [-122.2667, 37.1595], [-122.2667, 37.1592], [-122.267, 37.1592]], [[-122.2674, 37.1587], [-122.2667, 37.159], [-122.2667, 37.1587], [-122.2674, 37.1587]], [[-122.267, 37.1584], [-122.2663, 37.1584], [-122.2656, 37.1579], [-122.2673, 37.1573], [-122.267, 37.1584]]], [[[-122.2825, 37.157], [-122.2818, 37.1557], [-122.2805, 37.1557], [-122.2798, 37.1547], [-122.2798, 37.1563], [-122.2825, 37.157]]], [[[-122.2547, 37.1554], [-122.2547, 37.1549], [-122.2537, 37.1549], [-122.2537, 37.1554], [-122.2547, 37.1554]]], [[[-122.277, 37.1547], [-122.2777, 37.1542], [-122.2774, 37.1542], [-122.277, 37.1547]]], [[[-122.2862, 37.1553], [-122.2872, 37.154], [-122.2858, 37.1537], [-122.2862, 37.1553]]], [[[-122.2798, 37.1547], [-122.279, 37.1533], [-122.2773, 37.1534], [-122.2777, 37.1542], [-122.2787, 37.1539], [-122.2798, 37.1547]]], [[[-122.2771, 37.1553], [-122.277, 37.1547], [-122.2767, 37.1545], [-122.2774, 37.1542], [-122.2774, 37.1536], [-122.2739, 37.1526], [-122.2743, 37.1534], [-122.2757, 37.1537], [-122.2754, 37.1553], [-122.2771, 37.1553]], [[-122.2764, 37.1542], [-122.276, 37.1547], [-122.276, 37.1542], [-122.2764, 37.1542]], [[-122.277, 37.1539], [-122.2767, 37.1542], [-122.2767, 37.1539], [-122.277, 37.1539]]], [[[-122.3122, 37.153], [-122.3122, 37.1524], [-122.3125, 37.1519], [-122.3115, 37.1522], [-122.3122, 37.153]]], [[[-122.2493, 37.1561], [-122.2503, 37.1558], [-122.2513, 37.1539], [-122.2506, 37.1525], [-122.2479, 37.1539], [-122.2479, 37.1545], [-122.2476, 37.1539], [-122.2459, 37.1545], [-122.2463, 37.1553], [-122.2473, 37.1553], [-122.2473, 37.155], [-122.2476, 37.155], [-122.2493, 37.1561]], [[-122.248, 37.1547], [-122.2476, 37.155], [-122.2476, 37.1547], [-122.248, 37.1547]], [[-122.2489, 37.1539], [-122.2486, 37.1542], [-122.2486, 37.1539], [-122.2489, 37.1539]]], [[[-122.2807, 37.1525], [-122.2824, 37.1525], [-122.282, 37.1516], [-122.2807, 37.1514], [-122.2807, 37.1525]]], [[[-122.2875, 37.1521], [-122.2874, 37.1515], [-122.2861, 37.151], [-122.2864, 37.1518], [-122.2875, 37.1521]]], [[[-122.2526, 37.1519], [-122.2533, 37.1514], [-122.2526, 37.1514], [-122.2526, 37.1519]]], [[[-122.2965, 37.1603], [-122.2985, 37.16], [-122.2978, 37.1584], [-122.2995, 37.1575], [-122.2998, 37.1562], [-122.3008, 37.1561], [-122.3011, 37.1553], [-122.3028, 37.1553], [-122.3021, 37.1542], [-122.2997, 37.154], [-122.2997, 37.1527], [-122.3013, 37.1524], [-122.3024, 37.1537], [-122.3037, 37.1534], [-122.302, 37.1515], [-122.3023, 37.1499], [-122.3013, 37.1505], [-122.2996, 37.1502], [-122.3006, 37.1516], [-122.2993, 37.1527], [-122.2983, 37.1516], [-122.2973, 37.1524], [-122.2959, 37.1519], [-122.2953, 37.1538], [-122.2967, 37.1541], [-122.2977, 37.1557], [-122.2951, 37.1581], [-122.2965, 37.1589], [-122.2965, 37.1603]]], [[[-122.2861, 37.1508], [-122.2854, 37.15], [-122.2843, 37.15], [-122.2847, 37.1505], [-122.2861, 37.1508]]], [[[-122.2434, 37.1505], [-122.2441, 37.1508], [-122.2441, 37.1502], [-122.2434, 37.1505]]], [[[-122.2592, 37.1591], [-122.2602, 37.1577], [-122.2609, 37.1583], [-122.2636, 37.1563], [-122.2646, 37.1571], [-122.2649, 37.156], [-122.2646, 37.1555], [-122.2635, 37.1558], [-122.2628, 37.1542], [-122.2649, 37.1541], [-122.2652, 37.1533], [-122.2665, 37.1536], [-122.2689, 37.1524], [-122.2678, 37.1519], [-122.2688, 37.1511], [-122.2681, 37.1492], [-122.2671, 37.1495], [-122.2664, 37.1487], [-122.2654, 37.1487], [-122.2668, 37.1501], [-122.2664, 37.1509], [-122.2644, 37.1517], [-122.2631, 37.1515], [-122.2631, 37.1523], [-122.2618, 37.1528], [-122.2567, 37.1527], [-122.2564, 37.1535], [-122.255, 37.1535], [-122.2551, 37.1549], [-122.2567, 37.1535], [-122.2587, 37.1537], [-122.2588, 37.1551], [-122.2598, 37.1553], [-122.2602, 37.1564], [-122.2595, 37.1572], [-122.2572, 37.1578], [-122.2569, 37.1586], [-122.2589, 37.1586], [-122.2592, 37.1591]], [[-122.2625, 37.1547], [-122.2622, 37.1553], [-122.2622, 37.1547], [-122.2625, 37.1547]], [[-122.2615, 37.1545], [-122.2611, 37.1547], [-122.2611, 37.1545], [-122.2615, 37.1545]], [[-122.2608, 37.1545], [-122.2605, 37.1548], [-122.2605, 37.1545], [-122.2608, 37.1545]], [[-122.2611, 37.1542], [-122.2608, 37.1545], [-122.2608, 37.1542], [-122.2611, 37.1542]], [[-122.2601, 37.1542], [-122.2598, 37.1545], [-122.2598, 37.1542], [-122.2601, 37.1542]], [[-122.2665, 37.1519], [-122.2661, 37.1522], [-122.2661, 37.152], [-122.2665, 37.1519]], [[-122.2658, 37.152], [-122.2651, 37.1522], [-122.2651, 37.152], [-122.2658, 37.152]], [[-122.2661, 37.1514], [-122.2658, 37.152], [-122.2654, 37.1514], [-122.2661, 37.1514]], [[-122.2675, 37.1508], [-122.2668, 37.1514], [-122.2668, 37.1509], [-122.2675, 37.1508]], [[-122.2681, 37.1506], [-122.2671, 37.1506], [-122.2671, 37.1503], [-122.2681, 37.15], [-122.2681, 37.1506]]], [[[-122.2671, 37.1487], [-122.2674, 37.149], [-122.2677, 37.1487], [-122.2671, 37.1487]]], [[[-122.2489, 37.1512], [-122.2505, 37.1506], [-122.2505, 37.1501], [-122.2499, 37.1504], [-122.2474, 37.1485], [-122.2461, 37.1486], [-122.2461, 37.1496], [-122.2489, 37.1512]]], [[[-122.2857, 37.1494], [-122.2857, 37.1483], [-122.2846, 37.1484], [-122.2856, 37.1478], [-122.2843, 37.1478], [-122.2843, 37.1486], [-122.2857, 37.1494]]], [[[-122.2401, 37.1533], [-122.2411, 37.1522], [-122.2435, 37.1513], [-122.2431, 37.15], [-122.2441, 37.1497], [-122.244, 37.1478], [-122.2424, 37.1492], [-122.2413, 37.1486], [-122.2414, 37.15], [-122.2424, 37.1508], [-122.2401, 37.1522], [-122.2394, 37.153], [-122.2401, 37.1533]]], [[[-122.2461, 37.1486], [-122.246, 37.1475], [-122.2444, 37.148], [-122.2444, 37.1486], [-122.2461, 37.1486]]], [[[-122.2957, 37.1463], [-122.2964, 37.1468], [-122.2964, 37.1462], [-122.2957, 37.1463]]], [[[-122.3109, 37.1449], [-122.3113, 37.1451], [-122.3116, 37.1449], [-122.3109, 37.1449]]], [[[-122.2883, 37.1459], [-122.2879, 37.1448], [-122.2872, 37.1448], [-122.2869, 37.1453], [-122.2883, 37.1459]]], [[[-122.2512, 37.1493], [-122.2521, 37.1474], [-122.2501, 37.1471], [-122.25, 37.1455], [-122.249, 37.1453], [-122.2491, 37.1471], [-122.2501, 37.1474], [-122.2512, 37.1493]]], [[[-122.2981, 37.1451], [-122.2987, 37.1446], [-122.298, 37.1443], [-122.2981, 37.1451]]], [[[-122.2933, 37.145], [-122.294, 37.1444], [-122.2937, 37.1444], [-122.2933, 37.145]]], [[[-122.2562, 37.1486], [-122.2558, 37.1462], [-122.2565, 37.1454], [-122.2558, 37.1451], [-122.2542, 37.1479], [-122.2548, 37.1476], [-122.2562, 37.1486]]], [[[-122.2859, 37.1443], [-122.2859, 37.1437], [-122.2852, 37.1438], [-122.2852, 37.144], [-122.2859, 37.1443]]], [[[-122.2937, 37.1444], [-122.2936, 37.1439], [-122.294, 37.1433], [-122.293, 37.1436], [-122.2937, 37.1444]]], [[[-122.2977, 37.1449], [-122.2977, 37.1441], [-122.2994, 37.1446], [-122.2987, 37.1427], [-122.297, 37.1441], [-122.2977, 37.1449]]], [[[-122.2919, 37.1436], [-122.2919, 37.1428], [-122.2916, 37.1428], [-122.2913, 37.1436], [-122.2919, 37.1436]]], [[[-122.2571, 37.1443], [-122.2578, 37.144], [-122.2578, 37.1435], [-122.2568, 37.1438], [-122.2571, 37.1443]]], [[[-122.2478, 37.1483], [-122.2481, 37.1474], [-122.2474, 37.1474], [-122.2467, 37.1458], [-122.2477, 37.145], [-122.2487, 37.1453], [-122.2486, 37.1431], [-122.2469, 37.1431], [-122.2463, 37.1442], [-122.2443, 37.1445], [-122.244, 37.1456], [-122.2457, 37.1459], [-122.246, 37.1475], [-122.2478, 37.1483]]], [[[-122.2581, 37.1432], [-122.2591, 37.1426], [-122.2584, 37.1424], [-122.2581, 37.1432]]], [[[-122.3088, 37.142], [-122.3091, 37.1414], [-122.3081, 37.1414], [-122.3081, 37.1417], [-122.3088, 37.142]]], [[[-122.2433, 37.147], [-122.2433, 37.1456], [-122.2423, 37.1451], [-122.2425, 37.1421], [-122.2418, 37.1422], [-122.2419, 37.1457], [-122.2426, 37.147], [-122.2433, 37.147]]], [[[-122.3054, 37.1423], [-122.3054, 37.1417], [-122.3071, 37.1417], [-122.3071, 37.1412], [-122.3047, 37.141], [-122.3044, 37.142], [-122.3054, 37.1423]]], [[[-122.2425, 37.1411], [-122.2424, 37.1403], [-122.2418, 37.1403], [-122.2418, 37.1411], [-122.2425, 37.1411]]], [[[-122.2858, 37.1424], [-122.2858, 37.1413], [-122.2874, 37.1397], [-122.2864, 37.1394], [-122.2864, 37.14], [-122.2844, 37.1405], [-122.2834, 37.1397], [-122.2837, 37.1392], [-122.2823, 37.1392], [-122.2817, 37.1398], [-122.2827, 37.1406], [-122.2824, 37.1414], [-122.2858, 37.1424]], [[-122.2854, 37.1408], [-122.2851, 37.1416], [-122.2851, 37.1408], [-122.2854, 37.1408]]], [[[-122.2603, 37.1499], [-122.263, 37.1488], [-122.2654, 37.1487], [-122.264, 37.1477], [-122.2646, 37.1466], [-122.2632, 37.1458], [-122.2625, 37.1428], [-122.2642, 37.1428], [-122.2665, 37.1409], [-122.2668, 37.1393], [-122.2631, 37.1393], [-122.2621, 37.1418], [-122.2617, 37.1407], [-122.2597, 37.1407], [-122.2604, 37.1423], [-122.2595, 37.1443], [-122.2608, 37.1442], [-122.2605, 37.1448], [-122.2615, 37.1456], [-122.2606, 37.1467], [-122.2619, 37.1474], [-122.2603, 37.1488], [-122.2603, 37.1499]], [[-122.261, 37.1488], [-122.2606, 37.1491], [-122.2606, 37.1488], [-122.261, 37.1488]], [[-122.2626, 37.1474], [-122.2623, 37.1477], [-122.2623, 37.1474], [-122.2626, 37.1474]], [[-122.2629, 37.1472], [-122.2626, 37.1474], [-122.2626, 37.1472], [-122.2629, 37.1472]], [[-122.2611, 37.1426], [-122.2605, 37.1429], [-122.2604, 37.1426], [-122.2611, 37.1426]], [[-122.2611, 37.1421], [-122.2608, 37.1423], [-122.2608, 37.1421], [-122.2611, 37.1421]], [[-122.2628, 37.1415], [-122.2625, 37.1418], [-122.2624, 37.1415], [-122.2628, 37.1415]], [[-122.2611, 37.1415], [-122.2608, 37.1418], [-122.2608, 37.1415], [-122.2611, 37.1415]], [[-122.2631, 37.1412], [-122.2628, 37.1415], [-122.2628, 37.1412], [-122.2631, 37.1412]], [[-122.2638, 37.1407], [-122.2634, 37.1409], [-122.2634, 37.1407], [-122.2638, 37.1407]], [[-122.2634, 37.1407], [-122.2631, 37.1401], [-122.2641, 37.1398], [-122.2641, 37.1404], [-122.2634, 37.1407]]], [[[-122.2418, 37.1403], [-122.2418, 37.1397], [-122.2411, 37.1395], [-122.2408, 37.1403], [-122.2418, 37.1403]]], [[[-122.2472, 37.1415], [-122.2478, 37.1396], [-122.2448, 37.1397], [-122.2462, 37.1413], [-122.2472, 37.1415]]], [[[-122.2534, 37.1441], [-122.2544, 37.1433], [-122.2543, 37.1419], [-122.2567, 37.1403], [-122.2569, 37.1384], [-122.2505, 37.1377], [-122.2526, 37.1393], [-122.2539, 37.1387], [-122.2539, 37.1395], [-122.2526, 37.1398], [-122.2526, 37.1403], [-122.2529, 37.1403], [-122.2529, 37.1401], [-122.2533, 37.14], [-122.2536, 37.1406], [-122.2519, 37.1412], [-122.252, 37.1417], [-122.2489, 37.1415], [-122.2486, 37.142], [-122.2517, 37.1428], [-122.2517, 37.1439], [-122.2534, 37.1441]], [[-122.2523, 37.1422], [-122.252, 37.1425], [-122.252, 37.1422], [-122.2523, 37.1422]], [[-122.2536, 37.1398], [-122.2533, 37.14], [-122.2533, 37.1398], [-122.2536, 37.1398]], [[-122.2546, 37.1395], [-122.2543, 37.1398], [-122.2543, 37.1395], [-122.2546, 37.1395]]], [[[-122.2904, 37.1374], [-122.29, 37.1369], [-122.2894, 37.1372], [-122.2894, 37.1375], [-122.2904, 37.1374]]], [[[-122.2843, 37.1376], [-122.2853, 37.1373], [-122.286, 37.1362], [-122.2846, 37.1362], [-122.2843, 37.1376]]], [[[-122.2714, 37.1357], [-122.2714, 37.1348], [-122.271, 37.1349], [-122.2707, 37.1357], [-122.2714, 37.1357]]], [[[-122.2783, 37.1517], [-122.2776, 37.1498], [-122.2809, 37.1471], [-122.2805, 37.1455], [-122.2795, 37.1452], [-122.2791, 37.1441], [-122.2814, 37.1419], [-122.2804, 37.1417], [-122.2784, 37.1439], [-122.2795, 37.1463], [-122.2788, 37.1466], [-122.2789, 37.1485], [-122.2782, 37.1485], [-122.2768, 37.1458], [-122.2771, 37.145], [-122.2754, 37.1437], [-122.2753, 37.1415], [-122.2766, 37.1404], [-122.2769, 37.1393], [-122.2765, 37.1377], [-122.2741, 37.1364], [-122.2744, 37.1351], [-122.2738, 37.1351], [-122.2734, 37.134], [-122.271, 37.134], [-122.2717, 37.1348], [-122.2714, 37.1359], [-122.2724, 37.1364], [-122.2714, 37.1373], [-122.2722, 37.1389], [-122.2742, 37.1386], [-122.2742, 37.1394], [-122.2716, 37.1411], [-122.2726, 37.1427], [-122.2714, 37.1454], [-122.2734, 37.1456], [-122.273, 37.1445], [-122.2734, 37.1443], [-122.2737, 37.1442], [-122.2737, 37.1445], [-122.2744, 37.1445], [-122.2737, 37.1451], [-122.2744, 37.1453], [-122.2738, 37.1472], [-122.2758, 37.1474], [-122.2755, 37.1496], [-122.2769, 37.1496], [-122.2766, 37.1507], [-122.2783, 37.1517]], [[-122.2758, 37.1461], [-122.2751, 37.1469], [-122.2751, 37.1461], [-122.2758, 37.1461]], [[-122.2748, 37.1467], [-122.2741, 37.1469], [-122.2741, 37.1467], [-122.2748, 37.1467]], [[-122.2802, 37.1455], [-122.2798, 37.1458], [-122.2798, 37.1455], [-122.2802, 37.1455]], [[-122.2754, 37.1448], [-122.2751, 37.145], [-122.2751, 37.1448], [-122.2754, 37.1448]], [[-122.273, 37.1448], [-122.2727, 37.1451], [-122.2727, 37.1448], [-122.273, 37.1448]], [[-122.2747, 37.1442], [-122.2744, 37.1445], [-122.2744, 37.1442], [-122.2747, 37.1442]], [[-122.274, 37.144], [-122.2737, 37.1442], [-122.2737, 37.144], [-122.274, 37.144]], [[-122.2743, 37.141], [-122.2739, 37.1413], [-122.2739, 37.141], [-122.2743, 37.141]], [[-122.2736, 37.1407], [-122.2733, 37.141], [-122.2732, 37.1407], [-122.2736, 37.1407]], [[-122.2763, 37.1402], [-122.2759, 37.1404], [-122.2759, 37.1402], [-122.2763, 37.1402]]], [[[-122.247, 37.1356], [-122.2473, 37.1342], [-122.247, 37.1342], [-122.247, 37.1356]]], [[[-122.2873, 37.1345], [-122.2879, 37.1337], [-122.2859, 37.1332], [-122.2856, 37.134], [-122.2873, 37.1345]]], [[[-122.2491, 37.1355], [-122.249, 37.1339], [-122.2463, 37.1332], [-122.2463, 37.1342], [-122.2477, 37.1337], [-122.2477, 37.1353], [-122.2491, 37.1355]]], [[[-122.2493, 37.1328], [-122.25, 37.1323], [-122.2493, 37.132], [-122.2493, 37.1328]]], [[[-122.2483, 37.1315], [-122.2486, 37.1318], [-122.2493, 37.1315], [-122.2483, 37.1315]]], [[[-122.2808, 37.133], [-122.2821, 37.1314], [-122.2811, 37.1317], [-122.2797, 37.1306], [-122.2801, 37.1328], [-122.2808, 37.133]]], [[[-122.2794, 37.1306], [-122.28, 37.1296], [-122.279, 37.1296], [-122.2794, 37.1306]]], [[[-122.2706, 37.1327], [-122.273, 37.1318], [-122.2725, 37.1275], [-122.2714, 37.1257], [-122.2696, 37.1311], [-122.2706, 37.1327]], [[-122.2715, 37.127], [-122.2712, 37.1276], [-122.2711, 37.127], [-122.2715, 37.127]]], [[[-122.2627, 37.1264], [-122.2644, 37.1263], [-122.263, 37.1256], [-122.2627, 37.1264]]], [[[-122.2887, 37.1251], [-122.289, 37.1253], [-122.2893, 37.1251], [-122.2887, 37.1251]]], [[[-122.2856, 37.1251], [-122.2863, 37.1243], [-122.2859, 37.1238], [-122.2853, 37.1241], [-122.2856, 37.1251]]], [[[-122.2773, 37.1301], [-122.278, 37.129], [-122.2793, 37.1288], [-122.2796, 37.1277], [-122.2786, 37.1282], [-122.2773, 37.128], [-122.2772, 37.1258], [-122.2758, 37.125], [-122.2764, 37.1231], [-122.2747, 37.1229], [-122.2748, 37.1234], [-122.2717, 37.1246], [-122.2714, 37.1254], [-122.2721, 37.1259], [-122.2731, 37.1246], [-122.2754, 37.1237], [-122.2755, 37.1259], [-122.2748, 37.1261], [-122.2755, 37.1261], [-122.2752, 37.1272], [-122.2773, 37.1301]], [[-122.2754, 37.1232], [-122.2751, 37.1234], [-122.2751, 37.1232], [-122.2754, 37.1232]]], [[[-122.2616, 37.1232], [-122.2615, 37.1223], [-122.2588, 37.1227], [-122.2592, 37.1232], [-122.2616, 37.1232]]], [[[-122.2559, 37.1368], [-122.2565, 37.1362], [-122.2555, 37.1354], [-122.2568, 37.1349], [-122.2589, 37.1351], [-122.2574, 37.1316], [-122.2595, 37.1332], [-122.2605, 37.1332], [-122.2611, 37.1321], [-122.2598, 37.1316], [-122.2621, 37.1296], [-122.261, 37.1288], [-122.2617, 37.1267], [-122.2606, 37.1264], [-122.26, 37.127], [-122.2607, 37.1283], [-122.259, 37.1291], [-122.2573, 37.1289], [-122.2557, 37.1303], [-122.2547, 37.13], [-122.2543, 37.129], [-122.2563, 37.1278], [-122.2562, 37.1265], [-122.2586, 37.1267], [-122.2585, 37.1238], [-122.2555, 37.1246], [-122.2552, 37.1241], [-122.2558, 37.1238], [-122.2548, 37.123], [-122.2551, 37.1222], [-122.2544, 37.1222], [-122.2531, 37.1236], [-122.2521, 37.1236], [-122.2515, 37.125], [-122.2494, 37.1253], [-122.2495, 37.1258], [-122.2508, 37.1258], [-122.2512, 37.1266], [-122.2528, 37.1257], [-122.2542, 37.1271], [-122.2533, 37.1284], [-122.2509, 37.1288], [-122.2509, 37.1296], [-122.2523, 37.1298], [-122.2526, 37.1306], [-122.2517, 37.1314], [-122.25, 37.1315], [-122.25, 37.132], [-122.2517, 37.1339], [-122.2514, 37.135], [-122.2524, 37.1352], [-122.2501, 37.1361], [-122.2501, 37.1366], [-122.2559, 37.1368]], [[-122.2535, 37.1355], [-122.2528, 37.1355], [-122.2528, 37.1349], [-122.2531, 37.1349], [-122.2535, 37.1355]], [[-122.2544, 37.1344], [-122.2541, 37.1346], [-122.2541, 37.1344], [-122.2544, 37.1344]], [[-122.2534, 37.1338], [-122.2531, 37.1341], [-122.2531, 37.1338], [-122.2534, 37.1338]], [[-122.2521, 37.1336], [-122.2517, 37.1339], [-122.2517, 37.1336], [-122.2521, 37.1336]], [[-122.2511, 37.1255], [-122.2508, 37.1258], [-122.2508, 37.1255], [-122.2511, 37.1255]]], [[[-122.273, 37.1213], [-122.2726, 37.1202], [-122.2713, 37.1208], [-122.2713, 37.1211], [-122.273, 37.1213]]], [[[-122.2568, 37.1222], [-122.2578, 37.1205], [-122.257, 37.1192], [-122.2554, 37.12], [-122.2551, 37.1217], [-122.2551, 37.1222], [-122.2568, 37.1222]]], [[[-122.2771, 37.1215], [-122.2784, 37.1207], [-122.2787, 37.1188], [-122.278, 37.1188], [-122.2784, 37.1199], [-122.2777, 37.1193], [-122.2777, 37.1204], [-122.2767, 37.1207], [-122.2771, 37.1215]]], [[[-122.249, 37.1202], [-122.2489, 37.1196], [-122.2493, 37.1191], [-122.2486, 37.1194], [-122.249, 37.1202]]], [[[-122.2804, 37.1196], [-122.2804, 37.1187], [-122.2793, 37.1182], [-122.2797, 37.1196], [-122.2804, 37.1196]]], [[[-122.275, 37.1194], [-122.2746, 37.1178], [-122.2739, 37.1178], [-122.2743, 37.1183], [-122.2729, 37.1181], [-122.2733, 37.1194], [-122.275, 37.1194]], [[-122.2746, 37.1186], [-122.2743, 37.1189], [-122.2743, 37.1186], [-122.2746, 37.1186]]], [[[-122.2516, 37.1185], [-122.2523, 37.1182], [-122.2516, 37.1179], [-122.2516, 37.1185]]], [[[-122.2499, 37.1191], [-122.2513, 37.1182], [-122.2502, 37.1174], [-122.2499, 37.1191]]], [[[-122.2827, 37.1176], [-122.283, 37.1168], [-122.2823, 37.1168], [-122.2827, 37.1176]]], [[[-122.2394, 37.1157], [-122.2387, 37.1149], [-122.238, 37.1152], [-122.238, 37.1155], [-122.2394, 37.1157]]], [[[-122.2637, 37.115], [-122.2637, 37.1145], [-122.263, 37.1145], [-122.263, 37.1148], [-122.2637, 37.115]]], [[[-122.2403, 37.1136], [-122.2403, 37.113], [-122.2393, 37.1128], [-122.2393, 37.1133], [-122.2403, 37.1136]]], [[[-122.2618, 37.1207], [-122.2615, 37.1199], [-122.2624, 37.1188], [-122.2614, 37.1186], [-122.261, 37.1175], [-122.2627, 37.1167], [-122.2624, 37.1158], [-122.2637, 37.1158], [-122.2623, 37.1145], [-122.2643, 37.1139], [-122.2643, 37.1118], [-122.2619, 37.1137], [-122.2623, 37.1156], [-122.2613, 37.1159], [-122.261, 37.1153], [-122.26, 37.1172], [-122.2607, 37.118], [-122.2605, 37.1202], [-122.2618, 37.1207]], [[-122.2618, 37.1188], [-122.2614, 37.1191], [-122.2614, 37.1188], [-122.2618, 37.1188]]], [[[-122.2406, 37.113], [-122.2413, 37.1127], [-122.2413, 37.1122], [-122.2403, 37.1122], [-122.2406, 37.113]]], [[[-122.2435, 37.1197], [-122.2448, 37.117], [-122.2428, 37.1168], [-122.2465, 37.1156], [-122.2457, 37.1143], [-122.2471, 37.1145], [-122.2471, 37.1134], [-122.246, 37.1129], [-122.2497, 37.1128], [-122.2484, 37.1118], [-122.2483, 37.1107], [-122.2466, 37.1102], [-122.2466, 37.1083], [-122.2446, 37.1092], [-122.2429, 37.1089], [-122.2429, 37.1105], [-122.2433, 37.1105], [-122.2436, 37.1108], [-122.2436, 37.1113], [-122.244, 37.1113], [-122.244, 37.1124], [-122.2423, 37.1141], [-122.2434, 37.1154], [-122.2421, 37.1162], [-122.241, 37.1154], [-122.2413, 37.1146], [-122.24, 37.1144], [-122.2397, 37.1168], [-122.2387, 37.1174], [-122.2398, 37.1184], [-122.2408, 37.1179], [-122.2428, 37.1184], [-122.2429, 37.1197], [-122.2435, 37.1197]], [[-122.2414, 37.1173], [-122.2408, 37.1176], [-122.2408, 37.1173], [-122.2414, 37.1173]], [[-122.2454, 37.114], [-122.2447, 37.1143], [-122.2447, 37.114], [-122.2454, 37.114]], [[-122.2464, 37.114], [-122.2457, 37.114], [-122.2457, 37.1135], [-122.246, 37.1135], [-122.2464, 37.114]], [[-122.2447, 37.1135], [-122.244, 37.1132], [-122.2447, 37.1129], [-122.2447, 37.1135]], [[-122.2433, 37.1135], [-122.243, 37.1138], [-122.243, 37.1135], [-122.2433, 37.1135]], [[-122.244, 37.113], [-122.2437, 37.1132], [-122.2437, 37.113], [-122.244, 37.113]], [[-122.246, 37.1127], [-122.2457, 37.1129], [-122.2457, 37.1127], [-122.246, 37.1127]], [[-122.247, 37.1121], [-122.2467, 37.1124], [-122.2467, 37.1121], [-122.247, 37.1121]], [[-122.2439, 37.1105], [-122.2436, 37.1108], [-122.2436, 37.1105], [-122.2439, 37.1105]], [[-122.2446, 37.1094], [-122.2442, 37.1097], [-122.2442, 37.1094], [-122.2446, 37.1094]], [[-122.2449, 37.1092], [-122.2446, 37.1094], [-122.2446, 37.1092], [-122.2449, 37.1092]]], [[[-122.2591, 37.1084], [-122.2594, 37.1073], [-122.258, 37.1065], [-122.2586, 37.104], [-122.2572, 37.1027], [-122.2562, 37.1038], [-122.2567, 37.1062], [-122.2573, 37.1068], [-122.2574, 37.1081], [-122.2591, 37.1084]], [[-122.258, 37.1068], [-122.2577, 37.107], [-122.2577, 37.1068], [-122.258, 37.1068]], [[-122.2577, 37.1062], [-122.2573, 37.1068], [-122.2573, 37.1062], [-122.2577, 37.1062]]], [[[-122.239, 37.1036], [-122.2393, 37.1028], [-122.2386, 37.1023], [-122.2376, 37.1026], [-122.2376, 37.1034], [-122.239, 37.1036]]], [[[-122.2655, 37.1066], [-122.2661, 37.1044], [-122.2637, 37.1037], [-122.2633, 37.1029], [-122.2643, 37.102], [-122.2626, 37.101], [-122.263, 37.1034], [-122.262, 37.1034], [-122.262, 37.1045], [-122.2634, 37.105], [-122.2634, 37.1061], [-122.2655, 37.1066]]], [[[-122.2582, 37.1016], [-122.2589, 37.1008], [-122.2578, 37.1005], [-122.2572, 37.1016], [-122.2582, 37.1016]]], [[[-122.2473, 37.0997], [-122.2477, 37.0999], [-122.248, 37.0997], [-122.2473, 37.0997]]], [[[-122.2625, 37.0994], [-122.2622, 37.0988], [-122.2615, 37.0991], [-122.2615, 37.0994], [-122.2625, 37.0994]]], [[[-122.211, 37.0936], [-122.211, 37.0931], [-122.2096, 37.0928], [-122.2096, 37.0934], [-122.211, 37.0936]]], [[[-122.2143, 37.0927], [-122.2146, 37.0919], [-122.216, 37.0916], [-122.2163, 37.0897], [-122.2149, 37.0903], [-122.2136, 37.0898], [-122.2139, 37.0908], [-122.215, 37.0911], [-122.215, 37.0916], [-122.2133, 37.0917], [-122.2143, 37.0927]]], [[[-122.2108, 37.0879], [-122.2111, 37.0868], [-122.2097, 37.0863], [-122.2098, 37.0869], [-122.2108, 37.0879]]], [[[-122.2256, 37.0866], [-122.2263, 37.086], [-122.2253, 37.0858], [-122.2256, 37.0866]]], [[[-122.2127, 37.0728], [-122.2127, 37.072], [-122.2124, 37.072], [-122.2117, 37.0728], [-122.2127, 37.0728]]]]}, "properties": {"layer": "cell", "cell_id": "97_500", "seed_zone": "97", "elevation_band": "500–1000 ft"}}, {"type": "Feature", "geometry": {"type": "MultiPolygon", "coordinates": [[[[-122.2845, 37.2555], [-122.2855, 37.2558], [-122.2865, 37.2555], [-122.2845, 37.2555]]], [[[-122.2912, 37.2549], [-122.2912, 37.2541], [-122.2909, 37.2541], [-122.2906, 37.2549], [-122.2912, 37.2549]]], [[[-122.2773, 37.2519], [-122.2776, 37.2511], [-122.2769, 37.2511], [-122.2773, 37.2519]]], [[[-122.2823, 37.2507], [-122.2823, 37.2502], [-122.2816, 37.2499], [-122.2816, 37.2505], [-122.2823, 37.2507]]], [[[-122.2732, 37.2504], [-122.2731, 37.2498], [-122.2725, 37.2498], [-122.2725, 37.2501], [-122.2732, 37.2504]]], [[[-122.2731, 37.2495], [-122.2734, 37.2482], [-122.2724, 37.2479], [-122.2718, 37.2488], [-122.2731, 37.2495]]], [[[-122.2622, 37.2457], [-122.2638, 37.2432], [-122.2621, 37.2438], [-122.2604, 37.242], [-122.2584, 37.2425], [-122.2604, 37.2444], [-122.2601, 37.2455], [-122.2618, 37.2452], [-122.2622, 37.2457]]], [[[-122.2584, 37.2425], [-122.2587, 37.2412], [-122.257, 37.2412], [-122.2573, 37.2423], [-122.2584, 37.2425]]], [[[-122.3103, 37.234], [-122.3113, 37.2334], [-122.3112, 37.2329], [-122.3099, 37.2332], [-122.3103, 37.234]]], [[[-122.3106, 37.2329], [-122.3102, 37.2321], [-122.3099, 37.2321], [-122.3099, 37.2329], [-122.3106, 37.2329]]], [[[-122.3035, 37.2249], [-122.3032, 37.2244], [-122.3039, 37.2244], [-122.3042, 37.2233], [-122.3025, 37.2231], [-122.3025, 37.225], [-122.3035, 37.2249]]], [[[-122.2841, 37.2204], [-122.2848, 37.2199], [-122.2844, 37.2199], [-122.2841, 37.2204]]], [[[-122.2722, 37.218], [-122.2725, 37.2172], [-122.2722, 37.2172], [-122.2722, 37.218]]], [[[-122.2885, 37.2187], [-122.2898, 37.2179], [-122.2901, 37.2171], [-122.2887, 37.2169], [-122.2878, 37.2177], [-122.2885, 37.2187]]], [[[-122.2844, 37.2177], [-122.2847, 37.2172], [-122.283, 37.2167], [-122.283, 37.2175], [-122.2844, 37.2177]]], [[[-122.2722, 37.2172], [-122.2718, 37.2161], [-122.2704, 37.2161], [-122.2705, 37.2169], [-122.2722, 37.2172]]], [[[-122.2819, 37.2154], [-122.2819, 37.2148], [-122.2812, 37.2146], [-122.2812, 37.2151], [-122.2819, 37.2154]]], [[[-122.3021, 37.2123], [-122.3021, 37.2117], [-122.3015, 37.2117], [-122.3015, 37.212], [-122.3021, 37.2123]]], [[[-122.2937, 37.2116], [-122.2943, 37.2116], [-122.2947, 37.2113], [-122.2937, 37.2116]]], [[[-122.3008, 37.2115], [-122.3014, 37.2112], [-122.3008, 37.2109], [-122.3008, 37.2115]]], [[[-122.3048, 37.2095], [-122.3048, 37.209], [-122.3061, 37.2084], [-122.3064, 37.2076], [-122.3037, 37.2085], [-122.3048, 37.2095]], [[-122.3044, 37.2084], [-122.3041, 37.2087], [-122.3041, 37.2085], [-122.3044, 37.2084]]], [[[-122.3074, 37.207], [-122.308, 37.2059], [-122.3074, 37.206], [-122.3056, 37.2036], [-122.306, 37.2063], [-122.3074, 37.207]]], [[[-122.2765, 37.2047], [-122.2765, 37.2039], [-122.2735, 37.2039], [-122.2735, 37.2042], [-122.2765, 37.2047]]], [[[-122.2762, 37.2036], [-122.2765, 37.203], [-122.2775, 37.2033], [-122.2771, 37.2025], [-122.2748, 37.2028], [-122.2741, 37.2023], [-122.2734, 37.2028], [-122.2734, 37.2036], [-122.2762, 37.2036]], [[-122.2761, 37.2031], [-122.2758, 37.2033], [-122.2758, 37.2031], [-122.2761, 37.2031]]], [[[-122.2748, 37.2023], [-122.2754, 37.202], [-122.2747, 37.2017], [-122.2748, 37.2023]]], [[[-122.223, 37.2022], [-122.2236, 37.2011], [-122.2212, 37.1995], [-122.2209, 37.2006], [-122.2222, 37.2011], [-122.2212, 37.2011], [-122.2209, 37.2019], [-122.223, 37.2022]]], [[[-122.2178, 37.1993], [-122.2185, 37.1987], [-122.2181, 37.1988], [-122.2178, 37.1993]]], [[[-122.2263, 37.2021], [-122.2266, 37.2008], [-122.2253, 37.1997], [-122.2239, 37.2], [-122.2225, 37.1981], [-122.2218, 37.1981], [-122.2215, 37.1992], [-122.2222, 37.1992], [-122.2222, 37.2], [-122.2232, 37.2], [-122.2233, 37.2008], [-122.2236, 37.2008], [-122.2239, 37.2011], [-122.224, 37.2016], [-122.2243, 37.2013], [-122.2253, 37.2013], [-122.2263, 37.2021]], [[-122.2256, 37.2008], [-122.2253, 37.2013], [-122.2253, 37.2008], [-122.2256, 37.2008]], [[-122.2246, 37.2003], [-122.2243, 37.2008], [-122.2239, 37.2003], [-122.2246, 37.2003]], [[-122.2239, 37.2005], [-122.2236, 37.2008], [-122.2236, 37.2005], [-122.2239, 37.2005]]], [[[-122.2194, 37.1979], [-122.2194, 37.1974], [-122.2188, 37.1974], [-122.2188, 37.1977], [-122.2194, 37.1979]]], [[[-122.2789, 37.1952], [-122.2782, 37.1944], [-122.2776, 37.1944], [-122.2776, 37.1949], [-122.2789, 37.1952]]], [[[-122.2174, 37.1963], [-122.2177, 37.1955], [-122.2173, 37.1955], [-122.2174, 37.1963]]], [[[-122.2776, 37.1944], [-122.2772, 37.1933], [-122.2762, 37.1931], [-122.2759, 37.1944], [-122.2776, 37.1944]]], [[[-122.2143, 37.1964], [-122.2143, 37.195], [-122.2136, 37.1951], [-122.2143, 37.1945], [-122.2122, 37.1945], [-122.2129, 37.1948], [-122.2126, 37.1964], [-122.2143, 37.1964]]], [[[-122.1977, 37.1951], [-122.1984, 37.1945], [-122.1977, 37.1945], [-122.1977, 37.1951]]], [[[-122.2007, 37.1937], [-122.2014, 37.1939], [-122.2014, 37.1934], [-122.2007, 37.1937]]], [[[-122.2092, 37.1951], [-122.2102, 37.1948], [-122.2092, 37.1935], [-122.2064, 37.1928], [-122.2061, 37.1944], [-122.2078, 37.1941], [-122.2092, 37.1951]]], [[[-122.3008, 37.1918], [-122.3005, 37.191], [-122.2998, 37.191], [-122.2998, 37.1915], [-122.3008, 37.1918]]], [[[-122.2234, 37.1927], [-122.223, 37.1922], [-122.2223, 37.1925], [-122.2223, 37.1927], [-122.2234, 37.1927]]], [[[-122.2238, 37.1978], [-122.2235, 37.1962], [-122.2248, 37.1957], [-122.2252, 37.1967], [-122.2258, 37.194], [-122.2248, 37.1943], [-122.2244, 37.1938], [-122.2251, 37.1935], [-122.2234, 37.1938], [-122.222, 37.1933], [-122.222, 37.1925], [-122.2206, 37.1922], [-122.2194, 37.1952], [-122.218, 37.1958], [-122.2181, 37.1969], [-122.2194, 37.1974], [-122.2201, 37.1968], [-122.2208, 37.1976], [-122.2225, 37.1971], [-122.2228, 37.1979], [-122.2238, 37.1978]], [[-122.2228, 37.1968], [-122.2218, 37.1968], [-122.2211, 37.1963], [-122.2221, 37.1962], [-122.2221, 37.196], [-122.2228, 37.196], [-122.2228, 37.1968]], [[-122.2197, 37.1966], [-122.2194, 37.1968], [-122.2194, 37.1966], [-122.2197, 37.1966]], [[-122.2208, 37.1965], [-122.2197, 37.1966], [-122.2204, 37.1947], [-122.2214, 37.1955], [-122.2208, 37.1965]], [[-122.2197, 37.1958], [-122.2194, 37.1963], [-122.2194, 37.1958], [-122.2197, 37.1958]], [[-122.2234, 37.196], [-122.2224, 37.1957], [-122.2231, 37.1949], [-122.2238, 37.1951], [-122.2231, 37.1954], [-122.2234, 37.196]], [[-122.2213, 37.1925], [-122.221, 37.1928], [-122.221, 37.1925], [-122.2213, 37.1925]]], [[[-122.2213, 37.1919], [-122.2213, 37.1911], [-122.2206, 37.1911], [-122.2206, 37.192], [-122.2213, 37.1919]]], [[[-122.27, 37.1905], [-122.27, 37.1899], [-122.2693, 37.19], [-122.2693, 37.1902], [-122.27, 37.1905]]], [[[-122.3025, 37.1896], [-122.3031, 37.189], [-122.3028, 37.189], [-122.3025, 37.1896]]], [[[-122.202, 37.1915], [-122.2027, 37.1909], [-122.2023, 37.1909], [-122.202, 37.1915]]], [[[-122.2657, 37.1925], [-122.2646, 37.1895], [-122.2619, 37.1912], [-122.2636, 37.1922], [-122.2657, 37.1925]]], [[[-122.2223, 37.1917], [-122.2233, 37.1908], [-122.2212, 37.1901], [-122.2213, 37.1906], [-122.2223, 37.1917]]], [[[-122.2805, 37.1895], [-122.2801, 37.1887], [-122.2798, 37.1887], [-122.2798, 37.1895], [-122.2805, 37.1895]]], [[[-122.2199, 37.1912], [-122.2209, 37.1903], [-122.2195, 37.1898], [-122.2199, 37.1912]]], [[[-122.3082, 37.1887], [-122.3089, 37.1884], [-122.3082, 37.1881], [-122.3082, 37.1887]]], [[[-122.1989, 37.1913], [-122.1989, 37.1899], [-122.1986, 37.1899], [-122.1979, 37.1908], [-122.1989, 37.1913]]], [[[-122.2023, 37.1909], [-122.2026, 37.1901], [-122.2016, 37.1899], [-122.2013, 37.1904], [-122.2023, 37.1909]]], [[[-122.2061, 37.1928], [-122.2067, 37.1906], [-122.2029, 37.1896], [-122.2026, 37.1901], [-122.2036, 37.1898], [-122.2037, 37.1907], [-122.205, 37.1909], [-122.2047, 37.1917], [-122.204, 37.1912], [-122.204, 37.1923], [-122.2051, 37.1925], [-122.2051, 37.1928], [-122.2061, 37.1928]], [[-122.2054, 37.192], [-122.2051, 37.1925], [-122.2051, 37.192], [-122.2054, 37.192]], [[-122.2057, 37.1909], [-122.2054, 37.1912], [-122.2054, 37.1909], [-122.2057, 37.1909]]], [[[-122.2067, 37.1901], [-122.2067, 37.1895], [-122.2053, 37.1898], [-122.2053, 37.1901], [-122.2067, 37.1901]]], [[[-122.3041, 37.1885], [-122.3048, 37.1879], [-122.3044, 37.1874], [-122.3038, 37.1877], [-122.3041, 37.1885]]], [[[-122.2544, 37.19], [-122.2544, 37.1884], [-122.254, 37.1884], [-122.2531, 37.19], [-122.2544, 37.19]]], [[[-122.3005, 37.1907], [-122.3008, 37.1894], [-122.3018, 37.1891], [-122.3017, 37.1872], [-122.3007, 37.1872], [-122.3004, 37.1883], [-122.2997, 37.1883], [-122.3005, 37.1907]]], [[[-122.2026, 37.1899], [-122.2023, 37.1891], [-122.2013, 37.1893], [-122.2013, 37.1896], [-122.2026, 37.1899]]], [[[-122.1979, 37.1905], [-122.1979, 37.1899], [-122.1986, 37.1897], [-122.1992, 37.1899], [-122.1999, 37.1891], [-122.1965, 37.1897], [-122.1969, 37.1905], [-122.1979, 37.1905]]], [[[-122.271, 37.1886], [-122.2713, 37.188], [-122.273, 37.1875], [-122.2706, 37.1878], [-122.271, 37.1886]]], [[[-122.2652, 37.189], [-122.2655, 37.1884], [-122.2645, 37.1873], [-122.2642, 37.1882], [-122.2652, 37.189]]], [[[-122.2057, 37.1895], [-122.207, 37.1887], [-122.2049, 37.1885], [-122.205, 37.1893], [-122.2046, 37.1887], [-122.204, 37.1893], [-122.2057, 37.1895]], [[-122.2056, 37.1887], [-122.2053, 37.189], [-122.2053, 37.1887], [-122.2056, 37.1887]]], [[[-122.2077, 37.1892], [-122.2077, 37.1887], [-122.208, 37.1881], [-122.2073, 37.1884], [-122.2077, 37.1892]]], [[[-122.2026, 37.1891], [-122.2033, 37.1885], [-122.2026, 37.1882], [-122.2026, 37.1891]]], [[[-122.2378, 37.1887], [-122.2385, 37.1884], [-122.2381, 37.1876], [-122.2367, 37.1873], [-122.2378, 37.1887]]], [[[-122.299, 37.1859], [-122.2997, 37.1859], [-122.3, 37.1856], [-122.299, 37.1859]]], [[[-122.2712, 37.1861], [-122.2712, 37.1856], [-122.2702, 37.1859], [-122.2702, 37.1862], [-122.2712, 37.1861]]], [[[-122.2749, 37.1855], [-122.2753, 37.1858], [-122.2759, 37.1855], [-122.2749, 37.1855]]], [[[-122.3061, 37.1868], [-122.3068, 37.1857], [-122.305, 37.1847], [-122.3048, 37.1868], [-122.3061, 37.1868]]], [[[-122.2729, 37.1856], [-122.2736, 37.1853], [-122.2729, 37.185], [-122.2729, 37.1856]]], [[[-122.1965, 37.1886], [-122.1968, 37.1881], [-122.1958, 37.1878], [-122.1954, 37.1865], [-122.1944, 37.1879], [-122.1965, 37.1886]]], [[[-122.2062, 37.1866], [-122.2079, 37.186], [-122.2079, 37.1854], [-122.2035, 37.1861], [-122.2035, 37.1866], [-122.2042, 37.1861], [-122.2062, 37.1866]]], [[[-122.2105, 37.1938], [-122.2101, 37.1924], [-122.2115, 37.1924], [-122.2128, 37.1913], [-122.2127, 37.1889], [-122.2141, 37.1886], [-122.2133, 37.1853], [-122.213, 37.1862], [-122.212, 37.1864], [-122.2123, 37.1856], [-122.2113, 37.1846], [-122.2096, 37.1849], [-122.2113, 37.1865], [-122.2103, 37.1873], [-122.211, 37.1881], [-122.2107, 37.1892], [-122.2114, 37.1894], [-122.2094, 37.1911], [-122.2098, 37.1924], [-122.2088, 37.193], [-122.2105, 37.1938]], [[-122.2121, 37.1894], [-122.2114, 37.1897], [-122.2114, 37.1894], [-122.2121, 37.1894]], [[-122.212, 37.1856], [-122.2116, 37.1859], [-122.2116, 37.1856], [-122.212, 37.1856]], [[-122.2116, 37.1854], [-122.2113, 37.1857], [-122.2113, 37.1854], [-122.2116, 37.1854]]], [[[-122.2096, 37.1857], [-122.2092, 37.1849], [-122.2079, 37.1849], [-122.2079, 37.1854], [-122.2096, 37.1857]]], [[[-122.1974, 37.1848], [-122.1984, 37.1843], [-122.1974, 37.1843], [-122.1974, 37.1848]]], [[[-122.2096, 37.1849], [-122.2099, 37.1843], [-122.2082, 37.1838], [-122.2089, 37.1841], [-122.2086, 37.1846], [-122.2096, 37.1849]]], [[[-122.2143, 37.1942], [-122.2172, 37.1915], [-122.2177, 37.1847], [-122.2166, 37.1834], [-122.216, 37.1842], [-122.2147, 37.1848], [-122.214, 37.1843], [-122.2136, 37.1848], [-122.214, 37.1864], [-122.2144, 37.1864], [-122.2154, 37.1875], [-122.2135, 37.1899], [-122.2138, 37.1913], [-122.2132, 37.1916], [-122.2136, 37.1934], [-122.2129, 37.1937], [-122.2143, 37.1942]], [[-122.2159, 37.1912], [-122.2155, 37.1918], [-122.2155, 37.1912], [-122.2159, 37.1912]], [[-122.2145, 37.1896], [-122.2141, 37.1899], [-122.2141, 37.1896], [-122.2145, 37.1896]], [[-122.2168, 37.1891], [-122.2158, 37.1896], [-122.2161, 37.1885], [-122.2168, 37.1891]], [[-122.2155, 37.1894], [-122.2151, 37.1896], [-122.2151, 37.1894], [-122.2155, 37.1894]], [[-122.2155, 37.1888], [-122.2151, 37.1891], [-122.2151, 37.1888], [-122.2155, 37.1888]], [[-122.2161, 37.1883], [-122.2158, 37.1885], [-122.2158, 37.1883], [-122.2161, 37.1883]], [[-122.2164, 37.1874], [-122.2161, 37.188], [-122.2161, 37.1875], [-122.2164, 37.1874]], [[-122.2171, 37.1874], [-122.2168, 37.1877], [-122.2168, 37.1874], [-122.2171, 37.1874]], [[-122.2171, 37.1866], [-122.2167, 37.1869], [-122.2167, 37.1866], [-122.2171, 37.1866]], [[-122.2167, 37.1864], [-122.2164, 37.1866], [-122.2164, 37.1864], [-122.2167, 37.1864]], [[-122.2157, 37.1861], [-122.2144, 37.1864], [-122.2143, 37.1853], [-122.2147, 37.1853], [-122.2147, 37.1859], [-122.215, 37.1859], [-122.215, 37.1861], [-122.2157, 37.1861]], [[-122.2154, 37.1856], [-122.215, 37.1859], [-122.215, 37.1856], [-122.2154, 37.1856]]], [[[-122.2704, 37.1826], [-122.2704, 37.1821], [-122.2698, 37.1821], [-122.2698, 37.1824], [-122.2704, 37.1826]]], [[[-122.2092, 37.1838], [-122.2099, 37.1832], [-122.2092, 37.183], [-122.2092, 37.1838]]], [[[-122.286, 37.1832], [-122.2856, 37.1813], [-122.285, 37.1813], [-122.2853, 37.1826], [-122.286, 37.1832]]], [[[-122.2461, 37.1834], [-122.2454, 37.1818], [-122.2434, 37.1826], [-122.2444, 37.1834], [-122.2461, 37.1834]]], [[[-122.2948, 37.1822], [-122.2948, 37.1808], [-122.2941, 37.1808], [-122.2938, 37.1817], [-122.2948, 37.1822]]], [[[-122.1943, 37.1833], [-122.1946, 37.1827], [-122.1933, 37.1825], [-122.1933, 37.183], [-122.1943, 37.1833]]], [[[-122.2826, 37.1813], [-122.2832, 37.1808], [-122.2843, 37.181], [-122.2843, 37.1805], [-122.2829, 37.1802], [-122.2826, 37.1813]]], [[[-122.2878, 37.1861], [-122.2918, 37.1844], [-122.2945, 37.1841], [-122.2955, 37.1832], [-122.2931, 37.183], [-122.2928, 37.1822], [-122.2938, 37.1822], [-122.2938, 37.1817], [-122.2917, 37.1817], [-122.2917, 37.1801], [-122.291, 37.1801], [-122.2907, 37.1817], [-122.2921, 37.182], [-122.2924, 37.1828], [-122.2915, 37.1836], [-122.2894, 37.1828], [-122.287, 37.1831], [-122.2868, 37.1853], [-122.2878, 37.1861]]], [[[-122.1933, 37.1825], [-122.1932, 37.1819], [-122.1926, 37.1819], [-122.1926, 37.1822], [-122.1933, 37.1825]]], [[[-122.2603, 37.1842], [-122.2602, 37.1807], [-122.2592, 37.1804], [-122.2593, 37.1842], [-122.2603, 37.1842]]], [[[-122.3039, 37.1801], [-122.3039, 37.1796], [-122.3025, 37.1799], [-122.3025, 37.1801], [-122.3039, 37.1801]]], [[[-122.2081, 37.1814], [-122.2088, 37.1808], [-122.2084, 37.1808], [-122.2081, 37.1814]]], [[[-122.201, 37.1815], [-122.2007, 37.181], [-122.1986, 37.1805], [-122.1986, 37.181], [-122.201, 37.1815]]], [[[-122.2118, 37.1808], [-122.2128, 37.1802], [-122.2118, 37.1802], [-122.2118, 37.1808]]], [[[-122.2423, 37.1808], [-122.2423, 37.1794], [-122.2412, 37.1794], [-122.2416, 37.1808], [-122.2423, 37.1808]]], [[[-122.2088, 37.18], [-122.2084, 37.1795], [-122.2077, 37.1795], [-122.2081, 37.18], [-122.2088, 37.18]]], [[[-122.3045, 37.1788], [-122.3048, 37.1779], [-122.3038, 37.1774], [-122.3038, 37.1785], [-122.3045, 37.1788]]], [[[-122.2964, 37.1803], [-122.2964, 37.1792], [-122.2926, 37.1774], [-122.2947, 37.18], [-122.2964, 37.1803]]], [[[-122.2866, 37.1788], [-122.2872, 37.178], [-122.2862, 37.1783], [-122.2848, 37.1772], [-122.2852, 37.1783], [-122.2866, 37.1788]]], [[[-122.2139, 37.1832], [-122.2146, 37.1824], [-122.2156, 37.1826], [-122.2166, 37.1812], [-122.2149, 37.1807], [-122.2141, 37.1783], [-122.2128, 37.1808], [-122.2135, 37.181], [-122.2139, 37.1805], [-122.2142, 37.181], [-122.2129, 37.1816], [-122.2136, 37.1821], [-122.2129, 37.1827], [-122.2139, 37.1832]]], [[[-122.2402, 37.1797], [-122.2402, 37.1778], [-122.2385, 37.1781], [-122.2385, 37.1797], [-122.2402, 37.1797]]], [[[-122.2071, 37.1795], [-122.207, 37.179], [-122.2074, 37.1784], [-122.2064, 37.1787], [-122.2071, 37.1795]]], [[[-122.1965, 37.1784], [-122.1972, 37.1789], [-122.1972, 37.1781], [-122.1965, 37.1784]]], [[[-122.2432, 37.1783], [-122.2439, 37.178], [-122.2439, 37.1769], [-122.2425, 37.1775], [-122.2432, 37.1783]]], [[[-122.2341, 37.1782], [-122.2344, 37.1771], [-122.2334, 37.1769], [-122.2334, 37.1782], [-122.2341, 37.1782]]], [[[-122.1966, 37.1797], [-122.1958, 37.1778], [-122.1948, 37.1773], [-122.1942, 37.1787], [-122.1948, 37.1784], [-122.1955, 37.1789], [-122.1955, 37.1795], [-122.1966, 37.1797]], [[-122.1959, 37.1786], [-122.1955, 37.1789], [-122.1955, 37.1787], [-122.1959, 37.1786]]], [[[-122.3173, 37.1774], [-122.3193, 37.1766], [-122.319, 37.1758], [-122.3203, 37.1755], [-122.3203, 37.1747], [-122.3186, 37.175], [-122.3173, 37.1761], [-122.3173, 37.1774]], [[-122.318, 37.1761], [-122.3176, 37.1763], [-122.3176, 37.1761], [-122.318, 37.1761]]], [[[-122.1999, 37.1772], [-122.1999, 37.1764], [-122.1988, 37.1762], [-122.1985, 37.1772], [-122.1999, 37.1772]]], [[[-122.2222, 37.1898], [-122.2226, 37.189], [-122.2249, 37.1886], [-122.2246, 37.1876], [-122.2255, 37.1865], [-122.2269, 37.1859], [-122.2293, 37.1861], [-122.2281, 37.1829], [-122.2271, 37.1824], [-122.2277, 37.181], [-122.227, 37.1794], [-122.228, 37.1778], [-122.227, 37.1773], [-122.2265, 37.1748], [-122.2255, 37.1743], [-122.2249, 37.1746], [-122.2249, 37.1762], [-122.2232, 37.1771], [-122.2233, 37.1789], [-122.2254, 37.1805], [-122.2251, 37.1819], [-122.2272, 37.184], [-122.2268, 37.1848], [-122.2224, 37.1846], [-122.222, 37.1803], [-122.2209, 37.1787], [-122.2199, 37.1787], [-122.2189, 37.1798], [-122.2183, 37.1815], [-122.219, 37.1833], [-122.2177, 37.1842], [-122.218, 37.185], [-122.2184, 37.1844], [-122.2187, 37.185], [-122.2194, 37.1847], [-122.2181, 37.1858], [-122.2194, 37.1858], [-122.2205, 37.1866], [-122.2195, 37.1882], [-122.2209, 37.189], [-122.2199, 37.189], [-122.2199, 37.1895], [-122.2222, 37.1898]], [[-122.2215, 37.1887], [-122.2212, 37.189], [-122.2212, 37.1887], [-122.2215, 37.1887]], [[-122.2201, 37.1852], [-122.2198, 37.1855], [-122.2197, 37.1852], [-122.2201, 37.1852]], [[-122.2204, 37.1833], [-122.22, 37.1836], [-122.22, 37.1833], [-122.2204, 37.1833]]], [[[-122.2844, 37.1754], [-122.2865, 37.1748], [-122.2864, 37.1742], [-122.2881, 37.1742], [-122.2895, 37.1734], [-122.2858, 37.174], [-122.2841, 37.1748], [-122.2844, 37.1754]]], [[[-122.2096, 37.1754], [-122.2096, 37.1749], [-122.21, 37.1746], [-122.209, 37.1749], [-122.2096, 37.1754]]], [[[-122.2145, 37.1783], [-122.2145, 37.1778], [-122.2158, 37.1777], [-122.2185, 37.1763], [-122.2164, 37.1742], [-122.215, 37.1751], [-122.2154, 37.1756], [-122.2141, 37.1775], [-122.2145, 37.1783]]], [[[-122.3189, 37.1736], [-122.3189, 37.1723], [-122.3185, 37.1723], [-122.3179, 37.1736], [-122.3189, 37.1736]]], [[[-122.1938, 37.1771], [-122.1955, 37.1765], [-122.1954, 37.176], [-122.1944, 37.1762], [-122.1944, 37.1744], [-122.1937, 37.1746], [-122.1938, 37.1771]]], [[[-122.2106, 37.1746], [-122.2106, 37.1738], [-122.2103, 37.1738], [-122.21, 37.1746], [-122.2106, 37.1746]]], [[[-122.1951, 37.1752], [-122.1957, 37.1746], [-122.1967, 37.174], [-122.1954, 37.1741], [-122.1951, 37.1752]]], [[[-122.2597, 37.1742], [-122.261, 37.1731], [-122.261, 37.1723], [-122.2593, 37.1729], [-122.259, 37.174], [-122.2597, 37.1742]], [[-122.26, 37.1731], [-122.2597, 37.1734], [-122.2597, 37.1731], [-122.26, 37.1731]]], [[[-122.2583, 37.1721], [-122.259, 37.1721], [-122.2593, 37.1718], [-122.2583, 37.1721]]], [[[-122.2042, 37.1747], [-122.2035, 37.1728], [-122.2018, 37.1723], [-122.2025, 37.1739], [-122.2042, 37.1747]]], [[[-122.2018, 37.1742], [-122.2011, 37.1721], [-122.2007, 37.1721], [-122.2008, 37.1734], [-122.2018, 37.1742]]], [[[-122.2099, 37.1722], [-122.2109, 37.173], [-122.2116, 37.1727], [-122.2112, 37.1716], [-122.2099, 37.1722]]], [[[-122.1984, 37.1724], [-122.1991, 37.1721], [-122.1984, 37.1719], [-122.1984, 37.1724]]], [[[-122.2005, 37.1759], [-122.2011, 37.1742], [-122.2005, 37.1742], [-122.2004, 37.1734], [-122.1987, 37.1732], [-122.1984, 37.1724], [-122.1974, 37.1724], [-122.1977, 37.1716], [-122.197, 37.1716], [-122.1967, 37.1727], [-122.1977, 37.1732], [-122.1978, 37.174], [-122.1988, 37.1737], [-122.1988, 37.1745], [-122.1998, 37.1745], [-122.2005, 37.1759]], [[-122.1998, 37.1737], [-122.1994, 37.174], [-122.1994, 37.1737], [-122.1998, 37.1737]]], [[[-122.2144, 37.1756], [-122.2147, 37.174], [-122.2157, 37.1734], [-122.216, 37.1721], [-122.2167, 37.1721], [-122.2146, 37.1705], [-122.2129, 37.171], [-122.2129, 37.1719], [-122.2113, 37.173], [-122.211, 37.174], [-122.213, 37.1743], [-122.2133, 37.1737], [-122.2144, 37.1756]], [[-122.2126, 37.1735], [-122.2123, 37.1738], [-122.2123, 37.1735], [-122.2126, 37.1735]], [[-122.215, 37.1729], [-122.2147, 37.1732], [-122.2146, 37.1729], [-122.215, 37.1729]]], [[[-122.2379, 37.17], [-122.2376, 37.1695], [-122.2369, 37.1695], [-122.2372, 37.17], [-122.2379, 37.17]]], [[[-122.3028, 37.1685], [-122.3025, 37.168], [-122.3015, 37.168], [-122.3015, 37.1686], [-122.3028, 37.1685]]], [[[-122.2193, 37.1707], [-122.2203, 37.1701], [-122.2203, 37.1696], [-122.2186, 37.1701], [-122.2193, 37.1707]]], [[[-122.2403, 37.1711], [-122.243, 37.1716], [-122.243, 37.1702], [-122.2413, 37.1689], [-122.2403, 37.1697], [-122.2403, 37.1711]]], [[[-122.2349, 37.1698], [-122.2355, 37.1693], [-122.2352, 37.1687], [-122.2345, 37.169], [-122.2349, 37.1698]]], [[[-122.3008, 37.168], [-122.3018, 37.1675], [-122.3004, 37.1672], [-122.3008, 37.168]]], [[[-122.2295, 37.1702], [-122.2294, 37.1697], [-122.2277, 37.1683], [-122.2277, 37.1694], [-122.2295, 37.1702]]], [[[-122.2045, 37.1731], [-122.2052, 37.1723], [-122.2062, 37.1722], [-122.2068, 37.1714], [-122.2082, 37.1722], [-122.2099, 37.1722], [-122.2109, 37.1711], [-122.2123, 37.1721], [-122.2126, 37.171], [-122.2102, 37.1706], [-122.2095, 37.1716], [-122.2082, 37.1714], [-122.2075, 37.1706], [-122.2078, 37.1695], [-122.2105, 37.17], [-122.2098, 37.1692], [-122.2084, 37.1692], [-122.2084, 37.1676], [-122.2074, 37.1674], [-122.2074, 37.1679], [-122.206, 37.1682], [-122.204, 37.1674], [-122.2047, 37.1696], [-122.2034, 37.1704], [-122.2041, 37.1717], [-122.2031, 37.1718], [-122.2031, 37.1726], [-122.2045, 37.1731]], [[-122.2051, 37.172], [-122.2041, 37.172], [-122.2041, 37.1717], [-122.2051, 37.1712], [-122.2051, 37.172]], [[-122.2065, 37.1712], [-122.2058, 37.1717], [-122.2058, 37.1714], [-122.2065, 37.1712]], [[-122.2058, 37.1706], [-122.2055, 37.1712], [-122.2051, 37.1706], [-122.2058, 37.1706]], [[-122.2071, 37.1706], [-122.2065, 37.1709], [-122.2065, 37.1706], [-122.2071, 37.1706]], [[-122.2057, 37.1693], [-122.2054, 37.1696], [-122.2054, 37.1693], [-122.2057, 37.1693]]], [[[-122.2338, 37.1677], [-122.2341, 37.1669], [-122.2338, 37.1669], [-122.2338, 37.1677]]], [[[-122.2416, 37.1678], [-122.2419, 37.167], [-122.2409, 37.1667], [-122.2409, 37.1673], [-122.2416, 37.1678]]], [[[-122.2087, 37.1671], [-122.2087, 37.1663], [-122.208, 37.166], [-122.208, 37.1668], [-122.2087, 37.1671]]], [[[-122.2185, 37.1661], [-122.2198, 37.1655], [-122.2185, 37.1653], [-122.2185, 37.1661]]], [[[-122.2165, 37.1658], [-122.2171, 37.1653], [-122.2164, 37.165], [-122.2165, 37.1658]]], [[[-122.208, 37.166], [-122.2083, 37.1652], [-122.2066, 37.165], [-122.2073, 37.1655], [-122.2067, 37.166], [-122.208, 37.166]]], [[[-122.2378, 37.1668], [-122.2368, 37.1657], [-122.2371, 37.1652], [-122.2357, 37.1652], [-122.2347, 37.1642], [-122.2351, 37.1652], [-122.2378, 37.1668]]], [[[-122.3139, 37.1656], [-122.3142, 37.1643], [-122.3149, 37.1648], [-122.3156, 37.1645], [-122.3135, 37.1626], [-122.3101, 37.1635], [-122.3122, 37.1656], [-122.3139, 37.1656]], [[-122.3135, 37.1637], [-122.3132, 37.164], [-122.3132, 37.1637], [-122.3135, 37.1637]], [[-122.3129, 37.1637], [-122.3118, 37.1638], [-122.3118, 37.1635], [-122.3128, 37.1632], [-122.3129, 37.1637]]], [[[-122.2137, 37.1643], [-122.2147, 37.1645], [-122.2147, 37.164], [-122.2137, 37.1643]]], [[[-122.257, 37.1635], [-122.257, 37.1629], [-122.256, 37.1632], [-122.256, 37.1635], [-122.257, 37.1635]]], [[[-122.2453, 37.1667], [-122.2448, 37.1642], [-122.2424, 37.1629], [-122.2414, 37.1635], [-122.2401, 37.1632], [-122.2401, 37.1654], [-122.2411, 37.1646], [-122.2425, 37.1645], [-122.2435, 37.1653], [-122.2429, 37.1664], [-122.2442, 37.1661], [-122.2453, 37.1667]]], [[[-122.2804, 37.1633], [-122.281, 37.163], [-122.281, 37.1622], [-122.28, 37.1628], [-122.2804, 37.1633]]], [[[-122.2148, 37.1664], [-122.2151, 37.1659], [-122.2127, 37.1648], [-122.2113, 37.163], [-122.211, 37.1641], [-122.2103, 37.1641], [-122.2107, 37.1646], [-122.2104, 37.1654], [-122.2148, 37.1664]], [[-122.211, 37.1643], [-122.2107, 37.1646], [-122.2107, 37.1643], [-122.211, 37.1643]], [[-122.212, 37.164], [-122.2117, 37.1643], [-122.2117, 37.164], [-122.212, 37.164]]], [[[-122.2164, 37.164], [-122.2167, 37.1629], [-122.2157, 37.1629], [-122.2157, 37.164], [-122.2164, 37.164]]], [[[-122.2594, 37.1642], [-122.2594, 37.1637], [-122.2597, 37.1637], [-122.2597, 37.164], [-122.2618, 37.1636], [-122.2611, 37.1634], [-122.2614, 37.1628], [-122.2604, 37.1626], [-122.2607, 37.1618], [-122.2587, 37.1621], [-122.2584, 37.164], [-122.2594, 37.1642]], [[-122.2604, 37.1634], [-122.2597, 37.1637], [-122.2597, 37.1634], [-122.2604, 37.1634]], [[-122.2597, 37.1631], [-122.2594, 37.1634], [-122.2594, 37.1632], [-122.2597, 37.1631]], [[-122.2607, 37.1629], [-122.26, 37.1631], [-122.26, 37.1629], [-122.2607, 37.1629]], [[-122.26, 37.1626], [-122.2597, 37.1629], [-122.2597, 37.1626], [-122.26, 37.1626]]], [[[-122.209, 37.1657], [-122.2104, 37.1649], [-122.21, 37.1638], [-122.2086, 37.1628], [-122.2069, 37.1633], [-122.2052, 37.1623], [-122.2049, 37.1636], [-122.207, 37.1647], [-122.209, 37.1646], [-122.209, 37.1657]]], [[[-122.262, 37.1617], [-122.262, 37.1612], [-122.2607, 37.1612], [-122.2607, 37.1618], [-122.262, 37.1617]]], [[[-122.256, 37.1632], [-122.2556, 37.1621], [-122.2546, 37.1624], [-122.2536, 37.1622], [-122.2536, 37.1614], [-122.2526, 37.1617], [-122.2523, 37.163], [-122.2553, 37.1627], [-122.256, 37.1632]]], [[[-122.216, 37.1626], [-122.2164, 37.1618], [-122.216, 37.1618], [-122.216, 37.1626]]], [[[-122.2512, 37.1611], [-122.2512, 37.1606], [-122.2505, 37.1606], [-122.2505, 37.1609], [-122.2512, 37.1611]]], [[[-122.2261, 37.1611], [-122.2268, 37.1605], [-122.2265, 37.1605], [-122.2261, 37.1611]]], [[[-122.2052, 37.1623], [-122.2045, 37.1607], [-122.2031, 37.1612], [-122.2004, 37.1607], [-122.2025, 37.1623], [-122.2035, 37.1615], [-122.2045, 37.1615], [-122.2052, 37.1623]]], [[[-122.3053, 37.1593], [-122.3059, 37.159], [-122.3053, 37.1588], [-122.3053, 37.1593]]], [[[-122.2481, 37.1593], [-122.2481, 37.1588], [-122.2471, 37.1588], [-122.2471, 37.1591], [-122.2481, 37.1593]]], [[[-122.2258, 37.1603], [-122.2258, 37.1597], [-122.2237, 37.159], [-122.2244, 37.1603], [-122.2258, 37.1603]]], [[[-122.2569, 37.1594], [-122.2575, 37.1589], [-122.2579, 37.1591], [-122.2589, 37.1588], [-122.2565, 37.1581], [-122.2559, 37.1589], [-122.2569, 37.1594]]], [[[-122.2491, 37.159], [-122.2498, 37.1585], [-122.2491, 37.1582], [-122.2491, 37.159]]], [[[-122.285, 37.1616], [-122.285, 37.1602], [-122.2864, 37.1602], [-122.2863, 37.1586], [-122.288, 37.158], [-122.2869, 37.157], [-122.2839, 37.1589], [-122.2847, 37.1602], [-122.284, 37.1616], [-122.285, 37.1616]]], [[[-122.2568, 37.1575], [-122.2572, 37.1578], [-122.2575, 37.1575], [-122.2568, 37.1575]]], [[[-122.2278, 37.1592], [-122.2267, 37.1578], [-122.2257, 37.1581], [-122.2257, 37.1589], [-122.2278, 37.1592]]], [[[-122.2325, 37.1585], [-122.2325, 37.158], [-122.2315, 37.1577], [-122.2315, 37.1583], [-122.2325, 37.1585]]], [[[-122.2447, 37.1591], [-122.244, 37.158], [-122.2456, 37.1567], [-122.2433, 37.1564], [-122.2426, 37.1581], [-122.2433, 37.1591], [-122.2447, 37.1591]]], [[[-122.3075, 37.1671], [-122.3096, 37.167], [-122.3085, 37.166], [-122.3091, 37.1641], [-122.3074, 37.1641], [-122.3064, 37.1633], [-122.3077, 37.1622], [-122.308, 37.1609], [-122.3073, 37.1603], [-122.3054, 37.162], [-122.3037, 37.1618], [-122.3017, 37.1634], [-122.2997, 37.1637], [-122.2993, 37.1627], [-122.2983, 37.1627], [-122.2993, 37.1624], [-122.3002, 37.1605], [-122.3016, 37.1602], [-122.3012, 37.1591], [-122.3022, 37.1585], [-122.3025, 37.1572], [-122.3038, 37.1569], [-122.3052, 37.1585], [-122.3059, 37.1585], [-122.3049, 37.1571], [-122.3055, 37.155], [-122.3042, 37.1558], [-122.3011, 37.1553], [-122.3008, 37.1561], [-122.2998, 37.1562], [-122.2995, 37.1575], [-122.2978, 37.1584], [-122.2985, 37.16], [-122.2965, 37.1603], [-122.2969, 37.1608], [-122.2959, 37.1614], [-122.2947, 37.1665], [-122.2956, 37.1649], [-122.3007, 37.1653], [-122.3014, 37.1645], [-122.3024, 37.165], [-122.3037, 37.1645], [-122.3038, 37.1655], [-122.3055, 37.166], [-122.3065, 37.1652], [-122.3075, 37.1671]], [[-122.2966, 37.1627], [-122.2962, 37.163], [-122.2962, 37.1627], [-122.2966, 37.1627]], [[-122.2983, 37.1624], [-122.2966, 37.1624], [-122.2966, 37.1622], [-122.2979, 37.1616], [-122.2983, 37.1624]], [[-122.3067, 37.1614], [-122.3064, 37.1617], [-122.3064, 37.1614], [-122.3067, 37.1614]], [[-122.2969, 37.1616], [-122.2966, 37.1619], [-122.2965, 37.1616], [-122.2969, 37.1616]], [[-122.3015, 37.1578], [-122.3012, 37.1583], [-122.3012, 37.1578], [-122.3015, 37.1578]]], [[[-122.2091, 37.1571], [-122.2101, 37.1568], [-122.2091, 37.1568], [-122.2091, 37.1571]]], [[[-122.1983, 37.1573], [-122.2, 37.1567], [-122.1983, 37.157], [-122.1983, 37.1573]]], [[[-122.2064, 37.1558], [-122.206, 37.1552], [-122.2047, 37.1555], [-122.2047, 37.1558], [-122.2064, 37.1558]]], [[[-122.2497, 37.1582], [-122.2517, 37.1563], [-122.2544, 37.1557], [-122.2516, 37.153], [-122.2509, 37.1531], [-122.2513, 37.1539], [-122.2503, 37.1558], [-122.249, 37.1561], [-122.2497, 37.1569], [-122.2491, 37.1579], [-122.2497, 37.1582]]], [[[-122.2564, 37.1535], [-122.2564, 37.1529], [-122.257, 37.1524], [-122.255, 37.1532], [-122.2564, 37.1535]]], [[[-122.2158, 37.1537], [-122.2161, 37.1524], [-122.2151, 37.1521], [-122.2147, 37.1527], [-122.2147, 37.1513], [-122.214, 37.1519], [-122.213, 37.1516], [-122.213, 37.1521], [-122.214, 37.1521], [-122.2131, 37.1532], [-122.2137, 37.1532], [-122.2137, 37.1529], [-122.2141, 37.1529], [-122.2141, 37.1535], [-122.2151, 37.1537], [-122.2154, 37.1532], [-122.2158, 37.1537]], [[-122.2144, 37.1527], [-122.2141, 37.1529], [-122.2141, 37.1527], [-122.2144, 37.1527]]], [[[-122.2604, 37.151], [-122.2603, 37.1499], [-122.2593, 37.1497], [-122.2597, 37.151], [-122.2604, 37.151]]], [[[-122.2941, 37.1601], [-122.2941, 37.159], [-122.2958, 37.1587], [-122.2951, 37.1576], [-122.2957, 37.1576], [-122.2964, 37.1565], [-122.2944, 37.1573], [-122.2933, 37.1563], [-122.2947, 37.1555], [-122.2943, 37.1547], [-122.2953, 37.1541], [-122.2959, 37.1519], [-122.2973, 37.1524], [-122.2989, 37.1502], [-122.2972, 37.1497], [-122.2972, 37.1492], [-122.2938, 37.1498], [-122.2924, 37.1487], [-122.2918, 37.1493], [-122.2932, 37.1506], [-122.2922, 37.1515], [-122.2936, 37.1522], [-122.2929, 37.1544], [-122.2916, 37.1552], [-122.2902, 37.1542], [-122.2896, 37.155], [-122.2903, 37.1555], [-122.2903, 37.1574], [-122.291, 37.1577], [-122.2917, 37.1569], [-122.292, 37.1569], [-122.292, 37.1571], [-122.2927, 37.1571], [-122.2931, 37.1598], [-122.2941, 37.1601]], [[-122.2923, 37.1566], [-122.292, 37.1569], [-122.292, 37.1566], [-122.2923, 37.1566]], [[-122.2923, 37.156], [-122.292, 37.1563], [-122.292, 37.156], [-122.2923, 37.156]]], [[[-122.2201, 37.1507], [-122.2201, 37.1501], [-122.219, 37.1499], [-122.2191, 37.1501], [-122.2201, 37.1507]]], [[[-122.2123, 37.1513], [-122.2133, 37.1505], [-122.2147, 37.1508], [-122.215, 37.1499], [-122.2133, 37.15], [-122.212, 37.1508], [-122.2123, 37.1513]]], [[[-122.2895, 37.1526], [-122.2891, 37.1512], [-122.2871, 37.1505], [-122.286, 37.1483], [-122.285, 37.15], [-122.2875, 37.1521], [-122.2895, 37.1526]]], [[[-122.2204, 37.1498], [-122.2211, 37.1493], [-122.2204, 37.1493], [-122.2204, 37.1498]]], [[[-122.2424, 37.1492], [-122.2424, 37.1486], [-122.2417, 37.1486], [-122.2417, 37.1489], [-122.2424, 37.1492]]], [[[-122.2211, 37.149], [-122.2221, 37.149], [-122.2221, 37.1485], [-122.2211, 37.149]]], [[[-122.2471, 37.1485], [-122.2474, 37.148], [-122.246, 37.1475], [-122.2457, 37.1483], [-122.2471, 37.1485]], [[-122.2467, 37.148], [-122.2464, 37.1483], [-122.2464, 37.148], [-122.2467, 37.148]]], [[[-122.2381, 37.153], [-122.2377, 37.1522], [-122.2387, 37.1514], [-122.2398, 37.1522], [-122.2411, 37.1519], [-122.24, 37.1506], [-122.2414, 37.1497], [-122.2417, 37.1486], [-122.2392, 37.1463], [-122.2379, 37.1471], [-122.2383, 37.1482], [-122.2376, 37.149], [-122.2384, 37.1506], [-122.2377, 37.1517], [-122.237, 37.152], [-122.2363, 37.1512], [-122.2347, 37.152], [-122.235, 37.1528], [-122.2364, 37.1522], [-122.2371, 37.153], [-122.2381, 37.153]], [[-122.2393, 37.1481], [-122.239, 37.1484], [-122.239, 37.1481], [-122.2393, 37.1481]]], [[[-122.2149, 37.1467], [-122.2162, 37.1464], [-122.2149, 37.1462], [-122.2149, 37.1467]]], [[[-122.2146, 37.1467], [-122.2149, 37.1454], [-122.2135, 37.1454], [-122.2139, 37.1467], [-122.2146, 37.1467]]], [[[-122.2132, 37.1451], [-122.2138, 37.1448], [-122.2131, 37.1446], [-122.2132, 37.1451]]], [[[-122.2145, 37.1446], [-122.2141, 37.144], [-122.2135, 37.144], [-122.2135, 37.1446], [-122.2145, 37.1446]]], [[[-122.2243, 37.1452], [-122.225, 37.1438], [-122.2236, 37.143], [-122.2233, 37.1449], [-122.2243, 37.1452]]], [[[-122.2496, 37.1417], [-122.2509, 37.1414], [-122.2496, 37.1415], [-122.2496, 37.1417]]], [[[-122.2212, 37.1428], [-122.2232, 37.1425], [-122.2229, 37.1412], [-122.2215, 37.1415], [-122.2212, 37.1428]]], [[[-122.2472, 37.1412], [-122.2479, 37.1407], [-122.2475, 37.1407], [-122.2472, 37.1412]]], [[[-122.2208, 37.1399], [-122.2218, 37.1393], [-122.2208, 37.1393], [-122.2208, 37.1399]]], [[[-122.2423, 37.1462], [-122.2415, 37.1424], [-122.2425, 37.1419], [-122.2425, 37.1411], [-122.2407, 37.1397], [-122.2401, 37.14], [-122.2384, 37.1393], [-122.2373, 37.1382], [-122.2376, 37.1376], [-122.2363, 37.1371], [-122.2356, 37.1377], [-122.236, 37.139], [-122.2347, 37.1399], [-122.235, 37.1417], [-122.234, 37.1423], [-122.2341, 37.1431], [-122.2357, 37.1425], [-122.2368, 37.1441], [-122.2385, 37.1436], [-122.2423, 37.1462]], [[-122.2415, 37.1435], [-122.2409, 37.1441], [-122.2409, 37.1438], [-122.2415, 37.1435]], [[-122.2351, 37.1423], [-122.2347, 37.1426], [-122.2347, 37.1423], [-122.2351, 37.1423]], [[-122.2388, 37.1419], [-122.2384, 37.1422], [-122.2384, 37.1419], [-122.2388, 37.1419]], [[-122.2421, 37.1413], [-122.2418, 37.1416], [-122.2418, 37.1413], [-122.2421, 37.1413]]], [[[-122.2805, 37.1349], [-122.2812, 37.1344], [-122.2805, 37.1344], [-122.2805, 37.1349]]], [[[-122.2393, 37.1371], [-122.2403, 37.136], [-122.243, 37.1354], [-122.2409, 37.1349], [-122.2383, 37.1368], [-122.2393, 37.1371]]], [[[-122.2345, 37.1355], [-122.2352, 37.1353], [-122.2345, 37.135], [-122.2345, 37.1355]]], [[[-122.2821, 37.133], [-122.2838, 37.1319], [-122.2828, 37.1311], [-122.2814, 37.1322], [-122.2821, 37.133]]], [[[-122.2243, 37.132], [-122.2246, 37.1311], [-122.2242, 37.1311], [-122.2243, 37.132]]], [[[-122.2782, 37.1479], [-122.2795, 37.1463], [-122.2788, 37.146], [-122.2784, 37.1439], [-122.2804, 37.142], [-122.28, 37.1406], [-122.2833, 37.1392], [-122.2833, 37.1381], [-122.2849, 37.1359], [-122.2842, 37.1354], [-122.2832, 37.1357], [-122.2826, 37.1371], [-122.2809, 37.136], [-122.2806, 37.1376], [-122.2789, 37.1377], [-122.2771, 37.1334], [-122.2787, 37.1325], [-122.2798, 37.1333], [-122.2798, 37.1344], [-122.2805, 37.1344], [-122.2793, 37.1298], [-122.278, 37.129], [-122.277, 37.1301], [-122.2752, 37.1267], [-122.2725, 37.1265], [-122.2732, 37.1273], [-122.2732, 37.1278], [-122.2725, 37.1275], [-122.2726, 37.131], [-122.274, 37.1326], [-122.2734, 37.1337], [-122.2738, 37.1351], [-122.2744, 37.1351], [-122.2741, 37.1364], [-122.2765, 37.1377], [-122.2769, 37.1388], [-122.2766, 37.1404], [-122.2753, 37.1415], [-122.2754, 37.1437], [-122.2771, 37.145], [-122.2768, 37.1458], [-122.2782, 37.1479]], [[-122.2785, 37.1452], [-122.2781, 37.1455], [-122.2781, 37.1452], [-122.2785, 37.1452]], [[-122.2813, 37.1371], [-122.2809, 37.1374], [-122.2809, 37.1371], [-122.2813, 37.1371]], [[-122.2794, 37.1309], [-122.279, 37.1312], [-122.279, 37.1309], [-122.2794, 37.1309]], [[-122.2756, 37.1296], [-122.2753, 37.1302], [-122.2753, 37.1296], [-122.2756, 37.1296]], [[-122.2745, 37.1267], [-122.2742, 37.127], [-122.2742, 37.1267], [-122.2745, 37.1267]]], [[[-122.2296, 37.13], [-122.2293, 37.1294], [-122.2303, 37.1286], [-122.2283, 37.1295], [-122.2272, 37.1287], [-122.2275, 37.1276], [-122.2241, 37.1274], [-122.2269, 37.1287], [-122.2279, 37.13], [-122.2296, 37.13]]], [[[-122.2454, 37.1364], [-122.2443, 37.1356], [-122.2443, 37.1345], [-122.2463, 37.1342], [-122.2463, 37.1332], [-122.247, 37.1331], [-122.247, 37.1334], [-122.248, 37.1334], [-122.2487, 37.1337], [-122.2493, 37.132], [-122.2483, 37.132], [-122.2483, 37.1315], [-122.25, 37.1315], [-122.2476, 37.1299], [-122.2482, 37.1288], [-122.2478, 37.1264], [-122.2471, 37.1264], [-122.2475, 37.1272], [-122.2462, 37.1294], [-122.2452, 37.1297], [-122.2456, 37.1313], [-122.2442, 37.1324], [-122.2443, 37.1343], [-122.243, 37.1351], [-122.2444, 37.1364], [-122.2454, 37.1364]], [[-122.246, 37.1334], [-122.2456, 37.1337], [-122.2456, 37.1334], [-122.246, 37.1334]], [[-122.2483, 37.1331], [-122.248, 37.1334], [-122.248, 37.1331], [-122.2483, 37.1331]], [[-122.2463, 37.1329], [-122.246, 37.1332], [-122.2459, 37.1329], [-122.2463, 37.1329]], [[-122.247, 37.1326], [-122.2466, 37.1329], [-122.2466, 37.1326], [-122.247, 37.1326]], [[-122.2459, 37.1326], [-122.2456, 37.1329], [-122.2456, 37.1326], [-122.2459, 37.1326]], [[-122.2453, 37.1326], [-122.2449, 37.1329], [-122.2449, 37.1326], [-122.2453, 37.1326]], [[-122.2483, 37.1323], [-122.248, 37.1326], [-122.248, 37.1323], [-122.2483, 37.1323]], [[-122.2456, 37.1324], [-122.2453, 37.1326], [-122.2453, 37.1324], [-122.2456, 37.1324]]], [[[-122.2343, 37.1274], [-122.2346, 37.1258], [-122.2339, 37.1253], [-122.2326, 37.1269], [-122.2343, 37.1274]]], [[[-122.2318, 37.1251], [-122.2318, 37.1245], [-122.2308, 37.1248], [-122.2308, 37.1251], [-122.2318, 37.1251]]], [[[-122.2494, 37.1253], [-122.2514, 37.1244], [-122.2514, 37.1236], [-122.2497, 37.1242], [-122.248, 37.1234], [-122.2494, 37.1253]]], [[[-122.2385, 37.1225], [-122.2389, 37.122], [-122.2368, 37.1212], [-122.2368, 37.1217], [-122.2385, 37.1225]]], [[[-122.225, 37.1206], [-122.226, 37.1206], [-122.2263, 37.12], [-122.225, 37.1206]]], [[[-122.2273, 37.1206], [-122.2273, 37.1198], [-122.2266, 37.1198], [-122.227, 37.1203], [-122.2263, 37.1206], [-122.2273, 37.1206]]], [[[-122.2324, 37.1197], [-122.233, 37.1191], [-122.2327, 37.1186], [-122.232, 37.1189], [-122.2324, 37.1197]]], [[[-122.2023, 37.1191], [-122.2026, 37.1194], [-122.2029, 37.1191], [-122.2023, 37.1191]]], [[[-122.2002, 37.1173], [-122.2005, 37.1165], [-122.2001, 37.1165], [-122.2002, 37.1173]]], [[[-122.2026, 37.1189], [-122.2029, 37.118], [-122.2022, 37.1175], [-122.2035, 37.1172], [-122.2032, 37.1162], [-122.2025, 37.1172], [-122.2008, 37.1173], [-122.2009, 37.1181], [-122.2022, 37.1181], [-122.2026, 37.1189]]], [[[-122.239, 37.1152], [-122.24, 37.1155], [-122.24, 37.1149], [-122.239, 37.1152]]], [[[-122.2032, 37.1162], [-122.2038, 37.1156], [-122.2032, 37.1156], [-122.2032, 37.1162]]], [[[-122.218, 37.1156], [-122.218, 37.1134], [-122.2176, 37.1135], [-122.2174, 37.1151], [-122.218, 37.1156]]], [[[-122.2629, 37.1126], [-122.2636, 37.1126], [-122.2639, 37.1123], [-122.2629, 37.1126]]], [[[-122.2599, 37.1145], [-122.2606, 37.1137], [-122.2623, 37.1137], [-122.2612, 37.1121], [-122.2602, 37.1124], [-122.2606, 37.1132], [-122.2593, 37.1143], [-122.2599, 37.1145]]], [[[-122.1991, 37.1141], [-122.1994, 37.1133], [-122.199, 37.1133], [-122.1991, 37.1141]]], [[[-122.199, 37.1133], [-122.1987, 37.1127], [-122.198, 37.1127], [-122.1984, 37.1133], [-122.199, 37.1133]]], [[[-122.2176, 37.1132], [-122.2193, 37.1126], [-122.2183, 37.1126], [-122.2183, 37.1121], [-122.2173, 37.1124], [-122.2176, 37.1132]]], [[[-122.2203, 37.1123], [-122.2203, 37.1118], [-122.219, 37.1121], [-122.219, 37.1123], [-122.2203, 37.1123]]], [[[-122.1895, 37.1124], [-122.1895, 37.1115], [-122.1892, 37.1116], [-122.1889, 37.1124], [-122.1895, 37.1124]]], [[[-122.2034, 37.1134], [-122.2034, 37.1121], [-122.202, 37.1113], [-122.2021, 37.1135], [-122.2034, 37.1134]]], [[[-122.2119, 37.1138], [-122.2126, 37.1133], [-122.2149, 37.1127], [-122.2149, 37.1119], [-122.2152, 37.1124], [-122.2159, 37.1121], [-122.2162, 37.1102], [-122.2142, 37.1122], [-122.2129, 37.1122], [-122.2136, 37.1125], [-122.2132, 37.113], [-122.2119, 37.1128], [-122.2119, 37.1138]]], [[[-122.2135, 37.1119], [-122.2149, 37.1113], [-122.2145, 37.1103], [-122.2131, 37.1098], [-122.2128, 37.1111], [-122.2138, 37.1108], [-122.2135, 37.1119]], [[-122.2138, 37.1103], [-122.2132, 37.1106], [-122.2132, 37.1103], [-122.2138, 37.1103]]], [[[-122.2574, 37.1092], [-122.2584, 37.1089], [-122.2574, 37.1084], [-122.2574, 37.1092]]], [[[-122.2189, 37.1097], [-122.2195, 37.1091], [-122.2189, 37.1091], [-122.2189, 37.1097]]], [[[-122.2588, 37.1089], [-122.2591, 37.1084], [-122.2577, 37.1081], [-122.2577, 37.1084], [-122.2588, 37.1089]]], [[[-122.2176, 37.1121], [-122.2175, 37.1099], [-122.2189, 37.1088], [-122.2195, 37.1088], [-122.2195, 37.1083], [-122.2178, 37.1089], [-122.2154, 37.1073], [-122.2155, 37.1084], [-122.2145, 37.1087], [-122.2145, 37.1092], [-122.2155, 37.1092], [-122.2161, 37.1084], [-122.2168, 37.1086], [-122.2158, 37.1094], [-122.2172, 37.1097], [-122.2162, 37.11], [-122.2165, 37.1102], [-122.2162, 37.1119], [-122.2176, 37.1121]], [[-122.2172, 37.1108], [-122.2169, 37.111], [-122.2169, 37.1108], [-122.2172, 37.1108]], [[-122.2179, 37.1091], [-122.2172, 37.1094], [-122.2172, 37.1091], [-122.2179, 37.1091]], [[-122.2161, 37.1078], [-122.2158, 37.1081], [-122.2158, 37.1078], [-122.2161, 37.1078]]], [[[-122.206, 37.108], [-122.206, 37.1075], [-122.2049, 37.1072], [-122.205, 37.1078], [-122.206, 37.108]]], [[[-122.202, 37.1094], [-122.204, 37.1094], [-122.2033, 37.1091], [-122.2033, 37.1078], [-122.2039, 37.1078], [-122.2033, 37.1072], [-122.2026, 37.1078], [-122.203, 37.1089], [-122.202, 37.1094]]], [[[-122.201, 37.1124], [-122.201, 37.1105], [-122.202, 37.11], [-122.2016, 37.1094], [-122.2026, 37.1078], [-122.2019, 37.107], [-122.2012, 37.1073], [-122.2013, 37.1086], [-122.1999, 37.1089], [-122.2013, 37.1094], [-122.2, 37.1103], [-122.2, 37.1119], [-122.1993, 37.1122], [-122.201, 37.1124]]], [[[-122.2164, 37.107], [-122.2164, 37.1065], [-122.2154, 37.1067], [-122.2154, 37.107], [-122.2164, 37.107]]], [[[-122.2056, 37.1072], [-122.2056, 37.1064], [-122.2046, 37.1067], [-122.2046, 37.1069], [-122.2056, 37.1072]]], [[[-122.2046, 37.1078], [-122.2043, 37.1072], [-122.2046, 37.1064], [-122.2039, 37.1062], [-122.2036, 37.107], [-122.2046, 37.1078]]], [[[-122.2006, 37.1078], [-122.2002, 37.1059], [-122.1985, 37.1063], [-122.1999, 37.1065], [-122.1985, 37.1073], [-122.1999, 37.107], [-122.2006, 37.1078]]], [[[-122.2029, 37.1067], [-122.2039, 37.1062], [-122.2039, 37.1056], [-122.2015, 37.1062], [-122.2029, 37.1067]]], [[[-122.2154, 37.1065], [-122.2154, 37.1054], [-122.2147, 37.1054], [-122.2144, 37.1062], [-122.2154, 37.1065]]], [[[-122.2174, 37.1064], [-122.2167, 37.1043], [-122.2164, 37.1043], [-122.2168, 37.1065], [-122.2174, 37.1064]]], [[[-122.2039, 37.1045], [-122.2052, 37.1045], [-122.2052, 37.104], [-122.2039, 37.1045]]], [[[-122.2079, 37.1039], [-122.2079, 37.1034], [-122.2072, 37.1034], [-122.2072, 37.1037], [-122.2079, 37.1039]]], [[[-122.2021, 37.1021], [-122.2024, 37.1013], [-122.2021, 37.1013], [-122.2021, 37.1021]]], [[[-122.1831, 37.1006], [-122.1827, 37.099], [-122.1817, 37.0998], [-122.1807, 37.0996], [-122.1831, 37.1006]]], [[[-122.1784, 37.1001], [-122.179, 37.0996], [-122.1797, 37.099], [-122.1787, 37.0991], [-122.1784, 37.1001]]], [[[-122.2094, 37.0982], [-122.2101, 37.0977], [-122.2097, 37.0977], [-122.2094, 37.0982]]], [[[-122.1709, 37.0981], [-122.1715, 37.0976], [-122.1708, 37.0973], [-122.1709, 37.0981]]], [[[-122.1675, 37.0968], [-122.1678, 37.0963], [-122.1657, 37.095], [-122.1661, 37.0963], [-122.1675, 37.0968]]], [[[-122.2054, 37.0886], [-122.205, 37.0875], [-122.2044, 37.0875], [-122.2044, 37.0883], [-122.2054, 37.0886]]], [[[-122.2098, 37.0866], [-122.2104, 37.0863], [-122.2101, 37.0855], [-122.208, 37.0856], [-122.2098, 37.0866]]], [[[-122.2039, 37.0827], [-122.2049, 37.0824], [-122.2039, 37.0824], [-122.2039, 37.0827]]], [[[-122.2052, 37.0824], [-122.2052, 37.0818], [-122.2045, 37.0818], [-122.2046, 37.0821], [-122.2052, 37.0824]]], [[[-122.2151, 37.0727], [-122.2147, 37.0722], [-122.2141, 37.0722], [-122.2144, 37.0727], [-122.2151, 37.0727]]]]}, "properties": {"layer": "cell", "cell_id": "97_1000", "seed_zone": "97", "elevation_band": "1000–1500 ft"}}, {"type": "Feature", "geometry": {"type": "MultiPolygon", "coordinates": [[[[-122.2828, 37.2569], [-122.2828, 37.2564], [-122.2818, 37.2564], [-122.2818, 37.2567], [-122.2828, 37.2569]]], [[[-122.2838, 37.2561], [-122.2845, 37.2561], [-122.2852, 37.2558], [-122.2838, 37.2561]]], [[[-122.2816, 37.251], [-122.2813, 37.2505], [-122.2806, 37.2505], [-122.2806, 37.251], [-122.2816, 37.251]]], [[[-122.2436, 37.2353], [-122.2436, 37.2347], [-122.2425, 37.2345], [-122.2426, 37.2353], [-122.2436, 37.2353]]], [[[-122.2408, 37.2337], [-122.2405, 37.2332], [-122.2398, 37.2332], [-122.2398, 37.2337], [-122.2408, 37.2337]]], [[[-122.2401, 37.2329], [-122.2398, 37.2324], [-122.2387, 37.2321], [-122.2388, 37.2326], [-122.2401, 37.2329]]], [[[-122.2329, 37.2309], [-122.2333, 37.2311], [-122.2336, 37.2309], [-122.2329, 37.2309]]], [[[-122.2346, 37.2298], [-122.2349, 37.23], [-122.2353, 37.2297], [-122.2346, 37.2298]]], [[[-122.3015, 37.2255], [-122.3022, 37.2255], [-122.3025, 37.2252], [-122.3015, 37.2255]]], [[[-122.2855, 37.2215], [-122.2855, 37.2207], [-122.2838, 37.2207], [-122.2838, 37.2213], [-122.2848, 37.221], [-122.2855, 37.2215]]], [[[-122.2415, 37.2221], [-122.2411, 37.2213], [-122.2398, 37.221], [-122.2405, 37.2221], [-122.2415, 37.2221]]], [[[-122.2279, 37.2221], [-122.2289, 37.2218], [-122.2283, 37.2215], [-122.2289, 37.2207], [-122.2279, 37.221], [-122.2279, 37.2221]]], [[[-122.2334, 37.2222], [-122.234, 37.2214], [-122.2336, 37.2201], [-122.2316, 37.2198], [-122.2316, 37.2204], [-122.2326, 37.2203], [-122.2313, 37.2206], [-122.2316, 37.2214], [-122.2323, 37.2222], [-122.2334, 37.2222]], [[-122.233, 37.2214], [-122.2323, 37.2212], [-122.2333, 37.2203], [-122.2333, 37.2209], [-122.233, 37.2214]]], [[[-122.2292, 37.2196], [-122.2299, 37.2188], [-122.2312, 37.2193], [-122.2309, 37.2174], [-122.2292, 37.2172], [-122.2285, 37.2193], [-122.2292, 37.2196]], [[-122.2298, 37.2174], [-122.2295, 37.2177], [-122.2295, 37.2174], [-122.2298, 37.2174]]], [[[-122.2575, 37.2153], [-122.2572, 37.2137], [-122.2548, 37.2137], [-122.2569, 37.2153], [-122.2575, 37.2153]]], [[[-122.2483, 37.2117], [-122.249, 37.2114], [-122.2486, 37.2109], [-122.2479, 37.2111], [-122.2483, 37.2117]]], [[[-122.2263, 37.211], [-122.2273, 37.2105], [-122.2262, 37.2105], [-122.2263, 37.211]]], [[[-122.2009, 37.212], [-122.2009, 37.211], [-122.1998, 37.211], [-122.1995, 37.2115], [-122.2009, 37.212]]], [[[-122.2269, 37.2102], [-122.2276, 37.2099], [-122.2269, 37.2097], [-122.2269, 37.2102]]], [[[-122.2347, 37.2087], [-122.2353, 37.209], [-122.2353, 37.2084], [-122.2347, 37.2087]]], [[[-122.2005, 37.2101], [-122.2015, 37.2085], [-122.1998, 37.208], [-122.1995, 37.2091], [-122.1998, 37.2102], [-122.2005, 37.2101]]], [[[-122.2154, 37.2096], [-122.2157, 37.2082], [-122.2143, 37.2075], [-122.212, 37.2091], [-122.2154, 37.2096]], [[-122.2143, 37.2085], [-122.214, 37.2088], [-122.214, 37.2085], [-122.2143, 37.2085]], [[-122.2147, 37.2083], [-122.2143, 37.2085], [-122.2143, 37.2083], [-122.2147, 37.2083]]], [[[-122.2357, 37.2084], [-122.2356, 37.2076], [-122.236, 37.2071], [-122.2346, 37.2076], [-122.2357, 37.2084]]], [[[-122.2001, 37.2075], [-122.2004, 37.2077], [-122.2008, 37.2074], [-122.2001, 37.2075]]], [[[-122.2333, 37.2079], [-122.2346, 37.2076], [-122.2353, 37.2068], [-122.2342, 37.2063], [-122.2329, 37.2066], [-122.2333, 37.2079]]], [[[-122.2251, 37.2059], [-122.2258, 37.2054], [-122.2254, 37.2054], [-122.2251, 37.2059]]], [[[-122.2001, 37.2066], [-122.1997, 37.2056], [-122.199, 37.2053], [-122.1987, 37.2064], [-122.2001, 37.2066]]], [[[-122.2121, 37.2018], [-122.2138, 37.2021], [-122.2135, 37.2015], [-122.2121, 37.2018]]], [[[-122.2108, 37.2029], [-122.2118, 37.2021], [-122.2121, 37.2005], [-122.2104, 37.2005], [-122.2094, 37.2013], [-122.2094, 37.2024], [-122.2108, 37.2029]], [[-122.2108, 37.2019], [-122.2097, 37.2016], [-122.2107, 37.2013], [-122.2108, 37.2019]]], [[[-122.226, 37.2005], [-122.2266, 37.1999], [-122.2256, 37.2], [-122.226, 37.2005]]], [[[-122.2284, 37.2023], [-122.2287, 37.2004], [-122.2276, 37.2005], [-122.228, 37.1999], [-122.229, 37.2002], [-122.229, 37.1994], [-122.2279, 37.1991], [-122.2283, 37.1986], [-122.2249, 37.1994], [-122.2225, 37.1984], [-122.2239, 37.2], [-122.2273, 37.1994], [-122.2263, 37.2021], [-122.2284, 37.2023]], [[-122.2279, 37.1991], [-122.2276, 37.1994], [-122.2276, 37.1991], [-122.2279, 37.1991]]], [[[-122.2276, 37.1986], [-122.2279, 37.1978], [-122.2272, 37.1975], [-122.2269, 37.1983], [-122.2276, 37.1986]]], [[[-122.2238, 37.1973], [-122.2248, 37.197], [-122.2238, 37.1965], [-122.2238, 37.1973]]], [[[-122.198, 37.1956], [-122.199, 37.1951], [-122.1977, 37.1951], [-122.198, 37.1956]]], [[[-122.2258, 37.1943], [-122.2261, 37.1935], [-122.2257, 37.1935], [-122.2258, 37.1943]]], [[[-122.1964, 37.1956], [-122.1977, 37.1951], [-122.197, 37.1943], [-122.198, 37.194], [-122.1956, 37.1935], [-122.195, 37.1946], [-122.1964, 37.1956]], [[-122.1967, 37.1943], [-122.196, 37.1946], [-122.196, 37.1943], [-122.1967, 37.1943]]], [[[-122.2024, 37.1939], [-122.2031, 37.1934], [-122.2027, 37.1934], [-122.2024, 37.1939]]], [[[-122.2109, 37.1943], [-122.2119, 37.1935], [-122.2115, 37.1929], [-122.2105, 37.193], [-122.2109, 37.1943]]], [[[-122.2031, 37.1931], [-122.2034, 37.1923], [-122.203, 37.1923], [-122.2031, 37.1931]]], [[[-122.2118, 37.1929], [-122.2125, 37.1921], [-122.2115, 37.1921], [-122.2118, 37.1929]]], [[[-122.198, 37.1932], [-122.1983, 37.1921], [-122.1979, 37.1921], [-122.198, 37.1932]]], [[[-122.202, 37.192], [-122.2027, 37.1915], [-122.2023, 37.1915], [-122.202, 37.192]]], [[[-122.2365, 37.1908], [-122.2365, 37.1903], [-122.2355, 37.1901], [-122.2355, 37.1903], [-122.2365, 37.1908]]], [[[-122.2278, 37.1929], [-122.2284, 37.1921], [-122.2311, 37.1918], [-122.2318, 37.1907], [-122.2291, 37.1918], [-122.2273, 37.1902], [-122.2278, 37.1929]]], [[[-122.2317, 37.1901], [-122.2321, 37.1904], [-122.2324, 37.1901], [-122.2317, 37.1901]]], [[[-122.1963, 37.1935], [-122.1976, 37.1929], [-122.1962, 37.1916], [-122.1965, 37.1905], [-122.1955, 37.1905], [-122.1949, 37.1924], [-122.1963, 37.1924], [-122.1963, 37.1935]]], [[[-122.224, 37.1919], [-122.225, 37.1905], [-122.224, 37.1903], [-122.2236, 37.1889], [-122.2226, 37.189], [-122.2223, 37.1906], [-122.224, 37.1919]]], [[[-122.1965, 37.19], [-122.1962, 37.1892], [-122.1958, 37.1892], [-122.1955, 37.19], [-122.1965, 37.19]]], [[[-122.2351, 37.1893], [-122.2351, 37.1887], [-122.2341, 37.1882], [-122.2341, 37.189], [-122.2351, 37.1893]]], [[[-122.231, 37.1877], [-122.231, 37.1869], [-122.2306, 37.1869], [-122.2303, 37.1875], [-122.231, 37.1877]]], [[[-122.2306, 37.1869], [-122.2309, 37.1858], [-122.2299, 37.1858], [-122.2296, 37.1864], [-122.2306, 37.1869]]], [[[-122.1941, 37.1884], [-122.1948, 37.1881], [-122.1944, 37.1873], [-122.1961, 37.1857], [-122.1934, 37.1865], [-122.1931, 37.1873], [-122.1941, 37.1873], [-122.1934, 37.1876], [-122.1941, 37.1884]]], [[[-122.2346, 37.1847], [-122.2356, 37.1838], [-122.2333, 37.1842], [-122.2333, 37.1847], [-122.2346, 37.1847]]], [[[-122.1967, 37.1854], [-122.1974, 37.1846], [-122.1957, 37.1841], [-122.1954, 37.1854], [-122.1967, 37.1854]]], [[[-122.2979, 37.1845], [-122.2979, 37.1829], [-122.2972, 37.1832], [-122.2962, 37.1822], [-122.2955, 37.1824], [-122.2938, 37.1817], [-122.2931, 37.183], [-122.2948, 37.183], [-122.2979, 37.1845]]], [[[-122.3025, 37.1801], [-122.3025, 37.1796], [-122.3015, 37.1799], [-122.3015, 37.1802], [-122.3025, 37.1801]]], [[[-122.1981, 37.1743], [-122.1977, 37.1735], [-122.1974, 37.1735], [-122.1971, 37.1743], [-122.1981, 37.1743]]], [[[-122.1967, 37.174], [-122.1967, 37.1735], [-122.195, 37.1735], [-122.1951, 37.1741], [-122.1967, 37.174]]], [[[-122.1927, 37.1744], [-122.193, 37.1738], [-122.1947, 37.1741], [-122.1947, 37.1733], [-122.192, 37.1731], [-122.1913, 37.1741], [-122.1927, 37.1744]], [[-122.1927, 37.1733], [-122.1923, 37.1739], [-122.1923, 37.1733], [-122.1927, 37.1733]]], [[[-122.1991, 37.1721], [-122.1997, 37.1716], [-122.198, 37.1713], [-122.198, 37.1716], [-122.1991, 37.1721]]], [[[-122.1973, 37.1711], [-122.198, 37.1713], [-122.198, 37.1708], [-122.1973, 37.1711]]], [[[-122.1928, 37.1671], [-122.1935, 37.1668], [-122.1928, 37.1666], [-122.1928, 37.1671]]], [[[-122.3, 37.1637], [-122.3003, 37.1632], [-122.2993, 37.1627], [-122.2993, 37.1635], [-122.3, 37.1637]]], [[[-122.2361, 37.1647], [-122.2357, 37.1639], [-122.2354, 37.1639], [-122.235, 37.1644], [-122.2361, 37.1647]]], [[[-122.2442, 37.1642], [-122.2452, 37.1634], [-122.2431, 37.1632], [-122.2442, 37.1642]]], [[[-122.2079, 37.1633], [-122.2065, 37.162], [-122.2052, 37.162], [-122.2069, 37.1633], [-122.2079, 37.1633]]], [[[-122.2106, 37.1622], [-122.2116, 37.1624], [-122.2116, 37.1619], [-122.2106, 37.1622]]], [[[-122.2106, 37.1619], [-122.2113, 37.1616], [-122.2106, 37.1614], [-122.2106, 37.1619]]], [[[-122.2086, 37.1619], [-122.2079, 37.1614], [-122.2069, 37.1617], [-122.2069, 37.162], [-122.2086, 37.1619]]], [[[-122.2505, 37.1609], [-122.2505, 37.1603], [-122.2495, 37.1606], [-122.2495, 37.1609], [-122.2505, 37.1609]]], [[[-122.2099, 37.1617], [-122.2096, 37.1608], [-122.2082, 37.1606], [-122.2082, 37.1611], [-122.2099, 37.1617]]], [[[-122.2468, 37.1601], [-122.2481, 37.1596], [-122.2471, 37.1588], [-122.2433, 37.1591], [-122.2437, 37.1599], [-122.2468, 37.1601]], [[-122.2464, 37.1596], [-122.2461, 37.1599], [-122.2461, 37.1596], [-122.2464, 37.1596]]], [[[-122.2109, 37.1614], [-122.2126, 37.1613], [-122.2119, 37.1605], [-122.2129, 37.16], [-122.2125, 37.1584], [-122.2112, 37.1587], [-122.2118, 37.1581], [-122.2108, 37.1581], [-122.2116, 37.16], [-122.2109, 37.1614]]], [[[-122.1983, 37.1581], [-122.1993, 37.1578], [-122.1983, 37.1578], [-122.1983, 37.1581]]], [[[-122.2101, 37.1579], [-122.2101, 37.1573], [-122.2095, 37.1573], [-122.2095, 37.1576], [-122.2101, 37.1579]]], [[[-122.2216, 37.1574], [-122.2216, 37.1566], [-122.2206, 37.1569], [-122.2206, 37.1571], [-122.2216, 37.1574]]], [[[-122.2155, 37.157], [-122.2162, 37.1564], [-122.2159, 37.1564], [-122.2155, 37.157]]], [[[-122.2145, 37.157], [-122.2142, 37.1564], [-122.2135, 37.1565], [-122.2138, 37.157], [-122.2145, 37.157]]], [[[-122.2186, 37.1577], [-122.2192, 37.1563], [-122.2179, 37.1569], [-122.2179, 37.1561], [-122.2172, 37.1561], [-122.2172, 37.1575], [-122.2186, 37.1577]], [[-122.2186, 37.1572], [-122.2179, 37.1575], [-122.2179, 37.1572], [-122.2186, 37.1572]]], [[[-122.2284, 37.1564], [-122.229, 37.1562], [-122.2284, 37.1559], [-122.2284, 37.1564]]], [[[-122.2254, 37.1595], [-122.226, 37.1578], [-122.2278, 37.1586], [-122.2256, 37.1554], [-122.2253, 37.1562], [-122.2226, 37.1566], [-122.2247, 37.1571], [-122.2237, 37.1587], [-122.2254, 37.1595]]], [[[-122.1952, 37.1568], [-122.1952, 37.1563], [-122.1939, 37.1563], [-122.1939, 37.1568], [-122.1952, 37.1568]]], [[[-122.2182, 37.1558], [-122.2189, 37.1561], [-122.2189, 37.155], [-122.2182, 37.1558]]], [[[-122.1966, 37.156], [-122.1962, 37.1543], [-122.1955, 37.1541], [-122.1958, 37.1549], [-122.1952, 37.1552], [-122.1966, 37.156]]], [[[-122.2144, 37.1537], [-122.2141, 37.1532], [-122.2134, 37.1532], [-122.2134, 37.1538], [-122.2144, 37.1537]]], [[[-122.2049, 37.1536], [-122.2056, 37.1531], [-122.2049, 37.1531], [-122.2049, 37.1536]]], [[[-122.2175, 37.1553], [-122.2175, 37.1537], [-122.2165, 37.1537], [-122.2164, 37.1526], [-122.2157, 37.1526], [-122.2158, 37.154], [-122.2175, 37.1553]]], [[[-122.1951, 37.1536], [-122.1958, 37.153], [-122.1955, 37.153], [-122.1951, 37.1536]]], [[[-122.2347, 37.1534], [-122.235, 37.1525], [-122.2343, 37.152], [-122.2337, 37.1528], [-122.2347, 37.1534]]], [[[-122.2297, 37.1543], [-122.2296, 37.1537], [-122.2313, 37.1532], [-122.2306, 37.1529], [-122.231, 37.1523], [-122.2293, 37.1524], [-122.2296, 37.1532], [-122.229, 37.1537], [-122.2297, 37.1543]], [[-122.23, 37.1532], [-122.2296, 37.1535], [-122.2296, 37.1532], [-122.23, 37.1532]]], [[[-122.2043, 37.1531], [-122.2049, 37.1528], [-122.2042, 37.1526], [-122.2043, 37.1531]]], [[[-122.2067, 37.1555], [-122.2063, 37.1539], [-122.2046, 37.1542], [-122.2036, 37.1526], [-122.2002, 37.1524], [-122.2043, 37.1555], [-122.2067, 37.1555]]], [[[-122.2198, 37.1531], [-122.2208, 37.1523], [-122.2222, 37.1525], [-122.2222, 37.152], [-122.2204, 37.1515], [-122.2205, 37.1523], [-122.2191, 37.1526], [-122.2198, 37.1531]]], [[[-122.2002, 37.1524], [-122.2002, 37.1518], [-122.1995, 37.1516], [-122.1992, 37.1521], [-122.2002, 37.1524]]], [[[-122.2302, 37.1505], [-122.2306, 37.1507], [-122.2309, 37.1505], [-122.2302, 37.1505]]], [[[-122.2201, 37.1507], [-122.2208, 37.1504], [-122.2201, 37.1501], [-122.2201, 37.1507]]], [[[-122.2333, 37.151], [-122.2329, 37.1499], [-122.2316, 37.1496], [-122.2316, 37.1502], [-122.2333, 37.151]]], [[[-122.2032, 37.1518], [-122.2028, 37.1513], [-122.2039, 37.1515], [-122.2042, 37.151], [-122.2021, 37.1502], [-122.1994, 37.1502], [-122.1988, 37.1508], [-122.1991, 37.1516], [-122.1995, 37.1508], [-122.2015, 37.1507], [-122.2032, 37.1518]], [[-122.2018, 37.1505], [-122.2015, 37.1507], [-122.2015, 37.1505], [-122.2018, 37.1505]]], [[[-122.1937, 37.1503], [-122.194, 37.1506], [-122.1944, 37.1503], [-122.1937, 37.1503]]], [[[-122.2116, 37.1514], [-122.2133, 37.15], [-122.2147, 37.1502], [-122.2146, 37.1494], [-122.2123, 37.1495], [-122.2113, 37.1506], [-122.2116, 37.1514]]], [[[-122.2329, 37.1496], [-122.2332, 37.1488], [-122.2325, 37.1488], [-122.2329, 37.1496]]], [[[-122.2354, 37.152], [-122.2363, 37.1512], [-122.2377, 37.1511], [-122.2383, 37.1498], [-122.2376, 37.1487], [-122.2363, 37.1487], [-122.2359, 37.1477], [-122.2349, 37.1482], [-122.2339, 37.1477], [-122.2329, 37.1485], [-122.2336, 37.1488], [-122.2339, 37.1482], [-122.2353, 37.1493], [-122.2333, 37.1499], [-122.234, 37.1507], [-122.235, 37.1501], [-122.2357, 37.1509], [-122.2336, 37.1512], [-122.2354, 37.152]], [[-122.2363, 37.1501], [-122.236, 37.1504], [-122.236, 37.1501], [-122.2363, 37.1501]], [[-122.236, 37.1498], [-122.2356, 37.1501], [-122.2356, 37.1498], [-122.236, 37.1498]], [[-122.2366, 37.1493], [-122.236, 37.1496], [-122.2359, 37.1493], [-122.2366, 37.1493]]], [[[-122.2075, 37.1495], [-122.2075, 37.1479], [-122.2054, 37.1474], [-122.2051, 37.1488], [-122.2075, 37.1495]], [[-122.2072, 37.1482], [-122.2068, 37.1485], [-122.2068, 37.1482], [-122.2072, 37.1482]]], [[[-122.2092, 37.1495], [-122.2095, 37.1476], [-122.2085, 37.1471], [-122.2082, 37.1487], [-122.2092, 37.1495]]], [[[-122.1872, 37.148], [-122.1882, 37.1472], [-122.1865, 37.1472], [-122.1872, 37.148]]], [[[-122.2376, 37.1471], [-122.2386, 37.1463], [-122.2379, 37.146], [-122.2376, 37.1471]]], [[[-122.2348, 37.1461], [-122.2358, 37.1458], [-122.2348, 37.1458], [-122.2348, 37.1461]]], [[[-122.1828, 37.1468], [-122.1831, 37.147], [-122.1834, 37.1468], [-122.1828, 37.1468]]], [[[-122.2319, 37.1491], [-122.2332, 37.148], [-122.2338, 37.1458], [-122.2348, 37.1458], [-122.2338, 37.1455], [-122.2341, 37.145], [-122.2335, 37.145], [-122.2331, 37.1445], [-122.2331, 37.1458], [-122.2321, 37.1458], [-122.2321, 37.1467], [-122.2298, 37.1464], [-122.2298, 37.1472], [-122.2288, 37.1473], [-122.2295, 37.1489], [-122.2308, 37.1483], [-122.2319, 37.1491]], [[-122.2315, 37.1477], [-122.2312, 37.148], [-122.2312, 37.1478], [-122.2315, 37.1477]], [[-122.2301, 37.1475], [-122.2298, 37.1481], [-122.2298, 37.1475], [-122.2301, 37.1475]], [[-122.2325, 37.1469], [-122.2318, 37.1472], [-122.2318, 37.1469], [-122.2325, 37.1469]], [[-122.2328, 37.1464], [-122.2325, 37.1469], [-122.2325, 37.1464], [-122.2328, 37.1464]], [[-122.2331, 37.1461], [-122.2328, 37.1464], [-122.2328, 37.1461], [-122.2331, 37.1461]]], [[[-122.2132, 37.1451], [-122.2131, 37.1446], [-122.2118, 37.1443], [-122.2121, 37.1449], [-122.2132, 37.1451]]], [[[-122.2341, 37.1447], [-122.2347, 37.1431], [-122.2327, 37.1429], [-122.2331, 37.1445], [-122.2341, 37.1447]], [[-122.2341, 37.1437], [-122.2334, 37.1439], [-122.2334, 37.1437], [-122.2341, 37.1437]]], [[[-122.2297, 37.1435], [-122.2307, 37.1432], [-122.2303, 37.1424], [-122.2297, 37.1424], [-122.2297, 37.1435]]], [[[-122.2182, 37.1448], [-122.2165, 37.1434], [-122.2161, 37.1418], [-122.2151, 37.1413], [-122.2137, 37.1416], [-122.2141, 37.1421], [-122.2131, 37.1427], [-122.2135, 37.144], [-122.2182, 37.1448]], [[-122.2151, 37.1435], [-122.2148, 37.1437], [-122.2148, 37.1435], [-122.2151, 37.1435]]], [[[-122.2347, 37.142], [-122.235, 37.1409], [-122.234, 37.1401], [-122.2333, 37.1415], [-122.2347, 37.142]]], [[[-122.1657, 37.1417], [-122.1657, 37.1411], [-122.1647, 37.1412], [-122.1647, 37.1417], [-122.1657, 37.1417]]], [[[-122.1653, 37.1395], [-122.1656, 37.1387], [-122.1649, 37.1385], [-122.1646, 37.1393], [-122.1653, 37.1395]]], [[[-122.2201, 37.1399], [-122.2197, 37.1377], [-122.2183, 37.1372], [-122.218, 37.1383], [-122.2201, 37.1399]]], [[[-122.2363, 37.1374], [-122.2366, 37.1363], [-122.2359, 37.1361], [-122.2366, 37.136], [-122.2365, 37.1352], [-122.2352, 37.1353], [-122.2363, 37.1374]]], [[[-122.1641, 37.1344], [-122.1641, 37.1336], [-122.1621, 37.1339], [-122.1621, 37.1345], [-122.1641, 37.1344]]], [[[-122.2243, 37.1322], [-122.2242, 37.1311], [-122.2222, 37.1304], [-122.2216, 37.1317], [-122.2243, 37.1322]]], [[[-122.21, 37.1311], [-122.2104, 37.1303], [-122.209, 37.1306], [-122.209, 37.1309], [-122.21, 37.1311]]], [[[-122.2222, 37.1304], [-122.2222, 37.129], [-122.2235, 37.129], [-122.2235, 37.1285], [-122.2225, 37.1279], [-122.2208, 37.1285], [-122.2211, 37.1274], [-122.2197, 37.1275], [-122.2201, 37.1285], [-122.2215, 37.129], [-122.2212, 37.1304], [-122.2222, 37.1304]]], [[[-122.2214, 37.1274], [-122.2238, 37.1274], [-122.2234, 37.1266], [-122.2214, 37.1274]]], [[[-122.2114, 37.1303], [-122.2113, 37.1284], [-122.2133, 37.1284], [-122.2133, 37.127], [-122.2147, 37.1273], [-122.2129, 37.1252], [-122.2112, 37.1252], [-122.211, 37.1284], [-122.2089, 37.1285], [-122.209, 37.1293], [-122.2103, 37.1292], [-122.211, 37.1298], [-122.2104, 37.1303], [-122.2114, 37.1303]], [[-122.2126, 37.1276], [-122.2123, 37.1279], [-122.2123, 37.1276], [-122.2126, 37.1276]], [[-122.2126, 37.1254], [-122.2123, 37.126], [-122.2122, 37.1254], [-122.2126, 37.1254]]], [[[-122.208, 37.1193], [-122.209, 37.1185], [-122.2076, 37.1182], [-122.208, 37.1193]]], [[[-122.2012, 37.1183], [-122.2009, 37.1175], [-122.2005, 37.1176], [-122.2002, 37.1184], [-122.2012, 37.1183]]], [[[-122.2076, 37.118], [-122.209, 37.1174], [-122.2076, 37.1177], [-122.2076, 37.118]]], [[[-122.1826, 37.1184], [-122.1836, 37.1179], [-122.1826, 37.1176], [-122.1826, 37.1184]]], [[[-122.1813, 37.1187], [-122.1802, 37.1177], [-122.1782, 37.1174], [-122.1782, 37.118], [-122.1813, 37.1187]]], [[[-122.2167, 37.1159], [-122.2167, 37.1151], [-122.216, 37.1151], [-122.216, 37.1156], [-122.2167, 37.1159]]], [[[-122.2033, 37.1207], [-122.2053, 37.1191], [-122.2046, 37.1177], [-122.2052, 37.1156], [-122.2045, 37.115], [-122.2035, 37.1151], [-122.2039, 37.1161], [-122.2032, 37.1164], [-122.2042, 37.1172], [-122.2022, 37.1175], [-122.2032, 37.1183], [-122.2033, 37.1194], [-122.2016, 37.1197], [-122.2033, 37.1207]]], [[[-122.2177, 37.1159], [-122.2173, 37.114], [-122.217, 37.114], [-122.2167, 37.1151], [-122.2177, 37.1159]]], [[[-122.1846, 37.1165], [-122.1852, 37.1157], [-122.1852, 37.1146], [-122.1832, 37.1154], [-122.1846, 37.1165]]], [[[-122.198, 37.1141], [-122.199, 37.1133], [-122.1977, 37.113], [-122.198, 37.1141]]], [[[-122.1879, 37.1135], [-122.1885, 37.1129], [-122.1889, 37.1124], [-122.1879, 37.1127], [-122.1879, 37.1135]]], [[[-122.1949, 37.1123], [-122.1949, 37.1114], [-122.1939, 37.1115], [-122.1943, 37.1123], [-122.1949, 37.1123]]], [[[-122.2037, 37.1118], [-122.2044, 37.1115], [-122.2037, 37.1113], [-122.2037, 37.1118]]], [[[-122.1906, 37.1123], [-122.1909, 37.1118], [-122.1898, 37.111], [-122.1895, 37.1121], [-122.1906, 37.1123]]], [[[-122.2044, 37.1115], [-122.2047, 37.1107], [-122.2044, 37.1107], [-122.2044, 37.1115]]], [[[-122.2061, 37.1112], [-122.2061, 37.1107], [-122.2051, 37.111], [-122.2051, 37.1113], [-122.2061, 37.1112]]], [[[-122.1997, 37.1122], [-122.2, 37.1103], [-122.1993, 37.1103], [-122.1997, 37.1114], [-122.198, 37.1114], [-122.1973, 37.1106], [-122.1959, 37.1109], [-122.1966, 37.1122], [-122.1997, 37.1122]]], [[[-122.1719, 37.1119], [-122.1726, 37.1105], [-122.1713, 37.1113], [-122.1695, 37.1106], [-122.1696, 37.1119], [-122.1719, 37.1119]]], [[[-122.1689, 37.1108], [-122.1692, 37.11], [-122.1688, 37.11], [-122.1689, 37.1108]]], [[[-122.1996, 37.1097], [-122.1996, 37.1092], [-122.1999, 37.1089], [-122.1989, 37.1092], [-122.1996, 37.1097]]], [[[-122.2053, 37.1088], [-122.2053, 37.1083], [-122.2043, 37.1083], [-122.2043, 37.1086], [-122.2053, 37.1088]]], [[[-122.1692, 37.1098], [-122.1695, 37.1089], [-122.1681, 37.1087], [-122.1682, 37.1095], [-122.1692, 37.1098]]], [[[-122.1905, 37.111], [-122.1908, 37.1102], [-122.1925, 37.1101], [-122.1931, 37.108], [-122.1915, 37.1091], [-122.1908, 37.1088], [-122.1898, 37.1099], [-122.1905, 37.111]], [[-122.1908, 37.1099], [-122.1905, 37.1102], [-122.1905, 37.1099], [-122.1908, 37.1099]]], [[[-122.1827, 37.1082], [-122.1823, 37.1076], [-122.1813, 37.1074], [-122.1816, 37.1082], [-122.1827, 37.1082]]], [[[-122.1938, 37.108], [-122.1948, 37.1077], [-122.1941, 37.1069], [-122.1935, 37.1074], [-122.1938, 37.108]]], [[[-122.1691, 37.1079], [-122.1698, 37.1073], [-122.1691, 37.1073], [-122.1691, 37.1079]]], [[[-122.1965, 37.1076], [-122.1968, 37.1068], [-122.1961, 37.1066], [-122.1955, 37.1077], [-122.1965, 37.1076]]], [[[-122.1806, 37.1074], [-122.1813, 37.1068], [-122.1809, 37.1068], [-122.1806, 37.1074]]], [[[-122.1803, 37.1074], [-122.1803, 37.1069], [-122.1792, 37.1069], [-122.1793, 37.1074], [-122.1803, 37.1074]]], [[[-122.184, 37.1068], [-122.1853, 37.1068], [-122.1853, 37.1062], [-122.184, 37.1068]]], [[[-122.1992, 37.1062], [-122.2002, 37.1059], [-122.2002, 37.1054], [-122.1985, 37.1057], [-122.1992, 37.1062]]], [[[-122.177, 37.1096], [-122.1783, 37.1085], [-122.1785, 37.1063], [-122.1795, 37.1055], [-122.1779, 37.1061], [-122.1782, 37.1066], [-122.1763, 37.1088], [-122.177, 37.1096]], [[-122.1782, 37.1077], [-122.1779, 37.108], [-122.1779, 37.1077], [-122.1782, 37.1077]]], [[[-122.1835, 37.1141], [-122.1838, 37.1133], [-122.1852, 37.113], [-122.1855, 37.1116], [-122.1868, 37.1111], [-122.1854, 37.1105], [-122.1868, 37.1105], [-122.1864, 37.1097], [-122.1874, 37.1097], [-122.1864, 37.1089], [-122.1867, 37.1081], [-122.1881, 37.1078], [-122.1867, 37.1065], [-122.187, 37.1048], [-122.186, 37.1057], [-122.1863, 37.107], [-122.1843, 37.1073], [-122.182, 37.1093], [-122.1821, 37.1109], [-122.1794, 37.1112], [-122.1815, 37.1136], [-122.1835, 37.1141]], [[-122.1827, 37.1109], [-122.1824, 37.1111], [-122.1824, 37.1109], [-122.1827, 37.1109]], [[-122.1837, 37.1103], [-122.1834, 37.1106], [-122.1834, 37.1103], [-122.1837, 37.1103]], [[-122.1831, 37.1103], [-122.1824, 37.1106], [-122.1824, 37.1103], [-122.1831, 37.1103]], [[-122.1864, 37.1094], [-122.1857, 37.1097], [-122.1857, 37.1095], [-122.1864, 37.1094]]], [[[-122.1995, 37.1043], [-122.2005, 37.1049], [-122.2005, 37.1041], [-122.1995, 37.1043]]], [[[-122.1792, 37.105], [-122.1795, 37.1042], [-122.1788, 37.1042], [-122.1792, 37.105]]], [[[-122.1842, 37.1041], [-122.1842, 37.1033], [-122.1839, 37.1033], [-122.1835, 37.1038], [-122.1842, 37.1041]]], [[[-122.1974, 37.103], [-122.198, 37.1019], [-122.1973, 37.1017], [-122.1974, 37.103]]], [[[-122.1987, 37.1019], [-122.1994, 37.1016], [-122.1987, 37.1014], [-122.1987, 37.1019]]], [[[-122.1666, 37.1012], [-122.1676, 37.1009], [-122.1666, 37.1009], [-122.1666, 37.1012]]], [[[-122.1693, 37.1011], [-122.1693, 37.1006], [-122.1682, 37.1006], [-122.1683, 37.1011], [-122.1693, 37.1011]]], [[[-122.1722, 37.1075], [-122.1731, 37.1062], [-122.1714, 37.1041], [-122.1717, 37.104], [-122.172, 37.103], [-122.1737, 37.1035], [-122.175, 37.1018], [-122.173, 37.1002], [-122.172, 37.1005], [-122.172, 37.1021], [-122.1693, 37.1019], [-122.1683, 37.1028], [-122.1697, 37.1038], [-122.1694, 37.1052], [-122.1697, 37.106], [-122.1704, 37.106], [-122.1704, 37.1062], [-122.1708, 37.1062], [-122.1711, 37.1065], [-122.1708, 37.1073], [-122.1722, 37.1075]], [[-122.1711, 37.1059], [-122.1708, 37.1062], [-122.1708, 37.106], [-122.1711, 37.1059]], [[-122.1707, 37.1046], [-122.1701, 37.1049], [-122.17, 37.1046], [-122.1707, 37.1046]], [[-122.1704, 37.1035], [-122.17, 37.1038], [-122.17, 37.1035], [-122.1704, 37.1035]], [[-122.1717, 37.1032], [-122.171, 37.1035], [-122.171, 37.1032], [-122.1717, 37.1032]], [[-122.17, 37.1033], [-122.1697, 37.1035], [-122.1697, 37.1033], [-122.17, 37.1033]], [[-122.173, 37.1029], [-122.1727, 37.1024], [-122.1737, 37.1024], [-122.1737, 37.1027], [-122.173, 37.1029]], [[-122.174, 37.1016], [-122.1737, 37.1018], [-122.1737, 37.1016], [-122.174, 37.1016]]], [[[-122.1679, 37.1006], [-122.1675, 37.1001], [-122.1669, 37.1001], [-122.1669, 37.1006], [-122.1679, 37.1006]]], [[[-122.1696, 37.0995], [-122.1706, 37.0989], [-122.1699, 37.0987], [-122.1696, 37.0995]]], [[[-122.1831, 37.1003], [-122.184, 37.0976], [-122.1816, 37.0966], [-122.181, 37.0969], [-122.1813, 37.0979], [-122.1796, 37.0971], [-122.1787, 37.0991], [-122.1814, 37.0998], [-122.1817, 37.0993], [-122.1824, 37.0993], [-122.1824, 37.099], [-122.1827, 37.099], [-122.1831, 37.1003]], [[-122.1831, 37.0987], [-122.1827, 37.099], [-122.1827, 37.0987], [-122.1831, 37.0987]]], [[[-122.1776, 37.0964], [-122.1779, 37.0966], [-122.1786, 37.0964], [-122.1776, 37.0964]]], [[[-122.1722, 37.0978], [-122.1732, 37.097], [-122.1736, 37.0973], [-122.1746, 37.097], [-122.1739, 37.097], [-122.1728, 37.0954], [-122.1694, 37.0949], [-122.1708, 37.096], [-122.1705, 37.0973], [-122.1722, 37.0978]]], [[[-122.1645, 37.1015], [-122.1659, 37.1004], [-122.1645, 37.099], [-122.1648, 37.0969], [-122.1661, 37.096], [-122.1657, 37.095], [-122.1678, 37.0966], [-122.1688, 37.0965], [-122.1684, 37.096], [-122.1694, 37.0952], [-122.1684, 37.0949], [-122.1698, 37.0946], [-122.169, 37.0933], [-122.1677, 37.0933], [-122.1646, 37.0918], [-122.1639, 37.092], [-122.165, 37.0939], [-122.164, 37.0947], [-122.1599, 37.0935], [-122.16, 37.0945], [-122.161, 37.0951], [-122.16, 37.0953], [-122.16, 37.0959], [-122.163, 37.0958], [-122.1627, 37.0966], [-122.1637, 37.0972], [-122.1614, 37.0967], [-122.1597, 37.0972], [-122.1604, 37.0986], [-122.1642, 37.0999], [-122.1632, 37.1002], [-122.1632, 37.1012], [-122.1645, 37.1015]], [[-122.1645, 37.1001], [-122.1642, 37.1004], [-122.1642, 37.1001], [-122.1645, 37.1001]], [[-122.1648, 37.0996], [-122.1645, 37.0999], [-122.1645, 37.0996], [-122.1648, 37.0996]], [[-122.1614, 37.0975], [-122.1611, 37.0978], [-122.1611, 37.0975], [-122.1614, 37.0975]], [[-122.1634, 37.0961], [-122.163, 37.0964], [-122.163, 37.0961], [-122.1634, 37.0961]], [[-122.1657, 37.0947], [-122.1654, 37.095], [-122.1654, 37.0947], [-122.1657, 37.0947]], [[-122.163, 37.0945], [-122.1627, 37.0948], [-122.1627, 37.0945], [-122.163, 37.0945]], [[-122.162, 37.0942], [-122.1616, 37.0945], [-122.1616, 37.0942], [-122.162, 37.0942]]], [[[-122.1612, 37.0926], [-122.1612, 37.0918], [-122.1616, 37.0915], [-122.1606, 37.0918], [-122.1606, 37.0926], [-122.1612, 37.0926]]], [[[-122.2048, 37.0889], [-122.2047, 37.0883], [-122.2041, 37.0883], [-122.2041, 37.0886], [-122.2048, 37.0889]]]]}, "properties": {"layer": "cell", "cell_id": "97_1500", "seed_zone": "97", "elevation_band": "1500–2000 ft"}}, {"type": "Feature", "geometry": {"type": "MultiPolygon", "coordinates": [[[[-122.233, 37.2325], [-122.233, 37.2314], [-122.2323, 37.2314], [-122.232, 37.2325], [-122.233, 37.2325]]], [[[-122.2286, 37.232], [-122.2286, 37.2315], [-122.2279, 37.231], [-122.2276, 37.2318], [-122.2286, 37.232]]], [[[-122.2278, 37.2293], [-122.2278, 37.2288], [-122.2268, 37.2288], [-122.2268, 37.2291], [-122.2278, 37.2293]]], [[[-122.2278, 37.228], [-122.2281, 37.2283], [-122.2285, 37.228], [-122.2278, 37.228]]], [[[-122.237, 37.22], [-122.2373, 37.2194], [-122.236, 37.2189], [-122.2363, 37.2197], [-122.237, 37.22]]], [[[-122.2383, 37.2186], [-122.2387, 37.2189], [-122.239, 37.2186], [-122.2383, 37.2186]]], [[[-122.236, 37.2189], [-122.2353, 37.2179], [-122.2339, 37.2184], [-122.2339, 37.219], [-122.236, 37.2189]]], [[[-122.214, 37.2191], [-122.2146, 37.2183], [-122.2136, 37.2183], [-122.214, 37.2191]]], [[[-122.2218, 37.2192], [-122.2214, 37.2179], [-122.2204, 37.2179], [-122.2211, 37.2181], [-122.2218, 37.2192]]], [[[-122.2404, 37.2189], [-122.241, 37.218], [-122.239, 37.2175], [-122.239, 37.2186], [-122.2404, 37.2189]]], [[[-122.239, 37.217], [-122.2389, 37.2162], [-122.2376, 37.2165], [-122.2376, 37.217], [-122.239, 37.217]]], [[[-122.2376, 37.2162], [-122.2383, 37.2159], [-122.2376, 37.2157], [-122.2376, 37.2162]]], [[[-122.2414, 37.2178], [-122.2413, 37.2156], [-122.2396, 37.2159], [-122.2396, 37.2154], [-122.2386, 37.2154], [-122.2414, 37.2178]], [[-122.241, 37.2159], [-122.2406, 37.2161], [-122.2406, 37.2159], [-122.241, 37.2159]]], [[[-122.2264, 37.2151], [-122.2267, 37.2153], [-122.2271, 37.2151], [-122.2264, 37.2151]]], [[[-122.2386, 37.2154], [-122.2399, 37.2151], [-122.2399, 37.2145], [-122.2379, 37.2146], [-122.2386, 37.2154]]], [[[-122.233, 37.2201], [-122.234, 37.2192], [-122.2336, 37.2184], [-122.2323, 37.219], [-122.2322, 37.2179], [-122.2332, 37.2171], [-122.2328, 37.216], [-122.2338, 37.2155], [-122.2331, 37.2141], [-122.2332, 37.2155], [-122.2318, 37.2163], [-122.2311, 37.2158], [-122.2281, 37.2164], [-122.2284, 37.2156], [-122.2271, 37.2156], [-122.2271, 37.2167], [-122.2227, 37.2159], [-122.2227, 37.217], [-122.2241, 37.217], [-122.2255, 37.2189], [-122.2251, 37.217], [-122.2261, 37.217], [-122.2258, 37.2178], [-122.2281, 37.2172], [-122.2281, 37.2167], [-122.2285, 37.2175], [-122.2319, 37.2171], [-122.2309, 37.219], [-122.2313, 37.2198], [-122.233, 37.2201]], [[-122.2302, 37.2166], [-122.2298, 37.2169], [-122.2298, 37.2166], [-122.2302, 37.2166]], [[-122.2291, 37.2164], [-122.2288, 37.2166], [-122.2288, 37.2164], [-122.2291, 37.2164]], [[-122.2234, 37.2162], [-122.223, 37.2165], [-122.223, 37.2162], [-122.2234, 37.2162]]], [[[-122.2369, 37.2146], [-122.2382, 37.214], [-122.2375, 37.2135], [-122.2369, 37.2146]]], [[[-122.2342, 37.2146], [-122.2341, 37.2138], [-122.2345, 37.2136], [-122.2338, 37.2136], [-122.2342, 37.2146]]], [[[-122.2281, 37.215], [-122.2315, 37.2152], [-122.2311, 37.2147], [-122.2325, 37.2147], [-122.2324, 37.2133], [-122.2314, 37.2136], [-122.2314, 37.2144], [-122.2308, 37.2142], [-122.2298, 37.215], [-122.2287, 37.2145], [-122.2281, 37.215]]], [[[-122.224, 37.2143], [-122.2233, 37.2135], [-122.2226, 37.2138], [-122.2226, 37.2141], [-122.224, 37.2143]]], [[[-122.2169, 37.215], [-122.2172, 37.2136], [-122.2158, 37.2131], [-122.2162, 37.215], [-122.2169, 37.215]], [[-122.2169, 37.2136], [-122.2165, 37.2139], [-122.2165, 37.2136], [-122.2169, 37.2136]]], [[[-122.2131, 37.214], [-122.2124, 37.2129], [-122.2114, 37.2132], [-122.2114, 37.2137], [-122.2131, 37.214]]], [[[-122.2287, 37.2123], [-122.229, 37.2126], [-122.2293, 37.2123], [-122.2287, 37.2123]]], [[[-122.2371, 37.2124], [-122.2371, 37.2116], [-122.2368, 37.2116], [-122.2365, 37.2122], [-122.2371, 37.2124]]], [[[-122.2203, 37.2141], [-122.2195, 37.212], [-122.2202, 37.2119], [-122.2205, 37.2111], [-122.2192, 37.2117], [-122.2189, 37.213], [-122.2178, 37.2123], [-122.2172, 37.2128], [-122.2175, 37.2139], [-122.2203, 37.2141]]], [[[-122.2373, 37.2081], [-122.2366, 37.2068], [-122.236, 37.2068], [-122.236, 37.2079], [-122.2373, 37.2081]]], [[[-122.2103, 37.2083], [-122.2113, 37.2075], [-122.2099, 37.207], [-122.2103, 37.2083]]], [[[-122.2119, 37.2075], [-122.2119, 37.207], [-122.2109, 37.207], [-122.2109, 37.2073], [-122.2119, 37.2075]]], [[[-122.2085, 37.2068], [-122.2092, 37.2057], [-122.2075, 37.206], [-122.2071, 37.2054], [-122.2072, 37.2062], [-122.2085, 37.2068]]], [[[-122.2064, 37.2025], [-122.2074, 37.2022], [-122.2064, 37.2019], [-122.2064, 37.2025]]], [[[-122.2074, 37.2025], [-122.2094, 37.2022], [-122.2097, 37.2008], [-122.2074, 37.2025]]], [[[-122.226, 37.1546], [-122.2269, 37.1535], [-122.2256, 37.153], [-122.2243, 37.1544], [-122.226, 37.1546]]], [[[-122.2283, 37.1532], [-122.2299, 37.1521], [-122.2302, 37.1505], [-122.2286, 37.1527], [-122.2276, 37.153], [-122.2283, 37.1532]]], [[[-122.1998, 37.1502], [-122.2011, 37.1499], [-122.2001, 37.1494], [-122.1998, 37.1502]]], [[[-122.1984, 37.1497], [-122.1987, 37.1489], [-122.1984, 37.1489], [-122.1984, 37.1497]]], [[[-122.194, 37.1501], [-122.1957, 37.1495], [-122.1957, 37.1487], [-122.1943, 37.149], [-122.194, 37.1501]]], [[[-122.1994, 37.1494], [-122.2001, 37.1491], [-122.2001, 37.1486], [-122.1991, 37.1489], [-122.1994, 37.1494]]], [[[-122.2295, 37.1494], [-122.2288, 37.1478], [-122.2271, 37.1478], [-122.2282, 37.1492], [-122.2295, 37.1494]]], [[[-122.2065, 37.1477], [-122.2068, 37.1466], [-122.2057, 37.1461], [-122.2054, 37.1474], [-122.2065, 37.1477]]], [[[-122.2082, 37.1485], [-122.2088, 37.1471], [-122.2088, 37.146], [-122.2074, 37.1466], [-122.2082, 37.1485]]], [[[-122.1881, 37.145], [-122.1881, 37.1445], [-122.1871, 37.1443], [-122.1871, 37.1445], [-122.1881, 37.145]]], [[[-122.2033, 37.1445], [-122.2033, 37.144], [-122.2043, 37.1442], [-122.2053, 37.1434], [-122.2022, 37.1418], [-122.2016, 37.1429], [-122.2033, 37.1445]]], [[[-122.2144, 37.1416], [-122.2147, 37.1408], [-122.2137, 37.1405], [-122.2134, 37.1413], [-122.2144, 37.1416]]], [[[-122.2067, 37.1436], [-122.208, 37.1417], [-122.2093, 37.1414], [-122.209, 37.1409], [-122.2059, 37.1407], [-122.205, 37.1428], [-122.2067, 37.1436]]], [[[-122.2122, 37.1365], [-122.2129, 37.1362], [-122.2122, 37.136], [-122.2122, 37.1365]]], [[[-122.1656, 37.1379], [-122.1659, 37.1371], [-122.1645, 37.1366], [-122.1646, 37.1374], [-122.1656, 37.1379]]], [[[-122.2051, 37.1358], [-122.2051, 37.1353], [-122.2041, 37.135], [-122.2041, 37.1358], [-122.2051, 37.1358]]], [[[-122.1915, 37.1339], [-122.1925, 37.1331], [-122.1915, 37.1331], [-122.1915, 37.1339]]], [[[-122.2068, 37.1344], [-122.2104, 37.1333], [-122.2101, 37.1325], [-122.2071, 37.1339], [-122.2057, 37.1337], [-122.2068, 37.1344]]], [[[-122.2047, 37.1331], [-122.2047, 37.1323], [-122.2033, 37.1326], [-122.2033, 37.1332], [-122.2047, 37.1331]]], [[[-122.2074, 37.1325], [-122.2091, 37.132], [-122.2074, 37.1323], [-122.2074, 37.1325]]], [[[-122.2094, 37.1317], [-122.2101, 37.132], [-122.2101, 37.1314], [-122.2094, 37.1317]]], [[[-122.2087, 37.1317], [-122.2087, 37.1309], [-122.2083, 37.1309], [-122.208, 37.1317], [-122.2087, 37.1317]]], [[[-122.1651, 37.1341], [-122.1661, 37.1336], [-122.1648, 37.1328], [-122.1654, 37.1314], [-122.1644, 37.1314], [-122.1621, 37.1339], [-122.1641, 37.1336], [-122.1651, 37.1341]]], [[[-122.2076, 37.1293], [-122.2086, 37.129], [-122.2076, 37.129], [-122.2076, 37.1293]]], [[[-122.1894, 37.1302], [-122.19, 37.1296], [-122.1897, 37.1288], [-122.189, 37.1288], [-122.1894, 37.1302]]], [[[-122.2079, 37.1288], [-122.2089, 37.1285], [-122.2079, 37.1285], [-122.2079, 37.1288]]], [[[-122.1809, 37.1306], [-122.1809, 37.1301], [-122.1813, 37.1303], [-122.1833, 37.13], [-122.1809, 37.1287], [-122.1806, 37.1295], [-122.1809, 37.1306]], [[-122.1812, 37.1295], [-122.1809, 37.1298], [-122.1809, 37.1295], [-122.1812, 37.1295]]], [[[-122.1971, 37.1287], [-122.1978, 37.1284], [-122.1971, 37.1281], [-122.1971, 37.1287]]], [[[-122.2032, 37.1283], [-122.2032, 37.1275], [-122.2018, 37.1272], [-122.2025, 37.1283], [-122.2032, 37.1283]]], [[[-122.1994, 37.1273], [-122.2004, 37.1267], [-122.1994, 37.1268], [-122.1994, 37.1273]]], [[[-122.2018, 37.1272], [-122.2018, 37.1262], [-122.2011, 37.1259], [-122.2004, 37.1267], [-122.2018, 37.1272]]], [[[-122.1859, 37.1251], [-122.1868, 37.1243], [-122.1861, 37.1235], [-122.1851, 37.1238], [-122.1859, 37.1251]], [[-122.1858, 37.1238], [-122.1855, 37.124], [-122.1855, 37.1238], [-122.1858, 37.1238]]], [[[-122.1845, 37.1243], [-122.1851, 37.1238], [-122.1851, 37.1232], [-122.1841, 37.1238], [-122.1845, 37.1243]]], [[[-122.1733, 37.1235], [-122.176, 37.1234], [-122.1753, 37.1226], [-122.1739, 37.1224], [-122.1733, 37.1229], [-122.1733, 37.1235]]], [[[-122.1713, 37.1235], [-122.1719, 37.1224], [-122.1699, 37.1222], [-122.1695, 37.1203], [-122.1678, 37.1211], [-122.1699, 37.1235], [-122.1713, 37.1235]]], [[[-122.145, 37.1167], [-122.1457, 37.1169], [-122.1457, 37.1164], [-122.145, 37.1167]]], [[[-122.1772, 37.1174], [-122.1771, 37.1156], [-122.1758, 37.115], [-122.1748, 37.1159], [-122.1748, 37.1169], [-122.1772, 37.1174]]], [[[-122.1727, 37.1146], [-122.173, 37.114], [-122.172, 37.1135], [-122.172, 37.114], [-122.1727, 37.1146]]], [[[-122.1626, 37.1158], [-122.1636, 37.1142], [-122.1618, 37.1134], [-122.1619, 37.1139], [-122.1605, 37.114], [-122.1605, 37.1148], [-122.1616, 37.1158], [-122.1619, 37.1153], [-122.1626, 37.1158]]], [[[-122.1754, 37.114], [-122.1754, 37.1132], [-122.1747, 37.1132], [-122.1747, 37.1137], [-122.1754, 37.114]]], [[[-122.1707, 37.1165], [-122.1721, 37.1162], [-122.1717, 37.1154], [-122.171, 37.1157], [-122.171, 37.1151], [-122.172, 37.1151], [-122.172, 37.1146], [-122.171, 37.1146], [-122.1716, 37.113], [-122.1706, 37.1138], [-122.1696, 37.1135], [-122.1693, 37.1143], [-122.1693, 37.1149], [-122.1697, 37.1149], [-122.1697, 37.1151], [-122.17, 37.1151], [-122.1704, 37.1154], [-122.1707, 37.1165]], [[-122.1707, 37.1146], [-122.17, 37.1151], [-122.17, 37.1143], [-122.1707, 37.1146]]], [[[-122.1628, 37.1131], [-122.1628, 37.1126], [-122.1621, 37.112], [-122.1618, 37.1129], [-122.1628, 37.1131]]], [[[-122.1432, 37.1127], [-122.1439, 37.1124], [-122.1432, 37.1121], [-122.1432, 37.1127]]], [[[-122.1804, 37.1112], [-122.1817, 37.1106], [-122.1793, 37.1104], [-122.1787, 37.1109], [-122.1804, 37.1112]]], [[[-122.1429, 37.1116], [-122.1442, 37.1116], [-122.1442, 37.111], [-122.1429, 37.1116]]], [[[-122.1813, 37.1095], [-122.182, 37.1101], [-122.182, 37.1095], [-122.1813, 37.1095]]], [[[-122.1431, 37.1097], [-122.1435, 37.11], [-122.1438, 37.1097], [-122.1431, 37.1097]]], [[[-122.1601, 37.1118], [-122.1604, 37.111], [-122.1621, 37.1107], [-122.1617, 37.1094], [-122.1597, 37.1086], [-122.1597, 37.1094], [-122.1587, 37.1094], [-122.1587, 37.1108], [-122.1601, 37.1118]], [[-122.1601, 37.111], [-122.1598, 37.1113], [-122.1597, 37.111], [-122.1601, 37.111]]], [[[-122.1593, 37.1089], [-122.1593, 37.1083], [-122.1587, 37.1083], [-122.1587, 37.1086], [-122.1593, 37.1089]]], [[[-122.157, 37.1084], [-122.1576, 37.1078], [-122.1562, 37.1065], [-122.1553, 37.1076], [-122.157, 37.1084]]], [[[-122.17, 37.1133], [-122.1713, 37.113], [-122.1719, 37.1119], [-122.1692, 37.1116], [-122.1681, 37.1087], [-122.1695, 37.1084], [-122.1691, 37.1073], [-122.1708, 37.107], [-122.1708, 37.1062], [-122.1687, 37.1065], [-122.1688, 37.1079], [-122.1678, 37.1076], [-122.1674, 37.1084], [-122.1668, 37.1087], [-122.1678, 37.1095], [-122.1675, 37.1109], [-122.1682, 37.1119], [-122.17, 37.1133]]], [[[-122.1671, 37.1084], [-122.1684, 37.106], [-122.1677, 37.1055], [-122.166, 37.106], [-122.1671, 37.1084]]], [[[-122.1576, 37.1059], [-122.1576, 37.1054], [-122.1569, 37.1054], [-122.1569, 37.1057], [-122.1576, 37.1059]]], [[[-122.1704, 37.1062], [-122.1697, 37.106], [-122.169, 37.1038], [-122.1684, 37.1049], [-122.1694, 37.1062], [-122.1704, 37.1062]]], [[[-122.1562, 37.1049], [-122.1562, 37.1043], [-122.1552, 37.1041], [-122.1552, 37.1046], [-122.1562, 37.1049]]], [[[-122.1683, 37.1038], [-122.169, 37.1036], [-122.1683, 37.1033], [-122.1683, 37.1038]]], [[[-122.1436, 37.1037], [-122.144, 37.104], [-122.1443, 37.1037], [-122.1436, 37.1037]]], [[[-122.1663, 37.1047], [-122.1659, 37.1031], [-122.1656, 37.1031], [-122.1653, 37.1039], [-122.1663, 37.1047]]], [[[-122.1676, 37.1036], [-122.168, 37.1028], [-122.1676, 37.1028], [-122.1676, 37.1036]]], [[[-122.1528, 37.1041], [-122.1528, 37.1033], [-122.1538, 37.1038], [-122.1541, 37.103], [-122.1541, 37.1022], [-122.1538, 37.1025], [-122.1531, 37.1022], [-122.1551, 37.1014], [-122.1533, 37.1001], [-122.1523, 37.1003], [-122.1527, 37.1009], [-122.1513, 37.1009], [-122.1514, 37.1023], [-122.1528, 37.1041]], [[-122.1534, 37.1028], [-122.1531, 37.103], [-122.1531, 37.1028], [-122.1534, 37.1028]], [[-122.1531, 37.1025], [-122.1527, 37.1028], [-122.1527, 37.1025], [-122.1531, 37.1025]], [[-122.152, 37.1017], [-122.1517, 37.102], [-122.1517, 37.1017], [-122.152, 37.1017]]], [[[-122.1604, 37.0989], [-122.1604, 37.098], [-122.1597, 37.0981], [-122.1597, 37.0986], [-122.1604, 37.0989]]], [[[-122.16, 37.0959], [-122.16, 37.0953], [-122.1593, 37.0954], [-122.1593, 37.0956], [-122.16, 37.0959]]], [[[-122.1599, 37.094], [-122.1606, 37.0932], [-122.1606, 37.0918], [-122.1595, 37.0918], [-122.1589, 37.0929], [-122.1589, 37.0937], [-122.1599, 37.094]]], [[[-122.1579, 37.0924], [-122.1582, 37.0913], [-122.1572, 37.0914], [-122.1568, 37.0922], [-122.1579, 37.0924]]], [[[-122.1578, 37.0911], [-122.1585, 37.0902], [-122.1581, 37.0894], [-122.1571, 37.0895], [-122.1578, 37.0911]]]]}, "properties": {"layer": "cell", "cell_id": "97_2000", "seed_zone": "97", "elevation_band": "2000–2500 ft"}}, {"type": "Feature", "geometry": {"type": "MultiPolygon", "coordinates": [[[[-122.1593, 37.1175], [-122.1603, 37.1172], [-122.1592, 37.1172], [-122.1593, 37.1175]]], [[[-122.1594, 37.1124], [-122.1594, 37.111], [-122.1587, 37.1108], [-122.1584, 37.1118], [-122.1594, 37.1124]]]]}, "properties": {"layer": "cell", "cell_id": "97_2500", "seed_zone": "97", "elevation_band": "2500–3000 ft"}}]}
