{"type": "FeatureCollection", "features": [{"type": "Feature", "geometry": {"type": "MultiPolygon", "coordinates": [[[[-121.2586, 35.9807], [-121.2585, 35.9806], [-121.2588, 35.9811], [-121.2586, 35.9807]]], [[[-121.2588, 35.9811], [-121.259, 35.9813], [-121.259, 35.9813], [-121.2588, 35.9811]]], [[[-121.3208, 35.9849], [-121.3217, 35.9794], [-121.3242, 35.9744], [-121.3242, 35.9727], [-121.3258, 35.972], [-121.3289, 35.9729], [-121.3294, 35.9739], [-121.3328, 35.9738], [-121.3356, 35.9761], [-121.3405, 35.9762], [-121.3397, 35.9756], [-121.34, 35.9744], [-121.3433, 35.9736], [-121.3418, 35.9732], [-121.3398, 35.9704], [-121.3367, 35.9693], [-121.3362, 35.9679], [-121.3375, 35.9655], [-121.3398, 35.9649], [-121.3406, 35.9639], [-121.3414, 35.9584], [-121.3451, 35.9567], [-121.3493, 35.9566], [-121.351, 35.9583], [-121.3556, 35.9608], [-121.3604, 35.9617], [-121.3614, 35.9625], [-121.3643, 35.9626], [-121.3798, 35.9686], [-121.3824, 35.9678], [-121.386, 35.9685], [-121.3933, 35.9675], [-121.3967, 35.9679], [-121.3977, 35.9687], [-121.3998, 35.9677], [-121.4023, 35.9679], [-121.4062, 35.9657], [-121.4115, 35.9652], [-121.4152, 35.961], [-121.4178, 35.9608], [-121.4197, 35.9614], [-121.4272, 35.9618], [-121.4336, 35.967], [-121.4376, 35.9687], [-121.4386, 35.9698], [-121.4407, 35.9697], [-121.4415, 35.9716], [-121.4432, 35.972], [-121.4433, 35.971], [-121.444, 35.9717], [-121.4518, 35.9714], [-121.459, 35.9667], [-121.4667, 35.958], [-121.4681, 35.9517], [-121.465, 35.9473], [-121.4656, 35.9461], [-121.465, 35.9433], [-121.4667, 35.9377], [-121.4689, 35.9364], [-121.4698, 35.9369], [-121.4733, 35.9413], [-121.4717, 35.9435], [-121.4741, 35.9437], [-121.4733, 35.9447], [-121.4729, 35.9441], [-121.4715, 35.9444], [-121.4709, 35.9458], [-121.4717, 35.9455], [-121.475, 35.947], [-121.4737, 35.9483], [-121.4775, 35.9474], [-121.4772, 35.9488], [-121.4791, 35.9497], [-121.481, 35.9528], [-121.4816, 35.9572], [-121.4838, 35.9616], [-121.4841, 35.9653], [-121.4834, 35.9675], [-121.4808, 35.97], [-121.4829, 35.9701], [-121.4833, 35.9708], [-121.4847, 35.9704], [-121.4868, 35.9726], [-121.4882, 35.9758], [-121.4881, 35.9772], [-121.4901, 35.9802], [-121.4903, 35.9819], [-121.4889, 35.9809], [-121.4878, 35.9811], [-121.4861, 35.9824], [-121.4836, 35.9829], [-121.4837, 35.984], [-121.4859, 35.9851], [-121.4849, 35.9857], [-121.4855, 35.9862], [-121.4879, 35.9857], [-121.4894, 35.9846], [-121.492, 35.9854], [-121.5002, 35.999], [-121.4977, 36.0009], [-121.5012, 36.0022], [-121.5003, 36.003], [-121.5013, 36.0043], [-121.5022, 36.0036], [-121.5042, 36.0041], [-121.5046, 36.0053], [-121.5017, 36.0055], [-121.5029, 36.006], [-121.5026, 36.0065], [-121.5038, 36.0066], [-121.5025, 36.0074], [-121.504, 36.0073], [-121.5038, 36.0082], [-121.505, 36.009], [-121.5051, 36.008], [-121.5055, 36.0084], [-121.5059, 36.0078], [-121.5073, 36.0077], [-121.5065, 36.0067], [-121.5076, 36.0072], [-121.5081, 36.0063], [-121.508, 36.0074], [-121.5102, 36.009], [-121.5114, 36.0083], [-121.5172, 36.0092], [-121.5188, 36.0103], [-121.519, 36.0122], [-121.5238, 36.0129], [-121.5248, 36.0116], [-121.5305, 36.0162], [-121.5313, 36.0171], [-121.5307, 36.0184], [-121.5338, 36.024], [-121.5331, 36.0248], [-121.5337, 36.0258], [-121.532, 36.0277], [-121.5323, 36.0301], [-121.5312, 36.0313], [-121.5335, 36.0354], [-121.5323, 36.0358], [-121.5352, 36.0379], [-121.5367, 36.0375], [-121.5382, 36.0363], [-121.5381, 36.0337], [-121.5394, 36.0308], [-121.5406, 36.0317], [-121.5426, 36.0306], [-121.5426, 36.03], [-121.5436, 36.0301], [-121.5449, 36.0314], [-121.5458, 36.0302], [-121.5477, 36.0317], [-121.5503, 36.0283], [-121.5505, 36.0294], [-121.5509, 36.0295], [-121.5512, 36.0279], [-121.5533, 36.0281], [-121.5538, 36.0272], [-121.5542, 36.0279], [-121.5555, 36.0277], [-121.5562, 36.0249], [-121.557, 36.0248], [-121.5571, 36.0256], [-121.5585, 36.0259], [-121.5581, 36.0265], [-121.5587, 36.028], [-121.5604, 36.0277], [-121.5593, 36.0272], [-121.5619, 36.0256], [-121.5629, 36.0269], [-121.564, 36.0271], [-121.5635, 36.0291], [-121.5647, 36.0291], [-121.5646, 36.0302], [-121.5655, 36.0302], [-121.5655, 36.0308], [-121.5679, 36.0308], [-121.5675, 36.0323], [-121.5709, 36.0367], [-121.5719, 36.0369], [-121.572, 36.0394], [-121.5703, 36.0414], [-121.5736, 36.0404], [-121.5743, 36.0423], [-121.5768, 36.0429], [-121.5735, 36.0434], [-121.5743, 36.0466], [-121.5802, 36.0482], [-121.5793, 36.046], [-121.5815, 36.0455], [-121.5848, 36.049], [-121.587, 36.0497], [-121.5871, 36.0489], [-121.5884, 36.0507], [-121.587, 36.0518], [-121.586, 36.0548], [-121.5848, 36.0546], [-121.5847, 36.0572], [-121.5866, 36.0568], [-121.5889, 36.0572], [-121.5895, 36.0565], [-121.5909, 36.0605], [-121.5914, 36.0659], [-121.592, 36.0655], [-121.5933, 36.0669], [-121.5941, 36.0669], [-121.5954, 36.0689], [-121.596, 36.0688], [-121.5982, 36.0759], [-121.5998, 36.0734], [-121.6014, 36.0731], [-121.6016, 36.0706], [-121.6047, 36.072], [-121.6065, 36.0741], [-121.6064, 36.0764], [-121.6103, 36.0786], [-121.6138, 36.0841], [-121.6174, 36.0868], [-121.6175, 36.0902], [-121.6186, 36.0929], [-121.6179, 36.0956], [-121.6196, 36.0967], [-121.6178, 36.0983], [-121.6159, 36.0981], [-121.6202, 36.1003], [-121.6231, 36.1065], [-121.6275, 36.1109], [-121.6308, 36.1208], [-121.6368, 36.1248], [-121.6357, 36.126], [-121.6368, 36.1269], [-121.6385, 36.1259], [-121.6426, 36.1287], [-121.6476, 36.1362], [-121.654, 36.143], [-121.6554, 36.1452], [-121.6556, 36.1474], [-121.6567, 36.1485], [-121.6593, 36.1487], [-121.6617, 36.1501], [-121.6624, 36.1498], [-121.6663, 36.154], [-121.6633, 36.1548], [-121.6629, 36.1555], [-121.6641, 36.1566], [-121.6639, 36.1603], [-121.6656, 36.16], [-121.6661, 36.1606], [-121.6652, 36.1623], [-121.6639, 36.1625], [-121.6639, 36.164], [-121.6631, 36.1646], [-121.6639, 36.1653], [-121.6643, 36.1645], [-121.6656, 36.1651], [-121.6663, 36.1634], [-121.6669, 36.165], [-121.6704, 36.1644], [-121.6706, 36.1664], [-121.669, 36.1663], [-121.6684, 36.1669], [-121.6697, 36.1676], [-121.6701, 36.1688], [-121.6694, 36.1691], [-121.6676, 36.1672], [-121.6672, 36.1682], [-121.6696, 36.1696], [-121.6691, 36.17], [-121.6721, 36.1703], [-121.6729, 36.174], [-121.6737, 36.1737], [-121.6742, 36.1748], [-121.6754, 36.1748], [-121.6746, 36.1758], [-121.6755, 36.1793], [-121.6748, 36.181], [-121.6699, 36.184], [-121.6664, 36.1852], [-121.666, 36.1861], [-121.6642, 36.185], [-121.6635, 36.1858], [-121.6625, 36.1829], [-121.6613, 36.1831], [-121.6609, 36.1842], [-121.6582, 36.1847], [-121.6574, 36.187], [-121.6589, 36.1874], [-121.6598, 36.1889], [-121.6591, 36.1909], [-121.6586, 36.1903], [-121.656, 36.1906], [-121.6513, 36.1891], [-121.6498, 36.1858], [-121.6478, 36.1849], [-121.6474, 36.1842], [-121.6485, 36.1819], [-121.6462, 36.1796], [-121.6467, 36.1777], [-121.6484, 36.1766], [-121.6469, 36.1758], [-121.6451, 36.1773], [-121.6453, 36.1789], [-121.6437, 36.1811], [-121.6417, 36.1812], [-121.6407, 36.1803], [-121.6395, 36.1814], [-121.6374, 36.1793], [-121.6347, 36.182], [-121.6334, 36.1783], [-121.6326, 36.1777], [-121.6307, 36.1781], [-121.6292, 36.1762], [-121.6291, 36.1743], [-121.6268, 36.1756], [-121.6254, 36.1725], [-121.6232, 36.1722], [-121.6186, 36.1689], [-121.6197, 36.1678], [-121.6177, 36.1676], [-121.6164, 36.1644], [-121.6144, 36.1627], [-121.6136, 36.161], [-121.6115, 36.1612], [-121.6091, 36.1599], [-121.6055, 36.1543], [-121.6053, 36.1506], [-121.607, 36.1501], [-121.6068, 36.1478], [-121.6054, 36.1472], [-121.6037, 36.1476], [-121.6032, 36.1459], [-121.6018, 36.1459], [-121.6022, 36.1446], [-121.5989, 36.1447], [-121.5961, 36.1466], [-121.5966, 36.1454], [-121.595, 36.1452], [-121.5951, 36.1435], [-121.5942, 36.1435], [-121.5941, 36.1428], [-121.5981, 36.1402], [-121.5982, 36.1374], [-121.5966, 36.1358], [-121.5923, 36.1368], [-121.5929, 36.1354], [-121.5908, 36.1349], [-121.5892, 36.1362], [-121.5901, 36.1367], [-121.5896, 36.1375], [-121.586, 36.1384], [-121.584, 36.1382], [-121.5815, 36.1376], [-121.5753, 36.1315], [-121.5736, 36.131], [-121.5757, 36.133], [-121.5763, 36.1342], [-121.5758, 36.1354], [-121.5779, 36.1362], [-121.5764, 36.138], [-121.5744, 36.1382], [-121.5738, 36.1407], [-121.5761, 36.1421], [-121.5766, 36.1399], [-121.5774, 36.1405], [-121.577, 36.1415], [-121.5779, 36.1419], [-121.5777, 36.1428], [-121.58, 36.1436], [-121.5793, 36.1442], [-121.581, 36.1444], [-121.5778, 36.1471], [-121.5787, 36.1488], [-121.5744, 36.1503], [-121.5757, 36.1476], [-121.5751, 36.1456], [-121.5725, 36.1459], [-121.5721, 36.1423], [-121.5691, 36.1412], [-121.5666, 36.1421], [-121.5662, 36.1441], [-121.5673, 36.1449], [-121.5655, 36.1466], [-121.5673, 36.1473], [-121.5658, 36.1484], [-121.5667, 36.1494], [-121.5606, 36.1504], [-121.5589, 36.1495], [-121.5584, 36.15], [-121.5595, 36.1542], [-121.5613, 36.1555], [-121.5614, 36.1568], [-121.5609, 36.1575], [-121.5598, 36.1575], [-121.5595, 36.1626], [-121.5607, 36.1627], [-121.5581, 36.1653], [-121.555, 36.1665], [-121.5542, 36.1679], [-121.5519, 36.168], [-121.5509, 36.1674], [-121.5509, 36.1686], [-121.5491, 36.1699], [-121.5475, 36.1686], [-121.547, 36.1699], [-121.5462, 36.1699], [-121.5452, 36.1687], [-121.5397, 36.1668], [-121.5396, 36.1679], [-121.5385, 36.1683], [-121.5383, 36.1703], [-121.5362, 36.17], [-121.5338, 36.1719], [-121.5314, 36.1691], [-121.5294, 36.1698], [-121.5254, 36.1694], [-121.5207, 36.1708], [-121.5192, 36.1705], [-121.5182, 36.1689], [-121.5171, 36.1692], [-121.516, 36.1683], [-121.516, 36.1707], [-121.5115, 36.1742], [-121.5098, 36.1792], [-121.5109, 36.1807], [-121.5128, 36.18], [-121.5162, 36.1811], [-121.5171, 36.1822], [-121.5144, 36.1838], [-121.514, 36.1829], [-121.5146, 36.1826], [-121.5136, 36.1817], [-121.5135, 36.1827], [-121.512, 36.1829], [-121.5119, 36.182], [-121.511, 36.1833], [-121.5097, 36.183], [-121.5099, 36.1836], [-121.5091, 36.1837], [-121.5099, 36.1847], [-121.509, 36.1852], [-121.5097, 36.1859], [-121.5087, 36.1863], [-121.5098, 36.1869], [-121.5099, 36.1889], [-121.5073, 36.1913], [-121.5051, 36.1913], [-121.5016, 36.1932], [-121.5007, 36.1929], [-121.4961, 36.1941], [-121.494, 36.1932], [-121.494, 36.1943], [-121.4929, 36.1944], [-121.493, 36.1969], [-121.4909, 36.1971], [-121.4908, 36.1979], [-121.4931, 36.1976], [-121.4937, 36.1988], [-121.4924, 36.1992], [-121.4909, 36.1988], [-121.4904, 36.2027], [-121.4876, 36.2024], [-121.4869, 36.2039], [-121.4884, 36.2042], [-121.4881, 36.205], [-121.4888, 36.2052], [-121.4879, 36.206], [-121.4904, 36.2053], [-121.4905, 36.2084], [-121.4917, 36.2091], [-121.4915, 36.2094], [-121.4886, 36.2084], [-121.4901, 36.2076], [-121.4896, 36.2062], [-121.4881, 36.2065], [-121.489, 36.2068], [-121.4881, 36.2073], [-121.4872, 36.2069], [-121.4864, 36.2075], [-121.4861, 36.2066], [-121.4876, 36.2063], [-121.4861, 36.2062], [-121.4859, 36.2053], [-121.485, 36.2052], [-121.4828, 36.2069], [-121.4793, 36.2012], [-121.4776, 36.2012], [-121.477, 36.2026], [-121.4768, 36.2018], [-121.4754, 36.2022], [-121.4755, 36.2005], [-121.4745, 36.2008], [-121.4747, 36.2021], [-121.4741, 36.2024], [-121.4748, 36.2033], [-121.472, 36.2041], [-121.4704, 36.2037], [-121.469, 36.2048], [-121.4695, 36.2023], [-121.4704, 36.2022], [-121.471, 36.2031], [-121.4721, 36.2008], [-121.4782, 36.1994], [-121.4758, 36.1975], [-121.4749, 36.1973], [-121.4741, 36.1983], [-121.4724, 36.1982], [-121.472, 36.197], [-121.4711, 36.1961], [-121.4708, 36.1967], [-121.4701, 36.1953], [-121.4679, 36.1949], [-121.4664, 36.1922], [-121.4631, 36.1905], [-121.4623, 36.1903], [-121.4614, 36.1912], [-121.4609, 36.1908], [-121.4617, 36.1902], [-121.4596, 36.1871], [-121.4588, 36.1877], [-121.4581, 36.1874], [-121.4584, 36.1857], [-121.4572, 36.1871], [-121.457, 36.1861], [-121.4582, 36.1854], [-121.4578, 36.1828], [-121.4564, 36.181], [-121.4555, 36.1809], [-121.4552, 36.1792], [-121.4542, 36.1788], [-121.4546, 36.1782], [-121.4528, 36.179], [-121.452, 36.1784], [-121.453, 36.177], [-121.4536, 36.1776], [-121.4537, 36.1768], [-121.4519, 36.176], [-121.4519, 36.1746], [-121.4508, 36.1747], [-121.4499, 36.1735], [-121.4522, 36.1733], [-121.4524, 36.174], [-121.453, 36.1729], [-121.4538, 36.1737], [-121.4549, 36.1731], [-121.4536, 36.1712], [-121.4536, 36.1702], [-121.4548, 36.1693], [-121.459, 36.1672], [-121.4597, 36.166], [-121.4654, 36.164], [-121.4656, 36.1632], [-121.4677, 36.1628], [-121.4676, 36.1648], [-121.4706, 36.1645], [-121.4698, 36.1665], [-121.4701, 36.1681], [-121.4718, 36.1708], [-121.4721, 36.1742], [-121.4728, 36.1744], [-121.4733, 36.1763], [-121.4758, 36.1787], [-121.4756, 36.1797], [-121.4779, 36.1793], [-121.4772, 36.177], [-121.476, 36.1763], [-121.4746, 36.1737], [-121.4757, 36.1725], [-121.475, 36.1716], [-121.4765, 36.1711], [-121.4725, 36.1675], [-121.4724, 36.1652], [-121.4745, 36.1642], [-121.474, 36.1625], [-121.4726, 36.1607], [-121.4712, 36.1604], [-121.4738, 36.1592], [-121.4767, 36.1567], [-121.4781, 36.1564], [-121.476, 36.1552], [-121.4736, 36.151], [-121.4753, 36.15], [-121.4754, 36.1489], [-121.4712, 36.1483], [-121.4693, 36.1464], [-121.4598, 36.1455], [-121.46, 36.1471], [-121.4587, 36.1484], [-121.4542, 36.1491], [-121.4537, 36.15], [-121.4525, 36.1503], [-121.4519, 36.1487], [-121.4508, 36.1496], [-121.4429, 36.152], [-121.4416, 36.1514], [-121.4392, 36.1529], [-121.4364, 36.1517], [-121.4357, 36.1481], [-121.431, 36.1461], [-121.4267, 36.1489], [-121.4275, 36.1493], [-121.4258, 36.1516], [-121.4244, 36.152], [-121.4225, 36.1513], [-121.4201, 36.1515], [-121.4186, 36.1536], [-121.419, 36.1544], [-121.4179, 36.1554], [-121.4168, 36.1546], [-121.4141, 36.1547], [-121.4131, 36.154], [-121.4139, 36.1534], [-121.4133, 36.1522], [-121.4151, 36.1505], [-121.4158, 36.1514], [-121.4157, 36.1535], [-121.4166, 36.1537], [-121.4163, 36.153], [-121.417, 36.1519], [-121.4168, 36.1491], [-121.4177, 36.1471], [-121.4157, 36.1465], [-121.4155, 36.1455], [-121.4171, 36.1434], [-121.4154, 36.1397], [-121.408, 36.1381], [-121.4068, 36.1388], [-121.4066, 36.1404], [-121.4054, 36.1413], [-121.403, 36.139], [-121.4036, 36.1385], [-121.4017, 36.1382], [-121.4012, 36.1376], [-121.402, 36.1375], [-121.4017, 36.137], [-121.3991, 36.1359], [-121.3996, 36.1386], [-121.4016, 36.1391], [-121.4023, 36.1412], [-121.4015, 36.1424], [-121.3994, 36.1409], [-121.3992, 36.1415], [-121.3974, 36.1413], [-121.3968, 36.1402], [-121.3984, 36.1368], [-121.397, 36.1371], [-121.396, 36.1353], [-121.3945, 36.1382], [-121.3953, 36.1337], [-121.3943, 36.1324], [-121.3925, 36.1329], [-121.3905, 36.1357], [-121.3856, 36.1314], [-121.3855, 36.1283], [-121.3843, 36.1299], [-121.3822, 36.13], [-121.3789, 36.1285], [-121.3776, 36.1261], [-121.379, 36.1248], [-121.3789, 36.1234], [-121.3763, 36.1219], [-121.3753, 36.1199], [-121.3724, 36.1183], [-121.3704, 36.1156], [-121.3704, 36.1149], [-121.3733, 36.114], [-121.3741, 36.1107], [-121.3726, 36.1095], [-121.3698, 36.109], [-121.3653, 36.1057], [-121.3616, 36.1013], [-121.3555, 36.0978], [-121.3542, 36.0952], [-121.3507, 36.0948], [-121.3515, 36.0991], [-121.3467, 36.098], [-121.3399, 36.0938], [-121.3388, 36.089], [-121.3398, 36.0845], [-121.3425, 36.0816], [-121.3421, 36.0805], [-121.345, 36.076], [-121.3475, 36.0745], [-121.3428, 36.0736], [-121.3379, 36.0719], [-121.3341, 36.0693], [-121.3297, 36.068], [-121.3234, 36.0692], [-121.3234, 36.0707], [-121.321, 36.0718], [-121.3178, 36.071], [-121.3143, 36.0672], [-121.3125, 36.0665], [-121.308, 36.0597], [-121.3047, 36.0531], [-121.2962, 36.0416], [-121.2908, 36.0286], [-121.288, 36.0254], [-121.2872, 36.0264], [-121.2832, 36.0276], [-121.2811, 36.0264], [-121.2811, 36.0258], [-121.2836, 36.0249], [-121.2862, 36.022], [-121.2793, 36.012], [-121.2748, 36.0076], [-121.2723, 36.0061], [-121.2568, 36.0021], [-121.2555, 35.9996], [-121.2593, 35.9971], [-121.2616, 35.9932], [-121.2591, 35.9845], [-121.2598, 35.9837], [-121.259, 35.9813], [-121.2634, 35.9846], [-121.2723, 35.9865], [-121.2775, 35.9859], [-121.2801, 35.9865], [-121.2832, 35.9857], [-121.2882, 35.986], [-121.2908, 35.9852], [-121.2917, 35.9829], [-121.303, 35.9903], [-121.3084, 35.9922], [-121.3089, 35.9933], [-121.3179, 35.9983], [-121.326, 35.994], [-121.3267, 35.9892], [-121.3208, 35.9849]], [[-121.2704, 35.9865], [-121.2713, 35.9866], [-121.2723, 35.9865], [-121.2704, 35.9865]]]]}, "properties": {"layer": "perimeter"}}, {"type": "Feature", "geometry": {"type": "MultiPolygon", "coordinates": [[[[-121.4721, 35.9422], [-121.472, 35.9445], [-121.4709, 35.9458], [-121.4717, 35.9455], [-121.475, 35.947], [-121.4737, 35.9483], [-121.4763, 35.9478], [-121.4762, 35.9494], [-121.4675, 35.9494], [-121.4677, 35.9422], [-121.4721, 35.9422]]], [[[-121.4866, 35.9821], [-121.4836, 35.9829], [-121.4837, 35.984], [-121.4859, 35.9851], [-121.4853, 35.9858], [-121.4757, 35.9857], [-121.4757, 35.9821], [-121.4866, 35.9821]]], [[[-121.489, 35.9858], [-121.4879, 35.9857], [-121.489, 35.9848], [-121.489, 35.9858]]], [[[-121.5154, 36.0087], [-121.5188, 36.0103], [-121.5186, 36.0119], [-121.5196, 36.0124], [-121.5238, 36.0129], [-121.5248, 36.0116], [-121.5313, 36.0171], [-121.5307, 36.0184], [-121.5338, 36.024], [-121.5331, 36.0248], [-121.5337, 36.0258], [-121.532, 36.0277], [-121.5323, 36.0301], [-121.5312, 36.0313], [-121.5335, 36.0354], [-121.5323, 36.0358], [-121.5352, 36.0379], [-121.5367, 36.0375], [-121.5382, 36.0363], [-121.5381, 36.0337], [-121.5394, 36.0308], [-121.5406, 36.0317], [-121.5426, 36.0306], [-121.5426, 36.03], [-121.5436, 36.0301], [-121.5449, 36.0314], [-121.5458, 36.0302], [-121.5477, 36.0317], [-121.5503, 36.0283], [-121.5505, 36.0294], [-121.5509, 36.0295], [-121.5512, 36.0279], [-121.5533, 36.0281], [-121.5538, 36.0272], [-121.5542, 36.0279], [-121.5555, 36.0277], [-121.5562, 36.0249], [-121.557, 36.0248], [-121.5571, 36.0256], [-121.5585, 36.0259], [-121.5581, 36.0265], [-121.5587, 36.028], [-121.5604, 36.0277], [-121.5593, 36.0272], [-121.5619, 36.0256], [-121.5629, 36.0269], [-121.564, 36.0271], [-121.5635, 36.0291], [-121.5647, 36.0291], [-121.5646, 36.0302], [-121.5655, 36.0302], [-121.5655, 36.0308], [-121.5679, 36.0308], [-121.5675, 36.0323], [-121.5709, 36.0367], [-121.5719, 36.0369], [-121.572, 36.0394], [-121.5703, 36.0414], [-121.5736, 36.0404], [-121.5743, 36.0423], [-121.5768, 36.0429], [-121.5735, 36.0434], [-121.5743, 36.0466], [-121.5802, 36.0482], [-121.5793, 36.046], [-121.5815, 36.0455], [-121.5848, 36.049], [-121.587, 36.0497], [-121.5871, 36.0489], [-121.5884, 36.0503], [-121.587, 36.0518], [-121.586, 36.0548], [-121.5848, 36.0546], [-121.5847, 36.0572], [-121.5866, 36.0568], [-121.5889, 36.0572], [-121.5895, 36.0565], [-121.5909, 36.0605], [-121.5914, 36.0659], [-121.592, 36.0655], [-121.5933, 36.0669], [-121.5941, 36.0669], [-121.5954, 36.0689], [-121.596, 36.0688], [-121.5982, 36.0759], [-121.5998, 36.0734], [-121.6014, 36.0731], [-121.6016, 36.0706], [-121.6047, 36.072], [-121.6065, 36.0741], [-121.6064, 36.0764], [-121.6103, 36.0786], [-121.6138, 36.0841], [-121.6174, 36.0868], [-121.6175, 36.0902], [-121.6186, 36.0929], [-121.6179, 36.0956], [-121.6196, 36.0967], [-121.6178, 36.0983], [-121.6159, 36.0981], [-121.6202, 36.1003], [-121.6231, 36.1065], [-121.6275, 36.1109], [-121.6308, 36.1208], [-121.6368, 36.1248], [-121.6357, 36.126], [-121.6368, 36.1269], [-121.6385, 36.1259], [-121.6426, 36.1287], [-121.6476, 36.1362], [-121.654, 36.143], [-121.6554, 36.1452], [-121.6556, 36.1474], [-121.6567, 36.1485], [-121.6593, 36.1487], [-121.6617, 36.1501], [-121.6624, 36.1498], [-121.6663, 36.154], [-121.6633, 36.1548], [-121.6629, 36.1555], [-121.6641, 36.1566], [-121.6639, 36.1603], [-121.6656, 36.16], [-121.6661, 36.1606], [-121.6652, 36.1623], [-121.6639, 36.1625], [-121.6639, 36.164], [-121.6631, 36.1646], [-121.6639, 36.1653], [-121.6643, 36.1645], [-121.6656, 36.1651], [-121.6663, 36.1634], [-121.6669, 36.165], [-121.6704, 36.1644], [-121.6706, 36.1664], [-121.669, 36.1663], [-121.6684, 36.1669], [-121.6697, 36.1676], [-121.6701, 36.1688], [-121.6694, 36.1691], [-121.6676, 36.1672], [-121.6672, 36.1684], [-121.6696, 36.1696], [-121.6691, 36.17], [-121.6721, 36.1703], [-121.6729, 36.174], [-121.6737, 36.1737], [-121.6742, 36.1748], [-121.6748, 36.1744], [-121.6755, 36.175], [-121.6746, 36.1758], [-121.6754, 36.18], [-121.6714, 36.1833], [-121.6688, 36.1842], [-121.6688, 36.1741], [-121.6644, 36.174], [-121.6643, 36.1813], [-121.6555, 36.1811], [-121.6556, 36.1775], [-121.66, 36.1776], [-121.6601, 36.1703], [-121.6513, 36.17], [-121.6508, 36.1522], [-121.6418, 36.1521], [-121.6419, 36.1484], [-121.6464, 36.1485], [-121.6464, 36.1411], [-121.631, 36.1409], [-121.6311, 36.1262], [-121.6138, 36.1262], [-121.6137, 36.1111], [-121.5954, 36.1111], [-121.5956, 36.0966], [-121.5776, 36.0969], [-121.5785, 36.0751], [-121.5602, 36.0749], [-121.5604, 36.0675], [-121.5427, 36.0676], [-121.5431, 36.0605], [-121.5342, 36.0608], [-121.5345, 36.0537], [-121.5255, 36.054], [-121.5255, 36.0395], [-121.5207, 36.0396], [-121.5207, 36.0253], [-121.5255, 36.0253], [-121.5255, 36.0216], [-121.5135, 36.0218], [-121.5136, 36.0088], [-121.5154, 36.0087]]], [[[-121.6291, 36.1757], [-121.6288, 36.1724], [-121.6311, 36.1724], [-121.631, 36.1701], [-121.6377, 36.1701], [-121.6377, 36.1738], [-121.6344, 36.1738], [-121.6343, 36.1775], [-121.631, 36.1775], [-121.631, 36.1757], [-121.6291, 36.1757]]], [[[-121.4713, 35.9748], [-121.4713, 35.9712], [-121.4758, 35.9712], [-121.4757, 35.9785], [-121.4623, 35.9785], [-121.4623, 35.9748], [-121.4713, 35.9748]]], [[[-121.4578, 35.9821], [-121.4575, 35.9912], [-121.4531, 35.9912], [-121.4531, 35.9893], [-121.4487, 35.9893], [-121.4488, 35.9857], [-121.4444, 35.9857], [-121.4446, 35.9821], [-121.4578, 35.9821]]], [[[-121.5339, 36.0678], [-121.5427, 36.0676], [-121.5425, 36.075], [-121.5336, 36.0752], [-121.5339, 36.0678]]], [[[-121.6418, 36.1557], [-121.6419, 36.1594], [-121.6329, 36.1592], [-121.633, 36.1629], [-121.6244, 36.1629], [-121.6242, 36.1555], [-121.6418, 36.1557]]], [[[-121.4402, 35.9784], [-121.4446, 35.9784], [-121.4446, 35.9821], [-121.4402, 35.9821], [-121.4402, 35.9784]]], [[[-121.4399, 36.065], [-121.4443, 36.065], [-121.4446, 36.0758], [-121.4358, 36.0759], [-121.4354, 36.065], [-121.4309, 36.0651], [-121.4308, 36.0615], [-121.4397, 36.0615], [-121.4399, 36.065]]], [[[-121.4234, 36.1117], [-121.419, 36.1118], [-121.4189, 36.1082], [-121.4233, 36.1082], [-121.4234, 36.1117]]]]}, "properties": {"layer": "retained"}}, {"type": "Feature", "geometry": {"type": "MultiPolygon", "coordinates": [[[[-121.6719, 36.1824], [-121.6723, 36.1821], [-121.6719, 36.1821], [-121.6719, 36.1824]]], [[[-121.6706, 36.1821], [-121.6706, 36.1816], [-121.6726, 36.1813], [-121.6719, 36.1794], [-121.6699, 36.1797], [-121.6696, 36.1821], [-121.6706, 36.1821]], [[-121.6709, 36.181], [-121.6706, 36.1813], [-121.6706, 36.181], [-121.6709, 36.181]], [[-121.6712, 36.1805], [-121.6705, 36.1802], [-121.6709, 36.1797], [-121.6712, 36.1797], [-121.6712, 36.1805]]], [[[-121.6702, 36.1794], [-121.6705, 36.1791], [-121.6702, 36.1791], [-121.6702, 36.1794]]], [[[-121.6715, 36.1791], [-121.6719, 36.1788], [-121.6715, 36.1788], [-121.6715, 36.1791]]], [[[-121.6735, 36.1799], [-121.6745, 36.1785], [-121.6728, 36.1783], [-121.6728, 36.1775], [-121.6722, 36.178], [-121.6708, 36.1778], [-121.6708, 36.1783], [-121.6712, 36.1783], [-121.6712, 36.1786], [-121.6718, 36.1786], [-121.6722, 36.1788], [-121.6719, 36.1794], [-121.6735, 36.1799]], [[-121.6722, 36.1783], [-121.6718, 36.1786], [-121.6718, 36.1783], [-121.6722, 36.1783]]], [[[-121.6721, 36.1761], [-121.6725, 36.1756], [-121.6721, 36.1756], [-121.6721, 36.1761]]], [[[-121.6728, 36.1759], [-121.6731, 36.1756], [-121.6728, 36.1756], [-121.6728, 36.1759]]], [[[-121.6715, 36.1759], [-121.6711, 36.1753], [-121.6701, 36.1756], [-121.6701, 36.1759], [-121.6715, 36.1759]]], [[[-121.6728, 36.1751], [-121.6731, 36.1745], [-121.6728, 36.1745], [-121.6728, 36.1751]]], [[[-121.6731, 36.1745], [-121.6734, 36.1742], [-121.6731, 36.1742], [-121.6731, 36.1745]]], [[[-121.6671, 36.1741], [-121.6674, 36.1738], [-121.6671, 36.1738], [-121.6671, 36.1741]]], [[[-121.671, 36.1718], [-121.6714, 36.1716], [-121.671, 36.1716], [-121.671, 36.1718]]], [[[-121.6693, 36.171], [-121.6697, 36.1708], [-121.6693, 36.1708], [-121.6693, 36.171]]], [[[-121.6697, 36.1705], [-121.67, 36.1702], [-121.6697, 36.1702], [-121.6697, 36.1705]]], [[[-121.6579, 36.1653], [-121.6585, 36.1653], [-121.6589, 36.165], [-121.6579, 36.1653]]], [[[-121.6592, 36.1634], [-121.6598, 36.1628], [-121.6578, 36.1623], [-121.6578, 36.1626], [-121.6592, 36.1634]]], [[[-121.6254, 36.1622], [-121.6257, 36.1619], [-121.6254, 36.1619], [-121.6254, 36.1622]]], [[[-121.6601, 36.1612], [-121.6601, 36.1606], [-121.6591, 36.1607], [-121.6591, 36.1609], [-121.6601, 36.1612]]], [[[-121.6618, 36.1604], [-121.6621, 36.1601], [-121.6618, 36.1601], [-121.6618, 36.1604]]], [[[-121.6264, 36.16], [-121.627, 36.1598], [-121.6264, 36.1598], [-121.6264, 36.16]]], [[[-121.625, 36.1601], [-121.6257, 36.1598], [-121.625, 36.1598], [-121.625, 36.1601]]], [[[-121.6287, 36.1597], [-121.629, 36.1595], [-121.6287, 36.1595], [-121.6287, 36.1597]]], [[[-121.6397, 36.1588], [-121.64, 36.1585], [-121.6397, 36.1585], [-121.6397, 36.1588]]], [[[-121.639, 36.1577], [-121.6393, 36.1574], [-121.639, 36.1574], [-121.639, 36.1577]]], [[[-121.6273, 36.1576], [-121.6276, 36.1573], [-121.6273, 36.1573], [-121.6273, 36.1576]]], [[[-121.6263, 36.1576], [-121.6266, 36.1573], [-121.6263, 36.1573], [-121.6263, 36.1576]]], [[[-121.6307, 36.1576], [-121.631, 36.157], [-121.6306, 36.157], [-121.6307, 36.1576]]], [[[-121.6287, 36.1578], [-121.6296, 36.157], [-121.6283, 36.1573], [-121.6283, 36.1568], [-121.6276, 36.1568], [-121.6287, 36.1578]]], [[[-121.6266, 36.1571], [-121.627, 36.1568], [-121.6266, 36.1568], [-121.6266, 36.1571]]], [[[-121.6253, 36.1571], [-121.6256, 36.1568], [-121.6253, 36.1568], [-121.6253, 36.1571]]], [[[-121.6343, 36.1578], [-121.635, 36.1567], [-121.6326, 36.1564], [-121.6326, 36.1567], [-121.6343, 36.1578]]], [[[-121.6376, 36.1564], [-121.638, 36.1566], [-121.6383, 36.1564], [-121.6376, 36.1564]]], [[[-121.6263, 36.1568], [-121.6266, 36.1565], [-121.6263, 36.1565], [-121.6263, 36.1568]]], [[[-121.6373, 36.1564], [-121.6376, 36.1561], [-121.6373, 36.1561], [-121.6373, 36.1564]]], [[[-121.629, 36.1565], [-121.6293, 36.1562], [-121.629, 36.1562], [-121.629, 36.1565]]], [[[-121.6373, 36.1561], [-121.6373, 36.1556], [-121.636, 36.1559], [-121.636, 36.1561], [-121.6373, 36.1561]]], [[[-121.633, 36.1562], [-121.6336, 36.1559], [-121.6329, 36.1556], [-121.633, 36.1562]]], [[[-121.653, 36.1556], [-121.6533, 36.1553], [-121.653, 36.1553], [-121.653, 36.1556]]], [[[-121.6276, 36.156], [-121.6286, 36.1557], [-121.6276, 36.1557], [-121.6276, 36.156]]], [[[-121.6249, 36.156], [-121.6253, 36.1557], [-121.6249, 36.1557], [-121.6249, 36.156]]], [[[-121.652, 36.1551], [-121.6523, 36.1548], [-121.652, 36.1548], [-121.652, 36.1551]]], [[[-121.6576, 36.1531], [-121.6579, 36.1526], [-121.6576, 36.1526], [-121.6576, 36.1531]]], [[[-121.6512, 36.1524], [-121.6519, 36.1521], [-121.6512, 36.1519], [-121.6512, 36.1524]]], [[[-121.6423, 36.1406], [-121.6426, 36.1404], [-121.6423, 36.1404], [-121.6423, 36.1406]]], [[[-121.6343, 36.1408], [-121.6346, 36.1402], [-121.6343, 36.1402], [-121.6343, 36.1408]]], [[[-121.6416, 36.1404], [-121.6423, 36.1401], [-121.6416, 36.1401], [-121.6416, 36.1404]]], [[[-121.6406, 36.1404], [-121.641, 36.1399], [-121.6406, 36.1399], [-121.6406, 36.1404]]], [[[-121.641, 36.1396], [-121.6413, 36.1393], [-121.6409, 36.1393], [-121.641, 36.1396]]], [[[-121.6386, 36.1393], [-121.6389, 36.1391], [-121.6386, 36.1391], [-121.6386, 36.1393]]], [[[-121.6369, 36.1388], [-121.6376, 36.1386], [-121.6369, 36.1386], [-121.6369, 36.1388]]], [[[-121.6363, 36.1388], [-121.6359, 36.1383], [-121.6349, 36.1386], [-121.6349, 36.1389], [-121.6363, 36.1388]]], [[[-121.6386, 36.1391], [-121.6386, 36.1385], [-121.6393, 36.1383], [-121.6376, 36.1388], [-121.6386, 36.1391]]], [[[-121.6346, 36.1386], [-121.6349, 36.1383], [-121.6346, 36.1383], [-121.6346, 36.1386]]], [[[-121.6393, 36.1383], [-121.6396, 36.138], [-121.6392, 36.138], [-121.6393, 36.1383]]], [[[-121.6349, 36.1383], [-121.6352, 36.138], [-121.6349, 36.1381], [-121.6349, 36.1383]]], [[[-121.6426, 36.1377], [-121.6429, 36.1374], [-121.6426, 36.1374], [-121.6426, 36.1377]]], [[[-121.6429, 36.1374], [-121.6432, 36.1371], [-121.6429, 36.1371], [-121.6429, 36.1374]]], [[[-121.6412, 36.1377], [-121.6422, 36.1374], [-121.6409, 36.1369], [-121.6412, 36.1377]]], [[[-121.6422, 36.1374], [-121.6426, 36.1366], [-121.6422, 36.1366], [-121.6422, 36.1374]]], [[[-121.6392, 36.1369], [-121.6399, 36.1366], [-121.6392, 36.1366], [-121.6392, 36.1369]]], [[[-121.6449, 36.1366], [-121.6452, 36.1363], [-121.6449, 36.1363], [-121.6449, 36.1366]]], [[[-121.6426, 36.1363], [-121.6422, 36.1358], [-121.6415, 36.1361], [-121.6416, 36.1363], [-121.6426, 36.1363]]], [[[-121.6358, 36.1305], [-121.6361, 36.1302], [-121.6357, 36.1302], [-121.6358, 36.1305]]], [[[-121.6364, 36.1305], [-121.6367, 36.1294], [-121.6364, 36.1294], [-121.6364, 36.1305]]], [[[-121.6384, 36.1299], [-121.6384, 36.1294], [-121.6374, 36.1288], [-121.6371, 36.1296], [-121.6384, 36.1299]]], [[[-121.637, 36.1286], [-121.6374, 36.1283], [-121.637, 36.1283], [-121.637, 36.1286]]], [[[-121.634, 36.1256], [-121.6347, 36.1262], [-121.6346, 36.1256], [-121.634, 36.1256]]], [[[-121.6136, 36.1262], [-121.614, 36.1259], [-121.6136, 36.1259], [-121.6136, 36.1262]]], [[[-121.632, 36.1251], [-121.6326, 36.1251], [-121.633, 36.1248], [-121.632, 36.1251]]], [[[-121.6286, 36.1222], [-121.6289, 36.1219], [-121.6286, 36.1219], [-121.6286, 36.1222]]], [[[-121.6275, 36.1206], [-121.6275, 36.1201], [-121.6269, 36.1201], [-121.6269, 36.1203], [-121.6275, 36.1206]]], [[[-121.6249, 36.1204], [-121.6252, 36.1201], [-121.6248, 36.1201], [-121.6249, 36.1204]]], [[[-121.6275, 36.1201], [-121.6278, 36.1198], [-121.6275, 36.1198], [-121.6275, 36.1201]]], [[[-121.6262, 36.1195], [-121.6265, 36.1198], [-121.6268, 36.1195], [-121.6262, 36.1195]]], [[[-121.6255, 36.1198], [-121.6258, 36.1195], [-121.6255, 36.1195], [-121.6255, 36.1198]]], [[[-121.6225, 36.1196], [-121.6232, 36.119], [-121.6208, 36.1188], [-121.6212, 36.1193], [-121.6225, 36.1196]]], [[[-121.6188, 36.1191], [-121.6191, 36.1188], [-121.6188, 36.1188], [-121.6188, 36.1191]]], [[[-121.6152, 36.1192], [-121.6155, 36.1189], [-121.6151, 36.1189], [-121.6152, 36.1192]]], [[[-121.6268, 36.1187], [-121.6272, 36.1184], [-121.6268, 36.1185], [-121.6268, 36.1187]]], [[[-121.6248, 36.119], [-121.6258, 36.1185], [-121.6248, 36.1185], [-121.6248, 36.119]]], [[[-121.6205, 36.1188], [-121.6208, 36.1185], [-121.6205, 36.1185], [-121.6205, 36.1188]]], [[[-121.6275, 36.1184], [-121.6278, 36.1182], [-121.6275, 36.1182], [-121.6275, 36.1184]]], [[[-121.6245, 36.1185], [-121.6248, 36.1182], [-121.6245, 36.1182], [-121.6245, 36.1185]]], [[[-121.6191, 36.1188], [-121.6198, 36.1183], [-121.6191, 36.118], [-121.6191, 36.1188]]], [[[-121.6161, 36.1186], [-121.6171, 36.1183], [-121.6161, 36.1181], [-121.6161, 36.1186]]], [[[-121.6181, 36.1183], [-121.6185, 36.118], [-121.6181, 36.118], [-121.6181, 36.1183]]], [[[-121.6275, 36.1179], [-121.6278, 36.1176], [-121.6275, 36.1176], [-121.6275, 36.1179]]], [[[-121.6175, 36.118], [-121.6178, 36.1178], [-121.6175, 36.1178], [-121.6175, 36.118]]], [[[-121.6165, 36.1181], [-121.6168, 36.1178], [-121.6165, 36.1178], [-121.6165, 36.1181]]], [[[-121.6178, 36.1178], [-121.6181, 36.1175], [-121.6178, 36.1175], [-121.6178, 36.1178]]], [[[-121.6248, 36.116], [-121.6251, 36.1158], [-121.6248, 36.1158], [-121.6248, 36.116]]], [[[-121.6257, 36.1152], [-121.6264, 36.1149], [-121.6257, 36.115], [-121.6257, 36.1152]]], [[[-121.6257, 36.1147], [-121.6261, 36.1144], [-121.6257, 36.1144], [-121.6257, 36.1147]]], [[[-121.6194, 36.1134], [-121.6197, 36.1131], [-121.6194, 36.1132], [-121.6194, 36.1134]]], [[[-121.6187, 36.1134], [-121.619, 36.1129], [-121.6187, 36.1129], [-121.6187, 36.1134]]], [[[-121.6197, 36.1131], [-121.6204, 36.1129], [-121.6197, 36.1129], [-121.6197, 36.1131]]], [[[-121.6204, 36.1126], [-121.6207, 36.1123], [-121.6203, 36.1123], [-121.6204, 36.1126]]], [[[-121.618, 36.1118], [-121.6183, 36.1115], [-121.618, 36.1116], [-121.618, 36.1118]]], [[[-121.62, 36.1107], [-121.6203, 36.1104], [-121.62, 36.1104], [-121.62, 36.1107]]], [[[-121.6193, 36.1107], [-121.6196, 36.1105], [-121.6193, 36.1105], [-121.6193, 36.1107]]], [[[-121.603, 36.1112], [-121.6033, 36.1107], [-121.6026, 36.1104], [-121.6013, 36.1107], [-121.603, 36.1112]]], [[[-121.609, 36.1106], [-121.6093, 36.1103], [-121.609, 36.1103], [-121.609, 36.1106]]], [[[-121.6103, 36.1103], [-121.6106, 36.1098], [-121.6103, 36.1098], [-121.6103, 36.1103]]], [[[-121.6056, 36.1106], [-121.6063, 36.1096], [-121.6056, 36.1101], [-121.6033, 36.1101], [-121.6033, 36.1107], [-121.6056, 36.1106]]], [[[-121.6009, 36.1094], [-121.6013, 36.1091], [-121.6009, 36.1091], [-121.6009, 36.1094]]], [[[-121.6186, 36.1107], [-121.6193, 36.1102], [-121.62, 36.1104], [-121.6206, 36.1094], [-121.622, 36.1096], [-121.6219, 36.1088], [-121.62, 36.1094], [-121.6203, 36.1086], [-121.6196, 36.1086], [-121.6179, 36.1094], [-121.6193, 36.1096], [-121.6183, 36.1099], [-121.6186, 36.1107]]], [[[-121.617, 36.1097], [-121.6179, 36.1094], [-121.6176, 36.1083], [-121.6163, 36.1091], [-121.617, 36.1097]]], [[[-121.6016, 36.1088], [-121.6019, 36.1085], [-121.6016, 36.1085], [-121.6016, 36.1088]]], [[[-121.61, 36.1103], [-121.6096, 36.1092], [-121.6083, 36.109], [-121.6079, 36.1095], [-121.6063, 36.109], [-121.6059, 36.1082], [-121.6052, 36.1085], [-121.6056, 36.1093], [-121.6063, 36.1093], [-121.6076, 36.1101], [-121.6089, 36.1095], [-121.61, 36.1103]]], [[[-121.6046, 36.109], [-121.6046, 36.1085], [-121.6043, 36.1088], [-121.6022, 36.1085], [-121.6026, 36.1091], [-121.6046, 36.109]]], [[[-121.6039, 36.1085], [-121.6042, 36.1082], [-121.6039, 36.1082], [-121.6039, 36.1085]]], [[[-121.6032, 36.1082], [-121.6036, 36.108], [-121.6032, 36.108], [-121.6032, 36.1082]]], [[[-121.6139, 36.1076], [-121.6142, 36.1078], [-121.6146, 36.1075], [-121.6139, 36.1076]]], [[[-121.6012, 36.108], [-121.6016, 36.1077], [-121.6012, 36.1077], [-121.6012, 36.108]]], [[[-121.6049, 36.108], [-121.6049, 36.1074], [-121.6036, 36.1074], [-121.6036, 36.108], [-121.6049, 36.108]]], [[[-121.5956, 36.1075], [-121.5959, 36.1073], [-121.5955, 36.1073], [-121.5956, 36.1075]]], [[[-121.6169, 36.107], [-121.6172, 36.1067], [-121.6169, 36.1067], [-121.6169, 36.107]]], [[[-121.6159, 36.107], [-121.6162, 36.1067], [-121.6159, 36.1067], [-121.6159, 36.107]]], [[[-121.6139, 36.107], [-121.6142, 36.1067], [-121.6139, 36.1067], [-121.6139, 36.107]]], [[[-121.6129, 36.107], [-121.6132, 36.1068], [-121.6129, 36.1068], [-121.6129, 36.107]]], [[[-121.5959, 36.1073], [-121.5962, 36.107], [-121.5959, 36.107], [-121.5959, 36.1073]]], [[[-121.6156, 36.1067], [-121.6159, 36.1065], [-121.6156, 36.1065], [-121.6156, 36.1067]]], [[[-121.6136, 36.1068], [-121.6139, 36.1065], [-121.6135, 36.1065], [-121.6136, 36.1068]]], [[[-121.6126, 36.1068], [-121.6129, 36.1065], [-121.6125, 36.1065], [-121.6126, 36.1068]]], [[[-121.6052, 36.1066], [-121.6055, 36.1063], [-121.6052, 36.1063], [-121.6052, 36.1066]]], [[[-121.6129, 36.1062], [-121.6132, 36.1059], [-121.6129, 36.106], [-121.6129, 36.1062]]], [[[-121.6122, 36.1068], [-121.6125, 36.1062], [-121.6115, 36.1054], [-121.6115, 36.1062], [-121.6122, 36.1068]]], [[[-121.6149, 36.107], [-121.6155, 36.1059], [-121.6166, 36.1067], [-121.6172, 36.1059], [-121.6152, 36.1054], [-121.6149, 36.107]]], [[[-121.6185, 36.1061], [-121.6189, 36.1053], [-121.6172, 36.1051], [-121.6175, 36.1062], [-121.6185, 36.1061]]], [[[-121.5971, 36.104], [-121.5975, 36.1037], [-121.5971, 36.1037], [-121.5971, 36.104]]], [[[-121.6001, 36.1032], [-121.6005, 36.1029], [-121.6001, 36.1029], [-121.6001, 36.1032]]], [[[-121.5971, 36.1018], [-121.5974, 36.1016], [-121.5971, 36.1016], [-121.5971, 36.1018]]], [[[-121.5981, 36.1016], [-121.5984, 36.1013], [-121.5981, 36.1013], [-121.5981, 36.1016]]], [[[-121.5984, 36.1013], [-121.5988, 36.101], [-121.5984, 36.101], [-121.5984, 36.1013]]], [[[-121.6004, 36.101], [-121.6007, 36.1007], [-121.6004, 36.1007], [-121.6004, 36.101]]], [[[-121.6087, 36.0976], [-121.6094, 36.0979], [-121.6107, 36.0976], [-121.6087, 36.0976]]], [[[-121.5783, 36.097], [-121.5786, 36.0967], [-121.5783, 36.0967], [-121.5783, 36.097]]], [[[-121.5903, 36.0965], [-121.591, 36.0963], [-121.5903, 36.0963], [-121.5903, 36.0965]]], [[[-121.579, 36.097], [-121.5803, 36.0964], [-121.579, 36.0967], [-121.579, 36.097]]], [[[-121.595, 36.0962], [-121.5953, 36.0959], [-121.595, 36.0959], [-121.595, 36.0962]]], [[[-121.5943, 36.0959], [-121.595, 36.0957], [-121.5943, 36.0957], [-121.5943, 36.0959]]], [[[-121.5793, 36.0961], [-121.5796, 36.0959], [-121.5793, 36.0959], [-121.5793, 36.0961]]], [[[-121.6053, 36.0955], [-121.606, 36.0952], [-121.6053, 36.0953], [-121.6053, 36.0955]]], [[[-121.579, 36.0959], [-121.5793, 36.0956], [-121.579, 36.0956], [-121.579, 36.0959]]], [[[-121.6046, 36.0953], [-121.6053, 36.095], [-121.6046, 36.095], [-121.6046, 36.0953]]], [[[-121.607, 36.0958], [-121.6066, 36.0947], [-121.6063, 36.0947], [-121.6063, 36.0958], [-121.607, 36.0958]]], [[[-121.5803, 36.0956], [-121.5803, 36.0951], [-121.5796, 36.0951], [-121.5796, 36.0953], [-121.5803, 36.0956]]], [[[-121.604, 36.095], [-121.605, 36.0945], [-121.6036, 36.0942], [-121.604, 36.095]]], [[[-121.611, 36.0944], [-121.6113, 36.0941], [-121.611, 36.0941], [-121.611, 36.0944]]], [[[-121.5896, 36.0941], [-121.5899, 36.0938], [-121.5896, 36.0938], [-121.5896, 36.0941]]], [[[-121.5779, 36.0943], [-121.5783, 36.094], [-121.5779, 36.094], [-121.5779, 36.0943]]], [[[-121.5899, 36.0938], [-121.5903, 36.0936], [-121.5899, 36.0936], [-121.5899, 36.0938]]], [[[-121.5873, 36.0936], [-121.5876, 36.0933], [-121.5873, 36.0933], [-121.5873, 36.0936]]], [[[-121.6079, 36.0931], [-121.6083, 36.0928], [-121.6079, 36.0928], [-121.6079, 36.0931]]], [[[-121.6183, 36.0929], [-121.6183, 36.0924], [-121.6176, 36.0924], [-121.6176, 36.0927], [-121.6183, 36.0929]]], [[[-121.6083, 36.0928], [-121.6086, 36.0925], [-121.6083, 36.0925], [-121.6083, 36.0928]]], [[[-121.5886, 36.0939], [-121.5882, 36.0925], [-121.5879, 36.0925], [-121.5879, 36.0936], [-121.5886, 36.0939]]], [[[-121.6133, 36.0927], [-121.6139, 36.0924], [-121.6132, 36.0922], [-121.6133, 36.0927]]], [[[-121.6159, 36.0921], [-121.6163, 36.0924], [-121.6166, 36.0921], [-121.6159, 36.0921]]], [[[-121.6109, 36.0938], [-121.6093, 36.0928], [-121.6089, 36.092], [-121.6089, 36.093], [-121.6109, 36.0938]]], [[[-121.5876, 36.0925], [-121.5879, 36.0923], [-121.5876, 36.0923], [-121.5876, 36.0925]]], [[[-121.6086, 36.092], [-121.6089, 36.0917], [-121.6086, 36.0917], [-121.6086, 36.092]]], [[[-121.5782, 36.0929], [-121.5782, 36.0921], [-121.5775, 36.0919], [-121.5776, 36.0929], [-121.5782, 36.0929]]], [[[-121.5879, 36.092], [-121.5885, 36.0914], [-121.5879, 36.0914], [-121.5879, 36.092]]], [[[-121.5872, 36.0917], [-121.5875, 36.0914], [-121.5872, 36.0915], [-121.5872, 36.0917]]], [[[-121.6159, 36.0911], [-121.6162, 36.0908], [-121.6159, 36.0908], [-121.6159, 36.0911]]], [[[-121.5869, 36.0915], [-121.5872, 36.0912], [-121.5869, 36.0912], [-121.5869, 36.0915]]], [[[-121.5775, 36.0916], [-121.5782, 36.0913], [-121.5775, 36.0913], [-121.5775, 36.0916]]], [[[-121.5875, 36.0914], [-121.5879, 36.0909], [-121.5875, 36.0909], [-121.5875, 36.0914]]], [[[-121.5785, 36.0913], [-121.5789, 36.091], [-121.5785, 36.091], [-121.5785, 36.0913]]], [[[-121.5998, 36.0888], [-121.6002, 36.0886], [-121.5998, 36.0886], [-121.5998, 36.0888]]], [[[-121.5905, 36.0895], [-121.5905, 36.089], [-121.5908, 36.0887], [-121.5898, 36.089], [-121.5905, 36.0895]]], [[[-121.5895, 36.089], [-121.5898, 36.0887], [-121.5895, 36.0887], [-121.5895, 36.089]]], [[[-121.5975, 36.0875], [-121.5978, 36.0873], [-121.5975, 36.0873], [-121.5975, 36.0875]]], [[[-121.5811, 36.0878], [-121.5811, 36.0869], [-121.5804, 36.087], [-121.5805, 36.0875], [-121.5811, 36.0878]]], [[[-121.5831, 36.0872], [-121.5834, 36.0869], [-121.5831, 36.0869], [-121.5831, 36.0872]]], [[[-121.5798, 36.087], [-121.5801, 36.0867], [-121.5798, 36.0867], [-121.5798, 36.087]]], [[[-121.5791, 36.0872], [-121.5794, 36.0862], [-121.5778, 36.0862], [-121.5778, 36.087], [-121.5791, 36.0872]]], [[[-121.5844, 36.0864], [-121.5848, 36.0861], [-121.5844, 36.0861], [-121.5844, 36.0864]]], [[[-121.5848, 36.0861], [-121.5851, 36.0858], [-121.5848, 36.0858], [-121.5848, 36.0861]]], [[[-121.5831, 36.0861], [-121.5834, 36.0858], [-121.5831, 36.0858], [-121.5831, 36.0861]]], [[[-121.6004, 36.0856], [-121.6008, 36.0853], [-121.6004, 36.0853], [-121.6004, 36.0856]]], [[[-121.5828, 36.0872], [-121.5824, 36.0856], [-121.5814, 36.0859], [-121.5807, 36.0853], [-121.5808, 36.0867], [-121.5828, 36.0872]]], [[[-121.5838, 36.0864], [-121.5844, 36.0855], [-121.5831, 36.0853], [-121.5838, 36.0858], [-121.5838, 36.0864]]], [[[-121.5868, 36.0855], [-121.5871, 36.0852], [-121.5867, 36.0852], [-121.5868, 36.0855]]], [[[-121.5851, 36.0858], [-121.5864, 36.0853], [-121.5847, 36.0853], [-121.5851, 36.0858]]], [[[-121.6018, 36.085], [-121.6024, 36.0845], [-121.6021, 36.0845], [-121.6018, 36.085]]], [[[-121.6011, 36.0848], [-121.6014, 36.0845], [-121.6011, 36.0845], [-121.6011, 36.0848]]], [[[-121.5901, 36.0844], [-121.5904, 36.0841], [-121.5901, 36.0841], [-121.5901, 36.0844]]], [[[-121.6024, 36.084], [-121.6027, 36.0837], [-121.6024, 36.0837], [-121.6024, 36.084]]], [[[-121.6027, 36.0826], [-121.604, 36.0829], [-121.604, 36.0823], [-121.6027, 36.0826]]], [[[-121.583, 36.0829], [-121.5834, 36.0826], [-121.583, 36.0826], [-121.583, 36.0829]]], [[[-121.587, 36.0825], [-121.5873, 36.082], [-121.587, 36.082], [-121.587, 36.0825]]], [[[-121.582, 36.0821], [-121.5823, 36.0818], [-121.582, 36.0818], [-121.582, 36.0821]]], [[[-121.5807, 36.0821], [-121.5813, 36.0818], [-121.5807, 36.0818], [-121.5807, 36.0821]]], [[[-121.5867, 36.0825], [-121.5863, 36.0812], [-121.586, 36.0812], [-121.5854, 36.0826], [-121.5867, 36.0825]]], [[[-121.5837, 36.0823], [-121.5847, 36.0826], [-121.585, 36.0812], [-121.5837, 36.0823]]], [[[-121.583, 36.0821], [-121.5837, 36.0815], [-121.583, 36.0812], [-121.583, 36.0821]]], [[[-121.588, 36.0814], [-121.5883, 36.0812], [-121.588, 36.0812], [-121.588, 36.0814]]], [[[-121.5923, 36.0811], [-121.5933, 36.0808], [-121.5923, 36.0809], [-121.5923, 36.0811]]], [[[-121.5883, 36.0812], [-121.5887, 36.0806], [-121.5883, 36.0806], [-121.5883, 36.0812]]], [[[-121.5863, 36.0809], [-121.587, 36.0807], [-121.5863, 36.0807], [-121.5863, 36.0809]]], [[[-121.592, 36.0819], [-121.5923, 36.0811], [-121.591, 36.0803], [-121.5903, 36.0811], [-121.5917, 36.0811], [-121.592, 36.0819]]], [[[-121.6013, 36.081], [-121.6017, 36.0805], [-121.601, 36.0802], [-121.5997, 36.0808], [-121.6013, 36.081]]], [[[-121.5917, 36.0806], [-121.592, 36.0803], [-121.5917, 36.0803], [-121.5917, 36.0806]]], [[[-121.5897, 36.0812], [-121.5907, 36.0806], [-121.5903, 36.0801], [-121.589, 36.0804], [-121.5897, 36.0812]]], [[[-121.5923, 36.0803], [-121.593, 36.08], [-121.5923, 36.08], [-121.5923, 36.0803]]], [[[-121.5886, 36.0804], [-121.589, 36.0801], [-121.5886, 36.0801], [-121.5886, 36.0804]]], [[[-121.591, 36.0801], [-121.5916, 36.0798], [-121.591, 36.0798], [-121.591, 36.0801]]], [[[-121.5843, 36.0801], [-121.585, 36.0799], [-121.5843, 36.0799], [-121.5843, 36.0801]]], [[[-121.5896, 36.0801], [-121.5896, 36.0793], [-121.5886, 36.079], [-121.5886, 36.0798], [-121.5896, 36.0801]]], [[[-121.5926, 36.0792], [-121.593, 36.079], [-121.5926, 36.079], [-121.5926, 36.0792]]], [[[-121.586, 36.079], [-121.5863, 36.0788], [-121.5859, 36.0788], [-121.586, 36.079]]], [[[-121.5876, 36.0785], [-121.5879, 36.0782], [-121.5876, 36.0782], [-121.5876, 36.0785]]], [[[-121.5879, 36.0782], [-121.5883, 36.0779], [-121.5879, 36.0779], [-121.5879, 36.0782]]], [[[-121.6019, 36.0777], [-121.6026, 36.0775], [-121.6019, 36.0775], [-121.6019, 36.0777]]], [[[-121.6013, 36.0775], [-121.6019, 36.0772], [-121.6013, 36.0772], [-121.6013, 36.0775]]], [[[-121.5876, 36.0771], [-121.5879, 36.0769], [-121.5876, 36.0769], [-121.5876, 36.0771]]], [[[-121.5806, 36.0759], [-121.5812, 36.0756], [-121.5805, 36.0753], [-121.5806, 36.0759]]], [[[-121.5959, 36.0754], [-121.5962, 36.0751], [-121.5959, 36.0751], [-121.5959, 36.0754]]], [[[-121.5875, 36.0755], [-121.5879, 36.075], [-121.5875, 36.075], [-121.5875, 36.0755]]], [[[-121.5952, 36.0749], [-121.5955, 36.0751], [-121.5959, 36.0749], [-121.5952, 36.0749]]], [[[-121.5942, 36.0757], [-121.5939, 36.0746], [-121.5929, 36.0749], [-121.5929, 36.0754], [-121.5942, 36.0757]]], [[[-121.6005, 36.0748], [-121.6009, 36.0745], [-121.6005, 36.0745], [-121.6005, 36.0748]]], [[[-121.5919, 36.0746], [-121.5922, 36.0744], [-121.5919, 36.0744], [-121.5919, 36.0746]]], [[[-121.5665, 36.075], [-121.5669, 36.0747], [-121.5665, 36.0747], [-121.5665, 36.075]]], [[[-121.5652, 36.075], [-121.5655, 36.0747], [-121.5652, 36.0747], [-121.5652, 36.075]]], [[[-121.5955, 36.0746], [-121.5959, 36.0741], [-121.5955, 36.0741], [-121.5955, 36.0746]]], [[[-121.5682, 36.075], [-121.5678, 36.0744], [-121.5672, 36.0747], [-121.5672, 36.075], [-121.5682, 36.075]]], [[[-121.6012, 36.074], [-121.6015, 36.0742], [-121.6022, 36.074], [-121.6012, 36.074]]], [[[-121.5669, 36.0747], [-121.5672, 36.0744], [-121.5668, 36.0744], [-121.5669, 36.0747]]], [[[-121.5949, 36.0743], [-121.5952, 36.0738], [-121.5949, 36.0738], [-121.5949, 36.0743]]], [[[-121.5929, 36.0744], [-121.5935, 36.0741], [-121.5929, 36.0738], [-121.5929, 36.0744]]], [[[-121.5639, 36.075], [-121.5652, 36.0745], [-121.5635, 36.0745], [-121.5639, 36.075]]], [[[-121.5959, 36.0741], [-121.5962, 36.0738], [-121.5959, 36.0738], [-121.5959, 36.0741]]], [[[-121.5658, 36.0745], [-121.5662, 36.0742], [-121.5658, 36.0742], [-121.5658, 36.0745]]], [[[-121.5945, 36.0738], [-121.5948, 36.0735], [-121.5945, 36.0735], [-121.5945, 36.0738]]], [[[-121.5698, 36.0741], [-121.5702, 36.0739], [-121.5698, 36.0739], [-121.5698, 36.0741]]], [[[-121.5652, 36.0742], [-121.5655, 36.0739], [-121.5652, 36.0739], [-121.5652, 36.0742]]], [[[-121.6025, 36.0737], [-121.6032, 36.0734], [-121.6025, 36.0732], [-121.6025, 36.0737]]], [[[-121.5642, 36.0742], [-121.5642, 36.0737], [-121.5635, 36.0737], [-121.5635, 36.0739], [-121.5642, 36.0742]]], [[[-121.5942, 36.0741], [-121.5942, 36.0735], [-121.5928, 36.073], [-121.5928, 36.0736], [-121.5942, 36.0741]]], [[[-121.5642, 36.0737], [-121.5645, 36.0734], [-121.5642, 36.0734], [-121.5642, 36.0737]]], [[[-121.5708, 36.0736], [-121.5712, 36.073], [-121.5702, 36.073], [-121.5702, 36.0733], [-121.5708, 36.0736]]], [[[-121.5645, 36.0734], [-121.5648, 36.0731], [-121.5645, 36.0731], [-121.5645, 36.0734]]], [[[-121.5698, 36.0731], [-121.5701, 36.0728], [-121.5698, 36.0728], [-121.5698, 36.0731]]], [[[-121.5411, 36.0734], [-121.5415, 36.0732], [-121.5411, 36.0732], [-121.5411, 36.0734]]], [[[-121.5698, 36.0733], [-121.5698, 36.0731], [-121.5695, 36.0731], [-121.5695, 36.0725], [-121.5685, 36.0728], [-121.5698, 36.0733]]], [[[-121.5668, 36.0744], [-121.5675, 36.0739], [-121.5655, 36.0726], [-121.5655, 36.0737], [-121.5668, 36.0744]]], [[[-121.5932, 36.0725], [-121.5938, 36.0722], [-121.5932, 36.0722], [-121.5932, 36.0725]]], [[[-121.5665, 36.0728], [-121.5668, 36.0726], [-121.5665, 36.0726], [-121.5665, 36.0728]]], [[[-121.5928, 36.0722], [-121.5931, 36.0719], [-121.5928, 36.0719], [-121.5928, 36.0722]]], [[[-121.5685, 36.0725], [-121.5688, 36.0723], [-121.5685, 36.0723], [-121.5685, 36.0725]]], [[[-121.5845, 36.072], [-121.5848, 36.0718], [-121.5845, 36.0718], [-121.5845, 36.072]]], [[[-121.5705, 36.0722], [-121.5708, 36.072], [-121.5705, 36.072], [-121.5705, 36.0722]]], [[[-121.5928, 36.0719], [-121.5925, 36.0714], [-121.5918, 36.0714], [-121.5921, 36.0719], [-121.5928, 36.0719]]], [[[-121.5835, 36.0718], [-121.5838, 36.0715], [-121.5835, 36.0715], [-121.5835, 36.0718]]], [[[-121.5872, 36.0731], [-121.5875, 36.0717], [-121.5865, 36.0712], [-121.5855, 36.0731], [-121.5872, 36.0731]], [[-121.5868, 36.0717], [-121.5865, 36.072], [-121.5865, 36.0717], [-121.5868, 36.0717]]], [[[-121.5908, 36.0714], [-121.5918, 36.0711], [-121.5908, 36.0712], [-121.5908, 36.0714]]], [[[-121.5848, 36.0715], [-121.5851, 36.0712], [-121.5848, 36.0712], [-121.5848, 36.0715]]], [[[-121.5755, 36.0716], [-121.5758, 36.0714], [-121.5755, 36.0714], [-121.5755, 36.0716]]], [[[-121.5725, 36.0717], [-121.5728, 36.0714], [-121.5725, 36.0714], [-121.5725, 36.0717]]], [[[-121.5661, 36.0718], [-121.5665, 36.0715], [-121.5661, 36.0715], [-121.5661, 36.0718]]], [[[-121.5861, 36.0712], [-121.5865, 36.0709], [-121.5861, 36.0709], [-121.5861, 36.0712]]], [[[-121.5821, 36.0713], [-121.5825, 36.071], [-121.5821, 36.071], [-121.5821, 36.0713]]], [[[-121.5612, 36.0745], [-121.5622, 36.0732], [-121.5642, 36.0734], [-121.5638, 36.0712], [-121.5605, 36.0716], [-121.5605, 36.0721], [-121.5618, 36.0721], [-121.5608, 36.0732], [-121.5612, 36.0745]]], [[[-121.5658, 36.0723], [-121.5658, 36.0712], [-121.5644, 36.0712], [-121.5645, 36.072], [-121.5658, 36.0723]]], [[[-121.5718, 36.0722], [-121.5718, 36.0717], [-121.5724, 36.0709], [-121.5715, 36.0714], [-121.5718, 36.0722]]], [[[-121.5905, 36.0709], [-121.5911, 36.0706], [-121.5904, 36.0706], [-121.5905, 36.0709]]], [[[-121.5638, 36.0712], [-121.5641, 36.071], [-121.5638, 36.071], [-121.5638, 36.0712]]], [[[-121.5628, 36.0713], [-121.5631, 36.071], [-121.5628, 36.071], [-121.5628, 36.0713]]], [[[-121.5895, 36.0728], [-121.5898, 36.072], [-121.5912, 36.0725], [-121.5915, 36.072], [-121.5908, 36.0714], [-121.5901, 36.0714], [-121.5901, 36.0709], [-121.5891, 36.0712], [-121.5881, 36.0704], [-121.5875, 36.0709], [-121.5878, 36.072], [-121.5888, 36.072], [-121.5895, 36.0728]], [[-121.5891, 36.0714], [-121.5888, 36.0717], [-121.5888, 36.0714], [-121.5891, 36.0714]]], [[[-121.5871, 36.0707], [-121.5874, 36.0704], [-121.5871, 36.0704], [-121.5871, 36.0707]]], [[[-121.5644, 36.071], [-121.5648, 36.0704], [-121.5644, 36.0704], [-121.5644, 36.071]]], [[[-121.5674, 36.0707], [-121.5678, 36.0704], [-121.5674, 36.0704], [-121.5674, 36.0707]]], [[[-121.5638, 36.0707], [-121.5641, 36.0704], [-121.5638, 36.0704], [-121.5638, 36.0707]]], [[[-121.5891, 36.0704], [-121.5888, 36.0698], [-121.5881, 36.0698], [-121.5884, 36.0704], [-121.5891, 36.0704]]], [[[-121.5758, 36.0705], [-121.5758, 36.07], [-121.5751, 36.07], [-121.5751, 36.0703], [-121.5758, 36.0705]]], [[[-121.5688, 36.0704], [-121.5691, 36.0701], [-121.5688, 36.0701], [-121.5688, 36.0704]]], [[[-121.5871, 36.0699], [-121.5874, 36.0696], [-121.5871, 36.0696], [-121.5871, 36.0699]]], [[[-121.5861, 36.0699], [-121.5864, 36.0696], [-121.5861, 36.0696], [-121.5861, 36.0699]]], [[[-121.5411, 36.0705], [-121.5414, 36.0702], [-121.5411, 36.0702], [-121.5411, 36.0705]]], [[[-121.5858, 36.0696], [-121.5861, 36.0693], [-121.5858, 36.0693], [-121.5858, 36.0696]]], [[[-121.5614, 36.0699], [-121.5617, 36.0697], [-121.5614, 36.0697], [-121.5614, 36.0699]]], [[[-121.5414, 36.0702], [-121.5417, 36.0699], [-121.5414, 36.0699], [-121.5414, 36.0702]]], [[[-121.5854, 36.0693], [-121.5857, 36.0691], [-121.5854, 36.0691], [-121.5854, 36.0693]]], [[[-121.5841, 36.0696], [-121.5851, 36.0693], [-121.5841, 36.0688], [-121.5841, 36.0696]]], [[[-121.5838, 36.0696], [-121.5834, 36.0688], [-121.5821, 36.0694], [-121.5821, 36.0696], [-121.5838, 36.0696]]], [[[-121.5737, 36.0692], [-121.5741, 36.0689], [-121.5737, 36.069], [-121.5737, 36.0692]]], [[[-121.5374, 36.0697], [-121.5377, 36.0694], [-121.5374, 36.0694], [-121.5374, 36.0697]]], [[[-121.5607, 36.0691], [-121.5611, 36.0686], [-121.5607, 36.0686], [-121.5607, 36.0691]]], [[[-121.5744, 36.0687], [-121.5747, 36.0684], [-121.5744, 36.0684], [-121.5744, 36.0687]]], [[[-121.5707, 36.0687], [-121.5717, 36.0684], [-121.5707, 36.0685], [-121.5707, 36.0687]]], [[[-121.5797, 36.0686], [-121.5804, 36.0681], [-121.5801, 36.0681], [-121.5797, 36.0686]]], [[[-121.5717, 36.0684], [-121.5724, 36.0682], [-121.5717, 36.0679], [-121.5717, 36.0684]]], [[[-121.5624, 36.068], [-121.563, 36.0677], [-121.5624, 36.0678], [-121.5624, 36.068]]], [[[-121.5744, 36.0684], [-121.5744, 36.0676], [-121.5747, 36.0673], [-121.574, 36.0673], [-121.5744, 36.0684]]], [[[-121.562, 36.0675], [-121.5624, 36.0672], [-121.562, 36.0672], [-121.562, 36.0675]]], [[[-121.5504, 36.0676], [-121.5507, 36.0674], [-121.5504, 36.0674], [-121.5504, 36.0676]]], [[[-121.5737, 36.0673], [-121.574, 36.0668], [-121.5737, 36.0668], [-121.5737, 36.0673]]], [[[-121.5607, 36.068], [-121.561, 36.0672], [-121.5604, 36.067], [-121.56, 36.0675], [-121.5607, 36.068]]], [[[-121.5804, 36.067], [-121.5807, 36.0667], [-121.5804, 36.0667], [-121.5804, 36.067]]], [[[-121.567, 36.0672], [-121.5674, 36.0669], [-121.567, 36.0669], [-121.567, 36.0672]]], [[[-121.554, 36.0673], [-121.5544, 36.067], [-121.554, 36.0671], [-121.554, 36.0673]]], [[[-121.5507, 36.0674], [-121.551, 36.0671], [-121.5507, 36.0671], [-121.5507, 36.0674]]], [[[-121.556, 36.0676], [-121.556, 36.0668], [-121.5554, 36.0668], [-121.5554, 36.0673], [-121.556, 36.0676]]], [[[-121.571, 36.0671], [-121.5714, 36.0666], [-121.571, 36.0666], [-121.571, 36.0671]]], [[[-121.5674, 36.0669], [-121.5677, 36.0666], [-121.5674, 36.0666], [-121.5674, 36.0669]]], [[[-121.561, 36.067], [-121.5617, 36.0667], [-121.561, 36.0667], [-121.561, 36.067]]], [[[-121.5484, 36.0671], [-121.5487, 36.0669], [-121.5483, 36.0669], [-121.5484, 36.0671]]], [[[-121.5597, 36.067], [-121.5597, 36.0664], [-121.5584, 36.0667], [-121.5584, 36.067], [-121.5597, 36.067]]], [[[-121.567, 36.0666], [-121.5673, 36.0663], [-121.567, 36.0663], [-121.567, 36.0666]]], [[[-121.5473, 36.0669], [-121.548, 36.0666], [-121.5473, 36.0663], [-121.5473, 36.0669]]], [[[-121.5657, 36.0664], [-121.566, 36.0661], [-121.5657, 36.0661], [-121.5657, 36.0664]]], [[[-121.5533, 36.0665], [-121.5537, 36.0662], [-121.5533, 36.0663], [-121.5533, 36.0665]]], [[[-121.5734, 36.0668], [-121.5733, 36.0657], [-121.573, 36.066], [-121.572, 36.0657], [-121.5734, 36.0668]]], [[[-121.5693, 36.066], [-121.5697, 36.0658], [-121.5693, 36.0658], [-121.5693, 36.066]]], [[[-121.5667, 36.0658], [-121.567, 36.0661], [-121.5673, 36.0658], [-121.5667, 36.0658]]], [[[-121.5647, 36.0661], [-121.565, 36.0658], [-121.5647, 36.0658], [-121.5647, 36.0661]]], [[[-121.5637, 36.0661], [-121.564, 36.0658], [-121.5637, 36.0658], [-121.5637, 36.0661]]], [[[-121.5577, 36.0662], [-121.558, 36.0659], [-121.5577, 36.0659], [-121.5577, 36.0662]]], [[[-121.5537, 36.0662], [-121.554, 36.066], [-121.5537, 36.066], [-121.5537, 36.0662]]], [[[-121.5727, 36.0657], [-121.573, 36.0655], [-121.5727, 36.0655], [-121.5727, 36.0657]]], [[[-121.569, 36.0658], [-121.5693, 36.0655], [-121.569, 36.0655], [-121.569, 36.0658]]], [[[-121.568, 36.0658], [-121.5683, 36.0655], [-121.568, 36.0655], [-121.568, 36.0658]]], [[[-121.5497, 36.0671], [-121.551, 36.0666], [-121.55, 36.0655], [-121.5497, 36.0671]]], [[[-121.5563, 36.0665], [-121.556, 36.0654], [-121.555, 36.0657], [-121.555, 36.066], [-121.5563, 36.0665]]], [[[-121.5673, 36.0655], [-121.568, 36.0652], [-121.5673, 36.0653], [-121.5673, 36.0655]]], [[[-121.5587, 36.0656], [-121.559, 36.0654], [-121.5587, 36.0654], [-121.5587, 36.0656]]], [[[-121.5533, 36.066], [-121.554, 36.0654], [-121.5533, 36.0652], [-121.5533, 36.066]]], [[[-121.5527, 36.0663], [-121.5527, 36.0657], [-121.553, 36.0652], [-121.552, 36.0655], [-121.5527, 36.0663]]], [[[-121.568, 36.065], [-121.5683, 36.0647], [-121.568, 36.0647], [-121.568, 36.065]]], [[[-121.5667, 36.065], [-121.567, 36.0647], [-121.5666, 36.0647], [-121.5667, 36.065]]], [[[-121.5693, 36.0647], [-121.5696, 36.0644], [-121.5693, 36.0644], [-121.5693, 36.0647]]], [[[-121.5603, 36.0659], [-121.5596, 36.0643], [-121.559, 36.0643], [-121.5593, 36.0654], [-121.5603, 36.0659]]], [[[-121.5683, 36.0647], [-121.5686, 36.0642], [-121.5683, 36.0642], [-121.5683, 36.0647]]], [[[-121.5673, 36.0647], [-121.5673, 36.0642], [-121.5666, 36.0642], [-121.5666, 36.0645], [-121.5673, 36.0647]]], [[[-121.59, 36.0641], [-121.5903, 36.0639], [-121.59, 36.0639], [-121.59, 36.0641]]], [[[-121.5726, 36.0644], [-121.573, 36.0641], [-121.5726, 36.0641], [-121.5726, 36.0644]]], [[[-121.569, 36.0644], [-121.5693, 36.0641], [-121.569, 36.0642], [-121.569, 36.0644]]], [[[-121.556, 36.0646], [-121.5563, 36.0643], [-121.556, 36.0643], [-121.556, 36.0646]]], [[[-121.582, 36.064], [-121.5823, 36.0637], [-121.582, 36.0637], [-121.582, 36.064]]], [[[-121.5686, 36.0642], [-121.569, 36.0639], [-121.5686, 36.0639], [-121.5686, 36.0642]]], [[[-121.5483, 36.0666], [-121.5493, 36.0658], [-121.5487, 36.0658], [-121.549, 36.0647], [-121.5476, 36.0639], [-121.5483, 36.0666]]], [[[-121.5723, 36.0641], [-121.5726, 36.0636], [-121.5723, 36.0636], [-121.5723, 36.0641]]], [[[-121.5683, 36.0639], [-121.5686, 36.0636], [-121.5683, 36.0636], [-121.5683, 36.0639]]], [[[-121.5466, 36.0642], [-121.5473, 36.0639], [-121.5466, 36.0639], [-121.5466, 36.0642]]], [[[-121.5456, 36.0645], [-121.5456, 36.0639], [-121.5429, 36.0637], [-121.5436, 36.0645], [-121.5456, 36.0645]]], [[[-121.553, 36.0638], [-121.5536, 36.0635], [-121.553, 36.0636], [-121.553, 36.0638]]], [[[-121.5523, 36.0636], [-121.5526, 36.0633], [-121.5523, 36.0633], [-121.5523, 36.0636]]], [[[-121.5483, 36.0636], [-121.5486, 36.0633], [-121.5483, 36.0633], [-121.5483, 36.0636]]], [[[-121.572, 36.0657], [-121.5726, 36.0646], [-121.5713, 36.0644], [-121.5716, 36.0633], [-121.5706, 36.0628], [-121.5693, 36.0631], [-121.5693, 36.0639], [-121.5703, 36.0639], [-121.57, 36.0647], [-121.572, 36.0657]], [[-121.5713, 36.0644], [-121.571, 36.0647], [-121.571, 36.0644], [-121.5713, 36.0644]], [[-121.571, 36.0636], [-121.5706, 36.0639], [-121.5706, 36.0636], [-121.571, 36.0636]], [[-121.5706, 36.0633], [-121.5703, 36.0636], [-121.5703, 36.0633], [-121.5706, 36.0633]]], [[[-121.5659, 36.0631], [-121.5663, 36.0628], [-121.5659, 36.0628], [-121.5659, 36.0631]]], [[[-121.5456, 36.0634], [-121.5459, 36.0631], [-121.5456, 36.0631], [-121.5456, 36.0634]]], [[[-121.5429, 36.0634], [-121.5433, 36.0631], [-121.5429, 36.0631], [-121.5429, 36.0634]]], [[[-121.5653, 36.0631], [-121.5656, 36.0626], [-121.5653, 36.0626], [-121.5653, 36.0631]]], [[[-121.5889, 36.0625], [-121.5893, 36.0623], [-121.5889, 36.0623], [-121.5889, 36.0625]]], [[[-121.5539, 36.063], [-121.5546, 36.0627], [-121.5539, 36.0627], [-121.5539, 36.063]]], [[[-121.5519, 36.0628], [-121.5523, 36.063], [-121.5529, 36.0627], [-121.5519, 36.0628]]], [[[-121.5486, 36.0631], [-121.5489, 36.0628], [-121.5486, 36.0628], [-121.5486, 36.0631]]], [[[-121.5587, 36.0659], [-121.5587, 36.0656], [-121.5583, 36.0654], [-121.5573, 36.0654], [-121.5586, 36.0643], [-121.5566, 36.0632], [-121.5566, 36.0624], [-121.5546, 36.063], [-121.5546, 36.0638], [-121.554, 36.0635], [-121.554, 36.0644], [-121.555, 36.0643], [-121.5556, 36.0633], [-121.5566, 36.0643], [-121.5566, 36.0646], [-121.556, 36.0649], [-121.5563, 36.0657], [-121.5587, 36.0659]], [[-121.5573, 36.064], [-121.557, 36.0643], [-121.557, 36.064], [-121.5573, 36.064]], [[-121.5563, 36.0627], [-121.5559, 36.0632], [-121.5559, 36.0627], [-121.5563, 36.0627]]], [[[-121.5696, 36.0628], [-121.5699, 36.0623], [-121.5696, 36.0623], [-121.5696, 36.0628]]], [[[-121.5569, 36.0627], [-121.5573, 36.0624], [-121.5569, 36.0624], [-121.5569, 36.0627]]], [[[-121.5453, 36.0634], [-121.5443, 36.0623], [-121.5433, 36.0629], [-121.5436, 36.0634], [-121.5453, 36.0634]]], [[[-121.5429, 36.0629], [-121.5433, 36.0623], [-121.5429, 36.0623], [-121.5429, 36.0629]]], [[[-121.5683, 36.0631], [-121.5689, 36.062], [-121.5673, 36.062], [-121.5669, 36.0631], [-121.5683, 36.0631]], [[-121.5679, 36.0625], [-121.5676, 36.0628], [-121.5676, 36.0626], [-121.5679, 36.0625]]], [[[-121.5553, 36.0624], [-121.5559, 36.0622], [-121.5553, 36.0622], [-121.5553, 36.0624]]], [[[-121.5456, 36.0631], [-121.5456, 36.0626], [-121.5459, 36.0623], [-121.5453, 36.0623], [-121.5456, 36.0631]]], [[[-121.5546, 36.0627], [-121.5549, 36.0619], [-121.5546, 36.0619], [-121.5546, 36.0627]]], [[[-121.5669, 36.062], [-121.5673, 36.0617], [-121.5669, 36.0618], [-121.5669, 36.062]]], [[[-121.5526, 36.0622], [-121.5533, 36.0619], [-121.5526, 36.0619], [-121.5526, 36.0622]]], [[[-121.5443, 36.0623], [-121.5446, 36.062], [-121.5443, 36.0621], [-121.5443, 36.0623]]], [[[-121.5766, 36.0616], [-121.5769, 36.0613], [-121.5766, 36.0614], [-121.5766, 36.0616]]], [[[-121.5706, 36.0617], [-121.5709, 36.0614], [-121.5706, 36.0614], [-121.5706, 36.0617]]], [[[-121.5616, 36.0616], [-121.5619, 36.0618], [-121.5622, 36.0615], [-121.5616, 36.0616]]], [[[-121.5496, 36.062], [-121.5499, 36.0617], [-121.5496, 36.0617], [-121.5496, 36.062]]], [[[-121.5553, 36.0619], [-121.5552, 36.0614], [-121.5546, 36.0611], [-121.5546, 36.0616], [-121.5553, 36.0619]]], [[[-121.5516, 36.0625], [-121.5526, 36.0619], [-121.5519, 36.0611], [-121.5509, 36.0617], [-121.5516, 36.0625]]], [[[-121.5502, 36.0617], [-121.5506, 36.0612], [-121.5502, 36.0612], [-121.5502, 36.0617]]], [[[-121.5856, 36.061], [-121.5859, 36.0607], [-121.5856, 36.0607], [-121.5856, 36.061]]], [[[-121.5612, 36.0613], [-121.5616, 36.061], [-121.5612, 36.061], [-121.5612, 36.0613]]], [[[-121.5699, 36.0614], [-121.5699, 36.0606], [-121.5689, 36.0609], [-121.5689, 36.0612], [-121.5699, 36.0614]]], [[[-121.5512, 36.0614], [-121.5512, 36.0609], [-121.5506, 36.0609], [-121.5506, 36.0612], [-121.5512, 36.0614]]], [[[-121.5429, 36.0615], [-121.5432, 36.061], [-121.5429, 36.061], [-121.5429, 36.0615]]], [[[-121.5456, 36.061], [-121.5459, 36.0607], [-121.5456, 36.0607], [-121.5456, 36.061]]], [[[-121.5612, 36.0607], [-121.5612, 36.0602], [-121.5606, 36.0602], [-121.5606, 36.0605], [-121.5612, 36.0607]]], [[[-121.5712, 36.0603], [-121.5719, 36.0601], [-121.5712, 36.0601], [-121.5712, 36.0603]]], [[[-121.5596, 36.0605], [-121.5599, 36.0602], [-121.5596, 36.0602], [-121.5596, 36.0605]]], [[[-121.5546, 36.0603], [-121.5549, 36.0606], [-121.5556, 36.0603], [-121.5546, 36.0603]]], [[[-121.5516, 36.0606], [-121.5519, 36.0603], [-121.5516, 36.0603], [-121.5516, 36.0606]]], [[[-121.5532, 36.0611], [-121.5542, 36.0606], [-121.5532, 36.06], [-121.5532, 36.0611]]], [[[-121.5722, 36.0601], [-121.5729, 36.0598], [-121.5722, 36.0598], [-121.5722, 36.0601]]], [[[-121.5422, 36.0605], [-121.5425, 36.0602], [-121.5422, 36.0602], [-121.5422, 36.0605]]], [[[-121.5382, 36.0605], [-121.5382, 36.0597], [-121.5379, 36.0597], [-121.5375, 36.0605], [-121.5382, 36.0605]]], [[[-121.5732, 36.0595], [-121.5742, 36.0592], [-121.5732, 36.0592], [-121.5732, 36.0595]]], [[[-121.5689, 36.0596], [-121.5692, 36.0593], [-121.5689, 36.0593], [-121.5689, 36.0596]]], [[[-121.5619, 36.0597], [-121.5622, 36.0594], [-121.5619, 36.0594], [-121.5619, 36.0597]]], [[[-121.5542, 36.0598], [-121.5545, 36.0595], [-121.5542, 36.0595], [-121.5542, 36.0598]]], [[[-121.5485, 36.0598], [-121.5489, 36.0596], [-121.5485, 36.0596], [-121.5485, 36.0598]]], [[[-121.5692, 36.0593], [-121.5695, 36.059], [-121.5692, 36.059], [-121.5692, 36.0593]]], [[[-121.5399, 36.0597], [-121.5402, 36.0594], [-121.5399, 36.0594], [-121.5399, 36.0597]]], [[[-121.5369, 36.0597], [-121.5372, 36.0594], [-121.5369, 36.0594], [-121.5369, 36.0597]]], [[[-121.5742, 36.059], [-121.5745, 36.0587], [-121.5742, 36.0587], [-121.5742, 36.059]]], [[[-121.5502, 36.0593], [-121.5505, 36.059], [-121.5502, 36.059], [-121.5502, 36.0593]]], [[[-121.5702, 36.0587], [-121.5705, 36.0585], [-121.5702, 36.0585], [-121.5702, 36.0587]]], [[[-121.5585, 36.0589], [-121.5589, 36.0586], [-121.5585, 36.0586], [-121.5585, 36.0589]]], [[[-121.5572, 36.0589], [-121.5579, 36.0586], [-121.5572, 36.0586], [-121.5572, 36.0589]]], [[[-121.5509, 36.059], [-121.5512, 36.0587], [-121.5509, 36.0587], [-121.5509, 36.059]]], [[[-121.5765, 36.0589], [-121.5765, 36.0584], [-121.5755, 36.0581], [-121.5755, 36.0587], [-121.5765, 36.0589]]], [[[-121.5722, 36.0584], [-121.5725, 36.0582], [-121.5722, 36.0582], [-121.5722, 36.0584]]], [[[-121.5685, 36.0585], [-121.5689, 36.0582], [-121.5685, 36.0582], [-121.5685, 36.0585]]], [[[-121.5625, 36.0586], [-121.5628, 36.0583], [-121.5625, 36.0583], [-121.5625, 36.0586]]], [[[-121.5579, 36.0586], [-121.5582, 36.0584], [-121.5578, 36.0584], [-121.5579, 36.0586]]], [[[-121.548, 36.0636], [-121.5479, 36.0615], [-121.5476, 36.0617], [-121.5466, 36.0615], [-121.5479, 36.0607], [-121.5489, 36.0615], [-121.5489, 36.0606], [-121.5499, 36.0604], [-121.5495, 36.0596], [-121.5502, 36.0598], [-121.5502, 36.0593], [-121.5492, 36.0593], [-121.5492, 36.0582], [-121.5482, 36.058], [-121.5485, 36.0588], [-121.5479, 36.0588], [-121.5489, 36.059], [-121.5492, 36.0596], [-121.5489, 36.0604], [-121.5479, 36.0604], [-121.5482, 36.0593], [-121.5475, 36.0593], [-121.5475, 36.0601], [-121.5469, 36.0596], [-121.5455, 36.0599], [-121.5452, 36.0588], [-121.5469, 36.0588], [-121.5462, 36.058], [-121.5448, 36.058], [-121.5449, 36.0591], [-121.5429, 36.0591], [-121.5422, 36.0586], [-121.5419, 36.0591], [-121.5442, 36.0599], [-121.5439, 36.061], [-121.5456, 36.0604], [-121.5462, 36.0607], [-121.5462, 36.0615], [-121.5456, 36.0615], [-121.5466, 36.0626], [-121.5463, 36.0634], [-121.548, 36.0636]], [[-121.5455, 36.0599], [-121.5452, 36.0601], [-121.5452, 36.0599], [-121.5455, 36.0599]]], [[[-121.5722, 36.0579], [-121.5725, 36.0576], [-121.5722, 36.0576], [-121.5722, 36.0579]]], [[[-121.5688, 36.0579], [-121.5692, 36.0577], [-121.5688, 36.0577], [-121.5688, 36.0579]]], [[[-121.5585, 36.0581], [-121.5592, 36.0578], [-121.5585, 36.0578], [-121.5585, 36.0581]]], [[[-121.5548, 36.0581], [-121.5552, 36.0579], [-121.5548, 36.0579], [-121.5548, 36.0581]]], [[[-121.5465, 36.0582], [-121.5468, 36.058], [-121.5465, 36.058], [-121.5465, 36.0582]]], [[[-121.5382, 36.0584], [-121.5385, 36.0581], [-121.5382, 36.0581], [-121.5382, 36.0584]]], [[[-121.5612, 36.0586], [-121.5618, 36.058], [-121.5605, 36.0575], [-121.5605, 36.0581], [-121.5612, 36.0586]]], [[[-121.5445, 36.058], [-121.5448, 36.0577], [-121.5445, 36.0577], [-121.5445, 36.058]]], [[[-121.5378, 36.0581], [-121.5382, 36.0578], [-121.5378, 36.0578], [-121.5378, 36.0581]]], [[[-121.5625, 36.0583], [-121.5625, 36.0578], [-121.5632, 36.058], [-121.5632, 36.0572], [-121.5618, 36.0575], [-121.5625, 36.0583]]], [[[-121.5545, 36.0581], [-121.5545, 36.0576], [-121.5538, 36.0573], [-121.5535, 36.0581], [-121.5545, 36.0581]]], [[[-121.5505, 36.0579], [-121.5508, 36.0574], [-121.5505, 36.0574], [-121.5505, 36.0579]]], [[[-121.5755, 36.0573], [-121.5758, 36.057], [-121.5755, 36.057], [-121.5755, 36.0573]]], [[[-121.5402, 36.0578], [-121.5405, 36.0575], [-121.5402, 36.0575], [-121.5402, 36.0578]]], [[[-121.5528, 36.0573], [-121.5532, 36.0571], [-121.5528, 36.0571], [-121.5528, 36.0573]]], [[[-121.5405, 36.0575], [-121.5408, 36.0572], [-121.5405, 36.0572], [-121.5405, 36.0575]]], [[[-121.5442, 36.0588], [-121.5442, 36.058], [-121.5422, 36.0575], [-121.5421, 36.0569], [-121.5415, 36.0572], [-121.5442, 36.0588]]], [[[-121.5622, 36.057], [-121.5625, 36.0564], [-121.5621, 36.0564], [-121.5622, 36.057]]], [[[-121.5461, 36.0569], [-121.5465, 36.0566], [-121.5461, 36.0566], [-121.5461, 36.0569]]], [[[-121.5411, 36.057], [-121.5415, 36.0567], [-121.5411, 36.0567], [-121.5411, 36.057]]], [[[-121.5541, 36.0565], [-121.5545, 36.0562], [-121.5541, 36.0563], [-121.5541, 36.0565]]], [[[-121.5498, 36.0566], [-121.5501, 36.0563], [-121.5498, 36.0563], [-121.5498, 36.0566]]], [[[-121.5478, 36.0566], [-121.5481, 36.0563], [-121.5478, 36.0563], [-121.5478, 36.0566]]], [[[-121.5418, 36.0567], [-121.5421, 36.0564], [-121.5418, 36.0564], [-121.5418, 36.0567]]], [[[-121.5638, 36.0561], [-121.5641, 36.0558], [-121.5638, 36.0559], [-121.5638, 36.0561]]], [[[-121.5441, 36.0564], [-121.5445, 36.0561], [-121.5441, 36.0561], [-121.5441, 36.0564]]], [[[-121.5415, 36.0564], [-121.5418, 36.0561], [-121.5415, 36.0561], [-121.5415, 36.0564]]], [[[-121.5628, 36.0561], [-121.5628, 36.0556], [-121.5621, 36.0556], [-121.5621, 36.0559], [-121.5628, 36.0561]]], [[[-121.5468, 36.0577], [-121.5471, 36.0563], [-121.5478, 36.0563], [-121.5471, 36.0558], [-121.5465, 36.0564], [-121.5468, 36.0577]]], [[[-121.5371, 36.0559], [-121.5375, 36.0557], [-121.5371, 36.0557], [-121.5371, 36.0559]]], [[[-121.5402, 36.0572], [-121.5408, 36.0556], [-121.5381, 36.0551], [-121.5381, 36.0562], [-121.5391, 36.0562], [-121.5391, 36.057], [-121.5402, 36.0572]], [[-121.5395, 36.0559], [-121.5391, 36.0562], [-121.5391, 36.0559], [-121.5395, 36.0559]]], [[[-121.5541, 36.0552], [-121.5544, 36.0549], [-121.5541, 36.0549], [-121.5541, 36.0552]]], [[[-121.5488, 36.0552], [-121.5491, 36.055], [-121.5488, 36.055], [-121.5488, 36.0552]]], [[[-121.5344, 36.0554], [-121.5348, 36.0552], [-121.5344, 36.0552], [-121.5344, 36.0554]]], [[[-121.5484, 36.055], [-121.5488, 36.0547], [-121.5484, 36.0547], [-121.5484, 36.055]]], [[[-121.5558, 36.0546], [-121.5561, 36.0543], [-121.5558, 36.0543], [-121.5558, 36.0546]]], [[[-121.5568, 36.0543], [-121.5571, 36.0541], [-121.5568, 36.0541], [-121.5568, 36.0543]]], [[[-121.5551, 36.0543], [-121.5554, 36.0541], [-121.5551, 36.0541], [-121.5551, 36.0543]]], [[[-121.5504, 36.0544], [-121.5508, 36.0541], [-121.5504, 36.0541], [-121.5504, 36.0544]]], [[[-121.5418, 36.0545], [-121.5421, 36.0542], [-121.5418, 36.0543], [-121.5418, 36.0545]]], [[[-121.5374, 36.0546], [-121.5378, 36.0543], [-121.5374, 36.0543], [-121.5374, 36.0546]]], [[[-121.5564, 36.0541], [-121.5568, 36.0538], [-121.5564, 36.0538], [-121.5564, 36.0541]]], [[[-121.5534, 36.0541], [-121.5538, 36.0538], [-121.5534, 36.0538], [-121.5534, 36.0541]]], [[[-121.5508, 36.0541], [-121.5511, 36.0539], [-121.5508, 36.0539], [-121.5508, 36.0541]]], [[[-121.5501, 36.0541], [-121.5504, 36.0539], [-121.5501, 36.0539], [-121.5501, 36.0541]]], [[[-121.5434, 36.0542], [-121.5438, 36.054], [-121.5434, 36.054], [-121.5434, 36.0542]]], [[[-121.5354, 36.0543], [-121.5361, 36.0543], [-121.5371, 36.054], [-121.5357, 36.0538], [-121.5354, 36.0543]]], [[[-121.5584, 36.0538], [-121.5587, 36.0535], [-121.5584, 36.0535], [-121.5584, 36.0538]]], [[[-121.5561, 36.0538], [-121.5564, 36.0535], [-121.5561, 36.0535], [-121.5561, 36.0538]]], [[[-121.5504, 36.0539], [-121.5507, 36.0536], [-121.5504, 36.0536], [-121.5504, 36.0539]]], [[[-121.5371, 36.054], [-121.5374, 36.0538], [-121.5371, 36.0538], [-121.5371, 36.054]]], [[[-121.5557, 36.0535], [-121.5561, 36.0533], [-121.5557, 36.0533], [-121.5557, 36.0535]]], [[[-121.5507, 36.0536], [-121.5511, 36.0533], [-121.5507, 36.0533], [-121.5507, 36.0536]]], [[[-121.5461, 36.0537], [-121.5464, 36.0534], [-121.5461, 36.0534], [-121.5461, 36.0537]]], [[[-121.5451, 36.0534], [-121.5454, 36.0537], [-121.5457, 36.0534], [-121.5451, 36.0534]]], [[[-121.5497, 36.0536], [-121.5504, 36.0531], [-121.5501, 36.0531], [-121.5497, 36.0536]]], [[[-121.5394, 36.0535], [-121.5397, 36.0532], [-121.5394, 36.0532], [-121.5394, 36.0535]]], [[[-121.5327, 36.0538], [-121.5331, 36.0533], [-121.5321, 36.0533], [-121.5321, 36.0536], [-121.5327, 36.0538]]], [[[-121.5561, 36.053], [-121.5564, 36.0527], [-121.5561, 36.0527], [-121.5561, 36.053]]], [[[-121.5487, 36.0531], [-121.5491, 36.0528], [-121.5487, 36.0528], [-121.5487, 36.0531]]], [[[-121.5331, 36.0533], [-121.5344, 36.053], [-121.5331, 36.053], [-121.5331, 36.0533]]], [[[-121.5317, 36.0533], [-121.5321, 36.053], [-121.5317, 36.053], [-121.5317, 36.0533]]], [[[-121.5481, 36.0528], [-121.5484, 36.0525], [-121.5481, 36.0526], [-121.5481, 36.0528]]], [[[-121.5491, 36.0523], [-121.5494, 36.052], [-121.549, 36.052], [-121.5491, 36.0523]]], [[[-121.5447, 36.0523], [-121.545, 36.0521], [-121.5447, 36.0521], [-121.5447, 36.0523]]], [[[-121.5311, 36.0525], [-121.531, 36.052], [-121.5304, 36.052], [-121.5304, 36.0522], [-121.5311, 36.0525]]], [[[-121.533, 36.0522], [-121.5334, 36.0519], [-121.533, 36.0519], [-121.533, 36.0522]]], [[[-121.5517, 36.0517], [-121.552, 36.0514], [-121.5517, 36.0514], [-121.5517, 36.0517]]], [[[-121.543, 36.0518], [-121.544, 36.0515], [-121.543, 36.0515], [-121.543, 36.0518]]], [[[-121.53, 36.052], [-121.5304, 36.0517], [-121.53, 36.0517], [-121.53, 36.052]]], [[[-121.5504, 36.0517], [-121.5504, 36.0512], [-121.5494, 36.0512], [-121.5494, 36.0515], [-121.5504, 36.0517]]], [[[-121.5444, 36.0515], [-121.5447, 36.0512], [-121.5444, 36.0512], [-121.5444, 36.0515]]], [[[-121.54, 36.0516], [-121.5404, 36.0513], [-121.54, 36.0513], [-121.54, 36.0516]]], [[[-121.5377, 36.0513], [-121.538, 36.0511], [-121.5377, 36.0511], [-121.5377, 36.0513]]], [[[-121.5327, 36.0511], [-121.533, 36.0514], [-121.5337, 36.0511], [-121.5327, 36.0511]]], [[[-121.5424, 36.0515], [-121.5424, 36.0507], [-121.542, 36.0507], [-121.5417, 36.0516], [-121.5424, 36.0515]]], [[[-121.5364, 36.0511], [-121.5367, 36.0508], [-121.5364, 36.0508], [-121.5364, 36.0511]]], [[[-121.5477, 36.0515], [-121.5484, 36.0509], [-121.548, 36.0504], [-121.5464, 36.0512], [-121.5477, 36.0515]]], [[[-121.5394, 36.0513], [-121.5397, 36.0508], [-121.538, 36.0508], [-121.538, 36.0511], [-121.5394, 36.0513]]], [[[-121.5367, 36.0508], [-121.5373, 36.0505], [-121.5367, 36.0505], [-121.5367, 36.0508]]], [[[-121.5327, 36.0509], [-121.5323, 36.0503], [-121.5317, 36.0503], [-121.5317, 36.0509], [-121.5327, 36.0509]]], [[[-121.548, 36.0504], [-121.5483, 36.0501], [-121.548, 36.0501], [-121.548, 36.0504]]], [[[-121.542, 36.0505], [-121.5423, 36.0502], [-121.542, 36.0502], [-121.542, 36.0505]]], [[[-121.5314, 36.052], [-121.5317, 36.0511], [-121.531, 36.0501], [-121.5304, 36.0509], [-121.531, 36.0509], [-121.5307, 36.0517], [-121.5314, 36.052]]], [[[-121.5494, 36.0504], [-121.5497, 36.0498], [-121.5493, 36.0498], [-121.5494, 36.0504]]], [[[-121.546, 36.0504], [-121.546, 36.0499], [-121.545, 36.0499], [-121.545, 36.0502], [-121.546, 36.0504]]], [[[-121.5377, 36.0503], [-121.538, 36.05], [-121.5377, 36.05], [-121.5377, 36.0503]]], [[[-121.5337, 36.0503], [-121.534, 36.05], [-121.5337, 36.05], [-121.5337, 36.0503]]], [[[-121.5327, 36.0503], [-121.5333, 36.05], [-121.5327, 36.0501], [-121.5327, 36.0503]]], [[[-121.5283, 36.0504], [-121.5287, 36.0501], [-121.5283, 36.0501], [-121.5283, 36.0504]]], [[[-121.5513, 36.0501], [-121.551, 36.0495], [-121.5503, 36.0496], [-121.5507, 36.0501], [-121.5513, 36.0501]]], [[[-121.5613, 36.0497], [-121.562, 36.0494], [-121.5613, 36.0494], [-121.5613, 36.0497]]], [[[-121.5347, 36.05], [-121.5353, 36.0497], [-121.5347, 36.0498], [-121.5347, 36.05]]], [[[-121.5383, 36.05], [-121.5387, 36.0494], [-121.5383, 36.0494], [-121.5383, 36.05]]], [[[-121.534, 36.05], [-121.5343, 36.0495], [-121.534, 36.0495], [-121.534, 36.05]]], [[[-121.5323, 36.0501], [-121.532, 36.0495], [-121.5313, 36.0495], [-121.5317, 36.0501], [-121.5323, 36.0501]]], [[[-121.5587, 36.0494], [-121.559, 36.0492], [-121.5587, 36.0492], [-121.5587, 36.0494]]], [[[-121.5297, 36.0506], [-121.5297, 36.0493], [-121.529, 36.0493], [-121.5287, 36.0501], [-121.5297, 36.0506]]], [[[-121.5653, 36.0491], [-121.5657, 36.0488], [-121.5653, 36.0488], [-121.5653, 36.0491]]], [[[-121.564, 36.0491], [-121.5643, 36.0488], [-121.564, 36.0488], [-121.564, 36.0491]]], [[[-121.5627, 36.0491], [-121.563, 36.0488], [-121.5627, 36.0488], [-121.5627, 36.0491]]], [[[-121.547, 36.0493], [-121.5473, 36.0491], [-121.547, 36.0491], [-121.547, 36.0493]]], [[[-121.5387, 36.0494], [-121.539, 36.0492], [-121.5387, 36.0492], [-121.5387, 36.0494]]], [[[-121.5343, 36.0495], [-121.5347, 36.0492], [-121.5343, 36.0492], [-121.5343, 36.0495]]], [[[-121.561, 36.0497], [-121.5617, 36.0489], [-121.56, 36.0486], [-121.5607, 36.0489], [-121.561, 36.0497]]], [[[-121.5567, 36.0489], [-121.557, 36.0487], [-121.5567, 36.0487], [-121.5567, 36.0489]]], [[[-121.538, 36.0492], [-121.5383, 36.0489], [-121.538, 36.0489], [-121.538, 36.0492]]], [[[-121.5634, 36.0502], [-121.5633, 36.0496], [-121.565, 36.0496], [-121.565, 36.0483], [-121.5643, 36.0486], [-121.5647, 36.0494], [-121.564, 36.0491], [-121.5637, 36.0491], [-121.5637, 36.0494], [-121.563, 36.0494], [-121.5634, 36.0502]]], [[[-121.5637, 36.0486], [-121.5633, 36.048], [-121.5626, 36.0483], [-121.5627, 36.0486], [-121.5637, 36.0486]]], [[[-121.562, 36.0483], [-121.5623, 36.048], [-121.562, 36.048], [-121.562, 36.0483]]], [[[-121.561, 36.0483], [-121.5613, 36.0481], [-121.561, 36.0481], [-121.561, 36.0483]]], [[[-121.5473, 36.0485], [-121.5483, 36.0482], [-121.5473, 36.0482], [-121.5473, 36.0485]]], [[[-121.5373, 36.0486], [-121.5376, 36.0484], [-121.5373, 36.0484], [-121.5373, 36.0486]]], [[[-121.546, 36.0496], [-121.5466, 36.0485], [-121.545, 36.048], [-121.5447, 36.0491], [-121.546, 36.0496]]], [[[-121.5573, 36.0484], [-121.5576, 36.0478], [-121.5573, 36.0478], [-121.5573, 36.0484]]], [[[-121.5643, 36.048], [-121.5646, 36.0477], [-121.5643, 36.0477], [-121.5643, 36.048]]], [[[-121.537, 36.0484], [-121.5373, 36.0481], [-121.537, 36.0481], [-121.537, 36.0484]]], [[[-121.5616, 36.0481], [-121.562, 36.0475], [-121.5616, 36.0475], [-121.5616, 36.0481]]], [[[-121.531, 36.0482], [-121.5313, 36.0479], [-121.531, 36.0479], [-121.531, 36.0482]]], [[[-121.5603, 36.0475], [-121.561, 36.0478], [-121.561, 36.0472], [-121.5603, 36.0475]]], [[[-121.547, 36.048], [-121.5466, 36.0474], [-121.5456, 36.0475], [-121.546, 36.048], [-121.547, 36.048]]], [[[-121.5407, 36.0489], [-121.5416, 36.048], [-121.5413, 36.0475], [-121.54, 36.0483], [-121.5407, 36.0489]]], [[[-121.5593, 36.0475], [-121.5596, 36.0473], [-121.5593, 36.0473], [-121.5593, 36.0475]]], [[[-121.5673, 36.0474], [-121.5673, 36.0469], [-121.5666, 36.0469], [-121.5666, 36.0472], [-121.5673, 36.0474]]], [[[-121.5576, 36.0473], [-121.5586, 36.047], [-121.5576, 36.047], [-121.5576, 36.0473]]], [[[-121.545, 36.0475], [-121.5453, 36.0472], [-121.545, 36.0472], [-121.545, 36.0475]]], [[[-121.5316, 36.0476], [-121.532, 36.0474], [-121.5316, 36.0474], [-121.5316, 36.0476]]], [[[-121.5526, 36.0479], [-121.5526, 36.0468], [-121.5516, 36.0471], [-121.5516, 36.0474], [-121.5526, 36.0479]]], [[[-121.5446, 36.0472], [-121.5449, 36.0469], [-121.5446, 36.0469], [-121.5446, 36.0472]]], [[[-121.5356, 36.0473], [-121.5359, 36.047], [-121.5356, 36.047], [-121.5356, 36.0473]]], [[[-121.5336, 36.0473], [-121.5339, 36.0471], [-121.5336, 36.0471], [-121.5336, 36.0473]]], [[[-121.5629, 36.0467], [-121.5633, 36.0464], [-121.5629, 36.0464], [-121.5629, 36.0467]]], [[[-121.5553, 36.0468], [-121.5556, 36.0465], [-121.5553, 36.0465], [-121.5553, 36.0468]]], [[[-121.5489, 36.0469], [-121.5493, 36.0466], [-121.5489, 36.0466], [-121.5489, 36.0469]]], [[[-121.5593, 36.047], [-121.5596, 36.0462], [-121.5589, 36.0462], [-121.5593, 36.047]]], [[[-121.5396, 36.0483], [-121.5406, 36.0472], [-121.5406, 36.0464], [-121.5396, 36.0465], [-121.5393, 36.0475], [-121.5383, 36.0473], [-121.5386, 36.0484], [-121.5396, 36.0483]], [[-121.5399, 36.047], [-121.5396, 36.0473], [-121.5396, 36.047], [-121.5399, 36.047]]], [[[-121.535, 36.0481], [-121.5356, 36.0476], [-121.5356, 36.0473], [-121.5353, 36.0473], [-121.5356, 36.0465], [-121.5343, 36.0468], [-121.535, 36.0481]]], [[[-121.5566, 36.0465], [-121.5569, 36.0462], [-121.5566, 36.0462], [-121.5566, 36.0465]]], [[[-121.5536, 36.0465], [-121.5539, 36.0463], [-121.5536, 36.0463], [-121.5536, 36.0465]]], [[[-121.5493, 36.0466], [-121.5496, 36.0463], [-121.5493, 36.0463], [-121.5493, 36.0466]]], [[[-121.5463, 36.0466], [-121.5466, 36.0464], [-121.5463, 36.0464], [-121.5463, 36.0466]]], [[[-121.5363, 36.0468], [-121.5366, 36.0465], [-121.5363, 36.0465], [-121.5363, 36.0468]]], [[[-121.5549, 36.0468], [-121.5553, 36.0462], [-121.5539, 36.046], [-121.5539, 36.0463], [-121.5549, 36.0468]]], [[[-121.5516, 36.0466], [-121.5523, 36.046], [-121.5519, 36.046], [-121.5516, 36.0466]]], [[[-121.5323, 36.0468], [-121.5329, 36.0465], [-121.5323, 36.0463], [-121.5323, 36.0468]]], [[[-121.5599, 36.0459], [-121.5603, 36.0462], [-121.5609, 36.0459], [-121.5599, 36.0459]]], [[[-121.5553, 36.0462], [-121.5556, 36.046], [-121.5553, 36.046], [-121.5553, 36.0462]]], [[[-121.5456, 36.0466], [-121.5453, 36.0458], [-121.5443, 36.0461], [-121.5446, 36.0467], [-121.5456, 36.0466]]], [[[-121.5633, 36.0459], [-121.5636, 36.0456], [-121.5633, 36.0456], [-121.5633, 36.0459]]], [[[-121.5619, 36.0459], [-121.5629, 36.0456], [-121.5619, 36.0456], [-121.5619, 36.0459]]], [[[-121.5579, 36.0459], [-121.5583, 36.0457], [-121.5579, 36.0457], [-121.5579, 36.0459]]], [[[-121.5549, 36.046], [-121.5553, 36.0457], [-121.5549, 36.0457], [-121.5549, 36.046]]], [[[-121.5463, 36.0461], [-121.5466, 36.0458], [-121.5463, 36.0458], [-121.5463, 36.0461]]], [[[-121.5456, 36.0461], [-121.5459, 36.0458], [-121.5456, 36.0458], [-121.5456, 36.0461]]], [[[-121.5256, 36.0464], [-121.5259, 36.0461], [-121.5256, 36.0461], [-121.5256, 36.0464]]], [[[-121.5436, 36.0469], [-121.5433, 36.0459], [-121.5416, 36.0459], [-121.5416, 36.0462], [-121.5436, 36.0469]]], [[[-121.5629, 36.0456], [-121.5633, 36.0453], [-121.5629, 36.0453], [-121.5629, 36.0456]]], [[[-121.5453, 36.0458], [-121.5456, 36.0456], [-121.5453, 36.0456], [-121.5453, 36.0458]]], [[[-121.5406, 36.0459], [-121.5413, 36.0456], [-121.5406, 36.0456], [-121.5406, 36.0459]]], [[[-121.5503, 36.046], [-121.5502, 36.0452], [-121.5492, 36.0452], [-121.5493, 36.0455], [-121.5503, 36.046]]], [[[-121.5533, 36.0457], [-121.5536, 36.0452], [-121.5532, 36.0452], [-121.5533, 36.0457]]], [[[-121.5393, 36.0465], [-121.5393, 36.0459], [-121.5403, 36.0459], [-121.5402, 36.0454], [-121.5389, 36.0457], [-121.5393, 36.0465]]], [[[-121.5386, 36.0459], [-121.5382, 36.0454], [-121.5376, 36.0454], [-121.5379, 36.0459], [-121.5386, 36.0459]]], [[[-121.5619, 36.0453], [-121.5626, 36.0451], [-121.5619, 36.0451], [-121.5619, 36.0453]]], [[[-121.5596, 36.0454], [-121.5599, 36.0451], [-121.5596, 36.0451], [-121.5596, 36.0454]]], [[[-121.5369, 36.0457], [-121.5372, 36.0454], [-121.5369, 36.0454], [-121.5369, 36.0457]]], [[[-121.5443, 36.0461], [-121.5449, 36.0456], [-121.5449, 36.045], [-121.5432, 36.0453], [-121.5443, 36.0461]], [[-121.5446, 36.0453], [-121.5443, 36.0456], [-121.5442, 36.0453], [-121.5446, 36.0453]]], [[[-121.5629, 36.0451], [-121.5632, 36.0448], [-121.5629, 36.0448], [-121.5629, 36.0451]]], [[[-121.5592, 36.0451], [-121.5596, 36.0448], [-121.5592, 36.0448], [-121.5592, 36.0451]]], [[[-121.5536, 36.0452], [-121.5539, 36.0449], [-121.5536, 36.0449], [-121.5536, 36.0452]]], [[[-121.5489, 36.0452], [-121.5492, 36.045], [-121.5489, 36.045], [-121.5489, 36.0452]]], [[[-121.5402, 36.0454], [-121.5406, 36.0451], [-121.5402, 36.0451], [-121.5402, 36.0454]]], [[[-121.5386, 36.0454], [-121.5389, 36.0451], [-121.5386, 36.0451], [-121.5386, 36.0454]]], [[[-121.5366, 36.0454], [-121.5369, 36.0451], [-121.5366, 36.0451], [-121.5366, 36.0454]]], [[[-121.5722, 36.0447], [-121.5726, 36.0444], [-121.5722, 36.0444], [-121.5722, 36.0447]]], [[[-121.5626, 36.0448], [-121.5629, 36.0445], [-121.5626, 36.0445], [-121.5626, 36.0448]]], [[[-121.5509, 36.0455], [-121.5516, 36.0449], [-121.5502, 36.0444], [-121.5502, 36.045], [-121.5509, 36.0455]]], [[[-121.5496, 36.045], [-121.5499, 36.0444], [-121.5496, 36.0444], [-121.5496, 36.045]]], [[[-121.5629, 36.0445], [-121.5632, 36.0442], [-121.5629, 36.0443], [-121.5629, 36.0445]]], [[[-121.5622, 36.0445], [-121.5626, 36.0443], [-121.5622, 36.0443], [-121.5622, 36.0445]]], [[[-121.5599, 36.0446], [-121.5602, 36.0443], [-121.5599, 36.0443], [-121.5599, 36.0446]]], [[[-121.5556, 36.0446], [-121.5559, 36.0443], [-121.5556, 36.0444], [-121.5556, 36.0446]]], [[[-121.5702, 36.0444], [-121.5709, 36.0441], [-121.5702, 36.0439], [-121.5702, 36.0444]]], [[[-121.5409, 36.0448], [-121.5416, 36.0445], [-121.5409, 36.0443], [-121.5409, 36.0448]]], [[[-121.5596, 36.0443], [-121.5599, 36.044], [-121.5596, 36.044], [-121.5596, 36.0443]]], [[[-121.5482, 36.0444], [-121.5489, 36.0442], [-121.5482, 36.0442], [-121.5482, 36.0444]]], [[[-121.5342, 36.0446], [-121.5346, 36.0444], [-121.5342, 36.0444], [-121.5342, 36.0446]]], [[[-121.5522, 36.0444], [-121.5526, 36.0439], [-121.5522, 36.0439], [-121.5522, 36.0444]]], [[[-121.5349, 36.0446], [-121.5359, 36.0443], [-121.5349, 36.0441], [-121.5349, 36.0446]]], [[[-121.5589, 36.044], [-121.5592, 36.0438], [-121.5589, 36.0438], [-121.5589, 36.044]]], [[[-121.5532, 36.0441], [-121.5536, 36.0438], [-121.5532, 36.0438], [-121.5532, 36.0441]]], [[[-121.5479, 36.0442], [-121.5482, 36.0439], [-121.5479, 36.0439], [-121.5479, 36.0442]]], [[[-121.5402, 36.0443], [-121.5406, 36.044], [-121.5402, 36.044], [-121.5402, 36.0443]]], [[[-121.5629, 36.044], [-121.5629, 36.0434], [-121.5619, 36.0437], [-121.5619, 36.044], [-121.5629, 36.044]]], [[[-121.5306, 36.0444], [-121.5312, 36.0441], [-121.5305, 36.0439], [-121.5306, 36.0444]]], [[[-121.5586, 36.0438], [-121.5589, 36.0435], [-121.5585, 36.0435], [-121.5586, 36.0438]]], [[[-121.5536, 36.0438], [-121.5539, 36.0436], [-121.5535, 36.0436], [-121.5536, 36.0438]]], [[[-121.5512, 36.0439], [-121.5515, 36.0436], [-121.5512, 36.0436], [-121.5512, 36.0439]]], [[[-121.5492, 36.0439], [-121.5495, 36.0436], [-121.5492, 36.0436], [-121.5492, 36.0439]]], [[[-121.5502, 36.0444], [-121.5502, 36.0433], [-121.5499, 36.0433], [-121.5496, 36.0442], [-121.5502, 36.0444]]], [[[-121.5339, 36.0446], [-121.5339, 36.0438], [-121.5332, 36.0444], [-121.5322, 36.0436], [-121.5322, 36.0444], [-121.5339, 36.0446]]], [[[-121.5369, 36.0446], [-121.5375, 36.0438], [-121.5369, 36.0435], [-121.5369, 36.0446]]], [[[-121.5359, 36.0441], [-121.5362, 36.0435], [-121.5359, 36.0435], [-121.5359, 36.0441]]], [[[-121.5312, 36.0441], [-121.5319, 36.0436], [-121.5315, 36.0436], [-121.5312, 36.0441]]], [[[-121.5642, 36.0434], [-121.5645, 36.0432], [-121.5642, 36.0432], [-121.5642, 36.0434]]], [[[-121.5609, 36.0435], [-121.5612, 36.0432], [-121.5609, 36.0432], [-121.5609, 36.0435]]], [[[-121.5515, 36.0436], [-121.5519, 36.0433], [-121.5515, 36.0433], [-121.5515, 36.0436]]], [[[-121.5469, 36.0437], [-121.5472, 36.0434], [-121.5469, 36.0434], [-121.5469, 36.0437]]], [[[-121.5432, 36.0437], [-121.5435, 36.0434], [-121.5432, 36.0434], [-121.5432, 36.0437]]], [[[-121.5405, 36.0437], [-121.5409, 36.0435], [-121.5405, 36.0435], [-121.5405, 36.0437]]], [[[-121.5382, 36.0438], [-121.5379, 36.0432], [-121.5372, 36.0432], [-121.5375, 36.0438], [-121.5382, 36.0438]]], [[[-121.5695, 36.0431], [-121.5699, 36.0428], [-121.5695, 36.0428], [-121.5695, 36.0431]]], [[[-121.5612, 36.0432], [-121.5615, 36.0429], [-121.5612, 36.0429], [-121.5612, 36.0432]]], [[[-121.5362, 36.0435], [-121.5365, 36.0433], [-121.5362, 36.0433], [-121.5362, 36.0435]]], [[[-121.5422, 36.0437], [-121.5422, 36.0429], [-121.5412, 36.0429], [-121.5412, 36.0437], [-121.5422, 36.0437]]], [[[-121.5639, 36.0432], [-121.5642, 36.0426], [-121.5639, 36.0426], [-121.5639, 36.0432]]], [[[-121.5692, 36.0428], [-121.5695, 36.0425], [-121.5692, 36.0425], [-121.5692, 36.0428]]], [[[-121.5649, 36.0429], [-121.5652, 36.0426], [-121.5649, 36.0426], [-121.5649, 36.0429]]], [[[-121.5485, 36.0431], [-121.5489, 36.0428], [-121.5485, 36.0428], [-121.5485, 36.0431]]], [[[-121.5389, 36.0432], [-121.5395, 36.0429], [-121.5389, 36.043], [-121.5389, 36.0432]]], [[[-121.5345, 36.0433], [-121.5349, 36.043], [-121.5345, 36.043], [-121.5345, 36.0433]]], [[[-121.5675, 36.0434], [-121.5679, 36.0428], [-121.5669, 36.0423], [-121.5665, 36.0429], [-121.5675, 36.0434]]], [[[-121.5689, 36.0426], [-121.5692, 36.0423], [-121.5689, 36.0423], [-121.5689, 36.0426]]], [[[-121.5652, 36.0426], [-121.5662, 36.0423], [-121.5652, 36.0423], [-121.5652, 36.0426]]], [[[-121.5565, 36.0427], [-121.5569, 36.0424], [-121.5565, 36.0424], [-121.5565, 36.0427]]], [[[-121.5532, 36.0428], [-121.5535, 36.0425], [-121.5532, 36.0425], [-121.5532, 36.0428]]], [[[-121.5479, 36.0428], [-121.5482, 36.0426], [-121.5479, 36.0426], [-121.5479, 36.0428]]], [[[-121.5402, 36.0429], [-121.5405, 36.0427], [-121.5402, 36.0427], [-121.5402, 36.0429]]], [[[-121.5275, 36.0431], [-121.5279, 36.0428], [-121.5275, 36.0428], [-121.5275, 36.0431]]], [[[-121.5282, 36.0431], [-121.5289, 36.0425], [-121.5285, 36.0425], [-121.5282, 36.0431]]], [[[-121.5692, 36.0423], [-121.5695, 36.042], [-121.5692, 36.042], [-121.5692, 36.0423]]], [[[-121.5555, 36.0425], [-121.5559, 36.0422], [-121.5555, 36.0422], [-121.5555, 36.0425]]], [[[-121.5529, 36.0425], [-121.5532, 36.0422], [-121.5529, 36.0422], [-121.5529, 36.0425]]], [[[-121.5502, 36.0425], [-121.5505, 36.0423], [-121.5502, 36.0423], [-121.5502, 36.0425]]], [[[-121.5372, 36.0427], [-121.5379, 36.0424], [-121.5372, 36.0424], [-121.5372, 36.0427]]], [[[-121.5365, 36.0427], [-121.5369, 36.0424], [-121.5365, 36.0424], [-121.5365, 36.0427]]], [[[-121.5262, 36.0428], [-121.5265, 36.0426], [-121.5262, 36.0426], [-121.5262, 36.0428]]], [[[-121.5519, 36.043], [-121.5529, 36.0425], [-121.5518, 36.042], [-121.5519, 36.043]]], [[[-121.5489, 36.0428], [-121.5492, 36.042], [-121.5488, 36.042], [-121.5489, 36.0428]]], [[[-121.5422, 36.0424], [-121.5425, 36.0421], [-121.5422, 36.0421], [-121.5422, 36.0424]]], [[[-121.5389, 36.0424], [-121.5392, 36.0421], [-121.5388, 36.0421], [-121.5389, 36.0424]]], [[[-121.5299, 36.0425], [-121.5302, 36.0423], [-121.5298, 36.0423], [-121.5299, 36.0425]]], [[[-121.5289, 36.0425], [-121.5292, 36.0423], [-121.5288, 36.0423], [-121.5289, 36.0425]]], [[[-121.5272, 36.0426], [-121.5275, 36.0423], [-121.5272, 36.0423], [-121.5272, 36.0426]]], [[[-121.5259, 36.0426], [-121.5262, 36.042], [-121.5258, 36.042], [-121.5259, 36.0426]]], [[[-121.5438, 36.0421], [-121.5442, 36.0418], [-121.5438, 36.0418], [-121.5438, 36.0421]]], [[[-121.5392, 36.0421], [-121.5402, 36.0419], [-121.5392, 36.0419], [-121.5392, 36.0421]]], [[[-121.5365, 36.0422], [-121.5368, 36.0419], [-121.5365, 36.0419], [-121.5365, 36.0422]]], [[[-121.5275, 36.0423], [-121.5278, 36.042], [-121.5275, 36.042], [-121.5275, 36.0423]]], [[[-121.5512, 36.042], [-121.5515, 36.0414], [-121.5512, 36.0414], [-121.5512, 36.042]]], [[[-121.5375, 36.0422], [-121.5378, 36.0416], [-121.5375, 36.0416], [-121.5375, 36.0422]]], [[[-121.5518, 36.0417], [-121.5525, 36.0414], [-121.5518, 36.0414], [-121.5518, 36.0417]]], [[[-121.5498, 36.0417], [-121.5502, 36.0415], [-121.5498, 36.0415], [-121.5498, 36.0417]]], [[[-121.5442, 36.0418], [-121.5445, 36.0415], [-121.5442, 36.0415], [-121.5442, 36.0418]]], [[[-121.5388, 36.0419], [-121.5392, 36.0416], [-121.5388, 36.0416], [-121.5388, 36.0419]]], [[[-121.5548, 36.0414], [-121.5552, 36.0411], [-121.5548, 36.0411], [-121.5548, 36.0414]]], [[[-121.5432, 36.0415], [-121.5435, 36.041], [-121.5432, 36.041], [-121.5432, 36.0415]]], [[[-121.5562, 36.0408], [-121.5565, 36.0411], [-121.5568, 36.0408], [-121.5562, 36.0408]]], [[[-121.5325, 36.0414], [-121.5328, 36.0411], [-121.5325, 36.0411], [-121.5325, 36.0414]]], [[[-121.5458, 36.041], [-121.5462, 36.0407], [-121.5458, 36.0407], [-121.5458, 36.041]]], [[[-121.5428, 36.041], [-121.5432, 36.0407], [-121.5428, 36.0407], [-121.5428, 36.041]]], [[[-121.5508, 36.0414], [-121.5515, 36.0409], [-121.5511, 36.0404], [-121.5502, 36.0409], [-121.5508, 36.0414]]], [[[-121.5408, 36.041], [-121.5405, 36.0405], [-121.5395, 36.0405], [-121.5395, 36.0411], [-121.5408, 36.041]]], [[[-121.5668, 36.0404], [-121.5671, 36.0401], [-121.5668, 36.0401], [-121.5668, 36.0404]]], [[[-121.5578, 36.0405], [-121.5581, 36.0403], [-121.5578, 36.0403], [-121.5578, 36.0405]]], [[[-121.5455, 36.0407], [-121.5458, 36.0404], [-121.5455, 36.0404], [-121.5455, 36.0407]]], [[[-121.5448, 36.0407], [-121.5451, 36.0404], [-121.5448, 36.0404], [-121.5448, 36.0407]]], [[[-121.5422, 36.0407], [-121.5428, 36.0405], [-121.5421, 36.0405], [-121.5422, 36.0407]]], [[[-121.5535, 36.0417], [-121.5542, 36.0406], [-121.5548, 36.0408], [-121.5551, 36.0403], [-121.5531, 36.0401], [-121.5538, 36.0406], [-121.5532, 36.0406], [-121.5525, 36.0412], [-121.5535, 36.0417]], [[-121.5535, 36.0409], [-121.5532, 36.0411], [-121.5532, 36.0409], [-121.5535, 36.0409]]], [[[-121.5292, 36.0409], [-121.5298, 36.0404], [-121.5295, 36.0404], [-121.5292, 36.0409]]], [[[-121.5431, 36.0405], [-121.5435, 36.0402], [-121.5431, 36.0402], [-121.5431, 36.0405]]], [[[-121.5315, 36.0406], [-121.5318, 36.0403], [-121.5315, 36.0403], [-121.5315, 36.0406]]], [[[-121.5355, 36.0406], [-121.5358, 36.04], [-121.5355, 36.04], [-121.5355, 36.0406]]], [[[-121.5655, 36.0399], [-121.5658, 36.0396], [-121.5655, 36.0396], [-121.5655, 36.0399]]], [[[-121.5541, 36.04], [-121.5545, 36.0398], [-121.5541, 36.0398], [-121.5541, 36.04]]], [[[-121.5521, 36.0401], [-121.5525, 36.0398], [-121.5521, 36.0398], [-121.5521, 36.0401]]], [[[-121.5658, 36.0396], [-121.5661, 36.0393], [-121.5658, 36.0394], [-121.5658, 36.0396]]], [[[-121.5651, 36.0396], [-121.5655, 36.0394], [-121.5651, 36.0394], [-121.5651, 36.0396]]], [[[-121.5528, 36.0398], [-121.5535, 36.0395], [-121.5528, 36.0395], [-121.5528, 36.0398]]], [[[-121.5421, 36.0399], [-121.5425, 36.0397], [-121.5421, 36.0397], [-121.5421, 36.0399]]], [[[-121.5401, 36.04], [-121.5405, 36.0397], [-121.5401, 36.0397], [-121.5401, 36.04]]], [[[-121.5348, 36.0414], [-121.5342, 36.0409], [-121.5345, 36.04], [-121.5328, 36.0395], [-121.5338, 36.0406], [-121.5335, 36.0414], [-121.5348, 36.0414]]], [[[-121.5308, 36.0401], [-121.5315, 36.0395], [-121.5311, 36.0395], [-121.5308, 36.0401]]], [[[-121.5471, 36.0396], [-121.5475, 36.0393], [-121.5471, 36.0393], [-121.5471, 36.0396]]], [[[-121.5428, 36.0397], [-121.5431, 36.0394], [-121.5428, 36.0394], [-121.5428, 36.0397]]], [[[-121.5305, 36.0398], [-121.5308, 36.0395], [-121.5305, 36.0396], [-121.5305, 36.0398]]], [[[-121.5318, 36.0403], [-121.5321, 36.0393], [-121.5318, 36.0393], [-121.5318, 36.0403]]], [[[-121.5685, 36.039], [-121.5688, 36.0388], [-121.5685, 36.0388], [-121.5685, 36.039]]], [[[-121.5421, 36.0394], [-121.5428, 36.0391], [-121.5421, 36.0391], [-121.5421, 36.0394]]], [[[-121.5508, 36.039], [-121.5511, 36.0387], [-121.5508, 36.0387], [-121.5508, 36.039]]], [[[-121.5704, 36.0385], [-121.5708, 36.0382], [-121.5704, 36.0382], [-121.5704, 36.0385]]], [[[-121.5558, 36.0387], [-121.5561, 36.0384], [-121.5558, 36.0384], [-121.5558, 36.0387]]], [[[-121.5498, 36.0388], [-121.5501, 36.0385], [-121.5498, 36.0385], [-121.5498, 36.0388]]], [[[-121.5491, 36.0388], [-121.5494, 36.0385], [-121.5491, 36.0385], [-121.5491, 36.0388]]], [[[-121.5514, 36.0387], [-121.5524, 36.0385], [-121.5514, 36.0382], [-121.5514, 36.0387]]], [[[-121.5551, 36.0384], [-121.5554, 36.0381], [-121.5551, 36.0381], [-121.5551, 36.0384]]], [[[-121.5534, 36.0382], [-121.5538, 36.0379], [-121.5534, 36.0379], [-121.5534, 36.0382]]], [[[-121.5511, 36.0382], [-121.5514, 36.0379], [-121.5511, 36.0379], [-121.5511, 36.0382]]], [[[-121.5318, 36.0385], [-121.5321, 36.0382], [-121.5318, 36.0382], [-121.5318, 36.0385]]], [[[-121.5538, 36.0379], [-121.5541, 36.0376], [-121.5538, 36.0376], [-121.5538, 36.0379]]], [[[-121.5418, 36.0378], [-121.5421, 36.0375], [-121.5418, 36.0375], [-121.5418, 36.0378]]], [[[-121.5448, 36.0372], [-121.5451, 36.0369], [-121.5447, 36.0369], [-121.5448, 36.0372]]], [[[-121.5314, 36.0371], [-121.5321, 36.0368], [-121.5314, 36.0368], [-121.5314, 36.0371]]], [[[-121.5697, 36.0361], [-121.5701, 36.0358], [-121.5697, 36.0358], [-121.5697, 36.0361]]], [[[-121.5324, 36.0366], [-121.5327, 36.0363], [-121.5324, 36.0363], [-121.5324, 36.0366]]], [[[-121.5297, 36.0366], [-121.5301, 36.0363], [-121.5297, 36.0363], [-121.5297, 36.0366]]], [[[-121.5536, 36.0293], [-121.5539, 36.029], [-121.5536, 36.029], [-121.5536, 36.0293]]], [[[-121.5599, 36.0292], [-121.5602, 36.0284], [-121.5592, 36.0278], [-121.5589, 36.0284], [-121.5599, 36.0292]]], [[[-121.4561, 35.9881], [-121.4565, 35.9878], [-121.4561, 35.9878], [-121.4561, 35.9881]]], [[[-121.4491, 35.9882], [-121.4495, 35.9874], [-121.4488, 35.9874], [-121.4491, 35.9882]]], [[[-121.4564, 35.9859], [-121.4568, 35.9857], [-121.4564, 35.9857], [-121.4564, 35.9859]]], [[[-121.4481, 35.9852], [-121.4484, 35.985], [-121.4481, 35.985], [-121.4481, 35.9852]]], [[[-121.4444, 35.985], [-121.4448, 35.9847], [-121.4444, 35.9847], [-121.4444, 35.985]]], [[[-121.4447, 35.9831], [-121.445, 35.9826], [-121.4447, 35.9826], [-121.4447, 35.9831]]], [[[-121.4424, 35.9815], [-121.4427, 35.9813], [-121.4424, 35.9813], [-121.4424, 35.9815]]], [[[-121.4417, 35.9813], [-121.442, 35.981], [-121.4417, 35.981], [-121.4417, 35.9813]]]]}, "properties": {"layer": "high_severity"}}, {"type": "Feature", "geometry": {"type": "MultiPolygon", "coordinates": [[[[-121.6249, 36.156], [-121.6253, 36.1557], [-121.6249, 36.1557], [-121.6249, 36.156]]], [[[-121.619, 36.1102], [-121.6193, 36.1099], [-121.619, 36.1099], [-121.619, 36.1102]]], [[[-121.6196, 36.1096], [-121.6199, 36.1091], [-121.6196, 36.1091], [-121.6196, 36.1096]]], [[[-121.5837, 36.0826], [-121.584, 36.0823], [-121.5837, 36.0823], [-121.5837, 36.0826]]], [[[-121.5867, 36.0825], [-121.5863, 36.0812], [-121.586, 36.0812], [-121.5854, 36.0823], [-121.5867, 36.0825]]], [[[-121.5847, 36.0823], [-121.5847, 36.0818], [-121.585, 36.0812], [-121.5843, 36.0815], [-121.5847, 36.0823]]], [[[-121.5863, 36.0809], [-121.5867, 36.0807], [-121.5863, 36.0807], [-121.5863, 36.0809]]], [[[-121.5917, 36.0806], [-121.592, 36.0803], [-121.5917, 36.0803], [-121.5917, 36.0806]]], [[[-121.5923, 36.0803], [-121.5926, 36.08], [-121.5923, 36.08], [-121.5923, 36.0803]]], [[[-121.5929, 36.0741], [-121.5932, 36.0738], [-121.5929, 36.0738], [-121.5929, 36.0741]]], [[[-121.5628, 36.0726], [-121.5628, 36.0721], [-121.5618, 36.0721], [-121.5618, 36.0726], [-121.5628, 36.0726]]], [[[-121.5607, 36.068], [-121.561, 36.0672], [-121.5604, 36.067], [-121.56, 36.0675], [-121.5607, 36.068]]], [[[-121.559, 36.067], [-121.5597, 36.0664], [-121.5593, 36.0664], [-121.559, 36.067]]], [[[-121.5577, 36.0662], [-121.558, 36.0659], [-121.5577, 36.0659], [-121.5577, 36.0662]]], [[[-121.5573, 36.0659], [-121.5577, 36.0654], [-121.5573, 36.0654], [-121.5573, 36.0659]]], [[[-121.568, 36.065], [-121.5683, 36.0647], [-121.568, 36.0647], [-121.568, 36.065]]], [[[-121.5573, 36.0648], [-121.5576, 36.0646], [-121.5573, 36.0646], [-121.5573, 36.0648]]], [[[-121.5683, 36.0647], [-121.5686, 36.0642], [-121.5683, 36.0642], [-121.5683, 36.0647]]], [[[-121.5686, 36.0642], [-121.569, 36.0639], [-121.5686, 36.0639], [-121.5686, 36.0642]]], [[[-121.57, 36.0639], [-121.5703, 36.0636], [-121.57, 36.0636], [-121.57, 36.0639]]], [[[-121.5683, 36.0639], [-121.5686, 36.0636], [-121.5683, 36.0636], [-121.5683, 36.0639]]], [[[-121.5543, 36.0641], [-121.5546, 36.0638], [-121.5543, 36.0638], [-121.5543, 36.0641]]], [[[-121.548, 36.0642], [-121.5483, 36.0639], [-121.548, 36.0639], [-121.548, 36.0642]]], [[[-121.5573, 36.0643], [-121.5583, 36.0638], [-121.557, 36.0635], [-121.5573, 36.0643]]], [[[-121.554, 36.0638], [-121.5543, 36.0635], [-121.554, 36.0635], [-121.554, 36.0638]]], [[[-121.5566, 36.0635], [-121.5569, 36.0632], [-121.5566, 36.0632], [-121.5566, 36.0635]]], [[[-121.5539, 36.063], [-121.5546, 36.0627], [-121.5539, 36.0627], [-121.5539, 36.063]]], [[[-121.5566, 36.063], [-121.5566, 36.0624], [-121.5559, 36.0624], [-121.5559, 36.0627], [-121.5566, 36.063]]], [[[-121.5569, 36.0627], [-121.5573, 36.0624], [-121.5569, 36.0624], [-121.5569, 36.0627]]], [[[-121.5673, 36.0623], [-121.5676, 36.062], [-121.5673, 36.062], [-121.5673, 36.0623]]], [[[-121.5556, 36.0624], [-121.5559, 36.0622], [-121.5556, 36.0622], [-121.5556, 36.0624]]], [[[-121.548, 36.0636], [-121.5483, 36.0631], [-121.5469, 36.062], [-121.5466, 36.0631], [-121.548, 36.0636]]], [[[-121.5669, 36.062], [-121.5673, 36.0617], [-121.5669, 36.0618], [-121.5669, 36.062]]], [[[-121.5706, 36.0617], [-121.5709, 36.0614], [-121.5706, 36.0614], [-121.5706, 36.0617]]], [[[-121.5523, 36.0622], [-121.5526, 36.0617], [-121.5516, 36.0611], [-121.5513, 36.062], [-121.5523, 36.0622]]], [[[-121.5612, 36.0613], [-121.5616, 36.061], [-121.5612, 36.061], [-121.5612, 36.0613]]], [[[-121.5502, 36.0614], [-121.5506, 36.0612], [-121.5502, 36.0612], [-121.5502, 36.0614]]], [[[-121.5512, 36.0614], [-121.5512, 36.0609], [-121.5506, 36.0609], [-121.5506, 36.0612], [-121.5512, 36.0614]]], [[[-121.5612, 36.0607], [-121.5612, 36.0602], [-121.5606, 36.0602], [-121.5606, 36.0605], [-121.5612, 36.0607]]], [[[-121.5596, 36.0605], [-121.5599, 36.0602], [-121.5596, 36.0602], [-121.5596, 36.0605]]], [[[-121.5516, 36.0606], [-121.5519, 36.0603], [-121.5516, 36.0603], [-121.5516, 36.0606]]], [[[-121.5492, 36.0598], [-121.5495, 36.0596], [-121.5492, 36.0596], [-121.5492, 36.0598]]], [[[-121.5502, 36.0598], [-121.5502, 36.0593], [-121.5495, 36.0593], [-121.5495, 36.0596], [-121.5502, 36.0598]]], [[[-121.5585, 36.0589], [-121.5589, 36.0586], [-121.5585, 36.0586], [-121.5585, 36.0589]]], [[[-121.5572, 36.0589], [-121.5579, 36.0586], [-121.5572, 36.0586], [-121.5572, 36.0589]]], [[[-121.5579, 36.0586], [-121.5582, 36.0584], [-121.5578, 36.0584], [-121.5579, 36.0586]]], [[[-121.5585, 36.0581], [-121.5592, 36.0578], [-121.5585, 36.0578], [-121.5585, 36.0581]]], [[[-121.5548, 36.0581], [-121.5552, 36.0579], [-121.5548, 36.0579], [-121.5548, 36.0581]]], [[[-121.5545, 36.0581], [-121.5545, 36.0576], [-121.5538, 36.0573], [-121.5535, 36.0581], [-121.5545, 36.0581]]], [[[-121.5528, 36.0573], [-121.5532, 36.0571], [-121.5528, 36.0571], [-121.5528, 36.0573]]], [[[-121.5541, 36.0565], [-121.5545, 36.0562], [-121.5541, 36.0563], [-121.5541, 36.0565]]], [[[-121.5541, 36.0552], [-121.5544, 36.0549], [-121.5541, 36.0549], [-121.5541, 36.0552]]], [[[-121.5324, 36.0538], [-121.5327, 36.0536], [-121.5324, 36.0536], [-121.5324, 36.0538]]], [[[-121.5457, 36.0493], [-121.5466, 36.0485], [-121.545, 36.048], [-121.5447, 36.0491], [-121.5457, 36.0493]]], [[[-121.5413, 36.048], [-121.5416, 36.0478], [-121.5413, 36.0478], [-121.5413, 36.048]]], [[[-121.545, 36.0475], [-121.5453, 36.0472], [-121.545, 36.0472], [-121.545, 36.0475]]], [[[-121.5383, 36.0475], [-121.5386, 36.0473], [-121.5383, 36.0473], [-121.5383, 36.0475]]], [[[-121.5446, 36.0472], [-121.5449, 36.0469], [-121.5446, 36.0469], [-121.5446, 36.0472]]], [[[-121.5436, 36.0469], [-121.5436, 36.0461], [-121.5433, 36.0461], [-121.5429, 36.0467], [-121.5436, 36.0469]]], [[[-121.5453, 36.0466], [-121.5449, 36.0461], [-121.5443, 36.0461], [-121.5446, 36.0467], [-121.5453, 36.0466]]], [[[-121.5426, 36.0464], [-121.5429, 36.0461], [-121.5426, 36.0461], [-121.5426, 36.0464]]], [[[-121.5439, 36.0461], [-121.5443, 36.0459], [-121.5439, 36.0459], [-121.5439, 36.0461]]], [[[-121.5496, 36.045], [-121.5499, 36.0447], [-121.5496, 36.0447], [-121.5496, 36.045]]], [[[-121.5556, 36.0446], [-121.5559, 36.0443], [-121.5556, 36.0444], [-121.5556, 36.0446]]], [[[-121.5596, 36.0443], [-121.5599, 36.044], [-121.5596, 36.044], [-121.5596, 36.0443]]], [[[-121.5486, 36.0444], [-121.5489, 36.0442], [-121.5486, 36.0442], [-121.5486, 36.0444]]], [[[-121.5536, 36.0438], [-121.5539, 36.0436], [-121.5535, 36.0436], [-121.5536, 36.0438]]], [[[-121.5565, 36.0427], [-121.5569, 36.0424], [-121.5565, 36.0424], [-121.5565, 36.0427]]], [[[-121.5555, 36.0425], [-121.5559, 36.0422], [-121.5555, 36.0422], [-121.5555, 36.0425]]], [[[-121.5548, 36.0414], [-121.5552, 36.0411], [-121.5548, 36.0411], [-121.5548, 36.0414]]], [[[-121.5542, 36.0414], [-121.5542, 36.0406], [-121.5532, 36.0406], [-121.5535, 36.0414], [-121.5542, 36.0414]]], [[[-121.5508, 36.0409], [-121.5511, 36.0404], [-121.5508, 36.0404], [-121.5508, 36.0409]]]]}, "properties": {"layer": "interior"}}, {"type": "Feature", "geometry": {"type": "MultiPolygon", "coordinates": [[[[-121.619, 36.1102], [-121.6193, 36.1099], [-121.619, 36.1099], [-121.619, 36.1102]]], [[[-121.6196, 36.1096], [-121.6199, 36.1091], [-121.6196, 36.1091], [-121.6196, 36.1096]]], [[[-121.5867, 36.0825], [-121.5863, 36.0817], [-121.5853, 36.082], [-121.5854, 36.0823], [-121.5867, 36.0825]]], [[[-121.5917, 36.0806], [-121.592, 36.0803], [-121.5917, 36.0803], [-121.5917, 36.0806]]], [[[-121.5923, 36.0803], [-121.5926, 36.08], [-121.5923, 36.08], [-121.5923, 36.0803]]], [[[-121.5929, 36.0741], [-121.5932, 36.0738], [-121.5929, 36.0738], [-121.5929, 36.0741]]]]}, "properties": {"layer": "cell", "cell_id": "120_500", "seed_zone": "120", "elevation_band": "500–1000 ft"}}, {"type": "Feature", "geometry": {"type": "MultiPolygon", "coordinates": [[[[-121.5837, 36.0826], [-121.584, 36.0823], [-121.5837, 36.0823], [-121.5837, 36.0826]]], [[[-121.5857, 36.0818], [-121.5863, 36.0812], [-121.586, 36.0812], [-121.5857, 36.0818]]], [[[-121.5847, 36.0823], [-121.5847, 36.0818], [-121.585, 36.0812], [-121.5843, 36.0815], [-121.5847, 36.0823]]], [[[-121.5863, 36.0809], [-121.5867, 36.0807], [-121.5863, 36.0807], [-121.5863, 36.0809]]]]}, "properties": {"layer": "cell", "cell_id": "120_1000", "seed_zone": "120", "elevation_band": "1000–1500 ft"}}, {"type": "Feature", "geometry": {"type": "MultiPolygon", "coordinates": [[[[-121.5628, 36.0726], [-121.5628, 36.0721], [-121.5618, 36.0721], [-121.5618, 36.0726], [-121.5628, 36.0726]]], [[[-121.568, 36.065], [-121.5683, 36.0647], [-121.568, 36.0647], [-121.568, 36.065]]], [[[-121.5683, 36.0647], [-121.5686, 36.0642], [-121.5683, 36.0642], [-121.5683, 36.0647]]], [[[-121.5686, 36.0642], [-121.569, 36.0639], [-121.5686, 36.0639], [-121.5686, 36.0642]]], [[[-121.57, 36.0639], [-121.5703, 36.0636], [-121.57, 36.0636], [-121.57, 36.0639]]], [[[-121.5683, 36.0639], [-121.5686, 36.0636], [-121.5683, 36.0636], [-121.5683, 36.0639]]], [[[-121.5673, 36.0623], [-121.5676, 36.062], [-121.5673, 36.062], [-121.5673, 36.0623]]], [[[-121.5706, 36.0617], [-121.5709, 36.0614], [-121.5706, 36.0614], [-121.5706, 36.0617]]], [[[-121.5585, 36.0589], [-121.5589, 36.0586], [-121.5585, 36.0586], [-121.5585, 36.0589]]], [[[-121.5596, 36.0443], [-121.5599, 36.044], [-121.5596, 36.044], [-121.5596, 36.0443]]]]}, "properties": {"layer": "cell", "cell_id": "120_1500", "seed_zone": "120", "elevation_band": "1500–2000 ft"}}, {"type": "Feature", "geometry": {"type": "MultiPolygon", "coordinates": [[[[-121.5604, 36.068], [-121.561, 36.0672], [-121.5604, 36.067], [-121.5604, 36.068]]], [[[-121.559, 36.067], [-121.5597, 36.0664], [-121.5593, 36.0664], [-121.559, 36.067]]], [[[-121.5577, 36.0662], [-121.558, 36.0659], [-121.5577, 36.0659], [-121.5577, 36.0662]]], [[[-121.5573, 36.0659], [-121.5577, 36.0654], [-121.5573, 36.0654], [-121.5573, 36.0659]]], [[[-121.5573, 36.0648], [-121.5576, 36.0646], [-121.5573, 36.0646], [-121.5573, 36.0648]]], [[[-121.5543, 36.0641], [-121.5546, 36.0638], [-121.5543, 36.0638], [-121.5543, 36.0641]]], [[[-121.5573, 36.0643], [-121.5583, 36.0638], [-121.557, 36.0635], [-121.5573, 36.0643]]], [[[-121.554, 36.0638], [-121.5543, 36.0635], [-121.554, 36.0635], [-121.554, 36.0638]]], [[[-121.5566, 36.0635], [-121.5569, 36.0632], [-121.5566, 36.0632], [-121.5566, 36.0635]]], [[[-121.5539, 36.063], [-121.5546, 36.0627], [-121.5539, 36.0627], [-121.5539, 36.063]]], [[[-121.5566, 36.063], [-121.5566, 36.0624], [-121.5559, 36.0624], [-121.5559, 36.0627], [-121.5566, 36.063]]], [[[-121.5569, 36.0627], [-121.5573, 36.0624], [-121.5569, 36.0624], [-121.5569, 36.0627]]], [[[-121.5556, 36.0624], [-121.5559, 36.0622], [-121.5556, 36.0622], [-121.5556, 36.0624]]], [[[-121.5669, 36.062], [-121.5673, 36.0617], [-121.5669, 36.0618], [-121.5669, 36.062]]], [[[-121.5523, 36.0622], [-121.5526, 36.0617], [-121.5516, 36.0611], [-121.5513, 36.062], [-121.5523, 36.0622]]], [[[-121.5612, 36.0613], [-121.5616, 36.061], [-121.5612, 36.061], [-121.5612, 36.0613]]], [[[-121.5502, 36.0614], [-121.5506, 36.0612], [-121.5502, 36.0612], [-121.5502, 36.0614]]], [[[-121.5512, 36.0614], [-121.5512, 36.0609], [-121.5506, 36.0609], [-121.5506, 36.0612], [-121.5512, 36.0614]]], [[[-121.5612, 36.0607], [-121.5612, 36.0602], [-121.5606, 36.0602], [-121.5606, 36.0605], [-121.5612, 36.0607]]], [[[-121.5596, 36.0605], [-121.5599, 36.0602], [-121.5596, 36.0602], [-121.5596, 36.0605]]], [[[-121.5516, 36.0606], [-121.5519, 36.0603], [-121.5516, 36.0603], [-121.5516, 36.0606]]], [[[-121.5492, 36.0598], [-121.5495, 36.0596], [-121.5492, 36.0596], [-121.5492, 36.0598]]], [[[-121.5572, 36.0589], [-121.5579, 36.0586], [-121.5572, 36.0586], [-121.5572, 36.0589]]], [[[-121.5579, 36.0586], [-121.5582, 36.0584], [-121.5578, 36.0584], [-121.5579, 36.0586]]], [[[-121.5585, 36.0581], [-121.5592, 36.0578], [-121.5585, 36.0578], [-121.5585, 36.0581]]], [[[-121.5548, 36.0581], [-121.5552, 36.0579], [-121.5548, 36.0579], [-121.5548, 36.0581]]], [[[-121.5545, 36.0581], [-121.5545, 36.0576], [-121.5538, 36.0573], [-121.5535, 36.0581], [-121.5545, 36.0581]]], [[[-121.5528, 36.0573], [-121.5532, 36.0571], [-121.5528, 36.0571], [-121.5528, 36.0573]]], [[[-121.5541, 36.0565], [-121.5545, 36.0562], [-121.5541, 36.0563], [-121.5541, 36.0565]]], [[[-121.5541, 36.0552], [-121.5544, 36.0549], [-121.5541, 36.0549], [-121.5541, 36.0552]]], [[[-121.5457, 36.0493], [-121.5466, 36.0485], [-121.545, 36.048], [-121.5447, 36.0491], [-121.5457, 36.0493]]], [[[-121.5496, 36.045], [-121.5499, 36.0447], [-121.5496, 36.0447], [-121.5496, 36.045]]], [[[-121.5556, 36.0446], [-121.5559, 36.0443], [-121.5556, 36.0444], [-121.5556, 36.0446]]], [[[-121.5486, 36.0444], [-121.5489, 36.0442], [-121.5486, 36.0442], [-121.5486, 36.0444]]], [[[-121.5536, 36.0438], [-121.5539, 36.0436], [-121.5535, 36.0436], [-121.5536, 36.0438]]], [[[-121.5565, 36.0427], [-121.5569, 36.0424], [-121.5565, 36.0424], [-121.5565, 36.0427]]], [[[-121.5555, 36.0425], [-121.5559, 36.0422], [-121.5555, 36.0422], [-121.5555, 36.0425]]], [[[-121.5548, 36.0414], [-121.5552, 36.0411], [-121.5548, 36.0411], [-121.5548, 36.0414]]], [[[-121.5542, 36.0414], [-121.5542, 36.0406], [-121.5532, 36.0406], [-121.5535, 36.0414], [-121.5542, 36.0414]]], [[[-121.5508, 36.0409], [-121.5511, 36.0404], [-121.5508, 36.0404], [-121.5508, 36.0409]]]]}, "properties": {"layer": "cell", "cell_id": "120_2000", "seed_zone": "120", "elevation_band": "2000–2500 ft"}}, {"type": "Feature", "geometry": {"type": "MultiPolygon", "coordinates": [[[[-121.56, 36.0675], [-121.5604, 36.0672], [-121.56, 36.0672], [-121.56, 36.0675]]], [[[-121.548, 36.0642], [-121.5483, 36.0639], [-121.548, 36.0639], [-121.548, 36.0642]]], [[[-121.548, 36.0636], [-121.5483, 36.0631], [-121.5469, 36.062], [-121.5466, 36.0631], [-121.548, 36.0636]]], [[[-121.5502, 36.0598], [-121.5502, 36.0593], [-121.5495, 36.0593], [-121.5495, 36.0596], [-121.5502, 36.0598]]], [[[-121.5413, 36.048], [-121.5416, 36.0478], [-121.5413, 36.0478], [-121.5413, 36.048]]], [[[-121.545, 36.0475], [-121.5453, 36.0472], [-121.545, 36.0472], [-121.545, 36.0475]]], [[[-121.5383, 36.0475], [-121.5386, 36.0473], [-121.5383, 36.0473], [-121.5383, 36.0475]]], [[[-121.5446, 36.0472], [-121.5449, 36.0469], [-121.5446, 36.0469], [-121.5446, 36.0472]]], [[[-121.5436, 36.0469], [-121.5436, 36.0461], [-121.5433, 36.0461], [-121.5429, 36.0467], [-121.5436, 36.0469]]], [[[-121.5453, 36.0466], [-121.5449, 36.0461], [-121.5443, 36.0461], [-121.5446, 36.0467], [-121.5453, 36.0466]]], [[[-121.5426, 36.0464], [-121.5429, 36.0461], [-121.5426, 36.0461], [-121.5426, 36.0464]]], [[[-121.5439, 36.0461], [-121.5443, 36.0459], [-121.5439, 36.0459], [-121.5439, 36.0461]]]]}, "properties": {"layer": "cell", "cell_id": "120_2500", "seed_zone": "120", "elevation_band": "2500–3000 ft"}}, {"type": "Feature", "geometry": {"type": "MultiPolygon", "coordinates": [[[[-121.6249, 36.156], [-121.6253, 36.1557], [-121.6249, 36.1557], [-121.6249, 36.156]]], [[[-121.5324, 36.0538], [-121.5327, 36.0536], [-121.5324, 36.0536], [-121.5324, 36.0538]]]]}, "properties": {"layer": "cell", "cell_id": "120_3000", "seed_zone": "120", "elevation_band": "3000–3500 ft"}}]}
