{"type": "FeatureCollection", "features": [{"type": "Feature", "geometry": {"type": "MultiPolygon", "coordinates": [[[[-120.0769, 39.6348], [-120.0769, 39.6354], [-120.0765, 39.635], [-120.0769, 39.6348]]], [[[-120.1341, 39.7532], [-120.1306, 39.7547], [-120.1257, 39.7554], [-120.1216, 39.7588], [-120.1179, 39.7605], [-120.1164, 39.7627], [-120.1157, 39.7655], [-120.1116, 39.7677], [-120.1111, 39.7695], [-120.115, 39.7707], [-120.1172, 39.774], [-120.1213, 39.776], [-120.1246, 39.7793], [-120.1236, 39.7804], [-120.1241, 39.7807], [-120.1227, 39.7815], [-120.1222, 39.7836], [-120.1185, 39.7825], [-120.1192, 39.7843], [-120.1145, 39.784], [-120.1141, 39.7843], [-120.1135, 39.7851], [-120.1146, 39.7852], [-120.1148, 39.7843], [-120.1168, 39.7849], [-120.1177, 39.7862], [-120.1158, 39.7869], [-120.1139, 39.7866], [-120.1129, 39.7908], [-120.1118, 39.7906], [-120.1123, 39.7898], [-120.1114, 39.7892], [-120.1103, 39.7892], [-120.1102, 39.7901], [-120.108, 39.7907], [-120.0971, 39.7898], [-120.0889, 39.7887], [-120.0806, 39.7866], [-120.0791, 39.7872], [-120.0779, 39.7887], [-120.0768, 39.7877], [-120.0767, 39.7855], [-120.0725, 39.7846], [-120.0694, 39.7903], [-120.0666, 39.7911], [-120.0599, 39.7891], [-120.0559, 39.7899], [-120.0566, 39.7887], [-120.0554, 39.7877], [-120.0542, 39.7876], [-120.055, 39.7866], [-120.0543, 39.786], [-120.0522, 39.7869], [-120.0521, 39.7878], [-120.0504, 39.7882], [-120.0498, 39.7895], [-120.0488, 39.7877], [-120.0493, 39.7859], [-120.0471, 39.7865], [-120.0467, 39.7852], [-120.0514, 39.7821], [-120.0435, 39.7818], [-120.0463, 39.7797], [-120.0483, 39.7792], [-120.043, 39.7775], [-120.0388, 39.7807], [-120.0392, 39.7661], [-120.0506, 39.7639], [-120.0538, 39.7628], [-120.0559, 39.7613], [-120.0549, 39.7594], [-120.0522, 39.7586], [-120.0527, 39.7584], [-120.0519, 39.7577], [-120.0524, 39.7574], [-120.0489, 39.7573], [-120.0469, 39.7559], [-120.0475, 39.7557], [-120.0468, 39.755], [-120.0451, 39.7551], [-120.0428, 39.7543], [-120.0393, 39.7562], [-120.0379, 39.7587], [-120.0377, 39.7563], [-120.0369, 39.7557], [-120.0376, 39.7544], [-120.0367, 39.7538], [-120.0347, 39.754], [-120.0349, 39.7535], [-120.0377, 39.7533], [-120.0376, 39.7503], [-120.0325, 39.7517], [-120.0283, 39.7512], [-120.0301, 39.7491], [-120.0333, 39.7498], [-120.0325, 39.7491], [-120.0323, 39.7459], [-120.034, 39.7415], [-120.032, 39.7388], [-120.0285, 39.7361], [-120.0281, 39.7338], [-120.0334, 39.725], [-120.0361, 39.7232], [-120.0384, 39.7226], [-120.0381, 39.7181], [-120.0415, 39.7145], [-120.042, 39.7108], [-120.0393, 39.7075], [-120.0419, 39.7057], [-120.0436, 39.7056], [-120.0453, 39.7012], [-120.0497, 39.7029], [-120.0506, 39.7023], [-120.0507, 39.7031], [-120.052, 39.7022], [-120.0521, 39.7013], [-120.0503, 39.6996], [-120.051, 39.6982], [-120.0526, 39.698], [-120.0543, 39.6965], [-120.055, 39.6973], [-120.0548, 39.696], [-120.058, 39.693], [-120.0573, 39.6877], [-120.061, 39.6821], [-120.0662, 39.6828], [-120.0657, 39.6819], [-120.0599, 39.6799], [-120.0549, 39.6794], [-120.0488, 39.6777], [-120.0447, 39.6751], [-120.0424, 39.6726], [-120.036, 39.67], [-120.0341, 39.6669], [-120.0319, 39.6653], [-120.0276, 39.6636], [-120.027, 39.6591], [-120.0254, 39.6595], [-120.0194, 39.6565], [-120.0206, 39.655], [-120.0187, 39.6541], [-120.0209, 39.6532], [-120.0231, 39.65], [-120.0224, 39.6482], [-120.0173, 39.6432], [-120.0205, 39.6421], [-120.0258, 39.6428], [-120.0264, 39.6418], [-120.0274, 39.6418], [-120.0266, 39.6401], [-120.0247, 39.6397], [-120.0236, 39.6386], [-120.0236, 39.6365], [-120.0229, 39.6364], [-120.022, 39.6375], [-120.0205, 39.6367], [-120.0205, 39.636], [-120.0148, 39.6334], [-120.014, 39.6319], [-120.0134, 39.6303], [-120.0146, 39.6254], [-120.0136, 39.623], [-120.0138, 39.618], [-120.0168, 39.6139], [-120.0186, 39.6136], [-120.0214, 39.6142], [-120.0224, 39.6161], [-120.0234, 39.6162], [-120.0245, 39.6174], [-120.0245, 39.6182], [-120.0226, 39.6194], [-120.0221, 39.6211], [-120.0202, 39.6215], [-120.0205, 39.6225], [-120.0259, 39.6223], [-120.0271, 39.6226], [-120.0268, 39.6231], [-120.0313, 39.6232], [-120.033, 39.6257], [-120.0353, 39.6263], [-120.0367, 39.6246], [-120.0391, 39.625], [-120.0412, 39.6232], [-120.0405, 39.6223], [-120.0414, 39.6224], [-120.0421, 39.6161], [-120.0433, 39.6156], [-120.0452, 39.6163], [-120.0458, 39.6176], [-120.045, 39.6195], [-120.0465, 39.6206], [-120.0459, 39.6224], [-120.047, 39.6233], [-120.0464, 39.6238], [-120.0476, 39.6267], [-120.0468, 39.6292], [-120.0449, 39.6316], [-120.0473, 39.6317], [-120.0498, 39.6311], [-120.0499, 39.6305], [-120.0508, 39.6311], [-120.0488, 39.6318], [-120.0481, 39.6324], [-120.0486, 39.6331], [-120.0477, 39.6334], [-120.0486, 39.6366], [-120.0493, 39.6366], [-120.0506, 39.6396], [-120.0539, 39.6399], [-120.0554, 39.6382], [-120.0546, 39.636], [-120.0561, 39.6358], [-120.0581, 39.6364], [-120.0587, 39.6377], [-120.0611, 39.6377], [-120.061, 39.6383], [-120.0625, 39.6391], [-120.0643, 39.6394], [-120.0698, 39.6387], [-120.0716, 39.6409], [-120.0773, 39.6374], [-120.0803, 39.6373], [-120.0828, 39.638], [-120.0854, 39.6376], [-120.0866, 39.6383], [-120.0898, 39.6369], [-120.0895, 39.6359], [-120.0927, 39.6333], [-120.0941, 39.6339], [-120.0941, 39.635], [-120.0953, 39.636], [-120.0974, 39.6357], [-120.101, 39.6388], [-120.1019, 39.6373], [-120.1025, 39.6407], [-120.1048, 39.6422], [-120.106, 39.6456], [-120.1082, 39.6461], [-120.1087, 39.6478], [-120.1098, 39.6485], [-120.1102, 39.6474], [-120.1126, 39.6477], [-120.1143, 39.6522], [-120.1169, 39.652], [-120.1176, 39.6536], [-120.1211, 39.6528], [-120.1237, 39.6553], [-120.1272, 39.6517], [-120.1282, 39.6518], [-120.1303, 39.6505], [-120.1395, 39.6502], [-120.14, 39.6509], [-120.1371, 39.655], [-120.1374, 39.6589], [-120.1364, 39.6594], [-120.1397, 39.6591], [-120.143, 39.6615], [-120.1507, 39.6641], [-120.1517, 39.6661], [-120.1509, 39.6678], [-120.1512, 39.6693], [-120.1567, 39.6729], [-120.1565, 39.6741], [-120.1606, 39.6748], [-120.1651, 39.6744], [-120.1657, 39.6749], [-120.1717, 39.6751], [-120.1723, 39.6764], [-120.1743, 39.6747], [-120.1834, 39.6732], [-120.184, 39.6722], [-120.185, 39.6723], [-120.1846, 39.6732], [-120.1862, 39.6733], [-120.1978, 39.6719], [-120.1984, 39.6702], [-120.2014, 39.6672], [-120.2032, 39.6685], [-120.2026, 39.6716], [-120.209, 39.6725], [-120.2108, 39.6711], [-120.2113, 39.6733], [-120.2153, 39.6744], [-120.2216, 39.6748], [-120.2225, 39.6758], [-120.2216, 39.6773], [-120.2216, 39.6816], [-120.2207, 39.682], [-120.2215, 39.6848], [-120.2183, 39.6866], [-120.2172, 39.6883], [-120.2158, 39.6882], [-120.2162, 39.6888], [-120.2142, 39.6894], [-120.2128, 39.6945], [-120.2145, 39.7024], [-120.2139, 39.706], [-120.2192, 39.7133], [-120.2182, 39.7184], [-120.2091, 39.7223], [-120.2075, 39.7224], [-120.2055, 39.7212], [-120.1996, 39.722], [-120.1982, 39.7247], [-120.1967, 39.7253], [-120.1943, 39.7334], [-120.1885, 39.7364], [-120.1734, 39.7501], [-120.169, 39.7504], [-120.1634, 39.7492], [-120.1622, 39.7498], [-120.1616, 39.7491], [-120.1569, 39.7496], [-120.1554, 39.7519], [-120.1533, 39.7527], [-120.154, 39.7536], [-120.1464, 39.7561], [-120.1434, 39.7559], [-120.1379, 39.7528], [-120.1341, 39.7532]]]]}, "properties": {"layer": "perimeter"}}, {"type": "Feature", "geometry": {"type": "MultiPolygon", "coordinates": [[[[-120.0769, 39.6348], [-120.0767, 39.6353], [-120.0765, 39.635], [-120.0769, 39.6348]]], [[[-120.1208, 39.7758], [-120.1246, 39.7793], [-120.1236, 39.7804], [-120.1241, 39.7807], [-120.1227, 39.7815], [-120.1227, 39.7833], [-120.1216, 39.7836], [-120.1185, 39.7825], [-120.1192, 39.7843], [-120.1145, 39.784], [-120.1141, 39.7843], [-120.1135, 39.7851], [-120.1146, 39.7852], [-120.1148, 39.7843], [-120.1168, 39.7849], [-120.1177, 39.7862], [-120.1158, 39.7869], [-120.1139, 39.7866], [-120.1132, 39.7904], [-120.1123, 39.7909], [-120.1123, 39.7898], [-120.1114, 39.7892], [-120.1103, 39.7892], [-120.1102, 39.7901], [-120.108, 39.7907], [-120.0949, 39.7896], [-120.0806, 39.7866], [-120.0796, 39.7869], [-120.0725, 39.7846], [-120.0694, 39.7903], [-120.0666, 39.7911], [-120.0599, 39.7891], [-120.0575, 39.7897], [-120.0598, 39.7772], [-120.0645, 39.7772], [-120.0644, 39.7808], [-120.0691, 39.7806], [-120.0686, 39.7667], [-120.0684, 39.7661], [-120.0644, 39.7663], [-120.0646, 39.7518], [-120.0453, 39.7519], [-120.0455, 39.7446], [-120.0407, 39.7446], [-120.0408, 39.7376], [-120.0457, 39.7376], [-120.0458, 39.734], [-120.0365, 39.734], [-120.0363, 39.7231], [-120.0384, 39.7226], [-120.0381, 39.7181], [-120.0415, 39.7145], [-120.042, 39.7108], [-120.0393, 39.7075], [-120.0419, 39.7057], [-120.0436, 39.7056], [-120.0453, 39.7012], [-120.0497, 39.7029], [-120.0506, 39.7023], [-120.0507, 39.7031], [-120.052, 39.7022], [-120.0521, 39.7013], [-120.0503, 39.6996], [-120.051, 39.6982], [-120.0526, 39.698], [-120.0543, 39.6965], [-120.055, 39.6973], [-120.0548, 39.696], [-120.058, 39.693], [-120.0576, 39.6871], [-120.0651, 39.6872], [-120.0652, 39.6836], [-120.0605, 39.6835], [-120.061, 39.6821], [-120.0662, 39.6828], [-120.0657, 39.6819], [-120.0606, 39.68], [-120.0549, 39.6794], [-120.0488, 39.6777], [-120.0447, 39.6751], [-120.0424, 39.6726], [-120.036, 39.67], [-120.0341, 39.6669], [-120.0316, 39.6652], [-120.0364, 39.6653], [-120.0363, 39.6544], [-120.0316, 39.6544], [-120.0309, 39.665], [-120.0276, 39.6636], [-120.027, 39.6591], [-120.0254, 39.6595], [-120.0197, 39.6569], [-120.0194, 39.6563], [-120.0206, 39.655], [-120.0187, 39.6541], [-120.0209, 39.6532], [-120.0231, 39.65], [-120.0224, 39.6482], [-120.0173, 39.6432], [-120.0205, 39.6421], [-120.0258, 39.6428], [-120.0264, 39.6418], [-120.0274, 39.6418], [-120.0266, 39.6401], [-120.0247, 39.6397], [-120.0236, 39.6386], [-120.0236, 39.6365], [-120.0229, 39.6364], [-120.0224, 39.6376], [-120.0202, 39.6365], [-120.0219, 39.6365], [-120.0221, 39.6291], [-120.0468, 39.6292], [-120.045, 39.6308], [-120.0455, 39.632], [-120.0498, 39.6311], [-120.0499, 39.6305], [-120.0509, 39.6313], [-120.0488, 39.6318], [-120.0481, 39.6324], [-120.0486, 39.6331], [-120.0477, 39.6331], [-120.0483, 39.6358], [-120.049, 39.6361], [-120.0411, 39.6362], [-120.041, 39.64], [-120.0504, 39.6401], [-120.0504, 39.6395], [-120.0539, 39.6399], [-120.0554, 39.6382], [-120.0546, 39.636], [-120.0561, 39.6358], [-120.0581, 39.6364], [-120.0587, 39.6377], [-120.0611, 39.6377], [-120.061, 39.6383], [-120.0625, 39.6391], [-120.0643, 39.6394], [-120.0698, 39.6387], [-120.0716, 39.6409], [-120.0735, 39.6402], [-120.0735, 39.6444], [-120.0783, 39.6443], [-120.0782, 39.6375], [-120.0803, 39.6373], [-120.0828, 39.638], [-120.0854, 39.6376], [-120.0866, 39.6383], [-120.0898, 39.6369], [-120.0895, 39.6359], [-120.0925, 39.6335], [-120.0924, 39.637], [-120.0971, 39.637], [-120.0974, 39.6357], [-120.101, 39.6388], [-120.1019, 39.6373], [-120.1025, 39.6406], [-120.1048, 39.6422], [-120.1058, 39.6453], [-120.1082, 39.6461], [-120.1087, 39.6478], [-120.1098, 39.6485], [-120.1102, 39.6474], [-120.1127, 39.6477], [-120.1145, 39.6523], [-120.1169, 39.652], [-120.1176, 39.6536], [-120.1211, 39.6528], [-120.1237, 39.6553], [-120.1272, 39.6517], [-120.1297, 39.6514], [-120.1297, 39.6657], [-120.1204, 39.6657], [-120.1203, 39.6729], [-120.111, 39.6729], [-120.111, 39.6801], [-120.0927, 39.6803], [-120.0928, 39.687], [-120.0951, 39.687], [-120.0951, 39.6908], [-120.0928, 39.6908], [-120.0929, 39.6947], [-120.111, 39.695], [-120.1112, 39.7048], [-120.1158, 39.7049], [-120.1157, 39.7085], [-120.1286, 39.7076], [-120.1286, 39.7111], [-120.1204, 39.7116], [-120.1205, 39.7151], [-120.1249, 39.7148], [-120.1249, 39.7257], [-120.1203, 39.726], [-120.1198, 39.7295], [-120.1248, 39.7293], [-120.1248, 39.7326], [-120.1196, 39.733], [-120.1196, 39.7511], [-120.1149, 39.7512], [-120.1149, 39.7586], [-120.0915, 39.7588], [-120.092, 39.7662], [-120.0967, 39.7661], [-120.0968, 39.7696], [-120.1014, 39.7696], [-120.1015, 39.7769], [-120.1205, 39.7765], [-120.1208, 39.7758]], [[-120.046, 39.7446], [-120.0504, 39.7446], [-120.0505, 39.741], [-120.0456, 39.7411], [-120.046, 39.7446]], [[-120.041, 39.6508], [-120.0501, 39.6508], [-120.0502, 39.6473], [-120.041, 39.6472], [-120.041, 39.6508]], [[-120.0737, 39.7697], [-120.083, 39.7696], [-120.0831, 39.766], [-120.0737, 39.7658], [-120.0737, 39.7697]], [[-120.0737, 39.7658], [-120.0736, 39.7622], [-120.0692, 39.7623], [-120.0692, 39.766], [-120.0737, 39.7658]], [[-120.0734, 39.7408], [-120.0736, 39.7516], [-120.0779, 39.7514], [-120.078, 39.748], [-120.0819, 39.748], [-120.0819, 39.7445], [-120.0776, 39.7445], [-120.0776, 39.7408], [-120.0734, 39.7408]], [[-120.0737, 39.7229], [-120.0734, 39.7301], [-120.078, 39.7301], [-120.0783, 39.7228], [-120.0737, 39.7229]], [[-120.0785, 39.7805], [-120.0773, 39.7851], [-120.086, 39.7875], [-120.0845, 39.7854], [-120.0798, 39.7823], [-120.0785, 39.7805]], [[-120.0877, 39.7806], [-120.0789, 39.7805], [-120.0801, 39.7822], [-120.0847, 39.7852], [-120.0871, 39.7878], [-120.0997, 39.7895], [-120.1001, 39.7878], [-120.1096, 39.7874], [-120.1104, 39.7839], [-120.1056, 39.784], [-120.1062, 39.7805], [-120.0971, 39.7807], [-120.097, 39.777], [-120.0876, 39.7769], [-120.0877, 39.7806]], [[-120.0922, 39.7226], [-120.1009, 39.7224], [-120.1011, 39.7122], [-120.1072, 39.7123], [-120.107, 39.716], [-120.1046, 39.716], [-120.1054, 39.7175], [-120.1066, 39.7175], [-120.1092, 39.7212], [-120.11, 39.7211], [-120.1103, 39.7229], [-120.1153, 39.7226], [-120.116, 39.7119], [-120.1111, 39.7121], [-120.1113, 39.7087], [-120.0929, 39.7085], [-120.0926, 39.7155], [-120.0832, 39.7155], [-120.083, 39.7227], [-120.0875, 39.7226], [-120.0868, 39.7299], [-120.0916, 39.7298], [-120.0922, 39.7226]], [[-120.1153, 39.7086], [-120.1147, 39.7086], [-120.1147, 39.7086], [-120.1153, 39.7086]]], [[[-120.0787, 39.7876], [-120.0779, 39.7887], [-120.0768, 39.7877], [-120.0769, 39.7873], [-120.0787, 39.7876]]], [[[-120.0388, 39.7807], [-120.039, 39.7735], [-120.0456, 39.7736], [-120.0455, 39.7775], [-120.0419, 39.7773], [-120.0391, 39.7776], [-120.0388, 39.7807]]], [[[-120.0139, 39.6279], [-120.0142, 39.6247], [-120.016, 39.6247], [-120.016, 39.6283], [-120.0139, 39.6279]]], [[[-120.0927, 39.6333], [-120.0927, 39.6333], [-120.0927, 39.6333], [-120.0927, 39.6333]]], [[[-120.1303, 39.6505], [-120.1395, 39.6502], [-120.14, 39.6509], [-120.1297, 39.6514], [-120.1303, 39.6505]]], [[[-120.1516, 39.6657], [-120.1511, 39.669], [-120.1481, 39.669], [-120.1481, 39.68], [-120.1298, 39.6801], [-120.1297, 39.6657], [-120.1516, 39.6657]]], [[[-120.1528, 39.6707], [-120.1567, 39.6729], [-120.1567, 39.6762], [-120.1614, 39.6762], [-120.1614, 39.6747], [-120.1651, 39.6744], [-120.1657, 39.6749], [-120.1718, 39.6751], [-120.1723, 39.6764], [-120.1743, 39.6747], [-120.1834, 39.6732], [-120.184, 39.6722], [-120.185, 39.6723], [-120.1846, 39.6732], [-120.1862, 39.6733], [-120.1978, 39.6719], [-120.1984, 39.6702], [-120.2014, 39.6672], [-120.2032, 39.6685], [-120.2026, 39.6716], [-120.209, 39.6725], [-120.2108, 39.6711], [-120.2113, 39.6733], [-120.2153, 39.6744], [-120.2216, 39.6748], [-120.2221, 39.6755], [-120.2207, 39.682], [-120.2213, 39.685], [-120.2183, 39.6866], [-120.2172, 39.6883], [-120.2171, 39.6865], [-120.2124, 39.6865], [-120.2124, 39.6829], [-120.2077, 39.6829], [-120.2076, 39.6796], [-120.2031, 39.6796], [-120.2031, 39.6866], [-120.1938, 39.6867], [-120.1938, 39.694], [-120.1892, 39.6941], [-120.1893, 39.7015], [-120.2031, 39.7014], [-120.203, 39.7079], [-120.202, 39.7079], [-120.2115, 39.7079], [-120.2126, 39.7079], [-120.2124, 39.6939], [-120.2129, 39.6939], [-120.2145, 39.7024], [-120.2137, 39.7053], [-120.2192, 39.7133], [-120.2185, 39.718], [-120.2091, 39.7223], [-120.2075, 39.7224], [-120.2055, 39.7212], [-120.1996, 39.722], [-120.1982, 39.7247], [-120.1967, 39.7253], [-120.1943, 39.7334], [-120.1885, 39.7364], [-120.1747, 39.749], [-120.1751, 39.7259], [-120.1704, 39.7258], [-120.1704, 39.7294], [-120.1608, 39.7293], [-120.1608, 39.7257], [-120.1657, 39.7258], [-120.1657, 39.7222], [-120.1844, 39.7224], [-120.1849, 39.7014], [-120.1668, 39.7012], [-120.1668, 39.6942], [-120.1481, 39.6944], [-120.1481, 39.68], [-120.1527, 39.68], [-120.1528, 39.6707]], [[-120.1751, 39.6866], [-120.1667, 39.6867], [-120.1667, 39.6903], [-120.1849, 39.6906], [-120.1849, 39.6797], [-120.1753, 39.6798], [-120.1751, 39.6866]]], [[[-120.1603, 39.7492], [-120.1569, 39.7496], [-120.1554, 39.7519], [-120.1533, 39.7527], [-120.154, 39.7536], [-120.1504, 39.7547], [-120.1504, 39.751], [-120.1552, 39.7511], [-120.1554, 39.7475], [-120.1507, 39.7474], [-120.1512, 39.7366], [-120.1561, 39.7367], [-120.1558, 39.7438], [-120.1607, 39.7439], [-120.1603, 39.7492]]], [[[-120.1452, 39.7561], [-120.1434, 39.7559], [-120.1379, 39.7528], [-120.1366, 39.753], [-120.1366, 39.7509], [-120.1325, 39.7509], [-120.1326, 39.7472], [-120.1413, 39.7473], [-120.1411, 39.7509], [-120.1456, 39.7509], [-120.1452, 39.7561]]], [[[-120.1504, 39.7111], [-120.1602, 39.7112], [-120.1603, 39.7149], [-120.1554, 39.7149], [-120.1554, 39.7185], [-120.1472, 39.7187], [-120.1472, 39.714], [-120.1479, 39.7147], [-120.1503, 39.7148], [-120.1504, 39.7111]]], [[[-120.1425, 39.7294], [-120.1331, 39.7292], [-120.1332, 39.7255], [-120.1285, 39.7255], [-120.1284, 39.7218], [-120.1426, 39.722], [-120.1425, 39.7294]]], [[[-120.111, 39.7124], [-120.1107, 39.7173], [-120.1106, 39.7173], [-120.1092, 39.7161], [-120.1094, 39.7124], [-120.111, 39.7124]]], [[[-120.0739, 39.7282], [-120.0754, 39.7242], [-120.0774, 39.7247], [-120.0759, 39.7286], [-120.0739, 39.7282]]], [[[-120.0454, 39.7775], [-120.0454, 39.7775], [-120.0455, 39.7776], [-120.0454, 39.7775]]]]}, "properties": {"layer": "retained"}}, {"type": "Feature", "geometry": {"type": "MultiPolygon", "coordinates": [[[[-120.1443, 39.7529], [-120.1447, 39.7527], [-120.1443, 39.7527], [-120.1443, 39.7529]]], [[[-120.144, 39.7527], [-120.1443, 39.7524], [-120.144, 39.7524], [-120.144, 39.7527]]], [[[-120.1562, 39.7494], [-120.1566, 39.7491], [-120.1562, 39.7491], [-120.1562, 39.7494]]], [[[-120.1562, 39.7486], [-120.1569, 39.7481], [-120.1562, 39.7478], [-120.1562, 39.7486]]], [[[-120.1324, 39.7478], [-120.1328, 39.7475], [-120.1324, 39.7475], [-120.1324, 39.7478]]], [[[-120.1573, 39.7478], [-120.1569, 39.747], [-120.1566, 39.747], [-120.1566, 39.7478], [-120.1573, 39.7478]]], [[[-120.1573, 39.7467], [-120.1573, 39.7459], [-120.1569, 39.7459], [-120.1566, 39.7467], [-120.1573, 39.7467]]], [[[-120.1597, 39.7443], [-120.1601, 39.744], [-120.1597, 39.744], [-120.1597, 39.7443]]], [[[-120.151, 39.7424], [-120.1513, 39.7416], [-120.151, 39.7416], [-120.151, 39.7424]]], [[[-120.152, 39.7397], [-120.152, 39.7392], [-120.1513, 39.7392], [-120.1513, 39.7394], [-120.152, 39.7397]]], [[[-120.1513, 39.7416], [-120.1534, 39.7408], [-120.153, 39.7397], [-120.1559, 39.7397], [-120.1562, 39.7386], [-120.1544, 39.7386], [-120.1544, 39.7367], [-120.1534, 39.737], [-120.153, 39.7383], [-120.1527, 39.7378], [-120.152, 39.7381], [-120.153, 39.7389], [-120.1524, 39.7405], [-120.1513, 39.7408], [-120.1513, 39.7416]], [[-120.1537, 39.7383], [-120.153, 39.7386], [-120.153, 39.7383], [-120.1537, 39.7383]]], [[[-120.1212, 39.7308], [-120.1215, 39.7305], [-120.1212, 39.7305], [-120.1212, 39.7308]]], [[[-120.1215, 39.7305], [-120.1219, 39.7303], [-120.1215, 39.7303], [-120.1215, 39.7305]]], [[[-120.1222, 39.7305], [-120.1229, 39.73], [-120.1222, 39.73], [-120.1222, 39.7305]]], [[[-120.1229, 39.7297], [-120.1243, 39.7297], [-120.1243, 39.7292], [-120.1229, 39.7297]]], [[[-120.1667, 39.7294], [-120.1674, 39.7291], [-120.1667, 39.7291], [-120.1667, 39.7294]]], [[[-120.1152, 39.7284], [-120.1156, 39.7281], [-120.1152, 39.7281], [-120.1152, 39.7284]]], [[[-120.1688, 39.7273], [-120.1691, 39.727], [-120.1688, 39.727], [-120.1688, 39.7273]]], [[[-120.1674, 39.7273], [-120.1677, 39.727], [-120.1674, 39.727], [-120.1674, 39.7273]]], [[[-120.1198, 39.7268], [-120.1201, 39.7265], [-120.1198, 39.7265], [-120.1198, 39.7268]]], [[[-120.11, 39.7268], [-120.1103, 39.7265], [-120.11, 39.7265], [-120.11, 39.7268]]], [[[-120.1222, 39.726], [-120.1226, 39.7257], [-120.1222, 39.7257], [-120.1222, 39.726]]], [[[-120.1131, 39.726], [-120.1131, 39.7254], [-120.1124, 39.7254], [-120.1124, 39.7257], [-120.1131, 39.726]]], [[[-120.1177, 39.7249], [-120.1184, 39.7246], [-120.1177, 39.7246], [-120.1177, 39.7249]]], [[[-120.1149, 39.7249], [-120.1152, 39.7246], [-120.1149, 39.7246], [-120.1149, 39.7249]]], [[[-120.1121, 39.726], [-120.1117, 39.7252], [-120.1124, 39.7246], [-120.111, 39.7246], [-120.1114, 39.726], [-120.1121, 39.726]]], [[[-120.1716, 39.7259], [-120.1712, 39.7245], [-120.1705, 39.7243], [-120.1705, 39.7254], [-120.1716, 39.7259]]], [[[-120.0942, 39.7249], [-120.0938, 39.7244], [-120.0928, 39.7244], [-120.0928, 39.7246], [-120.0942, 39.7249]]], [[[-120.1152, 39.7243], [-120.1156, 39.7241], [-120.1152, 39.7241], [-120.1152, 39.7243]]], [[[-120.1705, 39.7286], [-120.1691, 39.7237], [-120.1681, 39.7248], [-120.1677, 39.7235], [-120.1677, 39.7251], [-120.167, 39.7243], [-120.166, 39.7243], [-120.1656, 39.7259], [-120.1607, 39.7256], [-120.1607, 39.7265], [-120.1628, 39.7262], [-120.1632, 39.7267], [-120.1663, 39.7259], [-120.1677, 39.7264], [-120.1684, 39.7256], [-120.1691, 39.727], [-120.1698, 39.727], [-120.1691, 39.7281], [-120.1705, 39.7286]], [[-120.1667, 39.7254], [-120.166, 39.7254], [-120.166, 39.7248], [-120.1663, 39.7248], [-120.1667, 39.7254]]], [[[-120.1117, 39.7243], [-120.112, 39.7233], [-120.1117, 39.7233], [-120.1117, 39.7243]]], [[[-120.1656, 39.7235], [-120.166, 39.7232], [-120.1656, 39.7232], [-120.1656, 39.7235]]], [[[-120.1418, 39.7227], [-120.1422, 39.7224], [-120.1418, 39.7224], [-120.1418, 39.7227]]], [[[-120.1015, 39.7227], [-120.1022, 39.7225], [-120.1015, 39.7225], [-120.1015, 39.7227]]], [[[-120.1667, 39.7224], [-120.167, 39.7221], [-120.1667, 39.7221], [-120.1667, 39.7224]]], [[[-120.1401, 39.723], [-120.1408, 39.7222], [-120.1397, 39.7219], [-120.1401, 39.723]]], [[[-120.1425, 39.7294], [-120.1425, 39.7284], [-120.1415, 39.7284], [-120.1415, 39.7273], [-120.1425, 39.7273], [-120.1425, 39.7227], [-120.1422, 39.723], [-120.1418, 39.723], [-120.1418, 39.7227], [-120.1415, 39.7227], [-120.1401, 39.7235], [-120.1401, 39.723], [-120.1394, 39.7227], [-120.1394, 39.7219], [-120.1376, 39.7224], [-120.1359, 39.7224], [-120.1355, 39.7219], [-120.1285, 39.7219], [-120.1285, 39.7254], [-120.1334, 39.7254], [-120.1331, 39.7292], [-120.1425, 39.7294]], [[-120.1404, 39.7281], [-120.1401, 39.7284], [-120.1401, 39.7281], [-120.1404, 39.7281]], [[-120.1369, 39.7281], [-120.1366, 39.7284], [-120.1366, 39.7281], [-120.1369, 39.7281]], [[-120.1341, 39.7246], [-120.1334, 39.7251], [-120.1334, 39.7243], [-120.1341, 39.7246]], [[-120.1352, 39.7241], [-120.1348, 39.7243], [-120.1348, 39.7241], [-120.1352, 39.7241]], [[-120.1401, 39.7235], [-120.1397, 39.724], [-120.1397, 39.7235], [-120.1401, 39.7235]], [[-120.138, 39.723], [-120.1373, 39.7227], [-120.138, 39.7224], [-120.138, 39.723]], [[-120.1355, 39.7227], [-120.1348, 39.7232], [-120.1345, 39.7227], [-120.1355, 39.7227]]], [[[-120.119, 39.7222], [-120.1194, 39.7216], [-120.119, 39.7216], [-120.119, 39.7222]]], [[[-120.1201, 39.7219], [-120.1204, 39.7214], [-120.1194, 39.7211], [-120.1194, 39.7216], [-120.1201, 39.7219]]], [[[-120.1155, 39.7214], [-120.1159, 39.7211], [-120.1155, 39.7211], [-120.1155, 39.7214]]], [[[-120.119, 39.7211], [-120.1194, 39.7208], [-120.119, 39.7208], [-120.119, 39.7211]]], [[[-120.118, 39.7208], [-120.1183, 39.7206], [-120.118, 39.7206], [-120.118, 39.7208]]], [[[-120.1029, 39.7208], [-120.1033, 39.7206], [-120.1029, 39.7206], [-120.1029, 39.7208]]], [[[-120.1201, 39.72], [-120.1204, 39.7195], [-120.1201, 39.7195], [-120.1201, 39.72]]], [[[-120.0539, 39.7195], [-120.0543, 39.7193], [-120.0539, 39.7193], [-120.0539, 39.7195]]], [[[-120.1201, 39.7192], [-120.1204, 39.7189], [-120.1201, 39.7189], [-120.1201, 39.7192]]], [[[-120.1485, 39.7184], [-120.1481, 39.7178], [-120.1474, 39.7181], [-120.1474, 39.7184], [-120.1485, 39.7184]]], [[[-120.1513, 39.7181], [-120.1523, 39.7178], [-120.1513, 39.7178], [-120.1513, 39.7181]]], [[[-120.1502, 39.7178], [-120.1513, 39.7176], [-120.1502, 39.7176], [-120.1502, 39.7178]]], [[[-120.0557, 39.7179], [-120.056, 39.7176], [-120.0557, 39.7176], [-120.0557, 39.7179]]], [[[-120.1523, 39.7176], [-120.1527, 39.717], [-120.1523, 39.717], [-120.1523, 39.7176]]], [[[-120.0683, 39.7174], [-120.0686, 39.7171], [-120.0683, 39.7171], [-120.0683, 39.7174]]], [[[-120.1495, 39.7178], [-120.1502, 39.7173], [-120.1495, 39.7167], [-120.1495, 39.7178]]], [[[-120.1527, 39.717], [-120.153, 39.7165], [-120.1527, 39.7165], [-120.1527, 39.717]]], [[[-120.1071, 39.716], [-120.1071, 39.7154], [-120.1064, 39.7154], [-120.1064, 39.7157], [-120.1071, 39.716]]], [[[-120.1491, 39.7157], [-120.1495, 39.7154], [-120.1491, 39.7154], [-120.1491, 39.7157]]], [[[-120.1478, 39.7178], [-120.1481, 39.7167], [-120.1495, 39.7165], [-120.1509, 39.7167], [-120.1505, 39.7159], [-120.1477, 39.7162], [-120.1474, 39.7151], [-120.1478, 39.7178]]], [[[-120.1103, 39.7154], [-120.1106, 39.7149], [-120.1103, 39.7149], [-120.1103, 39.7154]]], [[[-120.1057, 39.7152], [-120.1061, 39.7149], [-120.1057, 39.7149], [-120.1057, 39.7152]]], [[[-120.1863, 39.7148], [-120.187, 39.7145], [-120.1863, 39.7145], [-120.1863, 39.7148]]], [[[-120.1554, 39.7149], [-120.1558, 39.7146], [-120.1554, 39.7146], [-120.1554, 39.7149]]], [[[-120.16, 39.7148], [-120.1603, 39.7143], [-120.16, 39.7143], [-120.16, 39.7148]]], [[[-120.105, 39.7149], [-120.1054, 39.7144], [-120.105, 39.7144], [-120.105, 39.7149]]], [[[-120.1898, 39.7156], [-120.1894, 39.714], [-120.1877, 39.714], [-120.1877, 39.7145], [-120.188, 39.7145], [-120.188, 39.7148], [-120.1887, 39.7148], [-120.1877, 39.7153], [-120.1898, 39.7156]], [[-120.1884, 39.7143], [-120.188, 39.7145], [-120.188, 39.7143], [-120.1884, 39.7143]]], [[[-120.1558, 39.7146], [-120.1561, 39.714], [-120.1558, 39.714], [-120.1558, 39.7146]]], [[[-120.1092, 39.7146], [-120.1096, 39.7141], [-120.1092, 39.7141], [-120.1092, 39.7146]]], [[[-120.1047, 39.7144], [-120.105, 39.7141], [-120.1047, 39.7141], [-120.1047, 39.7144]]], [[[-120.187, 39.714], [-120.1877, 39.7137], [-120.187, 39.7137], [-120.187, 39.714]]], [[[-120.1593, 39.714], [-120.1596, 39.7138], [-120.1593, 39.7138], [-120.1593, 39.714]]], [[[-120.1533, 39.714], [-120.1537, 39.7138], [-120.1533, 39.7138], [-120.1533, 39.714]]], [[[-120.1856, 39.7145], [-120.1859, 39.714], [-120.1845, 39.7135], [-120.1845, 39.7143], [-120.1856, 39.7145]]], [[[-120.16, 39.714], [-120.1603, 39.7132], [-120.16, 39.7132], [-120.16, 39.714]]], [[[-120.1526, 39.7135], [-120.153, 39.7132], [-120.1526, 39.7132], [-120.1526, 39.7135]]], [[[-120.1596, 39.7132], [-120.16, 39.713], [-120.1596, 39.713], [-120.1596, 39.7132]]], [[[-120.111, 39.713], [-120.111, 39.7125], [-120.1092, 39.7125], [-120.1092, 39.713], [-120.111, 39.713]]], [[[-120.1054, 39.7144], [-120.1071, 39.7138], [-120.1071, 39.7122], [-120.1054, 39.7133], [-120.1054, 39.7144]]], [[[-120.1526, 39.7113], [-120.153, 39.7111], [-120.1526, 39.7111], [-120.1526, 39.7113]]], [[[-120.1544, 39.7178], [-120.1555, 39.717], [-120.1544, 39.7162], [-120.1554, 39.7149], [-120.1547, 39.714], [-120.1533, 39.7143], [-120.1533, 39.714], [-120.1519, 39.7138], [-120.1519, 39.7132], [-120.1533, 39.713], [-120.1537, 39.7122], [-120.1537, 39.7127], [-120.1554, 39.713], [-120.1551, 39.7138], [-120.1568, 39.7135], [-120.1565, 39.7148], [-120.1575, 39.7148], [-120.1572, 39.7138], [-120.1582, 39.7135], [-120.1575, 39.7127], [-120.1589, 39.7127], [-120.16, 39.7119], [-120.1596, 39.7113], [-120.1561, 39.7111], [-120.1561, 39.7116], [-120.1554, 39.7116], [-120.1558, 39.7111], [-120.1533, 39.7111], [-120.1523, 39.7122], [-120.1516, 39.7122], [-120.1519, 39.7113], [-120.1505, 39.7111], [-120.1502, 39.7116], [-120.1505, 39.7154], [-120.1526, 39.7157], [-120.1527, 39.7162], [-120.1537, 39.7159], [-120.1541, 39.717], [-120.1534, 39.7173], [-120.1544, 39.7178]], [[-120.1548, 39.717], [-120.1544, 39.7173], [-120.1544, 39.717], [-120.1548, 39.717]], [[-120.1537, 39.7151], [-120.1523, 39.7154], [-120.1526, 39.7146], [-120.1537, 39.7151]], [[-120.1551, 39.7149], [-120.1547, 39.7151], [-120.1547, 39.7149], [-120.1551, 39.7149]], [[-120.1516, 39.7135], [-120.1512, 39.7138], [-120.1512, 39.7135], [-120.1516, 39.7135]], [[-120.1575, 39.7132], [-120.1572, 39.7135], [-120.1572, 39.7132], [-120.1575, 39.7132]], [[-120.1572, 39.7127], [-120.1568, 39.7132], [-120.1565, 39.7127], [-120.1572, 39.7127]], [[-120.1512, 39.7124], [-120.1509, 39.7127], [-120.1509, 39.7124], [-120.1512, 39.7124]], [[-120.1526, 39.7122], [-120.1523, 39.7124], [-120.1523, 39.7122], [-120.1526, 39.7122]], [[-120.1544, 39.7119], [-120.154, 39.7122], [-120.154, 39.7119], [-120.1544, 39.7119]], [[-120.1509, 39.7119], [-120.1505, 39.7122], [-120.1505, 39.7119], [-120.1509, 39.7119]], [[-120.1516, 39.7113], [-120.1509, 39.7116], [-120.1509, 39.7113], [-120.1516, 39.7113]]], [[[-120.1225, 39.7089], [-120.1229, 39.7087], [-120.1225, 39.7087], [-120.1225, 39.7089]]], [[[-120.1215, 39.7089], [-120.1218, 39.7084], [-120.1215, 39.7084], [-120.1215, 39.7089]]], [[[-120.1057, 39.7087], [-120.1061, 39.7079], [-120.1057, 39.7079], [-120.1057, 39.7087]]], [[[-120.1061, 39.7068], [-120.1064, 39.7065], [-120.1061, 39.7065], [-120.1061, 39.7068]]], [[[-120.1036, 39.7063], [-120.104, 39.706], [-120.1036, 39.706], [-120.1036, 39.7063]]], [[[-120.1043, 39.7049], [-120.1047, 39.7046], [-120.1043, 39.7046], [-120.1043, 39.7049]]], [[[-120.104, 39.7052], [-120.1036, 39.7044], [-120.1033, 39.7044], [-120.1033, 39.7052], [-120.104, 39.7052]]], [[[-120.0585, 39.7044], [-120.0588, 39.7041], [-120.0585, 39.7041], [-120.0585, 39.7044]]], [[[-120.1068, 39.7041], [-120.1078, 39.7038], [-120.1068, 39.7038], [-120.1068, 39.7041]]], [[[-120.1929, 39.7037], [-120.1932, 39.7035], [-120.1929, 39.7035], [-120.1929, 39.7037]]], [[[-120.1078, 39.7038], [-120.1082, 39.7036], [-120.1078, 39.7036], [-120.1078, 39.7038]]], [[[-120.125, 39.7257], [-120.125, 39.7149], [-120.1204, 39.7152], [-120.1201, 39.7125], [-120.1204, 39.7116], [-120.1229, 39.7114], [-120.1232, 39.7103], [-120.1239, 39.7103], [-120.1239, 39.7114], [-120.1285, 39.7111], [-120.1285, 39.7076], [-120.1274, 39.7076], [-120.1274, 39.7081], [-120.1271, 39.7076], [-120.1229, 39.7079], [-120.1232, 39.7092], [-120.1211, 39.7098], [-120.1208, 39.7106], [-120.1201, 39.7106], [-120.1208, 39.7098], [-120.1197, 39.7098], [-120.1197, 39.7092], [-120.1152, 39.7095], [-120.1141, 39.7087], [-120.1152, 39.7084], [-120.1155, 39.709], [-120.1159, 39.7065], [-120.1145, 39.7065], [-120.1145, 39.706], [-120.1159, 39.7063], [-120.1159, 39.7049], [-120.1113, 39.7049], [-120.111, 39.7027], [-120.111, 39.7038], [-120.1096, 39.7038], [-120.1103, 39.7046], [-120.1096, 39.7046], [-120.1089, 39.7068], [-120.1075, 39.706], [-120.1071, 39.7079], [-120.1078, 39.7082], [-120.1078, 39.7076], [-120.1089, 39.7076], [-120.1085, 39.7084], [-120.1103, 39.7087], [-120.1103, 39.7079], [-120.1113, 39.7076], [-120.112, 39.7081], [-120.112, 39.7076], [-120.1127, 39.7076], [-120.1124, 39.7084], [-120.1113, 39.7087], [-120.111, 39.7122], [-120.1138, 39.7119], [-120.1131, 39.7117], [-120.1134, 39.7106], [-120.1141, 39.7111], [-120.1148, 39.7108], [-120.1155, 39.7111], [-120.1162, 39.7108], [-120.1166, 39.7108], [-120.1166, 39.7111], [-120.1173, 39.7111], [-120.1159, 39.7122], [-120.1155, 39.7187], [-120.1162, 39.7187], [-120.1162, 39.7195], [-120.1155, 39.7198], [-120.1169, 39.7198], [-120.1162, 39.7203], [-120.1169, 39.7211], [-120.1162, 39.7211], [-120.1155, 39.7233], [-120.117, 39.7235], [-120.1173, 39.7243], [-120.1191, 39.7238], [-120.1191, 39.7243], [-120.1215, 39.7246], [-120.1226, 39.7257], [-120.125, 39.7257]], [[-120.1208, 39.7235], [-120.1205, 39.7241], [-120.1205, 39.7235], [-120.1208, 39.7235]], [[-120.1201, 39.7235], [-120.1194, 39.7238], [-120.1194, 39.7235], [-120.1201, 39.7235]], [[-120.1222, 39.7233], [-120.1215, 39.7233], [-120.1215, 39.7222], [-120.1222, 39.7222], [-120.1222, 39.7233]], [[-120.1201, 39.723], [-120.1194, 39.723], [-120.119, 39.7222], [-120.1176, 39.7222], [-120.1173, 39.7225], [-120.1176, 39.7216], [-120.119, 39.7216], [-120.119, 39.7211], [-120.1187, 39.7211], [-120.1187, 39.7214], [-120.118, 39.7214], [-120.1176, 39.7206], [-120.1201, 39.7176], [-120.1232, 39.717], [-120.1232, 39.7184], [-120.1243, 39.7184], [-120.1243, 39.7189], [-120.1236, 39.7197], [-120.1225, 39.7197], [-120.1232, 39.7203], [-120.1225, 39.7216], [-120.1215, 39.7219], [-120.1208, 39.7214], [-120.1208, 39.7222], [-120.1197, 39.7222], [-120.1201, 39.723]], [[-120.1173, 39.7225], [-120.1169, 39.7227], [-120.1169, 39.7225], [-120.1173, 39.7225]], [[-120.1236, 39.72], [-120.1232, 39.7203], [-120.1232, 39.72], [-120.1236, 39.72]], [[-120.1173, 39.7195], [-120.1169, 39.7198], [-120.1169, 39.7195], [-120.1173, 39.7195]], [[-120.1169, 39.7195], [-120.1166, 39.7189], [-120.1173, 39.7189], [-120.1169, 39.7187], [-120.1169, 39.7179], [-120.1173, 39.7179], [-120.118, 39.7187], [-120.1169, 39.7195]], [[-120.1176, 39.7176], [-120.1173, 39.7179], [-120.1173, 39.7176], [-120.1176, 39.7176]], [[-120.1218, 39.7154], [-120.1215, 39.716], [-120.1215, 39.7154], [-120.1218, 39.7154]], [[-120.118, 39.7154], [-120.1176, 39.716], [-120.1176, 39.7154], [-120.118, 39.7154]], [[-120.1187, 39.7149], [-120.1169, 39.7144], [-120.118, 39.7138], [-120.118, 39.713], [-120.119, 39.713], [-120.1187, 39.7149]], [[-120.1225, 39.7106], [-120.1218, 39.7108], [-120.1218, 39.7106], [-120.1225, 39.7106]], [[-120.1176, 39.7108], [-120.1166, 39.7108], [-120.1173, 39.7106], [-120.1166, 39.71], [-120.1176, 39.71], [-120.1176, 39.7108]], [[-120.1218, 39.7103], [-120.1215, 39.7106], [-120.1215, 39.7103], [-120.1218, 39.7103]], [[-120.1148, 39.7098], [-120.1134, 39.71], [-120.1134, 39.7095], [-120.1148, 39.7098]], [[-120.1134, 39.71], [-120.1131, 39.7103], [-120.1131, 39.71], [-120.1134, 39.71]], [[-120.1229, 39.7098], [-120.1225, 39.71], [-120.1225, 39.7098], [-120.1229, 39.7098]], [[-120.1246, 39.7092], [-120.1236, 39.7092], [-120.1232, 39.7084], [-120.1246, 39.7081], [-120.1246, 39.7092]], [[-120.1103, 39.7076], [-120.1099, 39.7079], [-120.1099, 39.7076], [-120.1103, 39.7076]], [[-120.1155, 39.7071], [-120.1152, 39.7076], [-120.1152, 39.7071], [-120.1155, 39.7071]], [[-120.1096, 39.7071], [-120.1089, 39.7076], [-120.1089, 39.7073], [-120.1096, 39.7071]], [[-120.1127, 39.7071], [-120.1124, 39.7073], [-120.1124, 39.7071], [-120.1127, 39.7071]], [[-120.1124, 39.7065], [-120.1117, 39.7073], [-120.1117, 39.7065], [-120.1124, 39.7065]], [[-120.1152, 39.7068], [-120.1148, 39.7071], [-120.1148, 39.7068], [-120.1152, 39.7068]], [[-120.1134, 39.7068], [-120.1131, 39.7071], [-120.1131, 39.7068], [-120.1134, 39.7068]]], [[[-120.1064, 39.7038], [-120.1064, 39.7028], [-120.1057, 39.7022], [-120.1054, 39.7028], [-120.1064, 39.7038]]], [[[-120.1071, 39.7019], [-120.1075, 39.7014], [-120.1071, 39.7014], [-120.1071, 39.7019]]], [[[-120.1887, 39.7013], [-120.189, 39.7008], [-120.1887, 39.7008], [-120.1887, 39.7013]]], [[[-120.1054, 39.7025], [-120.105, 39.7003], [-120.1043, 39.7011], [-120.1033, 39.7003], [-120.1029, 39.7011], [-120.105, 39.7014], [-120.1054, 39.7025]]], [[[-120.1022, 39.7006], [-120.1026, 39.7001], [-120.1022, 39.7001], [-120.1022, 39.7006]]], [[[-120.1078, 39.7003], [-120.1082, 39.7001], [-120.1078, 39.7001], [-120.1078, 39.7003]]], [[[-120.1057, 39.7003], [-120.1061, 39.7001], [-120.1057, 39.7001], [-120.1057, 39.7003]]], [[[-120.0634, 39.7004], [-120.0637, 39.7001], [-120.0634, 39.7001], [-120.0634, 39.7004]]], [[[-120.105, 39.7001], [-120.1054, 39.6998], [-120.105, 39.6998], [-120.105, 39.7001]]], [[[-120.0648, 39.6998], [-120.0655, 39.6995], [-120.0648, 39.6995], [-120.0648, 39.6998]]], [[[-120.1043, 39.6995], [-120.1047, 39.6992], [-120.1043, 39.6992], [-120.1043, 39.6995]]], [[[-120.0658, 39.6995], [-120.0662, 39.6993], [-120.0658, 39.6993], [-120.0658, 39.6995]]], [[[-120.1019, 39.6995], [-120.1022, 39.699], [-120.1019, 39.699], [-120.1019, 39.6995]]], [[[-120.1029, 39.6992], [-120.1036, 39.6992], [-120.1043, 39.699], [-120.1029, 39.6992]]], [[[-120.1022, 39.6987], [-120.1029, 39.6984], [-120.1022, 39.6984], [-120.1022, 39.6987]]], [[[-120.1012, 39.6982], [-120.1015, 39.6984], [-120.1019, 39.6982], [-120.1012, 39.6982]]], [[[-120.1033, 39.6984], [-120.1036, 39.6979], [-120.1033, 39.6979], [-120.1033, 39.6984]]], [[[-120.1068, 39.6995], [-120.1082, 39.6998], [-120.1078, 39.6987], [-120.111, 39.699], [-120.111, 39.6982], [-120.1096, 39.6982], [-120.1096, 39.6973], [-120.1089, 39.6973], [-120.1085, 39.6982], [-120.105, 39.699], [-120.1054, 39.6998], [-120.1064, 39.7001], [-120.1068, 39.6995]]], [[[-120.077, 39.6971], [-120.0774, 39.6968], [-120.077, 39.6968], [-120.077, 39.6971]]], [[[-120.0826, 39.6955], [-120.083, 39.6952], [-120.0826, 39.6952], [-120.0826, 39.6955]]], [[[-120.083, 39.6952], [-120.0833, 39.6949], [-120.083, 39.6949], [-120.083, 39.6952]]], [[[-120.1572, 39.6941], [-120.1575, 39.6938], [-120.1572, 39.6938], [-120.1572, 39.6941]]], [[[-120.1491, 39.6941], [-120.1495, 39.6938], [-120.1491, 39.6938], [-120.1491, 39.6941]]], [[[-120.1509, 39.6938], [-120.1516, 39.6935], [-120.1509, 39.6935], [-120.1509, 39.6938]]], [[[-120.1495, 39.6938], [-120.1498, 39.6935], [-120.1495, 39.6935], [-120.1495, 39.6938]]], [[[-120.1617, 39.6935], [-120.1621, 39.6932], [-120.1617, 39.6932], [-120.1617, 39.6935]]], [[[-120.0896, 39.6933], [-120.09, 39.693], [-120.0896, 39.693], [-120.0896, 39.6933]]], [[[-120.0889, 39.6933], [-120.0893, 39.693], [-120.0889, 39.693], [-120.0889, 39.6933]]], [[[-120.1526, 39.693], [-120.153, 39.6927], [-120.1526, 39.6927], [-120.1526, 39.693]]], [[[-120.0749, 39.6925], [-120.0753, 39.6922], [-120.0749, 39.6922], [-120.0749, 39.6925]]], [[[-120.0766, 39.6898], [-120.0773, 39.6895], [-120.0766, 39.6895], [-120.0766, 39.6898]]], [[[-120.0742, 39.6904], [-120.0742, 39.6895], [-120.0735, 39.689], [-120.0731, 39.6898], [-120.0742, 39.6904]]], [[[-120.0763, 39.6893], [-120.0766, 39.689], [-120.0763, 39.689], [-120.0763, 39.6893]]], [[[-120.0836, 39.689], [-120.084, 39.6887], [-120.0836, 39.6887], [-120.0836, 39.689]]], [[[-120.0784, 39.6887], [-120.0791, 39.6885], [-120.0784, 39.6882], [-120.0784, 39.6887]]], [[[-120.091, 39.6876], [-120.0913, 39.6874], [-120.091, 39.6874], [-120.091, 39.6876]]], [[[-120.1494, 39.6857], [-120.1498, 39.6852], [-120.1494, 39.6852], [-120.1494, 39.6857]]], [[[-120.1501, 39.6852], [-120.1508, 39.6849], [-120.1508, 39.6843], [-120.1498, 39.6846], [-120.1501, 39.6852]]], [[[-120.1512, 39.6841], [-120.1526, 39.6841], [-120.1526, 39.6835], [-120.1512, 39.6841]]], [[[-120.1526, 39.6833], [-120.1529, 39.683], [-120.1526, 39.683], [-120.1526, 39.6833]]], [[[-120.154, 39.683], [-120.154, 39.6825], [-120.1529, 39.6825], [-120.1529, 39.683], [-120.154, 39.683]]], [[[-120.1543, 39.6825], [-120.155, 39.6822], [-120.1543, 39.6822], [-120.1543, 39.6825]]], [[[-120.1508, 39.6825], [-120.1512, 39.6822], [-120.1508, 39.6822], [-120.1508, 39.6825]]], [[[-120.1498, 39.6825], [-120.1501, 39.6822], [-120.1498, 39.6822], [-120.1498, 39.6825]]], [[[-120.1501, 39.6822], [-120.1505, 39.6819], [-120.1501, 39.6819], [-120.1501, 39.6822]]], [[[-120.1561, 39.6822], [-120.1557, 39.6816], [-120.155, 39.6819], [-120.155, 39.6822], [-120.1561, 39.6822]]], [[[-120.1561, 39.6814], [-120.1568, 39.6816], [-120.1568, 39.6811], [-120.1561, 39.6814]]], [[[-120.0952, 39.6898], [-120.0948, 39.6874], [-120.0927, 39.6868], [-120.0924, 39.6833], [-120.0917, 39.6833], [-120.092, 39.6841], [-120.0903, 39.6839], [-120.091, 39.6812], [-120.0903, 39.6809], [-120.0903, 39.6814], [-120.0889, 39.6817], [-120.0889, 39.6825], [-120.0882, 39.6817], [-120.0885, 39.6839], [-120.092, 39.6852], [-120.0913, 39.6874], [-120.0917, 39.6876], [-120.0931, 39.6874], [-120.0934, 39.6887], [-120.0945, 39.6887], [-120.0938, 39.6895], [-120.0952, 39.6898]], [[-120.0924, 39.6868], [-120.092, 39.6874], [-120.092, 39.6868], [-120.0924, 39.6868]]], [[[-120.1673, 39.6811], [-120.1676, 39.6808], [-120.1673, 39.6808], [-120.1673, 39.6811]]], [[[-120.1568, 39.6811], [-120.1571, 39.6808], [-120.1568, 39.6808], [-120.1568, 39.6811]]], [[[-120.1655, 39.68], [-120.1659, 39.6797], [-120.1655, 39.6797], [-120.1655, 39.68]]], [[[-120.1603, 39.68], [-120.1606, 39.6797], [-120.1603, 39.6797], [-120.1603, 39.68]]], [[[-120.1585, 39.68], [-120.1592, 39.6797], [-120.1585, 39.6797], [-120.1585, 39.68]]], [[[-120.1347, 39.68], [-120.1351, 39.6798], [-120.1347, 39.6798], [-120.1347, 39.68]]], [[[-120.1337, 39.68], [-120.1344, 39.6798], [-120.1337, 39.6798], [-120.1337, 39.68]]], [[[-120.1323, 39.68], [-120.1333, 39.6798], [-120.1323, 39.6798], [-120.1323, 39.68]]], [[[-120.0934, 39.6801], [-120.0941, 39.6798], [-120.0934, 39.6798], [-120.0934, 39.6801]]], [[[-120.1683, 39.68], [-120.1687, 39.6795], [-120.1683, 39.6795], [-120.1683, 39.68]]], [[[-120.1319, 39.68], [-120.1316, 39.6795], [-120.1298, 39.6795], [-120.1298, 39.68], [-120.1319, 39.68]]], [[[-120.1361, 39.6798], [-120.1365, 39.6795], [-120.1361, 39.6795], [-120.1361, 39.6798]]], [[[-120.1351, 39.6798], [-120.1358, 39.6795], [-120.1351, 39.6795], [-120.1351, 39.6798]]], [[[-120.1592, 39.6797], [-120.1596, 39.6792], [-120.1592, 39.6792], [-120.1592, 39.6797]]], [[[-120.161, 39.6795], [-120.1613, 39.6792], [-120.161, 39.6792], [-120.161, 39.6795]]], [[[-120.1599, 39.6792], [-120.1603, 39.6795], [-120.161, 39.6789], [-120.1599, 39.6792]]], [[[-120.1389, 39.6787], [-120.1393, 39.6784], [-120.1389, 39.6784], [-120.1389, 39.6787]]], [[[-120.1368, 39.6787], [-120.1372, 39.6784], [-120.1368, 39.6784], [-120.1368, 39.6787]]], [[[-120.1305, 39.679], [-120.1312, 39.6784], [-120.1305, 39.6782], [-120.1305, 39.679]]], [[[-120.1694, 39.6784], [-120.1697, 39.6781], [-120.1694, 39.6781], [-120.1694, 39.6784]]], [[[-120.1372, 39.6784], [-120.1375, 39.6779], [-120.1372, 39.6779], [-120.1372, 39.6784]]], [[[-120.1704, 39.6781], [-120.1708, 39.6778], [-120.1704, 39.6778], [-120.1704, 39.6781]]], [[[-120.1403, 39.68], [-120.141, 39.6795], [-120.1407, 39.6787], [-120.1389, 39.6792], [-120.1389, 39.6787], [-120.1386, 39.6787], [-120.1389, 39.6779], [-120.1386, 39.6776], [-120.1382, 39.6784], [-120.1365, 39.6792], [-120.1403, 39.68]]], [[[-120.1708, 39.6778], [-120.1711, 39.6776], [-120.1708, 39.6776], [-120.1708, 39.6778]]], [[[-120.1641, 39.6778], [-120.1645, 39.6776], [-120.1641, 39.6776], [-120.1641, 39.6778]]], [[[-120.1599, 39.6779], [-120.1603, 39.6776], [-120.1599, 39.6776], [-120.1599, 39.6779]]], [[[-120.0924, 39.6779], [-120.0927, 39.6777], [-120.0924, 39.6777], [-120.0924, 39.6779]]], [[[-120.0808, 39.6779], [-120.0812, 39.6777], [-120.0808, 39.6777], [-120.0808, 39.6779]]], [[[-120.0791, 39.6779], [-120.0794, 39.6777], [-120.0791, 39.6777], [-120.0791, 39.6779]]], [[[-120.1326, 39.6782], [-120.1316, 39.6773], [-120.1305, 39.6773], [-120.1312, 39.6782], [-120.1326, 39.6782]]], [[[-120.1687, 39.6784], [-120.1694, 39.6781], [-120.169, 39.677], [-120.168, 39.6773], [-120.1687, 39.6784]]], [[[-120.1669, 39.6781], [-120.1669, 39.6776], [-120.1673, 39.677], [-120.1666, 39.677], [-120.1669, 39.6781]]], [[[-120.1645, 39.6773], [-120.1652, 39.6776], [-120.1662, 39.6773], [-120.1645, 39.6773]]], [[[-120.1603, 39.6776], [-120.1606, 39.677], [-120.1603, 39.677], [-120.1603, 39.6776]]], [[[-120.1596, 39.6776], [-120.1596, 39.677], [-120.1585, 39.677], [-120.1585, 39.6773], [-120.1596, 39.6776]]], [[[-120.1568, 39.6773], [-120.1575, 39.677], [-120.1568, 39.677], [-120.1568, 39.6773]]], [[[-120.1428, 39.6773], [-120.1431, 39.6771], [-120.1428, 39.6771], [-120.1428, 39.6773]]], [[[-120.078, 39.6774], [-120.078, 39.6769], [-120.077, 39.6771], [-120.077, 39.6774], [-120.078, 39.6774]]], [[[-120.1673, 39.677], [-120.1676, 39.6768], [-120.1673, 39.6768], [-120.1673, 39.677]]], [[[-120.1606, 39.677], [-120.161, 39.6768], [-120.1606, 39.6768], [-120.1606, 39.677]]], [[[-120.1323, 39.6771], [-120.1326, 39.6768], [-120.1323, 39.6768], [-120.1323, 39.6771]]], [[[-120.0752, 39.6769], [-120.0756, 39.6771], [-120.0759, 39.6769], [-120.0752, 39.6769]]], [[[-120.1312, 39.6768], [-120.1316, 39.6765], [-120.1312, 39.6765], [-120.1312, 39.6768]]], [[[-120.0805, 39.6774], [-120.0798, 39.6763], [-120.0787, 39.6766], [-120.0787, 39.6771], [-120.0805, 39.6774]]], [[[-120.0924, 39.6771], [-120.0924, 39.6766], [-120.0917, 39.6763], [-120.0913, 39.6768], [-120.0924, 39.6771]]], [[[-120.106, 39.6768], [-120.1067, 39.6763], [-120.1057, 39.6763], [-120.106, 39.6768]]], [[[-120.1529, 39.6773], [-120.1529, 39.6768], [-120.1536, 39.6771], [-120.1533, 39.676], [-120.1526, 39.6765], [-120.1529, 39.6773]]], [[[-120.155, 39.6768], [-120.1557, 39.676], [-120.1547, 39.676], [-120.155, 39.6768]]], [[[-120.1316, 39.6765], [-120.1323, 39.676], [-120.1319, 39.676], [-120.1316, 39.6765]]], [[[-120.1564, 39.6762], [-120.1568, 39.676], [-120.1564, 39.676], [-120.1564, 39.6762]]], [[[-120.1557, 39.676], [-120.1564, 39.6757], [-120.1557, 39.6757], [-120.1557, 39.676]]], [[[-120.1543, 39.676], [-120.1547, 39.6757], [-120.1543, 39.6757], [-120.1543, 39.676]]], [[[-120.1337, 39.676], [-120.134, 39.6757], [-120.1337, 39.6757], [-120.1337, 39.676]]], [[[-120.1393, 39.6779], [-120.1407, 39.6776], [-120.14, 39.6768], [-120.141, 39.6768], [-120.14, 39.6754], [-120.1389, 39.6757], [-120.1393, 39.6765], [-120.1382, 39.6771], [-120.1393, 39.6779]], [[-120.1396, 39.6757], [-120.1393, 39.676], [-120.1393, 39.6757], [-120.1396, 39.6757]]], [[[-120.1375, 39.6773], [-120.1386, 39.6768], [-120.1382, 39.6752], [-120.1372, 39.6755], [-120.1375, 39.6773]]], [[[-120.1648, 39.676], [-120.1652, 39.6754], [-120.1645, 39.6751], [-120.1634, 39.6757], [-120.1648, 39.676]]], [[[-120.1305, 39.6773], [-120.1309, 39.6752], [-120.1302, 39.6749], [-120.1298, 39.6768], [-120.1305, 39.6773]]], [[[-120.0798, 39.6752], [-120.0801, 39.675], [-120.0798, 39.675], [-120.0798, 39.6752]]], [[[-120.0948, 39.6804], [-120.1067, 39.6798], [-120.106, 39.6787], [-120.1078, 39.6793], [-120.1074, 39.6801], [-120.1088, 39.6801], [-120.1102, 39.679], [-120.1088, 39.6779], [-120.1074, 39.6779], [-120.1071, 39.6771], [-120.106, 39.6776], [-120.105, 39.6768], [-120.1046, 39.6774], [-120.1043, 39.6766], [-120.1004, 39.6747], [-120.1004, 39.6755], [-120.0994, 39.6755], [-120.0997, 39.676], [-120.098, 39.6766], [-120.0959, 39.6763], [-120.0948, 39.6771], [-120.0948, 39.679], [-120.0941, 39.679], [-120.0948, 39.6804]], [[-120.0987, 39.6795], [-120.0983, 39.6801], [-120.0983, 39.6795], [-120.0987, 39.6795]], [[-120.1015, 39.6795], [-120.1004, 39.6798], [-120.1004, 39.6795], [-120.1015, 39.6795]], [[-120.1001, 39.6787], [-120.0997, 39.679], [-120.0997, 39.6787], [-120.1001, 39.6787]], [[-120.0959, 39.6785], [-120.0955, 39.6787], [-120.0955, 39.6785], [-120.0959, 39.6785]], [[-120.1067, 39.6779], [-120.106, 39.6782], [-120.106, 39.6779], [-120.1067, 39.6779]], [[-120.1053, 39.6776], [-120.105, 39.6782], [-120.105, 39.6776], [-120.1053, 39.6776]], [[-120.098, 39.6779], [-120.0976, 39.6782], [-120.0976, 39.6779], [-120.098, 39.6779]], [[-120.0987, 39.6776], [-120.0983, 39.6779], [-120.0983, 39.6776], [-120.0987, 39.6776]], [[-120.0966, 39.6768], [-120.0962, 39.6771], [-120.0962, 39.6768], [-120.0966, 39.6768]], [[-120.099, 39.6766], [-120.0987, 39.6768], [-120.0987, 39.6766], [-120.099, 39.6766]], [[-120.0969, 39.6766], [-120.0966, 39.6768], [-120.0966, 39.6766], [-120.0969, 39.6766]]], [[[-120.1298, 39.6749], [-120.1302, 39.6746], [-120.1298, 39.6746], [-120.1298, 39.6749]]], [[[-120.1319, 39.6741], [-120.1323, 39.6738], [-120.1319, 39.6738], [-120.1319, 39.6741]]], [[[-120.1865, 39.6735], [-120.1869, 39.6732], [-120.1865, 39.6732], [-120.1865, 39.6735]]], [[[-120.0948, 39.6728], [-120.0952, 39.6725], [-120.0948, 39.6725], [-120.0948, 39.6728]]], [[[-120.12, 39.6725], [-120.1204, 39.6722], [-120.12, 39.6722], [-120.12, 39.6725]]], [[[-120.0878, 39.6725], [-120.0889, 39.6723], [-120.0878, 39.6723], [-120.0878, 39.6725]]], [[[-120.0976, 39.6733], [-120.098, 39.6728], [-120.0969, 39.6728], [-120.0969, 39.6722], [-120.0952, 39.6723], [-120.0955, 39.6731], [-120.0976, 39.6733]]], [[[-120.1312, 39.6722], [-120.1316, 39.6719], [-120.1312, 39.6719], [-120.1312, 39.6722]]], [[[-120.1193, 39.6722], [-120.1197, 39.672], [-120.1193, 39.672], [-120.1193, 39.6722]]], [[[-120.1127, 39.6722], [-120.113, 39.672], [-120.1127, 39.672], [-120.1127, 39.6722]]], [[[-120.0889, 39.6723], [-120.0892, 39.672], [-120.0889, 39.672], [-120.0889, 39.6723]]], [[[-120.0948, 39.672], [-120.0952, 39.6717], [-120.0948, 39.6717], [-120.0948, 39.672]]], [[[-120.0819, 39.6779], [-120.0826, 39.6771], [-120.0868, 39.6766], [-120.0871, 39.6755], [-120.0892, 39.6752], [-120.0906, 39.6741], [-120.0903, 39.6714], [-120.0896, 39.6714], [-120.0899, 39.672], [-120.0889, 39.6725], [-120.0896, 39.6728], [-120.0892, 39.6736], [-120.0882, 39.6728], [-120.0871, 39.6728], [-120.0864, 39.6741], [-120.085, 39.6733], [-120.0847, 39.6741], [-120.0829, 39.6741], [-120.0833, 39.675], [-120.0829, 39.6755], [-120.0822, 39.6752], [-120.0815, 39.6766], [-120.0805, 39.676], [-120.0805, 39.6752], [-120.0794, 39.6755], [-120.0805, 39.6769], [-120.0815, 39.6769], [-120.0819, 39.6779]], [[-120.0864, 39.6755], [-120.0861, 39.6758], [-120.0861, 39.6755], [-120.0864, 39.6755]], [[-120.0889, 39.6747], [-120.0882, 39.675], [-120.0882, 39.6747], [-120.0889, 39.6747]], [[-120.0843, 39.6744], [-120.0836, 39.6747], [-120.0836, 39.6744], [-120.0843, 39.6744]], [[-120.0878, 39.6731], [-120.0875, 39.6736], [-120.0875, 39.6731], [-120.0878, 39.6731]]], [[[-120.1127, 39.672], [-120.1123, 39.6714], [-120.1116, 39.6714], [-120.112, 39.672], [-120.1127, 39.672]]], [[[-120.1379, 39.6711], [-120.1382, 39.6709], [-120.1379, 39.6709], [-120.1379, 39.6711]]], [[[-120.1365, 39.6711], [-120.1372, 39.6709], [-120.1365, 39.6709], [-120.1365, 39.6711]]], [[[-120.113, 39.6712], [-120.1134, 39.6709], [-120.113, 39.6709], [-120.113, 39.6712]]], [[[-120.105, 39.6712], [-120.1053, 39.6709], [-120.105, 39.6709], [-120.105, 39.6712]]], [[[-120.1036, 39.6712], [-120.1043, 39.6709], [-120.1036, 39.6709], [-120.1036, 39.6712]]], [[[-120.1312, 39.6719], [-120.1319, 39.6709], [-120.1298, 39.6706], [-120.1298, 39.6711], [-120.1312, 39.6719]]], [[[-120.0819, 39.6717], [-120.0819, 39.6706], [-120.0812, 39.6706], [-120.0808, 39.6717], [-120.0819, 39.6717]]], [[[-120.078, 39.6712], [-120.0791, 39.6712], [-120.0801, 39.6709], [-120.078, 39.6712]]], [[[-120.1172, 39.6728], [-120.1183, 39.6714], [-120.1169, 39.6717], [-120.1169, 39.6706], [-120.1155, 39.6706], [-120.1148, 39.6717], [-120.1162, 39.6717], [-120.1172, 39.6728]], [[-120.1162, 39.6709], [-120.1158, 39.6712], [-120.1158, 39.6709], [-120.1162, 39.6709]]], [[[-120.1127, 39.6709], [-120.113, 39.6706], [-120.1127, 39.6706], [-120.1127, 39.6709]]], [[[-120.0742, 39.6709], [-120.0745, 39.6706], [-120.0742, 39.6706], [-120.0742, 39.6709]]], [[[-120.1344, 39.6709], [-120.1347, 39.6703], [-120.1344, 39.6703], [-120.1344, 39.6709]]], [[[-120.12, 39.6706], [-120.1204, 39.6703], [-120.12, 39.6703], [-120.12, 39.6706]]], [[[-120.0987, 39.6717], [-120.0994, 39.6704], [-120.0973, 39.6701], [-120.0973, 39.6706], [-120.0987, 39.6717]]], [[[-120.1365, 39.6703], [-120.1368, 39.6701], [-120.1365, 39.6701], [-120.1365, 39.6703]]], [[[-120.0843, 39.6704], [-120.0847, 39.6701], [-120.0843, 39.6701], [-120.0843, 39.6704]]], [[[-120.0777, 39.6715], [-120.0777, 39.6709], [-120.0784, 39.6701], [-120.0773, 39.6701], [-120.0777, 39.6715]]], [[[-120.0997, 39.6701], [-120.1001, 39.6698], [-120.0997, 39.6698], [-120.0997, 39.6701]]], [[[-120.099, 39.6701], [-120.0994, 39.6698], [-120.099, 39.6698], [-120.099, 39.6701]]], [[[-120.0784, 39.6701], [-120.0787, 39.6698], [-120.0784, 39.6698], [-120.0784, 39.6701]]], [[[-120.1333, 39.6703], [-120.1344, 39.6701], [-120.1333, 39.6695], [-120.1333, 39.6703]]], [[[-120.098, 39.6701], [-120.0983, 39.6695], [-120.098, 39.6695], [-120.098, 39.6701]]], [[[-120.0798, 39.6698], [-120.0801, 39.6696], [-120.0798, 39.6696], [-120.0798, 39.6698]]], [[[-120.0787, 39.6698], [-120.0794, 39.6696], [-120.0787, 39.6696], [-120.0787, 39.6698]]], [[[-120.0833, 39.6706], [-120.0843, 39.6704], [-120.084, 39.6704], [-120.0843, 39.6693], [-120.084, 39.6693], [-120.0833, 39.6706]]], [[[-120.0773, 39.6698], [-120.078, 39.6693], [-120.0773, 39.6693], [-120.0773, 39.6698]]], [[[-120.1375, 39.6695], [-120.1379, 39.6692], [-120.1375, 39.6692], [-120.1375, 39.6695]]], [[[-120.1354, 39.6695], [-120.1358, 39.6692], [-120.1354, 39.6692], [-120.1354, 39.6695]]], [[[-120.0833, 39.6696], [-120.0836, 39.6693], [-120.0833, 39.6693], [-120.0833, 39.6696]]], [[[-120.0784, 39.6696], [-120.0787, 39.6693], [-120.0784, 39.6693], [-120.0784, 39.6696]]], [[[-120.1389, 39.6698], [-120.1389, 39.669], [-120.1382, 39.669], [-120.1382, 39.6695], [-120.1389, 39.6698]]], [[[-120.0857, 39.6704], [-120.0871, 39.6698], [-120.0868, 39.669], [-120.0857, 39.6698], [-120.0854, 39.6693], [-120.0847, 39.6696], [-120.0857, 39.6704]]], [[[-120.0721, 39.6696], [-120.0728, 39.669], [-120.0724, 39.669], [-120.0721, 39.6696]]], [[[-120.0871, 39.6693], [-120.0875, 39.669], [-120.0871, 39.669], [-120.0871, 39.6693]]], [[[-120.0843, 39.6693], [-120.0847, 39.669], [-120.0843, 39.669], [-120.0843, 39.6693]]], [[[-120.1081, 39.6693], [-120.1085, 39.6687], [-120.1081, 39.6687], [-120.1081, 39.6693]]], [[[-120.1389, 39.669], [-120.1393, 39.6687], [-120.1389, 39.6687], [-120.1389, 39.669]]], [[[-120.1375, 39.669], [-120.1379, 39.6687], [-120.1375, 39.6687], [-120.1375, 39.669]]], [[[-120.1004, 39.669], [-120.1008, 39.6687], [-120.1004, 39.6687], [-120.1004, 39.669]]], [[[-120.0952, 39.669], [-120.0955, 39.6687], [-120.0952, 39.6687], [-120.0952, 39.669]]], [[[-120.1333, 39.6695], [-120.133, 39.6687], [-120.1323, 39.6684], [-120.1326, 39.6695], [-120.1333, 39.6695]]], [[[-120.1123, 39.6703], [-120.1127, 39.6698], [-120.1116, 39.6698], [-120.112, 39.6693], [-120.1102, 39.6685], [-120.1102, 39.6695], [-120.1123, 39.6703]]], [[[-120.0997, 39.6687], [-120.1004, 39.6685], [-120.0997, 39.6685], [-120.0997, 39.6687]]], [[[-120.099, 39.6687], [-120.0994, 39.6685], [-120.099, 39.6685], [-120.099, 39.6687]]], [[[-120.0973, 39.6687], [-120.098, 39.6685], [-120.0973, 39.6685], [-120.0973, 39.6687]]], [[[-120.0945, 39.6687], [-120.0948, 39.6685], [-120.0945, 39.6685], [-120.0945, 39.6687]]], [[[-120.0826, 39.6698], [-120.0833, 39.6685], [-120.0815, 39.6685], [-120.0808, 39.6693], [-120.0826, 39.6698]]], [[[-120.0805, 39.6688], [-120.0808, 39.6685], [-120.0805, 39.6685], [-120.0805, 39.6688]]], [[[-120.0787, 39.6688], [-120.0794, 39.6685], [-120.0787, 39.6685], [-120.0787, 39.6688]]], [[[-120.1151, 39.6709], [-120.1162, 39.6698], [-120.1169, 39.6706], [-120.1179, 39.6706], [-120.1179, 39.6695], [-120.1197, 39.6706], [-120.1204, 39.6687], [-120.1193, 39.669], [-120.1176, 39.6682], [-120.1176, 39.669], [-120.1158, 39.669], [-120.1155, 39.6685], [-120.1155, 39.6693], [-120.1144, 39.6693], [-120.1144, 39.6706], [-120.1151, 39.6709]], [[-120.119, 39.6693], [-120.1186, 39.6695], [-120.1186, 39.6693], [-120.119, 39.6693]], [[-120.1176, 39.6693], [-120.1172, 39.6695], [-120.1172, 39.6693], [-120.1176, 39.6693]]], [[[-120.1354, 39.6692], [-120.1344, 39.6682], [-120.1337, 39.6682], [-120.1344, 39.6692], [-120.1354, 39.6692]]], [[[-120.1169, 39.6685], [-120.1172, 39.6682], [-120.1169, 39.6682], [-120.1169, 39.6685]]], [[[-120.1092, 39.6685], [-120.1095, 39.6682], [-120.1092, 39.6682], [-120.1092, 39.6685]]], [[[-120.1067, 39.6695], [-120.1081, 39.6693], [-120.1078, 39.6693], [-120.1081, 39.6682], [-120.1067, 39.6682], [-120.1074, 39.6687], [-120.1067, 39.6695]]], [[[-120.0798, 39.6685], [-120.0805, 39.6682], [-120.0798, 39.6679], [-120.0798, 39.6685]]], [[[-120.1382, 39.6682], [-120.1386, 39.6679], [-120.1382, 39.6679], [-120.1382, 39.6682]]], [[[-120.1375, 39.6682], [-120.1379, 39.6679], [-120.1375, 39.6679], [-120.1375, 39.6682]]], [[[-120.0843, 39.6682], [-120.085, 39.6679], [-120.0843, 39.6679], [-120.0843, 39.6682]]], [[[-120.1316, 39.6679], [-120.1319, 39.6676], [-120.1316, 39.6676], [-120.1316, 39.6679]]], [[[-120.084, 39.6679], [-120.0843, 39.6677], [-120.084, 39.6677], [-120.084, 39.6679]]], [[[-120.0997, 39.6679], [-120.1004, 39.6677], [-120.0997, 39.6674], [-120.0997, 39.6679]]], [[[-120.0941, 39.6677], [-120.0945, 39.6671], [-120.0941, 39.6671], [-120.0941, 39.6677]]], [[[-120.0955, 39.6671], [-120.0959, 39.6666], [-120.0955, 39.6666], [-120.0955, 39.6671]]], [[[-120.1197, 39.6668], [-120.1204, 39.6666], [-120.1197, 39.6666], [-120.1197, 39.6668]]], [[[-120.1011, 39.6668], [-120.1015, 39.6666], [-120.1011, 39.6666], [-120.1011, 39.6668]]], [[[-120.1372, 39.6668], [-120.1372, 39.6663], [-120.1365, 39.6663], [-120.1365, 39.6665], [-120.1372, 39.6668]]], [[[-120.0994, 39.6668], [-120.0997, 39.6663], [-120.0994, 39.6663], [-120.0994, 39.6668]]], [[[-120.1025, 39.6666], [-120.1032, 39.6663], [-120.1025, 39.6663], [-120.1025, 39.6666]]], [[[-120.1015, 39.6666], [-120.1018, 39.6663], [-120.1015, 39.6663], [-120.1015, 39.6666]]], [[[-120.0959, 39.6666], [-120.0962, 39.6663], [-120.0959, 39.6663], [-120.0959, 39.6666]]], [[[-120.1176, 39.6682], [-120.1172, 39.666], [-120.1162, 39.666], [-120.1165, 39.6671], [-120.1176, 39.6682]]], [[[-120.1053, 39.6666], [-120.106, 39.6663], [-120.1053, 39.666], [-120.1053, 39.6666]]], [[[-120.1095, 39.6663], [-120.1099, 39.666], [-120.1095, 39.666], [-120.1095, 39.6663]]], [[[-120.1393, 39.6673], [-120.14, 39.6665], [-120.1392, 39.6657], [-120.1382, 39.6657], [-120.1379, 39.6668], [-120.1393, 39.6673]]], [[[-120.1428, 39.6665], [-120.1424, 39.6657], [-120.1417, 39.6657], [-120.1417, 39.6665], [-120.1428, 39.6665]]], [[[-120.1312, 39.6663], [-120.1312, 39.6657], [-120.1305, 39.6657], [-120.1305, 39.666], [-120.1312, 39.6663]]], [[[-120.1337, 39.666], [-120.134, 39.6657], [-120.1337, 39.6657], [-120.1337, 39.666]]], [[[-120.1106, 39.666], [-120.1109, 39.6658], [-120.1106, 39.6658], [-120.1106, 39.666]]], [[[-120.1088, 39.666], [-120.1095, 39.6658], [-120.1088, 39.6658], [-120.1088, 39.666]]], [[[-120.1221, 39.6657], [-120.1225, 39.6655], [-120.1221, 39.6655], [-120.1221, 39.6657]]], [[[-120.1207, 39.6657], [-120.1214, 39.6655], [-120.1207, 39.6655], [-120.1207, 39.6657]]], [[[-120.1179, 39.6655], [-120.1186, 39.6652], [-120.1179, 39.6652], [-120.1179, 39.6655]]], [[[-120.1127, 39.6655], [-120.113, 39.6652], [-120.1127, 39.6652], [-120.1127, 39.6655]]], [[[-120.0945, 39.6655], [-120.0952, 39.6652], [-120.0945, 39.6652], [-120.0945, 39.6655]]], [[[-120.1008, 39.666], [-120.1004, 39.6652], [-120.0994, 39.665], [-120.1001, 39.666], [-120.1008, 39.666]]], [[[-120.1148, 39.6652], [-120.1151, 39.6649], [-120.1148, 39.6649], [-120.1148, 39.6652]]], [[[-120.1099, 39.6652], [-120.1106, 39.6649], [-120.1099, 39.6649], [-120.1099, 39.6652]]], [[[-120.1088, 39.6652], [-120.1092, 39.6649], [-120.1088, 39.6649], [-120.1088, 39.6652]]], [[[-120.105, 39.6652], [-120.1053, 39.665], [-120.105, 39.665], [-120.105, 39.6652]]], [[[-120.1277, 39.6657], [-120.1288, 39.6649], [-120.1281, 39.6647], [-120.1277, 39.6657]]], [[[-120.113, 39.6649], [-120.1134, 39.6647], [-120.113, 39.6647], [-120.113, 39.6649]]], [[[-120.1106, 39.6649], [-120.1109, 39.6647], [-120.1106, 39.6647], [-120.1106, 39.6649]]], [[[-120.0924, 39.665], [-120.0931, 39.6647], [-120.0924, 39.6647], [-120.0924, 39.665]]], [[[-120.1197, 39.6647], [-120.12, 39.6644], [-120.1197, 39.6644], [-120.1197, 39.6647]]], [[[-120.1165, 39.6647], [-120.1169, 39.6644], [-120.1165, 39.6644], [-120.1165, 39.6647]]], [[[-120.0976, 39.6647], [-120.098, 39.6644], [-120.0976, 39.6644], [-120.0976, 39.6647]]], [[[-120.1267, 39.6657], [-120.127, 39.6641], [-120.126, 39.6649], [-120.1249, 39.6647], [-120.1246, 39.6657], [-120.1267, 39.6657]]], [[[-120.113, 39.6647], [-120.1123, 39.6641], [-120.1113, 39.6641], [-120.1113, 39.6647], [-120.113, 39.6647]]], [[[-120.1204, 39.6644], [-120.1214, 39.6641], [-120.1204, 39.6639], [-120.1204, 39.6644]]], [[[-120.1123, 39.6641], [-120.1127, 39.6639], [-120.1123, 39.6639], [-120.1123, 39.6641]]], [[[-120.1298, 39.6657], [-120.1298, 39.6636], [-120.1294, 39.6636], [-120.1288, 39.6649], [-120.1298, 39.6657]]], [[[-120.1046, 39.666], [-120.1043, 39.6647], [-120.1029, 39.6647], [-120.1029, 39.6636], [-120.1022, 39.6647], [-120.1008, 39.6647], [-120.1008, 39.6658], [-120.1046, 39.666]]], [[[-120.1197, 39.6639], [-120.12, 39.6636], [-120.1197, 39.6636], [-120.1197, 39.6639]]], [[[-120.1078, 39.6639], [-120.1081, 39.6636], [-120.1078, 39.6636], [-120.1078, 39.6639]]], [[[-120.1144, 39.6649], [-120.1151, 39.6641], [-120.1137, 39.6633], [-120.1134, 39.6647], [-120.1144, 39.6649]]], [[[-120.1123, 39.6639], [-120.1116, 39.6633], [-120.1106, 39.6633], [-120.1109, 39.6639], [-120.1123, 39.6639]]], [[[-120.1022, 39.6636], [-120.1025, 39.6633], [-120.1022, 39.6633], [-120.1022, 39.6636]]], [[[-120.0924, 39.6636], [-120.0927, 39.6633], [-120.0924, 39.6633], [-120.0924, 39.6636]]], [[[-120.0917, 39.6636], [-120.092, 39.6633], [-120.0917, 39.6633], [-120.0917, 39.6636]]], [[[-120.085, 39.6636], [-120.0854, 39.6633], [-120.085, 39.6633], [-120.085, 39.6636]]], [[[-120.099, 39.6647], [-120.1008, 39.6644], [-120.1008, 39.6628], [-120.099, 39.6628], [-120.0987, 39.6641], [-120.0994, 39.6641], [-120.099, 39.6647]], [[-120.0997, 39.6639], [-120.0994, 39.6641], [-120.0994, 39.6639], [-120.0997, 39.6639]]], [[[-120.1232, 39.6636], [-120.1228, 39.663], [-120.1207, 39.6628], [-120.1214, 39.6636], [-120.1232, 39.6636]]], [[[-120.1169, 39.6647], [-120.1193, 39.6644], [-120.1197, 39.663], [-120.1179, 39.6628], [-120.1169, 39.6647]]], [[[-120.1249, 39.663], [-120.1252, 39.6628], [-120.1249, 39.6628], [-120.1249, 39.663]]], [[[-120.1232, 39.663], [-120.1235, 39.6628], [-120.1232, 39.6628], [-120.1232, 39.663]]], [[[-120.1259, 39.6628], [-120.1263, 39.6625], [-120.1259, 39.6625], [-120.1259, 39.6628]]], [[[-120.1239, 39.6633], [-120.1249, 39.6625], [-120.1238, 39.6625], [-120.1239, 39.6633]]], [[[-120.1057, 39.6628], [-120.106, 39.6625], [-120.1057, 39.6625], [-120.1057, 39.6628]]], [[[-120.1158, 39.6631], [-120.1158, 39.6622], [-120.1155, 39.6622], [-120.1151, 39.6631], [-120.1158, 39.6631]]], [[[-120.1252, 39.6628], [-120.1256, 39.6622], [-120.1252, 39.6622], [-120.1252, 39.6628]]], [[[-120.1183, 39.6625], [-120.1186, 39.6622], [-120.1183, 39.6622], [-120.1183, 39.6625]]], [[[-120.1109, 39.6625], [-120.1113, 39.6622], [-120.1109, 39.6622], [-120.1109, 39.6625]]], [[[-120.1078, 39.6625], [-120.1081, 39.6623], [-120.1078, 39.6623], [-120.1078, 39.6625]]], [[[-120.1231, 39.6622], [-120.1238, 39.662], [-120.1231, 39.662], [-120.1231, 39.6622]]], [[[-120.0878, 39.6623], [-120.0882, 39.662], [-120.0878, 39.662], [-120.0878, 39.6623]]], [[[-120.1022, 39.6633], [-120.1032, 39.6625], [-120.1018, 39.6617], [-120.1022, 39.6625], [-120.1011, 39.6628], [-120.1022, 39.6633]], [[-120.1022, 39.6628], [-120.1018, 39.6631], [-120.1018, 39.6628], [-120.1022, 39.6628]]], [[[-120.1218, 39.6622], [-120.1224, 39.6617], [-120.1221, 39.6617], [-120.1218, 39.6622]]], [[[-120.1123, 39.6617], [-120.1127, 39.662], [-120.113, 39.6617], [-120.1123, 39.6617]]], [[[-120.1085, 39.662], [-120.1095, 39.6617], [-120.1085, 39.6617], [-120.1085, 39.662]]], [[[-120.0882, 39.662], [-120.0885, 39.6617], [-120.0882, 39.6617], [-120.0882, 39.662]]], [[[-120.1196, 39.6614], [-120.12, 39.6617], [-120.1203, 39.6614], [-120.1196, 39.6614]]], [[[-120.0997, 39.6617], [-120.1004, 39.6614], [-120.0997, 39.6614], [-120.0997, 39.6617]]], [[[-120.106, 39.6625], [-120.1078, 39.662], [-120.1067, 39.6612], [-120.106, 39.6617], [-120.1053, 39.6612], [-120.1039, 39.6614], [-120.1039, 39.6623], [-120.1057, 39.662], [-120.1057, 39.6623], [-120.106, 39.6623], [-120.106, 39.6625]], [[-120.1064, 39.662], [-120.106, 39.6623], [-120.106, 39.662], [-120.1064, 39.662]]], [[[-120.113, 39.6617], [-120.1134, 39.6612], [-120.113, 39.6612], [-120.113, 39.6617]]], [[[-120.1078, 39.6617], [-120.1081, 39.6612], [-120.1078, 39.6612], [-120.1078, 39.6617]]], [[[-120.1165, 39.6614], [-120.1169, 39.6612], [-120.1165, 39.6612], [-120.1165, 39.6614]]], [[[-120.1018, 39.6614], [-120.1022, 39.6612], [-120.1018, 39.6612], [-120.1018, 39.6614]]], [[[-120.0878, 39.6615], [-120.0885, 39.6612], [-120.0878, 39.6612], [-120.0878, 39.6615]]], [[[-120.084, 39.6615], [-120.0843, 39.6612], [-120.084, 39.6612], [-120.084, 39.6615]]], [[[-120.1134, 39.6636], [-120.1137, 39.6628], [-120.1148, 39.6625], [-120.1144, 39.662], [-120.1169, 39.6622], [-120.1165, 39.6614], [-120.1158, 39.6614], [-120.1158, 39.6609], [-120.1137, 39.6617], [-120.1141, 39.6625], [-120.1123, 39.6625], [-120.1123, 39.6633], [-120.1134, 39.6636]]], [[[-120.1032, 39.6614], [-120.1036, 39.6609], [-120.1032, 39.6609], [-120.1032, 39.6614]]], [[[-120.0371, 39.6612], [-120.0374, 39.6609], [-120.0371, 39.6609], [-120.0371, 39.6612]]], [[[-120.1113, 39.6614], [-120.1113, 39.6609], [-120.1099, 39.6609], [-120.1099, 39.6614], [-120.1113, 39.6614]]], [[[-120.0381, 39.6609], [-120.0385, 39.6607], [-120.0381, 39.6607], [-120.0381, 39.6609]]], [[[-120.1291, 39.6609], [-120.1294, 39.6603], [-120.1291, 39.6603], [-120.1291, 39.6609]]], [[[-120.1144, 39.6609], [-120.1151, 39.6604], [-120.1148, 39.6604], [-120.1144, 39.6609]]], [[[-120.1018, 39.6606], [-120.1022, 39.6604], [-120.1018, 39.6604], [-120.1018, 39.6606]]], [[[-120.0843, 39.6606], [-120.0847, 39.6604], [-120.0843, 39.6604], [-120.0843, 39.6606]]], [[[-120.0836, 39.6604], [-120.0843, 39.6601], [-120.0836, 39.6601], [-120.0836, 39.6604]]], [[[-120.1214, 39.6617], [-120.1214, 39.6612], [-120.1221, 39.6614], [-120.1231, 39.6606], [-120.1224, 39.6598], [-120.1214, 39.6609], [-120.12, 39.6609], [-120.1214, 39.6617]]], [[[-120.0843, 39.6601], [-120.0847, 39.6598], [-120.0843, 39.6598], [-120.0843, 39.6601]]], [[[-120.1088, 39.6612], [-120.1081, 39.6606], [-120.1085, 39.6598], [-120.1067, 39.6606], [-120.1036, 39.6596], [-120.1036, 39.6601], [-120.1046, 39.6601], [-120.1043, 39.6609], [-120.1088, 39.6612]]], [[[-120.1102, 39.6598], [-120.1113, 39.6595], [-120.1102, 39.6595], [-120.1102, 39.6598]]], [[[-120.0847, 39.6598], [-120.0854, 39.6596], [-120.0847, 39.6596], [-120.0847, 39.6598]]], [[[-120.043, 39.6599], [-120.0434, 39.6596], [-120.043, 39.6596], [-120.043, 39.6599]]], [[[-120.121, 39.6595], [-120.1214, 39.6593], [-120.121, 39.6593], [-120.121, 39.6595]]], [[[-120.0423, 39.6593], [-120.0427, 39.6596], [-120.043, 39.6593], [-120.0423, 39.6593]]], [[[-120.1298, 39.6603], [-120.1298, 39.659], [-120.1294, 39.6595], [-120.1277, 39.6595], [-120.128, 39.6603], [-120.1284, 39.6601], [-120.1298, 39.6603]]], [[[-120.1029, 39.6598], [-120.1036, 39.6596], [-120.1032, 39.659], [-120.1025, 39.6593], [-120.1029, 39.6598]]], [[[-120.0941, 39.6596], [-120.0945, 39.659], [-120.0941, 39.659], [-120.0941, 39.6596]]], [[[-120.1085, 39.6593], [-120.1088, 39.659], [-120.1085, 39.659], [-120.1085, 39.6593]]], [[[-120.0434, 39.659], [-120.0437, 39.6593], [-120.0441, 39.659], [-120.0434, 39.659]]], [[[-120.1151, 39.6598], [-120.1154, 39.6593], [-120.1168, 39.6595], [-120.1168, 39.659], [-120.114, 39.6593], [-120.1151, 39.6598]]], [[[-120.099, 39.6601], [-120.0987, 39.6593], [-120.0994, 39.6596], [-120.1008, 39.6593], [-120.0973, 39.6587], [-120.099, 39.6601]]], [[[-120.1175, 39.6595], [-120.1182, 39.6593], [-120.1193, 39.659], [-120.1179, 39.6587], [-120.1175, 39.6595]]], [[[-120.0966, 39.659], [-120.0969, 39.6587], [-120.0966, 39.6587], [-120.0966, 39.659]]], [[[-120.0945, 39.659], [-120.0948, 39.6588], [-120.0945, 39.6588], [-120.0945, 39.659]]], [[[-120.0714, 39.659], [-120.0717, 39.6588], [-120.0714, 39.6588], [-120.0714, 39.659]]], [[[-120.1116, 39.659], [-120.1119, 39.6585], [-120.1116, 39.6585], [-120.1116, 39.659]]], [[[-120.0773, 39.6593], [-120.0773, 39.6585], [-120.0759, 39.6588], [-120.0759, 39.659], [-120.0773, 39.6593]]], [[[-120.0458, 39.659], [-120.0462, 39.6585], [-120.0458, 39.6585], [-120.0458, 39.659]]], [[[-120.0472, 39.6588], [-120.0476, 39.6585], [-120.0472, 39.6585], [-120.0472, 39.6588]]], [[[-120.1294, 39.659], [-120.1294, 39.6582], [-120.1287, 39.6582], [-120.1287, 39.6587], [-120.1294, 39.659]]], [[[-120.1064, 39.6587], [-120.1071, 39.6585], [-120.1064, 39.6582], [-120.1064, 39.6587]]], [[[-120.0717, 39.6588], [-120.0721, 39.6582], [-120.0717, 39.6582], [-120.0717, 39.6588]]], [[[-120.0682, 39.6588], [-120.0679, 39.6582], [-120.0665, 39.6582], [-120.0672, 39.6588], [-120.0682, 39.6588]]], [[[-120.114, 39.6598], [-120.1137, 39.6582], [-120.1126, 39.6579], [-120.1126, 39.6595], [-120.114, 39.6598]]], [[[-120.1043, 39.6585], [-120.105, 39.6579], [-120.1043, 39.6579], [-120.1043, 39.6585]]], [[[-120.1284, 39.6582], [-120.1287, 39.6579], [-120.1284, 39.6579], [-120.1284, 39.6582]]], [[[-120.1081, 39.6582], [-120.1084, 39.6579], [-120.1081, 39.6579], [-120.1081, 39.6582]]], [[[-120.106, 39.6582], [-120.1064, 39.6579], [-120.106, 39.6579], [-120.106, 39.6582]]], [[[-120.0479, 39.6582], [-120.0483, 39.658], [-120.0479, 39.658], [-120.0479, 39.6582]]], [[[-120.1015, 39.6587], [-120.1015, 39.6577], [-120.1001, 39.6577], [-120.1001, 39.6582], [-120.1015, 39.6587]]], [[[-120.0668, 39.658], [-120.0672, 39.6577], [-120.0668, 39.6577], [-120.0668, 39.658]]], [[[-120.1105, 39.6579], [-120.1112, 39.6577], [-120.1105, 39.6574], [-120.1105, 39.6579]]], [[[-120.0966, 39.6587], [-120.0962, 39.6579], [-120.0941, 39.6582], [-120.0945, 39.6574], [-120.0927, 39.6579], [-120.0941, 39.6588], [-120.0945, 39.6585], [-120.0966, 39.6587]]], [[[-120.0997, 39.6577], [-120.1001, 39.6574], [-120.0997, 39.6574], [-120.0997, 39.6577]]], [[[-120.0738, 39.6577], [-120.0742, 39.6574], [-120.0738, 39.6574], [-120.0738, 39.6577]]], [[[-120.1186, 39.6574], [-120.1189, 39.6571], [-120.1186, 39.6571], [-120.1186, 39.6574]]], [[[-120.1032, 39.6574], [-120.1036, 39.6571], [-120.1032, 39.6571], [-120.1032, 39.6574]]], [[[-120.049, 39.6574], [-120.05, 39.6572], [-120.049, 39.6572], [-120.049, 39.6574]]], [[[-120.1112, 39.6577], [-120.113, 39.6571], [-120.1109, 39.6568], [-120.1112, 39.6577]]], [[[-120.0633, 39.6574], [-120.0637, 39.6569], [-120.0633, 39.6569], [-120.0633, 39.6574]]], [[[-120.0983, 39.6569], [-120.0987, 39.6571], [-120.099, 39.6569], [-120.0983, 39.6569]]], [[[-120.1172, 39.659], [-120.1179, 39.6587], [-120.1175, 39.6577], [-120.1182, 39.6577], [-120.1182, 39.6568], [-120.1172, 39.6566], [-120.1161, 39.6577], [-120.1161, 39.6566], [-120.1151, 39.6563], [-120.1147, 39.6571], [-120.1154, 39.6577], [-120.1147, 39.6582], [-120.1161, 39.6582], [-120.1172, 39.659]]], [[[-120.1165, 39.6566], [-120.1168, 39.6563], [-120.1165, 39.6563], [-120.1165, 39.6566]]], [[[-120.0703, 39.6566], [-120.071, 39.6563], [-120.0703, 39.6563], [-120.0703, 39.6566]]], [[[-120.1039, 39.6569], [-120.1032, 39.656], [-120.1021, 39.656], [-120.1029, 39.6569], [-120.1039, 39.6569]]], [[[-120.0976, 39.6566], [-120.0994, 39.656], [-120.0976, 39.6563], [-120.0976, 39.6566]]], [[[-120.1018, 39.656], [-120.1021, 39.6558], [-120.1018, 39.6558], [-120.1018, 39.656]]], [[[-120.091, 39.6561], [-120.0913, 39.6555], [-120.091, 39.6555], [-120.091, 39.6561]]], [[[-120.0903, 39.6561], [-120.0899, 39.6555], [-120.0892, 39.6555], [-120.0896, 39.6561], [-120.0903, 39.6561]]], [[[-120.0612, 39.6558], [-120.0616, 39.6555], [-120.0612, 39.6555], [-120.0612, 39.6558]]], [[[-120.0535, 39.6558], [-120.0542, 39.6555], [-120.0535, 39.6555], [-120.0535, 39.6558]]], [[[-120.1095, 39.6555], [-120.1098, 39.6552], [-120.1095, 39.6552], [-120.1095, 39.6555]]], [[[-120.0983, 39.6555], [-120.0987, 39.6552], [-120.0983, 39.6552], [-120.0983, 39.6555]]], [[[-120.0976, 39.6555], [-120.098, 39.6552], [-120.0976, 39.6552], [-120.0976, 39.6555]]], [[[-120.0602, 39.6555], [-120.0609, 39.6553], [-120.0602, 39.6553], [-120.0602, 39.6555]]], [[[-120.057, 39.6555], [-120.0567, 39.655], [-120.056, 39.655], [-120.0563, 39.6555], [-120.057, 39.6555]]], [[[-120.1161, 39.6552], [-120.1165, 39.655], [-120.1161, 39.655], [-120.1161, 39.6552]]], [[[-120.0882, 39.6552], [-120.0885, 39.655], [-120.0882, 39.655], [-120.0882, 39.6552]]], [[[-120.0591, 39.6553], [-120.0595, 39.655], [-120.0591, 39.655], [-120.0591, 39.6553]]], [[[-120.1224, 39.6549], [-120.1228, 39.6547], [-120.1224, 39.6547], [-120.1224, 39.6549]]], [[[-120.1144, 39.655], [-120.1147, 39.6547], [-120.1144, 39.6547], [-120.1144, 39.655]]], [[[-120.0588, 39.655], [-120.0591, 39.6547], [-120.0588, 39.6547], [-120.0588, 39.655]]], [[[-120.1196, 39.6571], [-120.12, 39.656], [-120.1186, 39.6544], [-120.1189, 39.6571], [-120.1196, 39.6571]]], [[[-120.0973, 39.655], [-120.0979, 39.6544], [-120.0969, 39.6544], [-120.0973, 39.655]]], [[[-120.1182, 39.6544], [-120.1186, 39.6541], [-120.1182, 39.6541], [-120.1182, 39.6544]]], [[[-120.0605, 39.6547], [-120.0605, 39.6542], [-120.0595, 39.6539], [-120.0591, 39.6547], [-120.0605, 39.6547]]], [[[-120.1179, 39.6541], [-120.1182, 39.6539], [-120.1179, 39.6539], [-120.1179, 39.6541]]], [[[-120.063, 39.6542], [-120.0633, 39.6539], [-120.063, 39.6539], [-120.063, 39.6542]]], [[[-120.0196, 39.6542], [-120.0203, 39.6539], [-120.0196, 39.6539], [-120.0196, 39.6542]]], [[[-120.1224, 39.6576], [-120.1228, 39.6558], [-120.1235, 39.6558], [-120.1231, 39.6549], [-120.1224, 39.6552], [-120.1224, 39.6549], [-120.121, 39.6536], [-120.1189, 39.6533], [-120.1189, 39.6541], [-120.12, 39.6541], [-120.1203, 39.656], [-120.1224, 39.6576]], [[-120.121, 39.6549], [-120.1207, 39.6552], [-120.1207, 39.6549], [-120.121, 39.6549]], [[-120.1214, 39.6544], [-120.121, 39.6547], [-120.121, 39.6544], [-120.1214, 39.6544]]], [[[-120.0556, 39.6539], [-120.0567, 39.6539], [-120.0567, 39.6531], [-120.0556, 39.6539]]], [[[-120.0696, 39.6536], [-120.0696, 39.6531], [-120.0686, 39.6531], [-120.0686, 39.6536], [-120.0696, 39.6536]]], [[[-120.057, 39.6536], [-120.0574, 39.6531], [-120.057, 39.6531], [-120.057, 39.6536]]], [[[-120.1014, 39.6531], [-120.1018, 39.6528], [-120.1014, 39.6528], [-120.1014, 39.6531]]], [[[-120.0563, 39.6531], [-120.056, 39.6526], [-120.0553, 39.6528], [-120.0553, 39.6531], [-120.0563, 39.6531]]], [[[-120.114, 39.6528], [-120.1144, 39.6525], [-120.114, 39.6525], [-120.114, 39.6528]]], [[[-120.0696, 39.6528], [-120.07, 39.6526], [-120.0696, 39.6526], [-120.0696, 39.6528]]], [[[-120.1133, 39.6525], [-120.1137, 39.6523], [-120.1133, 39.6523], [-120.1133, 39.6525]]], [[[-120.084, 39.6525], [-120.0843, 39.6523], [-120.084, 39.6523], [-120.084, 39.6525]]], [[[-120.0721, 39.6526], [-120.0724, 39.6523], [-120.0721, 39.6523], [-120.0721, 39.6526]]], [[[-120.0979, 39.6523], [-120.0983, 39.652], [-120.0979, 39.652], [-120.0979, 39.6523]]], [[[-120.0679, 39.652], [-120.0682, 39.6523], [-120.0693, 39.6517], [-120.0679, 39.652]]], [[[-120.1084, 39.6517], [-120.1088, 39.6514], [-120.1084, 39.6514], [-120.1084, 39.6517]]], [[[-120.0619, 39.6545], [-120.0619, 39.6526], [-120.0605, 39.6523], [-120.0619, 39.652], [-120.0619, 39.6515], [-120.0602, 39.6512], [-120.0591, 39.6539], [-120.0605, 39.6531], [-120.0602, 39.6539], [-120.0612, 39.6542], [-120.0612, 39.6545], [-120.0619, 39.6545]], [[-120.0616, 39.6539], [-120.0612, 39.6542], [-120.0612, 39.6539], [-120.0616, 39.6539]]], [[[-120.057, 39.6518], [-120.0574, 39.6512], [-120.057, 39.6512], [-120.057, 39.6518]]], [[[-120.084, 39.6515], [-120.0843, 39.6512], [-120.084, 39.6512], [-120.084, 39.6515]]], [[[-120.0714, 39.6512], [-120.0721, 39.6509], [-120.0714, 39.6509], [-120.0714, 39.6512]]], [[[-120.0815, 39.6515], [-120.0819, 39.6507], [-120.0815, 39.6507], [-120.0815, 39.6515]]], [[[-120.0294, 39.651], [-120.0297, 39.6507], [-120.0294, 39.6507], [-120.0294, 39.651]]], [[[-120.0948, 39.6531], [-120.0948, 39.6523], [-120.0962, 39.6525], [-120.0969, 39.6517], [-120.0944, 39.6504], [-120.0937, 39.6528], [-120.0948, 39.6531]], [[-120.0958, 39.6515], [-120.0948, 39.652], [-120.0948, 39.6512], [-120.0958, 39.6515]]], [[[-120.0689, 39.6507], [-120.0693, 39.6504], [-120.0689, 39.6504], [-120.0689, 39.6507]]], [[[-120.0948, 39.6504], [-120.0951, 39.6501], [-120.0948, 39.6501], [-120.0948, 39.6504]]], [[[-120.0819, 39.6504], [-120.0822, 39.6501], [-120.0819, 39.6501], [-120.0819, 39.6504]]], [[[-120.0532, 39.6504], [-120.0539, 39.6501], [-120.0532, 39.6501], [-120.0532, 39.6504]]], [[[-120.0801, 39.6499], [-120.0808, 39.6504], [-120.0808, 39.6499], [-120.0801, 39.6499]]], [[[-120.0707, 39.6501], [-120.071, 39.6499], [-120.0707, 39.6499], [-120.0707, 39.6501]]], [[[-120.0528, 39.6504], [-120.0528, 39.6496], [-120.0521, 39.6496], [-120.0521, 39.6504], [-120.0528, 39.6504]]], [[[-120.0283, 39.6504], [-120.028, 39.6496], [-120.0269, 39.6499], [-120.0269, 39.6501], [-120.0283, 39.6504]]], [[[-120.1007, 39.6528], [-120.1021, 39.6525], [-120.1021, 39.652], [-120.1011, 39.6517], [-120.0997, 39.6493], [-120.0993, 39.652], [-120.099, 39.6517], [-120.0983, 39.652], [-120.1007, 39.6528]]], [[[-120.0714, 39.6501], [-120.0724, 39.6493], [-120.071, 39.6496], [-120.0714, 39.6501]]], [[[-120.0528, 39.6496], [-120.0535, 39.6493], [-120.0528, 39.6493], [-120.0528, 39.6496]]], [[[-120.0553, 39.6526], [-120.057, 39.6518], [-120.0553, 39.6509], [-120.0556, 39.6491], [-120.0539, 39.6491], [-120.0546, 39.6501], [-120.0542, 39.6518], [-120.0553, 39.6526]]], [[[-120.1007, 39.6496], [-120.1014, 39.649], [-120.1007, 39.649], [-120.1007, 39.6496]]], [[[-120.085, 39.6493], [-120.0853, 39.649], [-120.085, 39.649], [-120.085, 39.6493]]], [[[-120.0714, 39.649], [-120.0714, 39.6485], [-120.0707, 39.6485], [-120.0707, 39.6488], [-120.0714, 39.649]]], [[[-120.1, 39.6488], [-120.1004, 39.6485], [-120.1, 39.6485], [-120.1, 39.6488]]], [[[-120.0976, 39.6488], [-120.0979, 39.6485], [-120.0976, 39.6485], [-120.0976, 39.6488]]], [[[-120.0843, 39.6488], [-120.0846, 39.6485], [-120.0843, 39.6485], [-120.0843, 39.6488]]], [[[-120.1004, 39.6485], [-120.1007, 39.6482], [-120.1004, 39.6482], [-120.1004, 39.6485]]], [[[-120.0853, 39.6485], [-120.0857, 39.6482], [-120.0853, 39.6482], [-120.0853, 39.6485]]], [[[-120.0742, 39.6485], [-120.0745, 39.6482], [-120.0742, 39.6482], [-120.0742, 39.6485]]], [[[-120.1133, 39.6555], [-120.1137, 39.6544], [-120.1151, 39.6544], [-120.1154, 39.6536], [-120.114, 39.6541], [-120.114, 39.6536], [-120.1126, 39.6536], [-120.1119, 39.6528], [-120.1133, 39.6504], [-120.1133, 39.6496], [-120.1126, 39.6498], [-120.1126, 39.649], [-120.1119, 39.649], [-120.1126, 39.6479], [-120.1119, 39.6479], [-120.1109, 39.6496], [-120.1095, 39.6498], [-120.1088, 39.6493], [-120.1088, 39.6496], [-120.1081, 39.6498], [-120.1088, 39.6501], [-120.1091, 39.6512], [-120.1088, 39.652], [-120.1098, 39.6523], [-120.1091, 39.6531], [-120.1084, 39.6525], [-120.1084, 39.6533], [-120.1098, 39.6544], [-120.1095, 39.6536], [-120.1112, 39.6531], [-120.1112, 39.655], [-120.1133, 39.6555]], [[-120.1126, 39.6539], [-120.1123, 39.6541], [-120.1123, 39.6539], [-120.1126, 39.6539]], [[-120.1095, 39.6533], [-120.1091, 39.6536], [-120.1091, 39.6533], [-120.1095, 39.6533]], [[-120.1116, 39.6528], [-120.1109, 39.6525], [-120.1112, 39.652], [-120.1116, 39.652], [-120.1116, 39.6528]], [[-120.1109, 39.6514], [-120.1105, 39.6517], [-120.1105, 39.6514], [-120.1109, 39.6514]]], [[[-120.1, 39.6482], [-120.1004, 39.6479], [-120.1, 39.6479], [-120.1, 39.6482]]], [[[-120.0745, 39.6482], [-120.0749, 39.648], [-120.0745, 39.648], [-120.0745, 39.6482]]], [[[-120.0738, 39.6482], [-120.0742, 39.648], [-120.0738, 39.648], [-120.0738, 39.6482]]], [[[-120.0532, 39.648], [-120.0535, 39.6477], [-120.0532, 39.6477], [-120.0532, 39.648]]], [[[-120.0521, 39.648], [-120.0525, 39.6477], [-120.0521, 39.6477], [-120.0521, 39.648]]], [[[-120.0923, 39.6477], [-120.0927, 39.6474], [-120.0923, 39.6474], [-120.0923, 39.6477]]], [[[-120.0651, 39.6531], [-120.0654, 39.6523], [-120.0675, 39.652], [-120.0651, 39.6509], [-120.0654, 39.6501], [-120.0661, 39.6509], [-120.0675, 39.6509], [-120.0668, 39.6507], [-120.0672, 39.6501], [-120.0682, 39.6507], [-120.0693, 39.6499], [-120.07, 39.6507], [-120.0703, 39.6499], [-120.071, 39.6496], [-120.07, 39.6496], [-120.0693, 39.6485], [-120.0682, 39.6493], [-120.0672, 39.6472], [-120.0654, 39.6485], [-120.0661, 39.6499], [-120.0647, 39.6493], [-120.0633, 39.6509], [-120.064, 39.6526], [-120.0647, 39.6526], [-120.0651, 39.6531]], [[-120.0651, 39.6523], [-120.0647, 39.6526], [-120.0647, 39.6523], [-120.0651, 39.6523]], [[-120.0651, 39.6509], [-120.0647, 39.6512], [-120.0647, 39.6509], [-120.0651, 39.6509]], [[-120.0668, 39.6499], [-120.0661, 39.6501], [-120.0661, 39.6499], [-120.0668, 39.6499]]], [[[-120.0546, 39.648], [-120.0546, 39.6472], [-120.0535, 39.6474], [-120.0539, 39.648], [-120.0546, 39.648]]], [[[-120.0969, 39.6474], [-120.0972, 39.6471], [-120.0969, 39.6471], [-120.0969, 39.6474]]], [[[-120.056, 39.6474], [-120.0563, 39.6472], [-120.056, 39.6472], [-120.056, 39.6474]]], [[[-120.1063, 39.6542], [-120.1077, 39.6536], [-120.107, 39.6501], [-120.1084, 39.6496], [-120.1084, 39.6479], [-120.1077, 39.6469], [-120.107, 39.6474], [-120.1042, 39.6469], [-120.1035, 39.6474], [-120.1039, 39.6479], [-120.1049, 39.6477], [-120.1049, 39.649], [-120.1046, 39.6498], [-120.1035, 39.649], [-120.1028, 39.6493], [-120.1028, 39.6515], [-120.1039, 39.6512], [-120.1042, 39.6536], [-120.1063, 39.6542]], [[-120.106, 39.6515], [-120.1056, 39.6517], [-120.1056, 39.6515], [-120.106, 39.6515]], [[-120.1056, 39.6504], [-120.1053, 39.6506], [-120.1053, 39.6504], [-120.1056, 39.6504]], [[-120.107, 39.6493], [-120.1067, 39.6498], [-120.1063, 39.6493], [-120.107, 39.6493]], [[-120.1063, 39.649], [-120.106, 39.6493], [-120.106, 39.649], [-120.1063, 39.649]], [[-120.1063, 39.6482], [-120.1056, 39.649], [-120.1053, 39.6482], [-120.1063, 39.6482]], [[-120.1077, 39.6482], [-120.1074, 39.6488], [-120.1074, 39.6482], [-120.1077, 39.6482]], [[-120.1046, 39.6474], [-120.1042, 39.6477], [-120.1042, 39.6474], [-120.1046, 39.6474]]], [[[-120.1018, 39.6471], [-120.1021, 39.6469], [-120.1018, 39.6469], [-120.1018, 39.6471]]], [[[-120.0993, 39.649], [-120.0993, 39.6479], [-120.0986, 39.6479], [-120.099, 39.6477], [-120.0986, 39.6466], [-120.0979, 39.6479], [-120.0993, 39.649]]], [[[-120.0647, 39.6472], [-120.0647, 39.6466], [-120.064, 39.6466], [-120.064, 39.6469], [-120.0647, 39.6472]]], [[[-120.1014, 39.6469], [-120.1018, 39.6466], [-120.1014, 39.6466], [-120.1014, 39.6469]]], [[[-120.0658, 39.6469], [-120.0661, 39.6466], [-120.0658, 39.6466], [-120.0658, 39.6469]]], [[[-120.0689, 39.6472], [-120.0696, 39.6466], [-120.0689, 39.6463], [-120.0689, 39.6472]]], [[[-120.1004, 39.6466], [-120.1007, 39.6463], [-120.1004, 39.6463], [-120.1004, 39.6466]]], [[[-120.0647, 39.6466], [-120.0658, 39.6464], [-120.0647, 39.6464], [-120.0647, 39.6466]]], [[[-120.07, 39.6469], [-120.0703, 39.6461], [-120.07, 39.6461], [-120.07, 39.6469]]], [[[-120.093, 39.6463], [-120.0934, 39.6461], [-120.093, 39.6461], [-120.093, 39.6463]]], [[[-120.1046, 39.6461], [-120.1053, 39.6458], [-120.1046, 39.6458], [-120.1046, 39.6461]]], [[[-120.0227, 39.6453], [-120.0231, 39.645], [-120.0227, 39.645], [-120.0227, 39.6453]]], [[[-120.021, 39.6445], [-120.0213, 39.6442], [-120.021, 39.6442], [-120.021, 39.6445]]], [[[-120.0623, 39.6442], [-120.0623, 39.6437], [-120.0616, 39.6437], [-120.0616, 39.6439], [-120.0623, 39.6442]]], [[[-120.0189, 39.6439], [-120.0192, 39.6434], [-120.0189, 39.6434], [-120.0189, 39.6439]]], [[[-120.0623, 39.6437], [-120.0626, 39.6434], [-120.0623, 39.6434], [-120.0623, 39.6437]]], [[[-120.1039, 39.6436], [-120.1042, 39.6431], [-120.1039, 39.6431], [-120.1039, 39.6436]]], [[[-120.0626, 39.6434], [-120.0637, 39.6428], [-120.0626, 39.6426], [-120.0626, 39.6434]]], [[[-120.0465, 39.6431], [-120.0469, 39.6426], [-120.0465, 39.6426], [-120.0465, 39.6431]]], [[[-120.0853, 39.6428], [-120.0853, 39.6423], [-120.0843, 39.6423], [-120.0843, 39.6426], [-120.0853, 39.6428]]], [[[-120.0658, 39.6418], [-120.0661, 39.6415], [-120.0658, 39.6415], [-120.0658, 39.6418]]], [[[-120.0472, 39.6426], [-120.0476, 39.6418], [-120.0486, 39.642], [-120.0486, 39.6412], [-120.0472, 39.6415], [-120.0472, 39.6426]]], [[[-120.0535, 39.6415], [-120.0539, 39.6412], [-120.0535, 39.6412], [-120.0535, 39.6415]]], [[[-120.0441, 39.6415], [-120.0444, 39.6412], [-120.0441, 39.6412], [-120.0441, 39.6415]]], [[[-120.0979, 39.6412], [-120.0983, 39.6409], [-120.0979, 39.6409], [-120.0979, 39.6412]]], [[[-120.056, 39.6418], [-120.0577, 39.6415], [-120.0577, 39.6407], [-120.056, 39.6418]]], [[[-120.0577, 39.6407], [-120.0581, 39.6404], [-120.0577, 39.6404], [-120.0577, 39.6407]]], [[[-120.0581, 39.6404], [-120.0584, 39.6401], [-120.0581, 39.6401], [-120.0581, 39.6404]]], [[[-120.0843, 39.652], [-120.085, 39.6515], [-120.0878, 39.6515], [-120.0882, 39.6507], [-120.0878, 39.6488], [-120.0895, 39.6485], [-120.0892, 39.649], [-120.0899, 39.649], [-120.0906, 39.6482], [-120.0906, 39.6496], [-120.0916, 39.6498], [-120.0927, 39.6496], [-120.0923, 39.649], [-120.0934, 39.6482], [-120.0934, 39.6477], [-120.0913, 39.648], [-120.092, 39.6458], [-120.0913, 39.6458], [-120.0913, 39.6447], [-120.0902, 39.645], [-120.0899, 39.6444], [-120.0899, 39.6439], [-120.0909, 39.6442], [-120.0902, 39.6431], [-120.0913, 39.6423], [-120.0909, 39.6409], [-120.0892, 39.6393], [-120.0874, 39.6399], [-120.0874, 39.6388], [-120.0864, 39.6396], [-120.085, 39.6396], [-120.085, 39.6409], [-120.0839, 39.6409], [-120.0839, 39.6415], [-120.085, 39.6417], [-120.085, 39.6412], [-120.0864, 39.6409], [-120.0867, 39.642], [-120.0853, 39.6423], [-120.0881, 39.6428], [-120.0892, 39.642], [-120.0888, 39.6407], [-120.0895, 39.6407], [-120.0906, 39.642], [-120.0895, 39.6423], [-120.0899, 39.6436], [-120.0871, 39.6439], [-120.0864, 39.6447], [-120.0857, 39.6447], [-120.086, 39.6439], [-120.085, 39.6439], [-120.085, 39.6434], [-120.0836, 39.6436], [-120.0839, 39.645], [-120.0832, 39.6447], [-120.0825, 39.6455], [-120.0829, 39.6466], [-120.0818, 39.6466], [-120.0812, 39.648], [-120.0829, 39.6485], [-120.0832, 39.6474], [-120.0846, 39.6469], [-120.0839, 39.6466], [-120.0843, 39.6458], [-120.0846, 39.6458], [-120.0846, 39.6461], [-120.0857, 39.6461], [-120.086, 39.6466], [-120.0867, 39.6466], [-120.0853, 39.6469], [-120.0867, 39.648], [-120.0857, 39.649], [-120.086, 39.6496], [-120.0847, 39.6501], [-120.085, 39.6498], [-120.085, 39.6493], [-120.0847, 39.6493], [-120.0836, 39.6501], [-120.0847, 39.6509], [-120.0843, 39.652]], [[-120.0868, 39.6512], [-120.0864, 39.6504], [-120.0874, 39.6501], [-120.0875, 39.6509], [-120.0868, 39.6512]], [[-120.0878, 39.6496], [-120.0874, 39.6498], [-120.0874, 39.6496], [-120.0878, 39.6496]], [[-120.0871, 39.6477], [-120.0867, 39.648], [-120.0867, 39.6477], [-120.0871, 39.6477]], [[-120.0888, 39.6466], [-120.0885, 39.6471], [-120.0881, 39.6466], [-120.0888, 39.6466]], [[-120.0885, 39.6461], [-120.0878, 39.6455], [-120.0895, 39.645], [-120.0885, 39.6455], [-120.0885, 39.6461]], [[-120.086, 39.6458], [-120.0857, 39.6461], [-120.0857, 39.6458], [-120.086, 39.6458]], [[-120.0864, 39.6455], [-120.086, 39.6458], [-120.086, 39.6455], [-120.0864, 39.6455]], [[-120.0857, 39.645], [-120.0846, 39.6458], [-120.085, 39.6447], [-120.0857, 39.645]], [[-120.0888, 39.6404], [-120.0881, 39.6407], [-120.0881, 39.6404], [-120.0888, 39.6404]]], [[[-120.0923, 39.639], [-120.0927, 39.6388], [-120.0923, 39.6388], [-120.0923, 39.639]]], [[[-120.0885, 39.639], [-120.0888, 39.6388], [-120.0885, 39.6388], [-120.0885, 39.639]]], [[[-120.0927, 39.6388], [-120.093, 39.6385], [-120.0927, 39.6385], [-120.0927, 39.6388]]], [[[-120.0567, 39.6377], [-120.057, 39.6374], [-120.0567, 39.6374], [-120.0567, 39.6377]]], [[[-120.0357, 39.6377], [-120.036, 39.6375], [-120.0357, 39.6375], [-120.0357, 39.6377]]], [[[-120.0969, 39.6471], [-120.0969, 39.6458], [-120.0979, 39.6461], [-120.0997, 39.6444], [-120.1, 39.6444], [-120.1, 39.6452], [-120.0993, 39.6463], [-120.1011, 39.6461], [-120.1018, 39.645], [-120.1032, 39.6452], [-120.1042, 39.6463], [-120.1032, 39.6447], [-120.1032, 39.6434], [-120.1042, 39.6423], [-120.1028, 39.6415], [-120.1014, 39.6425], [-120.1021, 39.6393], [-120.0997, 39.6393], [-120.1, 39.6382], [-120.0993, 39.638], [-120.0976, 39.6393], [-120.0976, 39.6374], [-120.0948, 39.6372], [-120.0955, 39.6377], [-120.0951, 39.6388], [-120.0937, 39.6382], [-120.0934, 39.6407], [-120.0923, 39.6409], [-120.093, 39.6428], [-120.0923, 39.6455], [-120.0934, 39.6444], [-120.0934, 39.6453], [-120.0944, 39.6453], [-120.0941, 39.6463], [-120.0934, 39.6463], [-120.0937, 39.6471], [-120.0944, 39.6463], [-120.0958, 39.6463], [-120.0969, 39.6471]], [[-120.0979, 39.645], [-120.0976, 39.6452], [-120.0976, 39.645], [-120.0979, 39.645]], [[-120.1028, 39.6447], [-120.1025, 39.645], [-120.1025, 39.6447], [-120.1028, 39.6447]], [[-120.1007, 39.6447], [-120.1004, 39.645], [-120.1004, 39.6447], [-120.1007, 39.6447]], [[-120.0986, 39.6444], [-120.0983, 39.6447], [-120.0983, 39.6444], [-120.0986, 39.6444]], [[-120.1004, 39.6442], [-120.1, 39.6444], [-120.1, 39.6442], [-120.1004, 39.6442]], [[-120.0976, 39.6442], [-120.0969, 39.6442], [-120.0969, 39.6436], [-120.0972, 39.6436], [-120.0976, 39.6442]], [[-120.0979, 39.6434], [-120.0976, 39.6436], [-120.0976, 39.6434], [-120.0979, 39.6434]], [[-120.0979, 39.6428], [-120.0976, 39.6431], [-120.0976, 39.6428], [-120.0979, 39.6428]], [[-120.1028, 39.6423], [-120.1025, 39.6425], [-120.1025, 39.6423], [-120.1028, 39.6423]], [[-120.0955, 39.642], [-120.0951, 39.6423], [-120.0951, 39.642], [-120.0955, 39.642]], [[-120.1, 39.6415], [-120.0997, 39.642], [-120.0997, 39.6415], [-120.1, 39.6415]], [[-120.0962, 39.6412], [-120.0958, 39.6417], [-120.0958, 39.6412], [-120.0962, 39.6412]], [[-120.0951, 39.6415], [-120.0948, 39.6417], [-120.0948, 39.6415], [-120.0951, 39.6415]], [[-120.0983, 39.6415], [-120.0976, 39.6415], [-120.0972, 39.6404], [-120.0997, 39.6393], [-120.0983, 39.6415]], [[-120.1011, 39.6401], [-120.1007, 39.6412], [-120.1004, 39.6401], [-120.1011, 39.6401]], [[-120.0944, 39.6407], [-120.0941, 39.6409], [-120.0941, 39.6407], [-120.0944, 39.6407]], [[-120.0962, 39.6404], [-120.0958, 39.6407], [-120.0958, 39.6404], [-120.0962, 39.6404]], [[-120.0969, 39.6398], [-120.0958, 39.6396], [-120.0962, 39.6388], [-120.0965, 39.6388], [-120.0965, 39.6393], [-120.0969, 39.6393], [-120.0969, 39.6398]], [[-120.0948, 39.639], [-120.0944, 39.6396], [-120.0941, 39.639], [-120.0948, 39.639]], [[-120.0972, 39.639], [-120.0969, 39.6393], [-120.0969, 39.639], [-120.0972, 39.639]], [[-120.0958, 39.6388], [-120.0951, 39.639], [-120.0951, 39.6388], [-120.0958, 39.6388]], [[-120.0965, 39.6382], [-120.0962, 39.6385], [-120.0962, 39.6382], [-120.0965, 39.6382]], [[-120.0965, 39.6377], [-120.0962, 39.638], [-120.0962, 39.6377], [-120.0965, 39.6377]]], [[[-120.092, 39.6377], [-120.0934, 39.6372], [-120.0916, 39.6369], [-120.092, 39.6377]]], [[[-120.0955, 39.6372], [-120.0958, 39.6369], [-120.0955, 39.6369], [-120.0955, 39.6372]]], [[[-120.0944, 39.6372], [-120.0948, 39.6369], [-120.0944, 39.6369], [-120.0944, 39.6372]]], [[[-120.0937, 39.6372], [-120.0941, 39.6369], [-120.0937, 39.6369], [-120.0937, 39.6372]]], [[[-120.0909, 39.6366], [-120.0913, 39.6363], [-120.0909, 39.6363], [-120.0909, 39.6366]]], [[[-120.0902, 39.6361], [-120.0906, 39.6363], [-120.0909, 39.6361], [-120.0902, 39.6361]]], [[[-120.0923, 39.6361], [-120.0923, 39.6353], [-120.0916, 39.6353], [-120.0916, 39.6361], [-120.0923, 39.6361]]], [[[-120.0406, 39.6348], [-120.0406, 39.6339], [-120.0399, 39.6339], [-120.0399, 39.6345], [-120.0406, 39.6348]]], [[[-120.0406, 39.6339], [-120.0409, 39.6337], [-120.0406, 39.6337], [-120.0406, 39.6339]]], [[[-120.0402, 39.6337], [-120.0406, 39.6334], [-120.0402, 39.6334], [-120.0402, 39.6337]]], [[[-120.042, 39.6342], [-120.0437, 39.6329], [-120.0437, 39.6323], [-120.0416, 39.6334], [-120.042, 39.6342]]], [[[-120.0441, 39.632], [-120.0444, 39.6318], [-120.0441, 39.6318], [-120.0441, 39.632]]], [[[-120.0283, 39.6318], [-120.0287, 39.6315], [-120.0283, 39.6315], [-120.0283, 39.6318]]], [[[-120.0269, 39.6296], [-120.0273, 39.6291], [-120.0269, 39.6291], [-120.0269, 39.6296]]]]}, "properties": {"layer": "high_severity"}}, {"type": "Feature", "geometry": {"type": "MultiPolygon", "coordinates": [[[[-120.1411, 39.7292], [-120.1415, 39.7289], [-120.1411, 39.7289], [-120.1411, 39.7292]]], [[[-120.139, 39.7286], [-120.1394, 39.7284], [-120.139, 39.7284], [-120.139, 39.7286]]], [[[-120.1338, 39.7238], [-120.1345, 39.7235], [-120.1338, 39.7235], [-120.1338, 39.7238]]], [[[-120.1387, 39.7235], [-120.139, 39.7232], [-120.1387, 39.7232], [-120.1387, 39.7235]]], [[[-120.138, 39.7292], [-120.1394, 39.7276], [-120.1418, 39.7265], [-120.1425, 39.7235], [-120.1411, 39.7238], [-120.1401, 39.7249], [-120.139, 39.7246], [-120.1387, 39.7235], [-120.1383, 39.7235], [-120.1373, 39.7241], [-120.1355, 39.723], [-120.1345, 39.7238], [-120.1352, 39.7251], [-120.1341, 39.7259], [-120.1331, 39.7257], [-120.1331, 39.7284], [-120.1345, 39.7292], [-120.1366, 39.7292], [-120.1355, 39.7281], [-120.1369, 39.7273], [-120.138, 39.7281], [-120.1369, 39.7292], [-120.138, 39.7292]]], [[[-120.1176, 39.723], [-120.118, 39.7233], [-120.1183, 39.723], [-120.1176, 39.723]]], [[[-120.1169, 39.723], [-120.1173, 39.7227], [-120.1169, 39.7227], [-120.1169, 39.723]]], [[[-120.1327, 39.7254], [-120.1324, 39.7243], [-120.1338, 39.723], [-120.1317, 39.7219], [-120.1285, 39.7219], [-120.1285, 39.7254], [-120.1303, 39.7254], [-120.131, 39.7246], [-120.1327, 39.7254]]], [[[-120.125, 39.7257], [-120.125, 39.7195], [-120.1246, 39.7195], [-120.1233, 39.7233], [-120.1215, 39.7243], [-120.1229, 39.7246], [-120.1229, 39.7257], [-120.125, 39.7257]]], [[[-120.125, 39.7179], [-120.125, 39.7149], [-120.1229, 39.7149], [-120.1225, 39.7165], [-120.125, 39.7179]]], [[[-120.1544, 39.7159], [-120.1551, 39.7154], [-120.1544, 39.7149], [-120.1544, 39.7159]]], [[[-120.1155, 39.7179], [-120.1176, 39.7165], [-120.1169, 39.7165], [-120.1169, 39.7149], [-120.1159, 39.7144], [-120.1155, 39.7179]]], [[[-120.1516, 39.714], [-120.1523, 39.714], [-120.1526, 39.7138], [-120.1516, 39.714]]], [[[-120.1159, 39.7133], [-120.1173, 39.7133], [-120.1173, 39.7127], [-120.1159, 39.7133]]], [[[-120.1519, 39.7138], [-120.1519, 39.7132], [-120.1533, 39.713], [-120.1533, 39.7122], [-120.1523, 39.713], [-120.1512, 39.7127], [-120.1519, 39.7138]]], [[[-120.1509, 39.7124], [-120.1512, 39.7122], [-120.1509, 39.7122], [-120.1509, 39.7124]]], [[[-120.1579, 39.7135], [-120.1582, 39.713], [-120.1575, 39.7127], [-120.1589, 39.7127], [-120.16, 39.7119], [-120.1596, 39.7113], [-120.1561, 39.7111], [-120.1561, 39.7116], [-120.1547, 39.7119], [-120.1558, 39.713], [-120.1572, 39.7127], [-120.1579, 39.7135]]], [[[-120.154, 39.7122], [-120.1547, 39.7116], [-120.1533, 39.7111], [-120.153, 39.7119], [-120.154, 39.7122]]], [[[-120.1526, 39.7113], [-120.153, 39.7111], [-120.1526, 39.7111], [-120.1526, 39.7113]]], [[[-120.1187, 39.7184], [-120.1194, 39.7171], [-120.1208, 39.7168], [-120.1204, 39.7116], [-120.119, 39.7103], [-120.1176, 39.71], [-120.1183, 39.7117], [-120.1173, 39.7127], [-120.119, 39.7122], [-120.1201, 39.713], [-120.1201, 39.7143], [-120.1187, 39.7165], [-120.1176, 39.7168], [-120.1187, 39.7184]]], [[[-120.1162, 39.7103], [-120.1166, 39.71], [-120.1162, 39.71], [-120.1162, 39.7103]]], [[[-120.1113, 39.7122], [-120.112, 39.7119], [-120.1127, 39.709], [-120.1113, 39.7095], [-120.1113, 39.7122]]], [[[-120.1131, 39.7087], [-120.1134, 39.7084], [-120.1131, 39.7084], [-120.1131, 39.7087]]], [[[-120.1257, 39.7114], [-120.1274, 39.7103], [-120.1285, 39.7106], [-120.1285, 39.7095], [-120.1264, 39.7087], [-120.126, 39.7079], [-120.1253, 39.7079], [-120.1257, 39.7092], [-120.1246, 39.7098], [-120.1246, 39.7111], [-120.1257, 39.7114]]], [[[-120.1134, 39.7081], [-120.1138, 39.7079], [-120.1134, 39.7079], [-120.1134, 39.7081]]], [[[-120.1138, 39.7079], [-120.1145, 39.7076], [-120.1138, 39.7076], [-120.1138, 39.7079]]], [[[-120.1106, 39.7071], [-120.111, 39.706], [-120.1138, 39.706], [-120.1138, 39.7054], [-120.1159, 39.7054], [-120.1159, 39.7049], [-120.111, 39.7046], [-120.1103, 39.7054], [-120.1106, 39.7071]]], [[[-120.1047, 39.7017], [-120.1047, 39.7011], [-120.104, 39.7011], [-120.104, 39.7014], [-120.1047, 39.7017]]], [[[-120.0962, 39.6801], [-120.0962, 39.6795], [-120.0976, 39.6795], [-120.0976, 39.6787], [-120.0959, 39.6793], [-120.0962, 39.6801]]], [[[-120.098, 39.679], [-120.0983, 39.6787], [-120.098, 39.6787], [-120.098, 39.679]]], [[[-120.0987, 39.6787], [-120.099, 39.6785], [-120.0987, 39.6785], [-120.0987, 39.6787]]], [[[-120.0966, 39.6785], [-120.0969, 39.6782], [-120.0966, 39.6782], [-120.0966, 39.6785]]], [[[-120.0994, 39.6782], [-120.0997, 39.6779], [-120.0994, 39.6779], [-120.0994, 39.6782]]], [[[-120.0966, 39.6779], [-120.0969, 39.6776], [-120.0966, 39.6776], [-120.0966, 39.6779]]], [[[-120.1036, 39.6801], [-120.105, 39.6787], [-120.1043, 39.6787], [-120.1036, 39.6771], [-120.1004, 39.676], [-120.0994, 39.6776], [-120.1036, 39.6801]]], [[[-120.0833, 39.6766], [-120.0854, 39.676], [-120.0864, 39.675], [-120.0836, 39.6747], [-120.0833, 39.6766]]], [[[-120.0864, 39.675], [-120.0871, 39.6747], [-120.0864, 39.6747], [-120.0864, 39.675]]], [[[-120.0885, 39.6747], [-120.0885, 39.6739], [-120.0871, 39.6741], [-120.0871, 39.6747], [-120.0885, 39.6747]]], [[[-120.0889, 39.6741], [-120.0892, 39.6739], [-120.0889, 39.6739], [-120.0889, 39.6741]]], [[[-120.1025, 39.6658], [-120.1029, 39.6652], [-120.1025, 39.6652], [-120.1025, 39.6658]]], [[[-120.1063, 39.6533], [-120.1067, 39.6523], [-120.1049, 39.6523], [-120.1049, 39.6528], [-120.1063, 39.6533]]], [[[-120.0553, 39.6518], [-120.0556, 39.6515], [-120.0553, 39.6515], [-120.0553, 39.6518]]], [[[-120.1119, 39.6509], [-120.1119, 39.6501], [-120.1098, 39.6504], [-120.1098, 39.6509], [-120.1119, 39.6509]]], [[[-120.0668, 39.6493], [-120.0672, 39.6485], [-120.0665, 39.6485], [-120.0668, 39.6493]]], [[[-120.0881, 39.648], [-120.0885, 39.6477], [-120.0881, 39.6477], [-120.0881, 39.648]]], [[[-120.0895, 39.6477], [-120.0909, 39.6466], [-120.0906, 39.6458], [-120.0895, 39.6458], [-120.0895, 39.6477]]], [[[-120.0972, 39.6452], [-120.0976, 39.645], [-120.0972, 39.645], [-120.0972, 39.6452]]], [[[-120.1021, 39.6434], [-120.1025, 39.6431], [-120.1021, 39.6431], [-120.1021, 39.6434]]], [[[-120.0951, 39.6458], [-120.0969, 39.6452], [-120.0958, 39.6442], [-120.0962, 39.6431], [-120.0979, 39.6428], [-120.0986, 39.6439], [-120.1004, 39.6434], [-120.1014, 39.6444], [-120.1021, 39.6434], [-120.099, 39.642], [-120.0969, 39.642], [-120.0951, 39.6431], [-120.0937, 39.6417], [-120.0937, 39.6439], [-120.0951, 39.6447], [-120.0951, 39.6458]]], [[[-120.0472, 39.642], [-120.0476, 39.6418], [-120.0472, 39.6418], [-120.0472, 39.642]]], [[[-120.0874, 39.6415], [-120.0881, 39.6412], [-120.0874, 39.6412], [-120.0874, 39.6415]]], [[[-120.0871, 39.6409], [-120.0874, 39.6407], [-120.0871, 39.6407], [-120.0871, 39.6409]]], [[[-120.0864, 39.6404], [-120.0867, 39.6401], [-120.0864, 39.6401], [-120.0864, 39.6404]]]]}, "properties": {"layer": "interior"}}, {"type": "Feature", "geometry": {"type": "MultiPolygon", "coordinates": [[[[-120.139, 39.7286], [-120.1394, 39.7284], [-120.139, 39.7284], [-120.139, 39.7286]]], [[[-120.138, 39.7292], [-120.1397, 39.7276], [-120.1383, 39.7262], [-120.1331, 39.7257], [-120.1334, 39.7286], [-120.1366, 39.7292], [-120.1355, 39.7281], [-120.1369, 39.7273], [-120.138, 39.7281], [-120.1369, 39.7292], [-120.138, 39.7292]]], [[[-120.1176, 39.723], [-120.118, 39.7233], [-120.1183, 39.723], [-120.1176, 39.723]]], [[[-120.1169, 39.723], [-120.1173, 39.7227], [-120.1169, 39.7227], [-120.1169, 39.723]]], [[[-120.1327, 39.7254], [-120.1327, 39.7238], [-120.1306, 39.7232], [-120.1303, 39.7219], [-120.1285, 39.7219], [-120.1285, 39.7254], [-120.1303, 39.7254], [-120.131, 39.7246], [-120.1327, 39.7254]]], [[[-120.125, 39.7257], [-120.125, 39.7195], [-120.1246, 39.7195], [-120.1233, 39.7233], [-120.1215, 39.7243], [-120.1229, 39.7246], [-120.1229, 39.7257], [-120.125, 39.7257]]], [[[-120.125, 39.7179], [-120.125, 39.717], [-120.1239, 39.717], [-120.1243, 39.7179], [-120.125, 39.7179]]], [[[-120.1187, 39.7184], [-120.1194, 39.7171], [-120.1201, 39.7171], [-120.1197, 39.7165], [-120.1176, 39.7168], [-120.1187, 39.7184]]], [[[-120.1155, 39.7179], [-120.1176, 39.7168], [-120.1166, 39.7154], [-120.1155, 39.7162], [-120.1155, 39.7179]]], [[[-120.1047, 39.7017], [-120.1047, 39.7011], [-120.104, 39.7011], [-120.104, 39.7014], [-120.1047, 39.7017]]], [[[-120.0553, 39.6518], [-120.0556, 39.6515], [-120.0553, 39.6515], [-120.0553, 39.6518]]], [[[-120.0472, 39.642], [-120.0476, 39.6418], [-120.0472, 39.6418], [-120.0472, 39.642]]]]}, "properties": {"layer": "cell", "cell_id": "772_5500", "seed_zone": "772", "elevation_band": "5500–6000 ft"}}, {"type": "Feature", "geometry": {"type": "MultiPolygon", "coordinates": [[[[-120.1411, 39.7292], [-120.1415, 39.7289], [-120.1411, 39.7289], [-120.1411, 39.7292]]], [[[-120.1338, 39.7238], [-120.1345, 39.7235], [-120.1338, 39.7235], [-120.1338, 39.7238]]], [[[-120.1387, 39.7235], [-120.139, 39.7232], [-120.1387, 39.7232], [-120.1387, 39.7235]]], [[[-120.1401, 39.7276], [-120.1422, 39.7259], [-120.1425, 39.7235], [-120.1397, 39.7249], [-120.1387, 39.7235], [-120.1383, 39.7235], [-120.1373, 39.7241], [-120.1355, 39.723], [-120.1345, 39.7238], [-120.1352, 39.7241], [-120.1348, 39.7257], [-120.1383, 39.7262], [-120.1401, 39.7276]]], [[[-120.1334, 39.7238], [-120.1338, 39.723], [-120.1331, 39.7224], [-120.1303, 39.7219], [-120.1306, 39.7232], [-120.1334, 39.7238]]], [[[-120.1239, 39.7173], [-120.125, 39.717], [-120.125, 39.7149], [-120.1229, 39.7149], [-120.1225, 39.7165], [-120.1239, 39.7173]]], [[[-120.1169, 39.7154], [-120.1169, 39.7149], [-120.1159, 39.7144], [-120.1159, 39.7152], [-120.1169, 39.7154]]], [[[-120.1159, 39.7133], [-120.1173, 39.7133], [-120.1173, 39.7127], [-120.1159, 39.7133]]], [[[-120.1208, 39.7168], [-120.1204, 39.7116], [-120.1194, 39.7114], [-120.1173, 39.7122], [-120.1173, 39.7127], [-120.1183, 39.7122], [-120.1197, 39.7125], [-120.1201, 39.7143], [-120.1187, 39.7165], [-120.1208, 39.7168]]], [[[-120.1162, 39.7103], [-120.1166, 39.71], [-120.1162, 39.71], [-120.1162, 39.7103]]], [[[-120.1113, 39.7122], [-120.112, 39.7119], [-120.1127, 39.709], [-120.1113, 39.7095], [-120.1113, 39.7122]]], [[[-120.1131, 39.7087], [-120.1134, 39.7084], [-120.1131, 39.7084], [-120.1131, 39.7087]]], [[[-120.1134, 39.7081], [-120.1138, 39.7079], [-120.1134, 39.7079], [-120.1134, 39.7081]]], [[[-120.1138, 39.7079], [-120.1145, 39.7076], [-120.1138, 39.7076], [-120.1138, 39.7079]]], [[[-120.1106, 39.7071], [-120.111, 39.706], [-120.1138, 39.706], [-120.1141, 39.7049], [-120.111, 39.7046], [-120.1103, 39.7054], [-120.1106, 39.7071]]], [[[-120.0966, 39.6795], [-120.0969, 39.6793], [-120.0966, 39.6793], [-120.0966, 39.6795]]], [[[-120.0976, 39.6795], [-120.0976, 39.6787], [-120.0973, 39.6787], [-120.0969, 39.6793], [-120.0976, 39.6795]]], [[[-120.098, 39.679], [-120.0983, 39.6787], [-120.098, 39.6787], [-120.098, 39.679]]], [[[-120.0987, 39.6787], [-120.099, 39.6785], [-120.0987, 39.6785], [-120.0987, 39.6787]]], [[[-120.0994, 39.6782], [-120.0997, 39.6779], [-120.0994, 39.6779], [-120.0994, 39.6782]]], [[[-120.1036, 39.6801], [-120.105, 39.6787], [-120.1043, 39.6787], [-120.1036, 39.6771], [-120.1004, 39.676], [-120.0994, 39.6776], [-120.1036, 39.6801]]], [[[-120.0829, 39.676], [-120.0833, 39.6763], [-120.0843, 39.6758], [-120.0833, 39.6755], [-120.0829, 39.676]]], [[[-120.1025, 39.6658], [-120.1029, 39.6652], [-120.1025, 39.6652], [-120.1025, 39.6658]]], [[[-120.1063, 39.6533], [-120.1067, 39.6523], [-120.1049, 39.6523], [-120.1049, 39.6528], [-120.1063, 39.6533]]], [[[-120.1112, 39.6509], [-120.1112, 39.6504], [-120.1098, 39.6504], [-120.1098, 39.6509], [-120.1112, 39.6509]]], [[[-120.0668, 39.6493], [-120.0672, 39.6485], [-120.0665, 39.6485], [-120.0668, 39.6493]]], [[[-120.0881, 39.648], [-120.0885, 39.6477], [-120.0881, 39.6477], [-120.0881, 39.648]]], [[[-120.0895, 39.6477], [-120.0909, 39.6466], [-120.0906, 39.6458], [-120.0895, 39.6458], [-120.0895, 39.6477]]], [[[-120.0972, 39.6452], [-120.0976, 39.645], [-120.0972, 39.645], [-120.0972, 39.6452]]], [[[-120.1021, 39.6434], [-120.1025, 39.6431], [-120.1021, 39.6431], [-120.1021, 39.6434]]], [[[-120.0951, 39.6458], [-120.0969, 39.6452], [-120.0958, 39.6442], [-120.0962, 39.6431], [-120.0979, 39.6428], [-120.0986, 39.6439], [-120.1004, 39.6434], [-120.1014, 39.6444], [-120.1021, 39.6434], [-120.099, 39.642], [-120.0969, 39.642], [-120.0951, 39.6431], [-120.0937, 39.6417], [-120.0937, 39.6439], [-120.0951, 39.6447], [-120.0951, 39.6458]]], [[[-120.0874, 39.6415], [-120.0881, 39.6412], [-120.0874, 39.6412], [-120.0874, 39.6415]]], [[[-120.0871, 39.6409], [-120.0874, 39.6407], [-120.0871, 39.6407], [-120.0871, 39.6409]]], [[[-120.0864, 39.6404], [-120.0867, 39.6401], [-120.0864, 39.6401], [-120.0864, 39.6404]]]]}, "properties": {"layer": "cell", "cell_id": "772_6000", "seed_zone": "772", "elevation_band": "6000–6500 ft"}}, {"type": "Feature", "geometry": {"type": "MultiPolygon", "coordinates": [[[[-120.1544, 39.7159], [-120.1551, 39.7154], [-120.1544, 39.7149], [-120.1544, 39.7159]]], [[[-120.1579, 39.7135], [-120.1582, 39.713], [-120.1575, 39.7127], [-120.1589, 39.7127], [-120.1589, 39.7121], [-120.1568, 39.7116], [-120.1554, 39.7122], [-120.1558, 39.713], [-120.1572, 39.7127], [-120.1579, 39.7135]]], [[[-120.118, 39.7119], [-120.1183, 39.7117], [-120.118, 39.7117], [-120.118, 39.7119]]], [[[-120.1183, 39.7117], [-120.1201, 39.7111], [-120.1176, 39.71], [-120.1183, 39.7117]]], [[[-120.1257, 39.7114], [-120.1274, 39.7103], [-120.1285, 39.7106], [-120.1285, 39.7095], [-120.1271, 39.7087], [-120.1257, 39.7087], [-120.1253, 39.7098], [-120.1246, 39.7098], [-120.1246, 39.7111], [-120.1257, 39.7114]]], [[[-120.1159, 39.7054], [-120.1159, 39.7049], [-120.1141, 39.7049], [-120.1141, 39.7054], [-120.1159, 39.7054]]], [[[-120.0962, 39.6801], [-120.0962, 39.6795], [-120.0966, 39.6793], [-120.0959, 39.6793], [-120.0962, 39.6801]]], [[[-120.0966, 39.6787], [-120.0969, 39.679], [-120.0973, 39.6787], [-120.0966, 39.6787]]], [[[-120.0966, 39.6785], [-120.0969, 39.6782], [-120.0966, 39.6782], [-120.0966, 39.6785]]], [[[-120.0966, 39.6779], [-120.0969, 39.6776], [-120.0966, 39.6776], [-120.0966, 39.6779]]], [[[-120.1011, 39.6763], [-120.1015, 39.676], [-120.1011, 39.676], [-120.1011, 39.6763]]], [[[-120.0854, 39.676], [-120.0864, 39.675], [-120.0833, 39.675], [-120.0836, 39.6758], [-120.0854, 39.676]]], [[[-120.0864, 39.675], [-120.0871, 39.6747], [-120.0864, 39.6747], [-120.0864, 39.675]]], [[[-120.0871, 39.6747], [-120.0885, 39.6744], [-120.0871, 39.6741], [-120.0871, 39.6747]]], [[[-120.1119, 39.6509], [-120.1119, 39.6501], [-120.1109, 39.6501], [-120.1112, 39.6509], [-120.1119, 39.6509]]], [[[-120.1, 39.6425], [-120.1004, 39.6423], [-120.1, 39.6423], [-120.1, 39.6425]]]]}, "properties": {"layer": "cell", "cell_id": "772_6500", "seed_zone": "772", "elevation_band": "6500–7000 ft"}}, {"type": "Feature", "geometry": {"type": "MultiPolygon", "coordinates": [[[[-120.1516, 39.714], [-120.1523, 39.714], [-120.1526, 39.7138], [-120.1516, 39.714]]], [[[-120.1519, 39.7138], [-120.1519, 39.7132], [-120.1533, 39.713], [-120.1533, 39.7122], [-120.1523, 39.713], [-120.1512, 39.7127], [-120.1519, 39.7138]]], [[[-120.1509, 39.7124], [-120.1512, 39.7122], [-120.1509, 39.7122], [-120.1509, 39.7124]]], [[[-120.1596, 39.7121], [-120.1596, 39.7113], [-120.1572, 39.7111], [-120.1547, 39.7119], [-120.1596, 39.7121]]], [[[-120.154, 39.7122], [-120.1547, 39.7116], [-120.1533, 39.7111], [-120.153, 39.7119], [-120.154, 39.7122]]], [[[-120.1526, 39.7113], [-120.153, 39.7111], [-120.1526, 39.7111], [-120.1526, 39.7113]]], [[[-120.1257, 39.7087], [-120.1264, 39.7081], [-120.1253, 39.7079], [-120.1257, 39.7087]]], [[[-120.0878, 39.6744], [-120.0885, 39.6739], [-120.0875, 39.6739], [-120.0878, 39.6744]]], [[[-120.0889, 39.6741], [-120.0892, 39.6739], [-120.0889, 39.6739], [-120.0889, 39.6741]]]]}, "properties": {"layer": "cell", "cell_id": "772_7000", "seed_zone": "772", "elevation_band": "7000–7500 ft"}}]}
