{"type": "FeatureCollection", "features": [{"type": "Feature", "geometry": {"type": "MultiPolygon", "coordinates": [[[[-122.9013, 41.7349], [-122.9009, 41.7351], [-122.9011, 41.7348], [-122.9013, 41.7349]]], [[[-122.8806, 41.7383], [-122.8792, 41.7376], [-122.8793, 41.7373], [-122.8806, 41.7375], [-122.8806, 41.7383]]], [[[-122.8442, 41.7467], [-122.8443, 41.7468], [-122.8442, 41.7468], [-122.8442, 41.7467]]], [[[-122.8463, 41.7485], [-122.8465, 41.7489], [-122.8463, 41.7489], [-122.8463, 41.7485]]], [[[-122.863, 41.7552], [-122.8633, 41.7549], [-122.8634, 41.7553], [-122.863, 41.7552]]], [[[-122.8638, 41.7558], [-122.864, 41.756], [-122.8638, 41.756], [-122.8638, 41.7558]]], [[[-122.9578, 41.7786], [-122.958, 41.7789], [-122.9578, 41.7789], [-122.9578, 41.7786]]], [[[-122.9478, 41.7868], [-122.9474, 41.7868], [-122.9475, 41.7867], [-122.9478, 41.7868]]], [[[-122.9504, 41.7951], [-122.9505, 41.7951], [-122.9505, 41.7951], [-122.9504, 41.7951]]], [[[-122.9323, 41.8613], [-122.9328, 41.8622], [-122.9322, 41.8626], [-122.9323, 41.8613]]], [[[-122.9205, 41.8735], [-122.92, 41.8736], [-122.9202, 41.8734], [-122.9205, 41.8735]]], [[[-122.9199, 41.8739], [-122.9199, 41.8738], [-122.92, 41.8739], [-122.9199, 41.8739]]], [[[-122.9204, 41.8738], [-122.9206, 41.8739], [-122.9204, 41.874], [-122.9204, 41.8738]]], [[[-122.8582, 41.8821], [-122.8574, 41.8821], [-122.8574, 41.8818], [-122.8582, 41.8821]]], [[[-122.7274, 41.7767], [-122.7274, 41.7767], [-122.7275, 41.7767], [-122.7274, 41.7767]]], [[[-122.7201, 41.7949], [-122.7204, 41.7949], [-122.7202, 41.7951], [-122.7201, 41.7949]]], [[[-122.7125, 41.7997], [-122.7128, 41.7991], [-122.7128, 41.7996], [-122.7125, 41.7997]]], [[[-122.7017, 41.81], [-122.7015, 41.8099], [-122.7017, 41.8099], [-122.7017, 41.81]]], [[[-122.9318, 41.7608], [-122.9309, 41.7619], [-122.9328, 41.7621], [-122.9332, 41.7629], [-122.9342, 41.762], [-122.9356, 41.7634], [-122.9366, 41.7634], [-122.9368, 41.7677], [-122.939, 41.7713], [-122.9388, 41.7725], [-122.9417, 41.7729], [-122.9432, 41.7741], [-122.9431, 41.7762], [-122.9442, 41.775], [-122.9457, 41.7754], [-122.9462, 41.7745], [-122.9447, 41.773], [-122.9455, 41.7727], [-122.9493, 41.7755], [-122.9478, 41.7768], [-122.9481, 41.7777], [-122.9456, 41.7792], [-122.945, 41.7814], [-122.9463, 41.7816], [-122.947, 41.7831], [-122.9469, 41.7843], [-122.9456, 41.7847], [-122.947, 41.7862], [-122.9478, 41.7895], [-122.9484, 41.7898], [-122.9481, 41.7889], [-122.9487, 41.7888], [-122.9512, 41.7932], [-122.9502, 41.795], [-122.9488, 41.7941], [-122.9475, 41.7949], [-122.9477, 41.7961], [-122.9524, 41.7981], [-122.9574, 41.8033], [-122.9594, 41.8034], [-122.9619, 41.8051], [-122.9693, 41.807], [-122.9717, 41.8087], [-122.9716, 41.81], [-122.9678, 41.8136], [-122.9678, 41.8163], [-122.9653, 41.8179], [-122.9663, 41.8209], [-122.9574, 41.8217], [-122.9551, 41.823], [-122.9522, 41.8233], [-122.947, 41.8282], [-122.9474, 41.8313], [-122.9464, 41.8314], [-122.9474, 41.8331], [-122.9461, 41.8342], [-122.9455, 41.8338], [-122.9437, 41.8345], [-122.9424, 41.8342], [-122.9427, 41.8347], [-122.9403, 41.8366], [-122.9369, 41.8369], [-122.9349, 41.8363], [-122.9345, 41.8372], [-122.9307, 41.839], [-122.9238, 41.841], [-122.9257, 41.8418], [-122.9267, 41.8414], [-122.9281, 41.8425], [-122.9276, 41.844], [-122.9293, 41.8433], [-122.9284, 41.8425], [-122.929, 41.842], [-122.9333, 41.8418], [-122.9341, 41.8435], [-122.9338, 41.8461], [-122.9314, 41.8462], [-122.9323, 41.8479], [-122.9312, 41.8486], [-122.933, 41.8485], [-122.9331, 41.8497], [-122.9342, 41.8489], [-122.9352, 41.8496], [-122.9332, 41.8508], [-122.9311, 41.851], [-122.9307, 41.8519], [-122.9315, 41.8527], [-122.9346, 41.8531], [-122.9359, 41.8559], [-122.9374, 41.8549], [-122.9393, 41.856], [-122.9394, 41.8575], [-122.9374, 41.8575], [-122.9375, 41.8581], [-122.9359, 41.859], [-122.9335, 41.8594], [-122.9307, 41.8618], [-122.9308, 41.8626], [-122.9299, 41.8627], [-122.9316, 41.8652], [-122.9339, 41.8659], [-122.9339, 41.8675], [-122.931, 41.8674], [-122.9302, 41.8663], [-122.9292, 41.8668], [-122.9281, 41.8654], [-122.9267, 41.8658], [-122.9259, 41.8671], [-122.9249, 41.8671], [-122.9217, 41.8721], [-122.9188, 41.872], [-122.9176, 41.8729], [-122.9173, 41.8739], [-122.9192, 41.8751], [-122.9194, 41.8769], [-122.9208, 41.8774], [-122.9187, 41.8791], [-122.92, 41.8808], [-122.9168, 41.881], [-122.9146, 41.8825], [-122.9125, 41.8823], [-122.9107, 41.8838], [-122.9091, 41.8832], [-122.9074, 41.8849], [-122.908, 41.8877], [-122.9037, 41.8881], [-122.9027, 41.889], [-122.9022, 41.8876], [-122.9009, 41.8868], [-122.8996, 41.8884], [-122.9001, 41.8903], [-122.8983, 41.8919], [-122.8966, 41.891], [-122.8978, 41.8899], [-122.8962, 41.8909], [-122.8967, 41.8934], [-122.8938, 41.8924], [-122.8933, 41.8915], [-122.892, 41.8917], [-122.8925, 41.8939], [-122.8908, 41.8943], [-122.8905, 41.8964], [-122.8852, 41.8954], [-122.8842, 41.8969], [-122.8833, 41.8968], [-122.8824, 41.8955], [-122.8783, 41.8958], [-122.8789, 41.8967], [-122.8767, 41.8957], [-122.8746, 41.8962], [-122.8767, 41.8936], [-122.8753, 41.8937], [-122.8748, 41.8929], [-122.8741, 41.8932], [-122.8742, 41.8924], [-122.8723, 41.8924], [-122.8721, 41.8912], [-122.8735, 41.8893], [-122.8716, 41.889], [-122.8708, 41.8899], [-122.8698, 41.8884], [-122.8681, 41.8885], [-122.8666, 41.8876], [-122.8605, 41.8875], [-122.8603, 41.8855], [-122.8597, 41.8854], [-122.8603, 41.8849], [-122.8594, 41.8842], [-122.8599, 41.883], [-122.8585, 41.8811], [-122.8601, 41.8792], [-122.8609, 41.8802], [-122.8605, 41.881], [-122.8631, 41.8805], [-122.8627, 41.878], [-122.8638, 41.8773], [-122.8624, 41.8773], [-122.8605, 41.8758], [-122.8592, 41.8761], [-122.8606, 41.8778], [-122.8592, 41.8794], [-122.8581, 41.8784], [-122.8554, 41.8779], [-122.8553, 41.8772], [-122.854, 41.8774], [-122.8549, 41.8756], [-122.8494, 41.8749], [-122.8489, 41.8758], [-122.8464, 41.8758], [-122.8461, 41.8742], [-122.8469, 41.8731], [-122.845, 41.8723], [-122.8441, 41.8727], [-122.8439, 41.8744], [-122.8451, 41.8759], [-122.8434, 41.8758], [-122.8426, 41.8766], [-122.8457, 41.8777], [-122.8444, 41.8798], [-122.8429, 41.8786], [-122.8407, 41.878], [-122.8401, 41.8806], [-122.8384, 41.8806], [-122.8382, 41.8796], [-122.8372, 41.8793], [-122.8333, 41.8803], [-122.8319, 41.8784], [-122.8341, 41.877], [-122.8339, 41.875], [-122.8302, 41.8725], [-122.8316, 41.8713], [-122.8339, 41.8727], [-122.8359, 41.8725], [-122.8365, 41.8707], [-122.8341, 41.8689], [-122.8323, 41.869], [-122.8303, 41.8683], [-122.8304, 41.8675], [-122.8293, 41.8669], [-122.8304, 41.866], [-122.829, 41.8657], [-122.828, 41.8644], [-122.8264, 41.8649], [-122.8263, 41.8657], [-122.8246, 41.861], [-122.8274, 41.8604], [-122.8193, 41.8612], [-122.8181, 41.8629], [-122.8178, 41.8681], [-122.8154, 41.8692], [-122.8131, 41.8676], [-122.8099, 41.8668], [-122.8073, 41.8674], [-122.8018, 41.8648], [-122.7967, 41.8644], [-122.7959, 41.8653], [-122.7945, 41.8654], [-122.7924, 41.8649], [-122.7917, 41.8641], [-122.7908, 41.8656], [-122.7878, 41.8643], [-122.788, 41.8632], [-122.7794, 41.8599], [-122.7736, 41.8568], [-122.773, 41.8554], [-122.7695, 41.8547], [-122.7682, 41.8538], [-122.7614, 41.8567], [-122.7583, 41.8558], [-122.7524, 41.8571], [-122.7513, 41.8568], [-122.7503, 41.8576], [-122.7486, 41.8563], [-122.7485, 41.8549], [-122.7477, 41.8548], [-122.7472, 41.8553], [-122.748, 41.8565], [-122.7471, 41.8586], [-122.7441, 41.8575], [-122.7437, 41.8589], [-122.7429, 41.8587], [-122.7422, 41.8597], [-122.7411, 41.8586], [-122.7401, 41.8591], [-122.7386, 41.8579], [-122.74, 41.8563], [-122.7365, 41.8551], [-122.7359, 41.8543], [-122.7399, 41.8502], [-122.7384, 41.8509], [-122.7369, 41.8501], [-122.7384, 41.8492], [-122.739, 41.8479], [-122.7383, 41.8471], [-122.7393, 41.8462], [-122.7408, 41.8464], [-122.7397, 41.8433], [-122.7381, 41.8441], [-122.7389, 41.8433], [-122.7373, 41.8423], [-122.7374, 41.8411], [-122.7359, 41.8411], [-122.7349, 41.8424], [-122.7338, 41.8422], [-122.734, 41.8412], [-122.7335, 41.8417], [-122.7326, 41.8411], [-122.7339, 41.8394], [-122.733, 41.8392], [-122.7329, 41.8381], [-122.7301, 41.8374], [-122.7302, 41.839], [-122.7313, 41.8403], [-122.7305, 41.841], [-122.7294, 41.8406], [-122.7292, 41.8398], [-122.7275, 41.8391], [-122.7273, 41.8377], [-122.7258, 41.8369], [-122.7264, 41.8358], [-122.7259, 41.8342], [-122.7237, 41.8358], [-122.7219, 41.8358], [-122.7222, 41.8365], [-122.7213, 41.8367], [-122.7208, 41.8355], [-122.7165, 41.8353], [-122.7155, 41.8361], [-122.7164, 41.8379], [-122.715, 41.8388], [-122.7135, 41.8389], [-122.7128, 41.8373], [-122.71, 41.8351], [-122.7093, 41.8353], [-122.7095, 41.8343], [-122.7107, 41.8341], [-122.7093, 41.8332], [-122.7098, 41.8322], [-122.7084, 41.8309], [-122.7089, 41.8305], [-122.7053, 41.8306], [-122.7048, 41.8295], [-122.7028, 41.8294], [-122.7033, 41.8283], [-122.702, 41.8273], [-122.7027, 41.8267], [-122.7017, 41.8254], [-122.7019, 41.8239], [-122.7002, 41.8251], [-122.698, 41.8247], [-122.6969, 41.8254], [-122.6953, 41.8239], [-122.6948, 41.8222], [-122.693, 41.8223], [-122.693, 41.8206], [-122.6955, 41.82], [-122.6944, 41.8195], [-122.7015, 41.8171], [-122.7015, 41.816], [-122.6994, 41.8146], [-122.7007, 41.8143], [-122.7, 41.8127], [-122.7011, 41.8122], [-122.7005, 41.8112], [-122.6985, 41.8107], [-122.6988, 41.8091], [-122.7013, 41.8098], [-122.7003, 41.8108], [-122.7026, 41.8114], [-122.7036, 41.813], [-122.7057, 41.8131], [-122.7076, 41.8119], [-122.7081, 41.8123], [-122.7098, 41.8081], [-122.7117, 41.8083], [-122.7108, 41.8065], [-122.7138, 41.8043], [-122.7161, 41.805], [-122.7154, 41.804], [-122.716, 41.8019], [-122.7143, 41.7993], [-122.7175, 41.7994], [-122.7195, 41.7984], [-122.7209, 41.7987], [-122.7226, 41.7964], [-122.7207, 41.7904], [-122.7197, 41.7897], [-122.7169, 41.7896], [-122.7157, 41.7884], [-122.7135, 41.7877], [-122.7122, 41.7858], [-122.7099, 41.7861], [-122.7093, 41.7854], [-122.7108, 41.7844], [-122.7118, 41.7849], [-122.711, 41.7824], [-122.7123, 41.7819], [-122.7136, 41.7825], [-122.7146, 41.7805], [-122.7156, 41.781], [-122.7156, 41.7802], [-122.7169, 41.7802], [-122.7178, 41.7792], [-122.7204, 41.7798], [-122.7238, 41.7783], [-122.7242, 41.7775], [-122.7248, 41.7782], [-122.7284, 41.779], [-122.7298, 41.7784], [-122.7301, 41.7772], [-122.7313, 41.7772], [-122.7322, 41.7779], [-122.7349, 41.7755], [-122.7328, 41.7708], [-122.7328, 41.7687], [-122.734, 41.7683], [-122.7355, 41.7695], [-122.7364, 41.7691], [-122.7368, 41.7668], [-122.7422, 41.7647], [-122.7435, 41.7655], [-122.7454, 41.7632], [-122.747, 41.764], [-122.7486, 41.7633], [-122.7481, 41.7625], [-122.7491, 41.7618], [-122.7523, 41.7617], [-122.7535, 41.7607], [-122.7542, 41.7611], [-122.7536, 41.7619], [-122.7555, 41.7616], [-122.7571, 41.7591], [-122.7588, 41.7603], [-122.7591, 41.7617], [-122.7576, 41.7613], [-122.7586, 41.7634], [-122.7573, 41.7642], [-122.7601, 41.7646], [-122.7621, 41.7664], [-122.7632, 41.7661], [-122.763, 41.765], [-122.7638, 41.7645], [-122.768, 41.7649], [-122.7685, 41.7629], [-122.7697, 41.7628], [-122.7686, 41.7614], [-122.7699, 41.7602], [-122.7713, 41.76], [-122.7718, 41.7572], [-122.7733, 41.7564], [-122.7753, 41.7576], [-122.78, 41.7584], [-122.7828, 41.7619], [-122.7813, 41.763], [-122.7789, 41.7599], [-122.7776, 41.7629], [-122.7767, 41.7633], [-122.7786, 41.7664], [-122.7794, 41.7656], [-122.7801, 41.7661], [-122.7812, 41.7656], [-122.7819, 41.7663], [-122.7829, 41.7658], [-122.7823, 41.7683], [-122.7814, 41.7685], [-122.7811, 41.7701], [-122.7797, 41.7711], [-122.7808, 41.7726], [-122.7828, 41.7724], [-122.7798, 41.778], [-122.776, 41.7795], [-122.7797, 41.7795], [-122.7812, 41.7788], [-122.7893, 41.7781], [-122.792, 41.7769], [-122.7961, 41.7764], [-122.7979, 41.7752], [-122.7988, 41.7732], [-122.8003, 41.7725], [-122.8016, 41.7685], [-122.8027, 41.7688], [-122.8059, 41.7676], [-122.8062, 41.7652], [-122.8077, 41.7647], [-122.8105, 41.7648], [-122.8113, 41.7637], [-122.8131, 41.7638], [-122.8153, 41.7623], [-122.8159, 41.7613], [-122.8182, 41.7613], [-122.819, 41.7605], [-122.8202, 41.7621], [-122.8227, 41.7624], [-122.8236, 41.7632], [-122.8243, 41.7616], [-122.8227, 41.7614], [-122.8227, 41.7596], [-122.8202, 41.7605], [-122.8192, 41.7594], [-122.8195, 41.7584], [-122.8187, 41.7575], [-122.8196, 41.7562], [-122.8193, 41.7552], [-122.8182, 41.7548], [-122.8179, 41.7528], [-122.8191, 41.7505], [-122.8202, 41.751], [-122.8198, 41.7488], [-122.8229, 41.7489], [-122.8253, 41.7513], [-122.8275, 41.7516], [-122.8285, 41.7507], [-122.8296, 41.7515], [-122.8324, 41.7518], [-122.833, 41.7512], [-122.8337, 41.7515], [-122.8334, 41.7506], [-122.8345, 41.7505], [-122.836, 41.7492], [-122.8369, 41.7461], [-122.8347, 41.7483], [-122.8333, 41.7481], [-122.8347, 41.7476], [-122.8345, 41.747], [-122.8335, 41.7462], [-122.831, 41.7465], [-122.8318, 41.745], [-122.8296, 41.7414], [-122.8296, 41.7409], [-122.8307, 41.7415], [-122.8316, 41.7411], [-122.8321, 41.7428], [-122.834, 41.7436], [-122.833, 41.7426], [-122.8344, 41.7423], [-122.835, 41.7428], [-122.8352, 41.7413], [-122.8325, 41.7408], [-122.834, 41.7406], [-122.8336, 41.7401], [-122.8344, 41.7394], [-122.8358, 41.7393], [-122.8354, 41.738], [-122.8348, 41.7387], [-122.8343, 41.7384], [-122.8333, 41.7368], [-122.8338, 41.7364], [-122.8353, 41.7368], [-122.8368, 41.7361], [-122.8397, 41.7378], [-122.839, 41.7393], [-122.8404, 41.7407], [-122.8393, 41.7417], [-122.8403, 41.7426], [-122.8423, 41.7423], [-122.8439, 41.7429], [-122.8462, 41.7418], [-122.8473, 41.7428], [-122.8471, 41.7439], [-122.848, 41.7438], [-122.8493, 41.7451], [-122.851, 41.7435], [-122.8543, 41.7452], [-122.8533, 41.7465], [-122.8536, 41.7495], [-122.8498, 41.7507], [-122.8489, 41.7505], [-122.8476, 41.7474], [-122.8457, 41.7461], [-122.8464, 41.7444], [-122.8442, 41.7449], [-122.8431, 41.7466], [-122.844, 41.747], [-122.8439, 41.7486], [-122.845, 41.7478], [-122.8452, 41.7489], [-122.8461, 41.7489], [-122.8455, 41.7499], [-122.8463, 41.7496], [-122.8481, 41.7511], [-122.8492, 41.7509], [-122.8487, 41.7518], [-122.8505, 41.7527], [-122.8505, 41.7534], [-122.849, 41.7536], [-122.8509, 41.7549], [-122.8501, 41.7572], [-122.849, 41.7573], [-122.8505, 41.7579], [-122.8496, 41.7599], [-122.8499, 41.761], [-122.8511, 41.7614], [-122.8519, 41.7602], [-122.8533, 41.7601], [-122.8525, 41.7596], [-122.8532, 41.7586], [-122.8547, 41.7585], [-122.8559, 41.7575], [-122.8576, 41.7572], [-122.8582, 41.758], [-122.8588, 41.7572], [-122.8603, 41.7579], [-122.8625, 41.7565], [-122.8628, 41.7573], [-122.8659, 41.7565], [-122.865, 41.7558], [-122.866, 41.7556], [-122.8653, 41.7552], [-122.8658, 41.7546], [-122.865, 41.7544], [-122.8656, 41.7538], [-122.8639, 41.7535], [-122.8641, 41.7512], [-122.8626, 41.7493], [-122.8613, 41.7496], [-122.8609, 41.7504], [-122.8589, 41.75], [-122.8565, 41.7508], [-122.8564, 41.7501], [-122.8551, 41.751], [-122.854, 41.7503], [-122.8561, 41.7495], [-122.8634, 41.749], [-122.8643, 41.7469], [-122.8672, 41.7442], [-122.8684, 41.7439], [-122.8682, 41.7424], [-122.8712, 41.74], [-122.8745, 41.7392], [-122.8811, 41.7403], [-122.8806, 41.7395], [-122.8785, 41.7388], [-122.8765, 41.7395], [-122.8737, 41.7382], [-122.8737, 41.7375], [-122.8744, 41.7372], [-122.876, 41.7381], [-122.8764, 41.7372], [-122.8778, 41.7373], [-122.8815, 41.7395], [-122.8815, 41.7367], [-122.8804, 41.7368], [-122.88, 41.7358], [-122.8782, 41.7363], [-122.8778, 41.735], [-122.8794, 41.7339], [-122.8791, 41.7329], [-122.8813, 41.73], [-122.8844, 41.7276], [-122.8894, 41.7281], [-122.8903, 41.7292], [-122.8894, 41.73], [-122.8897, 41.7316], [-122.8903, 41.7317], [-122.8918, 41.7317], [-122.892, 41.7297], [-122.8952, 41.7303], [-122.8962, 41.7293], [-122.8995, 41.7296], [-122.9003, 41.7301], [-122.8987, 41.7313], [-122.8993, 41.7322], [-122.9007, 41.7323], [-122.9002, 41.7355], [-122.9056, 41.7381], [-122.9069, 41.7397], [-122.9064, 41.7408], [-122.9072, 41.742], [-122.9053, 41.7472], [-122.9053, 41.7501], [-122.9043, 41.7513], [-122.9009, 41.7525], [-122.9026, 41.756], [-122.9085, 41.757], [-122.9169, 41.7559], [-122.923, 41.7588], [-122.9243, 41.7567], [-122.9257, 41.7579], [-122.9276, 41.7578], [-122.929, 41.7604], [-122.9302, 41.7598], [-122.9318, 41.7608]], [[-122.7148, 41.8388], [-122.7148, 41.8388], [-122.7148, 41.8388], [-122.7148, 41.8388]], [[-122.7019, 41.8239], [-122.7019, 41.8239], [-122.7019, 41.8239], [-122.7019, 41.8239]], [[-122.8781, 41.7384], [-122.8782, 41.7384], [-122.8782, 41.7384], [-122.8781, 41.7384]], [[-122.8847, 41.7315], [-122.8832, 41.7295], [-122.8825, 41.7297], [-122.882, 41.7305], [-122.8827, 41.7318], [-122.8847, 41.7315]]], [[[-122.82, 41.8617], [-122.82, 41.8615], [-122.8202, 41.8614], [-122.82, 41.8617]]], [[[-122.8302, 41.8714], [-122.8301, 41.8717], [-122.83, 41.8714], [-122.8302, 41.8714]]], [[[-122.8076, 41.8744], [-122.807, 41.8747], [-122.807, 41.8742], [-122.8076, 41.8744]]], [[[-122.83, 41.8793], [-122.83, 41.8786], [-122.8308, 41.8786], [-122.8311, 41.8794], [-122.83, 41.8793]]], [[[-122.8209, 41.8796], [-122.8211, 41.8794], [-122.8211, 41.8796], [-122.8209, 41.8796]]], [[[-122.8148, 41.8898], [-122.8125, 41.8886], [-122.8106, 41.8887], [-122.8106, 41.8873], [-122.8082, 41.8863], [-122.8075, 41.8866], [-122.8064, 41.8848], [-122.8085, 41.8826], [-122.8077, 41.8814], [-122.8085, 41.8803], [-122.8053, 41.8788], [-122.8055, 41.8761], [-122.8039, 41.8749], [-122.8077, 41.8755], [-122.8096, 41.8737], [-122.8091, 41.8724], [-122.8116, 41.872], [-122.8128, 41.8706], [-122.815, 41.8711], [-122.8159, 41.8729], [-122.8177, 41.8724], [-122.819, 41.8735], [-122.8189, 41.8748], [-122.821, 41.8757], [-122.8212, 41.8773], [-122.8198, 41.8793], [-122.8205, 41.8827], [-122.8221, 41.8838], [-122.8208, 41.8872], [-122.8183, 41.8871], [-122.8168, 41.8882], [-122.8159, 41.8881], [-122.817, 41.8893], [-122.8148, 41.8898]]], [[[-122.8418, 41.8809], [-122.8409, 41.881], [-122.8415, 41.8806], [-122.8418, 41.8809]]], [[[-122.7865, 41.9769], [-122.7831, 41.9765], [-122.7832, 41.9745], [-122.785, 41.9734], [-122.7866, 41.9736], [-122.7869, 41.9744], [-122.7884, 41.9749], [-122.788, 41.9764], [-122.7865, 41.9769]]]]}, "properties": {"layer": "perimeter"}}, {"type": "Feature", "geometry": {"type": "MultiPolygon", "coordinates": [[[[-122.8806, 41.7383], [-122.8792, 41.7376], [-122.8793, 41.7373], [-122.8806, 41.7375], [-122.8806, 41.7383]]], [[[-122.863, 41.7552], [-122.8635, 41.7551], [-122.8634, 41.7553], [-122.863, 41.7552]]], [[[-122.8638, 41.7558], [-122.864, 41.756], [-122.8638, 41.756], [-122.8638, 41.7558]]], [[[-122.9476, 41.787], [-122.9474, 41.7867], [-122.9476, 41.7867], [-122.9476, 41.787]]], [[[-122.9504, 41.7951], [-122.9505, 41.7951], [-122.9505, 41.7951], [-122.9504, 41.7951]]], [[[-122.8582, 41.8821], [-122.8574, 41.8821], [-122.8574, 41.8818], [-122.8582, 41.8821]]], [[[-122.7204, 41.7949], [-122.7202, 41.7951], [-122.7201, 41.7949], [-122.7204, 41.7949]]], [[[-122.7123, 41.7995], [-122.7129, 41.7992], [-122.7125, 41.7997], [-122.7123, 41.7995]]], [[[-122.9309, 41.7602], [-122.9314, 41.7613], [-122.931, 41.7617], [-122.9309, 41.7602]]], [[[-122.931, 41.7619], [-122.9328, 41.7621], [-122.9332, 41.7629], [-122.9342, 41.762], [-122.9354, 41.7631], [-122.9311, 41.7633], [-122.931, 41.7619]]], [[[-122.9364, 41.7701], [-122.939, 41.7713], [-122.9388, 41.7725], [-122.9417, 41.7729], [-122.9432, 41.7741], [-122.9431, 41.7762], [-122.9442, 41.775], [-122.9457, 41.7754], [-122.9462, 41.7745], [-122.9447, 41.773], [-122.9455, 41.7727], [-122.9493, 41.7755], [-122.9478, 41.7768], [-122.9481, 41.7777], [-122.9456, 41.7792], [-122.945, 41.7814], [-122.9463, 41.7816], [-122.9472, 41.7836], [-122.9456, 41.7847], [-122.9475, 41.7874], [-122.9476, 41.7936], [-122.929, 41.7936], [-122.929, 41.7791], [-122.937, 41.7792], [-122.9364, 41.7701]]], [[[-122.9512, 41.7937], [-122.9502, 41.795], [-122.9488, 41.7941], [-122.9476, 41.7949], [-122.9476, 41.7936], [-122.9512, 41.7937]]], [[[-122.9476, 41.7958], [-122.9524, 41.7981], [-122.9574, 41.8033], [-122.9594, 41.8034], [-122.9619, 41.8051], [-122.9669, 41.8064], [-122.967, 41.808], [-122.9475, 41.808], [-122.9476, 41.7958]]], [[[-122.9701, 41.808], [-122.9717, 41.8087], [-122.9716, 41.81], [-122.9678, 41.8136], [-122.9678, 41.8163], [-122.9653, 41.8179], [-122.9663, 41.8209], [-122.962, 41.8213], [-122.9623, 41.815], [-122.967, 41.8151], [-122.967, 41.808], [-122.9701, 41.808]]], [[[-122.956, 41.8222], [-122.9551, 41.823], [-122.9522, 41.8233], [-122.9486, 41.8262], [-122.9483, 41.8276], [-122.9477, 41.8279], [-122.9474, 41.8281], [-122.9472, 41.8281], [-122.9473, 41.8223], [-122.956, 41.8222]]], [[[-122.947, 41.8282], [-122.9472, 41.8294], [-122.9469, 41.8301], [-122.9463, 41.8284], [-122.947, 41.8282]]], [[[-122.9473, 41.8303], [-122.9474, 41.8313], [-122.9473, 41.8314], [-122.9473, 41.8303]]], [[[-122.9473, 41.8326], [-122.9474, 41.8331], [-122.9473, 41.8332], [-122.9473, 41.8326]]], [[[-122.9407, 41.8362], [-122.9369, 41.8369], [-122.9349, 41.8363], [-122.939, 41.8361], [-122.9407, 41.8362]]], [[[-122.9348, 41.8364], [-122.9345, 41.8372], [-122.9292, 41.8396], [-122.9296, 41.8365], [-122.9348, 41.8364]]], [[[-122.9263, 41.8402], [-122.9237, 41.8412], [-122.9251, 41.8411], [-122.9257, 41.8418], [-122.9267, 41.8414], [-122.9281, 41.8425], [-122.9277, 41.8435], [-122.9126, 41.8433], [-122.9125, 41.8451], [-122.9101, 41.845], [-122.91, 41.8503], [-122.9005, 41.8506], [-122.9005, 41.8575], [-122.8912, 41.8575], [-122.8914, 41.8647], [-122.91, 41.8648], [-122.9092, 41.8763], [-122.9182, 41.8763], [-122.9178, 41.8806], [-122.9137, 41.8807], [-122.9135, 41.8821], [-122.9088, 41.8822], [-122.9087, 41.8839], [-122.9074, 41.8849], [-122.908, 41.8877], [-122.9035, 41.8879], [-122.9027, 41.889], [-122.9022, 41.8876], [-122.9009, 41.8868], [-122.8996, 41.8884], [-122.9001, 41.8903], [-122.8983, 41.8919], [-122.8966, 41.891], [-122.8978, 41.8899], [-122.8962, 41.8909], [-122.8967, 41.8934], [-122.8938, 41.8924], [-122.8933, 41.8915], [-122.892, 41.8917], [-122.8924, 41.894], [-122.8909, 41.8943], [-122.8906, 41.8963], [-122.8899, 41.8966], [-122.8854, 41.8954], [-122.8842, 41.8969], [-122.8833, 41.8968], [-122.8824, 41.8955], [-122.8783, 41.8958], [-122.8789, 41.8967], [-122.8767, 41.8957], [-122.8746, 41.8962], [-122.8767, 41.8935], [-122.8741, 41.8932], [-122.8741, 41.8924], [-122.8724, 41.8926], [-122.8721, 41.8912], [-122.8736, 41.8893], [-122.8716, 41.889], [-122.8708, 41.8899], [-122.8695, 41.8889], [-122.8694, 41.8878], [-122.8837, 41.8879], [-122.8863, 41.8655], [-122.8714, 41.8677], [-122.8715, 41.859], [-122.8815, 41.8583], [-122.8813, 41.8503], [-122.8881, 41.8502], [-122.8883, 41.8478], [-122.8858, 41.8478], [-122.8857, 41.8487], [-122.8839, 41.8487], [-122.884, 41.8478], [-122.8821, 41.8477], [-122.8822, 41.8469], [-122.872, 41.8468], [-122.8716, 41.8503], [-122.8525, 41.8501], [-122.8517, 41.8706], [-122.8321, 41.8735], [-122.8319, 41.8713], [-122.8344, 41.8728], [-122.8359, 41.8725], [-122.8365, 41.8707], [-122.8341, 41.8689], [-122.8319, 41.8689], [-122.8314, 41.8662], [-122.8298, 41.8663], [-122.8302, 41.8658], [-122.829, 41.8657], [-122.828, 41.8644], [-122.8264, 41.8649], [-122.8263, 41.8657], [-122.8246, 41.861], [-122.8274, 41.8604], [-122.8238, 41.8606], [-122.8223, 41.8609], [-122.8212, 41.8609], [-122.8222, 41.8609], [-122.8224, 41.8587], [-122.8135, 41.8585], [-122.8135, 41.8442], [-122.8316, 41.8439], [-122.8314, 41.8292], [-122.8445, 41.8221], [-122.8482, 41.8222], [-122.8485, 41.8213], [-122.8417, 41.8211], [-122.8419, 41.8141], [-122.8518, 41.8141], [-122.8518, 41.8161], [-122.8534, 41.8155], [-122.8585, 41.8158], [-122.8585, 41.8123], [-122.8559, 41.8124], [-122.8559, 41.814], [-122.8534, 41.814], [-122.853, 41.8091], [-122.8727, 41.8078], [-122.8726, 41.8222], [-122.8914, 41.8221], [-122.892, 41.8365], [-122.8712, 41.8362], [-122.8711, 41.8382], [-122.8729, 41.8383], [-122.8728, 41.8392], [-122.8837, 41.842], [-122.8941, 41.8406], [-122.8958, 41.8433], [-122.9006, 41.8433], [-122.9009, 41.8416], [-122.8962, 41.8416], [-122.8966, 41.8399], [-122.8944, 41.8399], [-122.895, 41.8364], [-122.8967, 41.8364], [-122.8967, 41.8329], [-122.8954, 41.8329], [-122.8952, 41.8276], [-122.8964, 41.8275], [-122.8963, 41.8259], [-122.9009, 41.8256], [-122.901, 41.8292], [-122.9034, 41.8291], [-122.9037, 41.8336], [-122.9013, 41.8337], [-122.9012, 41.8364], [-122.9105, 41.8363], [-122.9103, 41.8414], [-122.9151, 41.8416], [-122.9153, 41.8398], [-122.9263, 41.8402]], [[-122.8525, 41.8501], [-122.8525, 41.8362], [-122.8398, 41.8409], [-122.84, 41.8481], [-122.8384, 41.8487], [-122.8412, 41.8514], [-122.8431, 41.85], [-122.8525, 41.8501]], [[-122.8603, 41.8223], [-122.8601, 41.8266], [-122.8539, 41.8267], [-122.8532, 41.8328], [-122.873, 41.8329], [-122.8726, 41.8222], [-122.8603, 41.8223]], [[-122.8314, 41.855], [-122.8314, 41.8535], [-122.8268, 41.8587], [-122.8275, 41.8587], [-122.8314, 41.855]], [[-122.8495, 41.8213], [-122.8488, 41.8213], [-122.8494, 41.8222], [-122.8539, 41.8222], [-122.8536, 41.819], [-122.8519, 41.8192], [-122.8519, 41.8214], [-122.8498, 41.8203], [-122.8495, 41.8213]], [[-122.8894, 41.8425], [-122.8858, 41.8446], [-122.8845, 41.8432], [-122.8806, 41.8418], [-122.8774, 41.8418], [-122.8771, 41.8427], [-122.8801, 41.842], [-122.8856, 41.8447], [-122.8913, 41.8431], [-122.8914, 41.8424], [-122.8894, 41.8425]], [[-122.8878, 41.8462], [-122.8876, 41.8448], [-122.8867, 41.8449], [-122.8868, 41.846], [-122.8878, 41.8462]], [[-122.903, 41.8433], [-122.9028, 41.845], [-122.9052, 41.845], [-122.9054, 41.8433], [-122.903, 41.8433]]], [[[-122.9288, 41.8506], [-122.9292, 41.8431], [-122.9284, 41.8425], [-122.929, 41.842], [-122.9333, 41.8418], [-122.9341, 41.8435], [-122.9338, 41.8461], [-122.9314, 41.8462], [-122.9323, 41.8479], [-122.9312, 41.8486], [-122.933, 41.8485], [-122.9331, 41.8497], [-122.9342, 41.8489], [-122.9351, 41.8492], [-122.9335, 41.8506], [-122.9288, 41.8506]]], [[[-122.9288, 41.865], [-122.9339, 41.8659], [-122.9339, 41.8675], [-122.9311, 41.8674], [-122.9302, 41.8663], [-122.9293, 41.8668], [-122.9287, 41.8661], [-122.9288, 41.865]]], [[[-122.8694, 41.8878], [-122.8628, 41.8878], [-122.8618, 41.8872], [-122.8606, 41.8875], [-122.8603, 41.8855], [-122.8597, 41.8854], [-122.8599, 41.883], [-122.8585, 41.8813], [-122.8587, 41.8804], [-122.8605, 41.8793], [-122.8605, 41.881], [-122.8616, 41.8804], [-122.8623, 41.881], [-122.8634, 41.8795], [-122.8627, 41.878], [-122.8638, 41.8773], [-122.8625, 41.8773], [-122.861, 41.876], [-122.8594, 41.8757], [-122.8594, 41.877], [-122.8606, 41.8778], [-122.8592, 41.8794], [-122.8581, 41.8784], [-122.8554, 41.8779], [-122.8553, 41.8772], [-122.854, 41.8774], [-122.855, 41.8756], [-122.8514, 41.8753], [-122.8517, 41.8706], [-122.8714, 41.8677], [-122.8694, 41.8878]]], [[[-122.8203, 41.8609], [-122.8182, 41.8626], [-122.8178, 41.8681], [-122.8159, 41.8692], [-122.8113, 41.8671], [-122.8071, 41.8674], [-122.8018, 41.8648], [-122.7967, 41.8644], [-122.7957, 41.8654], [-122.7939, 41.8653], [-122.7935, 41.8586], [-122.8135, 41.8585], [-122.8132, 41.8666], [-122.8158, 41.8666], [-122.8158, 41.863], [-122.818, 41.863], [-122.8179, 41.8609], [-122.8203, 41.8609]]], [[[-122.7902, 41.8653], [-122.7878, 41.8643], [-122.7879, 41.8634], [-122.7893, 41.8632], [-122.7893, 41.8639], [-122.7904, 41.8641], [-122.7902, 41.8653]], [[-122.7894, 41.8643], [-122.79, 41.8642], [-122.7894, 41.8641], [-122.7894, 41.8643]]], [[[-122.7858, 41.8626], [-122.7851, 41.8621], [-122.7845, 41.8618], [-122.7848, 41.8618], [-122.7858, 41.8626]]], [[[-122.7779, 41.8584], [-122.7755, 41.8575], [-122.7754, 41.8569], [-122.7779, 41.8584]]], [[[-122.7647, 41.8551], [-122.761, 41.8566], [-122.7585, 41.8491], [-122.7598, 41.8491], [-122.7594, 41.8452], [-122.769, 41.8452], [-122.7691, 41.8462], [-122.7703, 41.8463], [-122.7704, 41.8472], [-122.768, 41.8473], [-122.7679, 41.8463], [-122.7643, 41.8463], [-122.7647, 41.8493], [-122.7635, 41.8493], [-122.7647, 41.8551]]], [[[-122.7421, 41.8592], [-122.7426, 41.8595], [-122.7421, 41.8597], [-122.7421, 41.8592]]], [[[-122.7152, 41.8294], [-122.7028, 41.8293], [-122.7033, 41.8283], [-122.702, 41.8273], [-122.7027, 41.8267], [-122.7017, 41.8254], [-122.7019, 41.8239], [-122.7002, 41.8251], [-122.698, 41.8247], [-122.6973, 41.8253], [-122.6971, 41.8185], [-122.6986, 41.8185], [-122.7006, 41.8177], [-122.7006, 41.817], [-122.7013, 41.8171], [-122.7015, 41.8171], [-122.7015, 41.816], [-122.6999, 41.815], [-122.7152, 41.815], [-122.7152, 41.8294]], [[-122.7019, 41.8239], [-122.7019, 41.8239], [-122.7019, 41.8239], [-122.7019, 41.8239]]], [[[-122.7148, 41.8003], [-122.7143, 41.7993], [-122.7175, 41.7994], [-122.7195, 41.7984], [-122.7209, 41.7987], [-122.7226, 41.7957], [-122.7213, 41.7941], [-122.7223, 41.7937], [-122.7207, 41.7904], [-122.7197, 41.7897], [-122.7169, 41.7896], [-122.7157, 41.7884], [-122.7135, 41.7877], [-122.7122, 41.7859], [-122.7347, 41.7858], [-122.7346, 41.8004], [-122.7148, 41.8003]]], [[[-122.7107, 41.7859], [-122.7099, 41.7861], [-122.7098, 41.7859], [-122.7107, 41.7859]]], [[[-122.7093, 41.7855], [-122.7092, 41.7852], [-122.7093, 41.785], [-122.7093, 41.7855]]], [[[-122.7828, 41.7661], [-122.7828, 41.7661], [-122.7828, 41.7661], [-122.7828, 41.7661]]], [[[-122.8391, 41.7374], [-122.8399, 41.7381], [-122.8391, 41.739], [-122.8391, 41.7374]]], [[[-122.8391, 41.7393], [-122.8404, 41.7407], [-122.8393, 41.7417], [-122.8403, 41.7426], [-122.8423, 41.7423], [-122.8439, 41.7429], [-122.8462, 41.7418], [-122.8472, 41.7431], [-122.8391, 41.7429], [-122.8391, 41.7393]]], [[[-122.8503, 41.7588], [-122.8497, 41.7606], [-122.8511, 41.7614], [-122.8519, 41.7602], [-122.8533, 41.7601], [-122.8525, 41.7596], [-122.8532, 41.7586], [-122.8579, 41.7576], [-122.8577, 41.7721], [-122.8386, 41.7752], [-122.8389, 41.7606], [-122.8503, 41.7588]]], [[[-122.8587, 41.7575], [-122.8588, 41.7572], [-122.8598, 41.7574], [-122.8587, 41.7575]]], [[[-122.8608, 41.7574], [-122.8625, 41.7565], [-122.8628, 41.7573], [-122.8659, 41.7565], [-122.865, 41.7558], [-122.866, 41.7556], [-122.8653, 41.7552], [-122.8658, 41.7546], [-122.865, 41.7544], [-122.8657, 41.754], [-122.8639, 41.7535], [-122.8641, 41.7512], [-122.8626, 41.7493], [-122.8613, 41.7496], [-122.8609, 41.7504], [-122.8579, 41.7503], [-122.8579, 41.7494], [-122.8634, 41.749], [-122.8643, 41.7469], [-122.8672, 41.7442], [-122.8684, 41.7439], [-122.8682, 41.7431], [-122.877, 41.7428], [-122.8771, 41.7572], [-122.8608, 41.7574]]], [[[-122.8772, 41.7398], [-122.8811, 41.7403], [-122.8806, 41.7395], [-122.8785, 41.7388], [-122.877, 41.7396], [-122.877, 41.7372], [-122.8815, 41.7395], [-122.8815, 41.7367], [-122.8804, 41.7368], [-122.88, 41.7358], [-122.8782, 41.7363], [-122.8778, 41.735], [-122.8794, 41.7339], [-122.8791, 41.7329], [-122.8813, 41.73], [-122.8844, 41.7276], [-122.8868, 41.7277], [-122.8868, 41.7285], [-122.8896, 41.7285], [-122.8903, 41.7295], [-122.8894, 41.73], [-122.8897, 41.7316], [-122.8903, 41.7317], [-122.8918, 41.7317], [-122.892, 41.7297], [-122.8952, 41.7303], [-122.8955, 41.7296], [-122.8967, 41.7294], [-122.8968, 41.7432], [-122.877, 41.7428], [-122.8772, 41.7398]], [[-122.8782, 41.7384], [-122.8782, 41.7384], [-122.8781, 41.7384], [-122.8782, 41.7384]], [[-122.8847, 41.7314], [-122.8832, 41.7295], [-122.8825, 41.7297], [-122.882, 41.7305], [-122.8827, 41.7318], [-122.8847, 41.7314]]], [[[-122.9072, 41.7426], [-122.9053, 41.7472], [-122.9053, 41.7501], [-122.9043, 41.7513], [-122.9009, 41.7528], [-122.9026, 41.756], [-122.9083, 41.757], [-122.8971, 41.7575], [-122.8968, 41.7432], [-122.9072, 41.7426]]], [[[-122.909, 41.7569], [-122.9099, 41.7568], [-122.9105, 41.7568], [-122.909, 41.7569]]], [[[-122.9119, 41.7568], [-122.9155, 41.756], [-122.9161, 41.7559], [-122.9161, 41.7566], [-122.9119, 41.7568]]], [[[-122.8199, 41.8616], [-122.8202, 41.8615], [-122.8199, 41.8617], [-122.8199, 41.8616]]], [[[-122.8209, 41.8796], [-122.8211, 41.8795], [-122.821, 41.8796], [-122.8209, 41.8796]]], [[[-122.8091, 41.8732], [-122.8091, 41.8724], [-122.8116, 41.872], [-122.8131, 41.8707], [-122.813, 41.8733], [-122.8091, 41.8732]]], [[[-122.8208, 41.8755], [-122.821, 41.8757], [-122.8211, 41.8759], [-122.8208, 41.8755]]], [[[-122.8213, 41.8773], [-122.8198, 41.8793], [-122.8205, 41.8827], [-122.8219, 41.8843], [-122.8206, 41.8873], [-122.8208, 41.8846], [-122.8193, 41.8796], [-122.8204, 41.8773], [-122.8213, 41.8773]]], [[[-122.9253, 41.7749], [-122.9313, 41.7743], [-122.9318, 41.7762], [-122.9256, 41.7769], [-122.9253, 41.7749]]], [[[-122.9473, 41.8222], [-122.9288, 41.8221], [-122.9289, 41.8079], [-122.9475, 41.808], [-122.9473, 41.8222]]], [[[-122.9288, 41.865], [-122.91, 41.8648], [-122.91, 41.8503], [-122.9288, 41.8506], [-122.9288, 41.865]]], [[[-122.8771, 41.7717], [-122.8771, 41.7572], [-122.8971, 41.7575], [-122.8972, 41.7719], [-122.8771, 41.7717]]], [[[-122.8721, 41.79], [-122.8672, 41.7905], [-122.8671, 41.7941], [-122.8517, 41.7957], [-122.8518, 41.7924], [-122.8466, 41.7934], [-122.8467, 41.7866], [-122.8518, 41.7858], [-122.8519, 41.7824], [-122.8575, 41.7815], [-122.8577, 41.7721], [-122.8771, 41.7717], [-122.8773, 41.7792], [-122.8723, 41.7792], [-122.8721, 41.79]]], [[[-122.8869, 41.7847], [-122.8869, 41.7838], [-122.8845, 41.784], [-122.8845, 41.7831], [-122.8833, 41.7831], [-122.8833, 41.7812], [-122.8845, 41.7812], [-122.8845, 41.7821], [-122.8869, 41.7819], [-122.8868, 41.781], [-122.888, 41.7809], [-122.8879, 41.7791], [-122.8844, 41.7791], [-122.8803, 41.7761], [-122.8802, 41.7747], [-122.8887, 41.7791], [-122.8802, 41.7744], [-122.8802, 41.7735], [-122.8929, 41.7764], [-122.8928, 41.779], [-122.8968, 41.779], [-122.8972, 41.7719], [-122.9163, 41.7715], [-122.9158, 41.779], [-122.9104, 41.779], [-122.9104, 41.7862], [-122.907, 41.7862], [-122.907, 41.7896], [-122.908, 41.7896], [-122.908, 41.7913], [-122.9093, 41.7913], [-122.9093, 41.7931], [-122.929, 41.7936], [-122.9289, 41.8079], [-122.9103, 41.8075], [-122.9103, 41.8027], [-122.9056, 41.8028], [-122.9057, 41.8002], [-122.9045, 41.8002], [-122.9045, 41.7967], [-122.9069, 41.7966], [-122.9069, 41.7957], [-122.9044, 41.7954], [-122.9048, 41.7938], [-122.9069, 41.794], [-122.9069, 41.7914], [-122.9057, 41.7914], [-122.9057, 41.7932], [-122.8915, 41.7934], [-122.8916, 41.7854], [-122.8881, 41.7855], [-122.8881, 41.7846], [-122.8869, 41.7847]]], [[[-122.8822, 41.7934], [-122.8915, 41.7934], [-122.8916, 41.8078], [-122.8727, 41.8078], [-122.8724, 41.8007], [-122.882, 41.8007], [-122.8822, 41.7934]]], [[[-122.9054, 41.8219], [-122.8914, 41.8221], [-122.8916, 41.8078], [-122.9056, 41.8076], [-122.9055, 41.8133], [-122.9031, 41.8133], [-122.9031, 41.8185], [-122.9054, 41.8185], [-122.9054, 41.8219]], [[-122.9031, 41.8133], [-122.9031, 41.8098], [-122.9009, 41.8098], [-122.9008, 41.8134], [-122.9031, 41.8133]]], [[[-122.9078, 41.8202], [-122.9078, 41.8167], [-122.9054, 41.8168], [-122.9055, 41.815], [-122.9078, 41.8149], [-122.9078, 41.8132], [-122.9102, 41.8132], [-122.9101, 41.8184], [-122.9125, 41.8184], [-122.9124, 41.8211], [-122.9113, 41.8211], [-122.9114, 41.8219], [-122.9288, 41.8221], [-122.9296, 41.8365], [-122.9105, 41.8363], [-122.9101, 41.8202], [-122.9078, 41.8202]]], [[[-122.8124, 41.8312], [-122.817, 41.8312], [-122.817, 41.8293], [-122.8291, 41.8292], [-122.8292, 41.8328], [-122.8172, 41.833], [-122.8177, 41.8368], [-122.8032, 41.8367], [-122.8026, 41.8293], [-122.8122, 41.8294], [-122.8124, 41.8312]]], [[[-122.7982, 41.7747], [-122.7996, 41.7742], [-122.797, 41.7773], [-122.7901, 41.7791], [-122.7898, 41.7785], [-122.796, 41.7771], [-122.7975, 41.7762], [-122.7982, 41.7747]]], [[[-122.7628, 41.7795], [-122.7627, 41.7837], [-122.768, 41.7837], [-122.768, 41.7857], [-122.7575, 41.7858], [-122.7576, 41.7776], [-122.7678, 41.7774], [-122.7679, 41.7795], [-122.7628, 41.7795]]], [[[-122.7806, 41.7822], [-122.7806, 41.784], [-122.7757, 41.7841], [-122.7756, 41.7813], [-122.778, 41.7813], [-122.778, 41.7803], [-122.7876, 41.7802], [-122.7877, 41.7821], [-122.7806, 41.7822]]], [[[-122.8013, 41.8001], [-122.8014, 41.8073], [-122.7992, 41.8073], [-122.7992, 41.8001], [-122.8013, 41.8001]]], [[[-122.8079, 41.818], [-122.8082, 41.8164], [-122.8107, 41.8163], [-122.8107, 41.8171], [-122.8127, 41.817], [-122.8123, 41.8275], [-122.8074, 41.8275], [-122.8076, 41.8219], [-122.798, 41.8219], [-122.7982, 41.8183], [-122.7933, 41.8183], [-122.7934, 41.8147], [-122.8031, 41.8145], [-122.803, 41.8182], [-122.8079, 41.818]]]]}, "properties": {"layer": "retained"}}, {"type": "Feature", "geometry": {"type": "MultiPolygon", "coordinates": [[[[-122.8615, 41.8825], [-122.8619, 41.8819], [-122.8615, 41.8819], [-122.8615, 41.8825]]], [[[-122.9162, 41.8766], [-122.9165, 41.8763], [-122.9162, 41.8764], [-122.9162, 41.8766]]], [[[-122.8652, 41.8751], [-122.8656, 41.8748], [-122.8652, 41.8748], [-122.8652, 41.8751]]], [[[-122.8645, 41.8748], [-122.8648, 41.8746], [-122.8645, 41.8746], [-122.8645, 41.8748]]], [[[-122.8652, 41.8743], [-122.8655, 41.874], [-122.8652, 41.874], [-122.8652, 41.8743]]], [[[-122.9094, 41.8706], [-122.9098, 41.8703], [-122.9094, 41.8703], [-122.9094, 41.8706]]], [[[-122.8615, 41.8716], [-122.8618, 41.8714], [-122.8615, 41.8714], [-122.8615, 41.8716]]], [[[-122.8604, 41.8717], [-122.8607, 41.8714], [-122.8604, 41.8714], [-122.8604, 41.8717]]], [[[-122.8582, 41.8717], [-122.8589, 41.8714], [-122.8582, 41.8715], [-122.8582, 41.8717]]], [[[-122.86, 41.8714], [-122.8604, 41.8711], [-122.86, 41.8711], [-122.86, 41.8714]]], [[[-122.8571, 41.8715], [-122.8575, 41.8712], [-122.8571, 41.8712], [-122.8571, 41.8715]]], [[[-122.8564, 41.8712], [-122.8567, 41.8709], [-122.8564, 41.871], [-122.8564, 41.8712]]], [[[-122.8589, 41.8706], [-122.86, 41.8706], [-122.86, 41.8701], [-122.8589, 41.8706]]], [[[-122.8585, 41.8704], [-122.8592, 41.8701], [-122.8585, 41.8701], [-122.8585, 41.8704]]], [[[-122.8582, 41.8701], [-122.8585, 41.8698], [-122.8581, 41.8698], [-122.8582, 41.8701]]], [[[-122.8571, 41.8701], [-122.8578, 41.8698], [-122.8571, 41.8699], [-122.8571, 41.8701]]], [[[-122.9093, 41.8684], [-122.9097, 41.8681], [-122.9093, 41.8681], [-122.9093, 41.8684]]], [[[-122.8999, 41.8675], [-122.9003, 41.8672], [-122.8999, 41.8673], [-122.8999, 41.8675]]], [[[-122.8901, 41.8656], [-122.8904, 41.8653], [-122.8901, 41.8653], [-122.8901, 41.8656]]], [[[-122.88, 41.8647], [-122.8803, 41.8645], [-122.8799, 41.8645], [-122.88, 41.8647]]], [[[-122.8057, 41.8664], [-122.806, 41.8661], [-122.8057, 41.8661], [-122.8057, 41.8664]]], [[[-122.8067, 41.8658], [-122.8071, 41.8656], [-122.8067, 41.8656], [-122.8067, 41.8658]]], [[[-122.89, 41.8637], [-122.8907, 41.8634], [-122.89, 41.8634], [-122.89, 41.8637]]], [[[-122.8071, 41.8656], [-122.8074, 41.8653], [-122.8071, 41.8653], [-122.8071, 41.8656]]], [[[-122.81, 41.8652], [-122.8103, 41.8649], [-122.81, 41.865], [-122.81, 41.8652]]], [[[-122.8114, 41.8649], [-122.8117, 41.8646], [-122.8114, 41.8647], [-122.8114, 41.8649]]], [[[-122.881, 41.8631], [-122.8813, 41.8628], [-122.881, 41.8628], [-122.881, 41.8631]]], [[[-122.8045, 41.8648], [-122.8049, 41.8645], [-122.8045, 41.8645], [-122.8045, 41.8648]]], [[[-122.802, 41.8649], [-122.8024, 41.8646], [-122.802, 41.8646], [-122.802, 41.8649]]], [[[-122.806, 41.8653], [-122.806, 41.8642], [-122.8056, 41.8642], [-122.8049, 41.8651], [-122.806, 41.8653]]], [[[-122.882, 41.8628], [-122.8824, 41.8625], [-122.882, 41.8625], [-122.882, 41.8628]]], [[[-122.8853, 41.8627], [-122.886, 41.8624], [-122.8853, 41.8622], [-122.8853, 41.8627]]], [[[-122.7998, 41.8644], [-122.8002, 41.8641], [-122.7998, 41.8641], [-122.7998, 41.8644]]], [[[-122.8045, 41.864], [-122.8052, 41.864], [-122.8056, 41.8637], [-122.8045, 41.864]]], [[[-122.7991, 41.8638], [-122.7994, 41.8636], [-122.7991, 41.8636], [-122.7991, 41.8638]]], [[[-122.7976, 41.8639], [-122.798, 41.8636], [-122.7976, 41.8636], [-122.7976, 41.8639]]], [[[-122.7951, 41.8639], [-122.7955, 41.8637], [-122.7951, 41.8637], [-122.7951, 41.8639]]], [[[-122.8038, 41.8635], [-122.8041, 41.8632], [-122.8037, 41.8632], [-122.8038, 41.8635]]], [[[-122.7973, 41.8633], [-122.7976, 41.8628], [-122.7972, 41.8628], [-122.7973, 41.8633]]], [[[-122.7937, 41.8634], [-122.794, 41.8626], [-122.7936, 41.8626], [-122.7937, 41.8634]]], [[[-122.798, 41.8628], [-122.7983, 41.8625], [-122.7979, 41.8625], [-122.798, 41.8628]]], [[[-122.7947, 41.8634], [-122.7951, 41.8626], [-122.794, 41.8623], [-122.7947, 41.8634]]], [[[-122.7969, 41.8623], [-122.7972, 41.8625], [-122.7979, 41.8622], [-122.7969, 41.8623]]], [[[-122.7954, 41.8626], [-122.7958, 41.8623], [-122.7954, 41.8623], [-122.7954, 41.8626]]], [[[-122.8903, 41.8629], [-122.8902, 41.8604], [-122.8891, 41.8599], [-122.8888, 41.8616], [-122.8896, 41.8629], [-122.8903, 41.8629]]], [[[-122.891, 41.8602], [-122.8913, 41.8599], [-122.8909, 41.8599], [-122.891, 41.8602]]], [[[-122.8888, 41.8599], [-122.8891, 41.8597], [-122.8888, 41.8597], [-122.8888, 41.8599]]], [[[-122.8816, 41.8601], [-122.8819, 41.8598], [-122.8816, 41.8598], [-122.8816, 41.8601]]], [[[-122.8877, 41.8594], [-122.888, 41.8591], [-122.8877, 41.8591], [-122.8877, 41.8594]]], [[[-122.8011, 41.8614], [-122.8015, 41.8611], [-122.8011, 41.8611], [-122.8011, 41.8614]]], [[[-122.7979, 41.8614], [-122.7983, 41.8612], [-122.7979, 41.8612], [-122.7979, 41.8614]]], [[[-122.8877, 41.8589], [-122.888, 41.8586], [-122.8876, 41.8586], [-122.8877, 41.8589]]], [[[-122.7997, 41.8606], [-122.8, 41.8603], [-122.7997, 41.8603], [-122.7997, 41.8606]]], [[[-122.8092, 41.8633], [-122.8098, 41.8623], [-122.808, 41.862], [-122.8076, 41.8607], [-122.8061, 41.8599], [-122.8051, 41.8618], [-122.8055, 41.8618], [-122.8055, 41.8621], [-122.8062, 41.8621], [-122.8062, 41.8623], [-122.8066, 41.8623], [-122.8066, 41.8621], [-122.807, 41.862], [-122.8084, 41.8626], [-122.8092, 41.8633]], [[-122.8091, 41.8623], [-122.8084, 41.8626], [-122.8084, 41.8623], [-122.8091, 41.8623]], [[-122.8073, 41.8618], [-122.807, 41.862], [-122.8069, 41.8618], [-122.8073, 41.8618]], [[-122.8058, 41.8615], [-122.8055, 41.8618], [-122.8055, 41.8615], [-122.8058, 41.8615]]], [[[-122.8242, 41.8595], [-122.8245, 41.8592], [-122.8242, 41.8592], [-122.8242, 41.8595]]], [[[-122.8069, 41.8599], [-122.8072, 41.8596], [-122.8069, 41.8596], [-122.8069, 41.8599]]], [[[-122.7975, 41.8601], [-122.7978, 41.8598], [-122.7975, 41.8598], [-122.7975, 41.8601]]], [[[-122.7964, 41.8601], [-122.7968, 41.8598], [-122.7964, 41.8598], [-122.7964, 41.8601]]], [[[-122.8854, 41.8578], [-122.8858, 41.8576], [-122.8854, 41.8576], [-122.8854, 41.8578]]], [[[-122.8034, 41.8646], [-122.8037, 41.8624], [-122.8022, 41.8613], [-122.8022, 41.8603], [-122.8007, 41.86], [-122.8004, 41.8608], [-122.7993, 41.8611], [-122.7997, 41.86], [-122.7986, 41.8601], [-122.7985, 41.8593], [-122.7978, 41.8593], [-122.7982, 41.8601], [-122.7975, 41.8606], [-122.7997, 41.8614], [-122.799, 41.8617], [-122.7994, 41.8625], [-122.8005, 41.8625], [-122.7997, 41.8622], [-122.8001, 41.8617], [-122.8015, 41.8619], [-122.8005, 41.8635], [-122.8012, 41.8635], [-122.8016, 41.8627], [-122.8019, 41.8627], [-122.8016, 41.8641], [-122.8034, 41.8646]], [[-122.8026, 41.8627], [-122.8023, 41.863], [-122.8023, 41.8627], [-122.8026, 41.8627]], [[-122.8023, 41.8621], [-122.8019, 41.8627], [-122.8019, 41.8622], [-122.8023, 41.8621]], [[-122.8022, 41.8613], [-122.8019, 41.8616], [-122.8019, 41.8613], [-122.8022, 41.8613]], [[-122.8015, 41.8616], [-122.8008, 41.8616], [-122.8001, 41.8611], [-122.8015, 41.8608], [-122.8019, 41.8611], [-122.8015, 41.8616]]], [[[-122.7954, 41.8623], [-122.7964, 41.8601], [-122.7935, 41.8591], [-122.7939, 41.8602], [-122.7946, 41.8602], [-122.7946, 41.861], [-122.7935, 41.8604], [-122.7936, 41.8613], [-122.7954, 41.8623]], [[-122.7953, 41.8601], [-122.795, 41.8604], [-122.795, 41.8601], [-122.7953, 41.8601]]], [[[-122.8238, 41.859], [-122.8245, 41.8587], [-122.8238, 41.8584], [-122.8238, 41.859]]], [[[-122.8044, 41.8616], [-122.804, 41.861], [-122.8051, 41.861], [-122.8061, 41.8596], [-122.8047, 41.8599], [-122.8036, 41.8586], [-122.8025, 41.8586], [-122.8029, 41.8592], [-122.8022, 41.8597], [-122.8014, 41.8592], [-122.8015, 41.86], [-122.8029, 41.8602], [-122.803, 41.8616], [-122.8044, 41.8616]], [[-122.804, 41.8608], [-122.8037, 41.861], [-122.8037, 41.8608], [-122.804, 41.8608]], [[-122.8051, 41.8605], [-122.8047, 41.8607], [-122.8047, 41.8605], [-122.8051, 41.8605]], [[-122.8044, 41.8605], [-122.804, 41.8608], [-122.804, 41.8605], [-122.8044, 41.8605]]], [[[-122.8047, 41.8591], [-122.8046, 41.8586], [-122.8039, 41.8586], [-122.8039, 41.8589], [-122.8047, 41.8591]]], [[[-122.8843, 41.8571], [-122.8847, 41.8568], [-122.8843, 41.8568], [-122.8843, 41.8571]]], [[[-122.8876, 41.8583], [-122.8876, 41.8575], [-122.889, 41.8575], [-122.889, 41.8564], [-122.8883, 41.8572], [-122.8869, 41.8573], [-122.8876, 41.8583]]], [[[-122.8897, 41.8569], [-122.8901, 41.8564], [-122.8897, 41.8564], [-122.8897, 41.8569]]], [[[-122.8241, 41.8584], [-122.8245, 41.8579], [-122.8241, 41.8579], [-122.8241, 41.8584]]], [[[-122.8205, 41.8585], [-122.8209, 41.8579], [-122.8205, 41.858], [-122.8205, 41.8585]]], [[[-122.7949, 41.8591], [-122.7949, 41.8585], [-122.7938, 41.8588], [-122.7938, 41.8591], [-122.7949, 41.8591]]], [[[-122.8919, 41.8566], [-122.8922, 41.8563], [-122.8919, 41.8563], [-122.8919, 41.8566]]], [[[-122.8854, 41.8568], [-122.8858, 41.8565], [-122.8854, 41.8565], [-122.8854, 41.8568]]], [[[-122.8212, 41.8582], [-122.8219, 41.8579], [-122.8212, 41.8579], [-122.8212, 41.8582]]], [[[-122.8922, 41.8563], [-122.8926, 41.8561], [-122.8922, 41.8561], [-122.8922, 41.8563]]], [[[-122.8209, 41.8579], [-122.8212, 41.8577], [-122.8209, 41.8577], [-122.8209, 41.8579]]], [[[-122.8212, 41.8577], [-122.8216, 41.8574], [-122.8212, 41.8574], [-122.8212, 41.8577]]], [[[-122.8205, 41.8577], [-122.8208, 41.8574], [-122.8205, 41.8574], [-122.8205, 41.8577]]], [[[-122.823, 41.8574], [-122.8234, 41.8571], [-122.823, 41.8571], [-122.823, 41.8574]]], [[[-122.8198, 41.8574], [-122.8201, 41.8572], [-122.8197, 41.8572], [-122.8198, 41.8574]]], [[[-122.8947, 41.8555], [-122.8954, 41.8552], [-122.8947, 41.8552], [-122.8947, 41.8555]]], [[[-122.8875, 41.8559], [-122.8875, 41.8551], [-122.8868, 41.8551], [-122.8868, 41.8559], [-122.8875, 41.8559]]], [[[-122.8882, 41.8553], [-122.8893, 41.855], [-122.8882, 41.8548], [-122.8882, 41.8553]]], [[[-122.8284, 41.8564], [-122.8287, 41.8561], [-122.8284, 41.8562], [-122.8284, 41.8564]]], [[[-122.8172, 41.8567], [-122.8176, 41.8564], [-122.8172, 41.8564], [-122.8172, 41.8567]]], [[[-122.8219, 41.8563], [-122.8226, 41.856], [-122.8219, 41.856], [-122.8219, 41.8563]]], [[[-122.8244, 41.856], [-122.8247, 41.8557], [-122.8244, 41.8557], [-122.8244, 41.856]]], [[[-122.8215, 41.856], [-122.8219, 41.8558], [-122.8215, 41.8558], [-122.8215, 41.856]]], [[[-122.8168, 41.8561], [-122.8172, 41.8559], [-122.8168, 41.8559], [-122.8168, 41.8561]]], [[[-122.8897, 41.8548], [-122.8896, 41.854], [-122.8885, 41.8543], [-122.8889, 41.8548], [-122.8897, 41.8548]]], [[[-122.8867, 41.8543], [-122.8871, 41.854], [-122.8867, 41.854], [-122.8867, 41.8543]]], [[[-122.8846, 41.8543], [-122.8849, 41.8541], [-122.8846, 41.8541], [-122.8846, 41.8543]]], [[[-122.8824, 41.8544], [-122.8828, 41.8541], [-122.8824, 41.8541], [-122.8824, 41.8544]]], [[[-122.8247, 41.8557], [-122.8251, 41.8554], [-122.8247, 41.8554], [-122.8247, 41.8557]]], [[[-122.8252, 41.8576], [-122.8262, 41.8573], [-122.8266, 41.8562], [-122.828, 41.8562], [-122.8283, 41.8553], [-122.8276, 41.8559], [-122.8269, 41.8551], [-122.8251, 41.8557], [-122.8252, 41.8576]], [[-122.8262, 41.8559], [-122.8258, 41.8562], [-122.8258, 41.8559], [-122.8262, 41.8559]]], [[[-122.895, 41.8538], [-122.8954, 41.8536], [-122.895, 41.8536], [-122.895, 41.8538]]], [[[-122.882, 41.8541], [-122.8824, 41.8538], [-122.882, 41.8539], [-122.882, 41.8541]]], [[[-122.8255, 41.8554], [-122.8258, 41.8551], [-122.8254, 41.8551], [-122.8255, 41.8554]]], [[[-122.824, 41.8554], [-122.8244, 41.8552], [-122.824, 41.8552], [-122.824, 41.8554]]], [[[-122.8885, 41.854], [-122.8892, 41.8537], [-122.8885, 41.8534], [-122.8885, 41.854]]], [[[-122.8947, 41.8536], [-122.895, 41.8533], [-122.8946, 41.8533], [-122.8947, 41.8536]]], [[[-122.8902, 41.8599], [-122.8909, 41.8593], [-122.8902, 41.8591], [-122.8909, 41.8585], [-122.8905, 41.8575], [-122.8916, 41.8572], [-122.8922, 41.855], [-122.8926, 41.8555], [-122.8933, 41.8552], [-122.8922, 41.8547], [-122.8917, 41.8531], [-122.8907, 41.8531], [-122.8907, 41.8539], [-122.89, 41.8539], [-122.89, 41.8548], [-122.8907, 41.8542], [-122.8918, 41.8542], [-122.8918, 41.8547], [-122.8897, 41.855], [-122.8897, 41.8553], [-122.8886, 41.8559], [-122.889, 41.8564], [-122.8897, 41.8564], [-122.8893, 41.8559], [-122.8904, 41.8558], [-122.8912, 41.8564], [-122.888, 41.8583], [-122.8902, 41.8599]], [[-122.8898, 41.858], [-122.8894, 41.8583], [-122.8894, 41.858], [-122.8898, 41.858]], [[-122.8891, 41.858], [-122.8887, 41.8583], [-122.8887, 41.858], [-122.8891, 41.858]], [[-122.8911, 41.8553], [-122.8904, 41.8558], [-122.89, 41.8553], [-122.8911, 41.8553]]], [[[-122.8896, 41.8537], [-122.8899, 41.8531], [-122.8896, 41.8531], [-122.8896, 41.8537]]], [[[-122.8247, 41.8552], [-122.8251, 41.8546], [-122.8247, 41.8546], [-122.8247, 41.8552]]], [[[-122.8943, 41.8533], [-122.8946, 41.853], [-122.8943, 41.853], [-122.8943, 41.8533]]], [[[-122.8921, 41.8534], [-122.8928, 41.8531], [-122.8921, 41.8531], [-122.8921, 41.8534]]], [[[-122.8424, 41.8545], [-122.8427, 41.8542], [-122.8424, 41.8542], [-122.8424, 41.8545]]], [[[-122.7609, 41.8563], [-122.7616, 41.856], [-122.7609, 41.856], [-122.7609, 41.8563]]], [[[-122.8892, 41.8532], [-122.8896, 41.8529], [-122.8892, 41.8529], [-122.8892, 41.8532]]], [[[-122.895, 41.8527], [-122.8953, 41.8525], [-122.895, 41.8525], [-122.895, 41.8527]]], [[[-122.8943, 41.8528], [-122.8946, 41.8525], [-122.8942, 41.8525], [-122.8943, 41.8528]]], [[[-122.825, 41.8541], [-122.8254, 41.8538], [-122.825, 41.8538], [-122.825, 41.8541]]], [[[-122.891, 41.8526], [-122.8913, 41.852], [-122.891, 41.852], [-122.891, 41.8526]]], [[[-122.8935, 41.8522], [-122.8939, 41.852], [-122.8935, 41.852], [-122.8935, 41.8522]]], [[[-122.8899, 41.8523], [-122.8903, 41.852], [-122.8899, 41.8521], [-122.8899, 41.8523]]], [[[-122.8218, 41.8539], [-122.8221, 41.8536], [-122.8218, 41.8536], [-122.8218, 41.8539]]], [[[-122.8928, 41.852], [-122.8935, 41.8517], [-122.8928, 41.8517], [-122.8928, 41.852]]], [[[-122.8888, 41.8521], [-122.8892, 41.8518], [-122.8888, 41.8518], [-122.8888, 41.8521]]], [[[-122.8254, 41.8535], [-122.8257, 41.8532], [-122.8254, 41.8532], [-122.8254, 41.8535]]], [[[-122.8189, 41.8537], [-122.8192, 41.8534], [-122.8189, 41.8534], [-122.8189, 41.8537]]], [[[-122.8964, 41.8519], [-122.896, 41.8514], [-122.8953, 41.8517], [-122.8953, 41.8519], [-122.8964, 41.8519]]], [[[-122.8924, 41.8523], [-122.8924, 41.8517], [-122.8928, 41.8514], [-122.892, 41.8515], [-122.8924, 41.8523]]], [[[-122.8153, 41.8535], [-122.8163, 41.8532], [-122.8153, 41.8532], [-122.8153, 41.8535]]], [[[-122.8903, 41.8518], [-122.8917, 41.8515], [-122.8902, 41.8512], [-122.8903, 41.8518]]], [[[-122.8949, 41.8514], [-122.8956, 41.8511], [-122.8949, 41.8511], [-122.8949, 41.8514]]], [[[-122.8217, 41.8531], [-122.8221, 41.8528], [-122.8217, 41.8528], [-122.8217, 41.8531]]], [[[-122.8899, 41.8515], [-122.8899, 41.851], [-122.8891, 41.851], [-122.8891, 41.8513], [-122.8899, 41.8515]]], [[[-122.8946, 41.8511], [-122.8949, 41.8509], [-122.8945, 41.8509], [-122.8946, 41.8511]]], [[[-122.8917, 41.8512], [-122.892, 41.8509], [-122.8917, 41.8509], [-122.8917, 41.8512]]], [[[-122.8221, 41.8528], [-122.8224, 41.8525], [-122.8221, 41.8525], [-122.8221, 41.8528]]], [[[-122.8189, 41.8528], [-122.8192, 41.8526], [-122.8188, 41.8526], [-122.8189, 41.8528]]], [[[-122.8906, 41.8512], [-122.8913, 41.8507], [-122.8909, 41.8507], [-122.8906, 41.8512]]], [[[-122.8942, 41.8511], [-122.8945, 41.8506], [-122.8931, 41.8504], [-122.8931, 41.8509], [-122.8942, 41.8511]]], [[[-122.8953, 41.8506], [-122.8956, 41.8503], [-122.8952, 41.8503], [-122.8953, 41.8506]]], [[[-122.8185, 41.8523], [-122.8188, 41.852], [-122.8185, 41.852], [-122.8185, 41.8523]]], [[[-122.8945, 41.8503], [-122.8949, 41.85], [-122.8945, 41.8501], [-122.8945, 41.8503]]], [[[-122.8924, 41.8506], [-122.8927, 41.8501], [-122.8913, 41.8501], [-122.8913, 41.8504], [-122.8924, 41.8506]]], [[[-122.8314, 41.8518], [-122.8318, 41.8515], [-122.8314, 41.8515], [-122.8314, 41.8518]]], [[[-122.8221, 41.852], [-122.8224, 41.8517], [-122.8221, 41.8517], [-122.8221, 41.852]]], [[[-122.8902, 41.851], [-122.8902, 41.8499], [-122.8898, 41.8499], [-122.8895, 41.8504], [-122.8902, 41.851]]], [[[-122.8192, 41.852], [-122.8195, 41.8515], [-122.8192, 41.8515], [-122.8192, 41.852]]], [[[-122.8985, 41.85], [-122.8988, 41.8497], [-122.8985, 41.8497], [-122.8985, 41.85]]], [[[-122.8332, 41.8514], [-122.8336, 41.8512], [-122.8332, 41.8512], [-122.8332, 41.8514]]], [[[-122.8203, 41.8517], [-122.8206, 41.8515], [-122.8202, 41.8515], [-122.8203, 41.8517]]], [[[-122.8945, 41.8501], [-122.8941, 41.8495], [-122.8934, 41.8495], [-122.8938, 41.8501], [-122.8945, 41.8501]]], [[[-122.8905, 41.8499], [-122.8909, 41.8496], [-122.8905, 41.8496], [-122.8905, 41.8499]]], [[[-122.8678, 41.8504], [-122.8682, 41.8501], [-122.8678, 41.8501], [-122.8678, 41.8504]]], [[[-122.76, 41.8525], [-122.7604, 41.8522], [-122.76, 41.8523], [-122.76, 41.8525]]], [[[-122.8671, 41.8501], [-122.8674, 41.8496], [-122.8671, 41.8496], [-122.8671, 41.8501]]], [[[-122.8938, 41.8493], [-122.8941, 41.849], [-122.8937, 41.849], [-122.8938, 41.8493]]], [[[-122.8685, 41.8498], [-122.8692, 41.8495], [-122.8685, 41.8496], [-122.8685, 41.8498]]], [[[-122.8537, 41.8502], [-122.8541, 41.8499], [-122.8537, 41.8499], [-122.8537, 41.8502]]], [[[-122.8199, 41.8509], [-122.8202, 41.8507], [-122.8199, 41.8507], [-122.8199, 41.8509]]], [[[-122.8927, 41.8498], [-122.893, 41.8487], [-122.8919, 41.8488], [-122.8927, 41.8493], [-122.8905, 41.8488], [-122.8905, 41.8493], [-122.8927, 41.8498]]], [[[-122.8934, 41.849], [-122.8937, 41.8487], [-122.8934, 41.8487], [-122.8934, 41.849]]], [[[-122.8667, 41.8496], [-122.8671, 41.8493], [-122.8667, 41.8493], [-122.8667, 41.8496]]], [[[-122.8339, 41.8503], [-122.8343, 41.8501], [-122.8339, 41.8501], [-122.8339, 41.8503]]], [[[-122.7596, 41.8517], [-122.76, 41.8514], [-122.7596, 41.8514], [-122.7596, 41.8517]]], [[[-122.8292, 41.8499], [-122.8296, 41.8496], [-122.8292, 41.8496], [-122.8292, 41.8499]]], [[[-122.822, 41.8501], [-122.8223, 41.8498], [-122.822, 41.8498], [-122.822, 41.8501]]], [[[-122.8256, 41.8503], [-122.8256, 41.8497], [-122.8241, 41.8495], [-122.8245, 41.85], [-122.8256, 41.8503]]], [[[-122.8916, 41.8488], [-122.8923, 41.8482], [-122.8915, 41.848], [-122.8916, 41.8488]]], [[[-122.8177, 41.8499], [-122.818, 41.8496], [-122.8176, 41.8496], [-122.8177, 41.8499]]], [[[-122.893, 41.8479], [-122.8933, 41.8476], [-122.893, 41.8477], [-122.893, 41.8479]]], [[[-122.8692, 41.8485], [-122.8699, 41.8482], [-122.8692, 41.8482], [-122.8692, 41.8485]]], [[[-122.8321, 41.8493], [-122.8324, 41.849], [-122.8321, 41.849], [-122.8321, 41.8493]]], [[[-122.8216, 41.8495], [-122.822, 41.8493], [-122.8216, 41.8493], [-122.8216, 41.8495]]], [[[-122.8191, 41.8493], [-122.8194, 41.849], [-122.8191, 41.8491], [-122.8191, 41.8493]]], [[[-122.7625, 41.8503], [-122.7628, 41.8506], [-122.7639, 41.8503], [-122.7625, 41.8503]]], [[[-122.8252, 41.8492], [-122.8255, 41.8486], [-122.8252, 41.8486], [-122.8252, 41.8492]]], [[[-122.8183, 41.8491], [-122.8187, 41.8488], [-122.8183, 41.8488], [-122.8183, 41.8491]]], [[[-122.8147, 41.8491], [-122.8151, 41.8489], [-122.8147, 41.8489], [-122.8147, 41.8491]]], [[[-122.8285, 41.8497], [-122.8292, 41.8488], [-122.8273, 41.8483], [-122.8274, 41.8489], [-122.8285, 41.8497]]], [[[-122.827, 41.8483], [-122.8273, 41.8481], [-122.827, 41.8481], [-122.827, 41.8483]]], [[[-122.7617, 41.8495], [-122.7617, 41.849], [-122.761, 41.849], [-122.761, 41.8493], [-122.7617, 41.8495]]], [[[-122.8338, 41.8476], [-122.8352, 41.8471], [-122.8341, 41.8468], [-122.8338, 41.8476]]], [[[-122.8276, 41.847], [-122.8284, 41.8475], [-122.8284, 41.847], [-122.8276, 41.847]]], [[[-122.8334, 41.8474], [-122.8338, 41.8468], [-122.8327, 41.8466], [-122.8327, 41.8471], [-122.8334, 41.8474]]], [[[-122.828, 41.8467], [-122.8287, 41.8464], [-122.828, 41.8464], [-122.828, 41.8467]]], [[[-122.7642, 41.8481], [-122.7645, 41.8478], [-122.7642, 41.8478], [-122.7642, 41.8481]]], [[[-122.8601, 41.8462], [-122.8608, 41.8459], [-122.8608, 41.8454], [-122.8597, 41.8457], [-122.8601, 41.8462]]], [[[-122.7602, 41.8479], [-122.7606, 41.8476], [-122.7602, 41.8476], [-122.7602, 41.8479]]], [[[-122.9015, 41.8445], [-122.9018, 41.8442], [-122.9015, 41.8442], [-122.9015, 41.8445]]], [[[-122.8586, 41.8449], [-122.8589, 41.8446], [-122.8586, 41.8446], [-122.8586, 41.8449]]], [[[-122.762, 41.8471], [-122.7638, 41.8478], [-122.7638, 41.8465], [-122.762, 41.8471]]], [[[-122.8139, 41.8459], [-122.8146, 41.8454], [-122.8142, 41.8454], [-122.8139, 41.8459]]], [[[-122.9083, 41.8435], [-122.9087, 41.8432], [-122.9083, 41.8432], [-122.9083, 41.8435]]], [[[-122.8305, 41.8453], [-122.8312, 41.845], [-122.8304, 41.845], [-122.8305, 41.8453]]], [[[-122.9065, 41.8438], [-122.9065, 41.8433], [-122.9054, 41.843], [-122.9054, 41.8433], [-122.9065, 41.8438]]], [[[-122.9029, 41.8434], [-122.9036, 41.8431], [-122.9029, 41.8431], [-122.9029, 41.8434]]], [[[-122.8146, 41.8454], [-122.8149, 41.8451], [-122.8146, 41.8451], [-122.8146, 41.8454]]], [[[-122.7605, 41.8466], [-122.7609, 41.8463], [-122.7605, 41.8463], [-122.7605, 41.8466]]], [[[-122.909, 41.8427], [-122.9094, 41.8429], [-122.9097, 41.8427], [-122.909, 41.8427]]], [[[-122.9083, 41.843], [-122.9086, 41.8427], [-122.9083, 41.8427], [-122.9083, 41.843]]], [[[-122.905, 41.843], [-122.9054, 41.8428], [-122.905, 41.8428], [-122.905, 41.843]]], [[[-122.9043, 41.8431], [-122.9047, 41.8428], [-122.9043, 41.8428], [-122.9043, 41.8431]]], [[[-122.903, 41.8447], [-122.9029, 41.8436], [-122.9022, 41.8437], [-122.9018, 41.8426], [-122.9011, 41.8437], [-122.903, 41.8447]]], [[[-122.9079, 41.843], [-122.9079, 41.8424], [-122.9072, 41.8425], [-122.9072, 41.8427], [-122.9079, 41.843]]], [[[-122.9097, 41.8427], [-122.9101, 41.8421], [-122.9097, 41.8421], [-122.9097, 41.8427]]], [[[-122.9079, 41.8424], [-122.9083, 41.8422], [-122.9079, 41.8422], [-122.9079, 41.8424]]], [[[-122.9039, 41.8425], [-122.9047, 41.8422], [-122.9039, 41.8423], [-122.9039, 41.8425]]], [[[-122.7595, 41.8471], [-122.7605, 41.8468], [-122.7605, 41.8466], [-122.7602, 41.8466], [-122.7605, 41.8457], [-122.7594, 41.8452], [-122.7595, 41.8471]]], [[[-122.9029, 41.8423], [-122.9036, 41.842], [-122.9028, 41.842], [-122.9029, 41.8423]]], [[[-122.7688, 41.8453], [-122.7691, 41.845], [-122.7688, 41.845], [-122.7688, 41.8453]]], [[[-122.7601, 41.8455], [-122.7605, 41.8452], [-122.7601, 41.8452], [-122.7601, 41.8455]]], [[[-122.9068, 41.8414], [-122.9071, 41.8411], [-122.9068, 41.8411], [-122.9068, 41.8414]]], [[[-122.8974, 41.8416], [-122.8978, 41.8413], [-122.8974, 41.8413], [-122.8974, 41.8416]]], [[[-122.8336, 41.8425], [-122.8339, 41.8422], [-122.8336, 41.8422], [-122.8336, 41.8425]]], [[[-122.9237, 41.8404], [-122.9237, 41.8399], [-122.923, 41.8399], [-122.923, 41.8402], [-122.9237, 41.8404]]], [[[-122.8343, 41.8425], [-122.835, 41.8419], [-122.8347, 41.8419], [-122.8343, 41.8425]]], [[[-122.8794, 41.8412], [-122.8797, 41.8409], [-122.8793, 41.8409], [-122.8794, 41.8412]]], [[[-122.901, 41.8404], [-122.9013, 41.8402], [-122.901, 41.8402], [-122.901, 41.8404]]], [[[-122.9018, 41.842], [-122.9025, 41.8415], [-122.9014, 41.8415], [-122.9002, 41.8399], [-122.9003, 41.8404], [-122.8992, 41.841], [-122.8992, 41.8416], [-122.9018, 41.842]], [[-122.8999, 41.841], [-122.8996, 41.8413], [-122.8996, 41.841], [-122.8999, 41.841]]], [[[-122.9082, 41.8397], [-122.9085, 41.8394], [-122.9081, 41.8395], [-122.9082, 41.8397]]], [[[-122.9017, 41.8401], [-122.902, 41.8396], [-122.9009, 41.8396], [-122.901, 41.8399], [-122.9017, 41.8401]]], [[[-122.9108, 41.8421], [-122.9096, 41.8392], [-122.9089, 41.8392], [-122.9089, 41.8408], [-122.9082, 41.8397], [-122.9074, 41.8397], [-122.9071, 41.8406], [-122.906, 41.8403], [-122.9086, 41.8411], [-122.9079, 41.8414], [-122.9082, 41.8419], [-122.9108, 41.8421]]], [[[-122.8336, 41.8414], [-122.8335, 41.8409], [-122.8325, 41.8412], [-122.8325, 41.8414], [-122.8336, 41.8414]]], [[[-122.9301, 41.8387], [-122.9305, 41.8384], [-122.9301, 41.8384], [-122.9301, 41.8387]]], [[[-122.9074, 41.8392], [-122.9078, 41.8389], [-122.9074, 41.8389], [-122.9074, 41.8392]]], [[[-122.9013, 41.8393], [-122.9016, 41.8391], [-122.9013, 41.8391], [-122.9013, 41.8393]]], [[[-122.9096, 41.8392], [-122.9099, 41.8386], [-122.9096, 41.8386], [-122.9096, 41.8392]]], [[[-122.9063, 41.8395], [-122.9063, 41.839], [-122.9067, 41.8387], [-122.906, 41.8387], [-122.9063, 41.8395]]], [[[-122.902, 41.8391], [-122.9034, 41.8388], [-122.902, 41.8388], [-122.902, 41.8391]]], [[[-122.8995, 41.8388], [-122.8998, 41.8386], [-122.8995, 41.8386], [-122.8995, 41.8388]]], [[[-122.9078, 41.8389], [-122.9092, 41.8383], [-122.9081, 41.8381], [-122.9078, 41.8389]]], [[[-122.9067, 41.8384], [-122.9078, 41.8387], [-122.9077, 41.8381], [-122.9067, 41.8384]]], [[[-122.9023, 41.8385], [-122.9027, 41.8382], [-122.9023, 41.8382], [-122.9023, 41.8385]]], [[[-122.8974, 41.8413], [-122.8974, 41.8408], [-122.8995, 41.8407], [-122.8995, 41.8397], [-122.8977, 41.8402], [-122.897, 41.8397], [-122.898, 41.8391], [-122.8955, 41.8392], [-122.8958, 41.8384], [-122.8948, 41.8384], [-122.8948, 41.8392], [-122.8966, 41.84], [-122.8963, 41.8411], [-122.8974, 41.8413]]], [[[-122.9099, 41.8386], [-122.9102, 41.8378], [-122.9099, 41.8378], [-122.9099, 41.8386]]], [[[-122.9012, 41.8383], [-122.9016, 41.838], [-122.9012, 41.838], [-122.9012, 41.8383]]], [[[-122.9056, 41.8382], [-122.907, 41.8381], [-122.907, 41.8373], [-122.9056, 41.8382]]], [[[-122.9016, 41.8377], [-122.9019, 41.8374], [-122.9016, 41.8374], [-122.9016, 41.8377]]], [[[-122.8324, 41.8396], [-122.8324, 41.839], [-122.8316, 41.8388], [-122.8317, 41.8393], [-122.8324, 41.8396]]], [[[-122.9293, 41.8365], [-122.9297, 41.8363], [-122.9293, 41.8363], [-122.9293, 41.8365]]], [[[-122.9261, 41.8366], [-122.9264, 41.8363], [-122.9261, 41.8363], [-122.9261, 41.8366]]], [[[-122.9066, 41.8371], [-122.907, 41.8368], [-122.9066, 41.8368], [-122.9066, 41.8371]]], [[[-122.9038, 41.839], [-122.9056, 41.8387], [-122.9052, 41.8384], [-122.9055, 41.8373], [-122.9048, 41.8376], [-122.9044, 41.8368], [-122.9033, 41.8366], [-122.9027, 41.8374], [-122.9034, 41.8374], [-122.9038, 41.839]], [[-122.9045, 41.8374], [-122.9041, 41.8377], [-122.9041, 41.8374], [-122.9045, 41.8374]]], [[[-122.9268, 41.8363], [-122.9271, 41.836], [-122.9268, 41.836], [-122.9268, 41.8363]]], [[[-122.9102, 41.8367], [-122.9105, 41.8364], [-122.9102, 41.8364], [-122.9102, 41.8367]]], [[[-122.8979, 41.837], [-122.8983, 41.8367], [-122.8979, 41.8367], [-122.8979, 41.837]]], [[[-122.9088, 41.8381], [-122.9099, 41.8375], [-122.9098, 41.8362], [-122.9051, 41.8363], [-122.9055, 41.8371], [-122.9073, 41.8365], [-122.9077, 41.837], [-122.907, 41.8373], [-122.9088, 41.8381]], [[-122.9095, 41.8367], [-122.9088, 41.837], [-122.9088, 41.8367], [-122.9095, 41.8367]]], [[[-122.8969, 41.837], [-122.8976, 41.8367], [-122.8968, 41.8365], [-122.8969, 41.837]]], [[[-122.9174, 41.8363], [-122.9177, 41.836], [-122.9174, 41.836], [-122.9174, 41.8363]]], [[[-122.9005, 41.8367], [-122.9008, 41.8364], [-122.9004, 41.8364], [-122.9005, 41.8367]]], [[[-122.912, 41.8364], [-122.9116, 41.8359], [-122.9105, 41.8362], [-122.9105, 41.8364], [-122.912, 41.8364]]], [[[-122.912, 41.8361], [-122.9123, 41.8358], [-122.912, 41.8358], [-122.912, 41.8361]]], [[[-122.899, 41.8364], [-122.8994, 41.8361], [-122.899, 41.8361], [-122.899, 41.8364]]], [[[-122.8976, 41.8364], [-122.8979, 41.8362], [-122.8976, 41.8362], [-122.8976, 41.8364]]], [[[-122.9116, 41.8359], [-122.912, 41.8356], [-122.9116, 41.8356], [-122.9116, 41.8359]]], [[[-122.8968, 41.8362], [-122.8972, 41.8359], [-122.8968, 41.8359], [-122.8968, 41.8362]]], [[[-122.8839, 41.8365], [-122.8842, 41.8362], [-122.8838, 41.8362], [-122.8839, 41.8365]]], [[[-122.9001, 41.8364], [-122.9001, 41.8359], [-122.8993, 41.8356], [-122.8994, 41.8361], [-122.9001, 41.8364]]], [[[-122.8817, 41.8363], [-122.882, 41.836], [-122.8817, 41.836], [-122.8817, 41.8363]]], [[[-122.8802, 41.8363], [-122.881, 41.836], [-122.8802, 41.836], [-122.8802, 41.8363]]], [[[-122.8788, 41.8363], [-122.8792, 41.8361], [-122.8788, 41.8361], [-122.8788, 41.8363]]], [[[-122.877, 41.8364], [-122.8773, 41.8361], [-122.877, 41.8361], [-122.877, 41.8364]]], [[[-122.8709, 41.8362], [-122.8712, 41.836], [-122.8709, 41.836], [-122.8709, 41.8362]]], [[[-122.8687, 41.8363], [-122.869, 41.836], [-122.8687, 41.836], [-122.8687, 41.8363]]], [[[-122.9105, 41.8351], [-122.9108, 41.8348], [-122.9105, 41.8348], [-122.9105, 41.8351]]], [[[-122.8817, 41.8357], [-122.882, 41.8355], [-122.8817, 41.8355], [-122.8817, 41.8357]]], [[[-122.9224, 41.8359], [-122.9224, 41.8351], [-122.9231, 41.8342], [-122.9217, 41.8351], [-122.9224, 41.8359]]], [[[-122.8831, 41.8362], [-122.8842, 41.8354], [-122.8824, 41.8352], [-122.8824, 41.836], [-122.8831, 41.8362]]], [[[-122.913, 41.8347], [-122.9134, 41.8345], [-122.913, 41.8345], [-122.913, 41.8347]]], [[[-122.8871, 41.8353], [-122.8878, 41.835], [-122.887, 41.8351], [-122.8871, 41.8353]]], [[[-122.8701, 41.8355], [-122.8705, 41.8357], [-122.8708, 41.8354], [-122.8701, 41.8355]]], [[[-122.8355, 41.8365], [-122.8359, 41.8362], [-122.8355, 41.8362], [-122.8355, 41.8365]]], [[[-122.8896, 41.8358], [-122.8896, 41.8353], [-122.8888, 41.8348], [-122.8885, 41.8358], [-122.8896, 41.8358]]], [[[-122.899, 41.8351], [-122.9004, 41.835], [-122.9, 41.8345], [-122.899, 41.8351]]], [[[-122.8788, 41.8355], [-122.8795, 41.8352], [-122.8787, 41.835], [-122.8788, 41.8355]]], [[[-122.922, 41.8343], [-122.9224, 41.834], [-122.922, 41.834], [-122.922, 41.8343]]], [[[-122.917, 41.8344], [-122.9173, 41.8341], [-122.9169, 41.8341], [-122.917, 41.8344]]], [[[-122.9108, 41.8345], [-122.9112, 41.8342], [-122.9108, 41.8342], [-122.9108, 41.8345]]], [[[-122.8986, 41.8348], [-122.8989, 41.8345], [-122.8986, 41.8345], [-122.8986, 41.8348]]], [[[-122.8903, 41.835], [-122.891, 41.8352], [-122.8921, 41.8347], [-122.8903, 41.835]]], [[[-122.8878, 41.835], [-122.8881, 41.8348], [-122.8878, 41.8348], [-122.8878, 41.835]]], [[[-122.8716, 41.8354], [-122.8719, 41.8351], [-122.8715, 41.8351], [-122.8716, 41.8354]]], [[[-122.8766, 41.8356], [-122.8766, 41.835], [-122.8755, 41.8348], [-122.8755, 41.8356], [-122.8766, 41.8356]]], [[[-122.8975, 41.8348], [-122.8978, 41.8343], [-122.8975, 41.8343], [-122.8975, 41.8348]]], [[[-122.8906, 41.8347], [-122.891, 41.8344], [-122.8906, 41.8344], [-122.8906, 41.8347]]], [[[-122.886, 41.8348], [-122.8863, 41.8345], [-122.8859, 41.8346], [-122.886, 41.8348]]], [[[-122.9133, 41.8342], [-122.9137, 41.8336], [-122.9133, 41.8337], [-122.9133, 41.8342]]], [[[-122.9216, 41.8337], [-122.9223, 41.8334], [-122.9216, 41.8335], [-122.9216, 41.8337]]], [[[-122.9148, 41.8339], [-122.9151, 41.8336], [-122.9148, 41.8336], [-122.9148, 41.8339]]], [[[-122.8744, 41.8348], [-122.8755, 41.8345], [-122.8744, 41.8345], [-122.8744, 41.8348]]], [[[-122.8913, 41.8344], [-122.892, 41.8339], [-122.8917, 41.8339], [-122.8913, 41.8344]]], [[[-122.8788, 41.8361], [-122.8788, 41.8355], [-122.878, 41.8353], [-122.8784, 41.8342], [-122.8769, 41.8342], [-122.877, 41.8356], [-122.8777, 41.8353], [-122.8788, 41.8361]]], [[[-122.8355, 41.8357], [-122.8362, 41.8351], [-122.8358, 41.8351], [-122.8355, 41.8357]]], [[[-122.9227, 41.8334], [-122.923, 41.8332], [-122.9227, 41.8332], [-122.9227, 41.8334]]], [[[-122.8899, 41.835], [-122.8899, 41.8345], [-122.891, 41.8339], [-122.8895, 41.8339], [-122.8892, 41.8347], [-122.8899, 41.835]]], [[[-122.8888, 41.8342], [-122.8892, 41.8339], [-122.8888, 41.8339], [-122.8888, 41.8342]]], [[[-122.8877, 41.8342], [-122.8881, 41.8337], [-122.8877, 41.8337], [-122.8877, 41.8342]]], [[[-122.8859, 41.8346], [-122.8867, 41.8343], [-122.8863, 41.8337], [-122.8856, 41.834], [-122.8859, 41.8346]]], [[[-122.8679, 41.8347], [-122.8683, 41.8341], [-122.8679, 41.8341], [-122.8679, 41.8347]]], [[[-122.9277, 41.833], [-122.9281, 41.8328], [-122.9277, 41.8328], [-122.9277, 41.833]]], [[[-122.9155, 41.8333], [-122.9158, 41.8331], [-122.9155, 41.8331], [-122.9155, 41.8333]]], [[[-122.9032, 41.8336], [-122.9036, 41.8333], [-122.9032, 41.8333], [-122.9032, 41.8336]]], [[[-122.8711, 41.8343], [-122.8715, 41.8341], [-122.8711, 41.8341], [-122.8711, 41.8343]]], [[[-122.8593, 41.8346], [-122.8596, 41.8343], [-122.8592, 41.8343], [-122.8593, 41.8346]]], [[[-122.8362, 41.8351], [-122.8365, 41.8349], [-122.8362, 41.8349], [-122.8362, 41.8351]]], [[[-122.9003, 41.8339], [-122.9003, 41.8331], [-122.8992, 41.8334], [-122.8993, 41.8337], [-122.9003, 41.8339]]], [[[-122.9223, 41.8332], [-122.9227, 41.8326], [-122.9223, 41.8326], [-122.9223, 41.8332]]], [[[-122.8975, 41.8337], [-122.8978, 41.8332], [-122.8974, 41.8332], [-122.8975, 41.8337]]], [[[-122.9129, 41.8331], [-122.9133, 41.8328], [-122.9129, 41.8328], [-122.9129, 41.8331]]], [[[-122.9028, 41.8334], [-122.9032, 41.8331], [-122.9028, 41.8331], [-122.9028, 41.8334]]], [[[-122.8823, 41.8338], [-122.8827, 41.8335], [-122.8823, 41.8336], [-122.8823, 41.8338]]], [[[-122.8783, 41.8339], [-122.8787, 41.8336], [-122.8783, 41.8336], [-122.8783, 41.8339]]], [[[-122.8776, 41.8339], [-122.878, 41.8336], [-122.8776, 41.8337], [-122.8776, 41.8339]]], [[[-122.8683, 41.8341], [-122.8686, 41.8339], [-122.8682, 41.8339], [-122.8683, 41.8341]]], [[[-122.8646, 41.8342], [-122.865, 41.8339], [-122.8646, 41.834], [-122.8646, 41.8342]]], [[[-122.8582, 41.8344], [-122.8589, 41.8341], [-122.8582, 41.8341], [-122.8582, 41.8344]]], [[[-122.8556, 41.8344], [-122.856, 41.8341], [-122.8556, 41.8342], [-122.8556, 41.8344]]], [[[-122.9032, 41.8331], [-122.9035, 41.8328], [-122.9032, 41.8328], [-122.9032, 41.8331]]], [[[-122.8589, 41.8341], [-122.8596, 41.8338], [-122.8589, 41.8338], [-122.8589, 41.8341]]], [[[-122.8985, 41.8329], [-122.8989, 41.8326], [-122.8985, 41.8326], [-122.8985, 41.8329]]], [[[-122.8971, 41.8329], [-122.8974, 41.8327], [-122.897, 41.8327], [-122.8971, 41.8329]]], [[[-122.8794, 41.8333], [-122.8798, 41.8331], [-122.8794, 41.8331], [-122.8794, 41.8333]]], [[[-122.8765, 41.8334], [-122.8769, 41.8331], [-122.8765, 41.8331], [-122.8765, 41.8334]]], [[[-122.8578, 41.8338], [-122.8588, 41.8335], [-122.8578, 41.8336], [-122.8578, 41.8338]]], [[[-122.9158, 41.8325], [-122.9161, 41.832], [-122.9158, 41.832], [-122.9158, 41.8325]]], [[[-122.9144, 41.8331], [-122.9144, 41.8325], [-122.9147, 41.832], [-122.9136, 41.8328], [-122.9144, 41.8331]]], [[[-122.8549, 41.8339], [-122.8552, 41.8334], [-122.8549, 41.8334], [-122.8549, 41.8339]]], [[[-122.9179, 41.8319], [-122.9183, 41.8322], [-122.9187, 41.8319], [-122.9179, 41.8319]]], [[[-122.9032, 41.8325], [-122.9035, 41.8323], [-122.9032, 41.8323], [-122.9032, 41.8325]]], [[[-122.8952, 41.8327], [-122.8956, 41.8324], [-122.8952, 41.8324], [-122.8952, 41.8327]]], [[[-122.879, 41.8331], [-122.8794, 41.8328], [-122.879, 41.8328], [-122.879, 41.8331]]], [[[-122.8599, 41.8335], [-122.8606, 41.8332], [-122.8599, 41.8332], [-122.8599, 41.8335]]], [[[-122.8542, 41.8336], [-122.8545, 41.8334], [-122.8542, 41.8334], [-122.8542, 41.8336]]], [[[-122.913, 41.8339], [-122.913, 41.8334], [-122.9119, 41.8331], [-122.9122, 41.8323], [-122.9107, 41.8318], [-122.9108, 41.8334], [-122.913, 41.8339]], [[-122.9115, 41.8329], [-122.9111, 41.8332], [-122.9111, 41.8329], [-122.9115, 41.8329]]], [[[-122.8672, 41.835], [-122.8679, 41.8347], [-122.8672, 41.8344], [-122.8679, 41.8341], [-122.8675, 41.8336], [-122.8697, 41.8336], [-122.8697, 41.833], [-122.8689, 41.8328], [-122.8624, 41.8332], [-122.8628, 41.8337], [-122.8646, 41.8331], [-122.8661, 41.8336], [-122.8672, 41.835]], [[-122.8671, 41.8336], [-122.8668, 41.8342], [-122.8668, 41.8336], [-122.8671, 41.8336]], [[-122.8664, 41.8334], [-122.8661, 41.8336], [-122.8661, 41.8334], [-122.8664, 41.8334]], [[-122.8635, 41.8332], [-122.8632, 41.8334], [-122.8632, 41.8332], [-122.8635, 41.8332]]], [[[-122.8621, 41.834], [-122.8625, 41.8335], [-122.8614, 41.8329], [-122.861, 41.8335], [-122.8621, 41.834]]], [[[-122.8981, 41.8326], [-122.8981, 41.8321], [-122.8974, 41.8321], [-122.8974, 41.8324], [-122.8981, 41.8326]]], [[[-122.8963, 41.833], [-122.897, 41.8327], [-122.8967, 41.8321], [-122.896, 41.8324], [-122.8963, 41.833]]], [[[-122.8621, 41.8332], [-122.8624, 41.8329], [-122.8621, 41.8329], [-122.8621, 41.8332]]], [[[-122.8606, 41.8332], [-122.861, 41.833], [-122.8606, 41.833], [-122.8606, 41.8332]]], [[[-122.8559, 41.8331], [-122.8567, 41.8336], [-122.8574, 41.833], [-122.8559, 41.8331]]], [[[-122.9176, 41.8317], [-122.9179, 41.8314], [-122.9176, 41.8314], [-122.9176, 41.8317]]], [[[-122.9104, 41.8318], [-122.9107, 41.8315], [-122.9104, 41.8316], [-122.9104, 41.8318]]], [[[-122.9025, 41.8325], [-122.9024, 41.832], [-122.9028, 41.8317], [-122.9017, 41.832], [-122.9025, 41.8325]]], [[[-122.8999, 41.8321], [-122.9003, 41.8318], [-122.8999, 41.8318], [-122.8999, 41.8321]]], [[[-122.8992, 41.8321], [-122.8995, 41.8318], [-122.8992, 41.8318], [-122.8992, 41.8321]]], [[[-122.8956, 41.8322], [-122.8959, 41.8319], [-122.8956, 41.8319], [-122.8956, 41.8322]]], [[[-122.8754, 41.8326], [-122.8758, 41.8323], [-122.8754, 41.8324], [-122.8754, 41.8326]]], [[[-122.874, 41.8327], [-122.8743, 41.8324], [-122.874, 41.8324], [-122.874, 41.8327]]], [[[-122.8588, 41.8327], [-122.8592, 41.833], [-122.8599, 41.8327], [-122.8588, 41.8327]]], [[[-122.9273, 41.8322], [-122.9277, 41.8314], [-122.9251, 41.8312], [-122.9255, 41.832], [-122.9273, 41.8322]]], [[[-122.923, 41.8313], [-122.9233, 41.831], [-122.923, 41.831], [-122.923, 41.8313]]], [[[-122.9017, 41.8318], [-122.9021, 41.8315], [-122.9017, 41.8315], [-122.9017, 41.8318]]], [[[-122.8877, 41.8337], [-122.8884, 41.8326], [-122.8877, 41.8323], [-122.888, 41.8318], [-122.8869, 41.8318], [-122.8862, 41.8332], [-122.8877, 41.8337]], [[-122.8877, 41.8323], [-122.8873, 41.8326], [-122.8873, 41.8324], [-122.8877, 41.8323]]], [[[-122.8747, 41.8324], [-122.8754, 41.8321], [-122.8747, 41.8321], [-122.8747, 41.8324]]], [[[-122.8736, 41.8324], [-122.8739, 41.8321], [-122.8736, 41.8321], [-122.8736, 41.8324]]], [[[-122.9172, 41.8314], [-122.9175, 41.8308], [-122.9172, 41.8309], [-122.9172, 41.8314]]], [[[-122.9255, 41.8309], [-122.9258, 41.8307], [-122.9255, 41.8307], [-122.9255, 41.8309]]], [[[-122.919, 41.8311], [-122.9193, 41.8308], [-122.919, 41.8308], [-122.919, 41.8311]]], [[[-122.9129, 41.8312], [-122.9132, 41.8309], [-122.9129, 41.831], [-122.9129, 41.8312]]], [[[-122.9031, 41.8314], [-122.9035, 41.8312], [-122.9031, 41.8312], [-122.9031, 41.8314]]], [[[-122.9133, 41.8326], [-122.9132, 41.8318], [-122.914, 41.832], [-122.9139, 41.8307], [-122.9132, 41.8315], [-122.9129, 41.8312], [-122.9121, 41.8312], [-122.9125, 41.8318], [-122.9118, 41.8318], [-122.9133, 41.8326]], [[-122.9129, 41.8318], [-122.9125, 41.832], [-122.9125, 41.8318], [-122.9129, 41.8318]]], [[[-122.9179, 41.8308], [-122.9182, 41.8306], [-122.9179, 41.8306], [-122.9179, 41.8308]]], [[[-122.9161, 41.8309], [-122.9168, 41.8306], [-122.9161, 41.8306], [-122.9161, 41.8309]]], [[[-122.9017, 41.8312], [-122.902, 41.8309], [-122.9017, 41.8309], [-122.9017, 41.8312]]], [[[-122.8894, 41.8315], [-122.8898, 41.8312], [-122.8894, 41.8312], [-122.8894, 41.8315]]], [[[-122.8743, 41.8318], [-122.8746, 41.8316], [-122.8743, 41.8316], [-122.8743, 41.8318]]], [[[-122.8856, 41.834], [-122.8859, 41.8335], [-122.8848, 41.833], [-122.8844, 41.8313], [-122.8837, 41.8319], [-122.8837, 41.8314], [-122.8826, 41.8311], [-122.8833, 41.8319], [-122.8808, 41.832], [-122.8816, 41.8336], [-122.8823, 41.8336], [-122.8826, 41.8322], [-122.8837, 41.8322], [-122.883, 41.8335], [-122.8837, 41.8332], [-122.8856, 41.834]]], [[[-122.9118, 41.8315], [-122.9121, 41.8304], [-122.911, 41.8305], [-122.9118, 41.8307], [-122.9111, 41.8315], [-122.9118, 41.8315]]], [[[-122.8876, 41.8315], [-122.888, 41.831], [-122.8876, 41.831], [-122.8876, 41.8315]]], [[[-122.9175, 41.8306], [-122.9179, 41.8303], [-122.9175, 41.8303], [-122.9175, 41.8306]]], [[[-122.9139, 41.8307], [-122.9143, 41.8304], [-122.9139, 41.8304], [-122.9139, 41.8307]]], [[[-122.9125, 41.8307], [-122.9132, 41.8304], [-122.9125, 41.8304], [-122.9125, 41.8307]]], [[[-122.9013, 41.8309], [-122.9017, 41.8307], [-122.9013, 41.8307], [-122.9013, 41.8309]]], [[[-122.8739, 41.8316], [-122.8743, 41.8313], [-122.8739, 41.8313], [-122.8739, 41.8316]]], [[[-122.9282, 41.8366], [-122.9296, 41.8354], [-122.929, 41.8298], [-122.9276, 41.8301], [-122.9283, 41.8306], [-122.9265, 41.8306], [-122.9284, 41.8317], [-122.9277, 41.8317], [-122.9274, 41.8328], [-122.926, 41.8339], [-122.9245, 41.8337], [-122.9245, 41.8329], [-122.9234, 41.8334], [-122.9242, 41.8339], [-122.9235, 41.835], [-122.9249, 41.8347], [-122.9253, 41.8355], [-122.925, 41.8361], [-122.9253, 41.8364], [-122.9264, 41.8361], [-122.9267, 41.8347], [-122.9278, 41.8344], [-122.9271, 41.836], [-122.9282, 41.8366]], [[-122.926, 41.8353], [-122.9253, 41.8355], [-122.9253, 41.8353], [-122.926, 41.8353]], [[-122.9292, 41.8341], [-122.9289, 41.8344], [-122.9289, 41.8341], [-122.9292, 41.8341]], [[-122.9292, 41.8336], [-122.9288, 41.8338], [-122.9288, 41.8336], [-122.9292, 41.8336]], [[-122.9288, 41.8333], [-122.9285, 41.8336], [-122.9285, 41.8333], [-122.9288, 41.8333]], [[-122.9281, 41.8333], [-122.9274, 41.8333], [-122.9277, 41.8325], [-122.9284, 41.8328], [-122.9281, 41.8333]]], [[[-122.8891, 41.8318], [-122.8894, 41.831], [-122.8883, 41.8307], [-122.8883, 41.8315], [-122.8891, 41.8318]]], [[[-122.853, 41.832], [-122.8534, 41.8315], [-122.853, 41.8315], [-122.853, 41.832]]], [[[-122.9135, 41.8304], [-122.9139, 41.8301], [-122.9135, 41.8301], [-122.9135, 41.8304]]], [[[-122.9182, 41.83], [-122.9186, 41.8297], [-122.9182, 41.8297], [-122.9182, 41.83]]], [[[-122.9121, 41.8302], [-122.9132, 41.8299], [-122.9121, 41.8299], [-122.9121, 41.8302]]], [[[-122.9107, 41.8302], [-122.911, 41.8299], [-122.9106, 41.8299], [-122.9107, 41.8302]]], [[[-122.8771, 41.831], [-122.8775, 41.8307], [-122.8771, 41.8307], [-122.8771, 41.831]]], [[[-122.8505, 41.8316], [-122.8508, 41.8313], [-122.8505, 41.8313], [-122.8505, 41.8316]]], [[[-122.8498, 41.8316], [-122.8501, 41.8313], [-122.8497, 41.8313], [-122.8498, 41.8316]]], [[[-122.8783, 41.8328], [-122.8786, 41.8315], [-122.8801, 41.8325], [-122.8789, 41.8304], [-122.8775, 41.831], [-122.8783, 41.8328]], [[-122.8789, 41.8309], [-122.8782, 41.8312], [-122.8782, 41.8309], [-122.8789, 41.8309]]], [[[-122.9186, 41.8297], [-122.9189, 41.8295], [-122.9186, 41.8295], [-122.9186, 41.8297]]], [[[-122.8909, 41.8312], [-122.8908, 41.8306], [-122.8915, 41.8301], [-122.8901, 41.8301], [-122.8909, 41.8312]]], [[[-122.889, 41.8304], [-122.8897, 41.8301], [-122.889, 41.8301], [-122.889, 41.8304]]], [[[-122.8494, 41.8313], [-122.8497, 41.831], [-122.8494, 41.831], [-122.8494, 41.8313]]], [[[-122.911, 41.8299], [-122.9113, 41.8294], [-122.911, 41.8294], [-122.911, 41.8299]]], [[[-122.9157, 41.8306], [-122.916, 41.8298], [-122.9168, 41.8301], [-122.916, 41.829], [-122.9153, 41.8295], [-122.9157, 41.8306]]], [[[-122.9222, 41.8294], [-122.9229, 41.8291], [-122.9221, 41.8288], [-122.9222, 41.8294]]], [[[-122.8872, 41.8302], [-122.8883, 41.8299], [-122.8872, 41.8296], [-122.8872, 41.8302]]], [[[-122.9167, 41.8292], [-122.9171, 41.829], [-122.9167, 41.829], [-122.9167, 41.8292]]], [[[-122.9142, 41.8293], [-122.9146, 41.829], [-122.9142, 41.829], [-122.9142, 41.8293]]], [[[-122.8951, 41.8297], [-122.8955, 41.8295], [-122.8951, 41.8295], [-122.8951, 41.8297]]], [[[-122.8912, 41.8298], [-122.8915, 41.8296], [-122.8912, 41.8296], [-122.8912, 41.8298]]], [[[-122.8883, 41.8299], [-122.8886, 41.8296], [-122.8883, 41.8296], [-122.8883, 41.8299]]], [[[-122.8504, 41.8308], [-122.8508, 41.8305], [-122.8504, 41.8305], [-122.8504, 41.8308]]], [[[-122.8772, 41.8318], [-122.8764, 41.831], [-122.8771, 41.8299], [-122.8749, 41.8299], [-122.8746, 41.831], [-122.8772, 41.8318]], [[-122.876, 41.8302], [-122.8757, 41.8307], [-122.8757, 41.8302], [-122.876, 41.8302]]], [[[-122.9103, 41.8294], [-122.911, 41.8291], [-122.9102, 41.8288], [-122.9103, 41.8294]]], [[[-122.9275, 41.8287], [-122.9279, 41.8284], [-122.9275, 41.8284], [-122.9275, 41.8287]]], [[[-122.9117, 41.8291], [-122.912, 41.8288], [-122.9117, 41.8288], [-122.9117, 41.8291]]], [[[-122.8915, 41.8296], [-122.8919, 41.8293], [-122.8915, 41.8293], [-122.8915, 41.8296]]], [[[-122.8886, 41.8296], [-122.889, 41.8293], [-122.8886, 41.8293], [-122.8886, 41.8296]]], [[[-122.8497, 41.8305], [-122.8501, 41.8302], [-122.8497, 41.8302], [-122.8497, 41.8305]]], [[[-122.836, 41.8308], [-122.8364, 41.8305], [-122.836, 41.8305], [-122.836, 41.8308]]], [[[-122.911, 41.8291], [-122.9113, 41.8286], [-122.9109, 41.8286], [-122.911, 41.8291]]], [[[-122.9185, 41.8287], [-122.9189, 41.8284], [-122.9185, 41.8284], [-122.9185, 41.8287]]], [[[-122.9156, 41.8287], [-122.916, 41.8284], [-122.9156, 41.8285], [-122.9156, 41.8287]]], [[[-122.8767, 41.8296], [-122.8771, 41.8293], [-122.8767, 41.8293], [-122.8767, 41.8296]]], [[[-122.8439, 41.8301], [-122.8443, 41.8306], [-122.8454, 41.8301], [-122.8439, 41.8301]]], [[[-122.8252, 41.8308], [-122.8255, 41.8305], [-122.8252, 41.8305], [-122.8252, 41.8308]]], [[[-122.822, 41.8309], [-122.8223, 41.8306], [-122.8219, 41.8306], [-122.822, 41.8309]]], [[[-122.8814, 41.8295], [-122.8817, 41.829], [-122.8814, 41.829], [-122.8814, 41.8295]]], [[[-122.8338, 41.8306], [-122.8338, 41.83], [-122.8331, 41.8301], [-122.8331, 41.8303], [-122.8338, 41.8306]]], [[[-122.8746, 41.8294], [-122.8749, 41.8291], [-122.8745, 41.8291], [-122.8746, 41.8294]]], [[[-122.9282, 41.8282], [-122.9286, 41.8276], [-122.9282, 41.8276], [-122.9282, 41.8282]]], [[[-122.9102, 41.8283], [-122.9106, 41.828], [-122.9102, 41.828], [-122.9102, 41.8283]]], [[[-122.8828, 41.8289], [-122.8832, 41.8287], [-122.8828, 41.8287], [-122.8828, 41.8289]]], [[[-122.8803, 41.829], [-122.881, 41.829], [-122.8814, 41.8287], [-122.8803, 41.829]]], [[[-122.8342, 41.83], [-122.8345, 41.8298], [-122.8342, 41.8298], [-122.8342, 41.83]]], [[[-122.9221, 41.8288], [-122.9228, 41.8277], [-122.9203, 41.8275], [-122.9207, 41.8286], [-122.9221, 41.8288]]], [[[-122.823, 41.8306], [-122.823, 41.8297], [-122.8223, 41.8298], [-122.8223, 41.8303], [-122.823, 41.8306]]], [[[-122.9275, 41.8284], [-122.9279, 41.8274], [-122.9264, 41.8277], [-122.9264, 41.8279], [-122.9275, 41.8284]]], [[[-122.9131, 41.8285], [-122.9131, 41.828], [-122.9138, 41.8277], [-122.9127, 41.8277], [-122.9131, 41.8285]]], [[[-122.8843, 41.8286], [-122.8846, 41.8284], [-122.8843, 41.8284], [-122.8843, 41.8286]]], [[[-122.8749, 41.8288], [-122.8752, 41.8286], [-122.8749, 41.8286], [-122.8749, 41.8288]]], [[[-122.8241, 41.83], [-122.8244, 41.8297], [-122.8241, 41.8297], [-122.8241, 41.83]]], [[[-122.9017, 41.8307], [-122.9034, 41.8304], [-122.9034, 41.829], [-122.9009, 41.8293], [-122.9008, 41.8277], [-122.9001, 41.8277], [-122.9006, 41.8307], [-122.9013, 41.8307], [-122.9013, 41.8299], [-122.9017, 41.8307]], [[-122.9027, 41.8293], [-122.9023, 41.8296], [-122.9023, 41.8293], [-122.9027, 41.8293]]], [[[-122.8385, 41.8299], [-122.8385, 41.8291], [-122.8374, 41.8294], [-122.8374, 41.8297], [-122.8385, 41.8299]]], [[[-122.9282, 41.8274], [-122.9286, 41.8271], [-122.9282, 41.8271], [-122.9282, 41.8274]]], [[[-122.9268, 41.8274], [-122.9271, 41.8271], [-122.9268, 41.8271], [-122.9268, 41.8274]]], [[[-122.8846, 41.8284], [-122.885, 41.8281], [-122.8846, 41.8281], [-122.8846, 41.8284]]], [[[-122.8839, 41.8284], [-122.8842, 41.8281], [-122.8839, 41.8281], [-122.8839, 41.8284]]], [[[-122.8828, 41.8284], [-122.8832, 41.8281], [-122.8828, 41.8281], [-122.8828, 41.8284]]], [[[-122.8316, 41.8296], [-122.832, 41.8293], [-122.8316, 41.8293], [-122.8316, 41.8296]]], [[[-122.9124, 41.8283], [-122.912, 41.8272], [-122.9109, 41.8275], [-122.9109, 41.8283], [-122.9124, 41.8283]]], [[[-122.9261, 41.8274], [-122.9264, 41.8269], [-122.926, 41.8269], [-122.9261, 41.8274]]], [[[-122.8745, 41.8286], [-122.8749, 41.828], [-122.8745, 41.828], [-122.8745, 41.8286]]], [[[-122.9473, 41.8266], [-122.9476, 41.8264], [-122.9473, 41.8264], [-122.9473, 41.8266]]], [[[-122.9145, 41.8274], [-122.9149, 41.8271], [-122.9145, 41.8271], [-122.9145, 41.8274]]], [[[-122.8961, 41.8278], [-122.8965, 41.8275], [-122.8961, 41.8276], [-122.8961, 41.8278]]], [[[-122.8255, 41.8294], [-122.8259, 41.8291], [-122.8255, 41.8291], [-122.8255, 41.8294]]], [[[-122.8244, 41.8294], [-122.8251, 41.8292], [-122.8244, 41.8292], [-122.8244, 41.8294]]], [[[-122.8868, 41.8297], [-122.8879, 41.8286], [-122.8875, 41.8275], [-122.8853, 41.8283], [-122.8857, 41.8294], [-122.8868, 41.8297]], [[-122.8868, 41.8288], [-122.8861, 41.8286], [-122.8868, 41.8283], [-122.8868, 41.8288]]], [[[-122.9156, 41.8274], [-122.9159, 41.8268], [-122.9156, 41.8268], [-122.9156, 41.8274]]], [[[-122.9001, 41.8277], [-122.8994, 41.8272], [-122.8986, 41.8275], [-122.8987, 41.8278], [-122.9001, 41.8277]]], [[[-122.9264, 41.8269], [-122.9267, 41.8266], [-122.9264, 41.8266], [-122.9264, 41.8269]]], [[[-122.9181, 41.827], [-122.9185, 41.8268], [-122.9181, 41.8268], [-122.9181, 41.827]]], [[[-122.8806, 41.8282], [-122.8806, 41.8274], [-122.8802, 41.8274], [-122.8799, 41.8282], [-122.8806, 41.8282]]], [[[-122.8835, 41.8278], [-122.8846, 41.8275], [-122.8835, 41.8273], [-122.8835, 41.8278]]], [[[-122.9177, 41.8268], [-122.9181, 41.8265], [-122.9177, 41.8265], [-122.9177, 41.8268]]], [[[-122.8811, 41.8317], [-122.8822, 41.8314], [-122.8825, 41.8306], [-122.8829, 41.8306], [-122.8836, 41.8311], [-122.8857, 41.8294], [-122.8836, 41.8297], [-122.8836, 41.8292], [-122.8825, 41.8292], [-122.8832, 41.83], [-122.88, 41.8304], [-122.8803, 41.8295], [-122.8792, 41.8293], [-122.8792, 41.8277], [-122.8777, 41.8272], [-122.8775, 41.8307], [-122.8789, 41.8301], [-122.8793, 41.8309], [-122.88, 41.8306], [-122.8818, 41.8311], [-122.8811, 41.8317]], [[-122.8832, 41.8303], [-122.8829, 41.8306], [-122.8829, 41.8303], [-122.8832, 41.8303]]], [[[-122.9195, 41.8267], [-122.9195, 41.8262], [-122.9184, 41.8262], [-122.9185, 41.8268], [-122.9195, 41.8267]]], [[[-122.9202, 41.8265], [-122.921, 41.8262], [-122.9202, 41.8262], [-122.9202, 41.8265]]], [[[-122.9174, 41.8265], [-122.9177, 41.8262], [-122.9173, 41.8262], [-122.9174, 41.8265]]], [[[-122.8993, 41.8269], [-122.8997, 41.8267], [-122.8993, 41.8267], [-122.8993, 41.8269]]], [[[-122.9163, 41.8263], [-122.9166, 41.826], [-122.9163, 41.826], [-122.9163, 41.8263]]], [[[-122.9155, 41.8263], [-122.9159, 41.826], [-122.9155, 41.826], [-122.9155, 41.8263]]], [[[-122.9004, 41.8266], [-122.9008, 41.8264], [-122.9004, 41.8264], [-122.9004, 41.8266]]], [[[-122.8892, 41.8269], [-122.8896, 41.8266], [-122.8892, 41.8266], [-122.8892, 41.8269]]], [[[-122.8773, 41.8272], [-122.8777, 41.8269], [-122.8773, 41.8269], [-122.8773, 41.8272]]], [[[-122.8912, 41.8296], [-122.8914, 41.8279], [-122.8904, 41.828], [-122.8903, 41.8274], [-122.8893, 41.8272], [-122.8892, 41.8269], [-122.8885, 41.8264], [-122.8864, 41.827], [-122.8882, 41.8272], [-122.8893, 41.8285], [-122.89, 41.8282], [-122.8897, 41.8291], [-122.8908, 41.829], [-122.8912, 41.8296]], [[-122.8911, 41.8287], [-122.8908, 41.829], [-122.8908, 41.8288], [-122.8911, 41.8287]], [[-122.8907, 41.8285], [-122.8904, 41.8288], [-122.8904, 41.8285], [-122.8907, 41.8285]]], [[[-122.9231, 41.8261], [-122.9235, 41.8256], [-122.9231, 41.8256], [-122.9231, 41.8261]]], [[[-122.8788, 41.8271], [-122.8791, 41.8266], [-122.8788, 41.8266], [-122.8788, 41.8271]]], [[[-122.922, 41.8259], [-122.9224, 41.8256], [-122.922, 41.8256], [-122.922, 41.8259]]], [[[-122.8831, 41.8268], [-122.8835, 41.8265], [-122.8831, 41.8265], [-122.8831, 41.8268]]], [[[-122.8781, 41.8269], [-122.8784, 41.8266], [-122.878, 41.8266], [-122.8781, 41.8269]]], [[[-122.9102, 41.827], [-122.9116, 41.8264], [-122.9105, 41.8256], [-122.9102, 41.827]]], [[[-122.8914, 41.8271], [-122.8914, 41.826], [-122.891, 41.826], [-122.8907, 41.8269], [-122.8914, 41.8271]]], [[[-122.8968, 41.8273], [-122.8979, 41.8264], [-122.8975, 41.8259], [-122.8964, 41.8259], [-122.8968, 41.8273]]], [[[-122.9248, 41.8318], [-122.9244, 41.8307], [-122.9258, 41.8301], [-122.9265, 41.8306], [-122.928, 41.8298], [-122.9275, 41.8287], [-122.925, 41.8282], [-122.9256, 41.8252], [-122.9231, 41.8264], [-122.9242, 41.8266], [-122.9249, 41.8261], [-122.9249, 41.8269], [-122.9228, 41.8272], [-122.9228, 41.8277], [-122.9243, 41.828], [-122.9229, 41.8299], [-122.9233, 41.8304], [-122.9207, 41.8294], [-122.9212, 41.831], [-122.9237, 41.8307], [-122.9241, 41.8318], [-122.9248, 41.8318]], [[-122.9257, 41.8288], [-122.9254, 41.829], [-122.9254, 41.8288], [-122.9257, 41.8288]], [[-122.925, 41.8288], [-122.9247, 41.8291], [-122.9247, 41.8288], [-122.925, 41.8288]], [[-122.9247, 41.8285], [-122.9243, 41.8288], [-122.9243, 41.8285], [-122.9247, 41.8285]], [[-122.925, 41.8272], [-122.9246, 41.8274], [-122.9246, 41.8272], [-122.925, 41.8272]]], [[[-122.8885, 41.8264], [-122.8888, 41.8261], [-122.8885, 41.8261], [-122.8885, 41.8264]]], [[[-122.8791, 41.8266], [-122.8795, 41.8263], [-122.8791, 41.8263], [-122.8791, 41.8266]]], [[[-122.8983, 41.827], [-122.899, 41.8264], [-122.8996, 41.8256], [-122.8982, 41.8259], [-122.8983, 41.827]]], [[[-122.8896, 41.8266], [-122.891, 41.8258], [-122.8892, 41.8258], [-122.8896, 41.8266]]], [[[-122.8784, 41.8263], [-122.8787, 41.8261], [-122.8784, 41.8261], [-122.8784, 41.8263]]], [[[-122.8744, 41.8262], [-122.8748, 41.8264], [-122.8751, 41.8261], [-122.8744, 41.8262]]], [[[-122.8817, 41.8284], [-122.8813, 41.8279], [-122.8831, 41.8278], [-122.8823, 41.826], [-122.8813, 41.8265], [-122.8802, 41.8257], [-122.8791, 41.8258], [-122.8802, 41.8266], [-122.8799, 41.8274], [-122.8813, 41.8271], [-122.881, 41.8284], [-122.8817, 41.8284]], [[-122.8809, 41.8265], [-122.8806, 41.8268], [-122.8806, 41.8266], [-122.8809, 41.8265]]], [[[-122.8766, 41.8264], [-122.8769, 41.8258], [-122.8766, 41.8258], [-122.8766, 41.8264]]], [[[-122.877, 41.8285], [-122.877, 41.8266], [-122.8759, 41.8269], [-122.8762, 41.8264], [-122.8759, 41.8258], [-122.8759, 41.8261], [-122.8748, 41.8267], [-122.8749, 41.828], [-122.877, 41.8285]], [[-122.8767, 41.828], [-122.8763, 41.8283], [-122.8763, 41.828], [-122.8767, 41.828]]], [[[-122.9472, 41.8245], [-122.9479, 41.8242], [-122.9472, 41.8242], [-122.9472, 41.8245]]], [[[-122.9241, 41.825], [-122.9245, 41.8247], [-122.9241, 41.8247], [-122.9241, 41.825]]], [[[-122.9213, 41.8251], [-122.9216, 41.8248], [-122.9213, 41.8248], [-122.9213, 41.8251]]], [[[-122.9151, 41.8252], [-122.9155, 41.8249], [-122.9151, 41.8249], [-122.9151, 41.8252]]], [[[-122.878, 41.8266], [-122.878, 41.8261], [-122.8784, 41.8258], [-122.877, 41.8264], [-122.878, 41.8266]]], [[[-122.8751, 41.8261], [-122.8755, 41.8259], [-122.8751, 41.8259], [-122.8751, 41.8261]]], [[[-122.9122, 41.8247], [-122.9126, 41.825], [-122.913, 41.8247], [-122.9122, 41.8247]]], [[[-122.8892, 41.8255], [-122.8895, 41.8253], [-122.8892, 41.8253], [-122.8892, 41.8255]]], [[[-122.8816, 41.8257], [-122.882, 41.8254], [-122.8816, 41.8254], [-122.8816, 41.8257]]], [[[-122.8784, 41.8258], [-122.8787, 41.8255], [-122.8784, 41.8255], [-122.8784, 41.8258]]], [[[-122.8773, 41.8258], [-122.8776, 41.8255], [-122.8773, 41.8255], [-122.8773, 41.8258]]], [[[-122.8737, 41.8259], [-122.874, 41.8256], [-122.8737, 41.8256], [-122.8737, 41.8259]]], [[[-122.9205, 41.8251], [-122.9209, 41.8243], [-122.9205, 41.8243], [-122.9205, 41.8251]]], [[[-122.8593, 41.8262], [-122.8593, 41.8257], [-122.8585, 41.8257], [-122.8585, 41.826], [-122.8593, 41.8262]]], [[[-122.9508, 41.8238], [-122.9511, 41.8236], [-122.9508, 41.8236], [-122.9508, 41.8238]]], [[[-122.9238, 41.8245], [-122.9241, 41.8242], [-122.9238, 41.8242], [-122.9238, 41.8245]]], [[[-122.9212, 41.8245], [-122.9216, 41.8243], [-122.9212, 41.8243], [-122.9212, 41.8245]]], [[[-122.8881, 41.8253], [-122.8884, 41.825], [-122.8881, 41.825], [-122.8881, 41.8253]]], [[[-122.8802, 41.8255], [-122.8805, 41.8252], [-122.8802, 41.8252], [-122.8802, 41.8255]]], [[[-122.873, 41.8256], [-122.8733, 41.8254], [-122.8729, 41.8254], [-122.873, 41.8256]]], [[[-122.891, 41.8258], [-122.8913, 41.8247], [-122.891, 41.8247], [-122.891, 41.8258]]], [[[-122.878, 41.8255], [-122.8783, 41.825], [-122.878, 41.825], [-122.878, 41.8255]]], [[[-122.8773, 41.8255], [-122.8773, 41.825], [-122.8765, 41.825], [-122.8766, 41.8253], [-122.8773, 41.8255]]], [[[-122.9209, 41.8243], [-122.9212, 41.824], [-122.9209, 41.824], [-122.9209, 41.8243]]], [[[-122.8877, 41.825], [-122.8881, 41.8248], [-122.8877, 41.8248], [-122.8877, 41.825]]], [[[-122.8794, 41.8252], [-122.8798, 41.8249], [-122.8794, 41.825], [-122.8794, 41.8252]]], [[[-122.8726, 41.8254], [-122.8729, 41.8251], [-122.8726, 41.8251], [-122.8726, 41.8254]]], [[[-122.8517, 41.8259], [-122.852, 41.8256], [-122.8517, 41.8256], [-122.8517, 41.8259]]], [[[-122.9115, 41.8248], [-122.9115, 41.8242], [-122.9108, 41.824], [-122.9108, 41.8245], [-122.9115, 41.8248]]], [[[-122.9486, 41.8242], [-122.9486, 41.8236], [-122.949, 41.8231], [-122.9479, 41.8236], [-122.9486, 41.8242]]], [[[-122.8823, 41.8249], [-122.883, 41.8246], [-122.8823, 41.8246], [-122.8823, 41.8249]]], [[[-122.874, 41.8248], [-122.8744, 41.8251], [-122.8747, 41.8248], [-122.874, 41.8248]]], [[[-122.8733, 41.8251], [-122.8736, 41.8248], [-122.8733, 41.8248], [-122.8733, 41.8251]]], [[[-122.8477, 41.8254], [-122.8481, 41.8257], [-122.8484, 41.8254], [-122.8477, 41.8254]]], [[[-122.9285, 41.8257], [-122.9288, 41.8238], [-122.927, 41.8233], [-122.9241, 41.8237], [-122.9249, 41.825], [-122.926, 41.825], [-122.9271, 41.8258], [-122.9285, 41.8257]], [[-122.9263, 41.825], [-122.9256, 41.8242], [-122.927, 41.8239], [-122.927, 41.8244], [-122.9263, 41.825]]], [[[-122.9201, 41.824], [-122.9198, 41.8235], [-122.919, 41.8235], [-122.9194, 41.824], [-122.9201, 41.824]]], [[[-122.9165, 41.8241], [-122.9172, 41.8235], [-122.9169, 41.8236], [-122.9165, 41.8241]]], [[[-122.8873, 41.8245], [-122.8877, 41.8242], [-122.8873, 41.8242], [-122.8873, 41.8245]]], [[[-122.8409, 41.8256], [-122.8412, 41.8253], [-122.8408, 41.8253], [-122.8409, 41.8256]]], [[[-122.8401, 41.8256], [-122.8405, 41.8253], [-122.8401, 41.8253], [-122.8401, 41.8256]]], [[[-122.8113, 41.8262], [-122.8117, 41.8259], [-122.8113, 41.8259], [-122.8113, 41.8262]]], [[[-122.8448, 41.8257], [-122.8448, 41.8252], [-122.8441, 41.8249], [-122.8441, 41.8255], [-122.8448, 41.8257]]], [[[-122.9248, 41.8234], [-122.9252, 41.8231], [-122.9248, 41.8231], [-122.9248, 41.8234]]], [[[-122.888, 41.8242], [-122.8884, 41.8239], [-122.888, 41.8239], [-122.888, 41.8242]]], [[[-122.879, 41.8244], [-122.8794, 41.8241], [-122.879, 41.8242], [-122.879, 41.8244]]], [[[-122.8776, 41.8245], [-122.8779, 41.8242], [-122.8776, 41.8242], [-122.8776, 41.8245]]], [[[-122.8448, 41.8252], [-122.8452, 41.8249], [-122.8448, 41.8249], [-122.8448, 41.8252]]], [[[-122.8405, 41.8253], [-122.8408, 41.825], [-122.8405, 41.825], [-122.8405, 41.8253]]], [[[-122.8466, 41.8254], [-122.8469, 41.8246], [-122.8466, 41.8246], [-122.8466, 41.8254]]], [[[-122.8903, 41.8252], [-122.8909, 41.8244], [-122.8902, 41.8236], [-122.8881, 41.8245], [-122.8903, 41.8252]], [[-122.8899, 41.8244], [-122.8895, 41.8247], [-122.8895, 41.8245], [-122.8899, 41.8244]], [[-122.8902, 41.8239], [-122.8899, 41.8242], [-122.8898, 41.8239], [-122.8902, 41.8239]]], [[[-122.8877, 41.824], [-122.888, 41.8234], [-122.8877, 41.8234], [-122.8877, 41.824]]], [[[-122.9288, 41.823], [-122.9287, 41.8222], [-122.928, 41.8222], [-122.9277, 41.823], [-122.9288, 41.823]]], [[[-122.8909, 41.8236], [-122.8909, 41.8231], [-122.8902, 41.8231], [-122.8902, 41.8234], [-122.8909, 41.8236]]], [[[-122.8895, 41.8234], [-122.8898, 41.8231], [-122.8894, 41.8231], [-122.8895, 41.8234]]], [[[-122.8855, 41.8235], [-122.8858, 41.8232], [-122.8855, 41.8232], [-122.8855, 41.8235]]], [[[-122.9277, 41.8228], [-122.9269, 41.822], [-122.9247, 41.822], [-122.9248, 41.8226], [-122.9277, 41.8228]]], [[[-122.9223, 41.8245], [-122.9237, 41.8239], [-122.9237, 41.8234], [-122.9223, 41.8234], [-122.9222, 41.8223], [-122.9233, 41.8229], [-122.9229, 41.8221], [-122.9215, 41.8221], [-122.9208, 41.8232], [-122.9223, 41.8245]], [[-122.9219, 41.8229], [-122.9215, 41.8232], [-122.9215, 41.8229], [-122.9219, 41.8229]]], [[[-122.91, 41.8232], [-122.9103, 41.8224], [-122.91, 41.8224], [-122.91, 41.8232]]], [[[-122.879, 41.8242], [-122.8797, 41.8239], [-122.8797, 41.8231], [-122.8786, 41.8236], [-122.879, 41.8242]]], [[[-122.9626, 41.8214], [-122.9629, 41.8211], [-122.9626, 41.8211], [-122.9626, 41.8214]]], [[[-122.9388, 41.822], [-122.9395, 41.8219], [-122.9399, 41.8217], [-122.9388, 41.822]]], [[[-122.9276, 41.8222], [-122.928, 41.8219], [-122.9276, 41.822], [-122.9276, 41.8222]]], [[[-122.9233, 41.8223], [-122.9244, 41.822], [-122.9233, 41.8221], [-122.9233, 41.8223]]], [[[-122.9152, 41.8266], [-122.9148, 41.8255], [-122.9151, 41.8236], [-122.9155, 41.8249], [-122.9173, 41.8252], [-122.9166, 41.826], [-122.9177, 41.826], [-122.9177, 41.8257], [-122.918, 41.8257], [-122.918, 41.8254], [-122.9184, 41.8254], [-122.9184, 41.826], [-122.9202, 41.8262], [-122.922, 41.8253], [-122.9238, 41.8253], [-122.9238, 41.8247], [-122.922, 41.8248], [-122.9216, 41.8253], [-122.9206, 41.8256], [-122.9205, 41.8251], [-122.9195, 41.8248], [-122.9198, 41.8243], [-122.9187, 41.8241], [-122.9183, 41.8232], [-122.9173, 41.8241], [-122.9176, 41.8246], [-122.9166, 41.8249], [-122.9165, 41.8241], [-122.9158, 41.8241], [-122.9161, 41.8233], [-122.915, 41.8228], [-122.9161, 41.8219], [-122.9125, 41.822], [-122.9118, 41.8239], [-122.9137, 41.8247], [-122.9134, 41.8258], [-122.9152, 41.8266]], [[-122.9198, 41.8251], [-122.9195, 41.8254], [-122.9195, 41.8251], [-122.9198, 41.8251]], [[-122.9187, 41.8251], [-122.9184, 41.8254], [-122.9184, 41.8251], [-122.9187, 41.8251]], [[-122.9147, 41.8236], [-122.914, 41.8242], [-122.914, 41.8236], [-122.9147, 41.8236]], [[-122.914, 41.8233], [-122.9136, 41.8236], [-122.9136, 41.8234], [-122.914, 41.8233]], [[-122.9129, 41.8234], [-122.9126, 41.8237], [-122.9125, 41.8234], [-122.9129, 41.8234]], [[-122.9151, 41.8231], [-122.9147, 41.8233], [-122.9147, 41.8231], [-122.9151, 41.8231]], [[-122.9143, 41.8228], [-122.9133, 41.8231], [-122.9132, 41.8228], [-122.9143, 41.8228]]], [[[-122.9637, 41.8211], [-122.964, 41.8208], [-122.9636, 41.8208], [-122.9637, 41.8211]]], [[[-122.9619, 41.8212], [-122.9622, 41.8209], [-122.9618, 41.8209], [-122.9619, 41.8212]]], [[[-122.8884, 41.8229], [-122.8887, 41.8226], [-122.8883, 41.8226], [-122.8884, 41.8229]]], [[[-122.9302, 41.8222], [-122.9298, 41.8214], [-122.9287, 41.8217], [-122.9291, 41.8222], [-122.9302, 41.8222]]], [[[-122.9301, 41.8216], [-122.9305, 41.8213], [-122.9301, 41.8214], [-122.9301, 41.8216]]], [[[-122.8772, 41.8228], [-122.8779, 41.8226], [-122.8772, 41.8226], [-122.8772, 41.8228]]], [[[-122.8846, 41.8273], [-122.8852, 41.8259], [-122.8863, 41.8259], [-122.8863, 41.8267], [-122.8885, 41.8261], [-122.8881, 41.8253], [-122.8874, 41.8253], [-122.8873, 41.8245], [-122.8866, 41.8242], [-122.8869, 41.8229], [-122.8862, 41.8229], [-122.8862, 41.8243], [-122.8852, 41.8246], [-122.8855, 41.8237], [-122.8844, 41.8235], [-122.8844, 41.8224], [-122.8818, 41.8222], [-122.8808, 41.8236], [-122.8812, 41.8241], [-122.883, 41.8241], [-122.8834, 41.8251], [-122.8841, 41.8251], [-122.8845, 41.8265], [-122.8838, 41.8273], [-122.8846, 41.8273]], [[-122.8874, 41.8259], [-122.887, 41.8261], [-122.887, 41.8259], [-122.8874, 41.8259]], [[-122.8867, 41.8253], [-122.8863, 41.8256], [-122.8863, 41.8253], [-122.8867, 41.8253]], [[-122.8836, 41.8224], [-122.8829, 41.823], [-122.8829, 41.8224], [-122.8836, 41.8224]]], [[[-122.9651, 41.8205], [-122.9654, 41.8203], [-122.9651, 41.8203], [-122.9651, 41.8205]]], [[[-122.9287, 41.8214], [-122.929, 41.8211], [-122.9287, 41.8211], [-122.9287, 41.8214]]], [[[-122.9099, 41.8215], [-122.9103, 41.8218], [-122.9107, 41.8215], [-122.9099, 41.8215]]], [[[-122.8988, 41.8221], [-122.8991, 41.8218], [-122.8988, 41.8218], [-122.8988, 41.8221]]], [[[-122.8894, 41.8223], [-122.8898, 41.822], [-122.8894, 41.822], [-122.8894, 41.8223]]], [[[-122.8873, 41.8223], [-122.8876, 41.8221], [-122.8872, 41.8221], [-122.8873, 41.8223]]], [[[-122.7114, 41.8262], [-122.7118, 41.826], [-122.7114, 41.826], [-122.7114, 41.8262]]], [[[-122.9356, 41.822], [-122.9359, 41.8207], [-122.9348, 41.8212], [-122.9341, 41.8207], [-122.933, 41.8207], [-122.933, 41.8213], [-122.9312, 41.8211], [-122.9323, 41.8221], [-122.9341, 41.8215], [-122.9356, 41.822]], [[-122.933, 41.8216], [-122.9327, 41.8218], [-122.9327, 41.8216], [-122.933, 41.8216]]], [[[-122.8909, 41.8223], [-122.8916, 41.8217], [-122.8912, 41.8217], [-122.8909, 41.8223]]], [[[-122.8761, 41.8223], [-122.8764, 41.822], [-122.8761, 41.8221], [-122.8761, 41.8223]]], [[[-122.9053, 41.8219], [-122.9031, 41.8212], [-122.9024, 41.8217], [-122.9009, 41.8215], [-122.9017, 41.822], [-122.9053, 41.8219]]], [[[-122.9341, 41.8207], [-122.9348, 41.8204], [-122.9341, 41.8204], [-122.9341, 41.8207]]], [[[-122.9622, 41.8209], [-122.9647, 41.8205], [-122.9647, 41.8197], [-122.9636, 41.8203], [-122.9636, 41.8198], [-122.9622, 41.8195], [-122.9622, 41.8209]]], [[[-122.7099, 41.8257], [-122.7103, 41.8252], [-122.7099, 41.8252], [-122.7099, 41.8257]]], [[[-122.9013, 41.8212], [-122.9016, 41.8209], [-122.9013, 41.8209], [-122.9013, 41.8212]]], [[[-122.8951, 41.8213], [-122.8955, 41.8211], [-122.8951, 41.8211], [-122.8951, 41.8213]]], [[[-122.8472, 41.8224], [-122.8479, 41.8221], [-122.8472, 41.8222], [-122.8472, 41.8224]]], [[[-122.9121, 41.821], [-122.9124, 41.8204], [-122.9121, 41.8204], [-122.9121, 41.821]]], [[[-122.8919, 41.8212], [-122.893, 41.8214], [-122.893, 41.8209], [-122.8919, 41.8212]]], [[[-122.9632, 41.8195], [-122.9639, 41.8192], [-122.9632, 41.8192], [-122.9632, 41.8195]]], [[[-122.8999, 41.8218], [-122.9009, 41.8209], [-122.8991, 41.8213], [-122.8994, 41.8204], [-122.8984, 41.8205], [-122.898, 41.8216], [-122.8999, 41.8218]], [[-122.8987, 41.821], [-122.8984, 41.8213], [-122.8984, 41.821], [-122.8987, 41.821]]], [[[-122.9009, 41.8207], [-122.9012, 41.8204], [-122.9009, 41.8204], [-122.9009, 41.8207]]], [[[-122.9654, 41.8189], [-122.9657, 41.8186], [-122.9654, 41.8186], [-122.9654, 41.8189]]], [[[-122.8976, 41.8205], [-122.898, 41.8202], [-122.8976, 41.8202], [-122.8976, 41.8205]]], [[[-122.9301, 41.8208], [-122.9294, 41.8203], [-122.9297, 41.8192], [-122.929, 41.8192], [-122.9287, 41.8206], [-122.9301, 41.8208]], [[-122.9293, 41.8195], [-122.929, 41.8198], [-122.929, 41.8195], [-122.9293, 41.8195]]], [[[-122.7103, 41.8249], [-122.7102, 41.8241], [-122.7099, 41.8241], [-122.7095, 41.8247], [-122.7103, 41.8249]]], [[[-122.9647, 41.8195], [-122.9654, 41.8189], [-122.965, 41.8189], [-122.9653, 41.8184], [-122.9646, 41.8184], [-122.9647, 41.8195]]], [[[-122.9639, 41.8187], [-122.9643, 41.8184], [-122.9639, 41.8184], [-122.9639, 41.8187]]], [[[-122.9632, 41.8187], [-122.9635, 41.8184], [-122.9632, 41.8184], [-122.9632, 41.8187]]], [[[-122.9012, 41.8201], [-122.9016, 41.8198], [-122.9012, 41.8199], [-122.9012, 41.8201]]], [[[-122.7074, 41.8244], [-122.7077, 41.8242], [-122.7074, 41.8242], [-122.7074, 41.8244]]], [[[-122.6994, 41.8246], [-122.6998, 41.8243], [-122.6994, 41.8243], [-122.6994, 41.8246]]], [[[-122.8955, 41.8203], [-122.8958, 41.8197], [-122.8954, 41.8197], [-122.8955, 41.8203]]], [[[-122.8973, 41.8221], [-122.8962, 41.8211], [-122.8977, 41.8213], [-122.898, 41.8207], [-122.8976, 41.8205], [-122.8948, 41.8205], [-122.8951, 41.82], [-122.8944, 41.8197], [-122.8941, 41.8214], [-122.8926, 41.8219], [-122.8973, 41.8221]], [[-122.8959, 41.8219], [-122.8948, 41.8219], [-122.8944, 41.8214], [-122.8955, 41.8208], [-122.8959, 41.8219]]], [[[-122.9628, 41.8184], [-122.9632, 41.8181], [-122.9628, 41.8182], [-122.9628, 41.8184]]], [[[-122.9052, 41.8198], [-122.9055, 41.8195], [-122.9052, 41.8195], [-122.9052, 41.8198]]], [[[-122.9001, 41.8199], [-122.9005, 41.8196], [-122.9001, 41.8196], [-122.9001, 41.8199]]], [[[-122.8998, 41.8196], [-122.9001, 41.8193], [-122.8998, 41.8193], [-122.8998, 41.8196]]], [[[-122.8947, 41.8197], [-122.8951, 41.8195], [-122.8947, 41.8195], [-122.8947, 41.8197]]], [[[-122.7037, 41.824], [-122.7041, 41.8234], [-122.7037, 41.8234], [-122.7037, 41.824]]], [[[-122.7149, 41.8235], [-122.7153, 41.8232], [-122.7149, 41.8232], [-122.7149, 41.8235]]], [[[-122.7099, 41.8236], [-122.7106, 41.823], [-122.7098, 41.823], [-122.7099, 41.8236]]], [[[-122.966, 41.8175], [-122.9664, 41.8173], [-122.966, 41.8173], [-122.966, 41.8175]]], [[[-122.8943, 41.8192], [-122.8947, 41.8189], [-122.8943, 41.8189], [-122.8943, 41.8192]]], [[[-122.8713, 41.8197], [-122.8716, 41.8194], [-122.8713, 41.8195], [-122.8713, 41.8197]]], [[[-122.9124, 41.8193], [-122.9123, 41.8185], [-122.9098, 41.8183], [-122.9098, 41.8188], [-122.9124, 41.8193]]], [[[-122.8915, 41.8193], [-122.8918, 41.8187], [-122.8914, 41.8187], [-122.8915, 41.8193]]], [[[-122.7012, 41.8235], [-122.7015, 41.8229], [-122.7012, 41.8229], [-122.7012, 41.8235]]], [[[-122.903, 41.8185], [-122.9033, 41.8187], [-122.9037, 41.8184], [-122.903, 41.8185]]], [[[-122.8929, 41.819], [-122.8932, 41.8187], [-122.8929, 41.8187], [-122.8929, 41.819]]], [[[-122.7109, 41.823], [-122.7113, 41.8227], [-122.7109, 41.8227], [-122.7109, 41.823]]], [[[-122.7062, 41.8231], [-122.7069, 41.8228], [-122.7062, 41.8228], [-122.7062, 41.8231]]], [[[-122.7019, 41.8229], [-122.7027, 41.8237], [-122.7033, 41.8229], [-122.7019, 41.8229]]], [[[-122.9657, 41.8173], [-122.966, 41.8167], [-122.9656, 41.8167], [-122.9657, 41.8173]]], [[[-122.9026, 41.8185], [-122.903, 41.8182], [-122.9026, 41.8182], [-122.9026, 41.8185]]], [[[-122.8932, 41.8187], [-122.8936, 41.8184], [-122.8932, 41.8184], [-122.8932, 41.8187]]], [[[-122.8597, 41.8194], [-122.8601, 41.8192], [-122.8597, 41.8192], [-122.8597, 41.8194]]], [[[-122.8586, 41.8195], [-122.859, 41.8192], [-122.8586, 41.8192], [-122.8586, 41.8195]]], [[[-122.8994, 41.8196], [-122.8987, 41.8194], [-122.8994, 41.8191], [-122.899, 41.8186], [-122.8965, 41.8186], [-122.895, 41.8181], [-122.8951, 41.8192], [-122.8969, 41.8191], [-122.8994, 41.8196]], [[-122.8983, 41.8188], [-122.8979, 41.8191], [-122.8979, 41.8188], [-122.8983, 41.8188]], [[-122.8972, 41.8189], [-122.8969, 41.8191], [-122.8968, 41.8189], [-122.8972, 41.8189]]], [[[-122.7033, 41.8229], [-122.7037, 41.8223], [-122.7033, 41.8224], [-122.7033, 41.8229]]], [[[-122.9022, 41.8182], [-122.9026, 41.8179], [-122.9022, 41.8179], [-122.9022, 41.8182]]], [[[-122.8965, 41.8183], [-122.8968, 41.8181], [-122.8965, 41.8181], [-122.8965, 41.8183]]], [[[-122.8918, 41.8184], [-122.8921, 41.8179], [-122.8918, 41.8179], [-122.8918, 41.8184]]], [[[-122.7981, 41.8206], [-122.7988, 41.8203], [-122.7981, 41.82], [-122.7981, 41.8206]]], [[[-122.7141, 41.8224], [-122.7145, 41.8218], [-122.7141, 41.8218], [-122.7141, 41.8224]]], [[[-122.9026, 41.8179], [-122.9029, 41.8176], [-122.9026, 41.8177], [-122.9026, 41.8179]]], [[[-122.8929, 41.8182], [-122.8932, 41.8179], [-122.8928, 41.8179], [-122.8929, 41.8182]]], [[[-122.8107, 41.82], [-122.8111, 41.8197], [-122.8107, 41.8197], [-122.8107, 41.82]]], [[[-122.81, 41.82], [-122.8103, 41.8197], [-122.81, 41.8198], [-122.81, 41.82]]], [[[-122.7992, 41.8203], [-122.7995, 41.82], [-122.7992, 41.82], [-122.7992, 41.8203]]], [[[-122.7051, 41.8223], [-122.7055, 41.822], [-122.7051, 41.822], [-122.7051, 41.8223]]], [[[-122.7105, 41.8227], [-122.7101, 41.8217], [-122.7098, 41.8217], [-122.7095, 41.8228], [-122.7105, 41.8227]]], [[[-122.6972, 41.8225], [-122.6979, 41.8219], [-122.6972, 41.8219], [-122.6972, 41.8225]]], [[[-122.9303, 41.817], [-122.931, 41.8167], [-122.9303, 41.8167], [-122.9303, 41.817]]], [[[-122.9304, 41.8192], [-122.9307, 41.8173], [-122.9303, 41.8173], [-122.9303, 41.817], [-122.93, 41.817], [-122.9293, 41.8176], [-122.9296, 41.8168], [-122.9289, 41.8168], [-122.9289, 41.8184], [-122.9304, 41.8192]]], [[[-122.9011, 41.8177], [-122.9015, 41.8174], [-122.9011, 41.8174], [-122.9011, 41.8177]]], [[[-122.8096, 41.8198], [-122.81, 41.8195], [-122.8096, 41.8195], [-122.8096, 41.8198]]], [[[-122.7988, 41.82], [-122.7991, 41.8197], [-122.7988, 41.8197], [-122.7988, 41.82]]], [[[-122.9117, 41.8204], [-122.9124, 41.8199], [-122.9117, 41.8193], [-122.9106, 41.8196], [-122.9098, 41.8191], [-122.9088, 41.8197], [-122.9087, 41.8175], [-122.9094, 41.8183], [-122.9094, 41.817], [-122.9087, 41.817], [-122.9076, 41.8178], [-122.9081, 41.82], [-122.911, 41.8199], [-122.9117, 41.8204]]], [[[-122.9098, 41.8178], [-122.9101, 41.8169], [-122.9098, 41.817], [-122.9098, 41.8178]]], [[[-122.9649, 41.8159], [-122.9652, 41.8157], [-122.9649, 41.8157], [-122.9649, 41.8159]]], [[[-122.9008, 41.8174], [-122.9011, 41.8171], [-122.9007, 41.8172], [-122.9008, 41.8174]]], [[[-122.8997, 41.8175], [-122.9, 41.8172], [-122.8997, 41.8172], [-122.8997, 41.8175]]], [[[-122.8943, 41.8178], [-122.8953, 41.8173], [-122.8939, 41.8173], [-122.8943, 41.8178]]], [[[-122.855, 41.8185], [-122.8553, 41.8182], [-122.855, 41.8182], [-122.855, 41.8185]]], [[[-122.8503, 41.8186], [-122.8507, 41.8183], [-122.8503, 41.8183], [-122.8503, 41.8186]]], [[[-122.8085, 41.8195], [-122.8089, 41.8192], [-122.8085, 41.8192], [-122.8085, 41.8195]]], [[[-122.6986, 41.8219], [-122.699, 41.8216], [-122.6986, 41.8216], [-122.6986, 41.8219]]], [[[-122.9646, 41.8181], [-122.9653, 41.8173], [-122.9638, 41.8154], [-122.9631, 41.8168], [-122.9639, 41.8176], [-122.9631, 41.8173], [-122.9632, 41.8179], [-122.9646, 41.8181]], [[-122.9646, 41.817], [-122.9642, 41.8173], [-122.9642, 41.817], [-122.9646, 41.817]]], [[[-122.8636, 41.8183], [-122.8643, 41.8177], [-122.864, 41.8177], [-122.8636, 41.8183]]], [[[-122.7033, 41.8221], [-122.704, 41.8218], [-122.7036, 41.8213], [-122.7029, 41.8215], [-122.7033, 41.8221]]], [[[-122.966, 41.8156], [-122.9656, 41.8151], [-122.9649, 41.8151], [-122.9652, 41.8157], [-122.966, 41.8156]]], [[[-122.8953, 41.8173], [-122.896, 41.8167], [-122.8957, 41.8167], [-122.8953, 41.8173]]], [[[-122.8107, 41.8197], [-122.8114, 41.8192], [-122.811, 41.8186], [-122.8099, 41.8189], [-122.8107, 41.8197]]], [[[-122.6986, 41.8216], [-122.6982, 41.8211], [-122.6975, 41.8214], [-122.6975, 41.8217], [-122.6986, 41.8216]]], [[[-122.9097, 41.8167], [-122.9101, 41.8164], [-122.9097, 41.8164], [-122.9097, 41.8167]]], [[[-122.9076, 41.8167], [-122.9079, 41.8165], [-122.9076, 41.8165], [-122.9076, 41.8167]]], [[[-122.8928, 41.8171], [-122.8932, 41.8168], [-122.8928, 41.8168], [-122.8928, 41.8171]]], [[[-122.7015, 41.8213], [-122.7018, 41.821], [-122.7015, 41.821], [-122.7015, 41.8213]]], [[[-122.9671, 41.8164], [-122.9667, 41.8154], [-122.9678, 41.8156], [-122.9674, 41.8148], [-122.9663, 41.8151], [-122.9664, 41.8164], [-122.9671, 41.8164]]], [[[-122.8665, 41.8174], [-122.8668, 41.8171], [-122.8665, 41.8171], [-122.8665, 41.8174]]], [[[-122.851, 41.8177], [-122.8514, 41.8175], [-122.851, 41.8175], [-122.851, 41.8177]]], [[[-122.8114, 41.8184], [-122.8117, 41.8186], [-122.8121, 41.8184], [-122.8114, 41.8184]]], [[[-122.7137, 41.8208], [-122.7141, 41.8205], [-122.7137, 41.8205], [-122.7137, 41.8208]]], [[[-122.7018, 41.821], [-122.7022, 41.8208], [-122.7018, 41.8208], [-122.7018, 41.821]]], [[[-122.8971, 41.8167], [-122.8967, 41.8162], [-122.896, 41.8162], [-122.896, 41.8167], [-122.8971, 41.8167]]], [[[-122.9432, 41.8154], [-122.9436, 41.8151], [-122.9432, 41.8151], [-122.9432, 41.8154]]], [[[-122.9306, 41.8157], [-122.931, 41.8154], [-122.9306, 41.8154], [-122.9306, 41.8157]]], [[[-122.8993, 41.8169], [-122.8996, 41.8161], [-122.8978, 41.8161], [-122.8978, 41.8164], [-122.8982, 41.8164], [-122.8982, 41.8167], [-122.8986, 41.8167], [-122.8986, 41.8169], [-122.8993, 41.8169]], [[-122.8989, 41.8164], [-122.8986, 41.8167], [-122.8986, 41.8164], [-122.8989, 41.8164]]], [[[-122.8921, 41.8176], [-122.8921, 41.8168], [-122.8931, 41.8162], [-122.8924, 41.8165], [-122.8913, 41.8163], [-122.8914, 41.8176], [-122.8921, 41.8176]]], [[[-122.8683, 41.8171], [-122.869, 41.8165], [-122.8686, 41.8165], [-122.8683, 41.8171]]], [[[-122.8658, 41.8171], [-122.8665, 41.8169], [-122.8657, 41.8166], [-122.8658, 41.8171]]], [[[-122.9411, 41.8151], [-122.9414, 41.8149], [-122.941, 41.8149], [-122.9411, 41.8151]]], [[[-122.8704, 41.8168], [-122.8711, 41.8165], [-122.8704, 41.8165], [-122.8704, 41.8168]]], [[[-122.8077, 41.8182], [-122.8081, 41.8179], [-122.8077, 41.8179], [-122.8077, 41.8182]]], [[[-122.709, 41.8203], [-122.7094, 41.8201], [-122.709, 41.8201], [-122.709, 41.8203]]], [[[-122.7029, 41.8202], [-122.7033, 41.8205], [-122.7036, 41.8202], [-122.7029, 41.8202]]], [[[-122.7152, 41.8207], [-122.7151, 41.8197], [-122.7144, 41.8197], [-122.7141, 41.8202], [-122.7152, 41.8207]]], [[[-122.94, 41.8149], [-122.9403, 41.8146], [-122.94, 41.8146], [-122.94, 41.8149]]], [[[-122.9389, 41.8149], [-122.9396, 41.8146], [-122.9389, 41.8147], [-122.9389, 41.8149]]], [[[-122.8683, 41.8165], [-122.8686, 41.8163], [-122.8683, 41.8163], [-122.8683, 41.8165]]], [[[-122.9414, 41.8149], [-122.9417, 41.8143], [-122.9414, 41.8143], [-122.9414, 41.8149]]], [[[-122.8517, 41.8169], [-122.852, 41.8164], [-122.8517, 41.8164], [-122.8517, 41.8169]]], [[[-122.967, 41.814], [-122.9673, 41.8137], [-122.967, 41.8137], [-122.967, 41.814]]], [[[-122.7091, 41.8225], [-122.708, 41.8209], [-122.7094, 41.8206], [-122.709, 41.8203], [-122.7079, 41.8204], [-122.7079, 41.8195], [-122.7068, 41.8198], [-122.7072, 41.8204], [-122.7061, 41.8199], [-122.7036, 41.821], [-122.7044, 41.8218], [-122.7062, 41.8212], [-122.7062, 41.822], [-122.7091, 41.8225]], [[-122.7065, 41.8204], [-122.7061, 41.8207], [-122.7061, 41.8204], [-122.7065, 41.8204]]], [[[-122.9351, 41.8204], [-122.9347, 41.8196], [-122.9355, 41.8196], [-122.9351, 41.8185], [-122.9358, 41.8182], [-122.9343, 41.8185], [-122.9343, 41.818], [-122.935, 41.8177], [-122.9346, 41.8172], [-122.9357, 41.8172], [-122.9357, 41.8161], [-122.9316, 41.8143], [-122.9328, 41.8153], [-122.9314, 41.8162], [-122.9308, 41.8192], [-122.933, 41.8199], [-122.9344, 41.8191], [-122.9337, 41.8202], [-122.9351, 41.8204]], [[-122.9321, 41.8162], [-122.9317, 41.8164], [-122.9317, 41.8162], [-122.9321, 41.8162]], [[-122.9338, 41.8153], [-122.9335, 41.8156], [-122.9335, 41.8153], [-122.9338, 41.8153]]], [[[-122.6971, 41.8211], [-122.6989, 41.82], [-122.6971, 41.8195], [-122.6971, 41.8211]]], [[[-122.9065, 41.8168], [-122.9065, 41.8159], [-122.9079, 41.8162], [-122.9082, 41.8151], [-122.9064, 41.8154], [-122.9053, 41.8149], [-122.9054, 41.8162], [-122.9065, 41.8168]]], [[[-122.8992, 41.8158], [-122.901, 41.8153], [-122.8996, 41.815], [-122.8992, 41.8158]]], [[[-122.7086, 41.8198], [-122.7093, 41.8192], [-122.7083, 41.8193], [-122.7086, 41.8198]]], [[[-122.9064, 41.8151], [-122.9068, 41.8149], [-122.9064, 41.8149], [-122.9064, 41.8151]]], [[[-122.9026, 41.8174], [-122.9022, 41.8166], [-122.9033, 41.8171], [-122.9025, 41.8158], [-122.9032, 41.8149], [-122.901, 41.8155], [-122.9007, 41.8166], [-122.8996, 41.8164], [-122.8997, 41.8169], [-122.9018, 41.8169], [-122.9026, 41.8174]]], [[[-122.901, 41.8153], [-122.9014, 41.815], [-122.901, 41.815], [-122.901, 41.8153]]], [[[-122.8527, 41.8164], [-122.8531, 41.8161], [-122.8527, 41.8161], [-122.8527, 41.8164]]], [[[-122.705, 41.8199], [-122.7061, 41.8193], [-122.705, 41.8193], [-122.705, 41.8199]]], [[[-122.9331, 41.8145], [-122.9352, 41.8142], [-122.9331, 41.814], [-122.9331, 41.8145]]], [[[-122.7148, 41.8194], [-122.7151, 41.8189], [-122.7147, 41.8189], [-122.7148, 41.8194]]], [[[-122.9388, 41.8141], [-122.9392, 41.8138], [-122.9388, 41.8138], [-122.9388, 41.8141]]], [[[-122.937, 41.8139], [-122.9374, 41.8141], [-122.9378, 41.8139], [-122.937, 41.8139]]], [[[-122.9014, 41.815], [-122.9017, 41.8147], [-122.9014, 41.8147], [-122.9014, 41.815]]], [[[-122.8935, 41.8152], [-122.8938, 41.8149], [-122.8934, 41.8149], [-122.8935, 41.8152]]], [[[-122.8957, 41.8165], [-122.8953, 41.8154], [-122.896, 41.8146], [-122.8949, 41.8146], [-122.8949, 41.8149], [-122.8942, 41.8149], [-122.8938, 41.8154], [-122.8935, 41.8152], [-122.8917, 41.8152], [-122.8913, 41.8158], [-122.8917, 41.8163], [-122.8931, 41.8157], [-122.8939, 41.8165], [-122.8957, 41.8165]], [[-122.8946, 41.8159], [-122.8942, 41.8162], [-122.8942, 41.816], [-122.8946, 41.8159]], [[-122.8949, 41.8157], [-122.8946, 41.8159], [-122.8946, 41.8157], [-122.8949, 41.8157]], [[-122.8945, 41.8151], [-122.8942, 41.8154], [-122.8942, 41.8151], [-122.8945, 41.8151]]], [[[-122.7065, 41.8193], [-122.7075, 41.8193], [-122.7075, 41.8187], [-122.7065, 41.8193]]], [[[-122.6989, 41.8195], [-122.6992, 41.8189], [-122.6989, 41.8189], [-122.6989, 41.8195]]], [[[-122.9327, 41.814], [-122.9331, 41.8137], [-122.9327, 41.8137], [-122.9327, 41.814]]], [[[-122.9097, 41.8145], [-122.91, 41.8142], [-122.9096, 41.8142], [-122.9097, 41.8145]]], [[[-122.8967, 41.8148], [-122.8974, 41.8145], [-122.8967, 41.8145], [-122.8967, 41.8148]]], [[[-122.8938, 41.8149], [-122.8942, 41.8146], [-122.8938, 41.8146], [-122.8938, 41.8149]]], [[[-122.8682, 41.8155], [-122.8686, 41.8152], [-122.8682, 41.8152], [-122.8682, 41.8155]]], [[[-122.8671, 41.8155], [-122.8675, 41.8152], [-122.8671, 41.8152], [-122.8671, 41.8155]]], [[[-122.8718, 41.8151], [-122.8722, 41.8148], [-122.8718, 41.8148], [-122.8718, 41.8151]]], [[[-122.8513, 41.8156], [-122.8516, 41.8153], [-122.8513, 41.8153], [-122.8513, 41.8156]]], [[[-122.8015, 41.8164], [-122.8019, 41.8167], [-122.8023, 41.8164], [-122.8015, 41.8164]]], [[[-122.6974, 41.819], [-122.6981, 41.8187], [-122.6974, 41.8187], [-122.6974, 41.819]]], [[[-122.9359, 41.8136], [-122.9359, 41.8131], [-122.9352, 41.8131], [-122.9352, 41.8134], [-122.9359, 41.8136]]], [[[-122.901, 41.815], [-122.901, 41.8139], [-122.9006, 41.8139], [-122.8999, 41.815], [-122.901, 41.815]]], [[[-122.9334, 41.8132], [-122.9338, 41.8134], [-122.9345, 41.8131], [-122.9334, 41.8132]]], [[[-122.8668, 41.815], [-122.8671, 41.8147], [-122.8667, 41.8147], [-122.8668, 41.815]]], [[[-122.8509, 41.8153], [-122.8513, 41.815], [-122.8509, 41.815], [-122.8509, 41.8153]]], [[[-122.6992, 41.8184], [-122.6996, 41.8186], [-122.7003, 41.8184], [-122.6992, 41.8184]]], [[[-122.803, 41.8169], [-122.803, 41.8158], [-122.8019, 41.8159], [-122.8026, 41.8161], [-122.803, 41.8169]]], [[[-122.9363, 41.8131], [-122.937, 41.8128], [-122.9363, 41.8128], [-122.9363, 41.8131]]], [[[-122.7075, 41.8179], [-122.7079, 41.8182], [-122.7086, 41.8179], [-122.7075, 41.8179]]], [[[-122.9031, 41.8139], [-122.9031, 41.8133], [-122.9013, 41.8134], [-122.9013, 41.8139], [-122.9031, 41.8139]]], [[[-122.8502, 41.8151], [-122.8509, 41.8145], [-122.8505, 41.8145], [-122.8502, 41.8151]]], [[[-122.7983, 41.8162], [-122.799, 41.8157], [-122.7986, 41.8157], [-122.7983, 41.8162]]], [[[-122.9327, 41.8129], [-122.933, 41.8126], [-122.9327, 41.8126], [-122.9327, 41.8129]]], [[[-122.705, 41.8188], [-122.705, 41.818], [-122.7053, 41.8177], [-122.7042, 41.818], [-122.705, 41.8188]]], [[[-122.9046, 41.8133], [-122.9056, 41.813], [-122.9045, 41.813], [-122.9046, 41.8133]]], [[[-122.9031, 41.8133], [-122.9035, 41.813], [-122.9031, 41.813], [-122.9031, 41.8133]]], [[[-122.871, 41.814], [-122.8714, 41.8138], [-122.871, 41.8138], [-122.871, 41.814]]], [[[-122.8703, 41.8141], [-122.8707, 41.8138], [-122.8703, 41.8138], [-122.8703, 41.8141]]], [[[-122.8671, 41.8141], [-122.8674, 41.8139], [-122.8671, 41.8139], [-122.8671, 41.8141]]], [[[-122.8635, 41.8142], [-122.8638, 41.8139], [-122.8635, 41.8139], [-122.8635, 41.8142]]], [[[-122.8001, 41.8162], [-122.8019, 41.8156], [-122.7997, 41.8151], [-122.8001, 41.8162]]], [[[-122.8984, 41.8132], [-122.8988, 41.8129], [-122.8984, 41.8129], [-122.8984, 41.8132]]], [[[-122.8721, 41.8138], [-122.8725, 41.8135], [-122.8721, 41.8135], [-122.8721, 41.8138]]], [[[-122.7147, 41.8172], [-122.715, 41.817], [-122.7147, 41.817], [-122.7147, 41.8172]]], [[[-122.8962, 41.8129], [-122.8966, 41.8127], [-122.8962, 41.8127], [-122.8962, 41.8129]]], [[[-122.871, 41.8135], [-122.8714, 41.8132], [-122.871, 41.8132], [-122.871, 41.8135]]], [[[-122.8699, 41.8135], [-122.8703, 41.8133], [-122.8699, 41.8133], [-122.8699, 41.8135]]], [[[-122.8689, 41.8136], [-122.8692, 41.8133], [-122.8689, 41.8133], [-122.8689, 41.8136]]], [[[-122.8548, 41.8139], [-122.8552, 41.8136], [-122.8548, 41.8136], [-122.8548, 41.8139]]], [[[-122.7125, 41.817], [-122.7128, 41.8167], [-122.7125, 41.8167], [-122.7125, 41.817]]], [[[-122.944, 41.8159], [-122.9446, 41.8148], [-122.9436, 41.8145], [-122.9435, 41.8135], [-122.9428, 41.8137], [-122.9435, 41.8124], [-122.9423, 41.8113], [-122.9409, 41.8116], [-122.9409, 41.8124], [-122.9398, 41.8119], [-122.9381, 41.8125], [-122.9382, 41.8152], [-122.9389, 41.8147], [-122.9388, 41.8141], [-122.9385, 41.8141], [-122.9388, 41.813], [-122.9399, 41.813], [-122.9392, 41.8144], [-122.9403, 41.8146], [-122.941, 41.8146], [-122.9403, 41.8133], [-122.9406, 41.8138], [-122.9413, 41.8132], [-122.9421, 41.8132], [-122.9414, 41.8141], [-122.9425, 41.8143], [-122.9425, 41.8151], [-122.9436, 41.8148], [-122.944, 41.8159]], [[-122.9424, 41.8132], [-122.9417, 41.813], [-122.9417, 41.8124], [-122.9424, 41.8124], [-122.9424, 41.8132]], [[-122.9413, 41.813], [-122.941, 41.8133], [-122.941, 41.813], [-122.9413, 41.813]], [[-122.9388, 41.8128], [-122.9384, 41.813], [-122.9384, 41.8128], [-122.9388, 41.8128]]], [[[-122.7986, 41.8151], [-122.7993, 41.8146], [-122.7986, 41.8146], [-122.7986, 41.8151]]], [[[-122.7053, 41.8172], [-122.7053, 41.8166], [-122.7042, 41.8169], [-122.7042, 41.8172], [-122.7053, 41.8172]]], [[[-122.9006, 41.8126], [-122.9009, 41.8123], [-122.9005, 41.8123], [-122.9006, 41.8126]]], [[[-122.8959, 41.8127], [-122.8962, 41.8124], [-122.8959, 41.8124], [-122.8959, 41.8127]]], [[[-122.7972, 41.8149], [-122.7979, 41.8146], [-122.7971, 41.8146], [-122.7972, 41.8149]]], [[[-122.9413, 41.8113], [-122.942, 41.8111], [-122.9412, 41.8111], [-122.9413, 41.8113]]], [[[-122.9405, 41.8114], [-122.9409, 41.8111], [-122.9405, 41.8111], [-122.9405, 41.8114]]], [[[-122.9355, 41.8115], [-122.9358, 41.8112], [-122.9355, 41.8112], [-122.9355, 41.8115]]], [[[-122.8696, 41.813], [-122.8699, 41.8127], [-122.8696, 41.8127], [-122.8696, 41.813]]], [[[-122.8674, 41.813], [-122.8678, 41.8128], [-122.8674, 41.8128], [-122.8674, 41.813]]], [[[-122.7146, 41.8164], [-122.715, 41.8161], [-122.7146, 41.8162], [-122.7146, 41.8164]]], [[[-122.7092, 41.8165], [-122.7096, 41.8163], [-122.7092, 41.8163], [-122.7092, 41.8165]]], [[[-122.7038, 41.8167], [-122.7042, 41.8164], [-122.7038, 41.8164], [-122.7038, 41.8167]]], [[[-122.8717, 41.8129], [-122.8713, 41.8124], [-122.8706, 41.8124], [-122.871, 41.813], [-122.8717, 41.8129]]], [[[-122.942, 41.8111], [-122.9423, 41.8108], [-122.942, 41.8108], [-122.942, 41.8111]]], [[[-122.9409, 41.8111], [-122.9412, 41.8108], [-122.9409, 41.8108], [-122.9409, 41.8111]]], [[[-122.8962, 41.8121], [-122.8966, 41.8118], [-122.8962, 41.8118], [-122.8962, 41.8121]]], [[[-122.8541, 41.8131], [-122.8544, 41.8128], [-122.854, 41.8128], [-122.8541, 41.8131]]], [[[-122.711, 41.8162], [-122.7114, 41.816], [-122.711, 41.816], [-122.711, 41.8162]]], [[[-122.7096, 41.8163], [-122.7103, 41.816], [-122.7096, 41.816], [-122.7096, 41.8163]]], [[[-122.7035, 41.8164], [-122.7038, 41.8161], [-122.7034, 41.8161], [-122.7035, 41.8164]]], [[[-122.8934, 41.8149], [-122.8937, 41.8135], [-122.8952, 41.8138], [-122.8951, 41.8124], [-122.8915, 41.8117], [-122.8916, 41.8128], [-122.8926, 41.813], [-122.8916, 41.8133], [-122.8916, 41.8144], [-122.8934, 41.8149]], [[-122.8934, 41.8138], [-122.8931, 41.8146], [-122.8927, 41.8138], [-122.8934, 41.8138]]], [[[-122.8559, 41.8133], [-122.8558, 41.8125], [-122.8548, 41.8128], [-122.8548, 41.8131], [-122.8559, 41.8133]]], [[[-122.8587, 41.813], [-122.8591, 41.8124], [-122.8587, 41.8124], [-122.8587, 41.813]]], [[[-122.715, 41.8161], [-122.7153, 41.8156], [-122.715, 41.8156], [-122.715, 41.8161]]], [[[-122.9376, 41.8109], [-122.938, 41.8106], [-122.9376, 41.8106], [-122.9376, 41.8109]]], [[[-122.7089, 41.816], [-122.7096, 41.8157], [-122.7088, 41.8157], [-122.7089, 41.816]]], [[[-122.7045, 41.8161], [-122.7049, 41.8158], [-122.7045, 41.8158], [-122.7045, 41.8161]]], [[[-122.97, 41.8099], [-122.9715, 41.8101], [-122.9715, 41.8096], [-122.97, 41.8099]]], [[[-122.9373, 41.8106], [-122.9376, 41.8104], [-122.9372, 41.8104], [-122.9373, 41.8106]]], [[[-122.903, 41.8114], [-122.9034, 41.8111], [-122.903, 41.8112], [-122.903, 41.8114]]], [[[-122.8944, 41.8116], [-122.8947, 41.8113], [-122.8944, 41.8113], [-122.8944, 41.8116]]], [[[-122.8533, 41.8128], [-122.854, 41.8123], [-122.8533, 41.812], [-122.8533, 41.8128]]], [[[-122.8566, 41.8125], [-122.8573, 41.8119], [-122.8565, 41.8119], [-122.8566, 41.8125]]], [[[-122.8929, 41.8114], [-122.8936, 41.8111], [-122.8929, 41.8111], [-122.8929, 41.8114]]], [[[-122.7106, 41.8157], [-122.7121, 41.8151], [-122.7113, 41.8149], [-122.7106, 41.8157]]], [[[-122.9693, 41.8093], [-122.9696, 41.8091], [-122.9693, 41.8091], [-122.9693, 41.8093]]], [[[-122.8601, 41.8119], [-122.8609, 41.8116], [-122.8601, 41.8116], [-122.8601, 41.8119]]], [[[-122.8573, 41.8119], [-122.858, 41.8116], [-122.8572, 41.8117], [-122.8573, 41.8119]]], [[[-122.9715, 41.809], [-122.9718, 41.8087], [-122.9714, 41.8087], [-122.9715, 41.809]]], [[[-122.9041, 41.8106], [-122.9044, 41.8103], [-122.9041, 41.8103], [-122.9041, 41.8106]]], [[[-122.8609, 41.8116], [-122.8616, 41.8113], [-122.8608, 41.8113], [-122.8609, 41.8116]]], [[[-122.8533, 41.8117], [-122.8536, 41.8115], [-122.8533, 41.8115], [-122.8533, 41.8117]]], [[[-122.9704, 41.809], [-122.9707, 41.8085], [-122.9703, 41.8085], [-122.9704, 41.809]]], [[[-122.9002, 41.8115], [-122.9008, 41.8104], [-122.8987, 41.8104], [-122.8983, 41.8099], [-122.8958, 41.8102], [-122.8958, 41.8108], [-122.8972, 41.811], [-122.8973, 41.8113], [-122.8976, 41.8113], [-122.8976, 41.8115], [-122.8987, 41.811], [-122.9002, 41.8115]], [[-122.898, 41.811], [-122.8976, 41.8113], [-122.8976, 41.811], [-122.898, 41.811]], [[-122.8969, 41.8102], [-122.8965, 41.8105], [-122.8965, 41.8102], [-122.8969, 41.8102]]], [[[-122.9682, 41.8088], [-122.9693, 41.8085], [-122.9692, 41.808], [-122.9671, 41.808], [-122.9682, 41.8088]]], [[[-122.9019, 41.8098], [-122.9022, 41.8095], [-122.9019, 41.8096], [-122.9019, 41.8098]]], [[[-122.8637, 41.8118], [-122.8645, 41.8115], [-122.864, 41.8101], [-122.863, 41.8102], [-122.8627, 41.8115], [-122.8634, 41.8112], [-122.8637, 41.8118]]], [[[-122.9008, 41.8101], [-122.9015, 41.8098], [-122.9011, 41.8093], [-122.9004, 41.8096], [-122.9008, 41.8101]]], [[[-122.8915, 41.8114], [-122.8922, 41.8098], [-122.8914, 41.8095], [-122.8915, 41.8114]]], [[[-122.8555, 41.8125], [-122.8555, 41.812], [-122.8547, 41.8123], [-122.855, 41.8104], [-122.8543, 41.8104], [-122.8536, 41.8109], [-122.8544, 41.8114], [-122.854, 41.8123], [-122.8555, 41.8125]]], [[[-122.9015, 41.8096], [-122.9019, 41.8093], [-122.9015, 41.8093], [-122.9015, 41.8096]]], [[[-122.9001, 41.8096], [-122.9004, 41.8093], [-122.9001, 41.8093], [-122.9001, 41.8096]]], [[[-122.8979, 41.8096], [-122.8983, 41.8094], [-122.8979, 41.8094], [-122.8979, 41.8096]]], [[[-122.8554, 41.8106], [-122.8558, 41.8103], [-122.8554, 41.8103], [-122.8554, 41.8106]]], [[[-122.8532, 41.8107], [-122.8536, 41.8104], [-122.8532, 41.8104], [-122.8532, 41.8107]]], [[[-122.9056, 41.8116], [-122.9055, 41.8092], [-122.9047, 41.8089], [-122.9044, 41.8095], [-122.9033, 41.8092], [-122.903, 41.8101], [-122.9051, 41.8097], [-122.9056, 41.8116]]], [[[-122.9447, 41.8086], [-122.9451, 41.808], [-122.9429, 41.8081], [-122.9429, 41.8086], [-122.9447, 41.8086]]], [[[-122.9361, 41.8085], [-122.9364, 41.8082], [-122.9361, 41.8082], [-122.9361, 41.8085]]], [[[-122.8644, 41.8101], [-122.8647, 41.8099], [-122.8644, 41.8099], [-122.8644, 41.8101]]], [[[-122.9377, 41.8131], [-122.938, 41.812], [-122.9402, 41.8116], [-122.9394, 41.8108], [-122.9401, 41.8106], [-122.9404, 41.8079], [-122.9365, 41.8085], [-122.9372, 41.8101], [-122.9383, 41.8103], [-122.9384, 41.8109], [-122.9376, 41.8112], [-122.9377, 41.8122], [-122.937, 41.8123], [-122.9377, 41.8131]], [[-122.9387, 41.8117], [-122.938, 41.8117], [-122.938, 41.8112], [-122.9384, 41.8111], [-122.9387, 41.8117]], [[-122.939, 41.81], [-122.9387, 41.8103], [-122.9387, 41.8101], [-122.939, 41.81]], [[-122.9387, 41.8098], [-122.938, 41.8101], [-122.9379, 41.8098], [-122.9387, 41.8098]], [[-122.9386, 41.8087], [-122.9383, 41.8093], [-122.9383, 41.8087], [-122.9386, 41.8087]], [[-122.939, 41.8084], [-122.9386, 41.8087], [-122.9386, 41.8084], [-122.939, 41.8084]]], [[[-122.8944, 41.8113], [-122.8947, 41.8103], [-122.8965, 41.8099], [-122.8965, 41.8094], [-122.8954, 41.8097], [-122.8957, 41.8089], [-122.8922, 41.81], [-122.8926, 41.8111], [-122.8929, 41.8108], [-122.8936, 41.8108], [-122.8944, 41.8113]], [[-122.894, 41.8108], [-122.8933, 41.8106], [-122.8932, 41.81], [-122.894, 41.8103], [-122.894, 41.8108]]], [[[-122.9476, 41.808], [-122.948, 41.8077], [-122.9476, 41.8077], [-122.9476, 41.808]]], [[[-122.9036, 41.8087], [-122.904, 41.809], [-122.9044, 41.8087], [-122.9036, 41.8087]]], [[[-122.8993, 41.8091], [-122.9004, 41.8088], [-122.8993, 41.8088], [-122.8993, 41.8091]]], [[[-122.8914, 41.8093], [-122.8918, 41.809], [-122.8914, 41.809], [-122.8914, 41.8093]]], [[[-122.8658, 41.8098], [-122.8662, 41.8096], [-122.8658, 41.8096], [-122.8658, 41.8098]]], [[[-122.8629, 41.8099], [-122.8633, 41.8096], [-122.8629, 41.8096], [-122.8629, 41.8099]]], [[[-122.9599, 41.8077], [-122.9598, 41.8071], [-122.9588, 41.8072], [-122.9588, 41.8074], [-122.9599, 41.8077]]], [[[-122.8928, 41.8092], [-122.8932, 41.8087], [-122.8928, 41.8087], [-122.8928, 41.8092]]], [[[-122.9295, 41.816], [-122.9302, 41.8154], [-122.9302, 41.8149], [-122.9313, 41.8148], [-122.9302, 41.8132], [-122.9312, 41.8129], [-122.9327, 41.8137], [-122.9327, 41.8129], [-122.9323, 41.8124], [-122.9341, 41.8126], [-122.9348, 41.8131], [-122.9363, 41.8125], [-122.9355, 41.8115], [-122.9351, 41.8115], [-122.9344, 41.812], [-122.9337, 41.8107], [-122.9362, 41.8109], [-122.9365, 41.8096], [-122.9357, 41.808], [-122.9343, 41.8085], [-122.9343, 41.808], [-122.9314, 41.8078], [-122.9321, 41.8083], [-122.9307, 41.8086], [-122.931, 41.8078], [-122.9289, 41.8078], [-122.9289, 41.81], [-122.93, 41.81], [-122.929, 41.8106], [-122.9287, 41.8127], [-122.9295, 41.816]], [[-122.9299, 41.8151], [-122.9295, 41.8154], [-122.9295, 41.8151], [-122.9299, 41.8151]], [[-122.9344, 41.8123], [-122.9341, 41.8126], [-122.9341, 41.8123], [-122.9344, 41.8123]], [[-122.9301, 41.8113], [-122.9297, 41.8119], [-122.9297, 41.8113], [-122.9301, 41.8113]], [[-122.9311, 41.811], [-122.9304, 41.8113], [-122.9304, 41.8111], [-122.9311, 41.811]], [[-122.9297, 41.8108], [-122.9293, 41.8111], [-122.9293, 41.8108], [-122.9297, 41.8108]], [[-122.9361, 41.8096], [-122.9358, 41.8099], [-122.9358, 41.8096], [-122.9361, 41.8096]], [[-122.934, 41.8094], [-122.9333, 41.8099], [-122.9332, 41.8094], [-122.934, 41.8094]], [[-122.9325, 41.8097], [-122.9322, 41.8099], [-122.9322, 41.8097], [-122.9325, 41.8097]], [[-122.9311, 41.81], [-122.9296, 41.8095], [-122.93, 41.8086], [-122.9311, 41.8091], [-122.9311, 41.81]], [[-122.935, 41.8093], [-122.9347, 41.8096], [-122.9347, 41.8093], [-122.935, 41.8093]], [[-122.9343, 41.8088], [-122.934, 41.8091], [-122.9339, 41.8088], [-122.9343, 41.8088]]], [[[-122.899, 41.8088], [-122.8993, 41.8085], [-122.899, 41.8085], [-122.899, 41.8088]]], [[[-122.9584, 41.8072], [-122.9587, 41.8069], [-122.9584, 41.8069], [-122.9584, 41.8072]]], [[[-122.8993, 41.8085], [-122.9, 41.8082], [-122.8993, 41.8083], [-122.8993, 41.8085]]], [[[-122.8564, 41.8095], [-122.8568, 41.8092], [-122.8564, 41.8092], [-122.8564, 41.8095]]], [[[-122.9055, 41.8089], [-122.9054, 41.8084], [-122.9058, 41.8078], [-122.9047, 41.8081], [-122.9055, 41.8089]]], [[[-122.8669, 41.8093], [-122.8665, 41.8087], [-122.8658, 41.8088], [-122.8662, 41.8093], [-122.8669, 41.8093]]], [[[-122.9577, 41.8069], [-122.9584, 41.8066], [-122.9576, 41.8066], [-122.9577, 41.8069]]], [[[-122.895, 41.8084], [-122.8953, 41.8081], [-122.895, 41.8081], [-122.895, 41.8084]]], [[[-122.8669, 41.809], [-122.8672, 41.8087], [-122.8669, 41.8087], [-122.8669, 41.809]]], [[[-122.8575, 41.8092], [-122.8578, 41.8087], [-122.8575, 41.8087], [-122.8575, 41.8092]]], [[[-122.9573, 41.8066], [-122.9576, 41.8064], [-122.9573, 41.8064], [-122.9573, 41.8066]]], [[[-122.9051, 41.8079], [-122.9054, 41.8076], [-122.905, 41.8076], [-122.9051, 41.8079]]], [[[-122.899, 41.8099], [-122.8993, 41.8093], [-122.899, 41.8093], [-122.899, 41.8088], [-122.8986, 41.8083], [-122.9, 41.8077], [-122.8989, 41.8077], [-122.8979, 41.8086], [-122.8964, 41.8078], [-122.8961, 41.8091], [-122.8975, 41.8094], [-122.8982, 41.8088], [-122.899, 41.8099]], [[-122.8975, 41.8086], [-122.8968, 41.8089], [-122.8968, 41.8086], [-122.8975, 41.8086]]], [[[-122.8971, 41.808], [-122.8975, 41.8078], [-122.8971, 41.8078], [-122.8971, 41.808]]], [[[-122.8953, 41.8081], [-122.8957, 41.8078], [-122.8953, 41.8078], [-122.8953, 41.8081]]], [[[-122.8917, 41.8082], [-122.8924, 41.8079], [-122.8917, 41.8079], [-122.8917, 41.8082]]], [[[-122.8721, 41.8124], [-122.8728, 41.8121], [-122.8723, 41.8086], [-122.869, 41.8084], [-122.8672, 41.809], [-122.8673, 41.8103], [-122.8655, 41.8104], [-122.8658, 41.8098], [-122.8651, 41.8099], [-122.8651, 41.8101], [-122.8644, 41.8104], [-122.8648, 41.8115], [-122.8691, 41.8106], [-122.8721, 41.8124]], [[-122.8713, 41.8103], [-122.8709, 41.8108], [-122.8709, 41.8103], [-122.8713, 41.8103]], [[-122.8716, 41.81], [-122.8713, 41.8103], [-122.8712, 41.81], [-122.8716, 41.81]], [[-122.8709, 41.8097], [-122.8702, 41.8103], [-122.8702, 41.81], [-122.8709, 41.8097]], [[-122.8719, 41.8089], [-122.8716, 41.81], [-122.8716, 41.8089], [-122.8719, 41.8089]], [[-122.8691, 41.8092], [-122.8687, 41.8095], [-122.8687, 41.8092], [-122.8691, 41.8092]], [[-122.8683, 41.8092], [-122.868, 41.8095], [-122.868, 41.8092], [-122.8683, 41.8092]], [[-122.8687, 41.809], [-122.8683, 41.8092], [-122.8683, 41.809], [-122.8687, 41.809]]], [[[-122.8568, 41.809], [-122.8571, 41.8087], [-122.8568, 41.8087], [-122.8568, 41.809]]], [[[-122.9641, 41.8062], [-122.9645, 41.8059], [-122.9641, 41.8059], [-122.9641, 41.8062]]], [[[-122.8888, 41.808], [-122.8895, 41.8077], [-122.8888, 41.8077], [-122.8888, 41.808]]], [[[-122.8697, 41.8084], [-122.8701, 41.8081], [-122.8697, 41.8081], [-122.8697, 41.8084]]], [[[-122.8676, 41.8084], [-122.869, 41.8081], [-122.8676, 41.8082], [-122.8676, 41.8084]]], [[[-122.8665, 41.8085], [-122.8668, 41.8082], [-122.8665, 41.8082], [-122.8665, 41.8085]]], [[[-122.8726, 41.8086], [-122.8726, 41.8078], [-122.8715, 41.8081], [-122.8715, 41.8084], [-122.8726, 41.8086]]], [[[-122.9591, 41.8061], [-122.9594, 41.8058], [-122.9591, 41.8058], [-122.9591, 41.8061]]], [[[-122.9671, 41.808], [-122.9663, 41.8075], [-122.967, 41.8064], [-122.9656, 41.8064], [-122.9656, 41.8059], [-122.9638, 41.8065], [-122.9641, 41.8054], [-122.963, 41.806], [-122.9601, 41.8058], [-122.9609, 41.8068], [-122.9602, 41.8079], [-122.9646, 41.8081], [-122.9645, 41.8078], [-122.9649, 41.8078], [-122.9649, 41.8075], [-122.9653, 41.8075], [-122.9671, 41.808]], [[-122.966, 41.807], [-122.9653, 41.8075], [-122.9652, 41.807], [-122.966, 41.807]], [[-122.9638, 41.807], [-122.9634, 41.8073], [-122.9634, 41.807], [-122.9638, 41.807]], [[-122.9627, 41.8071], [-122.962, 41.8071], [-122.962, 41.8063], [-122.9623, 41.8063], [-122.9627, 41.8071]]], [[[-122.9104, 41.8069], [-122.9108, 41.8066], [-122.9104, 41.8066], [-122.9104, 41.8069]]], [[[-122.9183, 41.8067], [-122.9187, 41.8062], [-122.9183, 41.8062], [-122.9183, 41.8067]]], [[[-122.963, 41.8054], [-122.9634, 41.8051], [-122.963, 41.8052], [-122.963, 41.8054]]], [[[-122.8913, 41.8071], [-122.8917, 41.8068], [-122.8913, 41.8068], [-122.8913, 41.8071]]], [[[-122.9482, 41.806], [-122.9479, 41.8052], [-122.9475, 41.8052], [-122.9475, 41.8061], [-122.9482, 41.806]]], [[[-122.9608, 41.8055], [-122.9626, 41.8052], [-122.9605, 41.8047], [-122.9608, 41.8055]]], [[[-122.8783, 41.8068], [-122.8787, 41.8066], [-122.8783, 41.8066], [-122.8783, 41.8068]]], [[[-122.9601, 41.8047], [-122.9604, 41.8044], [-122.9601, 41.8044], [-122.9601, 41.8047]]], [[[-122.9587, 41.8047], [-122.959, 41.8044], [-122.9586, 41.8044], [-122.9587, 41.8047]]], [[[-122.9154, 41.8057], [-122.9158, 41.8054], [-122.9154, 41.8055], [-122.9154, 41.8057]]], [[[-122.9194, 41.8054], [-122.9197, 41.8051], [-122.9194, 41.8051], [-122.9194, 41.8054]]], [[[-122.9604, 41.8041], [-122.9608, 41.8039], [-122.9604, 41.8039], [-122.9604, 41.8041]]], [[[-122.918, 41.8062], [-122.9172, 41.8054], [-122.9176, 41.8049], [-122.9168, 41.8049], [-122.9165, 41.8057], [-122.9172, 41.8057], [-122.918, 41.8062]]], [[[-122.9593, 41.8042], [-122.9597, 41.8036], [-122.9593, 41.8036], [-122.9593, 41.8042]]], [[[-122.959, 41.8036], [-122.9593, 41.8033], [-122.959, 41.8034], [-122.959, 41.8036]]], [[[-122.9154, 41.8055], [-122.9161, 41.8046], [-122.9186, 41.8043], [-122.9186, 41.8038], [-122.9172, 41.8041], [-122.9161, 41.8038], [-122.9147, 41.8049], [-122.9132, 41.805], [-122.9154, 41.8055]]], [[[-122.9146, 41.8041], [-122.915, 41.8038], [-122.9146, 41.8038], [-122.9146, 41.8041]]], [[[-122.955, 41.8048], [-122.9565, 41.804], [-122.956, 41.8026], [-122.9561, 41.8037], [-122.955, 41.8032], [-122.955, 41.8048]]], [[[-122.9118, 41.8063], [-122.9122, 41.8055], [-122.9129, 41.8061], [-122.914, 41.8058], [-122.9125, 41.8052], [-122.9143, 41.8044], [-122.9139, 41.8039], [-122.9103, 41.8039], [-122.9104, 41.8056], [-122.9118, 41.8063]], [[-122.9118, 41.805], [-122.9115, 41.8058], [-122.9114, 41.805], [-122.9118, 41.805]], [[-122.9121, 41.805], [-122.9118, 41.8045], [-122.9128, 41.8044], [-122.9129, 41.8047], [-122.9121, 41.805]], [[-122.9114, 41.8047], [-122.9111, 41.805], [-122.9111, 41.8047], [-122.9114, 41.8047]]], [[[-122.9564, 41.8029], [-122.9568, 41.8026], [-122.9564, 41.8026], [-122.9564, 41.8029]]], [[[-122.9211, 41.8037], [-122.9215, 41.8034], [-122.9211, 41.8034], [-122.9211, 41.8037]]], [[[-122.92, 41.8037], [-122.9204, 41.8034], [-122.92, 41.8035], [-122.92, 41.8037]]], [[[-122.9168, 41.8038], [-122.9171, 41.8035], [-122.9168, 41.8035], [-122.9168, 41.8038]]], [[[-122.9114, 41.8037], [-122.9117, 41.8034], [-122.9114, 41.8034], [-122.9114, 41.8037]]], [[[-122.925, 41.8028], [-122.9254, 41.8025], [-122.925, 41.8025], [-122.925, 41.8028]]], [[[-122.9218, 41.8029], [-122.9221, 41.8026], [-122.9218, 41.8026], [-122.9218, 41.8029]]], [[[-122.9168, 41.803], [-122.9171, 41.8027], [-122.9167, 41.8027], [-122.9168, 41.803]]], [[[-122.916, 41.803], [-122.9164, 41.8027], [-122.916, 41.8027], [-122.916, 41.803]]], [[[-122.9103, 41.8031], [-122.911, 41.8028], [-122.9102, 41.8026], [-122.9103, 41.8031]]], [[[-122.9474, 41.802], [-122.9477, 41.8017], [-122.9473, 41.8017], [-122.9474, 41.802]]], [[[-122.9153, 41.8027], [-122.9157, 41.8025], [-122.9153, 41.8025], [-122.9153, 41.8027]]], [[[-122.8814, 41.8035], [-122.8814, 41.803], [-122.8807, 41.803], [-122.8807, 41.8033], [-122.8814, 41.8035]]], [[[-122.9221, 41.8023], [-122.9228, 41.802], [-122.9221, 41.802], [-122.9221, 41.8023]]], [[[-122.9059, 41.8027], [-122.9063, 41.8024], [-122.9059, 41.8024], [-122.9059, 41.8027]]], [[[-122.8011, 41.8051], [-122.8014, 41.8048], [-122.8011, 41.8048], [-122.8011, 41.8051]]], [[[-122.7997, 41.8051], [-122.8, 41.8048], [-122.7996, 41.8048], [-122.7997, 41.8051]]], [[[-122.9077, 41.8024], [-122.9081, 41.8021], [-122.9077, 41.8021], [-122.9077, 41.8024]]], [[[-122.9128, 41.8028], [-122.9127, 41.802], [-122.9117, 41.8017], [-122.9113, 41.8023], [-122.9128, 41.8028]]], [[[-122.9156, 41.8022], [-122.916, 41.8016], [-122.9156, 41.8017], [-122.9156, 41.8022]]], [[[-122.9146, 41.8036], [-122.9153, 41.8025], [-122.9149, 41.8014], [-122.9142, 41.8014], [-122.9135, 41.8022], [-122.9142, 41.8028], [-122.9121, 41.8031], [-122.9125, 41.8036], [-122.9139, 41.8031], [-122.9146, 41.8036]], [[-122.9145, 41.8017], [-122.9142, 41.802], [-122.9142, 41.8017], [-122.9145, 41.8017]]], [[[-122.9228, 41.8012], [-122.9232, 41.8015], [-122.9235, 41.8012], [-122.9228, 41.8012]]], [[[-122.9189, 41.8016], [-122.9192, 41.8013], [-122.9188, 41.8013], [-122.9189, 41.8016]]], [[[-122.9197, 41.804], [-122.9196, 41.8032], [-122.9211, 41.8032], [-122.9207, 41.8024], [-122.9221, 41.8012], [-122.9206, 41.801], [-122.9189, 41.8019], [-122.9189, 41.8016], [-122.9181, 41.8011], [-122.9174, 41.8011], [-122.9171, 41.8016], [-122.9181, 41.8016], [-122.9182, 41.8024], [-122.9171, 41.8019], [-122.916, 41.8025], [-122.9175, 41.8027], [-122.9171, 41.8035], [-122.9193, 41.8035], [-122.919, 41.804], [-122.9197, 41.804]], [[-122.9207, 41.8021], [-122.9203, 41.8024], [-122.9203, 41.8021], [-122.9207, 41.8021]], [[-122.921, 41.8015], [-122.9207, 41.8018], [-122.9207, 41.8015], [-122.921, 41.8015]]], [[[-122.9084, 41.8018], [-122.9084, 41.8013], [-122.9077, 41.8013], [-122.9077, 41.8016], [-122.9084, 41.8018]]], [[[-122.9523, 41.8005], [-122.9527, 41.8003], [-122.9523, 41.8003], [-122.9523, 41.8005]]], [[[-122.9084, 41.8013], [-122.9087, 41.801], [-122.9084, 41.801], [-122.9084, 41.8013]]], [[[-122.9102, 41.8026], [-122.9106, 41.802], [-122.9105, 41.8007], [-122.9095, 41.8023], [-122.9102, 41.8026]]], [[[-122.9095, 41.8013], [-122.9094, 41.8007], [-122.9087, 41.8007], [-122.9087, 41.801], [-122.9095, 41.8013]]], [[[-122.9116, 41.8015], [-122.9123, 41.8009], [-122.9116, 41.8004], [-122.9116, 41.8015]]], [[[-122.9534, 41.7994], [-122.9537, 41.7991], [-122.9534, 41.7992], [-122.9534, 41.7994]]], [[[-122.9206, 41.8002], [-122.921, 41.7999], [-122.9206, 41.7999], [-122.9206, 41.8002]]], [[[-122.9087, 41.8005], [-122.9091, 41.8002], [-122.9087, 41.8002], [-122.9087, 41.8005]]], [[[-122.921, 41.7999], [-122.9213, 41.7996], [-122.9209, 41.7996], [-122.921, 41.7999]]], [[[-122.801, 41.8026], [-122.8014, 41.8024], [-122.801, 41.8024], [-122.801, 41.8026]]], [[[-122.9087, 41.8002], [-122.909, 41.7996], [-122.908, 41.7997], [-122.908, 41.7999], [-122.9087, 41.8002]]], [[[-122.9044, 41.7998], [-122.9047, 41.8], [-122.9051, 41.7997], [-122.9044, 41.7998]]], [[[-122.9573, 41.808], [-122.9569, 41.8056], [-122.9562, 41.8056], [-122.9569, 41.8048], [-122.9561, 41.8045], [-122.9555, 41.8064], [-122.9547, 41.8059], [-122.9551, 41.8051], [-122.9543, 41.8051], [-122.955, 41.8029], [-122.9538, 41.8019], [-122.9545, 41.801], [-122.9541, 41.7997], [-122.9534, 41.7997], [-122.9538, 41.801], [-122.9509, 41.8014], [-122.9506, 41.8008], [-122.952, 41.8005], [-122.9516, 41.7989], [-122.9487, 41.7985], [-122.9476, 41.7996], [-122.9481, 41.8023], [-122.9474, 41.8023], [-122.9475, 41.8042], [-122.9482, 41.8041], [-122.9489, 41.8047], [-122.9482, 41.8058], [-122.9497, 41.8065], [-122.9498, 41.8076], [-122.9545, 41.8081], [-122.9541, 41.807], [-122.9544, 41.8062], [-122.9551, 41.807], [-122.9548, 41.8081], [-122.9559, 41.8078], [-122.9563, 41.8078], [-122.9563, 41.808], [-122.9573, 41.808]], [[-122.9566, 41.8077], [-122.9555, 41.8072], [-122.9558, 41.8067], [-122.9566, 41.8069], [-122.9566, 41.8077]], [[-122.9522, 41.8068], [-122.9519, 41.807], [-122.9519, 41.8068], [-122.9522, 41.8068]], [[-122.9526, 41.8065], [-122.9522, 41.8068], [-122.9522, 41.8065], [-122.9526, 41.8065]], [[-122.9515, 41.8068], [-122.9508, 41.8065], [-122.9511, 41.806], [-122.9515, 41.806], [-122.9515, 41.8068]], [[-122.9533, 41.8062], [-122.953, 41.8065], [-122.9529, 41.8062], [-122.9533, 41.8062]], [[-122.954, 41.8056], [-122.9537, 41.8062], [-122.9536, 41.8056], [-122.954, 41.8056]], [[-122.9529, 41.8062], [-122.9511, 41.8052], [-122.9525, 41.804], [-122.9532, 41.8043], [-122.9522, 41.8049], [-122.9533, 41.8057], [-122.9529, 41.8062]], [[-122.9485, 41.8041], [-122.9481, 41.8036], [-122.9496, 41.803], [-122.9496, 41.8036], [-122.9485, 41.8041]], [[-122.9518, 41.8035], [-122.9514, 41.8038], [-122.9514, 41.8035], [-122.9518, 41.8035]], [[-122.9532, 41.803], [-122.9528, 41.8032], [-122.9528, 41.803], [-122.9532, 41.803]], [[-122.9503, 41.8033], [-122.9496, 41.8028], [-122.951, 41.8025], [-122.951, 41.803], [-122.9503, 41.8027], [-122.9503, 41.8033]], [[-122.9492, 41.8028], [-122.9485, 41.8025], [-122.9488, 41.8014], [-122.9495, 41.8022], [-122.9492, 41.8028]], [[-122.9524, 41.8016], [-122.952, 41.8019], [-122.952, 41.8016], [-122.9524, 41.8016]], [[-122.9502, 41.8017], [-122.9499, 41.8019], [-122.9499, 41.8017], [-122.9502, 41.8017]], [[-122.9506, 41.8011], [-122.9502, 41.8014], [-122.9502, 41.8011], [-122.9506, 41.8011]], [[-122.9498, 41.8006], [-122.9495, 41.8011], [-122.9495, 41.8006], [-122.9498, 41.8006]]], [[[-122.9213, 41.7994], [-122.9216, 41.7991], [-122.9213, 41.7991], [-122.9213, 41.7994]]], [[[-122.9206, 41.7999], [-122.9206, 41.7994], [-122.9209, 41.7991], [-122.9199, 41.7994], [-122.9206, 41.7999]]], [[[-122.9177, 41.7994], [-122.918, 41.7992], [-122.9177, 41.7992], [-122.9177, 41.7994]]], [[[-122.8003, 41.8021], [-122.8006, 41.8018], [-122.8002, 41.8018], [-122.8003, 41.8021]]], [[[-122.9196, 41.8013], [-122.9203, 41.8007], [-122.9195, 41.7997], [-122.9177, 41.8003], [-122.9181, 41.7997], [-122.9173, 41.7995], [-122.9163, 41.7997], [-122.9155, 41.799], [-122.9145, 41.8009], [-122.9141, 41.7998], [-122.913, 41.8004], [-122.9119, 41.7993], [-122.9119, 41.8001], [-122.9131, 41.8006], [-122.9124, 41.8015], [-122.9134, 41.8012], [-122.9167, 41.8014], [-122.9167, 41.8008], [-122.9188, 41.8008], [-122.9196, 41.8013]], [[-122.9141, 41.8006], [-122.9138, 41.8009], [-122.9138, 41.8006], [-122.9141, 41.8006]], [[-122.9159, 41.8], [-122.9156, 41.8006], [-122.9156, 41.8], [-122.9159, 41.8]], [[-122.9173, 41.7997], [-122.917, 41.8], [-122.917, 41.7997], [-122.9173, 41.7997]], [[-122.9163, 41.7997], [-122.9159, 41.8], [-122.9159, 41.7998], [-122.9163, 41.7997]]], [[[-122.9235, 41.7996], [-122.9238, 41.7985], [-122.9209, 41.7986], [-122.922, 41.7991], [-122.922, 41.7996], [-122.9235, 41.7996]]], [[[-122.9195, 41.7989], [-122.9205, 41.7986], [-122.9195, 41.7986], [-122.9195, 41.7989]]], [[[-122.9515, 41.7987], [-122.9515, 41.7978], [-122.949, 41.7976], [-122.949, 41.7982], [-122.9515, 41.7987]]], [[[-122.9238, 41.7985], [-122.9241, 41.7982], [-122.9238, 41.7982], [-122.9238, 41.7985]]], [[[-122.7999, 41.8013], [-122.8002, 41.801], [-122.7999, 41.801], [-122.7999, 41.8013]]], [[[-122.9069, 41.8], [-122.9076, 41.7991], [-122.9058, 41.7994], [-122.9043, 41.7984], [-122.9055, 41.8], [-122.9069, 41.8]]], [[[-122.9137, 41.7998], [-122.9137, 41.799], [-122.9152, 41.7992], [-122.9155, 41.7987], [-122.913, 41.7987], [-122.9122, 41.7982], [-122.9123, 41.7993], [-122.9137, 41.7998]], [[-122.9133, 41.799], [-122.913, 41.7993], [-122.913, 41.799], [-122.9133, 41.799]]], [[[-122.7995, 41.801], [-122.7998, 41.8008], [-122.7995, 41.8008], [-122.7995, 41.801]]], [[[-122.9223, 41.798], [-122.9227, 41.7977], [-122.9223, 41.7977], [-122.9223, 41.798]]], [[[-122.9086, 41.7983], [-122.909, 41.798], [-122.9086, 41.798], [-122.9086, 41.7983]]], [[[-122.9227, 41.7977], [-122.9237, 41.7974], [-122.9227, 41.7974], [-122.9227, 41.7977]]], [[[-122.9245, 41.7974], [-122.9255, 41.7971], [-122.9244, 41.7971], [-122.9245, 41.7974]]], [[[-122.9219, 41.7972], [-122.9223, 41.7974], [-122.9226, 41.7972], [-122.9219, 41.7972]]], [[[-122.9115, 41.7972], [-122.9118, 41.7969], [-122.9115, 41.7969], [-122.9115, 41.7972]]], [[[-122.9086, 41.7969], [-122.9089, 41.7972], [-122.9093, 41.7969], [-122.9086, 41.7969]]], [[[-122.9132, 41.7966], [-122.914, 41.7968], [-122.9147, 41.7965], [-122.9132, 41.7966]]], [[[-122.9118, 41.7969], [-122.9122, 41.7966], [-122.9118, 41.7966], [-122.9118, 41.7969]]], [[[-122.9047, 41.7981], [-122.9057, 41.7976], [-122.906, 41.7967], [-122.9046, 41.7968], [-122.9047, 41.7981]]], [[[-122.9079, 41.7975], [-122.9086, 41.7964], [-122.9075, 41.7962], [-122.9079, 41.7975]]], [[[-122.914, 41.7963], [-122.9143, 41.796], [-122.9139, 41.796], [-122.914, 41.7963]]], [[[-122.7317, 41.8004], [-122.732, 41.8001], [-122.7317, 41.8001], [-122.7317, 41.8004]]], [[[-122.7227, 41.8006], [-122.723, 41.8003], [-122.7227, 41.8003], [-122.7227, 41.8006]]], [[[-122.7155, 41.8007], [-122.7158, 41.8002], [-122.7155, 41.8002], [-122.7155, 41.8007]]], [[[-122.9168, 41.7959], [-122.9172, 41.7957], [-122.9168, 41.7957], [-122.9168, 41.7959]]], [[[-122.7263, 41.8002], [-122.7266, 41.7999], [-122.7263, 41.7999], [-122.7263, 41.8002]]], [[[-122.7216, 41.8006], [-122.7205, 41.7995], [-122.7198, 41.7995], [-122.7205, 41.8006], [-122.7216, 41.8006]]], [[[-122.7212, 41.7998], [-122.7216, 41.7995], [-122.7212, 41.7995], [-122.7212, 41.7998]]], [[[-122.9147, 41.796], [-122.9154, 41.7954], [-122.9135, 41.7949], [-122.9136, 41.7955], [-122.9147, 41.796]]], [[[-122.7245, 41.8002], [-122.7252, 41.7997], [-122.7248, 41.7992], [-122.7234, 41.7997], [-122.7245, 41.8002]]], [[[-122.9204, 41.7951], [-122.9207, 41.7948], [-122.9204, 41.7948], [-122.9204, 41.7951]]], [[[-122.7252, 41.7991], [-122.7255, 41.7989], [-122.7251, 41.7989], [-122.7252, 41.7991]]], [[[-122.9124, 41.7944], [-122.9128, 41.7941], [-122.9124, 41.7942], [-122.9124, 41.7944]]], [[[-122.8872, 41.795], [-122.8879, 41.7947], [-122.8872, 41.7947], [-122.8872, 41.795]]], [[[-122.8861, 41.795], [-122.8865, 41.7947], [-122.8861, 41.7948], [-122.8861, 41.795]]], [[[-122.8523, 41.7958], [-122.8526, 41.7952], [-122.8523, 41.7953], [-122.8523, 41.7958]]], [[[-122.9049, 41.7943], [-122.9052, 41.794], [-122.9049, 41.7941], [-122.9049, 41.7943]]], [[[-122.8869, 41.7947], [-122.8872, 41.7945], [-122.8868, 41.7945], [-122.8869, 41.7947]]], [[[-122.8534, 41.7955], [-122.8537, 41.7952], [-122.8533, 41.7952], [-122.8534, 41.7955]]], [[[-122.7222, 41.7981], [-122.7226, 41.7984], [-122.723, 41.7981], [-122.7222, 41.7981]]], [[[-122.9052, 41.794], [-122.9056, 41.7938], [-122.9052, 41.7938], [-122.9052, 41.794]]], [[[-122.8858, 41.7945], [-122.8861, 41.7942], [-122.8858, 41.7942], [-122.8858, 41.7945]]], [[[-122.858, 41.7951], [-122.8584, 41.7948], [-122.858, 41.7949], [-122.858, 41.7951]]], [[[-122.9289, 41.8078], [-122.929, 41.7935], [-122.9149, 41.7933], [-122.9149, 41.7941], [-122.9186, 41.7964], [-122.9158, 41.7965], [-122.914, 41.7971], [-122.9137, 41.7979], [-122.9148, 41.7984], [-122.9166, 41.7981], [-122.9169, 41.7976], [-122.9194, 41.7978], [-122.919, 41.797], [-122.9198, 41.797], [-122.9198, 41.7975], [-122.9201, 41.7975], [-122.9201, 41.7972], [-122.9205, 41.7972], [-122.9209, 41.7986], [-122.9216, 41.7972], [-122.9219, 41.7972], [-122.9215, 41.7966], [-122.9234, 41.7969], [-122.9247, 41.7947], [-122.9251, 41.7952], [-122.9254, 41.7949], [-122.9262, 41.7949], [-122.9262, 41.7957], [-122.9251, 41.7958], [-122.9259, 41.7963], [-122.9273, 41.796], [-122.9262, 41.7968], [-122.9263, 41.7979], [-122.9242, 41.7988], [-122.9246, 41.7998], [-122.9239, 41.8004], [-122.922, 41.7999], [-122.921, 41.8007], [-122.9214, 41.801], [-122.9239, 41.8007], [-122.9269, 41.8033], [-122.924, 41.8036], [-122.9247, 41.8028], [-122.924, 41.8031], [-122.9236, 41.8026], [-122.9219, 41.8042], [-122.9186, 41.8046], [-122.9187, 41.8054], [-122.9179, 41.8046], [-122.9176, 41.8054], [-122.9179, 41.8054], [-122.9198, 41.807], [-122.9184, 41.8073], [-122.9183, 41.8067], [-122.9172, 41.806], [-122.9154, 41.806], [-122.9154, 41.8057], [-122.9147, 41.8055], [-122.9137, 41.8074], [-122.9122, 41.8071], [-122.9123, 41.8077], [-122.9206, 41.8078], [-122.9209, 41.8072], [-122.9209, 41.8078], [-122.9289, 41.8078]], [[-122.9263, 41.8071], [-122.9259, 41.8074], [-122.9259, 41.8071], [-122.9263, 41.8071]], [[-122.9259, 41.8066], [-122.9256, 41.8068], [-122.9256, 41.8066], [-122.9259, 41.8066]], [[-122.9238, 41.8066], [-122.9234, 41.8069], [-122.9234, 41.8066], [-122.9238, 41.8066]], [[-122.9241, 41.8063], [-122.9238, 41.8066], [-122.9237, 41.8063], [-122.9241, 41.8063]], [[-122.9234, 41.8064], [-122.9227, 41.8066], [-122.9227, 41.8064], [-122.9234, 41.8064]], [[-122.9223, 41.8064], [-122.922, 41.8067], [-122.9219, 41.8064], [-122.9223, 41.8064]], [[-122.9208, 41.8053], [-122.9201, 41.8064], [-122.9204, 41.8051], [-122.9215, 41.805], [-122.9208, 41.8053]], [[-122.9226, 41.8058], [-122.9223, 41.8061], [-122.9223, 41.8058], [-122.9226, 41.8058]], [[-122.9212, 41.8059], [-122.9208, 41.8061], [-122.9208, 41.8059], [-122.9212, 41.8059]], [[-122.928, 41.8057], [-122.9273, 41.8054], [-122.9276, 41.8049], [-122.928, 41.8049], [-122.928, 41.8057]], [[-122.9219, 41.8053], [-122.9216, 41.8059], [-122.9215, 41.8053], [-122.9219, 41.8053]], [[-122.9201, 41.8056], [-122.919, 41.8056], [-122.919, 41.8048], [-122.9204, 41.8045], [-122.9201, 41.8056]], [[-122.9276, 41.8044], [-122.9269, 41.8046], [-122.9269, 41.8044], [-122.9276, 41.8044]], [[-122.9269, 41.8041], [-122.9265, 41.8044], [-122.9265, 41.8041], [-122.9269, 41.8041]], [[-122.928, 41.8038], [-122.9276, 41.8041], [-122.9276, 41.8038], [-122.928, 41.8038]], [[-122.9272, 41.8036], [-122.9269, 41.8038], [-122.9269, 41.8036], [-122.9272, 41.8036]], [[-122.9236, 41.8036], [-122.9233, 41.8039], [-122.9233, 41.8036], [-122.9236, 41.8036]], [[-122.9279, 41.8025], [-122.9272, 41.8025], [-122.9275, 41.8017], [-122.9279, 41.8016], [-122.9279, 41.8025]], [[-122.9286, 41.8011], [-122.9279, 41.8014], [-122.9279, 41.8011], [-122.9286, 41.8011]], [[-122.9271, 41.8003], [-122.9242, 41.8006], [-122.9242, 41.8004], [-122.9267, 41.7998], [-122.9271, 41.8003]], [[-122.9224, 41.8004], [-122.9221, 41.8007], [-122.9221, 41.8004], [-122.9224, 41.8004]], [[-122.9274, 41.7998], [-122.9271, 41.7992], [-122.9281, 41.7989], [-122.9281, 41.7995], [-122.9274, 41.7998]], [[-122.9277, 41.7984], [-122.9274, 41.7989], [-122.9274, 41.7984], [-122.9277, 41.7984]], [[-122.9281, 41.7981], [-122.9277, 41.7984], [-122.9277, 41.7981], [-122.9281, 41.7981]], [[-122.9288, 41.7981], [-122.9281, 41.7981], [-122.9281, 41.7976], [-122.9284, 41.7976], [-122.9288, 41.7981]], [[-122.9162, 41.7976], [-122.9158, 41.7979], [-122.9158, 41.7976], [-122.9162, 41.7976]], [[-122.9151, 41.7973], [-122.9147, 41.7976], [-122.9147, 41.7973], [-122.9151, 41.7973]], [[-122.9144, 41.7974], [-122.914, 41.7976], [-122.914, 41.7974], [-122.9144, 41.7974]], [[-122.9288, 41.7968], [-122.9284, 41.797], [-122.9284, 41.7968], [-122.9288, 41.7968]], [[-122.9208, 41.7967], [-122.9205, 41.7972], [-122.9205, 41.7967], [-122.9208, 41.7967]], [[-122.9277, 41.7965], [-122.9273, 41.7968], [-122.9273, 41.7965], [-122.9277, 41.7965]], [[-122.9183, 41.7967], [-122.918, 41.797], [-122.9179, 41.7967], [-122.9183, 41.7967]], [[-122.9172, 41.7967], [-122.9169, 41.797], [-122.9169, 41.7968], [-122.9172, 41.7967]], [[-122.9161, 41.7968], [-122.9158, 41.7971], [-122.9158, 41.7968], [-122.9161, 41.7968]], [[-122.9212, 41.7964], [-122.9208, 41.7967], [-122.9208, 41.7964], [-122.9212, 41.7964]], [[-122.9233, 41.7963], [-122.9229, 41.7953], [-122.9222, 41.795], [-122.9236, 41.7952], [-122.9233, 41.7963]], [[-122.9194, 41.7962], [-122.919, 41.7964], [-122.919, 41.7962], [-122.9194, 41.7962]], [[-122.9283, 41.7954], [-122.928, 41.7957], [-122.928, 41.7954], [-122.9283, 41.7954]], [[-122.9183, 41.7956], [-122.9179, 41.7959], [-122.9179, 41.7957], [-122.9183, 41.7956]], [[-122.9287, 41.7951], [-122.9283, 41.7954], [-122.9283, 41.7951], [-122.9287, 41.7951]], [[-122.928, 41.7951], [-122.9276, 41.7954], [-122.9276, 41.7952], [-122.928, 41.7951]], [[-122.9218, 41.7953], [-122.9193, 41.7953], [-122.9193, 41.7951], [-122.9218, 41.7942], [-122.9218, 41.7953]], [[-122.9265, 41.7946], [-122.9262, 41.7949], [-122.9261, 41.7946], [-122.9265, 41.7946]], [[-122.9243, 41.7947], [-122.924, 41.795], [-122.924, 41.7947], [-122.9243, 41.7947]], [[-122.9179, 41.7951], [-122.9175, 41.7946], [-122.9197, 41.7945], [-122.9197, 41.7948], [-122.9179, 41.7951]], [[-122.9276, 41.7941], [-122.9272, 41.7946], [-122.9272, 41.7941], [-122.9276, 41.7941]], [[-122.9233, 41.7947], [-122.9222, 41.7945], [-122.9222, 41.7939], [-122.924, 41.7942], [-122.9233, 41.7947]], [[-122.9171, 41.7943], [-122.9164, 41.7946], [-122.9164, 41.7943], [-122.9171, 41.7943]], [[-122.9261, 41.7938], [-122.9258, 41.7941], [-122.9258, 41.7938], [-122.9261, 41.7938]]], [[[-122.9138, 41.7936], [-122.9142, 41.7933], [-122.9138, 41.7933], [-122.9138, 41.7936]]], [[[-122.9128, 41.7936], [-122.9127, 41.7931], [-122.912, 41.7931], [-122.912, 41.7933], [-122.9128, 41.7936]]], [[[-122.8602, 41.7948], [-122.8609, 41.7945], [-122.8602, 41.7943], [-122.8602, 41.7948]]], [[[-122.9131, 41.7933], [-122.9135, 41.793], [-122.9131, 41.7931], [-122.9131, 41.7933]]], [[[-122.891, 41.8079], [-122.8917, 41.8074], [-122.8913, 41.8074], [-122.8913, 41.8071], [-122.8902, 41.8066], [-122.8902, 41.806], [-122.8916, 41.8063], [-122.8917, 41.7976], [-122.8909, 41.7974], [-122.8916, 41.7968], [-122.8915, 41.7936], [-122.8897, 41.7949], [-122.8887, 41.7947], [-122.8887, 41.7952], [-122.8865, 41.7956], [-122.8854, 41.795], [-122.8854, 41.7934], [-122.8818, 41.7935], [-122.8821, 41.8008], [-122.8784, 41.8006], [-122.8785, 41.8014], [-122.877, 41.8015], [-122.8766, 41.8009], [-122.8781, 41.8006], [-122.8723, 41.8008], [-122.8724, 41.8026], [-122.8728, 41.8026], [-122.8735, 41.8032], [-122.8724, 41.8035], [-122.8726, 41.8067], [-122.8737, 41.8072], [-122.8729, 41.8075], [-122.8726, 41.807], [-122.8726, 41.8078], [-122.8841, 41.8078], [-122.883, 41.8075], [-122.883, 41.8067], [-122.8844, 41.8059], [-122.8862, 41.8064], [-122.8845, 41.8078], [-122.8895, 41.8074], [-122.891, 41.8079]], [[-122.891, 41.8071], [-122.8906, 41.8074], [-122.8906, 41.8071], [-122.891, 41.8071]], [[-122.8809, 41.8071], [-122.8805, 41.8076], [-122.8801, 41.8071], [-122.8809, 41.8071]], [[-122.8784, 41.8077], [-122.8769, 41.8069], [-122.8751, 41.8075], [-122.8751, 41.8069], [-122.8779, 41.8063], [-122.8783, 41.8052], [-122.879, 41.8057], [-122.8801, 41.8052], [-122.8797, 41.806], [-122.8805, 41.8063], [-122.879, 41.8063], [-122.8794, 41.8068], [-122.8787, 41.8068], [-122.8784, 41.8077]], [[-122.8798, 41.8071], [-122.8791, 41.8074], [-122.8791, 41.8071], [-122.8798, 41.8071]], [[-122.8902, 41.8066], [-122.8899, 41.8069], [-122.8899, 41.8066], [-122.8902, 41.8066]], [[-122.8873, 41.8066], [-122.8866, 41.8058], [-122.8848, 41.8056], [-122.8855, 41.8051], [-122.8865, 41.805], [-122.8866, 41.8056], [-122.888, 41.8053], [-122.8873, 41.8058], [-122.8884, 41.8058], [-122.8884, 41.8063], [-122.8877, 41.8061], [-122.8873, 41.8066]], [[-122.8812, 41.806], [-122.8808, 41.8062], [-122.8808, 41.806], [-122.8812, 41.806]], [[-122.8826, 41.8057], [-122.8823, 41.8059], [-122.8822, 41.8057], [-122.8826, 41.8057]], [[-122.8819, 41.8057], [-122.8815, 41.806], [-122.8815, 41.8057], [-122.8819, 41.8057]], [[-122.8898, 41.8052], [-122.8895, 41.8055], [-122.8894, 41.8052], [-122.8898, 41.8052]], [[-122.883, 41.8054], [-122.8826, 41.8057], [-122.8826, 41.8054], [-122.883, 41.8054]], [[-122.8815, 41.8054], [-122.8812, 41.8057], [-122.8812, 41.8054], [-122.8815, 41.8054]], [[-122.8761, 41.8055], [-122.8747, 41.8053], [-122.8761, 41.8045], [-122.8761, 41.8055]], [[-122.8902, 41.8049], [-122.8898, 41.8052], [-122.8898, 41.805], [-122.8902, 41.8049]], [[-122.8808, 41.8052], [-122.8804, 41.8054], [-122.8804, 41.8052], [-122.8808, 41.8052]], [[-122.8768, 41.8055], [-122.8764, 41.8045], [-122.8775, 41.8042], [-122.8775, 41.8047], [-122.8768, 41.8055]], [[-122.8855, 41.8048], [-122.8851, 41.8051], [-122.8851, 41.8048], [-122.8855, 41.8048]], [[-122.8822, 41.8043], [-122.8808, 41.8052], [-122.8811, 41.8043], [-122.8822, 41.8043]], [[-122.8732, 41.8048], [-122.8729, 41.8053], [-122.8728, 41.8048], [-122.8732, 41.8048]], [[-122.8829, 41.8046], [-122.8826, 41.8049], [-122.8826, 41.8046], [-122.8829, 41.8046]], [[-122.8779, 41.8047], [-122.8775, 41.805], [-122.8775, 41.8047], [-122.8779, 41.8047]], [[-122.8905, 41.8044], [-122.888, 41.8042], [-122.8879, 41.8039], [-122.8901, 41.8036], [-122.8908, 41.8039], [-122.8905, 41.8044]], [[-122.8869, 41.8045], [-122.8854, 41.8042], [-122.8854, 41.804], [-122.8879, 41.8036], [-122.8869, 41.8045]], [[-122.8808, 41.8044], [-122.8804, 41.8046], [-122.8804, 41.8044], [-122.8808, 41.8044]], [[-122.8782, 41.8041], [-122.8779, 41.8047], [-122.8779, 41.8041], [-122.8782, 41.8041]], [[-122.875, 41.8048], [-122.8743, 41.8048], [-122.8739, 41.8042], [-122.8746, 41.8042], [-122.875, 41.8048]], [[-122.8836, 41.8037], [-122.8833, 41.804], [-122.8833, 41.8038], [-122.8836, 41.8037]], [[-122.8815, 41.8041], [-122.8803, 41.803], [-122.8814, 41.8027], [-122.8825, 41.8032], [-122.8828, 41.8027], [-122.8833, 41.8038], [-122.8814, 41.8035], [-122.8815, 41.8041]], [[-122.8789, 41.8036], [-122.8778, 41.8039], [-122.8778, 41.8036], [-122.8789, 41.8036]], [[-122.8764, 41.8036], [-122.876, 41.8039], [-122.876, 41.8036], [-122.8764, 41.8036]], [[-122.8911, 41.8025], [-122.8908, 41.803], [-122.8908, 41.8025], [-122.8911, 41.8025]], [[-122.8767, 41.8031], [-122.876, 41.8034], [-122.876, 41.8031], [-122.8767, 41.8031]], [[-122.8875, 41.8026], [-122.8872, 41.8029], [-122.8872, 41.8026], [-122.8875, 41.8026]], [[-122.8908, 41.8022], [-122.8901, 41.8025], [-122.89, 41.8022], [-122.8908, 41.8022]], [[-122.8854, 41.8024], [-122.885, 41.8026], [-122.885, 41.8024], [-122.8854, 41.8024]], [[-122.8807, 41.8025], [-122.8803, 41.8027], [-122.8803, 41.8025], [-122.8807, 41.8025]], [[-122.8778, 41.8023], [-122.8771, 41.8028], [-122.8771, 41.8023], [-122.8778, 41.8023]], [[-122.8911, 41.802], [-122.8908, 41.8022], [-122.8908, 41.802], [-122.8911, 41.802]], [[-122.8893, 41.802], [-122.8886, 41.8023], [-122.8886, 41.802], [-122.8893, 41.802]], [[-122.8857, 41.8021], [-122.8854, 41.8024], [-122.8853, 41.8021], [-122.8857, 41.8021]], [[-122.8735, 41.8024], [-122.8728, 41.8026], [-122.8727, 41.8024], [-122.8735, 41.8024]], [[-122.8907, 41.8011], [-122.8904, 41.802], [-122.8904, 41.8012], [-122.8907, 41.8011]], [[-122.8861, 41.8021], [-122.8853, 41.8018], [-122.8857, 41.8013], [-122.886, 41.8013], [-122.8861, 41.8021]], [[-122.8839, 41.8016], [-122.8832, 41.8021], [-122.8832, 41.8016], [-122.8839, 41.8016]], [[-122.8821, 41.8019], [-122.881, 41.8022], [-122.881, 41.8019], [-122.8821, 41.8019]], [[-122.8803, 41.8017], [-122.8799, 41.8022], [-122.8799, 41.8017], [-122.8803, 41.8017]], [[-122.8785, 41.8022], [-122.8778, 41.802], [-122.8795, 41.8009], [-122.8795, 41.8011], [-122.8799, 41.8011], [-122.8799, 41.8014], [-122.8785, 41.8022]], [[-122.8896, 41.8012], [-122.8893, 41.8017], [-122.8893, 41.8012], [-122.8896, 41.8012]], [[-122.8842, 41.8013], [-122.8839, 41.8016], [-122.8839, 41.8013], [-122.8842, 41.8013]], [[-122.8767, 41.8012], [-122.8763, 41.8017], [-122.8763, 41.8012], [-122.8767, 41.8012]], [[-122.8903, 41.8003], [-122.89, 41.8012], [-122.8896, 41.8004], [-122.8903, 41.8003]], [[-122.8867, 41.801], [-122.8864, 41.8012], [-122.8864, 41.801], [-122.8867, 41.801]], [[-122.881, 41.8011], [-122.8806, 41.8014], [-122.8806, 41.8011], [-122.881, 41.8011]], [[-122.873, 41.801], [-122.8727, 41.8016], [-122.8727, 41.801], [-122.873, 41.801]], [[-122.886, 41.8007], [-122.8857, 41.801], [-122.8857, 41.8007], [-122.886, 41.8007]], [[-122.8828, 41.8008], [-122.8821, 41.8011], [-122.8821, 41.8008], [-122.8828, 41.8008]], [[-122.8803, 41.8008], [-122.8799, 41.8011], [-122.8799, 41.8009], [-122.8803, 41.8008]], [[-122.8856, 41.8005], [-122.8853, 41.8007], [-122.8853, 41.8005], [-122.8856, 41.8005]], [[-122.8903, 41.799], [-122.8899, 41.7993], [-122.8899, 41.799], [-122.8903, 41.799]], [[-122.8896, 41.799], [-122.8892, 41.7993], [-122.8892, 41.799], [-122.8896, 41.799]], [[-122.8888, 41.799], [-122.8885, 41.7993], [-122.8885, 41.799], [-122.8888, 41.799]], [[-122.8892, 41.7982], [-122.8888, 41.7985], [-122.8888, 41.7982], [-122.8892, 41.7982]], [[-122.8866, 41.798], [-122.8863, 41.7983], [-122.8863, 41.798], [-122.8866, 41.798]], [[-122.8895, 41.7977], [-122.8891, 41.7979], [-122.8891, 41.7977], [-122.8895, 41.7977]], [[-122.8866, 41.7975], [-122.8859, 41.798], [-122.8859, 41.7975], [-122.8866, 41.7975]], [[-122.8884, 41.7974], [-122.8881, 41.7977], [-122.888, 41.7974], [-122.8884, 41.7974]], [[-122.8859, 41.7969], [-122.8852, 41.7975], [-122.8851, 41.7967], [-122.8859, 41.7969]], [[-122.883, 41.7975], [-122.8823, 41.797], [-122.884, 41.7964], [-122.8841, 41.797], [-122.883, 41.797], [-122.883, 41.7975]], [[-122.8884, 41.7963], [-122.888, 41.7969], [-122.888, 41.7963], [-122.8884, 41.7963]], [[-122.8877, 41.7966], [-122.8873, 41.7969], [-122.8873, 41.7966], [-122.8877, 41.7966]], [[-122.8826, 41.7965], [-122.8822, 41.7967], [-122.8822, 41.7965], [-122.8826, 41.7965]], [[-122.8912, 41.7955], [-122.8905, 41.796], [-122.8905, 41.7955], [-122.8912, 41.7955]], [[-122.8847, 41.7945], [-122.8843, 41.7948], [-122.8843, 41.7945], [-122.8847, 41.7945]], [[-122.885, 41.7937], [-122.8847, 41.794], [-122.8846, 41.7937], [-122.885, 41.7937]]], [[[-122.7348, 41.7976], [-122.7348, 41.7968], [-122.7344, 41.7968], [-122.7341, 41.7976], [-122.7348, 41.7976]]], [[[-122.8893, 41.7939], [-122.8893, 41.7933], [-122.8861, 41.7934], [-122.8865, 41.7939], [-122.8893, 41.7939]]], [[[-122.7294, 41.7974], [-122.7305, 41.7971], [-122.729, 41.7969], [-122.7294, 41.7974]]], [[[-122.9016, 41.7933], [-122.9019, 41.793], [-122.9016, 41.793], [-122.9016, 41.7933]]], [[[-122.8998, 41.7934], [-122.9005, 41.7931], [-122.8998, 41.7931], [-122.8998, 41.7934]]], [[[-122.8937, 41.7935], [-122.894, 41.7932], [-122.8936, 41.7932], [-122.8937, 41.7935]]], [[[-122.8904, 41.7936], [-122.8911, 41.7933], [-122.8904, 41.7933], [-122.8904, 41.7936]]], [[[-122.853, 41.7944], [-122.8533, 41.7941], [-122.8529, 41.7942], [-122.853, 41.7944]]], [[[-122.7305, 41.7971], [-122.7308, 41.7969], [-122.7305, 41.7969], [-122.7305, 41.7971]]], [[[-122.9034, 41.7933], [-122.9037, 41.7927], [-122.9034, 41.7927], [-122.9034, 41.7933]]], [[[-122.7262, 41.7972], [-122.7265, 41.7967], [-122.7261, 41.7967], [-122.7262, 41.7972]]], [[[-122.8533, 41.7941], [-122.8537, 41.7939], [-122.8533, 41.7939], [-122.8533, 41.7941]]], [[[-122.7287, 41.7969], [-122.729, 41.7966], [-122.7287, 41.7966], [-122.7287, 41.7969]]], [[[-122.728, 41.7977], [-122.7287, 41.7974], [-122.7283, 41.7964], [-122.7272, 41.7969], [-122.728, 41.7977]]], [[[-122.8594, 41.7943], [-122.8594, 41.7935], [-122.859, 41.7935], [-122.8587, 41.7943], [-122.8594, 41.7943]]], [[[-122.903, 41.793], [-122.9026, 41.7925], [-122.9019, 41.7928], [-122.9019, 41.793], [-122.903, 41.793]]], [[[-122.8994, 41.7928], [-122.8997, 41.7925], [-122.8994, 41.7926], [-122.8994, 41.7928]]], [[[-122.8605, 41.7934], [-122.8609, 41.7937], [-122.8612, 41.7934], [-122.8605, 41.7934]]], [[[-122.8598, 41.7937], [-122.8601, 41.7935], [-122.8598, 41.7935], [-122.8598, 41.7937]]], [[[-122.8583, 41.7938], [-122.8587, 41.7935], [-122.8583, 41.7935], [-122.8583, 41.7938]]], [[[-122.7333, 41.7965], [-122.7337, 41.7963], [-122.7333, 41.7963], [-122.7333, 41.7965]]], [[[-122.9078, 41.7959], [-122.9088, 41.7932], [-122.9069, 41.7921], [-122.9077, 41.7926], [-122.907, 41.7929], [-122.9071, 41.7954], [-122.906, 41.7946], [-122.9045, 41.7946], [-122.9045, 41.7954], [-122.9078, 41.7959]], [[-122.9081, 41.7934], [-122.9077, 41.7937], [-122.9077, 41.7934], [-122.9081, 41.7934]]], [[[-122.9059, 41.7929], [-122.9059, 41.7921], [-122.9052, 41.7927], [-122.9044, 41.7927], [-122.9059, 41.7929]]], [[[-122.7272, 41.7964], [-122.7276, 41.7961], [-122.7272, 41.7961], [-122.7272, 41.7964]]], [[[-122.7337, 41.796], [-122.734, 41.7957], [-122.7337, 41.7957], [-122.7337, 41.796]]], [[[-122.7313, 41.8004], [-122.7313, 41.7996], [-122.7331, 41.8001], [-122.7313, 41.7987], [-122.7331, 41.7987], [-122.7331, 41.7995], [-122.7345, 41.7995], [-122.7345, 41.7979], [-122.7337, 41.7976], [-122.7341, 41.7965], [-122.7334, 41.7968], [-122.7333, 41.7965], [-122.733, 41.7965], [-122.733, 41.796], [-122.7323, 41.7963], [-122.7322, 41.7957], [-122.7294, 41.7963], [-122.729, 41.7955], [-122.729, 41.7966], [-122.7301, 41.7969], [-122.7308, 41.7963], [-122.7308, 41.7969], [-122.7316, 41.7968], [-122.7309, 41.7977], [-122.7319, 41.7974], [-122.732, 41.7985], [-122.7305, 41.7988], [-122.7294, 41.7974], [-122.7291, 41.7974], [-122.7287, 41.798], [-122.7269, 41.7978], [-122.7277, 41.7986], [-122.7277, 41.7994], [-122.7291, 41.7993], [-122.7277, 41.8004], [-122.7313, 41.8004]], [[-122.7299, 41.7999], [-122.7295, 41.8001], [-122.7295, 41.7999], [-122.7299, 41.7999]], [[-122.7295, 41.7996], [-122.7291, 41.7999], [-122.7291, 41.7996], [-122.7295, 41.7996]], [[-122.7341, 41.7987], [-122.7338, 41.799], [-122.7338, 41.7987], [-122.7341, 41.7987]], [[-122.7302, 41.7985], [-122.7298, 41.7988], [-122.7298, 41.7985], [-122.7302, 41.7985]], [[-122.7334, 41.7979], [-122.7331, 41.7984], [-122.733, 41.7979], [-122.7334, 41.7979]], [[-122.728, 41.7983], [-122.7277, 41.7986], [-122.7276, 41.7983], [-122.728, 41.7983]], [[-122.7291, 41.798], [-122.7287, 41.7983], [-122.7287, 41.798], [-122.7291, 41.798]], [[-122.7334, 41.7968], [-122.733, 41.7974], [-122.733, 41.7968], [-122.7334, 41.7968]], [[-122.7315, 41.7963], [-122.7312, 41.7966], [-122.7312, 41.7963], [-122.7315, 41.7963]]], [[[-122.9325, 41.7913], [-122.9328, 41.791], [-122.9325, 41.791], [-122.9325, 41.7913]]], [[[-122.8558, 41.793], [-122.8561, 41.7927], [-122.8558, 41.7927], [-122.8558, 41.793]]], [[[-122.8543, 41.793], [-122.8547, 41.7928], [-122.8543, 41.7928], [-122.8543, 41.793]]], [[[-122.8518, 41.7931], [-122.8522, 41.7928], [-122.8518, 41.7928], [-122.8518, 41.7931]]], [[[-122.8482, 41.7932], [-122.8486, 41.7929], [-122.8482, 41.7929], [-122.8482, 41.7932]]], [[[-122.734, 41.7957], [-122.7344, 41.7954], [-122.734, 41.7954], [-122.734, 41.7957]]], [[[-122.9102, 41.8004], [-122.9104, 41.798], [-122.9129, 41.7979], [-122.9104, 41.7966], [-122.9121, 41.7955], [-122.9129, 41.7958], [-122.9128, 41.7952], [-122.911, 41.7955], [-122.9103, 41.795], [-122.9102, 41.7934], [-122.9113, 41.7931], [-122.9095, 41.7931], [-122.9094, 41.7912], [-122.908, 41.7913], [-122.908, 41.7918], [-122.9084, 41.7918], [-122.9087, 41.7921], [-122.9088, 41.7932], [-122.9095, 41.7934], [-122.9086, 41.7964], [-122.91, 41.7969], [-122.9091, 41.8002], [-122.9102, 41.8004]], [[-122.9111, 41.7961], [-122.9103, 41.7961], [-122.9103, 41.7956], [-122.9107, 41.7955], [-122.9111, 41.7961]], [[-122.9091, 41.7915], [-122.9084, 41.7918], [-122.9084, 41.7915], [-122.9091, 41.7915]]], [[[-122.7297, 41.7958], [-122.7304, 41.7952], [-122.7301, 41.7953], [-122.7297, 41.7958]]], [[[-122.9321, 41.791], [-122.9325, 41.7907], [-122.9321, 41.7907], [-122.9321, 41.791]]], [[[-122.8475, 41.7929], [-122.8482, 41.7926], [-122.8475, 41.7924], [-122.8475, 41.7929]]], [[[-122.9328, 41.7907], [-122.9335, 41.7904], [-122.9328, 41.7904], [-122.9328, 41.7907]]], [[[-122.9011, 41.7914], [-122.9015, 41.7912], [-122.9011, 41.7912], [-122.9011, 41.7914]]], [[[-122.9004, 41.7915], [-122.9008, 41.7912], [-122.9004, 41.7912], [-122.9004, 41.7915]]], [[[-122.9016, 41.793], [-122.9023, 41.7922], [-122.9051, 41.7924], [-122.9055, 41.7919], [-122.9033, 41.7911], [-122.9022, 41.7917], [-122.8993, 41.7917], [-122.8997, 41.7912], [-122.899, 41.7912], [-122.8986, 41.792], [-122.9016, 41.793]], [[-122.9015, 41.7925], [-122.9012, 41.7928], [-122.9012, 41.7925], [-122.9015, 41.7925]], [[-122.9033, 41.7914], [-122.903, 41.7917], [-122.9029, 41.7914], [-122.9033, 41.7914]]], [[[-122.855, 41.7925], [-122.8554, 41.7922], [-122.855, 41.7922], [-122.855, 41.7925]]], [[[-122.8522, 41.7926], [-122.8525, 41.7923], [-122.8521, 41.7923], [-122.8522, 41.7926]]], [[[-122.8468, 41.7927], [-122.8471, 41.7924], [-122.8467, 41.7924], [-122.8468, 41.7927]]], [[[-122.7286, 41.795], [-122.729, 41.7947], [-122.7286, 41.7947], [-122.7286, 41.795]]], [[[-122.7225, 41.7951], [-122.7228, 41.7949], [-122.7225, 41.7949], [-122.7225, 41.7951]]], [[[-122.9343, 41.7904], [-122.9342, 41.7899], [-122.9335, 41.7899], [-122.9335, 41.7901], [-122.9343, 41.7904]]], [[[-122.895, 41.7913], [-122.8953, 41.7908], [-122.8943, 41.7908], [-122.8943, 41.7911], [-122.895, 41.7913]]], [[[-122.7336, 41.7949], [-122.7336, 41.7941], [-122.7333, 41.7941], [-122.7329, 41.7949], [-122.7336, 41.7949]]], [[[-122.8496, 41.7918], [-122.85, 41.7915], [-122.8496, 41.7915], [-122.8496, 41.7918]]], [[[-122.7333, 41.796], [-122.7329, 41.7949], [-122.7304, 41.7939], [-122.7304, 41.7952], [-122.7322, 41.7949], [-122.7333, 41.796]]], [[[-122.9444, 41.791], [-122.9444, 41.7904], [-122.9458, 41.7907], [-122.9458, 41.7896], [-122.9439, 41.7891], [-122.9443, 41.7899], [-122.9433, 41.7902], [-122.9444, 41.791]]], [[[-122.8986, 41.791], [-122.8986, 41.7901], [-122.8978, 41.7902], [-122.8982, 41.7904], [-122.8979, 41.791], [-122.8986, 41.791]]], [[[-122.8554, 41.7919], [-122.8553, 41.7911], [-122.855, 41.7911], [-122.8543, 41.792], [-122.8554, 41.7919]]], [[[-122.8994, 41.7934], [-122.8994, 41.7928], [-122.899, 41.7923], [-122.8983, 41.7923], [-122.8983, 41.7915], [-122.8961, 41.7916], [-122.8979, 41.7904], [-122.896, 41.7902], [-122.8961, 41.791], [-122.8947, 41.7919], [-122.8947, 41.7927], [-122.8962, 41.7929], [-122.8962, 41.7934], [-122.8994, 41.7934]], [[-122.8958, 41.7924], [-122.8954, 41.7926], [-122.8954, 41.7924], [-122.8958, 41.7924]], [[-122.8954, 41.7918], [-122.895, 41.7924], [-122.895, 41.7918], [-122.8954, 41.7918]]], [[[-122.9076, 41.791], [-122.9079, 41.7897], [-122.9072, 41.7897], [-122.9076, 41.791]]], [[[-122.8503, 41.7915], [-122.8507, 41.791], [-122.8503, 41.791], [-122.8503, 41.7915]]], [[[-122.8496, 41.7913], [-122.8499, 41.791], [-122.8496, 41.791], [-122.8496, 41.7913]]], [[[-122.85, 41.7929], [-122.8514, 41.7923], [-122.8507, 41.7918], [-122.85, 41.7921], [-122.8496, 41.7918], [-122.8489, 41.7918], [-122.8489, 41.7913], [-122.8478, 41.7918], [-122.8478, 41.791], [-122.847, 41.791], [-122.8467, 41.7921], [-122.8478, 41.7921], [-122.8478, 41.7924], [-122.8482, 41.7924], [-122.8482, 41.7926], [-122.85, 41.7929]], [[-122.8489, 41.7921], [-122.8482, 41.7924], [-122.8482, 41.7921], [-122.8489, 41.7921]]], [[[-122.8521, 41.7909], [-122.8524, 41.7907], [-122.8521, 41.7907], [-122.8521, 41.7909]]], [[[-122.851, 41.791], [-122.8514, 41.7907], [-122.851, 41.7907], [-122.851, 41.791]]], [[[-122.8485, 41.791], [-122.8492, 41.7907], [-122.8485, 41.7907], [-122.8485, 41.791]]], [[[-122.7253, 41.794], [-122.7257, 41.7935], [-122.7246, 41.7932], [-122.7246, 41.7937], [-122.7253, 41.794]]], [[[-122.8564, 41.7906], [-122.8571, 41.7903], [-122.8564, 41.7903], [-122.8564, 41.7906]]], [[[-122.8539, 41.7906], [-122.8542, 41.7903], [-122.8539, 41.7903], [-122.8539, 41.7906]]], [[[-122.7264, 41.7934], [-122.7267, 41.7932], [-122.7264, 41.7932], [-122.7264, 41.7934]]], [[[-122.7257, 41.7935], [-122.726, 41.7932], [-122.7256, 41.7932], [-122.7257, 41.7935]]], [[[-122.7325, 41.7928], [-122.7328, 41.793], [-122.7332, 41.7927], [-122.7325, 41.7928]]], [[[-122.73, 41.7947], [-122.7296, 41.7936], [-122.73, 41.7928], [-122.7292, 41.7928], [-122.7289, 41.7945], [-122.73, 41.7947]]], [[[-122.7307, 41.7936], [-122.7307, 41.7925], [-122.7299, 41.7925], [-122.7303, 41.7928], [-122.73, 41.7936], [-122.7307, 41.7936]]], [[[-122.9014, 41.789], [-122.9017, 41.7887], [-122.9014, 41.7887], [-122.9014, 41.789]]], [[[-122.7332, 41.7927], [-122.7335, 41.7925], [-122.7332, 41.7925], [-122.7332, 41.7927]]], [[[-122.7321, 41.7928], [-122.7325, 41.7925], [-122.7321, 41.7925], [-122.7321, 41.7928]]], [[[-122.8996, 41.789], [-122.8999, 41.7885], [-122.8996, 41.7885], [-122.8996, 41.789]]], [[[-122.8643, 41.7898], [-122.8643, 41.7893], [-122.8636, 41.7893], [-122.8636, 41.7896], [-122.8643, 41.7898]]], [[[-122.901, 41.7887], [-122.9014, 41.7885], [-122.901, 41.7885], [-122.901, 41.7887]]], [[[-122.86, 41.7897], [-122.8607, 41.7894], [-122.86, 41.7894], [-122.86, 41.7897]]], [[[-122.7292, 41.7926], [-122.7296, 41.7923], [-122.7292, 41.7923], [-122.7292, 41.7926]]], [[[-122.9036, 41.7895], [-122.9043, 41.7895], [-122.9054, 41.7889], [-122.9039, 41.7881], [-122.9036, 41.7895]]], [[[-122.7296, 41.7923], [-122.7303, 41.792], [-122.7296, 41.7917], [-122.7296, 41.7923]]], [[[-122.7321, 41.7925], [-122.7313, 41.7914], [-122.7299, 41.7915], [-122.731, 41.7917], [-122.7307, 41.7925], [-122.7321, 41.7925]]], [[[-122.8657, 41.7885], [-122.866, 41.7879], [-122.8657, 41.7879], [-122.8657, 41.7885]]], [[[-122.7295, 41.7915], [-122.7295, 41.7909], [-122.7285, 41.7912], [-122.7285, 41.7915], [-122.7295, 41.7915]]], [[[-122.7223, 41.7916], [-122.7227, 41.7911], [-122.7223, 41.7911], [-122.7223, 41.7916]]], [[[-122.8639, 41.7882], [-122.8642, 41.7879], [-122.8639, 41.788], [-122.8639, 41.7882]]], [[[-122.9355, 41.7863], [-122.9359, 41.786], [-122.9355, 41.786], [-122.9355, 41.7863]]], [[[-122.9017, 41.7871], [-122.902, 41.7868], [-122.9017, 41.7868], [-122.9017, 41.7871]]], [[[-122.7295, 41.7907], [-122.7302, 41.7909], [-122.731, 41.7906], [-122.7295, 41.7907]]], [[[-122.7245, 41.791], [-122.7248, 41.7908], [-122.7245, 41.7908], [-122.7245, 41.791]]], [[[-122.7324, 41.7909], [-122.7331, 41.7906], [-122.7324, 41.7903], [-122.7324, 41.7909]]], [[[-122.893, 41.787], [-122.8937, 41.787], [-122.8941, 41.7867], [-122.893, 41.787]]], [[[-122.866, 41.7876], [-122.8664, 41.7874], [-122.866, 41.7874], [-122.866, 41.7876]]], [[[-122.9068, 41.7897], [-122.9071, 41.7862], [-122.9056, 41.7862], [-122.9053, 41.787], [-122.9042, 41.7862], [-122.9046, 41.7881], [-122.9068, 41.7897]], [[-122.906, 41.787], [-122.9053, 41.7873], [-122.9053, 41.787], [-122.906, 41.787]]], [[[-122.7317, 41.7912], [-122.7317, 41.7903], [-122.7309, 41.7901], [-122.731, 41.7906], [-122.7317, 41.7912]]], [[[-122.9449, 41.7861], [-122.9449, 41.7856], [-122.9452, 41.7853], [-122.9442, 41.7858], [-122.9449, 41.7861]]], [[[-122.9355, 41.7858], [-122.9359, 41.7855], [-122.9355, 41.7855], [-122.9355, 41.7858]]], [[[-122.8653, 41.7874], [-122.866, 41.7871], [-122.8653, 41.7871], [-122.8653, 41.7874]]], [[[-122.7302, 41.7904], [-122.7306, 41.7898], [-122.7302, 41.7898], [-122.7302, 41.7904]]], [[[-122.8664, 41.7871], [-122.8667, 41.7868], [-122.8663, 41.7868], [-122.8664, 41.7871]]], [[[-122.7338, 41.79], [-122.7342, 41.7897], [-122.7338, 41.7898], [-122.7338, 41.79]]], [[[-122.7219, 41.7903], [-122.7223, 41.79], [-122.7219, 41.79], [-122.7219, 41.7903]]], [[[-122.7324, 41.7903], [-122.732, 41.7895], [-122.7316, 41.7895], [-122.7317, 41.7903], [-122.7324, 41.7903]]], [[[-122.9441, 41.7853], [-122.9445, 41.7847], [-122.9441, 41.7848], [-122.9441, 41.7853]]], [[[-122.9351, 41.7855], [-122.9355, 41.785], [-122.9351, 41.785], [-122.9351, 41.7855]]], [[[-122.9449, 41.785], [-122.9456, 41.7847], [-122.9448, 41.7847], [-122.9449, 41.785]]], [[[-122.7324, 41.7898], [-122.7327, 41.7895], [-122.7324, 41.7895], [-122.7324, 41.7898]]], [[[-122.7241, 41.7905], [-122.7237, 41.7894], [-122.7233, 41.7894], [-122.723, 41.7903], [-122.7241, 41.7905]]], [[[-122.942, 41.7851], [-122.9423, 41.7845], [-122.942, 41.7845], [-122.942, 41.7851]]], [[[-122.9391, 41.7849], [-122.9394, 41.7846], [-122.9391, 41.7846], [-122.9391, 41.7849]]], [[[-122.9045, 41.7857], [-122.9052, 41.7854], [-122.9045, 41.7854], [-122.9045, 41.7857]]], [[[-122.8649, 41.7866], [-122.8652, 41.7863], [-122.8649, 41.7863], [-122.8649, 41.7866]]], [[[-122.7244, 41.7897], [-122.7248, 41.7894], [-122.7244, 41.7894], [-122.7244, 41.7897]]], [[[-122.9038, 41.7857], [-122.9041, 41.7851], [-122.9038, 41.7851], [-122.9038, 41.7857]]], [[[-122.7338, 41.7895], [-122.7341, 41.7889], [-122.7338, 41.7889], [-122.7338, 41.7895]]], [[[-122.7316, 41.7893], [-122.732, 41.789], [-122.7316, 41.789], [-122.7316, 41.7893]]], [[[-122.7223, 41.7895], [-122.723, 41.7892], [-122.7222, 41.7892], [-122.7223, 41.7895]]], [[[-122.8934, 41.7867], [-122.8955, 41.7859], [-122.8951, 41.7851], [-122.8926, 41.7862], [-122.8934, 41.7867]]], [[[-122.9045, 41.7851], [-122.9056, 41.7848], [-122.9045, 41.7849], [-122.9045, 41.7851]]], [[[-122.9012, 41.7852], [-122.9016, 41.7849], [-122.9012, 41.7849], [-122.9012, 41.7852]]], [[[-122.858, 41.7862], [-122.8584, 41.7859], [-122.858, 41.7859], [-122.858, 41.7862]]], [[[-122.7287, 41.7891], [-122.7291, 41.7888], [-122.7287, 41.7888], [-122.7287, 41.7891]]], [[[-122.7237, 41.7892], [-122.724, 41.7889], [-122.7237, 41.7889], [-122.7237, 41.7892]]], [[[-122.7212, 41.7892], [-122.7215, 41.7889], [-122.7212, 41.7889], [-122.7212, 41.7892]]], [[[-122.8602, 41.7859], [-122.8605, 41.7856], [-122.8602, 41.7856], [-122.8602, 41.7859]]], [[[-122.8587, 41.7859], [-122.8598, 41.7856], [-122.8587, 41.7856], [-122.8587, 41.7859]]], [[[-122.7316, 41.7887], [-122.7323, 41.7884], [-122.7316, 41.7885], [-122.7316, 41.7887]]], [[[-122.8911, 41.7849], [-122.8915, 41.7846], [-122.8911, 41.7846], [-122.8911, 41.7849]]], [[[-122.8598, 41.7856], [-122.8602, 41.7853], [-122.8598, 41.7853], [-122.8598, 41.7856]]], [[[-122.7284, 41.7885], [-122.7287, 41.788], [-122.7283, 41.788], [-122.7284, 41.7885]]], [[[-122.8602, 41.7853], [-122.8609, 41.785], [-122.8601, 41.7851], [-122.8602, 41.7853]]], [[[-122.733, 41.7879], [-122.7334, 41.7881], [-122.7337, 41.7879], [-122.733, 41.7879]]], [[[-122.7273, 41.7883], [-122.7276, 41.7877], [-122.7272, 41.7877], [-122.7273, 41.7883]]], [[[-122.934, 41.7834], [-122.9343, 41.7831], [-122.934, 41.7831], [-122.934, 41.7834]]], [[[-122.7309, 41.7879], [-122.7316, 41.7876], [-122.7308, 41.7877], [-122.7309, 41.7879]]], [[[-122.8598, 41.7851], [-122.8594, 41.7845], [-122.8587, 41.7846], [-122.8587, 41.7851], [-122.8598, 41.7851]]], [[[-122.7222, 41.7884], [-122.7226, 41.7878], [-122.7211, 41.7876], [-122.7211, 41.7879], [-122.7222, 41.7884]]], [[[-122.8936, 41.784], [-122.894, 41.7838], [-122.8936, 41.7838], [-122.8936, 41.784]]], [[[-122.8925, 41.7841], [-122.8933, 41.7838], [-122.8925, 41.7838], [-122.8925, 41.7841]]], [[[-122.728, 41.7877], [-122.7279, 41.7872], [-122.7269, 41.7872], [-122.7269, 41.7875], [-122.728, 41.7877]]], [[[-122.939, 41.7827], [-122.9393, 41.7824], [-122.939, 41.7824], [-122.939, 41.7827]]], [[[-122.7312, 41.7874], [-122.7315, 41.7871], [-122.7312, 41.7871], [-122.7312, 41.7874]]], [[[-122.7305, 41.7874], [-122.7308, 41.7871], [-122.7305, 41.7871], [-122.7305, 41.7874]]], [[[-122.7204, 41.7876], [-122.7207, 41.7873], [-122.7204, 41.7873], [-122.7204, 41.7876]]], [[[-122.7283, 41.7874], [-122.7286, 41.7869], [-122.7283, 41.7869], [-122.7283, 41.7874]]], [[[-122.9361, 41.7825], [-122.9364, 41.7822], [-122.9361, 41.7822], [-122.9361, 41.7825]]], [[[-122.9102, 41.7831], [-122.9105, 41.7828], [-122.9102, 41.7828], [-122.9102, 41.7831]]], [[[-122.8918, 41.7835], [-122.8922, 41.7833], [-122.8918, 41.7833], [-122.8918, 41.7835]]], [[[-122.7308, 41.7871], [-122.7312, 41.7868], [-122.7308, 41.7868], [-122.7308, 41.7871]]], [[[-122.7135, 41.7875], [-122.7139, 41.7872], [-122.7135, 41.7872], [-122.7135, 41.7875]]], [[[-122.7204, 41.7873], [-122.72, 41.7868], [-122.7193, 41.7868], [-122.7197, 41.7874], [-122.7204, 41.7873]]], [[[-122.9087, 41.7829], [-122.9091, 41.7826], [-122.9087, 41.7826], [-122.9087, 41.7829]]], [[[-122.733, 41.7868], [-122.7333, 41.7865], [-122.733, 41.7865], [-122.733, 41.7868]]], [[[-122.733, 41.7876], [-122.733, 41.7868], [-122.7315, 41.7863], [-122.7315, 41.7868], [-122.733, 41.7876]]], [[[-122.9423, 41.7845], [-122.9448, 41.7845], [-122.9433, 41.7834], [-122.944, 41.7818], [-122.9415, 41.7816], [-122.9415, 41.7824], [-122.9434, 41.7837], [-122.9423, 41.7845]]], [[[-122.7301, 41.7869], [-122.7304, 41.7863], [-122.7301, 41.7863], [-122.7301, 41.7869]]], [[[-122.9364, 41.782], [-122.9368, 41.7817], [-122.9364, 41.7817], [-122.9364, 41.782]]], [[[-122.9091, 41.7826], [-122.9094, 41.7823], [-122.9091, 41.7823], [-122.9091, 41.7826]]], [[[-122.8871, 41.7831], [-122.8875, 41.7828], [-122.8871, 41.7828], [-122.8871, 41.7831]]], [[[-122.7675, 41.7858], [-122.7679, 41.7855], [-122.7675, 41.7855], [-122.7675, 41.7858]]], [[[-122.7654, 41.7858], [-122.7661, 41.7855], [-122.7654, 41.7856], [-122.7654, 41.7858]]], [[[-122.7636, 41.7859], [-122.7639, 41.7856], [-122.7636, 41.7856], [-122.7636, 41.7859]]], [[[-122.734, 41.7865], [-122.7344, 41.7862], [-122.734, 41.7862], [-122.734, 41.7865]]], [[[-122.7186, 41.7868], [-122.7189, 41.7866], [-122.7185, 41.7866], [-122.7186, 41.7868]]], [[[-122.7135, 41.7869], [-122.7139, 41.7867], [-122.7135, 41.7867], [-122.7135, 41.7869]]], [[[-122.9353, 41.7817], [-122.9357, 41.7814], [-122.9353, 41.7814], [-122.9353, 41.7817]]], [[[-122.9335, 41.7818], [-122.9339, 41.7815], [-122.9335, 41.7815], [-122.9335, 41.7818]]], [[[-122.9328, 41.7818], [-122.9332, 41.7815], [-122.9328, 41.7815], [-122.9328, 41.7818]]], [[[-122.7668, 41.7855], [-122.7675, 41.7852], [-122.7668, 41.7852], [-122.7668, 41.7855]]], [[[-122.7251, 41.7872], [-122.725, 41.7859], [-122.7243, 41.7859], [-122.7247, 41.7867], [-122.7236, 41.7859], [-122.7229, 41.7862], [-122.7229, 41.787], [-122.7251, 41.7872]]], [[[-122.9076, 41.7821], [-122.908, 41.7818], [-122.9076, 41.7818], [-122.9076, 41.7821]]], [[[-122.7621, 41.7851], [-122.7625, 41.7853], [-122.7628, 41.7851], [-122.7621, 41.7851]]], [[[-122.7337, 41.786], [-122.734, 41.7857], [-122.7337, 41.7857], [-122.7337, 41.786]]], [[[-122.7326, 41.786], [-122.7329, 41.7857], [-122.7326, 41.7857], [-122.7326, 41.786]]], [[[-122.7272, 41.7861], [-122.7279, 41.7858], [-122.7272, 41.7858], [-122.7272, 41.7861]]], [[[-122.7221, 41.7862], [-122.7225, 41.7859], [-122.7221, 41.7859], [-122.7221, 41.7862]]], [[[-122.8939, 41.7821], [-122.8943, 41.7818], [-122.8939, 41.7819], [-122.8939, 41.7821]]], [[[-122.7574, 41.7852], [-122.7578, 41.7849], [-122.7574, 41.7849], [-122.7574, 41.7852]]], [[[-122.8882, 41.7825], [-122.8881, 41.7817], [-122.8874, 41.7817], [-122.8874, 41.7823], [-122.8882, 41.7825]]], [[[-122.7654, 41.7853], [-122.7657, 41.7845], [-122.7653, 41.7845], [-122.7654, 41.7853]]], [[[-122.8964, 41.7821], [-122.8968, 41.7815], [-122.8964, 41.7815], [-122.8964, 41.7821]]], [[[-122.8665, 41.7825], [-122.8669, 41.7822], [-122.8665, 41.7822], [-122.8665, 41.7825]]], [[[-122.7632, 41.7848], [-122.7635, 41.7845], [-122.7632, 41.7845], [-122.7632, 41.7848]]], [[[-122.7578, 41.7849], [-122.7581, 41.7844], [-122.7577, 41.7844], [-122.7578, 41.7849]]], [[[-122.9015, 41.7814], [-122.9022, 41.7811], [-122.9014, 41.7811], [-122.9015, 41.7814]]], [[[-122.8897, 41.7855], [-122.8897, 41.7841], [-122.8864, 41.7831], [-122.8871, 41.782], [-122.8849, 41.7821], [-122.8842, 41.7826], [-122.8838, 41.7818], [-122.8845, 41.7821], [-122.8845, 41.7813], [-122.8834, 41.7813], [-122.8835, 41.7832], [-122.8846, 41.7832], [-122.8846, 41.784], [-122.8868, 41.7839], [-122.8868, 41.7847], [-122.8897, 41.7855]], [[-122.889, 41.7844], [-122.8886, 41.7847], [-122.8886, 41.7844], [-122.889, 41.7844]], [[-122.8857, 41.7831], [-122.885, 41.7834], [-122.8849, 41.7831], [-122.8857, 41.7831]], [[-122.886, 41.7826], [-122.8857, 41.7829], [-122.8856, 41.7826], [-122.886, 41.7826]], [[-122.8856, 41.7823], [-122.8853, 41.7826], [-122.8853, 41.7823], [-122.8856, 41.7823]]], [[[-122.7668, 41.7852], [-122.7668, 41.7844], [-122.7675, 41.7844], [-122.7671, 41.7839], [-122.7664, 41.7839], [-122.7668, 41.7852]]], [[[-122.9313, 41.7805], [-122.9317, 41.7802], [-122.9313, 41.7802], [-122.9313, 41.7805]]], [[[-122.7675, 41.7842], [-122.7678, 41.7839], [-122.7675, 41.7839], [-122.7675, 41.7842]]], [[[-122.7635, 41.784], [-122.7639, 41.7842], [-122.7646, 41.7839], [-122.7635, 41.784]]], [[[-122.8933, 41.7935], [-122.8936, 41.7919], [-122.8947, 41.7919], [-122.8939, 41.7911], [-122.8939, 41.7908], [-122.895, 41.7902], [-122.8946, 41.7894], [-122.8963, 41.7888], [-122.8985, 41.7896], [-122.8997, 41.7912], [-122.9004, 41.7906], [-122.9015, 41.7912], [-122.9047, 41.7905], [-122.9055, 41.7919], [-122.9073, 41.7913], [-122.9057, 41.7892], [-122.9047, 41.79], [-122.9025, 41.79], [-122.9014, 41.7895], [-122.9014, 41.789], [-122.901, 41.7887], [-122.9003, 41.7887], [-122.9, 41.7893], [-122.8996, 41.789], [-122.8985, 41.7891], [-122.8988, 41.7882], [-122.8999, 41.7882], [-122.8988, 41.788], [-122.8992, 41.7874], [-122.9003, 41.7874], [-122.9003, 41.7879], [-122.9013, 41.7876], [-122.9014, 41.7882], [-122.9021, 41.7879], [-122.9021, 41.7884], [-122.9025, 41.7884], [-122.9025, 41.7887], [-122.9039, 41.7879], [-122.9035, 41.7873], [-122.9017, 41.7876], [-122.9013, 41.7863], [-122.8994, 41.7852], [-122.8997, 41.7833], [-122.8986, 41.782], [-122.8979, 41.7823], [-122.8978, 41.7807], [-122.8968, 41.7813], [-122.8975, 41.7815], [-122.8968, 41.7831], [-122.8975, 41.7829], [-122.8987, 41.785], [-122.8973, 41.785], [-122.8969, 41.7858], [-122.8962, 41.7856], [-122.8962, 41.7861], [-122.8938, 41.7873], [-122.8938, 41.7881], [-122.8916, 41.7881], [-122.8915, 41.7936], [-122.8933, 41.7935]], [[-122.8921, 41.7916], [-122.8918, 41.7919], [-122.8918, 41.7916], [-122.8921, 41.7916]], [[-122.8939, 41.7905], [-122.8928, 41.7911], [-122.8928, 41.7905], [-122.8939, 41.7905]], [[-122.8946, 41.7902], [-122.8935, 41.7903], [-122.8935, 41.7897], [-122.8942, 41.7897], [-122.8946, 41.7902]], [[-122.8935, 41.7894], [-122.8931, 41.7897], [-122.8931, 41.7895], [-122.8935, 41.7894]], [[-122.9028, 41.7881], [-122.9025, 41.7884], [-122.9024, 41.7882], [-122.9028, 41.7881]], [[-122.897, 41.788], [-122.8967, 41.7886], [-122.8967, 41.788], [-122.897, 41.788]], [[-122.8934, 41.7884], [-122.8931, 41.7886], [-122.8931, 41.7884], [-122.8934, 41.7884]], [[-122.8927, 41.7884], [-122.8924, 41.7887], [-122.8924, 41.7884], [-122.8927, 41.7884]], [[-122.9006, 41.7871], [-122.9003, 41.7874], [-122.9002, 41.7871], [-122.9006, 41.7871]], [[-122.8952, 41.7872], [-122.8949, 41.7875], [-122.8948, 41.7872], [-122.8952, 41.7872]], [[-122.8995, 41.7869], [-122.8992, 41.7871], [-122.8992, 41.7869], [-122.8995, 41.7869]], [[-122.8984, 41.7869], [-122.8981, 41.7872], [-122.8981, 41.7869], [-122.8984, 41.7869]], [[-122.8966, 41.7867], [-122.8959, 41.7872], [-122.8959, 41.7867], [-122.8966, 41.7867]], [[-122.8991, 41.7866], [-122.8984, 41.7869], [-122.8984, 41.7866], [-122.8991, 41.7866]]], [[[-122.8867, 41.7815], [-122.8881, 41.7809], [-122.8867, 41.7809], [-122.8867, 41.7815]]], [[[-122.8564, 41.7819], [-122.8571, 41.7816], [-122.8564, 41.7816], [-122.8564, 41.7819]]], [[[-122.7757, 41.7837], [-122.7761, 41.7834], [-122.7757, 41.7834], [-122.7757, 41.7837]]], [[[-122.7621, 41.784], [-122.7628, 41.784], [-122.7635, 41.7837], [-122.7621, 41.784]]], [[[-122.8888, 41.7812], [-122.8892, 41.7806], [-122.8888, 41.7806], [-122.8888, 41.7812]]], [[[-122.8643, 41.7817], [-122.8647, 41.7812], [-122.8643, 41.7812], [-122.8643, 41.7817]]], [[[-122.8993, 41.7807], [-122.8996, 41.7804], [-122.8992, 41.7804], [-122.8993, 41.7807]]], [[[-122.7768, 41.7839], [-122.7772, 41.7834], [-122.7764, 41.7829], [-122.7761, 41.7834], [-122.7768, 41.7839]]], [[[-122.9357, 41.7809], [-122.9356, 41.7801], [-122.9363, 41.7793], [-122.9345, 41.7798], [-122.9357, 41.7809]]], [[[-122.896, 41.7805], [-122.8967, 41.7802], [-122.896, 41.7802], [-122.896, 41.7805]]], [[[-122.8899, 41.7806], [-122.8902, 41.7803], [-122.8899, 41.7803], [-122.8899, 41.7806]]], [[[-122.8575, 41.7813], [-122.8578, 41.7811], [-122.8575, 41.7811], [-122.8575, 41.7813]]], [[[-122.9291, 41.78], [-122.9298, 41.7794], [-122.9291, 41.7792], [-122.9291, 41.78]]], [[[-122.8946, 41.7805], [-122.8953, 41.7799], [-122.8945, 41.7799], [-122.8946, 41.7805]]], [[[-122.8989, 41.7801], [-122.8992, 41.7798], [-122.8989, 41.7798], [-122.8989, 41.7801]]], [[[-122.8956, 41.7802], [-122.896, 41.7799], [-122.8956, 41.7799], [-122.8956, 41.7802]]], [[[-122.8582, 41.781], [-122.8585, 41.7808], [-122.8582, 41.7808], [-122.8582, 41.781]]], [[[-122.8881, 41.7806], [-122.8888, 41.7801], [-122.8881, 41.7798], [-122.8881, 41.7806]]], [[[-122.7591, 41.7833], [-122.7595, 41.7827], [-122.7591, 41.7827], [-122.7591, 41.7833]]], [[[-122.8942, 41.78], [-122.8945, 41.7797], [-122.8942, 41.7797], [-122.8942, 41.78]]], [[[-122.8888, 41.7801], [-122.8891, 41.7798], [-122.8888, 41.7798], [-122.8888, 41.7801]]], [[[-122.7808, 41.7839], [-122.7804, 41.7822], [-122.7775, 41.7828], [-122.7783, 41.7839], [-122.7808, 41.7839]], [[-122.7804, 41.7833], [-122.7797, 41.7836], [-122.7797, 41.7833], [-122.7804, 41.7833]], [[-122.7782, 41.7828], [-122.7779, 41.7831], [-122.7779, 41.7828], [-122.7782, 41.7828]]], [[[-122.8908, 41.7846], [-122.8918, 41.7827], [-122.8929, 41.7827], [-122.8917, 41.7811], [-122.8928, 41.7816], [-122.8946, 41.7813], [-122.8943, 41.7818], [-122.8946, 41.7818], [-122.8946, 41.7821], [-122.895, 41.7821], [-122.895, 41.7824], [-122.8936, 41.7824], [-122.8932, 41.7835], [-122.8965, 41.7826], [-122.8964, 41.7821], [-122.8957, 41.7818], [-122.8964, 41.7813], [-122.8957, 41.7807], [-122.8942, 41.781], [-122.8938, 41.7802], [-122.892, 41.78], [-122.892, 41.7795], [-122.891, 41.7814], [-122.8918, 41.7822], [-122.8899, 41.7819], [-122.8895, 41.7811], [-122.8892, 41.7814], [-122.8888, 41.7812], [-122.8881, 41.7812], [-122.8889, 41.7828], [-122.8878, 41.7831], [-122.8889, 41.7839], [-122.89, 41.7836], [-122.8908, 41.7846]], [[-122.8911, 41.7838], [-122.8904, 41.7836], [-122.8907, 41.783], [-122.8911, 41.783], [-122.8911, 41.7838]], [[-122.8953, 41.7816], [-122.895, 41.7821], [-122.895, 41.7816], [-122.8953, 41.7816]]], [[[-122.8999, 41.7796], [-122.9003, 41.7793], [-122.8999, 41.7793], [-122.8999, 41.7796]]], [[[-122.7825, 41.7822], [-122.7832, 41.7819], [-122.7825, 41.7819], [-122.7825, 41.7822]]], [[[-122.9456, 41.7937], [-122.9455, 41.7923], [-122.9448, 41.7923], [-122.9444, 41.7912], [-122.9433, 41.7905], [-122.9415, 41.7908], [-122.9418, 41.79], [-122.9411, 41.79], [-122.9403, 41.7884], [-122.94, 41.7889], [-122.9392, 41.7887], [-122.9385, 41.7873], [-122.9384, 41.7868], [-122.9392, 41.7873], [-122.9402, 41.7867], [-122.9403, 41.7876], [-122.9414, 41.7875], [-122.9438, 41.7861], [-122.9438, 41.785], [-122.9409, 41.7854], [-122.9409, 41.7859], [-122.9395, 41.7862], [-122.9391, 41.7857], [-122.9398, 41.7854], [-122.9391, 41.7849], [-122.9376, 41.7849], [-122.9383, 41.783], [-122.939, 41.783], [-122.939, 41.7827], [-122.9383, 41.7825], [-122.9386, 41.7822], [-122.9397, 41.7824], [-122.9386, 41.7814], [-122.94, 41.7816], [-122.9396, 41.7792], [-122.9414, 41.7789], [-122.9428, 41.7799], [-122.9439, 41.7796], [-122.9439, 41.7788], [-122.9413, 41.7781], [-122.9417, 41.7786], [-122.9392, 41.7789], [-122.9377, 41.7784], [-122.9378, 41.7792], [-122.9363, 41.7795], [-122.936, 41.7806], [-122.9368, 41.7809], [-122.9361, 41.7814], [-122.9371, 41.7814], [-122.9371, 41.7817], [-122.9375, 41.7817], [-122.9375, 41.7819], [-122.9372, 41.783], [-122.9361, 41.7828], [-122.9358, 41.7839], [-122.9351, 41.7839], [-122.9369, 41.7852], [-122.9359, 41.7858], [-122.9362, 41.786], [-122.9359, 41.7866], [-122.9355, 41.7863], [-122.9348, 41.7863], [-122.9344, 41.7858], [-122.9351, 41.7844], [-122.9336, 41.7842], [-122.9336, 41.782], [-122.9328, 41.7818], [-122.9317, 41.7818], [-122.9307, 41.7826], [-122.9299, 41.7816], [-122.932, 41.7794], [-122.9338, 41.779], [-122.9306, 41.7791], [-122.9295, 41.7805], [-122.9288, 41.7805], [-122.9292, 41.7813], [-122.9289, 41.7816], [-122.9293, 41.7846], [-122.929, 41.7862], [-122.9298, 41.7864], [-122.9291, 41.7873], [-122.9298, 41.7873], [-122.9298, 41.787], [-122.9302, 41.787], [-122.9302, 41.7875], [-122.9291, 41.7875], [-122.9292, 41.7902], [-122.9303, 41.791], [-122.9289, 41.7905], [-122.929, 41.7935], [-122.9427, 41.7935], [-122.9434, 41.7926], [-122.9434, 41.7937], [-122.9456, 41.7937]], [[-122.9376, 41.7928], [-122.9373, 41.7933], [-122.9372, 41.7928], [-122.9376, 41.7928]], [[-122.9337, 41.7934], [-122.9304, 41.7921], [-122.9321, 41.7907], [-122.9313, 41.7894], [-122.9324, 41.7899], [-122.9331, 41.7893], [-122.9335, 41.7893], [-122.9335, 41.7896], [-122.9349, 41.7896], [-122.9337, 41.7934]], [[-122.9358, 41.7931], [-122.9351, 41.7928], [-122.9351, 41.7923], [-122.9358, 41.7923], [-122.9358, 41.7931]], [[-122.9401, 41.7924], [-122.9398, 41.7927], [-122.9398, 41.7924], [-122.9401, 41.7924]], [[-122.9372, 41.7922], [-122.9369, 41.7925], [-122.9369, 41.7922], [-122.9372, 41.7922]], [[-122.9444, 41.7918], [-122.9441, 41.7921], [-122.9441, 41.7918], [-122.9444, 41.7918]], [[-122.943, 41.7921], [-122.9423, 41.7921], [-122.9415, 41.7916], [-122.9426, 41.7916], [-122.943, 41.7921]], [[-122.9408, 41.7919], [-122.9405, 41.7921], [-122.9405, 41.7919], [-122.9408, 41.7919]], [[-122.9365, 41.792], [-122.9361, 41.7922], [-122.9361, 41.792], [-122.9365, 41.792]], [[-122.9354, 41.7915], [-122.935, 41.792], [-122.935, 41.7915], [-122.9354, 41.7915]], [[-122.9415, 41.7908], [-122.9412, 41.7916], [-122.9411, 41.7908], [-122.9415, 41.7908]], [[-122.9408, 41.7913], [-122.9404, 41.7916], [-122.9404, 41.7913], [-122.9408, 41.7913]], [[-122.93, 41.7913], [-122.9296, 41.7916], [-122.9296, 41.7913], [-122.93, 41.7913]], [[-122.9307, 41.791], [-122.9303, 41.7913], [-122.9303, 41.791], [-122.9307, 41.791]], [[-122.9379, 41.79], [-122.9375, 41.7906], [-122.9375, 41.7901], [-122.9379, 41.79]], [[-122.9361, 41.7904], [-122.9357, 41.7906], [-122.9357, 41.7904], [-122.9361, 41.7904]], [[-122.9314, 41.7902], [-122.931, 41.7905], [-122.931, 41.7902], [-122.9314, 41.7902]], [[-122.9375, 41.7892], [-122.9371, 41.7901], [-122.9371, 41.7893], [-122.9375, 41.7892]], [[-122.9338, 41.7888], [-122.9335, 41.7893], [-122.9331, 41.7888], [-122.9338, 41.7888]], [[-122.9363, 41.7885], [-122.936, 41.7887], [-122.936, 41.7885], [-122.9363, 41.7885]], [[-122.9353, 41.7888], [-122.9324, 41.7885], [-122.9333, 41.785], [-122.9341, 41.7853], [-122.9337, 41.7864], [-122.9355, 41.7866], [-122.9353, 41.7888]], [[-122.932, 41.7883], [-122.9317, 41.7886], [-122.9317, 41.7883], [-122.932, 41.7883]], [[-122.9309, 41.7883], [-122.9306, 41.7886], [-122.9306, 41.7883], [-122.9309, 41.7883]], [[-122.9313, 41.7878], [-122.9309, 41.788], [-122.9309, 41.7878], [-122.9313, 41.7878]], [[-122.9323, 41.7872], [-122.932, 41.7875], [-122.932, 41.7872], [-122.9323, 41.7872]], [[-122.9366, 41.7868], [-122.9359, 41.7871], [-122.9359, 41.7868], [-122.9366, 41.7868]], [[-122.9377, 41.7865], [-122.9374, 41.7868], [-122.9373, 41.7865], [-122.9377, 41.7865]], [[-122.937, 41.7865], [-122.9366, 41.7868], [-122.9366, 41.7866], [-122.937, 41.7865]], [[-122.9323, 41.7867], [-122.932, 41.7869], [-122.9319, 41.7867], [-122.9323, 41.7867]], [[-122.9305, 41.7867], [-122.9302, 41.787], [-122.9301, 41.7867], [-122.9305, 41.7867]], [[-122.9395, 41.7862], [-122.9391, 41.7865], [-122.9391, 41.7862], [-122.9395, 41.7862]], [[-122.9373, 41.7863], [-122.937, 41.7865], [-122.937, 41.7863], [-122.9373, 41.7863]], [[-122.937, 41.786], [-122.9366, 41.7863], [-122.9366, 41.786], [-122.937, 41.786]], [[-122.9373, 41.7849], [-122.9369, 41.7852], [-122.9369, 41.7849], [-122.9373, 41.7849]], [[-122.9369, 41.7844], [-122.9365, 41.7847], [-122.9365, 41.7844], [-122.9369, 41.7844]], [[-122.93, 41.7843], [-122.9293, 41.7846], [-122.9293, 41.7843], [-122.93, 41.7843]], [[-122.9386, 41.7816], [-122.9382, 41.7819], [-122.9382, 41.7816], [-122.9386, 41.7816]], [[-122.9379, 41.7814], [-122.9375, 41.7817], [-122.9375, 41.7814], [-122.9379, 41.7814]], [[-122.9296, 41.7816], [-122.9292, 41.7819], [-122.9292, 41.7816], [-122.9296, 41.7816]], [[-122.9385, 41.7803], [-122.9382, 41.7808], [-122.9382, 41.7803], [-122.9385, 41.7803]], [[-122.9392, 41.78], [-122.9389, 41.7805], [-122.9385, 41.78], [-122.9392, 41.78]], [[-122.9385, 41.7792], [-122.9381, 41.7795], [-122.9381, 41.7792], [-122.9385, 41.7792]]], [[[-122.8895, 41.7803], [-122.8902, 41.7795], [-122.8895, 41.7793], [-122.8895, 41.7803]]], [[[-122.9446, 41.7791], [-122.9446, 41.7785], [-122.9453, 41.7785], [-122.9453, 41.778], [-122.9439, 41.7785], [-122.9446, 41.7791]]], [[[-122.8949, 41.7797], [-122.8956, 41.7794], [-122.8949, 41.7791], [-122.8949, 41.7797]]], [[[-122.8924, 41.7797], [-122.8931, 41.7794], [-122.8923, 41.7792], [-122.8924, 41.7797]]], [[[-122.9424, 41.7783], [-122.9428, 41.778], [-122.9424, 41.778], [-122.9424, 41.7783]]], [[[-122.9388, 41.7784], [-122.9392, 41.7781], [-122.9388, 41.7781], [-122.9388, 41.7784]]], [[[-122.9129, 41.779], [-122.9132, 41.7787], [-122.9129, 41.7787], [-122.9129, 41.779]]], [[[-122.9118, 41.779], [-122.9122, 41.7787], [-122.9118, 41.7787], [-122.9118, 41.779]]], [[[-122.9107, 41.779], [-122.9111, 41.7788], [-122.9107, 41.7788], [-122.9107, 41.779]]], [[[-122.888, 41.7796], [-122.8884, 41.7793], [-122.888, 41.7793], [-122.888, 41.7796]]], [[[-122.7775, 41.782], [-122.7778, 41.7818], [-122.7775, 41.7818], [-122.7775, 41.782]]], [[[-122.8996, 41.7793], [-122.8999, 41.7787], [-122.8995, 41.7788], [-122.8996, 41.7793]]], [[[-122.9453, 41.778], [-122.9456, 41.7777], [-122.9453, 41.7777], [-122.9453, 41.778]]], [[[-122.9132, 41.7787], [-122.9136, 41.7784], [-122.9132, 41.7784], [-122.9132, 41.7787]]], [[[-122.7811, 41.7817], [-122.7818, 41.7817], [-122.7821, 41.7814], [-122.7811, 41.7817]]], [[[-122.7587, 41.7822], [-122.7591, 41.7819], [-122.7587, 41.7819], [-122.7587, 41.7822]]], [[[-122.9374, 41.7787], [-122.9374, 41.7781], [-122.9384, 41.7781], [-122.9384, 41.7776], [-122.937, 41.7776], [-122.9374, 41.7787]]], [[[-122.9046, 41.7786], [-122.9049, 41.7784], [-122.9046, 41.7784], [-122.9046, 41.7786]]], [[[-122.8873, 41.779], [-122.8876, 41.7788], [-122.8873, 41.7788], [-122.8873, 41.779]]], [[[-122.9154, 41.7789], [-122.9157, 41.7781], [-122.915, 41.7779], [-122.9147, 41.7787], [-122.9154, 41.7789]]], [[[-122.7595, 41.7819], [-122.7602, 41.7813], [-122.7594, 41.7814], [-122.7595, 41.7819]]], [[[-122.9409, 41.7775], [-122.9413, 41.7772], [-122.9409, 41.7773], [-122.9409, 41.7775]]], [[[-122.9121, 41.7782], [-122.9125, 41.7779], [-122.9121, 41.7779], [-122.9121, 41.7782]]], [[[-122.7793, 41.7812], [-122.7796, 41.7809], [-122.7792, 41.7809], [-122.7793, 41.7812]]], [[[-122.7789, 41.782], [-122.7785, 41.7807], [-122.7771, 41.7812], [-122.7771, 41.7818], [-122.7778, 41.7815], [-122.7789, 41.782]]], [[[-122.7861, 41.7813], [-122.7864, 41.7808], [-122.7854, 41.7805], [-122.7854, 41.7811], [-122.7861, 41.7813]]], [[[-122.9147, 41.7784], [-122.9146, 41.7776], [-122.9139, 41.7776], [-122.9136, 41.7784], [-122.9147, 41.7784]]], [[[-122.9103, 41.778], [-122.9107, 41.7777], [-122.9103, 41.7777], [-122.9103, 41.778]]], [[[-122.8837, 41.7786], [-122.884, 41.7783], [-122.8837, 41.7783], [-122.8837, 41.7786]]], [[[-122.781, 41.7809], [-122.7814, 41.7806], [-122.781, 41.7806], [-122.781, 41.7809]]], [[[-122.785, 41.7813], [-122.785, 41.7805], [-122.7843, 41.7803], [-122.7839, 41.7808], [-122.785, 41.7813]]], [[[-122.7825, 41.7814], [-122.7832, 41.7808], [-122.7825, 41.7803], [-122.7825, 41.7814]]], [[[-122.9038, 41.7781], [-122.9045, 41.7776], [-122.9042, 41.7776], [-122.9038, 41.7781]]], [[[-122.785, 41.7805], [-122.7853, 41.7802], [-122.785, 41.7802], [-122.785, 41.7805]]], [[[-122.9369, 41.7768], [-122.9373, 41.7765], [-122.9369, 41.7765], [-122.9369, 41.7768]]], [[[-122.7601, 41.7808], [-122.7605, 41.7805], [-122.7601, 41.7805], [-122.7601, 41.7808]]], [[[-122.9463, 41.7771], [-122.9467, 41.7763], [-122.9456, 41.7761], [-122.9463, 41.7771]]], [[[-122.9118, 41.7787], [-122.9118, 41.7779], [-122.9128, 41.7776], [-122.9128, 41.7768], [-122.9107, 41.7774], [-122.9114, 41.7777], [-122.9111, 41.7788], [-122.9118, 41.7787]], [[-122.9117, 41.7774], [-122.9114, 41.7777], [-122.9114, 41.7774], [-122.9117, 41.7774]]], [[[-122.9377, 41.7765], [-122.938, 41.7762], [-122.9376, 41.7762], [-122.9377, 41.7765]]], [[[-122.9269, 41.7768], [-122.9283, 41.7765], [-122.9268, 41.7765], [-122.9269, 41.7768]]], [[[-122.9034, 41.7773], [-122.9042, 41.777], [-122.9034, 41.777], [-122.9034, 41.7773]]], [[[-122.9369, 41.7763], [-122.9373, 41.776], [-122.9369, 41.776], [-122.9369, 41.7763]]], [[[-122.9117, 41.7768], [-122.9124, 41.7766], [-122.9117, 41.7766], [-122.9117, 41.7768]]], [[[-122.8638, 41.7779], [-122.8642, 41.7777], [-122.8638, 41.7777], [-122.8638, 41.7779]]], [[[-122.7594, 41.7803], [-122.7597, 41.78], [-122.7594, 41.78], [-122.7594, 41.7803]]], [[[-122.8869, 41.779], [-122.8869, 41.7782], [-122.8851, 41.778], [-122.8854, 41.7774], [-122.8836, 41.777], [-122.8847, 41.7775], [-122.8847, 41.778], [-122.884, 41.7778], [-122.8844, 41.7791], [-122.8869, 41.779]]], [[[-122.9448, 41.7761], [-122.9452, 41.7755], [-122.9448, 41.7755], [-122.9448, 41.7761]]], [[[-122.9387, 41.7759], [-122.9391, 41.7757], [-122.9387, 41.7757], [-122.9387, 41.7759]]], [[[-122.9276, 41.7762], [-122.9279, 41.7759], [-122.9275, 41.7759], [-122.9276, 41.7762]]], [[[-122.9427, 41.7756], [-122.943, 41.7753], [-122.9427, 41.7753], [-122.9427, 41.7756]]], [[[-122.9265, 41.776], [-122.9268, 41.7757], [-122.9264, 41.7757], [-122.9265, 41.776]]], [[[-122.9128, 41.7763], [-122.9131, 41.776], [-122.9128, 41.776], [-122.9128, 41.7763]]], [[[-122.8865, 41.7769], [-122.8868, 41.7766], [-122.8865, 41.7766], [-122.8865, 41.7769]]], [[[-122.7608, 41.7797], [-122.7615, 41.7794], [-122.7608, 41.7794], [-122.7608, 41.7797]]], [[[-122.893, 41.7775], [-122.8929, 41.7762], [-122.8922, 41.7762], [-122.8915, 41.777], [-122.893, 41.7775]]], [[[-122.8865, 41.7777], [-122.8861, 41.7764], [-122.885, 41.7766], [-122.8858, 41.7769], [-122.8854, 41.7774], [-122.8865, 41.7777]]], [[[-122.929, 41.7759], [-122.9293, 41.7754], [-122.929, 41.7754], [-122.929, 41.7759]]], [[[-122.8832, 41.777], [-122.8836, 41.7764], [-122.8832, 41.7764], [-122.8832, 41.777]]], [[[-122.768, 41.7795], [-122.768, 41.779], [-122.7669, 41.7793], [-122.7669, 41.7796], [-122.768, 41.7795]]], [[[-122.9369, 41.7755], [-122.9376, 41.7752], [-122.9369, 41.7752], [-122.9369, 41.7755]]], [[[-122.7604, 41.7794], [-122.7608, 41.7792], [-122.7604, 41.7792], [-122.7604, 41.7794]]], [[[-122.7576, 41.7795], [-122.7579, 41.7792], [-122.7575, 41.7792], [-122.7576, 41.7795]]], [[[-122.8915, 41.7762], [-122.8919, 41.7759], [-122.8915, 41.776], [-122.8915, 41.7762]]], [[[-122.8854, 41.7764], [-122.8857, 41.7761], [-122.8854, 41.7761], [-122.8854, 41.7764]]], [[[-122.7918, 41.7785], [-122.7921, 41.7782], [-122.7918, 41.7782], [-122.7918, 41.7785]]], [[[-122.7601, 41.7792], [-122.7604, 41.7789], [-122.7601, 41.7789], [-122.7601, 41.7792]]], [[[-122.9391, 41.7754], [-122.9398, 41.7751], [-122.9394, 41.7746], [-122.9368, 41.7744], [-122.9391, 41.7754]]], [[[-122.7597, 41.7789], [-122.7593, 41.7784], [-122.7586, 41.7784], [-122.759, 41.7789], [-122.7597, 41.7789]]], [[[-122.9469, 41.7744], [-122.9473, 41.7741], [-122.9469, 41.7741], [-122.9469, 41.7744]]], [[[-122.8843, 41.7764], [-122.8839, 41.7756], [-122.8832, 41.7753], [-122.8828, 41.7759], [-122.8843, 41.7764]]], [[[-122.7582, 41.7787], [-122.7582, 41.7781], [-122.7575, 41.7781], [-122.7575, 41.7784], [-122.7582, 41.7787]]], [[[-122.9383, 41.7743], [-122.9386, 41.7741], [-122.9383, 41.7741], [-122.9383, 41.7743]]], [[[-122.768, 41.7785], [-122.7679, 41.7776], [-122.7672, 41.7777], [-122.7673, 41.7785], [-122.768, 41.7785]]], [[[-122.8825, 41.7772], [-122.8825, 41.7759], [-122.8803, 41.7749], [-122.8803, 41.7762], [-122.8825, 41.7772]]], [[[-122.9041, 41.7746], [-122.9044, 41.7743], [-122.904, 41.7743], [-122.9041, 41.7746]]], [[[-122.7669, 41.7777], [-122.7672, 41.7774], [-122.7668, 41.7774], [-122.7669, 41.7777]]], [[[-122.7661, 41.7777], [-122.7665, 41.7774], [-122.7661, 41.7774], [-122.7661, 41.7777]]], [[[-122.7666, 41.7796], [-122.7647, 41.7774], [-122.764, 41.7775], [-122.764, 41.7783], [-122.7633, 41.7783], [-122.7636, 41.7775], [-122.7593, 41.7776], [-122.7608, 41.7789], [-122.7615, 41.7783], [-122.7619, 41.7797], [-122.7626, 41.7794], [-122.7637, 41.7794], [-122.7637, 41.7796], [-122.7666, 41.7796]], [[-122.7648, 41.7791], [-122.7637, 41.7794], [-122.7633, 41.7788], [-122.764, 41.7785], [-122.764, 41.7791], [-122.7648, 41.7791]], [[-122.7651, 41.7788], [-122.7648, 41.7791], [-122.7647, 41.7788], [-122.7651, 41.7788]]], [[[-122.7575, 41.7779], [-122.7589, 41.7776], [-122.7575, 41.7776], [-122.7575, 41.7779]]], [[[-122.8898, 41.779], [-122.889, 41.7776], [-122.8905, 41.7787], [-122.8911, 41.776], [-122.8839, 41.7745], [-122.8839, 41.775], [-122.8868, 41.7761], [-122.8876, 41.7785], [-122.8898, 41.779]], [[-122.889, 41.7776], [-122.888, 41.7777], [-122.8876, 41.7769], [-122.8883, 41.7766], [-122.889, 41.7776]], [[-122.8875, 41.7758], [-122.8872, 41.7761], [-122.8872, 41.7758], [-122.8875, 41.7758]], [[-122.8871, 41.7752], [-122.8868, 41.7755], [-122.8868, 41.7753], [-122.8871, 41.7752]]], [[[-122.9383, 41.7738], [-122.9386, 41.773], [-122.9371, 41.773], [-122.9372, 41.7735], [-122.9383, 41.7738]]], [[[-122.9141, 41.7738], [-122.9145, 41.7735], [-122.9141, 41.7735], [-122.9141, 41.7738]]], [[[-122.8835, 41.7745], [-122.8839, 41.7742], [-122.8835, 41.7742], [-122.8835, 41.7745]]], [[[-122.9148, 41.7733], [-122.9156, 41.7738], [-122.9155, 41.773], [-122.9148, 41.7733]]], [[[-122.9364, 41.773], [-122.9371, 41.7725], [-122.9364, 41.7725], [-122.9364, 41.773]]], [[[-122.8993, 41.7739], [-122.8997, 41.7733], [-122.8993, 41.7733], [-122.8993, 41.7739]]], [[[-122.8825, 41.7756], [-122.8824, 41.7743], [-122.8802, 41.7735], [-122.8803, 41.7746], [-122.8825, 41.7756]]], [[[-122.9047, 41.7735], [-122.9051, 41.7729], [-122.9047, 41.7729], [-122.9047, 41.7735]]], [[[-122.9159, 41.773], [-122.9162, 41.7727], [-122.9159, 41.7727], [-122.9159, 41.773]]], [[[-122.913, 41.773], [-122.9134, 41.7727], [-122.913, 41.7728], [-122.913, 41.773]]], [[[-122.9112, 41.7731], [-122.9119, 41.7728], [-122.9112, 41.7728], [-122.9112, 41.7731]]], [[[-122.9065, 41.7729], [-122.9069, 41.7732], [-122.9076, 41.7729], [-122.9065, 41.7729]]], [[[-122.9134, 41.7727], [-122.9137, 41.7725], [-122.9133, 41.7725], [-122.9134, 41.7727]]], [[[-122.9159, 41.7724], [-122.9162, 41.7721], [-122.9159, 41.7721], [-122.9159, 41.7724]]], [[[-122.9007, 41.7728], [-122.9014, 41.7725], [-122.9014, 41.7719], [-122.9004, 41.7722], [-122.9007, 41.7728]]], [[[-122.9, 41.7722], [-122.9003, 41.772], [-122.9, 41.772], [-122.9, 41.7722]]], [[[-122.7988, 41.7745], [-122.7995, 41.7742], [-122.7988, 41.7743], [-122.7988, 41.7745]]], [[[-122.9386, 41.7727], [-122.9385, 41.7716], [-122.9367, 41.7709], [-122.9364, 41.7722], [-122.9371, 41.7722], [-122.9367, 41.7719], [-122.9371, 41.7714], [-122.9375, 41.7725], [-122.9378, 41.7725], [-122.9379, 41.7727], [-122.9386, 41.7727]], [[-122.9382, 41.7719], [-122.9378, 41.7725], [-122.9378, 41.7719], [-122.9382, 41.7719]]], [[[-122.9103, 41.7861], [-122.9105, 41.7834], [-122.9084, 41.7831], [-122.908, 41.7837], [-122.9055, 41.7827], [-122.9054, 41.7821], [-122.9072, 41.7821], [-122.9072, 41.7816], [-122.9087, 41.7812], [-122.9087, 41.7818], [-122.9094, 41.7818], [-122.9102, 41.7828], [-122.9105, 41.7826], [-122.9103, 41.7785], [-122.9096, 41.7785], [-122.9103, 41.7782], [-122.9103, 41.778], [-122.9096, 41.778], [-122.9103, 41.7774], [-122.9099, 41.7763], [-122.9114, 41.7769], [-122.912, 41.7752], [-122.9135, 41.7752], [-122.9131, 41.7765], [-122.9139, 41.7765], [-122.9138, 41.776], [-122.9142, 41.776], [-122.9139, 41.7771], [-122.9146, 41.7771], [-122.9146, 41.7768], [-122.9153, 41.7768], [-122.9146, 41.7776], [-122.9157, 41.7776], [-122.9163, 41.7738], [-122.9159, 41.7743], [-122.9138, 41.7744], [-122.9137, 41.7733], [-122.9127, 41.7733], [-122.9105, 41.7744], [-122.9112, 41.7739], [-122.9105, 41.7734], [-122.9108, 41.7723], [-122.9094, 41.7723], [-122.9094, 41.7728], [-122.908, 41.7729], [-122.9069, 41.774], [-122.9055, 41.7735], [-122.9048, 41.774], [-122.9062, 41.7743], [-122.9055, 41.7754], [-122.9044, 41.7746], [-122.9037, 41.7757], [-122.9027, 41.7757], [-122.9037, 41.7751], [-122.9026, 41.7743], [-122.9029, 41.7733], [-122.9036, 41.7732], [-122.9033, 41.7743], [-122.904, 41.7743], [-122.9043, 41.7727], [-122.9054, 41.7729], [-122.9054, 41.7721], [-122.9065, 41.7726], [-122.9061, 41.7716], [-122.9021, 41.7717], [-122.9022, 41.7727], [-122.9007, 41.7728], [-122.9008, 41.7736], [-122.8997, 41.7741], [-122.8994, 41.7742], [-122.8993, 41.7739], [-122.899, 41.7739], [-122.8989, 41.7717], [-122.8971, 41.772], [-122.8967, 41.7796], [-122.8989, 41.7796], [-122.8985, 41.779], [-122.9002, 41.7782], [-122.901, 41.7798], [-122.9003, 41.7795], [-122.9, 41.7806], [-122.8989, 41.7809], [-122.8993, 41.7825], [-122.9007, 41.7817], [-122.9001, 41.7836], [-122.9019, 41.783], [-122.9016, 41.7841], [-122.9023, 41.7849], [-122.9055, 41.7846], [-122.9055, 41.784], [-122.9073, 41.7843], [-122.9081, 41.785], [-122.9078, 41.7861], [-122.9103, 41.7861]], [[-122.9091, 41.7839], [-122.9084, 41.7842], [-122.9084, 41.784], [-122.9091, 41.7839]], [[-122.9066, 41.7832], [-122.9059, 41.7835], [-122.9059, 41.7832], [-122.9066, 41.7832]], [[-122.9101, 41.7818], [-122.9098, 41.782], [-122.9098, 41.7818], [-122.9101, 41.7818]], [[-122.9097, 41.7815], [-122.9094, 41.7818], [-122.9094, 41.7815], [-122.9097, 41.7815]], [[-122.9022, 41.7817], [-122.9015, 41.7817], [-122.9015, 41.7814], [-122.9011, 41.7812], [-122.9007, 41.7814], [-122.9, 41.7812], [-122.9021, 41.7806], [-122.9025, 41.7811], [-122.9022, 41.7817]], [[-122.9036, 41.7814], [-122.9029, 41.7808], [-122.9032, 41.7803], [-122.9043, 41.7808], [-122.9036, 41.7814]], [[-122.9, 41.7809], [-122.8996, 41.7812], [-122.8996, 41.7809], [-122.9, 41.7809]], [[-122.91, 41.7796], [-122.9097, 41.7799], [-122.9097, 41.7796], [-122.91, 41.7796]], [[-122.9086, 41.7796], [-122.9082, 41.7799], [-122.9082, 41.7796], [-122.9086, 41.7796]], [[-122.9082, 41.7788], [-122.9078, 41.7791], [-122.9078, 41.7788], [-122.9082, 41.7788]], [[-122.9053, 41.7789], [-122.9046, 41.7786], [-122.9042, 41.7786], [-122.9039, 41.7789], [-122.9039, 41.7784], [-122.9031, 41.7787], [-122.9035, 41.7781], [-122.9034, 41.7773], [-122.9031, 41.777], [-122.9034, 41.7768], [-122.9027, 41.7768], [-122.9049, 41.7765], [-122.9048, 41.7757], [-122.9059, 41.7762], [-122.9049, 41.7773], [-122.9049, 41.7784], [-122.906, 41.7778], [-122.9053, 41.7789]], [[-122.9071, 41.7778], [-122.9067, 41.778], [-122.9067, 41.7778], [-122.9071, 41.7778]], [[-122.8999, 41.7782], [-122.8992, 41.7782], [-122.8991, 41.7771], [-122.8995, 41.7771], [-122.8999, 41.7782]], [[-122.9031, 41.7773], [-122.9024, 41.7779], [-122.9024, 41.7773], [-122.9031, 41.7773]], [[-122.9063, 41.7772], [-122.906, 41.7775], [-122.906, 41.7772], [-122.9063, 41.7772]], [[-122.902, 41.7773], [-122.9017, 41.7776], [-122.9016, 41.7773], [-122.902, 41.7773]], [[-122.9157, 41.7765], [-122.9153, 41.7768], [-122.9153, 41.7765], [-122.9157, 41.7765]], [[-122.907, 41.7761], [-122.906, 41.777], [-122.9063, 41.7762], [-122.907, 41.7761]], [[-122.902, 41.7768], [-122.9013, 41.7771], [-122.9013, 41.7768], [-122.902, 41.7768]], [[-122.8991, 41.7771], [-122.8984, 41.7761], [-122.8994, 41.775], [-122.899, 41.7755], [-122.8991, 41.7771]], [[-122.9023, 41.7763], [-122.902, 41.7765], [-122.902, 41.7763], [-122.9023, 41.7763]], [[-122.9146, 41.7757], [-122.9142, 41.776], [-122.9142, 41.7757], [-122.9146, 41.7757]], [[-122.902, 41.776], [-122.9016, 41.7763], [-122.9016, 41.776], [-122.902, 41.776]], [[-122.9077, 41.7753], [-122.9055, 41.7756], [-122.9077, 41.775], [-122.9077, 41.7753]], [[-122.9044, 41.7754], [-122.9041, 41.7759], [-122.9041, 41.7754], [-122.9044, 41.7754]], [[-122.9027, 41.776], [-122.902, 41.776], [-122.9019, 41.7754], [-122.9023, 41.7754], [-122.9027, 41.776]], [[-122.9095, 41.7753], [-122.9091, 41.7756], [-122.9091, 41.7753], [-122.9095, 41.7753]], [[-122.9156, 41.7749], [-122.9149, 41.7751], [-122.9149, 41.7749], [-122.9156, 41.7749]], [[-122.9138, 41.7744], [-122.9134, 41.7746], [-122.9134, 41.7744], [-122.9138, 41.7744]], [[-122.908, 41.7742], [-122.9069, 41.7748], [-122.9069, 41.7745], [-122.908, 41.7742]], [[-122.9101, 41.7736], [-122.9095, 41.7745], [-122.9094, 41.7737], [-122.9101, 41.7736]], [[-122.9091, 41.7742], [-122.9087, 41.7745], [-122.9087, 41.7742], [-122.9091, 41.7742]], [[-122.9134, 41.7736], [-122.913, 41.7741], [-122.913, 41.7736], [-122.9134, 41.7736]], [[-122.9094, 41.7734], [-122.908, 41.774], [-122.9083, 41.7731], [-122.9094, 41.7734]], [[-122.9008, 41.7739], [-122.9004, 41.7741], [-122.9004, 41.7739], [-122.9008, 41.7739]], [[-122.8986, 41.7736], [-122.8979, 41.7742], [-122.8979, 41.7734], [-122.8986, 41.7736]], [[-122.9026, 41.7735], [-122.9022, 41.7738], [-122.9022, 41.7735], [-122.9026, 41.7735]], [[-122.9098, 41.7731], [-122.9094, 41.7734], [-122.9094, 41.7731], [-122.9098, 41.7731]], [[-122.9022, 41.773], [-122.9018, 41.7733], [-122.9018, 41.773], [-122.9022, 41.773]], [[-122.9101, 41.7726], [-122.9098, 41.7728], [-122.9097, 41.7726], [-122.9101, 41.7726]], [[-122.904, 41.7727], [-122.9036, 41.773], [-122.9036, 41.7727], [-122.904, 41.7727]], [[-122.9047, 41.7721], [-122.9043, 41.7724], [-122.9043, 41.7721], [-122.9047, 41.7721]], [[-122.9029, 41.7719], [-122.9025, 41.7722], [-122.9025, 41.7719], [-122.9029, 41.7719]], [[-122.8985, 41.772], [-122.8982, 41.7723], [-122.8982, 41.772], [-122.8985, 41.772]]], [[[-122.9148, 41.7733], [-122.9158, 41.7716], [-122.9129, 41.7714], [-122.914, 41.7719], [-122.9137, 41.773], [-122.9148, 41.7733]], [[-122.9148, 41.7724], [-122.9144, 41.7727], [-122.9144, 41.7725], [-122.9148, 41.7724]], [[-122.9151, 41.7719], [-122.9144, 41.7722], [-122.9144, 41.7719], [-122.9151, 41.7719]]], [[[-122.9079, 41.7726], [-122.909, 41.772], [-122.9112, 41.7723], [-122.9119, 41.7714], [-122.9083, 41.7718], [-122.9079, 41.7726]]], [[[-122.9003, 41.772], [-122.9007, 41.7717], [-122.9003, 41.7717], [-122.9003, 41.772]]], [[[-122.8708, 41.7726], [-122.8712, 41.7724], [-122.8708, 41.7724], [-122.8708, 41.7726]]], [[[-122.8388, 41.7731], [-122.8391, 41.7728], [-122.8388, 41.7728], [-122.8388, 41.7731]]], [[[-122.8719, 41.7721], [-122.8722, 41.7718], [-122.8719, 41.7718], [-122.8719, 41.7721]]], [[[-122.8573, 41.7951], [-122.8573, 41.7943], [-122.8577, 41.7949], [-122.8587, 41.7946], [-122.8583, 41.7938], [-122.858, 41.7938], [-122.8583, 41.793], [-122.8615, 41.7926], [-122.8615, 41.7918], [-122.8619, 41.7918], [-122.8619, 41.7921], [-122.8626, 41.792], [-122.8616, 41.7948], [-122.863, 41.7945], [-122.8627, 41.7939], [-122.8637, 41.7928], [-122.8641, 41.7928], [-122.8644, 41.7934], [-122.8637, 41.7936], [-122.8641, 41.7944], [-122.867, 41.7941], [-122.8672, 41.7906], [-122.8722, 41.7899], [-122.8723, 41.7815], [-122.8715, 41.7813], [-122.8722, 41.7813], [-122.8722, 41.7799], [-122.8708, 41.7802], [-122.8696, 41.7789], [-122.8711, 41.7791], [-122.8714, 41.7786], [-122.8715, 41.7797], [-122.8722, 41.7791], [-122.8772, 41.7793], [-122.8771, 41.7776], [-122.8764, 41.7777], [-122.8764, 41.7768], [-122.8771, 41.7768], [-122.8764, 41.7763], [-122.8771, 41.776], [-122.8769, 41.7717], [-122.8729, 41.7718], [-122.873, 41.7731], [-122.8723, 41.7726], [-122.8712, 41.7729], [-122.8708, 41.7726], [-122.8701, 41.7727], [-122.8708, 41.7724], [-122.8704, 41.7718], [-122.8697, 41.7724], [-122.869, 41.7719], [-122.8625, 41.772], [-122.8622, 41.7728], [-122.8618, 41.772], [-122.8578, 41.7721], [-122.8582, 41.7724], [-122.8575, 41.7729], [-122.8581, 41.78], [-122.8574, 41.78], [-122.8575, 41.7808], [-122.8582, 41.7808], [-122.8582, 41.7802], [-122.8589, 41.7802], [-122.8589, 41.7799], [-122.8592, 41.7799], [-122.8592, 41.7805], [-122.8585, 41.7805], [-122.8593, 41.7813], [-122.8568, 41.7824], [-122.8564, 41.7819], [-122.855, 41.7819], [-122.8554, 41.7825], [-122.8546, 41.7819], [-122.8539, 41.7825], [-122.8521, 41.7823], [-122.8519, 41.785], [-122.8526, 41.7852], [-122.8526, 41.786], [-122.8522, 41.7855], [-122.8497, 41.7861], [-122.8494, 41.7875], [-122.8494, 41.7861], [-122.8465, 41.7867], [-122.8473, 41.7872], [-122.8466, 41.7881], [-122.8469, 41.7881], [-122.847, 41.7886], [-122.8473, 41.7886], [-122.8477, 41.7891], [-122.8466, 41.7894], [-122.8467, 41.7908], [-122.8478, 41.7908], [-122.8477, 41.7899], [-122.852, 41.7896], [-122.8524, 41.7888], [-122.8531, 41.7887], [-122.8528, 41.7896], [-122.8538, 41.7895], [-122.8546, 41.7903], [-122.8543, 41.7912], [-122.855, 41.7911], [-122.8549, 41.7901], [-122.8553, 41.7906], [-122.8564, 41.7897], [-122.8582, 41.7902], [-122.8564, 41.7916], [-122.8572, 41.7927], [-122.8562, 41.7935], [-122.8558, 41.793], [-122.8547, 41.793], [-122.8555, 41.7952], [-122.8562, 41.7946], [-122.8573, 41.7951]], [[-122.8558, 41.7936], [-122.8555, 41.7938], [-122.8554, 41.7936], [-122.8558, 41.7936]], [[-122.8644, 41.7928], [-122.8637, 41.7926], [-122.864, 41.7917], [-122.8648, 41.792], [-122.8644, 41.7928]], [[-122.8601, 41.7921], [-122.8597, 41.7924], [-122.8597, 41.7921], [-122.8601, 41.7921]], [[-122.8593, 41.7921], [-122.8586, 41.7924], [-122.8586, 41.7921], [-122.8593, 41.7921]], [[-122.8629, 41.7918], [-122.8626, 41.792], [-122.8626, 41.7918], [-122.8629, 41.7918]], [[-122.8604, 41.7921], [-122.8597, 41.7913], [-122.8625, 41.7899], [-122.8625, 41.7907], [-122.8618, 41.7904], [-122.8604, 41.7921]], [[-122.8597, 41.7918], [-122.8593, 41.7921], [-122.8593, 41.7918], [-122.8597, 41.7918]], [[-122.8622, 41.7915], [-122.8619, 41.7918], [-122.8618, 41.7915], [-122.8622, 41.7915]], [[-122.8658, 41.7909], [-122.8654, 41.7914], [-122.8654, 41.7909], [-122.8658, 41.7909]], [[-122.8582, 41.7911], [-122.8579, 41.7913], [-122.8579, 41.7911], [-122.8582, 41.7911]], [[-122.8661, 41.7903], [-122.8651, 41.7909], [-122.865, 41.7901], [-122.8658, 41.7901], [-122.8661, 41.7903]], [[-122.8636, 41.7907], [-122.8633, 41.7909], [-122.8633, 41.7907], [-122.8636, 41.7907]], [[-122.864, 41.7904], [-122.8628, 41.7893], [-122.8611, 41.7902], [-122.86, 41.7899], [-122.86, 41.7897], [-122.8596, 41.7897], [-122.8596, 41.7891], [-122.8606, 41.7886], [-122.8596, 41.7889], [-122.8595, 41.7881], [-122.8646, 41.7888], [-122.865, 41.7898], [-122.864, 41.7904]], [[-122.8668, 41.7901], [-122.8658, 41.7901], [-122.8657, 41.7898], [-122.8668, 41.7895], [-122.8668, 41.7901]], [[-122.8693, 41.7892], [-122.869, 41.7897], [-122.869, 41.7892], [-122.8693, 41.7892]], [[-122.8585, 41.7897], [-122.8578, 41.79], [-122.8578, 41.7897], [-122.8585, 41.7897]], [[-122.8549, 41.789], [-122.8546, 41.7901], [-122.8545, 41.789], [-122.8549, 41.789]], [[-122.8711, 41.7894], [-122.8704, 41.7894], [-122.8704, 41.7889], [-122.8708, 41.7889], [-122.8711, 41.7894]], [[-122.8661, 41.7893], [-122.8654, 41.7895], [-122.8654, 41.7893], [-122.8661, 41.7893]], [[-122.8592, 41.7891], [-122.8585, 41.7897], [-122.8581, 41.7892], [-122.8592, 41.7891]], [[-122.8675, 41.789], [-122.8668, 41.7892], [-122.8668, 41.789], [-122.8675, 41.789]], [[-122.8654, 41.789], [-122.865, 41.7893], [-122.865, 41.789], [-122.8654, 41.789]], [[-122.8574, 41.7895], [-122.8567, 41.7889], [-122.8588, 41.7883], [-122.8589, 41.7889], [-122.8578, 41.7889], [-122.8574, 41.7895]], [[-122.8542, 41.7893], [-122.8538, 41.7895], [-122.8538, 41.7893], [-122.8542, 41.7893]], [[-122.8499, 41.7894], [-122.8495, 41.7896], [-122.8495, 41.7894], [-122.8499, 41.7894]], [[-122.8704, 41.7883], [-122.87, 41.7889], [-122.87, 41.7884], [-122.8704, 41.7883]], [[-122.8697, 41.7884], [-122.8693, 41.7889], [-122.8693, 41.7884], [-122.8697, 41.7884]], [[-122.8661, 41.789], [-122.8646, 41.7885], [-122.8653, 41.7877], [-122.8653, 41.7874], [-122.8649, 41.7874], [-122.8653, 41.7868], [-122.8649, 41.7868], [-122.8649, 41.7866], [-122.8645, 41.7863], [-122.8666, 41.7852], [-122.8677, 41.7854], [-122.8667, 41.786], [-122.867, 41.7863], [-122.8667, 41.7873], [-122.8678, 41.7865], [-122.8685, 41.7873], [-122.8682, 41.7873], [-122.8679, 41.7884], [-122.8661, 41.789]], [[-122.8563, 41.7889], [-122.856, 41.7892], [-122.856, 41.7889], [-122.8563, 41.7889]], [[-122.8495, 41.7891], [-122.8491, 41.7894], [-122.8491, 41.7891], [-122.8495, 41.7891]], [[-122.8567, 41.7887], [-122.8563, 41.7889], [-122.8563, 41.7887], [-122.8567, 41.7887]], [[-122.8711, 41.7881], [-122.8707, 41.7883], [-122.8707, 41.7881], [-122.8711, 41.7881]], [[-122.87, 41.7881], [-122.8697, 41.7884], [-122.8696, 41.7881], [-122.87, 41.7881]], [[-122.8642, 41.7885], [-122.8639, 41.7885], [-122.8639, 41.7882], [-122.8635, 41.7882], [-122.8639, 41.7877], [-122.8646, 41.7879], [-122.8642, 41.7885]], [[-122.8635, 41.7882], [-122.8632, 41.7885], [-122.8632, 41.7882], [-122.8635, 41.7882]], [[-122.8549, 41.7887], [-122.8542, 41.7887], [-122.8538, 41.7882], [-122.8545, 41.7879], [-122.8549, 41.7887]], [[-122.8707, 41.7881], [-122.87, 41.7881], [-122.87, 41.7875], [-122.8703, 41.7875], [-122.8707, 41.7881]], [[-122.8689, 41.7878], [-122.8682, 41.7881], [-122.8682, 41.7879], [-122.8689, 41.7878]], [[-122.8531, 41.7882], [-122.8527, 41.7885], [-122.8527, 41.7882], [-122.8531, 41.7882]], [[-122.8516, 41.7882], [-122.8509, 41.7885], [-122.8509, 41.7882], [-122.8516, 41.7882]], [[-122.8505, 41.7877], [-122.8502, 41.7885], [-122.8498, 41.7875], [-122.8505, 41.7877]], [[-122.8477, 41.7883], [-122.8473, 41.7886], [-122.8473, 41.7883], [-122.8477, 41.7883]], [[-122.8693, 41.7876], [-122.8689, 41.7878], [-122.8689, 41.7876], [-122.8693, 41.7876]], [[-122.8552, 41.7876], [-122.8549, 41.7882], [-122.8548, 41.7876], [-122.8552, 41.7876]], [[-122.8527, 41.7879], [-122.8523, 41.7882], [-122.8523, 41.7879], [-122.8527, 41.7879]], [[-122.852, 41.788], [-122.8516, 41.7882], [-122.8516, 41.788], [-122.852, 41.788]], [[-122.8487, 41.788], [-122.848, 41.7883], [-122.848, 41.788], [-122.8487, 41.788]], [[-122.862, 41.7875], [-122.8617, 41.7877], [-122.8617, 41.7875], [-122.862, 41.7875]], [[-122.8577, 41.7878], [-122.8567, 41.7878], [-122.8574, 41.7876], [-122.8569, 41.7859], [-122.8584, 41.7854], [-122.858, 41.7848], [-122.8597, 41.7834], [-122.8598, 41.7848], [-122.8601, 41.7845], [-122.8605, 41.7845], [-122.8605, 41.7848], [-122.8616, 41.7848], [-122.8623, 41.7839], [-122.8637, 41.7839], [-122.863, 41.7845], [-122.8637, 41.785], [-122.8652, 41.7844], [-122.8634, 41.7858], [-122.8616, 41.7856], [-122.8606, 41.7864], [-122.8577, 41.7865], [-122.8577, 41.7878]], [[-122.8541, 41.7876], [-122.8538, 41.7879], [-122.8538, 41.7876], [-122.8541, 41.7876]], [[-122.853, 41.7877], [-122.8527, 41.7879], [-122.8527, 41.7877], [-122.853, 41.7877]], [[-122.8523, 41.7874], [-122.852, 41.788], [-122.8519, 41.7874], [-122.8523, 41.7874]], [[-122.8476, 41.7878], [-122.8473, 41.7881], [-122.8473, 41.7878], [-122.8476, 41.7878]], [[-122.8534, 41.7871], [-122.853, 41.7877], [-122.853, 41.7871], [-122.8534, 41.7871]], [[-122.8509, 41.7874], [-122.8505, 41.7877], [-122.8505, 41.7874], [-122.8509, 41.7874]], [[-122.8519, 41.7871], [-122.8516, 41.7874], [-122.8516, 41.7872], [-122.8519, 41.7871]], [[-122.853, 41.786], [-122.8527, 41.7871], [-122.8526, 41.786], [-122.853, 41.786]], [[-122.8483, 41.787], [-122.848, 41.7872], [-122.848, 41.787], [-122.8483, 41.787]], [[-122.8717, 41.7856], [-122.8714, 41.7864], [-122.871, 41.7856], [-122.8717, 41.7856]], [[-122.8692, 41.7865], [-122.8678, 41.786], [-122.8677, 41.7857], [-122.8695, 41.7857], [-122.8692, 41.7865]], [[-122.862, 41.7866], [-122.8613, 41.7864], [-122.8616, 41.7858], [-122.862, 41.7858], [-122.862, 41.7866]], [[-122.8548, 41.7863], [-122.8544, 41.7868], [-122.8544, 41.7863], [-122.8548, 41.7863]], [[-122.8519, 41.7863], [-122.8508, 41.7869], [-122.8508, 41.7866], [-122.8519, 41.7863]], [[-122.8541, 41.7863], [-122.8533, 41.786], [-122.8533, 41.7849], [-122.8544, 41.7849], [-122.8541, 41.7863]], [[-122.8706, 41.7856], [-122.8699, 41.7854], [-122.8699, 41.7848], [-122.8706, 41.7851], [-122.8706, 41.7856]], [[-122.8551, 41.7854], [-122.8548, 41.7857], [-122.8548, 41.7855], [-122.8551, 41.7854]], [[-122.8681, 41.7849], [-122.8677, 41.7852], [-122.8677, 41.7849], [-122.8681, 41.7849]], [[-122.8699, 41.7846], [-122.8687, 41.7835], [-122.8683, 41.7816], [-122.869, 41.7822], [-122.8691, 41.7832], [-122.8698, 41.7835], [-122.8699, 41.7846]], [[-122.867, 41.7844], [-122.8666, 41.7846], [-122.8666, 41.7844], [-122.867, 41.7844]], [[-122.8659, 41.7847], [-122.8648, 41.7841], [-122.8658, 41.782], [-122.8636, 41.7823], [-122.8639, 41.7806], [-122.8654, 41.7814], [-122.8679, 41.7808], [-122.8668, 41.7814], [-122.868, 41.7833], [-122.8659, 41.7836], [-122.8659, 41.7847]], [[-122.8533, 41.7844], [-122.8529, 41.785], [-122.8529, 41.7844], [-122.8533, 41.7844]], [[-122.8688, 41.7841], [-122.8684, 41.7843], [-122.8684, 41.7841], [-122.8688, 41.7841]], [[-122.8608, 41.7842], [-122.8605, 41.7845], [-122.8605, 41.7842], [-122.8608, 41.7842]], [[-122.854, 41.7841], [-122.8536, 41.7844], [-122.8536, 41.7841], [-122.854, 41.7841]], [[-122.8644, 41.7839], [-122.8633, 41.7836], [-122.8629, 41.7828], [-122.864, 41.7828], [-122.8644, 41.7839]], [[-122.863, 41.7834], [-122.8615, 41.7837], [-122.8619, 41.7831], [-122.863, 41.7834]], [[-122.8565, 41.7838], [-122.8561, 41.7841], [-122.8561, 41.7838], [-122.8565, 41.7838]], [[-122.8547, 41.7838], [-122.8543, 41.7841], [-122.8543, 41.7838], [-122.8547, 41.7838]], [[-122.8536, 41.7839], [-122.8533, 41.7841], [-122.8532, 41.7839], [-122.8536, 41.7839]], [[-122.8532, 41.7836], [-122.8529, 41.7839], [-122.8529, 41.7836], [-122.8532, 41.7836]], [[-122.8615, 41.7834], [-122.8608, 41.7834], [-122.8611, 41.7826], [-122.8615, 41.7826], [-122.8615, 41.7834]], [[-122.8554, 41.783], [-122.8543, 41.7836], [-122.8539, 41.783], [-122.8554, 41.783]], [[-122.8539, 41.7833], [-122.8532, 41.7836], [-122.8532, 41.7833], [-122.8539, 41.7833]], [[-122.8701, 41.7827], [-122.8698, 41.7829], [-122.8698, 41.7827], [-122.8701, 41.7827]], [[-122.8608, 41.7829], [-122.8604, 41.7832], [-122.8604, 41.7829], [-122.8608, 41.7829]], [[-122.8572, 41.7827], [-122.8568, 41.783], [-122.8568, 41.7827], [-122.8572, 41.7827]], [[-122.8618, 41.7826], [-122.8611, 41.7823], [-122.8614, 41.7815], [-122.8596, 41.7807], [-122.8614, 41.7804], [-122.8614, 41.7812], [-122.8629, 41.7815], [-122.8618, 41.7826]], [[-122.8579, 41.7824], [-122.8572, 41.7827], [-122.8572, 41.7824], [-122.8579, 41.7824]], [[-122.8561, 41.7824], [-122.8557, 41.7827], [-122.8557, 41.7825], [-122.8561, 41.7824]], [[-122.8698, 41.7821], [-122.869, 41.7822], [-122.869, 41.7808], [-122.8697, 41.7811], [-122.8708, 41.7802], [-122.8712, 41.781], [-122.8704, 41.7808], [-122.8698, 41.7821]], [[-122.8686, 41.7811], [-122.8679, 41.7816], [-122.8679, 41.7811], [-122.8686, 41.7811]], [[-122.8611, 41.7815], [-122.8607, 41.7818], [-122.8607, 41.7815], [-122.8611, 41.7815]], [[-122.8679, 41.7803], [-122.8675, 41.7806], [-122.8675, 41.7803], [-122.8679, 41.7803]], [[-122.869, 41.78], [-122.8686, 41.7803], [-122.8686, 41.78], [-122.869, 41.78]], [[-122.8639, 41.7798], [-122.8636, 41.7801], [-122.8635, 41.7798], [-122.8639, 41.7798]], [[-122.8679, 41.7795], [-122.8668, 41.7798], [-122.8668, 41.7795], [-122.8679, 41.7795]], [[-122.8596, 41.7799], [-122.8592, 41.7789], [-122.8599, 41.7786], [-122.8592, 41.7783], [-122.8606, 41.7783], [-122.8596, 41.7799]], [[-122.8657, 41.7793], [-122.8653, 41.7795], [-122.8653, 41.7793], [-122.8657, 41.7793]], [[-122.8678, 41.7789], [-122.8671, 41.7792], [-122.8671, 41.779], [-122.8678, 41.7789]], [[-122.874, 41.7788], [-122.8725, 41.7788], [-122.8718, 41.7783], [-122.8721, 41.7775], [-122.8732, 41.7777], [-122.8735, 41.7772], [-122.8736, 41.778], [-122.8746, 41.7777], [-122.874, 41.7788]], [[-122.87, 41.7783], [-122.8693, 41.7786], [-122.8692, 41.7784], [-122.87, 41.7783]], [[-122.8685, 41.7784], [-122.8682, 41.7787], [-122.8682, 41.7784], [-122.8685, 41.7784]], [[-122.8768, 41.7779], [-122.8765, 41.7782], [-122.8764, 41.7779], [-122.8768, 41.7779]], [[-122.8692, 41.7784], [-122.8682, 41.7781], [-122.8681, 41.7773], [-122.8685, 41.7773], [-122.8692, 41.7784]], [[-122.8649, 41.7785], [-122.8638, 41.7782], [-122.8638, 41.7779], [-122.8635, 41.778], [-122.8638, 41.7774], [-122.8627, 41.7769], [-122.8645, 41.7768], [-122.8645, 41.7779], [-122.8656, 41.7779], [-122.8649, 41.7785]], [[-122.8707, 41.7778], [-122.8703, 41.7781], [-122.8703, 41.7778], [-122.8707, 41.7778]], [[-122.8635, 41.7782], [-122.8624, 41.7782], [-122.862, 41.7777], [-122.8627, 41.7777], [-122.8635, 41.7782]], [[-122.862, 41.778], [-122.861, 41.7783], [-122.8609, 41.778], [-122.862, 41.778]], [[-122.8584, 41.7781], [-122.8581, 41.7783], [-122.8581, 41.7781], [-122.8584, 41.7781]], [[-122.8753, 41.7771], [-122.875, 41.7774], [-122.875, 41.7771], [-122.8753, 41.7771]], [[-122.8696, 41.7773], [-122.8692, 41.7775], [-122.8692, 41.7773], [-122.8696, 41.7773]], [[-122.8714, 41.777], [-122.871, 41.7772], [-122.871, 41.777], [-122.8714, 41.777]], [[-122.8674, 41.7768], [-122.8667, 41.7773], [-122.8667, 41.7771], [-122.8674, 41.7768]], [[-122.8656, 41.7765], [-122.8649, 41.7774], [-122.8645, 41.7763], [-122.8656, 41.7765]], [[-122.8717, 41.7767], [-122.8714, 41.777], [-122.8713, 41.7767], [-122.8717, 41.7767]], [[-122.871, 41.7764], [-122.8706, 41.777], [-122.8706, 41.7764], [-122.871, 41.7764]], [[-122.8685, 41.7768], [-122.8677, 41.7765], [-122.8684, 41.7762], [-122.8685, 41.7768]], [[-122.876, 41.7763], [-122.8757, 41.7766], [-122.8757, 41.7763], [-122.876, 41.7763]], [[-122.8695, 41.7759], [-122.8688, 41.7767], [-122.8688, 41.7759], [-122.8695, 41.7759]], [[-122.8757, 41.7763], [-122.872, 41.7756], [-122.8723, 41.7745], [-122.8727, 41.7753], [-122.8753, 41.7755], [-122.8757, 41.7763]], [[-122.8706, 41.7762], [-122.8703, 41.7764], [-122.8702, 41.7762], [-122.8706, 41.7762]], [[-122.8616, 41.7764], [-122.8612, 41.7766], [-122.8612, 41.7764], [-122.8616, 41.7764]], [[-122.871, 41.7759], [-122.8706, 41.7762], [-122.8706, 41.7759], [-122.871, 41.7759]], [[-122.8681, 41.7762], [-122.8656, 41.7763], [-122.8652, 41.7757], [-122.8677, 41.7757], [-122.8681, 41.7762]], [[-122.8634, 41.7758], [-122.8627, 41.7763], [-122.8623, 41.7758], [-122.8634, 41.7758]], [[-122.8616, 41.7758], [-122.8609, 41.7761], [-122.8601, 41.7756], [-122.8612, 41.7756], [-122.8612, 41.7758], [-122.8616, 41.7758]], [[-122.8601, 41.7761], [-122.8594, 41.7761], [-122.859, 41.7753], [-122.8594, 41.7753], [-122.8601, 41.7761]], [[-122.8623, 41.7755], [-122.8616, 41.7758], [-122.8616, 41.7756], [-122.8623, 41.7755]], [[-122.876, 41.775], [-122.8756, 41.7752], [-122.8756, 41.775], [-122.876, 41.775]], [[-122.8706, 41.7754], [-122.8702, 41.7745], [-122.8705, 41.7745], [-122.8705, 41.7743], [-122.8709, 41.7743], [-122.8706, 41.7754]], [[-122.8662, 41.7752], [-122.8659, 41.7755], [-122.8659, 41.7752], [-122.8662, 41.7752]], [[-122.8763, 41.7747], [-122.876, 41.775], [-122.8759, 41.7747], [-122.8763, 41.7747]], [[-122.8687, 41.7749], [-122.868, 41.7746], [-122.8687, 41.7743], [-122.8687, 41.7749]], [[-122.8623, 41.775], [-122.8619, 41.7753], [-122.8619, 41.775], [-122.8623, 41.775]], [[-122.859, 41.7753], [-122.8587, 41.7748], [-122.8597, 41.7732], [-122.8597, 41.7745], [-122.859, 41.7753]], [[-122.8644, 41.7747], [-122.8641, 41.775], [-122.8641, 41.7747], [-122.8644, 41.7747]], [[-122.8723, 41.7745], [-122.872, 41.774], [-122.873, 41.7734], [-122.873, 41.7742], [-122.8723, 41.7745]], [[-122.868, 41.7743], [-122.8677, 41.7746], [-122.8676, 41.7743], [-122.868, 41.7743]], [[-122.8716, 41.7737], [-122.8709, 41.7743], [-122.8709, 41.7735], [-122.8712, 41.7734], [-122.8716, 41.7737]], [[-122.8691, 41.7735], [-122.8687, 41.774], [-122.8687, 41.7735], [-122.8691, 41.7735]], [[-122.8683, 41.7738], [-122.868, 41.7741], [-122.868, 41.7738], [-122.8683, 41.7738]], [[-122.8673, 41.7741], [-122.8658, 41.7736], [-122.8661, 41.7727], [-122.8654, 41.7725], [-122.8668, 41.7722], [-122.8665, 41.773], [-122.8672, 41.7733], [-122.8665, 41.7736], [-122.8673, 41.7741]], [[-122.868, 41.7732], [-122.8676, 41.7738], [-122.8672, 41.7733], [-122.868, 41.7732]], [[-122.8619, 41.7739], [-122.8615, 41.7734], [-122.8625, 41.7728], [-122.8643, 41.7731], [-122.864, 41.7736], [-122.8629, 41.7731], [-122.8619, 41.7739]], [[-122.8723, 41.7729], [-122.8719, 41.7734], [-122.8719, 41.7729], [-122.8723, 41.7729]], [[-122.8716, 41.7732], [-122.8712, 41.7734], [-122.8712, 41.7732], [-122.8716, 41.7732]], [[-122.8654, 41.7733], [-122.8644, 41.7736], [-122.8644, 41.7733], [-122.8654, 41.7733]], [[-122.8593, 41.7724], [-122.8589, 41.7732], [-122.8589, 41.7724], [-122.8593, 41.7724]], [[-122.8604, 41.7723], [-122.8597, 41.7729], [-122.8596, 41.7726], [-122.8604, 41.7723]]], [[[-122.8553, 41.7725], [-122.8564, 41.7722], [-122.8553, 41.7719], [-122.8553, 41.7725]]], [[[-122.8769, 41.7717], [-122.8776, 41.7714], [-122.8769, 41.7714], [-122.8769, 41.7717]]], [[[-122.8434, 41.7724], [-122.8438, 41.7722], [-122.8434, 41.7722], [-122.8434, 41.7724]]], [[[-122.8578, 41.7721], [-122.8578, 41.7713], [-122.8567, 41.7716], [-122.8567, 41.7721], [-122.8578, 41.7721]]], [[[-122.8772, 41.7711], [-122.8776, 41.7709], [-122.8772, 41.7709], [-122.8772, 41.7711]]], [[[-122.8502, 41.7715], [-122.8506, 41.7712], [-122.8502, 41.7712], [-122.8502, 41.7715]]], [[[-122.8776, 41.7706], [-122.8779, 41.7703], [-122.8776, 41.7703], [-122.8776, 41.7706]]], [[[-122.8895, 41.77], [-122.8891, 41.7695], [-122.8884, 41.7695], [-122.8887, 41.7701], [-122.8895, 41.77]]], [[[-122.8502, 41.7707], [-122.8505, 41.7704], [-122.8502, 41.7704], [-122.8502, 41.7707]]], [[[-122.8912, 41.7695], [-122.8919, 41.7692], [-122.8912, 41.7692], [-122.8912, 41.7695]]], [[[-122.8531, 41.7706], [-122.8534, 41.7701], [-122.8523, 41.7701], [-122.8523, 41.7704], [-122.8531, 41.7706]]], [[[-122.8919, 41.7692], [-122.8923, 41.7689], [-122.8919, 41.7689], [-122.8919, 41.7692]]], [[[-122.8574, 41.77], [-122.8577, 41.7697], [-122.8574, 41.7697], [-122.8574, 41.77]]], [[[-122.897, 41.7685], [-122.8973, 41.7682], [-122.897, 41.7683], [-122.897, 41.7685]]], [[[-122.8955, 41.7686], [-122.8959, 41.7683], [-122.8955, 41.7683], [-122.8955, 41.7686]]], [[[-122.8959, 41.7683], [-122.8962, 41.768], [-122.8959, 41.768], [-122.8959, 41.7683]]], [[[-122.8952, 41.7683], [-122.8955, 41.768], [-122.8951, 41.768], [-122.8952, 41.7683]]], [[[-122.8573, 41.7692], [-122.8577, 41.7689], [-122.8573, 41.7689], [-122.8573, 41.7692]]], [[[-122.8394, 41.7698], [-122.8397, 41.769], [-122.839, 41.769], [-122.8394, 41.7698]]], [[[-122.8962, 41.768], [-122.8966, 41.7677], [-122.8962, 41.7677], [-122.8962, 41.768]]], [[[-122.8955, 41.768], [-122.8958, 41.7677], [-122.8955, 41.7677], [-122.8955, 41.768]]], [[[-122.8552, 41.7689], [-122.8555, 41.7687], [-122.8552, 41.7687], [-122.8552, 41.7689]]], [[[-122.8966, 41.7677], [-122.8969, 41.7674], [-122.8966, 41.7675], [-122.8966, 41.7677]]], [[[-122.8825, 41.768], [-122.8829, 41.7678], [-122.8825, 41.7678], [-122.8825, 41.768]]], [[[-122.8952, 41.7702], [-122.8955, 41.7686], [-122.8944, 41.7686], [-122.8929, 41.7673], [-122.8922, 41.7673], [-122.8926, 41.7681], [-122.8912, 41.7676], [-122.8912, 41.7681], [-122.8897, 41.7679], [-122.8883, 41.769], [-122.8912, 41.7692], [-122.8919, 41.7686], [-122.893, 41.7686], [-122.8952, 41.7702]], [[-122.8901, 41.7681], [-122.8897, 41.7684], [-122.8897, 41.7681], [-122.8901, 41.7681]]], [[[-122.8958, 41.7677], [-122.8962, 41.7672], [-122.8958, 41.7672], [-122.8958, 41.7677]]], [[[-122.8573, 41.7686], [-122.8573, 41.7681], [-122.8562, 41.7684], [-122.8562, 41.7686], [-122.8573, 41.7686]]], [[[-122.8904, 41.7676], [-122.8908, 41.7673], [-122.8904, 41.7673], [-122.8904, 41.7676]]], [[[-122.8814, 41.7678], [-122.8818, 41.7675], [-122.8814, 41.7675], [-122.8814, 41.7678]]], [[[-122.8804, 41.7678], [-122.8807, 41.7675], [-122.8803, 41.7676], [-122.8804, 41.7678]]], [[[-122.8454, 41.7686], [-122.8458, 41.7683], [-122.8454, 41.7683], [-122.8454, 41.7686]]], [[[-122.8969, 41.7672], [-122.8973, 41.7669], [-122.8969, 41.7669], [-122.8969, 41.7672]]], [[[-122.8566, 41.7681], [-122.8569, 41.7678], [-122.8566, 41.7678], [-122.8566, 41.7681]]], [[[-122.8559, 41.7681], [-122.8562, 41.7678], [-122.8559, 41.7678], [-122.8559, 41.7681]]], [[[-122.8821, 41.7672], [-122.8825, 41.767], [-122.8821, 41.767], [-122.8821, 41.7672]]], [[[-122.8965, 41.7664], [-122.8969, 41.7661], [-122.8965, 41.7661], [-122.8965, 41.7664]]], [[[-122.8969, 41.7661], [-122.8972, 41.7658], [-122.8969, 41.7658], [-122.8969, 41.7661]]], [[[-122.8544, 41.7673], [-122.8544, 41.7665], [-122.854, 41.7665], [-122.8537, 41.7671], [-122.8544, 41.7673]]], [[[-122.8951, 41.768], [-122.8961, 41.7661], [-122.8954, 41.765], [-122.8943, 41.7661], [-122.8918, 41.7662], [-122.8922, 41.767], [-122.8929, 41.767], [-122.8929, 41.7667], [-122.8933, 41.7667], [-122.8951, 41.768]], [[-122.8951, 41.7661], [-122.8944, 41.7667], [-122.8943, 41.7661], [-122.8951, 41.7661]], [[-122.8936, 41.7664], [-122.8933, 41.7667], [-122.8933, 41.7664], [-122.8936, 41.7664]]], [[[-122.8914, 41.7654], [-122.8918, 41.7651], [-122.8914, 41.7651], [-122.8914, 41.7654]]], [[[-122.8961, 41.7653], [-122.8968, 41.765], [-122.8961, 41.7648], [-122.8961, 41.7653]]], [[[-122.8385, 41.775], [-122.8467, 41.774], [-122.8471, 41.7734], [-122.8489, 41.7737], [-122.8507, 41.7731], [-122.8503, 41.7726], [-122.8514, 41.7725], [-122.851, 41.7731], [-122.8521, 41.7731], [-122.8521, 41.7725], [-122.8524, 41.7725], [-122.8524, 41.7728], [-122.8542, 41.7727], [-122.8546, 41.7719], [-122.8523, 41.7704], [-122.852, 41.7709], [-122.8513, 41.7704], [-122.8513, 41.7712], [-122.8506, 41.7717], [-122.8502, 41.7718], [-122.8502, 41.7715], [-122.8499, 41.7715], [-122.8495, 41.7723], [-122.8484, 41.7718], [-122.8491, 41.7707], [-122.8498, 41.771], [-122.8491, 41.7693], [-122.8523, 41.7695], [-122.8526, 41.7687], [-122.853, 41.7687], [-122.853, 41.769], [-122.8534, 41.769], [-122.8534, 41.7692], [-122.8541, 41.7692], [-122.8555, 41.7678], [-122.8544, 41.7679], [-122.8537, 41.7671], [-122.8526, 41.7676], [-122.8511, 41.7674], [-122.8508, 41.768], [-122.8497, 41.7677], [-122.8498, 41.7685], [-122.849, 41.7677], [-122.8472, 41.768], [-122.8472, 41.7686], [-122.8458, 41.7681], [-122.8462, 41.7686], [-122.8455, 41.7697], [-122.8451, 41.7689], [-122.8454, 41.7681], [-122.8447, 41.7678], [-122.843, 41.7698], [-122.844, 41.7678], [-122.8432, 41.767], [-122.8421, 41.7671], [-122.8424, 41.766], [-122.8399, 41.7663], [-122.8388, 41.7658], [-122.8393, 41.7682], [-122.8386, 41.7685], [-122.8404, 41.7693], [-122.8397, 41.7704], [-122.8405, 41.7704], [-122.8412, 41.7706], [-122.8419, 41.7698], [-122.8445, 41.7719], [-122.8445, 41.7724], [-122.8438, 41.7727], [-122.8434, 41.7727], [-122.8434, 41.7724], [-122.8431, 41.7725], [-122.8427, 41.773], [-122.8416, 41.7714], [-122.8408, 41.7709], [-122.8398, 41.7712], [-122.8401, 41.7706], [-122.8394, 41.7706], [-122.8394, 41.7698], [-122.8386, 41.7696], [-122.8387, 41.7723], [-122.8409, 41.7733], [-122.8388, 41.7734], [-122.8385, 41.775]], [[-122.8403, 41.7744], [-122.8399, 41.7747], [-122.8399, 41.7744], [-122.8403, 41.7744]], [[-122.8464, 41.7737], [-122.8456, 41.7738], [-122.8456, 41.7732], [-122.846, 41.7732], [-122.8464, 41.7737]], [[-122.8471, 41.7732], [-122.8467, 41.7735], [-122.8467, 41.7732], [-122.8471, 41.7732]], [[-122.8438, 41.773], [-122.8435, 41.7735], [-122.8431, 41.773], [-122.8438, 41.773]], [[-122.8528, 41.7722], [-122.8524, 41.7725], [-122.8524, 41.7722], [-122.8528, 41.7722]], [[-122.8492, 41.7723], [-122.8488, 41.7726], [-122.8488, 41.7723], [-122.8492, 41.7723]], [[-122.8456, 41.7724], [-122.8449, 41.7727], [-122.8449, 41.7724], [-122.8456, 41.7724]], [[-122.8521, 41.772], [-122.8506, 41.7723], [-122.8506, 41.772], [-122.8521, 41.772]], [[-122.8459, 41.7721], [-122.8456, 41.7724], [-122.8456, 41.7721], [-122.8459, 41.7721]], [[-122.8481, 41.7718], [-122.8477, 41.7721], [-122.8477, 41.7718], [-122.8481, 41.7718]], [[-122.8455, 41.7716], [-122.8452, 41.7719], [-122.8452, 41.7716], [-122.8455, 41.7716]], [[-122.847, 41.7713], [-122.8466, 41.7716], [-122.8466, 41.7713], [-122.847, 41.7713]], [[-122.8477, 41.7707], [-122.8473, 41.7713], [-122.8473, 41.7707], [-122.8477, 41.7707]], [[-122.8452, 41.7711], [-122.8448, 41.7713], [-122.8448, 41.7711], [-122.8452, 41.7711]], [[-122.8398, 41.7712], [-122.8394, 41.7715], [-122.8394, 41.7712], [-122.8398, 41.7712]], [[-122.8487, 41.7702], [-122.848, 41.7705], [-122.848, 41.7702], [-122.8487, 41.7702]], [[-122.8491, 41.7699], [-122.8487, 41.7702], [-122.8487, 41.7699], [-122.8491, 41.7699]], [[-122.8408, 41.7698], [-122.8405, 41.7704], [-122.8404, 41.7698], [-122.8408, 41.7698]], [[-122.8451, 41.7697], [-122.8448, 41.77], [-122.8448, 41.7697], [-122.8451, 41.7697]], [[-122.8523, 41.769], [-122.8519, 41.7693], [-122.8519, 41.769], [-122.8523, 41.769]], [[-122.8541, 41.7684], [-122.8534, 41.769], [-122.8534, 41.7684], [-122.8541, 41.7684]], [[-122.8498, 41.7688], [-122.8494, 41.7691], [-122.8494, 41.7688], [-122.8498, 41.7688]], [[-122.8415, 41.769], [-122.8411, 41.7693], [-122.8411, 41.769], [-122.8415, 41.769]], [[-122.8523, 41.7685], [-122.8519, 41.7687], [-122.8519, 41.7685], [-122.8523, 41.7685]], [[-122.8407, 41.7684], [-122.84, 41.7687], [-122.84, 41.7685], [-122.8407, 41.7684]], [[-122.8512, 41.7679], [-122.8508, 41.7682], [-122.8508, 41.768], [-122.8512, 41.7679]], [[-122.8422, 41.7681], [-122.8418, 41.7684], [-122.8418, 41.7682], [-122.8422, 41.7681]], [[-122.853, 41.7676], [-122.8526, 41.7679], [-122.8526, 41.7676], [-122.853, 41.7676]], [[-122.8407, 41.7676], [-122.8404, 41.7682], [-122.8403, 41.7676], [-122.8407, 41.7676]], [[-122.8432, 41.7676], [-122.8429, 41.7679], [-122.8429, 41.7676], [-122.8432, 41.7676]], [[-122.8425, 41.7676], [-122.8422, 41.7679], [-122.8421, 41.7676], [-122.8425, 41.7676]]], [[[-122.8435, 41.766], [-122.8439, 41.7657], [-122.8435, 41.7657], [-122.8435, 41.766]]], [[[-122.8414, 41.766], [-122.8417, 41.7657], [-122.8414, 41.7657], [-122.8414, 41.766]]], [[[-122.8399, 41.766], [-122.8403, 41.7658], [-122.8399, 41.7658], [-122.8399, 41.766]]], [[[-122.841, 41.7657], [-122.8413, 41.7655], [-122.841, 41.7655], [-122.841, 41.7657]]], [[[-122.8403, 41.7658], [-122.8406, 41.7655], [-122.8403, 41.7655], [-122.8403, 41.7658]]], [[[-122.8968, 41.7647], [-122.8971, 41.7639], [-122.8961, 41.7639], [-122.8961, 41.7645], [-122.8968, 41.7647]]], [[[-122.8953, 41.7642], [-122.8957, 41.764], [-122.8953, 41.764], [-122.8953, 41.7642]]], [[[-122.8914, 41.7643], [-122.8917, 41.764], [-122.8914, 41.7641], [-122.8914, 41.7643]]], [[[-122.8932, 41.7643], [-122.8932, 41.7637], [-122.8921, 41.764], [-122.8921, 41.7643], [-122.8932, 41.7643]]], [[[-122.8395, 41.7652], [-122.8403, 41.7655], [-122.8402, 41.7649], [-122.8395, 41.7652]]], [[[-122.9313, 41.7631], [-122.932, 41.7628], [-122.9313, 41.7629], [-122.9313, 41.7631]]], [[[-122.8406, 41.7652], [-122.8417, 41.7649], [-122.8406, 41.7649], [-122.8406, 41.7652]]], [[[-122.931, 41.7629], [-122.9313, 41.7626], [-122.931, 41.7626], [-122.931, 41.7629]]], [[[-122.8456, 41.7648], [-122.846, 41.7645], [-122.8456, 41.7646], [-122.8456, 41.7648]]], [[[-122.8388, 41.7652], [-122.8399, 41.7647], [-122.8388, 41.7647], [-122.8388, 41.7652]]], [[[-122.8917, 41.764], [-122.8921, 41.7632], [-122.8917, 41.7632], [-122.8917, 41.764]]], [[[-122.8813, 41.7637], [-122.8816, 41.7635], [-122.8813, 41.7635], [-122.8813, 41.7637]]], [[[-122.8399, 41.7647], [-122.8402, 41.7644], [-122.8399, 41.7644], [-122.8399, 41.7647]]], [[[-122.8903, 41.7638], [-122.8906, 41.7633], [-122.8899, 41.763], [-122.8896, 41.7636], [-122.8903, 41.7638]]], [[[-122.8856, 41.7634], [-122.8859, 41.7631], [-122.8856, 41.7631], [-122.8856, 41.7634]]], [[[-122.8809, 41.7635], [-122.8812, 41.7632], [-122.8809, 41.7632], [-122.8809, 41.7635]]], [[[-122.8391, 41.7644], [-122.8398, 41.7641], [-122.8391, 41.7639], [-122.8391, 41.7644]]], [[[-122.8903, 41.763], [-122.8906, 41.7627], [-122.8902, 41.7627], [-122.8903, 41.763]]], [[[-122.8895, 41.763], [-122.8899, 41.7627], [-122.8895, 41.7627], [-122.8895, 41.763]]], [[[-122.8852, 41.7631], [-122.8856, 41.7628], [-122.8852, 41.7628], [-122.8852, 41.7631]]], [[[-122.8449, 41.7638], [-122.8452, 41.7635], [-122.8449, 41.7635], [-122.8449, 41.7638]]], [[[-122.8963, 41.7623], [-122.8967, 41.762], [-122.8963, 41.762], [-122.8963, 41.7623]]], [[[-122.8801, 41.7627], [-122.8805, 41.7624], [-122.8801, 41.7624], [-122.8801, 41.7627]]], [[[-122.8458, 41.7681], [-122.8457, 41.7662], [-122.8472, 41.7672], [-122.8471, 41.7664], [-122.8482, 41.7669], [-122.8496, 41.7658], [-122.8507, 41.7661], [-122.85, 41.7666], [-122.854, 41.766], [-122.8547, 41.7649], [-122.8518, 41.765], [-122.851, 41.7631], [-122.8484, 41.7626], [-122.8485, 41.7631], [-122.8477, 41.7629], [-122.8467, 41.7637], [-122.8468, 41.7656], [-122.8456, 41.7648], [-122.8446, 41.7648], [-122.8442, 41.7651], [-122.8439, 41.7665], [-122.845, 41.7667], [-122.8458, 41.7681]], [[-122.8489, 41.7661], [-122.8482, 41.7661], [-122.8478, 41.7656], [-122.8486, 41.7656], [-122.8489, 41.7661]], [[-122.8478, 41.7653], [-122.8475, 41.7656], [-122.8475, 41.7653], [-122.8478, 41.7653]], [[-122.8481, 41.7645], [-122.8474, 41.7642], [-122.8478, 41.7637], [-122.8485, 41.7639], [-122.8481, 41.7645]]], [[[-122.8892, 41.7627], [-122.8891, 41.7622], [-122.8884, 41.7617], [-122.8881, 41.7625], [-122.8892, 41.7627]]], [[[-122.8819, 41.7621], [-122.8823, 41.7618], [-122.8819, 41.7618], [-122.8819, 41.7621]]], [[[-122.8927, 41.7619], [-122.8931, 41.7613], [-122.8927, 41.7613], [-122.8927, 41.7619]]], [[[-122.887, 41.7617], [-122.8873, 41.7614], [-122.8869, 41.7614], [-122.887, 41.7617]]], [[[-122.8816, 41.7618], [-122.8819, 41.7616], [-122.8815, 41.7616], [-122.8816, 41.7618]]], [[[-122.8805, 41.7619], [-122.8812, 41.7616], [-122.8805, 41.7616], [-122.8805, 41.7619]]], [[[-122.8492, 41.7626], [-122.8499, 41.7623], [-122.8491, 41.7623], [-122.8492, 41.7626]]], [[[-122.883, 41.7618], [-122.8837, 41.7615], [-122.883, 41.7613], [-122.883, 41.7618]]], [[[-122.879, 41.7616], [-122.8797, 41.7613], [-122.879, 41.7614], [-122.879, 41.7616]]], [[[-122.8549, 41.7622], [-122.8553, 41.7619], [-122.8549, 41.7619], [-122.8549, 41.7622]]], [[[-122.8971, 41.7718], [-122.897, 41.7701], [-122.8963, 41.7702], [-122.897, 41.7696], [-122.8966, 41.7683], [-122.8952, 41.7705], [-122.8945, 41.7699], [-122.8909, 41.77], [-122.8905, 41.7695], [-122.8905, 41.7703], [-122.8891, 41.7703], [-122.8895, 41.7711], [-122.8873, 41.7712], [-122.8884, 41.7706], [-122.8884, 41.7698], [-122.8876, 41.7698], [-122.8875, 41.7674], [-122.8864, 41.7663], [-122.89, 41.766], [-122.89, 41.7668], [-122.8911, 41.7673], [-122.8918, 41.7659], [-122.8889, 41.7657], [-122.8889, 41.7652], [-122.8878, 41.7655], [-122.8878, 41.7649], [-122.8849, 41.7653], [-122.8853, 41.7645], [-122.8835, 41.7645], [-122.8834, 41.764], [-122.8813, 41.7646], [-122.8809, 41.7637], [-122.8798, 41.764], [-122.8802, 41.7635], [-122.8787, 41.7633], [-122.8787, 41.7619], [-122.8772, 41.7611], [-122.8772, 41.7701], [-122.8786, 41.77], [-122.878, 41.7714], [-122.8816, 41.7719], [-122.8895, 41.7714], [-122.8903, 41.7719], [-122.8971, 41.7718]], [[-122.8942, 41.7713], [-122.8931, 41.7716], [-122.8931, 41.7713], [-122.8942, 41.7713]], [[-122.8873, 41.7712], [-122.8866, 41.7715], [-122.8866, 41.7712], [-122.8873, 41.7712]], [[-122.8863, 41.7715], [-122.8852, 41.771], [-122.8819, 41.7716], [-122.8816, 41.771], [-122.8855, 41.7707], [-122.8863, 41.7715]], [[-122.8848, 41.7712], [-122.8845, 41.7715], [-122.8845, 41.7712], [-122.8848, 41.7712]], [[-122.8959, 41.7702], [-122.8956, 41.7707], [-122.8956, 41.7702], [-122.8959, 41.7702]], [[-122.8816, 41.7708], [-122.8812, 41.7711], [-122.8812, 41.7708], [-122.8816, 41.7708]], [[-122.8812, 41.7708], [-122.8801, 41.7708], [-122.8794, 41.7703], [-122.8801, 41.77], [-122.8812, 41.7708]], [[-122.88, 41.7686], [-122.8797, 41.7697], [-122.8797, 41.7686], [-122.88, 41.7686]], [[-122.8855, 41.7691], [-122.8851, 41.7693], [-122.8851, 41.7691], [-122.8855, 41.7691]], [[-122.8862, 41.7688], [-122.8854, 41.7688], [-122.8858, 41.768], [-122.8861, 41.768], [-122.8862, 41.7688]], [[-122.8822, 41.7686], [-122.8818, 41.7689], [-122.8818, 41.7686], [-122.8822, 41.7686]], [[-122.8818, 41.7686], [-122.8814, 41.7678], [-122.8807, 41.7678], [-122.8797, 41.7684], [-122.8793, 41.7676], [-122.8828, 41.7667], [-122.8832, 41.768], [-122.8829, 41.7683], [-122.8825, 41.7683], [-122.8825, 41.768], [-122.8822, 41.7681], [-122.8818, 41.7686]], [[-122.8836, 41.768], [-122.8833, 41.7683], [-122.8832, 41.768], [-122.8836, 41.768]], [[-122.8811, 41.7681], [-122.8807, 41.7684], [-122.8807, 41.7681], [-122.8811, 41.7681]], [[-122.8796, 41.767], [-122.8793, 41.7673], [-122.8792, 41.767], [-122.8796, 41.767]], [[-122.8789, 41.7668], [-122.8785, 41.7671], [-122.8785, 41.7668], [-122.8789, 41.7668]], [[-122.8843, 41.7664], [-122.8839, 41.7667], [-122.8839, 41.7664], [-122.8843, 41.7664]], [[-122.8792, 41.7665], [-122.8789, 41.7668], [-122.8789, 41.7665], [-122.8792, 41.7665]], [[-122.8788, 41.766], [-122.8785, 41.7665], [-122.8785, 41.766], [-122.8788, 41.766]], [[-122.8842, 41.7656], [-122.8839, 41.7661], [-122.8839, 41.7656], [-122.8842, 41.7656]], [[-122.8839, 41.7653], [-122.8832, 41.7659], [-122.8831, 41.7653], [-122.8839, 41.7653]], [[-122.8828, 41.7656], [-122.8824, 41.7659], [-122.8824, 41.7656], [-122.8828, 41.7656]], [[-122.8802, 41.7651], [-122.8788, 41.7649], [-122.8802, 41.7643], [-122.8802, 41.7651]], [[-122.8809, 41.7643], [-122.8806, 41.7646], [-122.8806, 41.7643], [-122.8809, 41.7643]]], [[[-122.8877, 41.7612], [-122.888, 41.7609], [-122.8876, 41.7609], [-122.8877, 41.7612]]], [[[-122.8862, 41.7607], [-122.8869, 41.7604], [-122.8862, 41.7604], [-122.8862, 41.7607]]], [[[-122.8531, 41.7614], [-122.8534, 41.7611], [-122.8531, 41.7611], [-122.8531, 41.7614]]], [[[-122.8775, 41.7606], [-122.8779, 41.7603], [-122.8775, 41.7603], [-122.8775, 41.7606]]], [[[-122.8487, 41.7612], [-122.8487, 41.7607], [-122.8476, 41.7607], [-122.8476, 41.761], [-122.8487, 41.7612]]], [[[-122.8804, 41.7602], [-122.8808, 41.76], [-122.8804, 41.76], [-122.8804, 41.7602]]], [[[-122.8458, 41.761], [-122.8462, 41.7607], [-122.8458, 41.7608], [-122.8458, 41.761]]], [[[-122.8559, 41.7678], [-122.8576, 41.7675], [-122.8577, 41.7602], [-122.8552, 41.7605], [-122.8549, 41.7614], [-122.8563, 41.7613], [-122.8553, 41.763], [-122.8549, 41.7622], [-122.8538, 41.7622], [-122.8538, 41.7614], [-122.8509, 41.7623], [-122.8521, 41.7644], [-122.855, 41.7646], [-122.8547, 41.7673], [-122.8559, 41.7678]], [[-122.8572, 41.7665], [-122.8562, 41.7665], [-122.8558, 41.7659], [-122.8565, 41.7657], [-122.8572, 41.7665]], [[-122.8558, 41.7662], [-122.8554, 41.7665], [-122.8554, 41.7662], [-122.8558, 41.7662]], [[-122.8554, 41.766], [-122.8551, 41.7662], [-122.8551, 41.766], [-122.8554, 41.766]], [[-122.8575, 41.764], [-122.8571, 41.7643], [-122.8571, 41.764], [-122.8575, 41.764]], [[-122.8553, 41.7638], [-122.855, 41.7641], [-122.855, 41.7638], [-122.8553, 41.7638]], [[-122.8542, 41.7638], [-122.8539, 41.7641], [-122.8539, 41.7638], [-122.8542, 41.7638]], [[-122.856, 41.7635], [-122.8557, 41.7638], [-122.8557, 41.7635], [-122.856, 41.7635]], [[-122.8539, 41.7636], [-122.8535, 41.7638], [-122.8535, 41.7636], [-122.8539, 41.7636]], [[-122.8564, 41.7632], [-122.856, 41.7635], [-122.856, 41.7632], [-122.8564, 41.7632]], [[-122.8557, 41.763], [-122.8553, 41.7632], [-122.8553, 41.763], [-122.8557, 41.763]], [[-122.8535, 41.763], [-122.8531, 41.7633], [-122.8531, 41.763], [-122.8535, 41.763]], [[-122.8574, 41.7616], [-122.8567, 41.7619], [-122.8567, 41.7616], [-122.8574, 41.7616]], [[-122.857, 41.761], [-122.8567, 41.7613], [-122.8567, 41.7611], [-122.857, 41.761]]], [[[-122.8775, 41.76], [-122.8779, 41.7598], [-122.8775, 41.7598], [-122.8775, 41.76]]], [[[-122.8862, 41.7604], [-122.8865, 41.7596], [-122.8854, 41.7593], [-122.8854, 41.7599], [-122.8862, 41.7604]]], [[[-122.8887, 41.7595], [-122.889, 41.7592], [-122.8887, 41.7592], [-122.8887, 41.7595]]], [[[-122.8807, 41.7597], [-122.8811, 41.7594], [-122.8807, 41.7594], [-122.8807, 41.7597]]], [[[-122.88, 41.7597], [-122.8804, 41.7594], [-122.88, 41.7594], [-122.88, 41.7597]]], [[[-122.848, 41.7604], [-122.8483, 41.7602], [-122.848, 41.7602], [-122.848, 41.7604]]], [[[-122.888, 41.7598], [-122.8876, 41.759], [-122.8872, 41.759], [-122.8869, 41.7598], [-122.888, 41.7598]]], [[[-122.8431, 41.7654], [-122.8452, 41.7629], [-122.8448, 41.7621], [-122.8459, 41.7613], [-122.8458, 41.761], [-122.8451, 41.761], [-122.8455, 41.7605], [-122.844, 41.7605], [-122.844, 41.7611], [-122.8429, 41.76], [-122.8418, 41.76], [-122.8415, 41.7609], [-122.8404, 41.7609], [-122.8411, 41.7603], [-122.839, 41.7606], [-122.8387, 41.7628], [-122.8391, 41.7628], [-122.8391, 41.7631], [-122.8398, 41.7631], [-122.8398, 41.7633], [-122.8402, 41.7633], [-122.8402, 41.7636], [-122.8409, 41.7636], [-122.8428, 41.7649], [-122.8424, 41.7654], [-122.8431, 41.7654]], [[-122.8435, 41.7646], [-122.8427, 41.7646], [-122.8427, 41.7641], [-122.8431, 41.7641], [-122.8435, 41.7646]], [[-122.8445, 41.7632], [-122.8431, 41.7635], [-122.843, 41.7627], [-122.8445, 41.7632]], [[-122.8416, 41.763], [-122.8413, 41.7633], [-122.8412, 41.763], [-122.8416, 41.763]], [[-122.8405, 41.7628], [-122.8402, 41.7633], [-122.8402, 41.7628], [-122.8405, 41.7628]], [[-122.8419, 41.7625], [-122.8412, 41.7628], [-122.8412, 41.7625], [-122.8419, 41.7625]], [[-122.8398, 41.7625], [-122.8391, 41.7628], [-122.8391, 41.7625], [-122.8398, 41.7625]], [[-122.8426, 41.7619], [-122.8423, 41.7625], [-122.8419, 41.7619], [-122.8426, 41.7619]], [[-122.8412, 41.7619], [-122.8409, 41.7622], [-122.8408, 41.762], [-122.8412, 41.7619]], [[-122.8408, 41.7611], [-122.8405, 41.7617], [-122.8404, 41.7611], [-122.8408, 41.7611]], [[-122.8433, 41.7608], [-122.843, 41.7611], [-122.843, 41.7608], [-122.8433, 41.7608]]], [[[-122.8858, 41.7593], [-122.8861, 41.759], [-122.8858, 41.759], [-122.8858, 41.7593]]], [[[-122.8433, 41.7603], [-122.8436, 41.76], [-122.8433, 41.76], [-122.8433, 41.7603]]], [[[-122.8483, 41.7599], [-122.8487, 41.7596], [-122.8483, 41.7596], [-122.8483, 41.7599]]], [[[-122.8469, 41.7602], [-122.8465, 41.7594], [-122.8436, 41.7597], [-122.844, 41.7603], [-122.8469, 41.7602]]], [[[-122.8829, 41.7596], [-122.8836, 41.7588], [-122.8818, 41.7591], [-122.8818, 41.7583], [-122.8807, 41.7589], [-122.8829, 41.7596]]], [[[-122.8562, 41.7592], [-122.8566, 41.7589], [-122.8562, 41.7589], [-122.8562, 41.7592]]], [[[-122.8476, 41.7594], [-122.8479, 41.7591], [-122.8476, 41.7591], [-122.8476, 41.7594]]], [[[-122.8933, 41.7583], [-122.8933, 41.7575], [-122.8915, 41.7576], [-122.8915, 41.7584], [-122.8933, 41.7583]]], [[[-122.8562, 41.7586], [-122.8566, 41.7583], [-122.8562, 41.7584], [-122.8562, 41.7586]]], [[[-122.8883, 41.7595], [-122.8893, 41.7581], [-122.8901, 41.7581], [-122.8904, 41.7573], [-122.8875, 41.7579], [-122.8883, 41.7595]]], [[[-122.8793, 41.7597], [-122.88, 41.7586], [-122.8785, 41.7573], [-122.8771, 41.7579], [-122.8771, 41.7592], [-122.8782, 41.7589], [-122.8786, 41.7595], [-122.8789, 41.7589], [-122.8793, 41.7597]], [[-122.8796, 41.7586], [-122.8793, 41.7589], [-122.8793, 41.7586], [-122.8796, 41.7586]], [[-122.8789, 41.7581], [-122.8785, 41.7587], [-122.8782, 41.7581], [-122.8789, 41.7581]]], [[[-122.858, 41.7589], [-122.858, 41.7578], [-122.8576, 41.7578], [-122.8566, 41.7589], [-122.858, 41.7589]]], [[[-122.8803, 41.7581], [-122.881, 41.7573], [-122.8792, 41.7573], [-122.8792, 41.7576], [-122.8803, 41.7581]]], [[[-122.8771, 41.7576], [-122.8774, 41.7571], [-122.877, 41.7571], [-122.8771, 41.7576]]], [[[-122.8652, 41.7573], [-122.8655, 41.7571], [-122.8651, 41.7571], [-122.8652, 41.7573]]], [[[-122.8634, 41.7574], [-122.8637, 41.7568], [-122.8633, 41.7568], [-122.8634, 41.7574]]], [[[-122.8616, 41.7574], [-122.8623, 41.7569], [-122.8619, 41.7569], [-122.8616, 41.7574]]], [[[-122.8742, 41.7571], [-122.8741, 41.7563], [-122.8731, 41.7566], [-122.8734, 41.7572], [-122.8742, 41.7571]]], [[[-122.8727, 41.7572], [-122.872, 41.7564], [-122.8702, 41.7567], [-122.8702, 41.7572], [-122.8727, 41.7572]]], [[[-122.8705, 41.7564], [-122.8709, 41.7561], [-122.8705, 41.7561], [-122.8705, 41.7564]]], [[[-122.8756, 41.7571], [-122.8752, 41.756], [-122.8745, 41.7558], [-122.8745, 41.7571], [-122.8756, 41.7571]]], [[[-122.8752, 41.7558], [-122.8755, 41.7555], [-122.8752, 41.7555], [-122.8752, 41.7558]]], [[[-122.8709, 41.7559], [-122.8712, 41.7556], [-122.8709, 41.7556], [-122.8709, 41.7559]]], [[[-122.8971, 41.7547], [-122.8975, 41.7544], [-122.8971, 41.7544], [-122.8971, 41.7547]]], [[[-122.8741, 41.7547], [-122.8744, 41.7539], [-122.8737, 41.7536], [-122.8711, 41.754], [-122.8719, 41.7548], [-122.8741, 41.7547]]], [[[-122.8974, 41.7534], [-122.8978, 41.7531], [-122.8974, 41.7531], [-122.8974, 41.7534]]], [[[-122.8981, 41.7531], [-122.8985, 41.7528], [-122.8981, 41.7528], [-122.8981, 41.7531]]], [[[-122.8765, 41.7536], [-122.8769, 41.7533], [-122.8765, 41.7533], [-122.8765, 41.7536]]], [[[-122.8672, 41.7535], [-122.8675, 41.7532], [-122.8672, 41.7532], [-122.8672, 41.7535]]], [[[-122.8751, 41.7536], [-122.8751, 41.7528], [-122.8747, 41.7528], [-122.8744, 41.7536], [-122.8751, 41.7536]]], [[[-122.8675, 41.753], [-122.8679, 41.7527], [-122.8675, 41.7527], [-122.8675, 41.753]]], [[[-122.8769, 41.7525], [-122.8772, 41.7522], [-122.8768, 41.7522], [-122.8769, 41.7525]]], [[[-122.8668, 41.7527], [-122.8671, 41.7524], [-122.8668, 41.7524], [-122.8668, 41.7527]]], [[[-122.8659, 41.7573], [-122.8702, 41.7567], [-122.8701, 41.7553], [-122.8708, 41.755], [-122.87, 41.7521], [-122.8682, 41.7527], [-122.8679, 41.7538], [-122.869, 41.754], [-122.8679, 41.7546], [-122.8672, 41.7538], [-122.8672, 41.7551], [-122.8658, 41.7554], [-122.8669, 41.7557], [-122.8659, 41.7573]], [[-122.8698, 41.7567], [-122.8684, 41.7565], [-122.868, 41.7559], [-122.8694, 41.7556], [-122.8698, 41.7567]], [[-122.868, 41.7562], [-122.8676, 41.7565], [-122.8676, 41.7562], [-122.868, 41.7562]], [[-122.868, 41.7557], [-122.8673, 41.7559], [-122.8673, 41.7557], [-122.868, 41.7557]], [[-122.8687, 41.7551], [-122.8683, 41.7554], [-122.8683, 41.7551], [-122.8687, 41.7551]], [[-122.8676, 41.7551], [-122.8672, 41.7554], [-122.8672, 41.7551], [-122.8676, 41.7551]], [[-122.8694, 41.7548], [-122.869, 41.7551], [-122.869, 41.7548], [-122.8694, 41.7548]], [[-122.8686, 41.7546], [-122.8683, 41.7548], [-122.8683, 41.7546], [-122.8686, 41.7546]], [[-122.8697, 41.7532], [-122.8693, 41.7535], [-122.8693, 41.7532], [-122.8697, 41.7532]], [[-122.87, 41.7529], [-122.8697, 41.7532], [-122.8697, 41.7529], [-122.87, 41.7529]], [[-122.8693, 41.7526], [-122.869, 41.7532], [-122.8689, 41.7527], [-122.8693, 41.7526]]], [[[-122.9002, 41.7517], [-122.9013, 41.7514], [-122.9002, 41.7514], [-122.9002, 41.7517]]], [[[-122.8657, 41.7525], [-122.866, 41.7522], [-122.8657, 41.7522], [-122.8657, 41.7525]]], [[[-122.8689, 41.7524], [-122.8685, 41.7516], [-122.8678, 41.7516], [-122.8678, 41.7524], [-122.8689, 41.7524]]], [[[-122.8725, 41.7518], [-122.8728, 41.7515], [-122.8725, 41.7515], [-122.8725, 41.7518]]], [[[-122.897, 41.7512], [-122.8973, 41.7507], [-122.897, 41.7507], [-122.897, 41.7512]]], [[[-122.87, 41.7518], [-122.87, 41.7513], [-122.8692, 41.7513], [-122.8692, 41.7516], [-122.87, 41.7518]]], [[[-122.8653, 41.7519], [-122.866, 41.7516], [-122.8653, 41.7514], [-122.8653, 41.7519]]], [[[-122.9016, 41.7508], [-122.902, 41.7505], [-122.9016, 41.7506], [-122.9016, 41.7508]]], [[[-122.8991, 41.7506], [-122.8995, 41.7503], [-122.8991, 41.7503], [-122.8991, 41.7506]]], [[[-122.9024, 41.7508], [-122.9027, 41.75], [-122.9023, 41.75], [-122.9024, 41.7508]]], [[[-122.8717, 41.751], [-122.8721, 41.7507], [-122.8717, 41.7507], [-122.8717, 41.751]]], [[[-122.8699, 41.751], [-122.8703, 41.7507], [-122.8699, 41.7507], [-122.8699, 41.751]]], [[[-122.8725, 41.7512], [-122.8728, 41.7504], [-122.8721, 41.7504], [-122.8725, 41.7512]]], [[[-122.8707, 41.7507], [-122.8714, 41.7504], [-122.8706, 41.7505], [-122.8707, 41.7507]]], [[[-122.8984, 41.7504], [-122.8987, 41.7495], [-122.8984, 41.7495], [-122.8984, 41.7504]]], [[[-122.9056, 41.7499], [-122.9056, 41.7494], [-122.9048, 41.7494], [-122.9048, 41.7497], [-122.9056, 41.7499]]], [[[-122.9038, 41.7497], [-122.9041, 41.7494], [-122.9038, 41.7494], [-122.9038, 41.7497]]], [[[-122.8735, 41.7504], [-122.8739, 41.7501], [-122.8735, 41.7501], [-122.8735, 41.7504]]], [[[-122.8994, 41.7495], [-122.9005, 41.7492], [-122.8994, 41.7493], [-122.8994, 41.7495]]], [[[-122.8987, 41.7495], [-122.8991, 41.7493], [-122.8987, 41.7493], [-122.8987, 41.7495]]], [[[-122.9034, 41.75], [-122.9034, 41.7492], [-122.9026, 41.7489], [-122.9023, 41.7497], [-122.9034, 41.75]]], [[[-122.8756, 41.7566], [-122.877, 41.7568], [-122.8769, 41.7538], [-122.8765, 41.7538], [-122.8765, 41.7536], [-122.8762, 41.7536], [-122.8769, 41.7527], [-122.8761, 41.7522], [-122.8772, 41.7519], [-122.8771, 41.7492], [-122.8753, 41.7498], [-122.8768, 41.75], [-122.8768, 41.7506], [-122.8739, 41.7504], [-122.8743, 41.7512], [-122.8732, 41.7512], [-122.8732, 41.7517], [-122.875, 41.7517], [-122.8743, 41.7525], [-122.8754, 41.7525], [-122.8758, 41.753], [-122.8744, 41.755], [-122.8759, 41.7555], [-122.8756, 41.7566]], [[-122.8766, 41.7549], [-122.8762, 41.7552], [-122.8762, 41.7549], [-122.8766, 41.7549]], [[-122.8758, 41.7544], [-122.8751, 41.7547], [-122.8751, 41.7544], [-122.8758, 41.7544]], [[-122.8761, 41.7525], [-122.8758, 41.7528], [-122.8758, 41.7525], [-122.8761, 41.7525]], [[-122.8761, 41.7517], [-122.8754, 41.752], [-122.8754, 41.7517], [-122.8761, 41.7517]]], [[[-122.9048, 41.7494], [-122.9044, 41.7486], [-122.9041, 41.7486], [-122.9041, 41.7494], [-122.9048, 41.7494]]], [[[-122.8652, 41.7498], [-122.8656, 41.7495], [-122.8652, 41.7495], [-122.8652, 41.7498]]], [[[-122.8641, 41.7498], [-122.8645, 41.7495], [-122.8641, 41.7495], [-122.8641, 41.7498]]], [[[-122.8674, 41.7497], [-122.8673, 41.7489], [-122.867, 41.7489], [-122.8667, 41.7497], [-122.8674, 41.7497]]], [[[-122.8645, 41.7495], [-122.8648, 41.749], [-122.8645, 41.749], [-122.8645, 41.7495]]], [[[-122.9023, 41.7484], [-122.9026, 41.7481], [-122.9023, 41.7481], [-122.9023, 41.7484]]], [[[-122.8666, 41.7489], [-122.867, 41.7486], [-122.8666, 41.7486], [-122.8666, 41.7489]]], [[[-122.8986, 41.7474], [-122.899, 41.7471], [-122.8986, 41.7471], [-122.8986, 41.7474]]], [[[-122.8673, 41.7486], [-122.8684, 41.7478], [-122.868, 41.7473], [-122.8666, 41.7478], [-122.8673, 41.7486]]], [[[-122.9018, 41.7468], [-122.9022, 41.7465], [-122.9018, 41.7465], [-122.9018, 41.7468]]], [[[-122.8766, 41.7473], [-122.877, 41.7471], [-122.8766, 41.7471], [-122.8766, 41.7473]]], [[[-122.8719, 41.7464], [-122.8726, 41.7461], [-122.8719, 41.7458], [-122.8719, 41.7464]]], [[[-122.8682, 41.7513], [-122.8685, 41.7508], [-122.8692, 41.751], [-122.8695, 41.7499], [-122.8714, 41.7502], [-122.871, 41.7496], [-122.8721, 41.7496], [-122.8732, 41.7504], [-122.8735, 41.7498], [-122.875, 41.7501], [-122.8753, 41.749], [-122.8764, 41.7492], [-122.8759, 41.7471], [-122.8745, 41.7468], [-122.877, 41.7468], [-122.8769, 41.7457], [-122.8762, 41.7455], [-122.8741, 41.746], [-122.873, 41.7458], [-122.8734, 41.7474], [-122.8748, 41.7474], [-122.8734, 41.7477], [-122.8731, 41.7485], [-122.872, 41.748], [-122.8713, 41.7488], [-122.8702, 41.748], [-122.868, 41.7483], [-122.8677, 41.7489], [-122.8682, 41.7513]], [[-122.8685, 41.7505], [-122.8681, 41.7508], [-122.8681, 41.7505], [-122.8685, 41.7505]], [[-122.8746, 41.749], [-122.8742, 41.7493], [-122.8742, 41.749], [-122.8746, 41.749]], [[-122.8724, 41.7491], [-122.872, 41.7493], [-122.872, 41.7491], [-122.8724, 41.7491]], [[-122.8702, 41.7491], [-122.8699, 41.7494], [-122.8699, 41.7491], [-122.8702, 41.7491]], [[-122.8742, 41.7487], [-122.8738, 41.749], [-122.8738, 41.7488], [-122.8742, 41.7487]], [[-122.8702, 41.7486], [-122.8692, 41.7491], [-122.8691, 41.7486], [-122.8702, 41.7486]]], [[[-122.8737, 41.7458], [-122.874, 41.7455], [-122.8737, 41.7455], [-122.8737, 41.7458]]], [[[-122.9008, 41.7479], [-122.9019, 41.7481], [-122.9018, 41.7468], [-122.9015, 41.7465], [-122.9029, 41.7454], [-122.9014, 41.7454], [-122.901, 41.7446], [-122.9007, 41.7462], [-122.8993, 41.7468], [-122.8997, 41.7476], [-122.9011, 41.747], [-122.9008, 41.7479]]], [[[-122.8974, 41.7442], [-122.8982, 41.7447], [-122.8981, 41.7441], [-122.8974, 41.7442]]], [[[-122.9003, 41.7441], [-122.9006, 41.7438], [-122.9003, 41.7438], [-122.9003, 41.7441]]], [[[-122.8687, 41.7472], [-122.8694, 41.7464], [-122.8686, 41.7443], [-122.8679, 41.7443], [-122.8676, 41.747], [-122.8687, 41.7472]]], [[[-122.9014, 41.7438], [-122.9017, 41.7435], [-122.9013, 41.7435], [-122.9014, 41.7438]]], [[[-122.9021, 41.7435], [-122.902, 41.743], [-122.9013, 41.743], [-122.9013, 41.7433], [-122.9021, 41.7435]]], [[[-122.9054, 41.7467], [-122.9061, 41.7442], [-122.9071, 41.7426], [-122.9053, 41.7426], [-122.9042, 41.7437], [-122.9017, 41.7438], [-122.9018, 41.7446], [-122.9043, 41.7454], [-122.9047, 41.7467], [-122.9054, 41.7467]], [[-122.906, 41.7437], [-122.9057, 41.7442], [-122.9053, 41.7437], [-122.906, 41.7437]]], [[[-122.8945, 41.7431], [-122.8948, 41.7429], [-122.8945, 41.7429], [-122.8945, 41.7431]]], [[[-122.8765, 41.7436], [-122.8768, 41.7433], [-122.8765, 41.7433], [-122.8765, 41.7436]]], [[[-122.8941, 41.7429], [-122.8945, 41.7426], [-122.8941, 41.7426], [-122.8941, 41.7429]]], [[[-122.8923, 41.7429], [-122.8927, 41.7426], [-122.8923, 41.7426], [-122.8923, 41.7429]]], [[[-122.8707, 41.7434], [-122.8711, 41.7431], [-122.8707, 41.7431], [-122.8707, 41.7434]]], [[[-122.8701, 41.7448], [-122.8711, 41.7437], [-122.8689, 41.7429], [-122.8682, 41.744], [-122.869, 41.7443], [-122.869, 41.7448], [-122.8701, 41.7448]], [[-122.8696, 41.7434], [-122.8693, 41.7437], [-122.8693, 41.7434], [-122.8696, 41.7434]]], [[[-122.8765, 41.7433], [-122.8765, 41.7427], [-122.8754, 41.7428], [-122.8754, 41.743], [-122.8765, 41.7433]]], [[[-122.8952, 41.7426], [-122.8955, 41.7423], [-122.8952, 41.7423], [-122.8952, 41.7426]]], [[[-122.8837, 41.7428], [-122.884, 41.7426], [-122.8837, 41.7426], [-122.8837, 41.7428]]], [[[-122.8808, 41.7429], [-122.8811, 41.7426], [-122.8808, 41.7426], [-122.8808, 41.7429]]], [[[-122.8743, 41.7431], [-122.875, 41.7428], [-122.8743, 41.7428], [-122.8743, 41.7431]]], [[[-122.8711, 41.7429], [-122.8718, 41.7431], [-122.8736, 41.7428], [-122.8711, 41.7429]]], [[[-122.8898, 41.743], [-122.8901, 41.7422], [-122.889, 41.7422], [-122.8891, 41.7427], [-122.8898, 41.743]]], [[[-122.8833, 41.7429], [-122.8836, 41.7423], [-122.8826, 41.7423], [-122.8826, 41.7426], [-122.8833, 41.7429]]], [[[-122.8955, 41.742], [-122.8959, 41.7418], [-122.8955, 41.7418], [-122.8955, 41.742]]], [[[-122.8916, 41.7427], [-122.8926, 41.7418], [-122.8908, 41.7419], [-122.8916, 41.7427]]], [[[-122.8804, 41.7426], [-122.88, 41.7418], [-122.8786, 41.7419], [-122.8786, 41.7424], [-122.8804, 41.7426]]], [[[-122.8966, 41.7415], [-122.8969, 41.7412], [-122.8966, 41.7412], [-122.8966, 41.7415]]], [[[-122.8897, 41.7416], [-122.8901, 41.7413], [-122.8897, 41.7414], [-122.8897, 41.7416]]], [[[-122.8786, 41.7419], [-122.8786, 41.7413], [-122.8778, 41.7414], [-122.8779, 41.7416], [-122.8786, 41.7419]]], [[[-122.8941, 41.7413], [-122.8944, 41.741], [-122.894, 41.741], [-122.8941, 41.7413]]], [[[-122.8898, 41.7419], [-122.8897, 41.7416], [-122.8894, 41.7416], [-122.8894, 41.7408], [-122.8879, 41.7409], [-122.8898, 41.7419]]], [[[-122.8873, 41.743], [-122.8876, 41.7422], [-122.8869, 41.742], [-122.8883, 41.7419], [-122.8872, 41.7403], [-122.8857, 41.7406], [-122.8861, 41.7412], [-122.884, 41.7409], [-122.884, 41.7415], [-122.8854, 41.7415], [-122.8844, 41.7423], [-122.8844, 41.7428], [-122.8873, 41.743]], [[-122.8869, 41.7422], [-122.8865, 41.7428], [-122.8862, 41.7422], [-122.8869, 41.7422]], [[-122.8851, 41.7423], [-122.8847, 41.7426], [-122.8847, 41.7423], [-122.8851, 41.7423]]], [[[-122.8775, 41.7406], [-122.8778, 41.7403], [-122.8774, 41.7403], [-122.8775, 41.7406]]], [[[-122.8919, 41.741], [-122.8918, 41.74], [-122.8907, 41.7397], [-122.8904, 41.7408], [-122.8919, 41.741]], [[-122.8915, 41.7402], [-122.8911, 41.7405], [-122.8911, 41.7402], [-122.8915, 41.7402]]], [[[-122.8922, 41.7405], [-122.8933, 41.7399], [-122.8925, 41.7397], [-122.8922, 41.7405]]], [[[-122.8871, 41.7398], [-122.8875, 41.7395], [-122.8871, 41.7395], [-122.8871, 41.7398]]], [[[-122.8915, 41.7394], [-122.8918, 41.7391], [-122.8914, 41.7391], [-122.8915, 41.7394]]], [[[-122.8864, 41.7395], [-122.8868, 41.739], [-122.8864, 41.739], [-122.8864, 41.7395]]], [[[-122.8882, 41.7392], [-122.8886, 41.7389], [-122.8882, 41.739], [-122.8882, 41.7392]]], [[[-122.8969, 41.7401], [-122.8968, 41.7388], [-122.8961, 41.7385], [-122.8951, 41.7393], [-122.8958, 41.7393], [-122.8965, 41.7398], [-122.8944, 41.7399], [-122.8969, 41.7401]], [[-122.8965, 41.739], [-122.8958, 41.7393], [-122.8958, 41.7391], [-122.8965, 41.739]]], [[[-122.8868, 41.739], [-122.8875, 41.7387], [-122.8867, 41.7387], [-122.8868, 41.739]]], [[[-122.8943, 41.7385], [-122.8957, 41.7385], [-122.8954, 41.738], [-122.8943, 41.7385]]], [[[-122.8857, 41.7387], [-122.886, 41.7382], [-122.8856, 41.7382], [-122.8857, 41.7387]]], [[[-122.8795, 41.7389], [-122.8799, 41.7383], [-122.8795, 41.7383], [-122.8795, 41.7389]]], [[[-122.8885, 41.7384], [-122.8889, 41.7381], [-122.8885, 41.7381], [-122.8885, 41.7384]]], [[[-122.8864, 41.7382], [-122.8867, 41.7379], [-122.8864, 41.7379], [-122.8864, 41.7382]]], [[[-122.8878, 41.7379], [-122.8881, 41.7376], [-122.8878, 41.7376], [-122.8878, 41.7379]]], [[[-122.8867, 41.7379], [-122.8871, 41.7376], [-122.8867, 41.7376], [-122.8867, 41.7379]]], [[[-122.8964, 41.7382], [-122.8964, 41.7377], [-122.8968, 41.7371], [-122.8957, 41.7377], [-122.8964, 41.7382]]], [[[-122.8889, 41.7381], [-122.8899, 41.7376], [-122.8888, 41.7373], [-122.8889, 41.7381]]], [[[-122.8939, 41.7375], [-122.8942, 41.7372], [-122.8939, 41.7372], [-122.8939, 41.7375]]], [[[-122.8874, 41.7373], [-122.8881, 41.7371], [-122.8874, 41.7371], [-122.8874, 41.7373]]], [[[-122.891, 41.737], [-122.8913, 41.7367], [-122.891, 41.7367], [-122.891, 41.737]]], [[[-122.8881, 41.7371], [-122.8888, 41.7368], [-122.8881, 41.7368], [-122.8881, 41.7371]]], [[[-122.8853, 41.7377], [-122.886, 41.7377], [-122.8874, 41.7368], [-122.8856, 41.7368], [-122.8853, 41.7377]]], [[[-122.8831, 41.7372], [-122.8834, 41.7366], [-122.8831, 41.7366], [-122.8831, 41.7372]]], [[[-122.8895, 41.7368], [-122.8899, 41.7365], [-122.8895, 41.7365], [-122.8895, 41.7368]]], [[[-122.8845, 41.7374], [-122.8845, 41.7366], [-122.8838, 41.7363], [-122.8838, 41.7374], [-122.8845, 41.7374]]], [[[-122.8953, 41.7361], [-122.8957, 41.7363], [-122.896, 41.7361], [-122.8953, 41.7361]]], [[[-122.8881, 41.7365], [-122.8884, 41.7362], [-122.8881, 41.7362], [-122.8881, 41.7365]]], [[[-122.8834, 41.7364], [-122.8838, 41.7361], [-122.8834, 41.7361], [-122.8834, 41.7364]]], [[[-122.883, 41.7361], [-122.8834, 41.7355], [-122.883, 41.7356], [-122.883, 41.7361]]], [[[-122.8816, 41.7361], [-122.8823, 41.7358], [-122.8816, 41.7356], [-122.8816, 41.7361]]], [[[-122.896, 41.7355], [-122.8963, 41.7352], [-122.896, 41.7353], [-122.896, 41.7355]]], [[[-122.8873, 41.7355], [-122.8877, 41.7352], [-122.8873, 41.7352], [-122.8873, 41.7355]]], [[[-122.8812, 41.7356], [-122.8816, 41.7353], [-122.8812, 41.7353], [-122.8812, 41.7356]]], [[[-122.8877, 41.7352], [-122.888, 41.7349], [-122.8877, 41.7349], [-122.8877, 41.7352]]], [[[-122.8884, 41.7349], [-122.8887, 41.7346], [-122.8884, 41.7346], [-122.8884, 41.7349]]], [[[-122.8866, 41.7349], [-122.8869, 41.7347], [-122.8866, 41.7347], [-122.8866, 41.7349]]], [[[-122.8794, 41.7351], [-122.8797, 41.7348], [-122.8794, 41.7348], [-122.8794, 41.7351]]], [[[-122.8876, 41.7341], [-122.888, 41.7338], [-122.8876, 41.7338], [-122.8876, 41.7341]]], [[[-122.8916, 41.7337], [-122.8916, 41.7332], [-122.8923, 41.7329], [-122.8912, 41.7329], [-122.8916, 41.7337]]], [[[-122.8942, 41.7358], [-122.8934, 41.7348], [-122.8945, 41.7345], [-122.8945, 41.735], [-122.8952, 41.735], [-122.8952, 41.7353], [-122.8963, 41.735], [-122.8955, 41.7326], [-122.8941, 41.7337], [-122.8934, 41.7334], [-122.8927, 41.7356], [-122.8942, 41.7358]], [[-122.8956, 41.7347], [-122.8952, 41.735], [-122.8952, 41.7347], [-122.8956, 41.7347]]], [[[-122.8951, 41.7315], [-122.8954, 41.7312], [-122.8951, 41.7312], [-122.8951, 41.7315]]], [[[-122.8966, 41.7333], [-122.8969, 41.7312], [-122.8954, 41.7309], [-122.8962, 41.7315], [-122.8955, 41.7326], [-122.8966, 41.7333]]]]}, "properties": {"layer": "high_severity"}}, {"type": "Feature", "geometry": {"type": "MultiPolygon", "coordinates": [[[[-122.8019, 41.8622], [-122.8023, 41.8619], [-122.8019, 41.8619], [-122.8019, 41.8622]]], [[[-122.9104, 41.8416], [-122.9104, 41.841], [-122.9096, 41.8408], [-122.9093, 41.8413], [-122.9104, 41.8416]]], [[[-122.8966, 41.8403], [-122.897, 41.84], [-122.8966, 41.84], [-122.8966, 41.8403]]], [[[-122.9041, 41.8377], [-122.9056, 41.8379], [-122.9055, 41.8373], [-122.9041, 41.8377]]], [[[-122.9041, 41.8374], [-122.9044, 41.8368], [-122.9041, 41.8368], [-122.9041, 41.8374]]], [[[-122.9066, 41.8371], [-122.907, 41.8368], [-122.9066, 41.8368], [-122.9066, 41.8371]]], [[[-122.9034, 41.8369], [-122.9037, 41.8366], [-122.9033, 41.8366], [-122.9034, 41.8369]]], [[[-122.9088, 41.8373], [-122.9087, 41.8362], [-122.9051, 41.8363], [-122.9055, 41.8371], [-122.9073, 41.8365], [-122.9088, 41.8373]]], [[[-122.9, 41.835], [-122.9004, 41.8348], [-122.9, 41.8348], [-122.9, 41.835]]], [[[-122.9288, 41.8336], [-122.9292, 41.8333], [-122.9288, 41.8333], [-122.9288, 41.8336]]], [[[-122.8777, 41.8347], [-122.8784, 41.8345], [-122.8776, 41.8345], [-122.8777, 41.8347]]], [[[-122.9282, 41.8357], [-122.9285, 41.8344], [-122.9296, 41.8341], [-122.9295, 41.8335], [-122.9292, 41.8338], [-122.9288, 41.8338], [-122.9288, 41.8336], [-122.9285, 41.8336], [-122.9288, 41.8328], [-122.9256, 41.8342], [-122.9238, 41.8329], [-122.9234, 41.8337], [-122.9257, 41.8353], [-122.9278, 41.8344], [-122.9275, 41.8358], [-122.9282, 41.8357]]], [[[-122.8578, 41.8338], [-122.8585, 41.8336], [-122.8578, 41.8336], [-122.8578, 41.8338]]], [[[-122.8668, 41.8344], [-122.8675, 41.8328], [-122.8646, 41.8329], [-122.8664, 41.8334], [-122.8668, 41.8344]]], [[[-122.8834, 41.833], [-122.8837, 41.8324], [-122.8833, 41.8324], [-122.8834, 41.833]]], [[[-122.9269, 41.8317], [-122.9277, 41.8314], [-122.9269, 41.8314], [-122.9269, 41.8317]]], [[[-122.9244, 41.8318], [-122.9248, 41.8315], [-122.9244, 41.8315], [-122.9244, 41.8318]]], [[[-122.8632, 41.8332], [-122.8639, 41.8329], [-122.8632, 41.8329], [-122.8632, 41.8332]]], [[[-122.8621, 41.8332], [-122.8624, 41.8329], [-122.8621, 41.8329], [-122.8621, 41.8332]]], [[[-122.9266, 41.8314], [-122.9262, 41.8309], [-122.9251, 41.8312], [-122.9251, 41.8315], [-122.9266, 41.8314]]], [[[-122.8826, 41.833], [-122.883, 41.8319], [-122.8815, 41.8319], [-122.8815, 41.8325], [-122.8826, 41.833]]], [[[-122.8808, 41.8322], [-122.8811, 41.832], [-122.8808, 41.832], [-122.8808, 41.8322]]], [[[-122.9255, 41.8309], [-122.9258, 41.8307], [-122.9255, 41.8307], [-122.9255, 41.8309]]], [[[-122.9288, 41.8325], [-122.9291, 41.8303], [-122.9276, 41.8301], [-122.9283, 41.8306], [-122.9266, 41.8309], [-122.928, 41.8311], [-122.9284, 41.8317], [-122.9277, 41.832], [-122.9288, 41.8325]]], [[[-122.8826, 41.8314], [-122.8829, 41.8311], [-122.8826, 41.8311], [-122.8826, 41.8314]]], [[[-122.8829, 41.8308], [-122.8833, 41.8306], [-122.8829, 41.8306], [-122.8829, 41.8308]]], [[[-122.8793, 41.8315], [-122.8789, 41.8304], [-122.8775, 41.831], [-122.8779, 41.8315], [-122.8793, 41.8315]], [[-122.8789, 41.8309], [-122.8782, 41.8312], [-122.8782, 41.8309], [-122.8789, 41.8309]]], [[[-122.924, 41.8296], [-122.9243, 41.8293], [-122.924, 41.8293], [-122.924, 41.8296]]], [[[-122.9244, 41.8312], [-122.9244, 41.8307], [-122.9258, 41.8301], [-122.9265, 41.8306], [-122.9279, 41.8295], [-122.9265, 41.829], [-122.9247, 41.8293], [-122.924, 41.8304], [-122.9233, 41.8304], [-122.9244, 41.8312]]], [[[-122.9024, 41.8301], [-122.9031, 41.8296], [-122.9023, 41.8296], [-122.9024, 41.8301]]], [[[-122.8836, 41.8305], [-122.8836, 41.8297], [-122.8825, 41.83], [-122.8825, 41.8306], [-122.8829, 41.8303], [-122.8836, 41.8305]]], [[[-122.9016, 41.8296], [-122.9023, 41.8293], [-122.9016, 41.8293], [-122.9016, 41.8296]]], [[[-122.8811, 41.8317], [-122.8826, 41.8314], [-122.8822, 41.8314], [-122.8825, 41.8306], [-122.88, 41.8304], [-122.8803, 41.8298], [-122.8789, 41.8296], [-122.8777, 41.828], [-122.8775, 41.8307], [-122.8789, 41.8301], [-122.8793, 41.8309], [-122.88, 41.8306], [-122.8818, 41.8311], [-122.8811, 41.8317]]], [[[-122.8759, 41.8277], [-122.8763, 41.8275], [-122.8759, 41.8275], [-122.8759, 41.8277]]], [[[-122.8756, 41.8275], [-122.8759, 41.8272], [-122.8755, 41.8272], [-122.8756, 41.8275]]], [[[-122.8828, 41.8276], [-122.882, 41.8265], [-122.8809, 41.8265], [-122.8817, 41.8276], [-122.8828, 41.8276]]], [[[-122.8881, 41.8266], [-122.8885, 41.8264], [-122.8881, 41.8264], [-122.8881, 41.8266]]], [[[-122.8802, 41.8271], [-122.8806, 41.8263], [-122.8802, 41.8263], [-122.8802, 41.8271]]], [[[-122.8964, 41.8265], [-122.8968, 41.8259], [-122.8964, 41.8259], [-122.8964, 41.8265]]], [[[-122.8885, 41.8264], [-122.8888, 41.8261], [-122.8885, 41.8261], [-122.8885, 41.8264]]], [[[-122.8892, 41.8261], [-122.8896, 41.8258], [-122.8892, 41.8258], [-122.8892, 41.8261]]], [[[-122.9151, 41.8252], [-122.9155, 41.8249], [-122.9151, 41.8249], [-122.9151, 41.8252]]], [[[-122.9285, 41.8257], [-122.9285, 41.8244], [-122.9263, 41.8247], [-122.9267, 41.8252], [-122.9285, 41.8257]]], [[[-122.9173, 41.8249], [-122.9176, 41.8246], [-122.9173, 41.8246], [-122.9173, 41.8249]]], [[[-122.9126, 41.825], [-122.913, 41.8247], [-122.9126, 41.8247], [-122.9126, 41.825]]], [[[-122.8892, 41.8255], [-122.8895, 41.8253], [-122.8892, 41.8253], [-122.8892, 41.8255]]], [[[-122.9173, 41.8252], [-122.9173, 41.8249], [-122.9162, 41.8244], [-122.9155, 41.8247], [-122.9173, 41.8252]]], [[[-122.9259, 41.8244], [-122.9263, 41.8241], [-122.9259, 41.8242], [-122.9259, 41.8244]]], [[[-122.9187, 41.8246], [-122.9191, 41.8243], [-122.9187, 41.8243], [-122.9187, 41.8246]]], [[[-122.8881, 41.8253], [-122.8884, 41.825], [-122.8881, 41.825], [-122.8881, 41.8253]]], [[[-122.891, 41.8255], [-122.8913, 41.8247], [-122.891, 41.8247], [-122.891, 41.8255]]], [[[-122.9252, 41.8242], [-122.9255, 41.8239], [-122.9252, 41.8239], [-122.9252, 41.8242]]], [[[-122.8884, 41.825], [-122.8888, 41.8247], [-122.8884, 41.8247], [-122.8884, 41.825]]], [[[-122.8877, 41.825], [-122.8881, 41.8248], [-122.8877, 41.8248], [-122.8877, 41.825]]], [[[-122.9144, 41.8255], [-122.9151, 41.8239], [-122.9129, 41.8242], [-122.9133, 41.8253], [-122.9144, 41.8255]]], [[[-122.8881, 41.8248], [-122.8884, 41.8245], [-122.8881, 41.8245], [-122.8881, 41.8248]]], [[[-122.9126, 41.8239], [-122.9129, 41.8236], [-122.9126, 41.8237], [-122.9126, 41.8239]]], [[[-122.8873, 41.8245], [-122.8877, 41.8242], [-122.8873, 41.8242], [-122.8873, 41.8245]]], [[[-122.9219, 41.8237], [-122.9223, 41.8232], [-122.9219, 41.8232], [-122.9219, 41.8237]]], [[[-122.8903, 41.8252], [-122.8909, 41.8244], [-122.8906, 41.8239], [-122.8899, 41.8247], [-122.8891, 41.8245], [-122.8903, 41.8252]]], [[[-122.9122, 41.8234], [-122.9129, 41.8228], [-122.9125, 41.8228], [-122.9122, 41.8234]]], [[[-122.9287, 41.8227], [-122.9287, 41.8222], [-122.928, 41.8222], [-122.928, 41.8225], [-122.9287, 41.8227]]], [[[-122.9132, 41.8228], [-122.9136, 41.8225], [-122.9132, 41.8226], [-122.9132, 41.8228]]], [[[-122.9327, 41.8221], [-122.933, 41.8218], [-122.9327, 41.8218], [-122.9327, 41.8221]]], [[[-122.9276, 41.8222], [-122.928, 41.8219], [-122.9276, 41.822], [-122.9276, 41.8222]]], [[[-122.9255, 41.8223], [-122.9265, 41.822], [-122.9255, 41.822], [-122.9255, 41.8223]]], [[[-122.9222, 41.8223], [-122.9229, 41.8221], [-122.9222, 41.8221], [-122.9222, 41.8223]]], [[[-122.9143, 41.8228], [-122.9146, 41.822], [-122.9136, 41.822], [-122.9136, 41.8225], [-122.9143, 41.8228]]], [[[-122.9287, 41.8219], [-122.9291, 41.8216], [-122.9287, 41.8217], [-122.9287, 41.8219]]], [[[-122.8833, 41.823], [-122.8837, 41.8227], [-122.8833, 41.8227], [-122.8833, 41.823]]], [[[-122.8885, 41.8261], [-122.8881, 41.8253], [-122.8874, 41.8253], [-122.8873, 41.8245], [-122.887, 41.8242], [-122.8852, 41.8246], [-122.8852, 41.824], [-122.8837, 41.8238], [-122.8837, 41.8232], [-122.8833, 41.8232], [-122.8833, 41.823], [-122.8829, 41.823], [-122.8829, 41.8224], [-122.8826, 41.8224], [-122.8819, 41.8235], [-122.883, 41.8243], [-122.8845, 41.8246], [-122.8845, 41.8251], [-122.8863, 41.8256], [-122.8863, 41.8259], [-122.8885, 41.8261]], [[-122.8867, 41.8253], [-122.8863, 41.8256], [-122.8863, 41.8253], [-122.8867, 41.8253]]], [[[-122.933, 41.8216], [-122.9345, 41.8215], [-122.9344, 41.821], [-122.933, 41.8216]]], [[[-122.9287, 41.8214], [-122.929, 41.8211], [-122.9287, 41.8211], [-122.9287, 41.8214]]], [[[-122.9017, 41.822], [-122.902, 41.8217], [-122.9017, 41.8217], [-122.9017, 41.822]]], [[[-122.897, 41.8221], [-122.8966, 41.8213], [-122.8955, 41.8213], [-122.8963, 41.8221], [-122.897, 41.8221]]], [[[-122.8959, 41.8221], [-122.8944, 41.8214], [-122.8937, 41.8217], [-122.8937, 41.8222], [-122.8959, 41.8221]]], [[[-122.9344, 41.8207], [-122.9348, 41.8204], [-122.9344, 41.8204], [-122.9344, 41.8207]]], [[[-122.8951, 41.8213], [-122.8955, 41.8211], [-122.8951, 41.8211], [-122.8951, 41.8213]]], [[[-122.9287, 41.8206], [-122.929, 41.8198], [-122.9286, 41.8198], [-122.9287, 41.8206]]], [[[-122.912, 41.8193], [-122.9124, 41.8191], [-122.912, 41.8191], [-122.912, 41.8193]]], [[[-122.9116, 41.8191], [-122.912, 41.8188], [-122.9116, 41.8188], [-122.9116, 41.8191]]], [[[-122.8969, 41.8194], [-122.8976, 41.8191], [-122.8969, 41.8191], [-122.8969, 41.8194]]], [[[-122.9109, 41.8188], [-122.9113, 41.8185], [-122.9109, 41.8185], [-122.9109, 41.8188]]], [[[-122.8965, 41.8192], [-122.8968, 41.8189], [-122.8965, 41.8189], [-122.8965, 41.8192]]], [[[-122.9304, 41.8184], [-122.9307, 41.8178], [-122.9296, 41.8173], [-122.9293, 41.8181], [-122.9304, 41.8184]]], [[[-122.9292, 41.817], [-122.9296, 41.8168], [-122.9292, 41.8168], [-122.9292, 41.817]]], [[[-122.7069, 41.8212], [-122.7072, 41.8209], [-122.7069, 41.8209], [-122.7069, 41.8212]]], [[[-122.8914, 41.8168], [-122.8917, 41.8166], [-122.8913, 41.8166], [-122.8914, 41.8168]]], [[[-122.9333, 41.8194], [-122.9344, 41.8191], [-122.9339, 41.8177], [-122.935, 41.8166], [-122.9328, 41.8153], [-122.9307, 41.8178], [-122.9311, 41.8186], [-122.9333, 41.8194]]], [[[-122.9331, 41.8153], [-122.9335, 41.815], [-122.9331, 41.8151], [-122.9331, 41.8153]]], [[[-122.8942, 41.8162], [-122.8946, 41.8157], [-122.8953, 41.8159], [-122.8952, 41.8146], [-122.8942, 41.8149], [-122.8938, 41.8157], [-122.8931, 41.8157], [-122.8942, 41.8162]], [[-122.8945, 41.8151], [-122.8942, 41.8154], [-122.8942, 41.8151], [-122.8945, 41.8151]]], [[[-122.8938, 41.8149], [-122.8942, 41.8146], [-122.8938, 41.8146], [-122.8938, 41.8149]]], [[[-122.9341, 41.8129], [-122.9345, 41.8126], [-122.9341, 41.8126], [-122.9341, 41.8129]]], [[[-122.9327, 41.8129], [-122.933, 41.8126], [-122.9327, 41.8126], [-122.9327, 41.8129]]], [[[-122.8938, 41.8143], [-122.8941, 41.8133], [-122.8922, 41.8122], [-122.8927, 41.8133], [-122.8919, 41.8133], [-122.892, 41.8141], [-122.8934, 41.8138], [-122.8938, 41.8143]]], [[[-122.9383, 41.8106], [-122.9387, 41.8101], [-122.9383, 41.8101], [-122.9383, 41.8106]]], [[[-122.9002, 41.8115], [-122.9001, 41.8109], [-122.8991, 41.8112], [-122.8991, 41.8115], [-122.9002, 41.8115]]], [[[-122.8987, 41.8113], [-122.8987, 41.8107], [-122.898, 41.8107], [-122.898, 41.811], [-122.8987, 41.8113]]], [[[-122.8915, 41.8114], [-122.8918, 41.8103], [-122.8915, 41.8103], [-122.8915, 41.8114]]], [[[-122.9289, 41.81], [-122.9293, 41.8095], [-122.9289, 41.8095], [-122.9289, 41.81]]], [[[-122.8926, 41.8108], [-122.8929, 41.8103], [-122.8925, 41.8103], [-122.8926, 41.8108]]], [[[-122.894, 41.81], [-122.8943, 41.8103], [-122.8947, 41.81], [-122.894, 41.81]]], [[[-122.8652, 41.8109], [-122.8655, 41.8107], [-122.8651, 41.8107], [-122.8652, 41.8109]]], [[[-122.939, 41.81], [-122.939, 41.8087], [-122.9386, 41.8092], [-122.9375, 41.8087], [-122.9372, 41.8093], [-122.939, 41.81]]], [[[-122.895, 41.81], [-122.8954, 41.8097], [-122.895, 41.8097], [-122.895, 41.81]]], [[[-122.8659, 41.8104], [-122.8666, 41.8106], [-122.8673, 41.8103], [-122.8659, 41.8104]]], [[[-122.9055, 41.8103], [-122.9055, 41.8092], [-122.9044, 41.8092], [-122.9044, 41.8098], [-122.9055, 41.8103]]], [[[-122.9667, 41.808], [-122.9671, 41.8075], [-122.9667, 41.8075], [-122.9667, 41.808]]], [[[-122.9346, 41.8085], [-122.935, 41.8082], [-122.9346, 41.8083], [-122.9346, 41.8085]]], [[[-122.9306, 41.8146], [-122.9294, 41.8135], [-122.9305, 41.8124], [-122.9319, 41.8126], [-122.932, 41.8132], [-122.9323, 41.8124], [-122.933, 41.8124], [-122.9334, 41.8129], [-122.9344, 41.8123], [-122.9352, 41.8128], [-122.9326, 41.8107], [-122.9332, 41.8094], [-122.9358, 41.8104], [-122.9358, 41.8096], [-122.9347, 41.8096], [-122.935, 41.8091], [-122.9347, 41.8091], [-122.9346, 41.8085], [-122.9343, 41.808], [-122.9328, 41.808], [-122.9315, 41.8105], [-122.929, 41.8106], [-122.9288, 41.8146], [-122.9306, 41.8146]], [[-122.9301, 41.8113], [-122.9297, 41.8119], [-122.9297, 41.8113], [-122.9301, 41.8113]], [[-122.9311, 41.811], [-122.9304, 41.8113], [-122.9304, 41.8111], [-122.9311, 41.811]], [[-122.9297, 41.8108], [-122.9293, 41.8111], [-122.9293, 41.8108], [-122.9297, 41.8108]], [[-122.9325, 41.8097], [-122.9322, 41.8099], [-122.9322, 41.8097], [-122.9325, 41.8097]], [[-122.9343, 41.8088], [-122.934, 41.8091], [-122.9339, 41.8088], [-122.9343, 41.8088]]], [[[-122.9386, 41.8087], [-122.9393, 41.8084], [-122.9393, 41.8079], [-122.9382, 41.8082], [-122.9386, 41.8087]]], [[[-122.9293, 41.8092], [-122.9292, 41.8087], [-122.9307, 41.8078], [-122.9289, 41.8078], [-122.9293, 41.8092]]], [[[-122.872, 41.8119], [-122.8727, 41.8105], [-122.872, 41.8105], [-122.8716, 41.8089], [-122.8673, 41.8101], [-122.8705, 41.8105], [-122.872, 41.8119]], [[-122.8713, 41.8103], [-122.8709, 41.8108], [-122.8709, 41.8103], [-122.8713, 41.8103]], [[-122.8716, 41.81], [-122.8713, 41.8103], [-122.8712, 41.81], [-122.8716, 41.81]], [[-122.8709, 41.8097], [-122.8702, 41.8103], [-122.8702, 41.81], [-122.8709, 41.8097]]], [[[-122.8968, 41.8086], [-122.8971, 41.8083], [-122.8968, 41.8083], [-122.8968, 41.8086]]], [[[-122.8719, 41.8092], [-122.8723, 41.8086], [-122.8719, 41.8086], [-122.8719, 41.8092]]], [[[-122.9638, 41.8076], [-122.9649, 41.8067], [-122.9634, 41.806], [-122.9612, 41.8063], [-122.9613, 41.8076], [-122.9638, 41.8076]], [[-122.9638, 41.807], [-122.9634, 41.8073], [-122.9634, 41.807], [-122.9638, 41.807]], [[-122.9627, 41.8071], [-122.962, 41.8071], [-122.962, 41.8063], [-122.9623, 41.8063], [-122.9627, 41.8071]]], [[[-122.9555, 41.8067], [-122.9558, 41.8061], [-122.9555, 41.8061], [-122.9555, 41.8067]]], [[[-122.8723, 41.8086], [-122.8726, 41.8081], [-122.8722, 41.8081], [-122.8723, 41.8086]]], [[[-122.9547, 41.8062], [-122.9551, 41.8059], [-122.9547, 41.8059], [-122.9547, 41.8062]]], [[[-122.8906, 41.8076], [-122.8913, 41.8074], [-122.8906, 41.8074], [-122.8906, 41.8076]]], [[[-122.891, 41.8071], [-122.8906, 41.8066], [-122.8899, 41.8069], [-122.8899, 41.8071], [-122.891, 41.8071]]], [[[-122.9515, 41.8054], [-122.9518, 41.8051], [-122.9515, 41.8052], [-122.9515, 41.8054]]], [[[-122.9154, 41.8057], [-122.9158, 41.8054], [-122.9154, 41.8055], [-122.9154, 41.8057]]], [[[-122.9201, 41.8056], [-122.9204, 41.8051], [-122.9201, 41.8051], [-122.9201, 41.8056]]], [[[-122.9518, 41.8046], [-122.9525, 41.8043], [-122.9518, 41.8043], [-122.9518, 41.8046]]], [[[-122.9194, 41.8054], [-122.9197, 41.8051], [-122.9194, 41.8051], [-122.9194, 41.8054]]], [[[-122.9176, 41.8054], [-122.9179, 41.8051], [-122.9176, 41.8051], [-122.9176, 41.8054]]], [[[-122.9172, 41.8057], [-122.9172, 41.8051], [-122.9176, 41.8049], [-122.9165, 41.8054], [-122.9172, 41.8057]]], [[[-122.9187, 41.8054], [-122.919, 41.8046], [-122.9186, 41.8046], [-122.9187, 41.8054]]], [[[-122.9179, 41.8051], [-122.9183, 41.8046], [-122.9179, 41.8046], [-122.9179, 41.8051]]], [[[-122.9154, 41.8055], [-122.9161, 41.8052], [-122.9161, 41.8046], [-122.9147, 41.8047], [-122.9154, 41.8055]]], [[[-122.9121, 41.805], [-122.9125, 41.8047], [-122.9121, 41.8047], [-122.9121, 41.805]]], [[[-122.9114, 41.805], [-122.9118, 41.8047], [-122.9114, 41.8047], [-122.9114, 41.805]]], [[[-122.9107, 41.8047], [-122.911, 41.8045], [-122.9107, 41.8045], [-122.9107, 41.8047]]], [[[-122.9179, 41.8046], [-122.9186, 41.8043], [-122.9186, 41.8038], [-122.9175, 41.804], [-122.9179, 41.8046]]], [[[-122.9504, 41.806], [-122.9514, 41.8049], [-122.9503, 41.8038], [-122.9506, 41.8027], [-122.9489, 41.8039], [-122.9493, 41.8055], [-122.9504, 41.806]]], [[[-122.8829, 41.804], [-122.8833, 41.8038], [-122.8829, 41.8038], [-122.8829, 41.804]]], [[[-122.8894, 41.8033], [-122.8901, 41.8031], [-122.8894, 41.8031], [-122.8894, 41.8033]]], [[[-122.8814, 41.8035], [-122.8814, 41.803], [-122.8807, 41.803], [-122.8807, 41.8033], [-122.8814, 41.8035]]], [[[-122.9189, 41.8035], [-122.92, 41.8024], [-122.9185, 41.8019], [-122.9182, 41.8024], [-122.916, 41.8022], [-122.9175, 41.8027], [-122.9171, 41.8032], [-122.9189, 41.8035]]], [[[-122.9156, 41.8022], [-122.916, 41.8016], [-122.9156, 41.8017], [-122.9156, 41.8022]]], [[[-122.9289, 41.8078], [-122.929, 41.8019], [-122.9272, 41.8025], [-122.9271, 41.8011], [-122.9253, 41.8012], [-122.9269, 41.8033], [-122.9251, 41.8044], [-122.9226, 41.8039], [-122.9226, 41.8045], [-122.9204, 41.8048], [-122.9215, 41.8053], [-122.9208, 41.8053], [-122.9205, 41.8064], [-122.9201, 41.8056], [-122.919, 41.8056], [-122.9198, 41.807], [-122.9184, 41.8073], [-122.9169, 41.806], [-122.9151, 41.806], [-122.9144, 41.8074], [-122.9137, 41.8074], [-122.9289, 41.8078]], [[-122.9263, 41.8071], [-122.9259, 41.8074], [-122.9259, 41.8071], [-122.9263, 41.8071]], [[-122.9259, 41.8066], [-122.9256, 41.8068], [-122.9256, 41.8066], [-122.9259, 41.8066]], [[-122.9238, 41.8066], [-122.9234, 41.8069], [-122.9234, 41.8066], [-122.9238, 41.8066]], [[-122.9241, 41.8063], [-122.9238, 41.8066], [-122.9237, 41.8063], [-122.9241, 41.8063]], [[-122.9234, 41.8064], [-122.9227, 41.8066], [-122.9227, 41.8064], [-122.9234, 41.8064]], [[-122.9223, 41.8064], [-122.922, 41.8067], [-122.9219, 41.8064], [-122.9223, 41.8064]], [[-122.9226, 41.8058], [-122.9223, 41.8061], [-122.9223, 41.8058], [-122.9226, 41.8058]], [[-122.9212, 41.8059], [-122.9208, 41.8061], [-122.9208, 41.8059], [-122.9212, 41.8059]], [[-122.928, 41.8057], [-122.9273, 41.8054], [-122.9276, 41.8049], [-122.928, 41.8049], [-122.928, 41.8057]], [[-122.9219, 41.8053], [-122.9216, 41.8059], [-122.9215, 41.8053], [-122.9219, 41.8053]], [[-122.9276, 41.8044], [-122.9269, 41.8046], [-122.9269, 41.8044], [-122.9276, 41.8044]], [[-122.9269, 41.8041], [-122.9265, 41.8044], [-122.9265, 41.8041], [-122.9269, 41.8041]], [[-122.928, 41.8038], [-122.9276, 41.8041], [-122.9276, 41.8038], [-122.928, 41.8038]], [[-122.9272, 41.8036], [-122.9269, 41.8038], [-122.9269, 41.8036], [-122.9272, 41.8036]]], [[[-122.9149, 41.8025], [-122.9153, 41.8017], [-122.9142, 41.8014], [-122.9138, 41.8022], [-122.9149, 41.8025]], [[-122.9145, 41.8017], [-122.9142, 41.802], [-122.9142, 41.8017], [-122.9145, 41.8017]]], [[[-122.9181, 41.8016], [-122.9178, 41.8011], [-122.917, 41.8014], [-122.9171, 41.8016], [-122.9181, 41.8016]]], [[[-122.8724, 41.8026], [-122.8727, 41.8021], [-122.8724, 41.8021], [-122.8724, 41.8026]]], [[[-122.9271, 41.8011], [-122.9275, 41.8008], [-122.9271, 41.8009], [-122.9271, 41.8011]]], [[[-122.9131, 41.8014], [-122.9134, 41.8012], [-122.9131, 41.8012], [-122.9131, 41.8014]]], [[[-122.9278, 41.8006], [-122.9282, 41.8003], [-122.9278, 41.8003], [-122.9278, 41.8006]]], [[[-122.9289, 41.8005], [-122.9289, 41.8], [-122.9282, 41.8], [-122.9282, 41.8003], [-122.9289, 41.8005]]], [[[-122.8785, 41.8014], [-122.8788, 41.8011], [-122.8785, 41.8012], [-122.8785, 41.8014]]], [[[-122.8788, 41.8011], [-122.8792, 41.8009], [-122.8788, 41.8009], [-122.8788, 41.8011]]], [[[-122.9545, 41.8081], [-122.9533, 41.8067], [-122.9536, 41.8056], [-122.9544, 41.8062], [-122.9551, 41.8053], [-122.9543, 41.8051], [-122.9546, 41.8037], [-122.9531, 41.8019], [-122.9499, 41.8019], [-122.9495, 41.8006], [-122.9505, 41.8], [-122.9505, 41.799], [-122.9494, 41.799], [-122.9474, 41.8034], [-122.9485, 41.8036], [-122.9499, 41.8025], [-122.9524, 41.803], [-122.9532, 41.8046], [-122.9522, 41.8054], [-122.9533, 41.8059], [-122.9522, 41.8062], [-122.9523, 41.807], [-122.9519, 41.8068], [-122.9505, 41.8071], [-122.9523, 41.8081], [-122.9545, 41.8081]], [[-122.9533, 41.8062], [-122.953, 41.8065], [-122.9529, 41.8062], [-122.9533, 41.8062]], [[-122.9532, 41.803], [-122.9528, 41.8032], [-122.9528, 41.803], [-122.9532, 41.803]], [[-122.9492, 41.8028], [-122.9485, 41.8025], [-122.9488, 41.8014], [-122.9495, 41.8022], [-122.9492, 41.8028]]], [[[-122.9167, 41.8014], [-122.9167, 41.8008], [-122.9181, 41.8008], [-122.9195, 41.8002], [-122.9195, 41.7997], [-122.9184, 41.8002], [-122.9159, 41.8], [-122.9156, 41.8006], [-122.9152, 41.7995], [-122.9149, 41.8009], [-122.9134, 41.8009], [-122.9138, 41.8014], [-122.9142, 41.8012], [-122.9167, 41.8014]]], [[[-122.9199, 41.7997], [-122.9202, 41.7994], [-122.9199, 41.7994], [-122.9199, 41.7997]]], [[[-122.9044, 41.7998], [-122.9047, 41.8], [-122.9051, 41.7997], [-122.9044, 41.7998]]], [[[-122.9126, 41.7996], [-122.913, 41.7993], [-122.9126, 41.7993], [-122.9126, 41.7996]]], [[[-122.9263, 41.7992], [-122.9263, 41.7987], [-122.9252, 41.799], [-122.9253, 41.7993], [-122.9263, 41.7992]]], [[[-122.9266, 41.7976], [-122.9273, 41.7973], [-122.9266, 41.7973], [-122.9266, 41.7976]]], [[[-122.9144, 41.7979], [-122.9147, 41.7973], [-122.9144, 41.7974], [-122.9144, 41.7979]]], [[[-122.9176, 41.7973], [-122.9183, 41.797], [-122.9176, 41.797], [-122.9176, 41.7973]]], [[[-122.9046, 41.797], [-122.905, 41.7968], [-122.9046, 41.7968], [-122.9046, 41.797]]], [[[-122.928, 41.7954], [-122.9283, 41.7951], [-122.928, 41.7951], [-122.928, 41.7954]]], [[[-122.8914, 41.8003], [-122.8917, 41.7976], [-122.8909, 41.7974], [-122.8916, 41.7963], [-122.8909, 41.7965], [-122.889, 41.7955], [-122.8891, 41.7969], [-122.8906, 41.7976], [-122.8896, 41.7995], [-122.8914, 41.8003]]], [[[-122.9209, 41.7977], [-122.9229, 41.7953], [-122.9179, 41.7948], [-122.9183, 41.797], [-122.9198, 41.797], [-122.9198, 41.7975], [-122.9201, 41.7975], [-122.9201, 41.7972], [-122.9205, 41.7972], [-122.9209, 41.7977]], [[-122.9208, 41.7967], [-122.9205, 41.7972], [-122.9205, 41.7967], [-122.9208, 41.7967]], [[-122.9212, 41.7964], [-122.9208, 41.7967], [-122.9208, 41.7964], [-122.9212, 41.7964]], [[-122.9194, 41.7962], [-122.919, 41.7964], [-122.919, 41.7962], [-122.9194, 41.7962]]], [[[-122.9093, 41.7964], [-122.9096, 41.7948], [-122.9088, 41.7945], [-122.9086, 41.7964], [-122.9093, 41.7964]]], [[[-122.9092, 41.7945], [-122.9095, 41.7942], [-122.9092, 41.7942], [-122.9092, 41.7945]]], [[[-122.9291, 41.797], [-122.929, 41.7935], [-122.9275, 41.7935], [-122.9287, 41.7943], [-122.928, 41.7968], [-122.9291, 41.797]]], [[[-122.7306, 41.7998], [-122.7305, 41.7982], [-122.7291, 41.798], [-122.7291, 41.7996], [-122.7306, 41.7998]], [[-122.7302, 41.7985], [-122.7298, 41.7988], [-122.7298, 41.7985], [-122.7302, 41.7985]]], [[[-122.9265, 41.7944], [-122.9272, 41.7935], [-122.9218, 41.7934], [-122.9225, 41.7939], [-122.9232, 41.7936], [-122.924, 41.7942], [-122.925, 41.7939], [-122.925, 41.7941], [-122.9258, 41.7941], [-122.9265, 41.7944]], [[-122.9261, 41.7938], [-122.9258, 41.7941], [-122.9258, 41.7938], [-122.9261, 41.7938]]], [[[-122.9203, 41.7937], [-122.921, 41.7934], [-122.9203, 41.7934], [-122.9203, 41.7937]]], [[[-122.92, 41.7948], [-122.9204, 41.7942], [-122.9203, 41.7937], [-122.92, 41.7934], [-122.9156, 41.7933], [-122.9164, 41.7943], [-122.9193, 41.7943], [-122.92, 41.7948]]], [[[-122.8877, 41.8077], [-122.8881, 41.8069], [-122.8909, 41.8063], [-122.8916, 41.8052], [-122.8909, 41.8044], [-122.8884, 41.805], [-122.8854, 41.8042], [-122.8872, 41.8026], [-122.8876, 41.8031], [-122.8894, 41.8031], [-122.8882, 41.8017], [-122.8889, 41.8001], [-122.8874, 41.7993], [-122.8873, 41.7966], [-122.8847, 41.7956], [-122.8836, 41.7935], [-122.8818, 41.7935], [-122.8819, 41.7962], [-122.884, 41.7956], [-122.8859, 41.7975], [-122.8848, 41.797], [-122.8845, 41.7978], [-122.8819, 41.7981], [-122.8821, 41.8008], [-122.8795, 41.8006], [-122.8795, 41.8011], [-122.8799, 41.8011], [-122.8799, 41.8014], [-122.8785, 41.8022], [-122.8778, 41.8023], [-122.8785, 41.8017], [-122.8785, 41.8014], [-122.8781, 41.8012], [-122.8767, 41.8012], [-122.8777, 41.8006], [-122.8738, 41.8007], [-122.8741, 41.8015], [-122.8728, 41.8026], [-122.8735, 41.8034], [-122.8724, 41.8035], [-122.8725, 41.8045], [-122.8739, 41.8034], [-122.8761, 41.8047], [-122.8775, 41.8042], [-122.8758, 41.8064], [-122.8739, 41.8053], [-122.874, 41.8078], [-122.8823, 41.8078], [-122.8823, 41.8065], [-122.8844, 41.8059], [-122.8862, 41.8064], [-122.8852, 41.8075], [-122.8877, 41.8077]], [[-122.8809, 41.8071], [-122.8805, 41.8076], [-122.8801, 41.8071], [-122.8809, 41.8071]], [[-122.8784, 41.8077], [-122.8769, 41.8069], [-122.8751, 41.8075], [-122.8751, 41.8069], [-122.8769, 41.8063], [-122.8779, 41.805], [-122.8801, 41.8052], [-122.8798, 41.8074], [-122.8787, 41.8071], [-122.8784, 41.8077]], [[-122.8873, 41.8066], [-122.8866, 41.8058], [-122.8848, 41.8056], [-122.8855, 41.8051], [-122.8865, 41.805], [-122.8866, 41.8056], [-122.888, 41.8053], [-122.8873, 41.8058], [-122.8884, 41.8058], [-122.8884, 41.8063], [-122.8877, 41.8061], [-122.8873, 41.8066]], [[-122.8812, 41.806], [-122.8808, 41.8062], [-122.8808, 41.806], [-122.8812, 41.806]], [[-122.8826, 41.8057], [-122.8823, 41.8059], [-122.8822, 41.8057], [-122.8826, 41.8057]], [[-122.8819, 41.8057], [-122.8815, 41.806], [-122.8815, 41.8057], [-122.8819, 41.8057]], [[-122.8898, 41.8052], [-122.8895, 41.8055], [-122.8894, 41.8052], [-122.8898, 41.8052]], [[-122.883, 41.8057], [-122.8819, 41.8049], [-122.8808, 41.8052], [-122.8811, 41.8043], [-122.8825, 41.804], [-122.8818, 41.8035], [-122.8811, 41.8041], [-122.8803, 41.8033], [-122.8807, 41.8027], [-122.8814, 41.8027], [-122.8818, 41.8032], [-122.8828, 41.8027], [-122.884, 41.8045], [-122.883, 41.8057]], [[-122.8815, 41.8054], [-122.8812, 41.8057], [-122.8812, 41.8054], [-122.8815, 41.8054]], [[-122.8902, 41.8049], [-122.8898, 41.8052], [-122.8898, 41.805], [-122.8902, 41.8049]], [[-122.8808, 41.8052], [-122.8804, 41.8054], [-122.8804, 41.8052], [-122.8808, 41.8052]], [[-122.8855, 41.8048], [-122.8851, 41.8051], [-122.8851, 41.8048], [-122.8855, 41.8048]], [[-122.8779, 41.8047], [-122.8775, 41.805], [-122.8775, 41.8047], [-122.8779, 41.8047]], [[-122.8808, 41.8044], [-122.8804, 41.8046], [-122.8804, 41.8044], [-122.8808, 41.8044]], [[-122.8782, 41.8041], [-122.8779, 41.8047], [-122.8779, 41.8041], [-122.8782, 41.8041]], [[-122.8789, 41.8036], [-122.8778, 41.8039], [-122.8778, 41.8036], [-122.8789, 41.8036]], [[-122.8764, 41.8036], [-122.876, 41.8039], [-122.876, 41.8036], [-122.8764, 41.8036]], [[-122.8767, 41.8031], [-122.876, 41.8034], [-122.876, 41.8031], [-122.8767, 41.8031]], [[-122.8871, 41.8018], [-122.885, 41.8026], [-122.8842, 41.8008], [-122.8852, 41.7996], [-122.8871, 41.8007], [-122.8871, 41.8018]], [[-122.8807, 41.8025], [-122.8803, 41.8027], [-122.8803, 41.8025], [-122.8807, 41.8025]], [[-122.8778, 41.8023], [-122.8771, 41.8028], [-122.8771, 41.8023], [-122.8778, 41.8023]], [[-122.8839, 41.8016], [-122.8832, 41.8021], [-122.8832, 41.8016], [-122.8839, 41.8016]], [[-122.8821, 41.8019], [-122.881, 41.8022], [-122.881, 41.8019], [-122.8821, 41.8019]], [[-122.8803, 41.8017], [-122.8799, 41.8022], [-122.8799, 41.8017], [-122.8803, 41.8017]], [[-122.8842, 41.8013], [-122.8839, 41.8016], [-122.8839, 41.8013], [-122.8842, 41.8013]], [[-122.8767, 41.8012], [-122.8763, 41.8017], [-122.8763, 41.8012], [-122.8767, 41.8012]], [[-122.881, 41.8011], [-122.8806, 41.8014], [-122.8806, 41.8011], [-122.881, 41.8011]], [[-122.8828, 41.8008], [-122.8821, 41.8011], [-122.8821, 41.8008], [-122.8828, 41.8008]], [[-122.8803, 41.8008], [-122.8799, 41.8011], [-122.8799, 41.8009], [-122.8803, 41.8008]], [[-122.8866, 41.798], [-122.8863, 41.7983], [-122.8863, 41.798], [-122.8866, 41.798]], [[-122.8866, 41.7975], [-122.8859, 41.798], [-122.8859, 41.7975], [-122.8866, 41.7975]]], [[[-122.8998, 41.7934], [-122.9005, 41.7931], [-122.8998, 41.7931], [-122.8998, 41.7934]]], [[[-122.9071, 41.7959], [-122.9082, 41.7956], [-122.9078, 41.7951], [-122.9088, 41.794], [-122.908, 41.7926], [-122.9073, 41.7929], [-122.9071, 41.7954], [-122.906, 41.7946], [-122.9045, 41.7951], [-122.9071, 41.7959]], [[-122.9081, 41.7934], [-122.9077, 41.7937], [-122.9077, 41.7934], [-122.9081, 41.7934]]], [[[-122.9095, 41.7934], [-122.9095, 41.7923], [-122.9091, 41.7923], [-122.9088, 41.7932], [-122.9095, 41.7934]]], [[[-122.8994, 41.7928], [-122.8997, 41.7925], [-122.8994, 41.7926], [-122.8994, 41.7928]]], [[[-122.8994, 41.7934], [-122.8994, 41.7928], [-122.899, 41.7923], [-122.8983, 41.792], [-122.8965, 41.7924], [-122.8957, 41.7916], [-122.8947, 41.7919], [-122.8947, 41.7927], [-122.8962, 41.7929], [-122.8962, 41.7934], [-122.8994, 41.7934]], [[-122.8958, 41.7924], [-122.8954, 41.7926], [-122.8954, 41.7924], [-122.8958, 41.7924]], [[-122.8954, 41.7918], [-122.895, 41.7924], [-122.895, 41.7918], [-122.8954, 41.7918]]], [[[-122.8936, 41.7919], [-122.8947, 41.7916], [-122.8936, 41.7916], [-122.8936, 41.7919]]], [[[-122.9308, 41.7935], [-122.9293, 41.7921], [-122.93, 41.791], [-122.9289, 41.7905], [-122.929, 41.7935], [-122.9308, 41.7935]]], [[[-122.8493, 41.7929], [-122.8493, 41.7923], [-122.8482, 41.7924], [-122.8482, 41.7926], [-122.8493, 41.7929]]], [[[-122.9062, 41.7913], [-122.9069, 41.791], [-122.9062, 41.791], [-122.9062, 41.7913]]], [[[-122.9012, 41.7931], [-122.9012, 41.7925], [-122.903, 41.7925], [-122.903, 41.7919], [-122.9008, 41.7923], [-122.899, 41.7912], [-122.8986, 41.792], [-122.9012, 41.7931]]], [[[-122.8496, 41.7926], [-122.85, 41.7923], [-122.8496, 41.7923], [-122.8496, 41.7926]]], [[[-122.9058, 41.7911], [-122.9062, 41.7908], [-122.9058, 41.7908], [-122.9058, 41.7911]]], [[[-122.8982, 41.791], [-122.8986, 41.7907], [-122.8982, 41.7907], [-122.8982, 41.791]]], [[[-122.8933, 41.7932], [-122.894, 41.7921], [-122.8936, 41.7919], [-122.8929, 41.7919], [-122.8929, 41.7916], [-122.8921, 41.7916], [-122.8914, 41.7906], [-122.8915, 41.793], [-122.8933, 41.7932]], [[-122.8921, 41.7916], [-122.8918, 41.7919], [-122.8918, 41.7916], [-122.8921, 41.7916]]], [[[-122.9011, 41.7904], [-122.9014, 41.7901], [-122.9011, 41.7901], [-122.9011, 41.7904]]], [[[-122.899, 41.7909], [-122.9007, 41.7904], [-122.9007, 41.7896], [-122.8993, 41.7896], [-122.899, 41.7909]]], [[[-122.905, 41.7897], [-122.9054, 41.7894], [-122.905, 41.7895], [-122.905, 41.7897]]], [[[-122.9065, 41.7894], [-122.9068, 41.7889], [-122.9064, 41.7889], [-122.9065, 41.7894]]], [[[-122.8654, 41.7901], [-122.8657, 41.7898], [-122.8654, 41.7898], [-122.8654, 41.7901]]], [[[-122.855, 41.7906], [-122.8546, 41.7895], [-122.8538, 41.7895], [-122.8542, 41.7903], [-122.855, 41.7906]]], [[[-122.8921, 41.7906], [-122.8924, 41.79], [-122.8924, 41.7887], [-122.8917, 41.7887], [-122.8921, 41.7906]]], [[[-122.8643, 41.7898], [-122.8643, 41.7893], [-122.8636, 41.7893], [-122.8636, 41.7896], [-122.8643, 41.7898]]], [[[-122.9039, 41.7887], [-122.9043, 41.7884], [-122.9039, 41.7884], [-122.9039, 41.7887]]], [[[-122.8927, 41.7889], [-122.8931, 41.7886], [-122.8927, 41.7887], [-122.8927, 41.7889]]], [[[-122.86, 41.7897], [-122.8607, 41.7894], [-122.86, 41.7894], [-122.86, 41.7897]]], [[[-122.8466, 41.79], [-122.847, 41.7897], [-122.8466, 41.7897], [-122.8466, 41.79]]], [[[-122.8567, 41.7895], [-122.8571, 41.7892], [-122.8567, 41.7892], [-122.8567, 41.7895]]], [[[-122.847, 41.7897], [-122.8477, 41.7894], [-122.847, 41.7894], [-122.847, 41.7897]]], [[[-122.8563, 41.7892], [-122.8567, 41.7889], [-122.8563, 41.7889], [-122.8563, 41.7892]]], [[[-122.9445, 41.7937], [-122.9433, 41.7913], [-122.9412, 41.7916], [-122.9404, 41.79], [-122.9385, 41.7892], [-122.937, 41.7865], [-122.9364, 41.7887], [-122.9353, 41.7893], [-122.9372, 41.7906], [-122.9361, 41.7914], [-122.935, 41.7912], [-122.9369, 41.7925], [-122.9366, 41.7936], [-122.9427, 41.7935], [-122.9434, 41.7926], [-122.9434, 41.7937], [-122.9445, 41.7937]], [[-122.9376, 41.7928], [-122.9373, 41.7933], [-122.9372, 41.7928], [-122.9376, 41.7928]], [[-122.9401, 41.7924], [-122.9398, 41.7927], [-122.9398, 41.7924], [-122.9401, 41.7924]], [[-122.9372, 41.7922], [-122.9369, 41.7925], [-122.9369, 41.7922], [-122.9372, 41.7922]], [[-122.943, 41.7921], [-122.9423, 41.7921], [-122.9415, 41.7916], [-122.9426, 41.7916], [-122.943, 41.7921]], [[-122.9408, 41.7919], [-122.9405, 41.7921], [-122.9405, 41.7919], [-122.9408, 41.7919]], [[-122.9408, 41.7913], [-122.9404, 41.7916], [-122.9404, 41.7913], [-122.9408, 41.7913]], [[-122.9379, 41.79], [-122.9375, 41.7906], [-122.9375, 41.7901], [-122.9379, 41.79]], [[-122.9375, 41.7892], [-122.9371, 41.7901], [-122.9371, 41.7893], [-122.9375, 41.7892]]], [[[-122.8642, 41.7885], [-122.8646, 41.7882], [-122.8642, 41.7882], [-122.8642, 41.7885]]], [[[-122.8639, 41.7882], [-122.8642, 41.7879], [-122.8639, 41.788], [-122.8639, 41.7882]]], [[[-122.9071, 41.7883], [-122.9067, 41.7867], [-122.9049, 41.7876], [-122.905, 41.7881], [-122.9071, 41.7883]]], [[[-122.9417, 41.7862], [-122.942, 41.7859], [-122.9416, 41.7859], [-122.9417, 41.7862]]], [[[-122.8984, 41.7872], [-122.8988, 41.7869], [-122.8984, 41.7869], [-122.8984, 41.7872]]], [[[-122.8527, 41.7882], [-122.8531, 41.7879], [-122.8527, 41.7879], [-122.8527, 41.7882]]], [[[-122.937, 41.786], [-122.9384, 41.7862], [-122.9384, 41.7857], [-122.937, 41.786]]], [[[-122.9366, 41.786], [-122.937, 41.7857], [-122.9366, 41.7857], [-122.9366, 41.786]]], [[[-122.8469, 41.7881], [-122.8473, 41.7878], [-122.8469, 41.7878], [-122.8469, 41.7881]]], [[[-122.9434, 41.7853], [-122.9438, 41.785], [-122.9434, 41.785], [-122.9434, 41.7853]]], [[[-122.8949, 41.7894], [-122.8967, 41.788], [-122.8981, 41.7888], [-122.8981, 41.7869], [-122.8991, 41.7866], [-122.9013, 41.7871], [-122.9009, 41.7863], [-122.8984, 41.7858], [-122.8963, 41.7872], [-122.8945, 41.7867], [-122.8945, 41.7881], [-122.8935, 41.7889], [-122.8949, 41.7894]], [[-122.8952, 41.7872], [-122.8949, 41.7875], [-122.8948, 41.7872], [-122.8952, 41.7872]]], [[[-122.858, 41.7862], [-122.8584, 41.7859], [-122.858, 41.7859], [-122.858, 41.7862]]], [[[-122.9365, 41.7844], [-122.9369, 41.7838], [-122.9365, 41.7839], [-122.9365, 41.7844]]], [[[-122.8587, 41.7859], [-122.8598, 41.7856], [-122.8587, 41.7856], [-122.8587, 41.7859]]], [[[-122.8477, 41.7894], [-122.8531, 41.7887], [-122.8531, 41.7885], [-122.8527, 41.7885], [-122.8527, 41.7882], [-122.8523, 41.7882], [-122.8523, 41.7879], [-122.853, 41.7877], [-122.8522, 41.7855], [-122.8497, 41.7861], [-122.8494, 41.7875], [-122.8494, 41.7861], [-122.8469, 41.7867], [-122.848, 41.7886], [-122.8477, 41.7894]], [[-122.8516, 41.7882], [-122.8509, 41.7885], [-122.8509, 41.7882], [-122.8516, 41.7882]], [[-122.8505, 41.7877], [-122.8502, 41.7885], [-122.8498, 41.7875], [-122.8505, 41.7877]], [[-122.852, 41.788], [-122.8516, 41.7882], [-122.8516, 41.788], [-122.852, 41.788]], [[-122.8487, 41.788], [-122.848, 41.7883], [-122.848, 41.788], [-122.8487, 41.788]], [[-122.8523, 41.7874], [-122.852, 41.788], [-122.8519, 41.7874], [-122.8523, 41.7874]], [[-122.8509, 41.7874], [-122.8505, 41.7877], [-122.8505, 41.7874], [-122.8509, 41.7874]], [[-122.8519, 41.7871], [-122.8516, 41.7874], [-122.8516, 41.7872], [-122.8519, 41.7871]], [[-122.8483, 41.787], [-122.848, 41.7872], [-122.848, 41.787], [-122.8483, 41.787]], [[-122.8519, 41.7863], [-122.8508, 41.7869], [-122.8508, 41.7866], [-122.8519, 41.7863]]], [[[-122.8598, 41.7856], [-122.8602, 41.7853], [-122.8598, 41.7853], [-122.8598, 41.7856]]], [[[-122.8645, 41.7852], [-122.8648, 41.785], [-122.8645, 41.785], [-122.8645, 41.7852]]], [[[-122.89, 41.7844], [-122.8904, 41.7841], [-122.89, 41.7841], [-122.89, 41.7844]]], [[[-122.8897, 41.7855], [-122.8897, 41.7841], [-122.8868, 41.7842], [-122.8868, 41.7847], [-122.8882, 41.7847], [-122.8883, 41.7855], [-122.8897, 41.7855]], [[-122.889, 41.7844], [-122.8886, 41.7847], [-122.8886, 41.7844], [-122.889, 41.7844]]], [[[-122.8598, 41.7851], [-122.8594, 41.7845], [-122.8587, 41.7846], [-122.8587, 41.7851], [-122.8598, 41.7851]]], [[[-122.9307, 41.791], [-122.9303, 41.7897], [-122.9317, 41.7888], [-122.9309, 41.7872], [-122.9323, 41.7864], [-122.9329, 41.7826], [-122.9307, 41.7834], [-122.9289, 41.7824], [-122.9293, 41.7846], [-122.929, 41.7862], [-122.9298, 41.7864], [-122.9291, 41.7873], [-122.9298, 41.7873], [-122.9298, 41.787], [-122.9302, 41.787], [-122.9302, 41.7875], [-122.9291, 41.7875], [-122.9292, 41.7902], [-122.9307, 41.791]], [[-122.9309, 41.7883], [-122.9306, 41.7886], [-122.9306, 41.7883], [-122.9309, 41.7883]], [[-122.9305, 41.7867], [-122.9302, 41.787], [-122.9301, 41.7867], [-122.9305, 41.7867]], [[-122.93, 41.7843], [-122.9293, 41.7846], [-122.9293, 41.7843], [-122.93, 41.7843]]], [[[-122.8986, 41.7834], [-122.899, 41.7831], [-122.8986, 41.7831], [-122.8986, 41.7834]]], [[[-122.8983, 41.7828], [-122.899, 41.7826], [-122.8983, 41.7826], [-122.8983, 41.7828]]], [[[-122.8904, 41.7838], [-122.8907, 41.7827], [-122.8889, 41.7825], [-122.8889, 41.7839], [-122.8904, 41.7838]]], [[[-122.9103, 41.7861], [-122.9102, 41.7839], [-122.9088, 41.7837], [-122.9091, 41.7842], [-122.9077, 41.7842], [-122.9048, 41.7832], [-122.9047, 41.7816], [-122.9022, 41.7814], [-122.9008, 41.782], [-122.9008, 41.7825], [-122.9022, 41.7827], [-122.903, 41.7844], [-122.9073, 41.7843], [-122.9088, 41.7856], [-122.9085, 41.7861], [-122.9103, 41.7861]]], [[[-122.9288, 41.7811], [-122.9292, 41.7808], [-122.9288, 41.7808], [-122.9288, 41.7811]]], [[[-122.9018, 41.7814], [-122.9022, 41.7811], [-122.9018, 41.7811], [-122.9018, 41.7814]]], [[[-122.895, 41.7816], [-122.8953, 41.7813], [-122.895, 41.7813], [-122.895, 41.7816]]], [[[-122.8676, 41.7822], [-122.8679, 41.7819], [-122.8676, 41.7819], [-122.8676, 41.7822]]], [[[-122.9022, 41.7811], [-122.9025, 41.7808], [-122.9021, 41.7809], [-122.9022, 41.7811]]], [[[-122.8679, 41.7819], [-122.8683, 41.7816], [-122.8679, 41.7816], [-122.8679, 41.7819]]], [[[-122.8643, 41.7817], [-122.8647, 41.7812], [-122.8643, 41.7812], [-122.8643, 41.7817]]], [[[-122.8993, 41.7807], [-122.8996, 41.7804], [-122.8992, 41.7804], [-122.8993, 41.7807]]], [[[-122.8996, 41.7804], [-122.9003, 41.7801], [-122.8996, 41.7801], [-122.8996, 41.7804]]], [[[-122.8989, 41.7801], [-122.8992, 41.7798], [-122.8989, 41.7798], [-122.8989, 41.7801]]], [[[-122.8582, 41.781], [-122.8585, 41.7808], [-122.8582, 41.7808], [-122.8582, 41.781]]], [[[-122.8999, 41.7796], [-122.9003, 41.7793], [-122.8999, 41.7793], [-122.8999, 41.7796]]], [[[-122.8985, 41.7796], [-122.8988, 41.7793], [-122.8985, 41.7793], [-122.8985, 41.7796]]], [[[-122.8704, 41.7802], [-122.8708, 41.7799], [-122.8704, 41.78], [-122.8704, 41.7802]]], [[[-122.8996, 41.7793], [-122.8999, 41.7787], [-122.8995, 41.7788], [-122.8996, 41.7793]]], [[[-122.8575, 41.7808], [-122.8582, 41.7802], [-122.8585, 41.7797], [-122.8574, 41.78], [-122.8575, 41.7808]]], [[[-122.8715, 41.7797], [-122.8722, 41.7794], [-122.8715, 41.7794], [-122.8715, 41.7797]]], [[[-122.8869, 41.779], [-122.8869, 41.7785], [-122.8851, 41.7788], [-122.8851, 41.7791], [-122.8869, 41.779]]], [[[-122.8772, 41.7793], [-122.8757, 41.7782], [-122.8747, 41.7788], [-122.8747, 41.7793], [-122.8772, 41.7793]]], [[[-122.9118, 41.7777], [-122.9121, 41.7771], [-122.9117, 41.7771], [-122.9118, 41.7777]]], [[[-122.8891, 41.7782], [-122.889, 41.7776], [-122.8883, 41.7777], [-122.8883, 41.7779], [-122.8891, 41.7782]]], [[[-122.8707, 41.7781], [-122.871, 41.7778], [-122.8707, 41.7778], [-122.8707, 41.7781]]], [[[-122.8865, 41.7769], [-122.8868, 41.7766], [-122.8865, 41.7766], [-122.8865, 41.7769]]], [[[-122.8858, 41.7772], [-122.8861, 41.7764], [-122.8857, 41.7764], [-122.8858, 41.7772]]], [[[-122.8757, 41.7771], [-122.8757, 41.7766], [-122.8746, 41.7769], [-122.8746, 41.7772], [-122.8757, 41.7771]]], [[[-122.8854, 41.7764], [-122.8857, 41.7761], [-122.8854, 41.7761], [-122.8854, 41.7764]]], [[[-122.8721, 41.7767], [-122.8728, 41.7764], [-122.8721, 41.7764], [-122.8721, 41.7767]]], [[[-122.8717, 41.7764], [-122.872, 41.7761], [-122.8717, 41.7761], [-122.8717, 41.7764]]], [[[-122.8836, 41.7759], [-122.8839, 41.7756], [-122.8836, 41.7756], [-122.8836, 41.7759]]], [[[-122.7647, 41.7785], [-122.7651, 41.7782], [-122.7647, 41.7783], [-122.7647, 41.7785]]], [[[-122.8898, 41.7776], [-122.8901, 41.776], [-122.8882, 41.7752], [-122.8868, 41.7766], [-122.8872, 41.7771], [-122.8883, 41.7766], [-122.8898, 41.7776]]], [[[-122.876, 41.7758], [-122.8767, 41.7755], [-122.876, 41.7755], [-122.876, 41.7758]]], [[[-122.7622, 41.7783], [-122.7625, 41.778], [-122.7622, 41.778], [-122.7622, 41.7783]]], [[[-122.8818, 41.7759], [-122.8817, 41.7754], [-122.8803, 41.7749], [-122.8803, 41.7757], [-122.8818, 41.7759]]], [[[-122.8861, 41.7758], [-122.886, 41.7747], [-122.8846, 41.7748], [-122.8846, 41.7753], [-122.8861, 41.7758]]], [[[-122.7618, 41.7775], [-122.7622, 41.7778], [-122.7625, 41.7775], [-122.7618, 41.7775]]], [[[-122.9094, 41.7737], [-122.9098, 41.7734], [-122.9094, 41.7734], [-122.9094, 41.7737]]], [[[-122.868, 41.7746], [-122.8684, 41.7743], [-122.868, 41.7743], [-122.868, 41.7746]]], [[[-122.8388, 41.7753], [-122.8392, 41.775], [-122.8388, 41.775], [-122.8388, 41.7753]]], [[[-122.8825, 41.7754], [-122.8817, 41.7743], [-122.8802, 41.7738], [-122.8803, 41.7746], [-122.8825, 41.7754]]], [[[-122.872, 41.7748], [-122.8719, 41.7737], [-122.8716, 41.7737], [-122.8709, 41.7745], [-122.872, 41.7748]]], [[[-122.9087, 41.7729], [-122.9098, 41.7731], [-122.9097, 41.7723], [-122.9087, 41.7729]]], [[[-122.8636, 41.7731], [-122.8643, 41.7728], [-122.8636, 41.7728], [-122.8636, 41.7731]]], [[[-122.9105, 41.7817], [-122.9104, 41.7793], [-122.9089, 41.7785], [-122.9103, 41.7771], [-122.9099, 41.7763], [-122.9114, 41.7769], [-122.912, 41.7752], [-122.9135, 41.7752], [-122.9135, 41.7757], [-122.9142, 41.7754], [-122.916, 41.7765], [-122.916, 41.7749], [-122.9149, 41.7751], [-122.9138, 41.7738], [-122.9123, 41.7741], [-122.9113, 41.7752], [-122.9098, 41.775], [-122.9094, 41.7737], [-122.9091, 41.7737], [-122.9091, 41.7739], [-122.908, 41.774], [-122.9077, 41.7748], [-122.9062, 41.7743], [-122.9059, 41.7754], [-122.9077, 41.775], [-122.9066, 41.7756], [-122.9067, 41.777], [-122.906, 41.777], [-122.9071, 41.7786], [-122.9061, 41.7794], [-122.9039, 41.7797], [-122.9024, 41.7784], [-122.9027, 41.7771], [-122.9013, 41.7771], [-122.9005, 41.7763], [-122.9008, 41.7755], [-122.9023, 41.7752], [-122.9019, 41.7744], [-122.8979, 41.7742], [-122.8982, 41.7717], [-122.8971, 41.772], [-122.897, 41.7788], [-122.8988, 41.779], [-122.9002, 41.7782], [-122.9003, 41.7793], [-122.901, 41.7793], [-122.9003, 41.7801], [-122.9014, 41.7809], [-122.9035, 41.7797], [-122.905, 41.7808], [-122.9047, 41.7816], [-122.9069, 41.7816], [-122.9083, 41.7804], [-122.9105, 41.7817]], [[-122.91, 41.7796], [-122.9097, 41.7799], [-122.9097, 41.7796], [-122.91, 41.7796]], [[-122.9086, 41.7796], [-122.9082, 41.7799], [-122.9082, 41.7796], [-122.9086, 41.7796]], [[-122.9082, 41.7788], [-122.9078, 41.7791], [-122.9078, 41.7788], [-122.9082, 41.7788]], [[-122.8999, 41.7782], [-122.8992, 41.7782], [-122.8991, 41.7771], [-122.8995, 41.7771], [-122.8999, 41.7782]], [[-122.902, 41.7773], [-122.9017, 41.7776], [-122.9016, 41.7773], [-122.902, 41.7773]], [[-122.8991, 41.7771], [-122.8984, 41.7761], [-122.8994, 41.775], [-122.899, 41.7755], [-122.8991, 41.7771]], [[-122.9095, 41.7753], [-122.9091, 41.7756], [-122.9091, 41.7753], [-122.9095, 41.7753]], [[-122.9138, 41.7744], [-122.9134, 41.7746], [-122.9134, 41.7744], [-122.9138, 41.7744]], [[-122.9091, 41.7742], [-122.9087, 41.7745], [-122.9087, 41.7742], [-122.9091, 41.7742]]], [[[-122.904, 41.7735], [-122.9043, 41.7721], [-122.9054, 41.7718], [-122.9029, 41.7716], [-122.9029, 41.773], [-122.904, 41.7735]], [[-122.904, 41.7727], [-122.9036, 41.773], [-122.9036, 41.7727], [-122.904, 41.7727]]], [[[-122.9093, 41.7718], [-122.9101, 41.7717], [-122.9104, 41.7715], [-122.9093, 41.7718]]], [[[-122.8756, 41.7752], [-122.8759, 41.7741], [-122.877, 41.7739], [-122.8769, 41.772], [-122.8737, 41.7718], [-122.8723, 41.7745], [-122.8756, 41.7752]]], [[[-122.868, 41.7732], [-122.8687, 41.7727], [-122.8675, 41.7719], [-122.8654, 41.7722], [-122.8668, 41.7722], [-122.8665, 41.773], [-122.868, 41.7732]]], [[[-122.8636, 41.7728], [-122.8636, 41.7723], [-122.8625, 41.772], [-122.8625, 41.7726], [-122.8636, 41.7728]]], [[[-122.862, 41.7948], [-122.863, 41.7945], [-122.8627, 41.7939], [-122.8637, 41.7928], [-122.8641, 41.7928], [-122.8644, 41.7934], [-122.8637, 41.7936], [-122.8641, 41.7944], [-122.867, 41.7941], [-122.8659, 41.7928], [-122.8673, 41.7919], [-122.8672, 41.7906], [-122.8708, 41.7902], [-122.8719, 41.7894], [-122.8724, 41.7853], [-122.8723, 41.7818], [-122.8715, 41.7813], [-122.8722, 41.7813], [-122.8722, 41.7799], [-122.8711, 41.7799], [-122.8715, 41.781], [-122.8698, 41.7829], [-122.8695, 41.7846], [-122.8695, 41.7851], [-122.8706, 41.7851], [-122.8699, 41.7867], [-122.8718, 41.7878], [-122.8707, 41.7886], [-122.8711, 41.7894], [-122.8686, 41.7884], [-122.8686, 41.7889], [-122.8664, 41.7893], [-122.8668, 41.7901], [-122.8658, 41.7901], [-122.8661, 41.7906], [-122.8654, 41.7909], [-122.865, 41.7898], [-122.8636, 41.7904], [-122.8628, 41.7893], [-122.8607, 41.7902], [-122.8607, 41.7899], [-122.86, 41.7899], [-122.86, 41.7897], [-122.8596, 41.7897], [-122.8596, 41.7891], [-122.8607, 41.7888], [-122.8596, 41.7889], [-122.8595, 41.7881], [-122.8643, 41.7888], [-122.8642, 41.7885], [-122.8639, 41.7885], [-122.8639, 41.7882], [-122.8635, 41.7882], [-122.8639, 41.7877], [-122.8646, 41.7877], [-122.8635, 41.7866], [-122.8641, 41.7852], [-122.8623, 41.7858], [-122.862, 41.7866], [-122.8602, 41.7861], [-122.8577, 41.7865], [-122.8577, 41.7878], [-122.8567, 41.7878], [-122.8574, 41.7876], [-122.8569, 41.7859], [-122.8584, 41.7854], [-122.858, 41.7848], [-122.8597, 41.7834], [-122.8601, 41.7843], [-122.8594, 41.7845], [-122.8608, 41.7842], [-122.8601, 41.7832], [-122.8603, 41.781], [-122.8596, 41.7807], [-122.8614, 41.7804], [-122.8636, 41.782], [-122.8639, 41.7806], [-122.865, 41.7812], [-122.8679, 41.7803], [-122.8683, 41.7811], [-122.8683, 41.7805], [-122.8704, 41.78], [-122.8696, 41.7789], [-122.8711, 41.7791], [-122.871, 41.7783], [-122.8707, 41.7783], [-122.8707, 41.7781], [-122.8703, 41.7781], [-122.8695, 41.7765], [-122.8688, 41.7767], [-122.8688, 41.7759], [-122.8695, 41.7759], [-122.8695, 41.7746], [-122.8709, 41.7743], [-122.8712, 41.7732], [-122.8705, 41.7726], [-122.8697, 41.7727], [-122.8698, 41.7743], [-122.868, 41.7751], [-122.868, 41.7746], [-122.8677, 41.7746], [-122.868, 41.7738], [-122.8665, 41.7733], [-122.8673, 41.7738], [-122.8666, 41.7741], [-122.8658, 41.7736], [-122.8661, 41.7727], [-122.8647, 41.7728], [-122.8633, 41.7742], [-122.8615, 41.7747], [-122.8604, 41.7737], [-122.8618, 41.772], [-122.8603, 41.7721], [-122.8604, 41.7729], [-122.8593, 41.7726], [-122.8593, 41.7732], [-122.8578, 41.7727], [-122.8576, 41.7754], [-122.8591, 41.7775], [-122.8577, 41.7784], [-122.8578, 41.7797], [-122.8602, 41.778], [-122.862, 41.778], [-122.8613, 41.7783], [-122.8617, 41.7791], [-122.8603, 41.7802], [-122.8585, 41.7805], [-122.8593, 41.7813], [-122.8572, 41.783], [-122.8557, 41.7827], [-122.8557, 41.7819], [-122.855, 41.7819], [-122.8554, 41.7825], [-122.8518, 41.7825], [-122.8519, 41.785], [-122.8526, 41.7852], [-122.8534, 41.7877], [-122.8548, 41.7868], [-122.8563, 41.7876], [-122.8549, 41.7901], [-122.8563, 41.7887], [-122.8588, 41.7883], [-122.8589, 41.7889], [-122.8574, 41.7892], [-122.8575, 41.79], [-122.8578, 41.7897], [-122.8585, 41.7897], [-122.8586, 41.7908], [-122.8575, 41.7913], [-122.8579, 41.7924], [-122.8562, 41.7946], [-122.8583, 41.794], [-122.8583, 41.793], [-122.8594, 41.7927], [-122.8586, 41.7921], [-122.8601, 41.7921], [-122.8597, 41.7913], [-122.8625, 41.7899], [-122.8625, 41.7907], [-122.8618, 41.7904], [-122.8615, 41.7915], [-122.8604, 41.7916], [-122.8612, 41.7923], [-122.8615, 41.7918], [-122.8619, 41.7918], [-122.8619, 41.7921], [-122.8626, 41.792], [-122.8626, 41.7931], [-122.8616, 41.7937], [-122.862, 41.7948]], [[-122.8644, 41.7928], [-122.8637, 41.7926], [-122.864, 41.7917], [-122.8648, 41.792], [-122.8644, 41.7928]], [[-122.8629, 41.7918], [-122.8626, 41.792], [-122.8626, 41.7918], [-122.8629, 41.7918]], [[-122.8622, 41.7915], [-122.8619, 41.7918], [-122.8618, 41.7915], [-122.8622, 41.7915]], [[-122.8658, 41.7909], [-122.8654, 41.7914], [-122.8654, 41.7909], [-122.8658, 41.7909]], [[-122.8636, 41.7907], [-122.8633, 41.7909], [-122.8633, 41.7907], [-122.8636, 41.7907]], [[-122.8693, 41.7892], [-122.869, 41.7897], [-122.869, 41.7892], [-122.8693, 41.7892]], [[-122.8592, 41.7891], [-122.8585, 41.7897], [-122.8581, 41.7892], [-122.8592, 41.7891]], [[-122.8635, 41.7882], [-122.8632, 41.7885], [-122.8632, 41.7882], [-122.8635, 41.7882]], [[-122.862, 41.7875], [-122.8617, 41.7877], [-122.8617, 41.7875], [-122.862, 41.7875]], [[-122.8717, 41.7856], [-122.8714, 41.7864], [-122.871, 41.7856], [-122.8717, 41.7856]], [[-122.8548, 41.7863], [-122.8544, 41.7868], [-122.8544, 41.7863], [-122.8548, 41.7863]], [[-122.8541, 41.7863], [-122.8533, 41.786], [-122.8533, 41.7849], [-122.8544, 41.7849], [-122.8541, 41.7863]], [[-122.8551, 41.7854], [-122.8548, 41.7857], [-122.8548, 41.7855], [-122.8551, 41.7854]], [[-122.8533, 41.7844], [-122.8529, 41.785], [-122.8529, 41.7844], [-122.8533, 41.7844]], [[-122.854, 41.7841], [-122.8536, 41.7844], [-122.8536, 41.7841], [-122.854, 41.7841]], [[-122.8565, 41.7838], [-122.8561, 41.7841], [-122.8561, 41.7838], [-122.8565, 41.7838]], [[-122.8547, 41.7838], [-122.8543, 41.7841], [-122.8543, 41.7838], [-122.8547, 41.7838]], [[-122.8536, 41.7839], [-122.8533, 41.7841], [-122.8532, 41.7839], [-122.8536, 41.7839]], [[-122.8532, 41.7836], [-122.8529, 41.7839], [-122.8529, 41.7836], [-122.8532, 41.7836]], [[-122.8554, 41.783], [-122.8543, 41.7836], [-122.8539, 41.783], [-122.8554, 41.783]], [[-122.8539, 41.7833], [-122.8532, 41.7836], [-122.8532, 41.7833], [-122.8539, 41.7833]], [[-122.869, 41.78], [-122.8686, 41.7803], [-122.8686, 41.78], [-122.869, 41.78]], [[-122.8639, 41.7798], [-122.8636, 41.7801], [-122.8635, 41.7798], [-122.8639, 41.7798]], [[-122.8679, 41.7795], [-122.8668, 41.7798], [-122.8668, 41.7795], [-122.8679, 41.7795]], [[-122.8657, 41.7793], [-122.8653, 41.7795], [-122.8653, 41.7793], [-122.8657, 41.7793]], [[-122.8678, 41.7789], [-122.8671, 41.7792], [-122.8671, 41.779], [-122.8678, 41.7789]], [[-122.8646, 41.779], [-122.862, 41.778], [-122.8635, 41.778], [-122.8627, 41.7769], [-122.8641, 41.776], [-122.8656, 41.7765], [-122.8656, 41.7782], [-122.8646, 41.779]], [[-122.87, 41.7783], [-122.8693, 41.7786], [-122.8692, 41.7784], [-122.87, 41.7783]], [[-122.8685, 41.7784], [-122.8682, 41.7787], [-122.8682, 41.7784], [-122.8685, 41.7784]], [[-122.8692, 41.7784], [-122.8685, 41.7784], [-122.8681, 41.7776], [-122.8663, 41.7776], [-122.8659, 41.7768], [-122.867, 41.776], [-122.8656, 41.7763], [-122.8652, 41.7757], [-122.8677, 41.7757], [-122.8692, 41.7784]], [[-122.8696, 41.7773], [-122.8692, 41.7775], [-122.8692, 41.7773], [-122.8696, 41.7773]], [[-122.8616, 41.7764], [-122.8612, 41.7766], [-122.8612, 41.7764], [-122.8616, 41.7764]], [[-122.8634, 41.7758], [-122.8627, 41.7763], [-122.8623, 41.7758], [-122.8634, 41.7758]], [[-122.8616, 41.7758], [-122.8609, 41.7761], [-122.8601, 41.7756], [-122.8612, 41.7756], [-122.8612, 41.7758], [-122.8616, 41.7758]], [[-122.8601, 41.7761], [-122.8594, 41.7761], [-122.859, 41.7753], [-122.8594, 41.7753], [-122.8601, 41.7761]], [[-122.8623, 41.7755], [-122.8616, 41.7758], [-122.8616, 41.7756], [-122.8623, 41.7755]], [[-122.8662, 41.7752], [-122.8659, 41.7755], [-122.8659, 41.7752], [-122.8662, 41.7752]], [[-122.8623, 41.775], [-122.8619, 41.7753], [-122.8619, 41.775], [-122.8623, 41.775]], [[-122.859, 41.7753], [-122.8587, 41.7748], [-122.8597, 41.7732], [-122.8597, 41.7745], [-122.859, 41.7753]], [[-122.8644, 41.7747], [-122.8641, 41.775], [-122.8641, 41.7747], [-122.8644, 41.7747]], [[-122.8654, 41.7733], [-122.8644, 41.7736], [-122.8644, 41.7733], [-122.8654, 41.7733]]], [[[-122.887, 41.7717], [-122.8877, 41.7714], [-122.887, 41.7715], [-122.887, 41.7717]]], [[[-122.8791, 41.7716], [-122.8801, 41.7713], [-122.879, 41.7711], [-122.8791, 41.7716]]], [[[-122.8852, 41.7718], [-122.8845, 41.7715], [-122.8852, 41.771], [-122.883, 41.7716], [-122.8852, 41.7718]]], [[[-122.8414, 41.7749], [-122.8435, 41.7741], [-122.8417, 41.7733], [-122.8409, 41.7717], [-122.8398, 41.772], [-122.8387, 41.7712], [-122.8391, 41.7725], [-122.8409, 41.7733], [-122.8391, 41.7731], [-122.8388, 41.7747], [-122.8414, 41.7749]], [[-122.8403, 41.7744], [-122.8399, 41.7747], [-122.8399, 41.7744], [-122.8403, 41.7744]]], [[[-122.8949, 41.7699], [-122.8952, 41.7696], [-122.8948, 41.7697], [-122.8949, 41.7699]]], [[[-122.8952, 41.7696], [-122.8956, 41.7694], [-122.8952, 41.7694], [-122.8952, 41.7696]]], [[[-122.8971, 41.7718], [-122.8966, 41.7691], [-122.8942, 41.771], [-122.8906, 41.7706], [-122.8895, 41.7714], [-122.8903, 41.7719], [-122.8971, 41.7718]], [[-122.8942, 41.7713], [-122.8931, 41.7716], [-122.8931, 41.7713], [-122.8942, 41.7713]], [[-122.8959, 41.7702], [-122.8956, 41.7707], [-122.8956, 41.7702], [-122.8959, 41.7702]]], [[[-122.8387, 41.7709], [-122.839, 41.7704], [-122.8387, 41.7704], [-122.8387, 41.7709]]], [[[-122.8487, 41.7704], [-122.8491, 41.7702], [-122.8487, 41.7702], [-122.8487, 41.7704]]], [[[-122.8397, 41.7701], [-122.8401, 41.7698], [-122.8397, 41.7698], [-122.8397, 41.7701]]], [[[-122.8394, 41.7704], [-122.8394, 41.7698], [-122.8386, 41.7696], [-122.8386, 41.7701], [-122.8394, 41.7704]]], [[[-122.8516, 41.7696], [-122.8519, 41.7693], [-122.8516, 41.7693], [-122.8516, 41.7696]]], [[[-122.8401, 41.7698], [-122.8404, 41.7695], [-122.8401, 41.7695], [-122.8401, 41.7698]]], [[[-122.8498, 41.7693], [-122.8505, 41.769], [-122.8498, 41.7691], [-122.8498, 41.7693]]], [[[-122.8394, 41.7698], [-122.8397, 41.769], [-122.839, 41.769], [-122.8394, 41.7698]]], [[[-122.8512, 41.7693], [-122.8512, 41.7688], [-122.8505, 41.7688], [-122.8505, 41.769], [-122.8512, 41.7693]]], [[[-122.8464, 41.7737], [-122.8507, 41.7731], [-122.8503, 41.7726], [-122.8514, 41.7725], [-122.851, 41.7731], [-122.8521, 41.7731], [-122.8521, 41.7725], [-122.8524, 41.7725], [-122.8524, 41.7728], [-122.8535, 41.7725], [-122.8524, 41.7714], [-122.8499, 41.7718], [-122.8495, 41.7723], [-122.8485, 41.7721], [-122.8487, 41.7704], [-122.848, 41.7702], [-122.8494, 41.7693], [-122.8483, 41.7685], [-122.8459, 41.7702], [-122.8437, 41.7692], [-122.843, 41.7703], [-122.8444, 41.7705], [-122.8448, 41.7716], [-122.8455, 41.7716], [-122.8452, 41.7721], [-122.8459, 41.7721], [-122.8445, 41.7732], [-122.8464, 41.7737]], [[-122.8471, 41.7732], [-122.8467, 41.7735], [-122.8467, 41.7732], [-122.8471, 41.7732]], [[-122.8528, 41.7722], [-122.8524, 41.7725], [-122.8524, 41.7722], [-122.8528, 41.7722]], [[-122.8492, 41.7723], [-122.8488, 41.7726], [-122.8488, 41.7723], [-122.8492, 41.7723]], [[-122.8521, 41.772], [-122.8506, 41.7723], [-122.8506, 41.772], [-122.8521, 41.772]], [[-122.8481, 41.7718], [-122.8477, 41.7721], [-122.8477, 41.7718], [-122.8481, 41.7718]], [[-122.847, 41.7713], [-122.8466, 41.7716], [-122.8466, 41.7713], [-122.847, 41.7713]], [[-122.8477, 41.7707], [-122.8473, 41.7713], [-122.8473, 41.7707], [-122.8477, 41.7707]]], [[[-122.8569, 41.7673], [-122.8573, 41.767], [-122.8569, 41.767], [-122.8569, 41.7673]]], [[[-122.8562, 41.7673], [-122.8565, 41.767], [-122.8562, 41.767], [-122.8562, 41.7673]]], [[[-122.8789, 41.7665], [-122.8792, 41.7662], [-122.8788, 41.7662], [-122.8789, 41.7665]]], [[[-122.843, 41.7698], [-122.8414, 41.7671], [-122.8389, 41.7666], [-122.8393, 41.7682], [-122.8386, 41.7685], [-122.8393, 41.7685], [-122.8404, 41.7695], [-122.8415, 41.769], [-122.843, 41.7698]], [[-122.8407, 41.7684], [-122.84, 41.7687], [-122.84, 41.7685], [-122.8407, 41.7684]], [[-122.8407, 41.7676], [-122.8404, 41.7682], [-122.8403, 41.7676], [-122.8407, 41.7676]]], [[[-122.8873, 41.7712], [-122.8877, 41.7704], [-122.8869, 41.7704], [-122.8865, 41.7688], [-122.8858, 41.7691], [-122.8847, 41.7683], [-122.8864, 41.7658], [-122.8835, 41.7648], [-122.8796, 41.7659], [-122.8799, 41.7665], [-122.8825, 41.7662], [-122.8828, 41.7656], [-122.8828, 41.7661], [-122.8843, 41.7664], [-122.8836, 41.7683], [-122.8819, 41.7694], [-122.8811, 41.7692], [-122.8808, 41.77], [-122.8815, 41.7705], [-122.883, 41.771], [-122.8862, 41.7704], [-122.8873, 41.7712]], [[-122.8855, 41.7691], [-122.8851, 41.7693], [-122.8851, 41.7691], [-122.8855, 41.7691]], [[-122.8842, 41.7656], [-122.8839, 41.7661], [-122.8839, 41.7656], [-122.8842, 41.7656]], [[-122.8839, 41.7653], [-122.8832, 41.7659], [-122.8831, 41.7653], [-122.8839, 41.7653]]], [[[-122.8572, 41.7654], [-122.8579, 41.7648], [-122.8575, 41.7648], [-122.8572, 41.7654]]], [[[-122.8565, 41.7651], [-122.8572, 41.7648], [-122.8565, 41.7648], [-122.8565, 41.7651]]], [[[-122.8532, 41.7652], [-122.8536, 41.7649], [-122.8532, 41.7649], [-122.8532, 41.7652]]], [[[-122.8539, 41.7649], [-122.8543, 41.7646], [-122.8539, 41.7646], [-122.8539, 41.7649]]], [[[-122.8561, 41.7651], [-122.8564, 41.7638], [-122.8546, 41.7638], [-122.8546, 41.7646], [-122.8561, 41.7651]]], [[[-122.8525, 41.7641], [-122.8528, 41.7638], [-122.8524, 41.7639], [-122.8525, 41.7641]]], [[[-122.8511, 41.7652], [-122.8514, 41.7639], [-122.8492, 41.7634], [-122.8489, 41.765], [-122.8511, 41.7652]]], [[[-122.8517, 41.7639], [-122.8524, 41.7633], [-122.8521, 41.7633], [-122.8517, 41.7639]]], [[[-122.8786, 41.7695], [-122.8785, 41.766], [-122.8777, 41.7649], [-122.8787, 41.7633], [-122.8772, 41.7622], [-122.877, 41.7652], [-122.8778, 41.766], [-122.8771, 41.7665], [-122.8772, 41.7695], [-122.8786, 41.7695]]], [[[-122.8578, 41.7635], [-122.8574, 41.7627], [-122.8564, 41.7627], [-122.8564, 41.7635], [-122.8578, 41.7635]]], [[[-122.8423, 41.7635], [-122.8423, 41.763], [-122.8416, 41.7627], [-122.8413, 41.7636], [-122.8423, 41.7635]]], [[[-122.8423, 41.7627], [-122.8419, 41.7619], [-122.8427, 41.7622], [-122.8441, 41.7619], [-122.8415, 41.7603], [-122.8419, 41.7617], [-122.8412, 41.7625], [-122.8423, 41.7627]]], [[[-122.8408, 41.7606], [-122.8411, 41.7603], [-122.8408, 41.7603], [-122.8408, 41.7606]]], [[[-122.8397, 41.7606], [-122.8404, 41.7603], [-122.8397, 41.7604], [-122.8397, 41.7606]]], [[[-122.8451, 41.76], [-122.8454, 41.7597], [-122.8451, 41.7597], [-122.8451, 41.76]]], [[[-122.8781, 41.7576], [-122.8789, 41.7578], [-122.8788, 41.7573], [-122.8781, 41.7576]]], [[[-122.868, 41.7573], [-122.8684, 41.757], [-122.868, 41.757], [-122.868, 41.7573]]], [[[-122.867, 41.7573], [-122.8677, 41.757], [-122.8669, 41.757], [-122.867, 41.7573]]], [[[-122.8694, 41.7551], [-122.8697, 41.7548], [-122.8694, 41.7548], [-122.8694, 41.7551]]], [[[-122.8761, 41.7528], [-122.8765, 41.7525], [-122.8761, 41.7525], [-122.8761, 41.7528]]], [[[-122.877, 41.7557], [-122.8769, 41.7538], [-122.8762, 41.7536], [-122.8761, 41.7528], [-122.8758, 41.7525], [-122.8772, 41.7514], [-122.875, 41.7504], [-122.875, 41.7517], [-122.8761, 41.7517], [-122.875, 41.752], [-122.8762, 41.7538], [-122.8755, 41.7549], [-122.8762, 41.7552], [-122.8763, 41.7557], [-122.877, 41.7557]], [[-122.8766, 41.7549], [-122.8762, 41.7552], [-122.8762, 41.7549], [-122.8766, 41.7549]]], [[[-122.8764, 41.75], [-122.876, 41.7495], [-122.8753, 41.7498], [-122.8753, 41.7501], [-122.8764, 41.75]]], [[[-122.8749, 41.7498], [-122.8753, 41.7495], [-122.8749, 41.7495], [-122.8749, 41.7498]]], [[[-122.8731, 41.7493], [-122.8735, 41.749], [-122.8731, 41.749], [-122.8731, 41.7493]]], [[[-122.8724, 41.7493], [-122.8728, 41.749], [-122.8724, 41.7491], [-122.8724, 41.7493]]], [[[-122.8688, 41.7491], [-122.8691, 41.7489], [-122.8688, 41.7489], [-122.8688, 41.7491]]], [[[-122.8753, 41.7493], [-122.8749, 41.7485], [-122.8738, 41.7485], [-122.8746, 41.7493], [-122.8753, 41.7493]]], [[[-122.8748, 41.7468], [-122.8752, 41.7463], [-122.8748, 41.7463], [-122.8748, 41.7468]]], [[[-122.905, 41.7453], [-122.905, 41.7443], [-122.9032, 41.7443], [-122.9036, 41.7448], [-122.905, 41.7453]]], [[[-122.905, 41.7443], [-122.9053, 41.744], [-122.905, 41.744], [-122.905, 41.7443]]], [[[-122.8858, 41.7423], [-122.8858, 41.7417], [-122.8861, 41.7414], [-122.8854, 41.7415], [-122.8858, 41.7423]]], [[[-122.8948, 41.7339], [-122.8952, 41.7337], [-122.8948, 41.7337], [-122.8948, 41.7339]]], [[[-122.8955, 41.7334], [-122.8959, 41.7331], [-122.8955, 41.7331], [-122.8955, 41.7334]]], [[[-122.8963, 41.7334], [-122.8966, 41.7325], [-122.8962, 41.7325], [-122.8963, 41.7334]]]]}, "properties": {"layer": "interior"}}, {"type": "Feature", "geometry": {"type": "MultiPolygon", "coordinates": [[[[-122.9097, 41.8416], [-122.9104, 41.841], [-122.91, 41.841], [-122.9097, 41.8416]]], [[[-122.8966, 41.8403], [-122.897, 41.84], [-122.8966, 41.84], [-122.8966, 41.8403]]], [[[-122.8578, 41.8338], [-122.8585, 41.8336], [-122.8578, 41.8336], [-122.8578, 41.8338]]], [[[-122.8668, 41.8344], [-122.8675, 41.8331], [-122.8646, 41.8329], [-122.8664, 41.8334], [-122.8668, 41.8344]]], [[[-122.8632, 41.8332], [-122.8639, 41.8329], [-122.8632, 41.8329], [-122.8632, 41.8332]]], [[[-122.8621, 41.8332], [-122.8624, 41.8329], [-122.8621, 41.8329], [-122.8621, 41.8332]]]]}, "properties": {"layer": "cell", "cell_id": "321_1500", "seed_zone": "321", "elevation_band": "1500–2000 ft"}}, {"type": "Feature", "geometry": {"type": "MultiPolygon", "coordinates": [[[[-122.8019, 41.8622], [-122.8023, 41.8619], [-122.8019, 41.8619], [-122.8019, 41.8622]]], [[[-122.9093, 41.8413], [-122.91, 41.8408], [-122.9096, 41.8408], [-122.9093, 41.8413]]], [[[-122.9, 41.835], [-122.9004, 41.8348], [-122.9, 41.8348], [-122.9, 41.835]]], [[[-122.9288, 41.8336], [-122.9292, 41.8333], [-122.9288, 41.8333], [-122.9288, 41.8336]]], [[[-122.9282, 41.8357], [-122.9285, 41.8344], [-122.9296, 41.8341], [-122.9295, 41.8335], [-122.9292, 41.8338], [-122.9288, 41.8338], [-122.9288, 41.8336], [-122.9285, 41.8336], [-122.9288, 41.833], [-122.9252, 41.8342], [-122.9238, 41.8329], [-122.9234, 41.8337], [-122.9257, 41.8353], [-122.9278, 41.8344], [-122.9275, 41.8358], [-122.9282, 41.8357]]], [[[-122.8834, 41.833], [-122.8837, 41.8324], [-122.8833, 41.8324], [-122.8834, 41.833]]], [[[-122.9269, 41.8317], [-122.9273, 41.8314], [-122.9269, 41.8314], [-122.9269, 41.8317]]], [[[-122.9244, 41.8318], [-122.9248, 41.8315], [-122.9244, 41.8315], [-122.9244, 41.8318]]], [[[-122.8671, 41.8331], [-122.8675, 41.8328], [-122.8671, 41.8328], [-122.8671, 41.8331]]], [[[-122.9266, 41.8314], [-122.9262, 41.8309], [-122.9251, 41.8312], [-122.9251, 41.8315], [-122.9266, 41.8314]]], [[[-122.9266, 41.8309], [-122.9269, 41.8306], [-122.9265, 41.8306], [-122.9266, 41.8309]]], [[[-122.9255, 41.8309], [-122.9258, 41.8307], [-122.9255, 41.8307], [-122.9255, 41.8309]]], [[[-122.924, 41.8296], [-122.9243, 41.8293], [-122.924, 41.8293], [-122.924, 41.8296]]], [[[-122.9244, 41.8312], [-122.9258, 41.8301], [-122.9262, 41.8306], [-122.9269, 41.8304], [-122.9265, 41.829], [-122.9247, 41.8293], [-122.924, 41.8304], [-122.9233, 41.8304], [-122.9244, 41.8312]]], [[[-122.9024, 41.8301], [-122.9031, 41.8296], [-122.9023, 41.8296], [-122.9024, 41.8301]]], [[[-122.9016, 41.8296], [-122.9023, 41.8293], [-122.9016, 41.8293], [-122.9016, 41.8296]]], [[[-122.8964, 41.8265], [-122.8968, 41.8259], [-122.8964, 41.8259], [-122.8964, 41.8265]]], [[[-122.8885, 41.8264], [-122.8888, 41.8261], [-122.8885, 41.8261], [-122.8885, 41.8264]]], [[[-122.8892, 41.8261], [-122.8896, 41.8258], [-122.8892, 41.8258], [-122.8892, 41.8261]]], [[[-122.9219, 41.8237], [-122.9223, 41.8232], [-122.9219, 41.8232], [-122.9219, 41.8237]]], [[[-122.9122, 41.8234], [-122.9129, 41.8228], [-122.9125, 41.8228], [-122.9122, 41.8234]]], [[[-122.9132, 41.8228], [-122.9136, 41.8225], [-122.9132, 41.8226], [-122.9132, 41.8228]]], [[[-122.9222, 41.8223], [-122.9229, 41.8221], [-122.9222, 41.8221], [-122.9222, 41.8223]]], [[[-122.9143, 41.8228], [-122.9147, 41.8223], [-122.9136, 41.8223], [-122.9136, 41.8225], [-122.9143, 41.8228]]], [[[-122.8652, 41.8109], [-122.8655, 41.8107], [-122.8651, 41.8107], [-122.8652, 41.8109]]], [[[-122.8659, 41.8104], [-122.8666, 41.8106], [-122.8673, 41.8103], [-122.8659, 41.8104]]], [[[-122.9516, 41.8079], [-122.9519, 41.8076], [-122.9516, 41.8076], [-122.9516, 41.8079]]], [[[-122.872, 41.8119], [-122.8727, 41.8105], [-122.872, 41.8105], [-122.8716, 41.8092], [-122.8691, 41.8092], [-122.8673, 41.8101], [-122.8705, 41.8105], [-122.872, 41.8119]], [[-122.8713, 41.8103], [-122.8709, 41.8108], [-122.8709, 41.8103], [-122.8713, 41.8103]], [[-122.8716, 41.81], [-122.8713, 41.8103], [-122.8712, 41.81], [-122.8716, 41.81]], [[-122.8709, 41.8097], [-122.8702, 41.8103], [-122.8702, 41.81], [-122.8709, 41.8097]]], [[[-122.8719, 41.8092], [-122.8723, 41.8086], [-122.8719, 41.8086], [-122.8719, 41.8092]]], [[[-122.8723, 41.8086], [-122.8726, 41.8081], [-122.8722, 41.8081], [-122.8723, 41.8086]]], [[[-122.874, 41.8078], [-122.8765, 41.8072], [-122.8751, 41.8075], [-122.8751, 41.8069], [-122.8758, 41.8069], [-122.8761, 41.8061], [-122.8747, 41.8064], [-122.8739, 41.8053], [-122.874, 41.8078]]], [[[-122.8566, 41.7946], [-122.8583, 41.794], [-122.8579, 41.7924], [-122.8569, 41.7941], [-122.8562, 41.7941], [-122.8566, 41.7946]]], [[[-122.855, 41.7906], [-122.8546, 41.7895], [-122.8538, 41.7895], [-122.8542, 41.7903], [-122.855, 41.7906]]], [[[-122.8553, 41.79], [-122.8553, 41.7895], [-122.8556, 41.7892], [-122.8549, 41.7892], [-122.8553, 41.79]]], [[[-122.8531, 41.7887], [-122.8523, 41.7879], [-122.8516, 41.7882], [-122.852, 41.7888], [-122.8531, 41.7887]]], [[[-122.8527, 41.7882], [-122.8531, 41.7879], [-122.8527, 41.7879], [-122.8527, 41.7882]]], [[[-122.8523, 41.7879], [-122.8527, 41.7874], [-122.8523, 41.7874], [-122.8523, 41.7879]]], [[[-122.8516, 41.788], [-122.8519, 41.7874], [-122.8516, 41.7874], [-122.8516, 41.788]]], [[[-122.8519, 41.7874], [-122.8523, 41.7871], [-122.8519, 41.7871], [-122.8519, 41.7874]]], [[[-122.8516, 41.7872], [-122.8519, 41.7869], [-122.8516, 41.7869], [-122.8516, 41.7872]]]]}, "properties": {"layer": "cell", "cell_id": "321_2000", "seed_zone": "321", "elevation_band": "2000–2500 ft"}}, {"type": "Feature", "geometry": {"type": "MultiPolygon", "coordinates": [[[[-122.9041, 41.8377], [-122.9056, 41.8379], [-122.9055, 41.8373], [-122.9041, 41.8377]]], [[[-122.9041, 41.8374], [-122.9044, 41.8368], [-122.9041, 41.8368], [-122.9041, 41.8374]]], [[[-122.9066, 41.8371], [-122.907, 41.8368], [-122.9066, 41.8368], [-122.9066, 41.8371]]], [[[-122.9034, 41.8369], [-122.9037, 41.8366], [-122.9033, 41.8366], [-122.9034, 41.8369]]], [[[-122.9088, 41.8373], [-122.9087, 41.8362], [-122.9051, 41.8363], [-122.9055, 41.8371], [-122.9073, 41.8365], [-122.9088, 41.8373]]], [[[-122.8777, 41.8347], [-122.8784, 41.8345], [-122.8776, 41.8345], [-122.8777, 41.8347]]], [[[-122.9284, 41.833], [-122.9288, 41.8328], [-122.9284, 41.8328], [-122.9284, 41.833]]], [[[-122.9273, 41.8317], [-122.9277, 41.8314], [-122.9273, 41.8314], [-122.9273, 41.8317]]], [[[-122.8826, 41.833], [-122.883, 41.8319], [-122.8815, 41.8319], [-122.8815, 41.8325], [-122.8826, 41.833]]], [[[-122.8808, 41.8322], [-122.8811, 41.832], [-122.8808, 41.832], [-122.8808, 41.8322]]], [[[-122.9288, 41.8325], [-122.9291, 41.8303], [-122.9276, 41.8301], [-122.9283, 41.8306], [-122.9269, 41.8309], [-122.9284, 41.8314], [-122.9277, 41.832], [-122.9288, 41.8325]]], [[[-122.8826, 41.8314], [-122.8829, 41.8311], [-122.8826, 41.8311], [-122.8826, 41.8314]]], [[[-122.8786, 41.8315], [-122.8793, 41.8309], [-122.8789, 41.8309], [-122.8786, 41.8315]]], [[[-122.8829, 41.8308], [-122.8833, 41.8306], [-122.8829, 41.8306], [-122.8829, 41.8308]]], [[[-122.9269, 41.8301], [-122.9279, 41.8295], [-122.9268, 41.8293], [-122.9269, 41.8301]]], [[[-122.8782, 41.8309], [-122.8789, 41.8304], [-122.8782, 41.8304], [-122.8782, 41.8309]]], [[[-122.8836, 41.8305], [-122.8836, 41.8297], [-122.8825, 41.83], [-122.8825, 41.8306], [-122.8829, 41.8303], [-122.8836, 41.8305]]], [[[-122.8811, 41.8317], [-122.8826, 41.8314], [-122.8822, 41.8314], [-122.8825, 41.8306], [-122.8815, 41.8309], [-122.88, 41.8304], [-122.8803, 41.8298], [-122.8785, 41.8298], [-122.8793, 41.8304], [-122.8793, 41.8309], [-122.88, 41.8306], [-122.8818, 41.8311], [-122.8811, 41.8317]]], [[[-122.8828, 41.8276], [-122.882, 41.8265], [-122.8809, 41.8265], [-122.8817, 41.8276], [-122.8828, 41.8276]]], [[[-122.8881, 41.8266], [-122.8885, 41.8264], [-122.8881, 41.8264], [-122.8881, 41.8266]]], [[[-122.9151, 41.8252], [-122.9155, 41.8249], [-122.9151, 41.8249], [-122.9151, 41.8252]]], [[[-122.9285, 41.8257], [-122.9285, 41.8244], [-122.9263, 41.8247], [-122.9267, 41.8252], [-122.9285, 41.8257]]], [[[-122.9173, 41.8249], [-122.9176, 41.8246], [-122.9173, 41.8246], [-122.9173, 41.8249]]], [[[-122.9126, 41.825], [-122.913, 41.8247], [-122.9126, 41.8247], [-122.9126, 41.825]]], [[[-122.8892, 41.8255], [-122.8895, 41.8253], [-122.8892, 41.8253], [-122.8892, 41.8255]]], [[[-122.9173, 41.8252], [-122.9173, 41.8249], [-122.9162, 41.8244], [-122.9155, 41.8247], [-122.9173, 41.8252]]], [[[-122.9259, 41.8244], [-122.9263, 41.8241], [-122.9259, 41.8242], [-122.9259, 41.8244]]], [[[-122.9187, 41.8246], [-122.9191, 41.8243], [-122.9187, 41.8243], [-122.9187, 41.8246]]], [[[-122.8881, 41.8253], [-122.8884, 41.825], [-122.8881, 41.825], [-122.8881, 41.8253]]], [[[-122.891, 41.8255], [-122.8913, 41.8247], [-122.891, 41.8247], [-122.891, 41.8255]]], [[[-122.9252, 41.8242], [-122.9255, 41.8239], [-122.9252, 41.8239], [-122.9252, 41.8242]]], [[[-122.8884, 41.825], [-122.8888, 41.8247], [-122.8884, 41.8247], [-122.8884, 41.825]]], [[[-122.8877, 41.825], [-122.8881, 41.8248], [-122.8877, 41.8248], [-122.8877, 41.825]]], [[[-122.9144, 41.8255], [-122.9151, 41.8239], [-122.9129, 41.8242], [-122.9133, 41.8253], [-122.9144, 41.8255]]], [[[-122.8881, 41.8248], [-122.8884, 41.8245], [-122.8881, 41.8245], [-122.8881, 41.8248]]], [[[-122.9126, 41.8239], [-122.9129, 41.8236], [-122.9126, 41.8237], [-122.9126, 41.8239]]], [[[-122.8873, 41.8245], [-122.8877, 41.8242], [-122.8873, 41.8242], [-122.8873, 41.8245]]], [[[-122.8885, 41.8261], [-122.8881, 41.8253], [-122.8874, 41.8253], [-122.8873, 41.8245], [-122.887, 41.8242], [-122.8837, 41.8243], [-122.8849, 41.8254], [-122.8856, 41.8254], [-122.8856, 41.8256], [-122.8863, 41.8256], [-122.8863, 41.8259], [-122.8874, 41.8259], [-122.8874, 41.8261], [-122.8885, 41.8261]], [[-122.8867, 41.8253], [-122.8863, 41.8256], [-122.8863, 41.8253], [-122.8867, 41.8253]]], [[[-122.8903, 41.8252], [-122.8909, 41.8244], [-122.8906, 41.8239], [-122.8899, 41.8247], [-122.8891, 41.8245], [-122.8903, 41.8252]]], [[[-122.9284, 41.8227], [-122.9287, 41.8225], [-122.9284, 41.8225], [-122.9284, 41.8227]]], [[[-122.928, 41.8225], [-122.9284, 41.8222], [-122.928, 41.8222], [-122.928, 41.8225]]], [[[-122.9276, 41.8222], [-122.928, 41.8219], [-122.9276, 41.822], [-122.9276, 41.8222]]], [[[-122.9255, 41.8223], [-122.9265, 41.822], [-122.9255, 41.822], [-122.9255, 41.8223]]], [[[-122.9136, 41.8223], [-122.9146, 41.822], [-122.9136, 41.822], [-122.9136, 41.8223]]], [[[-122.9017, 41.822], [-122.902, 41.8217], [-122.9017, 41.8217], [-122.9017, 41.822]]], [[[-122.8937, 41.8222], [-122.8959, 41.8219], [-122.8937, 41.8217], [-122.8937, 41.8222]]], [[[-122.897, 41.8221], [-122.8966, 41.8213], [-122.8955, 41.8213], [-122.8963, 41.8221], [-122.897, 41.8221]]], [[[-122.8951, 41.8213], [-122.8955, 41.8211], [-122.8951, 41.8211], [-122.8951, 41.8213]]], [[[-122.9287, 41.8206], [-122.929, 41.8198], [-122.9286, 41.8198], [-122.9287, 41.8206]]], [[[-122.912, 41.8193], [-122.9124, 41.8191], [-122.912, 41.8191], [-122.912, 41.8193]]], [[[-122.9116, 41.8191], [-122.912, 41.8188], [-122.9116, 41.8188], [-122.9116, 41.8191]]], [[[-122.8969, 41.8194], [-122.8976, 41.8191], [-122.8969, 41.8191], [-122.8969, 41.8194]]], [[[-122.9109, 41.8188], [-122.9113, 41.8185], [-122.9109, 41.8185], [-122.9109, 41.8188]]], [[[-122.8965, 41.8192], [-122.8968, 41.8189], [-122.8965, 41.8189], [-122.8965, 41.8192]]], [[[-122.9293, 41.8181], [-122.93, 41.8178], [-122.9293, 41.8179], [-122.9293, 41.8181]]], [[[-122.9292, 41.817], [-122.9296, 41.8168], [-122.9292, 41.8168], [-122.9292, 41.817]]], [[[-122.7069, 41.8212], [-122.7072, 41.8209], [-122.7069, 41.8209], [-122.7069, 41.8212]]], [[[-122.8914, 41.8168], [-122.8917, 41.8166], [-122.8913, 41.8166], [-122.8914, 41.8168]]], [[[-122.8942, 41.8162], [-122.8946, 41.8157], [-122.8953, 41.8159], [-122.8952, 41.8146], [-122.8942, 41.8149], [-122.8938, 41.8157], [-122.8931, 41.8157], [-122.8942, 41.8162]], [[-122.8945, 41.8151], [-122.8942, 41.8154], [-122.8942, 41.8151], [-122.8945, 41.8151]]], [[[-122.8938, 41.8149], [-122.8942, 41.8146], [-122.8938, 41.8146], [-122.8938, 41.8149]]], [[[-122.8938, 41.8143], [-122.8941, 41.8133], [-122.8926, 41.8127], [-122.892, 41.8141], [-122.8934, 41.8138], [-122.8938, 41.8143]]], [[[-122.9002, 41.8115], [-122.9001, 41.8109], [-122.8991, 41.8112], [-122.8991, 41.8115], [-122.9002, 41.8115]]], [[[-122.8987, 41.8113], [-122.8987, 41.8107], [-122.898, 41.8107], [-122.898, 41.811], [-122.8987, 41.8113]]], [[[-122.9306, 41.8146], [-122.9294, 41.8132], [-122.9305, 41.8124], [-122.933, 41.8124], [-122.9333, 41.8113], [-122.9326, 41.8105], [-122.9332, 41.8094], [-122.9319, 41.811], [-122.929, 41.8119], [-122.9288, 41.8146], [-122.9306, 41.8146]]], [[[-122.9055, 41.8103], [-122.9055, 41.8092], [-122.9044, 41.8092], [-122.9044, 41.8098], [-122.9055, 41.8103]]], [[[-122.9332, 41.8094], [-122.9336, 41.8086], [-122.9332, 41.8086], [-122.9332, 41.8094]]], [[[-122.9667, 41.808], [-122.9671, 41.8075], [-122.9667, 41.8075], [-122.9667, 41.808]]], [[[-122.9336, 41.8086], [-122.9339, 41.808], [-122.9335, 41.808], [-122.9336, 41.8086]]], [[[-122.8701, 41.8095], [-122.8709, 41.8092], [-122.8701, 41.8092], [-122.8701, 41.8095]]], [[[-122.9638, 41.8076], [-122.9641, 41.8068], [-122.9609, 41.8068], [-122.9613, 41.8076], [-122.9638, 41.8076]], [[-122.9638, 41.807], [-122.9634, 41.8073], [-122.9634, 41.807], [-122.9638, 41.807]]], [[[-122.8712, 41.8092], [-122.8716, 41.8089], [-122.8712, 41.8089], [-122.8712, 41.8092]]], [[[-122.9545, 41.8081], [-122.9533, 41.807], [-122.9537, 41.8059], [-122.9522, 41.8062], [-122.9523, 41.807], [-122.9504, 41.8068], [-122.9523, 41.8081], [-122.9545, 41.8081]], [[-122.9533, 41.8062], [-122.953, 41.8065], [-122.9529, 41.8062], [-122.9533, 41.8062]]], [[[-122.8906, 41.8076], [-122.891, 41.8074], [-122.8906, 41.8074], [-122.8906, 41.8076]]], [[[-122.9177, 41.8076], [-122.9162, 41.806], [-122.9151, 41.806], [-122.9144, 41.8074], [-122.9137, 41.8074], [-122.9177, 41.8076]]], [[[-122.8899, 41.8071], [-122.8906, 41.8066], [-122.8902, 41.8066], [-122.8899, 41.8071]]], [[[-122.9515, 41.8054], [-122.9518, 41.8051], [-122.9515, 41.8052], [-122.9515, 41.8054]]], [[[-122.9518, 41.8046], [-122.9521, 41.8043], [-122.9518, 41.8043], [-122.9518, 41.8046]]], [[[-122.8747, 41.8064], [-122.8754, 41.8061], [-122.8747, 41.8061], [-122.8747, 41.8064]]], [[[-122.9161, 41.8052], [-122.9161, 41.8046], [-122.9147, 41.8047], [-122.915, 41.8052], [-122.9161, 41.8052]]], [[[-122.9121, 41.805], [-122.9125, 41.8047], [-122.9121, 41.8047], [-122.9121, 41.805]]], [[[-122.9114, 41.805], [-122.9118, 41.8047], [-122.9114, 41.8047], [-122.9114, 41.805]]], [[[-122.9107, 41.8047], [-122.911, 41.8045], [-122.9107, 41.8045], [-122.9107, 41.8047]]], [[[-122.8769, 41.8063], [-122.8772, 41.8052], [-122.8779, 41.8052], [-122.8775, 41.8047], [-122.8761, 41.8061], [-122.8769, 41.8063]]], [[[-122.9175, 41.804], [-122.9179, 41.8043], [-122.9186, 41.8038], [-122.9175, 41.804]]], [[[-122.9504, 41.806], [-122.9514, 41.8049], [-122.9503, 41.8038], [-122.9506, 41.8027], [-122.9489, 41.8039], [-122.9493, 41.8055], [-122.9504, 41.806]]], [[[-122.9485, 41.8036], [-122.9496, 41.803], [-122.9495, 41.8025], [-122.9474, 41.8031], [-122.9485, 41.8036]]], [[[-122.9179, 41.8035], [-122.9182, 41.8032], [-122.9178, 41.8032], [-122.9179, 41.8035]]], [[[-122.9171, 41.8032], [-122.9178, 41.803], [-122.9171, 41.803], [-122.9171, 41.8032]]], [[[-122.8829, 41.804], [-122.8833, 41.8038], [-122.8829, 41.8038], [-122.8829, 41.804]]], [[[-122.8814, 41.8035], [-122.8814, 41.803], [-122.8807, 41.803], [-122.8807, 41.8033], [-122.8814, 41.8035]]], [[[-122.9138, 41.8022], [-122.9142, 41.802], [-122.9138, 41.802], [-122.9138, 41.8022]]], [[[-122.8724, 41.8026], [-122.8727, 41.8021], [-122.8724, 41.8021], [-122.8724, 41.8026]]], [[[-122.8785, 41.8014], [-122.8788, 41.8011], [-122.8785, 41.8012], [-122.8785, 41.8014]]], [[[-122.8788, 41.8011], [-122.8792, 41.8009], [-122.8788, 41.8009], [-122.8788, 41.8011]]], [[[-122.9044, 41.7998], [-122.9047, 41.8], [-122.9051, 41.7997], [-122.9044, 41.7998]]], [[[-122.8877, 41.8077], [-122.8881, 41.8069], [-122.8902, 41.8066], [-122.8895, 41.8058], [-122.8898, 41.8047], [-122.8884, 41.805], [-122.8854, 41.804], [-122.8872, 41.8026], [-122.8876, 41.8031], [-122.889, 41.8028], [-122.8882, 41.8015], [-122.8871, 41.8012], [-122.8868, 41.8023], [-122.885, 41.8026], [-122.8845, 41.7999], [-122.8838, 41.8005], [-122.882, 41.8], [-122.8821, 41.8008], [-122.881, 41.8008], [-122.8821, 41.8022], [-122.88, 41.8027], [-122.8799, 41.8014], [-122.8778, 41.8023], [-122.8785, 41.8014], [-122.8767, 41.8012], [-122.8777, 41.8006], [-122.8738, 41.8007], [-122.8741, 41.8015], [-122.8728, 41.8026], [-122.8735, 41.8034], [-122.8724, 41.8035], [-122.8725, 41.8045], [-122.8742, 41.8034], [-122.8761, 41.8047], [-122.8775, 41.8042], [-122.8775, 41.8047], [-122.8779, 41.8047], [-122.8779, 41.805], [-122.8801, 41.8052], [-122.8798, 41.8074], [-122.8787, 41.8071], [-122.878, 41.8077], [-122.8765, 41.8069], [-122.8773, 41.808], [-122.8823, 41.8078], [-122.8823, 41.8065], [-122.8837, 41.8059], [-122.8862, 41.8064], [-122.8852, 41.8075], [-122.8877, 41.8077]], [[-122.8809, 41.8071], [-122.8805, 41.8076], [-122.8801, 41.8071], [-122.8809, 41.8071]], [[-122.8873, 41.8066], [-122.8866, 41.8058], [-122.8848, 41.8056], [-122.8855, 41.8051], [-122.8865, 41.805], [-122.8866, 41.8056], [-122.888, 41.8053], [-122.8873, 41.8058], [-122.8884, 41.8058], [-122.8884, 41.8063], [-122.8877, 41.8061], [-122.8873, 41.8066]], [[-122.8812, 41.806], [-122.8808, 41.8062], [-122.8808, 41.806], [-122.8812, 41.806]], [[-122.8826, 41.8057], [-122.8823, 41.8059], [-122.8822, 41.8057], [-122.8826, 41.8057]], [[-122.8819, 41.8057], [-122.8815, 41.806], [-122.8815, 41.8057], [-122.8819, 41.8057]], [[-122.883, 41.8057], [-122.8819, 41.8049], [-122.8808, 41.8052], [-122.8811, 41.8043], [-122.8825, 41.804], [-122.8818, 41.8035], [-122.8811, 41.8041], [-122.8803, 41.8033], [-122.8807, 41.8027], [-122.8814, 41.8027], [-122.8818, 41.8032], [-122.8828, 41.8027], [-122.884, 41.8045], [-122.883, 41.8057]], [[-122.8815, 41.8054], [-122.8812, 41.8057], [-122.8812, 41.8054], [-122.8815, 41.8054]], [[-122.8808, 41.8052], [-122.8804, 41.8054], [-122.8804, 41.8052], [-122.8808, 41.8052]], [[-122.8855, 41.8048], [-122.8851, 41.8051], [-122.8851, 41.8048], [-122.8855, 41.8048]], [[-122.8808, 41.8044], [-122.8804, 41.8046], [-122.8804, 41.8044], [-122.8808, 41.8044]], [[-122.8782, 41.8041], [-122.8779, 41.8047], [-122.8779, 41.8041], [-122.8782, 41.8041]], [[-122.8789, 41.8036], [-122.8778, 41.8039], [-122.8778, 41.8036], [-122.8789, 41.8036]], [[-122.8764, 41.8036], [-122.876, 41.8039], [-122.876, 41.8036], [-122.8764, 41.8036]], [[-122.8767, 41.8031], [-122.876, 41.8034], [-122.876, 41.8031], [-122.8767, 41.8031]], [[-122.8778, 41.8023], [-122.8771, 41.8028], [-122.8771, 41.8023], [-122.8778, 41.8023]], [[-122.8839, 41.8016], [-122.8832, 41.8021], [-122.8832, 41.8016], [-122.8839, 41.8016]], [[-122.8842, 41.8013], [-122.8839, 41.8016], [-122.8839, 41.8013], [-122.8842, 41.8013]], [[-122.8767, 41.8012], [-122.8763, 41.8017], [-122.8763, 41.8012], [-122.8767, 41.8012]], [[-122.8828, 41.8008], [-122.8821, 41.8011], [-122.8821, 41.8008], [-122.8828, 41.8008]]], [[[-122.9126, 41.7996], [-122.913, 41.7993], [-122.9126, 41.7993], [-122.9126, 41.7996]]], [[[-122.8849, 41.7999], [-122.8852, 41.7996], [-122.8849, 41.7997], [-122.8849, 41.7999]]], [[[-122.9144, 41.7979], [-122.9147, 41.7976], [-122.9144, 41.7976], [-122.9144, 41.7979]]], [[[-122.9053, 41.7957], [-122.9056, 41.7954], [-122.9053, 41.7954], [-122.9053, 41.7957]]], [[[-122.9093, 41.7964], [-122.9096, 41.7948], [-122.9088, 41.7945], [-122.9086, 41.7964], [-122.9093, 41.7964]]], [[[-122.9092, 41.7945], [-122.9095, 41.7942], [-122.9092, 41.7942], [-122.9092, 41.7945]]], [[[-122.8627, 41.7945], [-122.863, 41.7942], [-122.8627, 41.7942], [-122.8627, 41.7945]]], [[[-122.906, 41.7954], [-122.9082, 41.7956], [-122.9078, 41.7951], [-122.9088, 41.794], [-122.908, 41.7926], [-122.9073, 41.7929], [-122.9071, 41.7954], [-122.906, 41.7954]], [[-122.9081, 41.7934], [-122.9077, 41.7937], [-122.9077, 41.7934], [-122.9081, 41.7934]]], [[[-122.9095, 41.7934], [-122.9095, 41.7923], [-122.9091, 41.7923], [-122.9088, 41.7932], [-122.9095, 41.7934]]], [[[-122.9026, 41.7925], [-122.903, 41.7922], [-122.9026, 41.7922], [-122.9026, 41.7925]]], [[[-122.8634, 41.7934], [-122.8637, 41.7928], [-122.8633, 41.7928], [-122.8634, 41.7934]]], [[[-122.8637, 41.7928], [-122.8641, 41.7926], [-122.8637, 41.7926], [-122.8637, 41.7928]]], [[[-122.8493, 41.7929], [-122.8493, 41.7923], [-122.8482, 41.7924], [-122.8482, 41.7926], [-122.8493, 41.7929]]], [[[-122.9062, 41.7913], [-122.9069, 41.791], [-122.9062, 41.791], [-122.9062, 41.7913]]], [[[-122.8496, 41.7926], [-122.85, 41.7923], [-122.8496, 41.7923], [-122.8496, 41.7926]]], [[[-122.9058, 41.7911], [-122.9062, 41.7908], [-122.9058, 41.7908], [-122.9058, 41.7911]]], [[[-122.8669, 41.7919], [-122.8673, 41.7917], [-122.8669, 41.7917], [-122.8669, 41.7919]]], [[[-122.8619, 41.7921], [-122.8622, 41.7918], [-122.8619, 41.7918], [-122.8619, 41.7921]]], [[[-122.8641, 41.7944], [-122.867, 41.7941], [-122.8659, 41.7931], [-122.8669, 41.7922], [-122.8669, 41.7919], [-122.8662, 41.792], [-122.8662, 41.7914], [-122.8647, 41.7917], [-122.8645, 41.7936], [-122.8637, 41.7936], [-122.8641, 41.7944]]], [[[-122.8615, 41.7923], [-122.8618, 41.7912], [-122.8608, 41.7913], [-122.8604, 41.7921], [-122.8615, 41.7923]]], [[[-122.905, 41.7897], [-122.9054, 41.7894], [-122.905, 41.7895], [-122.905, 41.7897]]], [[[-122.9065, 41.7894], [-122.9068, 41.7889], [-122.9064, 41.7889], [-122.9065, 41.7894]]], [[[-122.9039, 41.7887], [-122.9043, 41.7884], [-122.9039, 41.7884], [-122.9039, 41.7887]]], [[[-122.86, 41.7897], [-122.8603, 41.7894], [-122.86, 41.7894], [-122.86, 41.7897]]], [[[-122.8466, 41.79], [-122.847, 41.7897], [-122.8466, 41.7897], [-122.8466, 41.79]]], [[[-122.8567, 41.7895], [-122.8571, 41.7892], [-122.8567, 41.7892], [-122.8567, 41.7895]]], [[[-122.847, 41.7897], [-122.8477, 41.7894], [-122.847, 41.7894], [-122.847, 41.7897]]], [[[-122.905, 41.7881], [-122.9053, 41.7878], [-122.905, 41.7878], [-122.905, 41.7881]]], [[[-122.8563, 41.7892], [-122.8567, 41.7889], [-122.8563, 41.7889], [-122.8563, 41.7892]]], [[[-122.9071, 41.7883], [-122.9071, 41.787], [-122.9064, 41.7867], [-122.9057, 41.7881], [-122.9071, 41.7883]]], [[[-122.8469, 41.7881], [-122.8473, 41.7878], [-122.8469, 41.7878], [-122.8469, 41.7881]]], [[[-122.9013, 41.7871], [-122.9009, 41.7863], [-122.8991, 41.7858], [-122.8992, 41.7869], [-122.9013, 41.7871]]], [[[-122.858, 41.7862], [-122.8584, 41.7859], [-122.858, 41.7859], [-122.858, 41.7862]]], [[[-122.8587, 41.7859], [-122.8598, 41.7856], [-122.8587, 41.7856], [-122.8587, 41.7859]]], [[[-122.8477, 41.7894], [-122.852, 41.7888], [-122.8509, 41.7885], [-122.8516, 41.7882], [-122.8516, 41.7869], [-122.853, 41.7877], [-122.8522, 41.7855], [-122.8497, 41.7861], [-122.8494, 41.7875], [-122.8494, 41.7861], [-122.8469, 41.787], [-122.848, 41.7886], [-122.8477, 41.7894]], [[-122.8505, 41.7877], [-122.8502, 41.7885], [-122.8498, 41.7875], [-122.8505, 41.7877]], [[-122.8487, 41.788], [-122.848, 41.7883], [-122.848, 41.788], [-122.8487, 41.788]], [[-122.8509, 41.7874], [-122.8505, 41.7877], [-122.8505, 41.7874], [-122.8509, 41.7874]], [[-122.8483, 41.787], [-122.848, 41.7872], [-122.848, 41.787], [-122.8483, 41.787]], [[-122.8519, 41.7863], [-122.8508, 41.7869], [-122.8508, 41.7866], [-122.8519, 41.7863]]], [[[-122.8598, 41.7851], [-122.8594, 41.7845], [-122.8587, 41.7846], [-122.8587, 41.7851], [-122.8598, 41.7851]]], [[[-122.859, 41.7929], [-122.8594, 41.7924], [-122.8586, 41.7921], [-122.8601, 41.7921], [-122.8597, 41.7913], [-122.8614, 41.7904], [-122.8614, 41.7902], [-122.8607, 41.7902], [-122.8607, 41.7899], [-122.86, 41.7899], [-122.86, 41.7897], [-122.8596, 41.7897], [-122.8596, 41.7891], [-122.8607, 41.7888], [-122.8596, 41.7889], [-122.8595, 41.7881], [-122.8632, 41.7882], [-122.8624, 41.7869], [-122.8595, 41.7862], [-122.8577, 41.7865], [-122.8577, 41.7878], [-122.8567, 41.7878], [-122.8574, 41.7876], [-122.8573, 41.7854], [-122.8584, 41.7854], [-122.858, 41.7848], [-122.8597, 41.7834], [-122.8601, 41.7843], [-122.8594, 41.7845], [-122.8608, 41.7842], [-122.8601, 41.7832], [-122.8604, 41.7818], [-122.8579, 41.7829], [-122.8521, 41.7823], [-122.8519, 41.785], [-122.8526, 41.7852], [-122.8534, 41.7877], [-122.8548, 41.7868], [-122.8559, 41.7871], [-122.8556, 41.7895], [-122.8563, 41.7887], [-122.8588, 41.7883], [-122.8589, 41.7889], [-122.8574, 41.7892], [-122.8575, 41.79], [-122.8578, 41.7897], [-122.8585, 41.7897], [-122.8575, 41.7922], [-122.859, 41.7929]], [[-122.8592, 41.7891], [-122.8585, 41.7897], [-122.8581, 41.7892], [-122.8592, 41.7891]], [[-122.862, 41.7875], [-122.8617, 41.7877], [-122.8617, 41.7875], [-122.862, 41.7875]], [[-122.8548, 41.7863], [-122.8544, 41.7868], [-122.8544, 41.7863], [-122.8548, 41.7863]], [[-122.8541, 41.7863], [-122.8533, 41.786], [-122.8533, 41.7849], [-122.8544, 41.7849], [-122.8541, 41.7863]], [[-122.8551, 41.7854], [-122.8548, 41.7857], [-122.8548, 41.7855], [-122.8551, 41.7854]], [[-122.8533, 41.7844], [-122.8529, 41.785], [-122.8529, 41.7844], [-122.8533, 41.7844]], [[-122.854, 41.7841], [-122.8536, 41.7844], [-122.8536, 41.7841], [-122.854, 41.7841]], [[-122.8565, 41.7838], [-122.8561, 41.7841], [-122.8561, 41.7838], [-122.8565, 41.7838]], [[-122.8554, 41.7841], [-122.8543, 41.7841], [-122.8543, 41.7838], [-122.8554, 41.7835], [-122.8554, 41.7841]], [[-122.8536, 41.7839], [-122.8533, 41.7841], [-122.8532, 41.7839], [-122.8536, 41.7839]], [[-122.8532, 41.7836], [-122.8529, 41.7839], [-122.8529, 41.7836], [-122.8532, 41.7836]], [[-122.8554, 41.783], [-122.8543, 41.7836], [-122.8539, 41.783], [-122.8554, 41.783]], [[-122.8539, 41.7833], [-122.8532, 41.7836], [-122.8532, 41.7833], [-122.8539, 41.7833]]], [[[-122.8471, 41.7737], [-122.847, 41.7729], [-122.8459, 41.7721], [-122.8456, 41.7732], [-122.8471, 41.7737]]], [[[-122.8452, 41.7721], [-122.8459, 41.7719], [-122.8452, 41.7719], [-122.8452, 41.7721]]]]}, "properties": {"layer": "cell", "cell_id": "321_2500", "seed_zone": "321", "elevation_band": "2500–3000 ft"}}, {"type": "Feature", "geometry": {"type": "MultiPolygon", "coordinates": [[[[-122.8786, 41.8315], [-122.8782, 41.8307], [-122.8779, 41.8307], [-122.8775, 41.8312], [-122.8786, 41.8315]]], [[[-122.8779, 41.8307], [-122.8789, 41.8298], [-122.8781, 41.828], [-122.8774, 41.8282], [-122.8779, 41.8307]]], [[[-122.8759, 41.8277], [-122.8763, 41.8275], [-122.8759, 41.8275], [-122.8759, 41.8277]]], [[[-122.8756, 41.8275], [-122.8759, 41.8272], [-122.8755, 41.8272], [-122.8756, 41.8275]]], [[[-122.8802, 41.8271], [-122.8806, 41.8263], [-122.8802, 41.8263], [-122.8802, 41.8271]]], [[[-122.9284, 41.8225], [-122.9287, 41.8222], [-122.9284, 41.8222], [-122.9284, 41.8225]]], [[[-122.9327, 41.8221], [-122.933, 41.8218], [-122.9327, 41.8218], [-122.9327, 41.8221]]], [[[-122.9287, 41.8219], [-122.9291, 41.8216], [-122.9287, 41.8217], [-122.9287, 41.8219]]], [[[-122.8833, 41.823], [-122.8837, 41.8227], [-122.8833, 41.8227], [-122.8833, 41.823]]], [[[-122.8841, 41.8243], [-122.8844, 41.8238], [-122.8837, 41.8238], [-122.8837, 41.8232], [-122.8833, 41.8232], [-122.8833, 41.823], [-122.8829, 41.823], [-122.8829, 41.8224], [-122.8826, 41.8224], [-122.8819, 41.8235], [-122.8841, 41.8243]]], [[[-122.9287, 41.8214], [-122.929, 41.8211], [-122.9287, 41.8211], [-122.9287, 41.8214]]], [[[-122.8941, 41.8216], [-122.8944, 41.8214], [-122.8941, 41.8214], [-122.8941, 41.8216]]], [[[-122.9304, 41.8184], [-122.9307, 41.8178], [-122.9296, 41.8173], [-122.9293, 41.8179], [-122.9304, 41.8184]]], [[[-122.9333, 41.8194], [-122.935, 41.8166], [-122.9328, 41.8153], [-122.9307, 41.8178], [-122.9311, 41.8186], [-122.9333, 41.8194]]], [[[-122.9331, 41.8153], [-122.9335, 41.815], [-122.9331, 41.8151], [-122.9331, 41.8153]]], [[[-122.9341, 41.8129], [-122.9345, 41.8126], [-122.9341, 41.8126], [-122.9341, 41.8129]]], [[[-122.9327, 41.8129], [-122.933, 41.8126], [-122.9327, 41.8126], [-122.9327, 41.8129]]], [[[-122.932, 41.8132], [-122.9323, 41.8124], [-122.9319, 41.8124], [-122.932, 41.8132]]], [[[-122.892, 41.8138], [-122.8923, 41.8133], [-122.8919, 41.8133], [-122.892, 41.8138]]], [[[-122.9352, 41.8128], [-122.9352, 41.8123], [-122.9333, 41.8113], [-122.933, 41.8126], [-122.9344, 41.8123], [-122.9352, 41.8128]]], [[[-122.8923, 41.813], [-122.893, 41.8125], [-122.8922, 41.8122], [-122.8923, 41.813]]], [[[-122.8915, 41.8114], [-122.8918, 41.8103], [-122.8915, 41.8103], [-122.8915, 41.8114]]], [[[-122.9289, 41.81], [-122.9293, 41.8095], [-122.9289, 41.8095], [-122.9289, 41.81]]], [[[-122.8926, 41.8108], [-122.8929, 41.8103], [-122.8925, 41.8103], [-122.8926, 41.8108]]], [[[-122.894, 41.81], [-122.8943, 41.8103], [-122.8947, 41.81], [-122.894, 41.81]]], [[[-122.895, 41.81], [-122.8954, 41.8097], [-122.895, 41.8097], [-122.895, 41.81]]], [[[-122.9346, 41.8085], [-122.935, 41.8082], [-122.9346, 41.8083], [-122.9346, 41.8085]]], [[[-122.9358, 41.8104], [-122.9358, 41.8096], [-122.9347, 41.8096], [-122.935, 41.8091], [-122.9347, 41.8091], [-122.9346, 41.8085], [-122.9339, 41.808], [-122.9336, 41.8086], [-122.934, 41.8099], [-122.9358, 41.8104]], [[-122.9343, 41.8088], [-122.934, 41.8091], [-122.9339, 41.8088], [-122.9343, 41.8088]]], [[[-122.9294, 41.8119], [-122.9322, 41.8107], [-122.9335, 41.808], [-122.9318, 41.8091], [-122.9315, 41.8105], [-122.929, 41.8106], [-122.9294, 41.8119]], [[-122.9297, 41.8108], [-122.9293, 41.8111], [-122.9293, 41.8108], [-122.9297, 41.8108]]], [[[-122.9293, 41.8092], [-122.9292, 41.8087], [-122.9307, 41.8078], [-122.9289, 41.8081], [-122.9293, 41.8092]]], [[[-122.9642, 41.807], [-122.9649, 41.8067], [-122.9641, 41.8068], [-122.9642, 41.807]]], [[[-122.8968, 41.8086], [-122.8971, 41.8083], [-122.8968, 41.8083], [-122.8968, 41.8086]]], [[[-122.9613, 41.8068], [-122.962, 41.8063], [-122.9612, 41.8063], [-122.9613, 41.8068]]], [[[-122.9623, 41.8068], [-122.9641, 41.8065], [-122.9619, 41.806], [-122.9623, 41.8068]]], [[[-122.9555, 41.8067], [-122.9558, 41.8061], [-122.9555, 41.8061], [-122.9555, 41.8067]]], [[[-122.9547, 41.8062], [-122.9551, 41.8059], [-122.9547, 41.8059], [-122.9547, 41.8062]]], [[[-122.891, 41.8076], [-122.8913, 41.8074], [-122.891, 41.8074], [-122.891, 41.8076]]], [[[-122.8906, 41.8071], [-122.8909, 41.8068], [-122.8906, 41.8068], [-122.8906, 41.8071]]], [[[-122.9173, 41.8068], [-122.9172, 41.8062], [-122.9162, 41.806], [-122.9162, 41.8065], [-122.9173, 41.8068]]], [[[-122.9154, 41.8057], [-122.9158, 41.8054], [-122.9154, 41.8055], [-122.9154, 41.8057]]], [[[-122.9201, 41.8056], [-122.9204, 41.8051], [-122.9201, 41.8051], [-122.9201, 41.8056]]], [[[-122.9522, 41.8046], [-122.9525, 41.8043], [-122.9521, 41.8043], [-122.9522, 41.8046]]], [[[-122.9194, 41.8054], [-122.9197, 41.8051], [-122.9194, 41.8051], [-122.9194, 41.8054]]], [[[-122.9176, 41.8054], [-122.9179, 41.8051], [-122.9176, 41.8051], [-122.9176, 41.8054]]], [[[-122.9151, 41.8055], [-122.9154, 41.8052], [-122.915, 41.8052], [-122.9151, 41.8055]]], [[[-122.9172, 41.8057], [-122.9172, 41.8051], [-122.9176, 41.8049], [-122.9165, 41.8054], [-122.9172, 41.8057]]], [[[-122.9187, 41.8054], [-122.919, 41.8046], [-122.9186, 41.8046], [-122.9187, 41.8054]]], [[[-122.9179, 41.8051], [-122.9183, 41.8046], [-122.9179, 41.8046], [-122.9179, 41.8051]]], [[[-122.9252, 41.8079], [-122.9248, 41.8055], [-122.9255, 41.8041], [-122.9226, 41.8039], [-122.9226, 41.8045], [-122.9204, 41.8048], [-122.9215, 41.805], [-122.9208, 41.8053], [-122.9205, 41.8064], [-122.9201, 41.8056], [-122.919, 41.8056], [-122.9198, 41.807], [-122.9184, 41.8073], [-122.9173, 41.8068], [-122.9188, 41.8078], [-122.9206, 41.8078], [-122.9209, 41.8072], [-122.9209, 41.8078], [-122.9245, 41.8074], [-122.9252, 41.8079]], [[-122.9238, 41.8066], [-122.9234, 41.8069], [-122.9234, 41.8066], [-122.9238, 41.8066]], [[-122.9241, 41.8063], [-122.9238, 41.8066], [-122.9237, 41.8063], [-122.9241, 41.8063]], [[-122.9234, 41.8064], [-122.9227, 41.8066], [-122.9227, 41.8064], [-122.9234, 41.8064]], [[-122.9223, 41.8064], [-122.922, 41.8067], [-122.9219, 41.8064], [-122.9223, 41.8064]], [[-122.9226, 41.8058], [-122.9223, 41.8061], [-122.9223, 41.8058], [-122.9226, 41.8058]], [[-122.9212, 41.8059], [-122.9208, 41.8061], [-122.9208, 41.8059], [-122.9212, 41.8059]], [[-122.9219, 41.8053], [-122.9216, 41.8059], [-122.9215, 41.8053], [-122.9219, 41.8053]]], [[[-122.9182, 41.8043], [-122.9186, 41.804], [-122.9182, 41.804], [-122.9182, 41.8043]]], [[[-122.8909, 41.8063], [-122.8916, 41.8052], [-122.8901, 41.8044], [-122.8895, 41.8058], [-122.8909, 41.8063]]], [[[-122.9474, 41.8031], [-122.9478, 41.8028], [-122.9474, 41.8028], [-122.9474, 41.8031]]], [[[-122.8894, 41.8033], [-122.8901, 41.8031], [-122.8894, 41.8031], [-122.8894, 41.8033]]], [[[-122.9189, 41.8035], [-122.92, 41.8024], [-122.9185, 41.8019], [-122.9182, 41.8024], [-122.916, 41.8022], [-122.9189, 41.8035]]], [[[-122.8886, 41.8031], [-122.8893, 41.8025], [-122.889, 41.8025], [-122.8886, 41.8031]]], [[[-122.9156, 41.8022], [-122.916, 41.8016], [-122.9156, 41.8017], [-122.9156, 41.8022]]], [[[-122.9138, 41.802], [-122.9142, 41.8017], [-122.9138, 41.8017], [-122.9138, 41.802]]], [[[-122.9142, 41.8025], [-122.9153, 41.8017], [-122.9142, 41.8014], [-122.9145, 41.8017], [-122.9142, 41.8025]]], [[[-122.9181, 41.8016], [-122.9178, 41.8011], [-122.917, 41.8014], [-122.9171, 41.8016], [-122.9181, 41.8016]]], [[[-122.9131, 41.8014], [-122.9134, 41.8012], [-122.9131, 41.8012], [-122.9131, 41.8014]]], [[[-122.9544, 41.8062], [-122.9551, 41.8051], [-122.9543, 41.8051], [-122.9546, 41.8037], [-122.9539, 41.8027], [-122.9531, 41.8019], [-122.9499, 41.8019], [-122.9495, 41.8006], [-122.9505, 41.7998], [-122.949, 41.7993], [-122.9478, 41.8028], [-122.9491, 41.8014], [-122.9496, 41.8028], [-122.9524, 41.803], [-122.9532, 41.8046], [-122.9522, 41.8054], [-122.9544, 41.8062]], [[-122.9532, 41.803], [-122.9528, 41.8032], [-122.9528, 41.803], [-122.9532, 41.803]]], [[[-122.8803, 41.8027], [-122.8813, 41.8011], [-122.8795, 41.8006], [-122.8795, 41.8011], [-122.8799, 41.8011], [-122.8803, 41.8017], [-122.8803, 41.8027]], [[-122.881, 41.8011], [-122.8806, 41.8014], [-122.8806, 41.8011], [-122.881, 41.8011]], [[-122.8803, 41.8008], [-122.8799, 41.8011], [-122.8799, 41.8009], [-122.8803, 41.8008]]], [[[-122.9167, 41.8014], [-122.9167, 41.8008], [-122.9181, 41.8008], [-122.9195, 41.8002], [-122.9195, 41.7997], [-122.9184, 41.8002], [-122.9159, 41.8], [-122.9156, 41.8006], [-122.9152, 41.7995], [-122.9149, 41.8009], [-122.9134, 41.8009], [-122.9138, 41.8014], [-122.9142, 41.8012], [-122.9167, 41.8014]]], [[[-122.9199, 41.7997], [-122.9202, 41.7994], [-122.9199, 41.7994], [-122.9199, 41.7997]]], [[[-122.9256, 41.799], [-122.9263, 41.7987], [-122.9256, 41.7987], [-122.9256, 41.799]]], [[[-122.9144, 41.7976], [-122.9147, 41.7973], [-122.9144, 41.7974], [-122.9144, 41.7976]]], [[[-122.9176, 41.7973], [-122.9183, 41.797], [-122.9176, 41.797], [-122.9176, 41.7973]]], [[[-122.9046, 41.797], [-122.905, 41.7968], [-122.9046, 41.7968], [-122.9046, 41.797]]], [[[-122.8882, 41.8015], [-122.8889, 41.8001], [-122.8874, 41.7993], [-122.8869, 41.7966], [-122.8851, 41.7964], [-122.8859, 41.7975], [-122.8848, 41.797], [-122.8845, 41.7978], [-122.8819, 41.7981], [-122.882, 41.8], [-122.8838, 41.8005], [-122.8856, 41.7996], [-122.8871, 41.8007], [-122.8868, 41.8015], [-122.8882, 41.8015]], [[-122.8866, 41.798], [-122.8863, 41.7983], [-122.8863, 41.798], [-122.8866, 41.798]], [[-122.8866, 41.7975], [-122.8859, 41.798], [-122.8859, 41.7975], [-122.8866, 41.7975]]], [[[-122.9209, 41.7977], [-122.9226, 41.7958], [-122.9182, 41.7951], [-122.9183, 41.797], [-122.9198, 41.797], [-122.9198, 41.7975], [-122.9201, 41.7975], [-122.9201, 41.7972], [-122.9205, 41.7972], [-122.9209, 41.7977]], [[-122.9208, 41.7967], [-122.9205, 41.7972], [-122.9205, 41.7967], [-122.9208, 41.7967]], [[-122.9212, 41.7964], [-122.9208, 41.7967], [-122.9208, 41.7964], [-122.9212, 41.7964]], [[-122.9194, 41.7962], [-122.919, 41.7964], [-122.919, 41.7962], [-122.9194, 41.7962]]], [[[-122.8819, 41.7962], [-122.8822, 41.7959], [-122.8819, 41.7959], [-122.8819, 41.7962]]], [[[-122.8914, 41.8003], [-122.8917, 41.7976], [-122.8909, 41.7974], [-122.8916, 41.7963], [-122.8909, 41.7965], [-122.889, 41.7955], [-122.8895, 41.7971], [-122.8906, 41.7976], [-122.8906, 41.7993], [-122.8896, 41.7995], [-122.8914, 41.8003]]], [[[-122.9179, 41.7951], [-122.9182, 41.7948], [-122.9179, 41.7948], [-122.9179, 41.7951]]], [[[-122.906, 41.7957], [-122.906, 41.7946], [-122.9045, 41.7951], [-122.9045, 41.7954], [-122.906, 41.7957]]], [[[-122.9182, 41.7946], [-122.9189, 41.794], [-122.9182, 41.7932], [-122.9156, 41.7933], [-122.9164, 41.7943], [-122.9182, 41.7946]]], [[[-122.8998, 41.7934], [-122.9005, 41.7931], [-122.8998, 41.7931], [-122.8998, 41.7934]]], [[[-122.8994, 41.7928], [-122.8997, 41.7925], [-122.8994, 41.7926], [-122.8994, 41.7928]]], [[[-122.8994, 41.7934], [-122.8994, 41.7928], [-122.899, 41.7923], [-122.8983, 41.792], [-122.8965, 41.7924], [-122.8957, 41.7916], [-122.8947, 41.7919], [-122.8947, 41.7927], [-122.8962, 41.7929], [-122.8962, 41.7934], [-122.8994, 41.7934]], [[-122.8958, 41.7924], [-122.8954, 41.7926], [-122.8954, 41.7924], [-122.8958, 41.7924]], [[-122.8954, 41.7918], [-122.895, 41.7924], [-122.895, 41.7918], [-122.8954, 41.7918]]], [[[-122.8933, 41.7932], [-122.894, 41.7921], [-122.8914, 41.7917], [-122.8915, 41.793], [-122.8933, 41.7932]]], [[[-122.8936, 41.7919], [-122.8947, 41.7916], [-122.8936, 41.7916], [-122.8936, 41.7919]]], [[[-122.9012, 41.7931], [-122.9012, 41.7925], [-122.903, 41.7919], [-122.9008, 41.7923], [-122.899, 41.7912], [-122.8986, 41.792], [-122.9012, 41.7931]]], [[[-122.8918, 41.7916], [-122.8921, 41.7911], [-122.8918, 41.7911], [-122.8918, 41.7916]]], [[[-122.8982, 41.791], [-122.8986, 41.7907], [-122.8982, 41.7907], [-122.8982, 41.791]]], [[[-122.8914, 41.7911], [-122.8917, 41.7906], [-122.8914, 41.7906], [-122.8914, 41.7911]]], [[[-122.9011, 41.7904], [-122.9014, 41.7901], [-122.9011, 41.7901], [-122.9011, 41.7904]]], [[[-122.899, 41.7909], [-122.9007, 41.7904], [-122.9007, 41.7896], [-122.8993, 41.7896], [-122.899, 41.7909]]], [[[-122.8654, 41.7901], [-122.8657, 41.7898], [-122.8654, 41.7898], [-122.8654, 41.7901]]], [[[-122.862, 41.7948], [-122.864, 41.7917], [-122.8654, 41.7914], [-122.865, 41.7898], [-122.8636, 41.7904], [-122.8628, 41.7893], [-122.8611, 41.7899], [-122.8625, 41.7899], [-122.8625, 41.7907], [-122.8618, 41.7904], [-122.8615, 41.791], [-122.8626, 41.792], [-122.8626, 41.7931], [-122.8616, 41.7937], [-122.862, 41.7948]], [[-122.8629, 41.7918], [-122.8626, 41.792], [-122.8626, 41.7918], [-122.8629, 41.7918]], [[-122.8636, 41.7907], [-122.8633, 41.7909], [-122.8633, 41.7907], [-122.8636, 41.7907]]], [[[-122.8921, 41.7906], [-122.8924, 41.79], [-122.8924, 41.7887], [-122.8917, 41.7887], [-122.8921, 41.7906]]], [[[-122.8643, 41.7898], [-122.8643, 41.7893], [-122.8636, 41.7893], [-122.8636, 41.7896], [-122.8643, 41.7898]]], [[[-122.8927, 41.7889], [-122.8931, 41.7886], [-122.8927, 41.7887], [-122.8927, 41.7889]]], [[[-122.8603, 41.7897], [-122.8607, 41.7894], [-122.8603, 41.7894], [-122.8603, 41.7897]]], [[[-122.8669, 41.7919], [-122.8672, 41.7906], [-122.8708, 41.7902], [-122.8715, 41.7894], [-122.8689, 41.7887], [-122.8664, 41.7893], [-122.8668, 41.7901], [-122.8658, 41.7901], [-122.8661, 41.7906], [-122.8654, 41.7909], [-122.8669, 41.7919]], [[-122.8693, 41.7892], [-122.869, 41.7897], [-122.869, 41.7892], [-122.8693, 41.7892]]], [[[-122.8643, 41.7888], [-122.8639, 41.7882], [-122.8635, 41.7885], [-122.8628, 41.7883], [-122.8628, 41.7888], [-122.8643, 41.7888]]], [[[-122.9049, 41.7876], [-122.9057, 41.7875], [-122.906, 41.7873], [-122.9049, 41.7876]]], [[[-122.8642, 41.7885], [-122.8646, 41.7882], [-122.8642, 41.7882], [-122.8642, 41.7885]]], [[[-122.8639, 41.7882], [-122.8642, 41.7879], [-122.8639, 41.788], [-122.8639, 41.7882]]], [[[-122.8984, 41.7872], [-122.8988, 41.7869], [-122.8984, 41.7869], [-122.8984, 41.7872]]], [[[-122.8949, 41.7894], [-122.8967, 41.788], [-122.8981, 41.7888], [-122.8977, 41.7877], [-122.8991, 41.7858], [-122.8963, 41.7872], [-122.8945, 41.7867], [-122.8945, 41.7881], [-122.8935, 41.7889], [-122.8949, 41.7894]], [[-122.8952, 41.7872], [-122.8949, 41.7875], [-122.8948, 41.7872], [-122.8952, 41.7872]]], [[[-122.8469, 41.787], [-122.8472, 41.7867], [-122.8469, 41.7867], [-122.8469, 41.787]]], [[[-122.8595, 41.7864], [-122.8602, 41.7861], [-122.8595, 41.7862], [-122.8595, 41.7864]]], [[[-122.8635, 41.7882], [-122.8639, 41.7877], [-122.8646, 41.7877], [-122.8635, 41.7866], [-122.8641, 41.7852], [-122.8617, 41.7867], [-122.8635, 41.7882]]], [[[-122.8598, 41.7856], [-122.8602, 41.7853], [-122.8598, 41.7853], [-122.8598, 41.7856]]], [[[-122.8645, 41.7852], [-122.8648, 41.785], [-122.8645, 41.785], [-122.8645, 41.7852]]], [[[-122.89, 41.7844], [-122.8904, 41.7841], [-122.89, 41.7841], [-122.89, 41.7844]]], [[[-122.8897, 41.7855], [-122.8897, 41.7841], [-122.8868, 41.7842], [-122.8868, 41.7847], [-122.8882, 41.7847], [-122.8883, 41.7855], [-122.8897, 41.7855]], [[-122.889, 41.7844], [-122.8886, 41.7847], [-122.8886, 41.7844], [-122.889, 41.7844]]], [[[-122.8986, 41.7834], [-122.899, 41.7831], [-122.8986, 41.7831], [-122.8986, 41.7834]]], [[[-122.8547, 41.7841], [-122.8554, 41.7835], [-122.855, 41.7836], [-122.8547, 41.7841]]], [[[-122.8983, 41.7828], [-122.899, 41.7826], [-122.8983, 41.7826], [-122.8983, 41.7828]]], [[[-122.8904, 41.7838], [-122.8907, 41.7827], [-122.8889, 41.7825], [-122.8889, 41.7839], [-122.8904, 41.7838]]], [[[-122.8572, 41.783], [-122.8579, 41.7827], [-122.8572, 41.7827], [-122.8572, 41.783]]], [[[-122.8557, 41.783], [-122.8568, 41.7827], [-122.8557, 41.7827], [-122.8557, 41.783]]], [[[-122.9103, 41.7861], [-122.9102, 41.7839], [-122.9088, 41.7837], [-122.9091, 41.7842], [-122.9077, 41.7842], [-122.9048, 41.7832], [-122.9047, 41.7816], [-122.9022, 41.7814], [-122.9008, 41.782], [-122.9008, 41.7825], [-122.9022, 41.7827], [-122.903, 41.7844], [-122.9073, 41.7843], [-122.9088, 41.7856], [-122.9085, 41.7861], [-122.9103, 41.7861]]], [[[-122.8579, 41.7827], [-122.8582, 41.7824], [-122.8579, 41.7824], [-122.8579, 41.7827]]], [[[-122.9018, 41.7814], [-122.9022, 41.7811], [-122.9018, 41.7811], [-122.9018, 41.7814]]], [[[-122.895, 41.7816], [-122.8953, 41.7813], [-122.895, 41.7813], [-122.895, 41.7816]]], [[[-122.8554, 41.7827], [-122.8561, 41.7822], [-122.855, 41.7819], [-122.8554, 41.7827]]], [[[-122.9022, 41.7811], [-122.9025, 41.7808], [-122.9021, 41.7809], [-122.9022, 41.7811]]], [[[-122.8643, 41.7817], [-122.8647, 41.7812], [-122.8643, 41.7812], [-122.8643, 41.7817]]], [[[-122.8993, 41.7807], [-122.8996, 41.7804], [-122.8992, 41.7804], [-122.8993, 41.7807]]], [[[-122.8996, 41.7804], [-122.9003, 41.7801], [-122.8996, 41.7801], [-122.8996, 41.7804]]], [[[-122.8989, 41.7801], [-122.8992, 41.7798], [-122.8989, 41.7798], [-122.8989, 41.7801]]], [[[-122.8582, 41.781], [-122.8585, 41.7808], [-122.8582, 41.7808], [-122.8582, 41.781]]], [[[-122.8999, 41.7796], [-122.9003, 41.7793], [-122.8999, 41.7793], [-122.8999, 41.7796]]], [[[-122.8985, 41.7796], [-122.8988, 41.7793], [-122.8985, 41.7793], [-122.8985, 41.7796]]], [[[-122.8996, 41.7793], [-122.8999, 41.7787], [-122.8995, 41.7788], [-122.8996, 41.7793]]], [[[-122.8575, 41.7808], [-122.8582, 41.7802], [-122.8585, 41.7797], [-122.8574, 41.78], [-122.8575, 41.7808]]], [[[-122.8578, 41.7797], [-122.8581, 41.7794], [-122.8578, 41.7794], [-122.8578, 41.7797]]], [[[-122.8869, 41.779], [-122.8869, 41.7785], [-122.8851, 41.7788], [-122.8851, 41.7791], [-122.8869, 41.779]]], [[[-122.8891, 41.7782], [-122.889, 41.7776], [-122.8883, 41.7777], [-122.8883, 41.7779], [-122.8891, 41.7782]]], [[[-122.859, 41.7824], [-122.8604, 41.7818], [-122.8596, 41.7807], [-122.8614, 41.7804], [-122.8636, 41.782], [-122.8636, 41.7809], [-122.865, 41.7812], [-122.8661, 41.7801], [-122.8643, 41.7796], [-122.8635, 41.7782], [-122.862, 41.778], [-122.8613, 41.7783], [-122.8614, 41.7796], [-122.8585, 41.7805], [-122.8593, 41.781], [-122.8586, 41.7813], [-122.859, 41.7824]], [[-122.8639, 41.7798], [-122.8636, 41.7801], [-122.8635, 41.7798], [-122.8639, 41.7798]]], [[[-122.8599, 41.7783], [-122.8602, 41.778], [-122.8599, 41.778], [-122.8599, 41.7783]]], [[[-122.8606, 41.7777], [-122.8609, 41.778], [-122.862, 41.7777], [-122.8606, 41.7777]]], [[[-122.8865, 41.7769], [-122.8868, 41.7766], [-122.8865, 41.7766], [-122.8865, 41.7769]]], [[[-122.8858, 41.7772], [-122.8861, 41.7764], [-122.8857, 41.7764], [-122.8858, 41.7772]]], [[[-122.8854, 41.7764], [-122.8857, 41.7761], [-122.8854, 41.7761], [-122.8854, 41.7764]]], [[[-122.8836, 41.7759], [-122.8839, 41.7756], [-122.8836, 41.7756], [-122.8836, 41.7759]]], [[[-122.7647, 41.7785], [-122.7651, 41.7782], [-122.7647, 41.7783], [-122.7647, 41.7785]]], [[[-122.8898, 41.7776], [-122.8901, 41.776], [-122.8882, 41.7752], [-122.8868, 41.7766], [-122.8872, 41.7771], [-122.8883, 41.7766], [-122.8898, 41.7776]]], [[[-122.7622, 41.7783], [-122.7625, 41.778], [-122.7622, 41.778], [-122.7622, 41.7783]]], [[[-122.8821, 41.7754], [-122.8825, 41.7751], [-122.8821, 41.7751], [-122.8821, 41.7754]]], [[[-122.8861, 41.7758], [-122.886, 41.7747], [-122.8846, 41.7748], [-122.8846, 41.7753], [-122.8861, 41.7758]]], [[[-122.7618, 41.7775], [-122.7622, 41.7778], [-122.7625, 41.7775], [-122.7618, 41.7775]]], [[[-122.9105, 41.7817], [-122.9104, 41.7796], [-122.9097, 41.7799], [-122.9078, 41.7791], [-122.9089, 41.778], [-122.9088, 41.7764], [-122.9063, 41.7772], [-122.9071, 41.7778], [-122.9068, 41.7791], [-122.9039, 41.7797], [-122.9024, 41.7784], [-122.9027, 41.7771], [-122.9013, 41.7771], [-122.9005, 41.7763], [-122.9008, 41.7755], [-122.9023, 41.7752], [-122.9015, 41.7741], [-122.9005, 41.7747], [-122.8979, 41.7745], [-122.8969, 41.7753], [-122.897, 41.7788], [-122.8988, 41.779], [-122.9002, 41.7782], [-122.9003, 41.7793], [-122.901, 41.7793], [-122.9003, 41.7801], [-122.9014, 41.7809], [-122.9035, 41.7797], [-122.905, 41.7808], [-122.9047, 41.7816], [-122.9069, 41.7816], [-122.9083, 41.7804], [-122.9105, 41.7817]], [[-122.9086, 41.7796], [-122.9082, 41.7799], [-122.9082, 41.7796], [-122.9086, 41.7796]], [[-122.8999, 41.7782], [-122.8992, 41.7782], [-122.8991, 41.7771], [-122.8995, 41.7771], [-122.8999, 41.7782]], [[-122.902, 41.7773], [-122.9017, 41.7776], [-122.9016, 41.7773], [-122.902, 41.7773]], [[-122.8991, 41.7771], [-122.8984, 41.7761], [-122.8994, 41.775], [-122.899, 41.7755], [-122.8991, 41.7771]]], [[[-122.8388, 41.7753], [-122.8392, 41.775], [-122.8388, 41.775], [-122.8388, 41.7753]]], [[[-122.8521, 41.7731], [-122.8521, 41.7725], [-122.851, 41.7728], [-122.851, 41.7731], [-122.8521, 41.7731]]], [[[-122.8445, 41.773], [-122.8456, 41.7732], [-122.8456, 41.7727], [-122.8445, 41.773]]], [[[-122.8532, 41.7728], [-122.8535, 41.7725], [-122.8532, 41.7725], [-122.8532, 41.7728]]], [[[-122.8414, 41.7749], [-122.8435, 41.7741], [-122.8417, 41.7733], [-122.8409, 41.7717], [-122.8387, 41.7715], [-122.8391, 41.7725], [-122.8409, 41.7733], [-122.8395, 41.7733], [-122.8388, 41.7747], [-122.8414, 41.7749]], [[-122.8403, 41.7744], [-122.8399, 41.7747], [-122.8399, 41.7744], [-122.8403, 41.7744]]], [[[-122.8487, 41.7704], [-122.8491, 41.7702], [-122.8487, 41.7702], [-122.8487, 41.7704]]], [[[-122.8397, 41.7701], [-122.8401, 41.7698], [-122.8397, 41.7698], [-122.8397, 41.7701]]], [[[-122.8516, 41.7696], [-122.8519, 41.7693], [-122.8516, 41.7693], [-122.8516, 41.7696]]], [[[-122.8401, 41.7698], [-122.8404, 41.7695], [-122.8401, 41.7695], [-122.8401, 41.7698]]], [[[-122.8498, 41.7693], [-122.8505, 41.769], [-122.8498, 41.7691], [-122.8498, 41.7693]]], [[[-122.8512, 41.7693], [-122.8512, 41.7688], [-122.8505, 41.7688], [-122.8505, 41.769], [-122.8512, 41.7693]]], [[[-122.8393, 41.7696], [-122.8397, 41.769], [-122.8393, 41.769], [-122.8393, 41.7696]]], [[[-122.8474, 41.7737], [-122.8507, 41.7731], [-122.8503, 41.772], [-122.8485, 41.7721], [-122.8487, 41.7704], [-122.848, 41.7702], [-122.8494, 41.7691], [-122.848, 41.7686], [-122.8459, 41.7702], [-122.8437, 41.7692], [-122.843, 41.7703], [-122.8452, 41.7711], [-122.8448, 41.7716], [-122.8467, 41.7724], [-122.8474, 41.7737]], [[-122.8492, 41.7723], [-122.8488, 41.7726], [-122.8488, 41.7723], [-122.8492, 41.7723]], [[-122.8481, 41.7718], [-122.8477, 41.7721], [-122.8477, 41.7718], [-122.8481, 41.7718]], [[-122.847, 41.7713], [-122.8466, 41.7716], [-122.8466, 41.7713], [-122.847, 41.7713]], [[-122.8477, 41.7707], [-122.8473, 41.7713], [-122.8473, 41.7707], [-122.8477, 41.7707]]], [[[-122.843, 41.7698], [-122.8422, 41.7684], [-122.8397, 41.7687], [-122.8404, 41.7695], [-122.8415, 41.769], [-122.843, 41.7698]]], [[[-122.8393, 41.7688], [-122.8397, 41.7685], [-122.8393, 41.7685], [-122.8393, 41.7688]]]]}, "properties": {"layer": "cell", "cell_id": "321_3000", "seed_zone": "321", "elevation_band": "3000–3500 ft"}}, {"type": "Feature", "geometry": {"type": "MultiPolygon", "coordinates": [[[[-122.933, 41.8216], [-122.9345, 41.8215], [-122.9344, 41.821], [-122.933, 41.8216]]], [[[-122.9344, 41.8207], [-122.9348, 41.8204], [-122.9344, 41.8204], [-122.9344, 41.8207]]], [[[-122.934, 41.8191], [-122.9344, 41.8188], [-122.934, 41.8188], [-122.934, 41.8191]]], [[[-122.9383, 41.8106], [-122.9387, 41.8101], [-122.9383, 41.8101], [-122.9383, 41.8106]]], [[[-122.939, 41.81], [-122.939, 41.8087], [-122.9386, 41.8092], [-122.9375, 41.8087], [-122.9372, 41.8093], [-122.939, 41.81]]], [[[-122.9386, 41.8087], [-122.9393, 41.8084], [-122.9393, 41.8079], [-122.9382, 41.8082], [-122.9386, 41.8087]]], [[[-122.9289, 41.8081], [-122.9292, 41.8078], [-122.9289, 41.8078], [-122.9289, 41.8081]]], [[[-122.9289, 41.8078], [-122.929, 41.8027], [-122.9282, 41.8019], [-122.9272, 41.8025], [-122.9271, 41.8011], [-122.9253, 41.8012], [-122.9269, 41.8033], [-122.9255, 41.8041], [-122.9249, 41.8074], [-122.9252, 41.8079], [-122.9289, 41.8078]], [[-122.9263, 41.8071], [-122.9259, 41.8074], [-122.9259, 41.8071], [-122.9263, 41.8071]], [[-122.9259, 41.8066], [-122.9256, 41.8068], [-122.9256, 41.8066], [-122.9259, 41.8066]], [[-122.928, 41.8057], [-122.9273, 41.8054], [-122.9276, 41.8049], [-122.928, 41.8049], [-122.928, 41.8057]], [[-122.9276, 41.8044], [-122.9269, 41.8046], [-122.9269, 41.8044], [-122.9276, 41.8044]], [[-122.9269, 41.8041], [-122.9265, 41.8044], [-122.9265, 41.8041], [-122.9269, 41.8041]], [[-122.928, 41.8038], [-122.9276, 41.8041], [-122.9276, 41.8038], [-122.928, 41.8038]], [[-122.9272, 41.8036], [-122.9269, 41.8038], [-122.9269, 41.8036], [-122.9272, 41.8036]]], [[[-122.9271, 41.8011], [-122.9275, 41.8008], [-122.9271, 41.8009], [-122.9271, 41.8011]]], [[[-122.9278, 41.8006], [-122.9282, 41.8003], [-122.9278, 41.8003], [-122.9278, 41.8006]]], [[[-122.9289, 41.8005], [-122.9289, 41.8], [-122.9282, 41.8], [-122.9282, 41.8003], [-122.9289, 41.8005]]], [[[-122.9494, 41.7995], [-122.9505, 41.799], [-122.9494, 41.799], [-122.9494, 41.7995]]], [[[-122.9253, 41.7993], [-122.9263, 41.799], [-122.9252, 41.799], [-122.9253, 41.7993]]], [[[-122.8906, 41.7993], [-122.8906, 41.7987], [-122.8899, 41.7985], [-122.8899, 41.799], [-122.8906, 41.7993]]], [[[-122.9266, 41.7976], [-122.9273, 41.7973], [-122.9266, 41.7973], [-122.9266, 41.7976]]], [[[-122.9291, 41.797], [-122.9291, 41.7957], [-122.928, 41.7957], [-122.928, 41.7968], [-122.9291, 41.797]]], [[[-122.8891, 41.7969], [-122.8898, 41.7966], [-122.8891, 41.7966], [-122.8891, 41.7969]]], [[[-122.8869, 41.7969], [-122.8873, 41.7966], [-122.8869, 41.7966], [-122.8869, 41.7969]]], [[[-122.9226, 41.7958], [-122.9229, 41.7953], [-122.9211, 41.7953], [-122.9211, 41.7956], [-122.9226, 41.7958]]], [[[-122.9182, 41.7951], [-122.9197, 41.7948], [-122.9182, 41.7948], [-122.9182, 41.7951]]], [[[-122.7302, 41.7985], [-122.7298, 41.798], [-122.7291, 41.798], [-122.7295, 41.7985], [-122.7302, 41.7985]]], [[[-122.9286, 41.794], [-122.929, 41.7935], [-122.9275, 41.7935], [-122.9276, 41.7938], [-122.9286, 41.794]]], [[[-122.9265, 41.7941], [-122.9272, 41.7935], [-122.9218, 41.7934], [-122.924, 41.7942], [-122.9265, 41.7941]]], [[[-122.9203, 41.7937], [-122.921, 41.7934], [-122.9203, 41.7934], [-122.9203, 41.7937]]], [[[-122.92, 41.7948], [-122.9203, 41.7937], [-122.9182, 41.7932], [-122.9189, 41.7937], [-122.9182, 41.7946], [-122.9193, 41.7943], [-122.92, 41.7948]]], [[[-122.8869, 41.7966], [-122.8847, 41.7956], [-122.8836, 41.7935], [-122.8818, 41.7935], [-122.8822, 41.7962], [-122.884, 41.7956], [-122.8848, 41.7964], [-122.8869, 41.7966]]], [[[-122.9304, 41.7935], [-122.9304, 41.7927], [-122.9293, 41.7921], [-122.93, 41.791], [-122.9289, 41.7905], [-122.929, 41.7935], [-122.9304, 41.7935]]], [[[-122.8914, 41.7917], [-122.8918, 41.7911], [-122.8914, 41.7911], [-122.8914, 41.7917]]], [[[-122.9307, 41.791], [-122.9307, 41.7902], [-122.9292, 41.7897], [-122.9292, 41.7902], [-122.9307, 41.791]]], [[[-122.9427, 41.7935], [-122.9423, 41.7926], [-122.9408, 41.7927], [-122.9408, 41.7911], [-122.9382, 41.789], [-122.9375, 41.7895], [-122.9379, 41.7906], [-122.9361, 41.7917], [-122.9369, 41.7925], [-122.9366, 41.7936], [-122.9427, 41.7935]], [[-122.9376, 41.7928], [-122.9373, 41.7933], [-122.9372, 41.7928], [-122.9376, 41.7928]], [[-122.9401, 41.7924], [-122.9398, 41.7927], [-122.9398, 41.7924], [-122.9401, 41.7924]], [[-122.9372, 41.7922], [-122.9369, 41.7925], [-122.9369, 41.7922], [-122.9372, 41.7922]]], [[[-122.87, 41.7892], [-122.8704, 41.7889], [-122.87, 41.7889], [-122.87, 41.7892]]], [[[-122.8686, 41.7887], [-122.8689, 41.7884], [-122.8686, 41.7884], [-122.8686, 41.7887]]], [[[-122.8719, 41.7894], [-122.8721, 41.7867], [-122.8699, 41.7865], [-122.8718, 41.7878], [-122.8707, 41.7886], [-122.8719, 41.7894]]], [[[-122.9295, 41.7894], [-122.9313, 41.7888], [-122.9309, 41.7872], [-122.9323, 41.7864], [-122.9323, 41.7853], [-122.9304, 41.7853], [-122.9315, 41.7834], [-122.93, 41.7829], [-122.9289, 41.7829], [-122.9293, 41.7846], [-122.929, 41.7862], [-122.9298, 41.7864], [-122.9291, 41.7873], [-122.9298, 41.7873], [-122.9298, 41.787], [-122.9302, 41.787], [-122.9302, 41.7875], [-122.9291, 41.7875], [-122.9295, 41.7894]], [[-122.9309, 41.7883], [-122.9306, 41.7886], [-122.9306, 41.7883], [-122.9309, 41.7883]], [[-122.9305, 41.7867], [-122.9302, 41.787], [-122.9301, 41.7867], [-122.9305, 41.7867]], [[-122.93, 41.7843], [-122.9293, 41.7846], [-122.9293, 41.7843], [-122.93, 41.7843]]], [[[-122.8676, 41.7822], [-122.8679, 41.7819], [-122.8676, 41.7819], [-122.8676, 41.7822]]], [[[-122.8679, 41.7819], [-122.8683, 41.7816], [-122.8679, 41.7816], [-122.8679, 41.7819]]], [[[-122.9118, 41.7777], [-122.9121, 41.7771], [-122.9117, 41.7771], [-122.9118, 41.7777]]], [[[-122.906, 41.7772], [-122.9067, 41.777], [-122.906, 41.777], [-122.906, 41.7772]]], [[[-122.916, 41.7765], [-122.916, 41.7759], [-122.9149, 41.7757], [-122.9149, 41.7762], [-122.916, 41.7765]]], [[[-122.8757, 41.7771], [-122.8757, 41.7766], [-122.8746, 41.7769], [-122.8746, 41.7772], [-122.8757, 41.7771]]], [[[-122.8692, 41.7781], [-122.8688, 41.7762], [-122.8684, 41.7762], [-122.8681, 41.7773], [-122.8692, 41.7781]]], [[[-122.876, 41.7758], [-122.8767, 41.7755], [-122.876, 41.7755], [-122.876, 41.7758]]], [[[-122.8677, 41.776], [-122.8681, 41.7757], [-122.8677, 41.7757], [-122.8677, 41.776]]], [[[-122.9149, 41.7757], [-122.9145, 41.7743], [-122.9124, 41.7749], [-122.9135, 41.7757], [-122.9149, 41.7757]]], [[[-122.8818, 41.7759], [-122.8817, 41.7754], [-122.8803, 41.7749], [-122.8803, 41.7757], [-122.8818, 41.7759]]], [[[-122.9134, 41.7744], [-122.9138, 41.7741], [-122.9134, 41.7741], [-122.9134, 41.7744]]], [[[-122.9104, 41.7796], [-122.9089, 41.7783], [-122.9103, 41.7771], [-122.9099, 41.7763], [-122.9114, 41.7769], [-122.912, 41.7752], [-122.9098, 41.775], [-122.9094, 41.7737], [-122.908, 41.774], [-122.9077, 41.7748], [-122.9062, 41.7743], [-122.9059, 41.7754], [-122.9077, 41.775], [-122.9066, 41.7756], [-122.9067, 41.777], [-122.9088, 41.7764], [-122.9082, 41.7794], [-122.9104, 41.7796]], [[-122.9095, 41.7753], [-122.9091, 41.7756], [-122.9091, 41.7753], [-122.9095, 41.7753]], [[-122.9091, 41.7742], [-122.9087, 41.7745], [-122.9087, 41.7742], [-122.9091, 41.7742]]], [[[-122.9094, 41.7737], [-122.9098, 41.7734], [-122.9094, 41.7734], [-122.9094, 41.7737]]], [[[-122.8821, 41.7754], [-122.8817, 41.7743], [-122.8802, 41.7738], [-122.8803, 41.7746], [-122.8821, 41.7754]]], [[[-122.9087, 41.7729], [-122.9098, 41.7731], [-122.9097, 41.7726], [-122.9087, 41.7729]]], [[[-122.8972, 41.7753], [-122.8979, 41.7745], [-122.8997, 41.7747], [-122.899, 41.7739], [-122.8979, 41.7742], [-122.8982, 41.7717], [-122.8971, 41.772], [-122.8972, 41.7753]]], [[[-122.8395, 41.7739], [-122.8395, 41.7731], [-122.8391, 41.7731], [-122.8388, 41.7739], [-122.8395, 41.7739]]], [[[-122.904, 41.7735], [-122.9043, 41.7721], [-122.9054, 41.7718], [-122.9029, 41.7716], [-122.9029, 41.773], [-122.904, 41.7735]], [[-122.904, 41.7727], [-122.9036, 41.773], [-122.9036, 41.7727], [-122.904, 41.7727]]], [[[-122.8756, 41.7752], [-122.8759, 41.7741], [-122.877, 41.7739], [-122.8769, 41.772], [-122.8737, 41.7718], [-122.8723, 41.7745], [-122.8756, 41.7752]]], [[[-122.8683, 41.7811], [-122.87, 41.7797], [-122.8681, 41.7776], [-122.8663, 41.7776], [-122.8659, 41.7768], [-122.867, 41.776], [-122.8652, 41.776], [-122.867, 41.7757], [-122.8659, 41.7755], [-122.8662, 41.7746], [-122.8644, 41.7747], [-122.864, 41.7741], [-122.8608, 41.7745], [-122.8604, 41.7737], [-122.8618, 41.772], [-122.8603, 41.7721], [-122.8604, 41.7729], [-122.8593, 41.7726], [-122.8593, 41.7732], [-122.8578, 41.7727], [-122.8576, 41.7754], [-122.8591, 41.7775], [-122.8577, 41.7784], [-122.8578, 41.7794], [-122.8606, 41.7777], [-122.8635, 41.778], [-122.8627, 41.7769], [-122.8645, 41.776], [-122.8656, 41.7765], [-122.8656, 41.7782], [-122.8643, 41.7796], [-122.8653, 41.7795], [-122.8661, 41.7806], [-122.8679, 41.7803], [-122.8683, 41.7811]], [[-122.869, 41.78], [-122.8686, 41.7803], [-122.8686, 41.78], [-122.869, 41.78]], [[-122.8679, 41.7795], [-122.8668, 41.7798], [-122.8668, 41.7795], [-122.8679, 41.7795]], [[-122.8657, 41.7793], [-122.8653, 41.7795], [-122.8653, 41.7793], [-122.8657, 41.7793]], [[-122.8678, 41.7789], [-122.8671, 41.7792], [-122.8671, 41.779], [-122.8678, 41.7789]], [[-122.8685, 41.7784], [-122.8682, 41.7787], [-122.8682, 41.7784], [-122.8685, 41.7784]], [[-122.8616, 41.7764], [-122.8612, 41.7766], [-122.8612, 41.7764], [-122.8616, 41.7764]], [[-122.8634, 41.7758], [-122.8627, 41.7763], [-122.8623, 41.7758], [-122.8634, 41.7758]], [[-122.8616, 41.7758], [-122.8609, 41.7761], [-122.8601, 41.7756], [-122.8612, 41.7756], [-122.8612, 41.7758], [-122.8616, 41.7758]], [[-122.8601, 41.7761], [-122.8594, 41.7761], [-122.859, 41.7753], [-122.8594, 41.7753], [-122.8601, 41.7761]], [[-122.8623, 41.7755], [-122.8616, 41.7758], [-122.8616, 41.7756], [-122.8623, 41.7755]], [[-122.8623, 41.775], [-122.8619, 41.7753], [-122.8619, 41.775], [-122.8623, 41.775]], [[-122.859, 41.7753], [-122.8587, 41.7748], [-122.8597, 41.7732], [-122.8597, 41.7745], [-122.859, 41.7753]], [[-122.8644, 41.7747], [-122.8641, 41.775], [-122.8641, 41.7747], [-122.8644, 41.7747]]], [[[-122.887, 41.7717], [-122.8877, 41.7714], [-122.887, 41.7715], [-122.887, 41.7717]]], [[[-122.8791, 41.7716], [-122.8801, 41.7713], [-122.879, 41.7711], [-122.8791, 41.7716]]], [[[-122.8852, 41.7718], [-122.8845, 41.7715], [-122.8852, 41.771], [-122.883, 41.7716], [-122.8852, 41.7718]]], [[[-122.8532, 41.7728], [-122.8524, 41.7714], [-122.8499, 41.7718], [-122.8503, 41.7726], [-122.8524, 41.7725], [-122.8532, 41.7728]], [[-122.8528, 41.7722], [-122.8524, 41.7725], [-122.8524, 41.7722], [-122.8528, 41.7722]], [[-122.8521, 41.772], [-122.8506, 41.7723], [-122.8506, 41.772], [-122.8521, 41.772]]], [[[-122.8942, 41.7718], [-122.8945, 41.7707], [-122.8906, 41.7706], [-122.8895, 41.7714], [-122.8903, 41.7719], [-122.8942, 41.7718]], [[-122.8942, 41.7713], [-122.8931, 41.7716], [-122.8931, 41.7713], [-122.8942, 41.7713]]], [[[-122.887, 41.7712], [-122.8873, 41.7706], [-122.887, 41.7706], [-122.887, 41.7712]]], [[[-122.8971, 41.7718], [-122.897, 41.7701], [-122.8963, 41.7702], [-122.896, 41.7715], [-122.8946, 41.7716], [-122.8971, 41.7718]]], [[[-122.8387, 41.7715], [-122.839, 41.7712], [-122.8387, 41.7712], [-122.8387, 41.7715]]], [[[-122.8387, 41.7709], [-122.839, 41.7704], [-122.8387, 41.7704], [-122.8387, 41.7709]]], [[[-122.8837, 41.771], [-122.8869, 41.7704], [-122.8851, 41.7693], [-122.8833, 41.7699], [-122.8829, 41.7691], [-122.8811, 41.7692], [-122.8808, 41.77], [-122.8837, 41.771]]], [[[-122.8394, 41.7704], [-122.8394, 41.7698], [-122.8386, 41.7696], [-122.8386, 41.7701], [-122.8394, 41.7704]]], [[[-122.8394, 41.7698], [-122.8397, 41.7696], [-122.8393, 41.7696], [-122.8394, 41.7698]]], [[[-122.839, 41.7693], [-122.8393, 41.769], [-122.839, 41.769], [-122.839, 41.7693]]], [[[-122.8569, 41.7673], [-122.8573, 41.767], [-122.8569, 41.767], [-122.8569, 41.7673]]], [[[-122.8786, 41.7695], [-122.8781, 41.766], [-122.8774, 41.766], [-122.8772, 41.7695], [-122.8786, 41.7695]]], [[[-122.84, 41.7687], [-122.8422, 41.7679], [-122.8407, 41.7666], [-122.8389, 41.7666], [-122.8393, 41.7682], [-122.8386, 41.7685], [-122.84, 41.7687]], [[-122.8407, 41.7676], [-122.8404, 41.7682], [-122.8403, 41.7676], [-122.8407, 41.7676]]], [[[-122.8532, 41.7652], [-122.8536, 41.7649], [-122.8532, 41.7649], [-122.8532, 41.7652]]], [[[-122.8557, 41.7651], [-122.8557, 41.7646], [-122.855, 41.7646], [-122.855, 41.7649], [-122.8557, 41.7651]]], [[[-122.8539, 41.7649], [-122.8543, 41.7646], [-122.8539, 41.7646], [-122.8539, 41.7649]]], [[[-122.8525, 41.7641], [-122.8528, 41.7638], [-122.8524, 41.7639], [-122.8525, 41.7641]]], [[[-122.8511, 41.7652], [-122.8514, 41.7639], [-122.8492, 41.7634], [-122.8489, 41.765], [-122.8511, 41.7652]]], [[[-122.8517, 41.7639], [-122.8524, 41.7633], [-122.8521, 41.7633], [-122.8517, 41.7639]]], [[[-122.8423, 41.7635], [-122.8423, 41.763], [-122.8416, 41.7627], [-122.8413, 41.7636], [-122.8423, 41.7635]]], [[[-122.8423, 41.7627], [-122.8419, 41.7619], [-122.8427, 41.7622], [-122.8441, 41.7619], [-122.8415, 41.7603], [-122.8419, 41.7617], [-122.8412, 41.7625], [-122.8423, 41.7627]]], [[[-122.8408, 41.7606], [-122.8411, 41.7603], [-122.8408, 41.7603], [-122.8408, 41.7606]]]]}, "properties": {"layer": "cell", "cell_id": "321_3500", "seed_zone": "321", "elevation_band": "3500–4000 ft"}}, {"type": "Feature", "geometry": {"type": "MultiPolygon", "coordinates": [[[[-122.929, 41.8027], [-122.929, 41.8019], [-122.9286, 41.8019], [-122.9283, 41.8024], [-122.929, 41.8027]]], [[[-122.9272, 41.8017], [-122.9275, 41.8014], [-122.9271, 41.8014], [-122.9272, 41.8017]]], [[[-122.928, 41.7954], [-122.9283, 41.7951], [-122.928, 41.7951], [-122.928, 41.7954]]], [[[-122.9258, 41.7944], [-122.9265, 41.7941], [-122.9258, 41.7941], [-122.9258, 41.7944]]], [[[-122.9291, 41.7957], [-122.929, 41.7938], [-122.9286, 41.7938], [-122.9284, 41.7957], [-122.9291, 41.7957]]], [[[-122.7306, 41.7998], [-122.7306, 41.799], [-122.7291, 41.7982], [-122.7291, 41.7996], [-122.7306, 41.7998]]], [[[-122.7302, 41.7988], [-122.7305, 41.7982], [-122.7302, 41.7982], [-122.7302, 41.7988]]], [[[-122.9304, 41.7935], [-122.9308, 41.7929], [-122.9304, 41.7929], [-122.9304, 41.7935]]], [[[-122.9445, 41.7937], [-122.9433, 41.7913], [-122.9412, 41.7916], [-122.9408, 41.7911], [-122.9408, 41.7927], [-122.9423, 41.7926], [-122.9423, 41.7932], [-122.9434, 41.7926], [-122.9434, 41.7937], [-122.9445, 41.7937]], [[-122.943, 41.7921], [-122.9423, 41.7921], [-122.9415, 41.7916], [-122.9426, 41.7916], [-122.943, 41.7921]]], [[[-122.9365, 41.7917], [-122.9365, 41.7912], [-122.935, 41.7912], [-122.9354, 41.7917], [-122.9365, 41.7917]]], [[[-122.9404, 41.7911], [-122.9408, 41.7905], [-122.9404, 41.7905], [-122.9404, 41.7911]]], [[[-122.9368, 41.7909], [-122.9372, 41.7906], [-122.9368, 41.7906], [-122.9368, 41.7909]]], [[[-122.9303, 41.7902], [-122.9306, 41.7899], [-122.9303, 41.79], [-122.9303, 41.7902]]], [[[-122.9397, 41.7905], [-122.9404, 41.79], [-122.9389, 41.7895], [-122.9397, 41.7905]]], [[[-122.9386, 41.7895], [-122.9389, 41.7892], [-122.9385, 41.7892], [-122.9386, 41.7895]]], [[[-122.9303, 41.79], [-122.9306, 41.7891], [-122.9313, 41.7888], [-122.9292, 41.7894], [-122.9303, 41.79]]], [[[-122.9313, 41.7888], [-122.9317, 41.7886], [-122.9313, 41.7886], [-122.9313, 41.7888]]], [[[-122.9375, 41.7906], [-122.9371, 41.7893], [-122.9378, 41.7895], [-122.9385, 41.7887], [-122.937, 41.7865], [-122.9353, 41.7896], [-122.9375, 41.7906]]], [[[-122.937, 41.786], [-122.9384, 41.7862], [-122.9384, 41.7857], [-122.937, 41.786]]], [[[-122.9326, 41.7853], [-122.9329, 41.7847], [-122.9329, 41.7826], [-122.9314, 41.7832], [-122.9304, 41.7848], [-122.9304, 41.7853], [-122.9326, 41.7853]]], [[[-122.9289, 41.7829], [-122.9296, 41.7827], [-122.9289, 41.7824], [-122.9289, 41.7829]]], [[[-122.9288, 41.7811], [-122.9292, 41.7808], [-122.9288, 41.7808], [-122.9288, 41.7811]]], [[[-122.8721, 41.7867], [-122.8723, 41.7818], [-122.8715, 41.7813], [-122.8722, 41.7813], [-122.8722, 41.7799], [-122.8711, 41.7799], [-122.8715, 41.781], [-122.8698, 41.7829], [-122.8695, 41.7851], [-122.8706, 41.7851], [-122.8703, 41.7865], [-122.8714, 41.7864], [-122.871, 41.7856], [-122.8717, 41.7856], [-122.8721, 41.7867]]], [[[-122.8704, 41.7802], [-122.8708, 41.7799], [-122.8704, 41.78], [-122.8704, 41.7802]]], [[[-122.8704, 41.78], [-122.8704, 41.7794], [-122.8697, 41.7794], [-122.8697, 41.7797], [-122.8704, 41.78]]], [[[-122.8715, 41.7797], [-122.8722, 41.7794], [-122.8715, 41.7794], [-122.8715, 41.7797]]], [[[-122.8693, 41.7786], [-122.8696, 41.7789], [-122.87, 41.7786], [-122.8693, 41.7786]]], [[[-122.8772, 41.7793], [-122.8757, 41.7782], [-122.8747, 41.7788], [-122.8747, 41.7793], [-122.8772, 41.7793]]], [[[-122.8707, 41.7781], [-122.871, 41.7778], [-122.8707, 41.7778], [-122.8707, 41.7781]]], [[[-122.8711, 41.7791], [-122.871, 41.7783], [-122.8707, 41.7783], [-122.8707, 41.7781], [-122.8703, 41.7781], [-122.8692, 41.7765], [-122.8692, 41.7784], [-122.87, 41.7783], [-122.8711, 41.7791]]], [[[-122.8721, 41.7767], [-122.8728, 41.7764], [-122.8721, 41.7764], [-122.8721, 41.7767]]], [[[-122.8717, 41.7764], [-122.872, 41.7761], [-122.8717, 41.7761], [-122.8717, 41.7764]]], [[[-122.916, 41.7759], [-122.916, 41.7749], [-122.9149, 41.7751], [-122.9149, 41.7757], [-122.916, 41.7759]]], [[[-122.9117, 41.7752], [-122.9134, 41.7746], [-122.9134, 41.7741], [-122.912, 41.7744], [-122.9117, 41.7752]]], [[[-122.9134, 41.7741], [-122.9138, 41.7738], [-122.9134, 41.7738], [-122.9134, 41.7741]]], [[[-122.868, 41.7746], [-122.8684, 41.7743], [-122.868, 41.7743], [-122.868, 41.7746]]], [[[-122.872, 41.7748], [-122.8719, 41.7737], [-122.8716, 41.7737], [-122.8709, 41.7745], [-122.872, 41.7748]]], [[[-122.9094, 41.7726], [-122.9097, 41.7723], [-122.9094, 41.7723], [-122.9094, 41.7726]]], [[[-122.8662, 41.7755], [-122.8695, 41.7759], [-122.8695, 41.7746], [-122.8709, 41.7743], [-122.8712, 41.7732], [-122.8705, 41.7726], [-122.8697, 41.7727], [-122.8701, 41.7737], [-122.8684, 41.7751], [-122.868, 41.7751], [-122.868, 41.7746], [-122.8677, 41.7746], [-122.868, 41.7738], [-122.8672, 41.7733], [-122.8665, 41.7733], [-122.8673, 41.7741], [-122.8658, 41.7736], [-122.8661, 41.7727], [-122.8633, 41.7736], [-122.8633, 41.7742], [-122.8644, 41.7747], [-122.8658, 41.7744], [-122.8662, 41.7755]], [[-122.8654, 41.7733], [-122.8644, 41.7736], [-122.8644, 41.7733], [-122.8654, 41.7733]]], [[[-122.8636, 41.7731], [-122.8643, 41.7728], [-122.8636, 41.7728], [-122.8636, 41.7731]]], [[[-122.9093, 41.7718], [-122.9101, 41.7717], [-122.9104, 41.7715], [-122.9093, 41.7718]]], [[[-122.868, 41.7732], [-122.8687, 41.7727], [-122.8675, 41.7719], [-122.8654, 41.7722], [-122.8668, 41.7722], [-122.8665, 41.773], [-122.868, 41.7732]]], [[[-122.8636, 41.7728], [-122.8636, 41.7723], [-122.8625, 41.772], [-122.8625, 41.7726], [-122.8636, 41.7728]]], [[[-122.887, 41.7706], [-122.8877, 41.7704], [-122.8869, 41.7704], [-122.887, 41.7706]]], [[[-122.8866, 41.7704], [-122.8869, 41.7698], [-122.8866, 41.7698], [-122.8866, 41.7704]]], [[[-122.8949, 41.7699], [-122.8952, 41.7696], [-122.8948, 41.7697], [-122.8949, 41.7699]]], [[[-122.8952, 41.7696], [-122.8956, 41.7694], [-122.8952, 41.7694], [-122.8952, 41.7696]]], [[[-122.896, 41.7715], [-122.897, 41.7696], [-122.8966, 41.7691], [-122.8945, 41.7707], [-122.8946, 41.7716], [-122.896, 41.7715]], [[-122.8959, 41.7702], [-122.8956, 41.7707], [-122.8956, 41.7702], [-122.8959, 41.7702]]], [[[-122.8562, 41.7673], [-122.8565, 41.767], [-122.8562, 41.767], [-122.8562, 41.7673]]], [[[-122.8789, 41.7665], [-122.8792, 41.7662], [-122.8788, 41.7662], [-122.8789, 41.7665]]], [[[-122.8782, 41.7671], [-122.8785, 41.766], [-122.8781, 41.766], [-122.8782, 41.7671]]], [[[-122.8866, 41.7698], [-122.8865, 41.7688], [-122.8858, 41.7691], [-122.8847, 41.7683], [-122.8857, 41.7669], [-122.8839, 41.7656], [-122.881, 41.7651], [-122.881, 41.7656], [-122.8796, 41.7659], [-122.8799, 41.7665], [-122.8825, 41.7662], [-122.8828, 41.7656], [-122.8828, 41.7661], [-122.8843, 41.7664], [-122.8826, 41.7691], [-122.8833, 41.7699], [-122.8847, 41.7693], [-122.8851, 41.7693], [-122.8851, 41.7696], [-122.8858, 41.7696], [-122.8858, 41.7699], [-122.8866, 41.7698]], [[-122.8855, 41.7691], [-122.8851, 41.7693], [-122.8851, 41.7691], [-122.8855, 41.7691]]], [[[-122.8572, 41.7654], [-122.8579, 41.7648], [-122.8575, 41.7648], [-122.8572, 41.7654]]], [[[-122.8565, 41.7651], [-122.8572, 41.7648], [-122.8565, 41.7648], [-122.8565, 41.7651]]], [[[-122.8781, 41.766], [-122.8777, 41.7649], [-122.8787, 41.7633], [-122.8769, 41.7633], [-122.877, 41.7652], [-122.8781, 41.766]]], [[[-122.8561, 41.7651], [-122.8564, 41.7638], [-122.8546, 41.7638], [-122.8546, 41.7646], [-122.8561, 41.7651]]], [[[-122.8578, 41.7635], [-122.8574, 41.7627], [-122.8564, 41.7627], [-122.8564, 41.7635], [-122.8578, 41.7635]]], [[[-122.8397, 41.7606], [-122.8404, 41.7603], [-122.8397, 41.7604], [-122.8397, 41.7606]]], [[[-122.8451, 41.76], [-122.8454, 41.7597], [-122.8451, 41.7597], [-122.8451, 41.76]]], [[[-122.8781, 41.7576], [-122.8789, 41.7578], [-122.8788, 41.7573], [-122.8781, 41.7576]]], [[[-122.8761, 41.7528], [-122.8765, 41.7525], [-122.8761, 41.7525], [-122.8761, 41.7528]]], [[[-122.877, 41.7557], [-122.8769, 41.7538], [-122.8762, 41.7536], [-122.8761, 41.7528], [-122.8758, 41.7525], [-122.8772, 41.7514], [-122.875, 41.7512], [-122.875, 41.7517], [-122.8761, 41.7517], [-122.875, 41.752], [-122.8762, 41.7538], [-122.8755, 41.7549], [-122.8762, 41.7552], [-122.8763, 41.7557], [-122.877, 41.7557]], [[-122.8766, 41.7549], [-122.8762, 41.7552], [-122.8762, 41.7549], [-122.8766, 41.7549]]], [[[-122.905, 41.7453], [-122.905, 41.7443], [-122.9032, 41.7443], [-122.9036, 41.7448], [-122.905, 41.7453]]], [[[-122.905, 41.7443], [-122.9053, 41.744], [-122.905, 41.744], [-122.905, 41.7443]]], [[[-122.8858, 41.7423], [-122.8858, 41.7417], [-122.8861, 41.7414], [-122.8854, 41.7415], [-122.8858, 41.7423]]]]}, "properties": {"layer": "cell", "cell_id": "321_4000", "seed_zone": "321", "elevation_band": "4000–4500 ft"}}, {"type": "Feature", "geometry": {"type": "MultiPolygon", "coordinates": [[[[-122.9417, 41.7862], [-122.942, 41.7859], [-122.9416, 41.7859], [-122.9417, 41.7862]]], [[[-122.9366, 41.786], [-122.937, 41.7857], [-122.9366, 41.7857], [-122.9366, 41.786]]], [[[-122.9434, 41.7853], [-122.9438, 41.785], [-122.9434, 41.785], [-122.9434, 41.7853]]], [[[-122.9365, 41.7844], [-122.9369, 41.7838], [-122.9365, 41.7839], [-122.9365, 41.7844]]], [[[-122.8813, 41.7654], [-122.8817, 41.7651], [-122.8813, 41.7651], [-122.8813, 41.7654]]], [[[-122.8857, 41.7666], [-122.8864, 41.7658], [-122.8835, 41.7648], [-122.8828, 41.7651], [-122.8857, 41.7666]]], [[[-122.878, 41.7635], [-122.8784, 41.763], [-122.8772, 41.7622], [-122.8769, 41.7633], [-122.878, 41.7635]]], [[[-122.8768, 41.7511], [-122.8764, 41.7506], [-122.875, 41.7504], [-122.8754, 41.7512], [-122.8768, 41.7511]]], [[[-122.8764, 41.75], [-122.876, 41.7495], [-122.8753, 41.7498], [-122.8753, 41.7501], [-122.8764, 41.75]]], [[[-122.8749, 41.7498], [-122.8753, 41.7495], [-122.8749, 41.7495], [-122.8749, 41.7498]]], [[[-122.8731, 41.7493], [-122.8735, 41.749], [-122.8731, 41.749], [-122.8731, 41.7493]]], [[[-122.8724, 41.7493], [-122.8728, 41.749], [-122.8724, 41.7491], [-122.8724, 41.7493]]], [[[-122.8753, 41.7493], [-122.8753, 41.7487], [-122.8742, 41.7485], [-122.8742, 41.749], [-122.8753, 41.7493]]], [[[-122.8748, 41.7468], [-122.8752, 41.7463], [-122.8748, 41.7463], [-122.8748, 41.7468]]]]}, "properties": {"layer": "cell", "cell_id": "321_4500", "seed_zone": "321", "elevation_band": "4500–5000 ft"}}, {"type": "Feature", "geometry": {"type": "MultiPolygon", "coordinates": [[[[-122.868, 41.7573], [-122.8684, 41.757], [-122.868, 41.757], [-122.868, 41.7573]]], [[[-122.867, 41.7573], [-122.8677, 41.757], [-122.8669, 41.757], [-122.867, 41.7573]]], [[[-122.8694, 41.7551], [-122.8697, 41.7548], [-122.8694, 41.7548], [-122.8694, 41.7551]]], [[[-122.8688, 41.7491], [-122.8691, 41.7489], [-122.8688, 41.7489], [-122.8688, 41.7491]]], [[[-122.8738, 41.7488], [-122.8742, 41.7485], [-122.8738, 41.7485], [-122.8738, 41.7488]]], [[[-122.8948, 41.7339], [-122.8952, 41.7337], [-122.8948, 41.7337], [-122.8948, 41.7339]]], [[[-122.8955, 41.7334], [-122.8959, 41.7331], [-122.8955, 41.7331], [-122.8955, 41.7334]]], [[[-122.8963, 41.7334], [-122.8966, 41.7325], [-122.8962, 41.7325], [-122.8963, 41.7334]]]]}, "properties": {"layer": "cell", "cell_id": "321_5000", "seed_zone": "321", "elevation_band": "5000–5500 ft"}}]}
