{"type": "FeatureCollection", "features": [{"type": "Feature", "geometry": {"type": "MultiPolygon", "coordinates": [[[[-123.3264, 40.5707], [-123.3267, 40.571], [-123.3265, 40.571], [-123.3264, 40.5707]]], [[[-123.339, 40.573], [-123.3382, 40.5733], [-123.3389, 40.5726], [-123.339, 40.573]]], [[[-123.4515, 40.7369], [-123.4512, 40.7364], [-123.4516, 40.7365], [-123.4515, 40.7369]]], [[[-123.4683, 40.7382], [-123.4674, 40.7371], [-123.4688, 40.7367], [-123.4692, 40.7373], [-123.4683, 40.7382]]], [[[-123.4497, 40.7393], [-123.45, 40.7386], [-123.4499, 40.7383], [-123.4502, 40.7385], [-123.4497, 40.7393]]], [[[-123.4535, 40.7394], [-123.4535, 40.7385], [-123.454, 40.7393], [-123.4535, 40.7394]]], [[[-123.3885, 40.8312], [-123.3903, 40.832], [-123.3891, 40.8333], [-123.3874, 40.8318], [-123.3885, 40.8312]]], [[[-123.3939, 40.8327], [-123.3933, 40.8318], [-123.3947, 40.8314], [-123.3939, 40.8321], [-123.3939, 40.8327]]], [[[-123.3964, 40.8353], [-123.3979, 40.8357], [-123.398, 40.8366], [-123.3973, 40.8357], [-123.3962, 40.8357], [-123.3964, 40.8353]]], [[[-123.2988, 40.5598], [-123.2983, 40.559], [-123.2986, 40.5587], [-123.2997, 40.5594], [-123.2988, 40.5598]]], [[[-123.1931, 40.5848], [-123.1927, 40.585], [-123.1923, 40.5845], [-123.1931, 40.5848]]], [[[-123.075, 40.6037], [-123.0745, 40.6036], [-123.0751, 40.6037], [-123.075, 40.6037]]], [[[-123.0268, 40.7055], [-123.0256, 40.7042], [-123.0269, 40.7027], [-123.028, 40.7035], [-123.0274, 40.7041], [-123.0279, 40.7044], [-123.0268, 40.7055]]], [[[-123.0282, 40.7196], [-123.0306, 40.7193], [-123.0308, 40.721], [-123.029, 40.7215], [-123.0282, 40.7196]]], [[[-123.3204, 40.6321], [-123.3196, 40.6347], [-123.3229, 40.6366], [-123.3234, 40.6361], [-123.3254, 40.6371], [-123.3278, 40.6368], [-123.335, 40.6435], [-123.3381, 40.6451], [-123.3375, 40.6457], [-123.3375, 40.6583], [-123.3365, 40.66], [-123.338, 40.6595], [-123.3375, 40.6609], [-123.3394, 40.666], [-123.3383, 40.6667], [-123.3385, 40.6675], [-123.3366, 40.6703], [-123.3374, 40.6708], [-123.3367, 40.6712], [-123.337, 40.6742], [-123.3364, 40.6751], [-123.3352, 40.6752], [-123.3307, 40.6732], [-123.3277, 40.6747], [-123.3231, 40.6757], [-123.3195, 40.6791], [-123.3155, 40.6784], [-123.3113, 40.6797], [-123.3077, 40.6794], [-123.3052, 40.6801], [-123.3005, 40.679], [-123.3002, 40.6773], [-123.2984, 40.6775], [-123.2983, 40.678], [-123.2953, 40.6775], [-123.2933, 40.6785], [-123.2934, 40.6777], [-123.2916, 40.6785], [-123.289, 40.678], [-123.2801, 40.6738], [-123.2789, 40.6747], [-123.2781, 40.6774], [-123.2731, 40.6852], [-123.2694, 40.6843], [-123.2694, 40.6857], [-123.2753, 40.6889], [-123.276, 40.6903], [-123.2789, 40.6914], [-123.2822, 40.6944], [-123.2854, 40.7037], [-123.285, 40.7058], [-123.2877, 40.7081], [-123.2883, 40.7091], [-123.2879, 40.7101], [-123.289, 40.7106], [-123.2902, 40.7104], [-123.2909, 40.711], [-123.2976, 40.708], [-123.3153, 40.7047], [-123.32, 40.705], [-123.3196, 40.7045], [-123.3209, 40.7034], [-123.3223, 40.7039], [-123.321, 40.7048], [-123.3216, 40.7053], [-123.3357, 40.706], [-123.3359, 40.7066], [-123.3409, 40.7064], [-123.3423, 40.7055], [-123.3481, 40.7055], [-123.3644, 40.7037], [-123.3733, 40.7039], [-123.3748, 40.7048], [-123.3762, 40.7042], [-123.3776, 40.7051], [-123.381, 40.7048], [-123.3841, 40.7063], [-123.3888, 40.7067], [-123.3878, 40.7053], [-123.3943, 40.7081], [-123.395, 40.709], [-123.3961, 40.7071], [-123.3975, 40.7097], [-123.3995, 40.7106], [-123.4014, 40.7106], [-123.4021, 40.7094], [-123.4036, 40.7102], [-123.4067, 40.7137], [-123.4072, 40.7161], [-123.4095, 40.7182], [-123.4084, 40.7192], [-123.4072, 40.719], [-123.4076, 40.7206], [-123.4105, 40.7209], [-123.4126, 40.7245], [-123.414, 40.7245], [-123.4168, 40.7258], [-123.4182, 40.7242], [-123.4222, 40.7252], [-123.4236, 40.7269], [-123.4264, 40.7261], [-123.427, 40.7249], [-123.43, 40.7247], [-123.4315, 40.7252], [-123.4356, 40.7284], [-123.437, 40.7306], [-123.4364, 40.7333], [-123.4374, 40.7363], [-123.4339, 40.7378], [-123.4341, 40.7383], [-123.4403, 40.7387], [-123.4425, 40.7374], [-123.4433, 40.7384], [-123.4431, 40.7396], [-123.4456, 40.7398], [-123.4458, 40.7411], [-123.4493, 40.7406], [-123.4508, 40.7414], [-123.4586, 40.7405], [-123.4595, 40.7408], [-123.4596, 40.742], [-123.4613, 40.7428], [-123.4629, 40.7405], [-123.4649, 40.7408], [-123.466, 40.7402], [-123.4684, 40.7415], [-123.4707, 40.7408], [-123.4743, 40.7409], [-123.4829, 40.7449], [-123.4823, 40.7439], [-123.485, 40.7443], [-123.4841, 40.7476], [-123.4864, 40.7518], [-123.4856, 40.7538], [-123.487, 40.7559], [-123.4835, 40.7591], [-123.4821, 40.762], [-123.4834, 40.7648], [-123.4862, 40.7658], [-123.4847, 40.7696], [-123.4826, 40.7696], [-123.4845, 40.7745], [-123.4843, 40.7773], [-123.4824, 40.7784], [-123.4822, 40.7799], [-123.4798, 40.7801], [-123.4771, 40.7819], [-123.4771, 40.784], [-123.4749, 40.7857], [-123.4723, 40.7861], [-123.4715, 40.7869], [-123.4706, 40.7897], [-123.4719, 40.7913], [-123.4718, 40.7933], [-123.4733, 40.7941], [-123.4756, 40.7978], [-123.4749, 40.7988], [-123.4716, 40.7993], [-123.4712, 40.8006], [-123.4725, 40.8028], [-123.4701, 40.8044], [-123.471, 40.8048], [-123.4708, 40.8058], [-123.4685, 40.8054], [-123.4658, 40.8036], [-123.4652, 40.8012], [-123.4632, 40.8], [-123.4623, 40.7973], [-123.4606, 40.797], [-123.4591, 40.7951], [-123.4596, 40.7936], [-123.4565, 40.7938], [-123.4556, 40.7921], [-123.4566, 40.7918], [-123.4563, 40.7912], [-123.4545, 40.7911], [-123.4524, 40.7899], [-123.4511, 40.7902], [-123.4504, 40.7895], [-123.4473, 40.7893], [-123.4433, 40.7895], [-123.4432, 40.7907], [-123.4444, 40.7911], [-123.4485, 40.7903], [-123.4534, 40.792], [-123.4578, 40.797], [-123.46, 40.8032], [-123.4645, 40.8043], [-123.4667, 40.8068], [-123.4683, 40.8073], [-123.4677, 40.8082], [-123.4693, 40.8088], [-123.4686, 40.8092], [-123.4701, 40.8109], [-123.4698, 40.8129], [-123.4735, 40.815], [-123.4734, 40.8162], [-123.4752, 40.816], [-123.4763, 40.8193], [-123.4778, 40.8209], [-123.4769, 40.824], [-123.4779, 40.8253], [-123.478, 40.8274], [-123.4771, 40.8264], [-123.477, 40.8289], [-123.4759, 40.8294], [-123.4796, 40.8294], [-123.4806, 40.831], [-123.4751, 40.8299], [-123.4751, 40.8303], [-123.4763, 40.8319], [-123.4779, 40.8314], [-123.4771, 40.831], [-123.4791, 40.8315], [-123.4811, 40.8346], [-123.4803, 40.8358], [-123.4813, 40.836], [-123.4782, 40.8362], [-123.4815, 40.8373], [-123.4819, 40.839], [-123.4814, 40.84], [-123.4796, 40.8397], [-123.4801, 40.8443], [-123.477, 40.8451], [-123.4781, 40.8455], [-123.4775, 40.8465], [-123.4782, 40.8471], [-123.4762, 40.8467], [-123.4722, 40.8479], [-123.4739, 40.8505], [-123.4762, 40.8506], [-123.4786, 40.8526], [-123.4787, 40.8543], [-123.4771, 40.8557], [-123.4801, 40.8562], [-123.4773, 40.857], [-123.4811, 40.8588], [-123.4811, 40.8596], [-123.4828, 40.8584], [-123.4818, 40.8605], [-123.4823, 40.8611], [-123.481, 40.8619], [-123.4816, 40.8623], [-123.4812, 40.8643], [-123.4824, 40.8653], [-123.4829, 40.8651], [-123.4821, 40.8638], [-123.483, 40.863], [-123.4821, 40.8621], [-123.4835, 40.8624], [-123.4839, 40.8611], [-123.4848, 40.8614], [-123.4842, 40.8599], [-123.4859, 40.859], [-123.4858, 40.8585], [-123.4839, 40.8588], [-123.4839, 40.8572], [-123.4851, 40.8564], [-123.4851, 40.857], [-123.4869, 40.8573], [-123.4868, 40.858], [-123.488, 40.8577], [-123.4882, 40.8582], [-123.4875, 40.8583], [-123.4906, 40.8597], [-123.4913, 40.8611], [-123.4926, 40.8611], [-123.4917, 40.8614], [-123.493, 40.8618], [-123.4927, 40.8625], [-123.4935, 40.8619], [-123.495, 40.8634], [-123.4947, 40.8646], [-123.4954, 40.8643], [-123.4971, 40.8663], [-123.4967, 40.8667], [-123.4998, 40.8669], [-123.4971, 40.8678], [-123.4994, 40.8679], [-123.5006, 40.8672], [-123.4981, 40.8693], [-123.4985, 40.8707], [-123.4993, 40.8709], [-123.5002, 40.8748], [-123.502, 40.8756], [-123.5019, 40.8767], [-123.4994, 40.8792], [-123.5, 40.8795], [-123.4981, 40.8816], [-123.4948, 40.8841], [-123.4931, 40.8845], [-123.4931, 40.8856], [-123.4877, 40.8888], [-123.4844, 40.8887], [-123.4805, 40.8854], [-123.4791, 40.8857], [-123.4766, 40.8824], [-123.4758, 40.884], [-123.4769, 40.8855], [-123.4756, 40.8857], [-123.4756, 40.8882], [-123.4725, 40.8873], [-123.4724, 40.8855], [-123.4698, 40.8854], [-123.4646, 40.8821], [-123.4634, 40.8825], [-123.4619, 40.8812], [-123.4595, 40.8809], [-123.4593, 40.884], [-123.4564, 40.8847], [-123.4563, 40.8858], [-123.4593, 40.8878], [-123.4598, 40.8893], [-123.4558, 40.8901], [-123.4556, 40.8908], [-123.4539, 40.8897], [-123.4532, 40.8899], [-123.4525, 40.8925], [-123.4505, 40.8926], [-123.4498, 40.8933], [-123.4506, 40.8973], [-123.4487, 40.8995], [-123.447, 40.9001], [-123.4456, 40.9025], [-123.4448, 40.9022], [-123.4439, 40.9028], [-123.4435, 40.9022], [-123.4411, 40.9022], [-123.4402, 40.9015], [-123.4406, 40.8987], [-123.4396, 40.8991], [-123.438, 40.898], [-123.4364, 40.8961], [-123.4364, 40.8948], [-123.4359, 40.8952], [-123.4354, 40.8937], [-123.4343, 40.8934], [-123.4307, 40.8981], [-123.429, 40.8984], [-123.4296, 40.8992], [-123.4279, 40.8994], [-123.4255, 40.8976], [-123.4261, 40.8967], [-123.4234, 40.8956], [-123.4251, 40.8935], [-123.4294, 40.8927], [-123.4303, 40.8884], [-123.4286, 40.8881], [-123.4272, 40.8889], [-123.4262, 40.8884], [-123.4253, 40.8852], [-123.4232, 40.8858], [-123.4237, 40.8848], [-123.4231, 40.884], [-123.422, 40.8837], [-123.4207, 40.8851], [-123.4191, 40.8846], [-123.418, 40.8851], [-123.4168, 40.8814], [-123.4131, 40.8804], [-123.4115, 40.8809], [-123.4098, 40.8805], [-123.4069, 40.8815], [-123.4044, 40.8808], [-123.4027, 40.8815], [-123.4026, 40.8827], [-123.4013, 40.8834], [-123.3981, 40.8826], [-123.3956, 40.8809], [-123.3923, 40.8809], [-123.3913, 40.8797], [-123.391, 40.8754], [-123.3895, 40.8744], [-123.3867, 40.8634], [-123.385, 40.8619], [-123.3856, 40.8591], [-123.3846, 40.8583], [-123.385, 40.8555], [-123.3865, 40.8541], [-123.388, 40.8541], [-123.3896, 40.853], [-123.3946, 40.8524], [-123.3959, 40.8499], [-123.3972, 40.851], [-123.3984, 40.8538], [-123.4002, 40.8537], [-123.4011, 40.85], [-123.4025, 40.848], [-123.4082, 40.8498], [-123.4095, 40.8443], [-123.4088, 40.8429], [-123.4057, 40.8423], [-123.4011, 40.8426], [-123.4004, 40.8419], [-123.399, 40.8432], [-123.3977, 40.84], [-123.3964, 40.8393], [-123.3958, 40.8407], [-123.3945, 40.8401], [-123.3936, 40.8382], [-123.3954, 40.8371], [-123.3968, 40.8391], [-123.3974, 40.8383], [-123.3966, 40.8375], [-123.398, 40.8376], [-123.4005, 40.836], [-123.3993, 40.8357], [-123.3997, 40.8332], [-123.3979, 40.8345], [-123.3969, 40.834], [-123.395, 40.8348], [-123.3939, 40.8338], [-123.3932, 40.8349], [-123.3926, 40.8346], [-123.3929, 40.8336], [-123.3963, 40.833], [-123.3953, 40.8317], [-123.3959, 40.8305], [-123.3951, 40.8304], [-123.3952, 40.8291], [-123.3927, 40.8284], [-123.3924, 40.8269], [-123.3911, 40.8257], [-123.3882, 40.8266], [-123.3876, 40.8255], [-123.3852, 40.8246], [-123.3836, 40.8254], [-123.381, 40.8253], [-123.3798, 40.8284], [-123.3779, 40.8278], [-123.3771, 40.8264], [-123.3756, 40.8277], [-123.3766, 40.8293], [-123.3777, 40.8296], [-123.3734, 40.8302], [-123.373, 40.8296], [-123.3715, 40.8307], [-123.371, 40.8314], [-123.3725, 40.8329], [-123.3712, 40.8323], [-123.3707, 40.8339], [-123.3697, 40.8339], [-123.3702, 40.8347], [-123.3691, 40.8367], [-123.3675, 40.8341], [-123.3665, 40.8341], [-123.3658, 40.8354], [-123.3649, 40.8344], [-123.3631, 40.8349], [-123.3601, 40.8323], [-123.3588, 40.832], [-123.3591, 40.8329], [-123.3562, 40.8323], [-123.3566, 40.8303], [-123.3547, 40.8304], [-123.3554, 40.8292], [-123.3525, 40.8287], [-123.353, 40.8278], [-123.3508, 40.8276], [-123.3482, 40.8227], [-123.3476, 40.8233], [-123.3481, 40.8239], [-123.3457, 40.8237], [-123.3453, 40.8213], [-123.3444, 40.8206], [-123.3431, 40.8234], [-123.3419, 40.8201], [-123.3356, 40.818], [-123.3339, 40.8182], [-123.3321, 40.816], [-123.3282, 40.8172], [-123.3277, 40.8181], [-123.3308, 40.8197], [-123.3317, 40.8212], [-123.3341, 40.8215], [-123.3309, 40.8238], [-123.3279, 40.8244], [-123.3305, 40.8299], [-123.3321, 40.8305], [-123.3357, 40.83], [-123.3391, 40.8316], [-123.338, 40.8322], [-123.338, 40.8332], [-123.3392, 40.8339], [-123.3403, 40.8358], [-123.3414, 40.8362], [-123.34, 40.8369], [-123.3404, 40.8381], [-123.3468, 40.8378], [-123.3482, 40.8392], [-123.352, 40.839], [-123.3537, 40.8405], [-123.3491, 40.8416], [-123.3485, 40.8411], [-123.3461, 40.8431], [-123.3437, 40.8425], [-123.3406, 40.8442], [-123.3452, 40.8476], [-123.3442, 40.8493], [-123.3442, 40.8506], [-123.345, 40.851], [-123.3445, 40.8517], [-123.3413, 40.8505], [-123.3408, 40.8512], [-123.3393, 40.8503], [-123.3356, 40.8505], [-123.3354, 40.8511], [-123.3319, 40.85], [-123.3272, 40.8508], [-123.325, 40.8523], [-123.326, 40.8543], [-123.3253, 40.8558], [-123.3271, 40.8565], [-123.3265, 40.8575], [-123.3276, 40.8588], [-123.3248, 40.8578], [-123.324, 40.8581], [-123.3257, 40.8589], [-123.3263, 40.8604], [-123.3258, 40.8605], [-123.3275, 40.8621], [-123.3269, 40.8628], [-123.3257, 40.8626], [-123.3257, 40.8634], [-123.3241, 40.864], [-123.3227, 40.8634], [-123.3207, 40.8638], [-123.3212, 40.8647], [-123.3209, 40.8652], [-123.3199, 40.8649], [-123.3202, 40.8667], [-123.3176, 40.868], [-123.3155, 40.8715], [-123.3154, 40.8733], [-123.3163, 40.875], [-123.3197, 40.876], [-123.3198, 40.8767], [-123.32, 40.876], [-123.3205, 40.8761], [-123.3201, 40.8767], [-123.3212, 40.8772], [-123.3215, 40.8784], [-123.3195, 40.8786], [-123.3231, 40.879], [-123.3224, 40.8801], [-123.3237, 40.8795], [-123.3244, 40.8783], [-123.3263, 40.879], [-123.3251, 40.8808], [-123.3261, 40.8815], [-123.3256, 40.8822], [-123.3226, 40.8818], [-123.3231, 40.8812], [-123.3224, 40.8808], [-123.3213, 40.8812], [-123.3208, 40.8856], [-123.3188, 40.8881], [-123.3177, 40.8879], [-123.3178, 40.8868], [-123.3171, 40.8864], [-123.317, 40.8873], [-123.3104, 40.8876], [-123.3107, 40.8888], [-123.3082, 40.8877], [-123.3038, 40.8889], [-123.3039, 40.8873], [-123.3048, 40.8883], [-123.3059, 40.8877], [-123.3032, 40.8865], [-123.301, 40.8874], [-123.2984, 40.8864], [-123.2971, 40.8874], [-123.2964, 40.8869], [-123.2954, 40.8884], [-123.2933, 40.8885], [-123.2923, 40.8908], [-123.2906, 40.8911], [-123.2898, 40.8923], [-123.289, 40.8918], [-123.2878, 40.8932], [-123.2866, 40.8902], [-123.2849, 40.8907], [-123.2814, 40.8903], [-123.2801, 40.8906], [-123.2802, 40.8925], [-123.279, 40.8923], [-123.2782, 40.893], [-123.2779, 40.8936], [-123.2792, 40.8935], [-123.279, 40.8939], [-123.2778, 40.8938], [-123.2782, 40.8951], [-123.2767, 40.896], [-123.2752, 40.8953], [-123.2758, 40.8964], [-123.2743, 40.8984], [-123.2752, 40.899], [-123.275, 40.9006], [-123.2763, 40.9015], [-123.2757, 40.905], [-123.2782, 40.9075], [-123.2793, 40.9076], [-123.2787, 40.909], [-123.2807, 40.9131], [-123.275, 40.9157], [-123.2752, 40.9134], [-123.2738, 40.9088], [-123.2723, 40.908], [-123.2695, 40.9044], [-123.2676, 40.906], [-123.2665, 40.9044], [-123.2636, 40.9042], [-123.2646, 40.9032], [-123.2608, 40.9033], [-123.2595, 40.9023], [-123.2582, 40.9029], [-123.2583, 40.906], [-123.2563, 40.9066], [-123.253, 40.9063], [-123.2524, 40.9027], [-123.2515, 40.9018], [-123.2499, 40.9018], [-123.248, 40.9001], [-123.2455, 40.9002], [-123.2424, 40.899], [-123.2428, 40.8984], [-123.2463, 40.8992], [-123.2425, 40.8929], [-123.2418, 40.8904], [-123.2423, 40.8859], [-123.2379, 40.885], [-123.2404, 40.8866], [-123.2391, 40.888], [-123.2389, 40.8873], [-123.2373, 40.8878], [-123.2358, 40.8871], [-123.2336, 40.8852], [-123.2342, 40.8839], [-123.2312, 40.8851], [-123.2303, 40.8837], [-123.2314, 40.883], [-123.2319, 40.8811], [-123.2308, 40.8811], [-123.2295, 40.8793], [-123.2287, 40.8804], [-123.2272, 40.8793], [-123.2246, 40.8799], [-123.225, 40.8793], [-123.2241, 40.8793], [-123.2226, 40.8812], [-123.218, 40.8814], [-123.2158, 40.8827], [-123.2153, 40.8818], [-123.2142, 40.8818], [-123.2145, 40.88], [-123.2118, 40.8775], [-123.2091, 40.8774], [-123.2094, 40.8781], [-123.2083, 40.8796], [-123.2109, 40.8806], [-123.2117, 40.8822], [-123.2106, 40.8823], [-123.2084, 40.8806], [-123.2074, 40.8807], [-123.2082, 40.883], [-123.2067, 40.885], [-123.2066, 40.8877], [-123.2055, 40.8879], [-123.2049, 40.8864], [-123.2037, 40.8866], [-123.202, 40.8881], [-123.195, 40.8903], [-123.1975, 40.8913], [-123.1986, 40.8908], [-123.1997, 40.8917], [-123.2015, 40.892], [-123.2015, 40.894], [-123.2034, 40.8941], [-123.2049, 40.8961], [-123.2033, 40.8974], [-123.2047, 40.8982], [-123.2057, 40.897], [-123.207, 40.8981], [-123.2068, 40.8987], [-123.202, 40.8997], [-123.202, 40.9004], [-123.2043, 40.9012], [-123.2007, 40.9032], [-123.1994, 40.9032], [-123.2001, 40.9023], [-123.1988, 40.9014], [-123.1983, 40.9022], [-123.1946, 40.9023], [-123.1935, 40.9031], [-123.1909, 40.9028], [-123.1898, 40.9018], [-123.1912, 40.8999], [-123.1898, 40.8991], [-123.1888, 40.8995], [-123.188, 40.8987], [-123.1841, 40.9008], [-123.1845, 40.9014], [-123.1835, 40.9011], [-123.1823, 40.902], [-123.1822, 40.9013], [-123.1805, 40.9005], [-123.1771, 40.9011], [-123.1746, 40.9], [-123.175, 40.8986], [-123.173, 40.8982], [-123.1716, 40.8988], [-123.1747, 40.8968], [-123.1766, 40.8969], [-123.1763, 40.898], [-123.1781, 40.8974], [-123.1793, 40.8963], [-123.1781, 40.8957], [-123.1781, 40.8949], [-123.1816, 40.8939], [-123.1792, 40.8929], [-123.1767, 40.8933], [-123.1777, 40.8916], [-123.1759, 40.8898], [-123.1727, 40.8901], [-123.1732, 40.8878], [-123.1717, 40.8879], [-123.17, 40.8854], [-123.1689, 40.8856], [-123.1696, 40.8837], [-123.1665, 40.8828], [-123.1677, 40.8825], [-123.1663, 40.8805], [-123.1682, 40.8793], [-123.1671, 40.878], [-123.1677, 40.8769], [-123.1697, 40.8771], [-123.1695, 40.8763], [-123.171, 40.8768], [-123.1711, 40.8776], [-123.1722, 40.8772], [-123.1728, 40.878], [-123.1739, 40.8776], [-123.1749, 40.8782], [-123.1776, 40.8766], [-123.1794, 40.8764], [-123.181, 40.8772], [-123.1846, 40.8775], [-123.1853, 40.8755], [-123.1807, 40.8743], [-123.1785, 40.8725], [-123.177, 40.8728], [-123.1754, 40.8722], [-123.1759, 40.8712], [-123.1752, 40.8708], [-123.1681, 40.8713], [-123.1673, 40.8688], [-123.1655, 40.8688], [-123.1641, 40.8662], [-123.1651, 40.866], [-123.1666, 40.8669], [-123.1675, 40.8653], [-123.1627, 40.8647], [-123.1601, 40.8637], [-123.1596, 40.8651], [-123.1613, 40.866], [-123.1612, 40.8675], [-123.162, 40.8672], [-123.1627, 40.8679], [-123.1616, 40.868], [-123.1621, 40.8689], [-123.1612, 40.8699], [-123.16, 40.8695], [-123.1602, 40.8702], [-123.1551, 40.8705], [-123.1548, 40.8711], [-123.1559, 40.8715], [-123.1551, 40.8724], [-123.154, 40.8726], [-123.1499, 40.8718], [-123.1496, 40.8725], [-123.147, 40.8714], [-123.1479, 40.8708], [-123.1474, 40.8698], [-123.1494, 40.8687], [-123.1465, 40.8646], [-123.1472, 40.8615], [-123.1463, 40.8617], [-123.1453, 40.861], [-123.1463, 40.8584], [-123.1473, 40.8582], [-123.1474, 40.8565], [-123.1432, 40.8581], [-123.1388, 40.8582], [-123.1375, 40.8572], [-123.1397, 40.8578], [-123.1402, 40.8575], [-123.1386, 40.8565], [-123.14, 40.8558], [-123.1374, 40.8539], [-123.1373, 40.8524], [-123.1358, 40.8512], [-123.1357, 40.8503], [-123.136, 40.8508], [-123.1371, 40.8505], [-123.1369, 40.8499], [-123.1351, 40.8502], [-123.1365, 40.8525], [-123.1334, 40.8524], [-123.1321, 40.8533], [-123.1311, 40.8526], [-123.1302, 40.853], [-123.131, 40.8525], [-123.1291, 40.8518], [-123.1292, 40.8499], [-123.1283, 40.8487], [-123.1274, 40.8491], [-123.128, 40.8473], [-123.1262, 40.8454], [-123.1254, 40.8433], [-123.1267, 40.8401], [-123.1276, 40.8395], [-123.1284, 40.8399], [-123.1293, 40.8388], [-123.1288, 40.8371], [-123.1299, 40.8348], [-123.1281, 40.8349], [-123.1281, 40.8327], [-123.1302, 40.8311], [-123.1303, 40.8305], [-123.1291, 40.8303], [-123.1294, 40.8296], [-123.1329, 40.8284], [-123.1342, 40.83], [-123.1379, 40.8298], [-123.1387, 40.8278], [-123.1397, 40.8279], [-123.1403, 40.827], [-123.1409, 40.8249], [-123.1434, 40.8248], [-123.1473, 40.8272], [-123.1477, 40.8258], [-123.1502, 40.8246], [-123.1507, 40.825], [-123.1511, 40.8237], [-123.1523, 40.8238], [-123.1552, 40.8206], [-123.1539, 40.8185], [-123.1554, 40.8147], [-123.1551, 40.8121], [-123.1528, 40.8111], [-123.1527, 40.8085], [-123.1515, 40.8081], [-123.1516, 40.8046], [-123.1523, 40.8047], [-123.1526, 40.8038], [-123.1472, 40.8028], [-123.1445, 40.8005], [-123.145, 40.7979], [-123.1473, 40.7979], [-123.1491, 40.796], [-123.1468, 40.7956], [-123.1454, 40.796], [-123.1401, 40.7916], [-123.1374, 40.7913], [-123.1341, 40.7883], [-123.1356, 40.7869], [-123.1354, 40.7859], [-123.1323, 40.7849], [-123.1327, 40.7845], [-123.1294, 40.782], [-123.1321, 40.7768], [-123.1288, 40.7732], [-123.1287, 40.7689], [-123.1294, 40.7677], [-123.1262, 40.7683], [-123.1264, 40.7699], [-123.1258, 40.7701], [-123.1179, 40.7658], [-123.1114, 40.7662], [-123.1076, 40.7649], [-123.1069, 40.763], [-123.1078, 40.76], [-123.1067, 40.7574], [-123.1072, 40.7557], [-123.1081, 40.7551], [-123.1028, 40.7521], [-123.1007, 40.7529], [-123.098, 40.7522], [-123.0958, 40.7509], [-123.0938, 40.7486], [-123.0894, 40.7475], [-123.0861, 40.7494], [-123.0841, 40.7492], [-123.0824, 40.7452], [-123.0755, 40.7444], [-123.076, 40.7437], [-123.0741, 40.7416], [-123.07, 40.7385], [-123.0695, 40.7369], [-123.0673, 40.736], [-123.0666, 40.7333], [-123.0628, 40.7332], [-123.0591, 40.7353], [-123.0557, 40.7355], [-123.0536, 40.7349], [-123.053, 40.7333], [-123.0541, 40.7321], [-123.0541, 40.7297], [-123.0547, 40.7298], [-123.0558, 40.7262], [-123.0554, 40.7245], [-123.0564, 40.7234], [-123.0522, 40.7208], [-123.0509, 40.7181], [-123.0532, 40.716], [-123.0547, 40.7161], [-123.0533, 40.7147], [-123.0485, 40.714], [-123.0517, 40.7118], [-123.0498, 40.7117], [-123.0498, 40.7107], [-123.0518, 40.7099], [-123.051, 40.7083], [-123.0493, 40.7091], [-123.0497, 40.7077], [-123.0519, 40.7067], [-123.0493, 40.7057], [-123.049, 40.7046], [-123.0497, 40.7044], [-123.0476, 40.7019], [-123.0469, 40.7021], [-123.0462, 40.7], [-123.0469, 40.6982], [-123.0442, 40.6938], [-123.0435, 40.6936], [-123.0431, 40.6947], [-123.0382, 40.6921], [-123.0396, 40.6915], [-123.0345, 40.6899], [-123.0344, 40.6882], [-123.0322, 40.6868], [-123.033, 40.6857], [-123.032, 40.6855], [-123.0317, 40.6846], [-123.0311, 40.6814], [-123.0317, 40.6785], [-123.035, 40.6758], [-123.0359, 40.6731], [-123.0339, 40.6705], [-123.0346, 40.6695], [-123.0335, 40.6692], [-123.0343, 40.6678], [-123.0339, 40.6668], [-123.0317, 40.6651], [-123.0316, 40.6644], [-123.0341, 40.6641], [-123.0343, 40.6635], [-123.0323, 40.6618], [-123.0319, 40.6604], [-123.0364, 40.6577], [-123.0352, 40.657], [-123.0349, 40.6555], [-123.0315, 40.6561], [-123.0311, 40.6535], [-123.0293, 40.6522], [-123.0274, 40.6536], [-123.0294, 40.6513], [-123.0279, 40.6502], [-123.0282, 40.6478], [-123.0261, 40.6482], [-123.0243, 40.65], [-123.024, 40.6488], [-123.0226, 40.6489], [-123.0226, 40.6479], [-123.0213, 40.6475], [-123.021, 40.6463], [-123.0218, 40.6458], [-123.0212, 40.6451], [-123.0221, 40.6425], [-123.0268, 40.6423], [-123.0267, 40.6417], [-123.0243, 40.6412], [-123.0244, 40.6406], [-123.0267, 40.641], [-123.0312, 40.6381], [-123.0328, 40.6379], [-123.0344, 40.6359], [-123.0357, 40.6363], [-123.0451, 40.6319], [-123.0439, 40.6302], [-123.0412, 40.6284], [-123.0434, 40.6287], [-123.0468, 40.6263], [-123.0463, 40.6256], [-123.0478, 40.6251], [-123.0463, 40.6236], [-123.0477, 40.6223], [-123.0442, 40.621], [-123.0428, 40.6189], [-123.0446, 40.6166], [-123.0452, 40.6137], [-123.0442, 40.6137], [-123.0438, 40.6125], [-123.0451, 40.6111], [-123.0457, 40.609], [-123.0446, 40.6079], [-123.0456, 40.6073], [-123.0461, 40.6079], [-123.0488, 40.6076], [-123.0488, 40.6093], [-123.054, 40.6106], [-123.0541, 40.6117], [-123.0556, 40.6108], [-123.0598, 40.6119], [-123.0611, 40.6114], [-123.0654, 40.6134], [-123.0652, 40.6171], [-123.0676, 40.6199], [-123.0676, 40.6211], [-123.0695, 40.6227], [-123.0705, 40.6222], [-123.0716, 40.6231], [-123.0727, 40.6222], [-123.0738, 40.6223], [-123.0754, 40.6254], [-123.0771, 40.6257], [-123.0789, 40.6272], [-123.0793, 40.626], [-123.0813, 40.6263], [-123.0804, 40.6274], [-123.0811, 40.6275], [-123.0837, 40.6252], [-123.0865, 40.625], [-123.0861, 40.6227], [-123.0865, 40.6232], [-123.0882, 40.6225], [-123.0915, 40.6145], [-123.0882, 40.6108], [-123.0842, 40.6107], [-123.084, 40.6089], [-123.0826, 40.6072], [-123.0838, 40.6066], [-123.0817, 40.6059], [-123.0802, 40.604], [-123.0808, 40.6036], [-123.0803, 40.6019], [-123.0786, 40.6014], [-123.079, 40.6002], [-123.0827, 40.6], [-123.0844, 40.5959], [-123.0851, 40.5961], [-123.0847, 40.5972], [-123.0859, 40.5969], [-123.087, 40.5976], [-123.0894, 40.5962], [-123.0932, 40.5981], [-123.0952, 40.5972], [-123.0967, 40.5974], [-123.0973, 40.5995], [-123.0985, 40.5991], [-123.1033, 40.5998], [-123.1061, 40.6012], [-123.107, 40.601], [-123.1067, 40.5995], [-123.1084, 40.5981], [-123.1092, 40.601], [-123.1103, 40.6015], [-123.1127, 40.6009], [-123.1123, 40.6017], [-123.1131, 40.6023], [-123.1122, 40.6026], [-123.1123, 40.6037], [-123.1134, 40.6048], [-123.1156, 40.605], [-123.1173, 40.6089], [-123.1205, 40.606], [-123.12, 40.6034], [-123.1235, 40.6037], [-123.1243, 40.6007], [-123.1295, 40.5988], [-123.1284, 40.5968], [-123.1295, 40.5944], [-123.1327, 40.5939], [-123.1348, 40.5926], [-123.1375, 40.592], [-123.1445, 40.5934], [-123.1482, 40.5917], [-123.15, 40.5935], [-123.1516, 40.5922], [-123.1523, 40.5861], [-123.1549, 40.5864], [-123.156, 40.5844], [-123.1574, 40.5846], [-123.1636, 40.5823], [-123.1683, 40.5843], [-123.1721, 40.5846], [-123.1711, 40.5877], [-123.1714, 40.59], [-123.172, 40.5898], [-123.172, 40.5874], [-123.1742, 40.5873], [-123.1768, 40.5859], [-123.1799, 40.5859], [-123.1819, 40.5847], [-123.1854, 40.5853], [-123.1879, 40.5848], [-123.1876, 40.5857], [-123.1893, 40.5862], [-123.1896, 40.5897], [-123.1926, 40.5898], [-123.1933, 40.589], [-123.1951, 40.5896], [-123.196, 40.5803], [-123.1927, 40.58], [-123.1899, 40.5782], [-123.1919, 40.5765], [-123.1963, 40.5772], [-123.197, 40.5755], [-123.1958, 40.5753], [-123.1941, 40.5762], [-123.1945, 40.5752], [-123.1924, 40.5736], [-123.1935, 40.5724], [-123.1919, 40.5719], [-123.1942, 40.5709], [-123.1941, 40.5697], [-123.1982, 40.5699], [-123.1991, 40.5693], [-123.2007, 40.5706], [-123.2018, 40.5699], [-123.2006, 40.5689], [-123.2007, 40.5681], [-123.2023, 40.5673], [-123.2044, 40.5672], [-123.2056, 40.5682], [-123.2065, 40.568], [-123.207, 40.569], [-123.2111, 40.568], [-123.2122, 40.5684], [-123.2128, 40.5654], [-123.2142, 40.5647], [-123.2156, 40.5651], [-123.2203, 40.5608], [-123.2215, 40.5607], [-123.2214, 40.5617], [-123.2226, 40.5618], [-123.2219, 40.5611], [-123.2229, 40.5606], [-123.2222, 40.5607], [-123.2222, 40.5599], [-123.2229, 40.5596], [-123.2235, 40.5605], [-123.2244, 40.5591], [-123.2263, 40.5586], [-123.2292, 40.5592], [-123.229, 40.5603], [-123.2313, 40.5607], [-123.2322, 40.562], [-123.2324, 40.563], [-123.2306, 40.5634], [-123.2293, 40.5658], [-123.2305, 40.5692], [-123.2334, 40.5694], [-123.2341, 40.5732], [-123.2357, 40.5719], [-123.2365, 40.5735], [-123.2368, 40.5721], [-123.2379, 40.5733], [-123.2426, 40.575], [-123.2442, 40.5763], [-123.2481, 40.5771], [-123.2484, 40.5764], [-123.2472, 40.5758], [-123.2394, 40.5736], [-123.2394, 40.5686], [-123.237, 40.5685], [-123.2383, 40.5671], [-123.2377, 40.5658], [-123.2387, 40.5652], [-123.238, 40.5653], [-123.2387, 40.5635], [-123.2398, 40.5631], [-123.2397, 40.5618], [-123.2416, 40.5623], [-123.2418, 40.5612], [-123.2432, 40.5617], [-123.2423, 40.5574], [-123.2398, 40.5554], [-123.2377, 40.5564], [-123.2348, 40.5564], [-123.2328, 40.5553], [-123.233, 40.5544], [-123.2313, 40.5525], [-123.2325, 40.5507], [-123.2325, 40.5483], [-123.234, 40.5471], [-123.2351, 40.5446], [-123.2342, 40.5443], [-123.2333, 40.5416], [-123.2339, 40.5395], [-123.236, 40.5379], [-123.2358, 40.5358], [-123.2345, 40.5349], [-123.2376, 40.5341], [-123.2368, 40.5323], [-123.2326, 40.5293], [-123.2317, 40.5267], [-123.2352, 40.5253], [-123.2344, 40.5244], [-123.2356, 40.5233], [-123.2348, 40.522], [-123.2368, 40.5208], [-123.2394, 40.5212], [-123.2391, 40.5222], [-123.2415, 40.5223], [-123.2411, 40.5238], [-123.2455, 40.5237], [-123.247, 40.5251], [-123.2478, 40.5247], [-123.249, 40.5255], [-123.2532, 40.5248], [-123.2553, 40.523], [-123.2562, 40.5231], [-123.2565, 40.5251], [-123.2612, 40.5259], [-123.259, 40.5277], [-123.2598, 40.5295], [-123.263, 40.5306], [-123.2661, 40.5305], [-123.2689, 40.5313], [-123.2684, 40.533], [-123.2705, 40.5347], [-123.2733, 40.535], [-123.2735, 40.5369], [-123.2808, 40.5374], [-123.2804, 40.5388], [-123.2823, 40.5409], [-123.2906, 40.5465], [-123.2899, 40.5471], [-123.2885, 40.5466], [-123.2891, 40.548], [-123.2851, 40.55], [-123.2861, 40.5541], [-123.2874, 40.5547], [-123.2872, 40.5553], [-123.2924, 40.5573], [-123.2929, 40.5589], [-123.2943, 40.5586], [-123.2942, 40.5597], [-123.2971, 40.5604], [-123.2985, 40.5617], [-123.2989, 40.5606], [-123.2979, 40.56], [-123.2985, 40.5601], [-123.2995, 40.561], [-123.301, 40.5655], [-123.3023, 40.5664], [-123.3027, 40.5659], [-123.3038, 40.5661], [-123.3039, 40.5668], [-123.3055, 40.5665], [-123.3047, 40.5679], [-123.3061, 40.5694], [-123.3077, 40.568], [-123.3066, 40.5662], [-123.3089, 40.5676], [-123.3096, 40.5699], [-123.3109, 40.569], [-123.3152, 40.5693], [-123.3206, 40.5733], [-123.3233, 40.5714], [-123.3234, 40.5687], [-123.3265, 40.5715], [-123.3329, 40.5715], [-123.339, 40.5739], [-123.3407, 40.5738], [-123.345, 40.5762], [-123.3465, 40.5783], [-123.3496, 40.5791], [-123.35, 40.582], [-123.3489, 40.5836], [-123.3504, 40.5867], [-123.3504, 40.5895], [-123.3523, 40.5904], [-123.353, 40.5918], [-123.3489, 40.593], [-123.3476, 40.5924], [-123.3462, 40.5946], [-123.3431, 40.5945], [-123.3418, 40.5956], [-123.3428, 40.6015], [-123.3451, 40.6058], [-123.3449, 40.6086], [-123.3462, 40.6098], [-123.3453, 40.6145], [-123.344, 40.6169], [-123.3429, 40.617], [-123.3416, 40.6167], [-123.3411, 40.6146], [-123.34, 40.6142], [-123.3392, 40.6148], [-123.3392, 40.6174], [-123.3382, 40.6183], [-123.3335, 40.6193], [-123.3319, 40.6203], [-123.3277, 40.6209], [-123.3271, 40.6217], [-123.3252, 40.6213], [-123.324, 40.6228], [-123.3201, 40.6232], [-123.3187, 40.6249], [-123.3177, 40.6248], [-123.3191, 40.6261], [-123.3233, 40.6257], [-123.3257, 40.6277], [-123.3258, 40.6283], [-123.3239, 40.629], [-123.3219, 40.6315], [-123.3204, 40.6321]], [[-123.2783, 40.8937], [-123.2783, 40.8937], [-123.2783, 40.8937], [-123.2783, 40.8937]], [[-123.3203, 40.6319], [-123.3203, 40.6319], [-123.3203, 40.6319], [-123.3203, 40.6319]], [[-123.0978, 40.6448], [-123.096, 40.6413], [-123.1003, 40.641], [-123.1009, 40.6385], [-123.103, 40.6373], [-123.1029, 40.6363], [-123.1017, 40.6368], [-123.1003, 40.6348], [-123.1021, 40.6339], [-123.1016, 40.6318], [-123.1036, 40.6261], [-123.1059, 40.6266], [-123.1053, 40.6247], [-123.1078, 40.6227], [-123.1077, 40.6214], [-123.1085, 40.6208], [-123.1078, 40.62], [-123.11, 40.6194], [-123.1112, 40.6182], [-123.1105, 40.6177], [-123.1111, 40.6167], [-123.1094, 40.6155], [-123.1099, 40.6144], [-123.1092, 40.6141], [-123.1103, 40.6134], [-123.1108, 40.6141], [-123.1129, 40.6135], [-123.1125, 40.6111], [-123.1116, 40.6108], [-123.1097, 40.6111], [-123.1093, 40.6119], [-123.107, 40.6116], [-123.103, 40.6129], [-123.1033, 40.6089], [-123.1048, 40.6076], [-123.1041, 40.6061], [-123.1016, 40.6064], [-123.102, 40.6083], [-123.1001, 40.6097], [-123.1011, 40.6102], [-123.1005, 40.6108], [-123.0965, 40.6112], [-123.0958, 40.6103], [-123.094, 40.6114], [-123.0952, 40.6121], [-123.0948, 40.6143], [-123.0958, 40.6156], [-123.0934, 40.6155], [-123.0912, 40.617], [-123.0906, 40.6183], [-123.0912, 40.6191], [-123.089, 40.6218], [-123.0901, 40.6224], [-123.0892, 40.6231], [-123.0896, 40.6255], [-123.0913, 40.6252], [-123.0911, 40.6265], [-123.0895, 40.6259], [-123.0885, 40.628], [-123.0885, 40.6286], [-123.0895, 40.6286], [-123.0896, 40.6292], [-123.0887, 40.6293], [-123.0893, 40.6313], [-123.0903, 40.6315], [-123.0911, 40.6329], [-123.0937, 40.6338], [-123.0943, 40.6334], [-123.0952, 40.6343], [-123.0969, 40.6336], [-123.098, 40.6346], [-123.0983, 40.6338], [-123.0999, 40.6334], [-123.0996, 40.6352], [-123.1015, 40.6368], [-123.1005, 40.6371], [-123.0997, 40.6363], [-123.0992, 40.6371], [-123.0977, 40.6372], [-123.0961, 40.6361], [-123.0956, 40.6377], [-123.0937, 40.6378], [-123.0924, 40.6423], [-123.0943, 40.6431], [-123.0939, 40.6443], [-123.0978, 40.6448]], [[-123.2695, 40.7433], [-123.2677, 40.7421], [-123.2675, 40.7402], [-123.2725, 40.7393], [-123.2735, 40.7381], [-123.2732, 40.7371], [-123.2728, 40.7367], [-123.2703, 40.7371], [-123.2688, 40.7365], [-123.2682, 40.7335], [-123.2656, 40.7352], [-123.2637, 40.7353], [-123.2619, 40.7332], [-123.2636, 40.7329], [-123.263, 40.7323], [-123.2596, 40.7329], [-123.2586, 40.7267], [-123.2565, 40.7316], [-123.255, 40.7318], [-123.2537, 40.733], [-123.2545, 40.7344], [-123.2541, 40.7361], [-123.2535, 40.7358], [-123.2498, 40.7379], [-123.247, 40.7374], [-123.2458, 40.7378], [-123.2466, 40.7361], [-123.2456, 40.736], [-123.243, 40.7373], [-123.2436, 40.7381], [-123.2428, 40.7388], [-123.2379, 40.7377], [-123.2378, 40.7367], [-123.2363, 40.7376], [-123.2382, 40.7387], [-123.2419, 40.7391], [-123.2428, 40.7402], [-123.2451, 40.7391], [-123.2514, 40.7409], [-123.2526, 40.7403], [-123.2534, 40.7418], [-123.261, 40.7417], [-123.2629, 40.7429], [-123.2653, 40.743], [-123.2677, 40.7443], [-123.2679, 40.7451], [-123.2695, 40.7433]], [[-123.3065, 40.7868], [-123.3092, 40.7799], [-123.3146, 40.7775], [-123.3108, 40.7769], [-123.3096, 40.7779], [-123.3087, 40.7776], [-123.3091, 40.777], [-123.308, 40.7768], [-123.3075, 40.7783], [-123.3094, 40.7797], [-123.3078, 40.7793], [-123.3084, 40.7798], [-123.3074, 40.7804], [-123.3077, 40.7823], [-123.3062, 40.7836], [-123.3069, 40.7844], [-123.3059, 40.7855], [-123.3065, 40.7868]], [[-123.3548, 40.8042], [-123.3554, 40.8056], [-123.3564, 40.8051], [-123.358, 40.8054], [-123.356, 40.802], [-123.3572, 40.7998], [-123.3561, 40.7984], [-123.3567, 40.7978], [-123.3558, 40.7956], [-123.3569, 40.7931], [-123.3598, 40.7928], [-123.364, 40.7948], [-123.3672, 40.7953], [-123.3713, 40.7926], [-123.3769, 40.7945], [-123.3768, 40.7951], [-123.386, 40.7997], [-123.3902, 40.8008], [-123.3933, 40.8001], [-123.397, 40.7978], [-123.3942, 40.7983], [-123.392, 40.7953], [-123.3916, 40.7986], [-123.3897, 40.7974], [-123.3891, 40.7979], [-123.3839, 40.797], [-123.3826, 40.7948], [-123.3799, 40.795], [-123.3779, 40.7913], [-123.3795, 40.7905], [-123.3784, 40.7898], [-123.3786, 40.7885], [-123.3792, 40.7885], [-123.3785, 40.7868], [-123.3776, 40.7883], [-123.3764, 40.7888], [-123.3772, 40.7899], [-123.3768, 40.7908], [-123.375, 40.7922], [-123.3735, 40.7909], [-123.3714, 40.7904], [-123.3718, 40.7884], [-123.3694, 40.7864], [-123.3679, 40.7859], [-123.3653, 40.7862], [-123.3646, 40.7874], [-123.3651, 40.7905], [-123.3663, 40.7917], [-123.3684, 40.792], [-123.369, 40.7935], [-123.3672, 40.7945], [-123.364, 40.7938], [-123.3616, 40.792], [-123.3545, 40.7923], [-123.3529, 40.7915], [-123.3527, 40.7905], [-123.3511, 40.79], [-123.3499, 40.791], [-123.3487, 40.7894], [-123.3488, 40.7876], [-123.352, 40.784], [-123.3506, 40.7823], [-123.3479, 40.7817], [-123.3462, 40.78], [-123.3429, 40.7823], [-123.3387, 40.7837], [-123.3366, 40.783], [-123.3355, 40.7808], [-123.3401, 40.7767], [-123.3397, 40.7746], [-123.3379, 40.7718], [-123.3362, 40.7716], [-123.3345, 40.7733], [-123.3303, 40.7719], [-123.3299, 40.7726], [-123.3265, 40.7733], [-123.3246, 40.7748], [-123.3249, 40.7757], [-123.3298, 40.7738], [-123.3319, 40.7742], [-123.3327, 40.7766], [-123.3318, 40.7789], [-123.3345, 40.7825], [-123.3344, 40.7837], [-123.3364, 40.7855], [-123.3393, 40.7848], [-123.3406, 40.7864], [-123.3421, 40.7863], [-123.3467, 40.7831], [-123.3489, 40.7827], [-123.3495, 40.7831], [-123.3496, 40.7848], [-123.3467, 40.7846], [-123.3443, 40.7868], [-123.3473, 40.7879], [-123.3479, 40.7875], [-123.3481, 40.7889], [-123.347, 40.7899], [-123.3517, 40.795], [-123.3513, 40.7965], [-123.3522, 40.7977], [-123.3543, 40.7965], [-123.3545, 40.7941], [-123.3556, 40.7945], [-123.3533, 40.7995], [-123.3507, 40.799], [-123.3484, 40.7998], [-123.3484, 40.7986], [-123.3472, 40.7987], [-123.3475, 40.7978], [-123.3451, 40.7988], [-123.345, 40.8004], [-123.3476, 40.8007], [-123.3475, 40.8027], [-123.3493, 40.804], [-123.3517, 40.8044], [-123.3527, 40.8058], [-123.3536, 40.8041], [-123.3548, 40.8042]]], [[[-123.1942, 40.905], [-123.195, 40.9053], [-123.1949, 40.9044], [-123.1968, 40.9036], [-123.1952, 40.9056], [-123.1942, 40.905]]], [[[-123.198, 40.9052], [-123.1973, 40.9054], [-123.1964, 40.9066], [-123.1965, 40.9055], [-123.198, 40.9052]]]]}, "properties": {"layer": "perimeter"}}, {"type": "Feature", "geometry": {"type": "MultiPolygon", "coordinates": [[[[-123.4689, 40.7381], [-123.4676, 40.7377], [-123.4678, 40.7367], [-123.4685, 40.7367], [-123.4689, 40.7381]]], [[[-123.1931, 40.5848], [-123.1927, 40.585], [-123.1923, 40.5845], [-123.1931, 40.5848]]], [[[-123.0747, 40.6038], [-123.0745, 40.6036], [-123.0751, 40.6037], [-123.0747, 40.6038]]], [[[-123.3196, 40.634], [-123.3196, 40.6347], [-123.3224, 40.6364], [-123.3179, 40.6366], [-123.3179, 40.6357], [-123.3135, 40.6359], [-123.3135, 40.6333], [-123.3179, 40.6331], [-123.3179, 40.634], [-123.3196, 40.634]]], [[[-123.3361, 40.7065], [-123.3409, 40.7064], [-123.3423, 40.7055], [-123.3504, 40.7051], [-123.3502, 40.7074], [-123.3454, 40.7073], [-123.3451, 40.7109], [-123.3404, 40.7108], [-123.3407, 40.7072], [-123.336, 40.7072], [-123.3361, 40.7065]]], [[[-123.3842, 40.7063], [-123.3888, 40.7067], [-123.3878, 40.7053], [-123.3933, 40.7076], [-123.3842, 40.7075], [-123.3842, 40.7063]]], [[[-123.4649, 40.7408], [-123.466, 40.7402], [-123.4674, 40.7414], [-123.4699, 40.741], [-123.4707, 40.7437], [-123.4804, 40.7439], [-123.4802, 40.7588], [-123.4704, 40.7589], [-123.4707, 40.7438], [-123.4658, 40.7437], [-123.4649, 40.7408]]], [[[-123.472, 40.8023], [-123.472, 40.8034], [-123.4703, 40.8044], [-123.4703, 40.8023], [-123.472, 40.8023]]], [[[-123.4703, 40.8058], [-123.471, 40.8048], [-123.4708, 40.8058], [-123.4703, 40.8058]]], [[[-123.45, 40.7893], [-123.4433, 40.7895], [-123.4432, 40.7903], [-123.4403, 40.7903], [-123.4403, 40.7894], [-123.4415, 40.7894], [-123.4415, 40.7885], [-123.4452, 40.7885], [-123.4451, 40.7876], [-123.4499, 40.7876], [-123.45, 40.7893]]], [[[-123.4701, 40.8109], [-123.4701, 40.811], [-123.4701, 40.8109], [-123.4701, 40.8109]]], [[[-123.4701, 40.8131], [-123.4701, 40.8131], [-123.4701, 40.8131], [-123.4701, 40.8131]]], [[[-123.4985, 40.868], [-123.4994, 40.8679], [-123.5004, 40.8675], [-123.4982, 40.8692], [-123.4985, 40.868]]], [[[-123.4982, 40.8696], [-123.4985, 40.8707], [-123.4993, 40.8711], [-123.4982, 40.8711], [-123.4982, 40.8696]]], [[[-123.4396, 40.8991], [-123.4369, 40.8967], [-123.4364, 40.8948], [-123.4359, 40.8952], [-123.4354, 40.8937], [-123.4343, 40.8934], [-123.4307, 40.8981], [-123.4302, 40.8984], [-123.429, 40.8984], [-123.4296, 40.8992], [-123.4279, 40.8994], [-123.426, 40.8982], [-123.4302, 40.8983], [-123.4302, 40.893], [-123.4373, 40.8929], [-123.4373, 40.8948], [-123.4397, 40.8948], [-123.4396, 40.8991]]], [[[-123.4239, 40.8954], [-123.4237, 40.8952], [-123.4239, 40.895], [-123.4239, 40.8954]]], [[[-123.4241, 40.8945], [-123.4247, 40.8937], [-123.4249, 40.8936], [-123.4249, 40.8946], [-123.4241, 40.8945]]], [[[-123.428, 40.8885], [-123.4272, 40.8889], [-123.4262, 40.8884], [-123.428, 40.8885]]], [[[-123.1352, 40.85], [-123.1353, 40.8525], [-123.1333, 40.8521], [-123.1333, 40.8494], [-123.1347, 40.8483], [-123.136, 40.8432], [-123.138, 40.8436], [-123.1377, 40.8462], [-123.1367, 40.8487], [-123.1352, 40.85]]], [[[-123.1321, 40.7774], [-123.1321, 40.7766], [-123.1288, 40.7732], [-123.129, 40.7704], [-123.1342, 40.7705], [-123.1342, 40.7723], [-123.1364, 40.7723], [-123.1363, 40.7759], [-123.134, 40.7759], [-123.134, 40.7777], [-123.1321, 40.7774]]], [[[-123.0829, 40.7473], [-123.0819, 40.7436], [-123.0865, 40.7435], [-123.0865, 40.7474], [-123.0829, 40.7473]]], [[[-123.079, 40.7448], [-123.0755, 40.7444], [-123.0757, 40.7433], [-123.0792, 40.7437], [-123.079, 40.7448]]], [[[-123.0757, 40.7432], [-123.0756, 40.7432], [-123.0755, 40.7431], [-123.0757, 40.7432]]], [[[-123.0753, 40.7429], [-123.0752, 40.7429], [-123.0751, 40.7428], [-123.0753, 40.7429]]], [[[-123.0749, 40.7425], [-123.0749, 40.7425], [-123.0749, 40.7425], [-123.0749, 40.7425]]], [[[-123.0729, 40.7407], [-123.07, 40.7385], [-123.0695, 40.7369], [-123.0674, 40.7362], [-123.0666, 40.7333], [-123.0628, 40.7332], [-123.0591, 40.7353], [-123.0557, 40.7355], [-123.0557, 40.7344], [-123.0533, 40.7344], [-123.0541, 40.7297], [-123.0547, 40.7298], [-123.0554, 40.7273], [-123.0602, 40.7274], [-123.0556, 40.7253], [-123.0564, 40.7234], [-123.0522, 40.7208], [-123.0511, 40.7185], [-123.0511, 40.7176], [-123.0546, 40.7158], [-123.0533, 40.7147], [-123.049, 40.714], [-123.0517, 40.7118], [-123.0498, 40.7117], [-123.0498, 40.7107], [-123.0518, 40.7099], [-123.051, 40.7083], [-123.0496, 40.709], [-123.0499, 40.7076], [-123.0518, 40.7068], [-123.0517, 40.7078], [-123.054, 40.7078], [-123.0631, 40.7179], [-123.0692, 40.7288], [-123.0762, 40.7369], [-123.0747, 40.7369], [-123.0739, 40.74], [-123.0729, 40.7407]]], [[[-123.0516, 40.7064], [-123.0493, 40.7057], [-123.049, 40.7046], [-123.0497, 40.7044], [-123.0476, 40.7019], [-123.0469, 40.7021], [-123.0462, 40.7], [-123.0469, 40.6982], [-123.044, 40.6938], [-123.0445, 40.6935], [-123.0382, 40.6921], [-123.0396, 40.6915], [-123.0345, 40.6899], [-123.0344, 40.6882], [-123.0332, 40.6873], [-123.0371, 40.6902], [-123.0381, 40.6902], [-123.0471, 40.6946], [-123.0477, 40.6957], [-123.0504, 40.6956], [-123.0604, 40.6924], [-123.0604, 40.6995], [-123.0554, 40.7011], [-123.0554, 40.6976], [-123.0504, 40.6992], [-123.0516, 40.7064]]], [[[-123.0431, 40.6947], [-123.0429, 40.6946], [-123.0433, 40.6943], [-123.0431, 40.6947]]], [[[-123.0326, 40.6869], [-123.0323, 40.6869], [-123.0323, 40.6866], [-123.0326, 40.6869]]], [[[-123.032, 40.6779], [-123.0352, 40.6754], [-123.0358, 40.6727], [-123.0345, 40.6709], [-123.0394, 40.6698], [-123.0394, 40.6781], [-123.0441, 40.6781], [-123.0441, 40.6817], [-123.0503, 40.6815], [-123.0503, 40.6886], [-123.0443, 40.6887], [-123.0442, 40.6852], [-123.0347, 40.6851], [-123.0348, 40.6781], [-123.032, 40.6779]]], [[[-123.034, 40.6677], [-123.0339, 40.6668], [-123.0323, 40.6658], [-123.0347, 40.6667], [-123.034, 40.6677]]], [[[-123.0294, 40.6513], [-123.0279, 40.6502], [-123.0282, 40.6478], [-123.0261, 40.6482], [-123.0243, 40.65], [-123.024, 40.6488], [-123.0228, 40.649], [-123.0226, 40.6479], [-123.0213, 40.6475], [-123.0221, 40.6425], [-123.0268, 40.6423], [-123.0267, 40.6417], [-123.0243, 40.6412], [-123.0244, 40.6406], [-123.0267, 40.641], [-123.0312, 40.6381], [-123.0328, 40.6379], [-123.0344, 40.6359], [-123.0357, 40.6363], [-123.0451, 40.6319], [-123.0439, 40.6302], [-123.0412, 40.6284], [-123.0434, 40.6287], [-123.0468, 40.6263], [-123.0463, 40.6256], [-123.0478, 40.6251], [-123.0463, 40.6236], [-123.0477, 40.6223], [-123.0442, 40.621], [-123.0428, 40.6189], [-123.0446, 40.6166], [-123.0452, 40.6137], [-123.0442, 40.6137], [-123.0438, 40.6125], [-123.0457, 40.609], [-123.0447, 40.6085], [-123.0451, 40.6075], [-123.0488, 40.6076], [-123.0488, 40.6093], [-123.054, 40.6106], [-123.0541, 40.6117], [-123.0556, 40.6108], [-123.0598, 40.6119], [-123.0611, 40.6114], [-123.0654, 40.6134], [-123.0652, 40.6171], [-123.0676, 40.6199], [-123.0676, 40.6211], [-123.0695, 40.6227], [-123.0705, 40.6222], [-123.0716, 40.6231], [-123.0727, 40.6222], [-123.0738, 40.6223], [-123.0754, 40.6254], [-123.0771, 40.6257], [-123.0789, 40.6272], [-123.0793, 40.626], [-123.0813, 40.6263], [-123.0804, 40.6274], [-123.0811, 40.6275], [-123.0837, 40.6252], [-123.0859, 40.6254], [-123.0865, 40.625], [-123.0861, 40.6227], [-123.0872, 40.623], [-123.0885, 40.6337], [-123.0789, 40.6338], [-123.078, 40.641], [-123.0891, 40.641], [-123.0884, 40.6473], [-123.0891, 40.6546], [-123.0683, 40.6536], [-123.0679, 40.6605], [-123.0691, 40.6748], [-123.0503, 40.6814], [-123.0495, 40.6503], [-123.0392, 40.6538], [-123.0391, 40.65], [-123.0345, 40.6514], [-123.0294, 40.6513]]], [[[-123.0865, 40.6107], [-123.0842, 40.6107], [-123.084, 40.6089], [-123.0826, 40.6072], [-123.0838, 40.6066], [-123.0817, 40.6059], [-123.0802, 40.604], [-123.0808, 40.6036], [-123.0803, 40.6019], [-123.0786, 40.6014], [-123.079, 40.6002], [-123.0827, 40.6], [-123.0832, 40.5977], [-123.0865, 40.5978], [-123.0865, 40.6013], [-123.0961, 40.6013], [-123.0961, 40.6049], [-123.0866, 40.6049], [-123.0865, 40.6107]]], [[[-123.0913, 40.5977], [-123.0919, 40.5971], [-123.0927, 40.5977], [-123.0913, 40.5977]]], [[[-123.0945, 40.5976], [-123.0967, 40.5974], [-123.0973, 40.5995], [-123.0961, 40.5995], [-123.0961, 40.5977], [-123.0945, 40.5976]]], [[[-123.0978, 40.5995], [-123.0985, 40.5991], [-123.1012, 40.5995], [-123.0978, 40.5995]]], [[[-123.1056, 40.6014], [-123.1068, 40.6012], [-123.1067, 40.5995], [-123.1084, 40.5981], [-123.1086, 40.6004], [-123.11, 40.6013], [-123.1056, 40.6014]]], [[[-123.1115, 40.6012], [-123.1122, 40.6008], [-123.1129, 40.6012], [-123.1127, 40.6012], [-123.1115, 40.6012]]], [[[-123.1332, 40.5937], [-123.1375, 40.592], [-123.1428, 40.5932], [-123.1332, 40.5937]]], [[[-123.1456, 40.5931], [-123.1482, 40.5917], [-123.15, 40.5935], [-123.1511, 40.5929], [-123.1527, 40.586], [-123.1533, 40.5862], [-123.1534, 40.5896], [-123.1581, 40.5895], [-123.1583, 40.6038], [-123.1537, 40.6038], [-123.1536, 40.5967], [-123.1489, 40.5967], [-123.1488, 40.5931], [-123.1456, 40.5931]]], [[[-123.1552, 40.586], [-123.156, 40.5844], [-123.158, 40.5845], [-123.158, 40.5859], [-123.1552, 40.586]]], [[[-123.1626, 40.5829], [-123.1636, 40.5823], [-123.1683, 40.5843], [-123.1721, 40.5846], [-123.1711, 40.5897], [-123.1626, 40.5896], [-123.1626, 40.5829]]], [[[-123.172, 40.5894], [-123.172, 40.5874], [-123.1742, 40.5873], [-123.1768, 40.5859], [-123.1799, 40.5859], [-123.1819, 40.5847], [-123.1854, 40.5853], [-123.1879, 40.5848], [-123.1876, 40.5857], [-123.1893, 40.5862], [-123.1896, 40.5897], [-123.1924, 40.5896], [-123.1926, 40.5898], [-123.1933, 40.589], [-123.1951, 40.5896], [-123.1956, 40.583], [-123.1953, 40.5898], [-123.193, 40.5898], [-123.1931, 40.5906], [-123.1919, 40.5906], [-123.1919, 40.5897], [-123.1862, 40.5897], [-123.1864, 40.5859], [-123.1817, 40.5859], [-123.1816, 40.5897], [-123.172, 40.5894]]], [[[-123.1954, 40.5826], [-123.1957, 40.5825], [-123.1956, 40.5827], [-123.1954, 40.5826]]], [[[-123.191, 40.5787], [-123.1899, 40.5782], [-123.1908, 40.5773], [-123.1911, 40.5774], [-123.191, 40.5787]]], [[[-123.1943, 40.575], [-123.1924, 40.5736], [-123.1935, 40.5724], [-123.1919, 40.5719], [-123.1942, 40.5709], [-123.1941, 40.5697], [-123.1982, 40.5699], [-123.1991, 40.5693], [-123.2007, 40.5706], [-123.2018, 40.5699], [-123.2006, 40.5689], [-123.2007, 40.5681], [-123.2023, 40.5673], [-123.2044, 40.5672], [-123.2056, 40.5682], [-123.2065, 40.568], [-123.207, 40.569], [-123.2102, 40.5684], [-123.2103, 40.5757], [-123.1943, 40.575]]], [[[-123.2124, 40.5676], [-123.2125, 40.5657], [-123.2143, 40.5647], [-123.2149, 40.5677], [-123.2124, 40.5676]]], [[[-123.2164, 40.5643], [-123.2187, 40.5626], [-123.2196, 40.5613], [-123.2196, 40.5643], [-123.2164, 40.5643]]], [[[-123.2235, 40.5605], [-123.2222, 40.5599], [-123.2229, 40.5596], [-123.2235, 40.5605]]], [[[-123.2235, 40.5605], [-123.2252, 40.5587], [-123.2273, 40.5586], [-123.2292, 40.5592], [-123.229, 40.5603], [-123.2315, 40.561], [-123.2325, 40.5627], [-123.2298, 40.5642], [-123.2295, 40.5667], [-123.2305, 40.5692], [-123.2333, 40.5692], [-123.2336, 40.5713], [-123.2289, 40.5714], [-123.2288, 40.5604], [-123.2235, 40.5605]]], [[[-123.2386, 40.5737], [-123.2411, 40.5747], [-123.2426, 40.575], [-123.2386, 40.5751], [-123.2386, 40.5737]]], [[[-123.2434, 40.5757], [-123.2478, 40.577], [-123.2478, 40.5783], [-123.2432, 40.5784], [-123.2434, 40.5757]]], [[[-123.2479, 40.5761], [-123.2394, 40.5736], [-123.2394, 40.5686], [-123.237, 40.5685], [-123.2383, 40.5671], [-123.2377, 40.5658], [-123.2387, 40.5652], [-123.238, 40.5653], [-123.2387, 40.5635], [-123.2398, 40.5631], [-123.2397, 40.5618], [-123.2416, 40.5623], [-123.2418, 40.5612], [-123.2432, 40.5617], [-123.2423, 40.5574], [-123.2398, 40.5554], [-123.2377, 40.5564], [-123.2348, 40.5564], [-123.2328, 40.5553], [-123.233, 40.5544], [-123.2313, 40.5525], [-123.2325, 40.5507], [-123.2325, 40.5483], [-123.234, 40.5471], [-123.2351, 40.5446], [-123.2342, 40.5443], [-123.2333, 40.5416], [-123.2339, 40.5395], [-123.236, 40.5379], [-123.2358, 40.5358], [-123.2345, 40.5349], [-123.2376, 40.5341], [-123.2368, 40.5323], [-123.2354, 40.5315], [-123.2389, 40.5315], [-123.2387, 40.546], [-123.2575, 40.5456], [-123.2569, 40.575], [-123.2479, 40.5748], [-123.2479, 40.5761]]], [[[-123.2318, 40.5275], [-123.2317, 40.5267], [-123.2341, 40.526], [-123.2341, 40.5279], [-123.2318, 40.5275]]], [[[-123.1065, 40.6242], [-123.1085, 40.6208], [-123.1078, 40.62], [-123.111, 40.6185], [-123.1259, 40.6181], [-123.1266, 40.6323], [-123.1078, 40.6335], [-123.1065, 40.6242]]], [[[-123.269, 40.7429], [-123.2674, 40.7416], [-123.2675, 40.7402], [-123.2689, 40.7402], [-123.269, 40.7429]]], [[[-123.2705, 40.7397], [-123.2728, 40.7397], [-123.2705, 40.7397], [-123.2729, 40.739], [-123.2729, 40.7399], [-123.2705, 40.7397]]], [[[-123.2729, 40.7364], [-123.2703, 40.7371], [-123.2688, 40.7364], [-123.2729, 40.7364]]], [[[-123.2597, 40.7311], [-123.259, 40.7276], [-123.2595, 40.7276], [-123.2597, 40.7311]]], [[[-123.2584, 40.7276], [-123.2585, 40.7278], [-123.2584, 40.7281], [-123.2584, 40.7276]]], [[[-123.2551, 40.7311], [-123.2565, 40.7316], [-123.255, 40.7318], [-123.2551, 40.7311]]], [[[-123.2551, 40.7322], [-123.255, 40.7322], [-123.255, 40.7321], [-123.2551, 40.7322]]], [[[-123.2526, 40.7364], [-123.2501, 40.7379], [-123.2479, 40.7378], [-123.2469, 40.7374], [-123.2469, 40.7355], [-123.2504, 40.7355], [-123.2504, 40.7364], [-123.2526, 40.7364]]], [[[-123.2459, 40.7393], [-123.2496, 40.74], [-123.2503, 40.7409], [-123.2469, 40.7409], [-123.2468, 40.7444], [-123.2445, 40.7445], [-123.2444, 40.7463], [-123.2421, 40.7463], [-123.2422, 40.7445], [-123.2433, 40.7445], [-123.2434, 40.7427], [-123.2446, 40.7427], [-123.2446, 40.74], [-123.2457, 40.74], [-123.2459, 40.7393]]], [[[-123.253, 40.7409], [-123.2534, 40.7418], [-123.2584, 40.7418], [-123.2584, 40.7424], [-123.2573, 40.7425], [-123.2573, 40.7434], [-123.255, 40.7434], [-123.255, 40.7453], [-123.2526, 40.7453], [-123.253, 40.7409]]], [[[-123.2645, 40.7428], [-123.2653, 40.743], [-123.2657, 40.7434], [-123.2643, 40.7434], [-123.2645, 40.7428]]], [[[-123.2677, 40.7443], [-123.2696, 40.7468], [-123.2712, 40.7474], [-123.2713, 40.7496], [-123.2677, 40.7476], [-123.2677, 40.7443]]], [[[-123.2696, 40.7463], [-123.2686, 40.7438], [-123.271, 40.747], [-123.2696, 40.7463]]], [[[-123.355, 40.8042], [-123.3552, 40.8056], [-123.3531, 40.8057], [-123.3536, 40.8041], [-123.355, 40.8042]]], [[[-123.3429, 40.7823], [-123.3383, 40.7837], [-123.3366, 40.783], [-123.3362, 40.7807], [-123.3356, 40.7807], [-123.3364, 40.7794], [-123.3386, 40.778], [-123.3386, 40.7789], [-123.3374, 40.7789], [-123.3374, 40.7825], [-123.3421, 40.7824], [-123.3421, 40.7815], [-123.3441, 40.7815], [-123.3429, 40.7823]]], [[[-123.3398, 40.7718], [-123.3351, 40.7719], [-123.3351, 40.7702], [-123.3421, 40.77], [-123.3421, 40.7735], [-123.3398, 40.7736], [-123.3398, 40.7718]]], [[[-123.3328, 40.7724], [-123.3303, 40.7719], [-123.326, 40.7737], [-123.3237, 40.7736], [-123.3237, 40.7701], [-123.3328, 40.7702], [-123.3328, 40.7724]]], [[[-123.3301, 40.7737], [-123.3301, 40.7737], [-123.3301, 40.7737], [-123.3301, 40.7737]]], [[[-123.3319, 40.7742], [-123.3327, 40.7766], [-123.3318, 40.7789], [-123.3339, 40.7816], [-123.3338, 40.7834], [-123.3316, 40.7834], [-123.3319, 40.7742]]], [[[-123.3525, 40.7994], [-123.3521, 40.7993], [-123.353, 40.7996], [-123.3525, 40.7994]]], [[[-123.3498, 40.7993], [-123.3489, 40.7998], [-123.3482, 40.7996], [-123.3483, 40.7993], [-123.3498, 40.7993]]], [[[-123.3479, 40.801], [-123.3481, 40.8012], [-123.3479, 40.8016], [-123.3479, 40.801]]], [[[-123.348, 40.8028], [-123.3488, 40.8032], [-123.3493, 40.8039], [-123.348, 40.804], [-123.348, 40.8028]]], [[[-123.3517, 40.8044], [-123.3522, 40.8055], [-123.3525, 40.8057], [-123.3516, 40.8057], [-123.3517, 40.8044]]], [[[-123.445, 40.7449], [-123.4561, 40.7435], [-123.4556, 40.759], [-123.4655, 40.7589], [-123.4663, 40.7731], [-123.4476, 40.7731], [-123.4458, 40.7591], [-123.445, 40.7449]]], [[[-123.4521, 40.7802], [-123.4581, 40.7803], [-123.458, 40.7839], [-123.4568, 40.7839], [-123.4568, 40.7857], [-123.4544, 40.7857], [-123.4544, 40.7875], [-123.4519, 40.7875], [-123.4521, 40.7802]]], [[[-123.4469, 40.865], [-123.4469, 40.8641], [-123.4565, 40.8642], [-123.4564, 40.8714], [-123.4469, 40.8713], [-123.4469, 40.8696], [-123.4445, 40.8696], [-123.4434, 40.866], [-123.4445, 40.866], [-123.4445, 40.8651], [-123.4469, 40.865]]], [[[-123.3018, 40.6244], [-123.2997, 40.6244], [-123.2996, 40.6228], [-123.2963, 40.6227], [-123.2963, 40.6202], [-123.2985, 40.6203], [-123.2985, 40.6211], [-123.3017, 40.6212], [-123.3018, 40.6244]]], [[[-123.3854, 40.7289], [-123.3839, 40.7143], [-123.4033, 40.7147], [-123.405, 40.729], [-123.3854, 40.7289]]], [[[-123.4296, 40.7871], [-123.4224, 40.7872], [-123.4224, 40.7854], [-123.42, 40.7854], [-123.42, 40.7836], [-123.4296, 40.7835], [-123.4296, 40.7871]]], [[[-123.3031, 40.8239], [-123.3031, 40.8223], [-123.3007, 40.8223], [-123.3007, 40.8192], [-123.3055, 40.8192], [-123.3055, 40.82], [-123.3079, 40.82], [-123.3079, 40.8239], [-123.3031, 40.8239]]], [[[-123.4339, 40.8821], [-123.4328, 40.8821], [-123.4328, 40.8767], [-123.4375, 40.8767], [-123.4374, 40.8839], [-123.4339, 40.884], [-123.4339, 40.8821]]], [[[-123.2616, 40.585], [-123.2616, 40.5867], [-123.2569, 40.5868], [-123.2569, 40.5851], [-123.2616, 40.585]]], [[[-123.2711, 40.5883], [-123.2711, 40.5901], [-123.2687, 40.5901], [-123.2687, 40.5919], [-123.2664, 40.592], [-123.2664, 40.5884], [-123.2711, 40.5883]]], [[[-123.2383, 40.6309], [-123.2289, 40.631], [-123.2289, 40.6242], [-123.2383, 40.6241], [-123.2383, 40.6309]]], [[[-123.2206, 40.7016], [-123.2392, 40.7011], [-123.24, 40.7187], [-123.2377, 40.7188], [-123.2379, 40.7205], [-123.2356, 40.7206], [-123.2354, 40.7188], [-123.233, 40.7189], [-123.2326, 40.7154], [-123.221, 40.7157], [-123.2206, 40.7016]]], [[[-123.2785, 40.729], [-123.2781, 40.7147], [-123.2918, 40.7138], [-123.292, 40.7281], [-123.2903, 40.7283], [-123.2903, 40.7288], [-123.2903, 40.7283], [-123.2785, 40.729]], [[-123.2808, 40.7145], [-123.2808, 40.7145], [-123.2899, 40.7141], [-123.2808, 40.7145]]], [[[-123.2223, 40.728], [-123.2318, 40.7275], [-123.2319, 40.7348], [-123.2273, 40.7349], [-123.2273, 40.7331], [-123.2225, 40.7333], [-123.2223, 40.728]]], [[[-123.2504, 40.732], [-123.2504, 40.7338], [-123.2447, 40.7338], [-123.2447, 40.7311], [-123.2482, 40.7311], [-123.2481, 40.732], [-123.2504, 40.732]]], [[[-123.2179, 40.7368], [-123.2132, 40.7369], [-123.213, 40.7299], [-123.2178, 40.7298], [-123.2179, 40.7368]]], [[[-123.2041, 40.7378], [-123.2063, 40.7383], [-123.2063, 40.7378], [-123.2052, 40.7378], [-123.2051, 40.7369], [-123.204, 40.7369], [-123.2039, 40.7352], [-123.2076, 40.7348], [-123.2075, 40.7322], [-123.2098, 40.7321], [-123.2099, 40.733], [-123.2111, 40.733], [-123.2112, 40.7383], [-123.2092, 40.7383], [-123.2092, 40.7399], [-123.2098, 40.7404], [-123.2134, 40.7404], [-123.2134, 40.742], [-123.2159, 40.7419], [-123.2159, 40.7437], [-123.2044, 40.744], [-123.2041, 40.7378]]], [[[-123.2845, 40.7602], [-123.2869, 40.76], [-123.2869, 40.7609], [-123.2846, 40.7609], [-123.2845, 40.7602]]], [[[-123.1461, 40.7664], [-123.1475, 40.7678], [-123.1459, 40.7708], [-123.141, 40.7692], [-123.1414, 40.7681], [-123.1389, 40.7676], [-123.1386, 40.7666], [-123.1399, 40.7657], [-123.1422, 40.7676], [-123.1461, 40.7664]]], [[[-123.2823, 40.7712], [-123.2823, 40.7684], [-123.2847, 40.7684], [-123.2848, 40.7712], [-123.2823, 40.7712]]], [[[-123.1432, 40.7724], [-123.1476, 40.7726], [-123.1475, 40.7762], [-123.1453, 40.7761], [-123.1453, 40.777], [-123.143, 40.777], [-123.1431, 40.776], [-123.1409, 40.776], [-123.1409, 40.7742], [-123.1432, 40.7742], [-123.1432, 40.7724]]], [[[-123.2793, 40.7902], [-123.2797, 40.7983], [-123.2747, 40.7983], [-123.2746, 40.7911], [-123.2787, 40.7911], [-123.2793, 40.7902]]], [[[-123.291, 40.8153], [-123.2911, 40.8184], [-123.2863, 40.8184], [-123.2863, 40.8153], [-123.291, 40.8153]]], [[[-123.0693, 40.6975], [-123.0693, 40.6949], [-123.0706, 40.6944], [-123.0776, 40.6947], [-123.0776, 40.6965], [-123.0799, 40.6966], [-123.0798, 40.7003], [-123.0752, 40.7], [-123.0752, 40.6991], [-123.0729, 40.699], [-123.0729, 40.6981], [-123.0706, 40.698], [-123.0706, 40.6971], [-123.0693, 40.6975]]], [[[-123.1268, 40.7187], [-123.1077, 40.7198], [-123.1075, 40.7034], [-123.1263, 40.703], [-123.1268, 40.7187]]]]}, "properties": {"layer": "retained"}}, {"type": "Feature", "geometry": {"type": "MultiPolygon", "coordinates": [[[[-123.437, 40.8832], [-123.4373, 40.8827], [-123.437, 40.8827], [-123.437, 40.8832]]], [[[-123.4352, 40.883], [-123.4355, 40.8827], [-123.4352, 40.8827], [-123.4352, 40.883]]], [[[-123.433, 40.8817], [-123.4333, 40.8814], [-123.433, 40.8814], [-123.433, 40.8817]]], [[[-123.4333, 40.8806], [-123.4336, 40.8803], [-123.4333, 40.8803], [-123.4333, 40.8806]]], [[[-123.4344, 40.8803], [-123.4347, 40.88], [-123.4343, 40.88], [-123.4344, 40.8803]]], [[[-123.4368, 40.8797], [-123.4372, 40.8794], [-123.4368, 40.8794], [-123.4368, 40.8797]]], [[[-123.4373, 40.8821], [-123.4376, 40.881], [-123.4369, 40.8808], [-123.4376, 40.8808], [-123.4375, 40.8797], [-123.4365, 40.88], [-123.4361, 40.8792], [-123.4358, 40.88], [-123.4354, 40.8797], [-123.4347, 40.88], [-123.4373, 40.8821]], [[-123.4365, 40.8805], [-123.4362, 40.8808], [-123.4361, 40.8805], [-123.4365, 40.8805]]], [[[-123.4368, 40.8792], [-123.4375, 40.8786], [-123.4371, 40.8786], [-123.4368, 40.8792]]], [[[-123.435, 40.8784], [-123.4364, 40.8781], [-123.4353, 40.8778], [-123.435, 40.8784]]], [[[-123.4347, 40.8798], [-123.4346, 40.8781], [-123.435, 40.8779], [-123.4342, 40.8779], [-123.4347, 40.8798]]], [[[-123.4371, 40.8786], [-123.437, 40.8767], [-123.436, 40.8767], [-123.4356, 40.8773], [-123.4345, 40.8768], [-123.4346, 40.8776], [-123.4367, 40.8778], [-123.4371, 40.8786]], [[-123.4367, 40.877], [-123.4363, 40.8773], [-123.4363, 40.877], [-123.4367, 40.877]]], [[[-123.4353, 40.877], [-123.4356, 40.8768], [-123.4353, 40.8768], [-123.4353, 40.877]]], [[[-123.4533, 40.8671], [-123.454, 40.8668], [-123.4533, 40.8668], [-123.4533, 40.8671]]], [[[-123.4543, 40.8654], [-123.4546, 40.8651], [-123.4543, 40.8652], [-123.4543, 40.8654]]], [[[-123.1359, 40.8454], [-123.1363, 40.8452], [-123.1359, 40.8452], [-123.1359, 40.8454]]], [[[-123.1359, 40.8449], [-123.1366, 40.8443], [-123.1359, 40.8444], [-123.1359, 40.8449]]], [[[-123.2863, 40.8178], [-123.2866, 40.8172], [-123.2862, 40.8172], [-123.2863, 40.8178]]], [[[-123.2869, 40.8164], [-123.2876, 40.8161], [-123.2869, 40.8161], [-123.2869, 40.8164]]], [[[-123.2862, 40.8162], [-123.2865, 40.8159], [-123.2862, 40.8159], [-123.2862, 40.8162]]], [[[-123.4709, 40.803], [-123.4715, 40.8025], [-123.4705, 40.8025], [-123.4709, 40.803]]], [[[-123.3518, 40.8055], [-123.3522, 40.8052], [-123.3518, 40.8052], [-123.3518, 40.8055]]], [[[-123.3515, 40.805], [-123.3522, 40.8047], [-123.3514, 40.8044], [-123.3515, 40.805]]], [[[-123.4534, 40.787], [-123.4534, 40.7865], [-123.4537, 40.7862], [-123.4527, 40.7868], [-123.4534, 40.787]]], [[[-123.4283, 40.7839], [-123.4287, 40.7837], [-123.4283, 40.7837], [-123.4283, 40.7839]]], [[[-123.4528, 40.7824], [-123.4531, 40.7822], [-123.4528, 40.7822], [-123.4528, 40.7824]]], [[[-123.4553, 40.7821], [-123.4556, 40.7818], [-123.4553, 40.7818], [-123.4553, 40.7821]]], [[[-123.3415, 40.7828], [-123.3419, 40.7825], [-123.3415, 40.7825], [-123.3415, 40.7828]]], [[[-123.3383, 40.7826], [-123.3387, 40.7823], [-123.3383, 40.7823], [-123.3383, 40.7826]]], [[[-123.4644, 40.7732], [-123.4648, 40.7729], [-123.4644, 40.7729], [-123.4644, 40.7732]]], [[[-123.4595, 40.7731], [-123.4598, 40.7728], [-123.4595, 40.7728], [-123.4595, 40.7731]]], [[[-123.4602, 40.7728], [-123.4605, 40.7725], [-123.4601, 40.7725], [-123.4602, 40.7728]]], [[[-123.4634, 40.773], [-123.4651, 40.7724], [-123.4637, 40.7721], [-123.4634, 40.773]]], [[[-123.4477, 40.7731], [-123.4481, 40.7723], [-123.4477, 40.7723], [-123.4477, 40.7731]]], [[[-123.458, 40.7723], [-123.4583, 40.772], [-123.458, 40.772], [-123.458, 40.7723]]], [[[-123.4526, 40.7706], [-123.4529, 40.7703], [-123.4526, 40.7703], [-123.4526, 40.7706]]], [[[-123.4483, 40.7707], [-123.449, 40.7704], [-123.4483, 40.7704], [-123.4483, 40.7707]]], [[[-123.4515, 40.7703], [-123.4519, 40.77], [-123.4515, 40.77], [-123.4515, 40.7703]]], [[[-123.449, 40.7704], [-123.4494, 40.7701], [-123.449, 40.7701], [-123.449, 40.7704]]], [[[-123.4497, 40.7698], [-123.4501, 40.7695], [-123.4497, 40.7696], [-123.4497, 40.7698]]], [[[-123.4476, 40.7699], [-123.4479, 40.7696], [-123.4476, 40.7696], [-123.4476, 40.7699]]], [[[-123.4483, 40.7699], [-123.449, 40.7693], [-123.4486, 40.7693], [-123.4483, 40.7699]]], [[[-123.4596, 40.7693], [-123.46, 40.769], [-123.4596, 40.769], [-123.4596, 40.7693]]], [[[-123.4589, 40.7696], [-123.4593, 40.769], [-123.4582, 40.769], [-123.4582, 40.7693], [-123.4589, 40.7696]]], [[[-123.449, 40.7693], [-123.4493, 40.769], [-123.449, 40.769], [-123.449, 40.7693]]], [[[-123.4628, 40.7689], [-123.4631, 40.7684], [-123.4628, 40.7684], [-123.4628, 40.7689]]], [[[-123.4603, 40.7687], [-123.4607, 40.7684], [-123.4603, 40.7684], [-123.4603, 40.7687]]], [[[-123.4649, 40.7678], [-123.4652, 40.7675], [-123.4649, 40.7675], [-123.4649, 40.7678]]], [[[-123.4624, 40.7673], [-123.4627, 40.767], [-123.4624, 40.767], [-123.4624, 40.7673]]], [[[-123.4496, 40.7677], [-123.45, 40.7674], [-123.4496, 40.7674], [-123.4496, 40.7677]]], [[[-123.4641, 40.7667], [-123.4645, 40.767], [-123.4652, 40.7667], [-123.4641, 40.7667]]], [[[-123.4542, 40.7673], [-123.4546, 40.767], [-123.4542, 40.767], [-123.4542, 40.7673]]], [[[-123.4521, 40.7673], [-123.4528, 40.767], [-123.4521, 40.7671], [-123.4521, 40.7673]]], [[[-123.1357, 40.7751], [-123.1361, 40.7749], [-123.1357, 40.7749], [-123.1357, 40.7751]]], [[[-123.4652, 40.7661], [-123.4655, 40.7659], [-123.4652, 40.7659], [-123.4652, 40.7661]]], [[[-123.4634, 40.7659], [-123.4637, 40.7656], [-123.4634, 40.7657], [-123.4634, 40.7659]]], [[[-123.4549, 40.7662], [-123.4552, 40.7659], [-123.4549, 40.7659], [-123.4549, 40.7662]]], [[[-123.4584, 40.7661], [-123.4587, 40.7655], [-123.4584, 40.7655], [-123.4584, 40.7661]]], [[[-123.4577, 40.7658], [-123.458, 40.7655], [-123.4577, 40.7655], [-123.4577, 40.7658]]], [[[-123.4474, 40.7661], [-123.4477, 40.7658], [-123.4474, 40.7658], [-123.4474, 40.7661]]], [[[-123.462, 40.7662], [-123.4627, 40.7654], [-123.462, 40.7657], [-123.4616, 40.7652], [-123.4609, 40.766], [-123.462, 40.7662]]], [[[-123.4627, 40.7654], [-123.463, 40.7651], [-123.4626, 40.7651], [-123.4627, 40.7654]]], [[[-123.458, 40.7655], [-123.4584, 40.7653], [-123.458, 40.7653], [-123.458, 40.7655]]], [[[-123.1325, 40.7741], [-123.1328, 40.7739], [-123.1325, 40.7739], [-123.1325, 40.7741]]], [[[-123.463, 40.7651], [-123.4633, 40.7648], [-123.463, 40.7649], [-123.463, 40.7651]]], [[[-123.4609, 40.7652], [-123.4612, 40.7649], [-123.4609, 40.7649], [-123.4609, 40.7652]]], [[[-123.4573, 40.7653], [-123.458, 40.765], [-123.4573, 40.765], [-123.4573, 40.7653]]], [[[-123.4637, 40.7646], [-123.464, 40.7643], [-123.4637, 40.7643], [-123.4637, 40.7646]]], [[[-123.4623, 40.7646], [-123.4626, 40.7641], [-123.4622, 40.7641], [-123.4623, 40.7646]]], [[[-123.4594, 40.7652], [-123.4601, 40.7647], [-123.4597, 40.7639], [-123.4584, 40.765], [-123.4594, 40.7652]]], [[[-123.4637, 40.764], [-123.464, 40.7637], [-123.4636, 40.7638], [-123.4637, 40.764]]], [[[-123.4487, 40.7644], [-123.4491, 40.7642], [-123.4487, 40.7642], [-123.4487, 40.7644]]], [[[-123.464, 40.7637], [-123.4643, 40.7635], [-123.464, 40.7635], [-123.464, 40.7637]]], [[[-123.4633, 40.7643], [-123.4633, 40.7638], [-123.4636, 40.7635], [-123.4629, 40.7635], [-123.4633, 40.7643]]], [[[-123.4541, 40.764], [-123.4544, 40.7637], [-123.454, 40.7638], [-123.4541, 40.764]]], [[[-123.4537, 40.7638], [-123.454, 40.7635], [-123.4537, 40.7635], [-123.4537, 40.7638]]], [[[-123.4491, 40.7639], [-123.4494, 40.7636], [-123.4491, 40.7636], [-123.4491, 40.7639]]], [[[-123.4619, 40.7635], [-123.4622, 40.763], [-123.4618, 40.763], [-123.4619, 40.7635]]], [[[-123.464, 40.7635], [-123.4643, 40.7629], [-123.4632, 40.763], [-123.4633, 40.7632], [-123.464, 40.7635]]], [[[-123.4629, 40.763], [-123.4632, 40.7627], [-123.4629, 40.7627], [-123.4629, 40.763]]], [[[-123.4597, 40.7631], [-123.46, 40.7628], [-123.4597, 40.7628], [-123.4597, 40.7631]]], [[[-123.454, 40.7635], [-123.4543, 40.7627], [-123.454, 40.7627], [-123.454, 40.7635]]], [[[-123.465, 40.7626], [-123.4653, 40.7624], [-123.465, 40.7624], [-123.465, 40.7626]]], [[[-123.4618, 40.7627], [-123.4622, 40.7624], [-123.4618, 40.7625], [-123.4618, 40.7627]]], [[[-123.4586, 40.7628], [-123.459, 40.7625], [-123.4586, 40.7625], [-123.4586, 40.7628]]], [[[-123.4558, 40.7629], [-123.4561, 40.7626], [-123.4558, 40.7626], [-123.4558, 40.7629]]], [[[-123.4607, 40.7625], [-123.4611, 40.7622], [-123.4607, 40.7622], [-123.4607, 40.7625]]], [[[-123.4561, 40.7626], [-123.4565, 40.7623], [-123.4561, 40.7623], [-123.4561, 40.7626]]], [[[-123.454, 40.7624], [-123.4543, 40.7621], [-123.454, 40.7621], [-123.454, 40.7624]]], [[[-123.4501, 40.7622], [-123.4504, 40.762], [-123.45, 40.762], [-123.4501, 40.7622]]], [[[-123.1291, 40.7707], [-123.1295, 40.7704], [-123.1291, 40.7704], [-123.1291, 40.7707]]], [[[-123.4554, 40.7624], [-123.4557, 40.7615], [-123.4554, 40.7616], [-123.4554, 40.7624]]], [[[-123.4465, 40.7623], [-123.4468, 40.7618], [-123.4465, 40.7618], [-123.4465, 40.7623]]], [[[-123.4529, 40.7619], [-123.4532, 40.7616], [-123.4529, 40.7616], [-123.4529, 40.7619]]], [[[-123.4493, 40.762], [-123.45, 40.7617], [-123.4493, 40.7615], [-123.4493, 40.762]]], [[[-123.4539, 40.7616], [-123.4543, 40.7613], [-123.4539, 40.7613], [-123.4539, 40.7616]]], [[[-123.4518, 40.7617], [-123.4525, 40.7614], [-123.4518, 40.7614], [-123.4518, 40.7617]]], [[[-123.4468, 40.7618], [-123.4472, 40.7615], [-123.4468, 40.7615], [-123.4468, 40.7618]]], [[[-123.4529, 40.7614], [-123.4532, 40.7611], [-123.4528, 40.7611], [-123.4529, 40.7614]]], [[[-123.4532, 40.7611], [-123.4535, 40.7608], [-123.4532, 40.7608], [-123.4532, 40.7611]]], [[[-123.4532, 40.7605], [-123.4535, 40.7603], [-123.4532, 40.7603], [-123.4532, 40.7605]]], [[[-123.462, 40.7597], [-123.4624, 40.7595], [-123.462, 40.7595], [-123.462, 40.7597]]], [[[-123.4475, 40.7601], [-123.4478, 40.7599], [-123.4475, 40.7599], [-123.4475, 40.7601]]], [[[-123.4464, 40.7599], [-123.4467, 40.7596], [-123.4464, 40.7596], [-123.4464, 40.7599]]], [[[-123.478, 40.7588], [-123.4787, 40.7585], [-123.478, 40.7585], [-123.478, 40.7588]]], [[[-123.4723, 40.7589], [-123.473, 40.7586], [-123.4723, 40.7586], [-123.4723, 40.7589]]], [[[-123.4606, 40.7592], [-123.4613, 40.759], [-123.4606, 40.759], [-123.4606, 40.7592]]], [[[-123.4528, 40.7595], [-123.4531, 40.7592], [-123.4528, 40.7592], [-123.4528, 40.7595]]], [[[-123.4471, 40.7591], [-123.4478, 40.7588], [-123.4471, 40.7588], [-123.4471, 40.7591]]], [[[-123.473, 40.7584], [-123.4733, 40.7578], [-123.4722, 40.7578], [-123.4723, 40.7581], [-123.473, 40.7584]]], [[[-123.452, 40.7587], [-123.4524, 40.7584], [-123.452, 40.7584], [-123.452, 40.7587]]], [[[-123.4712, 40.7589], [-123.4712, 40.7581], [-123.4715, 40.7576], [-123.4705, 40.7584], [-123.4712, 40.7589]]], [[[-123.4719, 40.7578], [-123.4722, 40.7576], [-123.4719, 40.7576], [-123.4719, 40.7578]]], [[[-123.4534, 40.7584], [-123.4538, 40.7581], [-123.4534, 40.7581], [-123.4534, 40.7584]]], [[[-123.4473, 40.7574], [-123.448, 40.7572], [-123.4473, 40.7569], [-123.4473, 40.7574]]], [[[-123.4455, 40.757], [-123.4459, 40.7567], [-123.4455, 40.7567], [-123.4455, 40.757]]], [[[-123.4754, 40.7561], [-123.4757, 40.7556], [-123.4746, 40.7556], [-123.4746, 40.7559], [-123.4754, 40.7561]]], [[[-123.4473, 40.7566], [-123.4476, 40.7561], [-123.4473, 40.7561], [-123.4473, 40.7566]]], [[[-123.4757, 40.7556], [-123.476, 40.7553], [-123.4757, 40.7553], [-123.4757, 40.7556]]], [[[-123.4455, 40.7564], [-123.4459, 40.7561], [-123.4455, 40.7561], [-123.4455, 40.7564]]], [[[-123.4522, 40.756], [-123.4526, 40.7554], [-123.4522, 40.7554], [-123.4522, 40.756]]], [[[-123.4771, 40.755], [-123.4778, 40.7547], [-123.4771, 40.7547], [-123.4771, 40.755]]], [[[-123.4764, 40.7553], [-123.4767, 40.7545], [-123.476, 40.7545], [-123.4764, 40.7553]]], [[[-123.4554, 40.7556], [-123.4558, 40.7551], [-123.4554, 40.7551], [-123.4554, 40.7556]]], [[[-123.4781, 40.7544], [-123.4785, 40.7542], [-123.4781, 40.7542], [-123.4781, 40.7544]]], [[[-123.4763, 40.7539], [-123.4767, 40.7537], [-123.4763, 40.7537], [-123.4763, 40.7539]]], [[[-123.4767, 40.7545], [-123.4781, 40.7539], [-123.4781, 40.7533], [-123.477, 40.7536], [-123.4767, 40.7545]]], [[[-123.4749, 40.7551], [-123.4753, 40.7542], [-123.4763, 40.7542], [-123.4763, 40.7539], [-123.4756, 40.754], [-123.4759, 40.7529], [-123.4735, 40.754], [-123.4749, 40.7551]], [[-123.4752, 40.7537], [-123.4749, 40.754], [-123.4749, 40.7537], [-123.4752, 40.7537]]], [[[-123.4738, 40.7535], [-123.4745, 40.7529], [-123.4741, 40.7529], [-123.4738, 40.7535]]], [[[-123.4763, 40.7531], [-123.477, 40.7534], [-123.4777, 40.7528], [-123.4763, 40.7531]]], [[[-123.4716, 40.7527], [-123.4724, 40.7532], [-123.4723, 40.7527], [-123.4716, 40.7527]]], [[[-123.4766, 40.7528], [-123.4769, 40.7523], [-123.4766, 40.7523], [-123.4766, 40.7528]]], [[[-123.4748, 40.7529], [-123.4748, 40.7524], [-123.4741, 40.7524], [-123.4741, 40.7526], [-123.4748, 40.7529]]], [[[-123.4514, 40.753], [-123.4517, 40.7527], [-123.4514, 40.7527], [-123.4514, 40.753]]], [[[-123.4801, 40.7522], [-123.4805, 40.7517], [-123.4801, 40.7517], [-123.4801, 40.7522]]], [[[-123.4713, 40.7525], [-123.4716, 40.7519], [-123.4712, 40.7519], [-123.4713, 40.7525]]], [[[-123.4784, 40.7525], [-123.4783, 40.7514], [-123.4773, 40.7515], [-123.4769, 40.7523], [-123.4784, 40.7525]]], [[[-123.4769, 40.7515], [-123.4773, 40.7512], [-123.4769, 40.7512], [-123.4769, 40.7515]]], [[[-123.4773, 40.7512], [-123.4783, 40.7509], [-123.4772, 40.7509], [-123.4773, 40.7512]]], [[[-123.4783, 40.7509], [-123.4786, 40.7506], [-123.4783, 40.7506], [-123.4783, 40.7509]]], [[[-123.4786, 40.7506], [-123.479, 40.7503], [-123.4786, 40.7504], [-123.4786, 40.7506]]], [[[-123.4712, 40.7508], [-123.4715, 40.7506], [-123.4712, 40.7506], [-123.4712, 40.7508]]], [[[-123.4712, 40.7503], [-123.4719, 40.7497], [-123.4715, 40.7497], [-123.4712, 40.7503]]], [[[-123.4775, 40.7498], [-123.4768, 40.7491], [-123.4761, 40.7491], [-123.4765, 40.7499], [-123.4775, 40.7498]]], [[[-123.4793, 40.749], [-123.4796, 40.7492], [-123.48, 40.749], [-123.4793, 40.749]]], [[[-123.4761, 40.7488], [-123.4768, 40.7485], [-123.4761, 40.7485], [-123.4761, 40.7488]]], [[[-123.4755, 40.7526], [-123.4776, 40.7501], [-123.4762, 40.7507], [-123.4758, 40.7504], [-123.4761, 40.7488], [-123.4743, 40.7483], [-123.4754, 40.7491], [-123.4754, 40.7502], [-123.4744, 40.7505], [-123.4744, 40.7513], [-123.4755, 40.7507], [-123.4748, 40.7518], [-123.4755, 40.7526]]], [[[-123.4548, 40.7491], [-123.4554, 40.7486], [-123.4551, 40.7486], [-123.4548, 40.7491]]], [[[-123.4753, 40.7483], [-123.476, 40.748], [-123.4753, 40.7477], [-123.4753, 40.7483]]], [[[-123.4771, 40.748], [-123.4774, 40.7477], [-123.4771, 40.7477], [-123.4771, 40.748]]], [[[-123.4735, 40.7475], [-123.4739, 40.7472], [-123.4735, 40.7473], [-123.4735, 40.7475]]], [[[-123.4785, 40.7482], [-123.4781, 40.7469], [-123.4774, 40.7469], [-123.4778, 40.7471], [-123.4775, 40.7482], [-123.4785, 40.7482]]], [[[-123.4732, 40.7473], [-123.4735, 40.747], [-123.4731, 40.747], [-123.4732, 40.7473]]], [[[-123.4767, 40.7477], [-123.4774, 40.7469], [-123.4774, 40.7463], [-123.4756, 40.7472], [-123.4767, 40.7477]]], [[[-123.476, 40.7464], [-123.4763, 40.7461], [-123.4759, 40.7461], [-123.476, 40.7464]]], [[[-123.4784, 40.7466], [-123.4788, 40.7455], [-123.477, 40.7458], [-123.4781, 40.746], [-123.4784, 40.7466]], [[-123.4784, 40.7458], [-123.4781, 40.746], [-123.4781, 40.7458], [-123.4784, 40.7458]]], [[[-123.4753, 40.7467], [-123.4759, 40.7461], [-123.4759, 40.7456], [-123.4745, 40.7456], [-123.4753, 40.7467]]], [[[-123.4766, 40.7455], [-123.477, 40.7453], [-123.4766, 40.7453], [-123.4766, 40.7455]]], [[[-123.4504, 40.7463], [-123.4511, 40.746], [-123.4503, 40.746], [-123.4504, 40.7463]]], [[[-123.4709, 40.7457], [-123.4716, 40.7451], [-123.4713, 40.7452], [-123.4709, 40.7457]]], [[[-123.4806, 40.7462], [-123.4805, 40.7452], [-123.4791, 40.7447], [-123.4795, 40.746], [-123.4806, 40.7462]]], [[[-123.4531, 40.7448], [-123.4527, 40.7438], [-123.452, 40.7438], [-123.452, 40.7443], [-123.4531, 40.7448]]], [[[-123.4673, 40.7436], [-123.468, 40.7434], [-123.4673, 40.7434], [-123.4673, 40.7436]]], [[[-123.4559, 40.744], [-123.4563, 40.7437], [-123.4559, 40.7437], [-123.4559, 40.744]]], [[[-123.4669, 40.7434], [-123.4673, 40.7431], [-123.4669, 40.7431], [-123.4669, 40.7434]]], [[[-123.4659, 40.7437], [-123.4669, 40.7434], [-123.4662, 40.7431], [-123.4665, 40.7426], [-123.4658, 40.7426], [-123.4659, 40.7437]]], [[[-123.4655, 40.7426], [-123.4658, 40.7423], [-123.4655, 40.7423], [-123.4655, 40.7426]]], [[[-123.2054, 40.7439], [-123.2058, 40.7436], [-123.2054, 40.7436], [-123.2054, 40.7439]]], [[[-123.2086, 40.7438], [-123.209, 40.7433], [-123.2086, 40.7433], [-123.2086, 40.7438]]], [[[-123.205, 40.7431], [-123.2054, 40.7428], [-123.205, 40.7428], [-123.205, 40.7431]]], [[[-123.2054, 40.7428], [-123.2061, 40.7423], [-123.2057, 40.7423], [-123.2054, 40.7428]]], [[[-123.2043, 40.7418], [-123.205, 40.7423], [-123.205, 40.7417], [-123.2043, 40.7418]]], [[[-123.2472, 40.7409], [-123.2476, 40.7406], [-123.2472, 40.7407], [-123.2472, 40.7409]]], [[[-123.2057, 40.742], [-123.206, 40.7417], [-123.2057, 40.7417], [-123.2057, 40.742]]], [[[-123.205, 40.7417], [-123.2057, 40.7412], [-123.2053, 40.7412], [-123.205, 40.7417]]], [[[-123.079, 40.7444], [-123.0793, 40.7436], [-123.0789, 40.7436], [-123.079, 40.7444]]], [[[-123.0836, 40.7448], [-123.0843, 40.7434], [-123.0836, 40.744], [-123.0818, 40.7435], [-123.0818, 40.7449], [-123.0825, 40.7443], [-123.0836, 40.7448]]], [[[-123.2112, 40.7383], [-123.2112, 40.7378], [-123.2101, 40.7381], [-123.2102, 40.7384], [-123.2112, 40.7383]]], [[[-123.2499, 40.7363], [-123.2505, 40.7357], [-123.2498, 40.7357], [-123.2499, 40.7363]]], [[[-123.2477, 40.736], [-123.2481, 40.7358], [-123.2477, 40.7358], [-123.2477, 40.736]]], [[[-123.2488, 40.7366], [-123.2495, 40.736], [-123.248, 40.7355], [-123.2488, 40.7366]]], [[[-123.073, 40.7383], [-123.0734, 40.738], [-123.073, 40.738], [-123.073, 40.7383]]], [[[-123.398, 40.7291], [-123.3984, 40.7288], [-123.398, 40.7288], [-123.398, 40.7291]]], [[[-123.3913, 40.729], [-123.3912, 40.7284], [-123.3902, 40.7287], [-123.3902, 40.729], [-123.3913, 40.729]]], [[[-123.0716, 40.7373], [-123.0719, 40.7367], [-123.0715, 40.7367], [-123.0716, 40.7373]]], [[[-123.0751, 40.7369], [-123.0754, 40.7366], [-123.0751, 40.7366], [-123.0751, 40.7369]]], [[[-123.2273, 40.7328], [-123.2284, 40.7325], [-123.2273, 40.7325], [-123.2273, 40.7328]]], [[[-123.2248, 40.7329], [-123.2252, 40.7326], [-123.2248, 40.7326], [-123.2248, 40.7329]]], [[[-123.2241, 40.7331], [-123.2237, 40.7323], [-123.2227, 40.7326], [-123.2227, 40.7332], [-123.2241, 40.7331]]], [[[-123.2553, 40.7318], [-123.2557, 40.7315], [-123.2553, 40.7315], [-123.2553, 40.7318]]], [[[-123.3965, 40.7277], [-123.3969, 40.7275], [-123.3965, 40.7275], [-123.3965, 40.7277]]], [[[-123.0719, 40.7362], [-123.0722, 40.7359], [-123.0719, 40.7359], [-123.0719, 40.7362]]], [[[-123.3955, 40.7275], [-123.3958, 40.7272], [-123.3955, 40.7272], [-123.3955, 40.7275]]], [[[-123.3969, 40.7272], [-123.3972, 40.7269], [-123.3969, 40.7269], [-123.3969, 40.7272]]], [[[-123.3926, 40.7273], [-123.393, 40.727], [-123.3926, 40.727], [-123.3926, 40.7273]]], [[[-123.3961, 40.7269], [-123.3965, 40.7267], [-123.3961, 40.7267], [-123.3961, 40.7269]]], [[[-123.3954, 40.727], [-123.3958, 40.7267], [-123.3954, 40.7267], [-123.3954, 40.727]]], [[[-123.3937, 40.727], [-123.394, 40.7267], [-123.3937, 40.7267], [-123.3937, 40.727]]], [[[-123.0718, 40.7354], [-123.0722, 40.7351], [-123.0718, 40.7351], [-123.0718, 40.7354]]], [[[-123.0744, 40.7383], [-123.0744, 40.7369], [-123.0754, 40.7361], [-123.0736, 40.7348], [-123.0722, 40.7354], [-123.0726, 40.7362], [-123.0719, 40.7375], [-123.0723, 40.7381], [-123.0733, 40.7375], [-123.0744, 40.7383]], [[-123.073, 40.7367], [-123.0726, 40.737], [-123.0726, 40.7367], [-123.073, 40.7367]], [[-123.074, 40.7356], [-123.0736, 40.7359], [-123.0736, 40.7356], [-123.074, 40.7356]]], [[[-123.3944, 40.727], [-123.3951, 40.7264], [-123.3947, 40.7264], [-123.3944, 40.727]]], [[[-123.3851, 40.727], [-123.3855, 40.7267], [-123.3851, 40.7267], [-123.3851, 40.727]]], [[[-123.3912, 40.7268], [-123.3915, 40.7263], [-123.3911, 40.7263], [-123.3912, 40.7268]]], [[[-123.0732, 40.7348], [-123.0736, 40.7345], [-123.0732, 40.7345], [-123.0732, 40.7348]]], [[[-123.2319, 40.7329], [-123.2319, 40.7311], [-123.2308, 40.7313], [-123.2308, 40.7311], [-123.2297, 40.7311], [-123.2286, 40.7303], [-123.2283, 40.7314], [-123.2294, 40.7317], [-123.2284, 40.7322], [-123.2301, 40.7324], [-123.2301, 40.7316], [-123.2308, 40.7316], [-123.2312, 40.733], [-123.2319, 40.7329]]], [[[-123.3883, 40.7264], [-123.3886, 40.7261], [-123.3883, 40.7261], [-123.3883, 40.7264]]], [[[-123.0722, 40.7346], [-123.0725, 40.7343], [-123.0721, 40.7343], [-123.0722, 40.7346]]], [[[-123.0711, 40.7348], [-123.0711, 40.734], [-123.07, 40.7343], [-123.07, 40.7349], [-123.0711, 40.7348]]], [[[-123.395, 40.7262], [-123.3947, 40.7256], [-123.394, 40.7259], [-123.394, 40.7262], [-123.395, 40.7262]]], [[[-123.3893, 40.7258], [-123.3901, 40.7263], [-123.3901, 40.7258], [-123.3893, 40.7258]]], [[[-123.2293, 40.7303], [-123.2308, 40.7305], [-123.2304, 40.73], [-123.2293, 40.7303]]], [[[-123.2244, 40.7307], [-123.2251, 40.7301], [-123.2247, 40.7302], [-123.2244, 40.7307]]], [[[-123.3933, 40.7259], [-123.3936, 40.7257], [-123.3932, 40.7257], [-123.3933, 40.7259]]], [[[-123.4014, 40.7255], [-123.4018, 40.7252], [-123.4014, 40.7252], [-123.4014, 40.7255]]], [[[-123.285, 40.7286], [-123.2857, 40.7283], [-123.285, 40.7283], [-123.285, 40.7286]]], [[[-123.0718, 40.734], [-123.0725, 40.7337], [-123.0718, 40.7338], [-123.0718, 40.734]]], [[[-123.0704, 40.7341], [-123.0707, 40.7338], [-123.0703, 40.7338], [-123.0704, 40.7341]]], [[[-123.0686, 40.7341], [-123.0689, 40.7338], [-123.0686, 40.7338], [-123.0686, 40.7341]]], [[[-123.3911, 40.7255], [-123.3914, 40.7252], [-123.3911, 40.7252], [-123.3911, 40.7255]]], [[[-123.2911, 40.7281], [-123.2914, 40.7279], [-123.291, 40.7279], [-123.2911, 40.7281]]], [[[-123.2879, 40.7285], [-123.2875, 40.7277], [-123.2857, 40.728], [-123.2861, 40.7285], [-123.2879, 40.7285]]], [[[-123.4018, 40.7252], [-123.4021, 40.7246], [-123.4017, 40.7246], [-123.4018, 40.7252]]], [[[-123.3925, 40.7252], [-123.3929, 40.7249], [-123.3925, 40.7249], [-123.3925, 40.7252]]], [[[-123.3914, 40.7252], [-123.3918, 40.7249], [-123.3914, 40.7249], [-123.3914, 40.7252]]], [[[-123.2882, 40.728], [-123.2885, 40.7277], [-123.2882, 40.7277], [-123.2882, 40.728]]], [[[-123.0689, 40.7336], [-123.0693, 40.7333], [-123.0689, 40.7333], [-123.0689, 40.7336]]], [[[-123.3947, 40.7256], [-123.3957, 40.7251], [-123.3943, 40.7246], [-123.3947, 40.7256]]], [[[-123.2262, 40.7312], [-123.2268, 40.7301], [-123.2286, 40.7303], [-123.2286, 40.7295], [-123.2275, 40.729], [-123.2265, 40.7296], [-123.2264, 40.7288], [-123.2247, 40.7291], [-123.2243, 40.7299], [-123.2261, 40.7301], [-123.2262, 40.7307], [-123.2251, 40.7307], [-123.2262, 40.7312]], [[-123.2268, 40.7298], [-123.2265, 40.7301], [-123.2265, 40.7298], [-123.2268, 40.7298]]], [[[-123.2921, 40.7281], [-123.2921, 40.727], [-123.2917, 40.727], [-123.2914, 40.7279], [-123.2921, 40.7281]]], [[[-123.3929, 40.7249], [-123.3936, 40.7246], [-123.3928, 40.7243], [-123.3929, 40.7249]]], [[[-123.2885, 40.7274], [-123.2889, 40.7271], [-123.2885, 40.7271], [-123.2885, 40.7274]]], [[[-123.2836, 40.7275], [-123.2839, 40.7273], [-123.2836, 40.7273], [-123.2836, 40.7275]]], [[[-123.2811, 40.7276], [-123.2814, 40.7273], [-123.2811, 40.7273], [-123.2811, 40.7276]]], [[[-123.3936, 40.7246], [-123.3942, 40.7243], [-123.3935, 40.724], [-123.3936, 40.7246]]], [[[-123.2843, 40.7275], [-123.2846, 40.727], [-123.2842, 40.727], [-123.2843, 40.7275]]], [[[-123.291, 40.7271], [-123.2917, 40.7268], [-123.291, 40.7268], [-123.291, 40.7271]]], [[[-123.2892, 40.7271], [-123.2896, 40.7268], [-123.2892, 40.7268], [-123.2892, 40.7271]]], [[[-123.395, 40.7243], [-123.3953, 40.7237], [-123.3949, 40.7237], [-123.395, 40.7243]]], [[[-123.3893, 40.7242], [-123.3896, 40.7239], [-123.3893, 40.7239], [-123.3893, 40.7242]]], [[[-123.3939, 40.724], [-123.3942, 40.7235], [-123.3939, 40.7235], [-123.3939, 40.724]]], [[[-123.4006, 40.7236], [-123.401, 40.7233], [-123.4006, 40.7233], [-123.4006, 40.7236]]], [[[-123.3956, 40.7237], [-123.396, 40.7234], [-123.3956, 40.7234], [-123.3956, 40.7237]]], [[[-123.3889, 40.7239], [-123.3892, 40.7236], [-123.3889, 40.7236], [-123.3889, 40.7239]]], [[[-123.2906, 40.7265], [-123.2913, 40.7262], [-123.2906, 40.7263], [-123.2906, 40.7265]]], [[[-123.2846, 40.7267], [-123.2849, 40.7264], [-123.2846, 40.7264], [-123.2846, 40.7267]]], [[[-123.0678, 40.7322], [-123.0681, 40.7317], [-123.0678, 40.7317], [-123.0678, 40.7322]]], [[[-123.396, 40.7234], [-123.3963, 40.7232], [-123.396, 40.7232], [-123.396, 40.7234]]], [[[-123.2803, 40.7265], [-123.2807, 40.7263], [-123.2803, 40.7263], [-123.2803, 40.7265]]], [[[-123.2829, 40.7286], [-123.2836, 40.7281], [-123.2836, 40.7275], [-123.2832, 40.7275], [-123.2835, 40.727], [-123.2828, 40.7267], [-123.2831, 40.7259], [-123.2824, 40.7259], [-123.2821, 40.727], [-123.2814, 40.7265], [-123.2818, 40.7273], [-123.2815, 40.7284], [-123.2822, 40.7287], [-123.2825, 40.7281], [-123.2829, 40.7286]]], [[[-123.2814, 40.7262], [-123.2821, 40.7257], [-123.2817, 40.7257], [-123.2814, 40.7262]]], [[[-123.3999, 40.7233], [-123.4006, 40.7228], [-123.4013, 40.7225], [-123.4002, 40.7225], [-123.3999, 40.7233]]], [[[-123.3974, 40.7229], [-123.3981, 40.7226], [-123.3974, 40.7226], [-123.3974, 40.7229]]], [[[-123.2892, 40.7258], [-123.2895, 40.7255], [-123.2892, 40.7255], [-123.2892, 40.7258]]], [[[-123.3991, 40.729], [-123.4047, 40.7283], [-123.4043, 40.7262], [-123.4003, 40.7255], [-123.401, 40.7249], [-123.3996, 40.7244], [-123.4003, 40.7236], [-123.3988, 40.7231], [-123.3988, 40.7223], [-123.3981, 40.7237], [-123.396, 40.724], [-123.3964, 40.7253], [-123.3961, 40.7253], [-123.3954, 40.7262], [-123.3968, 40.7261], [-123.3976, 40.7269], [-123.3972, 40.7275], [-123.398, 40.7277], [-123.3951, 40.7281], [-123.3947, 40.7273], [-123.3944, 40.7273], [-123.3944, 40.727], [-123.394, 40.727], [-123.3944, 40.7278], [-123.3926, 40.7276], [-123.3916, 40.7282], [-123.3923, 40.7289], [-123.3948, 40.7281], [-123.3948, 40.7289], [-123.3983, 40.7282], [-123.3991, 40.729]], [[-123.4037, 40.7281], [-123.4033, 40.7284], [-123.4033, 40.7281], [-123.4037, 40.7281]], [[-123.4008, 40.7279], [-123.4005, 40.7285], [-123.4005, 40.7279], [-123.4008, 40.7279]], [[-123.3994, 40.7279], [-123.3991, 40.7285], [-123.399, 40.728], [-123.3994, 40.7279]], [[-123.4033, 40.7276], [-123.403, 40.7281], [-123.4026, 40.7276], [-123.4033, 40.7276]], [[-123.4022, 40.7276], [-123.4012, 40.7282], [-123.4012, 40.7279], [-123.4022, 40.7276]], [[-123.4043, 40.7275], [-123.404, 40.7278], [-123.404, 40.7275], [-123.4043, 40.7275]], [[-123.4012, 40.7276], [-123.4008, 40.7279], [-123.4008, 40.7276], [-123.4012, 40.7276]], [[-123.399, 40.7277], [-123.3987, 40.728], [-123.3987, 40.7277], [-123.399, 40.7277]], [[-123.3997, 40.7266], [-123.3986, 40.7272], [-123.3983, 40.7264], [-123.3997, 40.7266]], [[-123.3983, 40.7269], [-123.3979, 40.7272], [-123.3979, 40.7269], [-123.3983, 40.7269]], [[-123.3979, 40.7266], [-123.3976, 40.7269], [-123.3976, 40.7266], [-123.3979, 40.7266]], [[-123.4039, 40.7262], [-123.4036, 40.7265], [-123.4036, 40.7262], [-123.4039, 40.7262]], [[-123.3993, 40.7255], [-123.3982, 40.7258], [-123.3982, 40.7255], [-123.3993, 40.7255]], [[-123.3964, 40.7256], [-123.3961, 40.7259], [-123.3961, 40.7256], [-123.3964, 40.7256]], [[-123.4003, 40.7249], [-123.4, 40.7252], [-123.4, 40.725], [-123.4003, 40.7249]], [[-123.3992, 40.7239], [-123.3982, 40.7245], [-123.3985, 40.7236], [-123.3992, 40.7239]], [[-123.3974, 40.7239], [-123.3967, 40.7242], [-123.3967, 40.724], [-123.3974, 40.7239]]], [[[-123.2895, 40.7255], [-123.2906, 40.7252], [-123.2895, 40.7252], [-123.2895, 40.7255]]], [[[-123.292, 40.7265], [-123.292, 40.7251], [-123.2909, 40.7249], [-123.2916, 40.7254], [-123.2913, 40.7262], [-123.292, 40.7265]]], [[[-123.2814, 40.726], [-123.2813, 40.7252], [-123.281, 40.7252], [-123.2803, 40.726], [-123.2814, 40.726]]], [[[-123.285, 40.727], [-123.2882, 40.7269], [-123.2878, 40.7261], [-123.2888, 40.7258], [-123.2891, 40.725], [-123.2852, 40.7251], [-123.2849, 40.7259], [-123.2853, 40.7259], [-123.2853, 40.7264], [-123.2856, 40.7264], [-123.2857, 40.7267], [-123.285, 40.727]], [[-123.286, 40.7261], [-123.2856, 40.7264], [-123.2856, 40.7261], [-123.286, 40.7261]]], [[[-123.4037, 40.7221], [-123.4041, 40.7219], [-123.4037, 40.7219], [-123.4037, 40.7221]]], [[[-123.0721, 40.7324], [-123.0705, 40.7303], [-123.0698, 40.7306], [-123.0681, 40.7303], [-123.0674, 40.7309], [-123.0685, 40.7319], [-123.0706, 40.7313], [-123.071, 40.7324], [-123.0721, 40.7324]]], [[[-123.4002, 40.7225], [-123.3998, 40.7217], [-123.3995, 40.7217], [-123.3991, 40.7223], [-123.4002, 40.7225]]], [[[-123.0642, 40.731], [-123.0638, 40.7304], [-123.0627, 40.7305], [-123.0628, 40.731], [-123.0642, 40.731]]], [[[-123.4021, 40.7254], [-123.4042, 40.7251], [-123.4038, 40.723], [-123.4023, 40.7227], [-123.403, 40.7222], [-123.4019, 40.7214], [-123.4013, 40.7233], [-123.4027, 40.723], [-123.4031, 40.7238], [-123.4006, 40.7239], [-123.4007, 40.7247], [-123.4021, 40.7241], [-123.4028, 40.7243], [-123.4021, 40.7254]]], [[[-123.062, 40.7305], [-123.0624, 40.7302], [-123.062, 40.7302], [-123.062, 40.7305]]], [[[-123.4012, 40.7217], [-123.4016, 40.7211], [-123.4012, 40.7211], [-123.4012, 40.7217]]], [[[-123.3924, 40.7219], [-123.3927, 40.7214], [-123.3923, 40.7214], [-123.3924, 40.7219]]], [[[-123.3987, 40.7215], [-123.3991, 40.7212], [-123.3987, 40.7212], [-123.3987, 40.7215]]], [[[-123.3916, 40.7217], [-123.392, 40.7214], [-123.3916, 40.7214], [-123.3916, 40.7217]]], [[[-123.2849, 40.7251], [-123.2848, 40.7245], [-123.2852, 40.7242], [-123.2845, 40.7243], [-123.2849, 40.7251]]], [[[-123.0698, 40.7303], [-123.0702, 40.7297], [-123.0687, 40.7298], [-123.0688, 40.73], [-123.0698, 40.7303]]], [[[-123.0642, 40.7304], [-123.0641, 40.7299], [-123.0645, 40.7296], [-123.0634, 40.7299], [-123.0642, 40.7304]]], [[[-123.062, 40.7299], [-123.0624, 40.7297], [-123.062, 40.7297], [-123.062, 40.7299]]], [[[-123.4015, 40.7206], [-123.4019, 40.7208], [-123.4022, 40.7206], [-123.4015, 40.7206]]], [[[-123.3937, 40.7211], [-123.3941, 40.7208], [-123.3937, 40.7208], [-123.3937, 40.7211]]], [[[-123.3916, 40.7211], [-123.3927, 40.7208], [-123.3916, 40.7209], [-123.3916, 40.7211]]], [[[-123.3903, 40.7225], [-123.3899, 40.7217], [-123.3906, 40.7214], [-123.3891, 40.7209], [-123.3895, 40.722], [-123.3888, 40.7226], [-123.3903, 40.7225]]], [[[-123.2894, 40.7241], [-123.2908, 40.7236], [-123.2894, 40.7236], [-123.2894, 40.7241]]], [[[-123.0634, 40.7296], [-123.0638, 40.7294], [-123.0634, 40.7294], [-123.0634, 40.7296]]], [[[-123.3977, 40.7218], [-123.3984, 40.7209], [-123.3973, 40.7204], [-123.3977, 40.7218]]], [[[-123.3952, 40.721], [-123.3955, 40.7205], [-123.3951, 40.7205], [-123.3952, 40.721]]], [[[-123.3941, 40.7208], [-123.3948, 40.7205], [-123.3941, 40.7205], [-123.3941, 40.7208]]], [[[-123.3927, 40.7208], [-123.393, 40.7205], [-123.3927, 40.7206], [-123.3927, 40.7208]]], [[[-123.2908, 40.7236], [-123.2915, 40.7233], [-123.2908, 40.7233], [-123.2908, 40.7236]]], [[[-123.0673, 40.7293], [-123.0677, 40.729], [-123.0673, 40.729], [-123.0673, 40.7293]]], [[[-123.0623, 40.7294], [-123.0627, 40.7291], [-123.0623, 40.7291], [-123.0623, 40.7294]]], [[[-123.3976, 40.7204], [-123.3983, 40.7201], [-123.3976, 40.7201], [-123.3976, 40.7204]]], [[[-123.3948, 40.7205], [-123.3951, 40.7202], [-123.3948, 40.7202], [-123.3948, 40.7205]]], [[[-123.393, 40.7205], [-123.3933, 40.7203], [-123.393, 40.7203], [-123.393, 40.7205]]], [[[-123.3902, 40.7206], [-123.3905, 40.7203], [-123.3902, 40.7204], [-123.3902, 40.7206]]], [[[-123.3845, 40.7208], [-123.3848, 40.7202], [-123.3845, 40.7202], [-123.3845, 40.7208]]], [[[-123.3955, 40.7202], [-123.3958, 40.7199], [-123.3955, 40.7199], [-123.3955, 40.7202]]], [[[-123.0662, 40.7288], [-123.0666, 40.729], [-123.0673, 40.7285], [-123.0662, 40.7288]]], [[[-123.2862, 40.7229], [-123.2865, 40.7226], [-123.2862, 40.7226], [-123.2862, 40.7229]]], [[[-123.2894, 40.7225], [-123.2897, 40.7222], [-123.2894, 40.7222], [-123.2894, 40.7225]]], [[[-123.2846, 40.7259], [-123.2838, 40.7246], [-123.2848, 40.7237], [-123.2841, 40.7229], [-123.2847, 40.7221], [-123.2837, 40.7221], [-123.2835, 40.7251], [-123.2827, 40.7249], [-123.2828, 40.7254], [-123.2846, 40.7259]], [[-123.2841, 40.7232], [-123.2837, 40.7235], [-123.2837, 40.7232], [-123.2841, 40.7232]]], [[[-123.2915, 40.7222], [-123.2918, 40.7219], [-123.2915, 40.7219], [-123.2915, 40.7222]]], [[[-123.0658, 40.7279], [-123.0662, 40.7277], [-123.0658, 40.7277], [-123.0658, 40.7279]]], [[[-123.0626, 40.728], [-123.063, 40.7277], [-123.0626, 40.7278], [-123.0626, 40.728]]], [[[-123.3898, 40.7206], [-123.3904, 40.719], [-123.3883, 40.7193], [-123.3894, 40.7198], [-123.3898, 40.7206]]], [[[-123.3979, 40.7191], [-123.3983, 40.7188], [-123.3979, 40.7188], [-123.3979, 40.7191]]], [[[-123.3929, 40.7192], [-123.3933, 40.7189], [-123.3929, 40.7189], [-123.3929, 40.7192]]], [[[-123.2833, 40.7221], [-123.2837, 40.7219], [-123.2833, 40.7219], [-123.2833, 40.7221]]], [[[-123.0637, 40.7283], [-123.0637, 40.7277], [-123.0647, 40.7274], [-123.0633, 40.7275], [-123.0637, 40.7283]]], [[[-123.3983, 40.7188], [-123.3986, 40.7185], [-123.3982, 40.7185], [-123.3983, 40.7188]]], [[[-123.2869, 40.7218], [-123.2872, 40.7215], [-123.2868, 40.7215], [-123.2869, 40.7218]]], [[[-123.2844, 40.7218], [-123.2847, 40.7216], [-123.2844, 40.7216], [-123.2844, 40.7218]]], [[[-123.3908, 40.7193], [-123.3911, 40.7184], [-123.3908, 40.7184], [-123.3908, 40.7193]]], [[[-123.064, 40.7272], [-123.0644, 40.7269], [-123.064, 40.7269], [-123.064, 40.7272]]], [[[-123.284, 40.7216], [-123.2843, 40.721], [-123.284, 40.721], [-123.284, 40.7216]]], [[[-123.2847, 40.7213], [-123.285, 40.721], [-123.2847, 40.721], [-123.2847, 40.7213]]], [[[-123.0683, 40.7287], [-123.0687, 40.7276], [-123.0675, 40.7263], [-123.0665, 40.7279], [-123.0679, 40.7276], [-123.0673, 40.7285], [-123.0683, 40.7287]]], [[[-123.3894, 40.7188], [-123.3893, 40.7179], [-123.389, 40.718], [-123.3886, 40.7185], [-123.3894, 40.7188]]], [[[-123.3872, 40.7185], [-123.3876, 40.718], [-123.3872, 40.718], [-123.3872, 40.7185]]], [[[-123.2872, 40.721], [-123.2879, 40.7207], [-123.2872, 40.7207], [-123.2872, 40.721]]], [[[-123.2854, 40.721], [-123.2861, 40.7207], [-123.2854, 40.7207], [-123.2854, 40.721]]], [[[-123.2836, 40.721], [-123.284, 40.7208], [-123.2836, 40.7208], [-123.2836, 40.721]]], [[[-123.2868, 40.7207], [-123.2871, 40.7204], [-123.2868, 40.7204], [-123.2868, 40.7207]]], [[[-123.064, 40.7264], [-123.0643, 40.7261], [-123.064, 40.7261], [-123.064, 40.7264]]], [[[-123.0672, 40.7263], [-123.0675, 40.7257], [-123.0672, 40.7258], [-123.0672, 40.7263]]], [[[-123.0643, 40.7261], [-123.0647, 40.7258], [-123.0643, 40.7258], [-123.0643, 40.7261]]], [[[-123.283, 40.7224], [-123.2822, 40.7211], [-123.2829, 40.7203], [-123.2818, 40.72], [-123.2822, 40.7205], [-123.2812, 40.7214], [-123.283, 40.7224]]], [[[-123.0633, 40.7258], [-123.0636, 40.7256], [-123.0632, 40.7256], [-123.0633, 40.7258]]], [[[-123.279, 40.729], [-123.2815, 40.7284], [-123.28, 40.7282], [-123.2811, 40.7271], [-123.28, 40.7265], [-123.2793, 40.7271], [-123.2792, 40.7263], [-123.28, 40.7263], [-123.2795, 40.7249], [-123.2824, 40.7249], [-123.2827, 40.7235], [-123.2816, 40.7235], [-123.2823, 40.7224], [-123.2808, 40.7217], [-123.2807, 40.7203], [-123.2797, 40.7206], [-123.2793, 40.7198], [-123.2782, 40.7198], [-123.2786, 40.7277], [-123.2797, 40.7282], [-123.279, 40.729]], [[-123.2792, 40.7258], [-123.2789, 40.726], [-123.2789, 40.7258], [-123.2792, 40.7258]], [[-123.2799, 40.7244], [-123.2795, 40.7247], [-123.2795, 40.7244], [-123.2799, 40.7244]], [[-123.2802, 40.7241], [-123.2799, 40.7244], [-123.2799, 40.7241], [-123.2802, 40.7241]], [[-123.2805, 40.7233], [-123.2802, 40.7241], [-123.2802, 40.7233], [-123.2805, 40.7233]], [[-123.2801, 40.7214], [-123.2797, 40.7217], [-123.2797, 40.7214], [-123.2801, 40.7214]], [[-123.2804, 40.7211], [-123.2801, 40.7214], [-123.2801, 40.7211], [-123.2804, 40.7211]]], [[[-123.3964, 40.7177], [-123.3964, 40.7172], [-123.3953, 40.7167], [-123.395, 40.7172], [-123.3964, 40.7177]]], [[[-123.2825, 40.72], [-123.2829, 40.7197], [-123.2825, 40.7197], [-123.2825, 40.72]]], [[[-123.0615, 40.7256], [-123.0618, 40.7253], [-123.0615, 40.7254], [-123.0615, 40.7256]]], [[[-123.4005, 40.7212], [-123.4005, 40.7203], [-123.4022, 40.72], [-123.403, 40.7208], [-123.4033, 40.7197], [-123.404, 40.7197], [-123.4033, 40.7195], [-123.4035, 40.7181], [-123.4017, 40.7176], [-123.4021, 40.7168], [-123.4013, 40.7163], [-123.4006, 40.7166], [-123.401, 40.7171], [-123.3992, 40.7171], [-123.4003, 40.7179], [-123.3997, 40.7193], [-123.4005, 40.7212]], [[-123.4018, 40.7181], [-123.4014, 40.7184], [-123.4014, 40.7182], [-123.4018, 40.7181]]], [[[-123.2914, 40.72], [-123.2917, 40.7192], [-123.2914, 40.7192], [-123.2914, 40.72]]], [[[-123.0657, 40.7258], [-123.0661, 40.7252], [-123.0646, 40.725], [-123.0647, 40.7255], [-123.0657, 40.7258]]], [[[-123.4028, 40.7165], [-123.4031, 40.7162], [-123.4027, 40.7162], [-123.4028, 40.7165]]], [[[-123.3978, 40.7166], [-123.3981, 40.7163], [-123.3978, 40.7164], [-123.3978, 40.7166]]], [[[-123.3855, 40.7199], [-123.3858, 40.7186], [-123.3872, 40.7177], [-123.3858, 40.7178], [-123.3843, 40.7165], [-123.3843, 40.7173], [-123.385, 40.7172], [-123.3845, 40.72], [-123.3855, 40.7199]], [[-123.3854, 40.7183], [-123.3851, 40.7186], [-123.3851, 40.7183], [-123.3854, 40.7183]]], [[[-123.3999, 40.7163], [-123.4006, 40.7166], [-123.4006, 40.716], [-123.3999, 40.7163]]], [[[-123.385, 40.7167], [-123.3854, 40.7164], [-123.385, 40.7164], [-123.385, 40.7167]]], [[[-123.3886, 40.7172], [-123.3882, 40.7163], [-123.3871, 40.7166], [-123.3864, 40.7161], [-123.3868, 40.7169], [-123.3886, 40.7172]]], [[[-123.402, 40.7162], [-123.4027, 40.716], [-123.402, 40.7157], [-123.402, 40.7162]]], [[[-123.3846, 40.7164], [-123.385, 40.7162], [-123.3846, 40.7162], [-123.3846, 40.7164]]], [[[-123.2796, 40.7193], [-123.2803, 40.7192], [-123.2807, 40.719], [-123.2796, 40.7193]]], [[[-123.0625, 40.7248], [-123.0628, 40.7245], [-123.0625, 40.7245], [-123.0625, 40.7248]]], [[[-123.0611, 40.7248], [-123.0618, 40.7245], [-123.0611, 40.7246], [-123.0611, 40.7248]]], [[[-123.2782, 40.7193], [-123.2785, 40.7187], [-123.2782, 40.7188], [-123.2782, 40.7193]]], [[[-123.3978, 40.7158], [-123.3981, 40.7155], [-123.3977, 40.7155], [-123.3978, 40.7158]]], [[[-123.2871, 40.7188], [-123.2878, 40.7185], [-123.2871, 40.7185], [-123.2871, 40.7188]]], [[[-123.2864, 40.7188], [-123.2867, 40.7185], [-123.2864, 40.7185], [-123.2864, 40.7188]]], [[[-123.066, 40.7244], [-123.0667, 40.7241], [-123.066, 40.7242], [-123.066, 40.7244]]], [[[-123.0621, 40.7245], [-123.0625, 40.7242], [-123.0621, 40.7243], [-123.0621, 40.7245]]], [[[-123.2914, 40.7192], [-123.2917, 40.7181], [-123.2913, 40.7187], [-123.291, 40.7181], [-123.2885, 40.7188], [-123.2885, 40.7193], [-123.2914, 40.7192]]], [[[-123.2835, 40.7189], [-123.2835, 40.7183], [-123.2824, 40.7186], [-123.2825, 40.7189], [-123.2835, 40.7189]]], [[[-123.4009, 40.7155], [-123.4013, 40.7152], [-123.4009, 40.7152], [-123.4009, 40.7155]]], [[[-123.2878, 40.7185], [-123.2885, 40.7182], [-123.2878, 40.7182], [-123.2878, 40.7185]]], [[[-123.2807, 40.7187], [-123.2814, 40.7184], [-123.2807, 40.7184], [-123.2807, 40.7187]]], [[[-123.28, 40.719], [-123.2796, 40.7182], [-123.2785, 40.7182], [-123.2785, 40.7187], [-123.28, 40.719]]], [[[-123.286, 40.7183], [-123.2863, 40.718], [-123.286, 40.718], [-123.286, 40.7183]]], [[[-123.2835, 40.7183], [-123.2842, 40.7181], [-123.2835, 40.7181], [-123.2835, 40.7183]]], [[[-123.2814, 40.7184], [-123.2817, 40.7181], [-123.2814, 40.7181], [-123.2814, 40.7184]]], [[[-123.3849, 40.7154], [-123.3853, 40.7151], [-123.3849, 40.7151], [-123.3849, 40.7154]]], [[[-123.2909, 40.7179], [-123.2913, 40.7176], [-123.2909, 40.7176], [-123.2909, 40.7179]]], [[[-123.2853, 40.718], [-123.2856, 40.7177], [-123.2853, 40.7178], [-123.2853, 40.718]]], [[[-123.0639, 40.7237], [-123.0642, 40.7234], [-123.0639, 40.7234], [-123.0639, 40.7237]]], [[[-123.061, 40.7237], [-123.0614, 40.7235], [-123.061, 40.7235], [-123.061, 40.7237]]], [[[-123.3929, 40.7181], [-123.395, 40.7175], [-123.3946, 40.717], [-123.3953, 40.7164], [-123.3964, 40.7169], [-123.3978, 40.7164], [-123.3978, 40.7158], [-123.3974, 40.7158], [-123.3974, 40.715], [-123.3966, 40.7145], [-123.3949, 40.7148], [-123.3942, 40.7162], [-123.3935, 40.7159], [-123.3936, 40.7173], [-123.3929, 40.7173], [-123.3929, 40.7181]], [[-123.3963, 40.7156], [-123.3956, 40.7159], [-123.3956, 40.7156], [-123.3963, 40.7156]], [[-123.3967, 40.7153], [-123.3963, 40.7156], [-123.3963, 40.7153], [-123.3967, 40.7153]]], [[[-123.2916, 40.7179], [-123.292, 40.7173], [-123.2916, 40.7173], [-123.2916, 40.7179]]], [[[-123.2877, 40.718], [-123.2877, 40.7174], [-123.287, 40.7174], [-123.287, 40.7177], [-123.2877, 40.718]]], [[[-123.0628, 40.7242], [-123.0628, 40.7232], [-123.0614, 40.7237], [-123.0614, 40.724], [-123.0628, 40.7242]]], [[[-123.2884, 40.7177], [-123.2888, 40.7174], [-123.2884, 40.7174], [-123.2884, 40.7177]]], [[[-123.2831, 40.7178], [-123.2835, 40.7175], [-123.2831, 40.7175], [-123.2831, 40.7178]]], [[[-123.0642, 40.7234], [-123.0646, 40.7231], [-123.0642, 40.7231], [-123.0642, 40.7234]]], [[[-123.3878, 40.7147], [-123.3888, 40.7144], [-123.3877, 40.7145], [-123.3878, 40.7147]]], [[[-123.2863, 40.7175], [-123.287, 40.7172], [-123.2863, 40.7172], [-123.2863, 40.7175]]], [[[-123.2828, 40.7176], [-123.2831, 40.7173], [-123.2827, 40.7173], [-123.2828, 40.7176]]], [[[-123.2817, 40.7176], [-123.282, 40.717], [-123.2817, 40.717], [-123.2817, 40.7176]]], [[[-123.3867, 40.7145], [-123.3874, 40.7142], [-123.3867, 40.7142], [-123.3867, 40.7145]]], [[[-123.2852, 40.7172], [-123.2859, 40.7169], [-123.2852, 40.7169], [-123.2852, 40.7172]]], [[[-123.0638, 40.7226], [-123.0642, 40.7223], [-123.0638, 40.7223], [-123.0638, 40.7226]]], [[[-123.066, 40.7231], [-123.066, 40.7225], [-123.0645, 40.722], [-123.0645, 40.7228], [-123.066, 40.7231]]], [[[-123.2852, 40.7164], [-123.2855, 40.7161], [-123.2852, 40.7161], [-123.2852, 40.7164]]], [[[-123.2845, 40.7164], [-123.2848, 40.7161], [-123.2845, 40.7162], [-123.2845, 40.7164]]], [[[-123.0649, 40.722], [-123.0652, 40.7217], [-123.0649, 40.7218], [-123.0649, 40.722]]], [[[-123.0624, 40.7221], [-123.0631, 40.7221], [-123.0634, 40.7218], [-123.0624, 40.7221]]], [[[-123.2841, 40.7162], [-123.2845, 40.7159], [-123.2841, 40.7159], [-123.2841, 40.7162]]], [[[-123.0602, 40.7219], [-123.0606, 40.7216], [-123.0602, 40.7216], [-123.0602, 40.7219]]], [[[-123.0648, 40.7215], [-123.0652, 40.7212], [-123.0648, 40.7212], [-123.0648, 40.7215]]], [[[-123.0595, 40.7216], [-123.0599, 40.7211], [-123.0595, 40.7211], [-123.0595, 40.7216]]], [[[-123.0613, 40.7213], [-123.0616, 40.721], [-123.0613, 40.721], [-123.0613, 40.7213]]], [[[-123.0563, 40.7214], [-123.057, 40.7211], [-123.0563, 40.7212], [-123.0563, 40.7214]]], [[[-123.0631, 40.7215], [-123.063, 40.721], [-123.0623, 40.7207], [-123.0624, 40.7213], [-123.0631, 40.7215]]], [[[-123.2802, 40.7155], [-123.2805, 40.7152], [-123.2802, 40.7152], [-123.2802, 40.7155]]], [[[-123.0599, 40.7211], [-123.0602, 40.7208], [-123.0598, 40.7208], [-123.0599, 40.7211]]], [[[-123.1099, 40.7196], [-123.1102, 40.7193], [-123.1099, 40.7193], [-123.1099, 40.7196]]], [[[-123.2802, 40.7152], [-123.2801, 40.7146], [-123.2794, 40.7147], [-123.2794, 40.7149], [-123.2802, 40.7152]]], [[[-123.0556, 40.7209], [-123.0563, 40.7206], [-123.0556, 40.7204], [-123.0556, 40.7209]]], [[[-123.1077, 40.7193], [-123.1081, 40.7191], [-123.1077, 40.7191], [-123.1077, 40.7193]]], [[[-123.0534, 40.7207], [-123.0538, 40.7204], [-123.0534, 40.7204], [-123.0534, 40.7207]]], [[[-123.288, 40.7158], [-123.2879, 40.7142], [-123.2865, 40.7142], [-123.2858, 40.7153], [-123.288, 40.7158]]], [[[-123.2851, 40.7151], [-123.2851, 40.7142], [-123.2848, 40.7148], [-123.2823, 40.7143], [-123.2826, 40.7149], [-123.2851, 40.7151]]], [[[-123.1248, 40.7189], [-123.1247, 40.7184], [-123.124, 40.7184], [-123.124, 40.7187], [-123.1248, 40.7189]]], [[[-123.2901, 40.7141], [-123.2908, 40.7138], [-123.29, 40.7138], [-123.2901, 40.7141]]], [[[-123.2879, 40.7142], [-123.2886, 40.7139], [-123.2879, 40.7139], [-123.2879, 40.7142]]], [[[-123.1088, 40.7188], [-123.1091, 40.7185], [-123.1088, 40.7185], [-123.1088, 40.7188]]], [[[-123.0638, 40.7212], [-123.0637, 40.7207], [-123.0648, 40.7209], [-123.064, 40.7193], [-123.0626, 40.7199], [-123.0638, 40.7212]]], [[[-123.2329, 40.7156], [-123.2333, 40.7151], [-123.2329, 40.7151], [-123.2329, 40.7156]]], [[[-123.062, 40.721], [-123.0623, 40.7194], [-123.0598, 40.7197], [-123.0602, 40.7208], [-123.0612, 40.72], [-123.062, 40.721]], [[-123.0605, 40.72], [-123.0602, 40.7202], [-123.0602, 40.72], [-123.0605, 40.72]]], [[[-123.1084, 40.7188], [-123.1084, 40.718], [-123.1077, 40.718], [-123.1077, 40.7188], [-123.1084, 40.7188]]], [[[-123.2212, 40.7156], [-123.2219, 40.7151], [-123.2208, 40.7151], [-123.2212, 40.7156]]], [[[-123.1237, 40.7189], [-123.123, 40.7184], [-123.124, 40.7179], [-123.1212, 40.7179], [-123.1222, 40.7182], [-123.1216, 40.719], [-123.1237, 40.7189]]], [[[-123.1265, 40.7189], [-123.1265, 40.7183], [-123.1254, 40.7173], [-123.1251, 40.7186], [-123.1265, 40.7189]]], [[[-123.2382, 40.7147], [-123.2386, 40.7144], [-123.2382, 40.7144], [-123.2382, 40.7147]]], [[[-123.2343, 40.7148], [-123.235, 40.7147], [-123.2354, 40.7145], [-123.2343, 40.7148]]], [[[-123.124, 40.7176], [-123.1243, 40.7173], [-123.124, 40.7173], [-123.124, 40.7176]]], [[[-123.0633, 40.7194], [-123.0637, 40.7185], [-123.0633, 40.7185], [-123.0633, 40.7194]]], [[[-123.0608, 40.7192], [-123.0612, 40.7186], [-123.0608, 40.7186], [-123.0608, 40.7192]]], [[[-123.224, 40.7148], [-123.2244, 40.7145], [-123.224, 40.7145], [-123.224, 40.7148]]], [[[-123.0615, 40.7189], [-123.0619, 40.7186], [-123.0615, 40.7186], [-123.0615, 40.7189]]], [[[-123.0619, 40.7186], [-123.0622, 40.7183], [-123.0619, 40.7183], [-123.0619, 40.7186]]], [[[-123.0569, 40.7187], [-123.0573, 40.7184], [-123.0569, 40.7184], [-123.0569, 40.7187]]], [[[-123.1197, 40.7169], [-123.1204, 40.7166], [-123.1197, 40.7166], [-123.1197, 40.7169]]], [[[-123.1208, 40.7169], [-123.1211, 40.7163], [-123.1207, 40.7163], [-123.1208, 40.7169]]], [[[-123.0629, 40.7183], [-123.0633, 40.7177], [-123.0629, 40.7177], [-123.0629, 40.7183]]], [[[-123.2236, 40.714], [-123.2243, 40.7137], [-123.2236, 40.7137], [-123.2236, 40.714]]], [[[-123.2244, 40.7145], [-123.2258, 40.7139], [-123.2243, 40.7134], [-123.2247, 40.7137], [-123.2244, 40.7145]]], [[[-123.2357, 40.7136], [-123.2364, 40.7131], [-123.2357, 40.7131], [-123.2357, 40.7136]]], [[[-123.2332, 40.7134], [-123.2343, 40.7131], [-123.2332, 40.7132], [-123.2332, 40.7134]]], [[[-123.1108, 40.7166], [-123.1111, 40.7163], [-123.1108, 40.7163], [-123.1108, 40.7166]]], [[[-123.2382, 40.713], [-123.2385, 40.7128], [-123.2381, 40.7128], [-123.2382, 40.713]]], [[[-123.2353, 40.7126], [-123.2356, 40.7123], [-123.2353, 40.7123], [-123.2353, 40.7126]]], [[[-123.2278, 40.7128], [-123.2282, 40.7125], [-123.2278, 40.7125], [-123.2278, 40.7128]]], [[[-123.1221, 40.7152], [-123.1225, 40.7155], [-123.1228, 40.7152], [-123.1221, 40.7152]]], [[[-123.1204, 40.7155], [-123.1207, 40.7152], [-123.1203, 40.7152], [-123.1204, 40.7155]]], [[[-123.1076, 40.7158], [-123.1079, 40.7156], [-123.1076, 40.7156], [-123.1076, 40.7158]]], [[[-123.2289, 40.7125], [-123.2292, 40.7122], [-123.2289, 40.7122], [-123.2289, 40.7125]]], [[[-123.2218, 40.7127], [-123.2221, 40.7124], [-123.2218, 40.7124], [-123.2218, 40.7127]]], [[[-123.1079, 40.7156], [-123.1086, 40.7153], [-123.1079, 40.7153], [-123.1079, 40.7156]]], [[[-123.1122, 40.716], [-123.1122, 40.7149], [-123.1111, 40.7149], [-123.1111, 40.7155], [-123.1122, 40.716]]], [[[-123.1214, 40.7155], [-123.1214, 40.7149], [-123.1207, 40.7147], [-123.1207, 40.7152], [-123.1214, 40.7155]]], [[[-123.2317, 40.7121], [-123.2328, 40.7118], [-123.2317, 40.7119], [-123.2317, 40.7121]]], [[[-123.2225, 40.7124], [-123.2228, 40.7121], [-123.2225, 40.7121], [-123.2225, 40.7124]]], [[[-123.2221, 40.7121], [-123.2225, 40.7118], [-123.2221, 40.7118], [-123.2221, 40.7121]]], [[[-123.1189, 40.715], [-123.1199, 40.7144], [-123.1189, 40.7145], [-123.1189, 40.715]]], [[[-123.2328, 40.7118], [-123.2335, 40.7113], [-123.2324, 40.7113], [-123.2328, 40.7118]]], [[[-123.2345, 40.7115], [-123.2349, 40.7112], [-123.2345, 40.7112], [-123.2345, 40.7115]]], [[[-123.2306, 40.7116], [-123.231, 40.7113], [-123.2306, 40.7113], [-123.2306, 40.7116]]], [[[-123.2281, 40.7117], [-123.2285, 40.7114], [-123.2281, 40.7114], [-123.2281, 40.7117]]], [[[-123.1082, 40.7147], [-123.1089, 40.7144], [-123.1082, 40.7145], [-123.1082, 40.7147]]], [[[-123.2211, 40.7119], [-123.2217, 40.7113], [-123.2214, 40.7113], [-123.2211, 40.7119]]], [[[-123.2352, 40.7112], [-123.2356, 40.7109], [-123.2352, 40.711], [-123.2352, 40.7112]]], [[[-123.2221, 40.7116], [-123.2224, 40.7113], [-123.2221, 40.7113], [-123.2221, 40.7116]]], [[[-123.1199, 40.7142], [-123.1203, 40.7139], [-123.1199, 40.7139], [-123.1199, 40.7142]]], [[[-123.221, 40.7113], [-123.2214, 40.711], [-123.221, 40.7111], [-123.221, 40.7113]]], [[[-123.1206, 40.7139], [-123.121, 40.7136], [-123.1206, 40.7136], [-123.1206, 40.7139]]], [[[-123.0546, 40.7152], [-123.055, 40.715], [-123.0546, 40.715], [-123.0546, 40.7152]]], [[[-123.0539, 40.715], [-123.0543, 40.7147], [-123.0539, 40.7147], [-123.0539, 40.715]]], [[[-123.1235, 40.7154], [-123.1242, 40.7149], [-123.1238, 40.7141], [-123.126, 40.7146], [-123.1259, 40.7129], [-123.1234, 40.7127], [-123.1231, 40.7133], [-123.1242, 40.7138], [-123.1227, 40.7133], [-123.1213, 40.7139], [-123.1235, 40.7154]]], [[[-123.1104, 40.7144], [-123.111, 40.7133], [-123.11, 40.7136], [-123.1099, 40.7131], [-123.1092, 40.7131], [-123.1104, 40.7144]]], [[[-123.1217, 40.713], [-123.122, 40.7128], [-123.1217, 40.7128], [-123.1217, 40.713]]], [[[-123.3359, 40.7072], [-123.3363, 40.7069], [-123.3359, 40.7069], [-123.3359, 40.7072]]], [[[-123.238, 40.7098], [-123.2391, 40.7095], [-123.238, 40.7095], [-123.238, 40.7098]]], [[[-123.1153, 40.7129], [-123.1156, 40.7127], [-123.1153, 40.7127], [-123.1153, 40.7129]]], [[[-123.0581, 40.7144], [-123.0585, 40.7141], [-123.0581, 40.7141], [-123.0581, 40.7144]]], [[[-123.055, 40.7144], [-123.0557, 40.7141], [-123.0549, 40.7142], [-123.055, 40.7144]]], [[[-123.0542, 40.7144], [-123.0546, 40.7142], [-123.0542, 40.7142], [-123.0542, 40.7144]]], [[[-123.2238, 40.7102], [-123.2245, 40.7099], [-123.2238, 40.7096], [-123.2238, 40.7102]]], [[[-123.1128, 40.713], [-123.1135, 40.7127], [-123.1128, 40.7125], [-123.1128, 40.713]]], [[[-123.2245, 40.7099], [-123.2249, 40.7096], [-123.2245, 40.7096], [-123.2245, 40.7099]]], [[[-123.1085, 40.7128], [-123.1092, 40.7125], [-123.1085, 40.7126], [-123.1085, 40.7128]]], [[[-123.0585, 40.7141], [-123.0588, 40.7135], [-123.0585, 40.7135], [-123.0585, 40.7141]]], [[[-123.1216, 40.7122], [-123.122, 40.712], [-123.1216, 40.712], [-123.1216, 40.7122]]], [[[-123.1199, 40.7139], [-123.1202, 40.7131], [-123.1195, 40.7126], [-123.1202, 40.712], [-123.1191, 40.712], [-123.1185, 40.7131], [-123.1199, 40.7139]]], [[[-123.1131, 40.7124], [-123.1135, 40.7122], [-123.1131, 40.7122], [-123.1131, 40.7124]]], [[[-123.1149, 40.7127], [-123.1156, 40.7124], [-123.1156, 40.7118], [-123.1145, 40.7121], [-123.1149, 40.7127]]], [[[-123.1142, 40.7122], [-123.1145, 40.7119], [-123.1142, 40.7119], [-123.1142, 40.7122]]], [[[-123.2278, 40.7122], [-123.2281, 40.7117], [-123.2274, 40.7114], [-123.2288, 40.7111], [-123.2288, 40.7106], [-123.2277, 40.7106], [-123.227, 40.7087], [-123.2263, 40.709], [-123.2245, 40.7088], [-123.2252, 40.7096], [-123.2252, 40.7101], [-123.2245, 40.7102], [-123.2249, 40.7104], [-123.2249, 40.7112], [-123.2253, 40.7112], [-123.2253, 40.7118], [-123.2278, 40.7122]], [[-123.2267, 40.7114], [-123.226, 40.7115], [-123.226, 40.7109], [-123.2263, 40.7109], [-123.2267, 40.7114]], [[-123.2278, 40.7111], [-123.2271, 40.7112], [-123.227, 40.7106], [-123.2274, 40.7106], [-123.2278, 40.7111]], [[-123.2256, 40.7109], [-123.2253, 40.7112], [-123.2253, 40.7109], [-123.2256, 40.7109]], [[-123.226, 40.7104], [-123.2256, 40.7107], [-123.2256, 40.7104], [-123.226, 40.7104]], [[-123.2259, 40.7093], [-123.2252, 40.7096], [-123.2252, 40.7093], [-123.2259, 40.7093]]], [[[-123.2209, 40.7094], [-123.2213, 40.7089], [-123.2209, 40.7089], [-123.2209, 40.7094]]], [[[-123.2323, 40.7089], [-123.2326, 40.7086], [-123.2323, 40.7086], [-123.2323, 40.7089]]], [[[-123.1113, 40.712], [-123.1117, 40.7117], [-123.1113, 40.7117], [-123.1113, 40.712]]], [[[-123.1262, 40.7116], [-123.1265, 40.711], [-123.1262, 40.711], [-123.1262, 40.7116]]], [[[-123.2312, 40.7086], [-123.2316, 40.7083], [-123.2312, 40.7084], [-123.2312, 40.7086]]], [[[-123.1117, 40.7117], [-123.112, 40.7114], [-123.1116, 40.7114], [-123.1117, 40.7117]]], [[[-123.0545, 40.7131], [-123.0549, 40.7128], [-123.0545, 40.7128], [-123.0545, 40.7131]]], [[[-123.239, 40.7084], [-123.2393, 40.7079], [-123.239, 40.7079], [-123.239, 40.7084]]], [[[-123.2376, 40.7082], [-123.2379, 40.7079], [-123.2376, 40.7079], [-123.2376, 40.7082]]], [[[-123.2333, 40.7083], [-123.2337, 40.708], [-123.2333, 40.708], [-123.2333, 40.7083]]], [[[-123.2248, 40.7088], [-123.2259, 40.7082], [-123.2248, 40.7083], [-123.2248, 40.7088]]], [[[-123.1113, 40.7114], [-123.1116, 40.7111], [-123.1113, 40.7111], [-123.1113, 40.7114]]], [[[-123.0542, 40.7128], [-123.0545, 40.7125], [-123.0542, 40.7126], [-123.0542, 40.7128]]], [[[-123.2308, 40.7084], [-123.2312, 40.7078], [-123.2308, 40.7078], [-123.2308, 40.7084]]], [[[-123.2241, 40.7083], [-123.2244, 40.708], [-123.2241, 40.708], [-123.2241, 40.7083]]], [[[-123.1227, 40.7114], [-123.1226, 40.7109], [-123.123, 40.7106], [-123.1219, 40.7109], [-123.1227, 40.7114]]], [[[-123.1148, 40.7111], [-123.1152, 40.7108], [-123.1148, 40.7108], [-123.1148, 40.7111]]], [[[-123.2383, 40.7076], [-123.2393, 40.7073], [-123.2383, 40.7074], [-123.2383, 40.7076]]], [[[-123.234, 40.7077], [-123.2344, 40.7075], [-123.234, 40.7075], [-123.234, 40.7077]]], [[[-123.2326, 40.7078], [-123.2329, 40.7075], [-123.2326, 40.7075], [-123.2326, 40.7078]]], [[[-123.1169, 40.7107], [-123.1173, 40.7105], [-123.1169, 40.7105], [-123.1169, 40.7107]]], [[[-123.2262, 40.7082], [-123.2265, 40.7074], [-123.2255, 40.7074], [-123.2255, 40.708], [-123.2262, 40.7082]]], [[[-123.0577, 40.7122], [-123.0577, 40.7117], [-123.057, 40.7117], [-123.057, 40.7119], [-123.0577, 40.7122]]], [[[-123.2312, 40.7075], [-123.2315, 40.7073], [-123.2311, 40.7073], [-123.2312, 40.7075]]], [[[-123.1098, 40.7104], [-123.1102, 40.7106], [-123.1105, 40.7103], [-123.1098, 40.7104]]], [[[-123.2295, 40.7108], [-123.2306, 40.71], [-123.2305, 40.7095], [-123.2291, 40.7095], [-123.2302, 40.7089], [-123.2294, 40.7079], [-123.2305, 40.7081], [-123.2304, 40.7073], [-123.2294, 40.7076], [-123.229, 40.7071], [-123.2284, 40.7098], [-123.2295, 40.71], [-123.2295, 40.7108]]], [[[-123.2361, 40.7077], [-123.2361, 40.7074], [-123.2354, 40.7074], [-123.235, 40.7069], [-123.2343, 40.7072], [-123.2361, 40.7077]]], [[[-123.0567, 40.7125], [-123.0566, 40.7114], [-123.0552, 40.7117], [-123.0552, 40.7123], [-123.0567, 40.7125]]], [[[-123.2372, 40.7079], [-123.2382, 40.7071], [-123.2372, 40.7074], [-123.2357, 40.7066], [-123.2354, 40.7072], [-123.2361, 40.7071], [-123.2372, 40.7079]]], [[[-123.234, 40.7069], [-123.2347, 40.7066], [-123.234, 40.7067], [-123.234, 40.7069]]], [[[-123.2322, 40.707], [-123.2325, 40.7067], [-123.2322, 40.7067], [-123.2322, 40.707]]], [[[-123.2294, 40.7071], [-123.2297, 40.7068], [-123.2294, 40.7068], [-123.2294, 40.7071]]], [[[-123.0545, 40.7123], [-123.0545, 40.7115], [-123.0552, 40.7112], [-123.0541, 40.7112], [-123.0541, 40.712], [-123.0534, 40.712], [-123.0545, 40.7123]]], [[[-123.2318, 40.7067], [-123.2322, 40.7064], [-123.2318, 40.7064], [-123.2318, 40.7067]]], [[[-123.1251, 40.7103], [-123.1254, 40.7092], [-123.124, 40.7087], [-123.1236, 40.7095], [-123.1247, 40.7092], [-123.124, 40.7103], [-123.1251, 40.7103]]], [[[-123.23, 40.7065], [-123.2304, 40.7059], [-123.23, 40.706], [-123.23, 40.7065]]], [[[-123.1229, 40.7092], [-123.1233, 40.7087], [-123.1229, 40.7087], [-123.1229, 40.7092]]], [[[-123.1119, 40.7095], [-123.1119, 40.7087], [-123.1105, 40.7087], [-123.1112, 40.7095], [-123.1119, 40.7095]]], [[[-123.1172, 40.7091], [-123.1179, 40.7088], [-123.1172, 40.7086], [-123.1172, 40.7091]]], [[[-123.2336, 40.7059], [-123.2339, 40.7056], [-123.2336, 40.7056], [-123.2336, 40.7059]]], [[[-123.1265, 40.7091], [-123.1264, 40.7081], [-123.1261, 40.7081], [-123.1257, 40.7089], [-123.1265, 40.7091]]], [[[-123.2332, 40.7056], [-123.2335, 40.7053], [-123.2332, 40.7053], [-123.2332, 40.7056]]], [[[-123.2335, 40.7053], [-123.2339, 40.705], [-123.2335, 40.7051], [-123.2335, 40.7053]]], [[[-123.2328, 40.7051], [-123.2335, 40.7048], [-123.2328, 40.7048], [-123.2328, 40.7051]]], [[[-123.2293, 40.7049], [-123.2296, 40.7046], [-123.2293, 40.7046], [-123.2293, 40.7049]]], [[[-123.1243, 40.7076], [-123.1246, 40.7073], [-123.1243, 40.7073], [-123.1243, 40.7076]]], [[[-123.1257, 40.7073], [-123.1264, 40.707], [-123.1257, 40.707], [-123.1257, 40.7073]]], [[[-123.1118, 40.7076], [-123.1122, 40.7073], [-123.1118, 40.7073], [-123.1118, 40.7076]]], [[[-123.1236, 40.7084], [-123.1224, 40.7065], [-123.1217, 40.7066], [-123.1225, 40.7082], [-123.1236, 40.7084]]], [[[-123.1203, 40.7066], [-123.1207, 40.7063], [-123.1203, 40.7063], [-123.1203, 40.7066]]], [[[-123.1143, 40.7067], [-123.1146, 40.7065], [-123.1143, 40.7065], [-123.1143, 40.7067]]], [[[-123.1178, 40.7064], [-123.1182, 40.7061], [-123.1178, 40.7061], [-123.1178, 40.7064]]], [[[-123.2267, 40.7039], [-123.2267, 40.7031], [-123.2263, 40.7031], [-123.226, 40.7039], [-123.2267, 40.7039]]], [[[-123.1182, 40.7061], [-123.1185, 40.7058], [-123.1182, 40.7058], [-123.1182, 40.7061]]], [[[-123.1196, 40.7061], [-123.1203, 40.7055], [-123.1199, 40.7055], [-123.1196, 40.7061]]], [[[-123.2285, 40.703], [-123.2288, 40.7027], [-123.2285, 40.7028], [-123.2285, 40.703]]], [[[-123.2278, 40.703], [-123.2281, 40.7028], [-123.2278, 40.7028], [-123.2278, 40.703]]], [[[-123.226, 40.7031], [-123.2263, 40.7028], [-123.226, 40.7028], [-123.226, 40.7031]]], [[[-123.1174, 40.7056], [-123.1178, 40.7053], [-123.1174, 40.7053], [-123.1174, 40.7056]]], [[[-123.1093, 40.7061], [-123.1089, 40.7053], [-123.1078, 40.7055], [-123.1082, 40.7061], [-123.1093, 40.7061]]], [[[-123.2281, 40.7028], [-123.2284, 40.7022], [-123.2281, 40.7022], [-123.2281, 40.7028]]], [[[-123.2263, 40.7028], [-123.2267, 40.7023], [-123.2263, 40.7023], [-123.2263, 40.7028]]], [[[-123.2334, 40.7024], [-123.2341, 40.7021], [-123.2334, 40.7021], [-123.2334, 40.7024]]], [[[-123.2252, 40.7023], [-123.2256, 40.7026], [-123.226, 40.7023], [-123.2252, 40.7023]]], [[[-123.1132, 40.7054], [-123.1139, 40.7051], [-123.1132, 40.7051], [-123.1132, 40.7054]]], [[[-123.233, 40.7021], [-123.2334, 40.7018], [-123.233, 40.7018], [-123.233, 40.7021]]], [[[-123.1206, 40.7052], [-123.1206, 40.7047], [-123.1188, 40.7045], [-123.1188, 40.7053], [-123.1206, 40.7052]]], [[[-123.2366, 40.7017], [-123.2369, 40.7014], [-123.2366, 40.7015], [-123.2366, 40.7017]]], [[[-123.1213, 40.7047], [-123.122, 40.7044], [-123.1213, 40.7044], [-123.1213, 40.7047]]], [[[-123.1206, 40.7047], [-123.1209, 40.7044], [-123.1206, 40.7044], [-123.1206, 40.7047]]], [[[-123.2359, 40.7034], [-123.2362, 40.7012], [-123.2351, 40.7012], [-123.2348, 40.7018], [-123.2359, 40.702], [-123.2352, 40.7023], [-123.2359, 40.7034]]], [[[-123.2302, 40.7019], [-123.2305, 40.7013], [-123.2291, 40.7014], [-123.2291, 40.7017], [-123.2302, 40.7019]]], [[[-123.123, 40.7038], [-123.1234, 40.7035], [-123.123, 40.7035], [-123.123, 40.7038]]], [[[-123.1264, 40.7067], [-123.1262, 40.7035], [-123.1252, 40.7035], [-123.1248, 40.703], [-123.1223, 40.703], [-123.1227, 40.7036], [-123.1234, 40.7033], [-123.1238, 40.7038], [-123.122, 40.7049], [-123.121, 40.705], [-123.1207, 40.7063], [-123.1228, 40.706], [-123.1228, 40.7065], [-123.1242, 40.7062], [-123.1249, 40.7067], [-123.1253, 40.7062], [-123.1264, 40.7067]], [[-123.1242, 40.7057], [-123.1238, 40.706], [-123.1238, 40.7057], [-123.1242, 40.7057]], [[-123.1238, 40.7057], [-123.1231, 40.7052], [-123.1238, 40.7051], [-123.1234, 40.7046], [-123.1238, 40.7043], [-123.1245, 40.7043], [-123.1238, 40.7057]], [[-123.1217, 40.7055], [-123.1213, 40.7058], [-123.1213, 40.7055], [-123.1217, 40.7055]], [[-123.1252, 40.7038], [-123.1245, 40.7043], [-123.1245, 40.7041], [-123.1252, 40.7038]], [[-123.1238, 40.7041], [-123.1234, 40.7043], [-123.1234, 40.7041], [-123.1238, 40.7041]], [[-123.1244, 40.7032], [-123.1241, 40.7035], [-123.1241, 40.7033], [-123.1244, 40.7032]]], [[[-123.1251, 40.7032], [-123.1258, 40.7029], [-123.1251, 40.703], [-123.1251, 40.7032]]], [[[-123.1106, 40.7036], [-123.1109, 40.7033], [-123.1106, 40.7033], [-123.1106, 40.7036]]], [[[-123.1195, 40.7039], [-123.1205, 40.7033], [-123.1187, 40.7028], [-123.1195, 40.7039]]], [[[-123.118, 40.7031], [-123.1184, 40.7029], [-123.118, 40.7029], [-123.118, 40.7031]]], [[[-123.0771, 40.6998], [-123.0774, 40.6995], [-123.0771, 40.6996], [-123.0771, 40.6998]]], [[[-123.0799, 40.7003], [-123.0799, 40.6987], [-123.0781, 40.699], [-123.0789, 40.7003], [-123.0799, 40.7003]]], [[[-123.077, 40.6977], [-123.0773, 40.6974], [-123.077, 40.6974], [-123.077, 40.6977]]], [[[-123.0752, 40.6988], [-123.0749, 40.698], [-123.0755, 40.6974], [-123.0741, 40.6977], [-123.0742, 40.6988], [-123.0752, 40.6988]]], [[[-123.0603, 40.6992], [-123.0603, 40.6978], [-123.0592, 40.6976], [-123.0599, 40.6981], [-123.0603, 40.6992]]], [[[-123.0773, 40.6974], [-123.0777, 40.6971], [-123.0773, 40.6971], [-123.0773, 40.6974]]], [[[-123.0798, 40.6984], [-123.0798, 40.6971], [-123.0791, 40.6965], [-123.078, 40.6974], [-123.0798, 40.6984]]], [[[-123.0723, 40.6964], [-123.0726, 40.6961], [-123.0723, 40.6962], [-123.0723, 40.6964]]], [[[-123.0595, 40.6967], [-123.0599, 40.6965], [-123.0595, 40.6965], [-123.0595, 40.6967]]], [[[-123.0599, 40.6965], [-123.0602, 40.6962], [-123.0599, 40.6962], [-123.0599, 40.6965]]], [[[-123.057, 40.6965], [-123.057, 40.696], [-123.0574, 40.6957], [-123.0563, 40.696], [-123.057, 40.6965]]], [[[-123.0542, 40.6961], [-123.0545, 40.6958], [-123.0542, 40.6958], [-123.0542, 40.6961]]], [[[-123.0559, 40.6958], [-123.0563, 40.6955], [-123.0559, 40.6955], [-123.0559, 40.6958]]], [[[-123.0747, 40.695], [-123.0751, 40.6947], [-123.0747, 40.6947], [-123.0747, 40.695]]], [[[-123.0556, 40.6955], [-123.0559, 40.6952], [-123.0556, 40.6952], [-123.0556, 40.6955]]], [[[-123.0744, 40.6948], [-123.0747, 40.6945], [-123.0744, 40.6945], [-123.0744, 40.6948]]], [[[-123.0552, 40.6958], [-123.0552, 40.695], [-123.0545, 40.6947], [-123.0542, 40.6955], [-123.0552, 40.6958]]], [[[-123.0584, 40.6949], [-123.0587, 40.6943], [-123.0584, 40.6943], [-123.0584, 40.6949]]], [[[-123.0464, 40.6887], [-123.0468, 40.6884], [-123.0464, 40.6884], [-123.0464, 40.6887]]], [[[-123.0443, 40.6887], [-123.045, 40.6884], [-123.0443, 40.6885], [-123.0443, 40.6887]]], [[[-123.0468, 40.6884], [-123.0471, 40.6881], [-123.0467, 40.6881], [-123.0468, 40.6884]]], [[[-123.0457, 40.6884], [-123.046, 40.6882], [-123.0457, 40.6882], [-123.0457, 40.6884]]], [[[-123.0482, 40.6881], [-123.0481, 40.6876], [-123.0488, 40.6867], [-123.0471, 40.6876], [-123.0482, 40.6881]]], [[[-123.0445, 40.686], [-123.0449, 40.6855], [-123.0445, 40.6855], [-123.0445, 40.686]]], [[[-123.0455, 40.6849], [-123.0459, 40.6846], [-123.0455, 40.6847], [-123.0455, 40.6849]]], [[[-123.0345, 40.6852], [-123.0349, 40.6849], [-123.0345, 40.6849], [-123.0345, 40.6852]]], [[[-123.0469, 40.6846], [-123.0473, 40.6843], [-123.0469, 40.6843], [-123.0469, 40.6846]]], [[[-123.037, 40.6846], [-123.037, 40.684], [-123.0363, 40.6841], [-123.0363, 40.6843], [-123.037, 40.6846]]], [[[-123.0466, 40.6841], [-123.0469, 40.6838], [-123.0466, 40.6838], [-123.0466, 40.6841]]], [[[-123.0501, 40.684], [-123.0505, 40.6834], [-123.0501, 40.6835], [-123.0501, 40.684]]], [[[-123.0469, 40.6838], [-123.0473, 40.6835], [-123.0469, 40.6835], [-123.0469, 40.6838]]], [[[-123.0349, 40.6844], [-123.0356, 40.6841], [-123.0352, 40.6833], [-123.0345, 40.6833], [-123.0349, 40.6844]]], [[[-123.0423, 40.6847], [-123.0401, 40.6826], [-123.038, 40.6824], [-123.0374, 40.6846], [-123.0391, 40.684], [-123.0387, 40.6835], [-123.0402, 40.6834], [-123.0402, 40.6848], [-123.0423, 40.6847]]], [[[-123.0479, 40.6822], [-123.0483, 40.6819], [-123.0479, 40.6819], [-123.0479, 40.6822]]], [[[-123.0462, 40.6841], [-123.0465, 40.6827], [-123.048, 40.6835], [-123.0486, 40.6824], [-123.0479, 40.6822], [-123.0472, 40.6822], [-123.0465, 40.6825], [-123.0468, 40.6816], [-123.0451, 40.6817], [-123.0458, 40.6819], [-123.0458, 40.6833], [-123.0451, 40.6836], [-123.0462, 40.6841]]], [[[-123.049, 40.6819], [-123.05, 40.6816], [-123.049, 40.6816], [-123.049, 40.6819]]], [[[-123.0347, 40.6806], [-123.0351, 40.6803], [-123.0347, 40.6803], [-123.0347, 40.6806]]], [[[-123.0542, 40.6796], [-123.0549, 40.6793], [-123.0542, 40.6793], [-123.0542, 40.6796]]], [[[-123.0439, 40.6796], [-123.0442, 40.6793], [-123.0439, 40.6793], [-123.0439, 40.6796]]], [[[-123.0556, 40.679], [-123.0559, 40.6787], [-123.0556, 40.6787], [-123.0556, 40.679]]], [[[-123.0368, 40.6795], [-123.0371, 40.6792], [-123.0368, 40.6792], [-123.0368, 40.6795]]], [[[-123.0396, 40.6791], [-123.04, 40.6786], [-123.0396, 40.6786], [-123.0396, 40.6791]]], [[[-123.0393, 40.6799], [-123.0396, 40.6794], [-123.0371, 40.6784], [-123.0375, 40.6797], [-123.0393, 40.6799]]], [[[-123.0524, 40.6783], [-123.0527, 40.678], [-123.0523, 40.678], [-123.0524, 40.6783]]], [[[-123.0511, 40.6813], [-123.0527, 40.6788], [-123.0524, 40.6783], [-123.052, 40.6783], [-123.0517, 40.6786], [-123.0516, 40.6777], [-123.0502, 40.6783], [-123.0503, 40.681], [-123.0511, 40.6813]], [[-123.0513, 40.6791], [-123.051, 40.6797], [-123.051, 40.6791], [-123.0513, 40.6791]], [[-123.051, 40.6788], [-123.0506, 40.6791], [-123.0506, 40.6788], [-123.051, 40.6788]]], [[[-123.0354, 40.6792], [-123.0353, 40.6787], [-123.0357, 40.6781], [-123.0346, 40.6784], [-123.0354, 40.6792]]], [[[-123.0502, 40.678], [-123.0506, 40.6778], [-123.0502, 40.6778], [-123.0502, 40.678]]], [[[-123.0623, 40.6772], [-123.0626, 40.6769], [-123.0622, 40.6769], [-123.0623, 40.6772]]], [[[-123.0502, 40.6775], [-123.0505, 40.677], [-123.0502, 40.677], [-123.0502, 40.6775]]], [[[-123.0502, 40.6767], [-123.0505, 40.6759], [-123.0501, 40.6759], [-123.0502, 40.6767]]], [[[-123.0647, 40.6753], [-123.065, 40.675], [-123.0646, 40.675], [-123.0647, 40.6753]]], [[[-123.0519, 40.6753], [-123.0522, 40.675], [-123.0519, 40.675], [-123.0519, 40.6753]]], [[[-123.0515, 40.6759], [-123.0515, 40.6748], [-123.0508, 40.6748], [-123.0505, 40.6759], [-123.0515, 40.6759]]], [[[-123.0501, 40.6751], [-123.0504, 40.6748], [-123.0501, 40.6748], [-123.0501, 40.6751]]], [[[-123.0537, 40.6758], [-123.0544, 40.675], [-123.0543, 40.6744], [-123.0533, 40.6753], [-123.0537, 40.6758]]], [[[-123.0515, 40.6748], [-123.0518, 40.6745], [-123.0515, 40.6745], [-123.0515, 40.6748]]], [[[-123.0511, 40.6745], [-123.0515, 40.6742], [-123.0511, 40.6742], [-123.0511, 40.6745]]], [[[-123.0579, 40.6738], [-123.0582, 40.6735], [-123.0578, 40.6735], [-123.0579, 40.6738]]], [[[-123.0501, 40.674], [-123.0504, 40.6737], [-123.05, 40.6737], [-123.0501, 40.674]]], [[[-123.0572, 40.6763], [-123.0558, 40.6749], [-123.0561, 40.6744], [-123.0572, 40.6752], [-123.0564, 40.6733], [-123.0547, 40.6755], [-123.0572, 40.6763]]], [[[-123.0653, 40.6725], [-123.0663, 40.6722], [-123.0652, 40.6723], [-123.0653, 40.6725]]], [[[-123.0563, 40.6792], [-123.057, 40.6787], [-123.0581, 40.6789], [-123.0602, 40.6781], [-123.0594, 40.677], [-123.0608, 40.6754], [-123.0618, 40.6753], [-123.0618, 40.6745], [-123.065, 40.6744], [-123.0657, 40.675], [-123.0653, 40.6731], [-123.0642, 40.6736], [-123.0646, 40.6728], [-123.0631, 40.6729], [-123.0624, 40.6718], [-123.061, 40.6721], [-123.0606, 40.6724], [-123.061, 40.6729], [-123.0607, 40.6735], [-123.0596, 40.6732], [-123.0579, 40.6741], [-123.0576, 40.6768], [-123.0566, 40.6776], [-123.0537, 40.6774], [-123.0544, 40.6758], [-123.0537, 40.6763], [-123.0526, 40.6758], [-123.0512, 40.6764], [-123.052, 40.6775], [-123.053, 40.6774], [-123.0534, 40.6785], [-123.0555, 40.6779], [-123.0563, 40.6792]], [[-123.0573, 40.6781], [-123.057, 40.6784], [-123.057, 40.6782], [-123.0573, 40.6781]], [[-123.0583, 40.677], [-123.0577, 40.6776], [-123.0576, 40.6771], [-123.0583, 40.677]], [[-123.0591, 40.677], [-123.0587, 40.6773], [-123.0587, 40.677], [-123.0591, 40.677]], [[-123.0583, 40.6765], [-123.058, 40.6768], [-123.058, 40.6765], [-123.0583, 40.6765]], [[-123.0597, 40.6762], [-123.0594, 40.6765], [-123.0594, 40.6762], [-123.0597, 40.6762]], [[-123.0526, 40.6764], [-123.0523, 40.6766], [-123.0523, 40.6764], [-123.0526, 40.6764]], [[-123.059, 40.6762], [-123.0583, 40.6757], [-123.0586, 40.6743], [-123.0593, 40.6746], [-123.059, 40.6762]], [[-123.0642, 40.6731], [-123.0639, 40.6734], [-123.0639, 40.6731], [-123.0642, 40.6731]], [[-123.0614, 40.6726], [-123.061, 40.6729], [-123.061, 40.6726], [-123.0614, 40.6726]]], [[[-123.0635, 40.672], [-123.0638, 40.6718], [-123.0634, 40.6718], [-123.0635, 40.672]]], [[[-123.0656, 40.672], [-123.0659, 40.6714], [-123.0656, 40.6715], [-123.0656, 40.672]]], [[[-123.061, 40.6718], [-123.0616, 40.6713], [-123.0613, 40.6713], [-123.061, 40.6718]]], [[[-123.0649, 40.6715], [-123.0652, 40.6712], [-123.0648, 40.6712], [-123.0649, 40.6715]]], [[[-123.0645, 40.6712], [-123.0648, 40.6709], [-123.0645, 40.6709], [-123.0645, 40.6712]]], [[[-123.0595, 40.6713], [-123.0599, 40.6711], [-123.0595, 40.6711], [-123.0595, 40.6713]]], [[[-123.0542, 40.672], [-123.0553, 40.6717], [-123.0552, 40.6709], [-123.0545, 40.6706], [-123.0535, 40.6715], [-123.0542, 40.672]], [[-123.0549, 40.6712], [-123.0542, 40.6715], [-123.0542, 40.6712], [-123.0549, 40.6712]]], [[[-123.0652, 40.6707], [-123.0655, 40.6704], [-123.0652, 40.6704], [-123.0652, 40.6707]]], [[[-123.0637, 40.6704], [-123.0641, 40.6701], [-123.0637, 40.6701], [-123.0637, 40.6704]]], [[[-123.0545, 40.6706], [-123.0549, 40.6704], [-123.0545, 40.6704], [-123.0545, 40.6706]]], [[[-123.063, 40.6696], [-123.0634, 40.6699], [-123.0641, 40.6696], [-123.063, 40.6696]]], [[[-123.0549, 40.6704], [-123.0552, 40.6695], [-123.0545, 40.6696], [-123.0549, 40.6704]]], [[[-123.0652, 40.6704], [-123.0658, 40.6696], [-123.0641, 40.6693], [-123.0644, 40.6696], [-123.0641, 40.6701], [-123.0652, 40.6704]]], [[[-123.0669, 40.6693], [-123.0672, 40.669], [-123.0669, 40.669], [-123.0669, 40.6693]]], [[[-123.0594, 40.6694], [-123.0598, 40.6692], [-123.0594, 40.6692], [-123.0594, 40.6694]]], [[[-123.0541, 40.6696], [-123.0545, 40.6693], [-123.0541, 40.6693], [-123.0541, 40.6696]]], [[[-123.0524, 40.6696], [-123.0527, 40.6691], [-123.0523, 40.6691], [-123.0524, 40.6696]]], [[[-123.0598, 40.6692], [-123.0601, 40.6689], [-123.0598, 40.6689], [-123.0598, 40.6692]]], [[[-123.0683, 40.6692], [-123.0686, 40.6684], [-123.0683, 40.6684], [-123.0683, 40.6692]]], [[[-123.0658, 40.6687], [-123.0665, 40.6682], [-123.0654, 40.6682], [-123.0658, 40.6687]]], [[[-123.0534, 40.6699], [-123.0541, 40.6696], [-123.0538, 40.6693], [-123.0544, 40.6688], [-123.0534, 40.6685], [-123.0534, 40.6699]]], [[[-123.0594, 40.6684], [-123.0597, 40.6681], [-123.0594, 40.6681], [-123.0594, 40.6684]]], [[[-123.0523, 40.6688], [-123.053, 40.6682], [-123.0523, 40.668], [-123.0523, 40.6688]]], [[[-123.0675, 40.6679], [-123.0679, 40.6676], [-123.0675, 40.6676], [-123.0675, 40.6679]]], [[[-123.0658, 40.6679], [-123.0661, 40.6677], [-123.0658, 40.6677], [-123.0658, 40.6679]]], [[[-123.0498, 40.6683], [-123.0502, 40.668], [-123.0498, 40.6681], [-123.0498, 40.6683]]], [[[-123.0679, 40.6676], [-123.0686, 40.6671], [-123.0679, 40.6671], [-123.0679, 40.6676]]], [[[-123.0608, 40.6672], [-123.0611, 40.667], [-123.0608, 40.667], [-123.0608, 40.6672]]], [[[-123.0533, 40.6672], [-123.0537, 40.6674], [-123.0544, 40.6671], [-123.0533, 40.6672]]], [[[-123.0509, 40.668], [-123.0512, 40.6675], [-123.0505, 40.667], [-123.0501, 40.6675], [-123.0509, 40.668]]], [[[-123.0576, 40.6679], [-123.0579, 40.667], [-123.0568, 40.6668], [-123.0569, 40.6673], [-123.0576, 40.6679]]], [[[-123.0618, 40.6669], [-123.0622, 40.6667], [-123.0618, 40.6667], [-123.0618, 40.6669]]], [[[-123.0583, 40.667], [-123.0586, 40.6668], [-123.0583, 40.6668], [-123.0583, 40.667]]], [[[-123.0586, 40.6668], [-123.059, 40.6665], [-123.0586, 40.6665], [-123.0586, 40.6668]]], [[[-123.0501, 40.667], [-123.0505, 40.6667], [-123.0501, 40.6667], [-123.0501, 40.667]]], [[[-123.0618, 40.6664], [-123.0621, 40.6661], [-123.0618, 40.6661], [-123.0618, 40.6664]]], [[[-123.0597, 40.6667], [-123.06, 40.6659], [-123.0589, 40.6659], [-123.059, 40.6665], [-123.0597, 40.6667]]], [[[-123.0544, 40.6669], [-123.054, 40.6661], [-123.0529, 40.6664], [-123.0533, 40.6669], [-123.0544, 40.6669]], [[-123.054, 40.6663], [-123.0536, 40.6666], [-123.0536, 40.6663], [-123.054, 40.6663]]], [[[-123.0526, 40.6664], [-123.0529, 40.6661], [-123.0526, 40.6661], [-123.0526, 40.6664]]], [[[-123.06, 40.6659], [-123.0603, 40.6656], [-123.06, 40.6656], [-123.06, 40.6659]]], [[[-123.0518, 40.6658], [-123.0522, 40.6661], [-123.0525, 40.6658], [-123.0518, 40.6658]]], [[[-123.0576, 40.6668], [-123.0575, 40.6654], [-123.0571, 40.6654], [-123.0565, 40.6663], [-123.0576, 40.6668]]], [[[-123.0614, 40.6656], [-123.0618, 40.6653], [-123.0614, 40.6653], [-123.0614, 40.6656]]], [[[-123.0515, 40.6659], [-123.0518, 40.6656], [-123.0515, 40.6656], [-123.0515, 40.6659]]], [[[-123.0607, 40.6654], [-123.061, 40.6651], [-123.0607, 40.6651], [-123.0607, 40.6654]]], [[[-123.0685, 40.666], [-123.0681, 40.6646], [-123.0674, 40.6646], [-123.0671, 40.6652], [-123.0685, 40.666]]], [[[-123.0526, 40.6677], [-123.0533, 40.6669], [-123.0526, 40.6664], [-123.0522, 40.6664], [-123.0522, 40.6669], [-123.0512, 40.6667], [-123.0515, 40.6659], [-123.0504, 40.6651], [-123.0501, 40.6664], [-123.0526, 40.6677]], [[-123.0508, 40.6656], [-123.0504, 40.6659], [-123.0504, 40.6656], [-123.0508, 40.6656]]], [[[-123.0651, 40.669], [-123.065, 40.6674], [-123.0657, 40.6671], [-123.0647, 40.6669], [-123.0657, 40.6666], [-123.0635, 40.665], [-123.061, 40.6648], [-123.0625, 40.6653], [-123.0625, 40.6661], [-123.0636, 40.6666], [-123.0619, 40.6678], [-123.0619, 40.6686], [-123.0637, 40.6688], [-123.0644, 40.6682], [-123.0644, 40.669], [-123.0651, 40.669]], [[-123.0647, 40.6677], [-123.0643, 40.668], [-123.0643, 40.6677], [-123.0647, 40.6677]], [[-123.0643, 40.6674], [-123.064, 40.6677], [-123.064, 40.6674], [-123.0643, 40.6674]], [[-123.0643, 40.6669], [-123.064, 40.6672], [-123.0639, 40.6669], [-123.0643, 40.6669]], [[-123.0646, 40.6666], [-123.0643, 40.6669], [-123.0643, 40.6666], [-123.0646, 40.6666]], [[-123.0635, 40.6656], [-123.0632, 40.6658], [-123.0632, 40.6656], [-123.0635, 40.6656]]], [[[-123.0628, 40.6648], [-123.0631, 40.6645], [-123.0628, 40.6645], [-123.0628, 40.6648]]], [[[-123.0553, 40.6649], [-123.0557, 40.6647], [-123.0553, 40.6647], [-123.0553, 40.6649]]], [[[-123.05, 40.6651], [-123.0504, 40.6648], [-123.05, 40.6648], [-123.05, 40.6651]]], [[[-123.0631, 40.6645], [-123.0635, 40.6642], [-123.0631, 40.6642], [-123.0631, 40.6645]]], [[[-123.067, 40.6647], [-123.067, 40.6638], [-123.0656, 40.6642], [-123.0656, 40.6644], [-123.067, 40.6647]]], [[[-123.0674, 40.6641], [-123.0677, 40.6638], [-123.0674, 40.6638], [-123.0674, 40.6641]]], [[[-123.0539, 40.6644], [-123.0542, 40.6642], [-123.0539, 40.6642], [-123.0539, 40.6644]]], [[[-123.0656, 40.6639], [-123.0659, 40.6636], [-123.0656, 40.6636], [-123.0656, 40.6639]]], [[[-123.0642, 40.6639], [-123.0645, 40.6636], [-123.0642, 40.6636], [-123.0642, 40.6639]]], [[[-123.0553, 40.6641], [-123.056, 40.6638], [-123.0553, 40.6639], [-123.0553, 40.6641]]], [[[-123.0542, 40.6642], [-123.0546, 40.6639], [-123.0542, 40.6639], [-123.0542, 40.6642]]], [[[-123.0681, 40.6638], [-123.0681, 40.6633], [-123.067, 40.6633], [-123.067, 40.6636], [-123.0681, 40.6638]]], [[[-123.0645, 40.6636], [-123.0652, 40.6634], [-123.0645, 40.6631], [-123.0645, 40.6636]]], [[[-123.0652, 40.6631], [-123.0655, 40.6628], [-123.0652, 40.6628], [-123.0652, 40.6631]]], [[[-123.0592, 40.6632], [-123.0599, 40.6632], [-123.0606, 40.6629], [-123.0592, 40.6632]]], [[[-123.0585, 40.6632], [-123.0592, 40.663], [-123.0585, 40.663], [-123.0585, 40.6632]]], [[[-123.0641, 40.6628], [-123.0645, 40.6626], [-123.0641, 40.6626], [-123.0641, 40.6628]]], [[[-123.0606, 40.6629], [-123.0609, 40.6626], [-123.0606, 40.6627], [-123.0606, 40.6629]]], [[[-123.0609, 40.6626], [-123.0613, 40.6624], [-123.0609, 40.6624], [-123.0609, 40.6626]]], [[[-123.0586, 40.6665], [-123.0589, 40.6657], [-123.06, 40.6656], [-123.061, 40.6645], [-123.0624, 40.664], [-123.0624, 40.6632], [-123.0628, 40.664], [-123.0641, 40.6631], [-123.0634, 40.6631], [-123.0623, 40.6621], [-123.0616, 40.6621], [-123.0613, 40.6634], [-123.0606, 40.6632], [-123.0606, 40.664], [-123.0599, 40.6635], [-123.0596, 40.6646], [-123.0585, 40.6643], [-123.0592, 40.6635], [-123.0585, 40.6632], [-123.0571, 40.6633], [-123.0564, 40.6644], [-123.0567, 40.6644], [-123.0568, 40.6649], [-123.0571, 40.6649], [-123.0571, 40.6652], [-123.0575, 40.6652], [-123.0579, 40.6654], [-123.0586, 40.6665]], [[-123.0586, 40.6654], [-123.0582, 40.6657], [-123.0582, 40.6654], [-123.0586, 40.6654]], [[-123.0578, 40.6649], [-123.0575, 40.6652], [-123.0575, 40.6649], [-123.0578, 40.6649]], [[-123.0603, 40.6643], [-123.0599, 40.6646], [-123.0599, 40.6643], [-123.0603, 40.6643]], [[-123.0613, 40.664], [-123.0606, 40.6643], [-123.0606, 40.664], [-123.0613, 40.664]], [[-123.0581, 40.6638], [-123.0575, 40.6644], [-123.0571, 40.6638], [-123.0581, 40.6638]], [[-123.0571, 40.6641], [-123.0567, 40.6644], [-123.0567, 40.6641], [-123.0571, 40.6641]], [[-123.062, 40.6629], [-123.0617, 40.6632], [-123.0616, 40.6629], [-123.062, 40.6629]], [[-123.0623, 40.6623], [-123.062, 40.6626], [-123.062, 40.6623], [-123.0623, 40.6623]]], [[[-123.0602, 40.6624], [-123.0606, 40.6621], [-123.0602, 40.6621], [-123.0602, 40.6624]]], [[[-123.0673, 40.6622], [-123.068, 40.6617], [-123.0676, 40.6617], [-123.0673, 40.6622]]], [[[-123.051, 40.6621], [-123.0513, 40.6618], [-123.051, 40.6618], [-123.051, 40.6621]]], [[[-123.0534, 40.6617], [-123.0538, 40.6615], [-123.0534, 40.6615], [-123.0534, 40.6617]]], [[[-123.0641, 40.6623], [-123.0641, 40.6612], [-123.0626, 40.661], [-123.0623, 40.6621], [-123.0637, 40.6615], [-123.0641, 40.6623]]], [[[-123.0666, 40.6614], [-123.068, 40.6614], [-123.0679, 40.6609], [-123.0666, 40.6614]]], [[[-123.0637, 40.661], [-123.064, 40.6607], [-123.0637, 40.6607], [-123.0637, 40.661]]], [[[-123.0549, 40.6617], [-123.0555, 40.6609], [-123.0545, 40.6606], [-123.0549, 40.6617]]], [[[-123.0672, 40.6606], [-123.0676, 40.6603], [-123.0672, 40.6603], [-123.0672, 40.6606]]], [[[-123.0523, 40.661], [-123.0527, 40.6607], [-123.0523, 40.6607], [-123.0523, 40.661]]], [[[-123.0573, 40.6606], [-123.0576, 40.66], [-123.0573, 40.66], [-123.0573, 40.6606]]], [[[-123.0559, 40.6606], [-123.0566, 40.6603], [-123.0559, 40.6601], [-123.0559, 40.6606]]], [[[-123.0552, 40.6606], [-123.0555, 40.6601], [-123.0551, 40.6601], [-123.0552, 40.6606]]], [[[-123.058, 40.6603], [-123.0583, 40.66], [-123.058, 40.66], [-123.058, 40.6603]]], [[[-123.0544, 40.6604], [-123.0548, 40.6601], [-123.0544, 40.6601], [-123.0544, 40.6604]]], [[[-123.0566, 40.6603], [-123.0569, 40.6598], [-123.0565, 40.6598], [-123.0566, 40.6603]]], [[[-123.0502, 40.6602], [-123.0505, 40.6599], [-123.0502, 40.6599], [-123.0502, 40.6602]]], [[[-123.0551, 40.6598], [-123.0555, 40.6595], [-123.0551, 40.6595], [-123.0551, 40.6598]]], [[[-123.0538, 40.6612], [-123.0545, 40.6606], [-123.0544, 40.6604], [-123.0541, 40.6604], [-123.054, 40.6593], [-123.0533, 40.6593], [-123.0537, 40.6598], [-123.0519, 40.6599], [-123.0538, 40.6612]]], [[[-123.0665, 40.6593], [-123.0668, 40.659], [-123.0665, 40.659], [-123.0665, 40.6593]]], [[[-123.0572, 40.6595], [-123.0576, 40.6592], [-123.0572, 40.6592], [-123.0572, 40.6595]]], [[[-123.0519, 40.6596], [-123.0523, 40.6593], [-123.0519, 40.6594], [-123.0519, 40.6596]]], [[[-123.0569, 40.6595], [-123.0569, 40.659], [-123.0562, 40.659], [-123.0562, 40.6592], [-123.0569, 40.6595]]], [[[-123.0555, 40.6593], [-123.0558, 40.659], [-123.0555, 40.659], [-123.0555, 40.6593]]], [[[-123.0558, 40.659], [-123.0561, 40.6587], [-123.0558, 40.6587], [-123.0558, 40.659]]], [[[-123.0579, 40.6592], [-123.0583, 40.6584], [-123.0558, 40.6582], [-123.0561, 40.6587], [-123.0579, 40.6592]]], [[[-123.0629, 40.6583], [-123.0632, 40.658], [-123.0629, 40.658], [-123.0629, 40.6583]]], [[[-123.0632, 40.658], [-123.0636, 40.6577], [-123.0632, 40.6577], [-123.0632, 40.658]]], [[[-123.0579, 40.6581], [-123.0582, 40.6578], [-123.0579, 40.6579], [-123.0579, 40.6581]]], [[[-123.0565, 40.6582], [-123.0568, 40.6579], [-123.0565, 40.6579], [-123.0565, 40.6582]]], [[[-123.065, 40.6577], [-123.0664, 40.6574], [-123.065, 40.6574], [-123.065, 40.6577]]], [[[-123.0575, 40.6579], [-123.0579, 40.6576], [-123.0575, 40.6576], [-123.0575, 40.6579]]], [[[-123.0568, 40.6579], [-123.0572, 40.6576], [-123.0568, 40.6576], [-123.0568, 40.6579]]], [[[-123.0561, 40.6579], [-123.0565, 40.6576], [-123.0561, 40.6576], [-123.0561, 40.6579]]], [[[-123.0533, 40.6593], [-123.0529, 40.6582], [-123.0518, 40.6575], [-123.0526, 40.6593], [-123.0533, 40.6593]]], [[[-123.0529, 40.6577], [-123.0533, 40.6574], [-123.0529, 40.6574], [-123.0529, 40.6577]]], [[[-123.0657, 40.6571], [-123.066, 40.6568], [-123.0657, 40.6569], [-123.0657, 40.6571]]], [[[-123.0635, 40.6572], [-123.0639, 40.6569], [-123.0635, 40.6569], [-123.0635, 40.6572]]], [[[-123.0586, 40.657], [-123.0589, 40.6565], [-123.0585, 40.6565], [-123.0586, 40.657]]], [[[-123.0568, 40.6571], [-123.0568, 40.6565], [-123.0561, 40.6565], [-123.0561, 40.6568], [-123.0568, 40.6571]]], [[[-123.0649, 40.6566], [-123.066, 40.6563], [-123.0649, 40.6563], [-123.0649, 40.6566]]], [[[-123.0666, 40.6614], [-123.0662, 40.6604], [-123.0668, 40.6598], [-123.0665, 40.6598], [-123.0665, 40.6593], [-123.0661, 40.659], [-123.0671, 40.6579], [-123.0678, 40.6579], [-123.0668, 40.6587], [-123.0672, 40.6592], [-123.0682, 40.6584], [-123.0677, 40.6557], [-123.0663, 40.6558], [-123.0671, 40.6574], [-123.0661, 40.6585], [-123.065, 40.6585], [-123.065, 40.6577], [-123.0643, 40.6577], [-123.064, 40.6588], [-123.0654, 40.6588], [-123.0651, 40.6596], [-123.0643, 40.659], [-123.0622, 40.6596], [-123.063, 40.6604], [-123.064, 40.6596], [-123.0647, 40.6604], [-123.0641, 40.6612], [-123.0651, 40.6615], [-123.0658, 40.6606], [-123.0658, 40.6614], [-123.0666, 40.6614]], [[-123.0661, 40.6593], [-123.0658, 40.6598], [-123.0658, 40.6593], [-123.0661, 40.6593]]], [[[-123.0585, 40.6562], [-123.0589, 40.6559], [-123.0585, 40.6559], [-123.0585, 40.6562]]], [[[-123.0543, 40.6563], [-123.0546, 40.656], [-123.0543, 40.6561], [-123.0543, 40.6563]]], [[[-123.0525, 40.6564], [-123.0528, 40.6561], [-123.0525, 40.6561], [-123.0525, 40.6564]]], [[[-123.0553, 40.6566], [-123.0557, 40.6557], [-123.055, 40.6558], [-123.0553, 40.6566]]], [[[-123.0656, 40.656], [-123.0659, 40.6555], [-123.0656, 40.6555], [-123.0656, 40.656]]], [[[-123.0642, 40.6558], [-123.0645, 40.6555], [-123.0642, 40.6555], [-123.0642, 40.6558]]], [[[-123.0571, 40.656], [-123.0574, 40.6557], [-123.0571, 40.6557], [-123.0571, 40.656]]], [[[-123.0659, 40.6555], [-123.0663, 40.6552], [-123.0659, 40.6552], [-123.0659, 40.6555]]], [[[-123.056, 40.6557], [-123.0564, 40.6555], [-123.056, 40.6555], [-123.056, 40.6557]]], [[[-123.0521, 40.6558], [-123.0528, 40.6555], [-123.0521, 40.6556], [-123.0521, 40.6558]]], [[[-123.067, 40.6552], [-123.0673, 40.6549], [-123.067, 40.6549], [-123.067, 40.6552]]], [[[-123.0656, 40.6552], [-123.0659, 40.655], [-123.0656, 40.655], [-123.0656, 40.6552]]], [[[-123.0557, 40.6555], [-123.056, 40.6552], [-123.0556, 40.6552], [-123.0557, 40.6555]]], [[[-123.05, 40.6567], [-123.0514, 40.6559], [-123.0496, 40.6551], [-123.05, 40.6567]]], [[[-123.0535, 40.6558], [-123.0549, 40.6552], [-123.0539, 40.655], [-123.0535, 40.6558]]], [[[-123.056, 40.6552], [-123.0563, 40.6549], [-123.056, 40.6549], [-123.056, 40.6552]]], [[[-123.0507, 40.6553], [-123.0514, 40.655], [-123.0507, 40.6551], [-123.0507, 40.6553]]], [[[-123.0574, 40.6549], [-123.0577, 40.6546], [-123.0574, 40.6546], [-123.0574, 40.6549]]], [[[-123.0524, 40.655], [-123.0528, 40.6547], [-123.0524, 40.6547], [-123.0524, 40.655]]], [[[-123.0514, 40.655], [-123.0517, 40.6548], [-123.0514, 40.6548], [-123.0514, 40.655]]], [[[-123.0538, 40.6547], [-123.0545, 40.6544], [-123.0538, 40.6544], [-123.0538, 40.6547]]], [[[-123.0499, 40.6545], [-123.0503, 40.6548], [-123.0506, 40.6545], [-123.0499, 40.6545]]], [[[-123.0599, 40.6543], [-123.0602, 40.654], [-123.0599, 40.654], [-123.0599, 40.6543]]], [[[-123.0737, 40.6537], [-123.0733, 40.6531], [-123.0722, 40.6534], [-123.0723, 40.6537], [-123.0737, 40.6537]]], [[[-123.0708, 40.6537], [-123.0722, 40.6532], [-123.0708, 40.6532], [-123.0708, 40.6537]]], [[[-123.0538, 40.6539], [-123.0542, 40.6536], [-123.0538, 40.6536], [-123.0538, 40.6539]]], [[[-123.0545, 40.6536], [-123.0549, 40.6533], [-123.0545, 40.6533], [-123.0545, 40.6536]]], [[[-123.0506, 40.6534], [-123.0509, 40.6532], [-123.0506, 40.6532], [-123.0506, 40.6534]]], [[[-123.0733, 40.6529], [-123.074, 40.6526], [-123.0733, 40.6523], [-123.0733, 40.6529]]], [[[-123.0701, 40.653], [-123.0708, 40.6527], [-123.0701, 40.6524], [-123.0701, 40.653]]], [[[-123.0651, 40.6531], [-123.0655, 40.6525], [-123.0651, 40.6525], [-123.0651, 40.6531]]], [[[-123.0726, 40.6526], [-123.0729, 40.6523], [-123.0726, 40.6524], [-123.0726, 40.6526]]], [[[-123.0708, 40.6524], [-123.0711, 40.6521], [-123.0708, 40.6521], [-123.0708, 40.6524]]], [[[-123.0648, 40.6525], [-123.0651, 40.6523], [-123.0647, 40.6523], [-123.0648, 40.6525]]], [[[-123.0619, 40.6526], [-123.0626, 40.6523], [-123.0619, 40.6523], [-123.0619, 40.6526]]], [[[-123.0517, 40.6545], [-123.0524, 40.6529], [-123.0513, 40.6523], [-123.0509, 40.6532], [-123.0517, 40.6534], [-123.0503, 40.654], [-123.0517, 40.6545]]], [[[-123.0651, 40.6523], [-123.0654, 40.652], [-123.0651, 40.652], [-123.0651, 40.6523]]], [[[-123.0672, 40.6519], [-123.0676, 40.6517], [-123.0672, 40.6517], [-123.0672, 40.6519]]], [[[-123.0601, 40.6521], [-123.0605, 40.6518], [-123.0601, 40.6519], [-123.0601, 40.6521]]], [[[-123.0739, 40.6515], [-123.0746, 40.6512], [-123.0739, 40.6512], [-123.0739, 40.6515]]], [[[-123.0669, 40.6517], [-123.0672, 40.6514], [-123.0668, 40.6514], [-123.0669, 40.6517]]], [[[-123.0704, 40.6519], [-123.0707, 40.651], [-123.0704, 40.6511], [-123.0704, 40.6519]]], [[[-123.0778, 40.6511], [-123.0782, 40.6509], [-123.0778, 40.6509], [-123.0778, 40.6511]]], [[[-123.0764, 40.6512], [-123.0768, 40.6509], [-123.0764, 40.6509], [-123.0764, 40.6512]]], [[[-123.0746, 40.6512], [-123.075, 40.6509], [-123.0746, 40.651], [-123.0746, 40.6512]]], [[[-123.0615, 40.6515], [-123.0622, 40.6513], [-123.0615, 40.6513], [-123.0615, 40.6515]]], [[[-123.0431, 40.652], [-123.0434, 40.6517], [-123.0431, 40.6517], [-123.0431, 40.652]]], [[[-123.069, 40.6511], [-123.0693, 40.6508], [-123.0689, 40.6508], [-123.069, 40.6511]]], [[[-123.0658, 40.6512], [-123.0661, 40.6509], [-123.0658, 40.6509], [-123.0658, 40.6512]]], [[[-123.0622, 40.6513], [-123.0626, 40.651], [-123.0622, 40.651], [-123.0622, 40.6513]]], [[[-123.0683, 40.6517], [-123.069, 40.6511], [-123.0675, 40.6506], [-123.0672, 40.6514], [-123.0683, 40.6517]]], [[[-123.0538, 40.6536], [-123.0541, 40.6531], [-123.0556, 40.6533], [-123.0562, 40.6522], [-123.0555, 40.652], [-123.0545, 40.6528], [-123.0548, 40.6517], [-123.0541, 40.6517], [-123.054, 40.6509], [-123.0526, 40.651], [-123.0524, 40.6529], [-123.0531, 40.6531], [-123.0527, 40.6523], [-123.0534, 40.6523], [-123.0538, 40.6536]], [[-123.0541, 40.6517], [-123.0537, 40.652], [-123.0537, 40.6517], [-123.0541, 40.6517]]], [[[-123.076, 40.6506], [-123.0767, 40.6504], [-123.076, 40.6504], [-123.076, 40.6506]]], [[[-123.0572, 40.6511], [-123.0579, 40.6508], [-123.0572, 40.6508], [-123.0572, 40.6511]]], [[[-123.0548, 40.6512], [-123.0551, 40.6509], [-123.0548, 40.6509], [-123.0548, 40.6512]]], [[[-123.0707, 40.651], [-123.0718, 40.6505], [-123.0707, 40.6502], [-123.0707, 40.651]]], [[[-123.0757, 40.6504], [-123.076, 40.6501], [-123.0757, 40.6501], [-123.0757, 40.6504]]], [[[-123.0732, 40.6504], [-123.0735, 40.6502], [-123.0732, 40.6502], [-123.0732, 40.6504]]], [[[-123.0696, 40.6505], [-123.07, 40.6503], [-123.0696, 40.6503], [-123.0696, 40.6505]]], [[[-123.0317, 40.6515], [-123.0321, 40.6512], [-123.0317, 40.6512], [-123.0317, 40.6515]]], [[[-123.0679, 40.6503], [-123.0682, 40.65], [-123.0678, 40.65], [-123.0679, 40.6503]]], [[[-123.0523, 40.6507], [-123.0526, 40.6504], [-123.0522, 40.6504], [-123.0523, 40.6507]]], [[[-123.0313, 40.6512], [-123.0317, 40.6509], [-123.0313, 40.6509], [-123.0313, 40.6512]]], [[[-123.0746, 40.651], [-123.0749, 40.6496], [-123.0735, 40.6496], [-123.0742, 40.6499], [-123.0746, 40.651]]], [[[-123.0672, 40.6506], [-123.0678, 40.6498], [-123.0671, 40.6495], [-123.0672, 40.6506]]], [[[-123.0566, 40.6519], [-123.0562, 40.6506], [-123.0569, 40.6506], [-123.0568, 40.6498], [-123.0561, 40.6495], [-123.0555, 40.6514], [-123.0566, 40.6519]]], [[[-123.0462, 40.6503], [-123.0465, 40.6498], [-123.0462, 40.6498], [-123.0462, 40.6503]]], [[[-123.0785, 40.6492], [-123.0788, 40.649], [-123.0784, 40.649], [-123.0785, 40.6492]]], [[[-123.0529, 40.6499], [-123.0533, 40.6496], [-123.0529, 40.6496], [-123.0529, 40.6499]]], [[[-123.0551, 40.6501], [-123.0554, 40.6495], [-123.0547, 40.6493], [-123.0544, 40.6498], [-123.0551, 40.6501]]], [[[-123.0327, 40.6506], [-123.0334, 40.6503], [-123.0331, 40.6498], [-123.0324, 40.6498], [-123.0327, 40.6506]]], [[[-123.077, 40.6495], [-123.077, 40.6487], [-123.0759, 40.6485], [-123.0756, 40.6493], [-123.077, 40.6495]]], [[[-123.0526, 40.6493], [-123.0529, 40.6491], [-123.0525, 40.6491], [-123.0526, 40.6493]]], [[[-123.0515, 40.6491], [-123.0518, 40.6494], [-123.0522, 40.6491], [-123.0515, 40.6491]]], [[[-123.0242, 40.65], [-123.0245, 40.6497], [-123.0242, 40.6498], [-123.0242, 40.65]]], [[[-123.0745, 40.6491], [-123.0756, 40.6485], [-123.0749, 40.6482], [-123.0745, 40.6491]]], [[[-123.0334, 40.6498], [-123.0341, 40.6495], [-123.0334, 40.6493], [-123.0334, 40.6498]]], [[[-123.0816, 40.6483], [-123.082, 40.6481], [-123.0816, 40.6481], [-123.0816, 40.6483]]], [[[-123.0809, 40.6484], [-123.0812, 40.6481], [-123.0809, 40.6481], [-123.0809, 40.6484]]], [[[-123.0476, 40.6492], [-123.0479, 40.6489], [-123.0476, 40.6489], [-123.0476, 40.6492]]], [[[-123.0522, 40.6488], [-123.0529, 40.6485], [-123.0522, 40.6485], [-123.0522, 40.6488]]], [[[-123.089, 40.6547], [-123.0889, 40.653], [-123.0882, 40.6533], [-123.0889, 40.6528], [-123.0887, 40.6484], [-123.0872, 40.6474], [-123.0827, 40.6494], [-123.0821, 40.6505], [-123.0813, 40.6494], [-123.0806, 40.6497], [-123.0806, 40.6492], [-123.0792, 40.6489], [-123.0796, 40.65], [-123.0771, 40.6501], [-123.0771, 40.6514], [-123.0764, 40.6512], [-123.0761, 40.6512], [-123.0757, 40.6515], [-123.0753, 40.6512], [-123.0747, 40.652], [-123.074, 40.6518], [-123.074, 40.6526], [-123.0751, 40.6528], [-123.0737, 40.654], [-123.0822, 40.6543], [-123.0807, 40.653], [-123.08, 40.653], [-123.0803, 40.6519], [-123.0829, 40.6526], [-123.0839, 40.6515], [-123.086, 40.6509], [-123.0857, 40.6531], [-123.0843, 40.6531], [-123.085, 40.6539], [-123.0829, 40.6543], [-123.089, 40.6547]], [[-123.0879, 40.6539], [-123.0872, 40.6542], [-123.0872, 40.6539], [-123.0879, 40.6539]], [[-123.0815, 40.6538], [-123.0811, 40.654], [-123.0811, 40.6538], [-123.0815, 40.6538]], [[-123.0793, 40.6527], [-123.079, 40.653], [-123.079, 40.6527], [-123.0793, 40.6527]], [[-123.0885, 40.6522], [-123.0882, 40.6525], [-123.0882, 40.6522], [-123.0885, 40.6522]], [[-123.0878, 40.6522], [-123.0875, 40.6525], [-123.0875, 40.6523], [-123.0878, 40.6522]], [[-123.0761, 40.6528], [-123.0757, 40.6523], [-123.075, 40.6526], [-123.075, 40.6518], [-123.0764, 40.6517], [-123.0761, 40.6528]], [[-123.0871, 40.6515], [-123.0864, 40.652], [-123.0864, 40.6517], [-123.0871, 40.6515]], [[-123.0803, 40.6516], [-123.08, 40.6519], [-123.08, 40.6516], [-123.0803, 40.6516]], [[-123.0807, 40.6513], [-123.0803, 40.6516], [-123.0803, 40.6514], [-123.0807, 40.6513]], [[-123.0796, 40.6514], [-123.0789, 40.6517], [-123.0789, 40.6514], [-123.0796, 40.6514]], [[-123.0817, 40.651], [-123.0814, 40.6513], [-123.0814, 40.6511], [-123.0817, 40.651]], [[-123.0796, 40.6511], [-123.0775, 40.6514], [-123.0775, 40.6506], [-123.0782, 40.6506], [-123.0782, 40.6509], [-123.0792, 40.6508], [-123.0792, 40.6506], [-123.0796, 40.6506], [-123.0796, 40.6511]], [[-123.0803, 40.6503], [-123.0796, 40.6506], [-123.0796, 40.6503], [-123.0803, 40.6503]], [[-123.0785, 40.6503], [-123.0782, 40.6506], [-123.0781, 40.6503], [-123.0785, 40.6503]], [[-123.0806, 40.65], [-123.0803, 40.6503], [-123.0803, 40.65], [-123.0806, 40.65]], [[-123.088, 40.6493], [-123.0877, 40.6495], [-123.0877, 40.6493], [-123.088, 40.6493]], [[-123.0852, 40.6493], [-123.0849, 40.6496], [-123.0848, 40.6493], [-123.0852, 40.6493]], [[-123.0862, 40.6485], [-123.0859, 40.6491], [-123.0859, 40.6485], [-123.0862, 40.6485]], [[-123.0852, 40.6485], [-123.0848, 40.6488], [-123.0848, 40.6485], [-123.0852, 40.6485]], [[-123.0873, 40.6482], [-123.0869, 40.6485], [-123.0869, 40.6482], [-123.0873, 40.6482]]], [[[-123.0777, 40.6479], [-123.078, 40.6476], [-123.0777, 40.6476], [-123.0777, 40.6479]]], [[[-123.0508, 40.6486], [-123.0511, 40.6483], [-123.0507, 40.6483], [-123.0508, 40.6486]]], [[[-123.077, 40.6477], [-123.0773, 40.6474], [-123.077, 40.6474], [-123.077, 40.6477]]], [[[-123.0419, 40.6485], [-123.0422, 40.6482], [-123.0419, 40.6482], [-123.0419, 40.6485]]], [[[-123.0298, 40.6488], [-123.0302, 40.6485], [-123.0298, 40.6485], [-123.0298, 40.6488]]], [[[-123.0288, 40.6488], [-123.0295, 40.6485], [-123.0288, 40.6486], [-123.0288, 40.6488]]], [[[-123.0514, 40.6483], [-123.0514, 40.6477], [-123.0507, 40.6478], [-123.0507, 40.648], [-123.0514, 40.6483]]], [[[-123.0663, 40.6476], [-123.0667, 40.6474], [-123.0663, 40.6474], [-123.0663, 40.6476]]], [[[-123.049, 40.6481], [-123.0497, 40.6478], [-123.0489, 40.6478], [-123.049, 40.6481]]], [[[-123.0441, 40.6509], [-123.0434, 40.6501], [-123.0448, 40.6506], [-123.0443, 40.6476], [-123.0426, 40.6482], [-123.044, 40.6487], [-123.0437, 40.6496], [-123.0426, 40.6496], [-123.0427, 40.6507], [-123.0441, 40.6509]]], [[[-123.0628, 40.6475], [-123.0631, 40.6472], [-123.0628, 40.6472], [-123.0628, 40.6475]]], [[[-123.0532, 40.6477], [-123.0535, 40.6474], [-123.0532, 40.6474], [-123.0532, 40.6477]]], [[[-123.0525, 40.6477], [-123.0528, 40.6474], [-123.0525, 40.6474], [-123.0525, 40.6477]]], [[[-123.0323, 40.6482], [-123.0326, 40.6479], [-123.0323, 40.6479], [-123.0323, 40.6482]]], [[[-123.0631, 40.6472], [-123.0642, 40.6469], [-123.0631, 40.6469], [-123.0631, 40.6472]]], [[[-123.0383, 40.6478], [-123.0386, 40.6475], [-123.0383, 40.6475], [-123.0383, 40.6478]]], [[[-123.0752, 40.6466], [-123.0755, 40.6463], [-123.0751, 40.6463], [-123.0752, 40.6466]]], [[[-123.0482, 40.6473], [-123.0486, 40.647], [-123.0482, 40.647], [-123.0482, 40.6473]]], [[[-123.0386, 40.6475], [-123.039, 40.6472], [-123.0386, 40.6472], [-123.0386, 40.6475]]], [[[-123.0816, 40.6481], [-123.0815, 40.6467], [-123.0808, 40.6467], [-123.0804, 40.6459], [-123.0769, 40.646], [-123.0766, 40.6468], [-123.0773, 40.6474], [-123.0809, 40.6473], [-123.0816, 40.6481]]], [[[-123.0705, 40.6467], [-123.0712, 40.6464], [-123.0705, 40.6462], [-123.0705, 40.6467]]], [[[-123.0808, 40.6462], [-123.0812, 40.6459], [-123.0808, 40.6459], [-123.0808, 40.6462]]], [[[-123.0656, 40.6466], [-123.0659, 40.6463], [-123.0656, 40.6463], [-123.0656, 40.6466]]], [[[-123.0804, 40.6459], [-123.0808, 40.6457], [-123.0804, 40.6457], [-123.0804, 40.6459]]], [[[-123.0349, 40.6514], [-123.0374, 40.6505], [-123.0377, 40.6497], [-123.0384, 40.6497], [-123.038, 40.6502], [-123.0402, 40.6499], [-123.0401, 40.6486], [-123.039, 40.6486], [-123.039, 40.6478], [-123.0383, 40.6481], [-123.0383, 40.6478], [-123.0379, 40.6478], [-123.0379, 40.6473], [-123.0362, 40.6473], [-123.0365, 40.6468], [-123.0326, 40.6474], [-123.033, 40.6482], [-123.0323, 40.6496], [-123.0331, 40.6495], [-123.0337, 40.6484], [-123.0348, 40.6492], [-123.0331, 40.6514], [-123.0349, 40.6514]], [[-123.0359, 40.6506], [-123.0356, 40.6508], [-123.0356, 40.6506], [-123.0359, 40.6506]], [[-123.0349, 40.6506], [-123.0338, 40.6506], [-123.0348, 40.65], [-123.0349, 40.6506]], [[-123.0373, 40.6497], [-123.037, 40.65], [-123.037, 40.6497], [-123.0373, 40.6497]], [[-123.0391, 40.6497], [-123.0384, 40.6494], [-123.0387, 40.6486], [-123.039, 40.6486], [-123.0391, 40.6497]], [[-123.0369, 40.6486], [-123.0362, 40.6492], [-123.0359, 40.6487], [-123.0369, 40.6486]], [[-123.0334, 40.6485], [-123.033, 40.6487], [-123.033, 40.6485], [-123.0334, 40.6485]], [[-123.0348, 40.6481], [-123.0344, 40.6484], [-123.0344, 40.6482], [-123.0348, 40.6481]], [[-123.0351, 40.6479], [-123.0348, 40.6481], [-123.0348, 40.6479], [-123.0351, 40.6479]], [[-123.0358, 40.6476], [-123.0355, 40.6479], [-123.0355, 40.6476], [-123.0358, 40.6476]], [[-123.0354, 40.6473], [-123.0351, 40.6476], [-123.0351, 40.6473], [-123.0354, 40.6473]]], [[[-123.0659, 40.646], [-123.0662, 40.6458], [-123.0659, 40.6458], [-123.0659, 40.646]]], [[[-123.051, 40.6464], [-123.0521, 40.6461], [-123.051, 40.6461], [-123.051, 40.6464]]], [[[-123.0489, 40.6465], [-123.0492, 40.6462], [-123.0489, 40.6462], [-123.0489, 40.6465]]], [[[-123.034, 40.6468], [-123.0343, 40.6463], [-123.034, 40.6463], [-123.034, 40.6468]]], [[[-123.0833, 40.6453], [-123.0836, 40.6451], [-123.0832, 40.6451], [-123.0833, 40.6453]]], [[[-123.0797, 40.6454], [-123.0801, 40.6451], [-123.0797, 40.6452], [-123.0797, 40.6454]]], [[[-123.0305, 40.6477], [-123.0305, 40.6472], [-123.0319, 40.6474], [-123.0322, 40.6466], [-123.0297, 40.6461], [-123.029, 40.6469], [-123.0305, 40.6477]], [[-123.0312, 40.6466], [-123.0305, 40.6469], [-123.0304, 40.6466], [-123.0312, 40.6466]]], [[[-123.0319, 40.6463], [-123.0322, 40.646], [-123.0318, 40.6461], [-123.0319, 40.6463]]], [[[-123.0255, 40.6465], [-123.0258, 40.6462], [-123.0255, 40.6462], [-123.0255, 40.6465]]], [[[-123.0336, 40.6468], [-123.0336, 40.646], [-123.0329, 40.6458], [-123.0329, 40.6468], [-123.0336, 40.6468]]], [[[-123.0269, 40.6475], [-123.0273, 40.6467], [-123.0283, 40.647], [-123.0279, 40.6459], [-123.0269, 40.6462], [-123.0262, 40.6473], [-123.0269, 40.6475]]], [[[-123.0492, 40.6456], [-123.0499, 40.6453], [-123.0492, 40.6454], [-123.0492, 40.6456]]], [[[-123.0485, 40.6448], [-123.0488, 40.6446], [-123.0485, 40.6446], [-123.0485, 40.6448]]], [[[-123.0279, 40.6453], [-123.0283, 40.6451], [-123.0279, 40.6451], [-123.0279, 40.6453]]], [[[-123.0548, 40.6447], [-123.0552, 40.6441], [-123.0548, 40.6441], [-123.0548, 40.6447]]], [[[-123.0662, 40.6441], [-123.0669, 40.6438], [-123.0662, 40.6439], [-123.0662, 40.6441]]], [[[-123.0481, 40.6446], [-123.0484, 40.6443], [-123.0481, 40.6443], [-123.0481, 40.6446]]], [[[-123.0283, 40.6451], [-123.0286, 40.6448], [-123.0282, 40.6448], [-123.0283, 40.6451]]], [[[-123.0729, 40.6437], [-123.0732, 40.6434], [-123.0729, 40.6434], [-123.0729, 40.6437]]], [[[-123.0754, 40.6436], [-123.075, 40.6431], [-123.0743, 40.6431], [-123.0747, 40.6437], [-123.0754, 40.6436]]], [[[-123.0459, 40.6441], [-123.0463, 40.6438], [-123.0459, 40.6438], [-123.0459, 40.6441]]], [[[-123.0736, 40.6431], [-123.0739, 40.6429], [-123.0736, 40.6429], [-123.0736, 40.6431]]], [[[-123.047, 40.6438], [-123.0473, 40.6435], [-123.047, 40.6435], [-123.047, 40.6438]]], [[[-123.0293, 40.6442], [-123.0303, 40.6439], [-123.0293, 40.644], [-123.0293, 40.6442]]], [[[-123.0764, 40.6428], [-123.0767, 40.6422], [-123.0764, 40.6423], [-123.0764, 40.6428]]], [[[-123.0441, 40.6428], [-123.0445, 40.6425], [-123.0441, 40.6425], [-123.0441, 40.6428]]], [[[-123.0714, 40.6418], [-123.0717, 40.6416], [-123.0714, 40.6416], [-123.0714, 40.6418]]], [[[-123.043, 40.6425], [-123.0434, 40.6423], [-123.043, 40.6423], [-123.043, 40.6425]]], [[[-123.0363, 40.6427], [-123.0367, 40.6424], [-123.0363, 40.6424], [-123.0363, 40.6427]]], [[[-123.071, 40.6416], [-123.0714, 40.6413], [-123.071, 40.6413], [-123.071, 40.6416]]], [[[-123.0469, 40.6422], [-123.0473, 40.6419], [-123.0469, 40.6419], [-123.0469, 40.6422]]], [[[-123.0462, 40.6419], [-123.0466, 40.6416], [-123.0462, 40.6416], [-123.0462, 40.6419]]], [[[-123.071, 40.641], [-123.0714, 40.6408], [-123.071, 40.6408], [-123.071, 40.641]]], [[[-123.0476, 40.6416], [-123.048, 40.6413], [-123.0476, 40.6413], [-123.0476, 40.6416]]], [[[-123.0491, 40.6424], [-123.0494, 40.6416], [-123.0483, 40.6411], [-123.048, 40.6419], [-123.0491, 40.6424]]], [[[-123.0416, 40.642], [-123.0444, 40.6417], [-123.0444, 40.6412], [-123.043, 40.6415], [-123.0419, 40.6412], [-123.0416, 40.642]]], [[[-123.0409, 40.6418], [-123.0416, 40.6412], [-123.0412, 40.6412], [-123.0409, 40.6418]]], [[[-123.0706, 40.6408], [-123.071, 40.6405], [-123.0706, 40.6405], [-123.0706, 40.6408]]], [[[-123.048, 40.6411], [-123.0483, 40.6408], [-123.0479, 40.6408], [-123.048, 40.6411]]], [[[-123.0426, 40.6412], [-123.043, 40.6406], [-123.0426, 40.6407], [-123.0426, 40.6412]]], [[[-123.0405, 40.6415], [-123.0409, 40.641], [-123.0394, 40.6407], [-123.0394, 40.641], [-123.0405, 40.6415]]], [[[-123.0504, 40.641], [-123.0504, 40.6402], [-123.05, 40.6402], [-123.0497, 40.641], [-123.0504, 40.641]]], [[[-123.0699, 40.64], [-123.0702, 40.6397], [-123.0699, 40.6397], [-123.0699, 40.64]]], [[[-123.0387, 40.6408], [-123.0394, 40.6405], [-123.0387, 40.6405], [-123.0387, 40.6408]]], [[[-123.0697, 40.644], [-123.0707, 40.6424], [-123.07, 40.6413], [-123.0682, 40.6411], [-123.0692, 40.6408], [-123.0695, 40.64], [-123.0667, 40.6395], [-123.0675, 40.6409], [-123.0664, 40.6412], [-123.0671, 40.6411], [-123.0668, 40.6428], [-123.0672, 40.6428], [-123.0676, 40.6433], [-123.0661, 40.6431], [-123.0658, 40.6439], [-123.0676, 40.6436], [-123.0679, 40.6441], [-123.0697, 40.644]], [[-123.07, 40.6427], [-123.0697, 40.643], [-123.0697, 40.6427], [-123.07, 40.6427]], [[-123.0675, 40.6425], [-123.0672, 40.6428], [-123.0672, 40.6425], [-123.0675, 40.6425]], [[-123.0679, 40.6419], [-123.0675, 40.6422], [-123.0675, 40.6419], [-123.0679, 40.6419]], [[-123.0692, 40.6403], [-123.0689, 40.6406], [-123.0688, 40.6403], [-123.0692, 40.6403]]], [[[-123.3176, 40.6334], [-123.3179, 40.6331], [-123.3176, 40.6331], [-123.3176, 40.6334]]], [[[-123.0724, 40.6397], [-123.0731, 40.6394], [-123.0724, 40.6394], [-123.0724, 40.6397]]], [[[-123.0298, 40.6407], [-123.0302, 40.6404], [-123.0298, 40.6404], [-123.0298, 40.6407]]], [[[-123.0288, 40.6407], [-123.0295, 40.6402], [-123.0288, 40.6402], [-123.0288, 40.6407]]], [[[-123.0323, 40.6404], [-123.0327, 40.6401], [-123.0323, 40.6401], [-123.0323, 40.6404]]], [[[-123.0341, 40.6401], [-123.0344, 40.6398], [-123.0341, 40.6398], [-123.0341, 40.6401]]], [[[-123.0334, 40.6398], [-123.0337, 40.6395], [-123.0333, 40.6395], [-123.0334, 40.6398]]], [[[-123.0684, 40.6387], [-123.0688, 40.6384], [-123.0684, 40.6384], [-123.0684, 40.6387]]], [[[-123.0514, 40.6391], [-123.0518, 40.6388], [-123.0514, 40.6388], [-123.0514, 40.6391]]], [[[-123.0703, 40.6502], [-123.0706, 40.6492], [-123.0717, 40.6497], [-123.0728, 40.6488], [-123.072, 40.6483], [-123.0731, 40.6483], [-123.0734, 40.6472], [-123.0738, 40.6477], [-123.0741, 40.6469], [-123.0752, 40.6472], [-123.0752, 40.6466], [-123.0748, 40.6464], [-123.0758, 40.6455], [-123.0787, 40.6457], [-123.079, 40.6452], [-123.0797, 40.6452], [-123.0797, 40.6449], [-123.08, 40.6449], [-123.0815, 40.6454], [-123.0812, 40.6465], [-123.0822, 40.6462], [-123.083, 40.6467], [-123.0829, 40.6456], [-123.0818, 40.6448], [-123.0832, 40.6451], [-123.0842, 40.6431], [-123.0828, 40.6429], [-123.0824, 40.641], [-123.0781, 40.6409], [-123.078, 40.6379], [-123.0766, 40.6382], [-123.0763, 40.6396], [-123.0752, 40.6393], [-123.0742, 40.6402], [-123.0749, 40.6409], [-123.0728, 40.641], [-123.0743, 40.6426], [-123.0757, 40.6423], [-123.0742, 40.642], [-123.0749, 40.6415], [-123.0778, 40.6422], [-123.0775, 40.6428], [-123.0782, 40.643], [-123.0782, 40.6436], [-123.0775, 40.6441], [-123.0757, 40.6436], [-123.0758, 40.6447], [-123.0743, 40.6445], [-123.0744, 40.6453], [-123.0733, 40.6448], [-123.0723, 40.647], [-123.0705, 40.6467], [-123.0698, 40.6467], [-123.0695, 40.647], [-123.0695, 40.6465], [-123.0681, 40.6471], [-123.0677, 40.6465], [-123.0681, 40.6476], [-123.0667, 40.6476], [-123.0686, 40.6503], [-123.0693, 40.6497], [-123.0703, 40.6502]], [[-123.0685, 40.6487], [-123.0682, 40.6492], [-123.0681, 40.6487], [-123.0685, 40.6487]], [[-123.071, 40.6486], [-123.0695, 40.6484], [-123.0706, 40.6481], [-123.071, 40.6486]], [[-123.0688, 40.6481], [-123.0685, 40.6487], [-123.0685, 40.6481], [-123.0688, 40.6481]], [[-123.0695, 40.6481], [-123.0692, 40.6484], [-123.0692, 40.6481], [-123.0695, 40.6481]], [[-123.0685, 40.6476], [-123.0681, 40.6479], [-123.0681, 40.6476], [-123.0685, 40.6476]], [[-123.073, 40.6469], [-123.0727, 40.6472], [-123.0727, 40.6469], [-123.073, 40.6469]], [[-123.0747, 40.6453], [-123.0744, 40.6458], [-123.0744, 40.6453], [-123.0747, 40.6453]], [[-123.0804, 40.6446], [-123.08, 40.6449], [-123.08, 40.6446], [-123.0804, 40.6446]], [[-123.0751, 40.6447], [-123.0747, 40.645], [-123.0747, 40.6447], [-123.0751, 40.6447]], [[-123.0839, 40.6434], [-123.0835, 40.6437], [-123.0835, 40.6434], [-123.0839, 40.6434]], [[-123.0817, 40.6429], [-123.0814, 40.6432], [-123.0814, 40.6429], [-123.0817, 40.6429]], [[-123.0785, 40.6425], [-123.0782, 40.643], [-123.0782, 40.6425], [-123.0785, 40.6425]], [[-123.081, 40.6416], [-123.0806, 40.6419], [-123.0806, 40.6416], [-123.081, 40.6416]], [[-123.0813, 40.6413], [-123.081, 40.6416], [-123.081, 40.6413], [-123.0813, 40.6413]]], [[[-123.0379, 40.6389], [-123.0383, 40.6391], [-123.0386, 40.6389], [-123.0379, 40.6389]]], [[[-123.0365, 40.6392], [-123.0369, 40.6389], [-123.0365, 40.6389], [-123.0365, 40.6392]]], [[[-123.0783, 40.6382], [-123.0787, 40.6376], [-123.0783, 40.6376], [-123.0783, 40.6382]]], [[[-123.0468, 40.6387], [-123.0471, 40.6384], [-123.0468, 40.6384], [-123.0468, 40.6387]]], [[[-123.0734, 40.6377], [-123.0741, 40.6375], [-123.0733, 40.6375], [-123.0734, 40.6377]]], [[[-123.0673, 40.6376], [-123.0677, 40.6373], [-123.0673, 40.6373], [-123.0673, 40.6376]]], [[[-123.0699, 40.6394], [-123.0712, 40.6378], [-123.0705, 40.637], [-123.0687, 40.637], [-123.0684, 40.6376], [-123.0691, 40.6376], [-123.0692, 40.6392], [-123.0699, 40.6394]], [[-123.0702, 40.6381], [-123.0698, 40.6384], [-123.0698, 40.6381], [-123.0702, 40.6381]], [[-123.0698, 40.6378], [-123.0695, 40.6381], [-123.0695, 40.6378], [-123.0698, 40.6378]]], [[[-123.0602, 40.6381], [-123.0602, 40.6373], [-123.0592, 40.6375], [-123.0595, 40.6381], [-123.0602, 40.6381]]], [[[-123.0506, 40.6378], [-123.051, 40.6375], [-123.0506, 40.6375], [-123.0506, 40.6378]]], [[[-123.051, 40.6375], [-123.0513, 40.6372], [-123.051, 40.6372], [-123.051, 40.6375]]], [[[-123.0418, 40.6374], [-123.0425, 40.6371], [-123.0418, 40.6372], [-123.0418, 40.6374]]], [[[-123.0432, 40.6369], [-123.0435, 40.6366], [-123.0431, 40.6366], [-123.0432, 40.6369]]], [[[-123.04, 40.6369], [-123.0403, 40.6367], [-123.04, 40.6367], [-123.04, 40.6369]]], [[[-123.0584, 40.6362], [-123.0587, 40.6359], [-123.0584, 40.6359], [-123.0584, 40.6362]]], [[[-123.0647, 40.6523], [-123.0647, 40.6515], [-123.0658, 40.6509], [-123.0653, 40.6496], [-123.0646, 40.6498], [-123.065, 40.6488], [-123.0639, 40.6488], [-123.0635, 40.6474], [-123.0631, 40.6477], [-123.0628, 40.6475], [-123.0624, 40.6475], [-123.0621, 40.6477], [-123.062, 40.6469], [-123.0634, 40.6466], [-123.0627, 40.6453], [-123.0641, 40.6445], [-123.0637, 40.6437], [-123.0626, 40.6437], [-123.0629, 40.6429], [-123.064, 40.6426], [-123.0651, 40.6433], [-123.0647, 40.6417], [-123.0628, 40.6404], [-123.0631, 40.6393], [-123.0613, 40.638], [-123.0581, 40.6384], [-123.0584, 40.6373], [-123.0577, 40.6368], [-123.0584, 40.6362], [-123.0573, 40.6362], [-123.0566, 40.6368], [-123.0577, 40.6379], [-123.0571, 40.6381], [-123.057, 40.6373], [-123.0556, 40.6371], [-123.0566, 40.636], [-123.0555, 40.6357], [-123.0552, 40.6366], [-123.0552, 40.6358], [-123.0541, 40.6358], [-123.0524, 40.6377], [-123.051, 40.6377], [-123.0525, 40.6388], [-123.0522, 40.6412], [-123.0518, 40.6407], [-123.0511, 40.6407], [-123.0512, 40.6418], [-123.0501, 40.6413], [-123.0505, 40.6426], [-123.0512, 40.6423], [-123.0534, 40.6442], [-123.0527, 40.6453], [-123.0545, 40.6452], [-123.0545, 40.6442], [-123.0559, 40.6438], [-123.0556, 40.6455], [-123.0542, 40.6458], [-123.0546, 40.6477], [-123.0536, 40.6477], [-123.054, 40.6488], [-123.0533, 40.649], [-123.0554, 40.6493], [-123.0547, 40.6485], [-123.0564, 40.6476], [-123.0568, 40.6481], [-123.0561, 40.6484], [-123.0571, 40.6484], [-123.0572, 40.649], [-123.0575, 40.6487], [-123.0586, 40.6486], [-123.0586, 40.65], [-123.0579, 40.6503], [-123.0587, 40.6516], [-123.0605, 40.6516], [-123.0604, 40.651], [-123.0619, 40.651], [-123.0615, 40.6502], [-123.0622, 40.6502], [-123.0633, 40.651], [-123.0626, 40.6515], [-123.0647, 40.6523]], [[-123.0644, 40.6515], [-123.064, 40.6518], [-123.064, 40.6515], [-123.0644, 40.6515]], [[-123.064, 40.6507], [-123.0636, 40.6515], [-123.0636, 40.6507], [-123.064, 40.6507]], [[-123.0615, 40.6505], [-123.0608, 40.6508], [-123.0608, 40.6505], [-123.0615, 40.6505]], [[-123.0593, 40.6505], [-123.059, 40.6508], [-123.059, 40.6505], [-123.0593, 40.6505]], [[-123.0636, 40.6499], [-123.0632, 40.6502], [-123.0632, 40.6499], [-123.0636, 40.6499]], [[-123.0607, 40.6494], [-123.06, 40.6497], [-123.06, 40.6494], [-123.0607, 40.6494]], [[-123.0593, 40.6486], [-123.0589, 40.6494], [-123.0589, 40.6486], [-123.0593, 40.6486]], [[-123.06, 40.6492], [-123.0596, 40.6481], [-123.0607, 40.6481], [-123.0607, 40.6483], [-123.06, 40.6492]], [[-123.0589, 40.6484], [-123.0586, 40.6486], [-123.0585, 40.6484], [-123.0589, 40.6484]], [[-123.0617, 40.6475], [-123.0614, 40.6478], [-123.0614, 40.6475], [-123.0617, 40.6475]], [[-123.0603, 40.6475], [-123.0599, 40.6478], [-123.0599, 40.6475], [-123.0603, 40.6475]], [[-123.0553, 40.6474], [-123.0546, 40.6471], [-123.0549, 40.6463], [-123.0556, 40.6466], [-123.0553, 40.6474]], [[-123.0577, 40.6462], [-123.0574, 40.6465], [-123.0574, 40.6462], [-123.0577, 40.6462]], [[-123.0563, 40.6457], [-123.0556, 40.6466], [-123.0552, 40.6458], [-123.0563, 40.6457]], [[-123.0613, 40.6459], [-123.0609, 40.6462], [-123.0609, 40.6459], [-123.0613, 40.6459]], [[-123.0573, 40.6452], [-123.057, 40.6454], [-123.057, 40.6452], [-123.0573, 40.6452]], [[-123.0563, 40.6449], [-123.0559, 40.6452], [-123.0559, 40.6449], [-123.0563, 40.6449]], [[-123.057, 40.6446], [-123.0566, 40.6449], [-123.0566, 40.6446], [-123.057, 40.6446]], [[-123.0569, 40.6441], [-123.0566, 40.6444], [-123.0566, 40.6441], [-123.0569, 40.6441]], [[-123.0619, 40.6437], [-123.0616, 40.644], [-123.0615, 40.6437], [-123.0619, 40.6437]], [[-123.0622, 40.6434], [-123.0619, 40.6437], [-123.0619, 40.6434], [-123.0622, 40.6434]], [[-123.0576, 40.6435], [-123.0573, 40.6438], [-123.0573, 40.6435], [-123.0576, 40.6435]], [[-123.0548, 40.6436], [-123.0545, 40.6439], [-123.0544, 40.6436], [-123.0548, 40.6436]], [[-123.0562, 40.6433], [-123.0559, 40.6436], [-123.0559, 40.6433], [-123.0562, 40.6433]], [[-123.0555, 40.643], [-123.0551, 40.6433], [-123.0551, 40.6431], [-123.0555, 40.643]], [[-123.0537, 40.6431], [-123.0534, 40.6434], [-123.0534, 40.6431], [-123.0537, 40.6431]], [[-123.0569, 40.643], [-123.0558, 40.6428], [-123.0561, 40.6419], [-123.0565, 40.6419], [-123.0569, 40.643]], [[-123.0537, 40.6428], [-123.0526, 40.6428], [-123.0529, 40.6418], [-123.0533, 40.6417], [-123.0537, 40.642], [-123.0537, 40.6428]], [[-123.064, 40.642], [-123.0636, 40.6423], [-123.0636, 40.642], [-123.064, 40.642]], [[-123.0547, 40.642], [-123.0544, 40.6425], [-123.0544, 40.642], [-123.0547, 40.642]], [[-123.0551, 40.6417], [-123.0547, 40.642], [-123.0547, 40.6417], [-123.0551, 40.6417]], [[-123.0622, 40.6415], [-123.0614, 40.6413], [-123.0618, 40.6407], [-123.0625, 40.6407], [-123.0622, 40.6415]], [[-123.0536, 40.6415], [-123.0533, 40.6417], [-123.0533, 40.6415], [-123.0536, 40.6415]], [[-123.0519, 40.6412], [-123.0515, 40.6418], [-123.0515, 40.6412], [-123.0519, 40.6412]], [[-123.054, 40.6409], [-123.0536, 40.6415], [-123.0536, 40.6409], [-123.054, 40.6409]], [[-123.0547, 40.6409], [-123.0539, 40.6401], [-123.055, 40.6398], [-123.0554, 40.6403], [-123.0547, 40.6409]], [[-123.0618, 40.6402], [-123.0614, 40.6405], [-123.0614, 40.6402], [-123.0618, 40.6402]], [[-123.0561, 40.6401], [-123.0557, 40.6406], [-123.0557, 40.6401], [-123.0561, 40.6401]], [[-123.0532, 40.6404], [-123.0529, 40.6407], [-123.0529, 40.6404], [-123.0532, 40.6404]], [[-123.0546, 40.6393], [-123.0543, 40.6396], [-123.0543, 40.6393], [-123.0546, 40.6393]], [[-123.0536, 40.6393], [-123.0532, 40.6396], [-123.0532, 40.6393], [-123.0536, 40.6393]], [[-123.0596, 40.6389], [-123.0592, 40.6392], [-123.0592, 40.6389], [-123.0596, 40.6389]], [[-123.0571, 40.6381], [-123.056, 40.6384], [-123.056, 40.6382], [-123.0571, 40.6381]], [[-123.0549, 40.6382], [-123.0546, 40.6385], [-123.0546, 40.6382], [-123.0549, 40.6382]], [[-123.0556, 40.6371], [-123.0549, 40.6374], [-123.0549, 40.6371], [-123.0556, 40.6371]], [[-123.0542, 40.6371], [-123.0538, 40.6374], [-123.0538, 40.6371], [-123.0542, 40.6371]], [[-123.0538, 40.6369], [-123.0535, 40.6371], [-123.0535, 40.6369], [-123.0538, 40.6369]]], [[[-123.0513, 40.6361], [-123.0516, 40.6358], [-123.0513, 40.6358], [-123.0513, 40.6361]]], [[[-123.0758, 40.6371], [-123.0754, 40.6361], [-123.0732, 40.635], [-123.0733, 40.6367], [-123.0758, 40.6371]]], [[[-123.041, 40.6364], [-123.041, 40.6358], [-123.0399, 40.6359], [-123.0399, 40.6364], [-123.041, 40.6364]]], [[[-123.0492, 40.6359], [-123.0495, 40.6356], [-123.0491, 40.6356], [-123.0492, 40.6359]]], [[[-123.0739, 40.635], [-123.0743, 40.6345], [-123.0739, 40.6345], [-123.0739, 40.635]]], [[[-123.0428, 40.6358], [-123.0434, 40.6352], [-123.0431, 40.6352], [-123.0428, 40.6358]]], [[[-123.2355, 40.6307], [-123.2359, 40.6304], [-123.2355, 40.6304], [-123.2355, 40.6307]]], [[[-123.0555, 40.6355], [-123.0548, 40.6347], [-123.0544, 40.6352], [-123.0537, 40.635], [-123.0537, 40.6355], [-123.0555, 40.6355]]], [[[-123.2366, 40.6304], [-123.2384, 40.6306], [-123.238, 40.63], [-123.2366, 40.6304]]], [[[-123.048, 40.6348], [-123.048, 40.6343], [-123.0473, 40.6343], [-123.0473, 40.6346], [-123.048, 40.6348]]], [[[-123.1143, 40.6329], [-123.1146, 40.6327], [-123.1143, 40.6327], [-123.1143, 40.6329]]], [[[-123.0835, 40.6337], [-123.0838, 40.6334], [-123.0835, 40.6334], [-123.0835, 40.6337]]], [[[-123.12, 40.6328], [-123.1207, 40.6322], [-123.1199, 40.6323], [-123.12, 40.6328]]], [[[-123.0863, 40.6336], [-123.0856, 40.6331], [-123.0845, 40.6334], [-123.0845, 40.6337], [-123.0863, 40.6336]]], [[[-123.0506, 40.6359], [-123.0516, 40.6342], [-123.0502, 40.6345], [-123.0501, 40.634], [-123.0494, 40.634], [-123.0484, 40.6351], [-123.0506, 40.6359]], [[-123.0498, 40.6343], [-123.0494, 40.6345], [-123.0494, 40.6343], [-123.0498, 40.6343]]], [[[-123.1231, 40.6324], [-123.1235, 40.6322], [-123.1231, 40.6322], [-123.1231, 40.6324]]], [[[-123.0838, 40.6334], [-123.0842, 40.6331], [-123.0838, 40.6332], [-123.0838, 40.6334]]], [[[-123.0484, 40.6343], [-123.0487, 40.634], [-123.0484, 40.634], [-123.0484, 40.6343]]], [[[-123.1132, 40.6324], [-123.1143, 40.6327], [-123.1143, 40.6321], [-123.1132, 40.6324]]], [[[-123.2291, 40.6295], [-123.2294, 40.6292], [-123.2291, 40.6292], [-123.2291, 40.6295]]], [[[-123.1235, 40.6322], [-123.1238, 40.6319], [-123.1235, 40.6319], [-123.1235, 40.6322]]], [[[-123.1146, 40.6324], [-123.1153, 40.6321], [-123.1146, 40.6321], [-123.1146, 40.6324]]], [[[-123.1175, 40.6329], [-123.1164, 40.6318], [-123.1157, 40.6318], [-123.1154, 40.6329], [-123.1175, 40.6329]]], [[[-123.1193, 40.6328], [-123.1199, 40.632], [-123.1178, 40.6323], [-123.1178, 40.6328], [-123.1193, 40.6328]]], [[[-123.1143, 40.6321], [-123.1146, 40.6318], [-123.1143, 40.6319], [-123.1143, 40.6321]]], [[[-123.1086, 40.6325], [-123.1086, 40.632], [-123.1079, 40.6317], [-123.1079, 40.6323], [-123.1086, 40.6325]]], [[[-123.1178, 40.6323], [-123.1181, 40.6315], [-123.1167, 40.6315], [-123.1167, 40.6321], [-123.1171, 40.6321], [-123.1171, 40.6323], [-123.1178, 40.6323]], [[-123.1174, 40.6318], [-123.1171, 40.6321], [-123.1171, 40.6318], [-123.1174, 40.6318]]], [[[-123.0668, 40.6333], [-123.0675, 40.633], [-123.0668, 40.6328], [-123.0668, 40.6333]]], [[[-123.1153, 40.6318], [-123.1157, 40.6315], [-123.1153, 40.6316], [-123.1153, 40.6318]]], [[[-123.0586, 40.6332], [-123.0593, 40.6329], [-123.0586, 40.6327], [-123.0586, 40.6332]]], [[[-123.2315, 40.6286], [-123.2319, 40.6283], [-123.2315, 40.6283], [-123.2315, 40.6286]]], [[[-123.1142, 40.6316], [-123.1146, 40.6313], [-123.1142, 40.6313], [-123.1142, 40.6316]]], [[[-123.1075, 40.6318], [-123.1079, 40.6315], [-123.1075, 40.6315], [-123.1075, 40.6318]]], [[[-123.0551, 40.6331], [-123.0554, 40.6328], [-123.0551, 40.6328], [-123.0551, 40.6331]]], [[[-123.054, 40.6331], [-123.0543, 40.6328], [-123.054, 40.6328], [-123.054, 40.6331]]], [[[-123.121, 40.6311], [-123.1217, 40.6309], [-123.121, 40.6309], [-123.121, 40.6311]]], [[[-123.2379, 40.6279], [-123.2382, 40.6276], [-123.2379, 40.6276], [-123.2379, 40.6279]]], [[[-123.229, 40.6278], [-123.2298, 40.6286], [-123.2297, 40.6278], [-123.229, 40.6278]]], [[[-123.1135, 40.6311], [-123.1139, 40.6308], [-123.1135, 40.6308], [-123.1135, 40.6311]]], [[[-123.055, 40.6325], [-123.0554, 40.6322], [-123.055, 40.6322], [-123.055, 40.6325]]], [[[-123.1142, 40.6308], [-123.1145, 40.6305], [-123.1142, 40.6305], [-123.1142, 40.6308]]], [[[-123.0576, 40.6352], [-123.0572, 40.6341], [-123.0562, 40.6341], [-123.0572, 40.6335], [-123.0571, 40.6319], [-123.0561, 40.6319], [-123.0551, 40.6347], [-123.0576, 40.6352]]], [[[-123.0486, 40.6324], [-123.049, 40.6321], [-123.0486, 40.6321], [-123.0486, 40.6324]]], [[[-123.0586, 40.6322], [-123.0593, 40.6316], [-123.0589, 40.6316], [-123.0586, 40.6322]]], [[[-123.2375, 40.6271], [-123.2379, 40.6273], [-123.2382, 40.6271], [-123.2375, 40.6271]]], [[[-123.1099, 40.6306], [-123.1103, 40.6303], [-123.1099, 40.6303], [-123.1099, 40.6306]]], [[[-123.0543, 40.632], [-123.0547, 40.6317], [-123.0543, 40.6317], [-123.0543, 40.632]]], [[[-123.0525, 40.632], [-123.0529, 40.6318], [-123.0525, 40.6318], [-123.0525, 40.632]]], [[[-123.2333, 40.6275], [-123.2336, 40.6269], [-123.2332, 40.6269], [-123.2333, 40.6275]]], [[[-123.1192, 40.6304], [-123.1191, 40.6298], [-123.1184, 40.6299], [-123.1184, 40.6301], [-123.1192, 40.6304]]], [[[-123.0483, 40.6316], [-123.0486, 40.6319], [-123.049, 40.6316], [-123.0483, 40.6316]]], [[[-123.0451, 40.6319], [-123.0454, 40.6317], [-123.0451, 40.6317], [-123.0451, 40.6319]]], [[[-123.0456, 40.6436], [-123.0458, 40.6406], [-123.0482, 40.6397], [-123.0493, 40.6386], [-123.0492, 40.6373], [-123.0477, 40.6362], [-123.0481, 40.6354], [-123.0466, 40.6346], [-123.048, 40.6338], [-123.0473, 40.6332], [-123.0479, 40.6319], [-123.0469, 40.6319], [-123.0468, 40.6314], [-123.0465, 40.6327], [-123.0447, 40.6322], [-123.0451, 40.6328], [-123.044, 40.6325], [-123.0434, 40.6339], [-123.0427, 40.6339], [-123.0427, 40.6347], [-123.0441, 40.6347], [-123.0438, 40.6355], [-123.0445, 40.6355], [-123.0446, 40.6368], [-123.0428, 40.6371], [-123.0428, 40.6377], [-123.0418, 40.6377], [-123.0418, 40.6374], [-123.0414, 40.6374], [-123.0418, 40.6393], [-123.0411, 40.6396], [-123.0419, 40.6409], [-123.0422, 40.6404], [-123.0437, 40.6404], [-123.0429, 40.6393], [-123.044, 40.6395], [-123.0439, 40.6385], [-123.0443, 40.6398], [-123.0461, 40.6398], [-123.0444, 40.6406], [-123.0448, 40.6411], [-123.0445, 40.6433], [-123.0456, 40.6436]], [[-123.0426, 40.6393], [-123.0419, 40.6401], [-123.0418, 40.6393], [-123.0426, 40.6393]], [[-123.0465, 40.6395], [-123.0461, 40.6398], [-123.0461, 40.6395], [-123.0465, 40.6395]], [[-123.0468, 40.6392], [-123.0465, 40.6395], [-123.0465, 40.6392], [-123.0468, 40.6392]], [[-123.0482, 40.6384], [-123.0468, 40.6392], [-123.0468, 40.6387], [-123.0464, 40.6384], [-123.0457, 40.6384], [-123.0467, 40.6373], [-123.0471, 40.6384], [-123.0482, 40.6384]], [[-123.0464, 40.6387], [-123.0461, 40.6389], [-123.0461, 40.6387], [-123.0464, 40.6387]], [[-123.0425, 40.6388], [-123.0422, 40.639], [-123.0422, 40.6388], [-123.0425, 40.6388]], [[-123.0446, 40.6379], [-123.0443, 40.6382], [-123.0443, 40.6379], [-123.0446, 40.6379]], [[-123.0457, 40.6376], [-123.045, 40.6374], [-123.0453, 40.6368], [-123.0456, 40.6368], [-123.0457, 40.6376]], [[-123.0439, 40.6374], [-123.0435, 40.6377], [-123.0435, 40.6374], [-123.0439, 40.6374]], [[-123.0446, 40.6371], [-123.0439, 40.6374], [-123.0439, 40.6371], [-123.0446, 40.6371]], [[-123.0467, 40.637], [-123.046, 40.6371], [-123.0456, 40.6363], [-123.0463, 40.6362], [-123.0467, 40.637]], [[-123.0449, 40.6352], [-123.0445, 40.6355], [-123.0445, 40.6352], [-123.0449, 40.6352]], [[-123.0462, 40.6335], [-123.0459, 40.6338], [-123.0459, 40.6335], [-123.0462, 40.6335]], [[-123.0455, 40.633], [-123.0451, 40.6333], [-123.0451, 40.633], [-123.0455, 40.633]], [[-123.0444, 40.633], [-123.0441, 40.6333], [-123.0441, 40.6331], [-123.0444, 40.633]]], [[[-123.2373, 40.6301], [-123.2376, 40.6295], [-123.2383, 40.6298], [-123.2383, 40.6281], [-123.2379, 40.6282], [-123.2379, 40.6279], [-123.2375, 40.6276], [-123.2365, 40.6279], [-123.2364, 40.6268], [-123.2343, 40.6266], [-123.2343, 40.6274], [-123.2326, 40.6278], [-123.2319, 40.6289], [-123.2315, 40.6289], [-123.2315, 40.6286], [-123.2312, 40.6283], [-123.2301, 40.6284], [-123.2305, 40.6292], [-123.2326, 40.6296], [-123.2355, 40.6293], [-123.2355, 40.6298], [-123.2373, 40.6301]], [[-123.2379, 40.629], [-123.2376, 40.6292], [-123.2376, 40.629], [-123.2379, 40.629]], [[-123.2376, 40.6287], [-123.2372, 40.629], [-123.2372, 40.6287], [-123.2376, 40.6287]], [[-123.2358, 40.629], [-123.2354, 40.6285], [-123.2365, 40.6282], [-123.2365, 40.6287], [-123.2358, 40.629]], [[-123.2354, 40.6285], [-123.2344, 40.6285], [-123.2344, 40.6282], [-123.235, 40.628], [-123.2354, 40.6285]], [[-123.2336, 40.6283], [-123.2333, 40.6285], [-123.2333, 40.6283], [-123.2336, 40.6283]], [[-123.2343, 40.6277], [-123.234, 40.6283], [-123.234, 40.6277], [-123.2343, 40.6277]], [[-123.235, 40.6269], [-123.2347, 40.6272], [-123.2346, 40.6269], [-123.235, 40.6269]]], [[[-123.0518, 40.6312], [-123.0522, 40.6315], [-123.0525, 40.6312], [-123.0518, 40.6312]]], [[[-123.0841, 40.6313], [-123.084, 40.6302], [-123.0823, 40.6308], [-123.0823, 40.631], [-123.0841, 40.6313]]], [[[-123.0823, 40.6305], [-123.0826, 40.6302], [-123.0823, 40.6302], [-123.0823, 40.6305]]], [[[-123.0699, 40.6308], [-123.0702, 40.6305], [-123.0699, 40.6305], [-123.0699, 40.6308]]], [[[-123.084, 40.6302], [-123.0844, 40.6299], [-123.084, 40.6299], [-123.084, 40.6302]]], [[[-123.0755, 40.6304], [-123.0759, 40.6301], [-123.0755, 40.6301], [-123.0755, 40.6304]]], [[[-123.0684, 40.6306], [-123.0688, 40.6303], [-123.0684, 40.6303], [-123.0684, 40.6306]]], [[[-123.0674, 40.6306], [-123.0677, 40.6303], [-123.0674, 40.6303], [-123.0674, 40.6306]]], [[[-123.3016, 40.6243], [-123.3019, 40.624], [-123.3016, 40.624], [-123.3016, 40.6243]]], [[[-123.2998, 40.6244], [-123.3001, 40.6241], [-123.2998, 40.6241], [-123.2998, 40.6244]]], [[[-123.0681, 40.6303], [-123.0684, 40.63], [-123.0681, 40.63], [-123.0681, 40.6303]]], [[[-123.2382, 40.626], [-123.2381, 40.6254], [-123.2374, 40.6255], [-123.2374, 40.6257], [-123.2382, 40.626]]], [[[-123.1255, 40.6286], [-123.1258, 40.6283], [-123.1255, 40.6283], [-123.1255, 40.6286]]], [[[-123.0801, 40.6297], [-123.0805, 40.6295], [-123.0801, 40.6295], [-123.0801, 40.6297]]], [[[-123.0684, 40.63], [-123.0688, 40.6297], [-123.0684, 40.6298], [-123.0684, 40.63]]], [[[-123.067, 40.6301], [-123.0673, 40.6298], [-123.067, 40.6298], [-123.067, 40.6301]]], [[[-123.0631, 40.6302], [-123.0634, 40.6299], [-123.0631, 40.6299], [-123.0631, 40.6302]]], [[[-123.0817, 40.6337], [-123.0835, 40.6334], [-123.0834, 40.6313], [-123.0827, 40.6313], [-123.0823, 40.6324], [-123.0813, 40.6324], [-123.0816, 40.6313], [-123.0809, 40.6324], [-123.0802, 40.6324], [-123.0805, 40.6308], [-123.0798, 40.6303], [-123.0805, 40.63], [-123.0783, 40.6292], [-123.0777, 40.6317], [-123.0763, 40.6312], [-123.0763, 40.6331], [-123.0774, 40.6325], [-123.0778, 40.6333], [-123.0785, 40.633], [-123.0785, 40.6333], [-123.0795, 40.6333], [-123.0803, 40.6338], [-123.0813, 40.6329], [-123.0817, 40.6337]], [[-123.0831, 40.6329], [-123.0827, 40.6332], [-123.0827, 40.6329], [-123.0831, 40.6329]], [[-123.0799, 40.633], [-123.0795, 40.6333], [-123.0795, 40.633], [-123.0799, 40.633]], [[-123.0809, 40.6327], [-123.0806, 40.633], [-123.0806, 40.6327], [-123.0809, 40.6327]], [[-123.0802, 40.6327], [-123.0799, 40.633], [-123.0799, 40.6327], [-123.0802, 40.6327]], [[-123.0798, 40.6319], [-123.0795, 40.6322], [-123.0795, 40.6319], [-123.0798, 40.6319]], [[-123.0791, 40.6319], [-123.0788, 40.6322], [-123.0788, 40.6319], [-123.0791, 40.6319]], [[-123.0795, 40.6316], [-123.0791, 40.6319], [-123.0791, 40.6316], [-123.0795, 40.6316]]], [[[-123.0628, 40.6307], [-123.0627, 40.6296], [-123.0624, 40.6296], [-123.062, 40.6304], [-123.0628, 40.6307]]], [[[-123.1212, 40.6287], [-123.1215, 40.6282], [-123.1212, 40.6282], [-123.1212, 40.6287]]], [[[-123.065, 40.6339], [-123.0664, 40.6336], [-123.0667, 40.6325], [-123.0653, 40.6314], [-123.0656, 40.6298], [-123.0638, 40.6296], [-123.0638, 40.6307], [-123.0617, 40.631], [-123.0628, 40.6315], [-123.0625, 40.6323], [-123.0642, 40.6317], [-123.0632, 40.6329], [-123.065, 40.6339]]], [[[-123.1198, 40.6285], [-123.1205, 40.6282], [-123.1198, 40.6282], [-123.1198, 40.6285]]], [[[-123.068, 40.6298], [-123.0684, 40.6295], [-123.068, 40.6295], [-123.068, 40.6298]]], [[[-123.0666, 40.6298], [-123.067, 40.6295], [-123.0666, 40.6295], [-123.0666, 40.6298]]], [[[-123.0797, 40.6295], [-123.0801, 40.6289], [-123.0797, 40.6289], [-123.0797, 40.6295]]], [[[-123.0494, 40.634], [-123.0522, 40.6334], [-123.0519, 40.6326], [-123.0525, 40.6323], [-123.0507, 40.6307], [-123.0497, 40.6316], [-123.0496, 40.6299], [-123.0489, 40.6297], [-123.0486, 40.6313], [-123.0493, 40.6316], [-123.0493, 40.6321], [-123.0504, 40.6321], [-123.0504, 40.6326], [-123.049, 40.6324], [-123.0483, 40.6329], [-123.0494, 40.634]], [[-123.0518, 40.6323], [-123.0515, 40.6326], [-123.0515, 40.6323], [-123.0518, 40.6323]], [[-123.0504, 40.6315], [-123.05, 40.6318], [-123.05, 40.6316], [-123.0504, 40.6315]]], [[[-123.2289, 40.6254], [-123.2292, 40.6249], [-123.2289, 40.6249], [-123.2289, 40.6254]]], [[[-123.0776, 40.629], [-123.0779, 40.6287], [-123.0776, 40.6287], [-123.0776, 40.629]]], [[[-123.0787, 40.629], [-123.0793, 40.6284], [-123.079, 40.6284], [-123.0787, 40.629]]], [[[-123.0538, 40.629], [-123.0542, 40.6293], [-123.0549, 40.629], [-123.0538, 40.629]]], [[[-123.1102, 40.6279], [-123.1105, 40.6274], [-123.1102, 40.6274], [-123.1102, 40.6279]]], [[[-123.231, 40.6248], [-123.232, 40.6243], [-123.2306, 40.6243], [-123.231, 40.6248]]], [[[-123.0705, 40.6286], [-123.0708, 40.6283], [-123.0705, 40.6283], [-123.0705, 40.6286]]], [[[-123.0556, 40.629], [-123.0559, 40.6287], [-123.0556, 40.6287], [-123.0556, 40.629]]], [[[-123.0443, 40.6293], [-123.0446, 40.629], [-123.0442, 40.629], [-123.0443, 40.6293]]], [[[-123.1177, 40.6301], [-123.118, 40.6293], [-123.1195, 40.6293], [-123.1184, 40.629], [-123.1194, 40.6269], [-123.1172, 40.6272], [-123.1173, 40.6277], [-123.1151, 40.6272], [-123.1148, 40.6283], [-123.1169, 40.6285], [-123.1166, 40.6294], [-123.1177, 40.6301]], [[-123.118, 40.6291], [-123.1173, 40.6293], [-123.1173, 40.6291], [-123.118, 40.6291]], [[-123.1169, 40.628], [-123.1166, 40.6283], [-123.1166, 40.628], [-123.1169, 40.628]]], [[[-123.1116, 40.6279], [-123.1119, 40.627], [-123.1105, 40.6271], [-123.1105, 40.6274], [-123.1116, 40.6279]]], [[[-123.0652, 40.6287], [-123.0648, 40.6282], [-123.0641, 40.6282], [-123.0645, 40.6288], [-123.0652, 40.6287]]], [[[-123.2303, 40.6243], [-123.2306, 40.624], [-123.2303, 40.624], [-123.2303, 40.6243]]], [[[-123.0761, 40.6279], [-123.0768, 40.6276], [-123.0761, 40.6277], [-123.0761, 40.6279]]], [[[-123.0754, 40.628], [-123.0758, 40.6277], [-123.0754, 40.6277], [-123.0754, 40.628]]], [[[-123.0687, 40.6281], [-123.069, 40.6278], [-123.0687, 40.6279], [-123.0687, 40.6281]]], [[[-123.0541, 40.6282], [-123.0545, 40.6285], [-123.0549, 40.6282], [-123.0541, 40.6282]]], [[[-123.0659, 40.6285], [-123.0655, 40.6277], [-123.0648, 40.6277], [-123.0652, 40.6285], [-123.0659, 40.6285]]], [[[-123.058, 40.6281], [-123.0584, 40.6278], [-123.058, 40.6278], [-123.058, 40.6281]]], [[[-123.0731, 40.6315], [-123.0712, 40.6291], [-123.0705, 40.6294], [-123.0701, 40.6286], [-123.0687, 40.6284], [-123.0687, 40.6281], [-123.0672, 40.6273], [-123.0662, 40.6276], [-123.0669, 40.6279], [-123.0659, 40.6285], [-123.0662, 40.629], [-123.0694, 40.6292], [-123.0691, 40.6295], [-123.0695, 40.6303], [-123.0709, 40.63], [-123.0713, 40.6313], [-123.0717, 40.6313], [-123.0717, 40.6316], [-123.0731, 40.6315]], [[-123.072, 40.631], [-123.0717, 40.6313], [-123.0716, 40.631], [-123.072, 40.631]], [[-123.0698, 40.6294], [-123.0695, 40.6297], [-123.0695, 40.6295], [-123.0698, 40.6294]], [[-123.0683, 40.6284], [-123.0676, 40.6287], [-123.0676, 40.6284], [-123.0683, 40.6284]]], [[[-123.062, 40.6299], [-123.062, 40.6294], [-123.0638, 40.6296], [-123.0623, 40.6275], [-123.0609, 40.6278], [-123.0613, 40.6297], [-123.062, 40.6299]]], [[[-123.1165, 40.6264], [-123.1172, 40.6266], [-123.1172, 40.6261], [-123.1165, 40.6264]]], [[[-123.1112, 40.6265], [-123.1115, 40.6262], [-123.1112, 40.6263], [-123.1112, 40.6265]]], [[[-123.1091, 40.6274], [-123.1098, 40.6268], [-123.1094, 40.626], [-123.1087, 40.626], [-123.1091, 40.6274]]], [[[-123.0536, 40.632], [-123.0543, 40.6314], [-123.055, 40.6317], [-123.0546, 40.6301], [-123.0531, 40.6296], [-123.0541, 40.6279], [-123.0527, 40.6274], [-123.0527, 40.628], [-123.0513, 40.6283], [-123.0513, 40.6277], [-123.0502, 40.6275], [-123.0499, 40.6294], [-123.051, 40.6296], [-123.0507, 40.6305], [-123.0528, 40.6307], [-123.0536, 40.632]], [[-123.0535, 40.6307], [-123.0532, 40.6309], [-123.0532, 40.6307], [-123.0535, 40.6307]], [[-123.0514, 40.6296], [-123.0506, 40.6291], [-123.0506, 40.6283], [-123.0517, 40.6288], [-123.0514, 40.6296]], [[-123.0534, 40.6282], [-123.0531, 40.6285], [-123.0531, 40.6282], [-123.0534, 40.6282]], [[-123.0531, 40.628], [-123.0527, 40.6282], [-123.0527, 40.628], [-123.0531, 40.628]]], [[[-123.1208, 40.6263], [-123.1211, 40.6257], [-123.1207, 40.6257], [-123.1208, 40.6263]]], [[[-123.1108, 40.6263], [-123.1112, 40.626], [-123.1108, 40.626], [-123.1108, 40.6263]]], [[[-123.0756, 40.6315], [-123.0748, 40.6307], [-123.0765, 40.629], [-123.0776, 40.6287], [-123.0775, 40.6276], [-123.0772, 40.6282], [-123.0754, 40.6282], [-123.0754, 40.628], [-123.0751, 40.6277], [-123.0765, 40.6274], [-123.0754, 40.6266], [-123.0729, 40.6272], [-123.0729, 40.6277], [-123.0711, 40.627], [-123.0708, 40.6283], [-123.0715, 40.6283], [-123.0712, 40.6291], [-123.0723, 40.6294], [-123.0723, 40.6305], [-123.0727, 40.6305], [-123.0727, 40.6307], [-123.0731, 40.6307], [-123.0731, 40.631], [-123.0741, 40.631], [-123.0738, 40.6315], [-123.0756, 40.6315]], [[-123.0734, 40.6304], [-123.0731, 40.6307], [-123.073, 40.6304], [-123.0734, 40.6304]], [[-123.073, 40.6296], [-123.0727, 40.6299], [-123.0727, 40.6296], [-123.073, 40.6296]], [[-123.0751, 40.6296], [-123.0744, 40.6288], [-123.0754, 40.6282], [-123.0758, 40.629], [-123.0751, 40.6296]], [[-123.0726, 40.6286], [-123.0719, 40.6289], [-123.0719, 40.6286], [-123.0726, 40.6286]], [[-123.0747, 40.6282], [-123.0744, 40.6285], [-123.0744, 40.6283], [-123.0747, 40.6282]], [[-123.0726, 40.6278], [-123.0722, 40.628], [-123.0722, 40.6278], [-123.0726, 40.6278]], [[-123.0754, 40.6271], [-123.075, 40.6274], [-123.075, 40.6272], [-123.0754, 40.6271]]], [[[-123.0683, 40.6273], [-123.0683, 40.6268], [-123.0672, 40.6268], [-123.0672, 40.6271], [-123.0683, 40.6273]]], [[[-123.12, 40.6258], [-123.1204, 40.6255], [-123.12, 40.6255], [-123.12, 40.6258]]], [[[-123.0665, 40.6271], [-123.0669, 40.6268], [-123.0665, 40.6268], [-123.0665, 40.6271]]], [[[-123.0694, 40.627], [-123.0697, 40.6265], [-123.0683, 40.6265], [-123.0683, 40.6268], [-123.0694, 40.627]]], [[[-123.0573, 40.6271], [-123.0576, 40.6268], [-123.0573, 40.6268], [-123.0573, 40.6271]]], [[[-123.0559, 40.6271], [-123.0562, 40.6268], [-123.0559, 40.6268], [-123.0559, 40.6271]]], [[[-123.0612, 40.6267], [-123.0615, 40.6264], [-123.0612, 40.6264], [-123.0612, 40.6267]]], [[[-123.0651, 40.6266], [-123.0651, 40.626], [-123.0643, 40.6261], [-123.0644, 40.6263], [-123.0651, 40.6266]]], [[[-123.0573, 40.6268], [-123.0569, 40.6262], [-123.0562, 40.6263], [-123.0562, 40.6268], [-123.0573, 40.6268]]], [[[-123.058, 40.6265], [-123.0583, 40.6262], [-123.058, 40.6262], [-123.058, 40.6265]]], [[[-123.0466, 40.6268], [-123.047, 40.6265], [-123.0466, 40.6265], [-123.0466, 40.6268]]], [[[-123.1111, 40.6254], [-123.1111, 40.6246], [-123.1108, 40.6246], [-123.1104, 40.6255], [-123.1111, 40.6254]]], [[[-123.0559, 40.6268], [-123.0558, 40.626], [-123.0555, 40.626], [-123.0551, 40.6266], [-123.0559, 40.6268]]], [[[-123.0704, 40.6262], [-123.0707, 40.6256], [-123.0704, 40.6256], [-123.0704, 40.6262]]], [[[-123.1221, 40.6244], [-123.1224, 40.6241], [-123.1221, 40.6241], [-123.1221, 40.6244]]], [[[-123.1196, 40.6244], [-123.12, 40.6241], [-123.1196, 40.6242], [-123.1196, 40.6244]]], [[[-123.0548, 40.6258], [-123.0555, 40.6255], [-123.0547, 40.6255], [-123.0548, 40.6258]]], [[[-123.0576, 40.626], [-123.0576, 40.6252], [-123.0565, 40.6254], [-123.0565, 40.6257], [-123.0576, 40.626]]], [[[-123.1224, 40.6241], [-123.1228, 40.6235], [-123.1224, 40.6235], [-123.1224, 40.6241]]], [[[-123.0473, 40.6262], [-123.048, 40.6257], [-123.0469, 40.6254], [-123.0473, 40.6262]]], [[[-123.1175, 40.6239], [-123.1178, 40.6237], [-123.1174, 40.6237], [-123.1175, 40.6239]]], [[[-123.0579, 40.6254], [-123.0583, 40.6251], [-123.0579, 40.6251], [-123.0579, 40.6254]]], [[[-123.048, 40.6257], [-123.0484, 40.6254], [-123.048, 40.6254], [-123.048, 40.6257]]], [[[-123.0739, 40.6247], [-123.0742, 40.6242], [-123.0738, 40.6242], [-123.0739, 40.6247]]], [[[-123.1256, 40.6245], [-123.1253, 40.6237], [-123.1263, 40.6237], [-123.1263, 40.6226], [-123.1242, 40.6235], [-123.1256, 40.6245]]], [[[-123.0547, 40.6255], [-123.0547, 40.6247], [-123.0554, 40.6249], [-123.0554, 40.6244], [-123.054, 40.6247], [-123.054, 40.6255], [-123.0547, 40.6255]]], [[[-123.0728, 40.6242], [-123.0738, 40.6239], [-123.0728, 40.624], [-123.0728, 40.6242]]], [[[-123.0568, 40.6246], [-123.0572, 40.6243], [-123.0568, 40.6244], [-123.0568, 40.6246]]], [[[-123.0554, 40.6244], [-123.0557, 40.6241], [-123.0554, 40.6241], [-123.0554, 40.6244]]], [[[-123.1245, 40.6224], [-123.1248, 40.6221], [-123.1245, 40.6221], [-123.1245, 40.6224]]], [[[-123.1209, 40.6225], [-123.1213, 40.6222], [-123.1209, 40.6222], [-123.1209, 40.6225]]], [[[-123.1259, 40.6226], [-123.1259, 40.6218], [-123.1252, 40.6218], [-123.1252, 40.6227], [-123.1259, 40.6226]]], [[[-123.1145, 40.6302], [-123.1152, 40.6286], [-123.1141, 40.6283], [-123.1148, 40.6275], [-123.114, 40.6267], [-123.1175, 40.6258], [-123.1172, 40.625], [-123.1178, 40.6247], [-123.1171, 40.6239], [-123.1161, 40.6242], [-123.1167, 40.6234], [-123.1135, 40.6219], [-123.1128, 40.6235], [-123.1117, 40.6227], [-123.1111, 40.6236], [-123.1107, 40.623], [-123.1096, 40.6236], [-123.1107, 40.6238], [-123.1111, 40.6241], [-123.1111, 40.6246], [-123.1118, 40.6249], [-123.1122, 40.6257], [-123.1115, 40.626], [-123.113, 40.6273], [-123.1116, 40.6279], [-123.1117, 40.6298], [-123.1145, 40.6302]], [[-123.113, 40.6278], [-123.1127, 40.6281], [-123.1127, 40.6278], [-123.113, 40.6278]], [[-123.1137, 40.6273], [-123.1134, 40.6278], [-123.1133, 40.6273], [-123.1137, 40.6273]], [[-123.114, 40.6265], [-123.1133, 40.6267], [-123.1133, 40.6265], [-123.114, 40.6265]], [[-123.1125, 40.6249], [-123.1118, 40.6249], [-123.1121, 40.6238], [-123.1128, 40.6238], [-123.1125, 40.6249]], [[-123.1143, 40.624], [-123.1139, 40.6243], [-123.1139, 40.624], [-123.1143, 40.624]], [[-123.1114, 40.6238], [-123.1111, 40.6241], [-123.1111, 40.6238], [-123.1114, 40.6238]]], [[[-123.121, 40.6233], [-123.1209, 40.6225], [-123.1202, 40.6217], [-123.1196, 40.6233], [-123.121, 40.6233]]], [[[-123.055, 40.6239], [-123.0557, 40.6233], [-123.0547, 40.6233], [-123.055, 40.6239]]], [[[-123.0536, 40.6247], [-123.0543, 40.6239], [-123.0543, 40.6233], [-123.0532, 40.6234], [-123.0536, 40.6247]]], [[[-123.1259, 40.6218], [-123.1262, 40.6216], [-123.1259, 40.6216], [-123.1259, 40.6218]]], [[[-123.0529, 40.6234], [-123.0532, 40.6231], [-123.0529, 40.6231], [-123.0529, 40.6234]]], [[[-123.0486, 40.6232], [-123.049, 40.6229], [-123.0486, 40.6229], [-123.0486, 40.6232]]], [[[-123.1107, 40.6228], [-123.112, 40.6216], [-123.1099, 40.6212], [-123.1106, 40.6217], [-123.1107, 40.6228]]], [[[-123.0699, 40.6224], [-123.0706, 40.6221], [-123.0699, 40.6221], [-123.0699, 40.6224]]], [[[-123.0475, 40.623], [-123.0479, 40.6227], [-123.0475, 40.6227], [-123.0475, 40.623]]], [[[-123.0486, 40.6229], [-123.0486, 40.6224], [-123.0479, 40.6224], [-123.0479, 40.6227], [-123.0486, 40.6229]]], [[[-123.0642, 40.6223], [-123.0642, 40.6217], [-123.0635, 40.6218], [-123.0635, 40.622], [-123.0642, 40.6223]]], [[[-123.0649, 40.622], [-123.0652, 40.6217], [-123.0649, 40.6217], [-123.0649, 40.622]]], [[[-123.064, 40.6266], [-123.064, 40.6253], [-123.0622, 40.6253], [-123.0628, 40.6242], [-123.0636, 40.6245], [-123.0639, 40.6239], [-123.0632, 40.6234], [-123.0631, 40.6215], [-123.062, 40.6215], [-123.0621, 40.6223], [-123.0628, 40.6223], [-123.0621, 40.6226], [-123.0621, 40.6234], [-123.0628, 40.6239], [-123.0611, 40.6248], [-123.0622, 40.6256], [-123.0615, 40.6261], [-123.064, 40.6266]], [[-123.0628, 40.6229], [-123.0624, 40.6231], [-123.0624, 40.6229], [-123.0628, 40.6229]]], [[[-123.1226, 40.6203], [-123.123, 40.62], [-123.1226, 40.62], [-123.1226, 40.6203]]], [[[-123.0663, 40.6217], [-123.0666, 40.6214], [-123.0663, 40.6214], [-123.0663, 40.6217]]], [[[-123.0645, 40.6217], [-123.0649, 40.6215], [-123.0645, 40.6215], [-123.0645, 40.6217]]], [[[-123.0546, 40.622], [-123.0553, 40.6214], [-123.0549, 40.6214], [-123.0546, 40.622]]], [[[-123.123, 40.62], [-123.1233, 40.6197], [-123.123, 40.6197], [-123.123, 40.62]]], [[[-123.1159, 40.6202], [-123.1166, 40.6199], [-123.1159, 40.6199], [-123.1159, 40.6202]]], [[[-123.1233, 40.6197], [-123.1237, 40.6195], [-123.1233, 40.6195], [-123.1233, 40.6197]]], [[[-123.1219, 40.6198], [-123.1222, 40.6195], [-123.1219, 40.6195], [-123.1219, 40.6198]]], [[[-123.1106, 40.6201], [-123.1109, 40.6195], [-123.1105, 40.6195], [-123.1106, 40.6201]]], [[[-123.1112, 40.6198], [-123.1116, 40.6195], [-123.1112, 40.6195], [-123.1112, 40.6198]]], [[[-123.0641, 40.6209], [-123.0645, 40.6207], [-123.0641, 40.6207], [-123.0641, 40.6209]]], [[[-123.0627, 40.621], [-123.0631, 40.6207], [-123.0627, 40.6207], [-123.0627, 40.621]]], [[[-123.124, 40.6192], [-123.1243, 40.6189], [-123.124, 40.6189], [-123.124, 40.6192]]], [[[-123.1109, 40.6195], [-123.1112, 40.6192], [-123.1109, 40.6192], [-123.1109, 40.6195]]], [[[-123.1258, 40.6194], [-123.1261, 40.6186], [-123.1257, 40.6186], [-123.1258, 40.6194]]], [[[-123.0655, 40.6206], [-123.0655, 40.6201], [-123.0645, 40.6204], [-123.0645, 40.6207], [-123.0655, 40.6206]]], [[[-123.0634, 40.6207], [-123.0634, 40.6201], [-123.062, 40.6202], [-123.0623, 40.6207], [-123.0627, 40.6204], [-123.0634, 40.6207]]], [[[-123.1226, 40.6189], [-123.1229, 40.6187], [-123.1226, 40.6187], [-123.1226, 40.6189]]], [[[-123.0609, 40.6205], [-123.0616, 40.6202], [-123.0609, 40.6202], [-123.0609, 40.6205]]], [[[-123.064, 40.6274], [-123.0665, 40.6271], [-123.0662, 40.6268], [-123.0668, 40.626], [-123.0679, 40.6265], [-123.0697, 40.6259], [-123.0696, 40.6254], [-123.0672, 40.6257], [-123.0678, 40.6249], [-123.0696, 40.6251], [-123.0692, 40.6232], [-123.0721, 40.624], [-123.0709, 40.6224], [-123.0706, 40.6227], [-123.0699, 40.6227], [-123.0699, 40.6224], [-123.0692, 40.6224], [-123.0677, 40.6211], [-123.0676, 40.6198], [-123.0669, 40.6203], [-123.0673, 40.6217], [-123.0649, 40.6231], [-123.0635, 40.6226], [-123.0643, 40.6239], [-123.0636, 40.6247], [-123.0629, 40.6248], [-123.0647, 40.625], [-123.0658, 40.6263], [-123.0654, 40.6268], [-123.064, 40.6266], [-123.064, 40.6274]], [[-123.0664, 40.6255], [-123.0661, 40.6258], [-123.0661, 40.6255], [-123.0664, 40.6255]], [[-123.0675, 40.6244], [-123.0671, 40.6249], [-123.0671, 40.6244], [-123.0675, 40.6244]], [[-123.0657, 40.625], [-123.065, 40.625], [-123.065, 40.6242], [-123.0653, 40.6241], [-123.0657, 40.625]], [[-123.0667, 40.6241], [-123.066, 40.6241], [-123.066, 40.6228], [-123.0663, 40.6228], [-123.0667, 40.6241]], [[-123.0685, 40.6233], [-123.0678, 40.6238], [-123.0678, 40.6233], [-123.0685, 40.6233]]], [[[-123.1176, 40.6191], [-123.1179, 40.6185], [-123.1176, 40.6185], [-123.1176, 40.6191]]], [[[-123.0659, 40.6201], [-123.0669, 40.6201], [-123.0669, 40.6195], [-123.0659, 40.6201]]], [[[-123.0651, 40.6198], [-123.0655, 40.6195], [-123.0651, 40.6196], [-123.0651, 40.6198]]], [[[-123.0616, 40.6199], [-123.0619, 40.6196], [-123.0616, 40.6196], [-123.0616, 40.6199]]], [[[-123.0648, 40.6196], [-123.0651, 40.6193], [-123.0648, 40.6193], [-123.0648, 40.6196]]], [[[-123.0637, 40.6196], [-123.0641, 40.6193], [-123.0637, 40.6193], [-123.0637, 40.6196]]], [[[-123.0633, 40.6193], [-123.0637, 40.6191], [-123.0633, 40.6191], [-123.0633, 40.6193]]], [[[-123.0623, 40.6194], [-123.0626, 40.6191], [-123.0623, 40.6191], [-123.0623, 40.6194]]], [[[-123.0431, 40.6187], [-123.0435, 40.6185], [-123.0431, 40.6185], [-123.0431, 40.6187]]], [[[-123.0566, 40.6181], [-123.0569, 40.6179], [-123.0565, 40.6179], [-123.0566, 40.6181]]], [[[-123.0619, 40.6194], [-123.0612, 40.618], [-123.0629, 40.618], [-123.0629, 40.6172], [-123.0608, 40.6175], [-123.0609, 40.6191], [-123.0619, 40.6194]]], [[[-123.0523, 40.6177], [-123.0526, 40.6174], [-123.0523, 40.6174], [-123.0523, 40.6177]]], [[[-123.0537, 40.6171], [-123.054, 40.6169], [-123.0537, 40.6169], [-123.0537, 40.6171]]], [[[-123.0604, 40.6167], [-123.0607, 40.6164], [-123.0604, 40.6164], [-123.0604, 40.6167]]], [[[-123.0533, 40.6169], [-123.0536, 40.6163], [-123.0533, 40.6163], [-123.0533, 40.6169]]], [[[-123.0607, 40.6164], [-123.0611, 40.6161], [-123.0607, 40.6162], [-123.0607, 40.6164]]], [[[-123.065, 40.616], [-123.0653, 40.6158], [-123.065, 40.6158], [-123.065, 40.616]]], [[[-123.0636, 40.6161], [-123.0642, 40.6144], [-123.0632, 40.6147], [-123.0632, 40.6156], [-123.0625, 40.6156], [-123.0624, 40.6145], [-123.0614, 40.6148], [-123.0621, 40.6153], [-123.0611, 40.6156], [-123.0636, 40.6161]]], [[[-123.0607, 40.6148], [-123.0614, 40.6142], [-123.061, 40.6143], [-123.0607, 40.6148]]], [[[-123.0596, 40.6148], [-123.0603, 40.6143], [-123.0599, 40.6143], [-123.0596, 40.6148]]], [[[-123.0614, 40.6142], [-123.0617, 40.614], [-123.0613, 40.614], [-123.0614, 40.6142]]], [[[-123.0523, 40.6174], [-123.0518, 40.615], [-123.0525, 40.6142], [-123.0518, 40.6139], [-123.0505, 40.6169], [-123.0523, 40.6174]]], [[[-123.0536, 40.6161], [-123.0547, 40.615], [-123.0543, 40.6144], [-123.0539, 40.615], [-123.0532, 40.6147], [-123.0546, 40.6141], [-123.0542, 40.6133], [-123.0522, 40.615], [-123.0522, 40.6161], [-123.0536, 40.6161]]], [[[-123.0606, 40.6135], [-123.0609, 40.6129], [-123.0606, 40.6129], [-123.0606, 40.6135]]], [[[-123.0577, 40.6122], [-123.0581, 40.6119], [-123.0577, 40.6119], [-123.0577, 40.6122]]], [[[-123.0581, 40.6119], [-123.0584, 40.6116], [-123.0581, 40.6116], [-123.0581, 40.6119]]], [[[-123.0631, 40.6137], [-123.0623, 40.6118], [-123.0613, 40.6121], [-123.0605, 40.6116], [-123.0602, 40.6121], [-123.0588, 40.6113], [-123.0588, 40.6121], [-123.0599, 40.6121], [-123.0595, 40.6129], [-123.0613, 40.6124], [-123.0613, 40.6134], [-123.0631, 40.6137]], [[-123.0624, 40.6129], [-123.062, 40.6131], [-123.062, 40.6129], [-123.0624, 40.6129]]], [[[-123.0478, 40.6124], [-123.0478, 40.6119], [-123.0471, 40.6116], [-123.0467, 40.6122], [-123.0478, 40.6124]]], [[[-123.0545, 40.6117], [-123.0549, 40.6114], [-123.0545, 40.6114], [-123.0545, 40.6117]]], [[[-123.0488, 40.6116], [-123.0492, 40.6113], [-123.0488, 40.6113], [-123.0488, 40.6116]]], [[[-123.0474, 40.6113], [-123.0477, 40.6111], [-123.0474, 40.6111], [-123.0474, 40.6113]]], [[[-123.0492, 40.611], [-123.0499, 40.6107], [-123.0492, 40.6108], [-123.0492, 40.611]]], [[[-123.0477, 40.6111], [-123.0484, 40.6108], [-123.0477, 40.6105], [-123.0477, 40.6111]]], [[[-123.0499, 40.6107], [-123.0502, 40.6102], [-123.0498, 40.6102], [-123.0499, 40.6107]]], [[[-123.047, 40.6105], [-123.0473, 40.61], [-123.047, 40.61], [-123.047, 40.6105]]], [[[-123.0505, 40.6102], [-123.0512, 40.6099], [-123.0505, 40.6099], [-123.0505, 40.6102]]], [[[-123.0502, 40.6099], [-123.0505, 40.6096], [-123.0502, 40.6097], [-123.0502, 40.6099]]], [[[-123.0488, 40.6097], [-123.0491, 40.6094], [-123.0487, 40.6094], [-123.0488, 40.6097]]], [[[-123.1548, 40.6011], [-123.1551, 40.6008], [-123.1548, 40.6008], [-123.1548, 40.6011]]], [[[-123.1087, 40.6014], [-123.109, 40.6012], [-123.1087, 40.6012], [-123.1087, 40.6014]]], [[[-123.0945, 40.6021], [-123.0952, 40.6015], [-123.0941, 40.6013], [-123.0945, 40.6021]]], [[[-123.1536, 40.599], [-123.154, 40.5987], [-123.1536, 40.5987], [-123.1536, 40.599]]], [[[-123.1507, 40.5966], [-123.1507, 40.5961], [-123.1496, 40.5958], [-123.1496, 40.5966], [-123.1507, 40.5966]]], [[[-123.1534, 40.5949], [-123.1538, 40.5946], [-123.1534, 40.5946], [-123.1534, 40.5949]]], [[[-123.2682, 40.5919], [-123.2689, 40.5914], [-123.2682, 40.5914], [-123.2682, 40.5919]]], [[[-123.1531, 40.5947], [-123.1534, 40.5944], [-123.1531, 40.5944], [-123.1531, 40.5947]]], [[[-123.1538, 40.5944], [-123.1541, 40.5941], [-123.1538, 40.5941], [-123.1538, 40.5944]]], [[[-123.151, 40.595], [-123.1513, 40.5942], [-123.1498, 40.5939], [-123.1499, 40.595], [-123.151, 40.595]]], [[[-123.1534, 40.5941], [-123.1537, 40.5938], [-123.1534, 40.5938], [-123.1534, 40.5941]]], [[[-123.1527, 40.5938], [-123.153, 40.5936], [-123.1527, 40.5936], [-123.1527, 40.5938]]], [[[-123.1551, 40.5935], [-123.1558, 40.5932], [-123.1551, 40.5932], [-123.1551, 40.5935]]], [[[-123.1576, 40.5932], [-123.158, 40.5929], [-123.1576, 40.5929], [-123.1576, 40.5932]]], [[[-123.1484, 40.5931], [-123.1487, 40.5929], [-123.1484, 40.5929], [-123.1484, 40.5931]]], [[[-123.1381, 40.5934], [-123.1385, 40.5931], [-123.1381, 40.5931], [-123.1381, 40.5934]]], [[[-123.1534, 40.5933], [-123.153, 40.5925], [-123.1512, 40.5928], [-123.1512, 40.5931], [-123.1534, 40.5933]]], [[[-123.1388, 40.5931], [-123.1392, 40.5928], [-123.1388, 40.5928], [-123.1388, 40.5931]]], [[[-123.1477, 40.5932], [-123.148, 40.5923], [-123.1477, 40.5924], [-123.1477, 40.5932]]], [[[-123.2666, 40.589], [-123.267, 40.5887], [-123.2666, 40.5887], [-123.2666, 40.589]]], [[[-123.2713, 40.59], [-123.2713, 40.5892], [-123.2705, 40.5892], [-123.2712, 40.5884], [-123.2698, 40.5884], [-123.2699, 40.59], [-123.2713, 40.59]]], [[[-123.2687, 40.5887], [-123.2691, 40.5884], [-123.2687, 40.5884], [-123.2687, 40.5887]]], [[[-123.1533, 40.5911], [-123.1536, 40.5909], [-123.1533, 40.5909], [-123.1533, 40.5911]]], [[[-123.1529, 40.5906], [-123.1532, 40.5903], [-123.1529, 40.5903], [-123.1529, 40.5906]]], [[[-123.1564, 40.59], [-123.1568, 40.5897], [-123.1564, 40.5897], [-123.1564, 40.59]]], [[[-123.1652, 40.5889], [-123.1656, 40.5887], [-123.1652, 40.5887], [-123.1652, 40.5889]]], [[[-123.1655, 40.5876], [-123.1659, 40.5873], [-123.1655, 40.5873], [-123.1655, 40.5876]]], [[[-123.1531, 40.5871], [-123.1534, 40.5868], [-123.1531, 40.5868], [-123.1531, 40.5871]]], [[[-123.1641, 40.5871], [-123.1651, 40.5857], [-123.1637, 40.586], [-123.1644, 40.5852], [-123.1629, 40.5852], [-123.1626, 40.586], [-123.1637, 40.5863], [-123.163, 40.5871], [-123.1641, 40.5871]]], [[[-123.1625, 40.5831], [-123.1632, 40.5828], [-123.1625, 40.5828], [-123.1625, 40.5831]]], [[[-123.2542, 40.5737], [-123.2546, 40.5734], [-123.2542, 40.5734], [-123.2542, 40.5737]]], [[[-123.2482, 40.5735], [-123.2486, 40.5733], [-123.2482, 40.5733], [-123.2482, 40.5735]]], [[[-123.2096, 40.5748], [-123.2099, 40.574], [-123.2096, 40.574], [-123.2096, 40.5748]]], [[[-123.205, 40.5744], [-123.2053, 40.5741], [-123.205, 40.5741], [-123.205, 40.5744]]], [[[-123.199, 40.5746], [-123.1993, 40.574], [-123.199, 40.574], [-123.199, 40.5746]]], [[[-123.2046, 40.5741], [-123.205, 40.5739], [-123.2046, 40.5739], [-123.2046, 40.5741]]], [[[-123.2553, 40.5726], [-123.2556, 40.5723], [-123.2552, 40.5723], [-123.2553, 40.5726]]], [[[-123.2422, 40.5729], [-123.2429, 40.5726], [-123.2421, 40.5726], [-123.2422, 40.5729]]], [[[-123.2478, 40.5727], [-123.2478, 40.5722], [-123.2471, 40.5722], [-123.2471, 40.5725], [-123.2478, 40.5727]]], [[[-123.1958, 40.5738], [-123.1961, 40.5735], [-123.1957, 40.5736], [-123.1958, 40.5738]]], [[[-123.2099, 40.5735], [-123.2103, 40.5729], [-123.2099, 40.5729], [-123.2099, 40.5735]]], [[[-123.2404, 40.5724], [-123.2407, 40.5721], [-123.2403, 40.5721], [-123.2404, 40.5724]]], [[[-123.2035, 40.5734], [-123.2039, 40.5731], [-123.2035, 40.5731], [-123.2035, 40.5734]]], [[[-123.1996, 40.5735], [-123.1982, 40.573], [-123.1964, 40.5733], [-123.1965, 40.5735], [-123.1996, 40.5735]]], [[[-123.2421, 40.5721], [-123.2425, 40.5718], [-123.2421, 40.5718], [-123.2421, 40.5721]]], [[[-123.2407, 40.5721], [-123.241, 40.5718], [-123.2407, 40.5719], [-123.2407, 40.5721]]], [[[-123.2404, 40.5727], [-123.2418, 40.5726], [-123.2417, 40.5716], [-123.2414, 40.5724], [-123.2404, 40.5727]]], [[[-123.2403, 40.5721], [-123.2403, 40.5716], [-123.2393, 40.5716], [-123.2393, 40.5722], [-123.2403, 40.5721]]], [[[-123.1996, 40.5732], [-123.2, 40.5726], [-123.1996, 40.5726], [-123.1996, 40.5732]]], [[[-123.2439, 40.5718], [-123.2442, 40.5715], [-123.2439, 40.5715], [-123.2439, 40.5718]]], [[[-123.2425, 40.5718], [-123.2428, 40.5715], [-123.2424, 40.5715], [-123.2425, 40.5718]]], [[[-123.1989, 40.5727], [-123.1992, 40.5724], [-123.1989, 40.5724], [-123.1989, 40.5727]]], [[[-123.2474, 40.5717], [-123.2477, 40.5709], [-123.2474, 40.5709], [-123.2474, 40.5717]]], [[[-123.1985, 40.5724], [-123.1989, 40.5721], [-123.1985, 40.5721], [-123.1985, 40.5724]]], [[[-123.2481, 40.5714], [-123.2484, 40.5706], [-123.2477, 40.5706], [-123.2481, 40.5714]]], [[[-123.2033, 40.5755], [-123.2024, 40.5723], [-123.2006, 40.5715], [-123.201, 40.5721], [-123.2, 40.5732], [-123.2004, 40.5751], [-123.2033, 40.5755]], [[-123.2029, 40.5745], [-123.2025, 40.5747], [-123.2025, 40.5745], [-123.2029, 40.5745]], [[-123.2021, 40.5723], [-123.2017, 40.5726], [-123.2017, 40.5723], [-123.2021, 40.5723]]], [[[-123.1978, 40.5722], [-123.1981, 40.5716], [-123.1978, 40.5716], [-123.1978, 40.5722]]], [[[-123.241, 40.5708], [-123.2413, 40.5705], [-123.241, 40.5705], [-123.241, 40.5708]]], [[[-123.2442, 40.5712], [-123.2438, 40.5704], [-123.242, 40.5705], [-123.2424, 40.5713], [-123.2442, 40.5712]]], [[[-123.2035, 40.5728], [-123.2038, 40.5712], [-123.2031, 40.5709], [-123.2028, 40.5726], [-123.2035, 40.5728]]], [[[-123.1975, 40.5724], [-123.1974, 40.5716], [-123.1978, 40.5711], [-123.1967, 40.5719], [-123.1975, 40.5724]]], [[[-123.2049, 40.5712], [-123.2052, 40.5709], [-123.2048, 40.5709], [-123.2049, 40.5712]]], [[[-123.2065, 40.5754], [-123.2064, 40.5736], [-123.2078, 40.5727], [-123.2066, 40.5706], [-123.2038, 40.5723], [-123.2053, 40.5741], [-123.2061, 40.5741], [-123.2054, 40.5755], [-123.2065, 40.5754]], [[-123.206, 40.5725], [-123.2053, 40.5728], [-123.2053, 40.5725], [-123.206, 40.5725]], [[-123.206, 40.5719], [-123.2053, 40.5722], [-123.2052, 40.572], [-123.206, 40.5719]], [[-123.2067, 40.5717], [-123.206, 40.5719], [-123.2059, 40.5717], [-123.2067, 40.5717]]], [[[-123.2417, 40.5705], [-123.2417, 40.5697], [-123.2413, 40.5697], [-123.241, 40.5702], [-123.2417, 40.5705]]], [[[-123.2466, 40.5695], [-123.247, 40.5698], [-123.2473, 40.5695], [-123.2466, 40.5695]]], [[[-123.2459, 40.5696], [-123.2466, 40.5693], [-123.2459, 40.5693], [-123.2459, 40.5696]]], [[[-123.2448, 40.5693], [-123.2452, 40.569], [-123.2448, 40.569], [-123.2448, 40.5693]]], [[[-123.2413, 40.5689], [-123.2416, 40.568], [-123.2409, 40.5681], [-123.2413, 40.5689]]], [[[-123.2427, 40.5683], [-123.243, 40.568], [-123.2426, 40.568], [-123.2427, 40.5683]]], [[[-123.2405, 40.5681], [-123.2409, 40.5678], [-123.2405, 40.5678], [-123.2405, 40.5681]]], [[[-123.2419, 40.5675], [-123.2423, 40.5672], [-123.2419, 40.5672], [-123.2419, 40.5675]]], [[[-123.2465, 40.5668], [-123.2468, 40.5666], [-123.2465, 40.5666], [-123.2465, 40.5668]]], [[[-123.2422, 40.5669], [-123.2426, 40.5667], [-123.2422, 40.5667], [-123.2422, 40.5669]]], [[[-123.2129, 40.5677], [-123.2136, 40.5674], [-123.2128, 40.5674], [-123.2129, 40.5677]]], [[[-123.2447, 40.5666], [-123.2458, 40.5663], [-123.2451, 40.5663], [-123.2443, 40.5658], [-123.2447, 40.5666]]], [[[-123.2461, 40.5663], [-123.2461, 40.5658], [-123.245, 40.5658], [-123.245, 40.5661], [-123.2461, 40.5663]]], [[[-123.2482, 40.5654], [-123.2485, 40.5649], [-123.2482, 40.5649], [-123.2482, 40.5654]]], [[[-123.2461, 40.5655], [-123.2464, 40.5649], [-123.2461, 40.565], [-123.2461, 40.5655]]], [[[-123.2553, 40.5647], [-123.2563, 40.5644], [-123.2552, 40.5644], [-123.2553, 40.5647]]], [[[-123.2464, 40.5649], [-123.2467, 40.5647], [-123.2464, 40.5647], [-123.2464, 40.5649]]], [[[-123.2439, 40.565], [-123.2443, 40.5645], [-123.2439, 40.5645], [-123.2439, 40.565]]], [[[-123.2496, 40.5646], [-123.2499, 40.5643], [-123.2496, 40.5643], [-123.2496, 40.5646]]], [[[-123.2485, 40.5646], [-123.2489, 40.5643], [-123.2485, 40.5643], [-123.2485, 40.5646]]], [[[-123.2478, 40.5646], [-123.2482, 40.5644], [-123.2478, 40.5644], [-123.2478, 40.5646]]], [[[-123.245, 40.5642], [-123.2457, 40.5647], [-123.2457, 40.5642], [-123.245, 40.5642]]], [[[-123.2499, 40.5643], [-123.2503, 40.564], [-123.2499, 40.564], [-123.2499, 40.5643]]], [[[-123.2433, 40.5666], [-123.244, 40.5655], [-123.2432, 40.5642], [-123.2421, 40.564], [-123.2414, 40.5648], [-123.2425, 40.5653], [-123.2422, 40.5659], [-123.2433, 40.5666]], [[-123.2432, 40.5653], [-123.2429, 40.5656], [-123.2429, 40.5653], [-123.2432, 40.5653]], [[-123.2429, 40.5648], [-123.2425, 40.5653], [-123.2421, 40.5648], [-123.2429, 40.5648]]], [[[-123.2531, 40.5648], [-123.2535, 40.5639], [-123.2524, 40.5637], [-123.2531, 40.5648]]], [[[-123.2538, 40.5642], [-123.2545, 40.5637], [-123.2541, 40.5637], [-123.2538, 40.5642]]], [[[-123.2535, 40.5639], [-123.2538, 40.5637], [-123.2534, 40.5637], [-123.2535, 40.5639]]], [[[-123.2488, 40.5641], [-123.2492, 40.5638], [-123.2488, 40.5638], [-123.2488, 40.5641]]], [[[-123.2568, 40.5749], [-123.257, 40.5709], [-123.2562, 40.5709], [-123.2563, 40.5717], [-123.2552, 40.5712], [-123.2559, 40.5706], [-123.2573, 40.5706], [-123.2574, 40.5641], [-123.2567, 40.5649], [-123.2546, 40.5653], [-123.2535, 40.5648], [-123.2535, 40.5653], [-123.2528, 40.5653], [-123.2531, 40.5648], [-123.2524, 40.5642], [-123.2514, 40.5645], [-123.252, 40.5637], [-123.2509, 40.5635], [-123.2503, 40.5646], [-123.2507, 40.5659], [-123.2514, 40.5664], [-123.2508, 40.567], [-123.2493, 40.567], [-123.2496, 40.5659], [-123.2482, 40.566], [-123.2482, 40.5654], [-123.2478, 40.5654], [-123.2476, 40.5679], [-123.2458, 40.5671], [-123.243, 40.5677], [-123.2434, 40.5683], [-123.2455, 40.5677], [-123.2455, 40.5682], [-123.2473, 40.5684], [-123.2473, 40.5695], [-123.2484, 40.5695], [-123.2491, 40.5697], [-123.2488, 40.5711], [-123.2499, 40.5713], [-123.2478, 40.5717], [-123.2486, 40.5733], [-123.2493, 40.5732], [-123.249, 40.5743], [-123.2529, 40.575], [-123.2528, 40.5737], [-123.2539, 40.5737], [-123.2549, 40.572], [-123.2556, 40.572], [-123.2563, 40.5728], [-123.2553, 40.5728], [-123.2553, 40.5742], [-123.2546, 40.5737], [-123.2543, 40.575], [-123.2568, 40.5749]], [[-123.2563, 40.5731], [-123.256, 40.5733], [-123.256, 40.5731], [-123.2563, 40.5731]], [[-123.2521, 40.5732], [-123.251, 40.5735], [-123.251, 40.5732], [-123.2521, 40.5732]], [[-123.251, 40.5729], [-123.2507, 40.5732], [-123.2507, 40.5729], [-123.251, 40.5729]], [[-123.2535, 40.5721], [-123.2531, 40.5723], [-123.2531, 40.5721], [-123.2535, 40.5721]], [[-123.2488, 40.5716], [-123.2485, 40.5719], [-123.2485, 40.5716], [-123.2488, 40.5716]], [[-123.2545, 40.571], [-123.2538, 40.5712], [-123.2538, 40.571], [-123.2545, 40.571]], [[-123.2548, 40.5704], [-123.2545, 40.5707], [-123.2545, 40.5704], [-123.2548, 40.5704]], [[-123.2569, 40.5698], [-123.2566, 40.5704], [-123.2566, 40.5698], [-123.2569, 40.5698]], [[-123.2544, 40.5699], [-123.2541, 40.5704], [-123.2541, 40.5699], [-123.2544, 40.5699]], [[-123.2523, 40.5699], [-123.252, 40.5705], [-123.2519, 40.5699], [-123.2523, 40.5699]], [[-123.2562, 40.5693], [-123.2555, 40.5698], [-123.2555, 40.5693], [-123.2562, 40.5693]], [[-123.2551, 40.5693], [-123.2548, 40.5699], [-123.2548, 40.5693], [-123.2551, 40.5693]], [[-123.2544, 40.5688], [-123.254, 40.5693], [-123.254, 40.5688], [-123.2544, 40.5688]], [[-123.2537, 40.5691], [-123.2533, 40.5694], [-123.2533, 40.5691], [-123.2537, 40.5691]], [[-123.2505, 40.5692], [-123.2502, 40.5694], [-123.2501, 40.5692], [-123.2505, 40.5692]], [[-123.2487, 40.5692], [-123.2484, 40.5695], [-123.2484, 40.5692], [-123.2487, 40.5692]], [[-123.2551, 40.5688], [-123.2547, 40.5691], [-123.2547, 40.5688], [-123.2551, 40.5688]], [[-123.2494, 40.5684], [-123.2487, 40.5692], [-123.2487, 40.5684], [-123.2494, 40.5684]], [[-123.2551, 40.5682], [-123.2544, 40.5685], [-123.2544, 40.5683], [-123.2551, 40.5682]], [[-123.2501, 40.5678], [-123.2494, 40.5684], [-123.2494, 40.5681], [-123.2501, 40.5678]], [[-123.2547, 40.5677], [-123.254, 40.568], [-123.254, 40.5677], [-123.2547, 40.5677]], [[-123.2515, 40.5678], [-123.2512, 40.5681], [-123.2511, 40.5678], [-123.2515, 40.5678]], [[-123.2511, 40.5675], [-123.2508, 40.5678], [-123.2508, 40.5675], [-123.2511, 40.5675]], [[-123.2483, 40.5676], [-123.248, 40.5679], [-123.2479, 40.5676], [-123.2483, 40.5676]], [[-123.2497, 40.5676], [-123.2487, 40.5676], [-123.2486, 40.567], [-123.2493, 40.567], [-123.2497, 40.5676]], [[-123.2554, 40.5669], [-123.255, 40.5672], [-123.255, 40.5669], [-123.2554, 40.5669]], [[-123.2486, 40.5668], [-123.2483, 40.5671], [-123.2483, 40.5668], [-123.2486, 40.5668]], [[-123.2543, 40.5664], [-123.2539, 40.5666], [-123.2539, 40.5664], [-123.2543, 40.5664]], [[-123.2564, 40.5655], [-123.256, 40.5658], [-123.256, 40.5655], [-123.2564, 40.5655]], [[-123.2524, 40.5653], [-123.2511, 40.5659], [-123.251, 40.5648], [-123.2524, 40.5653]], [[-123.2539, 40.5653], [-123.2535, 40.5656], [-123.2535, 40.5653], [-123.2539, 40.5653]]], [[[-123.2432, 40.5639], [-123.2435, 40.5637], [-123.2432, 40.5637], [-123.2432, 40.5639]]], [[[-123.2548, 40.5631], [-123.2552, 40.5634], [-123.2555, 40.5631], [-123.2548, 40.5631]]], [[[-123.2517, 40.5635], [-123.2524, 40.5632], [-123.2516, 40.5632], [-123.2517, 40.5635]]], [[[-123.2414, 40.5635], [-123.2417, 40.5637], [-123.2421, 40.5634], [-123.2414, 40.5635]]], [[[-123.2478, 40.5649], [-123.2478, 40.5646], [-123.2471, 40.5641], [-123.2488, 40.5638], [-123.2481, 40.563], [-123.246, 40.5639], [-123.2478, 40.5649]]], [[[-123.2559, 40.5633], [-123.2566, 40.5633], [-123.2573, 40.5628], [-123.2559, 40.5633]]], [[[-123.2559, 40.5631], [-123.2562, 40.5628], [-123.2559, 40.5628], [-123.2559, 40.5631]]], [[[-123.2495, 40.5632], [-123.2499, 40.563], [-123.2495, 40.563], [-123.2495, 40.5632]]], [[[-123.2467, 40.5633], [-123.247, 40.563], [-123.2467, 40.563], [-123.2467, 40.5633]]], [[[-123.2421, 40.5634], [-123.2424, 40.5632], [-123.2421, 40.5632], [-123.2421, 40.5634]]], [[[-123.2407, 40.5635], [-123.241, 40.5632], [-123.2407, 40.5632], [-123.2407, 40.5635]]], [[[-123.2555, 40.5628], [-123.2559, 40.5625], [-123.2555, 40.5625], [-123.2555, 40.5628]]], [[[-123.2552, 40.5626], [-123.2555, 40.5623], [-123.2551, 40.5623], [-123.2552, 40.5626]]], [[[-123.2484, 40.5625], [-123.2495, 40.5622], [-123.2484, 40.5622], [-123.2484, 40.5625]]], [[[-123.2509, 40.5635], [-123.2506, 40.5627], [-123.2513, 40.5629], [-123.2527, 40.5626], [-123.2502, 40.5619], [-123.2502, 40.5632], [-123.2509, 40.5635]]], [[[-123.2562, 40.5617], [-123.2566, 40.562], [-123.2569, 40.5617], [-123.2562, 40.5617]]], [[[-123.2555, 40.5617], [-123.2558, 40.5615], [-123.2555, 40.5615], [-123.2555, 40.5617]]], [[[-123.2534, 40.5637], [-123.2538, 40.5631], [-123.2548, 40.5631], [-123.254, 40.5612], [-123.2533, 40.5612], [-123.2537, 40.5615], [-123.2534, 40.5637]], [[-123.2541, 40.562], [-123.2537, 40.5623], [-123.2537, 40.562], [-123.2541, 40.562]]], [[[-123.253, 40.5623], [-123.2533, 40.5615], [-123.2516, 40.5613], [-123.2519, 40.5621], [-123.253, 40.5623]], [[-123.2526, 40.5615], [-123.2523, 40.5618], [-123.2523, 40.5615], [-123.2526, 40.5615]]], [[[-123.2484, 40.5616], [-123.2487, 40.5614], [-123.2484, 40.5614], [-123.2484, 40.5616]]], [[[-123.2544, 40.5612], [-123.2547, 40.5609], [-123.2544, 40.561], [-123.2544, 40.5612]]], [[[-123.2465, 40.5585], [-123.2468, 40.5582], [-123.2465, 40.5582], [-123.2465, 40.5585]]], [[[-123.2465, 40.5582], [-123.2464, 40.5576], [-123.2468, 40.5574], [-123.2461, 40.5574], [-123.2465, 40.5582]]], [[[-123.2471, 40.5565], [-123.2478, 40.5563], [-123.2471, 40.5563], [-123.2471, 40.5565]]], [[[-123.2489, 40.5562], [-123.2485, 40.5557], [-123.2478, 40.5557], [-123.2478, 40.5563], [-123.2489, 40.5562]]], [[[-123.2492, 40.5557], [-123.2495, 40.5554], [-123.2492, 40.5554], [-123.2492, 40.5557]]], [[[-123.2474, 40.5552], [-123.2477, 40.5549], [-123.2474, 40.5549], [-123.2474, 40.5552]]], [[[-123.235, 40.5558], [-123.2353, 40.5552], [-123.2346, 40.5547], [-123.2343, 40.5553], [-123.235, 40.5558]]], [[[-123.2463, 40.5544], [-123.2466, 40.5541], [-123.2463, 40.5541], [-123.2463, 40.5544]]], [[[-123.2544, 40.5539], [-123.2548, 40.5536], [-123.2544, 40.5537], [-123.2544, 40.5539]]], [[[-123.2452, 40.5542], [-123.2456, 40.5539], [-123.2452, 40.5539], [-123.2452, 40.5542]]], [[[-123.2343, 40.5547], [-123.2342, 40.5539], [-123.2339, 40.5539], [-123.2335, 40.5547], [-123.2343, 40.5547]]], [[[-123.2374, 40.5533], [-123.2377, 40.5527], [-123.2374, 40.5527], [-123.2374, 40.5533]]], [[[-123.243, 40.5529], [-123.2437, 40.5526], [-123.243, 40.5526], [-123.243, 40.5529]]], [[[-123.2417, 40.5537], [-123.243, 40.5529], [-123.2405, 40.5521], [-123.2398, 40.553], [-123.2417, 40.5537]]], [[[-123.2462, 40.5531], [-123.2469, 40.5525], [-123.2465, 40.5514], [-123.2458, 40.5517], [-123.2462, 40.5531]]], [[[-123.2377, 40.5517], [-123.2387, 40.5514], [-123.2376, 40.5514], [-123.2377, 40.5517]]], [[[-123.2402, 40.5524], [-123.2405, 40.5516], [-123.2398, 40.5511], [-123.2387, 40.5519], [-123.2402, 40.5524]]], [[[-123.244, 40.5515], [-123.244, 40.5509], [-123.2433, 40.551], [-123.2433, 40.5512], [-123.244, 40.5515]]], [[[-123.2469, 40.5511], [-123.2475, 40.5509], [-123.2468, 40.5509], [-123.2469, 40.5511]]], [[[-123.2369, 40.5514], [-123.2373, 40.5511], [-123.2369, 40.5511], [-123.2369, 40.5514]]], [[[-123.243, 40.5512], [-123.2429, 40.5507], [-123.2422, 40.5507], [-123.2422, 40.551], [-123.243, 40.5512]]], [[[-123.256, 40.5506], [-123.2564, 40.5504], [-123.256, 40.5504], [-123.256, 40.5506]]], [[[-123.244, 40.5509], [-123.2443, 40.5507], [-123.244, 40.5507], [-123.244, 40.5509]]], [[[-123.2575, 40.5514], [-123.2574, 40.5501], [-123.2567, 40.5501], [-123.2564, 40.5509], [-123.2575, 40.5514]]], [[[-123.2461, 40.5506], [-123.2465, 40.5503], [-123.2461, 40.5504], [-123.2461, 40.5506]]], [[[-123.2415, 40.5507], [-123.2418, 40.5502], [-123.2415, 40.5502], [-123.2415, 40.5507]]], [[[-123.2418, 40.5502], [-123.2425, 40.5499], [-123.2418, 40.5499], [-123.2418, 40.5502]]], [[[-123.2387, 40.5503], [-123.2394, 40.55], [-123.2386, 40.55], [-123.2387, 40.5503]]], [[[-123.2348, 40.5504], [-123.2355, 40.5498], [-123.2351, 40.5498], [-123.2348, 40.5504]]], [[[-123.2379, 40.5495], [-123.2386, 40.5497], [-123.2386, 40.5492], [-123.2379, 40.5495]]], [[[-123.2454, 40.5498], [-123.246, 40.549], [-123.2443, 40.549], [-123.2443, 40.5493], [-123.2454, 40.5498]]], [[[-123.2549, 40.548], [-123.2552, 40.5477], [-123.2548, 40.5477], [-123.2549, 40.548]]], [[[-123.2552, 40.5477], [-123.2555, 40.5474], [-123.2552, 40.5474], [-123.2552, 40.5477]]], [[[-123.2471, 40.5479], [-123.2478, 40.5476], [-123.247, 40.5476], [-123.2471, 40.5479]]], [[[-123.2371, 40.5482], [-123.2375, 40.5479], [-123.2371, 40.5479], [-123.2371, 40.5482]]], [[[-123.252, 40.5478], [-123.252, 40.5472], [-123.2513, 40.5472], [-123.2513, 40.5475], [-123.252, 40.5478]]], [[[-123.2576, 40.5617], [-123.2575, 40.5598], [-123.2568, 40.5601], [-123.2568, 40.5595], [-123.2575, 40.559], [-123.2576, 40.5536], [-123.2569, 40.5533], [-123.2576, 40.5528], [-123.2568, 40.552], [-123.2554, 40.552], [-123.255, 40.5507], [-123.2574, 40.5498], [-123.2576, 40.5468], [-123.2541, 40.5469], [-123.2541, 40.5477], [-123.2559, 40.5471], [-123.2566, 40.5476], [-123.2563, 40.5485], [-123.2552, 40.548], [-123.2535, 40.5493], [-123.2531, 40.5488], [-123.2542, 40.5485], [-123.2534, 40.5477], [-123.2495, 40.5481], [-123.2492, 40.5487], [-123.2496, 40.5492], [-123.2497, 40.5508], [-123.2514, 40.5505], [-123.2515, 40.551], [-123.2493, 40.5514], [-123.2497, 40.5519], [-123.2504, 40.5516], [-123.2504, 40.5521], [-123.2508, 40.5521], [-123.2508, 40.5527], [-123.2494, 40.5527], [-123.249, 40.5514], [-123.2476, 40.5514], [-123.248, 40.5527], [-123.247, 40.5547], [-123.2502, 40.5543], [-123.2502, 40.5546], [-123.2505, 40.5546], [-123.2509, 40.5551], [-123.2492, 40.5565], [-123.2482, 40.5565], [-123.2478, 40.5573], [-123.2471, 40.5568], [-123.2468, 40.5574], [-123.2478, 40.5576], [-123.2472, 40.5584], [-123.2479, 40.5592], [-123.2486, 40.5587], [-123.2493, 40.5587], [-123.2497, 40.5603], [-123.2515, 40.5602], [-123.2512, 40.561], [-123.2544, 40.561], [-123.2547, 40.5604], [-123.2558, 40.5606], [-123.2562, 40.5612], [-123.2572, 40.5609], [-123.2576, 40.5617]], [[-123.2568, 40.5606], [-123.2565, 40.5609], [-123.2565, 40.5606], [-123.2568, 40.5606]], [[-123.2561, 40.5601], [-123.2558, 40.5606], [-123.2558, 40.5601], [-123.2561, 40.5601]], [[-123.2526, 40.5605], [-123.2522, 40.5607], [-123.2522, 40.5605], [-123.2526, 40.5605]], [[-123.2533, 40.5602], [-123.2529, 40.5604], [-123.2529, 40.5602], [-123.2533, 40.5602]], [[-123.255, 40.5599], [-123.2543, 40.5599], [-123.2543, 40.5593], [-123.2547, 40.5593], [-123.255, 40.5599]], [[-123.2529, 40.5596], [-123.2522, 40.5597], [-123.2518, 40.5591], [-123.2525, 40.5591], [-123.2529, 40.5596]], [[-123.2518, 40.5591], [-123.2507, 40.5589], [-123.2507, 40.5586], [-123.2514, 40.5583], [-123.2518, 40.5591]], [[-123.2539, 40.5583], [-123.2529, 40.5588], [-123.2528, 40.5583], [-123.2539, 40.5583]], [[-123.2497, 40.5584], [-123.2493, 40.5587], [-123.2493, 40.5584], [-123.2497, 40.5584]], [[-123.2482, 40.5584], [-123.2479, 40.5587], [-123.2479, 40.5584], [-123.2482, 40.5584]], [[-123.2542, 40.558], [-123.2539, 40.5583], [-123.2539, 40.558], [-123.2542, 40.558]], [[-123.2489, 40.5578], [-123.2486, 40.5584], [-123.2486, 40.5579], [-123.2489, 40.5578]], [[-123.2525, 40.5578], [-123.2514, 40.5581], [-123.2514, 40.5578], [-123.2525, 40.5578]], [[-123.2556, 40.5574], [-123.2549, 40.5577], [-123.2549, 40.5574], [-123.2556, 40.5574]], [[-123.2539, 40.5574], [-123.2532, 40.5577], [-123.2532, 40.5575], [-123.2539, 40.5574]], [[-123.2528, 40.5569], [-123.2521, 40.5575], [-123.2521, 40.557], [-123.2528, 40.5569]], [[-123.2485, 40.5573], [-123.2482, 40.5576], [-123.2482, 40.5573], [-123.2485, 40.5573]], [[-123.2535, 40.5569], [-123.2531, 40.5572], [-123.2531, 40.5569], [-123.2535, 40.5569]], [[-123.2503, 40.5565], [-123.2499, 40.5567], [-123.2499, 40.5565], [-123.2503, 40.5565]], [[-123.2524, 40.5556], [-123.252, 40.5564], [-123.252, 40.5556], [-123.2524, 40.5556]], [[-123.2548, 40.555], [-123.2545, 40.5553], [-123.2545, 40.555], [-123.2548, 40.555]], [[-123.252, 40.5553], [-123.2513, 40.5554], [-123.2516, 40.5545], [-123.252, 40.5545], [-123.252, 40.5553]], [[-123.2541, 40.5539], [-123.2534, 40.5545], [-123.2534, 40.5542], [-123.2541, 40.5539]], [[-123.2523, 40.5542], [-123.252, 40.5545], [-123.252, 40.5543], [-123.2523, 40.5542]], [[-123.2509, 40.5543], [-123.2505, 40.5546], [-123.2505, 40.5543], [-123.2509, 40.5543]], [[-123.2562, 40.5539], [-123.2555, 40.5542], [-123.2555, 40.5539], [-123.2562, 40.5539]], [[-123.2551, 40.5542], [-123.2544, 40.5542], [-123.2544, 40.5539], [-123.2541, 40.5539], [-123.254, 40.5529], [-123.2554, 40.5531], [-123.2551, 40.5542]], [[-123.2565, 40.5536], [-123.2562, 40.5539], [-123.2562, 40.5536], [-123.2565, 40.5536]], [[-123.2569, 40.553], [-123.2565, 40.5533], [-123.2565, 40.5531], [-123.2569, 40.553]], [[-123.2558, 40.5523], [-123.2551, 40.5528], [-123.2551, 40.5526], [-123.2558, 40.5523]], [[-123.2515, 40.5524], [-123.2512, 40.5527], [-123.2512, 40.5524], [-123.2515, 40.5524]], [[-123.2511, 40.5518], [-123.2508, 40.5521], [-123.2508, 40.5519], [-123.2511, 40.5518]], [[-123.2525, 40.5515], [-123.2522, 40.5518], [-123.2522, 40.5515], [-123.2525, 40.5515]], [[-123.2543, 40.5515], [-123.2536, 40.5515], [-123.2536, 40.551], [-123.2539, 40.551], [-123.2543, 40.5515]], [[-123.2543, 40.5504], [-123.2536, 40.5507], [-123.2536, 40.5504], [-123.2543, 40.5504]], [[-123.2521, 40.5499], [-123.2518, 40.5505], [-123.2518, 40.5499], [-123.2521, 40.5499]], [[-123.2553, 40.5498], [-123.2535, 40.5502], [-123.2535, 40.5499], [-123.2553, 40.5498]], [[-123.2532, 40.5499], [-123.2528, 40.5502], [-123.2528, 40.5499], [-123.2532, 40.5499]], [[-123.2525, 40.5496], [-123.2521, 40.5499], [-123.2521, 40.5497], [-123.2525, 40.5496]], [[-123.251, 40.5491], [-123.2507, 40.55], [-123.2507, 40.5492], [-123.251, 40.5491]], [[-123.2546, 40.5493], [-123.2539, 40.5496], [-123.2539, 40.5493], [-123.2546, 40.5493]], [[-123.2552, 40.5488], [-123.2549, 40.549], [-123.2549, 40.5488], [-123.2552, 40.5488]], [[-123.2499, 40.5489], [-123.2496, 40.5492], [-123.2496, 40.5489], [-123.2499, 40.5489]], [[-123.251, 40.5486], [-123.2506, 40.5489], [-123.2506, 40.5486], [-123.251, 40.5486]], [[-123.2506, 40.5483], [-123.2499, 40.5486], [-123.2499, 40.5484], [-123.2506, 40.5483]], [[-123.2527, 40.548], [-123.2524, 40.5483], [-123.2524, 40.548], [-123.2527, 40.548]], [[-123.2548, 40.5472], [-123.2545, 40.5474], [-123.2545, 40.5472], [-123.2548, 40.5472]]], [[[-123.2477, 40.5473], [-123.2481, 40.5471], [-123.2477, 40.5471], [-123.2477, 40.5473]]], [[[-123.2488, 40.5478], [-123.2495, 40.547], [-123.2488, 40.5468], [-123.2488, 40.5478]]], [[[-123.2456, 40.5469], [-123.2463, 40.5466], [-123.2456, 40.5466], [-123.2456, 40.5469]]], [[[-123.2558, 40.5463], [-123.2562, 40.546], [-123.2558, 40.546], [-123.2558, 40.5463]]], [[[-123.2488, 40.5465], [-123.2491, 40.5462], [-123.2488, 40.5462], [-123.2488, 40.5465]]], [[[-123.2555, 40.5461], [-123.2558, 40.5458], [-123.2555, 40.5458], [-123.2555, 40.5461]]], [[[-123.248, 40.5462], [-123.2484, 40.546], [-123.248, 40.546], [-123.248, 40.5462]]], [[[-123.2385, 40.5465], [-123.2388, 40.5462], [-123.2385, 40.5462], [-123.2385, 40.5465]]], [[[-123.2353, 40.5469], [-123.2356, 40.5463], [-123.2346, 40.5463], [-123.2346, 40.5466], [-123.2353, 40.5469]]], [[[-123.2449, 40.5463], [-123.2463, 40.5458], [-123.2449, 40.5461], [-123.2449, 40.5463]]], [[[-123.2395, 40.5462], [-123.2399, 40.5459], [-123.2395, 40.5459], [-123.2395, 40.5462]]], [[[-123.2398, 40.5511], [-123.2404, 40.5492], [-123.2418, 40.5494], [-123.2435, 40.548], [-123.2464, 40.5487], [-123.2463, 40.5474], [-123.2449, 40.5469], [-123.2449, 40.5463], [-123.2445, 40.5458], [-123.2402, 40.5459], [-123.2399, 40.5467], [-123.2385, 40.5468], [-123.2385, 40.5465], [-123.2381, 40.5465], [-123.2381, 40.5462], [-123.2388, 40.5459], [-123.2383, 40.543], [-123.236, 40.546], [-123.2371, 40.5468], [-123.2343, 40.548], [-123.2347, 40.549], [-123.234, 40.5496], [-123.2376, 40.55], [-123.2379, 40.5492], [-123.2368, 40.549], [-123.2386, 40.5484], [-123.2397, 40.55], [-123.2387, 40.5511], [-123.2398, 40.5511]], [[-123.2418, 40.5488], [-123.2411, 40.5491], [-123.2411, 40.5489], [-123.2418, 40.5488]], [[-123.2403, 40.5483], [-123.24, 40.5492], [-123.2393, 40.5484], [-123.2403, 40.5483]], [[-123.2365, 40.5487], [-123.2361, 40.549], [-123.2361, 40.5487], [-123.2365, 40.5487]], [[-123.2372, 40.5484], [-123.2368, 40.5487], [-123.2368, 40.5484], [-123.2372, 40.5484]], [[-123.2357, 40.5485], [-123.2354, 40.5487], [-123.2354, 40.5485], [-123.2357, 40.5485]], [[-123.2386, 40.5481], [-123.2372, 40.5484], [-123.2371, 40.5482], [-123.2368, 40.5479], [-123.2382, 40.5473], [-123.2386, 40.5481]], [[-123.2453, 40.5477], [-123.2449, 40.548], [-123.2449, 40.5477], [-123.2453, 40.5477]], [[-123.2396, 40.5478], [-123.2393, 40.5481], [-123.2393, 40.5478], [-123.2396, 40.5478]], [[-123.2445, 40.5466], [-123.2438, 40.5469], [-123.2438, 40.5466], [-123.2445, 40.5466]], [[-123.2434, 40.5464], [-123.2431, 40.5469], [-123.2427, 40.5464], [-123.2434, 40.5464]], [[-123.2403, 40.5467], [-123.2399, 40.547], [-123.2399, 40.5467], [-123.2403, 40.5467]], [[-123.2424, 40.5461], [-123.242, 40.5464], [-123.242, 40.5461], [-123.2424, 40.5461]], [[-123.2413, 40.5462], [-123.2406, 40.5464], [-123.2406, 40.5462], [-123.2413, 40.5462]]], [[[-123.2376, 40.5417], [-123.2382, 40.5411], [-123.2379, 40.5411], [-123.2376, 40.5417]]], [[[-123.2382, 40.5411], [-123.2386, 40.5408], [-123.2382, 40.5408], [-123.2382, 40.5411]]], [[[-123.2364, 40.5403], [-123.2368, 40.5398], [-123.2364, 40.5398], [-123.2364, 40.5403]]], [[[-123.2378, 40.5398], [-123.2382, 40.5395], [-123.2378, 40.5395], [-123.2378, 40.5398]]], [[[-123.2385, 40.5392], [-123.2389, 40.5389], [-123.2385, 40.5389], [-123.2385, 40.5392]]], [[[-123.2371, 40.5395], [-123.2382, 40.5389], [-123.2374, 40.5387], [-123.2371, 40.5395]]], [[[-123.2381, 40.5387], [-123.2388, 40.5384], [-123.2381, 40.5384], [-123.2381, 40.5387]]], [[[-123.2378, 40.5381], [-123.2381, 40.5379], [-123.2378, 40.5379], [-123.2378, 40.5381]]], [[[-123.2385, 40.5378], [-123.2388, 40.5376], [-123.2384, 40.5376], [-123.2385, 40.5378]]], [[[-123.2388, 40.537], [-123.2387, 40.5362], [-123.2384, 40.5362], [-123.2381, 40.537], [-123.2388, 40.537]]], [[[-123.238, 40.5362], [-123.2384, 40.536], [-123.238, 40.536], [-123.238, 40.5362]]], [[[-123.2379, 40.533], [-123.2382, 40.5327], [-123.2379, 40.5327], [-123.2379, 40.533]]], [[[-123.2357, 40.532], [-123.236, 40.5314], [-123.2357, 40.5314], [-123.2357, 40.532]]]]}, "properties": {"layer": "high_severity"}}, {"type": "Feature", "geometry": {"type": "MultiPolygon", "coordinates": [[[[-123.4353, 40.877], [-123.4356, 40.8768], [-123.4353, 40.8768], [-123.4353, 40.877]]], [[[-123.4745, 40.754], [-123.4749, 40.7537], [-123.4745, 40.7537], [-123.4745, 40.754]]], [[[-123.073, 40.737], [-123.0737, 40.7364], [-123.0726, 40.7364], [-123.073, 40.737]]], [[[-123.4004, 40.7271], [-123.4008, 40.7268], [-123.4004, 40.7268], [-123.4004, 40.7271]]], [[[-123.4025, 40.727], [-123.4025, 40.7265], [-123.4004, 40.7263], [-123.4011, 40.7271], [-123.4025, 40.727]]], [[[-123.3993, 40.7258], [-123.3996, 40.7255], [-123.3993, 40.7255], [-123.3993, 40.7258]]], [[[-123.279, 40.729], [-123.2801, 40.7287], [-123.279, 40.7285], [-123.279, 40.729]]], [[[-123.2825, 40.7286], [-123.2829, 40.7281], [-123.2825, 40.7281], [-123.2825, 40.7286]]], [[[-123.4024, 40.7249], [-123.4028, 40.7246], [-123.4024, 40.7246], [-123.4024, 40.7249]]], [[[-123.3975, 40.7261], [-123.3993, 40.7255], [-123.3989, 40.7244], [-123.3975, 40.7247], [-123.3975, 40.7261]]], [[[-123.279, 40.7279], [-123.2793, 40.7276], [-123.279, 40.7277], [-123.279, 40.7279]]], [[[-123.4014, 40.7244], [-123.4017, 40.7241], [-123.4013, 40.7241], [-123.4014, 40.7244]]], [[[-123.3981, 40.7239], [-123.3985, 40.7236], [-123.3981, 40.7237], [-123.3981, 40.7239]]], [[[-123.2867, 40.7261], [-123.287, 40.7258], [-123.2867, 40.7258], [-123.2867, 40.7261]]], [[[-123.0695, 40.7311], [-123.0702, 40.7305], [-123.0684, 40.7303], [-123.0684, 40.7309], [-123.0695, 40.7311]]], [[[-123.0695, 40.7303], [-123.0698, 40.73], [-123.0695, 40.73], [-123.0695, 40.7303]]], [[[-123.4015, 40.7195], [-123.4018, 40.7192], [-123.4015, 40.7192], [-123.4015, 40.7195]]], [[[-123.4018, 40.7192], [-123.4022, 40.7189], [-123.4018, 40.719], [-123.4018, 40.7192]]], [[[-123.4007, 40.719], [-123.4011, 40.7192], [-123.4015, 40.719], [-123.4007, 40.719]]], [[[-123.2791, 40.7239], [-123.2794, 40.7228], [-123.2812, 40.7225], [-123.2783, 40.7206], [-123.2784, 40.7233], [-123.2791, 40.7239]]], [[[-123.3953, 40.7162], [-123.3956, 40.7156], [-123.3953, 40.7156], [-123.3953, 40.7162]]], [[[-123.2256, 40.7104], [-123.2263, 40.7098], [-123.2259, 40.7098], [-123.2256, 40.7104]]], [[[-123.2256, 40.7099], [-123.2259, 40.7096], [-123.2256, 40.7096], [-123.2256, 40.7099]]], [[[-123.126, 40.7059], [-123.1259, 40.7054], [-123.1252, 40.7054], [-123.1253, 40.7057], [-123.126, 40.7059]]], [[[-123.1231, 40.7057], [-123.1227, 40.7052], [-123.122, 40.7055], [-123.1221, 40.7057], [-123.1231, 40.7057]]], [[[-123.1213, 40.7055], [-123.122, 40.7052], [-123.1213, 40.7052], [-123.1213, 40.7055]]], [[[-123.051, 40.6791], [-123.0513, 40.6788], [-123.051, 40.6788], [-123.051, 40.6791]]], [[[-123.0513, 40.6788], [-123.0517, 40.6783], [-123.0513, 40.6783], [-123.0513, 40.6788]]], [[[-123.0607, 40.6748], [-123.0618, 40.6737], [-123.0621, 40.674], [-123.0646, 40.6736], [-123.0632, 40.6737], [-123.0617, 40.6726], [-123.0614, 40.6737], [-123.06, 40.674], [-123.0607, 40.6748]]], [[[-123.0585, 40.6649], [-123.0592, 40.6646], [-123.0585, 40.6643], [-123.0585, 40.6649]]], [[[-123.0582, 40.6643], [-123.0585, 40.6641], [-123.0581, 40.6641], [-123.0582, 40.6643]]], [[[-123.0585, 40.6641], [-123.0588, 40.6638], [-123.0585, 40.6638], [-123.0585, 40.6641]]], [[[-123.0681, 40.6638], [-123.0681, 40.6633], [-123.067, 40.6633], [-123.067, 40.6636], [-123.0681, 40.6638]]], [[[-123.0641, 40.6628], [-123.0645, 40.6626], [-123.0641, 40.6626], [-123.0641, 40.6628]]], [[[-123.0613, 40.6634], [-123.0631, 40.6629], [-123.0627, 40.6623], [-123.062, 40.6632], [-123.0613, 40.6629], [-123.0613, 40.6634]]], [[[-123.0673, 40.6622], [-123.068, 40.6617], [-123.0676, 40.6617], [-123.0673, 40.6622]]], [[[-123.0638, 40.6623], [-123.0644, 40.6617], [-123.0634, 40.6612], [-123.0638, 40.6623]]], [[[-123.0666, 40.6614], [-123.068, 40.6614], [-123.0679, 40.6609], [-123.0666, 40.6614]]], [[[-123.0637, 40.661], [-123.064, 40.6607], [-123.0637, 40.6607], [-123.0637, 40.661]]], [[[-123.0672, 40.6606], [-123.0676, 40.6603], [-123.0672, 40.6603], [-123.0672, 40.6606]]], [[[-123.0534, 40.6609], [-123.0537, 40.6607], [-123.0534, 40.6607], [-123.0534, 40.6609]]], [[[-123.053, 40.6607], [-123.0534, 40.6601], [-123.053, 40.6601], [-123.053, 40.6607]]], [[[-123.0665, 40.6593], [-123.0668, 40.659], [-123.0665, 40.659], [-123.0665, 40.6593]]], [[[-123.0565, 40.6595], [-123.0569, 40.6592], [-123.0565, 40.6592], [-123.0565, 40.6595]]], [[[-123.0569, 40.659], [-123.0572, 40.6587], [-123.0569, 40.6587], [-123.0569, 40.659]]], [[[-123.065, 40.6577], [-123.0664, 40.6574], [-123.065, 40.6574], [-123.065, 40.6577]]], [[[-123.0666, 40.6614], [-123.0662, 40.6604], [-123.0668, 40.6598], [-123.0665, 40.6598], [-123.0665, 40.6593], [-123.0661, 40.659], [-123.0671, 40.6579], [-123.0678, 40.6581], [-123.0668, 40.659], [-123.0679, 40.659], [-123.0682, 40.6584], [-123.0678, 40.6571], [-123.0661, 40.6585], [-123.065, 40.6585], [-123.065, 40.6577], [-123.0643, 40.6577], [-123.0639, 40.6582], [-123.064, 40.6588], [-123.0654, 40.6588], [-123.0651, 40.6596], [-123.064, 40.6596], [-123.0647, 40.6604], [-123.0641, 40.6612], [-123.0651, 40.6615], [-123.0658, 40.6606], [-123.0658, 40.6614], [-123.0666, 40.6614]], [[-123.0661, 40.6593], [-123.0658, 40.6598], [-123.0658, 40.6593], [-123.0661, 40.6593]]], [[[-123.0667, 40.6571], [-123.0671, 40.6568], [-123.0667, 40.6568], [-123.0667, 40.6571]]], [[[-123.0737, 40.6537], [-123.0733, 40.6531], [-123.0722, 40.6534], [-123.0723, 40.6537], [-123.0737, 40.6537]]], [[[-123.0736, 40.6529], [-123.074, 40.6526], [-123.0736, 40.6526], [-123.0736, 40.6529]]], [[[-123.0801, 40.6541], [-123.0797, 40.653], [-123.079, 40.653], [-123.0793, 40.6519], [-123.0764, 40.652], [-123.0761, 40.6528], [-123.0754, 40.6523], [-123.0744, 40.6537], [-123.0737, 40.6537], [-123.0801, 40.6541]]], [[[-123.075, 40.6526], [-123.075, 40.6518], [-123.0761, 40.6517], [-123.0757, 40.6512], [-123.0746, 40.6515], [-123.0747, 40.652], [-123.074, 40.6518], [-123.074, 40.6526], [-123.075, 40.6526]]], [[[-123.0743, 40.6515], [-123.0746, 40.6512], [-123.0743, 40.6512], [-123.0743, 40.6515]]], [[[-123.0778, 40.6503], [-123.0785, 40.65], [-123.0778, 40.6501], [-123.0778, 40.6503]]], [[[-123.0785, 40.6506], [-123.0792, 40.6506], [-123.0806, 40.6497], [-123.0788, 40.65], [-123.0785, 40.6506]]], [[[-123.0345, 40.6509], [-123.0349, 40.6506], [-123.0345, 40.6506], [-123.0345, 40.6509]]], [[[-123.089, 40.6547], [-123.0889, 40.653], [-123.0882, 40.6533], [-123.0889, 40.6528], [-123.0887, 40.6484], [-123.0852, 40.6491], [-123.0852, 40.6496], [-123.0824, 40.6508], [-123.081, 40.6505], [-123.081, 40.65], [-123.0796, 40.6506], [-123.0796, 40.6511], [-123.0817, 40.651], [-123.0825, 40.6518], [-123.0852, 40.6501], [-123.0867, 40.6504], [-123.0874, 40.6514], [-123.0858, 40.6545], [-123.089, 40.6547]], [[-123.0879, 40.6539], [-123.0872, 40.6542], [-123.0872, 40.6539], [-123.0879, 40.6539]], [[-123.0885, 40.6522], [-123.0882, 40.6525], [-123.0882, 40.6522], [-123.0885, 40.6522]], [[-123.0878, 40.6522], [-123.0875, 40.6525], [-123.0875, 40.6523], [-123.0878, 40.6522]], [[-123.088, 40.6493], [-123.0877, 40.6495], [-123.0877, 40.6493], [-123.088, 40.6493]]], [[[-123.0334, 40.6498], [-123.0341, 40.6495], [-123.0334, 40.6493], [-123.0334, 40.6498]]], [[[-123.0391, 40.6494], [-123.0394, 40.6491], [-123.0391, 40.6491], [-123.0391, 40.6494]]], [[[-123.0334, 40.6487], [-123.0337, 40.6484], [-123.0334, 40.6485], [-123.0334, 40.6487]]], [[[-123.0685, 40.6492], [-123.0695, 40.6484], [-123.072, 40.6483], [-123.0723, 40.6475], [-123.0685, 40.6476], [-123.0681, 40.6484], [-123.0688, 40.6481], [-123.0685, 40.6492]], [[-123.0695, 40.6481], [-123.0692, 40.6484], [-123.0692, 40.6481], [-123.0695, 40.6481]]], [[[-123.0723, 40.6475], [-123.0727, 40.6472], [-123.0723, 40.6472], [-123.0723, 40.6475]]], [[[-123.0352, 40.6508], [-123.0374, 40.6505], [-123.0377, 40.6497], [-123.0387, 40.6499], [-123.0387, 40.6489], [-123.0376, 40.6481], [-123.0337, 40.6474], [-123.0333, 40.6482], [-123.0337, 40.6482], [-123.0348, 40.6492], [-123.0338, 40.6506], [-123.0348, 40.65], [-123.0352, 40.6508]], [[-123.0373, 40.6497], [-123.037, 40.65], [-123.037, 40.6497], [-123.0373, 40.6497]], [[-123.0369, 40.6486], [-123.0362, 40.6492], [-123.0359, 40.6487], [-123.0369, 40.6486]], [[-123.0348, 40.6481], [-123.0344, 40.6484], [-123.0344, 40.6482], [-123.0348, 40.6481]], [[-123.0351, 40.6479], [-123.0348, 40.6481], [-123.0348, 40.6479], [-123.0351, 40.6479]]], [[[-123.0333, 40.6474], [-123.0337, 40.6471], [-123.0333, 40.6471], [-123.0333, 40.6474]]], [[[-123.0769, 40.645], [-123.0772, 40.6447], [-123.0768, 40.6447], [-123.0769, 40.645]]], [[[-123.0563, 40.6449], [-123.0566, 40.6446], [-123.0563, 40.6446], [-123.0563, 40.6449]]], [[[-123.0686, 40.6433], [-123.0689, 40.6419], [-123.0679, 40.6419], [-123.0679, 40.643], [-123.0686, 40.6433]]], [[[-123.0622, 40.6423], [-123.0625, 40.6421], [-123.0622, 40.6421], [-123.0622, 40.6423]]], [[[-123.0441, 40.6417], [-123.0444, 40.6412], [-123.0441, 40.6412], [-123.0441, 40.6417]]], [[[-123.0434, 40.6414], [-123.0437, 40.6412], [-123.0433, 40.6412], [-123.0434, 40.6414]]], [[[-123.079, 40.6446], [-123.08, 40.6438], [-123.0818, 40.6443], [-123.0828, 40.6435], [-123.0821, 40.6435], [-123.0817, 40.6424], [-123.0799, 40.6424], [-123.0799, 40.6411], [-123.0781, 40.6409], [-123.0784, 40.639], [-123.0777, 40.6387], [-123.077, 40.6401], [-123.0753, 40.6407], [-123.0792, 40.6419], [-123.0796, 40.643], [-123.0782, 40.6441], [-123.079, 40.6446]], [[-123.0817, 40.6429], [-123.0814, 40.6432], [-123.0814, 40.6429], [-123.0817, 40.6429]]], [[[-123.0426, 40.6398], [-123.0429, 40.6393], [-123.0426, 40.6393], [-123.0426, 40.6398]]], [[[-123.0472, 40.6392], [-123.0475, 40.6389], [-123.0472, 40.6389], [-123.0472, 40.6392]]], [[[-123.0535, 40.6388], [-123.0539, 40.6385], [-123.0535, 40.6385], [-123.0535, 40.6388]]], [[[-123.0643, 40.6512], [-123.0643, 40.6504], [-123.0621, 40.6477], [-123.0627, 40.6467], [-123.0616, 40.6459], [-123.0626, 40.6445], [-123.0616, 40.644], [-123.0622, 40.6423], [-123.0604, 40.6413], [-123.0621, 40.6396], [-123.0606, 40.6386], [-123.0585, 40.6392], [-123.0574, 40.6381], [-123.0556, 40.6384], [-123.0561, 40.6406], [-123.0554, 40.6417], [-123.0565, 40.6414], [-123.0576, 40.6422], [-123.0573, 40.6435], [-123.0566, 40.6436], [-123.0569, 40.6441], [-123.0566, 40.6452], [-123.0573, 40.6452], [-123.0567, 40.6471], [-123.0575, 40.6479], [-123.0607, 40.6481], [-123.0593, 40.6505], [-123.0622, 40.6502], [-123.0633, 40.6512], [-123.0636, 40.6507], [-123.0643, 40.6512]], [[-123.0636, 40.6499], [-123.0632, 40.6502], [-123.0632, 40.6499], [-123.0636, 40.6499]], [[-123.0607, 40.6494], [-123.06, 40.6497], [-123.06, 40.6494], [-123.0607, 40.6494]], [[-123.0617, 40.6475], [-123.0614, 40.6478], [-123.0614, 40.6475], [-123.0617, 40.6475]], [[-123.0603, 40.6475], [-123.0599, 40.6478], [-123.0599, 40.6475], [-123.0603, 40.6475]], [[-123.0577, 40.6462], [-123.0574, 40.6465], [-123.0574, 40.6462], [-123.0577, 40.6462]], [[-123.0613, 40.6459], [-123.0609, 40.6462], [-123.0609, 40.6459], [-123.0613, 40.6459]], [[-123.0576, 40.6435], [-123.0573, 40.6438], [-123.0573, 40.6435], [-123.0576, 40.6435]]], [[[-123.0468, 40.6387], [-123.0471, 40.6384], [-123.0468, 40.6384], [-123.0468, 40.6387]]], [[[-123.0567, 40.6381], [-123.057, 40.6379], [-123.0567, 40.6379], [-123.0567, 40.6381]]], [[[-123.0556, 40.6382], [-123.056, 40.6379], [-123.0556, 40.6379], [-123.0556, 40.6382]]], [[[-123.0549, 40.6377], [-123.0552, 40.6374], [-123.0549, 40.6374], [-123.0549, 40.6377]]], [[[-123.0535, 40.6385], [-123.0549, 40.6374], [-123.0545, 40.6369], [-123.0531, 40.6377], [-123.0535, 40.6385]]], [[[-123.1164, 40.6329], [-123.1168, 40.6326], [-123.1164, 40.6326], [-123.1164, 40.6329]]], [[[-123.1168, 40.6326], [-123.1171, 40.6323], [-123.1168, 40.6323], [-123.1168, 40.6326]]], [[[-123.2372, 40.6295], [-123.2376, 40.629], [-123.2369, 40.6287], [-123.2365, 40.6293], [-123.2372, 40.6295]]], [[[-123.0458, 40.6398], [-123.0468, 40.6392], [-123.0468, 40.6387], [-123.0457, 40.6384], [-123.0467, 40.6373], [-123.0471, 40.6384], [-123.0482, 40.6384], [-123.0481, 40.637], [-123.047, 40.6362], [-123.0473, 40.6351], [-123.0462, 40.6343], [-123.0469, 40.633], [-123.0441, 40.6339], [-123.0452, 40.6346], [-123.0453, 40.6363], [-123.0425, 40.6385], [-123.0433, 40.6396], [-123.0443, 40.6385], [-123.0443, 40.6395], [-123.0458, 40.6398]], [[-123.0464, 40.6387], [-123.0461, 40.6389], [-123.0461, 40.6387], [-123.0464, 40.6387]], [[-123.0446, 40.6379], [-123.0443, 40.6382], [-123.0443, 40.6379], [-123.0446, 40.6379]], [[-123.0457, 40.6376], [-123.045, 40.6374], [-123.0453, 40.6368], [-123.0456, 40.6368], [-123.0457, 40.6376]], [[-123.0467, 40.637], [-123.046, 40.6371], [-123.0456, 40.6363], [-123.0463, 40.6362], [-123.0467, 40.637]], [[-123.0462, 40.6335], [-123.0459, 40.6338], [-123.0459, 40.6335], [-123.0462, 40.6335]]], [[[-123.234, 40.6285], [-123.2344, 40.6282], [-123.234, 40.6283], [-123.234, 40.6285]]], [[[-123.0508, 40.6326], [-123.0511, 40.6323], [-123.0508, 40.6323], [-123.0508, 40.6326]]], [[[-123.2343, 40.6277], [-123.235, 40.628], [-123.235, 40.6274], [-123.2343, 40.6277]]], [[[-123.0787, 40.6311], [-123.0791, 40.6306], [-123.0787, 40.6306], [-123.0787, 40.6311]]], [[[-123.0653, 40.6328], [-123.0645, 40.6304], [-123.0631, 40.6307], [-123.0642, 40.6317], [-123.0639, 40.6323], [-123.0653, 40.6328]]], [[[-123.0635, 40.6304], [-123.0638, 40.6301], [-123.0635, 40.6301], [-123.0635, 40.6304]]], [[[-123.0723, 40.6299], [-123.0727, 40.6296], [-123.0723, 40.6297], [-123.0723, 40.6299]]], [[[-123.0716, 40.6299], [-123.0719, 40.6297], [-123.0716, 40.6297], [-123.0716, 40.6299]]], [[[-123.0528, 40.6304], [-123.0532, 40.6301], [-123.0528, 40.6301], [-123.0528, 40.6304]]], [[[-123.1138, 40.6292], [-123.1134, 40.6284], [-123.113, 40.6284], [-123.1127, 40.6289], [-123.1138, 40.6292]]], [[[-123.0528, 40.6301], [-123.0531, 40.629], [-123.052, 40.6288], [-123.0521, 40.6299], [-123.0528, 40.6301]]], [[[-123.0754, 40.6282], [-123.0758, 40.6285], [-123.0761, 40.6282], [-123.0754, 40.6282]]], [[[-123.0754, 40.628], [-123.0758, 40.6277], [-123.0754, 40.6277], [-123.0754, 40.628]]], [[[-123.0744, 40.6301], [-123.0744, 40.6288], [-123.0747, 40.6288], [-123.0747, 40.6285], [-123.0751, 40.6285], [-123.0751, 40.6282], [-123.0754, 40.6282], [-123.0754, 40.628], [-123.0751, 40.628], [-123.0754, 40.6274], [-123.074, 40.6277], [-123.0734, 40.6294], [-123.0726, 40.6294], [-123.0744, 40.6301]], [[-123.0747, 40.6282], [-123.0744, 40.6285], [-123.0744, 40.6283], [-123.0747, 40.6282]]], [[[-123.1129, 40.6259], [-123.1133, 40.6257], [-123.1129, 40.6257], [-123.1129, 40.6259]]], [[[-123.0664, 40.6255], [-123.0664, 40.6247], [-123.0657, 40.6247], [-123.0657, 40.6252], [-123.0664, 40.6255]]], [[[-123.0668, 40.6249], [-123.0671, 40.6246], [-123.0668, 40.6247], [-123.0668, 40.6249]]], [[[-123.1154, 40.6259], [-123.1164, 40.6248], [-123.1139, 40.6232], [-123.1133, 40.6257], [-123.1154, 40.6259]], [[-123.1143, 40.624], [-123.1139, 40.6243], [-123.1139, 40.624], [-123.1143, 40.624]]], [[[-123.0653, 40.6247], [-123.0657, 40.6241], [-123.0653, 40.6241], [-123.0653, 40.6247]]], [[[-123.065, 40.6242], [-123.0653, 40.6239], [-123.065, 40.6239], [-123.065, 40.6242]]], [[[-123.067, 40.6225], [-123.0677, 40.6225], [-123.0681, 40.6222], [-123.067, 40.6225]]], [[[-123.0532, 40.615], [-123.0536, 40.6147], [-123.0532, 40.6147], [-123.0532, 40.615]]], [[[-123.0617, 40.6134], [-123.062, 40.6131], [-123.0617, 40.6132], [-123.0617, 40.6134]]], [[[-123.2709, 40.5886], [-123.2712, 40.5884], [-123.2709, 40.5884], [-123.2709, 40.5886]]], [[[-123.2507, 40.5743], [-123.2511, 40.574], [-123.2507, 40.574], [-123.2507, 40.5743]]], [[[-123.2568, 40.5749], [-123.2571, 40.573], [-123.256, 40.5744], [-123.2543, 40.5745], [-123.2543, 40.575], [-123.2568, 40.5749]]], [[[-123.2496, 40.5735], [-123.25, 40.5732], [-123.2496, 40.5732], [-123.2496, 40.5735]]], [[[-123.2011, 40.5742], [-123.2018, 40.5739], [-123.2011, 40.574], [-123.2011, 40.5742]]], [[[-123.2014, 40.5737], [-123.2018, 40.5731], [-123.2014, 40.5731], [-123.2014, 40.5737]]], [[[-123.2063, 40.5722], [-123.2067, 40.5719], [-123.2063, 40.5719], [-123.2063, 40.5722]]], [[[-123.2056, 40.5714], [-123.2059, 40.5717], [-123.2063, 40.5714], [-123.2056, 40.5714]]], [[[-123.2487, 40.5692], [-123.2487, 40.5684], [-123.2497, 40.5676], [-123.248, 40.5679], [-123.2487, 40.5692]]], [[[-123.2476, 40.5679], [-123.2479, 40.5676], [-123.2476, 40.5676], [-123.2476, 40.5679]]], [[[-123.2501, 40.5676], [-123.25, 40.567], [-123.2493, 40.567], [-123.2493, 40.5673], [-123.2501, 40.5676]]], [[[-123.2529, 40.575], [-123.2528, 40.5737], [-123.2546, 40.5731], [-123.2552, 40.5709], [-123.2573, 40.5706], [-123.2574, 40.5655], [-123.2553, 40.5655], [-123.2554, 40.5671], [-123.2543, 40.5674], [-123.2532, 40.5672], [-123.2528, 40.5659], [-123.2514, 40.5656], [-123.2519, 40.5683], [-123.2494, 40.5684], [-123.2487, 40.5692], [-123.2488, 40.5711], [-123.2499, 40.5711], [-123.2496, 40.573], [-123.2506, 40.5721], [-123.2517, 40.5724], [-123.2525, 40.5734], [-123.2511, 40.5748], [-123.2529, 40.575]], [[-123.2535, 40.5721], [-123.2531, 40.5723], [-123.2531, 40.5721], [-123.2535, 40.5721]], [[-123.2545, 40.571], [-123.2538, 40.5712], [-123.2538, 40.571], [-123.2545, 40.571]], [[-123.2548, 40.5704], [-123.2545, 40.5707], [-123.2545, 40.5704], [-123.2548, 40.5704]], [[-123.2569, 40.5698], [-123.2566, 40.5704], [-123.2566, 40.5698], [-123.2569, 40.5698]], [[-123.2544, 40.5699], [-123.2541, 40.5704], [-123.2541, 40.5699], [-123.2544, 40.5699]], [[-123.2523, 40.5699], [-123.252, 40.5705], [-123.2519, 40.5699], [-123.2523, 40.5699]], [[-123.2562, 40.5693], [-123.2555, 40.5698], [-123.2555, 40.5693], [-123.2562, 40.5693]], [[-123.2551, 40.5693], [-123.2548, 40.5699], [-123.2548, 40.5693], [-123.2551, 40.5693]], [[-123.2544, 40.5688], [-123.254, 40.5693], [-123.254, 40.5688], [-123.2544, 40.5688]], [[-123.2537, 40.5691], [-123.2533, 40.5694], [-123.2533, 40.5691], [-123.2537, 40.5691]], [[-123.2505, 40.5692], [-123.2502, 40.5694], [-123.2501, 40.5692], [-123.2505, 40.5692]], [[-123.2551, 40.5688], [-123.2547, 40.5691], [-123.2547, 40.5688], [-123.2551, 40.5688]], [[-123.2551, 40.5682], [-123.2544, 40.5685], [-123.2544, 40.5683], [-123.2551, 40.5682]], [[-123.2547, 40.5677], [-123.254, 40.568], [-123.254, 40.5677], [-123.2547, 40.5677]]], [[[-123.251, 40.5656], [-123.251, 40.5648], [-123.2521, 40.5651], [-123.2521, 40.5645], [-123.2506, 40.5646], [-123.251, 40.5656]]], [[[-123.2521, 40.5645], [-123.2524, 40.5642], [-123.252, 40.5643], [-123.2521, 40.5645]]], [[[-123.2513, 40.5643], [-123.2517, 40.564], [-123.2513, 40.564], [-123.2513, 40.5643]]], [[[-123.2531, 40.5642], [-123.2531, 40.5637], [-123.2524, 40.5637], [-123.2524, 40.564], [-123.2531, 40.5642]]], [[[-123.2517, 40.564], [-123.252, 40.5637], [-123.2517, 40.5637], [-123.2517, 40.564]]], [[[-123.2531, 40.5637], [-123.2534, 40.5634], [-123.2531, 40.5634], [-123.2531, 40.5637]]], [[[-123.2513, 40.5637], [-123.2517, 40.5635], [-123.2513, 40.5635], [-123.2513, 40.5637]]], [[[-123.2517, 40.5635], [-123.252, 40.5632], [-123.2516, 40.5632], [-123.2517, 40.5635]]], [[[-123.2545, 40.5631], [-123.2544, 40.5623], [-123.2541, 40.5623], [-123.2538, 40.5631], [-123.2545, 40.5631]]], [[[-123.2513, 40.5629], [-123.2516, 40.5624], [-123.2513, 40.5624], [-123.2513, 40.5629]]], [[[-123.2541, 40.562], [-123.2544, 40.5618], [-123.2541, 40.5618], [-123.2541, 40.562]]], [[[-123.2533, 40.5615], [-123.254, 40.5612], [-123.2533, 40.5612], [-123.2533, 40.5615]]], [[[-123.2544, 40.5612], [-123.2547, 40.5609], [-123.2544, 40.561], [-123.2544, 40.5612]]], [[[-123.2558, 40.5609], [-123.2561, 40.5606], [-123.2558, 40.5606], [-123.2558, 40.5609]]], [[[-123.2518, 40.5591], [-123.2522, 40.5588], [-123.2518, 40.5589], [-123.2518, 40.5591]]], [[[-123.2544, 40.5539], [-123.2548, 40.5536], [-123.2544, 40.5537], [-123.2544, 40.5539]]], [[[-123.2569, 40.5533], [-123.2572, 40.553], [-123.2569, 40.553], [-123.2569, 40.5533]]], [[[-123.2484, 40.5533], [-123.2487, 40.5535], [-123.2494, 40.5532], [-123.2484, 40.5533]]], [[[-123.2572, 40.553], [-123.2576, 40.5528], [-123.2572, 40.5528], [-123.2572, 40.553]]], [[[-123.2508, 40.5519], [-123.2511, 40.5516], [-123.2508, 40.5516], [-123.2508, 40.5519]]], [[[-123.2539, 40.5512], [-123.2543, 40.551], [-123.2539, 40.551], [-123.2539, 40.5512]]], [[[-123.2576, 40.5609], [-123.2568, 40.5595], [-123.2575, 40.559], [-123.2576, 40.5536], [-123.2569, 40.5536], [-123.2569, 40.5533], [-123.2565, 40.5533], [-123.2568, 40.5528], [-123.2547, 40.5526], [-123.2543, 40.5515], [-123.2536, 40.5515], [-123.2539, 40.5507], [-123.2525, 40.5496], [-123.2522, 40.5515], [-123.2515, 40.5516], [-123.2494, 40.5538], [-123.2523, 40.5542], [-123.2531, 40.5553], [-123.2524, 40.5564], [-123.2506, 40.5559], [-123.2492, 40.5565], [-123.2486, 40.5576], [-123.2489, 40.5584], [-123.2497, 40.5584], [-123.2497, 40.5589], [-123.2504, 40.5589], [-123.2504, 40.5594], [-123.2529, 40.5604], [-123.2533, 40.561], [-123.2544, 40.561], [-123.2544, 40.5604], [-123.2558, 40.5606], [-123.2558, 40.5601], [-123.2576, 40.5609]], [[-123.2533, 40.5602], [-123.2529, 40.5604], [-123.2529, 40.5602], [-123.2533, 40.5602]], [[-123.255, 40.5599], [-123.2543, 40.5599], [-123.2543, 40.5593], [-123.2547, 40.5593], [-123.255, 40.5599]], [[-123.2536, 40.5596], [-123.2522, 40.5597], [-123.2522, 40.5594], [-123.2518, 40.5594], [-123.2518, 40.5591], [-123.2515, 40.5589], [-123.2507, 40.5589], [-123.2521, 40.5583], [-123.2514, 40.5578], [-123.2542, 40.5574], [-123.2549, 40.5566], [-123.2563, 40.5568], [-123.2564, 40.5582], [-123.2546, 40.5585], [-123.2536, 40.5596]], [[-123.2528, 40.5569], [-123.2521, 40.5575], [-123.2521, 40.557], [-123.2528, 40.5569]], [[-123.2535, 40.5569], [-123.2531, 40.5572], [-123.2531, 40.5569], [-123.2535, 40.5569]], [[-123.2503, 40.5565], [-123.2499, 40.5567], [-123.2499, 40.5565], [-123.2503, 40.5565]], [[-123.2548, 40.555], [-123.2545, 40.5553], [-123.2545, 40.555], [-123.2548, 40.555]], [[-123.2541, 40.5539], [-123.2534, 40.5545], [-123.2534, 40.5542], [-123.2541, 40.5539]], [[-123.2562, 40.5539], [-123.2555, 40.5542], [-123.2555, 40.5539], [-123.2562, 40.5539]], [[-123.2551, 40.5542], [-123.2544, 40.5542], [-123.2544, 40.5539], [-123.2541, 40.5539], [-123.254, 40.5529], [-123.2554, 40.5531], [-123.2551, 40.5542]], [[-123.2565, 40.5536], [-123.2562, 40.5539], [-123.2562, 40.5536], [-123.2565, 40.5536]], [[-123.2515, 40.5524], [-123.2512, 40.5527], [-123.2512, 40.5524], [-123.2515, 40.5524]], [[-123.2525, 40.5515], [-123.2522, 40.5518], [-123.2522, 40.5515], [-123.2525, 40.5515]]], [[[-123.2518, 40.5499], [-123.2521, 40.5497], [-123.2517, 40.5497], [-123.2518, 40.5499]]], [[[-123.2372, 40.5495], [-123.2376, 40.5492], [-123.2372, 40.5492], [-123.2372, 40.5495]]], [[[-123.2525, 40.5496], [-123.2524, 40.5486], [-123.2513, 40.5486], [-123.2517, 40.5494], [-123.2525, 40.5496]]], [[[-123.2503, 40.5489], [-123.2506, 40.5486], [-123.2503, 40.5486], [-123.2503, 40.5489]]], [[[-123.2354, 40.5493], [-123.2358, 40.549], [-123.2354, 40.549], [-123.2354, 40.5493]]], [[[-123.2574, 40.5498], [-123.2577, 40.5476], [-123.2566, 40.5474], [-123.256, 40.5493], [-123.2574, 40.5498]]], [[[-123.2368, 40.5492], [-123.2375, 40.5484], [-123.2361, 40.5479], [-123.2358, 40.549], [-123.2361, 40.549], [-123.2361, 40.5493], [-123.2368, 40.5492]], [[-123.2365, 40.5487], [-123.2361, 40.549], [-123.2361, 40.5487], [-123.2365, 40.5487]], [[-123.2372, 40.5484], [-123.2368, 40.5487], [-123.2368, 40.5484], [-123.2372, 40.5484]]], [[[-123.2371, 40.5482], [-123.2375, 40.5479], [-123.2371, 40.5479], [-123.2371, 40.5482]]], [[[-123.2385, 40.5465], [-123.2388, 40.5462], [-123.2385, 40.5462], [-123.2385, 40.5465]]], [[[-123.2395, 40.5462], [-123.2399, 40.5459], [-123.2395, 40.5459], [-123.2395, 40.5462]]], [[[-123.24, 40.5492], [-123.2393, 40.5484], [-123.2414, 40.5486], [-123.2414, 40.548], [-123.2442, 40.5472], [-123.2441, 40.5461], [-123.2402, 40.5459], [-123.2399, 40.5467], [-123.2385, 40.5468], [-123.2385, 40.5465], [-123.2381, 40.5462], [-123.2388, 40.5459], [-123.2388, 40.5446], [-123.2381, 40.5446], [-123.2368, 40.5479], [-123.2382, 40.5473], [-123.2386, 40.5481], [-123.2375, 40.5484], [-123.24, 40.5492]], [[-123.2396, 40.5478], [-123.2393, 40.5481], [-123.2393, 40.5478], [-123.2396, 40.5478]], [[-123.2434, 40.5464], [-123.2431, 40.5469], [-123.2427, 40.5464], [-123.2434, 40.5464]], [[-123.2403, 40.5467], [-123.2399, 40.547], [-123.2399, 40.5467], [-123.2403, 40.5467]], [[-123.2424, 40.5461], [-123.242, 40.5464], [-123.242, 40.5461], [-123.2424, 40.5461]], [[-123.2413, 40.5462], [-123.2406, 40.5464], [-123.2406, 40.5462], [-123.2413, 40.5462]]]]}, "properties": {"layer": "interior"}}, {"type": "Feature", "geometry": {"type": "Polygon", "coordinates": [[[-123.4353, 40.877], [-123.4356, 40.8768], [-123.4353, 40.8768], [-123.4353, 40.877]]]}, "properties": {"layer": "cell", "cell_id": "312_1000", "seed_zone": "312", "elevation_band": "1000–1500 ft"}}, {"type": "Feature", "geometry": {"type": "MultiPolygon", "coordinates": [[[[-123.073, 40.737], [-123.0737, 40.7364], [-123.0726, 40.7364], [-123.073, 40.737]]], [[[-123.0695, 40.7311], [-123.0698, 40.7306], [-123.0684, 40.7303], [-123.0684, 40.7309], [-123.0695, 40.7311]]], [[[-123.0695, 40.7303], [-123.0698, 40.73], [-123.0695, 40.73], [-123.0695, 40.7303]]]]}, "properties": {"layer": "cell", "cell_id": "312_1500", "seed_zone": "312", "elevation_band": "1500–2000 ft"}}, {"type": "Feature", "geometry": {"type": "MultiPolygon", "coordinates": [[[[-123.2794, 40.729], [-123.2801, 40.7287], [-123.2794, 40.7287], [-123.2794, 40.729]]], [[[-123.2825, 40.7286], [-123.2829, 40.7281], [-123.2825, 40.7281], [-123.2825, 40.7286]]], [[[-123.0699, 40.7308], [-123.0702, 40.7305], [-123.0698, 40.7306], [-123.0699, 40.7308]]], [[[-123.064, 40.6512], [-123.0643, 40.6509], [-123.064, 40.6509], [-123.064, 40.6512]]], [[[-123.0633, 40.6512], [-123.0636, 40.6507], [-123.0633, 40.6507], [-123.0633, 40.6512]]], [[[-123.0629, 40.6507], [-123.0632, 40.6504], [-123.0629, 40.6504], [-123.0629, 40.6507]]], [[[-123.0608, 40.6505], [-123.0611, 40.6502], [-123.0608, 40.6502], [-123.0608, 40.6505]]], [[[-123.0601, 40.6505], [-123.0604, 40.6502], [-123.06, 40.6502], [-123.0601, 40.6505]]], [[[-123.0345, 40.6509], [-123.0349, 40.6506], [-123.0345, 40.6506], [-123.0345, 40.6509]]], [[[-123.0352, 40.6508], [-123.0374, 40.6505], [-123.038, 40.6489], [-123.0359, 40.6489], [-123.0345, 40.6498], [-123.0352, 40.6508]], [[-123.0373, 40.6497], [-123.037, 40.65], [-123.037, 40.6497], [-123.0373, 40.6497]]], [[[-123.2529, 40.575], [-123.2528, 40.5737], [-123.2535, 40.5731], [-123.2511, 40.5743], [-123.2511, 40.5748], [-123.2529, 40.575]]], [[[-123.2521, 40.5732], [-123.2524, 40.5729], [-123.2521, 40.5729], [-123.2521, 40.5732]]]]}, "properties": {"layer": "cell", "cell_id": "312_2000", "seed_zone": "312", "elevation_band": "2000–2500 ft"}}, {"type": "Feature", "geometry": {"type": "MultiPolygon", "coordinates": [[[[-123.279, 40.729], [-123.2793, 40.7285], [-123.279, 40.7285], [-123.279, 40.729]]], [[[-123.279, 40.7279], [-123.2793, 40.7276], [-123.279, 40.7277], [-123.279, 40.7279]]], [[[-123.2788, 40.7239], [-123.2791, 40.7233], [-123.2788, 40.7233], [-123.2788, 40.7239]]], [[[-123.2784, 40.7233], [-123.2787, 40.7231], [-123.2784, 40.7231], [-123.2784, 40.7233]]], [[[-123.2256, 40.7104], [-123.2263, 40.7098], [-123.2259, 40.7098], [-123.2256, 40.7104]]], [[[-123.2256, 40.7099], [-123.2259, 40.7096], [-123.2256, 40.7096], [-123.2256, 40.7099]]], [[[-123.0534, 40.6609], [-123.0537, 40.6607], [-123.0534, 40.6607], [-123.0534, 40.6609]]], [[[-123.053, 40.6607], [-123.0534, 40.6601], [-123.053, 40.6601], [-123.053, 40.6607]]], [[[-123.0665, 40.6593], [-123.0668, 40.659], [-123.0665, 40.659], [-123.0665, 40.6593]]], [[[-123.0565, 40.6595], [-123.0569, 40.6592], [-123.0565, 40.6592], [-123.0565, 40.6595]]], [[[-123.0569, 40.659], [-123.0572, 40.6587], [-123.0569, 40.6587], [-123.0569, 40.659]]], [[[-123.066, 40.6577], [-123.0664, 40.6574], [-123.066, 40.6574], [-123.066, 40.6577]]], [[[-123.0661, 40.6593], [-123.0671, 40.6579], [-123.0678, 40.6581], [-123.0668, 40.659], [-123.0679, 40.659], [-123.0682, 40.6584], [-123.0678, 40.6571], [-123.0657, 40.6585], [-123.0661, 40.6593]]], [[[-123.0667, 40.6571], [-123.0671, 40.6568], [-123.0667, 40.6568], [-123.0667, 40.6571]]], [[[-123.0723, 40.6537], [-123.0737, 40.6534], [-123.0722, 40.6534], [-123.0723, 40.6537]]], [[[-123.0794, 40.6541], [-123.0786, 40.6525], [-123.0747, 40.6528], [-123.0737, 40.6537], [-123.0794, 40.6541]]], [[[-123.0338, 40.6501], [-123.0345, 40.6503], [-123.0345, 40.6498], [-123.0338, 40.6501]]], [[[-123.0685, 40.6487], [-123.0696, 40.6489], [-123.0695, 40.6484], [-123.0685, 40.6487]]], [[[-123.0334, 40.6498], [-123.0341, 40.6495], [-123.0334, 40.6493], [-123.0334, 40.6498]]], [[[-123.0391, 40.6494], [-123.0394, 40.6491], [-123.0391, 40.6491], [-123.0391, 40.6494]]], [[[-123.0695, 40.6484], [-123.0702, 40.6481], [-123.0695, 40.6481], [-123.0695, 40.6484]]], [[[-123.072, 40.6483], [-123.0723, 40.6475], [-123.0702, 40.6478], [-123.0706, 40.6483], [-123.072, 40.6483]]], [[[-123.0334, 40.6487], [-123.0337, 40.6484], [-123.0334, 40.6485], [-123.0334, 40.6487]]], [[[-123.0723, 40.6475], [-123.0727, 40.6472], [-123.0723, 40.6472], [-123.0723, 40.6475]]], [[[-123.0387, 40.6499], [-123.0387, 40.6489], [-123.0376, 40.6481], [-123.0333, 40.6476], [-123.0348, 40.6495], [-123.0369, 40.6486], [-123.0387, 40.6499]], [[-123.0348, 40.6481], [-123.0344, 40.6484], [-123.0344, 40.6482], [-123.0348, 40.6481]], [[-123.0351, 40.6479], [-123.0348, 40.6481], [-123.0348, 40.6479], [-123.0351, 40.6479]]], [[[-123.0333, 40.6474], [-123.0337, 40.6471], [-123.0333, 40.6471], [-123.0333, 40.6474]]], [[[-123.0643, 40.6509], [-123.0632, 40.6488], [-123.0614, 40.6483], [-123.0616, 40.6461], [-123.0606, 40.6462], [-123.0609, 40.6453], [-123.0581, 40.6454], [-123.0567, 40.6468], [-123.0575, 40.6479], [-123.0607, 40.6481], [-123.0593, 40.6505], [-123.0622, 40.6502], [-123.0643, 40.6509]], [[-123.0636, 40.6499], [-123.0632, 40.6502], [-123.0632, 40.6499], [-123.0636, 40.6499]], [[-123.0607, 40.6494], [-123.06, 40.6497], [-123.06, 40.6494], [-123.0607, 40.6494]], [[-123.0603, 40.6475], [-123.0599, 40.6478], [-123.0599, 40.6475], [-123.0603, 40.6475]], [[-123.0577, 40.6462], [-123.0574, 40.6465], [-123.0574, 40.6462], [-123.0577, 40.6462]]], [[[-123.0769, 40.645], [-123.0772, 40.6447], [-123.0768, 40.6447], [-123.0769, 40.645]]], [[[-123.0783, 40.6446], [-123.0793, 40.6441], [-123.0782, 40.6441], [-123.0783, 40.6446]]], [[[-123.0818, 40.6443], [-123.0818, 40.6437], [-123.0804, 40.6438], [-123.0804, 40.6441], [-123.0818, 40.6443]]], [[[-123.2709, 40.5886], [-123.2712, 40.5884], [-123.2709, 40.5884], [-123.2709, 40.5886]]], [[[-123.2507, 40.5743], [-123.2511, 40.574], [-123.2507, 40.574], [-123.2507, 40.5743]]], [[[-123.2568, 40.5749], [-123.2571, 40.573], [-123.256, 40.5744], [-123.2543, 40.5745], [-123.2543, 40.575], [-123.2568, 40.5749]]], [[[-123.2496, 40.5735], [-123.25, 40.5732], [-123.2496, 40.5732], [-123.2496, 40.5735]]], [[[-123.2011, 40.5742], [-123.2018, 40.5739], [-123.2011, 40.574], [-123.2011, 40.5742]]], [[[-123.2014, 40.5737], [-123.2018, 40.5731], [-123.2014, 40.5731], [-123.2014, 40.5737]]], [[[-123.2063, 40.5722], [-123.2067, 40.5719], [-123.2063, 40.5719], [-123.2063, 40.5722]]], [[[-123.2056, 40.5714], [-123.2059, 40.5717], [-123.2063, 40.5714], [-123.2056, 40.5714]]], [[[-123.2487, 40.5692], [-123.2487, 40.5684], [-123.2497, 40.5676], [-123.248, 40.5679], [-123.2487, 40.5692]]], [[[-123.2476, 40.5679], [-123.2479, 40.5676], [-123.2476, 40.5676], [-123.2476, 40.5679]]], [[[-123.2497, 40.5676], [-123.2501, 40.5673], [-123.2497, 40.5673], [-123.2497, 40.5676]]], [[[-123.2539, 40.5737], [-123.2552, 40.5709], [-123.2573, 40.5706], [-123.2572, 40.569], [-123.2565, 40.5685], [-123.2547, 40.5691], [-123.255, 40.5674], [-123.2522, 40.567], [-123.2519, 40.5683], [-123.2494, 40.5684], [-123.2488, 40.5711], [-123.2499, 40.5711], [-123.2496, 40.573], [-123.251, 40.5721], [-123.2539, 40.5737]], [[-123.2535, 40.5721], [-123.2531, 40.5723], [-123.2531, 40.5721], [-123.2535, 40.5721]], [[-123.2545, 40.571], [-123.2538, 40.5712], [-123.2538, 40.571], [-123.2545, 40.571]], [[-123.2548, 40.5704], [-123.2545, 40.5707], [-123.2545, 40.5704], [-123.2548, 40.5704]], [[-123.2569, 40.5698], [-123.2566, 40.5704], [-123.2566, 40.5698], [-123.2569, 40.5698]], [[-123.2544, 40.5699], [-123.2541, 40.5704], [-123.2541, 40.5699], [-123.2544, 40.5699]], [[-123.2523, 40.5699], [-123.252, 40.5705], [-123.2519, 40.5699], [-123.2523, 40.5699]], [[-123.2562, 40.5693], [-123.2555, 40.5698], [-123.2555, 40.5693], [-123.2562, 40.5693]], [[-123.2551, 40.5693], [-123.2548, 40.5699], [-123.2548, 40.5693], [-123.2551, 40.5693]], [[-123.2544, 40.5688], [-123.254, 40.5693], [-123.254, 40.5688], [-123.2544, 40.5688]], [[-123.2537, 40.5691], [-123.2533, 40.5694], [-123.2533, 40.5691], [-123.2537, 40.5691]], [[-123.2505, 40.5692], [-123.2502, 40.5694], [-123.2501, 40.5692], [-123.2505, 40.5692]], [[-123.2547, 40.5677], [-123.254, 40.568], [-123.254, 40.5677], [-123.2547, 40.5677]]], [[[-123.2511, 40.5662], [-123.2514, 40.5659], [-123.2511, 40.5659], [-123.2511, 40.5662]]], [[[-123.251, 40.5656], [-123.251, 40.5648], [-123.2514, 40.5645], [-123.2506, 40.5646], [-123.251, 40.5656]]], [[[-123.2527, 40.564], [-123.2531, 40.5637], [-123.2527, 40.5637], [-123.2527, 40.564]]], [[[-123.2531, 40.5637], [-123.2534, 40.5634], [-123.2531, 40.5634], [-123.2531, 40.5637]]], [[[-123.2513, 40.5637], [-123.2517, 40.5635], [-123.2513, 40.5635], [-123.2513, 40.5637]]], [[[-123.2517, 40.5635], [-123.252, 40.5632], [-123.2516, 40.5632], [-123.2517, 40.5635]]], [[[-123.2545, 40.5631], [-123.2544, 40.5623], [-123.2541, 40.5623], [-123.2538, 40.5631], [-123.2545, 40.5631]]], [[[-123.2513, 40.5629], [-123.2516, 40.5624], [-123.2513, 40.5624], [-123.2513, 40.5629]]], [[[-123.2541, 40.562], [-123.2544, 40.5618], [-123.2541, 40.5618], [-123.2541, 40.562]]], [[[-123.2533, 40.5615], [-123.254, 40.5612], [-123.2533, 40.5612], [-123.2533, 40.5615]]], [[[-123.2544, 40.5612], [-123.2547, 40.5609], [-123.2544, 40.561], [-123.2544, 40.5612]]], [[[-123.2558, 40.5609], [-123.2561, 40.5606], [-123.2558, 40.5606], [-123.2558, 40.5609]]], [[[-123.2518, 40.5591], [-123.2522, 40.5588], [-123.2518, 40.5589], [-123.2518, 40.5591]]], [[[-123.2576, 40.5609], [-123.2575, 40.5598], [-123.2568, 40.5601], [-123.2574, 40.5571], [-123.2564, 40.5582], [-123.2546, 40.5585], [-123.2543, 40.5593], [-123.2522, 40.5597], [-123.2522, 40.5594], [-123.2518, 40.5594], [-123.2518, 40.5591], [-123.2515, 40.5589], [-123.2507, 40.5589], [-123.2507, 40.5586], [-123.2521, 40.5583], [-123.2514, 40.5578], [-123.2542, 40.5572], [-123.2531, 40.5572], [-123.2531, 40.5567], [-123.2489, 40.5568], [-123.2489, 40.5584], [-123.2511, 40.56], [-123.2519, 40.5599], [-123.2519, 40.5602], [-123.2529, 40.5604], [-123.2533, 40.561], [-123.2544, 40.561], [-123.2544, 40.5604], [-123.2558, 40.5606], [-123.2558, 40.5601], [-123.2576, 40.5609]], [[-123.2533, 40.5602], [-123.2529, 40.5604], [-123.2529, 40.5602], [-123.2533, 40.5602]], [[-123.255, 40.5599], [-123.2543, 40.5599], [-123.2543, 40.5593], [-123.2547, 40.5593], [-123.255, 40.5599]], [[-123.2528, 40.5569], [-123.2521, 40.5575], [-123.2521, 40.557], [-123.2528, 40.5569]]], [[[-123.2512, 40.5543], [-123.2512, 40.5537], [-123.2494, 40.5535], [-123.2494, 40.5538], [-123.2512, 40.5543]]], [[[-123.2484, 40.5538], [-123.2487, 40.5535], [-123.2484, 40.5535], [-123.2484, 40.5538]]], [[[-123.2372, 40.5495], [-123.2376, 40.5492], [-123.2372, 40.5492], [-123.2372, 40.5495]]], [[[-123.2354, 40.5493], [-123.2358, 40.549], [-123.2354, 40.549], [-123.2354, 40.5493]]], [[[-123.2368, 40.5492], [-123.2375, 40.5484], [-123.2361, 40.5479], [-123.2358, 40.549], [-123.2361, 40.549], [-123.2361, 40.5493], [-123.2368, 40.5492]], [[-123.2365, 40.5487], [-123.2361, 40.549], [-123.2361, 40.5487], [-123.2365, 40.5487]], [[-123.2372, 40.5484], [-123.2368, 40.5487], [-123.2368, 40.5484], [-123.2372, 40.5484]]], [[[-123.2371, 40.5482], [-123.2375, 40.5479], [-123.2371, 40.5479], [-123.2371, 40.5482]]], [[[-123.2385, 40.5465], [-123.2388, 40.5462], [-123.2385, 40.5462], [-123.2385, 40.5465]]], [[[-123.2434, 40.5461], [-123.2438, 40.5458], [-123.2434, 40.5458], [-123.2434, 40.5461]]], [[[-123.2395, 40.5462], [-123.2399, 40.5459], [-123.2395, 40.5459], [-123.2395, 40.5462]]], [[[-123.24, 40.5492], [-123.2393, 40.5484], [-123.2414, 40.5486], [-123.2414, 40.548], [-123.2428, 40.5477], [-123.2406, 40.5462], [-123.2431, 40.5458], [-123.2402, 40.5459], [-123.2399, 40.5467], [-123.2385, 40.5468], [-123.2385, 40.5465], [-123.2381, 40.5462], [-123.2388, 40.5459], [-123.2388, 40.5446], [-123.2381, 40.5446], [-123.2368, 40.5479], [-123.2382, 40.5473], [-123.2386, 40.5481], [-123.2375, 40.5484], [-123.24, 40.5492]], [[-123.2396, 40.5478], [-123.2393, 40.5481], [-123.2393, 40.5478], [-123.2396, 40.5478]], [[-123.2403, 40.5467], [-123.2399, 40.547], [-123.2399, 40.5467], [-123.2403, 40.5467]]]]}, "properties": {"layer": "cell", "cell_id": "312_2500", "seed_zone": "312", "elevation_band": "2500–3000 ft"}}, {"type": "Feature", "geometry": {"type": "MultiPolygon", "coordinates": [[[[-123.4745, 40.754], [-123.4749, 40.7537], [-123.4745, 40.7537], [-123.4745, 40.754]]], [[[-123.2867, 40.7261], [-123.287, 40.7258], [-123.2867, 40.7258], [-123.2867, 40.7261]]], [[[-123.2795, 40.7233], [-123.2794, 40.7228], [-123.2812, 40.7225], [-123.2783, 40.7206], [-123.2784, 40.7231], [-123.2795, 40.7233]]], [[[-123.3953, 40.7162], [-123.3956, 40.7156], [-123.3953, 40.7156], [-123.3953, 40.7162]]], [[[-123.051, 40.6791], [-123.0513, 40.6788], [-123.051, 40.6788], [-123.051, 40.6791]]], [[[-123.0513, 40.6788], [-123.0517, 40.6783], [-123.0513, 40.6783], [-123.0513, 40.6788]]], [[[-123.0607, 40.6748], [-123.0611, 40.674], [-123.0618, 40.6737], [-123.06, 40.674], [-123.0607, 40.6748]]], [[[-123.0628, 40.674], [-123.0624, 40.6734], [-123.0617, 40.6734], [-123.0621, 40.674], [-123.0628, 40.674]]], [[[-123.0585, 40.6649], [-123.0592, 40.6646], [-123.0585, 40.6643], [-123.0585, 40.6649]]], [[[-123.0582, 40.6643], [-123.0585, 40.6641], [-123.0581, 40.6641], [-123.0582, 40.6643]]], [[[-123.0585, 40.6641], [-123.0588, 40.6638], [-123.0585, 40.6638], [-123.0585, 40.6641]]], [[[-123.0676, 40.6619], [-123.068, 40.6617], [-123.0676, 40.6617], [-123.0676, 40.6619]]], [[[-123.0641, 40.6618], [-123.0641, 40.6612], [-123.0634, 40.6612], [-123.0634, 40.6615], [-123.0641, 40.6618]]], [[[-123.0669, 40.6614], [-123.068, 40.6614], [-123.0679, 40.6609], [-123.0669, 40.6614]]], [[[-123.0637, 40.661], [-123.064, 40.6607], [-123.0637, 40.6607], [-123.0637, 40.661]]], [[[-123.0672, 40.6606], [-123.0676, 40.6603], [-123.0672, 40.6603], [-123.0672, 40.6606]]], [[[-123.0672, 40.6592], [-123.0675, 40.659], [-123.0672, 40.659], [-123.0672, 40.6592]]], [[[-123.0666, 40.6614], [-123.0662, 40.6604], [-123.0668, 40.6598], [-123.0665, 40.6593], [-123.0658, 40.6598], [-123.0657, 40.6582], [-123.065, 40.6585], [-123.065, 40.6577], [-123.0643, 40.6577], [-123.064, 40.6588], [-123.0654, 40.659], [-123.064, 40.6596], [-123.0647, 40.6604], [-123.0641, 40.6612], [-123.0651, 40.6615], [-123.0658, 40.6606], [-123.0658, 40.6614], [-123.0666, 40.6614]]], [[[-123.065, 40.6577], [-123.066, 40.6574], [-123.065, 40.6574], [-123.065, 40.6577]]], [[[-123.0886, 40.6533], [-123.0889, 40.653], [-123.0886, 40.653], [-123.0886, 40.6533]]], [[[-123.073, 40.6534], [-123.0733, 40.6531], [-123.0729, 40.6532], [-123.073, 40.6534]]], [[[-123.0736, 40.6529], [-123.074, 40.6526], [-123.0736, 40.6526], [-123.0736, 40.6529]]], [[[-123.0751, 40.6528], [-123.0757, 40.6523], [-123.0754, 40.6523], [-123.0751, 40.6528]]], [[[-123.0801, 40.6541], [-123.0797, 40.653], [-123.079, 40.653], [-123.0793, 40.6519], [-123.0761, 40.6523], [-123.0786, 40.6525], [-123.0786, 40.6533], [-123.0801, 40.6541]]], [[[-123.075, 40.6526], [-123.075, 40.6518], [-123.0761, 40.6517], [-123.0757, 40.6512], [-123.0746, 40.6515], [-123.0747, 40.652], [-123.074, 40.6518], [-123.074, 40.6526], [-123.075, 40.6526]]], [[[-123.0743, 40.6515], [-123.0746, 40.6512], [-123.0743, 40.6512], [-123.0743, 40.6515]]], [[[-123.0828, 40.6518], [-123.0832, 40.6513], [-123.0821, 40.6513], [-123.0821, 40.6508], [-123.0796, 40.6506], [-123.0796, 40.6511], [-123.0817, 40.651], [-123.0817, 40.6516], [-123.0828, 40.6518]]], [[[-123.089, 40.6547], [-123.0889, 40.6538], [-123.0886, 40.6539], [-123.0886, 40.6533], [-123.0882, 40.6533], [-123.0882, 40.6528], [-123.0889, 40.6528], [-123.0884, 40.6501], [-123.0884, 40.6506], [-123.087, 40.6509], [-123.0874, 40.6514], [-123.0858, 40.6545], [-123.089, 40.6547]], [[-123.0879, 40.6539], [-123.0872, 40.6542], [-123.0872, 40.6539], [-123.0879, 40.6539]], [[-123.0885, 40.6522], [-123.0882, 40.6525], [-123.0882, 40.6522], [-123.0885, 40.6522]], [[-123.0878, 40.6522], [-123.0875, 40.6525], [-123.0875, 40.6523], [-123.0878, 40.6522]]], [[[-123.0792, 40.6508], [-123.0796, 40.6503], [-123.0788, 40.65], [-123.0785, 40.6506], [-123.0792, 40.6508]]], [[[-123.0778, 40.6503], [-123.0785, 40.65], [-123.0778, 40.6501], [-123.0778, 40.6503]]], [[[-123.0681, 40.6484], [-123.0702, 40.6481], [-123.0706, 40.6475], [-123.0681, 40.6479], [-123.0681, 40.6484]]], [[[-123.0716, 40.6475], [-123.072, 40.6472], [-123.0716, 40.6472], [-123.0716, 40.6475]]], [[[-123.0563, 40.6449], [-123.0566, 40.6446], [-123.0563, 40.6446], [-123.0563, 40.6449]]], [[[-123.0628, 40.6485], [-123.0621, 40.6477], [-123.0627, 40.6464], [-123.0616, 40.6459], [-123.0626, 40.6445], [-123.0616, 40.644], [-123.0622, 40.6426], [-123.0611, 40.6421], [-123.0594, 40.6427], [-123.0576, 40.6422], [-123.0573, 40.6435], [-123.0566, 40.6436], [-123.057, 40.6457], [-123.0605, 40.6451], [-123.0606, 40.6462], [-123.0616, 40.6461], [-123.0614, 40.6483], [-123.0628, 40.6485]], [[-123.0576, 40.6435], [-123.0573, 40.6438], [-123.0573, 40.6435], [-123.0576, 40.6435]]], [[[-123.0825, 40.644], [-123.0828, 40.6435], [-123.0821, 40.6435], [-123.0817, 40.6424], [-123.0799, 40.6424], [-123.0799, 40.6411], [-123.0785, 40.6411], [-123.0777, 40.6401], [-123.0752, 40.6404], [-123.0792, 40.6419], [-123.0789, 40.6441], [-123.0807, 40.6435], [-123.0825, 40.644]], [[-123.0817, 40.6429], [-123.0814, 40.6432], [-123.0814, 40.6429], [-123.0817, 40.6429]]], [[[-123.0426, 40.6398], [-123.0429, 40.6393], [-123.0426, 40.6393], [-123.0426, 40.6398]]], [[[-123.0425, 40.6385], [-123.044, 40.6393], [-123.0442, 40.6374], [-123.0425, 40.6385]]], [[[-123.2372, 40.6295], [-123.2376, 40.629], [-123.2369, 40.6287], [-123.2365, 40.6293], [-123.2372, 40.6295]]], [[[-123.0532, 40.615], [-123.0536, 40.6147], [-123.0532, 40.6147], [-123.0532, 40.615]]], [[[-123.0617, 40.6134], [-123.062, 40.6131], [-123.0617, 40.6132], [-123.0617, 40.6134]]], [[[-123.2493, 40.5673], [-123.25, 40.567], [-123.2493, 40.567], [-123.2493, 40.5673]]], [[[-123.2572, 40.569], [-123.2574, 40.5655], [-123.2553, 40.5655], [-123.2547, 40.5688], [-123.2565, 40.5685], [-123.2572, 40.569]]], [[[-123.2511, 40.567], [-123.2532, 40.5669], [-123.2532, 40.5661], [-123.2514, 40.5656], [-123.2511, 40.567]]], [[[-123.2521, 40.5651], [-123.2521, 40.5645], [-123.2514, 40.5645], [-123.2514, 40.5648], [-123.2521, 40.5651]]], [[[-123.2521, 40.5645], [-123.2524, 40.5642], [-123.252, 40.5643], [-123.2521, 40.5645]]], [[[-123.2528, 40.5642], [-123.2531, 40.564], [-123.2527, 40.564], [-123.2528, 40.5642]]], [[[-123.2513, 40.5643], [-123.2517, 40.564], [-123.2513, 40.564], [-123.2513, 40.5643]]], [[[-123.2524, 40.564], [-123.2527, 40.5637], [-123.2524, 40.5637], [-123.2524, 40.564]]], [[[-123.2517, 40.564], [-123.252, 40.5637], [-123.2517, 40.5637], [-123.2517, 40.564]]], [[[-123.2544, 40.5539], [-123.2548, 40.5536], [-123.2544, 40.5537], [-123.2544, 40.5539]]], [[[-123.2484, 40.5535], [-123.2494, 40.5532], [-123.2484, 40.5533], [-123.2484, 40.5535]]], [[[-123.2508, 40.5519], [-123.2511, 40.5516], [-123.2508, 40.5516], [-123.2508, 40.5519]]], [[[-123.2571, 40.5574], [-123.2576, 40.5546], [-123.2548, 40.5547], [-123.2568, 40.5528], [-123.2551, 40.5528], [-123.2536, 40.551], [-123.2522, 40.551], [-123.2498, 40.5535], [-123.2523, 40.5542], [-123.2531, 40.5553], [-123.2524, 40.5564], [-123.2513, 40.5559], [-123.2499, 40.5565], [-123.2539, 40.5572], [-123.2556, 40.5566], [-123.2571, 40.5574]], [[-123.2548, 40.555], [-123.2545, 40.5553], [-123.2545, 40.555], [-123.2548, 40.555]], [[-123.2541, 40.5539], [-123.2534, 40.5545], [-123.2534, 40.5542], [-123.2541, 40.5539]], [[-123.2551, 40.5542], [-123.2544, 40.5542], [-123.2544, 40.5539], [-123.2541, 40.5539], [-123.254, 40.5529], [-123.2554, 40.5531], [-123.2551, 40.5542]], [[-123.2515, 40.5524], [-123.2512, 40.5527], [-123.2512, 40.5524], [-123.2515, 40.5524]], [[-123.2525, 40.5515], [-123.2522, 40.5518], [-123.2522, 40.5515], [-123.2525, 40.5515]]], [[[-123.2539, 40.5512], [-123.2543, 40.551], [-123.2539, 40.551], [-123.2539, 40.5512]]], [[[-123.2518, 40.5499], [-123.2521, 40.5497], [-123.2517, 40.5497], [-123.2518, 40.5499]]], [[[-123.2503, 40.5489], [-123.2506, 40.5486], [-123.2503, 40.5486], [-123.2503, 40.5489]]], [[[-123.2435, 40.5474], [-123.2441, 40.5461], [-123.241, 40.5464], [-123.241, 40.547], [-123.2435, 40.5474]], [[-123.2434, 40.5464], [-123.2431, 40.5469], [-123.2427, 40.5464], [-123.2434, 40.5464]]]]}, "properties": {"layer": "cell", "cell_id": "312_3000", "seed_zone": "312", "elevation_band": "3000–3500 ft"}}, {"type": "Feature", "geometry": {"type": "MultiPolygon", "coordinates": [[[[-123.4015, 40.7195], [-123.4018, 40.7192], [-123.4015, 40.7192], [-123.4015, 40.7195]]], [[[-123.4018, 40.7192], [-123.4022, 40.7189], [-123.4018, 40.719], [-123.4018, 40.7192]]], [[[-123.4007, 40.719], [-123.4011, 40.7192], [-123.4015, 40.719], [-123.4007, 40.719]]], [[[-123.0628, 40.674], [-123.0646, 40.6736], [-123.0624, 40.6734], [-123.0628, 40.674]]], [[[-123.0618, 40.6737], [-123.0624, 40.6734], [-123.0621, 40.6726], [-123.0614, 40.6732], [-123.0618, 40.6737]]], [[[-123.0681, 40.6638], [-123.0681, 40.6633], [-123.067, 40.6633], [-123.067, 40.6636], [-123.0681, 40.6638]]], [[[-123.0641, 40.6628], [-123.0645, 40.6626], [-123.0641, 40.6626], [-123.0641, 40.6628]]], [[[-123.0613, 40.6634], [-123.0631, 40.6629], [-123.0627, 40.6623], [-123.062, 40.6632], [-123.0613, 40.6629], [-123.0613, 40.6634]]], [[[-123.0673, 40.6622], [-123.068, 40.6619], [-123.0673, 40.6619], [-123.0673, 40.6622]]], [[[-123.0637, 40.6618], [-123.0641, 40.662], [-123.0644, 40.6617], [-123.0637, 40.6618]]], [[[-123.0666, 40.6617], [-123.0669, 40.6614], [-123.0666, 40.6614], [-123.0666, 40.6617]]], [[[-123.0886, 40.6539], [-123.0889, 40.6533], [-123.0886, 40.6533], [-123.0886, 40.6539]]], [[[-123.0814, 40.6508], [-123.0817, 40.6505], [-123.0813, 40.6505], [-123.0814, 40.6508]]], [[[-123.0803, 40.6505], [-123.081, 40.65], [-123.0806, 40.65], [-123.0803, 40.6505]]], [[[-123.0792, 40.6503], [-123.0806, 40.6497], [-123.0792, 40.65], [-123.0792, 40.6503]]], [[[-123.0821, 40.6513], [-123.0852, 40.6501], [-123.087, 40.6509], [-123.0884, 40.6506], [-123.0887, 40.6484], [-123.0869, 40.6485], [-123.0835, 40.6499], [-123.0821, 40.6508], [-123.0821, 40.6513]], [[-123.088, 40.6493], [-123.0877, 40.6495], [-123.0877, 40.6493], [-123.088, 40.6493]]], [[[-123.0619, 40.6426], [-123.0622, 40.6423], [-123.0618, 40.6423], [-123.0619, 40.6426]]], [[[-123.0686, 40.6433], [-123.0689, 40.6419], [-123.0679, 40.6419], [-123.0679, 40.643], [-123.0686, 40.6433]]], [[[-123.0622, 40.6423], [-123.0625, 40.6421], [-123.0622, 40.6421], [-123.0622, 40.6423]]], [[[-123.0611, 40.6424], [-123.0618, 40.6421], [-123.0611, 40.6421], [-123.0611, 40.6424]]], [[[-123.0441, 40.6417], [-123.0444, 40.6412], [-123.0441, 40.6412], [-123.0441, 40.6417]]], [[[-123.0434, 40.6414], [-123.0437, 40.6412], [-123.0433, 40.6412], [-123.0434, 40.6414]]], [[[-123.0781, 40.6403], [-123.0784, 40.639], [-123.0777, 40.6387], [-123.077, 40.6401], [-123.0781, 40.6403]]], [[[-123.0472, 40.6392], [-123.0475, 40.6389], [-123.0472, 40.6389], [-123.0472, 40.6392]]], [[[-123.0594, 40.6427], [-123.0611, 40.6421], [-123.0604, 40.641], [-123.0621, 40.6399], [-123.0617, 40.6391], [-123.0606, 40.6386], [-123.0585, 40.6392], [-123.0556, 40.6384], [-123.0561, 40.6406], [-123.0554, 40.6417], [-123.0565, 40.6414], [-123.0594, 40.6427]]], [[[-123.0535, 40.6388], [-123.0539, 40.6385], [-123.0535, 40.6385], [-123.0535, 40.6388]]], [[[-123.0468, 40.6387], [-123.0471, 40.6384], [-123.0468, 40.6384], [-123.0468, 40.6387]]], [[[-123.0531, 40.6377], [-123.0539, 40.6382], [-123.0538, 40.6377], [-123.0531, 40.6377]]], [[[-123.1164, 40.6329], [-123.1168, 40.6326], [-123.1164, 40.6326], [-123.1164, 40.6329]]], [[[-123.1168, 40.6326], [-123.1171, 40.6323], [-123.1168, 40.6323], [-123.1168, 40.6326]]], [[[-123.0458, 40.6398], [-123.0468, 40.6392], [-123.0468, 40.6387], [-123.0457, 40.6384], [-123.0467, 40.6373], [-123.0471, 40.6384], [-123.0482, 40.6384], [-123.0481, 40.637], [-123.047, 40.6362], [-123.0473, 40.6351], [-123.0462, 40.6343], [-123.0469, 40.633], [-123.0441, 40.6339], [-123.0452, 40.6346], [-123.0453, 40.6363], [-123.0449, 40.6363], [-123.0439, 40.6385], [-123.0443, 40.6395], [-123.0458, 40.6398]], [[-123.0464, 40.6387], [-123.0461, 40.6389], [-123.0461, 40.6387], [-123.0464, 40.6387]], [[-123.0446, 40.6379], [-123.0443, 40.6382], [-123.0443, 40.6379], [-123.0446, 40.6379]], [[-123.0457, 40.6376], [-123.045, 40.6374], [-123.0453, 40.6368], [-123.0456, 40.6368], [-123.0457, 40.6376]], [[-123.0467, 40.637], [-123.046, 40.6371], [-123.0456, 40.6363], [-123.0463, 40.6362], [-123.0467, 40.637]], [[-123.0462, 40.6335], [-123.0459, 40.6338], [-123.0459, 40.6335], [-123.0462, 40.6335]]], [[[-123.234, 40.6285], [-123.2344, 40.6282], [-123.234, 40.6283], [-123.234, 40.6285]]], [[[-123.0508, 40.6326], [-123.0511, 40.6323], [-123.0508, 40.6323], [-123.0508, 40.6326]]], [[[-123.2343, 40.6277], [-123.235, 40.628], [-123.235, 40.6274], [-123.2343, 40.6277]]], [[[-123.0653, 40.6328], [-123.0645, 40.6304], [-123.0631, 40.6307], [-123.0642, 40.6317], [-123.0639, 40.6323], [-123.0653, 40.6328]]], [[[-123.1134, 40.6292], [-123.1138, 40.6289], [-123.1134, 40.6289], [-123.1134, 40.6292]]], [[[-123.0635, 40.6304], [-123.0638, 40.6301], [-123.0635, 40.6301], [-123.0635, 40.6304]]], [[[-123.0723, 40.6299], [-123.0727, 40.6296], [-123.0723, 40.6297], [-123.0723, 40.6299]]], [[[-123.0716, 40.6299], [-123.0719, 40.6297], [-123.0716, 40.6297], [-123.0716, 40.6299]]], [[[-123.0528, 40.6304], [-123.0532, 40.6301], [-123.0528, 40.6301], [-123.0528, 40.6304]]], [[[-123.0737, 40.6299], [-123.0737, 40.6288], [-123.0733, 40.6288], [-123.0727, 40.6296], [-123.0737, 40.6299]]], [[[-123.0528, 40.6301], [-123.0531, 40.629], [-123.052, 40.6288], [-123.0521, 40.6299], [-123.0528, 40.6301]]], [[[-123.1129, 40.6259], [-123.1133, 40.6257], [-123.1129, 40.6257], [-123.1129, 40.6259]]], [[[-123.1154, 40.6259], [-123.1164, 40.6248], [-123.1157, 40.6248], [-123.1153, 40.6237], [-123.1139, 40.6238], [-123.1133, 40.6257], [-123.1154, 40.6259]], [[-123.1143, 40.624], [-123.1139, 40.6243], [-123.1139, 40.624], [-123.1143, 40.624]]], [[[-123.0664, 40.6255], [-123.0664, 40.6247], [-123.0657, 40.6247], [-123.0657, 40.6252], [-123.0664, 40.6255]]], [[[-123.0668, 40.6249], [-123.0671, 40.6246], [-123.0668, 40.6247], [-123.0668, 40.6249]]], [[[-123.0653, 40.6247], [-123.0657, 40.6241], [-123.0653, 40.6241], [-123.0653, 40.6247]]], [[[-123.065, 40.6242], [-123.0653, 40.6239], [-123.065, 40.6239], [-123.065, 40.6242]]], [[[-123.067, 40.6225], [-123.0677, 40.6225], [-123.0681, 40.6222], [-123.067, 40.6225]]], [[[-123.2576, 40.5546], [-123.2569, 40.5533], [-123.2548, 40.5545], [-123.2548, 40.5547], [-123.2576, 40.5546]]], [[[-123.2569, 40.5533], [-123.2572, 40.553], [-123.2569, 40.553], [-123.2569, 40.5533]]], [[[-123.2572, 40.553], [-123.2576, 40.5528], [-123.2572, 40.5528], [-123.2572, 40.553]]], [[[-123.2539, 40.551], [-123.2532, 40.5507], [-123.2525, 40.5496], [-123.2521, 40.5507], [-123.2539, 40.551]]], [[[-123.2525, 40.5496], [-123.2524, 40.5486], [-123.2513, 40.5486], [-123.2517, 40.5494], [-123.2525, 40.5496]]], [[[-123.2574, 40.5498], [-123.2577, 40.5476], [-123.2566, 40.5474], [-123.256, 40.5493], [-123.2574, 40.5498]]]]}, "properties": {"layer": "cell", "cell_id": "312_3500", "seed_zone": "312", "elevation_band": "3500–4000 ft"}}, {"type": "Feature", "geometry": {"type": "MultiPolygon", "coordinates": [[[[-123.4004, 40.7271], [-123.4008, 40.7268], [-123.4004, 40.7268], [-123.4004, 40.7271]]], [[[-123.4025, 40.727], [-123.4025, 40.7265], [-123.4004, 40.7263], [-123.4011, 40.7271], [-123.4025, 40.727]]], [[[-123.3993, 40.7258], [-123.3996, 40.7255], [-123.3993, 40.7255], [-123.3993, 40.7258]]], [[[-123.4024, 40.7249], [-123.4028, 40.7246], [-123.4024, 40.7246], [-123.4024, 40.7249]]], [[[-123.3975, 40.7261], [-123.3993, 40.7255], [-123.3989, 40.7244], [-123.3975, 40.7247], [-123.3975, 40.7261]]], [[[-123.4014, 40.7244], [-123.4017, 40.7241], [-123.4013, 40.7241], [-123.4014, 40.7244]]], [[[-123.3981, 40.7239], [-123.3985, 40.7236], [-123.3981, 40.7237], [-123.3981, 40.7239]]], [[[-123.0574, 40.6387], [-123.0574, 40.6381], [-123.0564, 40.6384], [-123.0564, 40.6387], [-123.0574, 40.6387]]], [[[-123.0567, 40.6381], [-123.057, 40.6379], [-123.0567, 40.6379], [-123.0567, 40.6381]]], [[[-123.0556, 40.6382], [-123.056, 40.6379], [-123.0556, 40.6379], [-123.0556, 40.6382]]], [[[-123.0549, 40.6377], [-123.0552, 40.6374], [-123.0549, 40.6374], [-123.0549, 40.6377]]], [[[-123.0535, 40.6377], [-123.0549, 40.6371], [-123.0542, 40.6369], [-123.0535, 40.6377]]], [[[-123.0787, 40.6311], [-123.0791, 40.6306], [-123.0787, 40.6306], [-123.0787, 40.6311]]], [[[-123.1134, 40.6292], [-123.1134, 40.6284], [-123.113, 40.6284], [-123.1127, 40.6289], [-123.1134, 40.6292]]], [[[-123.0754, 40.6282], [-123.0758, 40.6285], [-123.0761, 40.6282], [-123.0754, 40.6282]]], [[[-123.0754, 40.628], [-123.0758, 40.6277], [-123.0754, 40.6277], [-123.0754, 40.628]]], [[[-123.0744, 40.6301], [-123.0744, 40.6288], [-123.0747, 40.6288], [-123.0747, 40.6285], [-123.0751, 40.6285], [-123.0751, 40.6282], [-123.0754, 40.6282], [-123.0754, 40.628], [-123.0751, 40.628], [-123.0754, 40.6274], [-123.0733, 40.6283], [-123.0744, 40.6301]], [[-123.0747, 40.6282], [-123.0744, 40.6285], [-123.0744, 40.6283], [-123.0747, 40.6282]]], [[[-123.1136, 40.624], [-123.1139, 40.6238], [-123.1135, 40.6238], [-123.1136, 40.624]]], [[[-123.1139, 40.6238], [-123.115, 40.6235], [-123.1139, 40.6232], [-123.1139, 40.6238]]]]}, "properties": {"layer": "cell", "cell_id": "312_4000", "seed_zone": "312", "elevation_band": "4000–4500 ft"}}, {"type": "Feature", "geometry": {"type": "Polygon", "coordinates": [[[-123.126, 40.7059], [-123.1259, 40.7054], [-123.1252, 40.7054], [-123.1253, 40.7057], [-123.126, 40.7059]]]}, "properties": {"layer": "cell", "cell_id": "312_4500", "seed_zone": "312", "elevation_band": "4500–5000 ft"}}, {"type": "Feature", "geometry": {"type": "MultiPolygon", "coordinates": [[[[-123.1231, 40.7057], [-123.1227, 40.7052], [-123.122, 40.7055], [-123.1221, 40.7057], [-123.1231, 40.7057]]], [[[-123.1213, 40.7055], [-123.122, 40.7052], [-123.1213, 40.7052], [-123.1213, 40.7055]]]]}, "properties": {"layer": "cell", "cell_id": "312_5000", "seed_zone": "312", "elevation_band": "5000–5500 ft"}}]}
