{"type": "FeatureCollection", "features": [{"type": "Feature", "geometry": {"type": "MultiPolygon", "coordinates": [[[[-120.6185, 39.0386], [-120.6182, 39.0377], [-120.6169, 39.037], [-120.6169, 39.0381], [-120.6162, 39.0377], [-120.6158, 39.0363], [-120.6172, 39.0362], [-120.6183, 39.0353], [-120.618, 39.0359], [-120.619, 39.0364], [-120.6181, 39.0369], [-120.619, 39.0378], [-120.6185, 39.0386]]], [[[-120.6833, 38.9237], [-120.6871, 38.925], [-120.6851, 38.9307], [-120.6859, 38.9306], [-120.6871, 38.9319], [-120.6878, 38.9307], [-120.6874, 38.9293], [-120.6888, 38.9278], [-120.6895, 38.9326], [-120.6907, 38.9334], [-120.6925, 38.9319], [-120.6947, 38.9322], [-120.6958, 38.9335], [-120.6985, 38.9336], [-120.7008, 38.9353], [-120.7031, 38.9357], [-120.7035, 38.9365], [-120.7056, 38.9369], [-120.7061, 38.936], [-120.7074, 38.9364], [-120.7075, 38.9371], [-120.71, 38.9378], [-120.7107, 38.9389], [-120.713, 38.9393], [-120.713, 38.9417], [-120.7143, 38.942], [-120.7145, 38.9432], [-120.7138, 38.9446], [-120.7126, 38.9448], [-120.7132, 38.9467], [-120.7123, 38.9471], [-120.7123, 38.9486], [-120.711, 38.9487], [-120.7119, 38.9507], [-120.7105, 38.9523], [-120.7121, 38.9524], [-120.7111, 38.9544], [-120.7124, 38.9553], [-120.7109, 38.9557], [-120.7106, 38.9565], [-120.7122, 38.9586], [-120.7103, 38.9603], [-120.7094, 38.9592], [-120.7087, 38.96], [-120.7072, 38.9598], [-120.7071, 38.9607], [-120.704, 38.9617], [-120.7048, 38.9626], [-120.7026, 38.9654], [-120.7052, 38.9654], [-120.7055, 38.9666], [-120.7093, 38.9691], [-120.7158, 38.9705], [-120.7157, 38.9714], [-120.7177, 38.9731], [-120.7198, 38.9739], [-120.7238, 38.977], [-120.7266, 38.9779], [-120.729, 38.9826], [-120.7327, 38.9839], [-120.7349, 38.9876], [-120.7368, 38.9854], [-120.7383, 38.9859], [-120.7375, 38.9865], [-120.7382, 38.9874], [-120.7401, 38.9871], [-120.7406, 38.9881], [-120.7444, 38.9882], [-120.7466, 38.9891], [-120.7507, 38.9886], [-120.7548, 38.9891], [-120.755, 38.9896], [-120.7559, 38.9891], [-120.7595, 38.9894], [-120.7626, 38.9907], [-120.765, 38.9899], [-120.7707, 38.9906], [-120.7714, 38.9902], [-120.771, 38.9889], [-120.773, 38.9888], [-120.7735, 38.99], [-120.7747, 38.9899], [-120.7774, 38.9875], [-120.7774, 38.9867], [-120.7816, 38.9857], [-120.7812, 38.9848], [-120.7827, 38.9836], [-120.7868, 38.9822], [-120.7903, 38.9818], [-120.7916, 38.9806], [-120.7929, 38.9834], [-120.7949, 38.9841], [-120.7955, 38.9852], [-120.7993, 38.9865], [-120.8022, 38.9864], [-120.8077, 38.9829], [-120.8141, 38.9827], [-120.8166, 38.9838], [-120.8309, 38.976], [-120.8362, 38.9754], [-120.8387, 38.9788], [-120.8386, 38.9804], [-120.8411, 38.9847], [-120.8399, 38.9869], [-120.8401, 38.9892], [-120.8423, 38.9935], [-120.8454, 38.9956], [-120.8445, 38.9984], [-120.8457, 39.0008], [-120.8449, 39.0021], [-120.8459, 39.0031], [-120.8398, 39.0095], [-120.8395, 39.0116], [-120.8377, 39.014], [-120.8339, 39.016], [-120.8344, 39.0165], [-120.8334, 39.017], [-120.8302, 39.0173], [-120.827, 39.0187], [-120.8231, 39.0179], [-120.8211, 39.0166], [-120.8206, 39.0176], [-120.8157, 39.0192], [-120.8151, 39.0174], [-120.8128, 39.0163], [-120.8087, 39.0176], [-120.8082, 39.0167], [-120.8073, 39.017], [-120.8068, 39.0164], [-120.8078, 39.0143], [-120.8031, 39.0125], [-120.8024, 39.013], [-120.8027, 39.0148], [-120.8015, 39.0163], [-120.8029, 39.0175], [-120.803, 39.0204], [-120.7993, 39.0228], [-120.8005, 39.0244], [-120.8004, 39.0259], [-120.7974, 39.0286], [-120.795, 39.0287], [-120.7942, 39.0298], [-120.7908, 39.0294], [-120.7913, 39.0302], [-120.7888, 39.0299], [-120.7883, 39.0306], [-120.7868, 39.0299], [-120.7864, 39.0284], [-120.7862, 39.0283], [-120.7861, 39.0291], [-120.7835, 39.0301], [-120.78, 39.0299], [-120.7779, 39.0311], [-120.7768, 39.03], [-120.7769, 39.0306], [-120.7762, 39.0303], [-120.7761, 39.0308], [-120.7768, 39.0311], [-120.7724, 39.0322], [-120.7715, 39.0333], [-120.7684, 39.0341], [-120.7669, 39.0368], [-120.7652, 39.037], [-120.7617, 39.0402], [-120.758, 39.0418], [-120.7566, 39.044], [-120.7497, 39.0462], [-120.7479, 39.0475], [-120.7456, 39.0479], [-120.745, 39.0487], [-120.7422, 39.0481], [-120.7419, 39.0468], [-120.7425, 39.0463], [-120.7432, 39.0449], [-120.742, 39.0451], [-120.7417, 39.046], [-120.739, 39.0468], [-120.7369, 39.0495], [-120.7353, 39.0498], [-120.7342, 39.0531], [-120.7309, 39.0561], [-120.732, 39.0586], [-120.7301, 39.0602], [-120.7302, 39.0635], [-120.7316, 39.0653], [-120.7291, 39.0677], [-120.7266, 39.0718], [-120.7265, 39.0726], [-120.7281, 39.0736], [-120.7266, 39.078], [-120.727, 39.0811], [-120.7248, 39.0858], [-120.7283, 39.0881], [-120.7255, 39.0873], [-120.7262, 39.0908], [-120.7244, 39.0946], [-120.7172, 39.101], [-120.7175, 39.102], [-120.7162, 39.1049], [-120.7185, 39.1109], [-120.7165, 39.1121], [-120.7147, 39.1109], [-120.7128, 39.113], [-120.711, 39.1125], [-120.7098, 39.1145], [-120.7094, 39.1176], [-120.7081, 39.1185], [-120.7094, 39.12], [-120.7092, 39.1209], [-120.707, 39.1235], [-120.7065, 39.1263], [-120.7042, 39.1279], [-120.7005, 39.1362], [-120.6979, 39.1382], [-120.6911, 39.1405], [-120.6865, 39.1449], [-120.6782, 39.1489], [-120.6751, 39.1517], [-120.6627, 39.1593], [-120.6597, 39.1653], [-120.6524, 39.1704], [-120.65, 39.1759], [-120.6477, 39.1779], [-120.6458, 39.1785], [-120.6405, 39.1782], [-120.6379, 39.1777], [-120.6358, 39.176], [-120.6292, 39.1779], [-120.6282, 39.1771], [-120.6279, 39.1729], [-120.6295, 39.1717], [-120.6293, 39.1693], [-120.6318, 39.161], [-120.6401, 39.1502], [-120.6448, 39.1462], [-120.6441, 39.1451], [-120.6452, 39.144], [-120.6448, 39.1435], [-120.6462, 39.1426], [-120.6499, 39.1366], [-120.6582, 39.1318], [-120.6623, 39.1305], [-120.6618, 39.1279], [-120.6641, 39.1251], [-120.6645, 39.1219], [-120.6658, 39.1204], [-120.6609, 39.1224], [-120.6595, 39.1216], [-120.6598, 39.1207], [-120.6586, 39.1206], [-120.6589, 39.1222], [-120.6579, 39.1197], [-120.6584, 39.1191], [-120.6578, 39.1196], [-120.6552, 39.1175], [-120.6541, 39.1187], [-120.6541, 39.1203], [-120.6519, 39.1219], [-120.6507, 39.1242], [-120.651, 39.1254], [-120.649, 39.1265], [-120.6483, 39.1306], [-120.6459, 39.1312], [-120.6437, 39.1346], [-120.6412, 39.1362], [-120.6369, 39.1372], [-120.6351, 39.1398], [-120.6342, 39.1397], [-120.6338, 39.1389], [-120.6315, 39.139], [-120.6322, 39.1369], [-120.6304, 39.1357], [-120.6309, 39.132], [-120.6313, 39.1308], [-120.6329, 39.1299], [-120.6319, 39.1286], [-120.6329, 39.1283], [-120.6334, 39.1292], [-120.6335, 39.1288], [-120.6317, 39.1269], [-120.6316, 39.124], [-120.6323, 39.1244], [-120.6321, 39.1236], [-120.6331, 39.1224], [-120.6324, 39.1224], [-120.6338, 39.1212], [-120.6332, 39.1211], [-120.6336, 39.1189], [-120.6325, 39.1186], [-120.635, 39.1168], [-120.6329, 39.1169], [-120.6335, 39.1154], [-120.6324, 39.1142], [-120.6325, 39.1125], [-120.6309, 39.1131], [-120.6311, 39.1146], [-120.6291, 39.1137], [-120.6286, 39.113], [-120.6293, 39.1122], [-120.6285, 39.1117], [-120.6294, 39.1107], [-120.6305, 39.1109], [-120.6325, 39.1085], [-120.6402, 39.1089], [-120.6407, 39.1082], [-120.6415, 39.1084], [-120.6418, 39.11], [-120.6429, 39.1101], [-120.6419, 39.1109], [-120.6447, 39.1106], [-120.6453, 39.1123], [-120.6479, 39.1122], [-120.6488, 39.1102], [-120.6515, 39.1091], [-120.6535, 39.1072], [-120.6538, 39.1058], [-120.6529, 39.1059], [-120.6529, 39.1045], [-120.655, 39.103], [-120.6543, 39.1022], [-120.655, 39.1016], [-120.6532, 39.1015], [-120.6535, 39.1004], [-120.6526, 39.0994], [-120.6515, 39.0995], [-120.6526, 39.099], [-120.6509, 39.0973], [-120.651, 39.0929], [-120.6524, 39.0915], [-120.6511, 39.0902], [-120.6499, 39.0909], [-120.6497, 39.0901], [-120.6486, 39.0905], [-120.6489, 39.0897], [-120.6479, 39.0893], [-120.6464, 39.0898], [-120.6456, 39.0893], [-120.642, 39.0914], [-120.6346, 39.0917], [-120.634, 39.0911], [-120.6334, 39.0917], [-120.624, 39.0923], [-120.6223, 39.0947], [-120.6234, 39.0948], [-120.6206, 39.098], [-120.6128, 39.1016], [-120.6126, 39.1031], [-120.6109, 39.1039], [-120.6082, 39.103], [-120.6069, 39.0993], [-120.6045, 39.0987], [-120.6029, 39.0962], [-120.6035, 39.0956], [-120.6031, 39.0944], [-120.6051, 39.0911], [-120.607, 39.0891], [-120.6095, 39.0891], [-120.608, 39.0881], [-120.6084, 39.0871], [-120.6095, 39.0868], [-120.6117, 39.0889], [-120.6135, 39.0882], [-120.6137, 39.0871], [-120.6154, 39.0857], [-120.6139, 39.0858], [-120.6129, 39.0851], [-120.6136, 39.0841], [-120.6126, 39.0844], [-120.6126, 39.0837], [-120.6117, 39.0837], [-120.6111, 39.0822], [-120.6095, 39.0828], [-120.6082, 39.0799], [-120.6044, 39.0816], [-120.6051, 39.0825], [-120.603, 39.083], [-120.602, 39.0842], [-120.6014, 39.0839], [-120.6011, 39.0815], [-120.6035, 39.0783], [-120.6031, 39.0777], [-120.6062, 39.0771], [-120.6062, 39.0763], [-120.6076, 39.0756], [-120.6099, 39.0753], [-120.6102, 39.0738], [-120.6113, 39.074], [-120.6124, 39.0727], [-120.6118, 39.0722], [-120.6153, 39.0674], [-120.6138, 39.0658], [-120.6138, 39.0635], [-120.6149, 39.0621], [-120.6142, 39.0608], [-120.6162, 39.0586], [-120.6159, 39.0578], [-120.6144, 39.0573], [-120.6152, 39.0562], [-120.6168, 39.0561], [-120.6178, 39.0544], [-120.6159, 39.0527], [-120.6158, 39.0513], [-120.6141, 39.0513], [-120.6121, 39.0502], [-120.6127, 39.048], [-120.6164, 39.0464], [-120.616, 39.0458], [-120.6151, 39.046], [-120.6146, 39.0454], [-120.611, 39.046], [-120.6106, 39.0447], [-120.6129, 39.0438], [-120.6122, 39.0423], [-120.6077, 39.0416], [-120.6095, 39.0404], [-120.6131, 39.0402], [-120.6135, 39.0391], [-120.6146, 39.0391], [-120.6159, 39.0402], [-120.6191, 39.0407], [-120.619, 39.0412], [-120.616, 39.0408], [-120.6154, 39.0412], [-120.6162, 39.0419], [-120.6218, 39.0425], [-120.6246, 39.0406], [-120.6239, 39.0395], [-120.6259, 39.0386], [-120.6245, 39.0386], [-120.6249, 39.0372], [-120.624, 39.0365], [-120.6246, 39.0361], [-120.6235, 39.036], [-120.6222, 39.0342], [-120.6234, 39.0339], [-120.6228, 39.0322], [-120.6167, 39.0309], [-120.6172, 39.0306], [-120.6163, 39.0293], [-120.6144, 39.0282], [-120.6146, 39.0275], [-120.6099, 39.029], [-120.609, 39.029], [-120.6084, 39.0278], [-120.605, 39.0284], [-120.6043, 39.0264], [-120.6031, 39.0267], [-120.6025, 39.0256], [-120.6006, 39.0258], [-120.6009, 39.0242], [-120.6, 39.0235], [-120.5993, 39.0247], [-120.5975, 39.0243], [-120.5965, 39.0248], [-120.5953, 39.0226], [-120.596, 39.0225], [-120.5956, 39.0217], [-120.5934, 39.022], [-120.594, 39.0211], [-120.5928, 39.0195], [-120.5903, 39.0202], [-120.5885, 39.0186], [-120.5892, 39.0183], [-120.5908, 39.0191], [-120.5898, 39.0176], [-120.5916, 39.0161], [-120.5904, 39.0154], [-120.5916, 39.015], [-120.5955, 39.016], [-120.5965, 39.0179], [-120.6002, 39.0162], [-120.6001, 39.0178], [-120.6008, 39.0187], [-120.6017, 39.0181], [-120.6018, 39.0158], [-120.6035, 39.016], [-120.6088, 39.0122], [-120.6067, 39.0112], [-120.6067, 39.0098], [-120.6112, 39.0089], [-120.6098, 39.0067], [-120.6102, 39.006], [-120.609, 39.0056], [-120.608, 39.0033], [-120.607, 39.0031], [-120.6048, 39.0046], [-120.6061, 39.0046], [-120.6077, 39.0057], [-120.6078, 39.0077], [-120.6085, 39.0079], [-120.6064, 39.0094], [-120.6066, 39.0101], [-120.6028, 39.009], [-120.6027, 39.0063], [-120.6009, 39.0068], [-120.5991, 39.0091], [-120.5932, 39.009], [-120.5927, 39.0082], [-120.5907, 39.0082], [-120.5909, 39.0074], [-120.59, 39.0067], [-120.5947, 39.0027], [-120.5935, 39.002], [-120.5919, 39.0029], [-120.5909, 39.0024], [-120.5898, 39.0046], [-120.588, 39.0044], [-120.5865, 39.0052], [-120.5862, 39.0059], [-120.5871, 39.0064], [-120.5856, 39.0081], [-120.586, 39.0087], [-120.5852, 39.0083], [-120.5837, 39.0088], [-120.5837, 39.0075], [-120.5819, 39.0052], [-120.5812, 39.007], [-120.5821, 39.0074], [-120.5803, 39.0106], [-120.579, 39.0116], [-120.5795, 39.0121], [-120.5783, 39.0125], [-120.5782, 39.0116], [-120.5769, 39.0114], [-120.5747, 39.0138], [-120.5737, 39.0138], [-120.5738, 39.013], [-120.5707, 39.0135], [-120.5728, 39.0162], [-120.5715, 39.017], [-120.5715, 39.0162], [-120.5703, 39.0174], [-120.5691, 39.0169], [-120.5702, 39.0168], [-120.5711, 39.0154], [-120.57, 39.0154], [-120.5693, 39.0162], [-120.569, 39.0158], [-120.5699, 39.0151], [-120.5688, 39.0149], [-120.5666, 39.0154], [-120.5675, 39.0159], [-120.566, 39.0175], [-120.564, 39.0171], [-120.5632, 39.0158], [-120.5618, 39.0159], [-120.5612, 39.0151], [-120.5622, 39.0134], [-120.5595, 39.0143], [-120.5535, 39.0138], [-120.5478, 39.0153], [-120.5478, 39.0161], [-120.5463, 39.0169], [-120.5459, 39.0164], [-120.5453, 39.0177], [-120.5419, 39.0193], [-120.5414, 39.0183], [-120.539, 39.0182], [-120.537, 39.0167], [-120.5397, 39.0135], [-120.5419, 39.0139], [-120.5431, 39.0155], [-120.5422, 39.0159], [-120.5433, 39.0169], [-120.5452, 39.0163], [-120.544, 39.0161], [-120.5438, 39.015], [-120.5445, 39.015], [-120.5431, 39.0146], [-120.5444, 39.0137], [-120.544, 39.012], [-120.5447, 39.0127], [-120.5458, 39.0111], [-120.5448, 39.0106], [-120.5461, 39.0101], [-120.5469, 39.0085], [-120.5486, 39.0082], [-120.5474, 39.007], [-120.549, 39.0072], [-120.5483, 39.0063], [-120.5491, 39.0058], [-120.5512, 39.0059], [-120.5513, 39.0067], [-120.5533, 39.0064], [-120.5526, 39.0059], [-120.5542, 39.0061], [-120.5534, 39.0052], [-120.5548, 39.0042], [-120.5541, 39.0037], [-120.5542, 39.0019], [-120.5559, 39.0017], [-120.557, 39.0007], [-120.5572, 38.9996], [-120.554, 39.0001], [-120.5534, 38.9991], [-120.5542, 38.9994], [-120.5553, 38.9986], [-120.5538, 38.9982], [-120.5537, 38.9975], [-120.5556, 38.9963], [-120.5556, 38.9944], [-120.5585, 38.9916], [-120.5568, 38.9919], [-120.5622, 38.9891], [-120.564, 38.9872], [-120.5684, 38.9883], [-120.569, 38.9874], [-120.5682, 38.9864], [-120.5683, 38.9855], [-120.5693, 38.9852], [-120.5688, 38.9846], [-120.5695, 38.984], [-120.5697, 38.9811], [-120.5672, 38.9803], [-120.5636, 38.9798], [-120.5634, 38.9833], [-120.5601, 38.9837], [-120.5582, 38.985], [-120.5576, 38.9846], [-120.5587, 38.9819], [-120.5598, 38.9818], [-120.5604, 38.9807], [-120.5596, 38.9801], [-120.5604, 38.98], [-120.5604, 38.9783], [-120.5629, 38.9782], [-120.5637, 38.9772], [-120.5662, 38.9772], [-120.5639, 38.9745], [-120.5601, 38.9759], [-120.559, 38.9743], [-120.5593, 38.9719], [-120.5666, 38.9673], [-120.5708, 38.9666], [-120.5736, 38.9669], [-120.5747, 38.9658], [-120.5741, 38.9652], [-120.5756, 38.9627], [-120.5747, 38.9618], [-120.5745, 38.9626], [-120.5737, 38.9624], [-120.5732, 38.9607], [-120.5737, 38.9597], [-120.575, 38.9598], [-120.5746, 38.9585], [-120.5766, 38.9578], [-120.576, 38.9564], [-120.5742, 38.9555], [-120.5715, 38.9574], [-120.5703, 38.9564], [-120.5699, 38.9575], [-120.5672, 38.9579], [-120.5674, 38.9564], [-120.5656, 38.9572], [-120.5654, 38.9566], [-120.5711, 38.9545], [-120.5723, 38.9527], [-120.5714, 38.9496], [-120.5723, 38.949], [-120.5721, 38.9482], [-120.5757, 38.9458], [-120.5767, 38.9459], [-120.5775, 38.9456], [-120.5772, 38.9472], [-120.5788, 38.9462], [-120.578, 38.945], [-120.5808, 38.9446], [-120.5803, 38.9438], [-120.5803, 38.9443], [-120.5773, 38.9451], [-120.5772, 38.9456], [-120.5762, 38.9453], [-120.5765, 38.9442], [-120.5748, 38.944], [-120.5751, 38.9435], [-120.5731, 38.9447], [-120.5704, 38.9427], [-120.5699, 38.9415], [-120.5717, 38.9383], [-120.5729, 38.9382], [-120.5732, 38.9355], [-120.5745, 38.9356], [-120.5759, 38.934], [-120.5752, 38.9336], [-120.5766, 38.933], [-120.5795, 38.9335], [-120.5793, 38.933], [-120.5801, 38.9333], [-120.5841, 38.9314], [-120.5847, 38.932], [-120.5875, 38.9315], [-120.5865, 38.9304], [-120.5872, 38.93], [-120.588, 38.9308], [-120.5893, 38.9301], [-120.5902, 38.9307], [-120.5876, 38.9315], [-120.5876, 38.9323], [-120.5904, 38.9314], [-120.5939, 38.9318], [-120.5949, 38.9354], [-120.5963, 38.9356], [-120.5948, 38.9368], [-120.5972, 38.9361], [-120.5979, 38.9371], [-120.5995, 38.9368], [-120.6014, 38.9361], [-120.602, 38.9349], [-120.6037, 38.9345], [-120.6037, 38.9327], [-120.6029, 38.9317], [-120.6016, 38.9322], [-120.6012, 38.9306], [-120.5996, 38.9301], [-120.5981, 38.9308], [-120.5975, 38.9304], [-120.5966, 38.9313], [-120.5967, 38.9297], [-120.5988, 38.9297], [-120.5975, 38.929], [-120.5984, 38.9288], [-120.5981, 38.9272], [-120.5991, 38.927], [-120.5978, 38.9264], [-120.5965, 38.9268], [-120.5962, 38.9262], [-120.5972, 38.9261], [-120.5973, 38.9252], [-120.5958, 38.9251], [-120.5949, 38.926], [-120.591, 38.9247], [-120.5918, 38.9241], [-120.5913, 38.9236], [-120.5931, 38.9234], [-120.5914, 38.9226], [-120.5918, 38.9218], [-120.5897, 38.9204], [-120.5918, 38.9214], [-120.5947, 38.9207], [-120.5953, 38.919], [-120.5962, 38.9194], [-120.597, 38.9176], [-120.5963, 38.9169], [-120.5953, 38.917], [-120.5964, 38.9157], [-120.596, 38.9142], [-120.592, 38.913], [-120.5909, 38.9117], [-120.5906, 38.9125], [-120.588, 38.9126], [-120.5873, 38.9108], [-120.5888, 38.9098], [-120.5875, 38.9086], [-120.586, 38.9089], [-120.5865, 38.9079], [-120.5846, 38.9072], [-120.5854, 38.905], [-120.5865, 38.9048], [-120.5884, 38.9066], [-120.588, 38.9081], [-120.5893, 38.91], [-120.5913, 38.9094], [-120.5953, 38.912], [-120.5954, 38.9129], [-120.5963, 38.9122], [-120.5973, 38.9132], [-120.6005, 38.9128], [-120.6026, 38.9133], [-120.6042, 38.915], [-120.6102, 38.9154], [-120.6124, 38.9173], [-120.6114, 38.919], [-120.6129, 38.9191], [-120.6134, 38.9211], [-120.6153, 38.9212], [-120.6181, 38.923], [-120.6185, 38.9258], [-120.62, 38.9269], [-120.6251, 38.9279], [-120.6274, 38.9273], [-120.6304, 38.9281], [-120.6327, 38.9303], [-120.6379, 38.93], [-120.6416, 38.9312], [-120.6417, 38.9303], [-120.6434, 38.9291], [-120.6424, 38.9276], [-120.644, 38.9272], [-120.644, 38.9253], [-120.6425, 38.9249], [-120.6433, 38.9231], [-120.6442, 38.9227], [-120.6472, 38.9241], [-120.6486, 38.9233], [-120.6487, 38.9225], [-120.6514, 38.9225], [-120.652, 38.9209], [-120.6541, 38.9209], [-120.655, 38.9201], [-120.6546, 38.9197], [-120.6583, 38.9191], [-120.6594, 38.9178], [-120.6635, 38.9195], [-120.6615, 38.9217], [-120.6645, 38.92], [-120.666, 38.9208], [-120.6692, 38.9199], [-120.6695, 38.9204], [-120.6696, 38.9192], [-120.671, 38.9189], [-120.6715, 38.9203], [-120.6748, 38.9214], [-120.6754, 38.9222], [-120.6785, 38.9222], [-120.68, 38.9228], [-120.6803, 38.9238], [-120.6812, 38.923], [-120.6805, 38.922], [-120.682, 38.9218], [-120.6834, 38.923], [-120.6833, 38.9237]], [[-120.6833, 38.9235], [-120.6832, 38.9235], [-120.6833, 38.9235], [-120.6833, 38.9235]]], [[[-120.7475, 39.048], [-120.7474, 39.048], [-120.7474, 39.048], [-120.7475, 39.048]]], [[[-120.7482, 39.0494], [-120.7484, 39.0496], [-120.7482, 39.0496], [-120.7482, 39.0494]]], [[[-120.6003, 39.0842], [-120.6012, 39.0847], [-120.6008, 39.0847], [-120.6003, 39.0842]]], [[[-120.6024, 39.097], [-120.603, 39.0973], [-120.6023, 39.0985], [-120.6015, 39.0977], [-120.6024, 39.097]]], [[[-120.6386, 39.108], [-120.639, 39.1071], [-120.6394, 39.107], [-120.6386, 39.108]]], [[[-120.6447, 39.1072], [-120.6439, 39.1082], [-120.6435, 39.1082], [-120.6435, 39.1075], [-120.6447, 39.1072]]], [[[-120.6243, 39.1177], [-120.6243, 39.1184], [-120.6225, 39.1187], [-120.6225, 39.118], [-120.6243, 39.1177]]], [[[-120.5686, 38.9843], [-120.5683, 38.9848], [-120.5677, 38.985], [-120.5678, 38.9848], [-120.5686, 38.9843]]], [[[-120.5677, 38.9871], [-120.5663, 38.9863], [-120.5678, 38.9853], [-120.5669, 38.9865], [-120.5677, 38.9871]]], [[[-120.5995, 39.0146], [-120.6002, 39.0143], [-120.6, 39.0147], [-120.5995, 39.0146]]], [[[-120.5857, 39.02], [-120.5865, 39.0197], [-120.5867, 39.0205], [-120.5862, 39.0207], [-120.5857, 39.02]]], [[[-120.5847, 39.0195], [-120.5846, 39.021], [-120.584, 39.0202], [-120.5847, 39.0195]]], [[[-120.5428, 39.0214], [-120.5427, 39.0212], [-120.543, 39.0213], [-120.5428, 39.0214]]], [[[-120.5441, 39.0226], [-120.5439, 39.0214], [-120.546, 39.0226], [-120.5449, 39.0223], [-120.5441, 39.0226]]], [[[-120.571, 39.0579], [-120.5711, 39.0571], [-120.5726, 39.0567], [-120.5719, 39.0579], [-120.571, 39.0579]]], [[[-120.5994, 39.0861], [-120.599, 39.0865], [-120.5985, 39.0864], [-120.5986, 39.0858], [-120.5994, 39.0861]]]]}, "properties": {"layer": "perimeter"}}, {"type": "Feature", "geometry": {"type": "MultiPolygon", "coordinates": [[[[-120.6844, 38.9241], [-120.6845, 38.9242], [-120.6844, 38.9242], [-120.6844, 38.9241]]], [[[-120.6844, 38.9243], [-120.6871, 38.925], [-120.6851, 38.9307], [-120.6859, 38.9306], [-120.6871, 38.9319], [-120.6878, 38.9307], [-120.6874, 38.9293], [-120.6888, 38.9278], [-120.6895, 38.9326], [-120.6907, 38.9334], [-120.6925, 38.9319], [-120.6947, 38.9322], [-120.6958, 38.9335], [-120.6985, 38.9336], [-120.7008, 38.9353], [-120.7031, 38.9357], [-120.7035, 38.9365], [-120.7056, 38.9369], [-120.7061, 38.936], [-120.7074, 38.9364], [-120.7075, 38.9371], [-120.71, 38.9378], [-120.7107, 38.9389], [-120.713, 38.9393], [-120.713, 38.9417], [-120.7143, 38.942], [-120.7145, 38.9432], [-120.7138, 38.9446], [-120.7126, 38.9448], [-120.7132, 38.9467], [-120.7123, 38.9471], [-120.7127, 38.9483], [-120.7108, 38.9491], [-120.7119, 38.9506], [-120.7105, 38.9523], [-120.712, 38.9522], [-120.7111, 38.9544], [-120.7124, 38.9553], [-120.7109, 38.9557], [-120.7106, 38.9565], [-120.7122, 38.9586], [-120.7103, 38.9603], [-120.7094, 38.9592], [-120.7087, 38.96], [-120.7072, 38.9598], [-120.7071, 38.9607], [-120.704, 38.9617], [-120.7048, 38.9623], [-120.6984, 38.9622], [-120.6988, 38.9549], [-120.6902, 38.9551], [-120.6896, 38.9413], [-120.6755, 38.9327], [-120.6713, 38.9284], [-120.6526, 38.9282], [-120.6577, 38.9325], [-120.6558, 38.9333], [-120.6546, 38.9313], [-120.6536, 38.931], [-120.6529, 38.9288], [-120.6505, 38.9303], [-120.6474, 38.9292], [-120.6484, 38.931], [-120.6513, 38.9304], [-120.6541, 38.9339], [-120.6356, 38.9411], [-120.6335, 38.9303], [-120.6379, 38.93], [-120.6416, 38.9312], [-120.6417, 38.9303], [-120.6434, 38.9291], [-120.6424, 38.9276], [-120.644, 38.9272], [-120.644, 38.9253], [-120.6425, 38.9246], [-120.6442, 38.9227], [-120.6468, 38.9243], [-120.6486, 38.9233], [-120.6487, 38.9225], [-120.6514, 38.9225], [-120.652, 38.9209], [-120.6541, 38.9209], [-120.655, 38.9201], [-120.6546, 38.9197], [-120.6583, 38.9191], [-120.6594, 38.9178], [-120.6635, 38.9195], [-120.6615, 38.9217], [-120.6645, 38.92], [-120.666, 38.9208], [-120.6696, 38.9202], [-120.6696, 38.9264], [-120.6844, 38.9264], [-120.6844, 38.9243]], [[-120.6473, 38.9279], [-120.6496, 38.929], [-120.6519, 38.9276], [-120.6507, 38.9264], [-120.6485, 38.9264], [-120.6492, 38.9277], [-120.6473, 38.9279]]], [[[-120.7076, 38.9682], [-120.7093, 38.9691], [-120.7115, 38.9697], [-120.7074, 38.9695], [-120.7076, 38.9682]]], [[[-120.7127, 38.97], [-120.7158, 38.9705], [-120.7157, 38.9714], [-120.7224, 38.9758], [-120.7228, 38.9769], [-120.7183, 38.9769], [-120.7181, 38.9734], [-120.7125, 38.9734], [-120.7127, 38.97]]], [[[-120.7333, 38.9854], [-120.7339, 38.9868], [-120.7348, 38.9875], [-120.7332, 38.9874], [-120.7333, 38.9854]]], [[[-120.7356, 38.9873], [-120.7357, 38.986], [-120.7368, 38.9854], [-120.7383, 38.9859], [-120.7375, 38.9865], [-120.7382, 38.9874], [-120.7401, 38.9871], [-120.7406, 38.9881], [-120.7444, 38.9882], [-120.7466, 38.9891], [-120.7507, 38.9886], [-120.7548, 38.9891], [-120.755, 38.9896], [-120.7559, 38.9891], [-120.7595, 38.9894], [-120.7626, 38.9907], [-120.765, 38.9899], [-120.7706, 38.9906], [-120.7685, 38.9907], [-120.7685, 38.9978], [-120.7591, 38.9981], [-120.7591, 38.9946], [-120.7501, 38.9947], [-120.7498, 38.9917], [-120.7384, 38.9912], [-120.7386, 38.9876], [-120.7356, 38.9873]]], [[[-120.7711, 38.9888], [-120.7714, 38.9888], [-120.7714, 38.9888], [-120.7711, 38.9888]]], [[[-120.7726, 38.9888], [-120.7735, 38.99], [-120.7747, 38.9899], [-120.7771, 38.9874], [-120.7767, 38.9905], [-120.7726, 38.9906], [-120.7726, 38.9888]]], [[[-120.7774, 38.9867], [-120.7816, 38.9857], [-120.7812, 38.9848], [-120.7836, 38.9832], [-120.7903, 38.9818], [-120.7916, 38.9806], [-120.7922, 38.9811], [-120.7928, 38.9831], [-120.7903, 38.983], [-120.7902, 38.9848], [-120.7864, 38.9867], [-120.7774, 38.9867]]], [[[-120.7944, 38.9841], [-120.7965, 38.9854], [-120.7944, 38.9867], [-120.7944, 38.9841]]], [[[-120.8062, 38.9839], [-120.8077, 38.9829], [-120.8088, 38.983], [-120.8062, 38.9839]]], [[[-120.8156, 38.9835], [-120.8166, 38.9838], [-120.8194, 38.9827], [-120.8188, 38.9862], [-120.8176, 38.9865], [-120.8149, 38.9846], [-120.8156, 38.9835]]], [[[-120.8451, 38.9951], [-120.8444, 38.9976], [-120.8453, 38.999], [-120.8453, 39.0002], [-120.8449, 38.9987], [-120.8418, 38.9988], [-120.8421, 38.9951], [-120.8451, 38.9951]]], [[[-120.8457, 39.0008], [-120.8456, 39.001], [-120.8454, 39.0004], [-120.8457, 39.0008]]], [[[-120.8459, 39.0028], [-120.8447, 39.0044], [-120.8446, 39.0049], [-120.844, 39.0035], [-120.8459, 39.0028]]], [[[-120.8435, 39.0054], [-120.8398, 39.0095], [-120.8395, 39.0116], [-120.8377, 39.014], [-120.8339, 39.016], [-120.8344, 39.0165], [-120.8334, 39.017], [-120.8302, 39.0173], [-120.8274, 39.0187], [-120.8231, 39.0179], [-120.8211, 39.0166], [-120.8206, 39.0176], [-120.8179, 39.0181], [-120.8176, 39.0189], [-120.816, 39.0192], [-120.8151, 39.0174], [-120.8128, 39.0163], [-120.8085, 39.0176], [-120.8082, 39.0167], [-120.8076, 39.0171], [-120.8078, 39.0158], [-120.809, 39.0159], [-120.8093, 39.014], [-120.8031, 39.0125], [-120.8024, 39.013], [-120.8027, 39.0148], [-120.8015, 39.0163], [-120.8029, 39.0175], [-120.803, 39.0204], [-120.7993, 39.0228], [-120.8005, 39.0244], [-120.8004, 39.0259], [-120.7977, 39.0284], [-120.795, 39.0287], [-120.7942, 39.0298], [-120.7908, 39.0294], [-120.7913, 39.0302], [-120.7888, 39.0299], [-120.7883, 39.0306], [-120.7868, 39.0299], [-120.7864, 39.0284], [-120.7862, 39.0283], [-120.7861, 39.0291], [-120.7829, 39.0301], [-120.7857, 39.0286], [-120.7859, 39.0263], [-120.7875, 39.0242], [-120.7853, 39.0201], [-120.7858, 39.0198], [-120.787, 39.0208], [-120.7886, 39.0243], [-120.7874, 39.0259], [-120.7898, 39.0267], [-120.7896, 39.0285], [-120.7904, 39.0285], [-120.7909, 39.0257], [-120.7955, 39.0259], [-120.7956, 39.0267], [-120.7982, 39.0251], [-120.7942, 39.0242], [-120.7948, 39.0205], [-120.7956, 39.0206], [-120.7953, 39.0192], [-120.7974, 39.0194], [-120.7977, 39.0208], [-120.7991, 39.0209], [-120.7999, 39.017], [-120.7956, 39.0166], [-120.7987, 38.9991], [-120.7968, 38.9929], [-120.7989, 38.9926], [-120.7994, 38.9947], [-120.7998, 38.9911], [-120.8114, 38.9911], [-120.8113, 38.9981], [-120.7998, 38.9983], [-120.8015, 39.001], [-120.815, 39.0016], [-120.815, 39.0066], [-120.8291, 39.0082], [-120.8289, 39.0065], [-120.8301, 39.0056], [-120.8341, 39.0096], [-120.836, 39.0105], [-120.8344, 39.0096], [-120.8369, 39.0066], [-120.8361, 39.0061], [-120.8415, 39.004], [-120.8416, 39.0024], [-120.8439, 39.0023], [-120.8439, 39.0032], [-120.8427, 39.0032], [-120.8423, 39.0041], [-120.8435, 39.0054]], [[-120.8137, 39.0145], [-120.8143, 39.0106], [-120.81, 39.0101], [-120.8093, 39.014], [-120.8137, 39.0145]]], [[[-120.8076, 39.0161], [-120.8071, 39.0169], [-120.8073, 39.016], [-120.8076, 39.0161]]], [[[-120.7555, 39.0444], [-120.7497, 39.0462], [-120.7479, 39.0475], [-120.7456, 39.0479], [-120.745, 39.0487], [-120.7422, 39.0481], [-120.7418, 39.0471], [-120.7428, 39.0454], [-120.7432, 39.0472], [-120.7442, 39.0465], [-120.744, 39.0396], [-120.7482, 39.0406], [-120.7536, 39.0393], [-120.7552, 39.0406], [-120.7555, 39.0444]]], [[[-120.743, 39.0451], [-120.742, 39.0451], [-120.7415, 39.0461], [-120.7398, 39.0462], [-120.7369, 39.0495], [-120.7353, 39.0498], [-120.7342, 39.0531], [-120.7309, 39.0561], [-120.732, 39.0586], [-120.7301, 39.0602], [-120.7302, 39.0635], [-120.7316, 39.0653], [-120.7301, 39.0663], [-120.7266, 39.0718], [-120.7265, 39.0726], [-120.7281, 39.0736], [-120.7266, 39.078], [-120.7269, 39.0801], [-120.7232, 39.0799], [-120.7207, 39.0781], [-120.7224, 39.0756], [-120.7213, 39.072], [-120.7184, 39.0714], [-120.7194, 39.068], [-120.7218, 39.0675], [-120.7224, 39.0627], [-120.7233, 39.0631], [-120.7272, 39.0628], [-120.725, 39.0619], [-120.7243, 39.0606], [-120.7232, 39.0617], [-120.7215, 39.0621], [-120.7204, 39.0616], [-120.7205, 39.0597], [-120.719, 39.0596], [-120.7195, 39.054], [-120.7284, 39.0534], [-120.7288, 39.0488], [-120.7377, 39.0482], [-120.7379, 39.0446], [-120.7333, 39.0446], [-120.7335, 39.0428], [-120.7293, 39.0429], [-120.73, 39.036], [-120.7322, 39.0359], [-120.7319, 39.0377], [-120.7386, 39.0373], [-120.7383, 39.0407], [-120.7412, 39.0406], [-120.7408, 39.0381], [-120.7416, 39.0371], [-120.7414, 39.0353], [-120.7422, 39.0342], [-120.742, 39.0372], [-120.7412, 39.0382], [-120.7416, 39.0406], [-120.743, 39.0405], [-120.743, 39.0451]]], [[[-120.7199, 39.0986], [-120.7172, 39.101], [-120.7175, 39.102], [-120.7162, 39.1049], [-120.7185, 39.1109], [-120.7165, 39.1121], [-120.7147, 39.1109], [-120.7128, 39.113], [-120.711, 39.1125], [-120.7098, 39.1145], [-120.7094, 39.1176], [-120.7081, 39.1185], [-120.7094, 39.1203], [-120.707, 39.1235], [-120.7065, 39.1263], [-120.7042, 39.1279], [-120.7017, 39.1344], [-120.6986, 39.1374], [-120.6981, 39.1368], [-120.7031, 39.1287], [-120.7019, 39.1232], [-120.7018, 39.1132], [-120.7026, 39.1116], [-120.7039, 39.1107], [-120.7023, 39.1132], [-120.7034, 39.1131], [-120.7082, 39.1159], [-120.7083, 39.112], [-120.7094, 39.112], [-120.7096, 39.1047], [-120.7131, 39.1046], [-120.7132, 39.0974], [-120.7165, 39.0974], [-120.7169, 39.0897], [-120.7204, 39.0894], [-120.7199, 39.0986]]], [[[-120.69, 39.1414], [-120.6865, 39.1449], [-120.6794, 39.1484], [-120.6788, 39.1443], [-120.6833, 39.1445], [-120.6828, 39.1411], [-120.69, 39.1414]]], [[[-120.6382, 39.1764], [-120.6358, 39.176], [-120.6344, 39.1763], [-120.6331, 39.1772], [-120.6293, 39.178], [-120.6282, 39.1772], [-120.6279, 39.1729], [-120.6295, 39.1717], [-120.6292, 39.1695], [-120.631, 39.1629], [-120.6361, 39.155], [-120.6385, 39.1529], [-120.6408, 39.1494], [-120.6448, 39.1462], [-120.6441, 39.1451], [-120.6452, 39.144], [-120.6448, 39.1435], [-120.6462, 39.1426], [-120.6497, 39.1368], [-120.6502, 39.1364], [-120.6502, 39.1379], [-120.6678, 39.1366], [-120.6676, 39.1548], [-120.6497, 39.1556], [-120.6491, 39.1666], [-120.6376, 39.1673], [-120.6382, 39.1764]]], [[[-120.6495, 39.1262], [-120.6483, 39.1306], [-120.6459, 39.1312], [-120.6437, 39.1346], [-120.6409, 39.1363], [-120.6369, 39.1372], [-120.6351, 39.1398], [-120.6342, 39.1397], [-120.6338, 39.1389], [-120.6315, 39.139], [-120.6323, 39.1385], [-120.6325, 39.1283], [-120.6334, 39.1292], [-120.6335, 39.1288], [-120.6325, 39.1275], [-120.6326, 39.1243], [-120.6501, 39.1234], [-120.6501, 39.126], [-120.6495, 39.1262]]], [[[-120.6147, 39.0682], [-120.6152, 39.0669], [-120.6138, 39.0658], [-120.6138, 39.0635], [-120.6149, 39.0621], [-120.6142, 39.0608], [-120.6162, 39.0589], [-120.6159, 39.0578], [-120.6144, 39.0575], [-120.6147, 39.0567], [-120.6168, 39.0561], [-120.6178, 39.0544], [-120.6172, 39.0539], [-120.6219, 39.0537], [-120.6205, 39.0683], [-120.6147, 39.0682]]], [[[-120.6032, 39.0267], [-120.6026, 39.0264], [-120.6025, 39.0263], [-120.6036, 39.0263], [-120.6032, 39.0267]]], [[[-120.6039, 39.0257], [-120.6006, 39.0258], [-120.6009, 39.0242], [-120.6004, 39.0239], [-120.6001, 39.0236], [-120.6016, 39.0244], [-120.6041, 39.0242], [-120.6063, 39.0257], [-120.6087, 39.0258], [-120.6084, 39.027], [-120.606, 39.0272], [-120.6039, 39.0257]]], [[[-120.5997, 39.0241], [-120.5927, 39.0189], [-120.5904, 39.017], [-120.5912, 39.0169], [-120.6, 39.0235], [-120.5997, 39.0241]]], [[[-120.6035, 39.016], [-120.608, 39.0128], [-120.6219, 39.013], [-120.6221, 39.023], [-120.6128, 39.0229], [-120.6128, 39.0196], [-120.6035, 39.0195], [-120.6035, 39.016]]], [[[-120.6035, 39.0092], [-120.6028, 39.009], [-120.6027, 39.0063], [-120.6009, 39.0068], [-120.5991, 39.0091], [-120.5932, 39.009], [-120.5927, 39.0082], [-120.5907, 39.0082], [-120.5901, 39.0062], [-120.5947, 39.0027], [-120.5935, 39.002], [-120.5919, 39.0029], [-120.5909, 39.0024], [-120.5898, 39.0046], [-120.588, 39.0044], [-120.5865, 39.0052], [-120.5862, 39.0059], [-120.5871, 39.0064], [-120.5857, 39.0088], [-120.5852, 39.0083], [-120.5857, 38.9982], [-120.6043, 38.9981], [-120.6035, 39.0092]]], [[[-120.5453, 39.0177], [-120.5419, 39.0193], [-120.5414, 39.0183], [-120.539, 39.0182], [-120.537, 39.0167], [-120.5397, 39.0135], [-120.5419, 39.0139], [-120.5431, 39.0155], [-120.5422, 39.0159], [-120.5433, 39.0169], [-120.5451, 39.0164], [-120.545, 39.0159], [-120.544, 39.0161], [-120.5441, 39.0145], [-120.5431, 39.0146], [-120.5444, 39.0137], [-120.5441, 39.0127], [-120.5452, 39.0127], [-120.5453, 39.0177]]], [[[-120.5648, 38.9802], [-120.5636, 38.9798], [-120.5631, 38.9834], [-120.5579, 38.9843], [-120.5587, 38.9819], [-120.5598, 38.9818], [-120.5604, 38.9807], [-120.5596, 38.9801], [-120.5604, 38.98], [-120.5604, 38.9783], [-120.5629, 38.9782], [-120.5637, 38.9772], [-120.5648, 38.977], [-120.5648, 38.9802]]], [[[-120.5647, 38.9759], [-120.5647, 38.9759], [-120.5647, 38.9758], [-120.5647, 38.9759]]], [[[-120.5647, 38.9758], [-120.5639, 38.9745], [-120.5601, 38.9759], [-120.559, 38.9743], [-120.5593, 38.9719], [-120.5666, 38.9673], [-120.5741, 38.9667], [-120.5744, 38.9645], [-120.5756, 38.9627], [-120.5747, 38.9618], [-120.5745, 38.9626], [-120.5737, 38.9624], [-120.5733, 38.9601], [-120.575, 38.9598], [-120.5746, 38.9585], [-120.5766, 38.9573], [-120.5746, 38.9554], [-120.5715, 38.9574], [-120.5712, 38.9547], [-120.5781, 38.9547], [-120.5832, 38.963], [-120.584, 38.97], [-120.5636, 38.9703], [-120.5647, 38.9758]]], [[[-120.5775, 38.9456], [-120.5774, 38.9458], [-120.5774, 38.9457], [-120.5775, 38.9456]]], [[[-120.5775, 38.9459], [-120.5774, 38.946], [-120.5774, 38.9459], [-120.5775, 38.9459]]], [[[-120.5775, 38.9469], [-120.5788, 38.9462], [-120.578, 38.945], [-120.5808, 38.9443], [-120.5803, 38.9438], [-120.5803, 38.9443], [-120.5774, 38.945], [-120.5773, 38.9427], [-120.5973, 38.9448], [-120.5984, 38.9554], [-120.5781, 38.9547], [-120.5775, 38.9469]]], [[[-120.5939, 38.9137], [-120.5913, 38.9126], [-120.5909, 38.9117], [-120.5906, 38.9125], [-120.5888, 38.9124], [-120.5883, 38.9086], [-120.5893, 38.91], [-120.5913, 38.9094], [-120.5953, 38.912], [-120.5954, 38.9129], [-120.5963, 38.9122], [-120.5973, 38.9132], [-120.6005, 38.9128], [-120.6026, 38.9133], [-120.6042, 38.915], [-120.6102, 38.9153], [-120.6123, 38.9172], [-120.6114, 38.9188], [-120.6128, 38.9191], [-120.6133, 38.9207], [-120.6107, 38.9208], [-120.6103, 38.9171], [-120.6008, 38.9173], [-120.6, 38.9137], [-120.5939, 38.9137]]], [[[-120.5883, 38.9067], [-120.5883, 38.9073], [-120.5882, 38.9078], [-120.5881, 38.9067], [-120.5883, 38.9067]]], [[[-120.6136, 38.9212], [-120.6153, 38.9212], [-120.6181, 38.923], [-120.6185, 38.9258], [-120.6201, 38.927], [-120.613, 38.9269], [-120.6136, 38.9212]]], [[[-120.6228, 38.9274], [-120.6281, 38.9277], [-120.629, 38.934], [-120.6237, 38.9341], [-120.6241, 38.9376], [-120.6189, 38.9376], [-120.6181, 38.9303], [-120.6232, 38.9302], [-120.6228, 38.9274]]], [[[-120.6696, 38.9202], [-120.6695, 38.9198], [-120.6696, 38.9192], [-120.6696, 38.9202]]], [[[-120.6808, 38.9223], [-120.682, 38.9218], [-120.6826, 38.9225], [-120.6808, 38.9223]]], [[[-120.7474, 39.0481], [-120.7474, 39.048], [-120.7475, 39.048], [-120.7474, 39.0481]]], [[[-120.7484, 39.0493], [-120.7482, 39.0496], [-120.7482, 39.0494], [-120.7484, 39.0493]]], [[[-120.5425, 39.0213], [-120.543, 39.0213], [-120.5428, 39.0214], [-120.5425, 39.0213]]], [[[-120.544, 39.0224], [-120.5439, 39.0214], [-120.5453, 39.0218], [-120.5457, 39.0226], [-120.544, 39.0224]]], [[[-120.8296, 38.9848], [-120.8296, 38.983], [-120.8332, 38.9829], [-120.8332, 38.9848], [-120.8296, 38.9848]]], [[[-120.6904, 38.9698], [-120.7074, 38.9695], [-120.7077, 38.977], [-120.6904, 38.9769], [-120.6904, 38.9698]]], [[[-120.708, 39.0078], [-120.6917, 39.0096], [-120.6917, 38.9985], [-120.708, 38.9966], [-120.708, 39.0078]]], [[[-120.7615, 39.0078], [-120.7569, 39.008], [-120.7521, 39.0062], [-120.7502, 39.0096], [-120.747, 39.0104], [-120.7461, 39.0091], [-120.7488, 39.0049], [-120.7484, 39.003], [-120.7466, 39.0033], [-120.7439, 39.0057], [-120.7434, 39.0029], [-120.7422, 39.0016], [-120.7385, 39.0021], [-120.736, 39.0007], [-120.73, 39.0041], [-120.7239, 38.9996], [-120.726, 38.9995], [-120.7299, 39.0027], [-120.7332, 39.0005], [-120.7365, 38.9996], [-120.7385, 39.0], [-120.7391, 39.0011], [-120.7425, 38.9998], [-120.7478, 39.0001], [-120.7505, 39.0012], [-120.7508, 39.0025], [-120.7486, 39.0079], [-120.7472, 39.0077], [-120.747, 39.0085], [-120.7496, 39.0084], [-120.7505, 39.0055], [-120.7523, 39.0048], [-120.7541, 39.005], [-120.7577, 39.007], [-120.7578, 39.0053], [-120.7598, 39.0054], [-120.7594, 39.0013], [-120.7649, 39.0018], [-120.7662, 39.0031], [-120.7785, 39.002], [-120.7743, 39.0023], [-120.7763, 38.9968], [-120.7842, 38.9958], [-120.7826, 39.0007], [-120.7852, 38.9992], [-120.7846, 39.0009], [-120.7811, 39.0018], [-120.7811, 39.003], [-120.7822, 39.0018], [-120.7811, 39.0051], [-120.7791, 39.0052], [-120.7787, 39.0065], [-120.7744, 39.0069], [-120.7737, 39.0104], [-120.7715, 39.0106], [-120.7712, 39.0124], [-120.769, 39.0125], [-120.7694, 39.0108], [-120.7651, 39.0111], [-120.7652, 39.0105], [-120.7615, 39.0078]]], [[[-120.7079, 39.0111], [-120.718, 39.0095], [-120.7282, 39.0086], [-120.7258, 39.0159], [-120.7068, 39.0184], [-120.7079, 39.0111]]], [[[-120.7476, 39.0291], [-120.7509, 39.027], [-120.7509, 39.0252], [-120.7478, 39.0237], [-120.7503, 39.0211], [-120.7614, 39.0285], [-120.76, 39.0326], [-120.7476, 39.0301], [-120.7476, 39.0291]]], [[[-120.7268, 39.0397], [-120.726, 39.0387], [-120.7263, 39.0364], [-120.728, 39.0357], [-120.727, 39.0325], [-120.7294, 39.0387], [-120.7268, 39.0397]]], [[[-120.6755, 38.9328], [-120.6708, 38.9492], [-120.6709, 38.9558], [-120.6628, 38.9556], [-120.6628, 38.9493], [-120.6548, 38.9492], [-120.6551, 38.9509], [-120.6508, 38.9502], [-120.6577, 38.9325], [-120.6755, 38.9328]]], [[[-120.6342, 38.9446], [-120.6331, 38.9453], [-120.6335, 38.9476], [-120.6239, 38.9477], [-120.6238, 38.9443], [-120.6188, 38.9444], [-120.6189, 38.9415], [-120.6356, 38.9411], [-120.6342, 38.9446]]], [[[-120.6599, 38.9519], [-120.6604, 38.9529], [-120.6612, 38.9537], [-120.6594, 38.9534], [-120.6599, 38.9519]]], [[[-120.6352, 38.9693], [-120.6328, 38.9548], [-120.6372, 38.9547], [-120.6378, 38.9577], [-120.6422, 38.9571], [-120.6427, 38.9596], [-120.6517, 38.9573], [-120.6534, 38.9656], [-120.6352, 38.9693]]], [[[-120.6155, 38.9547], [-120.6172, 38.9693], [-120.6026, 38.9699], [-120.5984, 38.9554], [-120.6155, 38.9547]]], [[[-120.6905, 38.9695], [-120.6848, 38.9699], [-120.6848, 38.9661], [-120.6816, 38.9662], [-120.679, 38.9651], [-120.6785, 38.9626], [-120.677, 38.9627], [-120.6746, 38.9613], [-120.6741, 38.9588], [-120.671, 38.9577], [-120.6709, 38.9558], [-120.6902, 38.9551], [-120.6905, 38.9695]]], [[[-120.674, 38.9817], [-120.6576, 38.9825], [-120.6534, 38.9656], [-120.6623, 38.9655], [-120.6633, 38.9696], [-120.6719, 38.9696], [-120.674, 38.9817]]], [[[-120.6352, 38.9693], [-120.6406, 38.9839], [-120.6234, 38.9841], [-120.6172, 38.9693], [-120.6352, 38.9693]]], [[[-120.6405, 39.0093], [-120.6404, 39.013], [-120.6219, 39.013], [-120.6225, 38.9985], [-120.6043, 38.9981], [-120.6042, 38.9834], [-120.6234, 38.9841], [-120.623, 38.9913], [-120.6365, 38.9912], [-120.6364, 38.9948], [-120.6409, 38.9948], [-120.6406, 38.9839], [-120.6576, 38.9825], [-120.6583, 38.9946], [-120.6746, 38.9942], [-120.674, 38.9817], [-120.6821, 38.9825], [-120.6828, 38.9905], [-120.687, 38.9907], [-120.6872, 38.9946], [-120.6915, 38.9946], [-120.6917, 38.9985], [-120.6786, 38.9983], [-120.6788, 39.0018], [-120.687, 39.002], [-120.6871, 39.0058], [-120.6831, 39.0056], [-120.6832, 39.0093], [-120.6792, 39.0092], [-120.6794, 39.013], [-120.6585, 39.0129], [-120.6585, 39.0055], [-120.6498, 39.0056], [-120.6497, 39.0092], [-120.6405, 39.0093]]], [[[-120.6585, 39.0129], [-120.6582, 39.0163], [-120.6539, 39.0164], [-120.653, 39.0268], [-120.6399, 39.0268], [-120.6404, 39.013], [-120.6585, 39.0129]]], [[[-120.6399, 39.0269], [-120.6396, 39.0336], [-120.6352, 39.0335], [-120.6353, 39.0301], [-120.6309, 39.03], [-120.6311, 39.0266], [-120.6399, 39.0269]]], [[[-120.6559, 39.0405], [-120.656, 39.044], [-120.6477, 39.0439], [-120.6476, 39.0405], [-120.6559, 39.0405]]], [[[-120.6852, 39.0559], [-120.6715, 39.0558], [-120.6721, 39.0414], [-120.687, 39.0415], [-120.6852, 39.0559]]], [[[-120.6476, 39.058], [-120.6478, 39.0508], [-120.6562, 39.0508], [-120.6563, 39.0542], [-120.6521, 39.0542], [-120.6519, 39.0579], [-120.6476, 39.058]]], [[[-120.6793, 39.1085], [-120.6678, 39.1089], [-120.668, 39.0949], [-120.6797, 39.0944], [-120.6793, 39.1085]]], [[[-120.6886, 39.1124], [-120.6855, 39.1059], [-120.6876, 39.1044], [-120.6905, 39.1107], [-120.6886, 39.1124]]], [[[-120.6368, 39.1137], [-120.6389, 39.1134], [-120.6409, 39.1212], [-120.6388, 39.1214], [-120.6368, 39.1137]]], [[[-120.6719, 39.1229], [-120.6781, 39.1236], [-120.6778, 39.1376], [-120.6678, 39.1366], [-120.6681, 39.1293], [-120.6719, 39.1298], [-120.6719, 39.1229]]], [[[-120.5855, 38.9837], [-120.5906, 38.9823], [-120.5908, 38.9784], [-120.5849, 38.978], [-120.5848, 38.977], [-120.6035, 38.9771], [-120.6042, 38.9834], [-120.5856, 38.9843], [-120.5855, 38.9837]]]]}, "properties": {"layer": "retained"}}, {"type": "Feature", "geometry": {"type": "MultiPolygon", "coordinates": [[[[-120.6332, 39.1766], [-120.6353, 39.1758], [-120.6343, 39.175], [-120.6346, 39.1744], [-120.6339, 39.1744], [-120.6332, 39.1758], [-120.6332, 39.1766]]], [[[-120.6371, 39.1763], [-120.6378, 39.176], [-120.6374, 39.1752], [-120.6381, 39.1752], [-120.6377, 39.1728], [-120.637, 39.1728], [-120.636, 39.1742], [-120.637, 39.175], [-120.6357, 39.1752], [-120.6371, 39.1763]], [[-120.6374, 39.1739], [-120.637, 39.1742], [-120.637, 39.1739], [-120.6374, 39.1739]], [[-120.6374, 39.1731], [-120.637, 39.1733], [-120.637, 39.1731], [-120.6374, 39.1731]]], [[[-120.6481, 39.1668], [-120.6488, 39.166], [-120.6464, 39.166], [-120.6471, 39.1668], [-120.6481, 39.1668]]], [[[-120.6366, 39.1596], [-120.6376, 39.1593], [-120.6369, 39.1588], [-120.6376, 39.158], [-120.6369, 39.1582], [-120.6369, 39.1571], [-120.6359, 39.1572], [-120.6355, 39.1593], [-120.6362, 39.159], [-120.6366, 39.1596]]], [[[-120.6407, 39.1566], [-120.6407, 39.1558], [-120.6404, 39.1558], [-120.6397, 39.1566], [-120.6407, 39.1566]]], [[[-120.6393, 39.1542], [-120.6393, 39.1534], [-120.6386, 39.1534], [-120.6386, 39.1542], [-120.6393, 39.1542]]], [[[-120.6396, 39.1528], [-120.6407, 39.152], [-120.64, 39.1517], [-120.6396, 39.1528]]], [[[-120.641, 39.152], [-120.641, 39.1512], [-120.6424, 39.1509], [-120.6424, 39.1498], [-120.641, 39.1498], [-120.6407, 39.1504], [-120.641, 39.152]]], [[[-120.6558, 39.1392], [-120.6565, 39.139], [-120.6562, 39.1382], [-120.6555, 39.1382], [-120.6558, 39.1392]], [[-120.6562, 39.1384], [-120.6558, 39.1387], [-120.6558, 39.1384], [-120.6562, 39.1384]]], [[[-120.701, 39.1357], [-120.7017, 39.1344], [-120.7006, 39.1341], [-120.701, 39.1333], [-120.7003, 39.133], [-120.7003, 39.1344], [-120.6992, 39.1352], [-120.701, 39.1357]], [[-120.7003, 39.1349], [-120.6999, 39.1352], [-120.6999, 39.1349], [-120.7003, 39.1349]]], [[[-120.6683, 39.133], [-120.6697, 39.1324], [-120.6683, 39.1319], [-120.6683, 39.133]]], [[[-120.6724, 39.1313], [-120.6721, 39.1308], [-120.6714, 39.1311], [-120.6721, 39.1302], [-120.6704, 39.1305], [-120.6707, 39.1313], [-120.6724, 39.1313]]], [[[-120.7023, 39.133], [-120.7027, 39.1306], [-120.7034, 39.1306], [-120.7027, 39.1298], [-120.7009, 39.1322], [-120.7023, 39.133]]], [[[-120.6749, 39.1283], [-120.6755, 39.1278], [-120.6745, 39.1275], [-120.6749, 39.1283]]], [[[-120.6481, 39.1266], [-120.6481, 39.1258], [-120.6467, 39.1261], [-120.6467, 39.1263], [-120.6481, 39.1266]]], [[[-120.6453, 39.1269], [-120.646, 39.1263], [-120.645, 39.1258], [-120.645, 39.125], [-120.6432, 39.125], [-120.6439, 39.1266], [-120.6453, 39.1269]]], [[[-120.6356, 39.1248], [-120.6359, 39.1242], [-120.6342, 39.1242], [-120.6342, 39.1245], [-120.6356, 39.1248]]], [[[-120.6743, 39.1086], [-120.6733, 39.1078], [-120.6729, 39.1084], [-120.6712, 39.1084], [-120.6743, 39.1086]]], [[[-120.7167, 39.1111], [-120.7167, 39.11], [-120.7177, 39.1095], [-120.717, 39.106], [-120.716, 39.1054], [-120.7163, 39.1065], [-120.7135, 39.106], [-120.7132, 39.1073], [-120.7143, 39.1079], [-120.7136, 39.1084], [-120.7143, 39.1087], [-120.7139, 39.1095], [-120.7153, 39.1087], [-120.715, 39.1095], [-120.716, 39.11], [-120.7157, 39.1106], [-120.7167, 39.1111]], [[-120.7163, 39.1095], [-120.716, 39.11], [-120.716, 39.1095], [-120.7163, 39.1095]], [[-120.716, 39.1092], [-120.7157, 39.1095], [-120.7157, 39.1092], [-120.716, 39.1092]], [[-120.7167, 39.1089], [-120.716, 39.1087], [-120.7163, 39.1076], [-120.717, 39.1081], [-120.7167, 39.1089]], [[-120.716, 39.1081], [-120.7156, 39.1084], [-120.7156, 39.1081], [-120.716, 39.1081]], [[-120.7156, 39.1079], [-120.7153, 39.1081], [-120.7153, 39.1079], [-120.7156, 39.1079]], [[-120.7153, 39.1079], [-120.7146, 39.1079], [-120.7149, 39.107], [-120.7153, 39.107], [-120.7153, 39.1079]], [[-120.7146, 39.1071], [-120.7139, 39.1073], [-120.7139, 39.1071], [-120.7146, 39.1071]], [[-120.7139, 39.1068], [-120.7135, 39.1071], [-120.7135, 39.1068], [-120.7139, 39.1068]]], [[[-120.6712, 39.1076], [-120.6736, 39.107], [-120.674, 39.1062], [-120.6722, 39.1057], [-120.6729, 39.1062], [-120.6712, 39.1062], [-120.6715, 39.107], [-120.6705, 39.1068], [-120.6712, 39.1076]]], [[[-120.6757, 39.1067], [-120.676, 39.1062], [-120.6767, 39.1065], [-120.6764, 39.1056], [-120.6753, 39.1059], [-120.6757, 39.1067]]], [[[-120.6774, 39.1056], [-120.6781, 39.1048], [-120.6792, 39.1051], [-120.6788, 39.1035], [-120.6778, 39.1046], [-120.6767, 39.1046], [-120.6767, 39.1029], [-120.6746, 39.1021], [-120.6746, 39.103], [-120.6764, 39.1032], [-120.6757, 39.1043], [-120.6774, 39.1056]], [[-120.6778, 39.1048], [-120.6774, 39.1051], [-120.6774, 39.1048], [-120.6778, 39.1048]]], [[[-120.718, 39.1008], [-120.7183, 39.0997], [-120.719, 39.0995], [-120.7173, 39.1], [-120.718, 39.1008]]], [[[-120.7166, 39.1043], [-120.7163, 39.1035], [-120.717, 39.1033], [-120.7173, 39.1024], [-120.717, 39.1014], [-120.7177, 39.1008], [-120.7149, 39.1008], [-120.7156, 39.0995], [-120.7142, 39.0995], [-120.7152, 39.0992], [-120.7142, 39.0979], [-120.7131, 39.0987], [-120.7138, 39.0998], [-120.7131, 39.1], [-120.7131, 39.1011], [-120.7138, 39.1019], [-120.7149, 39.1019], [-120.7142, 39.1022], [-120.7145, 39.1027], [-120.7156, 39.1027], [-120.7156, 39.1033], [-120.7149, 39.103], [-120.7156, 39.1043], [-120.7166, 39.1043]], [[-120.7159, 39.1025], [-120.7156, 39.1027], [-120.7156, 39.1025], [-120.7159, 39.1025]], [[-120.7163, 39.1022], [-120.7159, 39.1025], [-120.7159, 39.1022], [-120.7163, 39.1022]], [[-120.717, 39.1019], [-120.7166, 39.1022], [-120.7166, 39.1019], [-120.717, 39.1019]], [[-120.7166, 39.1016], [-120.7163, 39.1019], [-120.7163, 39.1016], [-120.7166, 39.1016]], [[-120.7159, 39.1016], [-120.7152, 39.1019], [-120.7152, 39.1016], [-120.7159, 39.1016]], [[-120.7149, 39.1014], [-120.7145, 39.1017], [-120.7145, 39.1014], [-120.7149, 39.1014]], [[-120.7152, 39.1011], [-120.7149, 39.1014], [-120.7149, 39.1011], [-120.7152, 39.1011]], [[-120.7138, 39.1003], [-120.7135, 39.1008], [-120.7135, 39.1003], [-120.7138, 39.1003]], [[-120.7145, 39.1], [-120.7142, 39.1006], [-120.7142, 39.1], [-120.7145, 39.1]], [[-120.7142, 39.099], [-120.7138, 39.0992], [-120.7138, 39.099], [-120.7142, 39.099]]], [[[-120.718, 39.0981], [-120.7194, 39.0978], [-120.7183, 39.0973], [-120.718, 39.0981]]], [[[-120.6746, 39.0981], [-120.6749, 39.097], [-120.6732, 39.0976], [-120.6732, 39.0981], [-120.6746, 39.0981]]], [[[-120.6729, 39.1027], [-120.6746, 39.1021], [-120.6732, 39.1019], [-120.6732, 39.1013], [-120.6753, 39.1013], [-120.6749, 39.1008], [-120.6784, 39.0997], [-120.6777, 39.0989], [-120.6787, 39.0983], [-120.678, 39.0978], [-120.6784, 39.097], [-120.6773, 39.097], [-120.677, 39.0984], [-120.676, 39.0981], [-120.6746, 39.0992], [-120.6728, 39.0984], [-120.6735, 39.0995], [-120.6725, 39.1], [-120.6729, 39.1008], [-120.6718, 39.1022], [-120.6729, 39.1027]], [[-120.677, 39.0992], [-120.6767, 39.0994], [-120.6767, 39.0992], [-120.677, 39.0992]]], [[[-120.677, 39.0973], [-120.6766, 39.0967], [-120.6756, 39.0967], [-120.676, 39.0973], [-120.677, 39.0973]]], [[[-120.6708, 39.1003], [-120.6711, 39.0995], [-120.6697, 39.0979], [-120.6704, 39.097], [-120.668, 39.0968], [-120.668, 39.0973], [-120.669, 39.0973], [-120.669, 39.0981], [-120.6687, 39.0979], [-120.668, 39.0981], [-120.6694, 39.0984], [-120.669, 39.0992], [-120.6708, 39.1003]]], [[[-120.719, 39.0968], [-120.718, 39.0962], [-120.7179, 39.0952], [-120.7166, 39.0949], [-120.7166, 39.096], [-120.7173, 39.0954], [-120.7173, 39.0962], [-120.719, 39.0968]]], [[[-120.6749, 39.0957], [-120.6738, 39.0946], [-120.6718, 39.0949], [-120.6725, 39.0957], [-120.6749, 39.0957]]], [[[-120.7186, 39.0949], [-120.7186, 39.0941], [-120.7172, 39.0943], [-120.7172, 39.0946], [-120.7186, 39.0949]]], [[[-120.7176, 39.0916], [-120.7179, 39.0908], [-120.7169, 39.09], [-120.7169, 39.0911], [-120.7176, 39.0916]]], [[[-120.723, 39.0795], [-120.723, 39.0784], [-120.7223, 39.0776], [-120.7216, 39.0789], [-120.723, 39.0795]]], [[[-120.7264, 39.0708], [-120.7278, 39.0705], [-120.7274, 39.07], [-120.7264, 39.0708]]], [[[-120.7284, 39.0686], [-120.7284, 39.0676], [-120.7277, 39.0673], [-120.7277, 39.0684], [-120.7284, 39.0686]]], [[[-120.7267, 39.0684], [-120.7267, 39.0673], [-120.7253, 39.0673], [-120.7253, 39.0668], [-120.7225, 39.0676], [-120.7232, 39.0681], [-120.7253, 39.0676], [-120.7267, 39.0684]]], [[[-120.6205, 39.0684], [-120.6205, 39.0665], [-120.6184, 39.0663], [-120.6191, 39.0682], [-120.6205, 39.0684]]], [[[-120.7288, 39.0649], [-120.7294, 39.0638], [-120.7284, 39.0635], [-120.7288, 39.0649]]], [[[-120.726, 39.0668], [-120.7256, 39.066], [-120.7277, 39.0654], [-120.727, 39.0651], [-120.7273, 39.063], [-120.7253, 39.063], [-120.7256, 39.0638], [-120.726, 39.0635], [-120.7267, 39.0635], [-120.7267, 39.0641], [-120.7253, 39.0641], [-120.725, 39.0665], [-120.726, 39.0668]], [[-120.7267, 39.0646], [-120.7263, 39.0649], [-120.7263, 39.0646], [-120.7267, 39.0646]], [[-120.726, 39.0646], [-120.7256, 39.0649], [-120.7256, 39.0646], [-120.726, 39.0646]], [[-120.727, 39.0632], [-120.7267, 39.0635], [-120.7267, 39.0633], [-120.727, 39.0632]]], [[[-120.7301, 39.063], [-120.7294, 39.0619], [-120.7291, 39.0619], [-120.7287, 39.063], [-120.7301, 39.063]]], [[[-120.7298, 39.0613], [-120.7297, 39.06], [-120.7287, 39.06], [-120.7287, 39.0605], [-120.7298, 39.0613]]], [[[-120.7263, 39.0587], [-120.7252, 39.0579], [-120.7242, 39.0579], [-120.7252, 39.0587], [-120.7263, 39.0587]]], [[[-120.7308, 39.0589], [-120.7311, 39.0578], [-120.7297, 39.0581], [-120.7297, 39.0584], [-120.7308, 39.0589]]], [[[-120.7294, 39.0586], [-120.7294, 39.0581], [-120.7297, 39.0576], [-120.729, 39.0581], [-120.7283, 39.0581], [-120.7283, 39.0587], [-120.7294, 39.0586]]], [[[-120.728, 39.0581], [-120.729, 39.0578], [-120.7294, 39.0573], [-120.7273, 39.0573], [-120.728, 39.0581]]], [[[-120.7228, 39.0603], [-120.7228, 39.059], [-120.7221, 39.0587], [-120.7231, 39.0587], [-120.7238, 39.0579], [-120.7214, 39.0568], [-120.72, 39.0574], [-120.7197, 39.0584], [-120.7204, 39.059], [-120.7193, 39.0598], [-120.7228, 39.0603]], [[-120.7218, 39.059], [-120.7214, 39.0592], [-120.7214, 39.059], [-120.7218, 39.059]], [[-120.7221, 39.0584], [-120.7218, 39.0587], [-120.7218, 39.0584], [-120.7221, 39.0584]], [[-120.7224, 39.0584], [-120.7217, 39.0582], [-120.7221, 39.0576], [-120.7228, 39.0576], [-120.7224, 39.0584]], [[-120.7211, 39.0579], [-120.7207, 39.0582], [-120.7207, 39.0579], [-120.7211, 39.0579]], [[-120.7217, 39.0573], [-120.7207, 39.0576], [-120.7207, 39.0573], [-120.7217, 39.0573]]], [[[-120.6208, 39.0636], [-120.6215, 39.0574], [-120.6208, 39.0576], [-120.6201, 39.0568], [-120.619, 39.0568], [-120.6183, 39.0574], [-120.619, 39.0576], [-120.6183, 39.0582], [-120.6187, 39.0598], [-120.6177, 39.0598], [-120.6177, 39.0603], [-120.6187, 39.0606], [-120.6184, 39.063], [-120.6194, 39.0636], [-120.6198, 39.0628], [-120.6208, 39.0636]]], [[[-120.7252, 39.0546], [-120.7259, 39.0549], [-120.7266, 39.0543], [-120.7252, 39.0546]]], [[[-120.7262, 39.0538], [-120.7283, 39.0535], [-120.7262, 39.0535], [-120.7262, 39.0538]]], [[[-120.7255, 39.0543], [-120.7259, 39.0535], [-120.7248, 39.0535], [-120.7245, 39.0541], [-120.7255, 39.0543]]], [[[-120.7297, 39.0543], [-120.7304, 39.0535], [-120.729, 39.0532], [-120.7283, 39.0541], [-120.7297, 39.0543]]], [[[-120.6218, 39.0555], [-120.6218, 39.0536], [-120.6197, 39.0539], [-120.6197, 39.0552], [-120.6208, 39.0555], [-120.6204, 39.0541], [-120.6211, 39.0541], [-120.6211, 39.0555], [-120.6218, 39.0555]]], [[[-120.6853, 39.0538], [-120.6856, 39.053], [-120.6846, 39.053], [-120.6842, 39.0535], [-120.6853, 39.0538]]], [[[-120.73, 39.053], [-120.7307, 39.0524], [-120.7304, 39.0516], [-120.7317, 39.0513], [-120.7321, 39.0492], [-120.7338, 39.0492], [-120.7341, 39.0484], [-120.7289, 39.0487], [-120.7286, 39.0503], [-120.7297, 39.0505], [-120.7286, 39.0506], [-120.7286, 39.053], [-120.7293, 39.0524], [-120.73, 39.053]], [[-120.7314, 39.0511], [-120.7311, 39.0513], [-120.731, 39.0511], [-120.7314, 39.0511]], [[-120.7314, 39.0503], [-120.731, 39.0505], [-120.731, 39.0503], [-120.7314, 39.0503]]], [[[-120.6845, 39.0492], [-120.6845, 39.0484], [-120.6814, 39.0481], [-120.6821, 39.0487], [-120.6845, 39.0492]]], [[[-120.6738, 39.0482], [-120.6748, 39.0484], [-120.6748, 39.0479], [-120.6738, 39.0482]]], [[[-120.7442, 39.048], [-120.7431, 39.0461], [-120.7421, 39.0464], [-120.7428, 39.048], [-120.7442, 39.048]]], [[[-120.7501, 39.0453], [-120.7497, 39.0442], [-120.7483, 39.0448], [-120.7483, 39.045], [-120.7501, 39.0453]]], [[[-120.7515, 39.045], [-120.7525, 39.0442], [-120.7518, 39.0439], [-120.7515, 39.045]]], [[[-120.7379, 39.0446], [-120.7379, 39.0435], [-120.7372, 39.0435], [-120.7369, 39.0446], [-120.7379, 39.0446]]], [[[-120.741, 39.0437], [-120.7421, 39.0432], [-120.7414, 39.0429], [-120.741, 39.0437]]], [[[-120.7351, 39.0446], [-120.7351, 39.0435], [-120.7362, 39.0429], [-120.733, 39.0422], [-120.7337, 39.0427], [-120.7334, 39.0438], [-120.7337, 39.0435], [-120.7344, 39.0435], [-120.7334, 39.0446], [-120.7351, 39.0446]], [[-120.7348, 39.0432], [-120.7344, 39.0435], [-120.7344, 39.0432], [-120.7348, 39.0432]]], [[[-120.6793, 39.0433], [-120.6793, 39.0427], [-120.6779, 39.0427], [-120.6779, 39.0433], [-120.6793, 39.0433]]], [[[-120.7552, 39.0426], [-120.7552, 39.0415], [-120.7545, 39.0415], [-120.7546, 39.0423], [-120.7552, 39.0426]]], [[[-120.7542, 39.0423], [-120.7539, 39.0415], [-120.7528, 39.042], [-120.7528, 39.0423], [-120.7542, 39.0423]]], [[[-120.7421, 39.0413], [-120.7431, 39.0424], [-120.7431, 39.0405], [-120.7421, 39.0413]]], [[[-120.7545, 39.0415], [-120.7545, 39.0404], [-120.7538, 39.0404], [-120.7539, 39.0415], [-120.7545, 39.0415]]], [[[-120.7514, 39.0399], [-120.7524, 39.0401], [-120.7524, 39.0396], [-120.7514, 39.0399]]], [[[-120.7407, 39.0421], [-120.7407, 39.0408], [-120.7382, 39.0408], [-120.7386, 39.0381], [-120.7375, 39.0389], [-120.7368, 39.0386], [-120.7365, 39.0397], [-120.7368, 39.0397], [-120.7379, 39.0419], [-120.7396, 39.0416], [-120.7407, 39.0421]], [[-120.74, 39.041], [-120.7389, 39.0413], [-120.7389, 39.041], [-120.74, 39.041]], [[-120.7375, 39.0394], [-120.7368, 39.0397], [-120.7368, 39.0394], [-120.7375, 39.0394]]], [[[-120.6386, 39.0335], [-120.6396, 39.0324], [-120.6389, 39.0327], [-120.6382, 39.0319], [-120.6375, 39.0319], [-120.6376, 39.0327], [-120.6369, 39.0327], [-120.6369, 39.0319], [-120.6351, 39.0324], [-120.6351, 39.0335], [-120.6365, 39.0335], [-120.6365, 39.033], [-120.6369, 39.0335], [-120.6386, 39.0335]], [[-120.6379, 39.0327], [-120.6376, 39.033], [-120.6376, 39.0327], [-120.6379, 39.0327]]], [[[-120.7597, 39.0323], [-120.7593, 39.0317], [-120.7603, 39.0315], [-120.7596, 39.0309], [-120.7607, 39.0307], [-120.7582, 39.0304], [-120.759, 39.0315], [-120.7586, 39.0323], [-120.7597, 39.0323]], [[-120.7593, 39.0312], [-120.759, 39.0315], [-120.7589, 39.0312], [-120.7593, 39.0312]]], [[[-120.7562, 39.0318], [-120.7555, 39.0312], [-120.7572, 39.0312], [-120.7572, 39.0304], [-120.7562, 39.0304], [-120.7551, 39.0293], [-120.7541, 39.0302], [-120.7537, 39.0315], [-120.7562, 39.0318]], [[-120.7562, 39.0307], [-120.7558, 39.031], [-120.7558, 39.0307], [-120.7562, 39.0307]], [[-120.7548, 39.0301], [-120.7544, 39.0304], [-120.7544, 39.0301], [-120.7548, 39.0301]]], [[[-120.6375, 39.0311], [-120.6379, 39.0295], [-120.6372, 39.0289], [-120.6368, 39.0306], [-120.6375, 39.0311]]], [[[-120.7593, 39.0285], [-120.7603, 39.0277], [-120.7589, 39.0274], [-120.7593, 39.0285]]], [[[-120.7527, 39.0312], [-120.7523, 39.0291], [-120.7534, 39.0285], [-120.7523, 39.0285], [-120.753, 39.0277], [-120.752, 39.0275], [-120.7506, 39.0283], [-120.751, 39.0299], [-120.7503, 39.0296], [-120.7499, 39.0307], [-120.7527, 39.0312]]], [[[-120.7915, 39.0283], [-120.7919, 39.0278], [-120.7905, 39.0272], [-120.7905, 39.028], [-120.7915, 39.0283]]], [[[-120.7548, 39.0277], [-120.7547, 39.0272], [-120.7551, 39.0266], [-120.7544, 39.0266], [-120.7548, 39.0277]]], [[[-120.6396, 39.03], [-120.6399, 39.027], [-120.6385, 39.027], [-120.6392, 39.0278], [-120.6389, 39.03], [-120.6396, 39.03]]], [[[-120.6323, 39.0287], [-120.633, 39.0279], [-120.6334, 39.0284], [-120.6351, 39.0279], [-120.6351, 39.0271], [-120.6344, 39.0276], [-120.6327, 39.0276], [-120.6323, 39.0271], [-120.6313, 39.0282], [-120.6323, 39.0287]]], [[[-120.7575, 39.0266], [-120.7579, 39.0261], [-120.7565, 39.025], [-120.7551, 39.025], [-120.7554, 39.0256], [-120.7547, 39.0258], [-120.753, 39.0253], [-120.753, 39.0261], [-120.7533, 39.0261], [-120.7537, 39.0266], [-120.7544, 39.0264], [-120.7568, 39.0266], [-120.7568, 39.0261], [-120.7575, 39.0266]], [[-120.7544, 39.0258], [-120.754, 39.0261], [-120.754, 39.0258], [-120.7544, 39.0258]], [[-120.7537, 39.0258], [-120.7533, 39.0261], [-120.7533, 39.0258], [-120.7537, 39.0258]], [[-120.7561, 39.0253], [-120.7558, 39.0256], [-120.7558, 39.0253], [-120.7561, 39.0253]]], [[[-120.7526, 39.025], [-120.7547, 39.0247], [-120.7547, 39.0239], [-120.754, 39.0245], [-120.7526, 39.0237], [-120.7526, 39.025]]], [[[-120.7502, 39.024], [-120.7502, 39.0234], [-120.7481, 39.0232], [-120.7485, 39.0237], [-120.7502, 39.024]]], [[[-120.7977, 39.0242], [-120.7977, 39.0237], [-120.7987, 39.0228], [-120.7974, 39.0231], [-120.7977, 39.0242]]], [[[-120.796, 39.0242], [-120.7967, 39.0226], [-120.7949, 39.0221], [-120.7956, 39.0226], [-120.7949, 39.024], [-120.796, 39.0242]], [[-120.7963, 39.0226], [-120.796, 39.0229], [-120.796, 39.0226], [-120.7963, 39.0226]]], [[[-120.5941, 39.02], [-120.5951, 39.0197], [-120.5937, 39.0192], [-120.5941, 39.02]]], [[[-120.6472, 39.0197], [-120.6471, 39.0189], [-120.6465, 39.0189], [-120.6458, 39.0184], [-120.6458, 39.0194], [-120.6472, 39.0197]]], [[[-120.6475, 39.0189], [-120.6478, 39.0181], [-120.6464, 39.0184], [-120.6465, 39.0186], [-120.6475, 39.0189]]], [[[-120.6461, 39.0202], [-120.6465, 39.0197], [-120.6458, 39.0197], [-120.6447, 39.0184], [-120.6437, 39.0186], [-120.6437, 39.0178], [-120.643, 39.0184], [-120.6402, 39.0187], [-120.6406, 39.0192], [-120.6416, 39.0192], [-120.6416, 39.0189], [-120.6423, 39.0189], [-120.6426, 39.02], [-120.6447, 39.0192], [-120.6444, 39.02], [-120.6461, 39.0202]], [[-120.6454, 39.0194], [-120.6451, 39.0197], [-120.6451, 39.0194], [-120.6454, 39.0194]], [[-120.643, 39.0192], [-120.6426, 39.0195], [-120.6426, 39.0192], [-120.643, 39.0192]], [[-120.6426, 39.0186], [-120.6423, 39.0189], [-120.6423, 39.0186], [-120.6426, 39.0186]]], [[[-120.6215, 39.019], [-120.6215, 39.0179], [-120.6204, 39.0177], [-120.6201, 39.0188], [-120.6215, 39.019]]], [[[-120.7976, 39.0169], [-120.7983, 39.0164], [-120.7966, 39.0164], [-120.7966, 39.0167], [-120.7976, 39.0169]]], [[[-120.592, 39.0181], [-120.592, 39.0176], [-120.5909, 39.017], [-120.591, 39.0176], [-120.592, 39.0181]]], [[[-120.5434, 39.018], [-120.5434, 39.0175], [-120.5424, 39.0172], [-120.5424, 39.0181], [-120.5434, 39.018]]], [[[-120.6426, 39.0181], [-120.6423, 39.0165], [-120.6419, 39.0165], [-120.6409, 39.0178], [-120.6426, 39.0181]]], [[[-120.6468, 39.0178], [-120.6468, 39.0165], [-120.6464, 39.0165], [-120.6461, 39.0173], [-120.6468, 39.0178]]], [[[-120.6222, 39.0177], [-120.6222, 39.0166], [-120.6208, 39.0166], [-120.6211, 39.0174], [-120.6222, 39.0177]]], [[[-120.6482, 39.0173], [-120.6482, 39.0162], [-120.6471, 39.0162], [-120.6475, 39.017], [-120.6482, 39.0173]]], [[[-120.6177, 39.0182], [-120.6177, 39.0177], [-120.6197, 39.0171], [-120.6197, 39.0166], [-120.6187, 39.0169], [-120.6173, 39.0161], [-120.617, 39.018], [-120.6177, 39.0182]]], [[[-120.6159, 39.0169], [-120.6163, 39.0164], [-120.6152, 39.0161], [-120.6152, 39.0166], [-120.6159, 39.0169]]], [[[-120.6489, 39.0181], [-120.6499, 39.0173], [-120.6489, 39.0173], [-120.6496, 39.0164], [-120.6485, 39.0154], [-120.6489, 39.0181]]], [[[-120.6222, 39.0163], [-120.6221, 39.0152], [-120.6218, 39.0152], [-120.6211, 39.0163], [-120.6222, 39.0163]]], [[[-120.8281, 39.0146], [-120.8288, 39.014], [-120.8285, 39.0135], [-120.8278, 39.0137], [-120.8281, 39.0146]]], [[[-120.5403, 39.0151], [-120.5417, 39.0148], [-120.5403, 39.0146], [-120.5403, 39.0151]]], [[[-120.807, 39.0136], [-120.8077, 39.0128], [-120.8059, 39.0128], [-120.8059, 39.0131], [-120.807, 39.0136]]], [[[-120.6128, 39.0142], [-120.6128, 39.0137], [-120.6114, 39.0131], [-120.6114, 39.0134], [-120.6128, 39.0142]]], [[[-120.826, 39.0138], [-120.826, 39.0129], [-120.8278, 39.0129], [-120.8281, 39.0124], [-120.8267, 39.0119], [-120.8253, 39.0132], [-120.826, 39.0138]]], [[[-120.8299, 39.0129], [-120.8302, 39.0118], [-120.8288, 39.0119], [-120.8292, 39.0129], [-120.8299, 39.0129]]], [[[-120.6406, 39.0184], [-120.6412, 39.0149], [-120.6419, 39.0151], [-120.6416, 39.0162], [-120.6426, 39.0157], [-120.6447, 39.0157], [-120.6447, 39.0165], [-120.6454, 39.0165], [-120.6454, 39.0157], [-120.6464, 39.0165], [-120.6482, 39.0151], [-120.6464, 39.014], [-120.6454, 39.014], [-120.6454, 39.0146], [-120.6443, 39.0146], [-120.644, 39.0138], [-120.6422, 39.0141], [-120.6429, 39.0132], [-120.6415, 39.013], [-120.6416, 39.0135], [-120.6405, 39.0135], [-120.6402, 39.0149], [-120.6406, 39.0184]], [[-120.645, 39.0154], [-120.6447, 39.0157], [-120.6447, 39.0154], [-120.645, 39.0154]], [[-120.6447, 39.0151], [-120.6443, 39.0154], [-120.6443, 39.0151], [-120.6447, 39.0151]], [[-120.644, 39.014], [-120.6436, 39.0146], [-120.6436, 39.014], [-120.644, 39.014]], [[-120.6419, 39.0135], [-120.6416, 39.0138], [-120.6416, 39.0135], [-120.6419, 39.0135]]], [[[-120.8198, 39.0127], [-120.8201, 39.0119], [-120.8191, 39.0116], [-120.8191, 39.0122], [-120.8198, 39.0127]]], [[[-120.8177, 39.013], [-120.8191, 39.0122], [-120.818, 39.0117], [-120.8177, 39.013]]], [[[-120.8281, 39.0116], [-120.8281, 39.011], [-120.8271, 39.0111], [-120.8271, 39.0116], [-120.8281, 39.0116]]], [[[-120.8174, 39.0122], [-120.8177, 39.0111], [-120.8167, 39.0114], [-120.8156, 39.0109], [-120.8156, 39.0117], [-120.8174, 39.0122]]], [[[-120.8087, 39.012], [-120.8087, 39.0114], [-120.809, 39.0109], [-120.808, 39.0115], [-120.8087, 39.012]]], [[[-120.8076, 39.0115], [-120.808, 39.0109], [-120.8066, 39.0107], [-120.8066, 39.0112], [-120.8076, 39.0115]]], [[[-120.6398, 39.013], [-120.6405, 39.0116], [-120.6401, 39.0108], [-120.6391, 39.0108], [-120.6388, 39.0122], [-120.6398, 39.013]]], [[[-120.817, 39.0111], [-120.8166, 39.01], [-120.8159, 39.0098], [-120.816, 39.0106], [-120.817, 39.0111]]], [[[-120.7223, 39.0109], [-120.7223, 39.0104], [-120.7213, 39.0101], [-120.7213, 39.0106], [-120.7223, 39.0109]]], [[[-120.8323, 39.0116], [-120.8322, 39.0091], [-120.8316, 39.0097], [-120.8305, 39.0091], [-120.8316, 39.0102], [-120.8316, 39.0116], [-120.8323, 39.0116]]], [[[-120.8281, 39.0102], [-120.8281, 39.0094], [-120.827, 39.0092], [-120.8274, 39.01], [-120.8281, 39.0102]]], [[[-120.8336, 39.0105], [-120.8333, 39.0097], [-120.834, 39.0091], [-120.8326, 39.0091], [-120.8326, 39.0102], [-120.8336, 39.0105]]], [[[-120.8055, 39.0104], [-120.8052, 39.009], [-120.8048, 39.009], [-120.8045, 39.0101], [-120.8055, 39.0104]]], [[[-120.7147, 39.0112], [-120.7147, 39.0104], [-120.7168, 39.0109], [-120.7168, 39.0096], [-120.714, 39.0104], [-120.713, 39.0102], [-120.7133, 39.011], [-120.7147, 39.0112]], [[-120.7164, 39.0101], [-120.7161, 39.0104], [-120.7161, 39.0101], [-120.7164, 39.0101]]], [[[-120.835, 39.0105], [-120.8347, 39.0099], [-120.8361, 39.0099], [-120.8364, 39.0091], [-120.835, 39.0088], [-120.835, 39.0096], [-120.834, 39.0097], [-120.834, 39.0105], [-120.835, 39.0105]]], [[[-120.8222, 39.0124], [-120.8243, 39.0116], [-120.8239, 39.0105], [-120.825, 39.01], [-120.8243, 39.0089], [-120.8229, 39.0092], [-120.8225, 39.0105], [-120.8215, 39.0106], [-120.8215, 39.0114], [-120.8229, 39.0114], [-120.8222, 39.0124]], [[-120.8236, 39.0108], [-120.8232, 39.0111], [-120.8232, 39.0108], [-120.8236, 39.0108]], [[-120.8232, 39.0105], [-120.8225, 39.0108], [-120.8225, 39.0105], [-120.8232, 39.0105]], [[-120.8239, 39.01], [-120.8232, 39.01], [-120.8232, 39.0095], [-120.8236, 39.0095], [-120.8239, 39.01]], [[-120.8239, 39.0092], [-120.8236, 39.0095], [-120.8236, 39.0092], [-120.8239, 39.0092]]], [[[-120.6377, 39.0111], [-120.6381, 39.0106], [-120.6391, 39.0108], [-120.6394, 39.0103], [-120.6377, 39.0098], [-120.6377, 39.0111]]], [[[-120.8267, 39.0094], [-120.826, 39.0084], [-120.8256, 39.0084], [-120.8256, 39.0092], [-120.8267, 39.0094]]], [[[-120.6779, 39.0101], [-120.6779, 39.009], [-120.6776, 39.009], [-120.6772, 39.0101], [-120.6779, 39.0101]]], [[[-120.6374, 39.0106], [-120.6374, 39.0092], [-120.6367, 39.0092], [-120.636, 39.0103], [-120.6374, 39.0106]]], [[[-120.8302, 39.0089], [-120.8301, 39.0078], [-120.8294, 39.0075], [-120.8298, 39.0086], [-120.8291, 39.0089], [-120.8302, 39.0089]]], [[[-120.628, 39.0093], [-120.628, 39.0087], [-120.6273, 39.0085], [-120.6269, 39.009], [-120.628, 39.0093]]], [[[-120.8208, 39.0084], [-120.8204, 39.007], [-120.8197, 39.0071], [-120.8201, 39.0081], [-120.8208, 39.0084]]], [[[-120.6935, 39.0092], [-120.6939, 39.0078], [-120.6932, 39.0076], [-120.6925, 39.0087], [-120.6935, 39.0092]]], [[[-120.7036, 39.0086], [-120.7022, 39.007], [-120.7005, 39.0081], [-120.7012, 39.0086], [-120.7036, 39.0086]], [[-120.7015, 39.0078], [-120.7011, 39.0081], [-120.7011, 39.0078], [-120.7015, 39.0078]]], [[[-120.7067, 39.0072], [-120.7077, 39.0078], [-120.7077, 39.0069], [-120.7067, 39.0072]]], [[[-120.6675, 39.0077], [-120.6675, 39.0069], [-120.6654, 39.0075], [-120.6654, 39.0077], [-120.6675, 39.0077]]], [[[-120.638, 39.009], [-120.6366, 39.0079], [-120.637, 39.0071], [-120.636, 39.0079], [-120.6353, 39.0073], [-120.6342, 39.0079], [-120.6342, 39.0084], [-120.636, 39.0082], [-120.6363, 39.009], [-120.638, 39.009]]], [[[-120.7005, 39.0089], [-120.7001, 39.0083], [-120.7004, 39.0075], [-120.6998, 39.0075], [-120.6997, 39.0065], [-120.6987, 39.0062], [-120.6991, 39.0067], [-120.698, 39.007], [-120.6994, 39.0075], [-120.6994, 39.0083], [-120.6984, 39.0086], [-120.7005, 39.0089]], [[-120.7001, 39.0083], [-120.6998, 39.0086], [-120.6998, 39.0083], [-120.7001, 39.0083]]], [[[-120.6401, 39.0087], [-120.6415, 39.0084], [-120.6408, 39.0081], [-120.6412, 39.0076], [-120.6425, 39.0078], [-120.6425, 39.007], [-120.6387, 39.0062], [-120.6391, 39.0071], [-120.6373, 39.0073], [-120.6373, 39.0079], [-120.6391, 39.0079], [-120.6387, 39.0084], [-120.6394, 39.0084], [-120.6401, 39.0087]], [[-120.6398, 39.0081], [-120.6394, 39.0084], [-120.6394, 39.0081], [-120.6398, 39.0081]], [[-120.6401, 39.0079], [-120.6398, 39.0081], [-120.6398, 39.0079], [-120.6401, 39.0079]], [[-120.6405, 39.0076], [-120.6401, 39.0079], [-120.6401, 39.0076], [-120.6405, 39.0076]]], [[[-120.7063, 39.0075], [-120.706, 39.0061], [-120.7039, 39.0062], [-120.7039, 39.0067], [-120.706, 39.0067], [-120.7063, 39.0075]]], [[[-120.6644, 39.0077], [-120.6651, 39.0072], [-120.6644, 39.0061], [-120.6651, 39.0058], [-120.664, 39.0056], [-120.664, 39.0048], [-120.663, 39.005], [-120.6623, 39.0045], [-120.6623, 39.0053], [-120.6612, 39.0048], [-120.6609, 39.0059], [-120.6588, 39.0051], [-120.6592, 39.0061], [-120.6606, 39.0067], [-120.6626, 39.0059], [-120.6626, 39.0067], [-120.664, 39.0067], [-120.6644, 39.0077]], [[-120.6637, 39.0053], [-120.6633, 39.0056], [-120.6633, 39.0053], [-120.6637, 39.0053]], [[-120.663, 39.0053], [-120.6626, 39.0056], [-120.6626, 39.0053], [-120.663, 39.0053]]], [[[-120.6932, 39.0065], [-120.6931, 39.0057], [-120.6938, 39.0057], [-120.6935, 39.0043], [-120.6931, 39.0049], [-120.6914, 39.0043], [-120.6914, 39.0054], [-120.6932, 39.0065]], [[-120.6935, 39.0051], [-120.6931, 39.0054], [-120.6931, 39.0051], [-120.6935, 39.0051]], [[-120.6925, 39.0051], [-120.6921, 39.0054], [-120.6921, 39.0051], [-120.6925, 39.0051]]], [[[-120.7081, 39.0059], [-120.708, 39.0037], [-120.7077, 39.0037], [-120.707, 39.0043], [-120.7077, 39.0042], [-120.7074, 39.0059], [-120.7081, 39.0059]]], [[[-120.6498, 39.0083], [-120.6498, 39.0056], [-120.6529, 39.0056], [-120.6529, 39.0048], [-120.6519, 39.0054], [-120.6495, 39.0051], [-120.6491, 39.0057], [-120.6477, 39.0046], [-120.6481, 39.0059], [-120.6474, 39.0059], [-120.6474, 39.0046], [-120.646, 39.0054], [-120.6439, 39.0041], [-120.6446, 39.0062], [-120.6432, 39.0057], [-120.6429, 39.0046], [-120.6422, 39.0057], [-120.6411, 39.0057], [-120.6411, 39.0065], [-120.6432, 39.0065], [-120.6429, 39.0084], [-120.6453, 39.0076], [-120.6443, 39.0073], [-120.645, 39.0059], [-120.6488, 39.0067], [-120.6484, 39.0078], [-120.6498, 39.0083]], [[-120.6443, 39.0062], [-120.6439, 39.0065], [-120.6439, 39.0062], [-120.6443, 39.0062]], [[-120.6484, 39.0059], [-120.6481, 39.0062], [-120.6481, 39.0059], [-120.6484, 39.0059]]], [[[-120.7687, 39.005], [-120.7694, 39.0041], [-120.7691, 39.0031], [-120.7677, 39.0031], [-120.768, 39.005], [-120.7687, 39.005]], [[-120.7687, 39.0044], [-120.7684, 39.0047], [-120.7684, 39.0044], [-120.7687, 39.0044]]], [[[-120.6508, 39.0046], [-120.6508, 39.0035], [-120.6498, 39.0038], [-120.6498, 39.0043], [-120.6508, 39.0046]]], [[[-120.6605, 39.0051], [-120.6612, 39.004], [-120.6605, 39.0042], [-120.6598, 39.0034], [-120.6595, 39.004], [-120.6605, 39.0051]], [[-120.6605, 39.0042], [-120.6602, 39.0045], [-120.6602, 39.0042], [-120.6605, 39.0042]]], [[[-120.6488, 39.0046], [-120.6494, 39.0038], [-120.6487, 39.0032], [-120.6488, 39.0046]]], [[[-120.6588, 39.0045], [-120.6591, 39.0034], [-120.6574, 39.0034], [-120.6571, 39.0043], [-120.6588, 39.0045]]], [[[-120.6727, 39.0098], [-120.6755, 39.0093], [-120.6755, 39.0085], [-120.6748, 39.0085], [-120.6755, 39.0071], [-120.6744, 39.0069], [-120.6737, 39.0074], [-120.6734, 39.0069], [-120.672, 39.0074], [-120.6713, 39.0063], [-120.6741, 39.0055], [-120.6734, 39.0044], [-120.6744, 39.0052], [-120.6755, 39.005], [-120.6761, 39.0039], [-120.6754, 39.0034], [-120.6744, 39.0036], [-120.6741, 39.0031], [-120.6734, 39.0042], [-120.6706, 39.0045], [-120.6696, 39.0058], [-120.6692, 39.005], [-120.6671, 39.0058], [-120.6678, 39.0069], [-120.6682, 39.0064], [-120.6699, 39.0064], [-120.6703, 39.008], [-120.6713, 39.0074], [-120.6731, 39.008], [-120.6734, 39.0088], [-120.6724, 39.0088], [-120.6724, 39.0096], [-120.6727, 39.0096], [-120.6727, 39.0098]], [[-120.6738, 39.0093], [-120.6734, 39.0096], [-120.6734, 39.0093], [-120.6738, 39.0093]], [[-120.6731, 39.0093], [-120.6727, 39.0096], [-120.6727, 39.0093], [-120.6731, 39.0093]], [[-120.6717, 39.0058], [-120.6713, 39.0061], [-120.6713, 39.0058], [-120.6717, 39.0058]], [[-120.672, 39.0055], [-120.6717, 39.0058], [-120.6716, 39.0055], [-120.672, 39.0055]], [[-120.6706, 39.0055], [-120.6699, 39.0058], [-120.6699, 39.0055], [-120.6706, 39.0055]], [[-120.6723, 39.0055], [-120.672, 39.005], [-120.673, 39.0047], [-120.673, 39.0053], [-120.6723, 39.0055]], [[-120.6754, 39.0036], [-120.6751, 39.0039], [-120.6751, 39.0036], [-120.6754, 39.0036]]], [[[-120.7004, 39.0046], [-120.7015, 39.0043], [-120.7008, 39.0037], [-120.7018, 39.0029], [-120.698, 39.0032], [-120.6983, 39.0043], [-120.6997, 39.0046], [-120.7001, 39.0038], [-120.7004, 39.0046]], [[-120.7008, 39.0035], [-120.7004, 39.0037], [-120.7004, 39.0035], [-120.7008, 39.0035]]], [[[-120.6481, 39.004], [-120.6481, 39.0032], [-120.6474, 39.003], [-120.6474, 39.004], [-120.6481, 39.004]]], [[[-120.6567, 39.0035], [-120.6574, 39.0032], [-120.6581, 39.0026], [-120.6571, 39.0026], [-120.6567, 39.0035]]], [[[-120.6769, 39.0093], [-120.6789, 39.0074], [-120.6821, 39.0074], [-120.6821, 39.0066], [-120.6831, 39.0065], [-120.6821, 39.006], [-120.6831, 39.0049], [-120.6838, 39.0049], [-120.6841, 39.0052], [-120.6838, 39.0057], [-120.6873, 39.0057], [-120.6872, 39.0027], [-120.6845, 39.003], [-120.6831, 39.0025], [-120.6827, 39.003], [-120.6845, 39.0033], [-120.6838, 39.0038], [-120.682, 39.0036], [-120.6817, 39.0025], [-120.681, 39.003], [-120.681, 39.0022], [-120.6799, 39.0022], [-120.6789, 39.0033], [-120.6779, 39.0028], [-120.6775, 39.0039], [-120.6782, 39.0044], [-120.6765, 39.0047], [-120.6789, 39.005], [-120.6789, 39.0063], [-120.6782, 39.0066], [-120.6775, 39.0055], [-120.6779, 39.0066], [-120.6758, 39.0077], [-120.6758, 39.009], [-120.6769, 39.0093]], [[-120.6783, 39.0074], [-120.6779, 39.0077], [-120.6779, 39.0074], [-120.6783, 39.0074]], [[-120.6789, 39.0071], [-120.6786, 39.0074], [-120.6786, 39.0071], [-120.6789, 39.0071]], [[-120.6796, 39.0068], [-120.6793, 39.0071], [-120.6793, 39.0068], [-120.6796, 39.0068]], [[-120.6821, 39.0055], [-120.6817, 39.0057], [-120.6817, 39.0055], [-120.6821, 39.0055]], [[-120.6859, 39.0052], [-120.6855, 39.0055], [-120.6855, 39.0052], [-120.6859, 39.0052]], [[-120.682, 39.0049], [-120.6814, 39.0055], [-120.6814, 39.0049], [-120.682, 39.0049]], [[-120.6803, 39.0049], [-120.68, 39.0055], [-120.68, 39.0049], [-120.6803, 39.0049]], [[-120.6865, 39.0044], [-120.6862, 39.0049], [-120.6862, 39.0044], [-120.6865, 39.0044]], [[-120.6841, 39.0041], [-120.6838, 39.0049], [-120.6838, 39.0041], [-120.6841, 39.0041]], [[-120.6831, 39.0044], [-120.6827, 39.0047], [-120.6827, 39.0044], [-120.6831, 39.0044]], [[-120.682, 39.0044], [-120.6817, 39.0047], [-120.6817, 39.0044], [-120.682, 39.0044]], [[-120.6824, 39.0041], [-120.682, 39.0044], [-120.682, 39.0041], [-120.6824, 39.0041]], [[-120.6803, 39.0041], [-120.68, 39.0044], [-120.68, 39.0041], [-120.6803, 39.0041]], [[-120.6813, 39.0041], [-120.6806, 39.0039], [-120.6793, 39.0041], [-120.6786, 39.0036], [-120.6789, 39.0036], [-120.6793, 39.0031], [-120.6803, 39.0036], [-120.6806, 39.0031], [-120.6813, 39.0041]], [[-120.6862, 39.0036], [-120.6859, 39.0038], [-120.6858, 39.0036], [-120.6862, 39.0036]], [[-120.6858, 39.0033], [-120.6855, 39.0036], [-120.6855, 39.0033], [-120.6858, 39.0033]]], [[[-120.708, 39.0026], [-120.708, 39.001], [-120.7063, 39.001], [-120.7073, 39.0016], [-120.707, 39.0021], [-120.708, 39.0026]]], [[[-120.7059, 39.0024], [-120.7052, 39.001], [-120.7039, 39.0013], [-120.7042, 39.0018], [-120.7049, 39.0016], [-120.7059, 39.0024]]], [[[-120.6751, 39.0015], [-120.6751, 39.0007], [-120.674, 39.0009], [-120.674, 39.0015], [-120.6751, 39.0015]]], [[[-120.6539, 39.0016], [-120.6571, 39.0021], [-120.656, 39.0013], [-120.6563, 39.0008], [-120.6543, 39.0005], [-120.6539, 39.0016]]], [[[-120.7063, 39.0007], [-120.7063, 38.9999], [-120.7052, 38.9999], [-120.7059, 39.0002], [-120.7056, 39.0008], [-120.7063, 39.0007]]], [[[-120.664, 39.0021], [-120.664, 39.0015], [-120.6661, 39.0015], [-120.6667, 39.0002], [-120.6657, 39.001], [-120.6636, 39.0007], [-120.664, 39.0021]]], [[[-120.6983, 39.0024], [-120.6983, 39.0003], [-120.6973, 39.0003], [-120.6969, 39.0011], [-120.6966, 38.9997], [-120.6955, 39.0019], [-120.6983, 39.0024]]], [[[-120.6997, 39.0005], [-120.6997, 39.0], [-120.6986, 38.9994], [-120.6983, 39.0003], [-120.6997, 39.0005]]], [[[-120.6727, 39.0012], [-120.6733, 39.0001], [-120.6723, 39.0004], [-120.6723, 38.9996], [-120.6709, 38.9999], [-120.6727, 39.0012]]], [[[-120.6699, 38.9993], [-120.6706, 38.9999], [-120.6716, 38.9993], [-120.6699, 38.9993]]], [[[-120.6917, 39.0003], [-120.6927, 38.9997], [-120.6927, 38.9989], [-120.6917, 38.9992], [-120.6917, 39.0003]]], [[[-120.586, 39.0011], [-120.588, 39.0003], [-120.5884, 38.9995], [-120.586, 38.9998], [-120.586, 39.0011]]], [[[-120.7007, 39.001], [-120.7014, 38.9997], [-120.7004, 38.9989], [-120.7004, 38.9984], [-120.6997, 38.9984], [-120.7007, 39.0002], [-120.6993, 39.0011], [-120.7007, 39.001]]], [[[-120.6945, 38.9992], [-120.6948, 38.9981], [-120.6938, 38.9981], [-120.6934, 38.9992], [-120.6945, 38.9992]]], [[[-120.6688, 39.0007], [-120.6688, 38.9996], [-120.6692, 38.9993], [-120.6699, 38.9993], [-120.6705, 38.9985], [-120.6674, 38.9983], [-120.6671, 38.9991], [-120.665, 38.9996], [-120.6671, 38.9996], [-120.6674, 39.0002], [-120.6685, 38.9999], [-120.6688, 39.0007]], [[-120.6685, 38.9991], [-120.6681, 38.9996], [-120.6678, 38.9991], [-120.6685, 38.9991]], [[-120.6678, 38.9993], [-120.6671, 38.9996], [-120.6671, 38.9993], [-120.6678, 38.9993]], [[-120.6699, 38.9988], [-120.6692, 38.9991], [-120.6692, 38.9988], [-120.6699, 38.9988]], [[-120.6681, 38.9985], [-120.6674, 38.9988], [-120.6674, 38.9985], [-120.6681, 38.9985]]], [[[-120.5929, 38.9997], [-120.5932, 38.9989], [-120.5957, 38.9989], [-120.5957, 38.9981], [-120.5905, 38.9981], [-120.5915, 38.9997], [-120.5929, 38.9997]], [[-120.5925, 38.9989], [-120.5922, 38.9992], [-120.5922, 38.9989], [-120.5925, 38.9989]], [[-120.5929, 38.9987], [-120.5925, 38.9989], [-120.5925, 38.9987], [-120.5929, 38.9987]]], [[[-120.7014, 38.9989], [-120.7017, 38.9978], [-120.7004, 38.9975], [-120.7007, 38.9989], [-120.7014, 38.9989]]], [[[-120.5981, 38.9986], [-120.6015, 38.9981], [-120.5977, 38.9981], [-120.5981, 38.9986]]], [[[-120.708, 38.9986], [-120.708, 38.997], [-120.7076, 38.997], [-120.7069, 38.9978], [-120.708, 38.9986]]], [[[-120.6636, 38.9999], [-120.6636, 38.9991], [-120.6653, 38.9985], [-120.6657, 38.9977], [-120.6671, 38.9977], [-120.6671, 38.9972], [-120.6639, 38.9975], [-120.6633, 38.998], [-120.664, 38.9983], [-120.664, 38.9988], [-120.6612, 38.9983], [-120.6608, 38.9997], [-120.6622, 38.9994], [-120.6622, 38.9996], [-120.6629, 38.9996], [-120.6636, 38.9999]], [[-120.6633, 38.9994], [-120.6629, 38.9996], [-120.6629, 38.9994], [-120.6633, 38.9994]], [[-120.6643, 38.998], [-120.664, 38.9983], [-120.664, 38.998], [-120.6643, 38.998]], [[-120.6653, 38.9975], [-120.665, 38.9977], [-120.665, 38.9975], [-120.6653, 38.9975]]], [[[-120.761, 38.9974], [-120.7621, 38.9966], [-120.7614, 38.9964], [-120.761, 38.9974]]], [[[-120.674, 38.9982], [-120.6747, 38.9971], [-120.673, 38.9966], [-120.6733, 38.9974], [-120.6726, 38.998], [-120.674, 38.9982]]], [[[-120.7603, 38.9972], [-120.7603, 38.9958], [-120.7589, 38.9958], [-120.7589, 38.9967], [-120.7603, 38.9972]]], [[[-120.665, 38.9967], [-120.6646, 38.9956], [-120.6643, 38.9956], [-120.6639, 38.9967], [-120.665, 38.9967]]], [[[-120.7662, 38.9961], [-120.7672, 38.9952], [-120.7662, 38.995], [-120.7662, 38.9961]]], [[[-120.8054, 38.9961], [-120.8054, 38.995], [-120.8043, 38.9945], [-120.8047, 38.9961], [-120.8054, 38.9961]]], [[[-120.605, 38.9962], [-120.6046, 38.9948], [-120.6043, 38.9948], [-120.6043, 38.9962], [-120.605, 38.9962]]], [[[-120.6261, 38.9963], [-120.6268, 38.9947], [-120.6247, 38.9947], [-120.6248, 38.9953], [-120.6261, 38.9963]], [[-120.6265, 38.995], [-120.6261, 38.9952], [-120.6261, 38.995], [-120.6265, 38.995]], [[-120.6258, 38.995], [-120.6254, 38.9953], [-120.6254, 38.995], [-120.6258, 38.995]]], [[[-120.6733, 38.9942], [-120.6736, 38.9947], [-120.6747, 38.9942], [-120.6733, 38.9942]]], [[[-120.752, 38.9948], [-120.752, 38.9937], [-120.7499, 38.9935], [-120.7499, 38.9948], [-120.752, 38.9948]]], [[[-120.6532, 38.9948], [-120.6535, 38.9943], [-120.6525, 38.994], [-120.6525, 38.9946], [-120.6532, 38.9948]]], [[[-120.7659, 38.995], [-120.7676, 38.9942], [-120.7676, 38.9931], [-120.7655, 38.9945], [-120.7659, 38.995]]], [[[-120.6546, 38.9954], [-120.6566, 38.9943], [-120.6559, 38.9932], [-120.6549, 38.9948], [-120.6539, 38.9948], [-120.6546, 38.9954]]], [[[-120.6098, 38.9948], [-120.6098, 38.994], [-120.6112, 38.9934], [-120.6088, 38.9934], [-120.6098, 38.9948]]], [[[-120.6414, 38.9941], [-120.6428, 38.9933], [-120.6435, 38.9935], [-120.6438, 38.993], [-120.6414, 38.9933], [-120.6414, 38.9941]]], [[[-120.6078, 38.9951], [-120.6088, 38.994], [-120.6074, 38.9929], [-120.6071, 38.9937], [-120.6078, 38.9951]]], [[[-120.6182, 38.9939], [-120.6199, 38.9934], [-120.6181, 38.9929], [-120.6182, 38.9939]]], [[[-120.7554, 38.9929], [-120.7558, 38.9921], [-120.7544, 38.9921], [-120.7544, 38.9924], [-120.7554, 38.9929]]], [[[-120.7672, 38.9928], [-120.7679, 38.9915], [-120.7669, 38.9915], [-120.7672, 38.9928]]], [[[-120.6247, 38.9939], [-120.6247, 38.9934], [-120.6258, 38.9936], [-120.6258, 38.9928], [-120.6247, 38.9926], [-120.6233, 38.9934], [-120.623, 38.9928], [-120.624, 38.9923], [-120.623, 38.992], [-120.622, 38.9934], [-120.6237, 38.9939], [-120.6244, 38.9934], [-120.6247, 38.9939]]], [[[-120.7641, 38.9918], [-120.7648, 38.9918], [-120.7662, 38.9915], [-120.7644, 38.9909], [-120.7641, 38.9918]]], [[[-120.6067, 38.9926], [-120.6057, 38.9918], [-120.6043, 38.9921], [-120.6043, 38.9927], [-120.6067, 38.9926]]], [[[-120.6192, 38.9923], [-120.6192, 38.9918], [-120.6178, 38.9918], [-120.6181, 38.9923], [-120.6192, 38.9923]]], [[[-120.6563, 38.9924], [-120.6577, 38.9918], [-120.6566, 38.9913], [-120.6563, 38.9924]]], [[[-120.6261, 38.9923], [-120.6265, 38.9917], [-120.6278, 38.9912], [-120.6258, 38.9912], [-120.6261, 38.9923]]], [[[-120.7727, 38.9906], [-120.7752, 38.9903], [-120.7727, 38.9898], [-120.7727, 38.9906]]], [[[-120.7631, 38.9947], [-120.7631, 38.9939], [-120.7651, 38.9936], [-120.7658, 38.9923], [-120.7641, 38.9923], [-120.7637, 38.992], [-120.7641, 38.991], [-120.7596, 38.9907], [-120.7592, 38.9896], [-120.7571, 38.9896], [-120.7571, 38.9902], [-120.7558, 38.9905], [-120.7544, 38.9902], [-120.754, 38.9907], [-120.7568, 38.991], [-120.7572, 38.9923], [-120.7561, 38.9937], [-120.7558, 38.9929], [-120.7554, 38.9932], [-120.7544, 38.9929], [-120.7541, 38.9937], [-120.7523, 38.9943], [-120.7523, 38.9948], [-120.7544, 38.9948], [-120.7548, 38.9942], [-120.7555, 38.9945], [-120.7558, 38.9942], [-120.7561, 38.9942], [-120.7561, 38.9945], [-120.7582, 38.9945], [-120.7582, 38.9934], [-120.7593, 38.9934], [-120.7596, 38.9926], [-120.7589, 38.9918], [-120.7596, 38.9915], [-120.7599, 38.9926], [-120.761, 38.9926], [-120.7603, 38.9937], [-120.7631, 38.9947]], [[-120.7575, 38.994], [-120.7572, 38.9942], [-120.7572, 38.994], [-120.7575, 38.994]], [[-120.7565, 38.994], [-120.7561, 38.9942], [-120.7561, 38.994], [-120.7565, 38.994]], [[-120.7631, 38.9939], [-120.7613, 38.9931], [-120.7617, 38.992], [-120.7631, 38.9928], [-120.7631, 38.9939]], [[-120.7579, 38.9937], [-120.7575, 38.994], [-120.7575, 38.9937], [-120.7579, 38.9937]], [[-120.7572, 38.9932], [-120.7568, 38.9937], [-120.7568, 38.9932], [-120.7572, 38.9932]], [[-120.7645, 38.9931], [-120.7641, 38.9934], [-120.7641, 38.9931], [-120.7645, 38.9931]], [[-120.7586, 38.9926], [-120.7575, 38.9932], [-120.7575, 38.9923], [-120.7586, 38.9926]], [[-120.7617, 38.9918], [-120.7613, 38.992], [-120.7613, 38.9918], [-120.7617, 38.9918]], [[-120.7589, 38.9915], [-120.7579, 38.9921], [-120.7578, 38.9913], [-120.7589, 38.9915]], [[-120.7624, 38.9915], [-120.7617, 38.9918], [-120.7617, 38.9915], [-120.7624, 38.9915]], [[-120.761, 38.9918], [-120.7599, 38.9915], [-120.7599, 38.9912], [-120.7613, 38.9912], [-120.761, 38.9918]], [[-120.7599, 38.991], [-120.7596, 38.9912], [-120.7596, 38.991], [-120.7599, 38.991]], [[-120.7575, 38.991], [-120.7572, 38.9913], [-120.7571, 38.991], [-120.7575, 38.991]], [[-120.7585, 38.9902], [-120.7582, 38.9907], [-120.7582, 38.9902], [-120.7585, 38.9902]], [[-120.7578, 38.9904], [-120.7575, 38.9907], [-120.7575, 38.9905], [-120.7578, 38.9904]]], [[[-120.6466, 38.993], [-120.6469, 38.9919], [-120.648, 38.9922], [-120.6483, 38.9905], [-120.6476, 38.9903], [-120.6473, 38.9914], [-120.6462, 38.9908], [-120.6466, 38.9919], [-120.6459, 38.9914], [-120.6448, 38.9916], [-120.6452, 38.9908], [-120.6438, 38.9908], [-120.6435, 38.9927], [-120.6438, 38.9927], [-120.6438, 38.993], [-120.6445, 38.993], [-120.6452, 38.9919], [-120.6459, 38.9919], [-120.6455, 38.993], [-120.6466, 38.993]], [[-120.6441, 38.9922], [-120.6438, 38.9927], [-120.6438, 38.9922], [-120.6441, 38.9922]], [[-120.6448, 38.9916], [-120.6445, 38.9919], [-120.6445, 38.9916], [-120.6448, 38.9916]]], [[[-120.6115, 38.9905], [-120.6126, 38.9905], [-120.6126, 38.9899], [-120.6115, 38.9905]]], [[[-120.6434, 38.9906], [-120.6455, 38.99], [-120.6445, 38.9895], [-120.6434, 38.9906]]], [[[-120.6431, 38.9919], [-120.6434, 38.9914], [-120.6424, 38.9914], [-120.6424, 38.9908], [-120.6427, 38.9911], [-120.6434, 38.9908], [-120.6424, 38.9903], [-120.6424, 38.9895], [-120.641, 38.9898], [-120.641, 38.9917], [-120.6431, 38.9919]], [[-120.6417, 38.9911], [-120.6414, 38.9914], [-120.6414, 38.9911], [-120.6417, 38.9911]], [[-120.6424, 38.9903], [-120.6417, 38.9906], [-120.6417, 38.9903], [-120.6424, 38.9903]]], [[[-120.6147, 38.9907], [-120.6143, 38.9896], [-120.6133, 38.9899], [-120.6136, 38.9907], [-120.6147, 38.9907]]], [[[-120.7769, 38.9903], [-120.7769, 38.9884], [-120.7762, 38.9884], [-120.7759, 38.9895], [-120.7769, 38.9903]]], [[[-120.6171, 38.9912], [-120.6164, 38.9902], [-120.6171, 38.9896], [-120.6167, 38.9891], [-120.616, 38.991], [-120.6171, 38.9912]]], [[[-120.6493, 38.99], [-120.6504, 38.9897], [-120.6504, 38.9889], [-120.6486, 38.9892], [-120.6493, 38.99]]], [[[-120.7516, 38.9932], [-120.7513, 38.9924], [-120.7509, 38.9929], [-120.7502, 38.9927], [-120.7502, 38.9913], [-120.753, 38.9907], [-120.7523, 38.9899], [-120.7502, 38.9908], [-120.7495, 38.9902], [-120.7502, 38.9891], [-120.7492, 38.9889], [-120.7485, 38.9894], [-120.746, 38.9889], [-120.7422, 38.9895], [-120.7415, 38.9881], [-120.7412, 38.9892], [-120.7384, 38.9881], [-120.7388, 38.9914], [-120.7412, 38.9914], [-120.7409, 38.9908], [-120.7415, 38.9908], [-120.7416, 38.9914], [-120.7443, 38.9911], [-120.7468, 38.9916], [-120.7461, 38.9911], [-120.7474, 38.9911], [-120.7488, 38.9916], [-120.7481, 38.991], [-120.7488, 38.9897], [-120.7499, 38.9932], [-120.7516, 38.9932]], [[-120.744, 38.9905], [-120.7436, 38.9908], [-120.7436, 38.9905], [-120.744, 38.9905]], [[-120.7481, 38.99], [-120.7478, 38.9902], [-120.7478, 38.99], [-120.7481, 38.99]], [[-120.7474, 38.99], [-120.7471, 38.9902], [-120.7471, 38.99], [-120.7474, 38.99]], [[-120.7436, 38.9897], [-120.7433, 38.99], [-120.7433, 38.9897], [-120.7436, 38.9897]], [[-120.7394, 38.9892], [-120.7391, 38.9898], [-120.7391, 38.9892], [-120.7394, 38.9892]], [[-120.7405, 38.9892], [-120.7401, 38.9895], [-120.7401, 38.9892], [-120.7405, 38.9892]]], [[[-120.6122, 38.9888], [-120.6136, 38.9894], [-120.6136, 38.9883], [-120.6122, 38.9888]]], [[[-120.6455, 38.9881], [-120.6455, 38.9868], [-120.6451, 38.9868], [-120.6448, 38.9879], [-120.6455, 38.9881]]], [[[-120.6101, 38.9878], [-120.6101, 38.9872], [-120.6105, 38.987], [-120.6094, 38.9872], [-120.6101, 38.9878]]], [[[-120.6046, 38.9878], [-120.6053, 38.9875], [-120.6056, 38.9867], [-120.6042, 38.987], [-120.6046, 38.9878]]], [[[-120.7866, 38.9868], [-120.7873, 38.9854], [-120.7848, 38.9854], [-120.7841, 38.9862], [-120.7841, 38.9868], [-120.7866, 38.9868]], [[-120.7852, 38.9862], [-120.7848, 38.9865], [-120.7848, 38.9862], [-120.7852, 38.9862]], [[-120.7869, 38.9857], [-120.7866, 38.9859], [-120.7866, 38.9857], [-120.7869, 38.9857]]], [[[-120.7803, 38.9868], [-120.7838, 38.9865], [-120.7831, 38.9854], [-120.7828, 38.986], [-120.7817, 38.986], [-120.7814, 38.9865], [-120.7803, 38.9863], [-120.7803, 38.9868]], [[-120.7828, 38.9862], [-120.7824, 38.9865], [-120.7824, 38.9862], [-120.7828, 38.9862]], [[-120.7821, 38.9862], [-120.7817, 38.9865], [-120.7817, 38.9862], [-120.7821, 38.9862]]], [[[-120.6143, 38.9937], [-120.6147, 38.9926], [-120.6133, 38.9923], [-120.6136, 38.9918], [-120.6126, 38.9918], [-120.6122, 38.991], [-120.6105, 38.9907], [-120.6112, 38.9905], [-120.6112, 38.9897], [-120.6119, 38.9899], [-120.6115, 38.9883], [-120.6139, 38.9864], [-120.6139, 38.9856], [-120.6129, 38.9864], [-120.6122, 38.9859], [-120.6112, 38.9867], [-120.6105, 38.9883], [-120.6084, 38.9883], [-120.6087, 38.9878], [-120.6077, 38.9875], [-120.6067, 38.9883], [-120.6046, 38.9878], [-120.6042, 38.9891], [-120.6053, 38.9889], [-120.6053, 38.9894], [-120.6042, 38.9894], [-120.6043, 38.991], [-120.6056, 38.99], [-120.6067, 38.9899], [-120.6067, 38.9905], [-120.6081, 38.9902], [-120.6101, 38.9886], [-120.6115, 38.9891], [-120.6105, 38.9894], [-120.6108, 38.9902], [-120.6098, 38.9891], [-120.6091, 38.9899], [-120.6098, 38.9905], [-120.6074, 38.9905], [-120.607, 38.9913], [-120.6077, 38.991], [-120.6088, 38.9918], [-120.6088, 38.991], [-120.6098, 38.991], [-120.6109, 38.9926], [-120.6122, 38.9921], [-120.6123, 38.9929], [-120.6126, 38.9923], [-120.6136, 38.9929], [-120.613, 38.9937], [-120.6143, 38.9937]], [[-120.6077, 38.9899], [-120.607, 38.9899], [-120.607, 38.9894], [-120.6074, 38.9894], [-120.6077, 38.9899]], [[-120.6056, 38.9897], [-120.6053, 38.99], [-120.6053, 38.9897], [-120.6056, 38.9897]], [[-120.607, 38.9891], [-120.6067, 38.9894], [-120.6067, 38.9891], [-120.607, 38.9891]], [[-120.6094, 38.9886], [-120.6087, 38.9889], [-120.6087, 38.9886], [-120.6094, 38.9886]], [[-120.6077, 38.9883], [-120.6074, 38.9886], [-120.6074, 38.9883], [-120.6077, 38.9883]], [[-120.6053, 38.9883], [-120.6049, 38.9886], [-120.6049, 38.9883], [-120.6053, 38.9883]], [[-120.608, 38.9881], [-120.6077, 38.9883], [-120.6077, 38.9881], [-120.608, 38.9881]], [[-120.6119, 38.9875], [-120.6112, 38.9878], [-120.6112, 38.9875], [-120.6119, 38.9875]], [[-120.6119, 38.9867], [-120.6115, 38.987], [-120.6115, 38.9867], [-120.6119, 38.9867]]], [[[-120.615, 38.9859], [-120.615, 38.985], [-120.6156, 38.9845], [-120.6143, 38.985], [-120.6143, 38.9859], [-120.615, 38.9859]]], [[[-120.6177, 38.9853], [-120.6177, 38.9845], [-120.6184, 38.9839], [-120.617, 38.9845], [-120.6177, 38.9853]]], [[[-120.7886, 38.9854], [-120.7886, 38.9849], [-120.7904, 38.9846], [-120.79, 38.9838], [-120.789, 38.9838], [-120.789, 38.9827], [-120.7879, 38.983], [-120.7883, 38.9835], [-120.7872, 38.9835], [-120.7886, 38.9843], [-120.7883, 38.9846], [-120.7886, 38.9854]]], [[[-120.6146, 38.9845], [-120.6143, 38.984], [-120.6149, 38.9837], [-120.6132, 38.984], [-120.6146, 38.9845]]], [[[-120.7869, 38.9832], [-120.7869, 38.9824], [-120.7855, 38.9827], [-120.7855, 38.983], [-120.7869, 38.9832]]], [[[-120.5987, 38.9838], [-120.599, 38.983], [-120.5976, 38.983], [-120.5976, 38.9832], [-120.5987, 38.9838]]], [[[-120.7924, 38.9827], [-120.7921, 38.9813], [-120.791, 38.9811], [-120.7914, 38.9827], [-120.7924, 38.9827]]], [[[-120.5948, 38.9824], [-120.5945, 38.9816], [-120.5921, 38.9819], [-120.5921, 38.9822], [-120.5948, 38.9824]]], [[[-120.6635, 38.9818], [-120.6635, 38.981], [-120.6638, 38.9805], [-120.6624, 38.981], [-120.6635, 38.9818]]], [[[-120.5917, 38.9817], [-120.5914, 38.9811], [-120.592, 38.9808], [-120.5913, 38.9803], [-120.5907, 38.9814], [-120.5917, 38.9817]]], [[[-120.5972, 38.9803], [-120.5969, 38.9795], [-120.5958, 38.9797], [-120.5959, 38.98], [-120.5972, 38.9803]]], [[[-120.5927, 38.9795], [-120.5924, 38.9787], [-120.5913, 38.979], [-120.5913, 38.9792], [-120.5927, 38.9795]]], [[[-120.66, 38.9791], [-120.6614, 38.9786], [-120.6607, 38.9783], [-120.66, 38.9791]]], [[[-120.5945, 38.9797], [-120.5945, 38.9787], [-120.5934, 38.9787], [-120.5934, 38.9798], [-120.5945, 38.9797]]], [[[-120.6607, 38.9778], [-120.6613, 38.977], [-120.6593, 38.9773], [-120.6593, 38.9775], [-120.6607, 38.9778]]], [[[-120.601, 38.9794], [-120.6031, 38.9792], [-120.6035, 38.977], [-120.5941, 38.9771], [-120.5941, 38.9776], [-120.5951, 38.9773], [-120.5951, 38.9787], [-120.5958, 38.9787], [-120.5958, 38.9781], [-120.5962, 38.9781], [-120.5962, 38.9779], [-120.5965, 38.9779], [-120.5958, 38.9795], [-120.5969, 38.9787], [-120.5976, 38.9792], [-120.5979, 38.9792], [-120.5979, 38.9787], [-120.5983, 38.9787], [-120.5997, 38.9795], [-120.599, 38.9781], [-120.6003, 38.9781], [-120.6003, 38.9776], [-120.6014, 38.9786], [-120.601, 38.9794]], [[-120.6024, 38.9784], [-120.6017, 38.9786], [-120.6017, 38.9784], [-120.6024, 38.9784]], [[-120.5986, 38.9784], [-120.5983, 38.9787], [-120.5983, 38.9784], [-120.5986, 38.9784]], [[-120.5976, 38.9781], [-120.5972, 38.9784], [-120.5972, 38.9781], [-120.5976, 38.9781]], [[-120.6021, 38.9778], [-120.6014, 38.9781], [-120.6014, 38.9778], [-120.6021, 38.9778]], [[-120.6031, 38.9773], [-120.6028, 38.9778], [-120.6024, 38.9773], [-120.6031, 38.9773]], [[-120.5969, 38.9776], [-120.5965, 38.9779], [-120.5965, 38.9776], [-120.5969, 38.9776]], [[-120.5962, 38.9776], [-120.5958, 38.9779], [-120.5958, 38.9776], [-120.5962, 38.9776]], [[-120.5976, 38.9773], [-120.5969, 38.9776], [-120.5969, 38.9773], [-120.5976, 38.9773]]], [[[-120.7036, 38.977], [-120.7036, 38.9765], [-120.7022, 38.9767], [-120.7022, 38.977], [-120.7036, 38.977]]], [[[-120.6627, 38.9772], [-120.6631, 38.9762], [-120.6617, 38.9762], [-120.6617, 38.9767], [-120.6627, 38.9772]]], [[[-120.6655, 38.9772], [-120.6658, 38.9764], [-120.6648, 38.9759], [-120.6641, 38.9772], [-120.6655, 38.9772]]], [[[-120.66, 38.977], [-120.6599, 38.9756], [-120.6589, 38.9756], [-120.6586, 38.9762], [-120.6596, 38.9762], [-120.66, 38.977]]], [[[-120.7223, 38.9769], [-120.7202, 38.9748], [-120.7196, 38.9761], [-120.7185, 38.9761], [-120.7182, 38.9748], [-120.7182, 38.9769], [-120.7223, 38.9769]], [[-120.7199, 38.9764], [-120.7196, 38.9766], [-120.7196, 38.9764], [-120.7199, 38.9764]], [[-120.7203, 38.9761], [-120.7199, 38.9764], [-120.7199, 38.9761], [-120.7203, 38.9761]]], [[[-120.6721, 38.9756], [-120.6714, 38.9753], [-120.6717, 38.9748], [-120.671, 38.9748], [-120.671, 38.9756], [-120.6721, 38.9756]]], [[[-120.6586, 38.9783], [-120.6593, 38.9778], [-120.6586, 38.9767], [-120.6593, 38.977], [-120.6593, 38.9764], [-120.6582, 38.9765], [-120.6579, 38.9756], [-120.6568, 38.9765], [-120.6568, 38.9748], [-120.6558, 38.9746], [-120.6561, 38.9773], [-120.6572, 38.9773], [-120.6572, 38.9778], [-120.6579, 38.9778], [-120.6586, 38.9783]], [[-120.6582, 38.9775], [-120.6579, 38.9778], [-120.6579, 38.9775], [-120.6582, 38.9775]]], [[[-120.6956, 38.9746], [-120.696, 38.9735], [-120.6946, 38.9736], [-120.6942, 38.9744], [-120.6956, 38.9746]]], [[[-120.6696, 38.9753], [-120.67, 38.9748], [-120.6689, 38.9745], [-120.67, 38.974], [-120.6707, 38.9748], [-120.6703, 38.9737], [-120.6682, 38.9734], [-120.6686, 38.9742], [-120.6676, 38.9748], [-120.6696, 38.9753]]], [[[-120.6582, 38.9748], [-120.6585, 38.9738], [-120.6578, 38.9735], [-120.6568, 38.9746], [-120.6582, 38.9748]]], [[[-120.6721, 38.9737], [-120.6724, 38.9726], [-120.6714, 38.9726], [-120.6714, 38.9737], [-120.6721, 38.9737]]], [[[-120.6679, 38.9734], [-120.6682, 38.9726], [-120.6668, 38.9726], [-120.6669, 38.9734], [-120.6679, 38.9734]]], [[[-120.6301, 38.9739], [-120.6312, 38.9734], [-120.6311, 38.9728], [-120.6294, 38.9731], [-120.6301, 38.9739]]], [[[-120.6568, 38.9735], [-120.6582, 38.9732], [-120.6582, 38.9727], [-120.6558, 38.9724], [-120.6568, 38.9735]]], [[[-120.662, 38.9732], [-120.662, 38.9721], [-120.6603, 38.9727], [-120.6606, 38.9732], [-120.662, 38.9732]]], [[[-120.6253, 38.9766], [-120.6256, 38.9758], [-120.6263, 38.9761], [-120.6256, 38.9747], [-120.6263, 38.9742], [-120.6253, 38.9739], [-120.6252, 38.9723], [-120.6246, 38.972], [-120.6232, 38.975], [-120.6253, 38.9766]], [[-120.6249, 38.9739], [-120.6246, 38.9742], [-120.6246, 38.9739], [-120.6249, 38.9739]]], [[[-120.6578, 38.9719], [-120.6582, 38.9721], [-120.6592, 38.9719], [-120.6578, 38.9719]]], [[[-120.7175, 38.9734], [-120.7171, 38.9729], [-120.7161, 38.9732], [-120.7164, 38.9723], [-120.715, 38.9718], [-120.714, 38.9718], [-120.7143, 38.9724], [-120.714, 38.9729], [-120.7129, 38.9707], [-120.7126, 38.9734], [-120.7175, 38.9734]], [[-120.7136, 38.9729], [-120.7133, 38.9732], [-120.7133, 38.9729], [-120.7136, 38.9729]], [[-120.7154, 38.9726], [-120.7147, 38.9729], [-120.7147, 38.9726], [-120.7154, 38.9726]]], [[[-120.6596, 38.971], [-120.6606, 38.9713], [-120.6606, 38.9705], [-120.6596, 38.971]]], [[[-120.5625, 38.9718], [-120.5625, 38.971], [-120.5618, 38.971], [-120.5615, 38.9715], [-120.5625, 38.9718]]], [[[-120.6928, 38.9717], [-120.6935, 38.97], [-120.6914, 38.9698], [-120.6914, 38.9714], [-120.6928, 38.9717]], [[-120.6928, 38.9711], [-120.6921, 38.9714], [-120.6921, 38.9711], [-120.6928, 38.9711]]], [[[-120.6644, 38.9716], [-120.6644, 38.9705], [-120.6647, 38.9699], [-120.6637, 38.9708], [-120.6644, 38.9716]]], [[[-120.6246, 38.972], [-120.6245, 38.971], [-120.6232, 38.971], [-120.6235, 38.9702], [-120.6228, 38.9702], [-120.6228, 38.9718], [-120.6239, 38.9712], [-120.6246, 38.972]]], [[[-120.6661, 38.9713], [-120.6661, 38.9699], [-120.6654, 38.9699], [-120.6648, 38.9713], [-120.6661, 38.9713]]], [[[-120.627, 38.9718], [-120.6266, 38.9701], [-120.6238, 38.9699], [-120.6238, 38.9707], [-120.6259, 38.971], [-120.627, 38.9718]], [[-120.6263, 38.9704], [-120.6256, 38.9707], [-120.6256, 38.9704], [-120.6263, 38.9704]]], [[[-120.6623, 38.97], [-120.6634, 38.9702], [-120.6634, 38.9697], [-120.6623, 38.97]]], [[[-120.6995, 38.977], [-120.7005, 38.9765], [-120.7001, 38.9749], [-120.6991, 38.9749], [-120.7001, 38.9735], [-120.7008, 38.9735], [-120.7005, 38.9743], [-120.7012, 38.9741], [-120.7008, 38.9749], [-120.7019, 38.9762], [-120.7019, 38.9749], [-120.7036, 38.9738], [-120.7032, 38.9732], [-120.7057, 38.9738], [-120.7053, 38.9719], [-120.7057, 38.9732], [-120.7074, 38.9732], [-120.7067, 38.9727], [-120.7074, 38.9724], [-120.7074, 38.97], [-120.7067, 38.97], [-120.7074, 38.9694], [-120.698, 38.9698], [-120.697, 38.9714], [-120.6956, 38.9714], [-120.6956, 38.9722], [-120.6977, 38.9719], [-120.6984, 38.97], [-120.6994, 38.9703], [-120.6984, 38.9722], [-120.696, 38.9733], [-120.6974, 38.9735], [-120.6963, 38.9746], [-120.6967, 38.9752], [-120.6922, 38.9768], [-120.6995, 38.977]], [[-120.6974, 38.9762], [-120.697, 38.9765], [-120.697, 38.9762], [-120.6974, 38.9762]], [[-120.6998, 38.9757], [-120.6991, 38.9762], [-120.6991, 38.976], [-120.6998, 38.9757]], [[-120.6977, 38.976], [-120.6974, 38.9762], [-120.6974, 38.976], [-120.6977, 38.976]], [[-120.6991, 38.9741], [-120.6981, 38.9749], [-120.6984, 38.9741], [-120.6991, 38.9741]], [[-120.6977, 38.9743], [-120.6974, 38.9746], [-120.6974, 38.9743], [-120.6977, 38.9743]], [[-120.698, 38.9738], [-120.6977, 38.9741], [-120.6977, 38.9738], [-120.698, 38.9738]], [[-120.6998, 38.9735], [-120.6991, 38.9738], [-120.6991, 38.9735], [-120.6998, 38.9735]], [[-120.6987, 38.9735], [-120.6974, 38.9735], [-120.6974, 38.9733], [-120.6987, 38.973], [-120.6987, 38.9735]], [[-120.7046, 38.9732], [-120.7036, 38.973], [-120.7036, 38.9727], [-120.705, 38.9724], [-120.7046, 38.9732]], [[-120.7001, 38.973], [-120.6998, 38.9733], [-120.6998, 38.973], [-120.7001, 38.973]], [[-120.7032, 38.973], [-120.7015, 38.9724], [-120.7018, 38.9716], [-120.7029, 38.9716], [-120.7025, 38.9727], [-120.7032, 38.973]], [[-120.7005, 38.9727], [-120.7001, 38.973], [-120.7001, 38.9727], [-120.7005, 38.9727]], [[-120.6984, 38.9727], [-120.6977, 38.973], [-120.6977, 38.9727], [-120.6984, 38.9727]], [[-120.7067, 38.9719], [-120.7064, 38.9724], [-120.706, 38.9719], [-120.7067, 38.9719]], [[-120.7039, 38.9719], [-120.7032, 38.9724], [-120.7032, 38.9716], [-120.7039, 38.9719]], [[-120.6991, 38.9722], [-120.6987, 38.9724], [-120.6987, 38.9722], [-120.6991, 38.9722]], [[-120.7015, 38.9719], [-120.7012, 38.9722], [-120.7012, 38.9719], [-120.7015, 38.9719]], [[-120.7018, 38.9714], [-120.7015, 38.9716], [-120.7015, 38.9714], [-120.7018, 38.9714]], [[-120.7011, 38.9714], [-120.7008, 38.9716], [-120.7008, 38.9714], [-120.7011, 38.9714]], [[-120.7046, 38.9705], [-120.7043, 38.9711], [-120.7043, 38.9705], [-120.7046, 38.9705]], [[-120.7032, 38.9705], [-120.7029, 38.9708], [-120.7029, 38.9705], [-120.7032, 38.9705]], [[-120.707, 38.9702], [-120.7067, 38.9705], [-120.7067, 38.9702], [-120.707, 38.9702]], [[-120.706, 38.9697], [-120.7049, 38.9703], [-120.7046, 38.9697], [-120.706, 38.9697]], [[-120.6997, 38.97], [-120.6994, 38.9703], [-120.6994, 38.97], [-120.6997, 38.97]]], [[[-120.6364, 38.976], [-120.637, 38.9736], [-120.6357, 38.9728], [-120.6363, 38.9725], [-120.6356, 38.9704], [-120.6346, 38.9706], [-120.6353, 38.9696], [-120.6342, 38.9693], [-120.6335, 38.9698], [-120.6332, 38.9693], [-120.6332, 38.9698], [-120.6318, 38.9698], [-120.6318, 38.9693], [-120.6301, 38.9693], [-120.6297, 38.9701], [-120.6287, 38.9699], [-120.6273, 38.9709], [-120.6284, 38.9723], [-120.6273, 38.9726], [-120.6284, 38.9728], [-120.628, 38.9739], [-120.6287, 38.9739], [-120.6284, 38.9734], [-120.6301, 38.9723], [-120.6301, 38.9715], [-120.6311, 38.9717], [-120.6311, 38.9707], [-120.6329, 38.9712], [-120.6336, 38.975], [-120.6343, 38.9744], [-120.635, 38.9744], [-120.635, 38.9741], [-120.6357, 38.9741], [-120.6353, 38.976], [-120.6364, 38.976]], [[-120.636, 38.9739], [-120.6357, 38.9741], [-120.6357, 38.9739], [-120.636, 38.9739]], [[-120.6298, 38.972], [-120.6294, 38.9723], [-120.6294, 38.972], [-120.6298, 38.972]], [[-120.6353, 38.972], [-120.6339, 38.972], [-120.6339, 38.9715], [-120.6346, 38.9712], [-120.6353, 38.972]], [[-120.6291, 38.9712], [-120.6287, 38.9715], [-120.6287, 38.9712], [-120.6291, 38.9712]], [[-120.6342, 38.9709], [-120.6339, 38.9712], [-120.6339, 38.9709], [-120.6342, 38.9709]], [[-120.6342, 38.9701], [-120.6339, 38.9704], [-120.6339, 38.9701], [-120.6342, 38.9701]]], [[[-120.5726, 38.9701], [-120.5725, 38.9696], [-120.5715, 38.9696], [-120.5715, 38.9701], [-120.5726, 38.9701]]], [[[-120.7077, 38.9694], [-120.7087, 38.9692], [-120.7077, 38.9686], [-120.7077, 38.9694]]], [[[-120.5809, 38.9701], [-120.5809, 38.9693], [-120.5805, 38.9698], [-120.5795, 38.9696], [-120.5795, 38.9701], [-120.5809, 38.9701]]], [[[-120.5625, 38.9707], [-120.5642, 38.9699], [-120.5642, 38.9694], [-120.5628, 38.9696], [-120.5625, 38.9707]]], [[[-120.6578, 38.9711], [-120.6582, 38.9694], [-120.6568, 38.9689], [-120.6557, 38.97], [-120.6561, 38.9711], [-120.6578, 38.9711]], [[-120.6568, 38.9708], [-120.6564, 38.97], [-120.6571, 38.9697], [-120.6575, 38.9705], [-120.6568, 38.9708]], [[-120.6578, 38.9697], [-120.6575, 38.97], [-120.6575, 38.9697], [-120.6578, 38.9697]]], [[[-120.6557, 38.9694], [-120.6561, 38.9686], [-120.6543, 38.9686], [-120.6543, 38.9692], [-120.6554, 38.9689], [-120.6557, 38.9694]]], [[[-120.6616, 38.97], [-120.6633, 38.9694], [-120.663, 38.9683], [-120.662, 38.9691], [-120.6606, 38.9692], [-120.6616, 38.97]]], [[[-120.6595, 38.9692], [-120.6595, 38.9686], [-120.6588, 38.9684], [-120.6585, 38.9689], [-120.6595, 38.9692]]], [[[-120.6062, 38.9694], [-120.6075, 38.9692], [-120.6075, 38.9683], [-120.6062, 38.9689], [-120.6062, 38.9694]]], [[[-120.5764, 38.9696], [-120.5774, 38.9693], [-120.5781, 38.9685], [-120.5764, 38.969], [-120.5764, 38.9696]]], [[[-120.6904, 38.9684], [-120.6904, 38.9676], [-120.6897, 38.9671], [-120.6897, 38.9685], [-120.6904, 38.9684]]], [[[-120.5649, 38.9691], [-120.5663, 38.9683], [-120.5659, 38.9677], [-120.5646, 38.9686], [-120.5649, 38.9691]]], [[[-120.6574, 38.9684], [-120.6571, 38.967], [-120.6567, 38.967], [-120.6564, 38.9678], [-120.6574, 38.9684]]], [[[-120.6096, 38.9681], [-120.6096, 38.9675], [-120.6082, 38.9673], [-120.6086, 38.9678], [-120.6096, 38.9681]]], [[[-120.5677, 38.9677], [-120.5684, 38.9675], [-120.5684, 38.9669], [-120.5673, 38.9672], [-120.5677, 38.9677]]], [[[-120.584, 38.9701], [-120.584, 38.9685], [-120.5833, 38.9685], [-120.5836, 38.9663], [-120.5819, 38.9666], [-120.5808, 38.9674], [-120.5819, 38.969], [-120.5812, 38.9701], [-120.584, 38.9701]]], [[[-120.6495, 38.9665], [-120.6495, 38.9657], [-120.6481, 38.9657], [-120.6484, 38.9665], [-120.6495, 38.9665]]], [[[-120.6869, 38.9677], [-120.6869, 38.9666], [-120.6893, 38.9658], [-120.6869, 38.966], [-120.6865, 38.9655], [-120.6862, 38.9669], [-120.6869, 38.9677]]], [[[-120.6571, 38.9662], [-120.6574, 38.9654], [-120.656, 38.9657], [-120.656, 38.9659], [-120.6571, 38.9662]]], [[[-120.6841, 38.9661], [-120.6831, 38.965], [-120.682, 38.9655], [-120.6827, 38.9661], [-120.6841, 38.9661]]], [[[-120.682, 38.9661], [-120.6813, 38.9642], [-120.6806, 38.9642], [-120.68, 38.9658], [-120.682, 38.9661]]], [[[-120.6533, 38.9657], [-120.6533, 38.9643], [-120.6526, 38.9643], [-120.6522, 38.9651], [-120.6533, 38.9657]]], [[[-120.6024, 38.9695], [-120.6044, 38.9697], [-120.603, 38.9681], [-120.6041, 38.9662], [-120.6054, 38.9659], [-120.6065, 38.9662], [-120.6065, 38.967], [-120.6079, 38.9667], [-120.6068, 38.9646], [-120.6037, 38.9651], [-120.6023, 38.9646], [-120.6013, 38.9651], [-120.6024, 38.9695]]], [[[-120.612, 38.9645], [-120.612, 38.964], [-120.6106, 38.964], [-120.6106, 38.9643], [-120.612, 38.9645]]], [[[-120.6165, 38.9645], [-120.6165, 38.9634], [-120.6151, 38.9635], [-120.6158, 38.9637], [-120.6155, 38.9643], [-120.6165, 38.9645]]], [[[-120.6456, 38.9636], [-120.6453, 38.9622], [-120.6449, 38.9622], [-120.6442, 38.9628], [-120.6442, 38.9633], [-120.6456, 38.9636]], [[-120.6449, 38.9628], [-120.6446, 38.963], [-120.6446, 38.9628], [-120.6449, 38.9628]]], [[[-120.6436, 38.9644], [-120.6442, 38.9633], [-120.6425, 38.962], [-120.6425, 38.9639], [-120.6436, 38.9644]]], [[[-120.6865, 38.9628], [-120.6872, 38.9625], [-120.6868, 38.9617], [-120.6862, 38.9623], [-120.6865, 38.9628]]], [[[-120.6903, 38.9628], [-120.6903, 38.9617], [-120.69, 38.9617], [-120.6889, 38.9628], [-120.6903, 38.9628]]], [[[-120.5767, 38.9682], [-120.5767, 38.9674], [-120.5781, 38.968], [-120.5795, 38.9666], [-120.5795, 38.9661], [-120.5788, 38.9666], [-120.5777, 38.9663], [-120.5777, 38.9655], [-120.5801, 38.9655], [-120.5801, 38.962], [-120.5798, 38.9628], [-120.5784, 38.9626], [-120.5784, 38.9631], [-120.5777, 38.9628], [-120.578, 38.962], [-120.5766, 38.9623], [-120.5767, 38.9631], [-120.5763, 38.9626], [-120.5753, 38.9628], [-120.5749, 38.9634], [-120.5753, 38.965], [-120.5742, 38.9647], [-120.5742, 38.9655], [-120.5756, 38.9666], [-120.5718, 38.9669], [-120.5722, 38.9674], [-120.5739, 38.9674], [-120.5739, 38.968], [-120.5746, 38.968], [-120.5746, 38.9682], [-120.5767, 38.9682]], [[-120.575, 38.9677], [-120.5746, 38.968], [-120.5746, 38.9677], [-120.575, 38.9677]], [[-120.5756, 38.9674], [-120.5753, 38.9677], [-120.5753, 38.9674], [-120.5756, 38.9674]], [[-120.5781, 38.9674], [-120.5774, 38.9674], [-120.5774, 38.9671], [-120.5777, 38.9671], [-120.5777, 38.9669], [-120.5781, 38.9669], [-120.5781, 38.9674]], [[-120.5767, 38.9669], [-120.5763, 38.9672], [-120.5763, 38.9669], [-120.5767, 38.9669]], [[-120.5784, 38.9666], [-120.5781, 38.9669], [-120.5781, 38.9666], [-120.5784, 38.9666]], [[-120.5777, 38.9666], [-120.5774, 38.9669], [-120.5774, 38.9666], [-120.5777, 38.9666]], [[-120.5774, 38.9658], [-120.5767, 38.9663], [-120.5767, 38.9661], [-120.5774, 38.9658]], [[-120.5767, 38.9658], [-120.576, 38.9661], [-120.576, 38.9658], [-120.5767, 38.9658]], [[-120.577, 38.9642], [-120.5763, 38.9642], [-120.5763, 38.9636], [-120.5767, 38.9636], [-120.577, 38.9642]], [[-120.578, 38.9639], [-120.5774, 38.9639], [-120.5773, 38.9634], [-120.5777, 38.9634], [-120.578, 38.9639]], [[-120.5756, 38.9634], [-120.5753, 38.9636], [-120.5753, 38.9634], [-120.5756, 38.9634]], [[-120.5773, 38.9626], [-120.577, 38.9628], [-120.577, 38.9626], [-120.5773, 38.9626]]], [[[-120.6803, 38.9626], [-120.681, 38.962], [-120.6806, 38.9612], [-120.6792, 38.962], [-120.6803, 38.9626]]], [[[-120.5812, 38.9625], [-120.5812, 38.962], [-120.5822, 38.9623], [-120.5825, 38.9617], [-120.5808, 38.9617], [-120.5812, 38.9625]]], [[[-120.6023, 38.9646], [-120.6033, 38.9627], [-120.6061, 38.9627], [-120.6061, 38.964], [-120.6103, 38.9637], [-120.6096, 38.9632], [-120.6103, 38.9619], [-120.6089, 38.9627], [-120.6075, 38.9616], [-120.604, 38.9624], [-120.6047, 38.9619], [-120.604, 38.9608], [-120.6033, 38.9608], [-120.6033, 38.9616], [-120.6009, 38.9616], [-120.6013, 38.9624], [-120.6002, 38.9624], [-120.6006, 38.9641], [-120.6023, 38.9646]], [[-120.6023, 38.9627], [-120.602, 38.963], [-120.6019, 38.9627], [-120.6023, 38.9627]], [[-120.6023, 38.9622], [-120.6016, 38.9624], [-120.6016, 38.9622], [-120.6023, 38.9622]]], [[[-120.6429, 38.9679], [-120.6453, 38.9673], [-120.645, 38.9668], [-120.6463, 38.9663], [-120.6432, 38.9655], [-120.6436, 38.9647], [-120.6411, 38.9636], [-120.6415, 38.963], [-120.6422, 38.9633], [-120.6418, 38.9622], [-120.6394, 38.9628], [-120.6404, 38.9617], [-120.6387, 38.9617], [-120.6394, 38.9614], [-120.6387, 38.9606], [-120.6359, 38.9606], [-120.6356, 38.9628], [-120.6373, 38.9625], [-120.6373, 38.9631], [-120.6383, 38.9631], [-120.6373, 38.9639], [-120.6384, 38.9655], [-120.6349, 38.9658], [-120.6349, 38.9677], [-120.638, 38.9666], [-120.6401, 38.9671], [-120.6401, 38.9676], [-120.6429, 38.9679]], [[-120.6443, 38.9668], [-120.6436, 38.9671], [-120.6436, 38.9668], [-120.6443, 38.9668]], [[-120.6363, 38.9666], [-120.6359, 38.9671], [-120.6359, 38.9666], [-120.6363, 38.9666]], [[-120.6453, 38.9663], [-120.645, 38.9665], [-120.645, 38.9663], [-120.6453, 38.9663]], [[-120.6436, 38.9663], [-120.6432, 38.9665], [-120.6432, 38.9663], [-120.6436, 38.9663]], [[-120.6446, 38.966], [-120.6443, 38.9663], [-120.6443, 38.966], [-120.6446, 38.966]], [[-120.6398, 38.966], [-120.6394, 38.9663], [-120.6394, 38.966], [-120.6398, 38.966]], [[-120.6429, 38.9657], [-120.6422, 38.9655], [-120.6425, 38.9649], [-120.6429, 38.9649], [-120.6429, 38.9657]], [[-120.6418, 38.9647], [-120.6411, 38.9649], [-120.6411, 38.9647], [-120.6418, 38.9647]], [[-120.6411, 38.9641], [-120.6408, 38.9647], [-120.6408, 38.9641], [-120.6411, 38.9641]], [[-120.6387, 38.9639], [-120.6384, 38.9641], [-120.6383, 38.9639], [-120.6387, 38.9639]], [[-120.6394, 38.9636], [-120.639, 38.9639], [-120.639, 38.9636], [-120.6394, 38.9636]], [[-120.6408, 38.963], [-120.6404, 38.9633], [-120.6404, 38.9631], [-120.6408, 38.963]], [[-120.6383, 38.9614], [-120.638, 38.9623], [-120.6376, 38.9614], [-120.6383, 38.9614]]], [[[-120.6872, 38.9617], [-120.6875, 38.9604], [-120.6865, 38.9604], [-120.6865, 38.9615], [-120.6872, 38.9617]]], [[[-120.576, 38.9626], [-120.576, 38.9618], [-120.578, 38.9617], [-120.5777, 38.9604], [-120.5763, 38.9604], [-120.5759, 38.9612], [-120.5753, 38.9609], [-120.5749, 38.9623], [-120.576, 38.9626]], [[-120.5777, 38.9609], [-120.5773, 38.9612], [-120.5773, 38.9609], [-120.5777, 38.9609]], [[-120.5773, 38.9607], [-120.577, 38.9609], [-120.577, 38.9607], [-120.5773, 38.9607]]], [[[-120.6474, 38.9657], [-120.6474, 38.9649], [-120.6495, 38.9654], [-120.6512, 38.9649], [-120.6494, 38.9641], [-120.6491, 38.963], [-120.6463, 38.9633], [-120.6459, 38.9609], [-120.6439, 38.9601], [-120.6435, 38.9611], [-120.6456, 38.9619], [-120.646, 38.9638], [-120.6474, 38.9636], [-120.6484, 38.9644], [-120.6474, 38.9646], [-120.6474, 38.9641], [-120.6449, 38.9638], [-120.6436, 38.9652], [-120.6456, 38.9652], [-120.646, 38.9646], [-120.6474, 38.9657]], [[-120.6498, 38.9644], [-120.6491, 38.9646], [-120.6491, 38.9644], [-120.6498, 38.9644]]], [[[-120.6477, 38.9627], [-120.6484, 38.9622], [-120.648, 38.9614], [-120.6487, 38.9614], [-120.6487, 38.96], [-120.6463, 38.9606], [-120.6477, 38.9627]], [[-120.6477, 38.9614], [-120.647, 38.9611], [-120.6473, 38.9606], [-120.6477, 38.9606], [-120.6477, 38.9614]]], [[[-120.6792, 38.9618], [-120.6796, 38.9609], [-120.6785, 38.9607], [-120.6802, 38.9604], [-120.6802, 38.9596], [-120.6775, 38.9607], [-120.6775, 38.9612], [-120.6792, 38.9618]], [[-120.6782, 38.9607], [-120.6778, 38.961], [-120.6778, 38.9607], [-120.6782, 38.9607]]], [[[-120.683, 38.9609], [-120.683, 38.9599], [-120.6834, 38.9593], [-120.6823, 38.9596], [-120.6823, 38.9609], [-120.683, 38.9609]]], [[[-120.6775, 38.9604], [-120.6775, 38.9599], [-120.6778, 38.9593], [-120.6764, 38.9599], [-120.6764, 38.9604], [-120.6775, 38.9604]]], [[[-120.6491, 38.96], [-120.649, 38.9587], [-120.6473, 38.9592], [-120.6459, 38.9587], [-120.6463, 38.9601], [-120.6477, 38.9595], [-120.6491, 38.96]]], [[[-120.6134, 38.9591], [-120.6147, 38.9591], [-120.6147, 38.9586], [-120.6134, 38.9591]]], [[[-120.5794, 38.9607], [-120.5794, 38.9601], [-120.5804, 38.9601], [-120.5804, 38.9593], [-120.5787, 38.9599], [-120.5794, 38.9588], [-120.5777, 38.959], [-120.5784, 38.9593], [-120.578, 38.9601], [-120.5794, 38.9607]]], [[[-120.6754, 38.9591], [-120.6761, 38.958], [-120.6754, 38.9583], [-120.6733, 38.958], [-120.674, 38.9591], [-120.6754, 38.9591]]], [[[-120.6879, 38.9604], [-120.6875, 38.9596], [-120.6889, 38.959], [-120.6889, 38.9577], [-120.6882, 38.9577], [-120.6872, 38.9593], [-120.6879, 38.9604]]], [[[-120.6827, 38.9582], [-120.6826, 38.9577], [-120.6816, 38.9574], [-120.6816, 38.958], [-120.6827, 38.9582]]], [[[-120.6348, 38.9588], [-120.6355, 38.9579], [-120.6345, 38.9577], [-120.6348, 38.9588]]], [[[-120.6373, 38.9587], [-120.6376, 38.9582], [-120.6366, 38.9577], [-120.6359, 38.9585], [-120.6373, 38.9587]]], [[[-120.6508, 38.9592], [-120.6518, 38.9584], [-120.6518, 38.9573], [-120.6515, 38.9581], [-120.6494, 38.9581], [-120.6508, 38.9592]]], [[[-120.6997, 38.9622], [-120.6993, 38.9571], [-120.6986, 38.9571], [-120.6983, 38.9622], [-120.6997, 38.9622]]], [[[-120.64, 38.9598], [-120.6404, 38.9582], [-120.6397, 38.9579], [-120.6411, 38.9574], [-120.6386, 38.9577], [-120.64, 38.9598]]], [[[-120.7107, 38.9583], [-120.7107, 38.9578], [-120.7076, 38.9565], [-120.7076, 38.9578], [-120.7107, 38.9583]]], [[[-120.7038, 38.9622], [-120.7031, 38.9619], [-120.7031, 38.9603], [-120.7048, 38.9595], [-120.7052, 38.9586], [-120.7066, 38.9589], [-120.7066, 38.9584], [-120.708, 38.9581], [-120.7076, 38.9581], [-120.7066, 38.957], [-120.7045, 38.957], [-120.7045, 38.9565], [-120.7038, 38.957], [-120.7031, 38.9565], [-120.7021, 38.9579], [-120.7007, 38.9568], [-120.7003, 38.9595], [-120.7017, 38.96], [-120.7007, 38.9611], [-120.7014, 38.9611], [-120.7014, 38.9622], [-120.7038, 38.9622]], [[-120.7028, 38.9611], [-120.7024, 38.9616], [-120.7021, 38.9611], [-120.7028, 38.9611]], [[-120.7038, 38.9592], [-120.7035, 38.9595], [-120.7035, 38.9592], [-120.7038, 38.9592]], [[-120.7031, 38.9589], [-120.7028, 38.9592], [-120.7028, 38.9589], [-120.7031, 38.9589]], [[-120.7048, 38.9589], [-120.7041, 38.9589], [-120.7038, 38.9581], [-120.7048, 38.9578], [-120.7048, 38.9589]], [[-120.7024, 38.9587], [-120.7021, 38.9589], [-120.7021, 38.9587], [-120.7024, 38.9587]], [[-120.7031, 38.9584], [-120.7024, 38.9587], [-120.7024, 38.9584], [-120.7031, 38.9584]], [[-120.7066, 38.9581], [-120.7062, 38.9584], [-120.7062, 38.9581], [-120.7066, 38.9581]], [[-120.7055, 38.9578], [-120.7052, 38.9581], [-120.7052, 38.9578], [-120.7055, 38.9578]]], [[[-120.6785, 38.9574], [-120.6799, 38.9572], [-120.6802, 38.9566], [-120.6781, 38.9566], [-120.6785, 38.9574]]], [[[-120.6151, 38.9624], [-120.6161, 38.9613], [-120.6161, 38.9605], [-120.6151, 38.9605], [-120.6161, 38.9602], [-120.6158, 38.9564], [-120.614, 38.957], [-120.6154, 38.9581], [-120.6154, 38.9594], [-120.6144, 38.9594], [-120.6151, 38.9624]], [[-120.6155, 38.961], [-120.6151, 38.9613], [-120.6151, 38.961], [-120.6155, 38.961]], [[-120.6158, 38.9607], [-120.6155, 38.961], [-120.6154, 38.9608], [-120.6158, 38.9607]]], [[[-120.6903, 38.9568], [-120.6903, 38.9558], [-120.6899, 38.9558], [-120.6896, 38.9568], [-120.6903, 38.9568]]], [[[-120.6047, 38.9581], [-120.605, 38.9565], [-120.604, 38.9562], [-120.6033, 38.9576], [-120.6047, 38.9581]]], [[[-120.6747, 38.958], [-120.6743, 38.9569], [-120.6754, 38.9569], [-120.675, 38.9577], [-120.6764, 38.9577], [-120.6757, 38.9564], [-120.6743, 38.9567], [-120.6733, 38.9556], [-120.6709, 38.9559], [-120.6709, 38.9578], [-120.6733, 38.958], [-120.6729, 38.9575], [-120.674, 38.9575], [-120.6747, 38.958]], [[-120.6719, 38.9569], [-120.6716, 38.9572], [-120.6716, 38.9569], [-120.6719, 38.9569]]], [[[-120.6885, 38.9574], [-120.6892, 38.9552], [-120.6882, 38.956], [-120.6871, 38.9552], [-120.6871, 38.9566], [-120.6875, 38.9566], [-120.6878, 38.9569], [-120.6878, 38.9574], [-120.6885, 38.9574]], [[-120.6885, 38.9563], [-120.6882, 38.9566], [-120.6882, 38.9563], [-120.6885, 38.9563]], [[-120.6878, 38.9563], [-120.6875, 38.9566], [-120.6875, 38.9563], [-120.6878, 38.9563]]], [[[-120.6095, 38.9575], [-120.6106, 38.9562], [-120.6085, 38.9557], [-120.6081, 38.957], [-120.6095, 38.9575]], [[-120.6099, 38.9562], [-120.6092, 38.9567], [-120.6092, 38.9565], [-120.6099, 38.9562]]], [[[-120.6109, 38.9559], [-120.6109, 38.9554], [-120.6099, 38.9548], [-120.6099, 38.9557], [-120.6109, 38.9559]]], [[[-120.6902, 38.9531], [-120.6906, 38.9541], [-120.692, 38.9533], [-120.6902, 38.9531]], [[-120.6909, 38.9536], [-120.6906, 38.9539], [-120.6906, 38.9536], [-120.6909, 38.9536]]], [[[-120.5783, 38.9531], [-120.5793, 38.9528], [-120.5793, 38.9523], [-120.578, 38.9526], [-120.5783, 38.9531]]], [[[-120.694, 38.9514], [-120.6947, 38.952], [-120.6947, 38.9511], [-120.694, 38.9514]]], [[[-120.6919, 38.9512], [-120.6919, 38.9501], [-120.6902, 38.9496], [-120.6899, 38.9506], [-120.6919, 38.9512]], [[-120.6909, 38.9501], [-120.6902, 38.9504], [-120.6902, 38.9501], [-120.6909, 38.9501]]], [[[-120.6677, 38.9499], [-120.6677, 38.9494], [-120.6666, 38.9494], [-120.6666, 38.95], [-120.6677, 38.9499]]], [[[-120.71, 38.9562], [-120.71, 38.9554], [-120.7117, 38.9556], [-120.711, 38.9548], [-120.7093, 38.9548], [-120.71, 38.9543], [-120.7093, 38.9538], [-120.7103, 38.9529], [-120.7089, 38.9532], [-120.7089, 38.9538], [-120.7079, 38.9532], [-120.7093, 38.9524], [-120.7086, 38.9508], [-120.7096, 38.9503], [-120.7079, 38.9505], [-120.7079, 38.9511], [-120.7058, 38.9519], [-120.7055, 38.9508], [-120.7065, 38.9508], [-120.7068, 38.9497], [-120.7054, 38.9487], [-120.7034, 38.9484], [-120.703, 38.9476], [-120.6999, 38.949], [-120.6999, 38.9508], [-120.6982, 38.9509], [-120.6982, 38.9511], [-120.6971, 38.9517], [-120.6982, 38.9533], [-120.6985, 38.9525], [-120.7003, 38.9522], [-120.7003, 38.9538], [-120.6986, 38.9541], [-120.6996, 38.9552], [-120.7031, 38.9554], [-120.702, 38.9552], [-120.702, 38.9543], [-120.7044, 38.9527], [-120.7041, 38.9543], [-120.7051, 38.9543], [-120.7048, 38.9554], [-120.7069, 38.9551], [-120.71, 38.9562]], [[-120.7079, 38.9532], [-120.7076, 38.9535], [-120.7076, 38.9532], [-120.7079, 38.9532]], [[-120.7086, 38.9524], [-120.7079, 38.9524], [-120.7082, 38.9516], [-120.7086, 38.9516], [-120.7086, 38.9524]], [[-120.701, 38.9522], [-120.7006, 38.9525], [-120.7006, 38.9522], [-120.701, 38.9522]], [[-120.7051, 38.9519], [-120.7048, 38.9522], [-120.7048, 38.9519], [-120.7051, 38.9519]]], [[[-120.6555, 38.9479], [-120.6566, 38.9481], [-120.6566, 38.9473], [-120.6555, 38.9479]]], [[[-120.5804, 38.9501], [-120.581, 38.948], [-120.5797, 38.9474], [-120.579, 38.948], [-120.5779, 38.9477], [-120.5776, 38.9491], [-120.5783, 38.9482], [-120.579, 38.9493], [-120.5776, 38.9499], [-120.5786, 38.9501], [-120.58, 38.9493], [-120.5804, 38.9501]], [[-120.5807, 38.9485], [-120.5804, 38.9488], [-120.5804, 38.9485], [-120.5807, 38.9485]]], [[[-120.5956, 38.9484], [-120.5952, 38.9479], [-120.5959, 38.9479], [-120.5963, 38.9468], [-120.5946, 38.9476], [-120.5956, 38.9484]]], [[[-120.6531, 38.9473], [-120.6541, 38.9468], [-120.6531, 38.9462], [-120.6531, 38.9473]]], [[[-120.6898, 38.9474], [-120.6909, 38.9469], [-120.6902, 38.9466], [-120.6898, 38.9458], [-120.6898, 38.9474]]], [[[-120.7065, 38.947], [-120.7068, 38.9462], [-120.7058, 38.9465], [-120.7061, 38.946], [-120.7054, 38.9457], [-120.7051, 38.9468], [-120.7065, 38.947]]], [[[-120.7113, 38.9457], [-120.7106, 38.9451], [-120.7096, 38.9451], [-120.7103, 38.9457], [-120.7113, 38.9457]]], [[[-120.711, 38.9481], [-120.7113, 38.9475], [-120.7103, 38.947], [-120.7116, 38.9462], [-120.7106, 38.9459], [-120.7099, 38.9467], [-120.7099, 38.9462], [-120.7082, 38.9462], [-120.7089, 38.9454], [-120.7075, 38.9451], [-120.7071, 38.9468], [-120.7085, 38.9467], [-120.7078, 38.9476], [-120.711, 38.9481]], [[-120.7099, 38.9467], [-120.7092, 38.9473], [-120.7089, 38.9467], [-120.7099, 38.9467]]], [[[-120.5803, 38.9469], [-120.5803, 38.9463], [-120.5821, 38.9458], [-120.5817, 38.9453], [-120.5807, 38.9455], [-120.5803, 38.945], [-120.5793, 38.9458], [-120.5796, 38.9464], [-120.5793, 38.9469], [-120.5803, 38.9469]], [[-120.58, 38.9461], [-120.5796, 38.9464], [-120.5796, 38.9461], [-120.58, 38.9461]], [[-120.581, 38.9458], [-120.5803, 38.9461], [-120.5803, 38.9458], [-120.581, 38.9458]], [[-120.5814, 38.9455], [-120.581, 38.9458], [-120.581, 38.9455], [-120.5814, 38.9455]]], [[[-120.5942, 38.9463], [-120.5942, 38.9452], [-120.5949, 38.9452], [-120.5945, 38.946], [-120.5956, 38.946], [-120.5959, 38.9447], [-120.5945, 38.9444], [-120.5921, 38.9447], [-120.5925, 38.946], [-120.5942, 38.9463]], [[-120.5945, 38.9447], [-120.5942, 38.9449], [-120.5942, 38.9447], [-120.5945, 38.9447]]], [[[-120.6908, 38.9442], [-120.6919, 38.9444], [-120.6919, 38.9436], [-120.6908, 38.9442]]], [[[-120.6721, 38.9437], [-120.6721, 38.9429], [-120.6707, 38.9432], [-120.6707, 38.9437], [-120.6721, 38.9437]], [[-120.6718, 38.9432], [-120.6714, 38.9435], [-120.6714, 38.9432], [-120.6718, 38.9432]]], [[[-120.6919, 38.9423], [-120.6919, 38.9412], [-120.6912, 38.9406], [-120.6901, 38.9409], [-120.6901, 38.942], [-120.6919, 38.9423]], [[-120.6915, 38.9414], [-120.6912, 38.9417], [-120.6912, 38.9415], [-120.6915, 38.9414]]], [[[-120.6859, 38.9385], [-120.6856, 38.9374], [-120.6852, 38.9374], [-120.6849, 38.9385], [-120.6859, 38.9385]]], [[[-120.6392, 38.939], [-120.6395, 38.9377], [-120.6385, 38.9374], [-120.6381, 38.9382], [-120.6392, 38.939]]], [[[-120.6891, 38.9409], [-120.6898, 38.9404], [-120.6887, 38.9388], [-120.6877, 38.939], [-120.687, 38.9382], [-120.6877, 38.9372], [-120.6866, 38.9363], [-120.6859, 38.9369], [-120.6863, 38.9385], [-120.687, 38.9385], [-120.6866, 38.9396], [-120.6873, 38.9396], [-120.6891, 38.9409]], [[-120.6887, 38.9398], [-120.6884, 38.9401], [-120.6884, 38.9398], [-120.6887, 38.9398]], [[-120.6877, 38.9393], [-120.6873, 38.9396], [-120.6873, 38.9393], [-120.6877, 38.9393]]], [[[-120.6852, 38.9364], [-120.6856, 38.9353], [-120.6849, 38.935], [-120.6842, 38.9364], [-120.6852, 38.9364]]], [[[-120.6488, 38.9357], [-120.6502, 38.9352], [-120.6488, 38.9349], [-120.6488, 38.9357]]], [[[-120.6968, 38.9549], [-120.6965, 38.9541], [-120.6958, 38.9546], [-120.6951, 38.953], [-120.694, 38.953], [-120.6933, 38.9493], [-120.6923, 38.9495], [-120.6926, 38.9485], [-120.695, 38.9493], [-120.6951, 38.9509], [-120.6954, 38.9509], [-120.6954, 38.9511], [-120.6958, 38.9511], [-120.6958, 38.9514], [-120.6968, 38.9517], [-120.6982, 38.9509], [-120.6971, 38.9503], [-120.6978, 38.95], [-120.6968, 38.9487], [-120.6971, 38.9476], [-120.6985, 38.9476], [-120.6992, 38.9465], [-120.7009, 38.9465], [-120.7013, 38.9476], [-120.7023, 38.9468], [-120.7051, 38.9473], [-120.7037, 38.9468], [-120.7044, 38.9465], [-120.7044, 38.946], [-120.7033, 38.946], [-120.7037, 38.9443], [-120.6998, 38.9436], [-120.6991, 38.9422], [-120.7005, 38.9422], [-120.7026, 38.9435], [-120.7043, 38.9435], [-120.7047, 38.9416], [-120.7054, 38.9416], [-120.7054, 38.9419], [-120.7064, 38.9419], [-120.7057, 38.9424], [-120.7085, 38.9451], [-120.7096, 38.9443], [-120.7095, 38.9438], [-120.7089, 38.944], [-120.7095, 38.9422], [-120.7088, 38.9411], [-120.7099, 38.9411], [-120.7098, 38.9386], [-120.7088, 38.9378], [-120.7074, 38.9378], [-120.7071, 38.9368], [-120.706, 38.9373], [-120.706, 38.9368], [-120.7029, 38.9365], [-120.7029, 38.9357], [-120.7022, 38.9357], [-120.7019, 38.9368], [-120.7005, 38.9368], [-120.6998, 38.936], [-120.6994, 38.9374], [-120.6987, 38.9376], [-120.6991, 38.9365], [-120.6984, 38.936], [-120.6973, 38.9363], [-120.6973, 38.9349], [-120.6963, 38.9358], [-120.6956, 38.9344], [-120.6949, 38.935], [-120.6935, 38.9347], [-120.6928, 38.9355], [-120.6925, 38.9347], [-120.688, 38.9347], [-120.6883, 38.9371], [-120.6894, 38.9371], [-120.6891, 38.9382], [-120.6908, 38.9401], [-120.6936, 38.9417], [-120.6926, 38.942], [-120.6932, 38.9425], [-120.6926, 38.9433], [-120.6957, 38.9428], [-120.695, 38.943], [-120.6957, 38.9439], [-120.694, 38.9439], [-120.6936, 38.9444], [-120.6943, 38.9458], [-120.6957, 38.9457], [-120.6957, 38.9468], [-120.6936, 38.9476], [-120.6936, 38.9471], [-120.6926, 38.9474], [-120.6922, 38.9466], [-120.6916, 38.9468], [-120.6905, 38.946], [-120.6912, 38.9474], [-120.6923, 38.9474], [-120.6905, 38.9477], [-120.6912, 38.949], [-120.6905, 38.9496], [-120.6916, 38.9495], [-120.693, 38.9506], [-120.693, 38.952], [-120.6923, 38.952], [-120.692, 38.9531], [-120.693, 38.953], [-120.6923, 38.9539], [-120.6937, 38.9541], [-120.6937, 38.9547], [-120.6927, 38.9544], [-120.692, 38.9547], [-120.6968, 38.9549]], [[-120.6951, 38.9544], [-120.6947, 38.9547], [-120.6947, 38.9544], [-120.6951, 38.9544]], [[-120.6937, 38.953], [-120.6934, 38.9533], [-120.6933, 38.953], [-120.6937, 38.953]], [[-120.6968, 38.9509], [-120.6964, 38.9511], [-120.6964, 38.9509], [-120.6968, 38.9509]], [[-120.6961, 38.9509], [-120.6958, 38.9511], [-120.6958, 38.9509], [-120.6961, 38.9509]], [[-120.6919, 38.9485], [-120.6916, 38.9487], [-120.6916, 38.9485], [-120.6919, 38.9485]], [[-120.6926, 38.9479], [-120.6923, 38.9485], [-120.6923, 38.9479], [-120.6926, 38.9479]], [[-120.6916, 38.9482], [-120.6912, 38.9485], [-120.6912, 38.9482], [-120.6916, 38.9482]], [[-120.6933, 38.9476], [-120.6926, 38.9479], [-120.6926, 38.9477], [-120.6933, 38.9476]], [[-120.6964, 38.9468], [-120.6957, 38.9471], [-120.6957, 38.9468], [-120.6964, 38.9468]], [[-120.6971, 38.9452], [-120.6967, 38.9455], [-120.6967, 38.9452], [-120.6971, 38.9452]], [[-120.7082, 38.9438], [-120.7078, 38.9441], [-120.7078, 38.9438], [-120.7082, 38.9438]], [[-120.6992, 38.9441], [-120.6978, 38.9438], [-120.6978, 38.9436], [-120.6991, 38.9436], [-120.6992, 38.9441]], [[-120.6967, 38.9436], [-120.6964, 38.9438], [-120.6964, 38.9436], [-120.6967, 38.9436]], [[-120.6988, 38.9433], [-120.6974, 38.943], [-120.6974, 38.9425], [-120.6991, 38.9425], [-120.6988, 38.9433]], [[-120.6967, 38.9428], [-120.696, 38.943], [-120.696, 38.9425], [-120.6964, 38.9425], [-120.6964, 38.9428], [-120.6967, 38.9428]], [[-120.7075, 38.9422], [-120.7068, 38.9427], [-120.7068, 38.9422], [-120.7075, 38.9422]], [[-120.6971, 38.9425], [-120.6967, 38.9428], [-120.6967, 38.9425], [-120.6971, 38.9425]], [[-120.7085, 38.9424], [-120.7078, 38.9422], [-120.7078, 38.9411], [-120.7085, 38.9411], [-120.7085, 38.9424]], [[-120.6991, 38.9422], [-120.6984, 38.9422], [-120.6988, 38.9414], [-120.6991, 38.9414], [-120.6991, 38.9422]], [[-120.7057, 38.9411], [-120.7054, 38.9416], [-120.705, 38.9411], [-120.7057, 38.9411]], [[-120.6939, 38.9414], [-120.6929, 38.9404], [-120.695, 38.9398], [-120.6943, 38.9404], [-120.6946, 38.9412], [-120.6939, 38.9414]], [[-120.7074, 38.9408], [-120.7071, 38.9411], [-120.7071, 38.9408], [-120.7074, 38.9408]], [[-120.7061, 38.9408], [-120.7057, 38.9411], [-120.7057, 38.9408], [-120.7061, 38.9408]], [[-120.7095, 38.9405], [-120.7085, 38.9405], [-120.7085, 38.9403], [-120.7095, 38.94], [-120.7095, 38.9405]], [[-120.6974, 38.9406], [-120.6967, 38.9406], [-120.6963, 38.9398], [-120.6974, 38.9398], [-120.6974, 38.9406]], [[-120.6963, 38.9403], [-120.696, 38.9406], [-120.696, 38.9403], [-120.6963, 38.9403]], [[-120.6922, 38.9401], [-120.6918, 38.9404], [-120.6918, 38.9401], [-120.6922, 38.9401]], [[-120.6925, 38.9401], [-120.6915, 38.9396], [-120.6918, 38.939], [-120.6929, 38.9396], [-120.6925, 38.9401]], [[-120.6984, 38.9392], [-120.6981, 38.9395], [-120.6981, 38.9393], [-120.6984, 38.9392]], [[-120.6946, 38.939], [-120.6943, 38.9395], [-120.6939, 38.939], [-120.6946, 38.939]], [[-120.6939, 38.9393], [-120.6936, 38.9395], [-120.6936, 38.9393], [-120.6939, 38.9393]], [[-120.6988, 38.939], [-120.6984, 38.9392], [-120.6984, 38.939], [-120.6988, 38.939]], [[-120.6967, 38.939], [-120.6963, 38.9393], [-120.6963, 38.939], [-120.6967, 38.939]], [[-120.6936, 38.939], [-120.6932, 38.9393], [-120.6932, 38.939], [-120.6936, 38.939]], [[-120.6981, 38.9387], [-120.6974, 38.939], [-120.6974, 38.9387], [-120.6981, 38.9387]], [[-120.6949, 38.9385], [-120.6946, 38.939], [-120.6943, 38.9385], [-120.6949, 38.9385]], [[-120.6908, 38.9385], [-120.6901, 38.9388], [-120.6901, 38.9385], [-120.6908, 38.9385]], [[-120.7053, 38.9381], [-120.705, 38.9384], [-120.705, 38.9381], [-120.7053, 38.9381]], [[-120.696, 38.9382], [-120.6953, 38.9385], [-120.6953, 38.9382], [-120.696, 38.9382]], [[-120.7067, 38.9379], [-120.7064, 38.9381], [-120.7064, 38.9379], [-120.7067, 38.9379]], [[-120.6932, 38.9379], [-120.6925, 38.9382], [-120.6925, 38.9379], [-120.6932, 38.9379]], [[-120.6922, 38.9382], [-120.6915, 38.9382], [-120.6911, 38.9377], [-120.6918, 38.9377], [-120.6922, 38.9382]], [[-120.6967, 38.9376], [-120.6949, 38.9376], [-120.6946, 38.9371], [-120.6953, 38.9368], [-120.6963, 38.9368], [-120.6967, 38.9376]], [[-120.6949, 38.9376], [-120.6946, 38.9379], [-120.6946, 38.9377], [-120.6949, 38.9376]], [[-120.6939, 38.9377], [-120.6936, 38.9379], [-120.6936, 38.9377], [-120.6939, 38.9377]], [[-120.6942, 38.9374], [-120.6939, 38.9377], [-120.6939, 38.9374], [-120.6942, 38.9374]], [[-120.7005, 38.9368], [-120.6998, 38.9374], [-120.6998, 38.9368], [-120.7005, 38.9368]], [[-120.6911, 38.9369], [-120.6908, 38.9371], [-120.6908, 38.9369], [-120.6911, 38.9369]], [[-120.6904, 38.9369], [-120.6897, 38.9371], [-120.6897, 38.9369], [-120.6904, 38.9369]], [[-120.6967, 38.9366], [-120.6963, 38.9368], [-120.6963, 38.9366], [-120.6967, 38.9366]], [[-120.6908, 38.9366], [-120.6904, 38.9369], [-120.6904, 38.9366], [-120.6908, 38.9366]], [[-120.6897, 38.9366], [-120.689, 38.9369], [-120.689, 38.9366], [-120.6897, 38.9366]], [[-120.6963, 38.9358], [-120.6956, 38.9366], [-120.6956, 38.9358], [-120.6963, 38.9358]], [[-120.6932, 38.9355], [-120.6928, 38.9358], [-120.6928, 38.9355], [-120.6932, 38.9355]], [[-120.6921, 38.9355], [-120.6908, 38.9358], [-120.6908, 38.9355], [-120.6921, 38.9355]], [[-120.6897, 38.9355], [-120.6894, 38.9358], [-120.6894, 38.9355], [-120.6897, 38.9355]], [[-120.6904, 38.935], [-120.6897, 38.9355], [-120.6897, 38.935], [-120.6904, 38.935]], [[-120.6918, 38.935], [-120.6914, 38.9352], [-120.6914, 38.935], [-120.6918, 38.935]]], [[[-120.6485, 38.9355], [-120.6488, 38.9347], [-120.6478, 38.9344], [-120.6471, 38.9352], [-120.6485, 38.9355]]], [[[-120.6849, 38.935], [-120.6855, 38.9339], [-120.6852, 38.9334], [-120.6845, 38.9337], [-120.6849, 38.935]]], [[[-120.6284, 38.934], [-120.6287, 38.9334], [-120.6277, 38.9332], [-120.6273, 38.9337], [-120.6284, 38.934]]], [[[-120.6709, 38.9559], [-120.6701, 38.9526], [-120.6708, 38.9524], [-120.6705, 38.9499], [-120.6711, 38.9478], [-120.6708, 38.9483], [-120.6697, 38.9478], [-120.6704, 38.9472], [-120.6715, 38.9475], [-120.6715, 38.947], [-120.6697, 38.947], [-120.6697, 38.9462], [-120.6683, 38.9467], [-120.6683, 38.9459], [-120.6697, 38.9453], [-120.6715, 38.9467], [-120.6718, 38.9451], [-120.6708, 38.9456], [-120.6708, 38.9451], [-120.6697, 38.9443], [-120.6687, 38.9445], [-120.668, 38.9435], [-120.6694, 38.9435], [-120.6707, 38.9413], [-120.6728, 38.9413], [-120.6731, 38.9418], [-120.6731, 38.941], [-120.6717, 38.9397], [-120.67, 38.9399], [-120.67, 38.9394], [-120.6686, 38.9397], [-120.6683, 38.9391], [-120.6665, 38.9394], [-120.6662, 38.9405], [-120.6659, 38.9402], [-120.6645, 38.9405], [-120.6641, 38.94], [-120.6662, 38.9392], [-120.6662, 38.9378], [-120.6651, 38.937], [-120.6634, 38.9381], [-120.6641, 38.9367], [-120.6631, 38.9367], [-120.6627, 38.9351], [-120.6613, 38.9351], [-120.6596, 38.9333], [-120.6578, 38.9327], [-120.6544, 38.94], [-120.6541, 38.943], [-120.6534, 38.9433], [-120.6541, 38.9435], [-120.6565, 38.9411], [-120.6576, 38.9411], [-120.6576, 38.9433], [-120.6593, 38.9419], [-120.659, 38.9438], [-120.6576, 38.9441], [-120.6586, 38.9454], [-120.6579, 38.9457], [-120.6576, 38.9451], [-120.6573, 38.9462], [-120.659, 38.9457], [-120.6604, 38.9462], [-120.6604, 38.9486], [-120.6618, 38.947], [-120.6632, 38.9478], [-120.6631, 38.947], [-120.6638, 38.947], [-120.6645, 38.9481], [-120.6687, 38.9472], [-120.6698, 38.9497], [-120.6687, 38.9499], [-120.6687, 38.9508], [-120.6691, 38.9508], [-120.6691, 38.9513], [-120.6684, 38.9516], [-120.6694, 38.9516], [-120.6698, 38.951], [-120.6701, 38.9518], [-120.6684, 38.9524], [-120.6687, 38.9529], [-120.6698, 38.9526], [-120.6688, 38.9537], [-120.6688, 38.9545], [-120.6701, 38.9543], [-120.6702, 38.9559], [-120.6709, 38.9559]], [[-120.6694, 38.9537], [-120.6691, 38.954], [-120.6691, 38.9537], [-120.6694, 38.9537]], [[-120.6698, 38.9505], [-120.6691, 38.9508], [-120.6691, 38.9505], [-120.6698, 38.9505]], [[-120.6701, 38.9499], [-120.6698, 38.9502], [-120.6698, 38.9499], [-120.6701, 38.9499]], [[-120.6701, 38.9483], [-120.6697, 38.9486], [-120.6697, 38.9483], [-120.6701, 38.9483]], [[-120.6656, 38.9473], [-120.6652, 38.9475], [-120.6652, 38.9473], [-120.6656, 38.9473]], [[-120.6645, 38.9465], [-120.6642, 38.9473], [-120.6642, 38.9465], [-120.6645, 38.9465]], [[-120.6618, 38.9467], [-120.6614, 38.947], [-120.6614, 38.9467], [-120.6618, 38.9467]], [[-120.6656, 38.9465], [-120.6652, 38.9467], [-120.6652, 38.9465], [-120.6656, 38.9465]], [[-120.6673, 38.9462], [-120.6663, 38.9464], [-120.6663, 38.9456], [-120.6666, 38.9456], [-120.6666, 38.9459], [-120.6669, 38.9459], [-120.667, 38.9462], [-120.6673, 38.9462]], [[-120.6642, 38.9462], [-120.6638, 38.9465], [-120.6638, 38.9462], [-120.6642, 38.9462]], [[-120.6618, 38.9462], [-120.6614, 38.9465], [-120.6614, 38.9462], [-120.6618, 38.9462]], [[-120.6676, 38.9459], [-120.6673, 38.9462], [-120.6673, 38.9459], [-120.6676, 38.9459]], [[-120.6638, 38.9459], [-120.6631, 38.9462], [-120.6631, 38.9459], [-120.6638, 38.9459]], [[-120.6659, 38.9459], [-120.6645, 38.9456], [-120.6645, 38.9443], [-120.6659, 38.9448], [-120.6659, 38.9459]], [[-120.6607, 38.9457], [-120.66, 38.9459], [-120.66, 38.9457], [-120.6607, 38.9457]], [[-120.6614, 38.9451], [-120.6611, 38.9457], [-120.6611, 38.9451], [-120.6614, 38.9451]], [[-120.66, 38.9454], [-120.6597, 38.9457], [-120.6597, 38.9454], [-120.66, 38.9454]], [[-120.6697, 38.9448], [-120.669, 38.9451], [-120.669, 38.9448], [-120.6697, 38.9448]], [[-120.6611, 38.9451], [-120.6604, 38.9451], [-120.66, 38.9446], [-120.6607, 38.9446], [-120.6611, 38.9451]], [[-120.668, 38.9448], [-120.6673, 38.9448], [-120.6673, 38.9443], [-120.6676, 38.9443], [-120.668, 38.9448]], [[-120.6628, 38.9443], [-120.6624, 38.9446], [-120.6624, 38.9443], [-120.6628, 38.9443]], [[-120.6621, 38.9443], [-120.6617, 38.9446], [-120.6617, 38.9443], [-120.6621, 38.9443]], [[-120.661, 38.9443], [-120.6607, 38.9446], [-120.6607, 38.9443], [-120.661, 38.9443]], [[-120.668, 38.944], [-120.6676, 38.9443], [-120.6676, 38.944], [-120.668, 38.944]], [[-120.6669, 38.9443], [-120.6659, 38.944], [-120.6666, 38.9429], [-120.6669, 38.9429], [-120.6669, 38.9435], [-120.6676, 38.9435], [-120.6669, 38.9443]], [[-120.6642, 38.9443], [-120.6635, 38.9443], [-120.6635, 38.944], [-120.6638, 38.944], [-120.6638, 38.9438], [-120.6642, 38.9438], [-120.6642, 38.9443]], [[-120.6624, 38.9438], [-120.6621, 38.9443], [-120.6617, 38.9438], [-120.6624, 38.9438]], [[-120.6631, 38.9438], [-120.6628, 38.944], [-120.6628, 38.9438], [-120.6631, 38.9438]], [[-120.6645, 38.9438], [-120.6638, 38.9435], [-120.6642, 38.943], [-120.6645, 38.9429], [-120.6645, 38.9438]], [[-120.6635, 38.9435], [-120.6631, 38.9438], [-120.6631, 38.9435], [-120.6635, 38.9435]], [[-120.661, 38.9438], [-120.66, 38.943], [-120.6596, 38.9419], [-120.6614, 38.9424], [-120.661, 38.9438]], [[-120.6603, 38.9435], [-120.66, 38.9438], [-120.66, 38.9435], [-120.6603, 38.9435]], [[-120.66, 38.9432], [-120.6593, 38.9438], [-120.6593, 38.9432], [-120.66, 38.9432]], [[-120.6662, 38.9432], [-120.6655, 38.9432], [-120.6635, 38.9421], [-120.6659, 38.9421], [-120.6662, 38.9432]], [[-120.668, 38.9427], [-120.6669, 38.9429], [-120.6669, 38.9427], [-120.668, 38.9427]], [[-120.6676, 38.9421], [-120.6673, 38.9424], [-120.6673, 38.9421], [-120.6676, 38.9421]], [[-120.6617, 38.9422], [-120.6614, 38.9424], [-120.6614, 38.9422], [-120.6617, 38.9422]], [[-120.6614, 38.9419], [-120.661, 38.9422], [-120.661, 38.9419], [-120.6614, 38.9419]], [[-120.6551, 38.9416], [-120.6544, 38.9422], [-120.6544, 38.9419], [-120.6551, 38.9416]], [[-120.6634, 38.9419], [-120.6628, 38.9416], [-120.6627, 38.9411], [-120.6634, 38.9413], [-120.6634, 38.9419]], [[-120.6589, 38.9416], [-120.6586, 38.9419], [-120.6586, 38.9416], [-120.6589, 38.9416]], [[-120.6548, 38.9414], [-120.6544, 38.9417], [-120.6544, 38.9414], [-120.6548, 38.9414]], [[-120.6662, 38.9413], [-120.6652, 38.9413], [-120.6652, 38.9408], [-120.6659, 38.9405], [-120.6662, 38.9413]], [[-120.6641, 38.9408], [-120.6634, 38.9413], [-120.6634, 38.9408], [-120.6641, 38.9408]], [[-120.6558, 38.9411], [-120.6551, 38.9414], [-120.6551, 38.9411], [-120.6558, 38.9411]], [[-120.6707, 38.9402], [-120.6704, 38.941], [-120.6704, 38.9402], [-120.6707, 38.9402]], [[-120.6624, 38.9411], [-120.6617, 38.9411], [-120.6614, 38.9403], [-120.662, 38.9403], [-120.6624, 38.9411]], [[-120.6565, 38.9408], [-120.6562, 38.9411], [-120.6562, 38.9408], [-120.6565, 38.9408]], [[-120.6718, 38.9405], [-120.6714, 38.9408], [-120.6714, 38.9405], [-120.6718, 38.9405]], [[-120.669, 38.9402], [-120.6683, 38.9408], [-120.6679, 38.9402], [-120.6686, 38.94], [-120.669, 38.9402]], [[-120.6669, 38.9402], [-120.6666, 38.9408], [-120.6666, 38.9402], [-120.6669, 38.9402]], [[-120.6714, 38.9402], [-120.6711, 38.9405], [-120.6711, 38.9402], [-120.6714, 38.9402]], [[-120.6638, 38.9403], [-120.6634, 38.9405], [-120.6634, 38.9403], [-120.6638, 38.9403]], [[-120.6579, 38.9403], [-120.6575, 38.9406], [-120.6575, 38.9403], [-120.6579, 38.9403]], [[-120.6572, 38.9403], [-120.6569, 38.9406], [-120.6569, 38.9403], [-120.6572, 38.9403]], [[-120.6693, 38.94], [-120.669, 38.9402], [-120.669, 38.94], [-120.6693, 38.94]], [[-120.6593, 38.94], [-120.6589, 38.9403], [-120.6589, 38.94], [-120.6593, 38.94]], [[-120.6575, 38.94], [-120.6572, 38.9403], [-120.6572, 38.94], [-120.6575, 38.94]], [[-120.6697, 38.9397], [-120.6693, 38.94], [-120.6693, 38.9397], [-120.6697, 38.9397]], [[-120.6631, 38.9397], [-120.662, 38.94], [-120.662, 38.9397], [-120.6631, 38.9397]], [[-120.6582, 38.9397], [-120.6579, 38.94], [-120.6579, 38.9397], [-120.6582, 38.9397]], [[-120.6603, 38.9397], [-120.6596, 38.9395], [-120.66, 38.9389], [-120.6607, 38.9392], [-120.6603, 38.9397]], [[-120.6593, 38.9392], [-120.6589, 38.9397], [-120.6589, 38.9392], [-120.6593, 38.9392]], [[-120.6589, 38.9389], [-120.6586, 38.9392], [-120.6586, 38.9389], [-120.6589, 38.9389]], [[-120.6568, 38.9389], [-120.6565, 38.9392], [-120.6565, 38.9389], [-120.6568, 38.9389]], [[-120.6651, 38.9384], [-120.6648, 38.9389], [-120.6648, 38.9384], [-120.6651, 38.9384]], [[-120.662, 38.9389], [-120.661, 38.9389], [-120.661, 38.9386], [-120.662, 38.9384], [-120.662, 38.9389]], [[-120.6596, 38.9384], [-120.6593, 38.9387], [-120.6593, 38.9384], [-120.6596, 38.9384]], [[-120.6645, 38.9381], [-120.6641, 38.9384], [-120.6641, 38.9381], [-120.6645, 38.9381]], [[-120.6617, 38.9381], [-120.661, 38.9384], [-120.661, 38.9381], [-120.6617, 38.9381]], [[-120.6606, 38.9381], [-120.6603, 38.9384], [-120.6603, 38.9381], [-120.6606, 38.9381]], [[-120.6596, 38.9378], [-120.6593, 38.9381], [-120.6593, 38.9378], [-120.6596, 38.9378]], [[-120.6589, 38.9379], [-120.6586, 38.9381], [-120.6586, 38.9379], [-120.6589, 38.9379]], [[-120.6603, 38.9376], [-120.6599, 38.9378], [-120.6599, 38.9376], [-120.6603, 38.9376]], [[-120.6593, 38.9376], [-120.6589, 38.9379], [-120.6589, 38.9376], [-120.6593, 38.9376]], [[-120.662, 38.9365], [-120.6617, 38.9368], [-120.6617, 38.9365], [-120.662, 38.9365]], [[-120.6568, 38.9362], [-120.6565, 38.9365], [-120.6565, 38.9362], [-120.6568, 38.9362]], [[-120.6596, 38.9349], [-120.6592, 38.9354], [-120.6592, 38.9349], [-120.6596, 38.9349]], [[-120.6606, 38.9346], [-120.6599, 38.9349], [-120.6599, 38.9346], [-120.6606, 38.9346]], [[-120.6582, 38.9333], [-120.6578, 38.9335], [-120.6578, 38.9333], [-120.6582, 38.9333]]], [[[-120.6838, 38.9374], [-120.6842, 38.935], [-120.6835, 38.9342], [-120.6842, 38.9334], [-120.6824, 38.9337], [-120.6824, 38.9348], [-120.6814, 38.9348], [-120.6821, 38.9339], [-120.6814, 38.9323], [-120.6772, 38.9326], [-120.6772, 38.934], [-120.6793, 38.9345], [-120.679, 38.935], [-120.6818, 38.9366], [-120.6835, 38.9366], [-120.6832, 38.9372], [-120.6838, 38.9374]], [[-120.6804, 38.9342], [-120.68, 38.9345], [-120.68, 38.9342], [-120.6804, 38.9342]], [[-120.68, 38.934], [-120.6797, 38.9342], [-120.6797, 38.934], [-120.68, 38.934]], [[-120.681, 38.9329], [-120.6807, 38.9334], [-120.6807, 38.9329], [-120.681, 38.9329]]], [[[-120.6194, 38.9332], [-120.6204, 38.9324], [-120.6197, 38.9321], [-120.6194, 38.9332]]], [[[-120.6509, 38.9352], [-120.654, 38.9338], [-120.6526, 38.9333], [-120.6526, 38.9338], [-120.6516, 38.9336], [-120.6513, 38.9341], [-120.6509, 38.9325], [-120.6495, 38.9325], [-120.6491, 38.9312], [-120.6488, 38.9317], [-120.6457, 38.9314], [-120.646, 38.9325], [-120.6488, 38.9328], [-120.6488, 38.9344], [-120.6509, 38.9352]], [[-120.6519, 38.9344], [-120.6516, 38.9347], [-120.6516, 38.9344], [-120.6519, 38.9344]], [[-120.6513, 38.9341], [-120.6509, 38.9344], [-120.6509, 38.9341], [-120.6513, 38.9341]], [[-120.6506, 38.9336], [-120.6502, 38.9341], [-120.6502, 38.9336], [-120.6506, 38.9336]], [[-120.6499, 38.9328], [-120.6495, 38.933], [-120.6495, 38.9328], [-120.6499, 38.9328]]], [[[-120.6287, 38.9326], [-120.6287, 38.9313], [-120.628, 38.9313], [-120.628, 38.9326], [-120.6287, 38.9326]]], [[[-120.627, 38.9321], [-120.6273, 38.931], [-120.6252, 38.931], [-120.6266, 38.9315], [-120.627, 38.9321]]], [[[-120.619, 38.9321], [-120.6201, 38.9313], [-120.6194, 38.931], [-120.619, 38.9321]]], [[[-120.6367, 38.939], [-120.6364, 38.9382], [-120.6378, 38.938], [-120.6378, 38.9363], [-120.6381, 38.9369], [-120.6395, 38.9366], [-120.6395, 38.9377], [-120.6405, 38.9371], [-120.6409, 38.9385], [-120.6447, 38.9377], [-120.6447, 38.9368], [-120.6461, 38.9366], [-120.6461, 38.9352], [-120.6468, 38.9355], [-120.6457, 38.9344], [-120.6457, 38.9339], [-120.6467, 38.9339], [-120.6457, 38.9333], [-120.6464, 38.9328], [-120.646, 38.9328], [-120.6446, 38.9314], [-120.6429, 38.9323], [-120.6429, 38.9312], [-120.6408, 38.9315], [-120.6405, 38.9309], [-120.637, 38.9304], [-120.637, 38.9312], [-120.6374, 38.9312], [-120.6374, 38.9315], [-120.6356, 38.9315], [-120.6357, 38.9323], [-120.6339, 38.9329], [-120.6339, 38.9337], [-120.635, 38.9328], [-120.6353, 38.9342], [-120.636, 38.9342], [-120.635, 38.9347], [-120.6347, 38.9369], [-120.6357, 38.9388], [-120.6367, 38.939]], [[-120.6364, 38.938], [-120.636, 38.9382], [-120.636, 38.938], [-120.6364, 38.938]], [[-120.6433, 38.9371], [-120.643, 38.9374], [-120.643, 38.9371], [-120.6433, 38.9371]], [[-120.6416, 38.9371], [-120.6412, 38.9374], [-120.6412, 38.9371], [-120.6416, 38.9371]], [[-120.6364, 38.9372], [-120.6357, 38.9374], [-120.6357, 38.9372], [-120.6364, 38.9372]], [[-120.644, 38.9369], [-120.6437, 38.9371], [-120.6437, 38.9369], [-120.644, 38.9369]], [[-120.643, 38.9366], [-120.6426, 38.9369], [-120.6426, 38.9366], [-120.643, 38.9366]], [[-120.6423, 38.9366], [-120.6419, 38.9369], [-120.6419, 38.9366], [-120.6423, 38.9366]], [[-120.6416, 38.9363], [-120.6409, 38.9366], [-120.6409, 38.9363], [-120.6416, 38.9363]], [[-120.643, 38.936], [-120.6426, 38.9363], [-120.6426, 38.936], [-120.643, 38.936]], [[-120.6409, 38.9358], [-120.6405, 38.9363], [-120.6405, 38.9358], [-120.6409, 38.9358]], [[-120.6364, 38.9364], [-120.6353, 38.9364], [-120.6353, 38.9358], [-120.636, 38.9358], [-120.6364, 38.9364]], [[-120.644, 38.936], [-120.6433, 38.936], [-120.6433, 38.9344], [-120.6447, 38.9341], [-120.644, 38.936]], [[-120.6419, 38.9355], [-120.6409, 38.9358], [-120.6409, 38.9355], [-120.6419, 38.9355]], [[-120.6405, 38.9355], [-120.6402, 38.9358], [-120.6402, 38.9355], [-120.6405, 38.9355]], [[-120.6384, 38.9355], [-120.636, 38.9353], [-120.636, 38.935], [-120.6374, 38.9347], [-120.6384, 38.9355]], [[-120.6416, 38.9347], [-120.6412, 38.935], [-120.6412, 38.9347], [-120.6416, 38.9347]], [[-120.6457, 38.9344], [-120.6454, 38.9347], [-120.6454, 38.9344], [-120.6457, 38.9344]], [[-120.6412, 38.9347], [-120.6405, 38.9347], [-120.6409, 38.9339], [-120.6412, 38.9339], [-120.6412, 38.9347]], [[-120.6454, 38.9339], [-120.645, 38.9344], [-120.645, 38.9339], [-120.6454, 38.9339]], [[-120.6367, 38.9339], [-120.6364, 38.9342], [-120.6364, 38.9339], [-120.6367, 38.9339]], [[-120.6402, 38.9336], [-120.6398, 38.9339], [-120.6398, 38.9336], [-120.6402, 38.9336]], [[-120.6457, 38.9333], [-120.6454, 38.9336], [-120.6454, 38.9333], [-120.6457, 38.9333]], [[-120.6398, 38.9334], [-120.6395, 38.9336], [-120.6395, 38.9334], [-120.6398, 38.9334]], [[-120.6419, 38.9331], [-120.6415, 38.9334], [-120.6415, 38.9331], [-120.6419, 38.9331]], [[-120.637, 38.9331], [-120.6364, 38.9334], [-120.6363, 38.9331], [-120.637, 38.9331]], [[-120.6363, 38.9331], [-120.6357, 38.9331], [-120.636, 38.932], [-120.6367, 38.932], [-120.6363, 38.9331]], [[-120.6429, 38.9323], [-120.6426, 38.9328], [-120.6422, 38.9323], [-120.6429, 38.9323]], [[-120.6377, 38.9309], [-120.6374, 38.9312], [-120.6374, 38.9309], [-120.6377, 38.9309]]], [[[-120.644, 38.9309], [-120.6453, 38.9312], [-120.6439, 38.9304], [-120.644, 38.9309]]], [[[-120.6852, 38.931], [-120.6848, 38.9296], [-120.6834, 38.9293], [-120.6831, 38.9304], [-120.6841, 38.9307], [-120.6838, 38.9299], [-120.6845, 38.9299], [-120.6852, 38.931]]], [[[-120.6467, 38.9301], [-120.6467, 38.9293], [-120.646, 38.9293], [-120.6457, 38.9298], [-120.6467, 38.9301]]], [[[-120.6243, 38.9375], [-120.6235, 38.9345], [-120.6242, 38.9337], [-120.6232, 38.9337], [-120.6232, 38.9326], [-120.6246, 38.9332], [-120.6246, 38.934], [-120.6267, 38.934], [-120.6266, 38.9326], [-120.6256, 38.9329], [-120.6249, 38.931], [-120.6273, 38.9299], [-120.6259, 38.9302], [-120.6259, 38.9297], [-120.6239, 38.9299], [-120.6232, 38.9294], [-120.6228, 38.9308], [-120.6204, 38.9316], [-120.6211, 38.9318], [-120.6204, 38.9332], [-120.6215, 38.9332], [-120.6218, 38.9335], [-120.6205, 38.9375], [-120.6243, 38.9375]], [[-120.6232, 38.9372], [-120.6225, 38.937], [-120.6225, 38.9364], [-120.6236, 38.9364], [-120.6232, 38.9372]], [[-120.6215, 38.9367], [-120.6211, 38.937], [-120.6211, 38.9367], [-120.6215, 38.9367]], [[-120.6235, 38.9348], [-120.6229, 38.9351], [-120.6229, 38.9348], [-120.6235, 38.9348]], [[-120.6232, 38.9343], [-120.6225, 38.9348], [-120.6225, 38.9343], [-120.6232, 38.9343]], [[-120.6256, 38.9329], [-120.6253, 38.9332], [-120.6253, 38.9329], [-120.6256, 38.9329]], [[-120.6218, 38.9329], [-120.6215, 38.9332], [-120.6215, 38.9329], [-120.6218, 38.9329]], [[-120.6253, 38.9321], [-120.6249, 38.9324], [-120.6249, 38.9321], [-120.6253, 38.9321]], [[-120.6242, 38.9305], [-120.6239, 38.9307], [-120.6239, 38.9305], [-120.6242, 38.9305]]], [[[-120.628, 38.9296], [-120.628, 38.9291], [-120.627, 38.9288], [-120.627, 38.9294], [-120.628, 38.9296]]], [[[-120.645, 38.9296], [-120.6457, 38.9279], [-120.6436, 38.9277], [-120.6436, 38.9288], [-120.6439, 38.9288], [-120.6439, 38.9296], [-120.645, 38.9296]], [[-120.6443, 38.9282], [-120.6439, 38.9288], [-120.6439, 38.9282], [-120.6443, 38.9282]]], [[[-120.6844, 38.9269], [-120.6844, 38.9264], [-120.6831, 38.9264], [-120.6831, 38.9269], [-120.6844, 38.9269]]], [[[-120.6183, 38.9262], [-120.6183, 38.9248], [-120.6179, 38.9248], [-120.6176, 38.9259], [-120.6183, 38.9262]]], [[[-120.6179, 38.9248], [-120.6183, 38.9238], [-120.6172, 38.923], [-120.6158, 38.924], [-120.6179, 38.9248]]], [[[-120.6735, 38.9402], [-120.6742, 38.9383], [-120.6735, 38.9372], [-120.6741, 38.9375], [-120.6748, 38.9359], [-120.6738, 38.9351], [-120.6752, 38.9348], [-120.6745, 38.934], [-120.6765, 38.9326], [-120.6762, 38.9321], [-120.6772, 38.9326], [-120.6776, 38.9315], [-120.6769, 38.9307], [-120.6758, 38.931], [-120.6765, 38.9305], [-120.6758, 38.9302], [-120.6765, 38.9297], [-120.6761, 38.9288], [-120.6775, 38.9288], [-120.6779, 38.9299], [-120.6786, 38.9299], [-120.6793, 38.9291], [-120.68, 38.9291], [-120.68, 38.9288], [-120.6803, 38.9288], [-120.6796, 38.9299], [-120.6803, 38.9302], [-120.6803, 38.9307], [-120.6814, 38.9304], [-120.6807, 38.9323], [-120.6817, 38.9315], [-120.6824, 38.9321], [-120.6821, 38.9329], [-120.6831, 38.9334], [-120.6835, 38.9323], [-120.6828, 38.9318], [-120.6845, 38.9312], [-120.6834, 38.9312], [-120.6827, 38.9304], [-120.6831, 38.9293], [-120.6817, 38.9291], [-120.6827, 38.9291], [-120.6831, 38.928], [-120.6845, 38.928], [-120.6855, 38.9288], [-120.6858, 38.9266], [-120.6851, 38.9264], [-120.6845, 38.9277], [-120.681, 38.9269], [-120.681, 38.9283], [-120.6803, 38.9283], [-120.68, 38.928], [-120.6806, 38.9275], [-120.6803, 38.9264], [-120.6782, 38.9264], [-120.6786, 38.9269], [-120.6779, 38.9272], [-120.6754, 38.9272], [-120.6751, 38.9264], [-120.6695, 38.9265], [-120.6695, 38.9256], [-120.6688, 38.9259], [-120.6688, 38.9248], [-120.6695, 38.9254], [-120.6695, 38.9224], [-120.6681, 38.9227], [-120.6685, 38.9219], [-120.6678, 38.9224], [-120.6667, 38.9219], [-120.6654, 38.923], [-120.664, 38.9224], [-120.664, 38.9232], [-120.6633, 38.9233], [-120.6636, 38.9227], [-120.6629, 38.9227], [-120.6612, 38.9238], [-120.6623, 38.9246], [-120.6605, 38.9243], [-120.6591, 38.9257], [-120.6605, 38.9273], [-120.6612, 38.9279], [-120.6623, 38.9276], [-120.6619, 38.9284], [-120.6633, 38.9284], [-120.6633, 38.9278], [-120.6637, 38.9278], [-120.664, 38.9284], [-120.6647, 38.9284], [-120.6657, 38.9281], [-120.6654, 38.9273], [-120.6671, 38.9265], [-120.6668, 38.927], [-120.6678, 38.927], [-120.6678, 38.9284], [-120.6709, 38.9283], [-120.6696, 38.9281], [-120.6699, 38.9275], [-120.6723, 38.9278], [-120.6716, 38.9281], [-120.672, 38.9291], [-120.6723, 38.9297], [-120.673, 38.9294], [-120.673, 38.9297], [-120.6734, 38.9297], [-120.6737, 38.9299], [-120.6737, 38.9308], [-120.6748, 38.9307], [-120.6741, 38.9313], [-120.6755, 38.9326], [-120.662, 38.9327], [-120.6627, 38.9335], [-120.6616, 38.9335], [-120.6616, 38.9341], [-120.6637, 38.9349], [-120.663, 38.9338], [-120.6648, 38.9338], [-120.6644, 38.9349], [-120.6655, 38.9348], [-120.6651, 38.9365], [-120.6665, 38.9356], [-120.6665, 38.9362], [-120.6676, 38.9362], [-120.6683, 38.9375], [-120.669, 38.9375], [-120.669, 38.9383], [-120.6697, 38.9381], [-120.6697, 38.9383], [-120.67, 38.9383], [-120.67, 38.9386], [-120.6707, 38.9386], [-120.6707, 38.9389], [-120.6721, 38.9383], [-120.6728, 38.9402], [-120.6735, 38.9402]], [[-120.6703, 38.9381], [-120.67, 38.9383], [-120.67, 38.9381], [-120.6703, 38.9381]], [[-120.6728, 38.9378], [-120.6724, 38.938], [-120.6724, 38.9378], [-120.6728, 38.9378]], [[-120.6724, 38.9372], [-120.6721, 38.9375], [-120.6721, 38.9372], [-120.6724, 38.9372]], [[-120.6714, 38.937], [-120.671, 38.9375], [-120.671, 38.937], [-120.6714, 38.937]], [[-120.6738, 38.9367], [-120.6735, 38.937], [-120.6734, 38.9367], [-120.6738, 38.9367]], [[-120.6728, 38.937], [-120.671, 38.9364], [-120.6724, 38.9359], [-120.672, 38.9351], [-120.6731, 38.9343], [-120.6714, 38.9354], [-120.671, 38.934], [-120.6734, 38.9337], [-120.6738, 38.9348], [-120.6731, 38.9353], [-120.6741, 38.9356], [-120.6741, 38.9364], [-120.6734, 38.9364], [-120.6728, 38.937]], [[-120.6696, 38.9364], [-120.6693, 38.9367], [-120.6693, 38.9364], [-120.6696, 38.9364]], [[-120.6693, 38.9362], [-120.6686, 38.9364], [-120.6686, 38.9362], [-120.6693, 38.9362]], [[-120.6686, 38.9359], [-120.6682, 38.9362], [-120.6682, 38.9359], [-120.6686, 38.9359]], [[-120.6714, 38.9354], [-120.6707, 38.9359], [-120.6707, 38.9354], [-120.6714, 38.9354]], [[-120.6675, 38.9356], [-120.6669, 38.9359], [-120.6669, 38.9356], [-120.6675, 38.9356]], [[-120.6696, 38.9343], [-120.6693, 38.9346], [-120.6693, 38.9343], [-120.6696, 38.9343]], [[-120.6748, 38.9334], [-120.6745, 38.9337], [-120.6745, 38.9334], [-120.6748, 38.9334]], [[-120.672, 38.9335], [-120.6717, 38.9337], [-120.6717, 38.9335], [-120.672, 38.9335]], [[-120.6731, 38.9335], [-120.672, 38.9332], [-120.672, 38.9329], [-120.6731, 38.9329], [-120.6731, 38.9335]], [[-120.6717, 38.9329], [-120.671, 38.9335], [-120.671, 38.9329], [-120.6717, 38.9329]], [[-120.6738, 38.9329], [-120.6734, 38.9332], [-120.6734, 38.9329], [-120.6738, 38.9329]], [[-120.6769, 38.9313], [-120.6765, 38.9318], [-120.6765, 38.9313], [-120.6769, 38.9313]], [[-120.6758, 38.9315], [-120.6751, 38.9318], [-120.6751, 38.9316], [-120.6758, 38.9315]], [[-120.6751, 38.9305], [-120.6748, 38.9307], [-120.6748, 38.9305], [-120.6751, 38.9305]], [[-120.6807, 38.9299], [-120.6803, 38.9302], [-120.6803, 38.9299], [-120.6807, 38.9299]], [[-120.6748, 38.9297], [-120.6741, 38.9299], [-120.6741, 38.9297], [-120.6748, 38.9297]], [[-120.6737, 38.9294], [-120.6734, 38.9297], [-120.6734, 38.9294], [-120.6737, 38.9294]], [[-120.6813, 38.9288], [-120.681, 38.9294], [-120.681, 38.9288], [-120.6813, 38.9288]], [[-120.6793, 38.9288], [-120.6789, 38.9291], [-120.6789, 38.9288], [-120.6793, 38.9288]], [[-120.6751, 38.928], [-120.6744, 38.9291], [-120.6744, 38.928], [-120.6751, 38.928]], [[-120.673, 38.9289], [-120.6727, 38.9291], [-120.6727, 38.9289], [-120.673, 38.9289]], [[-120.681, 38.9286], [-120.6803, 38.9288], [-120.6803, 38.9286], [-120.681, 38.9286]], [[-120.6824, 38.9285], [-120.6817, 38.9285], [-120.6813, 38.928], [-120.682, 38.928], [-120.6824, 38.9285]], [[-120.6786, 38.928], [-120.6782, 38.9286], [-120.6782, 38.928], [-120.6786, 38.928]], [[-120.6768, 38.9286], [-120.6761, 38.9283], [-120.6761, 38.9278], [-120.6768, 38.928], [-120.6768, 38.9286]], [[-120.673, 38.9283], [-120.6723, 38.9283], [-120.6723, 38.9281], [-120.6727, 38.9281], [-120.6727, 38.9278], [-120.673, 38.9278], [-120.673, 38.9283]], [[-120.6827, 38.9277], [-120.6824, 38.928], [-120.6824, 38.9277], [-120.6827, 38.9277]], [[-120.6789, 38.9278], [-120.6786, 38.928], [-120.6786, 38.9278], [-120.6789, 38.9278]], [[-120.663, 38.9278], [-120.6626, 38.9281], [-120.6626, 38.9278], [-120.663, 38.9278]], [[-120.6824, 38.9275], [-120.6817, 38.9277], [-120.6817, 38.9275], [-120.6824, 38.9275]], [[-120.6737, 38.9272], [-120.673, 38.9278], [-120.673, 38.927], [-120.6737, 38.9272]], [[-120.664, 38.9276], [-120.6637, 38.9278], [-120.6637, 38.9276], [-120.664, 38.9276]], [[-120.6803, 38.9272], [-120.6799, 38.9275], [-120.6799, 38.9272], [-120.6803, 38.9272]], [[-120.6647, 38.9273], [-120.6644, 38.9276], [-120.6644, 38.9273], [-120.6647, 38.9273]], [[-120.6799, 38.9269], [-120.6796, 38.9272], [-120.6796, 38.9269], [-120.6799, 38.9269]], [[-120.665, 38.927], [-120.6647, 38.9273], [-120.6647, 38.927], [-120.665, 38.927]], [[-120.6644, 38.9273], [-120.6637, 38.927], [-120.664, 38.9265], [-120.6643, 38.9265], [-120.6644, 38.9273]], [[-120.663, 38.927], [-120.6626, 38.9273], [-120.6626, 38.927], [-120.663, 38.927]], [[-120.6626, 38.9268], [-120.6616, 38.9273], [-120.6616, 38.9268], [-120.6626, 38.9268]], [[-120.6689, 38.927], [-120.6678, 38.927], [-120.6678, 38.9267], [-120.6685, 38.9265], [-120.6689, 38.927]], [[-120.6678, 38.9265], [-120.6675, 38.9267], [-120.6675, 38.9265], [-120.6678, 38.9265]], [[-120.6664, 38.9262], [-120.6661, 38.9265], [-120.6661, 38.9262], [-120.6664, 38.9262]], [[-120.6654, 38.9265], [-120.6643, 38.9262], [-120.6661, 38.9251], [-120.6661, 38.9259], [-120.6654, 38.9265]], [[-120.6682, 38.9259], [-120.6678, 38.9262], [-120.6678, 38.9259], [-120.6682, 38.9259]], [[-120.6675, 38.9257], [-120.6671, 38.9259], [-120.6671, 38.9257], [-120.6675, 38.9257]], [[-120.663, 38.9254], [-120.6626, 38.9257], [-120.6626, 38.9254], [-120.663, 38.9254]], [[-120.6643, 38.9251], [-120.6636, 38.9254], [-120.6636, 38.9251], [-120.6643, 38.9251]], [[-120.6661, 38.9246], [-120.6657, 38.9249], [-120.6657, 38.9246], [-120.6661, 38.9246]], [[-120.6671, 38.924], [-120.6664, 38.9243], [-120.6664, 38.924], [-120.6671, 38.924]], [[-120.6678, 38.9238], [-120.6671, 38.924], [-120.6671, 38.9238], [-120.6678, 38.9238]], [[-120.6671, 38.9235], [-120.6667, 38.9238], [-120.6667, 38.9235], [-120.6671, 38.9235]]], [[[-120.6158, 38.923], [-120.6165, 38.9227], [-120.6162, 38.9221], [-120.6155, 38.9222], [-120.6158, 38.923]]], [[[-120.6591, 38.923], [-120.6588, 38.9222], [-120.6601, 38.9216], [-120.6581, 38.9214], [-120.6584, 38.923], [-120.6591, 38.923]]], [[[-120.6581, 38.9281], [-120.6581, 38.9271], [-120.6567, 38.9271], [-120.656, 38.9257], [-120.6571, 38.9254], [-120.6564, 38.9238], [-120.6574, 38.9219], [-120.6563, 38.9217], [-120.656, 38.9206], [-120.6553, 38.9206], [-120.6553, 38.9214], [-120.6543, 38.9209], [-120.6539, 38.922], [-120.6522, 38.923], [-120.6529, 38.9233], [-120.6529, 38.9265], [-120.6543, 38.9282], [-120.6581, 38.9281]], [[-120.6574, 38.9273], [-120.6571, 38.9276], [-120.6571, 38.9273], [-120.6574, 38.9273]], [[-120.6557, 38.9233], [-120.6553, 38.9236], [-120.6553, 38.9233], [-120.6557, 38.9233]], [[-120.655, 38.9233], [-120.6546, 38.9236], [-120.6546, 38.9233], [-120.655, 38.9233]], [[-120.6564, 38.923], [-120.656, 38.9233], [-120.656, 38.923], [-120.6564, 38.923]], [[-120.6536, 38.923], [-120.6529, 38.9233], [-120.6529, 38.923], [-120.6536, 38.923]], [[-120.6539, 38.9228], [-120.6536, 38.923], [-120.6536, 38.9228], [-120.6539, 38.9228]], [[-120.6546, 38.9222], [-120.6543, 38.9225], [-120.6543, 38.9222], [-120.6546, 38.9222]], [[-120.6563, 38.9217], [-120.656, 38.9219], [-120.656, 38.9217], [-120.6563, 38.9217]]], [[[-120.6016, 38.9168], [-120.6016, 38.9163], [-120.6005, 38.9155], [-120.6005, 38.9168], [-120.6016, 38.9168]]], [[[-120.6026, 38.9149], [-120.6033, 38.9138], [-120.6022, 38.9139], [-120.6015, 38.913], [-120.6012, 38.9136], [-120.6005, 38.9131], [-120.5977, 38.9136], [-120.6002, 38.9139], [-120.6009, 38.9149], [-120.6026, 38.9149]]], [[[-120.5977, 38.9136], [-120.5963, 38.9128], [-120.5957, 38.9133], [-120.5957, 38.9136], [-120.5977, 38.9136]]]]}, "properties": {"layer": "high_severity"}}, {"type": "Feature", "geometry": {"type": "MultiPolygon", "coordinates": [[[[-120.7156, 39.1014], [-120.7163, 39.1008], [-120.7156, 39.1006], [-120.7156, 39.1014]]], [[[-120.6739, 39.1005], [-120.6753, 39.1003], [-120.676, 39.0994], [-120.6739, 39.1], [-120.6739, 39.1005]]], [[[-120.7193, 39.0946], [-120.72, 39.0943], [-120.7193, 39.0941], [-120.7193, 39.0946]]], [[[-120.7253, 39.063], [-120.726, 39.0635], [-120.7267, 39.063], [-120.7253, 39.063]]], [[[-120.7214, 39.0598], [-120.7214, 39.059], [-120.7211, 39.059], [-120.7207, 39.0598], [-120.7214, 39.0598]]], [[[-120.7214, 39.059], [-120.7221, 39.0581], [-120.7211, 39.0582], [-120.7214, 39.059]]], [[[-120.6208, 39.0628], [-120.6215, 39.0582], [-120.6197, 39.0579], [-120.6191, 39.0606], [-120.6194, 39.062], [-120.6208, 39.0628]]], [[[-120.7286, 39.0514], [-120.7297, 39.0516], [-120.7297, 39.0511], [-120.7286, 39.0514]]], [[[-120.7307, 39.0505], [-120.7314, 39.0486], [-120.7293, 39.0487], [-120.729, 39.0495], [-120.7307, 39.0505]]], [[[-120.7417, 39.041], [-120.7417, 39.0399], [-120.7413, 39.0399], [-120.741, 39.0408], [-120.7417, 39.041]]], [[[-120.7382, 39.0402], [-120.7382, 39.0394], [-120.7386, 39.0389], [-120.7375, 39.0392], [-120.7382, 39.0402]]], [[[-120.741, 39.0391], [-120.7413, 39.0378], [-120.741, 39.0378], [-120.741, 39.0391]]], [[[-120.7416, 39.0351], [-120.742, 39.0343], [-120.7416, 39.0343], [-120.7416, 39.0351]]], [[[-120.6351, 39.033], [-120.6358, 39.0324], [-120.6355, 39.0324], [-120.6351, 39.033]]], [[[-120.7551, 39.0315], [-120.7558, 39.0301], [-120.7555, 39.0293], [-120.7541, 39.0302], [-120.7537, 39.0312], [-120.7551, 39.0315]], [[-120.7548, 39.0301], [-120.7544, 39.0304], [-120.7544, 39.0301], [-120.7548, 39.0301]]], [[[-120.6444, 39.0192], [-120.6454, 39.0189], [-120.6444, 39.0189], [-120.6444, 39.0192]]], [[[-120.6465, 39.0192], [-120.6465, 39.0186], [-120.6458, 39.0184], [-120.6458, 39.0189], [-120.6465, 39.0192]]], [[[-120.6478, 39.0178], [-120.6478, 39.0173], [-120.6471, 39.017], [-120.6471, 39.0175], [-120.6478, 39.0178]]], [[[-120.6468, 39.0178], [-120.6468, 39.0167], [-120.6464, 39.0167], [-120.6461, 39.0173], [-120.6468, 39.0178]]], [[[-120.6423, 39.0173], [-120.6423, 39.0165], [-120.6419, 39.0165], [-120.6416, 39.0173], [-120.6423, 39.0173]]], [[[-120.6412, 39.017], [-120.6412, 39.0149], [-120.6419, 39.0151], [-120.6416, 39.0162], [-120.6447, 39.0157], [-120.6443, 39.0149], [-120.6409, 39.0141], [-120.6402, 39.0168], [-120.6412, 39.017]]], [[[-120.8274, 39.0116], [-120.8281, 39.011], [-120.8274, 39.0111], [-120.8274, 39.0116]]], [[[-120.834, 39.0097], [-120.834, 39.0091], [-120.8329, 39.0094], [-120.8329, 39.0097], [-120.834, 39.0097]]], [[[-120.8277, 39.0097], [-120.8277, 39.0092], [-120.827, 39.0092], [-120.827, 39.0094], [-120.8277, 39.0097]]], [[[-120.8239, 39.0111], [-120.825, 39.0094], [-120.8229, 39.0092], [-120.8229, 39.0105], [-120.8239, 39.0111]], [[-120.8239, 39.01], [-120.8232, 39.01], [-120.8232, 39.0095], [-120.8236, 39.0095], [-120.8239, 39.01]]], [[[-120.8246, 39.0092], [-120.8253, 39.0086], [-120.825, 39.0086], [-120.8246, 39.0092]]], [[[-120.8267, 39.0094], [-120.826, 39.0084], [-120.8256, 39.0084], [-120.8256, 39.0092], [-120.8267, 39.0094]]], [[[-120.7015, 39.0086], [-120.7018, 39.0081], [-120.7008, 39.0078], [-120.7005, 39.0083], [-120.7015, 39.0086]]], [[[-120.6998, 39.0078], [-120.7005, 39.0081], [-120.7004, 39.0075], [-120.6998, 39.0078]]], [[[-120.6412, 39.0079], [-120.6408, 39.0073], [-120.6394, 39.0073], [-120.6394, 39.0079], [-120.6412, 39.0079]]], [[[-120.6498, 39.007], [-120.6498, 39.0059], [-120.6495, 39.0059], [-120.6491, 39.007], [-120.6498, 39.007]]], [[[-120.7077, 39.0059], [-120.7081, 39.0051], [-120.7077, 39.0051], [-120.7077, 39.0059]]], [[[-120.6814, 39.0066], [-120.6807, 39.0055], [-120.6796, 39.0049], [-120.6796, 39.0066], [-120.6814, 39.0066]]], [[[-120.6873, 39.0057], [-120.6872, 39.0033], [-120.6848, 39.0036], [-120.6848, 39.0057], [-120.6873, 39.0057]], [[-120.6859, 39.0052], [-120.6855, 39.0055], [-120.6855, 39.0052], [-120.6859, 39.0052]], [[-120.6865, 39.0044], [-120.6862, 39.0049], [-120.6862, 39.0044], [-120.6865, 39.0044]], [[-120.6862, 39.0036], [-120.6859, 39.0038], [-120.6858, 39.0036], [-120.6862, 39.0036]]], [[[-120.6702, 38.9996], [-120.6712, 38.9993], [-120.6702, 38.9993], [-120.6702, 38.9996]]], [[[-120.6688, 38.9988], [-120.6699, 38.9985], [-120.6688, 38.9985], [-120.6688, 38.9988]]], [[[-120.7658, 38.9942], [-120.7662, 38.9944], [-120.7665, 38.9942], [-120.7658, 38.9942]]], [[[-120.752, 38.9948], [-120.752, 38.9943], [-120.7499, 38.9935], [-120.7499, 38.9948], [-120.752, 38.9948]]], [[[-120.7586, 38.994], [-120.7593, 38.9937], [-120.7586, 38.9934], [-120.7586, 38.994]]], [[[-120.7593, 38.9937], [-120.7599, 38.9931], [-120.7596, 38.9931], [-120.7593, 38.9937]]], [[[-120.7544, 38.9948], [-120.7548, 38.9942], [-120.7555, 38.9945], [-120.7558, 38.9942], [-120.7561, 38.9942], [-120.7561, 38.9945], [-120.7582, 38.9945], [-120.7582, 38.9934], [-120.7586, 38.9931], [-120.7593, 38.9934], [-120.7596, 38.9921], [-120.7582, 38.9931], [-120.7568, 38.9923], [-120.7561, 38.9937], [-120.7558, 38.9929], [-120.7554, 38.9932], [-120.7544, 38.9929], [-120.7537, 38.9943], [-120.7523, 38.9943], [-120.7523, 38.9948], [-120.7544, 38.9948]], [[-120.7575, 38.994], [-120.7572, 38.9942], [-120.7572, 38.994], [-120.7575, 38.994]], [[-120.7565, 38.994], [-120.7561, 38.9942], [-120.7561, 38.994], [-120.7565, 38.994]], [[-120.7579, 38.9937], [-120.7575, 38.994], [-120.7575, 38.9937], [-120.7579, 38.9937]], [[-120.7572, 38.9932], [-120.7568, 38.9937], [-120.7568, 38.9932], [-120.7572, 38.9932]]], [[[-120.7651, 38.9936], [-120.7658, 38.9923], [-120.7617, 38.9918], [-120.7631, 38.9934], [-120.7645, 38.9931], [-120.7651, 38.9936]]], [[[-120.7554, 38.9929], [-120.7558, 38.9921], [-120.7544, 38.9921], [-120.7544, 38.9924], [-120.7554, 38.9929]]], [[[-120.762, 38.9942], [-120.7613, 38.9915], [-120.7596, 38.9915], [-120.7599, 38.9926], [-120.761, 38.9926], [-120.7603, 38.9937], [-120.762, 38.9942]]], [[[-120.7506, 38.9932], [-120.7506, 38.9916], [-120.7499, 38.9913], [-120.7499, 38.9932], [-120.7506, 38.9932]]], [[[-120.6434, 38.9919], [-120.6438, 38.9922], [-120.6441, 38.9919], [-120.6434, 38.9919]]], [[[-120.7506, 38.9913], [-120.7519, 38.9908], [-120.7506, 38.991], [-120.7506, 38.9913]]], [[[-120.7596, 38.9915], [-120.7592, 38.9904], [-120.7585, 38.9904], [-120.7582, 38.991], [-120.7596, 38.9915]]], [[[-120.7565, 38.9915], [-120.7578, 38.9907], [-120.7561, 38.9907], [-120.7568, 38.991], [-120.7565, 38.9915]]], [[[-120.6417, 38.9919], [-120.6417, 38.9903], [-120.6413, 38.9903], [-120.641, 38.9917], [-120.6417, 38.9919]]], [[[-120.7468, 38.9916], [-120.7461, 38.9913], [-120.7471, 38.9911], [-120.746, 38.9903], [-120.7464, 38.9897], [-120.7422, 38.9903], [-120.7415, 38.9897], [-120.7391, 38.9898], [-120.7394, 38.9889], [-120.7384, 38.9895], [-120.7388, 38.9914], [-120.7412, 38.9914], [-120.7409, 38.9908], [-120.7429, 38.9905], [-120.7429, 38.9908], [-120.7436, 38.9908], [-120.7443, 38.9913], [-120.7468, 38.9916]], [[-120.744, 38.9905], [-120.7436, 38.9908], [-120.7436, 38.9905], [-120.744, 38.9905]]], [[[-120.6046, 38.9902], [-120.6046, 38.9897], [-120.6049, 38.9894], [-120.6042, 38.9894], [-120.6046, 38.9902]]], [[[-120.6084, 38.9897], [-120.6098, 38.9889], [-120.6098, 38.9883], [-120.6067, 38.9889], [-120.6084, 38.9897]], [[-120.6094, 38.9886], [-120.6087, 38.9889], [-120.6087, 38.9886], [-120.6094, 38.9886]]], [[[-120.591, 38.9808], [-120.5917, 38.9811], [-120.5917, 38.9803], [-120.591, 38.9808]]], [[[-120.5917, 38.9795], [-120.5924, 38.98], [-120.5924, 38.9795], [-120.5917, 38.9795]]], [[[-120.5927, 38.9795], [-120.5927, 38.9789], [-120.592, 38.979], [-120.592, 38.9792], [-120.5927, 38.9795]]], [[[-120.6024, 38.9784], [-120.6028, 38.9775], [-120.601, 38.977], [-120.6007, 38.9776], [-120.6024, 38.9784]]], [[[-120.7182, 38.9769], [-120.7189, 38.9766], [-120.7182, 38.9764], [-120.7182, 38.9769]]], [[[-120.7036, 38.977], [-120.7036, 38.9765], [-120.7022, 38.9767], [-120.7022, 38.977], [-120.7036, 38.977]]], [[[-120.6905, 38.9768], [-120.6918, 38.9765], [-120.6904, 38.9765], [-120.6905, 38.9768]]], [[[-120.5969, 38.9781], [-120.5993, 38.977], [-120.5962, 38.977], [-120.5962, 38.9776], [-120.5969, 38.9776], [-120.5969, 38.9781]], [[-120.5976, 38.9773], [-120.5969, 38.9776], [-120.5969, 38.9773], [-120.5976, 38.9773]]], [[[-120.6579, 38.9778], [-120.6575, 38.9765], [-120.6561, 38.9759], [-120.6561, 38.9773], [-120.6579, 38.9778]]], [[[-120.6932, 38.976], [-120.6932, 38.9754], [-120.6922, 38.9757], [-120.6922, 38.976], [-120.6932, 38.976]]], [[[-120.6686, 38.9759], [-120.6693, 38.9756], [-120.6686, 38.9753], [-120.6686, 38.9759]]], [[[-120.6717, 38.9756], [-120.6717, 38.9748], [-120.671, 38.9748], [-120.671, 38.9756], [-120.6717, 38.9756]]], [[[-120.6246, 38.9758], [-120.6253, 38.9753], [-120.6253, 38.9742], [-120.6242, 38.9747], [-120.6246, 38.9758]]], [[[-120.6956, 38.9746], [-120.696, 38.9735], [-120.6946, 38.9736], [-120.6942, 38.9744], [-120.6956, 38.9746]]], [[[-120.6696, 38.9753], [-120.67, 38.9748], [-120.6689, 38.9745], [-120.67, 38.974], [-120.6707, 38.9748], [-120.6703, 38.9737], [-120.6682, 38.9734], [-120.6686, 38.975], [-120.6696, 38.9753]]], [[[-120.705, 38.9738], [-120.7057, 38.9735], [-120.705, 38.9732], [-120.705, 38.9738]]], [[[-120.7143, 38.9734], [-120.7154, 38.9732], [-120.7143, 38.9732], [-120.7143, 38.9734]]], [[[-120.7126, 38.9734], [-120.7136, 38.9732], [-120.7126, 38.9729], [-120.7126, 38.9734]]], [[[-120.6672, 38.9734], [-120.6679, 38.9729], [-120.6672, 38.9729], [-120.6672, 38.9734]]], [[[-120.6721, 38.9737], [-120.6724, 38.9726], [-120.6714, 38.9726], [-120.6714, 38.9737], [-120.6721, 38.9737]]], [[[-120.6956, 38.9722], [-120.697, 38.9716], [-120.6977, 38.9719], [-120.698, 38.9714], [-120.6956, 38.9714], [-120.6956, 38.9722]]], [[[-120.6904, 38.9717], [-120.6911, 38.9711], [-120.6907, 38.9711], [-120.6904, 38.9717]]], [[[-120.6696, 38.9715], [-120.6703, 38.9718], [-120.6703, 38.9713], [-120.6696, 38.9715]]], [[[-120.635, 38.9736], [-120.6363, 38.9725], [-120.636, 38.9712], [-120.6349, 38.9714], [-120.6353, 38.972], [-120.6343, 38.9717], [-120.6339, 38.9731], [-120.635, 38.9736]]], [[[-120.6301, 38.9723], [-120.6301, 38.9707], [-120.6297, 38.9707], [-120.6287, 38.9717], [-120.6301, 38.9723]]], [[[-120.6925, 38.9711], [-120.6928, 38.9703], [-120.6918, 38.9703], [-120.6918, 38.9709], [-120.6925, 38.9711]]], [[[-120.664, 38.9702], [-120.6647, 38.9705], [-120.6647, 38.9699], [-120.664, 38.9702]]], [[[-120.6952, 38.9698], [-120.6956, 38.97], [-120.6959, 38.9698], [-120.6952, 38.9698]]], [[[-120.6995, 38.977], [-120.7005, 38.9759], [-120.6991, 38.9743], [-120.7008, 38.9735], [-120.7005, 38.9743], [-120.7012, 38.9741], [-120.7008, 38.9749], [-120.7019, 38.9762], [-120.7022, 38.9743], [-120.7036, 38.9738], [-120.7032, 38.9716], [-120.705, 38.9716], [-120.706, 38.9724], [-120.7057, 38.9732], [-120.7074, 38.9732], [-120.7067, 38.9727], [-120.7074, 38.9724], [-120.7074, 38.9702], [-120.7067, 38.9705], [-120.7067, 38.9697], [-120.706, 38.9694], [-120.6987, 38.9697], [-120.6994, 38.9703], [-120.6991, 38.9714], [-120.697, 38.9733], [-120.696, 38.9733], [-120.6974, 38.9735], [-120.6963, 38.9746], [-120.6967, 38.9752], [-120.6922, 38.9765], [-120.6995, 38.977]], [[-120.6974, 38.9762], [-120.697, 38.9765], [-120.697, 38.9762], [-120.6974, 38.9762]], [[-120.6998, 38.9757], [-120.6991, 38.9762], [-120.6991, 38.976], [-120.6998, 38.9757]], [[-120.6977, 38.976], [-120.6974, 38.9762], [-120.6974, 38.976], [-120.6977, 38.976]], [[-120.6991, 38.9741], [-120.6981, 38.9749], [-120.6984, 38.9741], [-120.6991, 38.9741]], [[-120.6977, 38.9743], [-120.6974, 38.9746], [-120.6974, 38.9743], [-120.6977, 38.9743]], [[-120.698, 38.9738], [-120.6977, 38.9741], [-120.6977, 38.9738], [-120.698, 38.9738]], [[-120.6998, 38.9735], [-120.6991, 38.9738], [-120.6991, 38.9735], [-120.6998, 38.9735]], [[-120.6987, 38.9735], [-120.6974, 38.9735], [-120.6974, 38.9733], [-120.6987, 38.973], [-120.6987, 38.9735]], [[-120.7001, 38.973], [-120.6998, 38.9733], [-120.6998, 38.973], [-120.7001, 38.973]], [[-120.7032, 38.973], [-120.7015, 38.9724], [-120.7018, 38.9716], [-120.7029, 38.9716], [-120.7025, 38.9727], [-120.7032, 38.973]], [[-120.7005, 38.9727], [-120.7001, 38.973], [-120.7001, 38.9727], [-120.7005, 38.9727]], [[-120.6984, 38.9727], [-120.6977, 38.973], [-120.6977, 38.9727], [-120.6984, 38.9727]], [[-120.7067, 38.9719], [-120.7064, 38.9724], [-120.706, 38.9719], [-120.7067, 38.9719]], [[-120.6991, 38.9722], [-120.6987, 38.9724], [-120.6987, 38.9722], [-120.6991, 38.9722]], [[-120.7015, 38.9719], [-120.7012, 38.9722], [-120.7012, 38.9719], [-120.7015, 38.9719]], [[-120.7018, 38.9714], [-120.7015, 38.9716], [-120.7015, 38.9714], [-120.7018, 38.9714]], [[-120.7011, 38.9714], [-120.7008, 38.9716], [-120.7008, 38.9714], [-120.7011, 38.9714]], [[-120.7046, 38.9705], [-120.7043, 38.9711], [-120.7043, 38.9705], [-120.7046, 38.9705]], [[-120.7032, 38.9705], [-120.7029, 38.9708], [-120.7029, 38.9705], [-120.7032, 38.9705]], [[-120.706, 38.9697], [-120.7049, 38.9703], [-120.7046, 38.9697], [-120.706, 38.9697]], [[-120.6997, 38.97], [-120.6994, 38.9703], [-120.6994, 38.97], [-120.6997, 38.97]]], [[[-120.6027, 38.97], [-120.6034, 38.9697], [-120.6027, 38.9695], [-120.6027, 38.97]]], [[[-120.5829, 38.9698], [-120.5836, 38.9695], [-120.5833, 38.969], [-120.5826, 38.9693], [-120.5829, 38.9698]]], [[[-120.6633, 38.9694], [-120.663, 38.9683], [-120.6626, 38.9683], [-120.662, 38.9691], [-120.6633, 38.9694]]], [[[-120.6904, 38.9684], [-120.6904, 38.9676], [-120.6897, 38.9671], [-120.6897, 38.9685], [-120.6904, 38.9684]]], [[[-120.6866, 38.9677], [-120.6869, 38.9668], [-120.6865, 38.9668], [-120.6866, 38.9677]]], [[[-120.602, 38.9678], [-120.6023, 38.967], [-120.602, 38.967], [-120.602, 38.9678]]], [[[-120.6872, 38.9663], [-120.689, 38.9663], [-120.6893, 38.9658], [-120.6872, 38.9663]]], [[[-120.6027, 38.967], [-120.6027, 38.9665], [-120.6034, 38.9657], [-120.602, 38.9657], [-120.6027, 38.967]]], [[[-120.6841, 38.9661], [-120.6831, 38.965], [-120.682, 38.9655], [-120.6827, 38.9661], [-120.6841, 38.9661]]], [[[-120.682, 38.9661], [-120.6813, 38.9642], [-120.6806, 38.9642], [-120.6803, 38.9658], [-120.682, 38.9661]]], [[[-120.6425, 38.9674], [-120.6432, 38.966], [-120.6425, 38.966], [-120.6422, 38.9649], [-120.6411, 38.9649], [-120.6404, 38.9636], [-120.6387, 38.9639], [-120.6391, 38.9649], [-120.6404, 38.9655], [-120.6405, 38.9666], [-120.6425, 38.9674]]], [[[-120.6491, 38.9635], [-120.6491, 38.963], [-120.6484, 38.963], [-120.6484, 38.9633], [-120.6491, 38.9635]]], [[[-120.6078, 38.9632], [-120.6078, 38.9627], [-120.6071, 38.9624], [-120.6072, 38.963], [-120.6078, 38.9632]]], [[[-120.5777, 38.9647], [-120.5794, 38.9647], [-120.5787, 38.9639], [-120.5791, 38.9625], [-120.5784, 38.9631], [-120.5773, 38.9628], [-120.578, 38.9636], [-120.5777, 38.9647]]], [[[-120.6903, 38.9628], [-120.6903, 38.9617], [-120.69, 38.9617], [-120.6889, 38.9628], [-120.6903, 38.9628]]], [[[-120.602, 38.9635], [-120.6019, 38.9627], [-120.6026, 38.9627], [-120.6023, 38.9619], [-120.6002, 38.9624], [-120.6002, 38.963], [-120.602, 38.9635]], [[-120.6023, 38.9622], [-120.6016, 38.9624], [-120.6016, 38.9622], [-120.6023, 38.9622]]], [[[-120.6463, 38.9625], [-120.6463, 38.9619], [-120.6456, 38.9614], [-120.6456, 38.9622], [-120.6463, 38.9625]]], [[[-120.6796, 38.9626], [-120.681, 38.962], [-120.6806, 38.9612], [-120.6796, 38.9615], [-120.6796, 38.9626]]], [[[-120.6477, 38.9619], [-120.6477, 38.9614], [-120.647, 38.9611], [-120.647, 38.9617], [-120.6477, 38.9619]]], [[[-120.6453, 38.9609], [-120.6456, 38.9611], [-120.6459, 38.9609], [-120.6453, 38.9609]]], [[[-120.6872, 38.9617], [-120.6872, 38.9606], [-120.6875, 38.9604], [-120.6865, 38.9606], [-120.6872, 38.9617]]], [[[-120.648, 38.9614], [-120.6484, 38.96], [-120.6463, 38.9606], [-120.6466, 38.9611], [-120.6477, 38.9606], [-120.648, 38.9614]]], [[[-120.6778, 38.9612], [-120.6789, 38.9604], [-120.6802, 38.9604], [-120.6802, 38.9596], [-120.6778, 38.9604], [-120.6778, 38.9612]]], [[[-120.6823, 38.9604], [-120.6834, 38.9596], [-120.6827, 38.9593], [-120.6823, 38.9604]]], [[[-120.6775, 38.9604], [-120.6775, 38.9599], [-120.6778, 38.9593], [-120.6764, 38.9599], [-120.6764, 38.9604], [-120.6775, 38.9604]]], [[[-120.6154, 38.9602], [-120.6161, 38.9597], [-120.6154, 38.9591], [-120.6154, 38.9602]]], [[[-120.7014, 38.9587], [-120.7017, 38.9589], [-120.7021, 38.9587], [-120.7014, 38.9587]]], [[[-120.6785, 38.9588], [-120.6789, 38.9591], [-120.6792, 38.9588], [-120.6785, 38.9588]]], [[[-120.6466, 38.96], [-120.6477, 38.9595], [-120.6491, 38.9598], [-120.6494, 38.959], [-120.6459, 38.9592], [-120.6466, 38.96]]], [[[-120.6827, 38.959], [-120.6827, 38.9585], [-120.682, 38.9585], [-120.682, 38.9588], [-120.6827, 38.959]]], [[[-120.6754, 38.9591], [-120.6761, 38.9585], [-120.6761, 38.958], [-120.6747, 38.9583], [-120.6754, 38.9591]]], [[[-120.6508, 38.9592], [-120.6508, 38.9587], [-120.6518, 38.9584], [-120.6518, 38.9579], [-120.6497, 38.9581], [-120.6508, 38.9592]]], [[[-120.6151, 38.9586], [-120.6158, 38.9581], [-120.6154, 38.9581], [-120.6151, 38.9586]]], [[[-120.6879, 38.9604], [-120.6875, 38.9596], [-120.6889, 38.959], [-120.6889, 38.9577], [-120.6882, 38.9577], [-120.6872, 38.9593], [-120.6879, 38.9604]]], [[[-120.6764, 38.9577], [-120.6757, 38.9567], [-120.6754, 38.9567], [-120.675, 38.9577], [-120.6764, 38.9577]]], [[[-120.6885, 38.9574], [-120.6885, 38.9566], [-120.6878, 38.9566], [-120.6878, 38.9574], [-120.6885, 38.9574]]], [[[-120.6785, 38.9574], [-120.6799, 38.9572], [-120.6802, 38.9566], [-120.6781, 38.9566], [-120.6785, 38.9574]]], [[[-120.6837, 38.9563], [-120.684, 38.9566], [-120.6844, 38.9563], [-120.6837, 38.9563]]], [[[-120.6903, 38.9568], [-120.6903, 38.9558], [-120.6899, 38.9558], [-120.6896, 38.9568], [-120.6903, 38.9568]]], [[[-120.6771, 38.9561], [-120.6781, 38.9558], [-120.6771, 38.9558], [-120.6771, 38.9561]]], [[[-120.6747, 38.958], [-120.6747, 38.9567], [-120.6733, 38.9556], [-120.6709, 38.9559], [-120.6709, 38.9575], [-120.6719, 38.9569], [-120.6747, 38.958]]], [[[-120.6889, 38.9566], [-120.6892, 38.956], [-120.6892, 38.9552], [-120.6882, 38.9558], [-120.6889, 38.9566]]], [[[-120.6684, 38.9553], [-120.6691, 38.9553], [-120.6695, 38.9551], [-120.6684, 38.9553]]], [[[-120.6681, 38.9553], [-120.6681, 38.9545], [-120.6674, 38.9543], [-120.6674, 38.9548], [-120.6681, 38.9553]]], [[[-120.6951, 38.9549], [-120.6947, 38.9538], [-120.6934, 38.9536], [-120.6933, 38.953], [-120.6923, 38.9536], [-120.6937, 38.9541], [-120.6937, 38.9547], [-120.692, 38.9544], [-120.6923, 38.9549], [-120.6951, 38.9549]]], [[[-120.6902, 38.9531], [-120.6906, 38.9541], [-120.692, 38.9533], [-120.6902, 38.9531]], [[-120.6909, 38.9536], [-120.6906, 38.9539], [-120.6906, 38.9536], [-120.6909, 38.9536]]], [[[-120.7083, 38.9548], [-120.7083, 38.9543], [-120.7065, 38.9535], [-120.7072, 38.9524], [-120.7051, 38.9524], [-120.7058, 38.9543], [-120.7083, 38.9548]]], [[[-120.693, 38.953], [-120.693, 38.9525], [-120.6923, 38.952], [-120.692, 38.9531], [-120.693, 38.953]]], [[[-120.6635, 38.9513], [-120.6635, 38.9508], [-120.6628, 38.9508], [-120.6628, 38.9511], [-120.6635, 38.9513]]], [[[-120.6642, 38.9508], [-120.6649, 38.9508], [-120.6653, 38.9505], [-120.6642, 38.9508]]], [[[-120.6709, 38.9559], [-120.6708, 38.9543], [-120.6701, 38.9537], [-120.6708, 38.9502], [-120.6698, 38.9502], [-120.6684, 38.9516], [-120.6698, 38.951], [-120.6701, 38.9521], [-120.6684, 38.9526], [-120.6698, 38.9526], [-120.6688, 38.9537], [-120.6688, 38.9545], [-120.6701, 38.9543], [-120.6702, 38.9559], [-120.6709, 38.9559]], [[-120.6694, 38.9537], [-120.6691, 38.954], [-120.6691, 38.9537], [-120.6694, 38.9537]]], [[[-120.6919, 38.9512], [-120.6919, 38.9501], [-120.6902, 38.9496], [-120.6899, 38.9506], [-120.6919, 38.9512]], [[-120.6909, 38.9501], [-120.6902, 38.9504], [-120.6902, 38.9501], [-120.6909, 38.9501]]], [[[-120.6964, 38.9501], [-120.6964, 38.9492], [-120.6961, 38.9492], [-120.6957, 38.9501], [-120.6964, 38.9501]]], [[[-120.6666, 38.9494], [-120.667, 38.9497], [-120.6677, 38.9494], [-120.6666, 38.9494]]], [[[-120.7017, 38.9538], [-120.703, 38.9522], [-120.7048, 38.9522], [-120.7055, 38.9505], [-120.7047, 38.9495], [-120.7027, 38.9487], [-120.6999, 38.9511], [-120.7017, 38.9516], [-120.7017, 38.9538]]], [[[-120.6604, 38.9492], [-120.6614, 38.9489], [-120.6604, 38.9489], [-120.6604, 38.9492]]], [[[-120.659, 38.9492], [-120.66, 38.9489], [-120.659, 38.9489], [-120.659, 38.9492]]], [[[-120.6652, 38.9492], [-120.6663, 38.9491], [-120.6663, 38.9486], [-120.6652, 38.9492]]], [[[-120.6666, 38.9489], [-120.6673, 38.9489], [-120.6677, 38.9486], [-120.6666, 38.9489]]], [[[-120.5786, 38.9501], [-120.5797, 38.9493], [-120.5804, 38.9496], [-120.58, 38.9485], [-120.5776, 38.9496], [-120.5786, 38.9501]]], [[[-120.6708, 38.9494], [-120.6711, 38.9489], [-120.6711, 38.9478], [-120.6697, 38.9486], [-120.6708, 38.9494]]], [[[-120.6691, 38.9486], [-120.6701, 38.948], [-120.6694, 38.9478], [-120.6691, 38.9486]]], [[[-120.6916, 38.949], [-120.6916, 38.9477], [-120.6905, 38.9477], [-120.6905, 38.9487], [-120.6916, 38.949]]], [[[-120.6957, 38.9487], [-120.6964, 38.9471], [-120.695, 38.9468], [-120.6943, 38.9485], [-120.6957, 38.9487]]], [[[-120.6898, 38.9471], [-120.6905, 38.9471], [-120.6909, 38.9469], [-120.6898, 38.9471]]], [[[-120.6711, 38.9456], [-120.6718, 38.9451], [-120.6711, 38.9451], [-120.6711, 38.9456]]], [[[-120.5935, 38.9452], [-120.5942, 38.9452], [-120.5945, 38.9449], [-120.5935, 38.9452]]], [[[-120.5949, 38.9449], [-120.5959, 38.9455], [-120.5959, 38.9447], [-120.5949, 38.9449]]], [[[-120.6687, 38.9427], [-120.6707, 38.941], [-120.6731, 38.9413], [-120.6728, 38.9405], [-120.6711, 38.9397], [-120.6693, 38.94], [-120.6683, 38.9391], [-120.6665, 38.9394], [-120.6659, 38.9416], [-120.6666, 38.9416], [-120.6666, 38.9419], [-120.6669, 38.9419], [-120.6669, 38.9424], [-120.6673, 38.9424], [-120.6673, 38.9427], [-120.6687, 38.9427]], [[-120.6676, 38.9421], [-120.6673, 38.9424], [-120.6673, 38.9421], [-120.6676, 38.9421]], [[-120.6707, 38.9402], [-120.6704, 38.941], [-120.6704, 38.9402], [-120.6707, 38.9402]], [[-120.6718, 38.9405], [-120.6714, 38.9408], [-120.6714, 38.9405], [-120.6718, 38.9405]], [[-120.669, 38.9402], [-120.6683, 38.9408], [-120.6679, 38.9402], [-120.6686, 38.94], [-120.669, 38.9402]], [[-120.6669, 38.9402], [-120.6666, 38.9408], [-120.6666, 38.9402], [-120.6669, 38.9402]], [[-120.6714, 38.9402], [-120.6711, 38.9405], [-120.6711, 38.9402], [-120.6714, 38.9402]], [[-120.6693, 38.94], [-120.669, 38.9402], [-120.669, 38.94], [-120.6693, 38.94]]], [[[-120.6669, 38.9386], [-120.6676, 38.9386], [-120.6679, 38.9383], [-120.6669, 38.9386]]], [[[-120.6852, 38.9382], [-120.6856, 38.9374], [-120.6852, 38.9374], [-120.6852, 38.9382]]], [[[-120.6953, 38.9374], [-120.6963, 38.9371], [-120.6953, 38.9371], [-120.6953, 38.9374]]], [[[-120.6971, 38.9471], [-120.6992, 38.9457], [-120.7023, 38.9462], [-120.7026, 38.9454], [-120.7023, 38.9446], [-120.7016, 38.9449], [-120.6995, 38.9436], [-120.6992, 38.9441], [-120.6978, 38.9438], [-120.6974, 38.9417], [-120.6981, 38.9409], [-120.6991, 38.9406], [-120.6998, 38.9414], [-120.7036, 38.9427], [-120.7043, 38.9406], [-120.7057, 38.94], [-120.7078, 38.9403], [-120.7088, 38.9386], [-120.7029, 38.9371], [-120.6988, 38.9384], [-120.6967, 38.9358], [-120.6956, 38.9366], [-120.6956, 38.9355], [-120.6942, 38.9355], [-120.6932, 38.9366], [-120.6921, 38.9358], [-120.689, 38.9358], [-120.6904, 38.9369], [-120.6901, 38.9379], [-120.6908, 38.9388], [-120.6918, 38.9385], [-120.6911, 38.9377], [-120.6922, 38.9385], [-120.6932, 38.9385], [-120.6939, 38.9374], [-120.6949, 38.9376], [-120.6946, 38.9371], [-120.6953, 38.9368], [-120.6963, 38.9368], [-120.6967, 38.9371], [-120.6967, 38.9376], [-120.6956, 38.9379], [-120.6956, 38.9395], [-120.6943, 38.9404], [-120.6943, 38.9431], [-120.6957, 38.9428], [-120.695, 38.943], [-120.6957, 38.9436], [-120.695, 38.9449], [-120.6961, 38.946], [-120.6957, 38.9468], [-120.6971, 38.9471]], [[-120.6971, 38.9452], [-120.6967, 38.9455], [-120.6967, 38.9452], [-120.6971, 38.9452]], [[-120.6967, 38.9436], [-120.6964, 38.9438], [-120.6964, 38.9436], [-120.6967, 38.9436]], [[-120.6967, 38.9428], [-120.696, 38.943], [-120.696, 38.9425], [-120.6964, 38.9425], [-120.6964, 38.9428], [-120.6967, 38.9428]], [[-120.6971, 38.9425], [-120.6967, 38.9428], [-120.6967, 38.9425], [-120.6971, 38.9425]], [[-120.6974, 38.9406], [-120.6967, 38.9406], [-120.6963, 38.9398], [-120.6974, 38.9398], [-120.6974, 38.9406]], [[-120.6963, 38.9403], [-120.696, 38.9406], [-120.696, 38.9403], [-120.6963, 38.9403]], [[-120.6984, 38.9392], [-120.6981, 38.9395], [-120.6981, 38.9393], [-120.6984, 38.9392]], [[-120.6988, 38.939], [-120.6984, 38.9392], [-120.6984, 38.939], [-120.6988, 38.939]], [[-120.6967, 38.939], [-120.6963, 38.9393], [-120.6963, 38.939], [-120.6967, 38.939]], [[-120.6981, 38.9387], [-120.6974, 38.939], [-120.6974, 38.9387], [-120.6981, 38.9387]], [[-120.7053, 38.9381], [-120.705, 38.9384], [-120.705, 38.9381], [-120.7053, 38.9381]], [[-120.6932, 38.9379], [-120.6925, 38.9382], [-120.6925, 38.9379], [-120.6932, 38.9379]], [[-120.6911, 38.9369], [-120.6908, 38.9371], [-120.6908, 38.9369], [-120.6911, 38.9369]], [[-120.6967, 38.9366], [-120.6963, 38.9368], [-120.6963, 38.9366], [-120.6967, 38.9366]], [[-120.6908, 38.9366], [-120.6904, 38.9369], [-120.6904, 38.9366], [-120.6908, 38.9366]]], [[[-120.6239, 38.937], [-120.6239, 38.9356], [-120.6229, 38.9348], [-120.6208, 38.9356], [-120.6208, 38.9362], [-120.6215, 38.9359], [-120.6222, 38.9367], [-120.6236, 38.9364], [-120.6239, 38.937]]], [[[-120.6645, 38.9481], [-120.6659, 38.9475], [-120.6673, 38.9478], [-120.6676, 38.9456], [-120.6659, 38.9448], [-120.6659, 38.9459], [-120.6649, 38.9459], [-120.6645, 38.9443], [-120.6652, 38.944], [-120.6628, 38.943], [-120.6624, 38.9421], [-120.6634, 38.9408], [-120.6652, 38.9413], [-120.6659, 38.9402], [-120.6645, 38.9405], [-120.6641, 38.94], [-120.6662, 38.9392], [-120.6662, 38.9378], [-120.6648, 38.9373], [-120.6634, 38.9381], [-120.6641, 38.9367], [-120.6631, 38.9367], [-120.6634, 38.9362], [-120.6627, 38.9362], [-120.6623, 38.9351], [-120.6613, 38.9351], [-120.6599, 38.9338], [-120.6571, 38.9335], [-120.6565, 38.9354], [-120.6579, 38.9365], [-120.6568, 38.9373], [-120.6558, 38.9371], [-120.6541, 38.9411], [-120.6541, 38.943], [-120.6534, 38.9433], [-120.6541, 38.9435], [-120.6558, 38.9422], [-120.6558, 38.9414], [-120.6576, 38.9411], [-120.6572, 38.9422], [-120.6579, 38.943], [-120.6586, 38.943], [-120.6589, 38.9419], [-120.6596, 38.9424], [-120.659, 38.9438], [-120.6583, 38.9438], [-120.659, 38.9446], [-120.6583, 38.9457], [-120.6607, 38.9457], [-120.66, 38.947], [-120.6618, 38.9459], [-120.6645, 38.9481]], [[-120.6656, 38.9473], [-120.6652, 38.9475], [-120.6652, 38.9473], [-120.6656, 38.9473]], [[-120.6645, 38.9465], [-120.6642, 38.9473], [-120.6642, 38.9465], [-120.6645, 38.9465]], [[-120.6656, 38.9465], [-120.6652, 38.9467], [-120.6652, 38.9465], [-120.6656, 38.9465]], [[-120.6673, 38.9464], [-120.6663, 38.9464], [-120.6663, 38.9456], [-120.6666, 38.9456], [-120.6673, 38.9464]], [[-120.6642, 38.9462], [-120.6638, 38.9465], [-120.6638, 38.9462], [-120.6642, 38.9462]], [[-120.6638, 38.9459], [-120.6631, 38.9462], [-120.6631, 38.9459], [-120.6638, 38.9459]], [[-120.6614, 38.9451], [-120.6611, 38.9457], [-120.6611, 38.9451], [-120.6614, 38.9451]], [[-120.6611, 38.9451], [-120.6604, 38.9451], [-120.66, 38.9446], [-120.6607, 38.9446], [-120.6611, 38.9451]], [[-120.6628, 38.9443], [-120.6624, 38.9446], [-120.6624, 38.9443], [-120.6628, 38.9443]], [[-120.6621, 38.9443], [-120.6617, 38.9446], [-120.6617, 38.9443], [-120.6621, 38.9443]], [[-120.661, 38.9443], [-120.6607, 38.9446], [-120.6607, 38.9443], [-120.661, 38.9443]], [[-120.6642, 38.9438], [-120.6635, 38.9443], [-120.6635, 38.944], [-120.6642, 38.9438]], [[-120.6624, 38.9438], [-120.6621, 38.9443], [-120.6617, 38.9438], [-120.6624, 38.9438]], [[-120.6631, 38.9438], [-120.6628, 38.944], [-120.6628, 38.9438], [-120.6631, 38.9438]], [[-120.6635, 38.9435], [-120.6631, 38.9438], [-120.6631, 38.9435], [-120.6635, 38.9435]], [[-120.661, 38.9438], [-120.66, 38.943], [-120.6596, 38.9419], [-120.6614, 38.9424], [-120.661, 38.9438]], [[-120.6603, 38.9435], [-120.66, 38.9438], [-120.66, 38.9435], [-120.6603, 38.9435]], [[-120.66, 38.9432], [-120.6593, 38.9438], [-120.6593, 38.9432], [-120.66, 38.9432]], [[-120.6617, 38.9422], [-120.6614, 38.9424], [-120.6614, 38.9422], [-120.6617, 38.9422]], [[-120.6614, 38.9419], [-120.661, 38.9422], [-120.661, 38.9419], [-120.6614, 38.9419]], [[-120.6551, 38.9416], [-120.6544, 38.9422], [-120.6544, 38.9419], [-120.6551, 38.9416]], [[-120.6589, 38.9416], [-120.6586, 38.9419], [-120.6586, 38.9416], [-120.6589, 38.9416]], [[-120.6548, 38.9414], [-120.6544, 38.9417], [-120.6544, 38.9414], [-120.6548, 38.9414]], [[-120.6617, 38.9413], [-120.6589, 38.9403], [-120.6586, 38.9395], [-120.6603, 38.9381], [-120.6599, 38.9376], [-120.661, 38.9373], [-120.6624, 38.9381], [-120.6613, 38.9395], [-120.6631, 38.9397], [-120.6617, 38.9413]], [[-120.6558, 38.9411], [-120.6551, 38.9414], [-120.6551, 38.9411], [-120.6558, 38.9411]], [[-120.6565, 38.9408], [-120.6562, 38.9411], [-120.6562, 38.9408], [-120.6565, 38.9408]], [[-120.6638, 38.9403], [-120.6634, 38.9405], [-120.6634, 38.9403], [-120.6638, 38.9403]], [[-120.6579, 38.9403], [-120.6575, 38.9406], [-120.6575, 38.9403], [-120.6579, 38.9403]], [[-120.6572, 38.9403], [-120.6569, 38.9406], [-120.6569, 38.9403], [-120.6572, 38.9403]], [[-120.6575, 38.94], [-120.6572, 38.9403], [-120.6572, 38.94], [-120.6575, 38.94]], [[-120.6582, 38.9397], [-120.6579, 38.94], [-120.6579, 38.9397], [-120.6582, 38.9397]], [[-120.6568, 38.9389], [-120.6565, 38.9392], [-120.6565, 38.9389], [-120.6568, 38.9389]], [[-120.6651, 38.9384], [-120.6648, 38.9389], [-120.6648, 38.9384], [-120.6651, 38.9384]], [[-120.6645, 38.9381], [-120.6641, 38.9384], [-120.6641, 38.9381], [-120.6645, 38.9381]], [[-120.6596, 38.9378], [-120.6593, 38.9381], [-120.6593, 38.9378], [-120.6596, 38.9378]], [[-120.6589, 38.9379], [-120.6586, 38.9381], [-120.6586, 38.9379], [-120.6589, 38.9379]], [[-120.6593, 38.9376], [-120.6589, 38.9379], [-120.6589, 38.9376], [-120.6593, 38.9376]], [[-120.662, 38.9365], [-120.6617, 38.9368], [-120.6617, 38.9365], [-120.662, 38.9365]], [[-120.6596, 38.9349], [-120.6592, 38.9354], [-120.6592, 38.9349], [-120.6596, 38.9349]], [[-120.6606, 38.9346], [-120.6599, 38.9349], [-120.6599, 38.9346], [-120.6606, 38.9346]]], [[[-120.6783, 38.9342], [-120.679, 38.9337], [-120.6772, 38.9334], [-120.6772, 38.934], [-120.6783, 38.9342]]], [[[-120.6838, 38.9374], [-120.6842, 38.9366], [-120.6828, 38.9339], [-120.6824, 38.9348], [-120.6814, 38.9348], [-120.6821, 38.9329], [-120.6793, 38.9334], [-120.6804, 38.9342], [-120.68, 38.9356], [-120.6818, 38.9366], [-120.6835, 38.9366], [-120.6832, 38.9372], [-120.6838, 38.9374]]], [[[-120.6263, 38.934], [-120.6263, 38.9329], [-120.6266, 38.9326], [-120.6256, 38.9329], [-120.6256, 38.934], [-120.6263, 38.934]]], [[[-120.6419, 38.9385], [-120.6457, 38.9366], [-120.645, 38.9355], [-120.644, 38.936], [-120.6426, 38.9358], [-120.6423, 38.9344], [-120.6433, 38.9336], [-120.6454, 38.9336], [-120.6454, 38.9331], [-120.6443, 38.9325], [-120.6426, 38.9336], [-120.6415, 38.9334], [-120.6408, 38.932], [-120.6395, 38.9315], [-120.6377, 38.9318], [-120.6367, 38.935], [-120.6374, 38.9347], [-120.6384, 38.9355], [-120.6364, 38.9353], [-120.6364, 38.9364], [-120.635, 38.9366], [-120.6364, 38.9377], [-120.6378, 38.9374], [-120.6378, 38.9363], [-120.6381, 38.9369], [-120.6405, 38.9366], [-120.6423, 38.9379], [-120.6419, 38.9385]], [[-120.6433, 38.9371], [-120.643, 38.9374], [-120.643, 38.9371], [-120.6433, 38.9371]], [[-120.644, 38.9369], [-120.6437, 38.9371], [-120.6437, 38.9369], [-120.644, 38.9369]], [[-120.643, 38.9366], [-120.6426, 38.9369], [-120.6426, 38.9366], [-120.643, 38.9366]], [[-120.6423, 38.9366], [-120.6419, 38.9369], [-120.6419, 38.9366], [-120.6423, 38.9366]], [[-120.6416, 38.9363], [-120.6409, 38.9366], [-120.6409, 38.9363], [-120.6416, 38.9363]], [[-120.643, 38.936], [-120.6426, 38.9363], [-120.6426, 38.936], [-120.643, 38.936]], [[-120.6409, 38.9358], [-120.6405, 38.9363], [-120.6405, 38.9358], [-120.6409, 38.9358]], [[-120.6419, 38.9355], [-120.6409, 38.9358], [-120.6409, 38.9355], [-120.6419, 38.9355]], [[-120.6405, 38.9355], [-120.6402, 38.9358], [-120.6402, 38.9355], [-120.6405, 38.9355]], [[-120.6416, 38.9347], [-120.6412, 38.935], [-120.6412, 38.9347], [-120.6416, 38.9347]], [[-120.6412, 38.9347], [-120.6405, 38.9347], [-120.6409, 38.9339], [-120.6412, 38.9339], [-120.6412, 38.9347]], [[-120.6402, 38.9336], [-120.6398, 38.9339], [-120.6398, 38.9336], [-120.6402, 38.9336]], [[-120.6398, 38.9334], [-120.6395, 38.9336], [-120.6395, 38.9334], [-120.6398, 38.9334]]], [[[-120.6735, 38.9402], [-120.6742, 38.9383], [-120.6735, 38.9372], [-120.6741, 38.9375], [-120.6748, 38.9359], [-120.6738, 38.9351], [-120.6752, 38.9348], [-120.6741, 38.9337], [-120.6762, 38.9326], [-120.6762, 38.931], [-120.6755, 38.9313], [-120.6758, 38.9318], [-120.6748, 38.9316], [-120.6755, 38.9326], [-120.6745, 38.9329], [-120.6651, 38.9327], [-120.6637, 38.9332], [-120.6641, 38.934], [-120.6648, 38.9338], [-120.6648, 38.9348], [-120.6665, 38.9348], [-120.6693, 38.9362], [-120.6683, 38.9364], [-120.669, 38.9383], [-120.6714, 38.9375], [-120.6721, 38.9375], [-120.6728, 38.9378], [-120.6728, 38.9402], [-120.6735, 38.9402]], [[-120.6724, 38.9372], [-120.6721, 38.9375], [-120.6721, 38.9372], [-120.6724, 38.9372]], [[-120.6714, 38.937], [-120.671, 38.9375], [-120.671, 38.937], [-120.6714, 38.937]], [[-120.6738, 38.9367], [-120.6735, 38.937], [-120.6734, 38.9367], [-120.6738, 38.9367]], [[-120.6728, 38.937], [-120.671, 38.9364], [-120.6724, 38.9359], [-120.672, 38.9351], [-120.6731, 38.9343], [-120.6714, 38.9354], [-120.671, 38.934], [-120.6734, 38.9337], [-120.6738, 38.9348], [-120.6731, 38.9353], [-120.6741, 38.9356], [-120.6741, 38.9364], [-120.6734, 38.9364], [-120.6728, 38.937]], [[-120.6696, 38.9364], [-120.6693, 38.9367], [-120.6693, 38.9364], [-120.6696, 38.9364]], [[-120.6714, 38.9354], [-120.6707, 38.9359], [-120.6707, 38.9354], [-120.6714, 38.9354]], [[-120.6696, 38.9343], [-120.6693, 38.9346], [-120.6693, 38.9343], [-120.6696, 38.9343]], [[-120.672, 38.9335], [-120.6717, 38.9337], [-120.6717, 38.9335], [-120.672, 38.9335]], [[-120.6731, 38.9335], [-120.672, 38.9332], [-120.672, 38.9329], [-120.6731, 38.9329], [-120.6731, 38.9335]], [[-120.6717, 38.9329], [-120.671, 38.9335], [-120.671, 38.9329], [-120.6717, 38.9329]], [[-120.6738, 38.9329], [-120.6734, 38.9332], [-120.6734, 38.9329], [-120.6738, 38.9329]]], [[[-120.6221, 38.9335], [-120.6232, 38.9318], [-120.6256, 38.9329], [-120.6256, 38.9321], [-120.6242, 38.9318], [-120.6239, 38.9305], [-120.6208, 38.9324], [-120.6221, 38.9335]]], [[[-120.6633, 38.9284], [-120.6633, 38.927], [-120.663, 38.9273], [-120.6623, 38.927], [-120.6619, 38.9284], [-120.6633, 38.9284]], [[-120.663, 38.9278], [-120.6626, 38.9281], [-120.6626, 38.9278], [-120.663, 38.9278]]], [[[-120.6637, 38.9278], [-120.6657, 38.9281], [-120.6654, 38.9273], [-120.6661, 38.927], [-120.6637, 38.9278]]], [[[-120.6824, 38.9321], [-120.6834, 38.9307], [-120.6827, 38.9304], [-120.6831, 38.9293], [-120.6817, 38.9291], [-120.6827, 38.9291], [-120.6827, 38.9283], [-120.6817, 38.9285], [-120.6813, 38.9277], [-120.6803, 38.9283], [-120.6789, 38.9267], [-120.6754, 38.9272], [-120.6751, 38.9264], [-120.6695, 38.9265], [-120.6695, 38.9256], [-120.6688, 38.9259], [-120.6688, 38.9248], [-120.6695, 38.9254], [-120.6695, 38.9232], [-120.6664, 38.923], [-120.6654, 38.9238], [-120.6626, 38.9238], [-120.6623, 38.9251], [-120.6605, 38.9257], [-120.6612, 38.9268], [-120.663, 38.927], [-120.6633, 38.9259], [-120.664, 38.9259], [-120.6661, 38.9243], [-120.6685, 38.9257], [-120.6682, 38.9265], [-120.6689, 38.927], [-120.6678, 38.927], [-120.6675, 38.9281], [-120.6703, 38.9283], [-120.6696, 38.9278], [-120.6713, 38.927], [-120.6723, 38.9278], [-120.672, 38.9281], [-120.6723, 38.9297], [-120.673, 38.9294], [-120.673, 38.9297], [-120.6734, 38.9297], [-120.6737, 38.9302], [-120.6751, 38.9297], [-120.6761, 38.9278], [-120.6775, 38.9288], [-120.6772, 38.928], [-120.6786, 38.9272], [-120.6796, 38.928], [-120.6793, 38.9291], [-120.68, 38.9291], [-120.68, 38.9288], [-120.6803, 38.9288], [-120.68, 38.9296], [-120.6814, 38.9302], [-120.6814, 38.9315], [-120.6824, 38.9321]], [[-120.6737, 38.9294], [-120.6734, 38.9297], [-120.6734, 38.9294], [-120.6737, 38.9294]], [[-120.6813, 38.9288], [-120.681, 38.9294], [-120.681, 38.9288], [-120.6813, 38.9288]], [[-120.6751, 38.928], [-120.6744, 38.9291], [-120.6744, 38.928], [-120.6751, 38.928]], [[-120.673, 38.9289], [-120.6727, 38.9291], [-120.6727, 38.9289], [-120.673, 38.9289]], [[-120.681, 38.9286], [-120.6803, 38.9288], [-120.6803, 38.9286], [-120.681, 38.9286]], [[-120.673, 38.9283], [-120.6723, 38.9283], [-120.6723, 38.9281], [-120.6727, 38.9281], [-120.6727, 38.9278], [-120.673, 38.9278], [-120.673, 38.9283]], [[-120.6737, 38.9272], [-120.673, 38.9278], [-120.673, 38.927], [-120.6737, 38.9272]], [[-120.663, 38.9254], [-120.6626, 38.9257], [-120.6626, 38.9254], [-120.663, 38.9254]], [[-120.6643, 38.9251], [-120.6636, 38.9254], [-120.6636, 38.9251], [-120.6643, 38.9251]], [[-120.6671, 38.924], [-120.6664, 38.9243], [-120.6664, 38.924], [-120.6671, 38.924]], [[-120.6678, 38.9238], [-120.6671, 38.924], [-120.6671, 38.9238], [-120.6678, 38.9238]], [[-120.6671, 38.9235], [-120.6667, 38.9238], [-120.6667, 38.9235], [-120.6671, 38.9235]]], [[[-120.656, 38.9279], [-120.655, 38.9257], [-120.656, 38.9249], [-120.6553, 38.9241], [-120.656, 38.9219], [-120.655, 38.9217], [-120.6532, 38.9236], [-120.6543, 38.9255], [-120.654, 38.9265], [-120.656, 38.9279]], [[-120.655, 38.9233], [-120.6546, 38.9236], [-120.6546, 38.9233], [-120.655, 38.9233]]]]}, "properties": {"layer": "interior"}}, {"type": "Feature", "geometry": {"type": "MultiPolygon", "coordinates": [[[[-120.834, 39.0097], [-120.834, 39.0091], [-120.8329, 39.0094], [-120.8329, 39.0097], [-120.834, 39.0097]]], [[[-120.8277, 39.0097], [-120.8277, 39.0092], [-120.827, 39.0092], [-120.827, 39.0094], [-120.8277, 39.0097]]]]}, "properties": {"layer": "cell", "cell_id": "525_2000", "seed_zone": "525", "elevation_band": "2000–2500 ft"}}, {"type": "Feature", "geometry": {"type": "MultiPolygon", "coordinates": [[[[-120.7416, 39.0351], [-120.742, 39.0343], [-120.7416, 39.0343], [-120.7416, 39.0351]]], [[[-120.8239, 39.0111], [-120.825, 39.0094], [-120.8229, 39.0092], [-120.8229, 39.0105], [-120.8239, 39.0111]], [[-120.8239, 39.01], [-120.8232, 39.01], [-120.8232, 39.0095], [-120.8236, 39.0095], [-120.8239, 39.01]]], [[[-120.8267, 39.0094], [-120.8263, 39.0089], [-120.8256, 39.0089], [-120.826, 39.0094], [-120.8267, 39.0094]]], [[[-120.8246, 39.0092], [-120.8253, 39.0086], [-120.825, 39.0086], [-120.8246, 39.0092]]]]}, "properties": {"layer": "cell", "cell_id": "525_2500", "seed_zone": "525", "elevation_band": "2500–3000 ft"}}, {"type": "Feature", "geometry": {"type": "MultiPolygon", "coordinates": [[[[-120.7214, 39.0598], [-120.7214, 39.059], [-120.7211, 39.059], [-120.7207, 39.0598], [-120.7214, 39.0598]]], [[[-120.7214, 39.059], [-120.7221, 39.0581], [-120.7211, 39.0582], [-120.7214, 39.059]]], [[[-120.7417, 39.041], [-120.7417, 39.0399], [-120.7413, 39.0399], [-120.741, 39.0408], [-120.7417, 39.041]]], [[[-120.7382, 39.0402], [-120.7382, 39.0394], [-120.7386, 39.0389], [-120.7375, 39.0392], [-120.7382, 39.0402]]], [[[-120.741, 39.0391], [-120.7413, 39.0381], [-120.741, 39.0381], [-120.741, 39.0391]]]]}, "properties": {"layer": "cell", "cell_id": "525_3000", "seed_zone": "525", "elevation_band": "3000–3500 ft"}}, {"type": "Feature", "geometry": {"type": "MultiPolygon", "coordinates": [[[[-120.7193, 39.0946], [-120.72, 39.0943], [-120.7193, 39.0941], [-120.7193, 39.0946]]], [[[-120.7253, 39.063], [-120.726, 39.0635], [-120.7267, 39.063], [-120.7253, 39.063]]], [[[-120.7286, 39.0514], [-120.7297, 39.0516], [-120.7297, 39.0511], [-120.7286, 39.0514]]], [[[-120.7307, 39.0505], [-120.7314, 39.0486], [-120.7296, 39.0487], [-120.7293, 39.0497], [-120.7307, 39.0505]]], [[[-120.7551, 39.0315], [-120.7558, 39.0301], [-120.7555, 39.0293], [-120.7541, 39.0302], [-120.7537, 39.0312], [-120.7551, 39.0315]], [[-120.7548, 39.0301], [-120.7544, 39.0304], [-120.7544, 39.0301], [-120.7548, 39.0301]]]]}, "properties": {"layer": "cell", "cell_id": "525_3500", "seed_zone": "525", "elevation_band": "3500–4000 ft"}}, {"type": "Feature", "geometry": {"type": "MultiPolygon", "coordinates": [[[[-120.7156, 39.1014], [-120.7163, 39.1008], [-120.7156, 39.1006], [-120.7156, 39.1014]]], [[[-120.6739, 39.1005], [-120.6753, 39.1003], [-120.676, 39.0994], [-120.6739, 39.1], [-120.6739, 39.1005]]], [[[-120.6211, 39.0598], [-120.6215, 39.0582], [-120.6201, 39.0582], [-120.6204, 39.0598], [-120.6211, 39.0598]]]]}, "properties": {"layer": "cell", "cell_id": "525_4000", "seed_zone": "525", "elevation_band": "4000–4500 ft"}}, {"type": "Feature", "geometry": {"type": "Polygon", "coordinates": [[[-120.6208, 39.0628], [-120.6211, 39.0598], [-120.6204, 39.0598], [-120.6204, 39.0584], [-120.6197, 39.0582], [-120.6191, 39.0606], [-120.6194, 39.062], [-120.6208, 39.0628]]]}, "properties": {"layer": "cell", "cell_id": "525_4500", "seed_zone": "525", "elevation_band": "4500–5000 ft"}}, {"type": "Feature", "geometry": {"type": "MultiPolygon", "coordinates": [[[[-120.6866, 38.9677], [-120.6869, 38.9668], [-120.6865, 38.9668], [-120.6866, 38.9677]]], [[[-120.6831, 38.9661], [-120.6834, 38.9655], [-120.6824, 38.9653], [-120.682, 38.9658], [-120.6831, 38.9661]]], [[[-120.682, 38.9661], [-120.6817, 38.965], [-120.6803, 38.9653], [-120.6806, 38.9661], [-120.682, 38.9661]]], [[[-120.6754, 38.9591], [-120.6754, 38.9585], [-120.6747, 38.9583], [-120.6747, 38.9588], [-120.6754, 38.9591]]], [[[-120.6743, 38.9577], [-120.6743, 38.9572], [-120.6722, 38.9567], [-120.6722, 38.9561], [-120.6709, 38.9567], [-120.6709, 38.9575], [-120.6719, 38.9569], [-120.6743, 38.9577]]]]}, "properties": {"layer": "cell", "cell_id": "526_1500", "seed_zone": "526", "elevation_band": "1500–2000 ft"}}, {"type": "Feature", "geometry": {"type": "MultiPolygon", "coordinates": [[[[-120.6904, 38.9684], [-120.69, 38.9671], [-120.6897, 38.9671], [-120.6897, 38.9685], [-120.6904, 38.9684]]], [[[-120.6879, 38.9666], [-120.689, 38.9663], [-120.6893, 38.9658], [-120.6876, 38.966], [-120.6879, 38.9666]]], [[[-120.6841, 38.9661], [-120.6841, 38.9655], [-120.6834, 38.9655], [-120.6834, 38.9658], [-120.6841, 38.9661]]], [[[-120.681, 38.9653], [-120.6817, 38.965], [-120.6813, 38.9642], [-120.6806, 38.9642], [-120.681, 38.9653]]], [[[-120.6796, 38.9626], [-120.681, 38.962], [-120.6806, 38.9612], [-120.6796, 38.9615], [-120.6796, 38.9626]]], [[[-120.6872, 38.9617], [-120.6872, 38.9606], [-120.6875, 38.9604], [-120.6865, 38.9606], [-120.6872, 38.9617]]], [[[-120.6778, 38.9612], [-120.6785, 38.9607], [-120.6792, 38.9599], [-120.6778, 38.9604], [-120.6778, 38.9612]]], [[[-120.6775, 38.9604], [-120.6775, 38.9599], [-120.6778, 38.9593], [-120.6764, 38.9599], [-120.6764, 38.9604], [-120.6775, 38.9604]]], [[[-120.675, 38.9583], [-120.6761, 38.9585], [-120.6761, 38.958], [-120.675, 38.9583]]], [[[-120.6879, 38.9604], [-120.6875, 38.9596], [-120.6889, 38.959], [-120.6889, 38.9577], [-120.6882, 38.9577], [-120.6872, 38.9593], [-120.6879, 38.9604]]], [[[-120.6764, 38.9577], [-120.6757, 38.9567], [-120.6754, 38.9567], [-120.675, 38.9577], [-120.6764, 38.9577]]], [[[-120.6885, 38.9574], [-120.6885, 38.9566], [-120.6878, 38.9566], [-120.6878, 38.9574], [-120.6885, 38.9574]]], [[[-120.6889, 38.9566], [-120.6889, 38.9558], [-120.6882, 38.9558], [-120.6882, 38.9563], [-120.6889, 38.9566]]], [[[-120.6743, 38.9572], [-120.6747, 38.9567], [-120.6733, 38.9556], [-120.6709, 38.9559], [-120.6709, 38.9567], [-120.6722, 38.9561], [-120.6722, 38.9567], [-120.6743, 38.9572]]], [[[-120.6684, 38.9553], [-120.6691, 38.9553], [-120.6695, 38.9551], [-120.6684, 38.9553]]], [[[-120.6709, 38.9559], [-120.6705, 38.9532], [-120.6698, 38.9529], [-120.6688, 38.9537], [-120.6688, 38.9545], [-120.6701, 38.9543], [-120.6702, 38.9559], [-120.6709, 38.9559]], [[-120.6694, 38.9537], [-120.6691, 38.954], [-120.6691, 38.9537], [-120.6694, 38.9537]]], [[[-120.659, 38.9492], [-120.66, 38.9489], [-120.659, 38.9489], [-120.659, 38.9492]]]]}, "properties": {"layer": "cell", "cell_id": "526_2000", "seed_zone": "526", "elevation_band": "2000–2500 ft"}}, {"type": "Feature", "geometry": {"type": "MultiPolygon", "coordinates": [[[[-120.7015, 39.0086], [-120.7018, 39.0081], [-120.7008, 39.0078], [-120.7005, 39.0083], [-120.7015, 39.0086]]], [[[-120.7658, 38.9942], [-120.7662, 38.9944], [-120.7665, 38.9942], [-120.7658, 38.9942]]], [[[-120.752, 38.9948], [-120.752, 38.9943], [-120.7506, 38.9937], [-120.7506, 38.9948], [-120.752, 38.9948]]], [[[-120.7617, 38.9937], [-120.762, 38.9939], [-120.7624, 38.9937], [-120.7617, 38.9937]]], [[[-120.7586, 38.994], [-120.7593, 38.9937], [-120.7586, 38.9934], [-120.7586, 38.994]]], [[[-120.7544, 38.9948], [-120.7548, 38.9942], [-120.7555, 38.9945], [-120.7558, 38.9942], [-120.7561, 38.9942], [-120.7561, 38.9945], [-120.7582, 38.9945], [-120.7582, 38.9934], [-120.7586, 38.9931], [-120.7593, 38.9934], [-120.7592, 38.9926], [-120.7575, 38.9932], [-120.7579, 38.9926], [-120.7568, 38.9923], [-120.7561, 38.9937], [-120.7558, 38.9929], [-120.7554, 38.9932], [-120.7544, 38.9929], [-120.7537, 38.9943], [-120.7523, 38.9943], [-120.7523, 38.9948], [-120.7544, 38.9948]], [[-120.7575, 38.994], [-120.7572, 38.9942], [-120.7572, 38.994], [-120.7575, 38.994]], [[-120.7565, 38.994], [-120.7561, 38.9942], [-120.7561, 38.994], [-120.7565, 38.994]], [[-120.7579, 38.9937], [-120.7575, 38.994], [-120.7575, 38.9937], [-120.7579, 38.9937]], [[-120.7572, 38.9932], [-120.7568, 38.9937], [-120.7568, 38.9932], [-120.7572, 38.9932]]], [[[-120.7554, 38.9929], [-120.7554, 38.9921], [-120.7544, 38.9921], [-120.7544, 38.9924], [-120.7554, 38.9929]]], [[[-120.6579, 38.9778], [-120.6579, 38.9773], [-120.6572, 38.9773], [-120.6572, 38.9775], [-120.6579, 38.9778]]], [[[-120.7036, 38.977], [-120.7036, 38.9765], [-120.7022, 38.9767], [-120.7022, 38.977], [-120.7036, 38.977]]], [[[-120.6686, 38.9759], [-120.6693, 38.9756], [-120.6686, 38.9753], [-120.6686, 38.9759]]], [[[-120.671, 38.9748], [-120.6714, 38.975], [-120.6717, 38.9748], [-120.671, 38.9748]]], [[[-120.6696, 38.9753], [-120.67, 38.9748], [-120.6686, 38.9745], [-120.6686, 38.975], [-120.6696, 38.9753]]], [[[-120.6995, 38.977], [-120.7005, 38.9759], [-120.6991, 38.9743], [-120.6981, 38.9749], [-120.6987, 38.9738], [-120.6967, 38.9741], [-120.696, 38.9757], [-120.6922, 38.9765], [-120.6995, 38.977]], [[-120.6974, 38.9762], [-120.697, 38.9765], [-120.697, 38.9762], [-120.6974, 38.9762]], [[-120.6998, 38.9757], [-120.6991, 38.9762], [-120.6991, 38.976], [-120.6998, 38.9757]], [[-120.6977, 38.976], [-120.6974, 38.9762], [-120.6974, 38.976], [-120.6977, 38.976]], [[-120.6977, 38.9743], [-120.6974, 38.9746], [-120.6974, 38.9743], [-120.6977, 38.9743]]], [[[-120.6689, 38.974], [-120.6693, 38.9742], [-120.6696, 38.974], [-120.6689, 38.974]]], [[[-120.6707, 38.9748], [-120.6703, 38.9737], [-120.6696, 38.9737], [-120.67, 38.9745], [-120.6707, 38.9748]]], [[[-120.6714, 38.9737], [-120.672, 38.9731], [-120.6717, 38.9731], [-120.6714, 38.9737]]], [[[-120.6904, 38.9717], [-120.6911, 38.9711], [-120.6907, 38.9711], [-120.6904, 38.9717]]], [[[-120.6696, 38.9715], [-120.6703, 38.9718], [-120.6703, 38.9713], [-120.6696, 38.9715]]], [[[-120.6925, 38.9711], [-120.6928, 38.9703], [-120.6918, 38.9703], [-120.6918, 38.9709], [-120.6925, 38.9711]]], [[[-120.6903, 38.9628], [-120.6903, 38.9617], [-120.69, 38.9617], [-120.6896, 38.9628], [-120.6903, 38.9628]]], [[[-120.6802, 38.9604], [-120.6802, 38.9596], [-120.6799, 38.9596], [-120.6792, 38.9604], [-120.6802, 38.9604]]], [[[-120.683, 38.9604], [-120.683, 38.9599], [-120.6834, 38.9596], [-120.6823, 38.9601], [-120.683, 38.9604]]], [[[-120.6785, 38.9588], [-120.6789, 38.9591], [-120.6792, 38.9588], [-120.6785, 38.9588]]], [[[-120.6508, 38.9592], [-120.6508, 38.9587], [-120.6518, 38.9584], [-120.6518, 38.9579], [-120.6504, 38.9581], [-120.6508, 38.9592]]], [[[-120.6785, 38.9574], [-120.6799, 38.9572], [-120.6802, 38.9566], [-120.6781, 38.9566], [-120.6785, 38.9574]]], [[[-120.6837, 38.9563], [-120.684, 38.9566], [-120.6844, 38.9563], [-120.6837, 38.9563]]], [[[-120.6903, 38.9568], [-120.6903, 38.9558], [-120.6899, 38.9558], [-120.6896, 38.9568], [-120.6903, 38.9568]]], [[[-120.6771, 38.9561], [-120.6781, 38.9558], [-120.6771, 38.9558], [-120.6771, 38.9561]]], [[[-120.6889, 38.956], [-120.6892, 38.9552], [-120.6889, 38.9552], [-120.6889, 38.956]]], [[[-120.6681, 38.9551], [-120.6681, 38.9545], [-120.6674, 38.9543], [-120.6674, 38.9548], [-120.6681, 38.9551]]], [[[-120.6694, 38.9516], [-120.6694, 38.951], [-120.6684, 38.9513], [-120.6684, 38.9516], [-120.6694, 38.9516]]], [[[-120.6701, 38.9529], [-120.6708, 38.951], [-120.6694, 38.9507], [-120.6701, 38.9521], [-120.6684, 38.9526], [-120.6701, 38.9529]]], [[[-120.6635, 38.9513], [-120.6635, 38.9508], [-120.6628, 38.9508], [-120.6628, 38.9511], [-120.6635, 38.9513]]], [[[-120.6604, 38.9492], [-120.6614, 38.9489], [-120.6604, 38.9489], [-120.6604, 38.9492]]], [[[-120.6541, 38.9435], [-120.6545, 38.943], [-120.6534, 38.943], [-120.6534, 38.9433], [-120.6541, 38.9435]]]]}, "properties": {"layer": "cell", "cell_id": "526_2500", "seed_zone": "526", "elevation_band": "2500–3000 ft"}}, {"type": "Feature", "geometry": {"type": "MultiPolygon", "coordinates": [[[[-120.6478, 39.0178], [-120.6478, 39.0173], [-120.6471, 39.017], [-120.6471, 39.0175], [-120.6478, 39.0178]]], [[[-120.6468, 39.0178], [-120.6468, 39.0167], [-120.6464, 39.0167], [-120.6461, 39.0173], [-120.6468, 39.0178]]], [[[-120.6423, 39.0159], [-120.6447, 39.0154], [-120.6423, 39.0154], [-120.6423, 39.0159]]], [[[-120.6498, 39.007], [-120.6498, 39.0059], [-120.6495, 39.0059], [-120.6491, 39.007], [-120.6498, 39.007]]], [[[-120.6814, 39.0066], [-120.6807, 39.0055], [-120.6796, 39.0052], [-120.6796, 39.0066], [-120.6814, 39.0066]]], [[[-120.7077, 39.0059], [-120.7081, 39.0051], [-120.7077, 39.0051], [-120.7077, 39.0059]]], [[[-120.6873, 39.0057], [-120.6872, 39.0036], [-120.6865, 39.0036], [-120.6866, 39.0049], [-120.6848, 39.0046], [-120.6848, 39.0057], [-120.6873, 39.0057]], [[-120.6859, 39.0052], [-120.6855, 39.0055], [-120.6855, 39.0052], [-120.6859, 39.0052]]], [[[-120.6702, 38.9996], [-120.6712, 38.9993], [-120.6702, 38.9993], [-120.6702, 38.9996]]], [[[-120.6688, 38.9988], [-120.6699, 38.9985], [-120.6688, 38.9985], [-120.6688, 38.9988]]], [[[-120.7499, 38.9935], [-120.7506, 38.9945], [-120.7506, 38.9935], [-120.7499, 38.9935]]], [[[-120.7589, 38.9926], [-120.7596, 38.9921], [-120.7592, 38.9921], [-120.7589, 38.9926]]], [[[-120.7648, 38.9936], [-120.7658, 38.9923], [-120.7617, 38.9918], [-120.7631, 38.9934], [-120.7645, 38.9931], [-120.7648, 38.9936]]], [[[-120.7617, 38.9939], [-120.7613, 38.9915], [-120.7596, 38.9915], [-120.7599, 38.9926], [-120.761, 38.9926], [-120.7603, 38.9937], [-120.7617, 38.9939]]], [[[-120.7506, 38.9932], [-120.7506, 38.9916], [-120.7499, 38.9913], [-120.7499, 38.9932], [-120.7506, 38.9932]]], [[[-120.7506, 38.9913], [-120.7519, 38.9908], [-120.7506, 38.991], [-120.7506, 38.9913]]], [[[-120.7596, 38.9915], [-120.7592, 38.9904], [-120.7585, 38.9904], [-120.7582, 38.991], [-120.7596, 38.9915]]], [[[-120.7565, 38.9915], [-120.7578, 38.9907], [-120.7561, 38.9907], [-120.7568, 38.991], [-120.7565, 38.9915]]], [[[-120.7468, 38.9916], [-120.7461, 38.9913], [-120.7471, 38.9911], [-120.746, 38.9903], [-120.7464, 38.9897], [-120.7443, 38.9903], [-120.7384, 38.9898], [-120.7388, 38.9914], [-120.7412, 38.9914], [-120.7409, 38.9908], [-120.7429, 38.9905], [-120.7429, 38.9908], [-120.7436, 38.9908], [-120.7443, 38.9913], [-120.7468, 38.9916]], [[-120.744, 38.9905], [-120.7436, 38.9908], [-120.7436, 38.9905], [-120.744, 38.9905]]], [[[-120.5969, 38.9781], [-120.5979, 38.9778], [-120.5969, 38.9778], [-120.5969, 38.9781]]], [[[-120.7182, 38.9769], [-120.7189, 38.9766], [-120.7182, 38.9764], [-120.7182, 38.9769]]], [[[-120.6905, 38.9768], [-120.6915, 38.9765], [-120.6904, 38.9765], [-120.6905, 38.9768]]], [[[-120.6575, 38.9773], [-120.6575, 38.9765], [-120.6561, 38.9759], [-120.6561, 38.9773], [-120.6575, 38.9773]]], [[[-120.6932, 38.976], [-120.6932, 38.9754], [-120.6922, 38.9757], [-120.6922, 38.976], [-120.6932, 38.976]]], [[[-120.6956, 38.9746], [-120.696, 38.9735], [-120.6946, 38.9736], [-120.6942, 38.9744], [-120.6956, 38.9746]]], [[[-120.705, 38.9738], [-120.7057, 38.9735], [-120.705, 38.9732], [-120.705, 38.9738]]], [[[-120.6682, 38.9745], [-120.6689, 38.974], [-120.6696, 38.974], [-120.6696, 38.9734], [-120.6682, 38.9734], [-120.6682, 38.9745]]], [[[-120.6672, 38.9734], [-120.6679, 38.9729], [-120.6672, 38.9729], [-120.6672, 38.9734]]], [[[-120.6724, 38.9731], [-120.6724, 38.9726], [-120.6714, 38.9726], [-120.6714, 38.9731], [-120.6724, 38.9731]]], [[[-120.7019, 38.9762], [-120.7022, 38.9743], [-120.7036, 38.9738], [-120.7036, 38.9711], [-120.7029, 38.9705], [-120.6987, 38.9708], [-120.6984, 38.9722], [-120.696, 38.9735], [-120.6974, 38.9735], [-120.6987, 38.9741], [-120.7001, 38.9741], [-120.7001, 38.9735], [-120.7008, 38.9735], [-120.7005, 38.9743], [-120.7012, 38.9741], [-120.7008, 38.9749], [-120.7019, 38.9762]], [[-120.6998, 38.9735], [-120.6991, 38.9738], [-120.6991, 38.9735], [-120.6998, 38.9735]], [[-120.6987, 38.9735], [-120.6974, 38.9735], [-120.6974, 38.9733], [-120.6987, 38.973], [-120.6987, 38.9735]], [[-120.7001, 38.973], [-120.6998, 38.9733], [-120.6998, 38.973], [-120.7001, 38.973]], [[-120.7032, 38.973], [-120.7015, 38.9724], [-120.7018, 38.9716], [-120.7029, 38.9716], [-120.7025, 38.9727], [-120.7032, 38.973]], [[-120.7005, 38.9727], [-120.7001, 38.973], [-120.7001, 38.9727], [-120.7005, 38.9727]], [[-120.6984, 38.9727], [-120.6977, 38.973], [-120.6977, 38.9727], [-120.6984, 38.9727]], [[-120.6991, 38.9722], [-120.6987, 38.9724], [-120.6987, 38.9722], [-120.6991, 38.9722]], [[-120.7015, 38.9719], [-120.7012, 38.9722], [-120.7012, 38.9719], [-120.7015, 38.9719]], [[-120.7018, 38.9714], [-120.7015, 38.9716], [-120.7015, 38.9714], [-120.7018, 38.9714]], [[-120.7011, 38.9714], [-120.7008, 38.9716], [-120.7008, 38.9714], [-120.7011, 38.9714]]], [[[-120.7074, 38.9732], [-120.7067, 38.9727], [-120.7074, 38.9724], [-120.7074, 38.9705], [-120.706, 38.9697], [-120.7046, 38.9716], [-120.7057, 38.9719], [-120.7057, 38.9732], [-120.7074, 38.9732]], [[-120.7067, 38.9719], [-120.7064, 38.9724], [-120.706, 38.9719], [-120.7067, 38.9719]]], [[[-120.664, 38.9702], [-120.6647, 38.9705], [-120.6647, 38.9699], [-120.664, 38.9702]]], [[[-120.6952, 38.9698], [-120.6956, 38.97], [-120.6959, 38.9698], [-120.6952, 38.9698]]], [[[-120.6633, 38.9694], [-120.663, 38.9683], [-120.6626, 38.9683], [-120.6627, 38.9694], [-120.6633, 38.9694]]], [[[-120.6491, 38.9598], [-120.6494, 38.959], [-120.648, 38.959], [-120.648, 38.9595], [-120.6491, 38.9598]]], [[[-120.6827, 38.959], [-120.6827, 38.9585], [-120.682, 38.9585], [-120.682, 38.9588], [-120.6827, 38.959]]], [[[-120.6497, 38.9587], [-120.6504, 38.9584], [-120.6497, 38.9581], [-120.6497, 38.9587]]], [[[-120.693, 38.9549], [-120.6927, 38.9544], [-120.692, 38.9544], [-120.6923, 38.9549], [-120.693, 38.9549]]], [[[-120.6909, 38.9541], [-120.692, 38.9533], [-120.6902, 38.9531], [-120.6902, 38.9541], [-120.6909, 38.9541]], [[-120.6909, 38.9536], [-120.6906, 38.9539], [-120.6906, 38.9536], [-120.6909, 38.9536]]], [[[-120.6642, 38.9508], [-120.6649, 38.9508], [-120.6653, 38.9505], [-120.6642, 38.9508]]], [[[-120.6708, 38.951], [-120.6708, 38.9502], [-120.6698, 38.9502], [-120.6698, 38.9507], [-120.6708, 38.951]]], [[[-120.6916, 38.9512], [-120.6912, 38.9504], [-120.6902, 38.9504], [-120.6909, 38.9501], [-120.6902, 38.9496], [-120.6899, 38.9506], [-120.6916, 38.9512]]], [[[-120.6666, 38.9494], [-120.667, 38.9497], [-120.6677, 38.9494], [-120.6666, 38.9494]]], [[[-120.6652, 38.9492], [-120.6659, 38.9491], [-120.6663, 38.9489], [-120.6652, 38.9492]]], [[[-120.6666, 38.9489], [-120.6673, 38.9489], [-120.6677, 38.9486], [-120.6666, 38.9489]]], [[[-120.6905, 38.9487], [-120.6912, 38.9482], [-120.6905, 38.9482], [-120.6905, 38.9487]]], [[[-120.6898, 38.9474], [-120.6905, 38.9469], [-120.6902, 38.9469], [-120.6898, 38.9474]]], [[[-120.6645, 38.9478], [-120.6631, 38.9454], [-120.6614, 38.9451], [-120.6611, 38.9457], [-120.66, 38.9449], [-120.6607, 38.9446], [-120.66, 38.9438], [-120.6583, 38.9438], [-120.659, 38.9446], [-120.6586, 38.9457], [-120.6607, 38.9457], [-120.66, 38.947], [-120.6618, 38.9459], [-120.6645, 38.9478]]], [[[-120.6548, 38.943], [-120.6558, 38.9414], [-120.6565, 38.9414], [-120.6565, 38.9403], [-120.6544, 38.94], [-120.6541, 38.943], [-120.6548, 38.943]], [[-120.6551, 38.9416], [-120.6544, 38.9422], [-120.6544, 38.9419], [-120.6551, 38.9416]], [[-120.6548, 38.9414], [-120.6544, 38.9417], [-120.6544, 38.9414], [-120.6548, 38.9414]], [[-120.6558, 38.9411], [-120.6551, 38.9414], [-120.6551, 38.9411], [-120.6558, 38.9411]]], [[[-120.6731, 38.9413], [-120.6721, 38.9399], [-120.6704, 38.9397], [-120.669, 38.9402], [-120.6707, 38.9402], [-120.6711, 38.9405], [-120.6711, 38.941], [-120.6731, 38.9413]], [[-120.6718, 38.9405], [-120.6714, 38.9408], [-120.6714, 38.9405], [-120.6718, 38.9405]], [[-120.6714, 38.9402], [-120.6711, 38.9405], [-120.6711, 38.9402], [-120.6714, 38.9402]]], [[[-120.669, 38.9402], [-120.6693, 38.9397], [-120.6672, 38.9392], [-120.6672, 38.9397], [-120.669, 38.9402]]], [[[-120.6669, 38.9386], [-120.6676, 38.9386], [-120.6679, 38.9383], [-120.6669, 38.9386]]], [[[-120.6852, 38.9382], [-120.6856, 38.9374], [-120.6852, 38.9374], [-120.6852, 38.9382]]], [[[-120.669, 38.9375], [-120.6693, 38.9381], [-120.6707, 38.9378], [-120.669, 38.9375]]], [[[-120.669, 38.9375], [-120.6686, 38.9364], [-120.6683, 38.9364], [-120.6683, 38.9375], [-120.669, 38.9375]]], [[[-120.6367, 38.9377], [-120.6378, 38.9374], [-120.6378, 38.9366], [-120.636, 38.9369], [-120.6367, 38.9377]]], [[[-120.6419, 38.9385], [-120.6437, 38.9379], [-120.6426, 38.9366], [-120.6409, 38.9366], [-120.6405, 38.9358], [-120.6388, 38.9363], [-120.6412, 38.9369], [-120.6423, 38.9379], [-120.6419, 38.9385]]], [[[-120.6735, 38.9402], [-120.6742, 38.9383], [-120.6735, 38.9372], [-120.6741, 38.9375], [-120.6745, 38.9356], [-120.6721, 38.9375], [-120.6731, 38.9383], [-120.6728, 38.9402], [-120.6735, 38.9402]], [[-120.6738, 38.9367], [-120.6735, 38.937], [-120.6734, 38.9367], [-120.6738, 38.9367]]], [[[-120.6818, 38.9364], [-120.6824, 38.9348], [-120.6814, 38.9348], [-120.6821, 38.9337], [-120.681, 38.9329], [-120.6797, 38.934], [-120.6804, 38.9342], [-120.68, 38.9356], [-120.6818, 38.9364]]], [[[-120.6821, 38.9318], [-120.6824, 38.9307], [-120.6813, 38.9283], [-120.6813, 38.9294], [-120.6807, 38.9291], [-120.6803, 38.9299], [-120.6814, 38.9302], [-120.6814, 38.9315], [-120.6821, 38.9318]]]]}, "properties": {"layer": "cell", "cell_id": "526_3000", "seed_zone": "526", "elevation_band": "3000–3500 ft"}}, {"type": "Feature", "geometry": {"type": "MultiPolygon", "coordinates": [[[[-120.6351, 39.033], [-120.6358, 39.0324], [-120.6355, 39.0324], [-120.6351, 39.033]]], [[[-120.6444, 39.0192], [-120.6454, 39.0189], [-120.6444, 39.0189], [-120.6444, 39.0192]]], [[[-120.6465, 39.0192], [-120.6465, 39.0186], [-120.6458, 39.0184], [-120.6458, 39.0189], [-120.6465, 39.0192]]], [[[-120.6423, 39.0173], [-120.6423, 39.0165], [-120.6419, 39.0165], [-120.6416, 39.0173], [-120.6423, 39.0173]]], [[[-120.6412, 39.017], [-120.6412, 39.0149], [-120.6419, 39.0151], [-120.6416, 39.0162], [-120.6423, 39.0154], [-120.6443, 39.0154], [-120.6443, 39.0149], [-120.6409, 39.0141], [-120.6402, 39.0168], [-120.6412, 39.017]]], [[[-120.6412, 39.0079], [-120.6408, 39.0073], [-120.6394, 39.0073], [-120.6394, 39.0079], [-120.6412, 39.0079]]], [[[-120.6859, 39.0049], [-120.6865, 39.0036], [-120.6872, 39.0033], [-120.6848, 39.0036], [-120.6848, 39.0046], [-120.6859, 39.0049]], [[-120.6862, 39.0036], [-120.6859, 39.0038], [-120.6858, 39.0036], [-120.6862, 39.0036]]], [[[-120.6434, 38.9919], [-120.6438, 38.9922], [-120.6441, 38.9919], [-120.6434, 38.9919]]], [[[-120.6417, 38.9919], [-120.6417, 38.9903], [-120.6413, 38.9903], [-120.641, 38.9917], [-120.6417, 38.9919]]], [[[-120.7391, 38.9898], [-120.7391, 38.9892], [-120.7394, 38.9889], [-120.7384, 38.9895], [-120.7391, 38.9898]]], [[[-120.6094, 38.9891], [-120.6098, 38.9883], [-120.6074, 38.9889], [-120.6074, 38.9891], [-120.6094, 38.9891]], [[-120.6094, 38.9886], [-120.6087, 38.9889], [-120.6087, 38.9886], [-120.6094, 38.9886]]], [[[-120.591, 38.9808], [-120.5917, 38.9811], [-120.5917, 38.9803], [-120.591, 38.9808]]], [[[-120.5917, 38.9795], [-120.5924, 38.98], [-120.5924, 38.9795], [-120.5917, 38.9795]]], [[[-120.5927, 38.9795], [-120.5927, 38.9789], [-120.592, 38.979], [-120.592, 38.9792], [-120.5927, 38.9795]]], [[[-120.6024, 38.9784], [-120.6028, 38.9775], [-120.601, 38.977], [-120.6007, 38.9776], [-120.6024, 38.9784]]], [[[-120.5969, 38.9778], [-120.5993, 38.977], [-120.5962, 38.977], [-120.5962, 38.9773], [-120.5965, 38.9773], [-120.5965, 38.9776], [-120.5969, 38.9776], [-120.5969, 38.9778]], [[-120.5976, 38.9773], [-120.5969, 38.9776], [-120.5969, 38.9773], [-120.5976, 38.9773]]], [[[-120.6246, 38.9758], [-120.6253, 38.9753], [-120.6253, 38.9742], [-120.6242, 38.9747], [-120.6246, 38.9758]]], [[[-120.7126, 38.9734], [-120.7136, 38.9732], [-120.7126, 38.9729], [-120.7126, 38.9734]]], [[[-120.6956, 38.9719], [-120.6977, 38.9716], [-120.6973, 38.9711], [-120.6963, 38.9711], [-120.6956, 38.9719]]], [[[-120.7043, 38.9719], [-120.706, 38.9702], [-120.7046, 38.9697], [-120.706, 38.9694], [-120.6987, 38.9697], [-120.6994, 38.9703], [-120.6991, 38.9708], [-120.7032, 38.9705], [-120.7043, 38.9719]], [[-120.7046, 38.9705], [-120.7043, 38.9711], [-120.7043, 38.9705], [-120.7046, 38.9705]], [[-120.6997, 38.97], [-120.6994, 38.9703], [-120.6994, 38.97], [-120.6997, 38.97]]], [[[-120.6477, 38.9619], [-120.6477, 38.9614], [-120.647, 38.9611], [-120.647, 38.9617], [-120.6477, 38.9619]]], [[[-120.648, 38.9614], [-120.6484, 38.96], [-120.6463, 38.9606], [-120.6466, 38.9611], [-120.6477, 38.9606], [-120.648, 38.9614]]], [[[-120.6466, 38.96], [-120.6477, 38.9598], [-120.648, 38.959], [-120.6459, 38.9592], [-120.6466, 38.96]]], [[[-120.7083, 38.9548], [-120.7083, 38.9543], [-120.7062, 38.9532], [-120.7058, 38.9543], [-120.7083, 38.9548]]], [[[-120.6951, 38.9549], [-120.6947, 38.9538], [-120.6934, 38.9536], [-120.6933, 38.953], [-120.6923, 38.9536], [-120.6937, 38.9541], [-120.693, 38.9549], [-120.6951, 38.9549]]], [[[-120.7017, 38.9538], [-120.7024, 38.9533], [-120.702, 38.9525], [-120.7013, 38.953], [-120.7017, 38.9538]]], [[[-120.693, 38.953], [-120.693, 38.9525], [-120.6923, 38.952], [-120.692, 38.9531], [-120.693, 38.953]]], [[[-120.7037, 38.9522], [-120.7044, 38.9514], [-120.7027, 38.9514], [-120.702, 38.95], [-120.7009, 38.95], [-120.6999, 38.9511], [-120.7017, 38.9516], [-120.7017, 38.9522], [-120.7037, 38.9522]]], [[[-120.6916, 38.9506], [-120.6919, 38.9501], [-120.6909, 38.9498], [-120.6909, 38.9504], [-120.6916, 38.9506]]], [[[-120.6964, 38.9501], [-120.6964, 38.9492], [-120.6961, 38.9492], [-120.6957, 38.9501], [-120.6964, 38.9501]]], [[[-120.6909, 38.949], [-120.6916, 38.9485], [-120.6912, 38.9485], [-120.6909, 38.949]]], [[[-120.6711, 38.9489], [-120.6711, 38.9478], [-120.6708, 38.9478], [-120.6701, 38.9486], [-120.6711, 38.9489]]], [[[-120.6691, 38.9486], [-120.6701, 38.948], [-120.6694, 38.9478], [-120.6691, 38.9486]]], [[[-120.6909, 38.9477], [-120.6912, 38.9479], [-120.6916, 38.9477], [-120.6909, 38.9477]]], [[[-120.6957, 38.9487], [-120.6964, 38.9471], [-120.695, 38.9468], [-120.6943, 38.9485], [-120.6957, 38.9487]]], [[[-120.6711, 38.9456], [-120.6718, 38.9451], [-120.6711, 38.9451], [-120.6711, 38.9456]]], [[[-120.5952, 38.9452], [-120.5959, 38.9447], [-120.5956, 38.9447], [-120.5952, 38.9452]]], [[[-120.6687, 38.9427], [-120.6707, 38.941], [-120.6704, 38.9405], [-120.6683, 38.9408], [-120.6683, 38.9397], [-120.6665, 38.9394], [-120.6659, 38.9416], [-120.6666, 38.9416], [-120.6666, 38.9419], [-120.6669, 38.9419], [-120.6669, 38.9424], [-120.6673, 38.9424], [-120.6673, 38.9427], [-120.6687, 38.9427]], [[-120.6676, 38.9421], [-120.6673, 38.9424], [-120.6673, 38.9421], [-120.6676, 38.9421]], [[-120.6669, 38.9402], [-120.6666, 38.9408], [-120.6666, 38.9402], [-120.6669, 38.9402]]], [[[-120.6953, 38.9374], [-120.6963, 38.9371], [-120.6953, 38.9371], [-120.6953, 38.9374]]], [[[-120.6957, 38.9468], [-120.6985, 38.9465], [-120.6988, 38.9441], [-120.6978, 38.9438], [-120.6974, 38.9417], [-120.6988, 38.9406], [-120.6998, 38.9409], [-120.7002, 38.9395], [-120.7019, 38.9395], [-120.7019, 38.9379], [-120.6988, 38.9384], [-120.6967, 38.9358], [-120.6956, 38.9366], [-120.6956, 38.9355], [-120.6942, 38.9355], [-120.6932, 38.9366], [-120.6921, 38.9358], [-120.689, 38.9358], [-120.6904, 38.9369], [-120.6901, 38.9379], [-120.6908, 38.9388], [-120.6918, 38.9385], [-120.6911, 38.9377], [-120.6922, 38.9385], [-120.6932, 38.9385], [-120.6939, 38.9374], [-120.6949, 38.9376], [-120.6946, 38.9371], [-120.6953, 38.9368], [-120.6963, 38.9368], [-120.6967, 38.9371], [-120.6967, 38.9376], [-120.6956, 38.9379], [-120.6956, 38.9395], [-120.6943, 38.9404], [-120.6943, 38.9431], [-120.6957, 38.9428], [-120.695, 38.943], [-120.6957, 38.9436], [-120.695, 38.9449], [-120.6961, 38.946], [-120.6957, 38.9468]], [[-120.6971, 38.9452], [-120.6967, 38.9455], [-120.6967, 38.9452], [-120.6971, 38.9452]], [[-120.6967, 38.9436], [-120.6964, 38.9438], [-120.6964, 38.9436], [-120.6967, 38.9436]], [[-120.6967, 38.9428], [-120.696, 38.943], [-120.696, 38.9425], [-120.6964, 38.9425], [-120.6964, 38.9428], [-120.6967, 38.9428]], [[-120.6971, 38.9425], [-120.6967, 38.9428], [-120.6967, 38.9425], [-120.6971, 38.9425]], [[-120.6974, 38.9406], [-120.6967, 38.9406], [-120.6963, 38.9398], [-120.6974, 38.9398], [-120.6974, 38.9406]], [[-120.6963, 38.9403], [-120.696, 38.9406], [-120.696, 38.9403], [-120.6963, 38.9403]], [[-120.6984, 38.9392], [-120.6981, 38.9395], [-120.6981, 38.9393], [-120.6984, 38.9392]], [[-120.6988, 38.939], [-120.6984, 38.9392], [-120.6984, 38.939], [-120.6988, 38.939]], [[-120.6967, 38.939], [-120.6963, 38.9393], [-120.6963, 38.939], [-120.6967, 38.939]], [[-120.6981, 38.9387], [-120.6974, 38.939], [-120.6974, 38.9387], [-120.6981, 38.9387]], [[-120.6932, 38.9379], [-120.6925, 38.9382], [-120.6925, 38.9379], [-120.6932, 38.9379]], [[-120.6911, 38.9369], [-120.6908, 38.9371], [-120.6908, 38.9369], [-120.6911, 38.9369]], [[-120.6967, 38.9366], [-120.6963, 38.9368], [-120.6963, 38.9366], [-120.6967, 38.9366]], [[-120.6908, 38.9366], [-120.6904, 38.9369], [-120.6904, 38.9366], [-120.6908, 38.9366]]], [[[-120.6239, 38.9367], [-120.6239, 38.9356], [-120.6229, 38.9348], [-120.6208, 38.9356], [-120.6222, 38.9367], [-120.6239, 38.9367]]], [[[-120.6731, 38.9348], [-120.6731, 38.9343], [-120.6724, 38.9343], [-120.6724, 38.9345], [-120.6731, 38.9348]]], [[[-120.6838, 38.9374], [-120.6838, 38.9356], [-120.6831, 38.9356], [-120.6824, 38.9339], [-120.6818, 38.9366], [-120.6828, 38.9364], [-120.6838, 38.9374]]], [[[-120.6645, 38.9481], [-120.6659, 38.9475], [-120.6673, 38.9478], [-120.6676, 38.9456], [-120.6659, 38.9448], [-120.6659, 38.9459], [-120.6649, 38.9459], [-120.6645, 38.9443], [-120.6652, 38.944], [-120.6628, 38.943], [-120.6624, 38.9421], [-120.6634, 38.9408], [-120.6652, 38.9413], [-120.6659, 38.9402], [-120.6645, 38.9405], [-120.6641, 38.94], [-120.6662, 38.9392], [-120.6662, 38.9378], [-120.6648, 38.9373], [-120.6634, 38.9381], [-120.6641, 38.9367], [-120.6631, 38.9367], [-120.6634, 38.9362], [-120.6627, 38.9362], [-120.6623, 38.9351], [-120.6613, 38.9351], [-120.6599, 38.9338], [-120.6571, 38.9335], [-120.6565, 38.9354], [-120.6575, 38.9357], [-120.6596, 38.9381], [-120.661, 38.9373], [-120.662, 38.9376], [-120.6624, 38.9384], [-120.6613, 38.9395], [-120.6631, 38.94], [-120.6624, 38.94], [-120.6624, 38.9411], [-120.6607, 38.9411], [-120.6607, 38.9405], [-120.6589, 38.9403], [-120.6586, 38.9387], [-120.6561, 38.9371], [-120.6548, 38.94], [-120.6555, 38.9406], [-120.6565, 38.9403], [-120.6569, 38.9414], [-120.6576, 38.9411], [-120.6576, 38.9427], [-120.6586, 38.9427], [-120.6593, 38.9419], [-120.6596, 38.9427], [-120.659, 38.943], [-120.6603, 38.9435], [-120.66, 38.9441], [-120.6617, 38.9454], [-120.6631, 38.9454], [-120.6645, 38.9465], [-120.6645, 38.9481]], [[-120.6656, 38.9473], [-120.6652, 38.9475], [-120.6652, 38.9473], [-120.6656, 38.9473]], [[-120.6656, 38.9465], [-120.6652, 38.9467], [-120.6652, 38.9465], [-120.6656, 38.9465]], [[-120.6673, 38.9464], [-120.6663, 38.9464], [-120.6663, 38.9456], [-120.6666, 38.9456], [-120.6673, 38.9464]], [[-120.6628, 38.9443], [-120.6624, 38.9446], [-120.6624, 38.9443], [-120.6628, 38.9443]], [[-120.6621, 38.9443], [-120.6617, 38.9446], [-120.6617, 38.9443], [-120.6621, 38.9443]], [[-120.6642, 38.9438], [-120.6635, 38.9443], [-120.6635, 38.944], [-120.6642, 38.9438]], [[-120.6624, 38.9438], [-120.6621, 38.9443], [-120.6617, 38.9438], [-120.6624, 38.9438]], [[-120.6631, 38.9438], [-120.6628, 38.944], [-120.6628, 38.9438], [-120.6631, 38.9438]], [[-120.6635, 38.9435], [-120.6631, 38.9438], [-120.6631, 38.9435], [-120.6635, 38.9435]], [[-120.661, 38.9438], [-120.66, 38.943], [-120.6596, 38.9419], [-120.6614, 38.9424], [-120.661, 38.9438]], [[-120.6617, 38.9422], [-120.6614, 38.9424], [-120.6614, 38.9422], [-120.6617, 38.9422]], [[-120.6614, 38.9419], [-120.661, 38.9422], [-120.661, 38.9419], [-120.6614, 38.9419]], [[-120.6589, 38.9416], [-120.6586, 38.9419], [-120.6586, 38.9416], [-120.6589, 38.9416]], [[-120.6638, 38.9403], [-120.6634, 38.9405], [-120.6634, 38.9403], [-120.6638, 38.9403]], [[-120.6579, 38.9403], [-120.6575, 38.9406], [-120.6575, 38.9403], [-120.6579, 38.9403]], [[-120.6572, 38.9403], [-120.6569, 38.9406], [-120.6569, 38.9403], [-120.6572, 38.9403]], [[-120.6575, 38.94], [-120.6572, 38.9403], [-120.6572, 38.94], [-120.6575, 38.94]], [[-120.6582, 38.9397], [-120.6579, 38.94], [-120.6579, 38.9397], [-120.6582, 38.9397]], [[-120.6568, 38.9389], [-120.6565, 38.9392], [-120.6565, 38.9389], [-120.6568, 38.9389]], [[-120.6651, 38.9384], [-120.6648, 38.9389], [-120.6648, 38.9384], [-120.6651, 38.9384]], [[-120.6645, 38.9381], [-120.6641, 38.9384], [-120.6641, 38.9381], [-120.6645, 38.9381]], [[-120.662, 38.9365], [-120.6617, 38.9368], [-120.6617, 38.9365], [-120.662, 38.9365]], [[-120.6596, 38.9349], [-120.6592, 38.9354], [-120.6592, 38.9349], [-120.6596, 38.9349]], [[-120.6606, 38.9346], [-120.6599, 38.9349], [-120.6599, 38.9346], [-120.6606, 38.9346]]], [[[-120.6783, 38.9342], [-120.679, 38.9337], [-120.6772, 38.9334], [-120.6772, 38.934], [-120.6783, 38.9342]]], [[[-120.644, 38.9379], [-120.6457, 38.9366], [-120.645, 38.9355], [-120.644, 38.936], [-120.6426, 38.9358], [-120.6423, 38.9344], [-120.6433, 38.9333], [-120.6391, 38.9328], [-120.6367, 38.9336], [-120.6367, 38.935], [-120.6374, 38.9347], [-120.6384, 38.9355], [-120.6364, 38.9353], [-120.6364, 38.9364], [-120.6353, 38.9364], [-120.6357, 38.9369], [-120.6388, 38.9366], [-120.6405, 38.9355], [-120.6409, 38.9358], [-120.6409, 38.9363], [-120.643, 38.9366], [-120.643, 38.9377], [-120.644, 38.9379]], [[-120.644, 38.9369], [-120.6437, 38.9371], [-120.6437, 38.9369], [-120.644, 38.9369]], [[-120.643, 38.936], [-120.6426, 38.9363], [-120.6426, 38.936], [-120.643, 38.936]], [[-120.6419, 38.9355], [-120.6409, 38.9358], [-120.6409, 38.9355], [-120.6419, 38.9355]], [[-120.6416, 38.9347], [-120.6412, 38.935], [-120.6412, 38.9347], [-120.6416, 38.9347]], [[-120.6412, 38.9347], [-120.6405, 38.9347], [-120.6409, 38.9339], [-120.6412, 38.9339], [-120.6412, 38.9347]], [[-120.6402, 38.9336], [-120.6398, 38.9339], [-120.6398, 38.9336], [-120.6402, 38.9336]], [[-120.6398, 38.9334], [-120.6395, 38.9336], [-120.6395, 38.9334], [-120.6398, 38.9334]]], [[[-120.671, 38.9378], [-120.671, 38.937], [-120.6714, 38.9375], [-120.6724, 38.9372], [-120.6724, 38.9367], [-120.671, 38.9367], [-120.6714, 38.9359], [-120.6724, 38.9359], [-120.6724, 38.9345], [-120.6714, 38.9354], [-120.671, 38.934], [-120.6734, 38.9337], [-120.6738, 38.9348], [-120.6731, 38.9353], [-120.6748, 38.9351], [-120.6752, 38.9345], [-120.6741, 38.9337], [-120.6762, 38.9326], [-120.6762, 38.931], [-120.6755, 38.9313], [-120.6758, 38.9318], [-120.6748, 38.9316], [-120.6755, 38.9326], [-120.6745, 38.9329], [-120.6651, 38.9327], [-120.6637, 38.9332], [-120.6655, 38.9351], [-120.6665, 38.9348], [-120.6693, 38.9362], [-120.6686, 38.9364], [-120.669, 38.9375], [-120.671, 38.9378]], [[-120.6696, 38.9364], [-120.6693, 38.9367], [-120.6693, 38.9364], [-120.6696, 38.9364]], [[-120.6714, 38.9354], [-120.6707, 38.9359], [-120.6707, 38.9354], [-120.6714, 38.9354]], [[-120.6696, 38.9343], [-120.6693, 38.9346], [-120.6693, 38.9343], [-120.6696, 38.9343]], [[-120.672, 38.9335], [-120.6717, 38.9337], [-120.6717, 38.9335], [-120.672, 38.9335]], [[-120.6731, 38.9335], [-120.672, 38.9332], [-120.672, 38.9329], [-120.6731, 38.9329], [-120.6731, 38.9335]], [[-120.6717, 38.9329], [-120.671, 38.9335], [-120.671, 38.9329], [-120.6717, 38.9329]], [[-120.6738, 38.9329], [-120.6734, 38.9332], [-120.6734, 38.9329], [-120.6738, 38.9329]]], [[[-120.6824, 38.9321], [-120.6827, 38.931], [-120.6834, 38.931], [-120.6827, 38.9304], [-120.6831, 38.9293], [-120.6817, 38.9294], [-120.6824, 38.9321]]], [[[-120.6807, 38.9296], [-120.6807, 38.9291], [-120.681, 38.9288], [-120.68, 38.9294], [-120.6807, 38.9296]]], [[[-120.6827, 38.9291], [-120.6827, 38.9283], [-120.6817, 38.9285], [-120.6817, 38.9291], [-120.6827, 38.9291]]], [[[-120.656, 38.9279], [-120.6553, 38.926], [-120.654, 38.9257], [-120.654, 38.9265], [-120.656, 38.9279]]], [[[-120.6741, 38.9302], [-120.6761, 38.9286], [-120.6761, 38.9278], [-120.6775, 38.9288], [-120.6775, 38.9275], [-120.6793, 38.9275], [-120.6793, 38.9291], [-120.6813, 38.9285], [-120.6813, 38.9277], [-120.6803, 38.9283], [-120.6789, 38.9267], [-120.6744, 38.9275], [-120.6744, 38.9264], [-120.6695, 38.9265], [-120.6688, 38.9248], [-120.6678, 38.9248], [-120.6689, 38.927], [-120.6675, 38.9281], [-120.6703, 38.9283], [-120.6696, 38.9278], [-120.6713, 38.927], [-120.6723, 38.9278], [-120.672, 38.9281], [-120.6723, 38.9297], [-120.673, 38.9294], [-120.673, 38.9297], [-120.6734, 38.9297], [-120.6741, 38.9302]], [[-120.6737, 38.9294], [-120.6734, 38.9297], [-120.6734, 38.9294], [-120.6737, 38.9294]], [[-120.6751, 38.928], [-120.6744, 38.9291], [-120.6744, 38.928], [-120.6751, 38.928]], [[-120.673, 38.9289], [-120.6727, 38.9291], [-120.6727, 38.9289], [-120.673, 38.9289]], [[-120.673, 38.9283], [-120.6723, 38.9283], [-120.6723, 38.9281], [-120.6727, 38.9281], [-120.6727, 38.9278], [-120.673, 38.9278], [-120.673, 38.9283]], [[-120.6737, 38.9272], [-120.673, 38.9278], [-120.673, 38.927], [-120.6737, 38.9272]]], [[[-120.6692, 38.9254], [-120.6695, 38.9246], [-120.6692, 38.9246], [-120.6692, 38.9254]]]]}, "properties": {"layer": "cell", "cell_id": "526_3500", "seed_zone": "526", "elevation_band": "3500–4000 ft"}}, {"type": "Feature", "geometry": {"type": "MultiPolygon", "coordinates": [[[[-120.6046, 38.9902], [-120.6046, 38.9897], [-120.6049, 38.9894], [-120.6042, 38.9894], [-120.6046, 38.9902]]], [[[-120.6084, 38.9897], [-120.6091, 38.9891], [-120.6067, 38.9889], [-120.607, 38.9894], [-120.6084, 38.9897]]], [[[-120.635, 38.9736], [-120.636, 38.9731], [-120.636, 38.9712], [-120.6349, 38.9714], [-120.6353, 38.972], [-120.6343, 38.9717], [-120.6339, 38.9731], [-120.635, 38.9736]]], [[[-120.6301, 38.9723], [-120.6301, 38.9707], [-120.6297, 38.9707], [-120.6287, 38.9717], [-120.6301, 38.9723]]], [[[-120.6027, 38.97], [-120.6034, 38.9697], [-120.6027, 38.9695], [-120.6027, 38.97]]], [[[-120.5829, 38.9698], [-120.5836, 38.9695], [-120.5833, 38.969], [-120.5826, 38.9693], [-120.5829, 38.9698]]], [[[-120.602, 38.9678], [-120.6023, 38.967], [-120.602, 38.967], [-120.602, 38.9678]]], [[[-120.6027, 38.967], [-120.6027, 38.9665], [-120.6034, 38.9657], [-120.6023, 38.9657], [-120.6027, 38.967]]], [[[-120.6425, 38.9674], [-120.6432, 38.966], [-120.6425, 38.966], [-120.6422, 38.9649], [-120.6411, 38.9649], [-120.6404, 38.9636], [-120.6387, 38.9639], [-120.6391, 38.9649], [-120.6404, 38.9655], [-120.6405, 38.9666], [-120.6425, 38.9674]]], [[[-120.6078, 38.9632], [-120.6078, 38.9627], [-120.6071, 38.9624], [-120.6072, 38.963], [-120.6078, 38.9632]]], [[[-120.602, 38.9635], [-120.6019, 38.9627], [-120.6026, 38.9627], [-120.6023, 38.9619], [-120.6002, 38.9624], [-120.6002, 38.963], [-120.602, 38.9635]], [[-120.6023, 38.9622], [-120.6016, 38.9624], [-120.6016, 38.9622], [-120.6023, 38.9622]]], [[[-120.6463, 38.9625], [-120.6463, 38.9619], [-120.6456, 38.9614], [-120.6456, 38.9622], [-120.6463, 38.9625]]], [[[-120.6154, 38.9602], [-120.6161, 38.9597], [-120.6154, 38.9591], [-120.6154, 38.9602]]], [[[-120.7014, 38.9587], [-120.7017, 38.9589], [-120.7021, 38.9587], [-120.7014, 38.9587]]], [[[-120.6151, 38.9586], [-120.6158, 38.9581], [-120.6154, 38.9581], [-120.6151, 38.9586]]], [[[-120.7055, 38.9538], [-120.7062, 38.9532], [-120.7072, 38.9524], [-120.7051, 38.9524], [-120.7055, 38.9538]]], [[[-120.702, 38.9527], [-120.703, 38.9522], [-120.702, 38.9522], [-120.702, 38.9527]]], [[[-120.7048, 38.9522], [-120.7054, 38.95], [-120.7023, 38.9487], [-120.7013, 38.95], [-120.7027, 38.9506], [-120.7027, 38.9514], [-120.7044, 38.9514], [-120.7048, 38.9522]]], [[[-120.5786, 38.9501], [-120.5797, 38.9493], [-120.5804, 38.9496], [-120.58, 38.9485], [-120.5776, 38.9496], [-120.5786, 38.9501]]], [[[-120.5956, 38.9457], [-120.5959, 38.9452], [-120.5949, 38.9449], [-120.5949, 38.9455], [-120.5956, 38.9457]]], [[[-120.5935, 38.9452], [-120.5942, 38.9452], [-120.5945, 38.9449], [-120.5935, 38.9452]]], [[[-120.7023, 38.9462], [-120.7023, 38.9446], [-120.7016, 38.9449], [-120.6995, 38.9436], [-120.6985, 38.9441], [-120.6985, 38.946], [-120.7009, 38.9457], [-120.7023, 38.9462]]], [[[-120.7036, 38.9427], [-120.7043, 38.9406], [-120.7057, 38.94], [-120.7078, 38.9403], [-120.7088, 38.9386], [-120.7029, 38.9371], [-120.7019, 38.9373], [-120.7019, 38.9395], [-120.7002, 38.9395], [-120.6998, 38.9414], [-120.7036, 38.9427]], [[-120.7053, 38.9381], [-120.705, 38.9384], [-120.705, 38.9381], [-120.7053, 38.9381]]], [[[-120.6589, 38.9389], [-120.66, 38.9381], [-120.6575, 38.9365], [-120.6565, 38.9376], [-120.6589, 38.9389]], [[-120.6589, 38.9379], [-120.6586, 38.9381], [-120.6586, 38.9379], [-120.6589, 38.9379]]], [[[-120.6454, 38.9336], [-120.6447, 38.9325], [-120.6433, 38.9333], [-120.6433, 38.9336], [-120.6454, 38.9336]]], [[[-120.6256, 38.9329], [-120.6263, 38.9337], [-120.6266, 38.9326], [-120.6256, 38.9329]]], [[[-120.6384, 38.9334], [-120.6391, 38.9328], [-120.6415, 38.9325], [-120.6384, 38.9315], [-120.637, 38.9331], [-120.6384, 38.9334]]], [[[-120.6221, 38.9335], [-120.6232, 38.9318], [-120.6256, 38.9329], [-120.6256, 38.9321], [-120.6242, 38.9318], [-120.6239, 38.9305], [-120.6208, 38.9324], [-120.6221, 38.9335]]], [[[-120.6633, 38.9284], [-120.6633, 38.927], [-120.663, 38.9273], [-120.6623, 38.927], [-120.6619, 38.9284], [-120.6633, 38.9284]], [[-120.663, 38.9278], [-120.6626, 38.9281], [-120.6626, 38.9278], [-120.663, 38.9278]]], [[[-120.6637, 38.9278], [-120.6657, 38.9281], [-120.6654, 38.9273], [-120.6661, 38.927], [-120.6637, 38.9278]]], [[[-120.6754, 38.9275], [-120.6751, 38.9264], [-120.6744, 38.9264], [-120.6744, 38.9275], [-120.6754, 38.9275]]], [[[-120.663, 38.927], [-120.6633, 38.9259], [-120.664, 38.9259], [-120.6657, 38.9243], [-120.6668, 38.9251], [-120.6692, 38.9248], [-120.6695, 38.9232], [-120.6664, 38.923], [-120.6654, 38.9238], [-120.6626, 38.9238], [-120.6623, 38.9251], [-120.6605, 38.926], [-120.6612, 38.9268], [-120.663, 38.927]], [[-120.663, 38.9254], [-120.6626, 38.9257], [-120.6626, 38.9254], [-120.663, 38.9254]], [[-120.6643, 38.9251], [-120.6636, 38.9254], [-120.6636, 38.9251], [-120.6643, 38.9251]], [[-120.6671, 38.924], [-120.6664, 38.9243], [-120.6664, 38.924], [-120.6671, 38.924]], [[-120.6678, 38.9238], [-120.6671, 38.924], [-120.6671, 38.9238], [-120.6678, 38.9238]], [[-120.6671, 38.9235], [-120.6667, 38.9238], [-120.6667, 38.9235], [-120.6671, 38.9235]]], [[[-120.6553, 38.926], [-120.655, 38.9255], [-120.656, 38.9249], [-120.6553, 38.9241], [-120.6553, 38.9233], [-120.656, 38.9233], [-120.6556, 38.9217], [-120.6532, 38.9233], [-120.6543, 38.926], [-120.6553, 38.926]], [[-120.655, 38.9233], [-120.6546, 38.9236], [-120.6546, 38.9233], [-120.655, 38.9233]]]]}, "properties": {"layer": "cell", "cell_id": "526_4000", "seed_zone": "526", "elevation_band": "4000–4500 ft"}}, {"type": "Feature", "geometry": {"type": "MultiPolygon", "coordinates": [[[[-120.602, 38.9668], [-120.6023, 38.9657], [-120.602, 38.9657], [-120.602, 38.9668]]], [[[-120.5777, 38.9647], [-120.5794, 38.9647], [-120.5787, 38.9639], [-120.5791, 38.9625], [-120.5784, 38.9631], [-120.5773, 38.9628], [-120.578, 38.9636], [-120.5777, 38.9647]]]]}, "properties": {"layer": "cell", "cell_id": "526_4500", "seed_zone": "526", "elevation_band": "4500–5000 ft"}}]}
