{"type": "FeatureCollection", "features": [{"type": "Feature", "geometry": {"type": "Polygon", "coordinates": [[[-119.8103, 37.5713], [-119.8099, 37.5678], [-119.8083, 37.5661], [-119.8112, 37.5637], [-119.8095, 37.563], [-119.8098, 37.5618], [-119.813, 37.5611], [-119.8123, 37.5605], [-119.8132, 37.5592], [-119.812, 37.5586], [-119.8135, 37.5582], [-119.8117, 37.5558], [-119.8099, 37.5547], [-119.8106, 37.5529], [-119.8121, 37.5523], [-119.8114, 37.5521], [-119.811, 37.5494], [-119.8134, 37.5493], [-119.8139, 37.5498], [-119.8141, 37.5491], [-119.8129, 37.5476], [-119.8111, 37.5486], [-119.8099, 37.546], [-119.8106, 37.5454], [-119.8104, 37.5436], [-119.8119, 37.5423], [-119.8111, 37.5419], [-119.8113, 37.5405], [-119.8119, 37.5408], [-119.8123, 37.5399], [-119.8128, 37.5404], [-119.8137, 37.5402], [-119.8135, 37.5394], [-119.8144, 37.5392], [-119.8137, 37.5386], [-119.8165, 37.5371], [-119.8158, 37.5362], [-119.8143, 37.5358], [-119.8141, 37.5342], [-119.8133, 37.5339], [-119.8138, 37.5329], [-119.8119, 37.5309], [-119.8095, 37.53], [-119.8091, 37.5309], [-119.8073, 37.5311], [-119.8068, 37.5306], [-119.8082, 37.5294], [-119.8088, 37.53], [-119.8094, 37.5296], [-119.8088, 37.5279], [-119.8136, 37.5259], [-119.8156, 37.5241], [-119.8167, 37.5219], [-119.8194, 37.5203], [-119.8239, 37.5205], [-119.8243, 37.5213], [-119.8255, 37.5208], [-119.8293, 37.5216], [-119.8296, 37.5223], [-119.8297, 37.5216], [-119.8312, 37.5212], [-119.8345, 37.5183], [-119.8356, 37.5157], [-119.8393, 37.5117], [-119.8428, 37.5111], [-119.844, 37.5085], [-119.8436, 37.5066], [-119.8464, 37.5066], [-119.8471, 37.5054], [-119.8499, 37.5046], [-119.8516, 37.5054], [-119.8513, 37.5067], [-119.8521, 37.5067], [-119.8549, 37.5035], [-119.8555, 37.5009], [-119.8549, 37.4998], [-119.8559, 37.4979], [-119.8552, 37.4971], [-119.8559, 37.4962], [-119.8598, 37.4954], [-119.8607, 37.4958], [-119.8619, 37.495], [-119.8622, 37.4936], [-119.8612, 37.493], [-119.8612, 37.4909], [-119.8671, 37.4872], [-119.8681, 37.4858], [-119.8705, 37.4852], [-119.8715, 37.4861], [-119.8736, 37.4853], [-119.8752, 37.4862], [-119.8754, 37.4872], [-119.8772, 37.4881], [-119.878, 37.4903], [-119.8773, 37.4906], [-119.8814, 37.4962], [-119.8841, 37.4964], [-119.8879, 37.4954], [-119.8885, 37.4968], [-119.8915, 37.4957], [-119.8945, 37.4968], [-119.8962, 37.4961], [-119.8968, 37.5046], [-119.8948, 37.505], [-119.8956, 37.5054], [-119.8946, 37.5061], [-119.8951, 37.5067], [-119.8971, 37.5063], [-119.8994, 37.5088], [-119.8987, 37.5099], [-119.9004, 37.511], [-119.9013, 37.5109], [-119.9014, 37.5099], [-119.903, 37.5102], [-119.903, 37.5111], [-119.9061, 37.5114], [-119.9061, 37.5102], [-119.9046, 37.5098], [-119.905, 37.5094], [-119.9073, 37.5094], [-119.9074, 37.5079], [-119.9125, 37.5065], [-119.9132, 37.5057], [-119.9117, 37.5035], [-119.9133, 37.5028], [-119.9124, 37.5001], [-119.9134, 37.4994], [-119.9136, 37.4989], [-119.9128, 37.4988], [-119.9137, 37.4977], [-119.915, 37.4978], [-119.9146, 37.5006], [-119.9165, 37.5004], [-119.9156, 37.4976], [-119.9176, 37.4975], [-119.9175, 37.4982], [-119.9192, 37.4989], [-119.919, 37.4995], [-119.9172, 37.4995], [-119.9176, 37.5005], [-119.9209, 37.5], [-119.9221, 37.5011], [-119.9252, 37.5011], [-119.9267, 37.5032], [-119.925, 37.5042], [-119.9258, 37.5045], [-119.9269, 37.5074], [-119.9221, 37.5113], [-119.923, 37.5123], [-119.9229, 37.5134], [-119.9211, 37.5133], [-119.9198, 37.5142], [-119.9212, 37.5141], [-119.9197, 37.5173], [-119.9184, 37.5184], [-119.915, 37.5185], [-119.9167, 37.5193], [-119.9171, 37.5201], [-119.9164, 37.5229], [-119.9142, 37.523], [-119.914, 37.5244], [-119.9114, 37.5242], [-119.9113, 37.5236], [-119.9103, 37.5236], [-119.9103, 37.5243], [-119.9089, 37.5238], [-119.9084, 37.5261], [-119.9067, 37.5275], [-119.9096, 37.5281], [-119.9097, 37.5299], [-119.9109, 37.5301], [-119.9116, 37.5313], [-119.9151, 37.5329], [-119.9177, 37.5362], [-119.9158, 37.5385], [-119.9163, 37.5392], [-119.9152, 37.5397], [-119.919, 37.5449], [-119.9194, 37.5487], [-119.915, 37.5495], [-119.9138, 37.5503], [-119.9117, 37.5498], [-119.9109, 37.5506], [-119.9076, 37.5508], [-119.9063, 37.5543], [-119.9075, 37.556], [-119.9067, 37.5582], [-119.9075, 37.5591], [-119.9048, 37.5616], [-119.9056, 37.5646], [-119.9089, 37.5699], [-119.9079, 37.5713], [-119.904, 37.5722], [-119.9004, 37.5756], [-119.9014, 37.5768], [-119.9026, 37.5767], [-119.9023, 37.5773], [-119.9041, 37.5774], [-119.9041, 37.5784], [-119.9005, 37.5784], [-119.9001, 37.5778], [-119.8998, 37.5785], [-119.8978, 37.5773], [-119.8976, 37.5785], [-119.8957, 37.5799], [-119.8968, 37.5807], [-119.8963, 37.5818], [-119.8968, 37.5815], [-119.8972, 37.5825], [-119.8978, 37.5824], [-119.897, 37.5838], [-119.8981, 37.585], [-119.8973, 37.5857], [-119.8987, 37.5862], [-119.8963, 37.5882], [-119.8949, 37.5881], [-119.8941, 37.5902], [-119.8917, 37.5909], [-119.8918, 37.5899], [-119.8927, 37.5895], [-119.8913, 37.5891], [-119.89, 37.5916], [-119.8868, 37.5914], [-119.8865, 37.5921], [-119.8847, 37.5919], [-119.8845, 37.5924], [-119.886, 37.593], [-119.8851, 37.5944], [-119.8831, 37.5949], [-119.8771, 37.5985], [-119.8752, 37.598], [-119.8736, 37.596], [-119.8719, 37.5959], [-119.8714, 37.5952], [-119.87, 37.596], [-119.8707, 37.5951], [-119.8698, 37.5941], [-119.867, 37.5934], [-119.8664, 37.5914], [-119.8673, 37.5907], [-119.8664, 37.5898], [-119.8681, 37.5889], [-119.8687, 37.5875], [-119.8667, 37.5861], [-119.867, 37.5852], [-119.8649, 37.5836], [-119.8641, 37.5807], [-119.8622, 37.5795], [-119.8628, 37.5775], [-119.8616, 37.5763], [-119.8593, 37.5762], [-119.8596, 37.5744], [-119.8549, 37.5723], [-119.8566, 37.5714], [-119.8569, 37.5704], [-119.8546, 37.567], [-119.8543, 37.5632], [-119.8504, 37.5593], [-119.8512, 37.5591], [-119.8504, 37.5573], [-119.8517, 37.5576], [-119.8513, 37.5557], [-119.8479, 37.5534], [-119.8444, 37.552], [-119.8438, 37.5503], [-119.8417, 37.5488], [-119.8405, 37.5469], [-119.8372, 37.545], [-119.8353, 37.5455], [-119.8374, 37.5465], [-119.8369, 37.5487], [-119.8386, 37.5498], [-119.8378, 37.5502], [-119.842, 37.5514], [-119.842, 37.5526], [-119.8467, 37.5578], [-119.8449, 37.5586], [-119.8468, 37.5583], [-119.8471, 37.5593], [-119.8483, 37.5593], [-119.8483, 37.5601], [-119.8504, 37.5597], [-119.8522, 37.5619], [-119.8505, 37.5636], [-119.8524, 37.5648], [-119.8527, 37.5654], [-119.8518, 37.5658], [-119.8536, 37.5661], [-119.8525, 37.5678], [-119.8511, 37.5679], [-119.8509, 37.5689], [-119.8478, 37.5683], [-119.8441, 37.5742], [-119.8417, 37.5744], [-119.8425, 37.5772], [-119.8416, 37.5782], [-119.8413, 37.5806], [-119.8398, 37.5815], [-119.8405, 37.5833], [-119.84, 37.588], [-119.8361, 37.5892], [-119.8358, 37.5902], [-119.8344, 37.5897], [-119.8324, 37.5911], [-119.8307, 37.5897], [-119.8292, 37.5902], [-119.8262, 37.5898], [-119.8253, 37.5869], [-119.8295, 37.5849], [-119.8297, 37.5844], [-119.8282, 37.5839], [-119.8292, 37.5828], [-119.8269, 37.5823], [-119.8234, 37.5826], [-119.8224, 37.5809], [-119.8213, 37.5814], [-119.822, 37.5808], [-119.8213, 37.5792], [-119.8223, 37.5796], [-119.8226, 37.5785], [-119.8244, 37.578], [-119.8235, 37.5774], [-119.8268, 37.5764], [-119.8272, 37.5756], [-119.8261, 37.5748], [-119.8278, 37.5752], [-119.8276, 37.5732], [-119.8261, 37.5724], [-119.8265, 37.5711], [-119.8253, 37.5712], [-119.8265, 37.5736], [-119.8251, 37.5752], [-119.8244, 37.5749], [-119.8232, 37.5759], [-119.822, 37.5751], [-119.8214, 37.5754], [-119.8218, 37.5748], [-119.8203, 37.5751], [-119.8188, 37.5765], [-119.8172, 37.5757], [-119.8176, 37.5765], [-119.8165, 37.5774], [-119.8138, 37.576], [-119.8145, 37.5756], [-119.814, 37.5716], [-119.8129, 37.5723], [-119.8103, 37.5713]], [[-119.8182, 37.5621], [-119.8181, 37.5653], [-119.8188, 37.5674], [-119.8198, 37.5674], [-119.8193, 37.5697], [-119.8194, 37.5709], [-119.8198, 37.5712], [-119.8184, 37.5714], [-119.8162, 37.57], [-119.8162, 37.5715], [-119.8152, 37.5718], [-119.8166, 37.5731], [-119.8164, 37.5734], [-119.8169, 37.5749], [-119.8175, 37.5753], [-119.8173, 37.5756], [-119.8176, 37.5753], [-119.8167, 37.5742], [-119.8189, 37.5724], [-119.82, 37.5726], [-119.8203, 37.5712], [-119.8196, 37.5704], [-119.821, 37.5687], [-119.8217, 37.569], [-119.8241, 37.5677], [-119.826, 37.5684], [-119.8293, 37.5672], [-119.8309, 37.5674], [-119.8345, 37.5656], [-119.8343, 37.5649], [-119.8368, 37.5633], [-119.8351, 37.563], [-119.8351, 37.564], [-119.8341, 37.5643], [-119.8334, 37.5655], [-119.8313, 37.5656], [-119.8301, 37.5667], [-119.8276, 37.5668], [-119.8273, 37.5663], [-119.8261, 37.5676], [-119.824, 37.5665], [-119.8244, 37.564], [-119.8239, 37.5648], [-119.8224, 37.5639], [-119.823, 37.5659], [-119.8218, 37.5664], [-119.8205, 37.5655], [-119.8197, 37.566], [-119.8183, 37.5657], [-119.819, 37.562], [-119.8182, 37.5621]], [[-119.8625, 37.5667], [-119.8626, 37.5615], [-119.8611, 37.5601], [-119.8594, 37.562], [-119.8584, 37.5607], [-119.8563, 37.5606], [-119.8586, 37.562], [-119.8572, 37.5638], [-119.8594, 37.5641], [-119.86, 37.5655], [-119.8612, 37.5654], [-119.8625, 37.5667]], [[-119.8672, 37.5438], [-119.868, 37.5433], [-119.8669, 37.5414], [-119.867, 37.54], [-119.8651, 37.5401], [-119.8628, 37.5374], [-119.861, 37.5375], [-119.8607, 37.5384], [-119.8629, 37.5414], [-119.8628, 37.5425], [-119.8638, 37.5427], [-119.8644, 37.5416], [-119.8672, 37.5438]], [[-119.8834, 37.5914], [-119.8836, 37.5901], [-119.8832, 37.59], [-119.8823, 37.5907], [-119.8834, 37.5914]]]}, "properties": {"layer": "perimeter"}}, {"type": "Feature", "geometry": {"type": "MultiPolygon", "coordinates": [[[[-119.8171, 37.5217], [-119.8206, 37.5199], [-119.8239, 37.5205], [-119.8243, 37.5213], [-119.8255, 37.5208], [-119.8293, 37.5216], [-119.8296, 37.5223], [-119.8297, 37.5216], [-119.8312, 37.5212], [-119.8345, 37.5183], [-119.8356, 37.5157], [-119.8393, 37.5117], [-119.8428, 37.5111], [-119.844, 37.5085], [-119.8436, 37.5066], [-119.8464, 37.5066], [-119.8471, 37.5054], [-119.8499, 37.5046], [-119.8516, 37.5054], [-119.8513, 37.5067], [-119.8521, 37.5067], [-119.8549, 37.5035], [-119.8555, 37.5009], [-119.8549, 37.4998], [-119.8559, 37.4979], [-119.8552, 37.4971], [-119.8559, 37.4962], [-119.8598, 37.4954], [-119.8607, 37.4958], [-119.8619, 37.495], [-119.8622, 37.4936], [-119.8612, 37.493], [-119.8612, 37.4909], [-119.8671, 37.4872], [-119.8681, 37.4858], [-119.8705, 37.4852], [-119.8715, 37.4861], [-119.8736, 37.4853], [-119.8746, 37.4857], [-119.8756, 37.4874], [-119.8772, 37.4881], [-119.878, 37.4903], [-119.8773, 37.4906], [-119.8814, 37.4962], [-119.8841, 37.4964], [-119.8879, 37.4954], [-119.8885, 37.4968], [-119.8915, 37.4957], [-119.8945, 37.4968], [-119.8962, 37.4961], [-119.8968, 37.5046], [-119.8948, 37.505], [-119.8956, 37.5054], [-119.8946, 37.5061], [-119.8951, 37.5067], [-119.8971, 37.5063], [-119.8994, 37.5088], [-119.8987, 37.5099], [-119.9004, 37.511], [-119.9013, 37.5109], [-119.9014, 37.5099], [-119.903, 37.5102], [-119.903, 37.5111], [-119.9061, 37.5114], [-119.9061, 37.5102], [-119.9046, 37.5098], [-119.905, 37.5094], [-119.9073, 37.5094], [-119.9074, 37.5079], [-119.9125, 37.5065], [-119.9132, 37.5057], [-119.9117, 37.5035], [-119.9133, 37.5028], [-119.9124, 37.5001], [-119.9134, 37.4994], [-119.9136, 37.4989], [-119.9128, 37.4988], [-119.9137, 37.4977], [-119.915, 37.4978], [-119.9146, 37.5006], [-119.9165, 37.5004], [-119.9156, 37.4976], [-119.9176, 37.4975], [-119.9175, 37.4982], [-119.9192, 37.4989], [-119.919, 37.4995], [-119.9172, 37.4995], [-119.9176, 37.5005], [-119.9209, 37.5], [-119.9221, 37.5011], [-119.9245, 37.5009], [-119.9267, 37.5032], [-119.925, 37.5042], [-119.9258, 37.5045], [-119.9269, 37.5074], [-119.9221, 37.5113], [-119.923, 37.5123], [-119.9229, 37.5134], [-119.9203, 37.5136], [-119.9198, 37.5142], [-119.9212, 37.5141], [-119.9207, 37.5157], [-119.9184, 37.5184], [-119.9148, 37.5188], [-119.9167, 37.5193], [-119.9171, 37.5201], [-119.9164, 37.5229], [-119.9142, 37.523], [-119.914, 37.5244], [-119.9114, 37.5242], [-119.9113, 37.5236], [-119.9103, 37.5236], [-119.9103, 37.5243], [-119.9089, 37.5238], [-119.9084, 37.5261], [-119.9067, 37.5275], [-119.9096, 37.5281], [-119.9097, 37.5299], [-119.9109, 37.5301], [-119.9116, 37.5313], [-119.9129, 37.5314], [-119.9155, 37.5332], [-119.9101, 37.5333], [-119.9101, 37.5356], [-119.879, 37.5358], [-119.8796, 37.533], [-119.8748, 37.533], [-119.8747, 37.5358], [-119.8686, 37.5358], [-119.8687, 37.5392], [-119.8732, 37.5391], [-119.8737, 37.5498], [-119.8691, 37.5499], [-119.869, 37.5536], [-119.8644, 37.5537], [-119.8644, 37.5428], [-119.8636, 37.5428], [-119.8637, 37.5419], [-119.8644, 37.5416], [-119.8664, 37.5434], [-119.8677, 37.5437], [-119.867, 37.54], [-119.8651, 37.5401], [-119.8628, 37.5374], [-119.861, 37.5375], [-119.8607, 37.5384], [-119.8636, 37.5428], [-119.8551, 37.5429], [-119.8552, 37.5355], [-119.8461, 37.5356], [-119.846, 37.5467], [-119.8553, 37.5465], [-119.8552, 37.5502], [-119.853, 37.5503], [-119.8529, 37.554], [-119.8597, 37.5539], [-119.8596, 37.5576], [-119.8715, 37.5572], [-119.8714, 37.5649], [-119.8678, 37.565], [-119.8679, 37.562], [-119.8655, 37.562], [-119.8655, 37.5657], [-119.8644, 37.5658], [-119.8643, 37.5666], [-119.8599, 37.5668], [-119.8598, 37.5754], [-119.8644, 37.5755], [-119.8643, 37.5796], [-119.8689, 37.5797], [-119.8688, 37.594], [-119.867, 37.5934], [-119.8664, 37.5914], [-119.8673, 37.5901], [-119.8664, 37.5898], [-119.8681, 37.5889], [-119.8687, 37.5875], [-119.8667, 37.5861], [-119.867, 37.5852], [-119.8649, 37.5836], [-119.8641, 37.5807], [-119.8622, 37.5795], [-119.8628, 37.5775], [-119.8616, 37.5763], [-119.8593, 37.5762], [-119.8596, 37.5744], [-119.8549, 37.5723], [-119.8566, 37.5714], [-119.8569, 37.5704], [-119.8546, 37.567], [-119.8543, 37.5632], [-119.8504, 37.5593], [-119.8512, 37.5591], [-119.8504, 37.5573], [-119.8517, 37.5576], [-119.8513, 37.5557], [-119.8479, 37.5534], [-119.8444, 37.552], [-119.8438, 37.5503], [-119.8402, 37.5472], [-119.8413, 37.5468], [-119.8414, 37.5431], [-119.8373, 37.5431], [-119.8373, 37.5435], [-119.828, 37.543], [-119.8282, 37.5361], [-119.8261, 37.5361], [-119.8262, 37.5292], [-119.823, 37.5292], [-119.823, 37.5255], [-119.8173, 37.5255], [-119.8171, 37.5217]], [[-119.8625, 37.5667], [-119.8626, 37.5615], [-119.8611, 37.5601], [-119.8594, 37.562], [-119.8584, 37.5607], [-119.8563, 37.5606], [-119.8586, 37.562], [-119.8572, 37.5638], [-119.8594, 37.5641], [-119.86, 37.5655], [-119.8612, 37.5654], [-119.8625, 37.5667]]], [[[-119.9159, 37.5337], [-119.9168, 37.5353], [-119.9171, 37.5357], [-119.9161, 37.5357], [-119.9159, 37.5337]]], [[[-119.9161, 37.5382], [-119.9149, 37.5378], [-119.9149, 37.5371], [-119.9168, 37.5375], [-119.9161, 37.5382]]], [[[-119.9163, 37.5392], [-119.9161, 37.5393], [-119.9161, 37.5389], [-119.9163, 37.5392]]], [[[-119.9162, 37.5416], [-119.9184, 37.5436], [-119.919, 37.5472], [-119.9184, 37.5472], [-119.9185, 37.5445], [-119.9158, 37.5445], [-119.9157, 37.5464], [-119.9106, 37.5465], [-119.9105, 37.5501], [-119.9112, 37.5501], [-119.9076, 37.5508], [-119.9066, 37.5536], [-119.9056, 37.5536], [-119.9053, 37.5502], [-119.8915, 37.55], [-119.8915, 37.5483], [-119.8937, 37.5482], [-119.8937, 37.5456], [-119.8915, 37.5455], [-119.8915, 37.5437], [-119.9055, 37.5428], [-119.9057, 37.5393], [-119.9108, 37.5392], [-119.9107, 37.5428], [-119.9159, 37.5427], [-119.9162, 37.5416]]], [[[-119.9146, 37.5501], [-119.9138, 37.5503], [-119.9121, 37.5501], [-119.9146, 37.5501]]], [[[-119.8369, 37.5467], [-119.837, 37.5478], [-119.8369, 37.5485], [-119.8369, 37.5467]]], [[[-119.837, 37.5487], [-119.8386, 37.5496], [-119.8378, 37.5502], [-119.839, 37.5509], [-119.8408, 37.5506], [-119.842, 37.5514], [-119.842, 37.5526], [-119.8467, 37.5578], [-119.8449, 37.5586], [-119.8468, 37.5583], [-119.8471, 37.5593], [-119.8483, 37.5593], [-119.8483, 37.5601], [-119.8504, 37.5597], [-119.852, 37.5615], [-119.8505, 37.5636], [-119.8524, 37.5648], [-119.8527, 37.5654], [-119.8518, 37.5658], [-119.8536, 37.5661], [-119.8525, 37.5678], [-119.8511, 37.5679], [-119.8509, 37.5689], [-119.8504, 37.5652], [-119.8504, 37.5613], [-119.8459, 37.5614], [-119.8459, 37.5652], [-119.8369, 37.5652], [-119.8369, 37.5578], [-119.8413, 37.5577], [-119.8413, 37.5542], [-119.837, 37.5542], [-119.837, 37.5487]]], [[[-119.8477, 37.5689], [-119.8465, 37.5695], [-119.846, 37.5715], [-119.846, 37.5685], [-119.8477, 37.5689]]], [[[-119.8769, 37.5699], [-119.8779, 37.5699], [-119.8811, 37.5672], [-119.8826, 37.5683], [-119.8806, 37.57], [-119.8808, 37.5716], [-119.8783, 37.5716], [-119.8779, 37.572], [-119.8782, 37.5746], [-119.8749, 37.5748], [-119.8747, 37.5725], [-119.8736, 37.5763], [-119.8715, 37.5759], [-119.8726, 37.5722], [-119.8717, 37.571], [-119.8761, 37.5688], [-119.8769, 37.5699]]]]}, "properties": {"layer": "retained"}}, {"type": "Feature", "geometry": {"type": "MultiPolygon", "coordinates": [[[[-119.868, 37.5864], [-119.8683, 37.5861], [-119.868, 37.5861], [-119.868, 37.5864]]], [[[-119.8687, 37.5853], [-119.869, 37.5848], [-119.8687, 37.5848], [-119.8687, 37.5853]]], [[[-119.867, 37.585], [-119.8673, 37.5848], [-119.867, 37.5848], [-119.867, 37.585]]], [[[-119.8683, 37.5853], [-119.868, 37.5845], [-119.869, 37.5845], [-119.869, 37.5837], [-119.8673, 37.5845], [-119.8683, 37.5853]]], [[[-119.8673, 37.5837], [-119.868, 37.5834], [-119.8673, 37.5834], [-119.8673, 37.5837]]], [[[-119.8653, 37.5837], [-119.8663, 37.5834], [-119.8653, 37.5834], [-119.8653, 37.5837]]], [[[-119.8649, 37.5834], [-119.8653, 37.5832], [-119.8649, 37.5832], [-119.8649, 37.5834]]], [[[-119.8683, 37.5834], [-119.8687, 37.5829], [-119.8683, 37.5829], [-119.8683, 37.5834]]], [[[-119.8666, 37.5837], [-119.8673, 37.5832], [-119.8666, 37.5829], [-119.8666, 37.5837]]], [[[-119.8663, 37.5829], [-119.8666, 37.5826], [-119.8663, 37.5826], [-119.8663, 37.5829]]], [[[-119.8649, 37.5829], [-119.8653, 37.5826], [-119.8649, 37.5826], [-119.8649, 37.5829]]], [[[-119.867, 37.5829], [-119.8673, 37.5823], [-119.867, 37.5823], [-119.867, 37.5829]]], [[[-119.8687, 37.5826], [-119.869, 37.5824], [-119.8687, 37.5823], [-119.8687, 37.5826]]], [[[-119.8646, 37.5826], [-119.8649, 37.5823], [-119.8646, 37.5823], [-119.8646, 37.5826]]], [[[-119.8649, 37.5823], [-119.8656, 37.5821], [-119.8649, 37.5821], [-119.8649, 37.5823]]], [[[-119.8684, 37.5815], [-119.869, 37.5818], [-119.869, 37.5813], [-119.8684, 37.5815]]], [[[-119.8649, 37.5815], [-119.8673, 37.5815], [-119.8673, 37.581], [-119.8656, 37.5813], [-119.8656, 37.5807], [-119.8646, 37.5805], [-119.8649, 37.5815]]], [[[-119.869, 37.581], [-119.869, 37.5802], [-119.868, 37.5805], [-119.868, 37.581], [-119.869, 37.581]]], [[[-119.8643, 37.5805], [-119.8646, 37.5802], [-119.8643, 37.5802], [-119.8643, 37.5805]]], [[[-119.866, 37.5802], [-119.8667, 37.5796], [-119.866, 37.5796], [-119.866, 37.5802]]], [[[-119.8653, 37.5802], [-119.8653, 37.5796], [-119.8639, 37.5796], [-119.8639, 37.5799], [-119.8653, 37.5802]]], [[[-119.867, 37.5802], [-119.8684, 37.5797], [-119.867, 37.5799], [-119.867, 37.5802]]], [[[-119.8626, 37.5796], [-119.8629, 37.5794], [-119.8626, 37.5794], [-119.8626, 37.5796]]], [[[-119.8629, 37.5794], [-119.8636, 37.5788], [-119.8633, 37.5788], [-119.8629, 37.5794]]], [[[-119.8639, 37.5788], [-119.8643, 37.5786], [-119.8639, 37.5786], [-119.8639, 37.5788]]], [[[-119.8636, 37.5775], [-119.8643, 37.5769], [-119.8636, 37.5767], [-119.8636, 37.5775]]], [[[-119.8639, 37.5767], [-119.8643, 37.5764], [-119.8639, 37.5764], [-119.8639, 37.5767]]], [[[-119.8721, 37.5761], [-119.8728, 37.5759], [-119.8721, 37.5759], [-119.8721, 37.5761]]], [[[-119.8599, 37.5761], [-119.8602, 37.5759], [-119.8599, 37.5759], [-119.8599, 37.5761]]], [[[-119.8633, 37.5761], [-119.8633, 37.5756], [-119.8622, 37.5759], [-119.8622, 37.5761], [-119.8633, 37.5761]]], [[[-119.8616, 37.5761], [-119.8612, 37.5753], [-119.8602, 37.5753], [-119.8602, 37.5759], [-119.8616, 37.5761]]], [[[-119.8595, 37.5756], [-119.8599, 37.5753], [-119.8595, 37.5753], [-119.8595, 37.5756]]], [[[-119.8718, 37.5751], [-119.8721, 37.5748], [-119.8718, 37.5748], [-119.8718, 37.5751]]], [[[-119.8765, 37.5748], [-119.8772, 37.5745], [-119.8765, 37.5745], [-119.8765, 37.5748]]], [[[-119.8731, 37.5761], [-119.8738, 37.5748], [-119.8728, 37.5743], [-119.8731, 37.5761]]], [[[-119.8595, 37.5745], [-119.8599, 37.5742], [-119.8595, 37.5742], [-119.8595, 37.5745]]], [[[-119.8775, 37.5745], [-119.8775, 37.574], [-119.8769, 37.574], [-119.8769, 37.5743], [-119.8775, 37.5745]]], [[[-119.8762, 37.5743], [-119.8765, 37.574], [-119.8762, 37.574], [-119.8762, 37.5743]]], [[[-119.8758, 37.5748], [-119.8758, 37.5737], [-119.8748, 37.5737], [-119.8748, 37.5745], [-119.8758, 37.5748]]], [[[-119.8782, 37.5743], [-119.8782, 37.5737], [-119.8769, 37.5732], [-119.8769, 37.5737], [-119.8775, 37.5737], [-119.8782, 37.5743]]], [[[-119.8731, 37.5734], [-119.8735, 37.5732], [-119.8731, 37.5732], [-119.8731, 37.5734]]], [[[-119.8599, 37.5737], [-119.8599, 37.5729], [-119.8588, 37.5732], [-119.8588, 37.5737], [-119.8599, 37.5737]]], [[[-119.8775, 37.5729], [-119.8779, 37.5726], [-119.8775, 37.5726], [-119.8775, 37.5729]]], [[[-119.8588, 37.5729], [-119.8592, 37.5726], [-119.8588, 37.5726], [-119.8588, 37.5729]]], [[[-119.8592, 37.5726], [-119.8595, 37.5724], [-119.8592, 37.5724], [-119.8592, 37.5726]]], [[[-119.8578, 37.5726], [-119.8582, 37.5724], [-119.8578, 37.5724], [-119.8578, 37.5726]]], [[[-119.8595, 37.5724], [-119.8599, 37.5718], [-119.8595, 37.5718], [-119.8595, 37.5724]]], [[[-119.8585, 37.5724], [-119.8592, 37.5718], [-119.8585, 37.5718], [-119.8585, 37.5724]]], [[[-119.8738, 37.5721], [-119.8742, 37.5716], [-119.8738, 37.5716], [-119.8738, 37.5721]]], [[[-119.8724, 37.5716], [-119.8728, 37.5713], [-119.8724, 37.5713], [-119.8724, 37.5716]]], [[[-119.8568, 37.5713], [-119.8571, 37.5715], [-119.8588, 37.5713], [-119.8571, 37.571], [-119.8568, 37.5713]]], [[[-119.8718, 37.5713], [-119.8725, 37.571], [-119.8718, 37.571], [-119.8718, 37.5713]]], [[[-119.881, 37.5716], [-119.881, 37.5708], [-119.8806, 37.5708], [-119.8803, 37.5716], [-119.881, 37.5716]]], [[[-119.8588, 37.571], [-119.8592, 37.5707], [-119.8588, 37.5707], [-119.8588, 37.571]]], [[[-119.8796, 37.5708], [-119.8803, 37.5702], [-119.8799, 37.5702], [-119.8796, 37.5708]]], [[[-119.8599, 37.571], [-119.8599, 37.5699], [-119.8595, 37.5699], [-119.8592, 37.5705], [-119.8599, 37.571]]], [[[-119.8731, 37.5705], [-119.8738, 37.5699], [-119.8735, 37.5699], [-119.8731, 37.5705]]], [[[-119.8772, 37.5702], [-119.8779, 37.5699], [-119.8772, 37.5699], [-119.8772, 37.5702]]], [[[-119.8742, 37.5699], [-119.8745, 37.5697], [-119.8742, 37.5697], [-119.8742, 37.5699]]], [[[-119.8568, 37.5699], [-119.8571, 37.5694], [-119.8568, 37.5694], [-119.8568, 37.5699]]], [[[-119.8806, 37.5697], [-119.881, 37.5694], [-119.8806, 37.5694], [-119.8806, 37.5697]]], [[[-119.8796, 37.5705], [-119.8803, 37.5694], [-119.8786, 37.5691], [-119.8782, 37.5699], [-119.8796, 37.5705]], [[-119.8796, 37.5697], [-119.8793, 37.5699], [-119.8793, 37.5697], [-119.8796, 37.5697]]], [[[-119.8762, 37.5694], [-119.8765, 37.5691], [-119.8762, 37.5691], [-119.8762, 37.5694]]], [[[-119.8806, 37.5691], [-119.881, 37.5689], [-119.8806, 37.5689], [-119.8806, 37.5691]]], [[[-119.8595, 37.5694], [-119.8599, 37.5686], [-119.8595, 37.5686], [-119.8595, 37.5694]]], [[[-119.8585, 37.5688], [-119.8592, 37.5686], [-119.8585, 37.5686], [-119.8585, 37.5688]]], [[[-119.8578, 37.5688], [-119.8582, 37.5686], [-119.8578, 37.5686], [-119.8578, 37.5688]]], [[[-119.8575, 37.5686], [-119.8578, 37.5683], [-119.8575, 37.5683], [-119.8575, 37.5686]]], [[[-119.8592, 37.5683], [-119.8595, 37.568], [-119.8592, 37.568], [-119.8592, 37.5683]]], [[[-119.8568, 37.5678], [-119.8575, 37.568], [-119.8575, 37.5672], [-119.8568, 37.5678]]], [[[-119.8565, 37.5675], [-119.8568, 37.5672], [-119.8565, 37.5672], [-119.8565, 37.5675]]], [[[-119.8595, 37.5672], [-119.8599, 37.567], [-119.8595, 37.567], [-119.8595, 37.5672]]], [[[-119.8582, 37.5672], [-119.8585, 37.567], [-119.8582, 37.567], [-119.8582, 37.5672]]], [[[-119.8561, 37.567], [-119.8565, 37.5667], [-119.8561, 37.5667], [-119.8561, 37.567]]], [[[-119.8585, 37.5667], [-119.8589, 37.5664], [-119.8585, 37.5664], [-119.8585, 37.5667]]], [[[-119.8558, 37.5664], [-119.8565, 37.5661], [-119.8558, 37.5661], [-119.8558, 37.5664]]], [[[-119.8595, 37.5667], [-119.8595, 37.5661], [-119.8589, 37.5659], [-119.8589, 37.5664], [-119.8595, 37.5667]]], [[[-119.8643, 37.5659], [-119.8646, 37.5656], [-119.8643, 37.5656], [-119.8643, 37.5659]]], [[[-119.8544, 37.5656], [-119.8548, 37.5653], [-119.8544, 37.5653], [-119.8544, 37.5656]]], [[[-119.851, 37.5653], [-119.8514, 37.5651], [-119.851, 37.5651], [-119.851, 37.5653]]], [[[-119.8408, 37.565], [-119.8412, 37.5648], [-119.8408, 37.5648], [-119.8408, 37.565]]], [[[-119.8711, 37.5648], [-119.8714, 37.5645], [-119.8711, 37.5645], [-119.8711, 37.5648]]], [[[-119.8694, 37.5651], [-119.8701, 37.5648], [-119.8701, 37.5643], [-119.8691, 37.5645], [-119.8694, 37.5651]]], [[[-119.8432, 37.5645], [-119.8436, 37.5642], [-119.8432, 37.5642], [-119.8432, 37.5645]]], [[[-119.8422, 37.5645], [-119.8425, 37.5642], [-119.8422, 37.5642], [-119.8422, 37.5645]]], [[[-119.8408, 37.5645], [-119.8412, 37.5642], [-119.8408, 37.5642], [-119.8408, 37.5645]]], [[[-119.8691, 37.5643], [-119.8694, 37.564], [-119.8691, 37.564], [-119.8691, 37.5643]]], [[[-119.8453, 37.5642], [-119.8456, 37.564], [-119.8453, 37.564], [-119.8453, 37.5642]]], [[[-119.8446, 37.5642], [-119.8449, 37.564], [-119.8446, 37.564], [-119.8446, 37.5642]]], [[[-119.8677, 37.5643], [-119.8687, 37.564], [-119.8677, 37.5637], [-119.8677, 37.5643]]], [[[-119.8432, 37.564], [-119.8439, 37.5637], [-119.8432, 37.5637], [-119.8432, 37.564]]], [[[-119.8391, 37.564], [-119.8395, 37.5637], [-119.8391, 37.5637], [-119.8391, 37.564]]], [[[-119.8388, 37.5637], [-119.8391, 37.5634], [-119.8388, 37.5634], [-119.8388, 37.5637]]], [[[-119.8701, 37.5637], [-119.8701, 37.5632], [-119.8694, 37.5632], [-119.8694, 37.5635], [-119.8701, 37.5637]]], [[[-119.8684, 37.5635], [-119.8691, 37.5632], [-119.8684, 37.5632], [-119.8684, 37.5635]]], [[[-119.8629, 37.5635], [-119.8633, 37.5632], [-119.8629, 37.5632], [-119.8629, 37.5635]]], [[[-119.8432, 37.5634], [-119.8439, 37.5632], [-119.8432, 37.5629], [-119.8432, 37.5634]]], [[[-119.8459, 37.5634], [-119.8459, 37.5626], [-119.8456, 37.5626], [-119.8453, 37.5634], [-119.8459, 37.5634]]], [[[-119.8643, 37.5629], [-119.8646, 37.5626], [-119.8643, 37.5626], [-119.8643, 37.5629]]], [[[-119.8449, 37.5629], [-119.8453, 37.5626], [-119.8449, 37.5626], [-119.8449, 37.5629]]], [[[-119.8429, 37.5629], [-119.8432, 37.5626], [-119.8429, 37.5626], [-119.8429, 37.5629]]], [[[-119.8436, 37.5626], [-119.8439, 37.5623], [-119.8436, 37.5623], [-119.8436, 37.5626]]], [[[-119.8636, 37.5632], [-119.8643, 37.5626], [-119.8643, 37.5621], [-119.8633, 37.5621], [-119.8636, 37.5632]], [[-119.864, 37.5624], [-119.8636, 37.5626], [-119.8636, 37.5624], [-119.864, 37.5624]]], [[[-119.8439, 37.5626], [-119.8449, 37.5626], [-119.8449, 37.5621], [-119.8439, 37.5626]]], [[[-119.8429, 37.5623], [-119.8432, 37.5621], [-119.8429, 37.5621], [-119.8429, 37.5623]]], [[[-119.8371, 37.5623], [-119.8374, 37.5621], [-119.8371, 37.5621], [-119.8371, 37.5623]]], [[[-119.8714, 37.5635], [-119.8714, 37.5621], [-119.8704, 37.5616], [-119.8697, 37.5629], [-119.8704, 37.5632], [-119.8704, 37.5627], [-119.8708, 37.5627], [-119.8714, 37.5635]], [[-119.8711, 37.5624], [-119.8708, 37.5627], [-119.8708, 37.5624], [-119.8711, 37.5624]]], [[[-119.8405, 37.5618], [-119.8405, 37.5613], [-119.8391, 37.5613], [-119.8391, 37.5618], [-119.8405, 37.5618]]], [[[-119.8633, 37.5616], [-119.8636, 37.5613], [-119.8633, 37.5613], [-119.8633, 37.5616]]], [[[-119.8626, 37.5616], [-119.8629, 37.5613], [-119.8626, 37.5613], [-119.8626, 37.5616]]], [[[-119.8368, 37.5615], [-119.8371, 37.5613], [-119.8368, 37.5613], [-119.8368, 37.5615]]], [[[-119.8405, 37.5613], [-119.8408, 37.5607], [-119.8405, 37.5607], [-119.8405, 37.5613]]], [[[-119.8704, 37.561], [-119.8708, 37.5608], [-119.8704, 37.5608], [-119.8704, 37.561]]], [[[-119.8439, 37.561], [-119.8446, 37.5607], [-119.8439, 37.5607], [-119.8439, 37.561]]], [[[-119.8589, 37.5607], [-119.8592, 37.5605], [-119.8589, 37.5605], [-119.8589, 37.5607]]], [[[-119.8558, 37.5607], [-119.8561, 37.5605], [-119.8558, 37.5605], [-119.8558, 37.5607]]], [[[-119.8714, 37.5618], [-119.8714, 37.5602], [-119.8711, 37.5602], [-119.8708, 37.5616], [-119.8714, 37.5618]]], [[[-119.8657, 37.5653], [-119.8657, 37.5645], [-119.8646, 37.5645], [-119.8657, 37.5637], [-119.8653, 37.5624], [-119.868, 37.5621], [-119.868, 37.5616], [-119.8674, 37.561], [-119.8653, 37.5616], [-119.865, 37.5602], [-119.8643, 37.5608], [-119.864, 37.5602], [-119.8629, 37.5602], [-119.8626, 37.561], [-119.8643, 37.561], [-119.8643, 37.5621], [-119.8646, 37.5621], [-119.865, 37.5629], [-119.864, 37.5637], [-119.8633, 37.5635], [-119.8626, 37.5648], [-119.8636, 37.5645], [-119.8657, 37.5653]], [[-119.8636, 37.564], [-119.8633, 37.5643], [-119.8633, 37.564], [-119.8636, 37.564]], [[-119.865, 37.5616], [-119.8646, 37.5621], [-119.8646, 37.5616], [-119.865, 37.5616]], [[-119.867, 37.5616], [-119.8667, 37.5618], [-119.8667, 37.5616], [-119.867, 37.5616]], [[-119.8636, 37.5605], [-119.8633, 37.5608], [-119.8633, 37.5605], [-119.8636, 37.5605]]], [[[-119.8619, 37.5605], [-119.8626, 37.5602], [-119.8619, 37.5602], [-119.8619, 37.5605]]], [[[-119.8657, 37.5602], [-119.866, 37.5599], [-119.8657, 37.5599], [-119.8657, 37.5602]]], [[[-119.8527, 37.5602], [-119.8531, 37.5599], [-119.8527, 37.5599], [-119.8527, 37.5602]]], [[[-119.8388, 37.5602], [-119.8391, 37.5599], [-119.8388, 37.5599], [-119.8388, 37.5602]]], [[[-119.8697, 37.5597], [-119.8701, 37.5594], [-119.8697, 37.5594], [-119.8697, 37.5597]]], [[[-119.8684, 37.5597], [-119.8691, 37.5594], [-119.8684, 37.5594], [-119.8684, 37.5597]]], [[[-119.8565, 37.5597], [-119.8568, 37.5594], [-119.8565, 37.5594], [-119.8565, 37.5597]]], [[[-119.8534, 37.5597], [-119.8538, 37.5594], [-119.8534, 37.5594], [-119.8534, 37.5597]]], [[[-119.8704, 37.56], [-119.8715, 37.5591], [-119.8704, 37.5591], [-119.8704, 37.56]]], [[[-119.8555, 37.5594], [-119.8558, 37.5591], [-119.8555, 37.5591], [-119.8555, 37.5594]]], [[[-119.8541, 37.5594], [-119.8544, 37.5591], [-119.8541, 37.5591], [-119.8541, 37.5594]]], [[[-119.8548, 37.5591], [-119.8555, 37.5589], [-119.8548, 37.5589], [-119.8548, 37.5591]]], [[[-119.8381, 37.5591], [-119.8385, 37.5588], [-119.8381, 37.5588], [-119.8381, 37.5591]]], [[[-119.8663, 37.5589], [-119.8667, 37.5586], [-119.8664, 37.5586], [-119.8663, 37.5589]]], [[[-119.8541, 37.5589], [-119.8548, 37.5586], [-119.8541, 37.5586], [-119.8541, 37.5589]]], [[[-119.8565, 37.5591], [-119.8565, 37.5583], [-119.8561, 37.5583], [-119.8558, 37.5589], [-119.8565, 37.5591]]], [[[-119.8602, 37.5589], [-119.8606, 37.5583], [-119.8602, 37.5583], [-119.8602, 37.5589]]], [[[-119.8425, 37.5591], [-119.8439, 37.5586], [-119.8425, 37.5583], [-119.8432, 37.5586], [-119.8425, 37.5591]]], [[[-119.8551, 37.5586], [-119.8555, 37.5583], [-119.8551, 37.5583], [-119.8551, 37.5586]]], [[[-119.8538, 37.5586], [-119.8541, 37.5583], [-119.8538, 37.5583], [-119.8538, 37.5586]]], [[[-119.8419, 37.5586], [-119.8422, 37.5583], [-119.8419, 37.5583], [-119.8419, 37.5586]]], [[[-119.8368, 37.5586], [-119.8371, 37.5583], [-119.8368, 37.5583], [-119.8368, 37.5586]]], [[[-119.8589, 37.5583], [-119.8592, 37.5581], [-119.8589, 37.5581], [-119.8589, 37.5583]]], [[[-119.8582, 37.5583], [-119.8585, 37.5581], [-119.8582, 37.558], [-119.8582, 37.5583]]], [[[-119.8565, 37.5583], [-119.8568, 37.558], [-119.8565, 37.558], [-119.8565, 37.5583]]], [[[-119.8674, 37.5586], [-119.8674, 37.5581], [-119.8664, 37.5578], [-119.8664, 37.5581], [-119.8674, 37.5586]]], [[[-119.8558, 37.558], [-119.8565, 37.5578], [-119.8558, 37.5578], [-119.8558, 37.558]]], [[[-119.8551, 37.558], [-119.8555, 37.5578], [-119.8551, 37.5578], [-119.8551, 37.558]]], [[[-119.8534, 37.558], [-119.8538, 37.5578], [-119.8534, 37.5578], [-119.8534, 37.558]]], [[[-119.8446, 37.558], [-119.8449, 37.5578], [-119.8446, 37.5578], [-119.8446, 37.558]]], [[[-119.8697, 37.5591], [-119.8701, 37.5586], [-119.8711, 37.5589], [-119.8711, 37.5575], [-119.8698, 37.5583], [-119.8691, 37.5583], [-119.8694, 37.5578], [-119.8681, 37.5581], [-119.868, 37.5591], [-119.8697, 37.5591]]], [[[-119.8623, 37.5586], [-119.8626, 37.5581], [-119.864, 37.5578], [-119.8606, 37.5578], [-119.8606, 37.5583], [-119.8623, 37.5586]]], [[[-119.8442, 37.558], [-119.8439, 37.5575], [-119.8432, 37.5575], [-119.8432, 37.558], [-119.8442, 37.558]]], [[[-119.8429, 37.558], [-119.8429, 37.5575], [-119.8422, 37.5575], [-119.8422, 37.5578], [-119.8429, 37.558]]], [[[-119.8681, 37.5578], [-119.8684, 37.5575], [-119.8681, 37.5575], [-119.8681, 37.5578]]], [[[-119.8602, 37.5578], [-119.8606, 37.5575], [-119.8602, 37.5575], [-119.8602, 37.5578]]], [[[-119.8442, 37.5578], [-119.8446, 37.5575], [-119.8442, 37.5575], [-119.8442, 37.5578]]], [[[-119.8694, 37.5575], [-119.8701, 37.5573], [-119.8694, 37.5573], [-119.8694, 37.5575]]], [[[-119.8653, 37.5581], [-119.8664, 37.5578], [-119.8667, 37.5572], [-119.8647, 37.5575], [-119.8653, 37.5581]]], [[[-119.8429, 37.5572], [-119.8432, 37.557], [-119.8429, 37.557], [-119.8429, 37.5572]]], [[[-119.8602, 37.5583], [-119.8602, 37.5578], [-119.8589, 37.5575], [-119.8592, 37.5567], [-119.8585, 37.5567], [-119.8585, 37.5578], [-119.8602, 37.5583]]], [[[-119.8527, 37.5572], [-119.8531, 37.5567], [-119.8528, 37.5567], [-119.8527, 37.5572]]], [[[-119.8562, 37.557], [-119.8572, 37.5567], [-119.8562, 37.5567], [-119.8562, 37.557]]], [[[-119.8449, 37.5572], [-119.8449, 37.5561], [-119.8446, 37.5561], [-119.8439, 37.5572], [-119.8449, 37.5572]]], [[[-119.8425, 37.5564], [-119.8436, 37.5564], [-119.8426, 37.5559], [-119.8425, 37.5564]]], [[[-119.8544, 37.5583], [-119.8551, 37.5575], [-119.8562, 37.5572], [-119.8562, 37.557], [-119.8558, 37.5567], [-119.8568, 37.5562], [-119.8555, 37.5559], [-119.8555, 37.5564], [-119.8538, 37.5567], [-119.8538, 37.5572], [-119.8541, 37.5572], [-119.8544, 37.5575], [-119.8544, 37.5583]], [[-119.8545, 37.557], [-119.8541, 37.5572], [-119.8541, 37.557], [-119.8545, 37.557]]], [[[-119.8432, 37.5561], [-119.8436, 37.5559], [-119.8432, 37.5559], [-119.8432, 37.5561]]], [[[-119.8419, 37.5575], [-119.8422, 37.5567], [-119.8415, 37.5569], [-119.8412, 37.5556], [-119.8412, 37.5572], [-119.8419, 37.5575]]], [[[-119.8592, 37.5559], [-119.8596, 37.5556], [-119.8592, 37.5556], [-119.8592, 37.5559]]], [[[-119.8548, 37.5559], [-119.8551, 37.5556], [-119.8548, 37.5556], [-119.8548, 37.5559]]], [[[-119.8517, 37.5559], [-119.8524, 37.5556], [-119.8517, 37.5556], [-119.8517, 37.5559]]], [[[-119.8419, 37.5556], [-119.8422, 37.5553], [-119.8419, 37.5553], [-119.8419, 37.5556]]], [[[-119.8545, 37.5553], [-119.8551, 37.5551], [-119.8545, 37.5551], [-119.8545, 37.5553]]], [[[-119.8538, 37.5553], [-119.8541, 37.5551], [-119.8538, 37.5551], [-119.8538, 37.5553]]], [[[-119.8422, 37.5553], [-119.8429, 37.5551], [-119.8422, 37.5551], [-119.8422, 37.5553]]], [[[-119.8412, 37.5553], [-119.8415, 37.5551], [-119.8412, 37.5551], [-119.8412, 37.5553]]], [[[-119.8582, 37.557], [-119.8585, 37.5564], [-119.8596, 37.5562], [-119.8592, 37.5559], [-119.8585, 37.5559], [-119.8582, 37.5562], [-119.8582, 37.5554], [-119.8558, 37.5545], [-119.8555, 37.5553], [-119.8572, 37.5556], [-119.8572, 37.5567], [-119.8582, 37.557]], [[-119.8582, 37.5564], [-119.8579, 37.5567], [-119.8579, 37.5564], [-119.8582, 37.5564]]], [[[-119.8545, 37.5551], [-119.8545, 37.5545], [-119.8538, 37.5545], [-119.8538, 37.5548], [-119.8545, 37.5551]]], [[[-119.8429, 37.5545], [-119.8432, 37.5548], [-119.8436, 37.5545], [-119.8429, 37.5545]]], [[[-119.8534, 37.5559], [-119.8538, 37.5553], [-119.8521, 37.5548], [-119.8528, 37.5543], [-119.8517, 37.5543], [-119.8517, 37.5551], [-119.8534, 37.5559]]], [[[-119.8585, 37.5554], [-119.8596, 37.5551], [-119.8596, 37.554], [-119.8582, 37.5543], [-119.8585, 37.5554]]], [[[-119.8555, 37.5545], [-119.8551, 37.554], [-119.8545, 37.554], [-119.8548, 37.5545], [-119.8555, 37.5545]]], [[[-119.8555, 37.5543], [-119.8568, 37.554], [-119.8555, 37.554], [-119.8555, 37.5543]]], [[[-119.8538, 37.5543], [-119.8541, 37.554], [-119.8538, 37.554], [-119.8538, 37.5543]]], [[[-119.8531, 37.5543], [-119.8534, 37.554], [-119.8531, 37.554], [-119.8531, 37.5543]]], [[[-119.8429, 37.5543], [-119.8432, 37.554], [-119.8429, 37.554], [-119.8429, 37.5543]]], [[[-119.8494, 37.554], [-119.8497, 37.5537], [-119.8494, 37.5537], [-119.8494, 37.554]]], [[[-119.865, 37.5537], [-119.8653, 37.5535], [-119.865, 37.5535], [-119.865, 37.5537]]], [[[-119.8392, 37.554], [-119.8395, 37.5532], [-119.8392, 37.5532], [-119.8392, 37.554]]], [[[-119.9055, 37.5532], [-119.9058, 37.553], [-119.9055, 37.553], [-119.9055, 37.5532]]], [[[-119.8687, 37.5537], [-119.8681, 37.5535], [-119.8684, 37.5529], [-119.8677, 37.5529], [-119.8674, 37.5537], [-119.8687, 37.5537]]], [[[-119.8643, 37.5532], [-119.8647, 37.5529], [-119.8643, 37.5529], [-119.8643, 37.5532]]], [[[-119.8409, 37.5532], [-119.8412, 37.5529], [-119.8409, 37.5529], [-119.8409, 37.5532]]], [[[-119.847, 37.5529], [-119.8473, 37.5526], [-119.847, 37.5526], [-119.847, 37.5529]]], [[[-119.8395, 37.5529], [-119.8398, 37.5526], [-119.8395, 37.5526], [-119.8395, 37.5529]]], [[[-119.8409, 37.5529], [-119.8409, 37.5524], [-119.8402, 37.5524], [-119.8402, 37.5526], [-119.8409, 37.5529]]], [[[-119.8412, 37.5526], [-119.8415, 37.5524], [-119.8412, 37.5524], [-119.8412, 37.5526]]], [[[-119.8398, 37.5524], [-119.8402, 37.5518], [-119.8398, 37.5518], [-119.8398, 37.5524]]], [[[-119.8674, 37.5516], [-119.8677, 37.5513], [-119.8674, 37.5513], [-119.8674, 37.5516]]], [[[-119.8524, 37.5516], [-119.8528, 37.5513], [-119.8524, 37.5513], [-119.8524, 37.5516]]], [[[-119.8647, 37.5521], [-119.8647, 37.5513], [-119.865, 37.551], [-119.8643, 37.551], [-119.8647, 37.5521]]], [[[-119.8511, 37.5513], [-119.8514, 37.551], [-119.8511, 37.551], [-119.8511, 37.5513]]], [[[-119.8368, 37.5513], [-119.8375, 37.5507], [-119.8368, 37.5507], [-119.8368, 37.5513]]], [[[-119.8385, 37.551], [-119.8388, 37.5507], [-119.8385, 37.5507], [-119.8385, 37.551]]], [[[-119.8381, 37.5507], [-119.8385, 37.5505], [-119.8381, 37.5505], [-119.8381, 37.5507]]], [[[-119.8371, 37.5505], [-119.8375, 37.5502], [-119.8371, 37.5502], [-119.8371, 37.5505]]], [[[-119.8517, 37.5508], [-119.8521, 37.5499], [-119.8517, 37.5499], [-119.8517, 37.5508]]], [[[-119.85, 37.5508], [-119.85, 37.5499], [-119.8497, 37.5499], [-119.8494, 37.5505], [-119.85, 37.5508]]], [[[-119.9038, 37.55], [-119.9041, 37.5497], [-119.9038, 37.5497], [-119.9038, 37.55]]], [[[-119.8949, 37.55], [-119.8953, 37.5497], [-119.8949, 37.5497], [-119.8949, 37.55]]], [[[-119.8732, 37.55], [-119.8735, 37.5497], [-119.8732, 37.5497], [-119.8732, 37.55]]], [[[-119.8473, 37.5499], [-119.8477, 37.5497], [-119.8473, 37.5497], [-119.8473, 37.5499]]], [[[-119.8929, 37.55], [-119.8932, 37.5495], [-119.8929, 37.5495], [-119.8929, 37.55]]], [[[-119.8953, 37.5497], [-119.8956, 37.5495], [-119.8953, 37.5495], [-119.8953, 37.5497]]], [[[-119.8946, 37.5497], [-119.8946, 37.5492], [-119.8939, 37.5492], [-119.8939, 37.5495], [-119.8946, 37.5497]]], [[[-119.9099, 37.5495], [-119.9102, 37.5492], [-119.9099, 37.5492], [-119.9099, 37.5495]]], [[[-119.9062, 37.5495], [-119.9065, 37.5492], [-119.9062, 37.5492], [-119.9062, 37.5495]]], [[[-119.8949, 37.5495], [-119.8953, 37.5492], [-119.8949, 37.5492], [-119.8949, 37.5495]]], [[[-119.8932, 37.5495], [-119.8936, 37.5492], [-119.8932, 37.5492], [-119.8932, 37.5495]]], [[[-119.8507, 37.5494], [-119.8511, 37.5491], [-119.8507, 37.5491], [-119.8507, 37.5494]]], [[[-119.8371, 37.5494], [-119.8375, 37.5491], [-119.8371, 37.5491], [-119.8371, 37.5494]]], [[[-119.8528, 37.5508], [-119.8538, 37.5499], [-119.8531, 37.5497], [-119.8531, 37.5489], [-119.8521, 37.5489], [-119.8511, 37.5499], [-119.8521, 37.5497], [-119.8528, 37.5508]], [[-119.8531, 37.5499], [-119.8528, 37.5502], [-119.8528, 37.5499], [-119.8531, 37.5499]], [[-119.8528, 37.5491], [-119.8524, 37.5494], [-119.8524, 37.5491], [-119.8528, 37.5491]]], [[[-119.8966, 37.5492], [-119.897, 37.5489], [-119.8966, 37.5489], [-119.8966, 37.5492]]], [[[-119.8946, 37.5492], [-119.8949, 37.5489], [-119.8946, 37.5489], [-119.8946, 37.5492]]], [[[-119.8511, 37.5491], [-119.8514, 37.5489], [-119.8511, 37.5489], [-119.8511, 37.5491]]], [[[-119.8375, 37.5491], [-119.8378, 37.5488], [-119.8375, 37.5488], [-119.8375, 37.5491]]], [[[-119.8514, 37.5545], [-119.8517, 37.554], [-119.8528, 37.5537], [-119.8528, 37.5532], [-119.8521, 37.5535], [-119.8528, 37.5518], [-119.8524, 37.5518], [-119.8524, 37.5516], [-119.8521, 37.5513], [-119.8517, 37.5516], [-119.8494, 37.5513], [-119.849, 37.5499], [-119.8504, 37.5497], [-119.8504, 37.5491], [-119.8487, 37.5486], [-119.8473, 37.5491], [-119.848, 37.5497], [-119.848, 37.5505], [-119.8453, 37.551], [-119.8449, 37.5518], [-119.8463, 37.5526], [-119.847, 37.5526], [-119.8466, 37.5521], [-119.8483, 37.5521], [-119.848, 37.5526], [-119.8487, 37.5529], [-119.8514, 37.5518], [-119.8511, 37.5529], [-119.85, 37.5529], [-119.8511, 37.5535], [-119.8497, 37.5535], [-119.85, 37.5537], [-119.8497, 37.5545], [-119.8514, 37.5545]], [[-119.8514, 37.5535], [-119.8511, 37.5537], [-119.8511, 37.5535], [-119.8514, 37.5535]], [[-119.8517, 37.5529], [-119.8514, 37.5532], [-119.8514, 37.5529], [-119.8517, 37.5529]], [[-119.8521, 37.5521], [-119.8517, 37.5526], [-119.8514, 37.5521], [-119.8521, 37.5521]], [[-119.85, 37.5516], [-119.8497, 37.5518], [-119.8497, 37.5516], [-119.85, 37.5516]], [[-119.848, 37.5518], [-119.8473, 37.5518], [-119.8473, 37.5513], [-119.8477, 37.5513], [-119.848, 37.5518]], [[-119.849, 37.551], [-119.848, 37.5513], [-119.848, 37.551], [-119.849, 37.551]], [[-119.8477, 37.5508], [-119.8473, 37.551], [-119.8473, 37.5507], [-119.8477, 37.5508]], [[-119.8487, 37.5499], [-119.8483, 37.5502], [-119.8483, 37.5499], [-119.8487, 37.5499]], [[-119.849, 37.5497], [-119.8487, 37.5499], [-119.8487, 37.5497], [-119.849, 37.5497]]], [[[-119.8959, 37.5495], [-119.896, 37.5489], [-119.8953, 37.5486], [-119.8953, 37.5492], [-119.8959, 37.5495]]], [[[-119.896, 37.5489], [-119.8963, 37.5486], [-119.896, 37.5486], [-119.896, 37.5489]]], [[[-119.8922, 37.5492], [-119.8919, 37.5484], [-119.8915, 37.5484], [-119.8915, 37.5492], [-119.8922, 37.5492]]], [[[-119.8643, 37.5489], [-119.8647, 37.5483], [-119.8643, 37.5483], [-119.8643, 37.5489]]], [[[-119.8504, 37.5489], [-119.8507, 37.5483], [-119.8504, 37.5483], [-119.8504, 37.5489]]], [[[-119.9092, 37.5487], [-119.9096, 37.5484], [-119.9092, 37.5484], [-119.9092, 37.5487]]], [[[-119.9065, 37.5484], [-119.9068, 37.5481], [-119.9065, 37.5481], [-119.9065, 37.5484]]], [[[-119.8504, 37.5483], [-119.85, 37.5478], [-119.8477, 37.5475], [-119.848, 37.5483], [-119.8504, 37.5483]]], [[[-119.8732, 37.5481], [-119.8735, 37.5475], [-119.8732, 37.5475], [-119.8732, 37.5481]]], [[[-119.9089, 37.5478], [-119.9092, 37.5476], [-119.9089, 37.5476], [-119.9089, 37.5478]]], [[[-119.9062, 37.5478], [-119.9065, 37.5476], [-119.9062, 37.5476], [-119.9062, 37.5478]]], [[[-119.8368, 37.548], [-119.8371, 37.5472], [-119.8368, 37.5472], [-119.8368, 37.548]]], [[[-119.8922, 37.5489], [-119.8946, 37.5484], [-119.896, 37.5486], [-119.8973, 37.5476], [-119.896, 37.5473], [-119.8956, 37.5478], [-119.8943, 37.5476], [-119.8936, 37.5484], [-119.8922, 37.5484], [-119.8922, 37.5489]]], [[[-119.8643, 37.5475], [-119.8647, 37.5473], [-119.8643, 37.5473], [-119.8643, 37.5475]]], [[[-119.849, 37.5475], [-119.8494, 37.5472], [-119.849, 37.5472], [-119.849, 37.5475]]], [[[-119.8419, 37.5475], [-119.8415, 37.547], [-119.8409, 37.5472], [-119.8409, 37.5475], [-119.8419, 37.5475]]], [[[-119.9184, 37.5473], [-119.9187, 37.547], [-119.9184, 37.547], [-119.9184, 37.5473]]], [[[-119.9058, 37.5473], [-119.9062, 37.547], [-119.9058, 37.547], [-119.9058, 37.5473]]], [[[-119.897, 37.5473], [-119.8973, 37.547], [-119.897, 37.547], [-119.897, 37.5473]]], [[[-119.8728, 37.5473], [-119.8732, 37.547], [-119.8728, 37.547], [-119.8728, 37.5473]]], [[[-119.8973, 37.547], [-119.8977, 37.5468], [-119.8973, 37.5468], [-119.8973, 37.547]]], [[[-119.8732, 37.547], [-119.8735, 37.5467], [-119.8732, 37.5467], [-119.8732, 37.547]]], [[[-119.8667, 37.547], [-119.8671, 37.5467], [-119.8667, 37.5467], [-119.8667, 37.547]]], [[[-119.848, 37.5472], [-119.8483, 37.5467], [-119.8463, 37.5467], [-119.8463, 37.547], [-119.848, 37.5472]]], [[[-119.8368, 37.547], [-119.8371, 37.5467], [-119.8368, 37.5467], [-119.8368, 37.547]]], [[[-119.8551, 37.5502], [-119.8552, 37.5464], [-119.8541, 37.5467], [-119.8548, 37.547], [-119.8545, 37.5486], [-119.8535, 37.5464], [-119.8483, 37.547], [-119.85, 37.5472], [-119.8504, 37.5481], [-119.8514, 37.5472], [-119.8517, 37.5489], [-119.8521, 37.5486], [-119.8534, 37.5486], [-119.8534, 37.5497], [-119.8538, 37.5497], [-119.8538, 37.5499], [-119.8545, 37.5499], [-119.8545, 37.5502], [-119.8551, 37.5502]], [[-119.8541, 37.5494], [-119.8538, 37.5497], [-119.8538, 37.5494], [-119.8541, 37.5494]], [[-119.8538, 37.5483], [-119.8534, 37.5486], [-119.8534, 37.5483], [-119.8538, 37.5483]], [[-119.8528, 37.5483], [-119.8521, 37.5481], [-119.8521, 37.5475], [-119.8528, 37.5478], [-119.8528, 37.5483]], [[-119.8531, 37.5475], [-119.8528, 37.5478], [-119.8528, 37.5475], [-119.8531, 37.5475]]], [[[-119.9099, 37.5465], [-119.9102, 37.5462], [-119.9099, 37.5462], [-119.9099, 37.5465]]], [[[-119.8667, 37.5467], [-119.8667, 37.5459], [-119.8664, 37.5459], [-119.866, 37.5467], [-119.8667, 37.5467]]], [[[-119.9133, 37.5462], [-119.9136, 37.546], [-119.9133, 37.546], [-119.9133, 37.5462]]], [[[-119.9119, 37.5462], [-119.9123, 37.546], [-119.9119, 37.546], [-119.9119, 37.5462]]], [[[-119.9109, 37.5462], [-119.9113, 37.546], [-119.9109, 37.546], [-119.9109, 37.5462]]], [[[-119.9102, 37.5462], [-119.9106, 37.546], [-119.9102, 37.546], [-119.9102, 37.5462]]], [[[-119.913, 37.546], [-119.9133, 37.5457], [-119.913, 37.5457], [-119.913, 37.546]]], [[[-119.9099, 37.546], [-119.9102, 37.5457], [-119.9099, 37.5457], [-119.9099, 37.546]]], [[[-119.8657, 37.5459], [-119.866, 37.5456], [-119.8657, 37.5456], [-119.8657, 37.5459]]], [[[-119.8929, 37.5457], [-119.8932, 37.5454], [-119.8929, 37.5454], [-119.8929, 37.5457]]], [[[-119.8412, 37.5456], [-119.8416, 37.5453], [-119.8412, 37.5453], [-119.8412, 37.5456]]], [[[-119.8732, 37.5457], [-119.8735, 37.5451], [-119.8732, 37.5451], [-119.8732, 37.5457]]], [[[-119.9136, 37.5454], [-119.9143, 37.5451], [-119.9136, 37.5451], [-119.9136, 37.5454]]], [[[-119.9116, 37.5454], [-119.9119, 37.5451], [-119.9116, 37.5451], [-119.9116, 37.5454]]], [[[-119.9106, 37.5451], [-119.9109, 37.5454], [-119.9113, 37.5451], [-119.9106, 37.5451]]], [[[-119.9119, 37.5451], [-119.9126, 37.5449], [-119.9119, 37.5449], [-119.9119, 37.5451]]], [[[-119.9113, 37.5451], [-119.9116, 37.5449], [-119.9113, 37.5449], [-119.9113, 37.5451]]], [[[-119.9096, 37.5451], [-119.9099, 37.5449], [-119.9096, 37.5449], [-119.9096, 37.5451]]], [[[-119.8973, 37.5451], [-119.8977, 37.5449], [-119.8973, 37.5449], [-119.8973, 37.5451]]], [[[-119.8949, 37.5451], [-119.8956, 37.5449], [-119.8949, 37.5449], [-119.8949, 37.5451]]], [[[-119.8416, 37.5451], [-119.8419, 37.5448], [-119.8416, 37.5448], [-119.8416, 37.5451]]], [[[-119.8963, 37.5451], [-119.897, 37.5446], [-119.8963, 37.5446], [-119.8963, 37.5451]]], [[[-119.8946, 37.5449], [-119.8949, 37.5446], [-119.8946, 37.5446], [-119.8946, 37.5449]]], [[[-119.8732, 37.5448], [-119.8735, 37.5446], [-119.8732, 37.5446], [-119.8732, 37.5448]]], [[[-119.9126, 37.5446], [-119.913, 37.5443], [-119.9126, 37.5443], [-119.9126, 37.5446]]], [[[-119.9113, 37.5443], [-119.9116, 37.5441], [-119.9113, 37.5441], [-119.9113, 37.5443]]], [[[-119.8939, 37.5449], [-119.8946, 37.5443], [-119.896, 37.5446], [-119.896, 37.5441], [-119.8939, 37.5438], [-119.8939, 37.5449]]], [[[-119.9007, 37.5446], [-119.9011, 37.5438], [-119.8997, 37.5438], [-119.8997, 37.5441], [-119.9007, 37.5446]]], [[[-119.8932, 37.5446], [-119.8936, 37.5438], [-119.8915, 37.5438], [-119.8915, 37.5446], [-119.8932, 37.5446]]], [[[-119.9126, 37.5441], [-119.913, 37.5438], [-119.9126, 37.5438], [-119.9126, 37.5441]]], [[[-119.8732, 37.544], [-119.8735, 37.5438], [-119.8732, 37.5438], [-119.8732, 37.544]]], [[[-119.9079, 37.5438], [-119.9082, 37.5435], [-119.9079, 37.5435], [-119.9079, 37.5438]]], [[[-119.9164, 37.5446], [-119.915, 37.5441], [-119.915, 37.5433], [-119.9136, 37.5438], [-119.9147, 37.5446], [-119.9164, 37.5446]]], [[[-119.8657, 37.5446], [-119.8657, 37.5435], [-119.865, 37.5432], [-119.8647, 37.544], [-119.8657, 37.5446]]], [[[-119.913, 37.5435], [-119.914, 37.5433], [-119.913, 37.5433], [-119.913, 37.5435]]], [[[-119.9072, 37.5435], [-119.9075, 37.5433], [-119.9072, 37.5433], [-119.9072, 37.5435]]], [[[-119.8473, 37.5475], [-119.846, 37.547], [-119.8456, 37.5429], [-119.8456, 37.5437], [-119.8446, 37.5437], [-119.8443, 37.5445], [-119.8443, 37.5456], [-119.845, 37.5456], [-119.8443, 37.5467], [-119.8473, 37.5475]]], [[[-119.9116, 37.5433], [-119.9119, 37.543], [-119.9116, 37.543], [-119.9116, 37.5433]]], [[[-119.9, 37.5432], [-119.9004, 37.543], [-119.9, 37.543], [-119.9, 37.5432]]], [[[-119.8286, 37.5432], [-119.8293, 37.5429], [-119.8286, 37.5429], [-119.8286, 37.5432]]], [[[-119.8416, 37.5445], [-119.8419, 37.5426], [-119.8416, 37.5426], [-119.8416, 37.5445]]], [[[-119.9123, 37.5435], [-119.913, 37.543], [-119.9123, 37.5427], [-119.9123, 37.5435]]], [[[-119.8599, 37.5429], [-119.8603, 37.5427], [-119.8599, 37.5427], [-119.8599, 37.5429]]], [[[-119.8402, 37.5432], [-119.8395, 37.5424], [-119.8388, 37.5424], [-119.8388, 37.5429], [-119.8402, 37.5432]]], [[[-119.9102, 37.5427], [-119.9106, 37.5424], [-119.9102, 37.5424], [-119.9102, 37.5427]]], [[[-119.9068, 37.5427], [-119.9072, 37.5424], [-119.9068, 37.5424], [-119.9068, 37.5427]]], [[[-119.8314, 37.5426], [-119.832, 37.5424], [-119.8314, 37.5424], [-119.8314, 37.5426]]], [[[-119.8331, 37.5426], [-119.8334, 37.5421], [-119.8331, 37.5421], [-119.8331, 37.5426]]], [[[-119.9096, 37.5424], [-119.9102, 37.5422], [-119.9096, 37.5422], [-119.9096, 37.5424]]], [[[-119.9072, 37.5424], [-119.9082, 37.5422], [-119.9072, 37.5422], [-119.9072, 37.5424]]], [[[-119.8555, 37.5424], [-119.8558, 37.5421], [-119.8555, 37.5421], [-119.8555, 37.5424]]], [[[-119.8412, 37.5424], [-119.8416, 37.5421], [-119.8412, 37.5421], [-119.8412, 37.5424]]], [[[-119.8385, 37.5424], [-119.8388, 37.5421], [-119.8385, 37.5421], [-119.8385, 37.5424]]], [[[-119.832, 37.5424], [-119.8324, 37.5421], [-119.832, 37.5421], [-119.832, 37.5424]]], [[[-119.8337, 37.5421], [-119.8341, 37.5418], [-119.8337, 37.5418], [-119.8337, 37.5421]]], [[[-119.8456, 37.5427], [-119.846, 37.5416], [-119.8456, 37.5416], [-119.8456, 37.5427]]], [[[-119.8715, 37.543], [-119.8725, 37.5419], [-119.8705, 37.5416], [-119.8708, 37.543], [-119.8715, 37.543]], [[-119.8715, 37.5421], [-119.8711, 37.5427], [-119.8711, 37.5421], [-119.8715, 37.5421]]], [[[-119.8569, 37.5429], [-119.8582, 37.5427], [-119.8603, 37.5421], [-119.8596, 37.5416], [-119.8592, 37.5421], [-119.8572, 37.5416], [-119.8575, 37.5427], [-119.8569, 37.5429]]], [[[-119.8422, 37.5426], [-119.8439, 37.5421], [-119.8439, 37.5416], [-119.8426, 37.5418], [-119.8422, 37.5426]]], [[[-119.8378, 37.5418], [-119.8382, 37.5416], [-119.8378, 37.5416], [-119.8378, 37.5418]]], [[[-119.8334, 37.5418], [-119.8337, 37.5416], [-119.8334, 37.5416], [-119.8334, 37.5418]]], [[[-119.8303, 37.5418], [-119.8307, 37.5416], [-119.8303, 37.5416], [-119.8303, 37.5418]]], [[[-119.828, 37.5418], [-119.8286, 37.5415], [-119.828, 37.5413], [-119.828, 37.5418]]], [[[-119.8589, 37.5416], [-119.8592, 37.5413], [-119.8589, 37.5413], [-119.8589, 37.5416]]], [[[-119.8358, 37.5416], [-119.8361, 37.5413], [-119.8358, 37.5413], [-119.8358, 37.5416]]], [[[-119.8337, 37.5416], [-119.8344, 37.5413], [-119.8337, 37.5413], [-119.8337, 37.5416]]], [[[-119.832, 37.5416], [-119.8324, 37.5413], [-119.832, 37.5413], [-119.832, 37.5416]]], [[[-119.8307, 37.5416], [-119.831, 37.5413], [-119.8307, 37.5413], [-119.8307, 37.5416]]], [[[-119.8718, 37.5413], [-119.8722, 37.5411], [-119.8718, 37.5411], [-119.8718, 37.5413]]], [[[-119.8378, 37.5413], [-119.8382, 37.541], [-119.8378, 37.541], [-119.8378, 37.5413]]], [[[-119.8334, 37.5413], [-119.8337, 37.541], [-119.8334, 37.541], [-119.8334, 37.5413]]], [[[-119.8327, 37.5413], [-119.8331, 37.541], [-119.8327, 37.541], [-119.8327, 37.5413]]], [[[-119.8314, 37.5413], [-119.8317, 37.541], [-119.8314, 37.541], [-119.8314, 37.5413]]], [[[-119.8392, 37.5416], [-119.8395, 37.5408], [-119.8392, 37.5408], [-119.8392, 37.5416]]], [[[-119.8691, 37.5413], [-119.8701, 37.5411], [-119.8691, 37.5408], [-119.8691, 37.5413]]], [[[-119.8337, 37.541], [-119.8341, 37.5407], [-119.8337, 37.5407], [-119.8337, 37.541]]], [[[-119.8725, 37.5411], [-119.8732, 37.5408], [-119.8725, 37.5405], [-119.8725, 37.5411]]], [[[-119.9082, 37.5408], [-119.9085, 37.5406], [-119.9082, 37.5406], [-119.9082, 37.5408]]], [[[-119.829, 37.5407], [-119.8293, 37.5405], [-119.829, 37.5405], [-119.829, 37.5407]]], [[[-119.8453, 37.541], [-119.8456, 37.5402], [-119.8453, 37.5402], [-119.8453, 37.541]]], [[[-119.9085, 37.5406], [-119.9089, 37.5403], [-119.9085, 37.5403], [-119.9085, 37.5406]]], [[[-119.8575, 37.5405], [-119.8579, 37.5402], [-119.8575, 37.5402], [-119.8575, 37.5405]]], [[[-119.8388, 37.5405], [-119.8392, 37.5402], [-119.8388, 37.5402], [-119.8388, 37.5405]]], [[[-119.8371, 37.5405], [-119.8375, 37.5402], [-119.8371, 37.5402], [-119.8371, 37.5405]]], [[[-119.831, 37.5402], [-119.8314, 37.5405], [-119.8317, 37.5402], [-119.831, 37.5402]]], [[[-119.8324, 37.541], [-119.8324, 37.5399], [-119.832, 37.5399], [-119.8317, 37.5407], [-119.8324, 37.541]]], [[[-119.9058, 37.5406], [-119.9065, 37.54], [-119.9055, 37.54], [-119.9058, 37.5406]]], [[[-119.828, 37.5402], [-119.8283, 37.5399], [-119.828, 37.5399], [-119.828, 37.5402]]], [[[-119.9096, 37.54], [-119.9102, 37.5397], [-119.9096, 37.5397], [-119.9096, 37.54]]], [[[-119.831, 37.5399], [-119.8314, 37.5397], [-119.831, 37.5397], [-119.831, 37.5399]]], [[[-119.8324, 37.5399], [-119.8327, 37.5394], [-119.8324, 37.5394], [-119.8324, 37.5399]]], [[[-119.8589, 37.5397], [-119.8592, 37.5394], [-119.8589, 37.5394], [-119.8589, 37.5397]]], [[[-119.8307, 37.5397], [-119.831, 37.5394], [-119.8307, 37.5394], [-119.8307, 37.5397]]], [[[-119.8718, 37.5408], [-119.8718, 37.5392], [-119.8715, 37.5392], [-119.8708, 37.54], [-119.8718, 37.5408]]], [[[-119.8409, 37.5397], [-119.8412, 37.5391], [-119.8409, 37.5391], [-119.8409, 37.5397]]], [[[-119.8688, 37.5397], [-119.8694, 37.5397], [-119.8701, 37.5392], [-119.8688, 37.5397]]], [[[-119.8453, 37.5394], [-119.8456, 37.5391], [-119.8453, 37.5391], [-119.8453, 37.5394]]], [[[-119.8341, 37.5394], [-119.8344, 37.5391], [-119.8341, 37.5391], [-119.8341, 37.5394]]], [[[-119.8327, 37.5394], [-119.8331, 37.5391], [-119.8327, 37.5391], [-119.8327, 37.5394]]], [[[-119.832, 37.5394], [-119.8324, 37.5391], [-119.832, 37.5391], [-119.832, 37.5394]]], [[[-119.8562, 37.5416], [-119.8562, 37.541], [-119.8582, 37.5397], [-119.8579, 37.5389], [-119.8572, 37.5389], [-119.8565, 37.5405], [-119.8555, 37.5402], [-119.8552, 37.541], [-119.8562, 37.5416]]], [[[-119.8405, 37.5391], [-119.8409, 37.5386], [-119.8405, 37.5386], [-119.8405, 37.5391]]], [[[-119.8334, 37.5391], [-119.8341, 37.5386], [-119.8334, 37.5386], [-119.8334, 37.5391]]], [[[-119.8562, 37.5389], [-119.8569, 37.5386], [-119.8562, 37.5386], [-119.8562, 37.5389]]], [[[-119.8314, 37.5386], [-119.8317, 37.5389], [-119.832, 37.5386], [-119.8314, 37.5386]]], [[[-119.8293, 37.5389], [-119.8297, 37.5386], [-119.8293, 37.5386], [-119.8293, 37.5389]]], [[[-119.8439, 37.5397], [-119.8439, 37.5391], [-119.8412, 37.5386], [-119.8412, 37.5391], [-119.8439, 37.5397]]], [[[-119.8552, 37.5389], [-119.8555, 37.5383], [-119.8552, 37.5383], [-119.8552, 37.5389]]], [[[-119.8286, 37.5389], [-119.829, 37.5383], [-119.8286, 37.5383], [-119.8286, 37.5389]]], [[[-119.8443, 37.5386], [-119.8446, 37.5383], [-119.8443, 37.5383], [-119.8443, 37.5386]]], [[[-119.8426, 37.5386], [-119.8429, 37.5383], [-119.8426, 37.5383], [-119.8426, 37.5386]]], [[[-119.8402, 37.5386], [-119.8405, 37.5383], [-119.8402, 37.5383], [-119.8402, 37.5386]]], [[[-119.8324, 37.5386], [-119.8327, 37.5383], [-119.8324, 37.5383], [-119.8324, 37.5386]]], [[[-119.8572, 37.5386], [-119.8582, 37.5383], [-119.8569, 37.5381], [-119.8572, 37.5386]]], [[[-119.8341, 37.5383], [-119.8348, 37.538], [-119.8341, 37.538], [-119.8341, 37.5383]]], [[[-119.8399, 37.5381], [-119.8402, 37.5378], [-119.8399, 37.5378], [-119.8399, 37.5381]]], [[[-119.8552, 37.5378], [-119.8555, 37.5375], [-119.8552, 37.5375], [-119.8552, 37.5378]]], [[[-119.8402, 37.5378], [-119.8405, 37.5375], [-119.8402, 37.5375], [-119.8402, 37.5378]]], [[[-119.8354, 37.5378], [-119.8358, 37.5375], [-119.8354, 37.5375], [-119.8354, 37.5378]]], [[[-119.8286, 37.5383], [-119.8293, 37.538], [-119.829, 37.5372], [-119.8283, 37.5378], [-119.8286, 37.5383]]], [[[-119.8446, 37.5378], [-119.8446, 37.5373], [-119.8433, 37.5373], [-119.8433, 37.5378], [-119.8446, 37.5378]]], [[[-119.9164, 37.5379], [-119.916, 37.5371], [-119.915, 37.5371], [-119.9157, 37.5373], [-119.915, 37.5379], [-119.9164, 37.5379]]], [[[-119.8402, 37.5372], [-119.8406, 37.537], [-119.8402, 37.537], [-119.8402, 37.5372]]], [[[-119.8395, 37.5372], [-119.8399, 37.537], [-119.8395, 37.537], [-119.8395, 37.5372]]], [[[-119.8314, 37.538], [-119.8314, 37.5372], [-119.8321, 37.537], [-119.831, 37.537], [-119.8314, 37.538]]], [[[-119.8293, 37.5372], [-119.8297, 37.537], [-119.8293, 37.537], [-119.8293, 37.5372]]], [[[-119.8684, 37.5381], [-119.8684, 37.5367], [-119.8681, 37.5367], [-119.8674, 37.5376], [-119.8684, 37.5381]]], [[[-119.8389, 37.537], [-119.8392, 37.5367], [-119.8389, 37.5367], [-119.8389, 37.537]]], [[[-119.8623, 37.5367], [-119.8626, 37.5365], [-119.8623, 37.5365], [-119.8623, 37.5367]]], [[[-119.8552, 37.5367], [-119.8555, 37.5365], [-119.8552, 37.5365], [-119.8552, 37.5367]]], [[[-119.8626, 37.5365], [-119.863, 37.5362], [-119.8627, 37.5362], [-119.8626, 37.5365]]], [[[-119.8365, 37.5364], [-119.8372, 37.5362], [-119.8365, 37.5362], [-119.8365, 37.5364]]], [[[-119.8259, 37.5361], [-119.8263, 37.5359], [-119.8259, 37.5359], [-119.8259, 37.5361]]], [[[-119.8327, 37.5364], [-119.8327, 37.5359], [-119.8314, 37.5359], [-119.8314, 37.5362], [-119.8327, 37.5364]]], [[[-119.8555, 37.5359], [-119.8559, 37.5356], [-119.8555, 37.5356], [-119.8555, 37.5359]]], [[[-119.8358, 37.5356], [-119.8361, 37.5359], [-119.8368, 37.5356], [-119.8358, 37.5356]]], [[[-119.8341, 37.5359], [-119.8344, 37.5356], [-119.8341, 37.5356], [-119.8341, 37.5359]]], [[[-119.8287, 37.5362], [-119.8287, 37.5356], [-119.827, 37.5356], [-119.827, 37.5361], [-119.8287, 37.5362]]], [[[-119.8705, 37.5359], [-119.8712, 37.5354], [-119.8708, 37.5354], [-119.8705, 37.5359]]], [[[-119.9164, 37.5357], [-119.9167, 37.5354], [-119.9164, 37.5354], [-119.9164, 37.5357]]], [[[-119.8932, 37.5357], [-119.8936, 37.5354], [-119.8932, 37.5354], [-119.8932, 37.5357]]], [[[-119.8861, 37.5357], [-119.8868, 37.5354], [-119.8861, 37.5354], [-119.8861, 37.5357]]], [[[-119.88, 37.5357], [-119.8803, 37.5354], [-119.88, 37.5354], [-119.88, 37.5357]]], [[[-119.8552, 37.5356], [-119.8555, 37.5354], [-119.8552, 37.5354], [-119.8552, 37.5356]]], [[[-119.8321, 37.5356], [-119.8324, 37.5353], [-119.8321, 37.5353], [-119.8321, 37.5356]]], [[[-119.8378, 37.5356], [-119.8382, 37.5351], [-119.8378, 37.5351], [-119.8378, 37.5356]]], [[[-119.8973, 37.5354], [-119.8977, 37.5352], [-119.8973, 37.5352], [-119.8973, 37.5354]]], [[[-119.8915, 37.5354], [-119.8919, 37.5351], [-119.8915, 37.5351], [-119.8915, 37.5354]]], [[[-119.8885, 37.5354], [-119.8888, 37.5351], [-119.8885, 37.5351], [-119.8885, 37.5354]]], [[[-119.8735, 37.5354], [-119.8739, 37.5351], [-119.8735, 37.5351], [-119.8735, 37.5354]]], [[[-119.8501, 37.5354], [-119.8504, 37.5351], [-119.8501, 37.5351], [-119.8501, 37.5354]]], [[[-119.8331, 37.5353], [-119.8334, 37.5351], [-119.8331, 37.5351], [-119.8331, 37.5353]]], [[[-119.8453, 37.5356], [-119.8453, 37.5348], [-119.845, 37.5348], [-119.8446, 37.5356], [-119.8453, 37.5356]]], [[[-119.8307, 37.5356], [-119.8293, 37.5348], [-119.8287, 37.5351], [-119.829, 37.5356], [-119.8307, 37.5356]]], [[[-119.8834, 37.5354], [-119.8831, 37.5349], [-119.8824, 37.5351], [-119.8824, 37.5354], [-119.8834, 37.5354]]], [[[-119.8684, 37.5357], [-119.8695, 37.5349], [-119.8684, 37.5349], [-119.8684, 37.5357]]], [[[-119.847, 37.5354], [-119.8477, 37.5348], [-119.8474, 37.5348], [-119.847, 37.5354]]], [[[-119.8321, 37.5353], [-119.8321, 37.5348], [-119.831, 37.5348], [-119.831, 37.5351], [-119.8321, 37.5353]]], [[[-119.8263, 37.5356], [-119.827, 37.5351], [-119.8259, 37.5348], [-119.8263, 37.5356]]], [[[-119.8742, 37.5349], [-119.8746, 37.5351], [-119.8749, 37.5349], [-119.8742, 37.5349]]], [[[-119.8521, 37.5351], [-119.8525, 37.5348], [-119.8521, 37.5348], [-119.8521, 37.5351]]], [[[-119.8511, 37.5351], [-119.8514, 37.5348], [-119.8511, 37.5348], [-119.8511, 37.5351]]], [[[-119.8426, 37.5351], [-119.8429, 37.5348], [-119.8426, 37.5348], [-119.8426, 37.5351]]], [[[-119.8358, 37.5351], [-119.8365, 37.5348], [-119.8358, 37.5348], [-119.8358, 37.5351]]], [[[-119.916, 37.5354], [-119.9164, 37.5346], [-119.916, 37.5346], [-119.916, 37.5354]]], [[[-119.8902, 37.5354], [-119.8915, 37.5351], [-119.8916, 37.5346], [-119.8902, 37.5354]]], [[[-119.882, 37.5357], [-119.882, 37.5346], [-119.8814, 37.5346], [-119.8813, 37.5357], [-119.882, 37.5357]]], [[[-119.8494, 37.5351], [-119.8497, 37.5346], [-119.8494, 37.5346], [-119.8494, 37.5351]]], [[[-119.879, 37.5349], [-119.8793, 37.5351], [-119.88, 37.5346], [-119.879, 37.5349]]], [[[-119.8681, 37.5349], [-119.8684, 37.5346], [-119.8681, 37.5346], [-119.8681, 37.5349]]], [[[-119.8477, 37.5348], [-119.848, 37.5346], [-119.8477, 37.5346], [-119.8477, 37.5348]]], [[[-119.8331, 37.5348], [-119.8334, 37.5345], [-119.8331, 37.5345], [-119.8331, 37.5348]]], [[[-119.8297, 37.5348], [-119.83, 37.5345], [-119.8297, 37.5345], [-119.8297, 37.5348]]], [[[-119.8871, 37.5349], [-119.8885, 37.5346], [-119.8871, 37.5343], [-119.8871, 37.5349]]], [[[-119.8535, 37.5348], [-119.8542, 37.5346], [-119.8535, 37.5343], [-119.8535, 37.5348]]], [[[-119.8392, 37.5356], [-119.8399, 37.5345], [-119.8392, 37.5343], [-119.8392, 37.5356]]], [[[-119.9045, 37.5346], [-119.9048, 37.5343], [-119.9045, 37.5343], [-119.9045, 37.5346]]], [[[-119.879, 37.5346], [-119.8793, 37.5343], [-119.879, 37.5343], [-119.879, 37.5346]]], [[[-119.8742, 37.5346], [-119.8746, 37.5343], [-119.8742, 37.5343], [-119.8742, 37.5346]]], [[[-119.8436, 37.5346], [-119.844, 37.5343], [-119.8436, 37.5343], [-119.8436, 37.5346]]], [[[-119.8426, 37.5346], [-119.8429, 37.5343], [-119.8426, 37.5343], [-119.8426, 37.5346]]], [[[-119.8929, 37.5349], [-119.8922, 37.5341], [-119.8912, 37.5341], [-119.8922, 37.5349], [-119.8929, 37.5349]]], [[[-119.8518, 37.5346], [-119.8521, 37.534], [-119.8518, 37.534], [-119.8518, 37.5346]]], [[[-119.9096, 37.5344], [-119.9102, 37.5341], [-119.9096, 37.5341], [-119.9096, 37.5344]]], [[[-119.9065, 37.5343], [-119.9068, 37.5341], [-119.9065, 37.5341], [-119.9065, 37.5343]]], [[[-119.8984, 37.5343], [-119.8987, 37.5341], [-119.8984, 37.5341], [-119.8984, 37.5343]]], [[[-119.8977, 37.5343], [-119.898, 37.5341], [-119.8977, 37.5341], [-119.8977, 37.5343]]], [[[-119.8943, 37.5343], [-119.8946, 37.5341], [-119.8943, 37.5341], [-119.8943, 37.5343]]], [[[-119.8929, 37.5343], [-119.8933, 37.5341], [-119.8929, 37.5341], [-119.8929, 37.5343]]], [[[-119.8735, 37.5343], [-119.8739, 37.534], [-119.8735, 37.534], [-119.8735, 37.5343]]], [[[-119.8701, 37.5343], [-119.8705, 37.534], [-119.8701, 37.534], [-119.8701, 37.5343]]], [[[-119.8273, 37.5351], [-119.8273, 37.5337], [-119.827, 37.5337], [-119.8266, 37.5345], [-119.8273, 37.5351]]], [[[-119.8987, 37.5341], [-119.899, 37.5338], [-119.8987, 37.5338], [-119.8987, 37.5341]]], [[[-119.8926, 37.5341], [-119.8929, 37.5338], [-119.8926, 37.5338], [-119.8926, 37.5341]]], [[[-119.8698, 37.534], [-119.8701, 37.5338], [-119.8698, 37.5338], [-119.8698, 37.534]]], [[[-119.8671, 37.534], [-119.8674, 37.5338], [-119.8671, 37.5338], [-119.8671, 37.534]]], [[[-119.8528, 37.534], [-119.8531, 37.5338], [-119.8528, 37.5338], [-119.8528, 37.534]]], [[[-119.8436, 37.534], [-119.844, 37.5337], [-119.8436, 37.5337], [-119.8436, 37.534]]], [[[-119.8953, 37.5338], [-119.8956, 37.5335], [-119.8953, 37.5335], [-119.8953, 37.5338]]], [[[-119.8746, 37.5338], [-119.8749, 37.5335], [-119.8746, 37.5335], [-119.8746, 37.5338]]], [[[-119.8521, 37.5338], [-119.8525, 37.5335], [-119.8521, 37.5335], [-119.8521, 37.5338]]], [[[-119.8378, 37.5345], [-119.8378, 37.5332], [-119.8375, 37.5332], [-119.8372, 37.5345], [-119.8378, 37.5345]]], [[[-119.8824, 37.5338], [-119.8824, 37.5332], [-119.8817, 37.5332], [-119.8817, 37.5335], [-119.8824, 37.5338]]], [[[-119.8599, 37.5338], [-119.8606, 37.5332], [-119.8599, 37.5332], [-119.8599, 37.5338]]], [[[-119.8263, 37.5337], [-119.827, 37.5335], [-119.8263, 37.5332], [-119.8263, 37.5337]]], [[[-119.8956, 37.5335], [-119.896, 37.5333], [-119.8956, 37.5333], [-119.8956, 37.5335]]], [[[-119.8552, 37.5335], [-119.8555, 37.5332], [-119.8552, 37.5332], [-119.8552, 37.5335]]], [[[-119.8501, 37.5335], [-119.8504, 37.5332], [-119.8501, 37.5332], [-119.8501, 37.5335]]], [[[-119.8494, 37.5335], [-119.8497, 37.5332], [-119.8494, 37.5332], [-119.8494, 37.5335]]], [[[-119.8674, 37.5338], [-119.8684, 37.5332], [-119.8678, 37.533], [-119.8674, 37.5338]]], [[[-119.8365, 37.5335], [-119.8372, 37.5332], [-119.8365, 37.5329], [-119.8365, 37.5335]]], [[[-119.9072, 37.5335], [-119.9082, 37.533], [-119.9072, 37.533], [-119.9072, 37.5335]]], [[[-119.8994, 37.5333], [-119.8997, 37.533], [-119.8994, 37.533], [-119.8994, 37.5333]]], [[[-119.8684, 37.5332], [-119.8688, 37.533], [-119.8684, 37.533], [-119.8684, 37.5332]]], [[[-119.88, 37.533], [-119.8803, 37.5327], [-119.88, 37.5327], [-119.88, 37.533]]], [[[-119.8521, 37.5329], [-119.8528, 37.5327], [-119.8521, 37.5327], [-119.8521, 37.5329]]], [[[-119.8477, 37.5329], [-119.848, 37.5327], [-119.8477, 37.5327], [-119.8477, 37.5329]]], [[[-119.8351, 37.5329], [-119.8355, 37.5327], [-119.8351, 37.5327], [-119.8351, 37.5329]]], [[[-119.8936, 37.533], [-119.8943, 37.5324], [-119.8939, 37.5324], [-119.8936, 37.533]]], [[[-119.8508, 37.5329], [-119.8514, 37.5324], [-119.8511, 37.5324], [-119.8508, 37.5329]]], [[[-119.9072, 37.5327], [-119.9075, 37.5325], [-119.9072, 37.5325], [-119.9072, 37.5327]]], [[[-119.8776, 37.5327], [-119.878, 37.5324], [-119.8776, 37.5324], [-119.8776, 37.5327]]], [[[-119.8769, 37.5327], [-119.8773, 37.5324], [-119.8769, 37.5324], [-119.8769, 37.5327]]], [[[-119.8715, 37.5327], [-119.8718, 37.5324], [-119.8715, 37.5324], [-119.8715, 37.5327]]], [[[-119.8504, 37.5327], [-119.8508, 37.5324], [-119.8504, 37.5324], [-119.8504, 37.5327]]], [[[-119.8406, 37.534], [-119.8406, 37.5321], [-119.8402, 37.5321], [-119.8395, 37.5324], [-119.8395, 37.5337], [-119.8406, 37.534]]], [[[-119.8759, 37.5327], [-119.8763, 37.5322], [-119.8759, 37.5322], [-119.8759, 37.5327]]], [[[-119.848, 37.5327], [-119.8484, 37.5321], [-119.848, 37.5321], [-119.848, 37.5327]]], [[[-119.8467, 37.5327], [-119.8467, 37.5321], [-119.846, 37.5321], [-119.846, 37.5324], [-119.8467, 37.5327]]], [[[-119.8263, 37.5326], [-119.8266, 37.5321], [-119.8263, 37.5321], [-119.8263, 37.5326]]], [[[-119.9109, 37.5325], [-119.9113, 37.5322], [-119.9109, 37.5322], [-119.9109, 37.5325]]], [[[-119.9069, 37.5325], [-119.9072, 37.5322], [-119.9069, 37.5322], [-119.9069, 37.5325]]], [[[-119.8929, 37.5324], [-119.8933, 37.5322], [-119.8929, 37.5322], [-119.8929, 37.5324]]], [[[-119.8718, 37.5324], [-119.8725, 37.5322], [-119.8718, 37.5322], [-119.8718, 37.5324]]], [[[-119.8735, 37.5335], [-119.8735, 37.5327], [-119.8749, 37.5332], [-119.8756, 37.5322], [-119.8732, 37.5319], [-119.8729, 37.5335], [-119.8735, 37.5335]]], [[[-119.8385, 37.5324], [-119.8389, 37.5318], [-119.8385, 37.5318], [-119.8385, 37.5324]]], [[[-119.9004, 37.5322], [-119.9007, 37.5319], [-119.9004, 37.5319], [-119.9004, 37.5322]]], [[[-119.8936, 37.5322], [-119.8939, 37.5319], [-119.8936, 37.5319], [-119.8936, 37.5322]]], [[[-119.8871, 37.5322], [-119.8875, 37.5319], [-119.8871, 37.5319], [-119.8871, 37.5322]]], [[[-119.8803, 37.5322], [-119.8807, 37.5319], [-119.8803, 37.5319], [-119.8803, 37.5322]]], [[[-119.878, 37.5322], [-119.8783, 37.5319], [-119.878, 37.5319], [-119.878, 37.5322]]], [[[-119.8725, 37.5322], [-119.8729, 37.5319], [-119.8725, 37.5319], [-119.8725, 37.5322]]], [[[-119.8664, 37.5322], [-119.8667, 37.5319], [-119.8664, 37.5319], [-119.8664, 37.5322]]], [[[-119.8266, 37.5321], [-119.827, 37.5318], [-119.8266, 37.5318], [-119.8266, 37.5321]]], [[[-119.9021, 37.533], [-119.9024, 37.5316], [-119.9018, 37.5316], [-119.9021, 37.5325], [-119.9004, 37.5325], [-119.9004, 37.5322], [-119.9001, 37.5322], [-119.9004, 37.533], [-119.9021, 37.533]]], [[[-119.8654, 37.5322], [-119.8657, 37.5316], [-119.8654, 37.5316], [-119.8654, 37.5322]]], [[[-119.8446, 37.5332], [-119.8446, 37.5316], [-119.8443, 37.5316], [-119.8436, 37.5329], [-119.8446, 37.5332]]], [[[-119.9113, 37.5319], [-119.9116, 37.5317], [-119.9113, 37.5317], [-119.9113, 37.5319]]], [[[-119.9035, 37.5319], [-119.9038, 37.5316], [-119.9035, 37.5316], [-119.9035, 37.5319]]], [[[-119.9007, 37.5319], [-119.9011, 37.5316], [-119.9007, 37.5316], [-119.9007, 37.5319]]], [[[-119.8994, 37.5319], [-119.9001, 37.5319], [-119.9004, 37.5316], [-119.8994, 37.5319]]], [[[-119.879, 37.5319], [-119.8793, 37.5316], [-119.879, 37.5316], [-119.879, 37.5319]]], [[[-119.8763, 37.5316], [-119.8766, 37.5319], [-119.8773, 37.5316], [-119.8763, 37.5316]]], [[[-119.8752, 37.5319], [-119.8756, 37.5316], [-119.8752, 37.5316], [-119.8752, 37.5319]]], [[[-119.8504, 37.5319], [-119.8508, 37.5316], [-119.8504, 37.5316], [-119.8504, 37.5319]]], [[[-119.8423, 37.5319], [-119.8429, 37.5316], [-119.8423, 37.5316], [-119.8423, 37.5319]]], [[[-119.8395, 37.5318], [-119.8399, 37.5316], [-119.8395, 37.5316], [-119.8395, 37.5318]]], [[[-119.8338, 37.5318], [-119.8341, 37.5316], [-119.8338, 37.5316], [-119.8338, 37.5318]]], [[[-119.8419, 37.5324], [-119.8419, 37.5319], [-119.8409, 37.5319], [-119.8406, 37.5313], [-119.8406, 37.5321], [-119.8419, 37.5324]]], [[[-119.8984, 37.5322], [-119.8987, 37.5314], [-119.8984, 37.5314], [-119.8984, 37.5322]]], [[[-119.8797, 37.5319], [-119.88, 37.5314], [-119.8797, 37.5314], [-119.8797, 37.5319]]], [[[-119.9103, 37.5317], [-119.9106, 37.5314], [-119.9103, 37.5314], [-119.9103, 37.5317]]], [[[-119.9031, 37.5316], [-119.9035, 37.5314], [-119.9031, 37.5314], [-119.9031, 37.5316]]], [[[-119.899, 37.5316], [-119.8994, 37.5314], [-119.899, 37.5314], [-119.899, 37.5316]]], [[[-119.8956, 37.5316], [-119.896, 37.5314], [-119.8956, 37.5314], [-119.8956, 37.5316]]], [[[-119.8718, 37.5316], [-119.8725, 37.5313], [-119.8718, 37.5313], [-119.8718, 37.5316]]], [[[-119.8657, 37.5316], [-119.8661, 37.5313], [-119.8657, 37.5313], [-119.8657, 37.5316]]], [[[-119.8385, 37.5316], [-119.8389, 37.5313], [-119.8385, 37.5313], [-119.8385, 37.5316]]], [[[-119.897, 37.5343], [-119.8967, 37.5333], [-119.898, 37.533], [-119.898, 37.5325], [-119.8967, 37.5314], [-119.8953, 37.5322], [-119.8939, 37.5311], [-119.8946, 37.5327], [-119.8963, 37.5333], [-119.8956, 37.5341], [-119.897, 37.5343]], [[-119.8967, 37.5327], [-119.8963, 37.533], [-119.8963, 37.5327], [-119.8967, 37.5327]]], [[[-119.8365, 37.5327], [-119.8368, 37.5316], [-119.8355, 37.531], [-119.8355, 37.5321], [-119.8365, 37.5327]], [[-119.8361, 37.5316], [-119.8358, 37.5318], [-119.8358, 37.5316], [-119.8361, 37.5316]]], [[[-119.9109, 37.5317], [-119.9113, 37.5311], [-119.9109, 37.5311], [-119.9109, 37.5317]]], [[[-119.8783, 37.5316], [-119.879, 37.5311], [-119.8786, 37.5311], [-119.8783, 37.5316]]], [[[-119.8684, 37.5316], [-119.8688, 37.5311], [-119.8684, 37.5311], [-119.8684, 37.5316]]], [[[-119.8433, 37.5316], [-119.844, 37.531], [-119.8436, 37.531], [-119.8433, 37.5316]]], [[[-119.8423, 37.5316], [-119.8419, 37.531], [-119.8412, 37.5313], [-119.8412, 37.5316], [-119.8423, 37.5316]]], [[[-119.8994, 37.5314], [-119.8997, 37.5311], [-119.8994, 37.5311], [-119.8994, 37.5314]]], [[[-119.8987, 37.5314], [-119.899, 37.5311], [-119.8987, 37.5311], [-119.8987, 37.5314]]], [[[-119.8946, 37.5314], [-119.895, 37.5311], [-119.8946, 37.5311], [-119.8946, 37.5314]]], [[[-119.8875, 37.5314], [-119.8882, 37.5311], [-119.8875, 37.5311], [-119.8875, 37.5314]]], [[[-119.861, 37.5313], [-119.8613, 37.5311], [-119.861, 37.5311], [-119.861, 37.5313]]], [[[-119.8525, 37.5311], [-119.8528, 37.5313], [-119.8538, 37.5311], [-119.8525, 37.5311]]], [[[-119.8467, 37.5313], [-119.847, 37.531], [-119.8467, 37.531], [-119.8467, 37.5313]]], [[[-119.8426, 37.5313], [-119.8429, 37.531], [-119.8426, 37.531], [-119.8426, 37.5313]]], [[[-119.8732, 37.5313], [-119.8739, 37.5308], [-119.8729, 37.5308], [-119.8732, 37.5313]]], [[[-119.8997, 37.5311], [-119.9001, 37.5308], [-119.8997, 37.5308], [-119.8997, 37.5311]]], [[[-119.8895, 37.5311], [-119.8899, 37.5308], [-119.8895, 37.5308], [-119.8895, 37.5311]]], [[[-119.879, 37.5311], [-119.8793, 37.5308], [-119.879, 37.5308], [-119.879, 37.5311]]], [[[-119.8763, 37.5308], [-119.8766, 37.5311], [-119.8769, 37.5308], [-119.8763, 37.5308]]], [[[-119.8746, 37.5311], [-119.8749, 37.5308], [-119.8746, 37.5308], [-119.8746, 37.5311]]], [[[-119.848, 37.5311], [-119.8487, 37.5308], [-119.848, 37.5308], [-119.848, 37.5311]]], [[[-119.8423, 37.531], [-119.8426, 37.5308], [-119.8423, 37.5308], [-119.8423, 37.531]]], [[[-119.8395, 37.531], [-119.8399, 37.5308], [-119.8395, 37.5308], [-119.8395, 37.531]]], [[[-119.8644, 37.5313], [-119.8654, 37.5311], [-119.8644, 37.5305], [-119.8644, 37.5313]]], [[[-119.8712, 37.5313], [-119.8718, 37.5311], [-119.8715, 37.5305], [-119.8708, 37.5305], [-119.8712, 37.5313]]], [[[-119.8593, 37.5311], [-119.8599, 37.5308], [-119.8593, 37.5305], [-119.8593, 37.5311]]], [[[-119.846, 37.5313], [-119.8463, 37.5308], [-119.845, 37.5305], [-119.845, 37.531], [-119.846, 37.5313]]], [[[-119.9011, 37.5308], [-119.9014, 37.5306], [-119.9011, 37.5306], [-119.9011, 37.5308]]], [[[-119.8977, 37.5314], [-119.897, 37.5311], [-119.8973, 37.5306], [-119.8967, 37.5306], [-119.8967, 37.5314], [-119.8977, 37.5314]]], [[[-119.8769, 37.5308], [-119.8773, 37.5305], [-119.8769, 37.5305], [-119.8769, 37.5308]]], [[[-119.8742, 37.5308], [-119.8746, 37.5305], [-119.8742, 37.5305], [-119.8742, 37.5308]]], [[[-119.8725, 37.5308], [-119.8729, 37.5305], [-119.8725, 37.5305], [-119.8725, 37.5308]]], [[[-119.8684, 37.5308], [-119.8688, 37.5305], [-119.8684, 37.5305], [-119.8684, 37.5308]]], [[[-119.8531, 37.5308], [-119.8535, 37.5305], [-119.8531, 37.5305], [-119.8531, 37.5308]]], [[[-119.8525, 37.5308], [-119.8528, 37.5305], [-119.8525, 37.5305], [-119.8525, 37.5308]]], [[[-119.8399, 37.5308], [-119.8402, 37.5305], [-119.8399, 37.5305], [-119.8399, 37.5308]]], [[[-119.8657, 37.5311], [-119.8657, 37.5303], [-119.865, 37.5303], [-119.865, 37.5308], [-119.8657, 37.5311]]], [[[-119.8868, 37.5306], [-119.8871, 37.5303], [-119.8868, 37.5303], [-119.8868, 37.5306]]], [[[-119.8763, 37.5305], [-119.8766, 37.5303], [-119.8763, 37.5303], [-119.8763, 37.5305]]], [[[-119.8756, 37.5305], [-119.8759, 37.5303], [-119.8756, 37.5303], [-119.8756, 37.5305]]], [[[-119.8746, 37.5305], [-119.8749, 37.5303], [-119.8746, 37.5303], [-119.8746, 37.5305]]], [[[-119.8691, 37.5305], [-119.8698, 37.5303], [-119.8691, 37.5303], [-119.8691, 37.5305]]], [[[-119.8661, 37.5303], [-119.8664, 37.5305], [-119.8667, 37.5303], [-119.8661, 37.5303]]], [[[-119.8545, 37.5305], [-119.8548, 37.5302], [-119.8545, 37.5302], [-119.8545, 37.5305]]], [[[-119.846, 37.5305], [-119.8463, 37.5302], [-119.846, 37.5302], [-119.846, 37.5305]]], [[[-119.9038, 37.5314], [-119.9045, 37.5308], [-119.9041, 37.53], [-119.9031, 37.5308], [-119.9038, 37.5314]]], [[[-119.8701, 37.5308], [-119.8708, 37.5303], [-119.8701, 37.53], [-119.8701, 37.5308]]], [[[-119.8528, 37.5305], [-119.8531, 37.53], [-119.8528, 37.53], [-119.8528, 37.5305]]], [[[-119.8358, 37.5305], [-119.8365, 37.53], [-119.8361, 37.53], [-119.8358, 37.5305]]], [[[-119.9058, 37.5303], [-119.9062, 37.53], [-119.9058, 37.53], [-119.9058, 37.5303]]], [[[-119.881, 37.5303], [-119.8814, 37.53], [-119.881, 37.53], [-119.881, 37.5303]]], [[[-119.8572, 37.5346], [-119.8572, 37.5338], [-119.8586, 37.534], [-119.8586, 37.5332], [-119.8596, 37.533], [-119.861, 37.5332], [-119.861, 37.5321], [-119.8603, 37.5321], [-119.8603, 37.5319], [-119.8599, 37.5319], [-119.8599, 37.5316], [-119.8596, 37.5316], [-119.8596, 37.5313], [-119.8593, 37.5313], [-119.8593, 37.5311], [-119.8582, 37.5305], [-119.8589, 37.53], [-119.8565, 37.5308], [-119.8548, 37.5305], [-119.8542, 37.5319], [-119.8531, 37.5316], [-119.8542, 37.5327], [-119.8562, 37.5324], [-119.8565, 37.5335], [-119.8555, 37.5335], [-119.8552, 37.5346], [-119.8559, 37.534], [-119.8572, 37.5346]], [[-119.8572, 37.5335], [-119.8569, 37.5338], [-119.8569, 37.5335], [-119.8572, 37.5335]], [[-119.8582, 37.5332], [-119.8572, 37.5335], [-119.8572, 37.5332], [-119.8582, 37.5332]], [[-119.8593, 37.5324], [-119.8589, 37.533], [-119.8589, 37.5324], [-119.8593, 37.5324]], [[-119.8572, 37.533], [-119.8569, 37.5321], [-119.8579, 37.5321], [-119.8579, 37.5324], [-119.8582, 37.5324], [-119.8582, 37.5327], [-119.8572, 37.5324], [-119.8572, 37.533]], [[-119.8603, 37.5324], [-119.8599, 37.5327], [-119.8599, 37.5324], [-119.8603, 37.5324]], [[-119.8586, 37.5321], [-119.8582, 37.5324], [-119.8582, 37.5321], [-119.8586, 37.5321]], [[-119.8596, 37.5319], [-119.8593, 37.5321], [-119.8593, 37.5319], [-119.8596, 37.5319]], [[-119.8593, 37.5316], [-119.8589, 37.5319], [-119.8589, 37.5316], [-119.8593, 37.5316]], [[-119.8559, 37.5319], [-119.8552, 37.5319], [-119.8552, 37.5313], [-119.8555, 37.5313], [-119.8559, 37.5319]], [[-119.8569, 37.5313], [-119.8562, 37.5316], [-119.8562, 37.5313], [-119.8569, 37.5313]], [[-119.8572, 37.5311], [-119.8569, 37.5313], [-119.8569, 37.5311], [-119.8572, 37.5311]], [[-119.8559, 37.5311], [-119.8555, 37.5313], [-119.8555, 37.5311], [-119.8559, 37.5311]], [[-119.8582, 37.5305], [-119.8579, 37.5308], [-119.8579, 37.5305], [-119.8582, 37.5305]]], [[[-119.8548, 37.5302], [-119.8552, 37.53], [-119.8548, 37.53], [-119.8548, 37.5302]]], [[[-119.8457, 37.5302], [-119.846, 37.53], [-119.8457, 37.53], [-119.8457, 37.5302]]], [[[-119.8671, 37.5305], [-119.8674, 37.5297], [-119.8667, 37.5297], [-119.8671, 37.5305]]], [[[-119.862, 37.5305], [-119.8633, 37.5303], [-119.8623, 37.5297], [-119.862, 37.5305]]], [[[-119.8423, 37.5308], [-119.8423, 37.5297], [-119.8412, 37.53], [-119.8412, 37.5308], [-119.8423, 37.5308]], [[-119.8419, 37.5302], [-119.8416, 37.5305], [-119.8416, 37.5302], [-119.8419, 37.5302]]], [[[-119.8389, 37.5305], [-119.8389, 37.5297], [-119.8378, 37.5297], [-119.8378, 37.5302], [-119.8389, 37.5305]]], [[[-119.8943, 37.53], [-119.8946, 37.5298], [-119.8943, 37.5298], [-119.8943, 37.53]]], [[[-119.8892, 37.53], [-119.8895, 37.5297], [-119.8892, 37.5297], [-119.8892, 37.53]]], [[[-119.8763, 37.53], [-119.8766, 37.5297], [-119.8763, 37.5297], [-119.8763, 37.53]]], [[[-119.8718, 37.53], [-119.8722, 37.5297], [-119.8718, 37.5297], [-119.8718, 37.53]]], [[[-119.8681, 37.53], [-119.8684, 37.5297], [-119.8681, 37.5297], [-119.8681, 37.53]]], [[[-119.8576, 37.53], [-119.8579, 37.5297], [-119.8576, 37.5297], [-119.8576, 37.53]]], [[[-119.8511, 37.53], [-119.8514, 37.5297], [-119.8511, 37.5297], [-119.8511, 37.53]]], [[[-119.8474, 37.53], [-119.8477, 37.5297], [-119.8474, 37.5297], [-119.8474, 37.53]]], [[[-119.8973, 37.5303], [-119.8984, 37.5303], [-119.8984, 37.5295], [-119.8973, 37.5303]]], [[[-119.9031, 37.5308], [-119.9035, 37.5298], [-119.9028, 37.5295], [-119.9021, 37.5303], [-119.9031, 37.5308]]], [[[-119.8395, 37.5302], [-119.8409, 37.5294], [-119.8389, 37.5294], [-119.8395, 37.5302]]], [[[-119.9065, 37.5295], [-119.9072, 37.53], [-119.9079, 37.5295], [-119.9065, 37.5295]]], [[[-119.9048, 37.5298], [-119.9052, 37.5295], [-119.9048, 37.5295], [-119.9048, 37.5298]]], [[[-119.897, 37.5295], [-119.8973, 37.5298], [-119.8977, 37.5295], [-119.897, 37.5295]]], [[[-119.8922, 37.5297], [-119.8926, 37.5295], [-119.8922, 37.5295], [-119.8922, 37.5297]]], [[[-119.8769, 37.5297], [-119.8773, 37.5295], [-119.8769, 37.5295], [-119.8769, 37.5297]]], [[[-119.8661, 37.5297], [-119.8664, 37.5295], [-119.8661, 37.5295], [-119.8661, 37.5297]]], [[[-119.8572, 37.5297], [-119.8576, 37.5294], [-119.8572, 37.5294], [-119.8572, 37.5297]]], [[[-119.8535, 37.5297], [-119.8538, 37.5294], [-119.8535, 37.5294], [-119.8535, 37.5297]]], [[[-119.847, 37.5297], [-119.8474, 37.5294], [-119.847, 37.5294], [-119.847, 37.5297]]], [[[-119.8457, 37.5297], [-119.846, 37.5294], [-119.8457, 37.5294], [-119.8457, 37.5297]]], [[[-119.8446, 37.5297], [-119.845, 37.5294], [-119.8446, 37.5294], [-119.8446, 37.5297]]], [[[-119.8365, 37.5297], [-119.8368, 37.5294], [-119.8365, 37.5294], [-119.8365, 37.5297]]], [[[-119.8263, 37.5297], [-119.8266, 37.5294], [-119.8263, 37.5294], [-119.8263, 37.5297]]], [[[-119.8742, 37.5305], [-119.8742, 37.53], [-119.8735, 37.53], [-119.8722, 37.5292], [-119.8725, 37.5303], [-119.8742, 37.5305]]], [[[-119.8746, 37.5297], [-119.8752, 37.5292], [-119.8749, 37.5292], [-119.8746, 37.5297]]], [[[-119.8674, 37.5297], [-119.8678, 37.5292], [-119.8674, 37.5292], [-119.8674, 37.5297]]], [[[-119.8637, 37.5297], [-119.8644, 37.5292], [-119.8633, 37.5292], [-119.8637, 37.5297]]], [[[-119.8412, 37.5297], [-119.8416, 37.5292], [-119.8412, 37.5292], [-119.8412, 37.5297]]], [[[-119.9062, 37.5295], [-119.9065, 37.5292], [-119.9062, 37.5292], [-119.9062, 37.5295]]], [[[-119.9031, 37.5295], [-119.9035, 37.5292], [-119.9031, 37.5292], [-119.9031, 37.5295]]], [[[-119.9001, 37.5295], [-119.9004, 37.5292], [-119.9001, 37.5292], [-119.9001, 37.5295]]], [[[-119.878, 37.5295], [-119.8783, 37.5292], [-119.878, 37.5292], [-119.878, 37.5295]]], [[[-119.8773, 37.5295], [-119.8776, 37.5292], [-119.8773, 37.5292], [-119.8773, 37.5295]]], [[[-119.8742, 37.5295], [-119.8746, 37.5292], [-119.8742, 37.5292], [-119.8742, 37.5295]]], [[[-119.8518, 37.5294], [-119.8521, 37.5292], [-119.8518, 37.5292], [-119.8518, 37.5294]]], [[[-119.899, 37.5298], [-119.899, 37.5292], [-119.8984, 37.5289], [-119.8984, 37.5295], [-119.899, 37.5298]]], [[[-119.8739, 37.5297], [-119.8739, 37.5292], [-119.8725, 37.5289], [-119.8729, 37.5295], [-119.8739, 37.5297]]], [[[-119.8511, 37.5297], [-119.8511, 37.5292], [-119.8504, 37.5289], [-119.8504, 37.5294], [-119.8511, 37.5297]]], [[[-119.8453, 37.5294], [-119.8457, 37.5289], [-119.8453, 37.5289], [-119.8453, 37.5294]]], [[[-119.9069, 37.5292], [-119.9075, 37.529], [-119.9069, 37.529], [-119.9069, 37.5292]]], [[[-119.9048, 37.5292], [-119.9052, 37.529], [-119.9048, 37.529], [-119.9048, 37.5292]]], [[[-119.9024, 37.5292], [-119.9028, 37.5289], [-119.9024, 37.5289], [-119.9024, 37.5292]]], [[[-119.8885, 37.5292], [-119.8888, 37.5289], [-119.8885, 37.5289], [-119.8885, 37.5292]]], [[[-119.8746, 37.5292], [-119.8749, 37.5289], [-119.8746, 37.5289], [-119.8746, 37.5292]]], [[[-119.8718, 37.5292], [-119.8722, 37.5289], [-119.8718, 37.5289], [-119.8718, 37.5292]]], [[[-119.847, 37.5292], [-119.8474, 37.5289], [-119.847, 37.5289], [-119.847, 37.5292]]], [[[-119.8416, 37.5292], [-119.8419, 37.5289], [-119.8416, 37.5289], [-119.8416, 37.5292]]], [[[-119.8389, 37.5291], [-119.8395, 37.5289], [-119.8389, 37.5289], [-119.8389, 37.5291]]], [[[-119.8382, 37.5291], [-119.8385, 37.5289], [-119.8382, 37.5289], [-119.8382, 37.5291]]], [[[-119.8531, 37.5297], [-119.8531, 37.5292], [-119.8538, 37.5294], [-119.8545, 37.5292], [-119.8525, 37.5286], [-119.8521, 37.5292], [-119.8531, 37.5297]]], [[[-119.8878, 37.5292], [-119.8882, 37.5287], [-119.8878, 37.5287], [-119.8878, 37.5292]]], [[[-119.9086, 37.529], [-119.9089, 37.5287], [-119.9086, 37.5287], [-119.9086, 37.529]]], [[[-119.9058, 37.529], [-119.9062, 37.5287], [-119.9058, 37.5287], [-119.9058, 37.529]]], [[[-119.8895, 37.5289], [-119.8899, 37.5287], [-119.8895, 37.5287], [-119.8895, 37.5289]]], [[[-119.882, 37.5289], [-119.8824, 37.5287], [-119.882, 37.5287], [-119.882, 37.5289]]], [[[-119.8749, 37.5289], [-119.8756, 37.5287], [-119.8749, 37.5287], [-119.8749, 37.5289]]], [[[-119.8732, 37.5289], [-119.8735, 37.5287], [-119.8732, 37.5287], [-119.8732, 37.5289]]], [[[-119.8691, 37.5289], [-119.8698, 37.5286], [-119.8691, 37.5286], [-119.8691, 37.5289]]], [[[-119.8674, 37.5289], [-119.8684, 37.5286], [-119.8674, 37.5286], [-119.8674, 37.5289]]], [[[-119.8508, 37.5289], [-119.8511, 37.5286], [-119.8508, 37.5286], [-119.8508, 37.5289]]], [[[-119.8419, 37.5289], [-119.8423, 37.5286], [-119.8419, 37.5286], [-119.8419, 37.5289]]], [[[-119.8351, 37.5297], [-119.8358, 37.5294], [-119.8365, 37.5286], [-119.8355, 37.5286], [-119.8351, 37.5297]]], [[[-119.8236, 37.5289], [-119.8239, 37.5286], [-119.8236, 37.5286], [-119.8236, 37.5289]]], [[[-119.8351, 37.5291], [-119.8351, 37.5283], [-119.8344, 37.5283], [-119.8344, 37.5291], [-119.8351, 37.5291]]], [[[-119.9075, 37.529], [-119.9082, 37.5284], [-119.9072, 37.5284], [-119.9075, 37.529]]], [[[-119.9065, 37.529], [-119.9069, 37.5284], [-119.9065, 37.5284], [-119.9065, 37.529]]], [[[-119.8715, 37.53], [-119.8715, 37.5289], [-119.8718, 37.5284], [-119.8712, 37.5289], [-119.8698, 37.5292], [-119.8705, 37.53], [-119.8708, 37.5295], [-119.8715, 37.53]]], [[[-119.9028, 37.5287], [-119.9031, 37.5284], [-119.9028, 37.5284], [-119.9028, 37.5287]]], [[[-119.9007, 37.5289], [-119.9011, 37.5284], [-119.899, 37.5287], [-119.899, 37.5289], [-119.9007, 37.5289]]], [[[-119.8885, 37.5287], [-119.8888, 37.5284], [-119.8885, 37.5284], [-119.8885, 37.5287]]], [[[-119.8756, 37.5287], [-119.8759, 37.5284], [-119.8756, 37.5284], [-119.8756, 37.5287]]], [[[-119.8708, 37.5286], [-119.8712, 37.5284], [-119.8708, 37.5284], [-119.8708, 37.5286]]], [[[-119.8467, 37.5286], [-119.847, 37.5284], [-119.8467, 37.5283], [-119.8467, 37.5286]]], [[[-119.8229, 37.5286], [-119.8232, 37.5283], [-119.8229, 37.5283], [-119.8229, 37.5286]]], [[[-119.8596, 37.5294], [-119.861, 37.5284], [-119.8599, 37.5281], [-119.8596, 37.5294]]], [[[-119.8746, 37.5289], [-119.8742, 37.5281], [-119.8729, 37.5281], [-119.8729, 37.5284], [-119.8735, 37.5284], [-119.8739, 37.5289], [-119.8746, 37.5289]]], [[[-119.9058, 37.5287], [-119.9058, 37.5281], [-119.9052, 37.5281], [-119.9052, 37.5284], [-119.9058, 37.5287]]], [[[-119.9018, 37.5295], [-119.9024, 37.5284], [-119.9014, 37.5281], [-119.9018, 37.5295]]], [[[-119.882, 37.5287], [-119.8817, 37.5281], [-119.881, 37.5281], [-119.8814, 37.5287], [-119.882, 37.5287]]], [[[-119.862, 37.5286], [-119.8627, 37.5284], [-119.862, 37.5281], [-119.862, 37.5286]]], [[[-119.8565, 37.5292], [-119.8572, 37.5286], [-119.8572, 37.5281], [-119.8565, 37.5281], [-119.8565, 37.5292]]], [[[-119.8406, 37.5286], [-119.8409, 37.5281], [-119.8406, 37.5281], [-119.8406, 37.5286]]], [[[-119.9031, 37.5284], [-119.9035, 37.5281], [-119.9031, 37.5281], [-119.9031, 37.5284]]], [[[-119.8875, 37.5284], [-119.8878, 37.5281], [-119.8875, 37.5281], [-119.8875, 37.5284]]], [[[-119.8803, 37.5284], [-119.8807, 37.5281], [-119.8803, 37.5281], [-119.8803, 37.5284]]], [[[-119.8766, 37.5284], [-119.8769, 37.5281], [-119.8766, 37.5281], [-119.8766, 37.5284]]], [[[-119.8749, 37.5284], [-119.8752, 37.5281], [-119.8749, 37.5281], [-119.8749, 37.5284]]], [[[-119.8688, 37.5284], [-119.8695, 37.5281], [-119.8688, 37.5281], [-119.8688, 37.5284]]], [[[-119.8593, 37.5284], [-119.8596, 37.5281], [-119.8593, 37.5281], [-119.8593, 37.5284]]], [[[-119.8426, 37.5283], [-119.8429, 37.5281], [-119.8426, 37.5281], [-119.8426, 37.5283]]], [[[-119.8412, 37.5283], [-119.8416, 37.5281], [-119.8412, 37.5281], [-119.8412, 37.5283]]], [[[-119.8365, 37.5283], [-119.8365, 37.5278], [-119.8355, 37.5281], [-119.8355, 37.5283], [-119.8365, 37.5283]]], [[[-119.8341, 37.5283], [-119.8341, 37.5278], [-119.8331, 37.5278], [-119.8331, 37.5283], [-119.8341, 37.5283]]], [[[-119.9011, 37.5281], [-119.9014, 37.5279], [-119.9011, 37.5279], [-119.9011, 37.5281]]], [[[-119.8817, 37.5281], [-119.882, 37.5279], [-119.8817, 37.5278], [-119.8817, 37.5281]]], [[[-119.8769, 37.5281], [-119.8773, 37.5278], [-119.8769, 37.5278], [-119.8769, 37.5281]]], [[[-119.8681, 37.5278], [-119.8684, 37.5281], [-119.8688, 37.5278], [-119.8681, 37.5278]]], [[[-119.8491, 37.5278], [-119.8504, 37.5286], [-119.8514, 37.5281], [-119.8491, 37.5278]], [[-119.8504, 37.5281], [-119.8501, 37.5284], [-119.8501, 37.5281], [-119.8504, 37.5281]]], [[[-119.8467, 37.5281], [-119.847, 37.5278], [-119.8467, 37.5278], [-119.8467, 37.5281]]], [[[-119.8416, 37.5281], [-119.8419, 37.5278], [-119.8416, 37.5278], [-119.8416, 37.5281]]], [[[-119.8402, 37.5281], [-119.8406, 37.5278], [-119.8402, 37.5278], [-119.8402, 37.5281]]], [[[-119.8606, 37.5281], [-119.8613, 37.5278], [-119.8606, 37.5276], [-119.8606, 37.5281]]], [[[-119.9004, 37.5276], [-119.9007, 37.5279], [-119.9011, 37.5276], [-119.9004, 37.5276]]], [[[-119.8691, 37.5278], [-119.8698, 37.5276], [-119.8691, 37.5276], [-119.8691, 37.5278]]], [[[-119.8593, 37.5278], [-119.8599, 37.5276], [-119.8593, 37.5276], [-119.8593, 37.5278]]], [[[-119.8487, 37.5278], [-119.8491, 37.5275], [-119.8487, 37.5275], [-119.8487, 37.5278]]], [[[-119.8399, 37.5278], [-119.8402, 37.5275], [-119.8399, 37.5275], [-119.8399, 37.5278]]], [[[-119.9065, 37.5281], [-119.9062, 37.5273], [-119.9048, 37.5276], [-119.9048, 37.5281], [-119.9052, 37.5279], [-119.9065, 37.5281]]], [[[-119.8735, 37.5278], [-119.8732, 37.5273], [-119.8725, 37.5276], [-119.8725, 37.5278], [-119.8735, 37.5278]]], [[[-119.9035, 37.5276], [-119.9041, 37.5273], [-119.9035, 37.5273], [-119.9035, 37.5276]]], [[[-119.8817, 37.5276], [-119.882, 37.5273], [-119.8817, 37.5273], [-119.8817, 37.5276]]], [[[-119.88, 37.5276], [-119.8803, 37.5273], [-119.88, 37.5273], [-119.88, 37.5276]]], [[[-119.8589, 37.5276], [-119.8593, 37.5273], [-119.8589, 37.5273], [-119.8589, 37.5276]]], [[[-119.8484, 37.5275], [-119.8487, 37.5273], [-119.8484, 37.5273], [-119.8484, 37.5275]]], [[[-119.8973, 37.5273], [-119.8977, 37.5271], [-119.8973, 37.5271], [-119.8973, 37.5273]]], [[[-119.8939, 37.5273], [-119.8943, 37.5271], [-119.8939, 37.5271], [-119.8939, 37.5273]]], [[[-119.879, 37.5273], [-119.8793, 37.527], [-119.879, 37.527], [-119.879, 37.5273]]], [[[-119.8712, 37.5273], [-119.8718, 37.527], [-119.8712, 37.527], [-119.8712, 37.5273]]], [[[-119.8691, 37.5273], [-119.8695, 37.527], [-119.8691, 37.527], [-119.8691, 37.5273]]], [[[-119.8477, 37.5273], [-119.848, 37.527], [-119.8477, 37.527], [-119.8477, 37.5273]]], [[[-119.8419, 37.5273], [-119.8423, 37.527], [-119.8419, 37.527], [-119.8419, 37.5273]]], [[[-119.8413, 37.5273], [-119.8416, 37.527], [-119.8413, 37.527], [-119.8413, 37.5273]]], [[[-119.8994, 37.5279], [-119.8994, 37.5271], [-119.8984, 37.5268], [-119.8984, 37.5273], [-119.8994, 37.5279]]], [[[-119.8827, 37.527], [-119.8831, 37.5268], [-119.8827, 37.5268], [-119.8827, 37.527]]], [[[-119.8732, 37.527], [-119.8739, 37.5268], [-119.8732, 37.5268], [-119.8732, 37.527]]], [[[-119.8725, 37.527], [-119.8729, 37.5268], [-119.8725, 37.5268], [-119.8725, 37.527]]], [[[-119.8671, 37.527], [-119.8674, 37.5268], [-119.8671, 37.5268], [-119.8671, 37.527]]], [[[-119.8661, 37.527], [-119.8664, 37.5268], [-119.8661, 37.5268], [-119.8661, 37.527]]], [[[-119.8518, 37.527], [-119.8521, 37.5267], [-119.8518, 37.5267], [-119.8518, 37.527]]], [[[-119.846, 37.527], [-119.8464, 37.5267], [-119.846, 37.5267], [-119.846, 37.527]]], [[[-119.8786, 37.5289], [-119.88, 37.5278], [-119.879, 37.5278], [-119.879, 37.5273], [-119.8783, 37.5273], [-119.8783, 37.5265], [-119.8769, 37.5265], [-119.8776, 37.5281], [-119.8786, 37.5276], [-119.8786, 37.5289]]], [[[-119.881, 37.5278], [-119.881, 37.527], [-119.8824, 37.5268], [-119.8797, 37.5265], [-119.881, 37.5278]]], [[[-119.8695, 37.527], [-119.8698, 37.5265], [-119.8695, 37.5265], [-119.8695, 37.527]]], [[[-119.8596, 37.527], [-119.8603, 37.5267], [-119.8596, 37.5265], [-119.8596, 37.527]]], [[[-119.848, 37.527], [-119.8487, 37.5267], [-119.8481, 37.5265], [-119.848, 37.527]]], [[[-119.9004, 37.5268], [-119.9011, 37.5265], [-119.9004, 37.5265], [-119.9004, 37.5268]]], [[[-119.8967, 37.5268], [-119.897, 37.5265], [-119.8967, 37.5265], [-119.8967, 37.5268]]], [[[-119.8715, 37.5268], [-119.8718, 37.5265], [-119.8715, 37.5265], [-119.8715, 37.5268]]], [[[-119.8657, 37.5268], [-119.8661, 37.5265], [-119.8657, 37.5265], [-119.8657, 37.5268]]], [[[-119.8603, 37.5267], [-119.8606, 37.5265], [-119.8603, 37.5265], [-119.8603, 37.5267]]], [[[-119.845, 37.5275], [-119.8453, 37.5265], [-119.8443, 37.5265], [-119.8443, 37.5273], [-119.845, 37.5275]]], [[[-119.8793, 37.5265], [-119.8797, 37.5262], [-119.8793, 37.5262], [-119.8793, 37.5265]]], [[[-119.8766, 37.5265], [-119.8769, 37.5262], [-119.8766, 37.5262], [-119.8766, 37.5265]]], [[[-119.8746, 37.5265], [-119.8749, 37.5262], [-119.8746, 37.5262], [-119.8746, 37.5265]]], [[[-119.8725, 37.5265], [-119.8729, 37.5262], [-119.8725, 37.5262], [-119.8725, 37.5265]]], [[[-119.8698, 37.5265], [-119.8705, 37.5262], [-119.8698, 37.5262], [-119.8698, 37.5265]]], [[[-119.865, 37.5265], [-119.8654, 37.5262], [-119.865, 37.5262], [-119.865, 37.5265]]], [[[-119.864, 37.5265], [-119.8644, 37.5262], [-119.864, 37.5262], [-119.864, 37.5265]]], [[[-119.8484, 37.5265], [-119.8487, 37.5262], [-119.8484, 37.5262], [-119.8484, 37.5265]]], [[[-119.8416, 37.5265], [-119.8419, 37.5262], [-119.8416, 37.5262], [-119.8416, 37.5265]]], [[[-119.8402, 37.5265], [-119.8406, 37.5262], [-119.8402, 37.5262], [-119.8402, 37.5265]]], [[[-119.8474, 37.527], [-119.847, 37.5262], [-119.8464, 37.5259], [-119.8464, 37.5267], [-119.8474, 37.527]]], [[[-119.8589, 37.5265], [-119.8593, 37.5259], [-119.8589, 37.5259], [-119.8589, 37.5265]]], [[[-119.9062, 37.5263], [-119.9065, 37.526], [-119.9062, 37.526], [-119.9062, 37.5263]]], [[[-119.9048, 37.5263], [-119.9052, 37.526], [-119.9048, 37.526], [-119.9048, 37.5263]]], [[[-119.8841, 37.5262], [-119.8844, 37.526], [-119.8841, 37.526], [-119.8841, 37.5262]]], [[[-119.8419, 37.5262], [-119.843, 37.5259], [-119.8419, 37.5259], [-119.8419, 37.5262]]], [[[-119.8406, 37.5262], [-119.8409, 37.5259], [-119.8406, 37.5259], [-119.8406, 37.5262]]], [[[-119.8396, 37.5262], [-119.8399, 37.5259], [-119.8396, 37.5259], [-119.8396, 37.5262]]], [[[-119.8385, 37.5262], [-119.8389, 37.5259], [-119.8385, 37.5259], [-119.8385, 37.5262]]], [[[-119.8939, 37.526], [-119.8943, 37.5257], [-119.8939, 37.5257], [-119.8939, 37.526]]], [[[-119.8729, 37.526], [-119.8735, 37.526], [-119.8739, 37.5257], [-119.8729, 37.526]]], [[[-119.8664, 37.5259], [-119.8667, 37.5257], [-119.8664, 37.5257], [-119.8664, 37.5259]]], [[[-119.8474, 37.5259], [-119.8477, 37.5257], [-119.8474, 37.5257], [-119.8474, 37.5259]]], [[[-119.8402, 37.5259], [-119.8406, 37.5256], [-119.8402, 37.5256], [-119.8402, 37.5259]]], [[[-119.8311, 37.5259], [-119.8314, 37.5256], [-119.8311, 37.5256], [-119.8311, 37.5259]]], [[[-119.8494, 37.5262], [-119.8494, 37.5254], [-119.8491, 37.5254], [-119.8487, 37.5262], [-119.8494, 37.5262]]], [[[-119.9052, 37.526], [-119.9058, 37.5254], [-119.9055, 37.5254], [-119.9052, 37.526]]], [[[-119.8705, 37.5268], [-119.8712, 37.5265], [-119.8722, 37.526], [-119.8722, 37.5254], [-119.8705, 37.5259], [-119.8708, 37.5262], [-119.8705, 37.5268]]], [[[-119.8698, 37.5259], [-119.8701, 37.5254], [-119.8698, 37.5254], [-119.8698, 37.5259]]], [[[-119.8834, 37.5257], [-119.8837, 37.5254], [-119.8834, 37.5254], [-119.8834, 37.5257]]], [[[-119.8661, 37.5257], [-119.8664, 37.5254], [-119.8661, 37.5254], [-119.8661, 37.5257]]], [[[-119.8385, 37.5256], [-119.8389, 37.5254], [-119.8385, 37.5254], [-119.8385, 37.5256]]], [[[-119.8967, 37.5254], [-119.897, 37.5252], [-119.8967, 37.5252], [-119.8967, 37.5254]]], [[[-119.896, 37.5254], [-119.8963, 37.5252], [-119.896, 37.5252], [-119.896, 37.5254]]], [[[-119.8725, 37.5254], [-119.8729, 37.5251], [-119.8725, 37.5251], [-119.8725, 37.5254]]], [[[-119.8691, 37.5254], [-119.8698, 37.5251], [-119.8691, 37.5251], [-119.8691, 37.5254]]], [[[-119.8684, 37.5254], [-119.8688, 37.5251], [-119.8684, 37.5251], [-119.8684, 37.5254]]], [[[-119.8647, 37.5254], [-119.865, 37.5251], [-119.8647, 37.5251], [-119.8647, 37.5254]]], [[[-119.8419, 37.5254], [-119.8423, 37.5251], [-119.8419, 37.5251], [-119.8419, 37.5254]]], [[[-119.8192, 37.5253], [-119.8195, 37.5251], [-119.8192, 37.5251], [-119.8192, 37.5253]]], [[[-119.8555, 37.53], [-119.8559, 37.5281], [-119.8548, 37.5289], [-119.8545, 37.5278], [-119.8552, 37.5267], [-119.8555, 37.5267], [-119.8555, 37.5273], [-119.8559, 37.5273], [-119.8559, 37.5276], [-119.8576, 37.5276], [-119.8576, 37.5286], [-119.8589, 37.5289], [-119.8589, 37.5294], [-119.8596, 37.5289], [-119.8582, 37.5286], [-119.8589, 37.5281], [-119.8589, 37.5276], [-119.8582, 37.5276], [-119.8589, 37.5265], [-119.8562, 37.5249], [-119.8559, 37.5254], [-119.8535, 37.5251], [-119.8542, 37.5257], [-119.8535, 37.5259], [-119.8542, 37.5262], [-119.8538, 37.5267], [-119.8525, 37.5257], [-119.8521, 37.5265], [-119.8528, 37.5267], [-119.8521, 37.5275], [-119.8508, 37.5273], [-119.8508, 37.5267], [-119.8501, 37.5273], [-119.8501, 37.5267], [-119.8491, 37.5265], [-119.8491, 37.5275], [-119.8531, 37.5278], [-119.8531, 37.5286], [-119.8545, 37.5286], [-119.8555, 37.53]], [[-119.8545, 37.5281], [-119.8538, 37.5284], [-119.8538, 37.5281], [-119.8545, 37.5281]], [[-119.8579, 37.5273], [-119.8576, 37.5276], [-119.8576, 37.5273], [-119.8579, 37.5273]], [[-119.8531, 37.5273], [-119.8528, 37.5275], [-119.8528, 37.5273], [-119.8531, 37.5273]], [[-119.8562, 37.527], [-119.8559, 37.5273], [-119.8559, 37.527], [-119.8562, 37.527]], [[-119.8572, 37.5265], [-119.8562, 37.527], [-119.8562, 37.5267], [-119.8572, 37.5265]], [[-119.8531, 37.5267], [-119.8528, 37.527], [-119.8528, 37.5267], [-119.8531, 37.5267]], [[-119.8552, 37.5265], [-119.8548, 37.5267], [-119.8548, 37.5265], [-119.8552, 37.5265]], [[-119.8565, 37.5262], [-119.8562, 37.5265], [-119.8562, 37.5262], [-119.8565, 37.5262]], [[-119.8555, 37.5262], [-119.8552, 37.5265], [-119.8552, 37.5262], [-119.8555, 37.5262]], [[-119.8548, 37.5262], [-119.8545, 37.5265], [-119.8545, 37.5262], [-119.8548, 37.5262]], [[-119.8562, 37.5257], [-119.8559, 37.5259], [-119.8559, 37.5257], [-119.8562, 37.5257]]], [[[-119.8803, 37.5257], [-119.8827, 37.526], [-119.8824, 37.5249], [-119.8817, 37.5249], [-119.882, 37.5254], [-119.8814, 37.5249], [-119.8803, 37.5251], [-119.8803, 37.5257]]], [[[-119.8457, 37.5254], [-119.847, 37.5257], [-119.8467, 37.5248], [-119.8457, 37.5254]]], [[[-119.8715, 37.5254], [-119.8715, 37.5249], [-119.8705, 37.5251], [-119.8705, 37.5254], [-119.8715, 37.5254]]], [[[-119.8481, 37.5254], [-119.8491, 37.5251], [-119.8481, 37.5248], [-119.8481, 37.5254]]], [[[-119.8355, 37.5281], [-119.8358, 37.5273], [-119.8351, 37.5267], [-119.8375, 37.5264], [-119.8385, 37.5248], [-119.8355, 37.5254], [-119.8355, 37.5259], [-119.8345, 37.5256], [-119.8338, 37.5275], [-119.8348, 37.5273], [-119.8355, 37.5281]], [[-119.8348, 37.5264], [-119.8345, 37.527], [-119.8345, 37.5264], [-119.8348, 37.5264]], [[-119.8362, 37.5262], [-119.8355, 37.5264], [-119.8355, 37.5262], [-119.8362, 37.5262]], [[-119.8368, 37.5259], [-119.8365, 37.5262], [-119.8365, 37.5259], [-119.8368, 37.5259]], [[-119.8375, 37.5256], [-119.8368, 37.5259], [-119.8368, 37.5256], [-119.8375, 37.5256]]], [[[-119.8185, 37.5253], [-119.8185, 37.5248], [-119.8175, 37.5248], [-119.8175, 37.5253], [-119.8185, 37.5253]]], [[[-119.9048, 37.5252], [-119.9052, 37.5249], [-119.9048, 37.5249], [-119.9048, 37.5252]]], [[[-119.8936, 37.5252], [-119.8939, 37.5249], [-119.8936, 37.5249], [-119.8936, 37.5252]]], [[[-119.8688, 37.5251], [-119.8691, 37.5249], [-119.8688, 37.5249], [-119.8688, 37.5251]]], [[[-119.8667, 37.5251], [-119.8671, 37.5249], [-119.8667, 37.5249], [-119.8667, 37.5251]]], [[[-119.8661, 37.5251], [-119.8664, 37.5249], [-119.8661, 37.5249], [-119.8661, 37.5251]]], [[[-119.8518, 37.5267], [-119.8515, 37.5254], [-119.8525, 37.5248], [-119.8498, 37.5251], [-119.8501, 37.5262], [-119.8518, 37.5267]], [[-119.8508, 37.5254], [-119.8504, 37.5257], [-119.8504, 37.5254], [-119.8508, 37.5254]]], [[[-119.8453, 37.5251], [-119.8457, 37.5248], [-119.8453, 37.5248], [-119.8453, 37.5251]]], [[[-119.844, 37.5251], [-119.8443, 37.5248], [-119.844, 37.5248], [-119.844, 37.5251]]], [[[-119.8426, 37.5251], [-119.843, 37.5248], [-119.8426, 37.5248], [-119.8426, 37.5251]]], [[[-119.8195, 37.5251], [-119.8198, 37.5248], [-119.8195, 37.5248], [-119.8195, 37.5251]]], [[[-119.8402, 37.5254], [-119.8402, 37.5246], [-119.8399, 37.5246], [-119.8392, 37.5254], [-119.8402, 37.5254]]], [[[-119.861, 37.5251], [-119.8617, 37.5246], [-119.861, 37.5246], [-119.861, 37.5251]]], [[[-119.9045, 37.5249], [-119.9048, 37.5246], [-119.9045, 37.5246], [-119.9045, 37.5249]]], [[[-119.8807, 37.5249], [-119.881, 37.5246], [-119.8807, 37.5246], [-119.8807, 37.5249]]], [[[-119.8793, 37.5249], [-119.8797, 37.5246], [-119.8793, 37.5246], [-119.8793, 37.5249]]], [[[-119.8735, 37.5249], [-119.8739, 37.5246], [-119.8735, 37.5246], [-119.8735, 37.5249]]], [[[-119.8725, 37.5249], [-119.8729, 37.5246], [-119.8725, 37.5246], [-119.8725, 37.5249]]], [[[-119.8569, 37.5249], [-119.8572, 37.5246], [-119.8569, 37.5246], [-119.8569, 37.5249]]], [[[-119.8501, 37.5248], [-119.8504, 37.5246], [-119.8501, 37.5246], [-119.8501, 37.5248]]], [[[-119.846, 37.5248], [-119.8464, 37.5246], [-119.846, 37.5246], [-119.846, 37.5248]]], [[[-119.845, 37.5248], [-119.8453, 37.5246], [-119.845, 37.5246], [-119.845, 37.5248]]], [[[-119.8379, 37.5248], [-119.8382, 37.5246], [-119.8379, 37.5246], [-119.8379, 37.5248]]], [[[-119.8249, 37.5248], [-119.8253, 37.5245], [-119.8249, 37.5245], [-119.8249, 37.5248]]], [[[-119.8188, 37.5248], [-119.8192, 37.5245], [-119.8188, 37.5245], [-119.8188, 37.5248]]], [[[-119.8936, 37.5246], [-119.8939, 37.5244], [-119.8936, 37.5244], [-119.8936, 37.5246]]], [[[-119.8715, 37.5246], [-119.8718, 37.5243], [-119.8715, 37.5243], [-119.8715, 37.5246]]], [[[-119.8705, 37.5246], [-119.8708, 37.5243], [-119.8705, 37.5243], [-119.8705, 37.5246]]], [[[-119.8606, 37.5246], [-119.861, 37.5243], [-119.8606, 37.5243], [-119.8606, 37.5246]]], [[[-119.8538, 37.5243], [-119.8542, 37.5246], [-119.8545, 37.5243], [-119.8538, 37.5243]]], [[[-119.8477, 37.5246], [-119.8481, 37.5243], [-119.8477, 37.5243], [-119.8477, 37.5246]]], [[[-119.8464, 37.5246], [-119.8467, 37.5243], [-119.8464, 37.5243], [-119.8464, 37.5246]]], [[[-119.8453, 37.5246], [-119.8457, 37.5243], [-119.8453, 37.5243], [-119.8453, 37.5246]]], [[[-119.8375, 37.5246], [-119.8379, 37.5243], [-119.8375, 37.5243], [-119.8375, 37.5246]]], [[[-119.8348, 37.5246], [-119.8351, 37.5243], [-119.8348, 37.5243], [-119.8348, 37.5246]]], [[[-119.8202, 37.5245], [-119.8209, 37.5243], [-119.8202, 37.5243], [-119.8202, 37.5245]]], [[[-119.8338, 37.5248], [-119.8334, 37.524], [-119.8321, 37.5243], [-119.8321, 37.5246], [-119.8338, 37.5248]]], [[[-119.8735, 37.5246], [-119.8735, 37.5241], [-119.8729, 37.5241], [-119.8729, 37.5243], [-119.8735, 37.5246]]], [[[-119.8668, 37.5246], [-119.8664, 37.5241], [-119.8657, 37.5241], [-119.8661, 37.5246], [-119.8668, 37.5246]]], [[[-119.8504, 37.5243], [-119.8515, 37.5246], [-119.8515, 37.524], [-119.8504, 37.5243]]], [[[-119.844, 37.5246], [-119.8443, 37.524], [-119.844, 37.524], [-119.844, 37.5246]]], [[[-119.8266, 37.5248], [-119.8277, 37.5243], [-119.827, 37.524], [-119.8266, 37.5248]]], [[[-119.9048, 37.5244], [-119.9052, 37.5241], [-119.9048, 37.5241], [-119.9048, 37.5244]]], [[[-119.8739, 37.5243], [-119.8742, 37.5241], [-119.8739, 37.5241], [-119.8739, 37.5243]]], [[[-119.8718, 37.5243], [-119.8722, 37.5241], [-119.8719, 37.5241], [-119.8718, 37.5243]]], [[[-119.8651, 37.5243], [-119.8654, 37.5241], [-119.8651, 37.5241], [-119.8651, 37.5243]]], [[[-119.8596, 37.5243], [-119.8603, 37.524], [-119.8596, 37.524], [-119.8596, 37.5243]]], [[[-119.8419, 37.5243], [-119.8423, 37.524], [-119.8419, 37.524], [-119.8419, 37.5243]]], [[[-119.8362, 37.5243], [-119.8365, 37.524], [-119.8362, 37.524], [-119.8362, 37.5243]]], [[[-119.8175, 37.5243], [-119.8192, 37.524], [-119.8175, 37.524], [-119.8175, 37.5243]]], [[[-119.8263, 37.5291], [-119.8266, 37.5272], [-119.8256, 37.5256], [-119.827, 37.5256], [-119.8287, 37.5248], [-119.8294, 37.5254], [-119.8307, 37.5251], [-119.8311, 37.5243], [-119.8304, 37.5237], [-119.8277, 37.5245], [-119.8277, 37.5251], [-119.826, 37.5248], [-119.8253, 37.5254], [-119.8253, 37.5251], [-119.8249, 37.5251], [-119.8249, 37.5248], [-119.8246, 37.5245], [-119.8229, 37.5251], [-119.8229, 37.5262], [-119.8236, 37.5262], [-119.8229, 37.528], [-119.8239, 37.528], [-119.8242, 37.5291], [-119.8263, 37.5291]], [[-119.826, 37.5286], [-119.8253, 37.5286], [-119.8249, 37.5281], [-119.8256, 37.5278], [-119.826, 37.5286]], [[-119.8243, 37.5278], [-119.8239, 37.528], [-119.8239, 37.5278], [-119.8243, 37.5278]], [[-119.8236, 37.5272], [-119.8232, 37.5275], [-119.8232, 37.5272], [-119.8236, 37.5272]], [[-119.826, 37.527], [-119.8256, 37.5272], [-119.8256, 37.527], [-119.826, 37.527]], [[-119.8243, 37.527], [-119.8239, 37.5272], [-119.8239, 37.527], [-119.8243, 37.527]], [[-119.8253, 37.5267], [-119.8249, 37.527], [-119.8249, 37.5267], [-119.8253, 37.5267]], [[-119.8239, 37.5259], [-119.8236, 37.5262], [-119.8236, 37.5259], [-119.8239, 37.5259]], [[-119.8249, 37.5254], [-119.8246, 37.5256], [-119.8246, 37.5254], [-119.8249, 37.5254]]], [[[-119.881, 37.5246], [-119.882, 37.5241], [-119.881, 37.5238], [-119.881, 37.5246]]], [[[-119.8559, 37.5249], [-119.8562, 37.524], [-119.8552, 37.5238], [-119.8549, 37.5243], [-119.8559, 37.5249]]], [[[-119.8484, 37.524], [-119.8494, 37.5243], [-119.8494, 37.5238], [-119.8484, 37.524]]], [[[-119.8345, 37.5243], [-119.8348, 37.5237], [-119.8345, 37.5237], [-119.8345, 37.5243]]], [[[-119.9126, 37.5241], [-119.913, 37.5238], [-119.9126, 37.5238], [-119.9126, 37.5241]]], [[[-119.8936, 37.5241], [-119.8943, 37.5238], [-119.8936, 37.5238], [-119.8936, 37.5241]]], [[[-119.882, 37.5241], [-119.8831, 37.5238], [-119.882, 37.5238], [-119.882, 37.5241]]], [[[-119.8746, 37.5241], [-119.8749, 37.5238], [-119.8746, 37.5238], [-119.8746, 37.5241]]], [[[-119.8708, 37.5241], [-119.8712, 37.5238], [-119.8708, 37.5238], [-119.8708, 37.5241]]], [[[-119.8691, 37.5241], [-119.8695, 37.5238], [-119.8691, 37.5238], [-119.8691, 37.5241]]], [[[-119.8508, 37.524], [-119.8511, 37.5238], [-119.8508, 37.5238], [-119.8508, 37.524]]], [[[-119.8498, 37.524], [-119.8504, 37.5238], [-119.8498, 37.5238], [-119.8498, 37.524]]], [[[-119.8443, 37.524], [-119.8447, 37.5238], [-119.8443, 37.5238], [-119.8443, 37.524]]], [[[-119.8433, 37.524], [-119.8436, 37.5238], [-119.8433, 37.5238], [-119.8433, 37.524]]], [[[-119.8423, 37.524], [-119.8426, 37.5238], [-119.8423, 37.5238], [-119.8423, 37.524]]], [[[-119.8239, 37.524], [-119.8243, 37.5237], [-119.8239, 37.5237], [-119.8239, 37.524]]], [[[-119.8474, 37.524], [-119.8467, 37.5235], [-119.8457, 37.5238], [-119.8457, 37.524], [-119.8474, 37.524]]], [[[-119.9041, 37.5238], [-119.9045, 37.5236], [-119.9041, 37.5236], [-119.9041, 37.5238]]], [[[-119.898, 37.5238], [-119.8984, 37.5235], [-119.898, 37.5235], [-119.898, 37.5238]]], [[[-119.8834, 37.5238], [-119.8837, 37.5235], [-119.8834, 37.5235], [-119.8834, 37.5238]]], [[[-119.8719, 37.5238], [-119.8722, 37.5235], [-119.8719, 37.5235], [-119.8719, 37.5238]]], [[[-119.8535, 37.5238], [-119.8538, 37.5235], [-119.8535, 37.5235], [-119.8535, 37.5238]]], [[[-119.8504, 37.5238], [-119.8508, 37.5235], [-119.8504, 37.5235], [-119.8504, 37.5238]]], [[[-119.8474, 37.5238], [-119.8477, 37.5235], [-119.8474, 37.5235], [-119.8474, 37.5238]]], [[[-119.844, 37.5238], [-119.8443, 37.5235], [-119.844, 37.5235], [-119.844, 37.5238]]], [[[-119.8266, 37.5237], [-119.827, 37.5235], [-119.8266, 37.5235], [-119.8266, 37.5237]]], [[[-119.8243, 37.5237], [-119.8246, 37.5235], [-119.8243, 37.5235], [-119.8243, 37.5237]]], [[[-119.8192, 37.5237], [-119.8195, 37.5235], [-119.8192, 37.5235], [-119.8192, 37.5237]]], [[[-119.8532, 37.5248], [-119.8535, 37.524], [-119.8525, 37.5232], [-119.8518, 37.5243], [-119.8532, 37.5248]]], [[[-119.8769, 37.5238], [-119.877, 37.5233], [-119.8763, 37.5233], [-119.8763, 37.5235], [-119.8769, 37.5238]]], [[[-119.8742, 37.5238], [-119.8746, 37.5233], [-119.8742, 37.5233], [-119.8742, 37.5238]]], [[[-119.9133, 37.5236], [-119.9137, 37.5233], [-119.9133, 37.5233], [-119.9133, 37.5236]]], [[[-119.9021, 37.5236], [-119.9024, 37.5233], [-119.9021, 37.5233], [-119.9021, 37.5236]]], [[[-119.8705, 37.5241], [-119.8708, 37.5233], [-119.8695, 37.5232], [-119.8695, 37.5238], [-119.8702, 37.5235], [-119.8705, 37.5241]]], [[[-119.8627, 37.5235], [-119.863, 37.5232], [-119.8627, 37.5232], [-119.8627, 37.5235]]], [[[-119.8494, 37.5235], [-119.8498, 37.5232], [-119.8494, 37.5232], [-119.8494, 37.5235]]], [[[-119.8426, 37.5235], [-119.8433, 37.5232], [-119.8426, 37.5232], [-119.8426, 37.5235]]], [[[-119.8409, 37.5235], [-119.8413, 37.5232], [-119.8409, 37.5232], [-119.8409, 37.5235]]], [[[-119.8389, 37.5235], [-119.8392, 37.5232], [-119.8389, 37.5232], [-119.8389, 37.5235]]], [[[-119.827, 37.5235], [-119.8283, 37.5232], [-119.827, 37.5232], [-119.827, 37.5235]]], [[[-119.826, 37.5235], [-119.8263, 37.5232], [-119.826, 37.5232], [-119.826, 37.5235]]], [[[-119.8181, 37.5235], [-119.8185, 37.5232], [-119.8181, 37.5232], [-119.8181, 37.5235]]], [[[-119.8684, 37.5251], [-119.8688, 37.5243], [-119.8661, 37.523], [-119.8664, 37.5241], [-119.8674, 37.5241], [-119.8684, 37.5251]]], [[[-119.897, 37.5246], [-119.897, 37.5235], [-119.896, 37.523], [-119.896, 37.5241], [-119.897, 37.5246]]], [[[-119.8943, 37.5235], [-119.8943, 37.523], [-119.8933, 37.523], [-119.8933, 37.5233], [-119.8943, 37.5235]]], [[[-119.8515, 37.5238], [-119.8518, 37.5232], [-119.8508, 37.523], [-119.8508, 37.5235], [-119.8515, 37.5238]]], [[[-119.8484, 37.5235], [-119.8491, 37.523], [-119.8487, 37.523], [-119.8484, 37.5235]]], [[[-119.9031, 37.5233], [-119.9035, 37.523], [-119.9031, 37.523], [-119.9031, 37.5233]]], [[[-119.9018, 37.5233], [-119.9021, 37.523], [-119.9018, 37.523], [-119.9018, 37.5233]]], [[[-119.9011, 37.5235], [-119.9014, 37.523], [-119.9004, 37.523], [-119.9004, 37.5233], [-119.9011, 37.5235]]], [[[-119.8984, 37.5233], [-119.8987, 37.523], [-119.8984, 37.523], [-119.8984, 37.5233]]], [[[-119.897, 37.5233], [-119.8973, 37.523], [-119.897, 37.523], [-119.897, 37.5233]]], [[[-119.8814, 37.5233], [-119.8817, 37.523], [-119.8814, 37.523], [-119.8814, 37.5233]]], [[[-119.8739, 37.5233], [-119.8742, 37.523], [-119.8739, 37.523], [-119.8739, 37.5233]]], [[[-119.8715, 37.5233], [-119.8719, 37.523], [-119.8715, 37.523], [-119.8715, 37.5233]]], [[[-119.8708, 37.5233], [-119.8712, 37.523], [-119.8708, 37.523], [-119.8708, 37.5233]]], [[[-119.8651, 37.5232], [-119.8654, 37.523], [-119.8651, 37.523], [-119.8651, 37.5232]]], [[[-119.8637, 37.5232], [-119.864, 37.523], [-119.8637, 37.523], [-119.8637, 37.5232]]], [[[-119.8586, 37.5232], [-119.8593, 37.523], [-119.8586, 37.523], [-119.8586, 37.5232]]], [[[-119.8528, 37.5232], [-119.8538, 37.523], [-119.8528, 37.523], [-119.8528, 37.5232]]], [[[-119.8457, 37.5232], [-119.846, 37.523], [-119.8457, 37.523], [-119.8457, 37.5232]]], [[[-119.8413, 37.5232], [-119.8416, 37.5229], [-119.8413, 37.5229], [-119.8413, 37.5232]]], [[[-119.8365, 37.5232], [-119.8368, 37.5229], [-119.8365, 37.5229], [-119.8365, 37.5232]]], [[[-119.8314, 37.5232], [-119.8317, 37.5229], [-119.8314, 37.5229], [-119.8314, 37.5232]]], [[[-119.8297, 37.5232], [-119.83, 37.5229], [-119.8297, 37.5229], [-119.8297, 37.5232]]], [[[-119.8283, 37.5232], [-119.8287, 37.5229], [-119.8283, 37.5229], [-119.8283, 37.5232]]], [[[-119.8929, 37.5244], [-119.8933, 37.5238], [-119.8926, 37.5227], [-119.8919, 37.5235], [-119.8929, 37.5244]]], [[[-119.8759, 37.5233], [-119.8763, 37.5227], [-119.8759, 37.5227], [-119.8759, 37.5233]]], [[[-119.912, 37.523], [-119.9123, 37.5227], [-119.912, 37.5227], [-119.912, 37.523]]], [[[-119.9082, 37.5236], [-119.9082, 37.523], [-119.9086, 37.5227], [-119.9075, 37.523], [-119.9082, 37.5236]]], [[[-119.8797, 37.523], [-119.88, 37.5227], [-119.8797, 37.5227], [-119.8797, 37.523]]], [[[-119.8722, 37.523], [-119.8725, 37.5227], [-119.8722, 37.5227], [-119.8722, 37.523]]], [[[-119.8647, 37.523], [-119.8651, 37.5227], [-119.8647, 37.5227], [-119.8647, 37.523]]], [[[-119.8464, 37.523], [-119.8467, 37.5227], [-119.8464, 37.5227], [-119.8464, 37.523]]], [[[-119.8399, 37.5229], [-119.8406, 37.5229], [-119.8409, 37.5227], [-119.8399, 37.5229]]], [[[-119.8385, 37.5229], [-119.8389, 37.5227], [-119.8385, 37.5227], [-119.8385, 37.5229]]], [[[-119.8229, 37.524], [-119.8229, 37.5229], [-119.8222, 37.5235], [-119.8215, 37.5224], [-119.8212, 37.5232], [-119.8229, 37.524]]], [[[-119.8956, 37.5241], [-119.8956, 37.523], [-119.8946, 37.5225], [-119.8946, 37.5238], [-119.8956, 37.5241]], [[-119.8953, 37.5233], [-119.895, 37.5235], [-119.895, 37.5233], [-119.8953, 37.5233]]], [[[-119.8613, 37.5232], [-119.8603, 37.523], [-119.86, 37.5224], [-119.86, 37.5232], [-119.8613, 37.5232]]], [[[-119.8436, 37.5229], [-119.844, 37.5224], [-119.8436, 37.5224], [-119.8436, 37.5229]]], [[[-119.8888, 37.5227], [-119.8892, 37.5225], [-119.8888, 37.5225], [-119.8888, 37.5227]]], [[[-119.8705, 37.5227], [-119.8708, 37.5224], [-119.8705, 37.5224], [-119.8705, 37.5227]]], [[[-119.8657, 37.5227], [-119.8661, 37.5224], [-119.8657, 37.5224], [-119.8657, 37.5227]]], [[[-119.8627, 37.5227], [-119.863, 37.5224], [-119.8627, 37.5224], [-119.8627, 37.5227]]], [[[-119.8334, 37.5227], [-119.8338, 37.5224], [-119.8334, 37.5224], [-119.8334, 37.5227]]], [[[-119.8222, 37.5226], [-119.8232, 37.5224], [-119.8222, 37.5224], [-119.8222, 37.5226]]], [[[-119.8185, 37.5229], [-119.8198, 37.5224], [-119.8185, 37.5226], [-119.8185, 37.5229]]], [[[-119.8987, 37.5227], [-119.8984, 37.5222], [-119.897, 37.5225], [-119.897, 37.5227], [-119.8987, 37.5227]]], [[[-119.8956, 37.523], [-119.8963, 37.5225], [-119.8956, 37.5222], [-119.8956, 37.523]]], [[[-119.864, 37.5227], [-119.8647, 37.5222], [-119.8644, 37.5222], [-119.864, 37.5227]]], [[[-119.8804, 37.5225], [-119.8807, 37.5222], [-119.8804, 37.5222], [-119.8804, 37.5225]]], [[[-119.8773, 37.5224], [-119.8776, 37.5222], [-119.8773, 37.5222], [-119.8773, 37.5224]]], [[[-119.8606, 37.5224], [-119.861, 37.5222], [-119.8606, 37.5222], [-119.8606, 37.5224]]], [[[-119.8593, 37.5224], [-119.8596, 37.5222], [-119.8593, 37.5222], [-119.8593, 37.5224]]], [[[-119.8504, 37.5232], [-119.8511, 37.5224], [-119.8494, 37.5227], [-119.8498, 37.5221], [-119.8484, 37.5221], [-119.8491, 37.523], [-119.8504, 37.5232]]], [[[-119.8358, 37.5224], [-119.8362, 37.5221], [-119.8358, 37.5221], [-119.8358, 37.5224]]], [[[-119.8317, 37.5224], [-119.8321, 37.5221], [-119.8317, 37.5221], [-119.8317, 37.5224]]], [[[-119.8219, 37.5224], [-119.8222, 37.5221], [-119.8219, 37.5221], [-119.8219, 37.5224]]], [[[-119.8175, 37.5224], [-119.8178, 37.5221], [-119.8175, 37.5221], [-119.8175, 37.5224]]], [[[-119.8474, 37.5227], [-119.8487, 37.5227], [-119.8474, 37.5219], [-119.8474, 37.5227]]], [[[-119.8715, 37.523], [-119.8719, 37.5224], [-119.8729, 37.5227], [-119.8729, 37.5222], [-119.8712, 37.5219], [-119.8715, 37.523]]], [[[-119.8634, 37.5224], [-119.8637, 37.5219], [-119.8634, 37.5219], [-119.8634, 37.5224]]], [[[-119.8328, 37.5224], [-119.8334, 37.5219], [-119.8331, 37.5219], [-119.8328, 37.5224]]], [[[-119.9116, 37.5222], [-119.912, 37.5219], [-119.9116, 37.5219], [-119.9116, 37.5222]]], [[[-119.88, 37.5222], [-119.8804, 37.5219], [-119.88, 37.5219], [-119.88, 37.5222]]], [[[-119.8528, 37.5222], [-119.8532, 37.5219], [-119.8528, 37.5219], [-119.8528, 37.5222]]], [[[-119.8508, 37.5221], [-119.8511, 37.5219], [-119.8508, 37.5219], [-119.8508, 37.5221]]], [[[-119.8501, 37.5221], [-119.8504, 37.5219], [-119.8501, 37.5219], [-119.8501, 37.5221]]], [[[-119.8443, 37.5221], [-119.8447, 37.5219], [-119.8443, 37.5219], [-119.8443, 37.5221]]], [[[-119.8185, 37.5221], [-119.8188, 37.5218], [-119.8185, 37.5218], [-119.8185, 37.5221]]], [[[-119.896, 37.5222], [-119.8967, 37.5219], [-119.896, 37.5217], [-119.896, 37.5222]]], [[[-119.9147, 37.5219], [-119.915, 37.5217], [-119.9147, 37.5217], [-119.9147, 37.5219]]], [[[-119.895, 37.5219], [-119.8953, 37.5217], [-119.895, 37.5217], [-119.895, 37.5219]]], [[[-119.8929, 37.5219], [-119.8936, 37.5217], [-119.8929, 37.5217], [-119.8929, 37.5219]]], [[[-119.8797, 37.5219], [-119.88, 37.5216], [-119.8797, 37.5216], [-119.8797, 37.5219]]], [[[-119.8647, 37.5219], [-119.8651, 37.5216], [-119.8647, 37.5216], [-119.8647, 37.5219]]], [[[-119.8637, 37.5219], [-119.864, 37.5216], [-119.8637, 37.5216], [-119.8637, 37.5219]]], [[[-119.847, 37.5219], [-119.8474, 37.5216], [-119.847, 37.5216], [-119.847, 37.5219]]], [[[-119.8226, 37.5218], [-119.8229, 37.5216], [-119.8226, 37.5216], [-119.8226, 37.5218]]], [[[-119.8736, 37.5224], [-119.8736, 37.5216], [-119.8725, 37.5214], [-119.8725, 37.5219], [-119.8736, 37.5224]]], [[[-119.8623, 37.5224], [-119.8623, 37.5216], [-119.8617, 37.5214], [-119.8617, 37.5219], [-119.8623, 37.5224]]], [[[-119.8756, 37.5222], [-119.8759, 37.5214], [-119.8753, 37.5214], [-119.8756, 37.5222]]], [[[-119.8586, 37.5222], [-119.8589, 37.5213], [-119.8583, 37.5213], [-119.8586, 37.5222]]], [[[-119.8521, 37.5219], [-119.8525, 37.5213], [-119.8521, 37.5213], [-119.8521, 37.5219]]], [[[-119.8209, 37.5221], [-119.8209, 37.5213], [-119.8195, 37.5216], [-119.8195, 37.5218], [-119.8209, 37.5221]]], [[[-119.9011, 37.5217], [-119.9014, 37.5214], [-119.9011, 37.5214], [-119.9011, 37.5217]]], [[[-119.8997, 37.5233], [-119.9001, 37.5214], [-119.8984, 37.5217], [-119.8984, 37.5222], [-119.8994, 37.5222], [-119.8997, 37.5233]]], [[[-119.8627, 37.5216], [-119.863, 37.5214], [-119.8627, 37.5214], [-119.8627, 37.5216]]], [[[-119.8392, 37.5213], [-119.8396, 37.5216], [-119.8399, 37.5213], [-119.8392, 37.5213]]], [[[-119.8328, 37.5216], [-119.8331, 37.5213], [-119.8328, 37.5213], [-119.8328, 37.5216]]], [[[-119.8212, 37.5216], [-119.8215, 37.5213], [-119.8212, 37.5213], [-119.8212, 37.5216]]], [[[-119.9035, 37.5222], [-119.9028, 37.5211], [-119.9024, 37.5211], [-119.9021, 37.5217], [-119.9035, 37.5222]]], [[[-119.8705, 37.5222], [-119.8712, 37.5219], [-119.8708, 37.5211], [-119.8702, 37.5214], [-119.8705, 37.5222]]], [[[-119.8348, 37.5224], [-119.8351, 37.5219], [-119.8351, 37.521], [-119.8341, 37.5221], [-119.8348, 37.5224]]], [[[-119.912, 37.5211], [-119.9126, 37.5217], [-119.9126, 37.5211], [-119.912, 37.5211]]], [[[-119.8511, 37.5216], [-119.8515, 37.5211], [-119.8511, 37.5211], [-119.8511, 37.5216]]], [[[-119.9089, 37.5214], [-119.9096, 37.5211], [-119.9089, 37.5211], [-119.9089, 37.5214]]], [[[-119.8895, 37.5214], [-119.8902, 37.5211], [-119.8895, 37.5211], [-119.8895, 37.5214]]], [[[-119.8766, 37.5214], [-119.877, 37.5211], [-119.8766, 37.5211], [-119.8766, 37.5214]]], [[[-119.864, 37.5214], [-119.8644, 37.5211], [-119.864, 37.5211], [-119.864, 37.5214]]], [[[-119.8538, 37.5213], [-119.8545, 37.5211], [-119.8538, 37.5211], [-119.8538, 37.5213]]], [[[-119.8474, 37.5213], [-119.8477, 37.5211], [-119.8474, 37.5211], [-119.8474, 37.5213]]], [[[-119.8219, 37.5213], [-119.8226, 37.521], [-119.8219, 37.521], [-119.8219, 37.5213]]], [[[-119.9075, 37.5227], [-119.9079, 37.5214], [-119.9065, 37.5209], [-119.9058, 37.5225], [-119.9075, 37.5227]], [[-119.9072, 37.5219], [-119.9069, 37.5222], [-119.9069, 37.5219], [-119.9072, 37.5219]]], [[[-119.9007, 37.5217], [-119.9011, 37.5211], [-119.9001, 37.5209], [-119.9001, 37.5214], [-119.9007, 37.5217]]], [[[-119.8963, 37.5214], [-119.8967, 37.5208], [-119.8963, 37.5208], [-119.8963, 37.5214]]], [[[-119.862, 37.5214], [-119.8627, 37.5208], [-119.8623, 37.5208], [-119.862, 37.5214]]], [[[-119.8443, 37.5213], [-119.8443, 37.5208], [-119.8433, 37.5208], [-119.8433, 37.5211], [-119.8443, 37.5213]]], [[[-119.8389, 37.5216], [-119.8392, 37.5208], [-119.8375, 37.5213], [-119.8375, 37.5216], [-119.8389, 37.5216]]], [[[-119.8953, 37.5208], [-119.8956, 37.5211], [-119.896, 37.5208], [-119.8953, 37.5208]]], [[[-119.863, 37.5211], [-119.8634, 37.5208], [-119.863, 37.5208], [-119.863, 37.5211]]], [[[-119.8586, 37.5211], [-119.8589, 37.5208], [-119.8586, 37.5208], [-119.8586, 37.5211]]], [[[-119.8545, 37.5211], [-119.8552, 37.5208], [-119.8545, 37.5208], [-119.8545, 37.5211]]], [[[-119.8508, 37.5211], [-119.8511, 37.5208], [-119.8508, 37.5208], [-119.8508, 37.5211]]], [[[-119.9133, 37.5233], [-119.9147, 37.5219], [-119.913, 37.5206], [-119.913, 37.5219], [-119.9123, 37.5219], [-119.9123, 37.5227], [-119.9133, 37.5233]], [[-119.9137, 37.5214], [-119.9133, 37.5217], [-119.9133, 37.5214], [-119.9137, 37.5214]]], [[[-119.8572, 37.5219], [-119.8572, 37.5211], [-119.8566, 37.5205], [-119.8562, 37.5213], [-119.8572, 37.5219]]], [[[-119.9021, 37.5211], [-119.9024, 37.5206], [-119.9021, 37.5206], [-119.9021, 37.5211]]], [[[-119.8729, 37.5211], [-119.8732, 37.5206], [-119.8729, 37.5206], [-119.8729, 37.5211]]], [[[-119.8205, 37.5213], [-119.8212, 37.5208], [-119.8199, 37.5205], [-119.8198, 37.5213], [-119.8205, 37.5213]], [[-119.8205, 37.5208], [-119.8202, 37.521], [-119.8202, 37.5208], [-119.8205, 37.5208]]], [[[-119.9058, 37.5209], [-119.9065, 37.5206], [-119.9058, 37.5206], [-119.9058, 37.5209]]], [[[-119.9011, 37.5209], [-119.9014, 37.5206], [-119.9011, 37.5206], [-119.9011, 37.5209]]], [[[-119.8994, 37.5208], [-119.9001, 37.5206], [-119.8994, 37.5206], [-119.8994, 37.5208]]], [[[-119.8678, 37.5208], [-119.8681, 37.5205], [-119.8678, 37.5205], [-119.8678, 37.5208]]], [[[-119.8447, 37.5208], [-119.845, 37.5205], [-119.8447, 37.5205], [-119.8447, 37.5208]]], [[[-119.8351, 37.5208], [-119.8355, 37.5205], [-119.8351, 37.5205], [-119.8351, 37.5208]]], [[[-119.8212, 37.5208], [-119.8216, 37.5205], [-119.8212, 37.5205], [-119.8212, 37.5208]]], [[[-119.8994, 37.5214], [-119.8994, 37.5208], [-119.8984, 37.5203], [-119.898, 37.5211], [-119.8994, 37.5214]]], [[[-119.8719, 37.5208], [-119.8722, 37.5203], [-119.8719, 37.5203], [-119.8719, 37.5208]]], [[[-119.8712, 37.5208], [-119.8708, 37.5203], [-119.8698, 37.5203], [-119.8698, 37.5208], [-119.8712, 37.5208]]], [[[-119.8542, 37.5208], [-119.8545, 37.5203], [-119.8542, 37.5203], [-119.8542, 37.5208]]], [[[-119.9126, 37.5206], [-119.913, 37.5203], [-119.9126, 37.5203], [-119.9126, 37.5206]]], [[[-119.9018, 37.5206], [-119.9021, 37.5203], [-119.9018, 37.5203], [-119.9018, 37.5206]]], [[[-119.899, 37.5206], [-119.8994, 37.5203], [-119.899, 37.5203], [-119.899, 37.5206]]], [[[-119.8977, 37.5206], [-119.898, 37.5203], [-119.8977, 37.5203], [-119.8977, 37.5206]]], [[[-119.8712, 37.5206], [-119.8715, 37.5203], [-119.8712, 37.5203], [-119.8712, 37.5206]]], [[[-119.843, 37.5205], [-119.8433, 37.5202], [-119.843, 37.5202], [-119.843, 37.5205]]], [[[-119.8409, 37.5211], [-119.8406, 37.52], [-119.8402, 37.52], [-119.8402, 37.5211], [-119.8409, 37.5211]]], [[[-119.896, 37.5206], [-119.8967, 37.52], [-119.8963, 37.52], [-119.896, 37.5206]]], [[[-119.8436, 37.5224], [-119.8436, 37.5213], [-119.8423, 37.5208], [-119.8426, 37.52], [-119.8413, 37.5202], [-119.8409, 37.5213], [-119.8436, 37.5224]], [[-119.8426, 37.5211], [-119.8423, 37.5213], [-119.8423, 37.5211], [-119.8426, 37.5211]]], [[[-119.8345, 37.5205], [-119.8348, 37.52], [-119.8345, 37.52], [-119.8345, 37.5205]]], [[[-119.912, 37.5203], [-119.9123, 37.5201], [-119.912, 37.52], [-119.912, 37.5203]]], [[[-119.9014, 37.5203], [-119.9018, 37.52], [-119.9014, 37.52], [-119.9014, 37.5203]]], [[[-119.898, 37.5203], [-119.8984, 37.52], [-119.898, 37.52], [-119.898, 37.5203]]], [[[-119.8596, 37.5203], [-119.86, 37.52], [-119.8596, 37.52], [-119.8596, 37.5203]]], [[[-119.8569, 37.5203], [-119.8572, 37.52], [-119.8569, 37.52], [-119.8569, 37.5203]]], [[[-119.8555, 37.5203], [-119.8562, 37.5203], [-119.8566, 37.52], [-119.8555, 37.5203]]], [[[-119.8528, 37.5203], [-119.8535, 37.52], [-119.8528, 37.52], [-119.8528, 37.5203]]], [[[-119.8433, 37.5202], [-119.844, 37.52], [-119.8433, 37.52], [-119.8433, 37.5202]]], [[[-119.8385, 37.5202], [-119.8389, 37.52], [-119.8385, 37.52], [-119.8385, 37.5202]]], [[[-119.8338, 37.5202], [-119.8341, 37.52], [-119.8338, 37.52], [-119.8338, 37.5202]]], [[[-119.8647, 37.5203], [-119.8661, 37.5205], [-119.8657, 37.5197], [-119.8647, 37.5203]]], [[[-119.8576, 37.5205], [-119.8579, 37.5197], [-119.8572, 37.5197], [-119.8576, 37.5205]]], [[[-119.8409, 37.5202], [-119.8413, 37.5197], [-119.8409, 37.5197], [-119.8409, 37.5202]]], [[[-119.9021, 37.52], [-119.9024, 37.5198], [-119.9021, 37.5198], [-119.9021, 37.52]]], [[[-119.8967, 37.52], [-119.897, 37.5198], [-119.8967, 37.5198], [-119.8967, 37.52]]], [[[-119.8712, 37.52], [-119.8715, 37.5197], [-119.8712, 37.5197], [-119.8712, 37.52]]], [[[-119.8681, 37.52], [-119.8685, 37.5197], [-119.8681, 37.5197], [-119.8681, 37.52]]], [[[-119.8586, 37.52], [-119.8589, 37.5197], [-119.8586, 37.5197], [-119.8586, 37.52]]], [[[-119.8549, 37.52], [-119.8552, 37.5197], [-119.8549, 37.5197], [-119.8549, 37.52]]], [[[-119.8535, 37.52], [-119.8538, 37.5197], [-119.8535, 37.5197], [-119.8535, 37.52]]], [[[-119.8508, 37.52], [-119.8511, 37.5197], [-119.8508, 37.5197], [-119.8508, 37.52]]], [[[-119.8467, 37.52], [-119.847, 37.5197], [-119.8467, 37.5197], [-119.8467, 37.52]]], [[[-119.8447, 37.52], [-119.8453, 37.5197], [-119.8447, 37.5197], [-119.8447, 37.52]]], [[[-119.8365, 37.52], [-119.8368, 37.5197], [-119.8365, 37.5197], [-119.8365, 37.52]]], [[[-119.8477, 37.5219], [-119.8491, 37.5213], [-119.8501, 37.5216], [-119.8498, 37.5211], [-119.8504, 37.5211], [-119.8508, 37.52], [-119.8484, 37.5194], [-119.8484, 37.5203], [-119.847, 37.5203], [-119.8481, 37.5211], [-119.8477, 37.5219]], [[-119.8494, 37.5203], [-119.8491, 37.5205], [-119.8491, 37.5203], [-119.8494, 37.5203]]], [[[-119.8919, 37.5203], [-119.8929, 37.5198], [-119.8923, 37.5195], [-119.8919, 37.5203]]], [[[-119.8909, 37.5206], [-119.8912, 37.5198], [-119.8902, 37.5195], [-119.8902, 37.52], [-119.8909, 37.5206]]], [[[-119.8555, 37.52], [-119.8559, 37.5195], [-119.8555, 37.5195], [-119.8555, 37.52]]], [[[-119.8426, 37.52], [-119.843, 37.5194], [-119.8426, 37.5194], [-119.8426, 37.52]]], [[[-119.8933, 37.5198], [-119.8936, 37.5195], [-119.8933, 37.5195], [-119.8933, 37.5198]]], [[[-119.8644, 37.5197], [-119.8647, 37.5195], [-119.8644, 37.5195], [-119.8644, 37.5197]]], [[[-119.8542, 37.5197], [-119.8545, 37.5195], [-119.8542, 37.5195], [-119.8542, 37.5197]]], [[[-119.8338, 37.5197], [-119.8341, 37.5194], [-119.8338, 37.5194], [-119.8338, 37.5197]]], [[[-119.8746, 37.52], [-119.8749, 37.5192], [-119.8746, 37.5192], [-119.8746, 37.52]]], [[[-119.8916, 37.5195], [-119.8919, 37.5192], [-119.8916, 37.5192], [-119.8916, 37.5195]]], [[[-119.8613, 37.5195], [-119.8617, 37.5192], [-119.8613, 37.5192], [-119.8613, 37.5195]]], [[[-119.9024, 37.5195], [-119.9028, 37.519], [-119.9024, 37.519], [-119.9024, 37.5195]]], [[[-119.8511, 37.5194], [-119.8511, 37.5189], [-119.8501, 37.5189], [-119.8501, 37.5192], [-119.8511, 37.5194]]], [[[-119.8909, 37.5192], [-119.8912, 37.519], [-119.8909, 37.519], [-119.8909, 37.5192]]], [[[-119.8685, 37.5192], [-119.8688, 37.5189], [-119.8685, 37.5189], [-119.8685, 37.5192]]], [[[-119.8651, 37.5189], [-119.8654, 37.5192], [-119.8657, 37.5189], [-119.8651, 37.5189]]], [[[-119.8637, 37.5192], [-119.864, 37.5189], [-119.8637, 37.5189], [-119.8637, 37.5192]]], [[[-119.8555, 37.5192], [-119.8559, 37.5189], [-119.8555, 37.5189], [-119.8555, 37.5192]]], [[[-119.846, 37.5192], [-119.8464, 37.5189], [-119.846, 37.5189], [-119.846, 37.5192]]], [[[-119.8739, 37.5192], [-119.8742, 37.5187], [-119.8739, 37.5187], [-119.8739, 37.5192]]], [[[-119.8674, 37.5192], [-119.8678, 37.5187], [-119.8674, 37.5187], [-119.8674, 37.5192]]], [[[-119.9041, 37.5192], [-119.9045, 37.5187], [-119.9035, 37.5187], [-119.9035, 37.519], [-119.9041, 37.5192]]], [[[-119.9018, 37.519], [-119.9021, 37.5187], [-119.9018, 37.5187], [-119.9018, 37.519]]], [[[-119.8923, 37.519], [-119.8926, 37.5187], [-119.8923, 37.5187], [-119.8923, 37.519]]], [[[-119.8538, 37.5189], [-119.8542, 37.5186], [-119.8538, 37.5186], [-119.8538, 37.5189]]], [[[-119.8511, 37.5189], [-119.8515, 37.5186], [-119.8511, 37.5186], [-119.8511, 37.5189]]], [[[-119.8372, 37.5189], [-119.8375, 37.5186], [-119.8372, 37.5186], [-119.8372, 37.5189]]], [[[-119.9062, 37.5203], [-119.9079, 37.519], [-119.9045, 37.5184], [-119.9062, 37.5203]], [[-119.9069, 37.5192], [-119.9065, 37.5195], [-119.9065, 37.5192], [-119.9069, 37.5192]]], [[[-119.8936, 37.5187], [-119.894, 37.5184], [-119.8936, 37.5184], [-119.8936, 37.5187]]], [[[-119.8447, 37.5186], [-119.845, 37.5184], [-119.8447, 37.5184], [-119.8447, 37.5186]]], [[[-119.9011, 37.5203], [-119.9014, 37.5192], [-119.8994, 37.5182], [-119.8997, 37.519], [-119.899, 37.5195], [-119.9007, 37.5192], [-119.9011, 37.5198], [-119.9001, 37.52], [-119.9011, 37.5203]]], [[[-119.8525, 37.5192], [-119.8521, 37.5181], [-119.8511, 37.5181], [-119.8518, 37.5184], [-119.8518, 37.5192], [-119.8525, 37.5192]]], [[[-119.8906, 37.519], [-119.8909, 37.5181], [-119.8902, 37.5181], [-119.8906, 37.519]]], [[[-119.8912, 37.5187], [-119.8923, 37.5187], [-119.8923, 37.5181], [-119.8912, 37.5187]]], [[[-119.912, 37.5184], [-119.9123, 37.5182], [-119.912, 37.5182], [-119.912, 37.5184]]], [[[-119.9069, 37.5184], [-119.9072, 37.5182], [-119.9069, 37.5182], [-119.9069, 37.5184]]], [[[-119.9038, 37.5184], [-119.9042, 37.5182], [-119.9038, 37.5182], [-119.9038, 37.5184]]], [[[-119.915, 37.5206], [-119.9147, 37.5198], [-119.9154, 37.5195], [-119.9147, 37.5192], [-119.9123, 37.5195], [-119.9126, 37.519], [-119.9086, 37.5179], [-119.9086, 37.5184], [-119.9099, 37.5184], [-119.9103, 37.52], [-119.9116, 37.5203], [-119.912, 37.5198], [-119.9137, 37.5201], [-119.9143, 37.5195], [-119.915, 37.5206]], [[-119.912, 37.5192], [-119.9116, 37.5195], [-119.9116, 37.5192], [-119.912, 37.5192]], [[-119.9113, 37.519], [-119.9109, 37.5192], [-119.9109, 37.519], [-119.9113, 37.519]], [[-119.9106, 37.5187], [-119.9103, 37.519], [-119.9103, 37.5187], [-119.9106, 37.5187]]], [[[-119.9126, 37.5182], [-119.9133, 37.5179], [-119.9126, 37.5179], [-119.9126, 37.5182]]], [[[-119.9035, 37.5182], [-119.9038, 37.5179], [-119.9035, 37.5179], [-119.9035, 37.5182]]], [[[-119.8909, 37.5181], [-119.8912, 37.5179], [-119.8909, 37.5179], [-119.8909, 37.5181]]], [[[-119.8569, 37.5181], [-119.8572, 37.5178], [-119.8569, 37.5178], [-119.8569, 37.5181]]], [[[-119.8413, 37.5181], [-119.8416, 37.5178], [-119.8413, 37.5178], [-119.8413, 37.5181]]], [[[-119.894, 37.5179], [-119.8946, 37.5176], [-119.894, 37.5176], [-119.894, 37.5179]]], [[[-119.8916, 37.5179], [-119.8923, 37.5176], [-119.8916, 37.5176], [-119.8916, 37.5179]]], [[[-119.8426, 37.5178], [-119.843, 37.5176], [-119.8426, 37.5175], [-119.8426, 37.5178]]], [[[-119.8416, 37.5178], [-119.842, 37.5175], [-119.8416, 37.5175], [-119.8416, 37.5178]]], [[[-119.9157, 37.5176], [-119.916, 37.5174], [-119.9157, 37.5174], [-119.9157, 37.5176]]], [[[-119.9143, 37.5176], [-119.9147, 37.5174], [-119.9143, 37.5174], [-119.9143, 37.5176]]], [[[-119.9126, 37.5176], [-119.913, 37.5174], [-119.9126, 37.5174], [-119.9126, 37.5176]]], [[[-119.9069, 37.5176], [-119.9072, 37.5173], [-119.9069, 37.5173], [-119.9069, 37.5176]]], [[[-119.9042, 37.5176], [-119.9045, 37.5173], [-119.9042, 37.5173], [-119.9042, 37.5176]]], [[[-119.8967, 37.5176], [-119.897, 37.5173], [-119.8967, 37.5173], [-119.8967, 37.5176]]], [[[-119.8838, 37.5176], [-119.8841, 37.5173], [-119.8838, 37.5173], [-119.8838, 37.5176]]], [[[-119.8817, 37.5176], [-119.8821, 37.5173], [-119.8817, 37.5173], [-119.8817, 37.5176]]], [[[-119.8651, 37.5176], [-119.8654, 37.5173], [-119.8651, 37.5173], [-119.8651, 37.5176]]], [[[-119.8501, 37.5176], [-119.8504, 37.5173], [-119.8501, 37.5173], [-119.8501, 37.5176]]], [[[-119.8375, 37.5175], [-119.8382, 37.5173], [-119.8375, 37.5173], [-119.8375, 37.5175]]], [[[-119.8369, 37.5175], [-119.8372, 37.5173], [-119.8369, 37.5173], [-119.8369, 37.5175]]], [[[-119.8362, 37.5175], [-119.8365, 37.5173], [-119.8362, 37.5173], [-119.8362, 37.5175]]], [[[-119.8352, 37.5175], [-119.8355, 37.5173], [-119.8352, 37.5173], [-119.8352, 37.5175]]], [[[-119.9133, 37.5179], [-119.914, 37.5174], [-119.9133, 37.5171], [-119.9133, 37.5179]]], [[[-119.9092, 37.5176], [-119.9096, 37.5171], [-119.9092, 37.5171], [-119.9092, 37.5176]]], [[[-119.8437, 37.5176], [-119.844, 37.517], [-119.8437, 37.517], [-119.8437, 37.5176]]], [[[-119.8814, 37.5173], [-119.8817, 37.5171], [-119.8814, 37.5171], [-119.8814, 37.5173]]], [[[-119.8644, 37.5173], [-119.8647, 37.517], [-119.8644, 37.517], [-119.8644, 37.5173]]], [[[-119.8525, 37.5173], [-119.8528, 37.517], [-119.8525, 37.517], [-119.8525, 37.5173]]], [[[-119.8358, 37.5173], [-119.8362, 37.517], [-119.8358, 37.517], [-119.8358, 37.5173]]], [[[-119.9106, 37.5182], [-119.9126, 37.5176], [-119.9099, 37.5168], [-119.9106, 37.5182]]], [[[-119.8661, 37.5176], [-119.8661, 37.517], [-119.8654, 37.5168], [-119.8654, 37.5173], [-119.8661, 37.5176]]], [[[-119.914, 37.5174], [-119.9143, 37.5168], [-119.914, 37.5168], [-119.914, 37.5174]]], [[[-119.9123, 37.5171], [-119.9126, 37.5168], [-119.9123, 37.5168], [-119.9123, 37.5171]]], [[[-119.9116, 37.5171], [-119.912, 37.5168], [-119.9116, 37.5168], [-119.9116, 37.5171]]], [[[-119.9089, 37.5171], [-119.9093, 37.5168], [-119.9089, 37.5168], [-119.9089, 37.5171]]], [[[-119.9042, 37.5171], [-119.9045, 37.5168], [-119.9042, 37.5168], [-119.9042, 37.5171]]], [[[-119.8963, 37.5171], [-119.8967, 37.5168], [-119.8963, 37.5168], [-119.8963, 37.5171]]], [[[-119.8933, 37.5171], [-119.894, 37.5168], [-119.8933, 37.5168], [-119.8933, 37.5171]]], [[[-119.844, 37.517], [-119.8443, 37.5167], [-119.844, 37.5167], [-119.844, 37.517]]], [[[-119.9079, 37.5187], [-119.9089, 37.5173], [-119.9089, 37.5171], [-119.9082, 37.5171], [-119.9082, 37.5165], [-119.9072, 37.5168], [-119.9079, 37.5187]], [[-119.9082, 37.5171], [-119.9079, 37.5173], [-119.9079, 37.5171], [-119.9082, 37.5171]]], [[[-119.8545, 37.517], [-119.8549, 37.5165], [-119.8545, 37.5165], [-119.8545, 37.517]]], [[[-119.9126, 37.5168], [-119.9137, 37.5165], [-119.9126, 37.5165], [-119.9126, 37.5168]]], [[[-119.9045, 37.5168], [-119.9048, 37.5165], [-119.9045, 37.5165], [-119.9045, 37.5168]]], [[[-119.8967, 37.5168], [-119.897, 37.5165], [-119.8967, 37.5165], [-119.8967, 37.5168]]], [[[-119.8814, 37.5168], [-119.8821, 37.5165], [-119.8814, 37.5165], [-119.8814, 37.5168]]], [[[-119.8651, 37.5168], [-119.8654, 37.5165], [-119.8651, 37.5165], [-119.8651, 37.5168]]], [[[-119.8637, 37.5168], [-119.864, 37.5165], [-119.8637, 37.5165], [-119.8637, 37.5168]]], [[[-119.9052, 37.5182], [-119.9055, 37.5173], [-119.9069, 37.5173], [-119.9065, 37.5168], [-119.9072, 37.5165], [-119.9059, 37.5163], [-119.9045, 37.5179], [-119.9052, 37.5182]]], [[[-119.9076, 37.5165], [-119.9079, 37.5163], [-119.9076, 37.5163], [-119.9076, 37.5165]]], [[[-119.8909, 37.5165], [-119.8912, 37.5163], [-119.8909, 37.5163], [-119.8909, 37.5165]]], [[[-119.863, 37.5165], [-119.8634, 37.5162], [-119.863, 37.5162], [-119.863, 37.5165]]], [[[-119.8488, 37.5165], [-119.8491, 37.5162], [-119.8488, 37.5162], [-119.8488, 37.5165]]], [[[-119.8542, 37.5165], [-119.8545, 37.5159], [-119.8542, 37.5159], [-119.8542, 37.5165]]], [[[-119.8953, 37.5163], [-119.8957, 37.516], [-119.8953, 37.516], [-119.8953, 37.5163]]], [[[-119.8732, 37.5162], [-119.8736, 37.516], [-119.8732, 37.516], [-119.8732, 37.5162]]], [[[-119.8549, 37.5162], [-119.8552, 37.5159], [-119.8549, 37.5159], [-119.8549, 37.5162]]], [[[-119.8379, 37.5162], [-119.8382, 37.5159], [-119.8379, 37.5159], [-119.8379, 37.5162]]], [[[-119.9181, 37.516], [-119.9188, 37.5157], [-119.9181, 37.5157], [-119.9181, 37.516]]], [[[-119.8389, 37.5159], [-119.8392, 37.5157], [-119.8389, 37.5157], [-119.8389, 37.5159]]], [[[-119.8382, 37.5159], [-119.8386, 37.5157], [-119.8382, 37.5157], [-119.8382, 37.5159]]], [[[-119.8375, 37.5159], [-119.8379, 37.5157], [-119.8375, 37.5157], [-119.8375, 37.5159]]], [[[-119.9171, 37.516], [-119.9174, 37.5155], [-119.9171, 37.5155], [-119.9171, 37.516]]], [[[-119.8736, 37.516], [-119.8739, 37.5154], [-119.8736, 37.5154], [-119.8736, 37.516]]], [[[-119.9188, 37.5157], [-119.9191, 37.5155], [-119.9188, 37.5155], [-119.9188, 37.5157]]], [[[-119.9157, 37.5157], [-119.916, 37.5155], [-119.9157, 37.5155], [-119.9157, 37.5157]]], [[[-119.9127, 37.5157], [-119.9133, 37.5155], [-119.9127, 37.5155], [-119.9127, 37.5157]]], [[[-119.9062, 37.5157], [-119.9065, 37.5155], [-119.9062, 37.5155], [-119.9062, 37.5157]]], [[[-119.8569, 37.5157], [-119.8576, 37.5154], [-119.8569, 37.5154], [-119.8569, 37.5157]]], [[[-119.8494, 37.5157], [-119.8498, 37.5154], [-119.8494, 37.5154], [-119.8494, 37.5157]]], [[[-119.8379, 37.5157], [-119.8382, 37.5154], [-119.8379, 37.5154], [-119.8379, 37.5157]]], [[[-119.9174, 37.5155], [-119.9177, 37.5152], [-119.9174, 37.5152], [-119.9174, 37.5155]]], [[[-119.912, 37.5155], [-119.9123, 37.5152], [-119.912, 37.5152], [-119.912, 37.5155]]], [[[-119.8576, 37.5154], [-119.8579, 37.5151], [-119.8576, 37.5151], [-119.8576, 37.5154]]], [[[-119.8562, 37.5154], [-119.8566, 37.5151], [-119.8562, 37.5151], [-119.8562, 37.5154]]], [[[-119.8369, 37.5154], [-119.8375, 37.5151], [-119.8369, 37.5151], [-119.8369, 37.5154]]], [[[-119.9194, 37.5152], [-119.9198, 37.5149], [-119.9194, 37.5149], [-119.9194, 37.5152]]], [[[-119.9123, 37.5152], [-119.9127, 37.5149], [-119.9123, 37.5149], [-119.9123, 37.5152]]], [[[-119.9116, 37.5152], [-119.912, 37.5149], [-119.9116, 37.5149], [-119.9116, 37.5152]]], [[[-119.8647, 37.5151], [-119.8651, 37.5149], [-119.8647, 37.5149], [-119.8647, 37.5151]]], [[[-119.842, 37.5151], [-119.8423, 37.5149], [-119.842, 37.5149], [-119.842, 37.5151]]], [[[-119.9198, 37.5149], [-119.9201, 37.5147], [-119.9198, 37.5147], [-119.9198, 37.5149]]], [[[-119.8997, 37.5149], [-119.9001, 37.5146], [-119.8997, 37.5146], [-119.8997, 37.5149]]], [[[-119.8865, 37.5149], [-119.8868, 37.5146], [-119.8865, 37.5146], [-119.8865, 37.5149]]], [[[-119.8423, 37.5149], [-119.843, 37.5146], [-119.8423, 37.5146], [-119.8423, 37.5149]]], [[[-119.8386, 37.5148], [-119.8389, 37.5146], [-119.8386, 37.5146], [-119.8386, 37.5148]]], [[[-119.8892, 37.5146], [-119.8895, 37.5144], [-119.8892, 37.5144], [-119.8892, 37.5146]]], [[[-119.8651, 37.5146], [-119.8654, 37.5143], [-119.8651, 37.5143], [-119.8651, 37.5146]]], [[[-119.911, 37.5147], [-119.911, 37.5141], [-119.9096, 37.5144], [-119.9096, 37.5147], [-119.911, 37.5147]]], [[[-119.8946, 37.5146], [-119.895, 37.5141], [-119.8946, 37.5141], [-119.8946, 37.5146]]], [[[-119.8399, 37.5157], [-119.8399, 37.5151], [-119.8406, 37.5154], [-119.842, 37.5143], [-119.8396, 37.5143], [-119.8386, 37.5154], [-119.8399, 37.5157]], [[-119.8403, 37.5146], [-119.8399, 37.5148], [-119.8399, 37.5146], [-119.8403, 37.5146]]], [[[-119.9133, 37.5144], [-119.9137, 37.5141], [-119.9133, 37.5141], [-119.9133, 37.5144]]], [[[-119.8674, 37.5143], [-119.8678, 37.5141], [-119.8674, 37.5141], [-119.8674, 37.5143]]], [[[-119.8654, 37.5143], [-119.8657, 37.5141], [-119.8654, 37.5141], [-119.8654, 37.5143]]], [[[-119.8372, 37.5143], [-119.8375, 37.514], [-119.8372, 37.514], [-119.8372, 37.5143]]], [[[-119.896, 37.5144], [-119.8967, 37.5138], [-119.8963, 37.5138], [-119.896, 37.5144]]], [[[-119.9137, 37.5141], [-119.9144, 37.5138], [-119.9137, 37.5138], [-119.9137, 37.5141]]], [[[-119.9123, 37.5141], [-119.913, 37.5138], [-119.9123, 37.5138], [-119.9123, 37.5141]]], [[[-119.911, 37.5141], [-119.9116, 37.5138], [-119.911, 37.5138], [-119.911, 37.5141]]], [[[-119.8535, 37.5141], [-119.8539, 37.5138], [-119.8535, 37.5138], [-119.8535, 37.5141]]], [[[-119.8698, 37.5146], [-119.8698, 37.5138], [-119.8681, 37.5138], [-119.8691, 37.5146], [-119.8698, 37.5146]]], [[[-119.8382, 37.514], [-119.8386, 37.5135], [-119.8382, 37.5135], [-119.8382, 37.514]]], [[[-119.8746, 37.5138], [-119.8749, 37.5135], [-119.8746, 37.5135], [-119.8746, 37.5138]]], [[[-119.8705, 37.5138], [-119.8708, 37.5135], [-119.8705, 37.5135], [-119.8705, 37.5138]]], [[[-119.8664, 37.5138], [-119.8668, 37.5135], [-119.8664, 37.5135], [-119.8664, 37.5138]]], [[[-119.8389, 37.5138], [-119.8392, 37.5135], [-119.8389, 37.5135], [-119.8389, 37.5138]]], [[[-119.9011, 37.5141], [-119.9014, 37.5133], [-119.9011, 37.5133], [-119.9011, 37.5141]]], [[[-119.8753, 37.5138], [-119.8759, 37.5133], [-119.8756, 37.5133], [-119.8753, 37.5138]]], [[[-119.898, 37.5136], [-119.8984, 37.5133], [-119.898, 37.5133], [-119.898, 37.5136]]], [[[-119.8708, 37.5135], [-119.8712, 37.5133], [-119.8708, 37.5133], [-119.8708, 37.5135]]], [[[-119.8759, 37.5133], [-119.8763, 37.513], [-119.8759, 37.513], [-119.8759, 37.5133]]], [[[-119.8749, 37.5133], [-119.8753, 37.513], [-119.8749, 37.513], [-119.8749, 37.5133]]], [[[-119.8447, 37.5132], [-119.845, 37.513], [-119.8447, 37.513], [-119.8447, 37.5132]]], [[[-119.8433, 37.5132], [-119.8437, 37.513], [-119.8433, 37.513], [-119.8433, 37.5132]]], [[[-119.8654, 37.5133], [-119.8658, 37.5127], [-119.8654, 37.5127], [-119.8654, 37.5133]]], [[[-119.9181, 37.513], [-119.9184, 37.5128], [-119.9181, 37.5128], [-119.9181, 37.513]]], [[[-119.8437, 37.513], [-119.8443, 37.5127], [-119.8437, 37.5127], [-119.8437, 37.513]]], [[[-119.844, 37.5146], [-119.8443, 37.5135], [-119.8433, 37.5135], [-119.8433, 37.5132], [-119.843, 37.5132], [-119.8433, 37.5127], [-119.8426, 37.5127], [-119.842, 37.5138], [-119.844, 37.5146]]], [[[-119.8392, 37.513], [-119.8396, 37.5127], [-119.8392, 37.5127], [-119.8392, 37.513]]], [[[-119.9045, 37.5133], [-119.9042, 37.5125], [-119.9038, 37.5125], [-119.9035, 37.513], [-119.9045, 37.5133]]], [[[-119.8399, 37.5135], [-119.8406, 37.513], [-119.8403, 37.5124], [-119.8396, 37.5124], [-119.8399, 37.5135]]], [[[-119.9052, 37.5128], [-119.9055, 37.5125], [-119.9052, 37.5125], [-119.9052, 37.5128]]], [[[-119.9025, 37.5128], [-119.9028, 37.5125], [-119.9025, 37.5125], [-119.9025, 37.5128]]], [[[-119.878, 37.5127], [-119.8783, 37.5125], [-119.878, 37.5125], [-119.878, 37.5127]]], [[[-119.8763, 37.5125], [-119.8766, 37.5127], [-119.877, 37.5125], [-119.8763, 37.5125]]], [[[-119.8705, 37.5127], [-119.8709, 37.5125], [-119.8705, 37.5125], [-119.8705, 37.5127]]], [[[-119.8664, 37.5127], [-119.8671, 37.5125], [-119.8664, 37.5125], [-119.8664, 37.5127]]], [[[-119.8759, 37.5125], [-119.8763, 37.5122], [-119.8759, 37.5122], [-119.8759, 37.5125]]], [[[-119.859, 37.5124], [-119.8593, 37.5122], [-119.859, 37.5122], [-119.859, 37.5124]]], [[[-119.8474, 37.5124], [-119.8477, 37.5122], [-119.8474, 37.5122], [-119.8474, 37.5124]]], [[[-119.9055, 37.5122], [-119.9059, 37.5119], [-119.9055, 37.5119], [-119.9055, 37.5122]]], [[[-119.8709, 37.5122], [-119.8712, 37.5119], [-119.8709, 37.5119], [-119.8709, 37.5122]]], [[[-119.8641, 37.5122], [-119.8644, 37.5119], [-119.8641, 37.5119], [-119.8641, 37.5122]]], [[[-119.8685, 37.5119], [-119.8688, 37.5116], [-119.8685, 37.5116], [-119.8685, 37.5119]]], [[[-119.9137, 37.5117], [-119.914, 37.5114], [-119.9137, 37.5114], [-119.9137, 37.5117]]], [[[-119.8824, 37.5117], [-119.8827, 37.5114], [-119.8824, 37.5114], [-119.8824, 37.5117]]], [[[-119.8518, 37.5116], [-119.8522, 37.5114], [-119.8518, 37.5114], [-119.8518, 37.5116]]], [[[-119.8481, 37.5116], [-119.8484, 37.5114], [-119.8481, 37.5113], [-119.8481, 37.5116]]], [[[-119.844, 37.5116], [-119.8447, 37.5113], [-119.844, 37.5113], [-119.844, 37.5116]]], [[[-119.8539, 37.5114], [-119.8542, 37.5111], [-119.8539, 37.5111], [-119.8539, 37.5114]]], [[[-119.8525, 37.5114], [-119.8528, 37.5111], [-119.8525, 37.5111], [-119.8525, 37.5114]]], [[[-119.8508, 37.5114], [-119.8511, 37.5111], [-119.8508, 37.5111], [-119.8508, 37.5114]]], [[[-119.8467, 37.5113], [-119.8471, 37.5111], [-119.8467, 37.5111], [-119.8467, 37.5113]]], [[[-119.8831, 37.5111], [-119.8834, 37.5108], [-119.8831, 37.5108], [-119.8831, 37.5111]]], [[[-119.8797, 37.5111], [-119.88, 37.5108], [-119.8797, 37.5108], [-119.8797, 37.5111]]], [[[-119.8471, 37.5111], [-119.8474, 37.5108], [-119.8471, 37.5108], [-119.8471, 37.5111]]], [[[-119.844, 37.5111], [-119.8443, 37.5108], [-119.844, 37.5108], [-119.844, 37.5111]]], [[[-119.846, 37.5116], [-119.846, 37.5108], [-119.8454, 37.5105], [-119.845, 37.5116], [-119.846, 37.5116]]], [[[-119.9184, 37.5114], [-119.9195, 37.5109], [-119.9184, 37.5106], [-119.9184, 37.5114]]], [[[-119.8515, 37.5111], [-119.8518, 37.5105], [-119.8515, 37.5105], [-119.8515, 37.5111]]], [[[-119.8793, 37.5108], [-119.8797, 37.5106], [-119.8793, 37.5106], [-119.8793, 37.5108]]], [[[-119.8698, 37.5108], [-119.8702, 37.5106], [-119.8698, 37.5106], [-119.8698, 37.5108]]], [[[-119.8522, 37.5108], [-119.8525, 37.5105], [-119.8522, 37.5105], [-119.8522, 37.5108]]], [[[-119.8498, 37.5108], [-119.8505, 37.5105], [-119.8498, 37.5105], [-119.8498, 37.5108]]], [[[-119.8477, 37.5108], [-119.8481, 37.5105], [-119.8477, 37.5105], [-119.8477, 37.5108]]], [[[-119.9144, 37.5109], [-119.9147, 37.5103], [-119.9144, 37.5103], [-119.9144, 37.5109]]], [[[-119.8705, 37.5125], [-119.8695, 37.5119], [-119.8698, 37.5111], [-119.8688, 37.5103], [-119.8681, 37.5114], [-119.8692, 37.5114], [-119.8688, 37.5122], [-119.8705, 37.5125]], [[-119.8692, 37.5108], [-119.8688, 37.5111], [-119.8688, 37.5108], [-119.8692, 37.5108]]], [[[-119.9188, 37.5106], [-119.9191, 37.5103], [-119.9188, 37.5103], [-119.9188, 37.5106]]], [[[-119.8957, 37.5106], [-119.896, 37.5103], [-119.8957, 37.5103], [-119.8957, 37.5106]]], [[[-119.8838, 37.5106], [-119.8841, 37.5103], [-119.8838, 37.5103], [-119.8838, 37.5106]]], [[[-119.8508, 37.5105], [-119.8515, 37.5103], [-119.8508, 37.5103], [-119.8508, 37.5105]]], [[[-119.8481, 37.5105], [-119.8494, 37.5103], [-119.8481, 37.5103], [-119.8481, 37.5105]]], [[[-119.845, 37.5105], [-119.8454, 37.5103], [-119.845, 37.5103], [-119.845, 37.5105]]], [[[-119.8865, 37.5103], [-119.8872, 37.51], [-119.8865, 37.51], [-119.8865, 37.5103]]], [[[-119.8831, 37.51], [-119.8838, 37.5103], [-119.8838, 37.5098], [-119.8831, 37.51]]], [[[-119.8878, 37.51], [-119.8882, 37.5098], [-119.8878, 37.5098], [-119.8878, 37.51]]], [[[-119.8851, 37.51], [-119.8858, 37.5098], [-119.8851, 37.5098], [-119.8851, 37.51]]], [[[-119.8797, 37.51], [-119.88, 37.5098], [-119.8797, 37.5098], [-119.8797, 37.51]]], [[[-119.8498, 37.51], [-119.8505, 37.51], [-119.8511, 37.5097], [-119.8498, 37.51]]], [[[-119.9116, 37.5098], [-119.912, 37.5095], [-119.9116, 37.5095], [-119.9116, 37.5098]]], [[[-119.9099, 37.5098], [-119.9103, 37.5095], [-119.9099, 37.5095], [-119.9099, 37.5098]]], [[[-119.8634, 37.5097], [-119.8637, 37.5095], [-119.8634, 37.5095], [-119.8634, 37.5097]]], [[[-119.8511, 37.5097], [-119.8515, 37.5095], [-119.8511, 37.5095], [-119.8511, 37.5097]]], [[[-119.8865, 37.5095], [-119.8868, 37.5092], [-119.8865, 37.5092], [-119.8865, 37.5095]]], [[[-119.8675, 37.5095], [-119.8678, 37.5092], [-119.8675, 37.5092], [-119.8675, 37.5095]]], [[[-119.8549, 37.5095], [-119.8556, 37.5092], [-119.8549, 37.5092], [-119.8549, 37.5095]]], [[[-119.8525, 37.5103], [-119.8525, 37.5095], [-119.8539, 37.5097], [-119.8539, 37.5089], [-119.8522, 37.5092], [-119.8518, 37.5103], [-119.8525, 37.5103]]], [[[-119.8861, 37.5092], [-119.8865, 37.509], [-119.8861, 37.509], [-119.8861, 37.5092]]], [[[-119.8756, 37.5092], [-119.876, 37.509], [-119.8756, 37.509], [-119.8756, 37.5092]]], [[[-119.8518, 37.5092], [-119.8522, 37.5089], [-119.8518, 37.5089], [-119.8518, 37.5092]]], [[[-119.9103, 37.509], [-119.9106, 37.5087], [-119.9103, 37.5087], [-119.9103, 37.509]]], [[[-119.8865, 37.509], [-119.8872, 37.5087], [-119.8865, 37.5087], [-119.8865, 37.509]]], [[[-119.8542, 37.5089], [-119.8545, 37.5087], [-119.8542, 37.5087], [-119.8542, 37.5089]]], [[[-119.8454, 37.5089], [-119.8457, 37.5086], [-119.8454, 37.5086], [-119.8454, 37.5089]]], [[[-119.8549, 37.5089], [-119.8552, 37.5084], [-119.8549, 37.5084], [-119.8549, 37.5089]]], [[[-119.8511, 37.5087], [-119.8518, 37.5089], [-119.8518, 37.5084], [-119.8511, 37.5087]]], [[[-119.8878, 37.5087], [-119.8882, 37.5084], [-119.8878, 37.5084], [-119.8878, 37.5087]]], [[[-119.8872, 37.5087], [-119.8875, 37.5084], [-119.8872, 37.5084], [-119.8872, 37.5087]]], [[[-119.9161, 37.5084], [-119.9171, 37.5082], [-119.9161, 37.5082], [-119.9161, 37.5084]]], [[[-119.8508, 37.5084], [-119.8515, 37.5081], [-119.8508, 37.5081], [-119.8508, 37.5084]]], [[[-119.8528, 37.5089], [-119.8528, 37.5081], [-119.8515, 37.5078], [-119.8515, 37.5081], [-119.8528, 37.5089]]], [[[-119.8471, 37.5108], [-119.8467, 37.51], [-119.8488, 37.5097], [-119.8498, 37.5078], [-119.8471, 37.5081], [-119.8467, 37.5089], [-119.8457, 37.5089], [-119.8454, 37.5103], [-119.8464, 37.51], [-119.846, 37.5108], [-119.8471, 37.5108]], [[-119.8477, 37.5092], [-119.8474, 37.5097], [-119.8474, 37.5092], [-119.8477, 37.5092]], [[-119.8484, 37.5087], [-119.8481, 37.5089], [-119.8481, 37.5087], [-119.8484, 37.5087]], [[-119.8488, 37.5084], [-119.8484, 37.5087], [-119.8484, 37.5084], [-119.8488, 37.5084]]], [[[-119.8777, 37.5081], [-119.878, 37.5079], [-119.8777, 37.5079], [-119.8777, 37.5081]]], [[[-119.8753, 37.5087], [-119.8753, 37.5079], [-119.8746, 37.5079], [-119.8743, 37.5084], [-119.8753, 37.5087]]], [[[-119.8505, 37.5081], [-119.8508, 37.5078], [-119.8505, 37.5078], [-119.8505, 37.5081]]], [[[-119.8807, 37.5081], [-119.8814, 37.5079], [-119.8807, 37.5076], [-119.8807, 37.5081]]], [[[-119.9171, 37.5079], [-119.9174, 37.5076], [-119.9171, 37.5076], [-119.9171, 37.5079]]], [[[-119.9089, 37.5079], [-119.9093, 37.5076], [-119.9089, 37.5076], [-119.9089, 37.5079]]], [[[-119.8511, 37.5078], [-119.8515, 37.5076], [-119.8511, 37.5076], [-119.8511, 37.5078]]], [[[-119.915, 37.5087], [-119.9161, 37.5079], [-119.9147, 37.5074], [-119.915, 37.5087]]], [[[-119.9184, 37.5076], [-119.9188, 37.5074], [-119.9184, 37.5074], [-119.9184, 37.5076]]], [[[-119.9137, 37.5074], [-119.914, 37.5071], [-119.9137, 37.5071], [-119.9137, 37.5074]]], [[[-119.8872, 37.5073], [-119.8875, 37.5071], [-119.8872, 37.5071], [-119.8872, 37.5073]]], [[[-119.878, 37.5073], [-119.8783, 37.5071], [-119.878, 37.5071], [-119.878, 37.5073]]], [[[-119.9167, 37.5068], [-119.9174, 37.5074], [-119.9174, 37.5068], [-119.9167, 37.5068]]], [[[-119.8848, 37.5073], [-119.8851, 37.5068], [-119.8848, 37.5068], [-119.8848, 37.5073]]], [[[-119.8892, 37.5071], [-119.8896, 37.5068], [-119.8892, 37.5068], [-119.8892, 37.5071]]], [[[-119.8868, 37.5071], [-119.8872, 37.5068], [-119.8868, 37.5068], [-119.8868, 37.5071]]], [[[-119.9184, 37.5074], [-119.9184, 37.5068], [-119.9178, 37.5066], [-119.9178, 37.5071], [-119.9184, 37.5074]]], [[[-119.9246, 37.5068], [-119.9249, 37.5066], [-119.9246, 37.5066], [-119.9246, 37.5068]]], [[[-119.877, 37.5068], [-119.8777, 37.5065], [-119.877, 37.5065], [-119.877, 37.5068]]], [[[-119.9157, 37.5074], [-119.9161, 37.5066], [-119.9154, 37.5063], [-119.915, 37.5068], [-119.9157, 37.5074]]], [[[-119.8807, 37.5065], [-119.8811, 37.5063], [-119.8807, 37.5063], [-119.8807, 37.5065]]], [[[-119.8596, 37.5065], [-119.8603, 37.5062], [-119.8596, 37.5062], [-119.8596, 37.5065]]], [[[-119.8889, 37.5065], [-119.8889, 37.506], [-119.8882, 37.506], [-119.8882, 37.5063], [-119.8889, 37.5065]]], [[[-119.8688, 37.5065], [-119.8692, 37.506], [-119.8688, 37.506], [-119.8688, 37.5065]]], [[[-119.8661, 37.5062], [-119.8664, 37.506], [-119.8661, 37.506], [-119.8661, 37.5062]]], [[[-119.8552, 37.5062], [-119.8556, 37.506], [-119.8552, 37.506], [-119.8552, 37.5062]]], [[[-119.9201, 37.5071], [-119.9208, 37.506], [-119.9198, 37.5058], [-119.9195, 37.5063], [-119.9201, 37.5071]]], [[[-119.9191, 37.5066], [-119.9191, 37.5058], [-119.9188, 37.5058], [-119.9184, 37.5066], [-119.9191, 37.5066]]], [[[-119.8834, 37.5063], [-119.8838, 37.5057], [-119.8834, 37.5057], [-119.8834, 37.5063]]], [[[-119.9174, 37.506], [-119.9178, 37.5058], [-119.9174, 37.5058], [-119.9174, 37.506]]], [[[-119.878, 37.5065], [-119.878, 37.5054], [-119.8773, 37.5054], [-119.8773, 37.506], [-119.878, 37.5065]]], [[[-119.9181, 37.5063], [-119.9184, 37.5055], [-119.9181, 37.5055], [-119.9181, 37.5063]]], [[[-119.8719, 37.5057], [-119.8722, 37.5054], [-119.8719, 37.5054], [-119.8719, 37.5057]]], [[[-119.8607, 37.5057], [-119.861, 37.5054], [-119.8607, 37.5054], [-119.8607, 37.5057]]], [[[-119.9147, 37.5066], [-119.9144, 37.506], [-119.9154, 37.5057], [-119.914, 37.5052], [-119.914, 37.5066], [-119.9147, 37.5066]]], [[[-119.8906, 37.5057], [-119.8906, 37.5052], [-119.8896, 37.5052], [-119.8896, 37.5057], [-119.8906, 37.5057]]], [[[-119.8848, 37.5055], [-119.8851, 37.5052], [-119.8848, 37.5052], [-119.8848, 37.5055]]], [[[-119.8831, 37.5055], [-119.8834, 37.5052], [-119.8831, 37.5052], [-119.8831, 37.5055]]], [[[-119.8668, 37.5054], [-119.8671, 37.5052], [-119.8668, 37.5052], [-119.8668, 37.5054]]], [[[-119.8593, 37.5054], [-119.8596, 37.5052], [-119.8593, 37.5052], [-119.8593, 37.5054]]], [[[-119.8722, 37.5054], [-119.8729, 37.5049], [-119.8726, 37.5049], [-119.8722, 37.5054]]], [[[-119.8675, 37.5052], [-119.8688, 37.5054], [-119.8688, 37.5049], [-119.8675, 37.5052]]], [[[-119.8719, 37.5052], [-119.8722, 37.5049], [-119.8719, 37.5049], [-119.8719, 37.5052]]], [[[-119.8552, 37.5052], [-119.8556, 37.5049], [-119.8552, 37.5049], [-119.8552, 37.5052]]], [[[-119.8617, 37.5049], [-119.8624, 37.5046], [-119.8617, 37.5046], [-119.8617, 37.5049]]], [[[-119.8862, 37.5046], [-119.8865, 37.5044], [-119.8862, 37.5044], [-119.8862, 37.5046]]], [[[-119.8603, 37.5054], [-119.8607, 37.5043], [-119.86, 37.5041], [-119.8596, 37.5052], [-119.8603, 37.5054]]], [[[-119.8671, 37.5052], [-119.8678, 37.5046], [-119.8671, 37.5041], [-119.8671, 37.5052]]], [[[-119.8889, 37.5044], [-119.8892, 37.5041], [-119.8889, 37.5041], [-119.8889, 37.5044]]], [[[-119.8868, 37.5046], [-119.8872, 37.5038], [-119.8868, 37.5038], [-119.8868, 37.5046]]], [[[-119.8882, 37.5044], [-119.8885, 37.5038], [-119.8882, 37.5038], [-119.8882, 37.5044]]], [[[-119.8862, 37.5044], [-119.8865, 37.5038], [-119.8855, 37.5038], [-119.8855, 37.5041], [-119.8862, 37.5044]]], [[[-119.8603, 37.5041], [-119.8607, 37.5038], [-119.8603, 37.5038], [-119.8603, 37.5041]]], [[[-119.8892, 37.5041], [-119.8896, 37.5036], [-119.8892, 37.5036], [-119.8892, 37.5041]]], [[[-119.8885, 37.5038], [-119.8889, 37.5036], [-119.8885, 37.5036], [-119.8885, 37.5038]]], [[[-119.9208, 37.5036], [-119.9212, 37.5033], [-119.9208, 37.5033], [-119.9208, 37.5036]]], [[[-119.8882, 37.5036], [-119.8885, 37.503], [-119.8882, 37.503], [-119.8882, 37.5036]]], [[[-119.9215, 37.5033], [-119.9222, 37.5028], [-119.9215, 37.5028], [-119.9215, 37.5033]]], [[[-119.8685, 37.5044], [-119.8678, 37.5038], [-119.8685, 37.5027], [-119.8678, 37.5027], [-119.8675, 37.5041], [-119.8685, 37.5044]]], [[[-119.862, 37.503], [-119.8624, 37.5027], [-119.862, 37.5027], [-119.862, 37.503]]], [[[-119.9212, 37.5058], [-119.9218, 37.5039], [-119.9205, 37.5039], [-119.9201, 37.5025], [-119.9198, 37.5041], [-119.9208, 37.5041], [-119.9212, 37.5058]]], [[[-119.9212, 37.5028], [-119.9215, 37.5025], [-119.9212, 37.5025], [-119.9212, 37.5028]]], [[[-119.8875, 37.5028], [-119.8879, 37.5025], [-119.8875, 37.5025], [-119.8875, 37.5028]]], [[[-119.8607, 37.5035], [-119.8603, 37.5022], [-119.86, 37.5022], [-119.8597, 37.503], [-119.8607, 37.5035]]], [[[-119.9215, 37.5025], [-119.9218, 37.5022], [-119.9215, 37.5022], [-119.9215, 37.5025]]], [[[-119.9205, 37.5025], [-119.9208, 37.5022], [-119.9205, 37.5022], [-119.9205, 37.5025]]], [[[-119.8865, 37.5025], [-119.8868, 37.5022], [-119.8865, 37.5022], [-119.8865, 37.5025]]], [[[-119.8702, 37.5025], [-119.8705, 37.5022], [-119.8702, 37.5022], [-119.8702, 37.5025]]], [[[-119.8559, 37.5089], [-119.8559, 37.5084], [-119.8579, 37.5081], [-119.8576, 37.5076], [-119.8586, 37.5076], [-119.8583, 37.507], [-119.8596, 37.5062], [-119.8586, 37.5049], [-119.8597, 37.5019], [-119.8576, 37.5038], [-119.8563, 37.5038], [-119.8562, 37.506], [-119.8549, 37.5068], [-119.8539, 37.5068], [-119.8539, 37.5076], [-119.8525, 37.5076], [-119.8545, 37.5078], [-119.8545, 37.5081], [-119.8552, 37.5081], [-119.8559, 37.5089]], [[-119.8562, 37.5081], [-119.8549, 37.5079], [-119.8552, 37.507], [-119.8562, 37.507], [-119.8562, 37.5081]], [[-119.8579, 37.5073], [-119.8573, 37.507], [-119.8576, 37.5062], [-119.8579, 37.5062], [-119.8579, 37.506], [-119.8583, 37.506], [-119.8579, 37.5073]], [[-119.8576, 37.506], [-119.8573, 37.5062], [-119.8573, 37.506], [-119.8576, 37.506]], [[-119.8586, 37.5057], [-119.8583, 37.506], [-119.8583, 37.5057], [-119.8586, 37.5057]], [[-119.8576, 37.5054], [-119.8573, 37.5057], [-119.8573, 37.5054], [-119.8576, 37.5054]], [[-119.8586, 37.5035], [-119.858, 37.5041], [-119.858, 37.5038], [-119.8586, 37.5035]]], [[[-119.8685, 37.5025], [-119.8688, 37.5019], [-119.8685, 37.5019], [-119.8685, 37.5025]]], [[[-119.8692, 37.5022], [-119.8695, 37.5019], [-119.8692, 37.5019], [-119.8692, 37.5022]]], [[[-119.8889, 37.5025], [-119.8889, 37.5017], [-119.8882, 37.5017], [-119.8879, 37.5022], [-119.8889, 37.5025]]], [[[-119.8597, 37.5019], [-119.86, 37.5016], [-119.8597, 37.5016], [-119.8597, 37.5019]]], [[[-119.8889, 37.5017], [-119.8892, 37.5014], [-119.8889, 37.5014], [-119.8889, 37.5017]]], [[[-119.8695, 37.5017], [-119.8698, 37.5014], [-119.8695, 37.5014], [-119.8695, 37.5017]]], [[[-119.9212, 37.5022], [-119.9212, 37.5012], [-119.9201, 37.5014], [-119.9201, 37.502], [-119.9208, 37.5017], [-119.9212, 37.5022]]], [[[-119.861, 37.5017], [-119.8607, 37.5011], [-119.86, 37.5011], [-119.86, 37.5016], [-119.861, 37.5017]]], [[[-119.8709, 37.5014], [-119.8712, 37.5011], [-119.8709, 37.5011], [-119.8709, 37.5014]]], [[[-119.8882, 37.5014], [-119.8889, 37.5011], [-119.8882, 37.5009], [-119.8882, 37.5014]]], [[[-119.879, 37.5014], [-119.8794, 37.5009], [-119.879, 37.5009], [-119.879, 37.5014]]], [[[-119.8682, 37.5011], [-119.8688, 37.5008], [-119.8682, 37.5008], [-119.8682, 37.5011]]], [[[-119.8573, 37.5], [-119.858, 37.4998], [-119.8573, 37.4998], [-119.8573, 37.5]]], [[[-119.8709, 37.5003], [-119.8712, 37.4995], [-119.8699, 37.4995], [-119.8699, 37.5], [-119.8709, 37.5003]]], [[[-119.8739, 37.4995], [-119.8743, 37.4992], [-119.8739, 37.4992], [-119.8739, 37.4995]]], [[[-119.8569, 37.4995], [-119.8573, 37.4992], [-119.8569, 37.4992], [-119.8569, 37.4995]]], [[[-119.8695, 37.4995], [-119.8699, 37.499], [-119.8695, 37.499], [-119.8695, 37.4995]]], [[[-119.8702, 37.4992], [-119.8705, 37.499], [-119.8702, 37.499], [-119.8702, 37.4992]]], [[[-119.8603, 37.4992], [-119.8607, 37.499], [-119.8603, 37.499], [-119.8603, 37.4992]]], [[[-119.8586, 37.4992], [-119.859, 37.4987], [-119.8586, 37.4987], [-119.8586, 37.4992]]], [[[-119.8597, 37.4998], [-119.8597, 37.4992], [-119.8603, 37.4987], [-119.859, 37.4992], [-119.8597, 37.4998]]], [[[-119.862, 37.499], [-119.8617, 37.4984], [-119.8607, 37.4987], [-119.8607, 37.499], [-119.862, 37.499]]], [[[-119.8705, 37.4987], [-119.8709, 37.4984], [-119.8705, 37.4984], [-119.8705, 37.4987]]], [[[-119.862, 37.4987], [-119.8627, 37.4984], [-119.862, 37.4984], [-119.862, 37.4987]]], [[[-119.8726, 37.4984], [-119.8729, 37.4982], [-119.8726, 37.4982], [-119.8726, 37.4984]]], [[[-119.8811, 37.4976], [-119.8814, 37.4974], [-119.8811, 37.4974], [-119.8811, 37.4976]]], [[[-119.8746, 37.4976], [-119.875, 37.4973], [-119.8746, 37.4973], [-119.8746, 37.4976]]], [[[-119.8855, 37.4971], [-119.8858, 37.4974], [-119.8862, 37.4971], [-119.8855, 37.4971]]], [[[-119.8753, 37.4973], [-119.8756, 37.4971], [-119.8753, 37.4971], [-119.8753, 37.4973]]], [[[-119.8597, 37.4973], [-119.86, 37.4968], [-119.8597, 37.4968], [-119.8597, 37.4973]]], [[[-119.876, 37.4971], [-119.8763, 37.4968], [-119.876, 37.4968], [-119.876, 37.4971]]], [[[-119.8767, 37.4968], [-119.877, 37.4965], [-119.8767, 37.4965], [-119.8767, 37.4968]]], [[[-119.877, 37.4965], [-119.8773, 37.4963], [-119.877, 37.4963], [-119.877, 37.4965]]], [[[-119.8644, 37.4965], [-119.8654, 37.4971], [-119.8654, 37.4963], [-119.8644, 37.4965]]], [[[-119.8593, 37.4965], [-119.8597, 37.4963], [-119.8593, 37.4963], [-119.8593, 37.4965]]], [[[-119.8637, 37.4952], [-119.8641, 37.4949], [-119.8637, 37.4949], [-119.8637, 37.4952]]], [[[-119.8641, 37.4949], [-119.8644, 37.4946], [-119.8641, 37.4946], [-119.8641, 37.4949]]], [[[-119.8641, 37.4936], [-119.8644, 37.4933], [-119.8641, 37.4933], [-119.8641, 37.4936]]], [[[-119.8651, 37.4936], [-119.8658, 37.4933], [-119.8651, 37.493], [-119.8651, 37.4936]]], [[[-119.8627, 37.4933], [-119.8631, 37.493], [-119.8627, 37.493], [-119.8627, 37.4933]]], [[[-119.8631, 37.493], [-119.8634, 37.4927], [-119.8631, 37.4927], [-119.8631, 37.493]]], [[[-119.8617, 37.493], [-119.8627, 37.4927], [-119.8617, 37.4925], [-119.8617, 37.493]]], [[[-119.8655, 37.4911], [-119.8655, 37.4903], [-119.8648, 37.4901], [-119.8648, 37.4906], [-119.8655, 37.4911]]], [[[-119.8682, 37.4903], [-119.8675, 37.4898], [-119.8665, 37.4898], [-119.8665, 37.4903], [-119.8682, 37.4903]]], [[[-119.8678, 37.4898], [-119.8682, 37.4895], [-119.8678, 37.4895], [-119.8678, 37.4898]]], [[[-119.8668, 37.4895], [-119.8675, 37.4892], [-119.8668, 37.4892], [-119.8668, 37.4895]]], [[[-119.8692, 37.4895], [-119.8692, 37.489], [-119.8682, 37.489], [-119.8682, 37.4895], [-119.8692, 37.4895]]], [[[-119.8716, 37.489], [-119.8719, 37.4887], [-119.8716, 37.4887], [-119.8716, 37.489]]], [[[-119.8706, 37.489], [-119.8709, 37.4887], [-119.8706, 37.4887], [-119.8706, 37.489]]], [[[-119.8702, 37.4887], [-119.8706, 37.4882], [-119.8702, 37.4882], [-119.8702, 37.4887]]], [[[-119.8695, 37.4882], [-119.8699, 37.4879], [-119.8695, 37.4879], [-119.8695, 37.4882]]]]}, "properties": {"layer": "high_severity"}}, {"type": "Feature", "geometry": {"type": "MultiPolygon", "coordinates": [[[[-119.865, 37.5799], [-119.8653, 37.5796], [-119.865, 37.5796], [-119.865, 37.5799]]], [[[-119.8731, 37.5756], [-119.8735, 37.5753], [-119.8731, 37.5753], [-119.8731, 37.5756]]], [[[-119.8752, 37.5748], [-119.8755, 37.5745], [-119.8752, 37.5745], [-119.8752, 37.5748]]], [[[-119.8779, 37.5743], [-119.8782, 37.574], [-119.8779, 37.574], [-119.8779, 37.5743]]], [[[-119.8582, 37.5715], [-119.8585, 37.5713], [-119.8582, 37.5713], [-119.8582, 37.5715]]], [[[-119.8711, 37.5648], [-119.8714, 37.5645], [-119.8711, 37.5645], [-119.8711, 37.5648]]], [[[-119.8694, 37.5648], [-119.8701, 37.5643], [-119.8694, 37.5643], [-119.8694, 37.5648]]], [[[-119.8691, 37.5643], [-119.8694, 37.564], [-119.8691, 37.564], [-119.8691, 37.5643]]], [[[-119.8684, 37.5643], [-119.8687, 37.564], [-119.8684, 37.564], [-119.8684, 37.5643]]], [[[-119.8677, 37.564], [-119.868, 37.5637], [-119.8677, 37.5637], [-119.8677, 37.564]]], [[[-119.8646, 37.564], [-119.865, 37.5637], [-119.8646, 37.5637], [-119.8646, 37.564]]], [[[-119.8697, 37.5637], [-119.8701, 37.5635], [-119.8697, 37.5635], [-119.8697, 37.5637]]], [[[-119.8657, 37.5637], [-119.8653, 37.5632], [-119.8646, 37.5632], [-119.865, 37.5637], [-119.8657, 37.5637]]], [[[-119.8694, 37.5635], [-119.8697, 37.5632], [-119.8694, 37.5632], [-119.8694, 37.5635]]], [[[-119.8653, 37.5632], [-119.8657, 37.5629], [-119.8653, 37.5629], [-119.8653, 37.5632]]], [[[-119.8711, 37.5605], [-119.8714, 37.5602], [-119.8711, 37.5602], [-119.8711, 37.5605]]], [[[-119.8708, 37.5594], [-119.8714, 37.5597], [-119.8715, 37.5591], [-119.8708, 37.5594]]], [[[-119.8704, 37.5594], [-119.8708, 37.5591], [-119.8704, 37.5591], [-119.8704, 37.5594]]], [[[-119.8429, 37.558], [-119.8429, 37.5575], [-119.8422, 37.5575], [-119.8422, 37.5578], [-119.8429, 37.558]]], [[[-119.8602, 37.5578], [-119.8606, 37.5575], [-119.8602, 37.5575], [-119.8602, 37.5578]]], [[[-119.8429, 37.5572], [-119.8432, 37.557], [-119.8429, 37.557], [-119.8429, 37.5572]]], [[[-119.8415, 37.5572], [-119.8422, 37.5567], [-119.8419, 37.5567], [-119.8415, 37.5572]]], [[[-119.8439, 37.557], [-119.8442, 37.5567], [-119.8439, 37.5567], [-119.8439, 37.557]]], [[[-119.8548, 37.5564], [-119.8551, 37.5567], [-119.8555, 37.5564], [-119.8548, 37.5564]]], [[[-119.8555, 37.5564], [-119.8562, 37.5562], [-119.8555, 37.5559], [-119.8555, 37.5564]]], [[[-119.8548, 37.5559], [-119.8551, 37.5556], [-119.8548, 37.5556], [-119.8548, 37.5559]]], [[[-119.8534, 37.5556], [-119.8538, 37.5553], [-119.8534, 37.5553], [-119.8534, 37.5556]]], [[[-119.8545, 37.5553], [-119.8551, 37.5551], [-119.8545, 37.5551], [-119.8545, 37.5553]]], [[[-119.8538, 37.5553], [-119.8541, 37.5551], [-119.8538, 37.5551], [-119.8538, 37.5553]]], [[[-119.8412, 37.5553], [-119.8415, 37.5551], [-119.8412, 37.5551], [-119.8412, 37.5553]]], [[[-119.8582, 37.5562], [-119.8582, 37.5554], [-119.8558, 37.5545], [-119.8558, 37.5556], [-119.8565, 37.5553], [-119.8565, 37.5559], [-119.8582, 37.5562]]], [[[-119.8545, 37.5551], [-119.8545, 37.5545], [-119.8538, 37.5545], [-119.8538, 37.5548], [-119.8545, 37.5551]]], [[[-119.8585, 37.5554], [-119.8596, 37.5551], [-119.8596, 37.554], [-119.8582, 37.5543], [-119.8585, 37.5554]]], [[[-119.8555, 37.5545], [-119.8551, 37.554], [-119.8545, 37.554], [-119.8548, 37.5545], [-119.8555, 37.5545]]], [[[-119.8555, 37.5543], [-119.8568, 37.554], [-119.8555, 37.554], [-119.8555, 37.5543]]], [[[-119.8538, 37.5543], [-119.8541, 37.554], [-119.8538, 37.554], [-119.8538, 37.5543]]], [[[-119.8531, 37.5543], [-119.8534, 37.554], [-119.8531, 37.554], [-119.8531, 37.5543]]], [[[-119.8684, 37.5537], [-119.8687, 37.5535], [-119.8684, 37.5535], [-119.8684, 37.5537]]], [[[-119.8528, 37.5537], [-119.8528, 37.5532], [-119.8521, 37.5535], [-119.8517, 37.5529], [-119.8517, 37.5537], [-119.8528, 37.5537]]], [[[-119.8521, 37.5521], [-119.8528, 37.5526], [-119.8528, 37.5518], [-119.8521, 37.5521]]], [[[-119.8487, 37.5518], [-119.849, 37.5516], [-119.8487, 37.5516], [-119.8487, 37.5518]]], [[[-119.848, 37.5516], [-119.8487, 37.5513], [-119.848, 37.5513], [-119.848, 37.5516]]], [[[-119.8477, 37.5513], [-119.848, 37.551], [-119.8477, 37.551], [-119.8477, 37.5513]]], [[[-119.8531, 37.5505], [-119.8538, 37.5499], [-119.8531, 37.5497], [-119.8531, 37.5489], [-119.8521, 37.5489], [-119.8521, 37.5499], [-119.8531, 37.5505]], [[-119.8531, 37.5499], [-119.8528, 37.5502], [-119.8528, 37.5499], [-119.8531, 37.5499]], [[-119.8528, 37.5491], [-119.8524, 37.5494], [-119.8524, 37.5491], [-119.8528, 37.5491]]], [[[-119.8497, 37.5489], [-119.85, 37.5486], [-119.8497, 37.5486], [-119.8497, 37.5489]]], [[[-119.8504, 37.5489], [-119.8507, 37.5483], [-119.8504, 37.5483], [-119.8504, 37.5489]]], [[[-119.8497, 37.5483], [-119.8504, 37.5481], [-119.8497, 37.5478], [-119.8497, 37.5483]]], [[[-119.849, 37.5475], [-119.8494, 37.5472], [-119.849, 37.5472], [-119.849, 37.5475]]], [[[-119.8541, 37.547], [-119.8545, 37.5467], [-119.8541, 37.5467], [-119.8541, 37.547]]], [[[-119.8551, 37.5502], [-119.8551, 37.547], [-119.8545, 37.5473], [-119.8545, 37.5486], [-119.8535, 37.5464], [-119.8483, 37.547], [-119.85, 37.5472], [-119.8504, 37.5481], [-119.8514, 37.5472], [-119.8517, 37.5489], [-119.8521, 37.5486], [-119.8534, 37.5486], [-119.8534, 37.5497], [-119.8538, 37.5497], [-119.8538, 37.5499], [-119.8545, 37.5499], [-119.8545, 37.5502], [-119.8551, 37.5502]], [[-119.8541, 37.5494], [-119.8538, 37.5497], [-119.8538, 37.5494], [-119.8541, 37.5494]], [[-119.8538, 37.5483], [-119.8534, 37.5486], [-119.8534, 37.5483], [-119.8538, 37.5483]], [[-119.8528, 37.5483], [-119.8521, 37.5481], [-119.8521, 37.5475], [-119.8528, 37.5478], [-119.8528, 37.5483]], [[-119.8531, 37.5475], [-119.8528, 37.5478], [-119.8528, 37.5475], [-119.8531, 37.5475]]], [[[-119.846, 37.5464], [-119.846, 37.5459], [-119.8453, 37.5459], [-119.8453, 37.5462], [-119.846, 37.5464]]], [[[-119.846, 37.5456], [-119.846, 37.5443], [-119.8456, 37.5443], [-119.8453, 37.5456], [-119.846, 37.5456]]], [[[-119.9153, 37.5446], [-119.9164, 37.5443], [-119.9153, 37.5443], [-119.9153, 37.5446]]], [[[-119.8939, 37.5443], [-119.8946, 37.5438], [-119.8939, 37.5438], [-119.8939, 37.5443]]], [[[-119.8399, 37.5432], [-119.8402, 37.5429], [-119.8399, 37.5429], [-119.8399, 37.5432]]], [[[-119.8388, 37.5429], [-119.8399, 37.5426], [-119.8388, 37.5426], [-119.8388, 37.5429]]], [[[-119.8586, 37.5421], [-119.8589, 37.5419], [-119.8586, 37.5419], [-119.8586, 37.5421]]], [[[-119.8592, 37.5421], [-119.8596, 37.5416], [-119.8592, 37.5416], [-119.8592, 37.5421]]], [[[-119.8589, 37.5416], [-119.8592, 37.5413], [-119.8589, 37.5413], [-119.8589, 37.5416]]], [[[-119.8327, 37.5413], [-119.8331, 37.541], [-119.8327, 37.541], [-119.8327, 37.5413]]], [[[-119.8552, 37.541], [-119.8555, 37.5408], [-119.8552, 37.5408], [-119.8552, 37.541]]], [[[-119.8555, 37.5405], [-119.8558, 37.5402], [-119.8555, 37.5402], [-119.8555, 37.5405]]], [[[-119.8698, 37.5394], [-119.8701, 37.5392], [-119.8698, 37.5392], [-119.8698, 37.5394]]], [[[-119.8286, 37.5386], [-119.829, 37.5383], [-119.8286, 37.5383], [-119.8286, 37.5386]]], [[[-119.8283, 37.5378], [-119.829, 37.538], [-119.829, 37.5375], [-119.8283, 37.5378]]], [[[-119.8259, 37.5361], [-119.8263, 37.5359], [-119.8259, 37.5359], [-119.8259, 37.5361]]], [[[-119.827, 37.5361], [-119.8273, 37.5356], [-119.827, 37.5356], [-119.827, 37.5361]]], [[[-119.83, 37.5356], [-119.8304, 37.5353], [-119.83, 37.5353], [-119.83, 37.5356]]], [[[-119.8501, 37.5354], [-119.8504, 37.5351], [-119.8501, 37.5351], [-119.8501, 37.5354]]], [[[-119.8453, 37.5356], [-119.8453, 37.5348], [-119.845, 37.5348], [-119.8446, 37.5356], [-119.8453, 37.5356]]], [[[-119.8263, 37.5356], [-119.827, 37.5351], [-119.8259, 37.5348], [-119.8263, 37.5356]]], [[[-119.8521, 37.5351], [-119.8525, 37.5348], [-119.8521, 37.5348], [-119.8521, 37.5351]]], [[[-119.8511, 37.5351], [-119.8514, 37.5348], [-119.8511, 37.5348], [-119.8511, 37.5351]]], [[[-119.8926, 37.5349], [-119.8929, 37.5346], [-119.8926, 37.5346], [-119.8926, 37.5349]]], [[[-119.8518, 37.5346], [-119.8521, 37.5343], [-119.8518, 37.5343], [-119.8518, 37.5346]]], [[[-119.9096, 37.5344], [-119.9099, 37.5341], [-119.9096, 37.5341], [-119.9096, 37.5344]]], [[[-119.8746, 37.5338], [-119.8749, 37.5335], [-119.8746, 37.5335], [-119.8746, 37.5338]]], [[[-119.8508, 37.5329], [-119.8514, 37.5327], [-119.8508, 37.5327], [-119.8508, 37.5329]]], [[[-119.8776, 37.5327], [-119.878, 37.5324], [-119.8776, 37.5324], [-119.8776, 37.5327]]], [[[-119.8582, 37.5327], [-119.8586, 37.5324], [-119.8582, 37.5324], [-119.8582, 37.5327]]], [[[-119.8749, 37.5332], [-119.8756, 37.5322], [-119.8735, 37.5324], [-119.8739, 37.533], [-119.8749, 37.5332]]], [[[-119.8463, 37.5327], [-119.8467, 37.5321], [-119.8463, 37.5321], [-119.8463, 37.5327]]], [[[-119.8963, 37.5325], [-119.897, 37.5322], [-119.8963, 37.5322], [-119.8963, 37.5325]]], [[[-119.8732, 37.5324], [-119.8735, 37.5322], [-119.8732, 37.5322], [-119.8732, 37.5324]]], [[[-119.8718, 37.5324], [-119.8725, 37.5322], [-119.8718, 37.5322], [-119.8718, 37.5324]]], [[[-119.895, 37.5327], [-119.8963, 37.5325], [-119.896, 37.5322], [-119.8946, 37.5319], [-119.895, 37.5327]]], [[[-119.8419, 37.5324], [-119.8419, 37.5319], [-119.8409, 37.5319], [-119.8409, 37.5324], [-119.8419, 37.5324]]], [[[-119.878, 37.5322], [-119.8783, 37.5319], [-119.878, 37.5319], [-119.878, 37.5322]]], [[[-119.8725, 37.5322], [-119.8729, 37.5319], [-119.8725, 37.5319], [-119.8725, 37.5322]]], [[[-119.879, 37.5319], [-119.8793, 37.5316], [-119.879, 37.5316], [-119.879, 37.5319]]], [[[-119.8763, 37.5319], [-119.8773, 37.5316], [-119.8763, 37.5316], [-119.8763, 37.5319]]], [[[-119.8423, 37.5319], [-119.8426, 37.5316], [-119.8423, 37.5316], [-119.8423, 37.5319]]], [[[-119.8797, 37.5319], [-119.88, 37.5314], [-119.8797, 37.5314], [-119.8797, 37.5319]]], [[[-119.8718, 37.5316], [-119.8722, 37.5313], [-119.8718, 37.5313], [-119.8718, 37.5316]]], [[[-119.8412, 37.5316], [-119.8419, 37.5313], [-119.8412, 37.5313], [-119.8412, 37.5316]]], [[[-119.8783, 37.5316], [-119.879, 37.5311], [-119.8786, 37.5311], [-119.8783, 37.5316]]], [[[-119.8525, 37.5313], [-119.8538, 37.5311], [-119.8525, 37.5311], [-119.8525, 37.5313]]], [[[-119.879, 37.5311], [-119.8793, 37.5308], [-119.879, 37.5308], [-119.879, 37.5311]]], [[[-119.8763, 37.5308], [-119.8766, 37.5311], [-119.8769, 37.5308], [-119.8763, 37.5308]]], [[[-119.8457, 37.531], [-119.846, 37.5308], [-119.8457, 37.5308], [-119.8457, 37.531]]], [[[-119.8593, 37.5324], [-119.8589, 37.5311], [-119.8579, 37.5305], [-119.8548, 37.5305], [-119.8542, 37.5311], [-119.8542, 37.5319], [-119.8552, 37.5313], [-119.8555, 37.5313], [-119.8562, 37.5319], [-119.8572, 37.5311], [-119.8579, 37.5321], [-119.8593, 37.5324]], [[-119.8559, 37.5311], [-119.8555, 37.5313], [-119.8555, 37.5311], [-119.8559, 37.5311]]], [[[-119.8531, 37.5308], [-119.8535, 37.5305], [-119.8531, 37.5305], [-119.8531, 37.5308]]], [[[-119.8525, 37.5308], [-119.8528, 37.5305], [-119.8525, 37.5305], [-119.8525, 37.5308]]], [[[-119.845, 37.5305], [-119.8453, 37.5308], [-119.8457, 37.5305], [-119.845, 37.5305]]], [[[-119.8545, 37.5305], [-119.8548, 37.5302], [-119.8545, 37.5302], [-119.8545, 37.5305]]], [[[-119.8548, 37.5302], [-119.8552, 37.53], [-119.8548, 37.53], [-119.8548, 37.5302]]], [[[-119.8732, 37.5303], [-119.8742, 37.53], [-119.8732, 37.5297], [-119.8732, 37.5303]]], [[[-119.8552, 37.53], [-119.8555, 37.5297], [-119.8552, 37.5297], [-119.8552, 37.53]]], [[[-119.8701, 37.5297], [-119.8708, 37.5295], [-119.8701, 37.5295], [-119.8701, 37.5297]]], [[[-119.8446, 37.5297], [-119.845, 37.5294], [-119.8446, 37.5294], [-119.8446, 37.5297]]], [[[-119.8735, 37.5297], [-119.8739, 37.5292], [-119.8735, 37.5292], [-119.8735, 37.5297]]], [[[-119.8698, 37.5295], [-119.8701, 37.5292], [-119.8698, 37.5292], [-119.8698, 37.5295]]], [[[-119.8542, 37.5294], [-119.8545, 37.5292], [-119.8542, 37.5292], [-119.8542, 37.5294]]], [[[-119.8453, 37.5294], [-119.8457, 37.5289], [-119.8453, 37.5289], [-119.8453, 37.5294]]], [[[-119.8521, 37.5292], [-119.8525, 37.5289], [-119.8521, 37.5289], [-119.8521, 37.5292]]], [[[-119.8389, 37.5291], [-119.8395, 37.5289], [-119.8389, 37.5289], [-119.8389, 37.5291]]], [[[-119.8739, 37.5289], [-119.8746, 37.5287], [-119.8739, 37.5287], [-119.8739, 37.5289]]], [[[-119.8691, 37.5289], [-119.8698, 37.5286], [-119.8691, 37.5286], [-119.8691, 37.5289]]], [[[-119.8525, 37.5289], [-119.8531, 37.5286], [-119.8525, 37.5286], [-119.8525, 37.5289]]], [[[-119.8508, 37.5289], [-119.8511, 37.5286], [-119.8508, 37.5286], [-119.8508, 37.5289]]], [[[-119.862, 37.5286], [-119.8627, 37.5284], [-119.862, 37.5284], [-119.862, 37.5286]]], [[[-119.9052, 37.5284], [-119.9055, 37.5281], [-119.9052, 37.5281], [-119.9052, 37.5284]]], [[[-119.8739, 37.5284], [-119.8742, 37.5281], [-119.8739, 37.5281], [-119.8739, 37.5284]]], [[[-119.8688, 37.5284], [-119.8691, 37.5281], [-119.8688, 37.5281], [-119.8688, 37.5284]]], [[[-119.879, 37.5284], [-119.8797, 37.5278], [-119.879, 37.5278], [-119.879, 37.5284]]], [[[-119.8776, 37.5281], [-119.878, 37.5278], [-119.8776, 37.5278], [-119.8776, 37.5281]]], [[[-119.8769, 37.5281], [-119.8773, 37.5278], [-119.8769, 37.5278], [-119.8769, 37.5281]]], [[[-119.8681, 37.5278], [-119.8684, 37.5281], [-119.8688, 37.5278], [-119.8681, 37.5278]]], [[[-119.8491, 37.5278], [-119.8504, 37.5286], [-119.8514, 37.5281], [-119.8491, 37.5278]], [[-119.8504, 37.5281], [-119.8501, 37.5284], [-119.8501, 37.5281], [-119.8504, 37.5281]]], [[[-119.8773, 37.5278], [-119.8776, 37.5276], [-119.8773, 37.5276], [-119.8773, 37.5278]]], [[[-119.8487, 37.5278], [-119.8491, 37.5275], [-119.8487, 37.5275], [-119.8487, 37.5278]]], [[[-119.8351, 37.5278], [-119.8355, 37.5275], [-119.8351, 37.5275], [-119.8351, 37.5278]]], [[[-119.8729, 37.5276], [-119.8732, 37.5273], [-119.8729, 37.5273], [-119.8729, 37.5276]]], [[[-119.8419, 37.5273], [-119.8423, 37.527], [-119.8419, 37.527], [-119.8419, 37.5273]]], [[[-119.8545, 37.5273], [-119.8552, 37.5267], [-119.8548, 37.5267], [-119.8545, 37.5273]]], [[[-119.8725, 37.527], [-119.8729, 37.5268], [-119.8725, 37.5268], [-119.8725, 37.527]]], [[[-119.8518, 37.527], [-119.8521, 37.5267], [-119.8518, 37.5267], [-119.8518, 37.527]]], [[[-119.848, 37.527], [-119.8487, 37.5267], [-119.8481, 37.5267], [-119.848, 37.527]]], [[[-119.8467, 37.527], [-119.847, 37.5267], [-119.8467, 37.5267], [-119.8467, 37.527]]], [[[-119.846, 37.527], [-119.8464, 37.5267], [-119.846, 37.5267], [-119.846, 37.527]]], [[[-119.8548, 37.5292], [-119.8545, 37.5273], [-119.8531, 37.5273], [-119.8528, 37.5275], [-119.8525, 37.527], [-119.8514, 37.5275], [-119.8508, 37.5267], [-119.8501, 37.5273], [-119.8501, 37.5267], [-119.8491, 37.5265], [-119.8491, 37.5275], [-119.8531, 37.5278], [-119.8531, 37.5286], [-119.8548, 37.5292]], [[-119.8545, 37.5281], [-119.8538, 37.5284], [-119.8538, 37.5281], [-119.8545, 37.5281]]], [[[-119.8555, 37.5273], [-119.8562, 37.5267], [-119.8552, 37.5265], [-119.8555, 37.5273]]], [[[-119.9004, 37.5268], [-119.9011, 37.5265], [-119.9004, 37.5265], [-119.9004, 37.5268]]], [[[-119.8562, 37.5267], [-119.8565, 37.5265], [-119.8562, 37.5265], [-119.8562, 37.5267]]], [[[-119.845, 37.5275], [-119.8453, 37.5265], [-119.8443, 37.5265], [-119.8443, 37.5273], [-119.845, 37.5275]]], [[[-119.8484, 37.5265], [-119.8487, 37.5262], [-119.8484, 37.5262], [-119.8484, 37.5265]]], [[[-119.8416, 37.5265], [-119.8419, 37.5262], [-119.8416, 37.5262], [-119.8416, 37.5265]]], [[[-119.8582, 37.5276], [-119.8589, 37.5265], [-119.8569, 37.5259], [-119.8572, 37.5267], [-119.8562, 37.5273], [-119.8582, 37.5276]]], [[[-119.8589, 37.5265], [-119.8593, 37.5259], [-119.8589, 37.5259], [-119.8589, 37.5265]]], [[[-119.8548, 37.5262], [-119.8552, 37.5259], [-119.8549, 37.5259], [-119.8548, 37.5262]]], [[[-119.8521, 37.5262], [-119.8525, 37.5259], [-119.8521, 37.5259], [-119.8521, 37.5262]]], [[[-119.8419, 37.5262], [-119.843, 37.5259], [-119.8419, 37.5259], [-119.8419, 37.5262]]], [[[-119.8494, 37.5262], [-119.8494, 37.5254], [-119.8491, 37.5254], [-119.8487, 37.5262], [-119.8494, 37.5262]]], [[[-119.8698, 37.5259], [-119.8701, 37.5254], [-119.8698, 37.5254], [-119.8698, 37.5259]]], [[[-119.8351, 37.5273], [-119.8362, 37.5259], [-119.8358, 37.5254], [-119.8348, 37.5259], [-119.8351, 37.5273]]], [[[-119.8803, 37.5257], [-119.881, 37.5254], [-119.8803, 37.5254], [-119.8803, 37.5257]]], [[[-119.8457, 37.5256], [-119.846, 37.5254], [-119.8457, 37.5254], [-119.8457, 37.5256]]], [[[-119.8362, 37.5256], [-119.8368, 37.5254], [-119.8362, 37.5254], [-119.8362, 37.5256]]], [[[-119.8691, 37.5254], [-119.8698, 37.5251], [-119.8691, 37.5251], [-119.8691, 37.5254]]], [[[-119.8647, 37.5254], [-119.865, 37.5251], [-119.8647, 37.5251], [-119.8647, 37.5254]]], [[[-119.8487, 37.5254], [-119.8491, 37.5251], [-119.8487, 37.5251], [-119.8487, 37.5254]]], [[[-119.8368, 37.5251], [-119.8375, 37.5254], [-119.8382, 37.5251], [-119.8368, 37.5251]]], [[[-119.8256, 37.5254], [-119.826, 37.5251], [-119.8256, 37.5251], [-119.8256, 37.5254]]], [[[-119.8715, 37.5254], [-119.8715, 37.5249], [-119.8705, 37.5251], [-119.8705, 37.5254], [-119.8715, 37.5254]]], [[[-119.8253, 37.5289], [-119.8256, 37.5272], [-119.8249, 37.5262], [-119.8256, 37.5254], [-119.8236, 37.5248], [-119.8229, 37.5256], [-119.8236, 37.5262], [-119.8229, 37.528], [-119.8239, 37.528], [-119.8253, 37.5289]], [[-119.8243, 37.5278], [-119.8239, 37.528], [-119.8239, 37.5278], [-119.8243, 37.5278]], [[-119.8236, 37.5272], [-119.8232, 37.5275], [-119.8232, 37.5272], [-119.8236, 37.5272]], [[-119.8243, 37.527], [-119.8239, 37.5272], [-119.8239, 37.527], [-119.8243, 37.527]], [[-119.8239, 37.5259], [-119.8236, 37.5262], [-119.8236, 37.5259], [-119.8239, 37.5259]], [[-119.8249, 37.5254], [-119.8246, 37.5256], [-119.8246, 37.5254], [-119.8249, 37.5254]]], [[[-119.8667, 37.5251], [-119.8671, 37.5249], [-119.8667, 37.5249], [-119.8667, 37.5251]]], [[[-119.8518, 37.5267], [-119.8515, 37.5254], [-119.8525, 37.5248], [-119.8498, 37.5251], [-119.8501, 37.5262], [-119.8518, 37.5267]], [[-119.8508, 37.5254], [-119.8504, 37.5257], [-119.8504, 37.5254], [-119.8508, 37.5254]]], [[[-119.844, 37.5251], [-119.8443, 37.5248], [-119.844, 37.5248], [-119.844, 37.5251]]], [[[-119.8793, 37.5249], [-119.8797, 37.5246], [-119.8793, 37.5246], [-119.8793, 37.5249]]], [[[-119.8569, 37.5249], [-119.8572, 37.5246], [-119.8569, 37.5246], [-119.8569, 37.5249]]], [[[-119.8501, 37.5248], [-119.8504, 37.5246], [-119.8501, 37.5246], [-119.8501, 37.5248]]], [[[-119.83, 37.5248], [-119.8304, 37.5245], [-119.83, 37.5245], [-119.83, 37.5248]]], [[[-119.8266, 37.5248], [-119.8273, 37.5245], [-119.8266, 37.5245], [-119.8266, 37.5248]]], [[[-119.8688, 37.5249], [-119.8688, 37.5243], [-119.8678, 37.5243], [-119.8678, 37.5246], [-119.8688, 37.5249]]], [[[-119.8715, 37.5246], [-119.8718, 37.5243], [-119.8715, 37.5243], [-119.8715, 37.5246]]], [[[-119.8705, 37.5246], [-119.8708, 37.5243], [-119.8705, 37.5243], [-119.8705, 37.5246]]], [[[-119.844, 37.5246], [-119.8443, 37.5243], [-119.844, 37.5243], [-119.844, 37.5246]]], [[[-119.8504, 37.5243], [-119.8515, 37.5246], [-119.8515, 37.524], [-119.8504, 37.5243]]], [[[-119.8729, 37.5243], [-119.8732, 37.5241], [-119.8729, 37.5241], [-119.8729, 37.5243]]], [[[-119.8718, 37.5243], [-119.8722, 37.5241], [-119.8719, 37.5241], [-119.8718, 37.5243]]], [[[-119.8674, 37.5243], [-119.8678, 37.5241], [-119.8674, 37.5241], [-119.8674, 37.5243]]], [[[-119.8175, 37.5243], [-119.8178, 37.524], [-119.8175, 37.524], [-119.8175, 37.5243]]], [[[-119.8532, 37.5248], [-119.8535, 37.524], [-119.8518, 37.5238], [-119.8518, 37.5243], [-119.8532, 37.5248]]], [[[-119.8484, 37.524], [-119.8494, 37.5243], [-119.8494, 37.5238], [-119.8484, 37.524]]], [[[-119.8708, 37.5241], [-119.8712, 37.5238], [-119.8708, 37.5238], [-119.8708, 37.5241]]], [[[-119.8508, 37.524], [-119.8511, 37.5238], [-119.8508, 37.5238], [-119.8508, 37.524]]], [[[-119.8498, 37.524], [-119.8504, 37.5238], [-119.8498, 37.5238], [-119.8498, 37.524]]], [[[-119.8664, 37.5241], [-119.8671, 37.5238], [-119.8664, 37.5235], [-119.8664, 37.5241]]], [[[-119.8719, 37.5238], [-119.8722, 37.5235], [-119.8719, 37.5235], [-119.8719, 37.5238]]], [[[-119.8511, 37.5238], [-119.8515, 37.5235], [-119.8511, 37.5235], [-119.8511, 37.5238]]], [[[-119.8504, 37.5238], [-119.8508, 37.5235], [-119.8504, 37.5235], [-119.8504, 37.5238]]], [[[-119.8705, 37.5241], [-119.8705, 37.5235], [-119.8708, 37.5233], [-119.8702, 37.5233], [-119.8705, 37.5241]]], [[[-119.8494, 37.5235], [-119.8498, 37.5232], [-119.8494, 37.5232], [-119.8494, 37.5235]]], [[[-119.8409, 37.5235], [-119.8413, 37.5232], [-119.8409, 37.5232], [-119.8409, 37.5235]]], [[[-119.8484, 37.5235], [-119.8491, 37.523], [-119.8487, 37.523], [-119.8484, 37.5235]]], [[[-119.8939, 37.5233], [-119.8943, 37.523], [-119.8939, 37.523], [-119.8939, 37.5233]]], [[[-119.8708, 37.5233], [-119.8712, 37.523], [-119.8708, 37.523], [-119.8708, 37.5233]]], [[[-119.8946, 37.5233], [-119.8953, 37.523], [-119.8946, 37.5227], [-119.8946, 37.5233]]], [[[-119.8712, 37.523], [-119.8715, 37.5227], [-119.8712, 37.5227], [-119.8712, 37.523]]], [[[-119.8484, 37.523], [-119.8487, 37.5227], [-119.8484, 37.5227], [-119.8484, 37.523]]], [[[-119.8402, 37.5227], [-119.8406, 37.5229], [-119.8409, 37.5227], [-119.8402, 37.5227]]], [[[-119.9133, 37.5227], [-119.9137, 37.5225], [-119.9133, 37.5225], [-119.9133, 37.5227]]], [[[-119.899, 37.5227], [-119.8994, 37.5225], [-119.899, 37.5225], [-119.899, 37.5227]]], [[[-119.8705, 37.5227], [-119.8708, 37.5224], [-119.8705, 37.5224], [-119.8705, 37.5227]]], [[[-119.8627, 37.5227], [-119.863, 37.5224], [-119.8627, 37.5224], [-119.8627, 37.5227]]], [[[-119.86, 37.5227], [-119.8603, 37.5224], [-119.86, 37.5224], [-119.86, 37.5227]]], [[[-119.8606, 37.5224], [-119.861, 37.5222], [-119.8606, 37.5222], [-119.8606, 37.5224]]], [[[-119.8593, 37.5224], [-119.8596, 37.5222], [-119.8593, 37.5222], [-119.8593, 37.5224]]], [[[-119.8498, 37.523], [-119.8498, 37.5221], [-119.8484, 37.5221], [-119.8491, 37.523], [-119.8498, 37.523]]], [[[-119.8712, 37.5222], [-119.8715, 37.5219], [-119.8712, 37.5219], [-119.8712, 37.5222]]], [[[-119.8501, 37.5221], [-119.8504, 37.5219], [-119.8501, 37.5219], [-119.8501, 37.5221]]], [[[-119.9133, 37.5222], [-119.914, 37.5217], [-119.9137, 37.5217], [-119.9133, 37.5222]]], [[[-119.8426, 37.5219], [-119.843, 37.5216], [-119.8426, 37.5216], [-119.8426, 37.5219]]], [[[-119.8623, 37.5224], [-119.8623, 37.5216], [-119.8617, 37.5214], [-119.8617, 37.5219], [-119.8623, 37.5224]]], [[[-119.8586, 37.5222], [-119.8589, 37.5213], [-119.8583, 37.5213], [-119.8586, 37.5222]]], [[[-119.8705, 37.5222], [-119.8712, 37.5219], [-119.8708, 37.5211], [-119.8702, 37.5214], [-119.8705, 37.5222]]], [[[-119.8566, 37.5213], [-119.8569, 37.5211], [-119.8566, 37.5211], [-119.8566, 37.5213]]], [[[-119.8423, 37.5216], [-119.8419, 37.5208], [-119.8409, 37.5211], [-119.8409, 37.5213], [-119.8423, 37.5216]]], [[[-119.8586, 37.5211], [-119.8589, 37.5208], [-119.8586, 37.5208], [-119.8586, 37.5211]]], [[[-119.8487, 37.5219], [-119.8491, 37.5205], [-119.8474, 37.5203], [-119.8477, 37.5216], [-119.8487, 37.5219]]], [[[-119.8712, 37.5208], [-119.8708, 37.5203], [-119.8698, 37.5203], [-119.8698, 37.5208], [-119.8712, 37.5208]]], [[[-119.8712, 37.5206], [-119.8715, 37.5203], [-119.8712, 37.5203], [-119.8712, 37.5206]]], [[[-119.8345, 37.5205], [-119.8348, 37.52], [-119.8345, 37.52], [-119.8345, 37.5205]]], [[[-119.8596, 37.5203], [-119.86, 37.52], [-119.8596, 37.52], [-119.8596, 37.5203]]], [[[-119.8576, 37.5205], [-119.8579, 37.5197], [-119.8572, 37.5197], [-119.8576, 37.5205]]], [[[-119.8681, 37.52], [-119.8685, 37.5197], [-119.8681, 37.5197], [-119.8681, 37.52]]], [[[-119.8586, 37.52], [-119.8589, 37.5197], [-119.8586, 37.5197], [-119.8586, 37.52]]], [[[-119.8549, 37.52], [-119.8552, 37.5197], [-119.8549, 37.5197], [-119.8549, 37.52]]], [[[-119.8535, 37.52], [-119.8538, 37.5197], [-119.8535, 37.5197], [-119.8535, 37.52]]], [[[-119.8555, 37.5197], [-119.8559, 37.5195], [-119.8555, 37.5195], [-119.8555, 37.5197]]], [[[-119.8542, 37.5197], [-119.8545, 37.5195], [-119.8542, 37.5195], [-119.8542, 37.5197]]], [[[-119.8685, 37.5192], [-119.8688, 37.5189], [-119.8685, 37.5189], [-119.8685, 37.5192]]], [[[-119.8555, 37.5192], [-119.8559, 37.5189], [-119.8555, 37.5189], [-119.8555, 37.5192]]], [[[-119.8674, 37.5192], [-119.8678, 37.5187], [-119.8674, 37.5187], [-119.8674, 37.5192]]], [[[-119.8511, 37.5189], [-119.8515, 37.5186], [-119.8511, 37.5186], [-119.8511, 37.5189]]], [[[-119.8525, 37.5192], [-119.8521, 37.5181], [-119.8515, 37.5181], [-119.8518, 37.5192], [-119.8525, 37.5192]]], [[[-119.8569, 37.5181], [-119.8572, 37.5178], [-119.8569, 37.5178], [-119.8569, 37.5181]]], [[[-119.8651, 37.5176], [-119.8654, 37.5173], [-119.8651, 37.5173], [-119.8651, 37.5176]]], [[[-119.8545, 37.5168], [-119.8549, 37.5165], [-119.8545, 37.5165], [-119.8545, 37.5168]]], [[[-119.8576, 37.5154], [-119.8579, 37.5151], [-119.8576, 37.5151], [-119.8576, 37.5154]]], [[[-119.8647, 37.5151], [-119.8651, 37.5149], [-119.8647, 37.5149], [-119.8647, 37.5151]]], [[[-119.8651, 37.5146], [-119.8654, 37.5143], [-119.8651, 37.5143], [-119.8651, 37.5146]]], [[[-119.8654, 37.5143], [-119.8657, 37.5141], [-119.8654, 37.5141], [-119.8654, 37.5143]]], [[[-119.8467, 37.5105], [-119.8467, 37.51], [-119.8477, 37.51], [-119.8474, 37.5092], [-119.8464, 37.5095], [-119.8467, 37.5105]]], [[[-119.8481, 37.5097], [-119.8484, 37.5092], [-119.8474, 37.5087], [-119.8474, 37.5092], [-119.8481, 37.5097]]], [[[-119.8545, 37.5078], [-119.8549, 37.5076], [-119.8545, 37.5076], [-119.8545, 37.5078]]], [[[-119.8549, 37.5076], [-119.8552, 37.5073], [-119.8549, 37.5073], [-119.8549, 37.5076]]], [[[-119.8576, 37.5081], [-119.8573, 37.5054], [-119.858, 37.5046], [-119.8569, 37.5046], [-119.8569, 37.506], [-119.8559, 37.5068], [-119.8576, 37.5081]]]]}, "properties": {"layer": "interior"}}, {"type": "Feature", "geometry": {"type": "MultiPolygon", "coordinates": [[[[-119.9153, 37.5446], [-119.9164, 37.5443], [-119.9153, 37.5443], [-119.9153, 37.5446]]], [[[-119.9096, 37.5344], [-119.9099, 37.5341], [-119.9096, 37.5341], [-119.9096, 37.5344]]], [[[-119.9052, 37.5284], [-119.9055, 37.5281], [-119.9052, 37.5281], [-119.9052, 37.5284]]], [[[-119.8467, 37.5105], [-119.8467, 37.51], [-119.8477, 37.51], [-119.8474, 37.5092], [-119.8464, 37.5095], [-119.8467, 37.5105]]], [[[-119.8481, 37.5097], [-119.8484, 37.5092], [-119.8474, 37.5087], [-119.8474, 37.5092], [-119.8481, 37.5097]]], [[[-119.8545, 37.5078], [-119.8549, 37.5076], [-119.8545, 37.5076], [-119.8545, 37.5078]]], [[[-119.8549, 37.5076], [-119.8552, 37.5073], [-119.8549, 37.5073], [-119.8549, 37.5076]]], [[[-119.8576, 37.5081], [-119.8573, 37.5054], [-119.858, 37.5046], [-119.8569, 37.5046], [-119.8569, 37.506], [-119.8559, 37.5068], [-119.8576, 37.5081]]]]}, "properties": {"layer": "cell", "cell_id": "532_2500", "seed_zone": "532", "elevation_band": "2500–3000 ft"}}, {"type": "Feature", "geometry": {"type": "MultiPolygon", "coordinates": [[[[-119.8939, 37.5443], [-119.8946, 37.5438], [-119.8939, 37.5438], [-119.8939, 37.5443]]], [[[-119.8926, 37.5349], [-119.8929, 37.5346], [-119.8926, 37.5346], [-119.8926, 37.5349]]], [[[-119.8776, 37.5327], [-119.878, 37.5324], [-119.8776, 37.5324], [-119.8776, 37.5327]]], [[[-119.8963, 37.5325], [-119.897, 37.5322], [-119.8963, 37.5322], [-119.8963, 37.5325]]], [[[-119.895, 37.5327], [-119.8963, 37.5325], [-119.896, 37.5322], [-119.8946, 37.5319], [-119.895, 37.5327]]], [[[-119.878, 37.5322], [-119.8783, 37.5319], [-119.878, 37.5319], [-119.878, 37.5322]]], [[[-119.879, 37.5319], [-119.8793, 37.5316], [-119.879, 37.5316], [-119.879, 37.5319]]], [[[-119.8797, 37.5319], [-119.88, 37.5314], [-119.8797, 37.5314], [-119.8797, 37.5319]]], [[[-119.8783, 37.5316], [-119.879, 37.5311], [-119.8786, 37.5311], [-119.8783, 37.5316]]], [[[-119.8525, 37.5313], [-119.8538, 37.5311], [-119.8525, 37.5311], [-119.8525, 37.5313]]], [[[-119.879, 37.5311], [-119.8793, 37.5308], [-119.879, 37.5308], [-119.879, 37.5311]]], [[[-119.8763, 37.5311], [-119.8766, 37.5308], [-119.8763, 37.5308], [-119.8763, 37.5311]]], [[[-119.8525, 37.5308], [-119.8528, 37.5305], [-119.8525, 37.5305], [-119.8525, 37.5308]]], [[[-119.8508, 37.5289], [-119.8511, 37.5286], [-119.8508, 37.5286], [-119.8508, 37.5289]]], [[[-119.879, 37.5284], [-119.8797, 37.5278], [-119.879, 37.5278], [-119.879, 37.5284]]], [[[-119.8776, 37.5281], [-119.878, 37.5278], [-119.8776, 37.5278], [-119.8776, 37.5281]]], [[[-119.8769, 37.5281], [-119.8773, 37.5278], [-119.8769, 37.5278], [-119.8769, 37.5281]]], [[[-119.8497, 37.5289], [-119.8511, 37.5281], [-119.8491, 37.5278], [-119.8497, 37.5289]], [[-119.8504, 37.5281], [-119.8501, 37.5284], [-119.8501, 37.5281], [-119.8504, 37.5281]]], [[[-119.8773, 37.5278], [-119.8776, 37.5276], [-119.8773, 37.5276], [-119.8773, 37.5278]]], [[[-119.8504, 37.5278], [-119.8508, 37.5275], [-119.8504, 37.5275], [-119.8504, 37.5278]]], [[[-119.8487, 37.5278], [-119.8491, 37.5275], [-119.8487, 37.5275], [-119.8487, 37.5278]]], [[[-119.8351, 37.5278], [-119.8355, 37.5275], [-119.8351, 37.5275], [-119.8351, 37.5278]]], [[[-119.848, 37.527], [-119.8487, 37.5267], [-119.8481, 37.5267], [-119.848, 37.527]]], [[[-119.8467, 37.527], [-119.847, 37.5267], [-119.8467, 37.5267], [-119.8467, 37.527]]], [[[-119.846, 37.527], [-119.8464, 37.5267], [-119.846, 37.5267], [-119.846, 37.527]]], [[[-119.8501, 37.5275], [-119.8498, 37.5265], [-119.8491, 37.5265], [-119.8491, 37.5275], [-119.8501, 37.5275]]], [[[-119.9004, 37.5268], [-119.9011, 37.5265], [-119.9004, 37.5265], [-119.9004, 37.5268]]], [[[-119.845, 37.5275], [-119.8453, 37.5265], [-119.8443, 37.5265], [-119.8443, 37.5273], [-119.845, 37.5275]]], [[[-119.8484, 37.5265], [-119.8487, 37.5262], [-119.8484, 37.5262], [-119.8484, 37.5265]]], [[[-119.8487, 37.5262], [-119.8491, 37.5259], [-119.8487, 37.5259], [-119.8487, 37.5262]]], [[[-119.8351, 37.5273], [-119.8362, 37.5259], [-119.8358, 37.5254], [-119.8348, 37.5259], [-119.8351, 37.5273]]], [[[-119.8803, 37.5257], [-119.881, 37.5254], [-119.8803, 37.5254], [-119.8803, 37.5257]]], [[[-119.8457, 37.5256], [-119.846, 37.5254], [-119.8457, 37.5254], [-119.8457, 37.5256]]], [[[-119.8362, 37.5256], [-119.8368, 37.5254], [-119.8362, 37.5254], [-119.8362, 37.5256]]], [[[-119.8368, 37.5251], [-119.8375, 37.5254], [-119.8382, 37.5251], [-119.8368, 37.5251]]], [[[-119.844, 37.5251], [-119.8443, 37.5248], [-119.844, 37.5248], [-119.844, 37.5251]]], [[[-119.8793, 37.5249], [-119.8797, 37.5246], [-119.8793, 37.5246], [-119.8793, 37.5249]]], [[[-119.83, 37.5248], [-119.8304, 37.5245], [-119.83, 37.5245], [-119.83, 37.5248]]], [[[-119.8266, 37.5248], [-119.8273, 37.5245], [-119.8266, 37.5245], [-119.8266, 37.5248]]], [[[-119.844, 37.5246], [-119.8443, 37.5243], [-119.844, 37.5243], [-119.844, 37.5246]]], [[[-119.8409, 37.5235], [-119.8413, 37.5232], [-119.8409, 37.5232], [-119.8409, 37.5235]]], [[[-119.8939, 37.5233], [-119.8943, 37.523], [-119.8939, 37.523], [-119.8939, 37.5233]]], [[[-119.8946, 37.5233], [-119.8953, 37.523], [-119.8946, 37.5227], [-119.8946, 37.5233]]], [[[-119.8402, 37.5227], [-119.8406, 37.5229], [-119.8409, 37.5227], [-119.8402, 37.5227]]], [[[-119.9133, 37.5227], [-119.9137, 37.5225], [-119.9133, 37.5225], [-119.9133, 37.5227]]], [[[-119.899, 37.5227], [-119.8994, 37.5225], [-119.899, 37.5225], [-119.899, 37.5227]]], [[[-119.9133, 37.5222], [-119.914, 37.5217], [-119.9137, 37.5217], [-119.9133, 37.5222]]], [[[-119.8426, 37.5219], [-119.843, 37.5216], [-119.8426, 37.5216], [-119.8426, 37.5219]]], [[[-119.8423, 37.5216], [-119.8419, 37.5208], [-119.8409, 37.5211], [-119.8409, 37.5213], [-119.8423, 37.5216]]], [[[-119.8345, 37.5205], [-119.8348, 37.52], [-119.8345, 37.52], [-119.8345, 37.5205]]], [[[-119.8651, 37.5176], [-119.8654, 37.5173], [-119.8651, 37.5173], [-119.8651, 37.5176]]], [[[-119.8576, 37.5154], [-119.8579, 37.5151], [-119.8576, 37.5151], [-119.8576, 37.5154]]], [[[-119.8647, 37.5151], [-119.8651, 37.5149], [-119.8647, 37.5149], [-119.8647, 37.5151]]], [[[-119.8651, 37.5146], [-119.8654, 37.5143], [-119.8651, 37.5143], [-119.8651, 37.5146]]], [[[-119.8654, 37.5143], [-119.8657, 37.5141], [-119.8654, 37.5141], [-119.8654, 37.5143]]]]}, "properties": {"layer": "cell", "cell_id": "532_3000", "seed_zone": "532", "elevation_band": "3000–3500 ft"}}, {"type": "Feature", "geometry": {"type": "MultiPolygon", "coordinates": [[[[-119.8582, 37.5715], [-119.8585, 37.5713], [-119.8582, 37.5713], [-119.8582, 37.5715]]], [[[-119.8646, 37.564], [-119.865, 37.5637], [-119.8646, 37.5637], [-119.8646, 37.564]]], [[[-119.8653, 37.5637], [-119.8653, 37.5632], [-119.8646, 37.5632], [-119.8646, 37.5635], [-119.8653, 37.5637]]], [[[-119.8429, 37.558], [-119.8429, 37.5575], [-119.8422, 37.5575], [-119.8422, 37.5578], [-119.8429, 37.558]]], [[[-119.8602, 37.5578], [-119.8606, 37.5575], [-119.8602, 37.5575], [-119.8602, 37.5578]]], [[[-119.8429, 37.5572], [-119.8432, 37.557], [-119.8429, 37.557], [-119.8429, 37.5572]]], [[[-119.8415, 37.5572], [-119.8422, 37.5567], [-119.8419, 37.5567], [-119.8415, 37.5572]]], [[[-119.8439, 37.557], [-119.8442, 37.5567], [-119.8439, 37.5567], [-119.8439, 37.557]]], [[[-119.8548, 37.5564], [-119.8551, 37.5567], [-119.8555, 37.5564], [-119.8548, 37.5564]]], [[[-119.8555, 37.5564], [-119.8562, 37.5562], [-119.8555, 37.5559], [-119.8555, 37.5564]]], [[[-119.8548, 37.5559], [-119.8551, 37.5556], [-119.8548, 37.5556], [-119.8548, 37.5559]]], [[[-119.8534, 37.5556], [-119.8538, 37.5553], [-119.8534, 37.5553], [-119.8534, 37.5556]]], [[[-119.8545, 37.5553], [-119.8551, 37.5551], [-119.8545, 37.5551], [-119.8545, 37.5553]]], [[[-119.8538, 37.5553], [-119.8541, 37.5551], [-119.8538, 37.5551], [-119.8538, 37.5553]]], [[[-119.8412, 37.5553], [-119.8415, 37.5551], [-119.8412, 37.5551], [-119.8412, 37.5553]]], [[[-119.8582, 37.5562], [-119.8568, 37.5545], [-119.8558, 37.5545], [-119.8558, 37.5556], [-119.8565, 37.5553], [-119.8565, 37.5559], [-119.8582, 37.5562]]], [[[-119.8545, 37.5551], [-119.8545, 37.5545], [-119.8538, 37.5545], [-119.8538, 37.5548], [-119.8545, 37.5551]]], [[[-119.8555, 37.5545], [-119.8551, 37.554], [-119.8545, 37.554], [-119.8548, 37.5545], [-119.8555, 37.5545]]], [[[-119.8555, 37.5543], [-119.8568, 37.554], [-119.8555, 37.554], [-119.8555, 37.5543]]], [[[-119.8538, 37.5543], [-119.8541, 37.554], [-119.8538, 37.554], [-119.8538, 37.5543]]], [[[-119.8531, 37.5543], [-119.8534, 37.554], [-119.8531, 37.554], [-119.8531, 37.5543]]], [[[-119.8684, 37.5537], [-119.8687, 37.5535], [-119.8684, 37.5535], [-119.8684, 37.5537]]], [[[-119.8528, 37.5537], [-119.8528, 37.5532], [-119.8521, 37.5535], [-119.8517, 37.5529], [-119.8517, 37.5537], [-119.8528, 37.5537]]], [[[-119.8521, 37.5521], [-119.8528, 37.5526], [-119.8528, 37.5518], [-119.8521, 37.5521]]], [[[-119.8487, 37.5518], [-119.849, 37.5516], [-119.8487, 37.5516], [-119.8487, 37.5518]]], [[[-119.848, 37.5516], [-119.8487, 37.5513], [-119.848, 37.5513], [-119.848, 37.5516]]], [[[-119.8477, 37.5513], [-119.848, 37.551], [-119.8477, 37.551], [-119.8477, 37.5513]]], [[[-119.8531, 37.5505], [-119.8538, 37.5499], [-119.8531, 37.5497], [-119.8531, 37.5489], [-119.8521, 37.5489], [-119.8521, 37.5499], [-119.8531, 37.5505]], [[-119.8531, 37.5499], [-119.8528, 37.5502], [-119.8528, 37.5499], [-119.8531, 37.5499]], [[-119.8528, 37.5491], [-119.8524, 37.5494], [-119.8524, 37.5491], [-119.8528, 37.5491]]], [[[-119.8497, 37.5489], [-119.85, 37.5486], [-119.8497, 37.5486], [-119.8497, 37.5489]]], [[[-119.8504, 37.5489], [-119.8507, 37.5483], [-119.8504, 37.5483], [-119.8504, 37.5489]]], [[[-119.8497, 37.5483], [-119.8504, 37.5481], [-119.8497, 37.5478], [-119.8497, 37.5483]]], [[[-119.849, 37.5475], [-119.8494, 37.5472], [-119.849, 37.5472], [-119.849, 37.5475]]], [[[-119.8541, 37.547], [-119.8545, 37.5467], [-119.8541, 37.5467], [-119.8541, 37.547]]], [[[-119.8551, 37.5502], [-119.8551, 37.547], [-119.8545, 37.5473], [-119.8545, 37.5486], [-119.8535, 37.5464], [-119.8483, 37.547], [-119.85, 37.5472], [-119.8504, 37.5481], [-119.8514, 37.5472], [-119.8517, 37.5489], [-119.8521, 37.5486], [-119.8534, 37.5486], [-119.8534, 37.5497], [-119.8538, 37.5497], [-119.8538, 37.5499], [-119.8545, 37.5499], [-119.8545, 37.5502], [-119.8551, 37.5502]], [[-119.8541, 37.5494], [-119.8538, 37.5497], [-119.8538, 37.5494], [-119.8541, 37.5494]], [[-119.8538, 37.5483], [-119.8534, 37.5486], [-119.8534, 37.5483], [-119.8538, 37.5483]], [[-119.8528, 37.5483], [-119.8521, 37.5481], [-119.8521, 37.5475], [-119.8528, 37.5478], [-119.8528, 37.5483]], [[-119.8531, 37.5475], [-119.8528, 37.5478], [-119.8528, 37.5475], [-119.8531, 37.5475]]], [[[-119.846, 37.5464], [-119.846, 37.5459], [-119.8453, 37.5459], [-119.8453, 37.5462], [-119.846, 37.5464]]], [[[-119.846, 37.5456], [-119.846, 37.5443], [-119.8456, 37.5443], [-119.8453, 37.5456], [-119.846, 37.5456]]], [[[-119.8399, 37.5432], [-119.8402, 37.5429], [-119.8399, 37.5429], [-119.8399, 37.5432]]], [[[-119.8388, 37.5429], [-119.8399, 37.5426], [-119.8388, 37.5426], [-119.8388, 37.5429]]], [[[-119.8586, 37.5421], [-119.8589, 37.5419], [-119.8586, 37.5419], [-119.8586, 37.5421]]], [[[-119.8592, 37.5421], [-119.8596, 37.5416], [-119.8592, 37.5416], [-119.8592, 37.5421]]], [[[-119.8589, 37.5416], [-119.8592, 37.5413], [-119.8589, 37.5413], [-119.8589, 37.5416]]], [[[-119.8327, 37.5413], [-119.8331, 37.541], [-119.8327, 37.541], [-119.8327, 37.5413]]], [[[-119.8552, 37.541], [-119.8555, 37.5408], [-119.8552, 37.5408], [-119.8552, 37.541]]], [[[-119.8555, 37.5405], [-119.8558, 37.5402], [-119.8555, 37.5402], [-119.8555, 37.5405]]], [[[-119.8698, 37.5394], [-119.8701, 37.5392], [-119.8698, 37.5392], [-119.8698, 37.5394]]], [[[-119.8286, 37.5386], [-119.829, 37.5383], [-119.8286, 37.5383], [-119.8286, 37.5386]]], [[[-119.8283, 37.5378], [-119.829, 37.538], [-119.829, 37.5375], [-119.8283, 37.5378]]], [[[-119.8259, 37.5361], [-119.8263, 37.5359], [-119.8259, 37.5359], [-119.8259, 37.5361]]], [[[-119.827, 37.5361], [-119.8273, 37.5356], [-119.827, 37.5356], [-119.827, 37.5361]]], [[[-119.83, 37.5356], [-119.8304, 37.5353], [-119.83, 37.5353], [-119.83, 37.5356]]], [[[-119.8501, 37.5354], [-119.8504, 37.5351], [-119.8501, 37.5351], [-119.8501, 37.5354]]], [[[-119.8453, 37.5356], [-119.8453, 37.5348], [-119.845, 37.5348], [-119.8446, 37.5356], [-119.8453, 37.5356]]], [[[-119.8263, 37.5356], [-119.827, 37.5351], [-119.8259, 37.5348], [-119.8263, 37.5356]]], [[[-119.8521, 37.5351], [-119.8525, 37.5348], [-119.8521, 37.5348], [-119.8521, 37.5351]]], [[[-119.8511, 37.5351], [-119.8514, 37.5348], [-119.8511, 37.5348], [-119.8511, 37.5351]]], [[[-119.8518, 37.5346], [-119.8521, 37.5343], [-119.8518, 37.5343], [-119.8518, 37.5346]]], [[[-119.8746, 37.5338], [-119.8749, 37.5335], [-119.8746, 37.5335], [-119.8746, 37.5338]]], [[[-119.8508, 37.5329], [-119.8514, 37.5327], [-119.8508, 37.5327], [-119.8508, 37.5329]]], [[[-119.8582, 37.5327], [-119.8586, 37.5324], [-119.8582, 37.5324], [-119.8582, 37.5327]]], [[[-119.8749, 37.5332], [-119.8756, 37.5322], [-119.8735, 37.5324], [-119.8739, 37.533], [-119.8749, 37.5332]]], [[[-119.8463, 37.5327], [-119.8467, 37.5321], [-119.8463, 37.5321], [-119.8463, 37.5327]]], [[[-119.8732, 37.5324], [-119.8735, 37.5322], [-119.8732, 37.5322], [-119.8732, 37.5324]]], [[[-119.8718, 37.5324], [-119.8725, 37.5322], [-119.8718, 37.5322], [-119.8718, 37.5324]]], [[[-119.8419, 37.5324], [-119.8419, 37.5319], [-119.8409, 37.5319], [-119.8409, 37.5324], [-119.8419, 37.5324]]], [[[-119.8725, 37.5322], [-119.8729, 37.5319], [-119.8725, 37.5319], [-119.8725, 37.5322]]], [[[-119.8763, 37.5319], [-119.8773, 37.5316], [-119.8763, 37.5316], [-119.8763, 37.5319]]], [[[-119.8423, 37.5319], [-119.8426, 37.5316], [-119.8423, 37.5316], [-119.8423, 37.5319]]], [[[-119.8718, 37.5316], [-119.8722, 37.5313], [-119.8718, 37.5313], [-119.8718, 37.5316]]], [[[-119.8412, 37.5316], [-119.8419, 37.5313], [-119.8412, 37.5313], [-119.8412, 37.5316]]], [[[-119.8763, 37.5314], [-119.8766, 37.5311], [-119.8763, 37.5311], [-119.8763, 37.5314]]], [[[-119.8766, 37.5311], [-119.8769, 37.5308], [-119.8766, 37.5308], [-119.8766, 37.5311]]], [[[-119.8457, 37.531], [-119.846, 37.5308], [-119.8457, 37.5308], [-119.8457, 37.531]]], [[[-119.8593, 37.5324], [-119.8589, 37.5311], [-119.8579, 37.5305], [-119.8548, 37.5305], [-119.8542, 37.5311], [-119.8542, 37.5319], [-119.8552, 37.5313], [-119.8555, 37.5313], [-119.8562, 37.5319], [-119.8572, 37.5311], [-119.8579, 37.5321], [-119.8593, 37.5324]], [[-119.8559, 37.5311], [-119.8555, 37.5313], [-119.8555, 37.5311], [-119.8559, 37.5311]]], [[[-119.8531, 37.5308], [-119.8535, 37.5305], [-119.8531, 37.5305], [-119.8531, 37.5308]]], [[[-119.845, 37.5305], [-119.8453, 37.5308], [-119.8457, 37.5305], [-119.845, 37.5305]]], [[[-119.8545, 37.5305], [-119.8548, 37.5302], [-119.8545, 37.5302], [-119.8545, 37.5305]]], [[[-119.8548, 37.5302], [-119.8552, 37.53], [-119.8548, 37.53], [-119.8548, 37.5302]]], [[[-119.8732, 37.5303], [-119.8742, 37.53], [-119.8732, 37.5297], [-119.8732, 37.5303]]], [[[-119.8552, 37.53], [-119.8555, 37.5297], [-119.8552, 37.5297], [-119.8552, 37.53]]], [[[-119.8446, 37.5297], [-119.845, 37.5294], [-119.8446, 37.5294], [-119.8446, 37.5297]]], [[[-119.8735, 37.5297], [-119.8739, 37.5292], [-119.8735, 37.5292], [-119.8735, 37.5297]]], [[[-119.8542, 37.5294], [-119.8545, 37.5292], [-119.8542, 37.5292], [-119.8542, 37.5294]]], [[[-119.8453, 37.5294], [-119.8457, 37.5289], [-119.8453, 37.5289], [-119.8453, 37.5294]]], [[[-119.8521, 37.5292], [-119.8525, 37.5289], [-119.8521, 37.5289], [-119.8521, 37.5292]]], [[[-119.8389, 37.5291], [-119.8395, 37.5289], [-119.8389, 37.5289], [-119.8389, 37.5291]]], [[[-119.8739, 37.5289], [-119.8746, 37.5287], [-119.8739, 37.5287], [-119.8739, 37.5289]]], [[[-119.8525, 37.5289], [-119.8531, 37.5286], [-119.8525, 37.5286], [-119.8525, 37.5289]]], [[[-119.8739, 37.5284], [-119.8742, 37.5281], [-119.8739, 37.5281], [-119.8739, 37.5284]]], [[[-119.8511, 37.5284], [-119.8514, 37.5281], [-119.8511, 37.5281], [-119.8511, 37.5284]]], [[[-119.8729, 37.5276], [-119.8732, 37.5273], [-119.8729, 37.5273], [-119.8729, 37.5276]]], [[[-119.8419, 37.5273], [-119.8423, 37.527], [-119.8419, 37.527], [-119.8419, 37.5273]]], [[[-119.8548, 37.5292], [-119.8545, 37.5273], [-119.8528, 37.5275], [-119.8525, 37.527], [-119.8514, 37.5275], [-119.8504, 37.5267], [-119.8501, 37.5275], [-119.8514, 37.5281], [-119.8531, 37.5278], [-119.8531, 37.5286], [-119.8548, 37.5292]], [[-119.8545, 37.5281], [-119.8538, 37.5284], [-119.8538, 37.5281], [-119.8545, 37.5281]]], [[[-119.8582, 37.5276], [-119.8582, 37.5267], [-119.8562, 37.527], [-119.8569, 37.5276], [-119.8582, 37.5276]]], [[[-119.8545, 37.5273], [-119.8552, 37.5267], [-119.8548, 37.5267], [-119.8545, 37.5273]]], [[[-119.8497, 37.5273], [-119.8501, 37.5267], [-119.8497, 37.5267], [-119.8497, 37.5273]]], [[[-119.8725, 37.527], [-119.8729, 37.5268], [-119.8725, 37.5268], [-119.8725, 37.527]]], [[[-119.8518, 37.527], [-119.8521, 37.5267], [-119.8518, 37.5267], [-119.8518, 37.527]]], [[[-119.8555, 37.5273], [-119.8562, 37.5267], [-119.8552, 37.5265], [-119.8555, 37.5273]]], [[[-119.8562, 37.5267], [-119.8565, 37.5265], [-119.8562, 37.5265], [-119.8562, 37.5267]]], [[[-119.8569, 37.5265], [-119.8572, 37.5262], [-119.8569, 37.5262], [-119.8569, 37.5265]]], [[[-119.8416, 37.5265], [-119.8419, 37.5262], [-119.8416, 37.5262], [-119.8416, 37.5265]]], [[[-119.8548, 37.5262], [-119.8552, 37.5259], [-119.8549, 37.5259], [-119.8548, 37.5262]]], [[[-119.8521, 37.5262], [-119.8525, 37.5259], [-119.8521, 37.5259], [-119.8521, 37.5262]]], [[[-119.8419, 37.5262], [-119.843, 37.5259], [-119.8419, 37.5259], [-119.8419, 37.5262]]], [[[-119.8491, 37.5262], [-119.8494, 37.5254], [-119.8491, 37.5254], [-119.8491, 37.5262]]], [[[-119.8698, 37.5259], [-119.8701, 37.5254], [-119.8698, 37.5254], [-119.8698, 37.5259]]], [[[-119.8691, 37.5254], [-119.8698, 37.5251], [-119.8691, 37.5251], [-119.8691, 37.5254]]], [[[-119.8487, 37.5254], [-119.8491, 37.5251], [-119.8487, 37.5251], [-119.8487, 37.5254]]], [[[-119.8256, 37.5254], [-119.826, 37.5251], [-119.8256, 37.5251], [-119.8256, 37.5254]]], [[[-119.8715, 37.5254], [-119.8715, 37.5249], [-119.8705, 37.5251], [-119.8705, 37.5254], [-119.8715, 37.5254]]], [[[-119.8253, 37.5289], [-119.8256, 37.5272], [-119.8249, 37.5262], [-119.8256, 37.5254], [-119.8236, 37.5248], [-119.8229, 37.5256], [-119.8236, 37.5262], [-119.8229, 37.528], [-119.8239, 37.528], [-119.8253, 37.5289]], [[-119.8243, 37.5278], [-119.8239, 37.528], [-119.8239, 37.5278], [-119.8243, 37.5278]], [[-119.8236, 37.5272], [-119.8232, 37.5275], [-119.8232, 37.5272], [-119.8236, 37.5272]], [[-119.8243, 37.527], [-119.8239, 37.5272], [-119.8239, 37.527], [-119.8243, 37.527]], [[-119.8239, 37.5259], [-119.8236, 37.5262], [-119.8236, 37.5259], [-119.8239, 37.5259]], [[-119.8249, 37.5254], [-119.8246, 37.5256], [-119.8246, 37.5254], [-119.8249, 37.5254]]], [[[-119.8518, 37.5267], [-119.8515, 37.5254], [-119.8525, 37.5248], [-119.8498, 37.5251], [-119.8501, 37.5262], [-119.8518, 37.5267]], [[-119.8508, 37.5254], [-119.8504, 37.5257], [-119.8504, 37.5254], [-119.8508, 37.5254]]], [[[-119.8501, 37.5248], [-119.8504, 37.5246], [-119.8501, 37.5246], [-119.8501, 37.5248]]], [[[-119.8715, 37.5246], [-119.8718, 37.5243], [-119.8715, 37.5243], [-119.8715, 37.5246]]], [[[-119.8705, 37.5246], [-119.8708, 37.5243], [-119.8705, 37.5243], [-119.8705, 37.5246]]], [[[-119.8504, 37.5243], [-119.8515, 37.5246], [-119.8515, 37.524], [-119.8504, 37.5243]]], [[[-119.8729, 37.5243], [-119.8732, 37.5241], [-119.8729, 37.5241], [-119.8729, 37.5243]]], [[[-119.8718, 37.5243], [-119.8722, 37.5241], [-119.8719, 37.5241], [-119.8718, 37.5243]]], [[[-119.8175, 37.5243], [-119.8178, 37.524], [-119.8175, 37.524], [-119.8175, 37.5243]]], [[[-119.8532, 37.5248], [-119.8535, 37.524], [-119.8518, 37.5238], [-119.8518, 37.5243], [-119.8532, 37.5248]]], [[[-119.8484, 37.524], [-119.8494, 37.5243], [-119.8494, 37.5238], [-119.8484, 37.524]]], [[[-119.8708, 37.5241], [-119.8712, 37.5238], [-119.8708, 37.5238], [-119.8708, 37.5241]]], [[[-119.8508, 37.524], [-119.8511, 37.5238], [-119.8508, 37.5238], [-119.8508, 37.524]]], [[[-119.8498, 37.524], [-119.8504, 37.5238], [-119.8498, 37.5238], [-119.8498, 37.524]]], [[[-119.8719, 37.5238], [-119.8722, 37.5235], [-119.8719, 37.5235], [-119.8719, 37.5238]]], [[[-119.8511, 37.5238], [-119.8515, 37.5235], [-119.8511, 37.5235], [-119.8511, 37.5238]]], [[[-119.8504, 37.5238], [-119.8508, 37.5235], [-119.8504, 37.5235], [-119.8504, 37.5238]]], [[[-119.8705, 37.5241], [-119.8705, 37.5235], [-119.8708, 37.5233], [-119.8702, 37.5233], [-119.8705, 37.5241]]], [[[-119.8494, 37.5235], [-119.8498, 37.5232], [-119.8494, 37.5232], [-119.8494, 37.5235]]], [[[-119.8484, 37.5235], [-119.8491, 37.523], [-119.8487, 37.523], [-119.8484, 37.5235]]], [[[-119.8708, 37.5233], [-119.8712, 37.523], [-119.8708, 37.523], [-119.8708, 37.5233]]], [[[-119.8712, 37.523], [-119.8715, 37.5227], [-119.8712, 37.5227], [-119.8712, 37.523]]], [[[-119.8484, 37.523], [-119.8487, 37.5227], [-119.8484, 37.5227], [-119.8484, 37.523]]], [[[-119.8705, 37.5227], [-119.8708, 37.5224], [-119.8705, 37.5224], [-119.8705, 37.5227]]], [[[-119.8498, 37.523], [-119.8498, 37.5221], [-119.8484, 37.5221], [-119.8491, 37.523], [-119.8498, 37.523]]], [[[-119.8712, 37.5222], [-119.8715, 37.5219], [-119.8712, 37.5219], [-119.8712, 37.5222]]], [[[-119.8501, 37.5221], [-119.8504, 37.5219], [-119.8501, 37.5219], [-119.8501, 37.5221]]], [[[-119.8705, 37.5222], [-119.8712, 37.5219], [-119.8708, 37.5211], [-119.8702, 37.5214], [-119.8705, 37.5222]]], [[[-119.8487, 37.5219], [-119.8491, 37.5205], [-119.8474, 37.5203], [-119.8477, 37.5216], [-119.8487, 37.5219]]], [[[-119.8712, 37.5208], [-119.8708, 37.5203], [-119.8698, 37.5203], [-119.8698, 37.5208], [-119.8712, 37.5208]]], [[[-119.8712, 37.5206], [-119.8715, 37.5203], [-119.8712, 37.5203], [-119.8712, 37.5206]]], [[[-119.8681, 37.52], [-119.8685, 37.5197], [-119.8681, 37.5197], [-119.8681, 37.52]]], [[[-119.8586, 37.52], [-119.8589, 37.5197], [-119.8586, 37.5197], [-119.8586, 37.52]]], [[[-119.8576, 37.52], [-119.8579, 37.5197], [-119.8576, 37.5197], [-119.8576, 37.52]]], [[[-119.8535, 37.52], [-119.8538, 37.5197], [-119.8535, 37.5197], [-119.8535, 37.52]]], [[[-119.8542, 37.5197], [-119.8545, 37.5195], [-119.8542, 37.5195], [-119.8542, 37.5197]]], [[[-119.8685, 37.5192], [-119.8688, 37.5189], [-119.8685, 37.5189], [-119.8685, 37.5192]]], [[[-119.8555, 37.5192], [-119.8559, 37.5189], [-119.8555, 37.5189], [-119.8555, 37.5192]]], [[[-119.8674, 37.5192], [-119.8678, 37.5187], [-119.8674, 37.5187], [-119.8674, 37.5192]]], [[[-119.8511, 37.5189], [-119.8515, 37.5186], [-119.8511, 37.5186], [-119.8511, 37.5189]]], [[[-119.8525, 37.5192], [-119.8521, 37.5181], [-119.8515, 37.5181], [-119.8518, 37.5192], [-119.8525, 37.5192]]], [[[-119.8569, 37.5181], [-119.8572, 37.5178], [-119.8569, 37.5178], [-119.8569, 37.5181]]], [[[-119.8545, 37.5168], [-119.8549, 37.5165], [-119.8545, 37.5165], [-119.8545, 37.5168]]]]}, "properties": {"layer": "cell", "cell_id": "532_3500", "seed_zone": "532", "elevation_band": "3500–4000 ft"}}, {"type": "Feature", "geometry": {"type": "MultiPolygon", "coordinates": [[[[-119.865, 37.5799], [-119.8653, 37.5796], [-119.865, 37.5796], [-119.865, 37.5799]]], [[[-119.8731, 37.5756], [-119.8735, 37.5753], [-119.8731, 37.5753], [-119.8731, 37.5756]]], [[[-119.8752, 37.5748], [-119.8755, 37.5745], [-119.8752, 37.5745], [-119.8752, 37.5748]]], [[[-119.8779, 37.5743], [-119.8782, 37.574], [-119.8779, 37.574], [-119.8779, 37.5743]]], [[[-119.8711, 37.5648], [-119.8714, 37.5645], [-119.8711, 37.5645], [-119.8711, 37.5648]]], [[[-119.8694, 37.5648], [-119.8701, 37.5643], [-119.8694, 37.5643], [-119.8694, 37.5648]]], [[[-119.8691, 37.5643], [-119.8694, 37.564], [-119.8691, 37.564], [-119.8691, 37.5643]]], [[[-119.8684, 37.5643], [-119.8687, 37.564], [-119.8684, 37.564], [-119.8684, 37.5643]]], [[[-119.8677, 37.564], [-119.868, 37.5637], [-119.8677, 37.5637], [-119.8677, 37.564]]], [[[-119.8697, 37.5637], [-119.8701, 37.5635], [-119.8697, 37.5635], [-119.8697, 37.5637]]], [[[-119.8653, 37.5637], [-119.8657, 37.5635], [-119.8653, 37.5635], [-119.8653, 37.5637]]], [[[-119.8694, 37.5635], [-119.8697, 37.5632], [-119.8694, 37.5632], [-119.8694, 37.5635]]], [[[-119.8653, 37.5632], [-119.8657, 37.5629], [-119.8653, 37.5629], [-119.8653, 37.5632]]], [[[-119.8711, 37.5605], [-119.8714, 37.5602], [-119.8711, 37.5602], [-119.8711, 37.5605]]], [[[-119.8708, 37.5594], [-119.8714, 37.5597], [-119.8715, 37.5591], [-119.8708, 37.5594]]], [[[-119.8704, 37.5594], [-119.8708, 37.5591], [-119.8704, 37.5591], [-119.8704, 37.5594]]], [[[-119.8579, 37.5556], [-119.8582, 37.5554], [-119.8579, 37.5554], [-119.8579, 37.5556]]], [[[-119.8585, 37.5554], [-119.8596, 37.5551], [-119.8596, 37.554], [-119.8582, 37.5543], [-119.8585, 37.5554]]], [[[-119.8701, 37.5297], [-119.8708, 37.5295], [-119.8701, 37.5295], [-119.8701, 37.5297]]], [[[-119.8698, 37.5295], [-119.8701, 37.5292], [-119.8698, 37.5292], [-119.8698, 37.5295]]], [[[-119.8691, 37.5289], [-119.8698, 37.5286], [-119.8691, 37.5286], [-119.8691, 37.5289]]], [[[-119.862, 37.5286], [-119.8627, 37.5284], [-119.862, 37.5284], [-119.862, 37.5286]]], [[[-119.8688, 37.5284], [-119.8691, 37.5281], [-119.8688, 37.5281], [-119.8688, 37.5284]]], [[[-119.8681, 37.5278], [-119.8684, 37.5281], [-119.8688, 37.5278], [-119.8681, 37.5278]]], [[[-119.8586, 37.527], [-119.8586, 37.5262], [-119.8569, 37.5259], [-119.8572, 37.5267], [-119.8586, 37.527]]], [[[-119.8589, 37.5265], [-119.8593, 37.5259], [-119.8589, 37.5259], [-119.8589, 37.5265]]], [[[-119.8647, 37.5254], [-119.865, 37.5251], [-119.8647, 37.5251], [-119.8647, 37.5254]]], [[[-119.8667, 37.5251], [-119.8671, 37.5249], [-119.8667, 37.5249], [-119.8667, 37.5251]]], [[[-119.8569, 37.5249], [-119.8572, 37.5246], [-119.8569, 37.5246], [-119.8569, 37.5249]]], [[[-119.8688, 37.5249], [-119.8688, 37.5243], [-119.8678, 37.5243], [-119.8678, 37.5246], [-119.8688, 37.5249]]], [[[-119.8674, 37.5243], [-119.8678, 37.5241], [-119.8674, 37.5241], [-119.8674, 37.5243]]], [[[-119.8664, 37.5241], [-119.8671, 37.5238], [-119.8664, 37.5235], [-119.8664, 37.5241]]], [[[-119.8627, 37.5227], [-119.863, 37.5224], [-119.8627, 37.5224], [-119.8627, 37.5227]]], [[[-119.86, 37.5227], [-119.8603, 37.5224], [-119.86, 37.5224], [-119.86, 37.5227]]], [[[-119.8606, 37.5224], [-119.861, 37.5222], [-119.8606, 37.5222], [-119.8606, 37.5224]]], [[[-119.8593, 37.5224], [-119.8596, 37.5222], [-119.8593, 37.5222], [-119.8593, 37.5224]]], [[[-119.8623, 37.5224], [-119.8623, 37.5216], [-119.8617, 37.5214], [-119.8617, 37.5219], [-119.8623, 37.5224]]], [[[-119.8586, 37.5222], [-119.8589, 37.5213], [-119.8583, 37.5213], [-119.8586, 37.5222]]], [[[-119.8566, 37.5213], [-119.8569, 37.5211], [-119.8566, 37.5211], [-119.8566, 37.5213]]], [[[-119.8586, 37.5211], [-119.8589, 37.5208], [-119.8586, 37.5208], [-119.8586, 37.5211]]], [[[-119.8576, 37.5205], [-119.8579, 37.52], [-119.8576, 37.52], [-119.8576, 37.5205]]], [[[-119.8596, 37.5203], [-119.86, 37.52], [-119.8596, 37.52], [-119.8596, 37.5203]]], [[[-119.8572, 37.52], [-119.8576, 37.5197], [-119.8572, 37.5197], [-119.8572, 37.52]]], [[[-119.8549, 37.52], [-119.8552, 37.5197], [-119.8549, 37.5197], [-119.8549, 37.52]]], [[[-119.8555, 37.5197], [-119.8559, 37.5195], [-119.8555, 37.5195], [-119.8555, 37.5197]]]]}, "properties": {"layer": "cell", "cell_id": "532_4000", "seed_zone": "532", "elevation_band": "4000–4500 ft"}}]}
