{"type": "FeatureCollection", "features": [{"type": "Feature", "geometry": {"type": "MultiPolygon", "coordinates": [[[[-123.1455, 40.958], [-123.1453, 40.9581], [-123.1453, 40.9579], [-123.1455, 40.958]]], [[[-123.1192, 40.9632], [-123.1174, 40.9627], [-123.1181, 40.9635], [-123.1168, 40.9639], [-123.1172, 40.9631], [-123.1156, 40.9611], [-123.1148, 40.963], [-123.1134, 40.9615], [-123.1126, 40.963], [-123.1105, 40.9614], [-123.1096, 40.9596], [-123.1099, 40.9592], [-123.1115, 40.9613], [-123.1121, 40.9611], [-123.1123, 40.9578], [-123.112, 40.9572], [-123.1101, 40.9571], [-123.1093, 40.956], [-123.1109, 40.9551], [-123.113, 40.9556], [-123.1139, 40.9548], [-123.1133, 40.9565], [-123.1119, 40.9567], [-123.1136, 40.9577], [-123.1159, 40.9539], [-123.1169, 40.9547], [-123.1195, 40.9533], [-123.1213, 40.9535], [-123.1234, 40.9543], [-123.1236, 40.9556], [-123.1252, 40.957], [-123.1259, 40.957], [-123.1262, 40.9577], [-123.1245, 40.9593], [-123.1232, 40.9581], [-123.1221, 40.9581], [-123.1239, 40.9607], [-123.1222, 40.9608], [-123.1224, 40.9615], [-123.1205, 40.961], [-123.1207, 40.9623], [-123.1201, 40.9608], [-123.1192, 40.9608], [-123.12, 40.9602], [-123.1196, 40.9595], [-123.119, 40.9601], [-123.1181, 40.9592], [-123.1175, 40.9595], [-123.1179, 40.9609], [-123.1197, 40.9617], [-123.119, 40.9625], [-123.1207, 40.9632], [-123.1204, 40.9643], [-123.1197, 40.9639], [-123.1194, 40.9646], [-123.1187, 40.9639], [-123.1192, 40.9632]]], [[[-123.1563, 40.9604], [-123.1555, 40.9606], [-123.1553, 40.9598], [-123.1557, 40.9598], [-123.1563, 40.9604]]], [[[-123.1397, 40.9611], [-123.1392, 40.9614], [-123.1391, 40.9608], [-123.1404, 40.9609], [-123.1402, 40.9618], [-123.1397, 40.9611]]], [[[-123.1165, 40.9661], [-123.1172, 40.9662], [-123.1169, 40.9674], [-123.1163, 40.9673], [-123.1165, 40.9661]]], [[[-123.1297, 40.9674], [-123.1302, 40.9672], [-123.1301, 40.9675], [-123.1297, 40.9674]]], [[[-123.137, 40.9752], [-123.1374, 40.9755], [-123.1369, 40.9756], [-123.137, 40.9752]]], [[[-123.1316, 40.9787], [-123.1335, 40.9787], [-123.1338, 40.9798], [-123.1326, 40.9804], [-123.1312, 40.9794], [-123.1316, 40.9787]]], [[[-123.1944, 40.9818], [-123.1951, 40.9815], [-123.1953, 40.9829], [-123.1946, 40.983], [-123.1944, 40.9818]]], [[[-123.1968, 40.9852], [-123.1971, 40.985], [-123.1969, 40.9853], [-123.1968, 40.9852]]], [[[-123.2155, 41.0156], [-123.2149, 41.0153], [-123.2156, 41.0152], [-123.2155, 41.0156]]], [[[-123.2201, 41.0286], [-123.2179, 41.0271], [-123.2198, 41.025], [-123.2211, 41.0246], [-123.2224, 41.0256], [-123.2225, 41.0264], [-123.2212, 41.0272], [-123.2223, 41.0271], [-123.2223, 41.0281], [-123.2217, 41.0278], [-123.2225, 41.0288], [-123.2201, 41.0286]]], [[[-123.2191, 41.036], [-123.2187, 41.0359], [-123.2188, 41.0358], [-123.2191, 41.036]]], [[[-123.1828, 41.0453], [-123.1822, 41.0459], [-123.1822, 41.045], [-123.1828, 41.0453]]], [[[-123.2071, 41.0488], [-123.2067, 41.0483], [-123.2074, 41.0479], [-123.2076, 41.0484], [-123.2071, 41.0488]]], [[[-123.2111, 41.0594], [-123.2102, 41.0581], [-123.2102, 41.0587], [-123.2089, 41.0583], [-123.2074, 41.0592], [-123.2048, 41.0583], [-123.2059, 41.0579], [-123.2059, 41.057], [-123.2046, 41.0572], [-123.2055, 41.0566], [-123.2045, 41.0553], [-123.2058, 41.0553], [-123.2055, 41.0557], [-123.2066, 41.0562], [-123.2066, 41.0555], [-123.2072, 41.0558], [-123.2089, 41.0544], [-123.2102, 41.0546], [-123.2113, 41.0556], [-123.2106, 41.0561], [-123.2114, 41.057], [-123.2109, 41.0578], [-123.2127, 41.0582], [-123.2126, 41.0595], [-123.2111, 41.0594]]], [[[-123.1839, 41.0592], [-123.185, 41.0592], [-123.1856, 41.0584], [-123.1851, 41.0579], [-123.1846, 41.0586], [-123.1843, 41.0577], [-123.1865, 41.0579], [-123.1861, 41.0588], [-123.1853, 41.0595], [-123.1845, 41.0593], [-123.1844, 41.0605], [-123.1839, 41.0592]]], [[[-123.1998, 41.0607], [-123.2003, 41.0608], [-123.2001, 41.0609], [-123.1998, 41.0607]]], [[[-123.1969, 41.0609], [-123.1971, 41.061], [-123.1971, 41.0611], [-123.1969, 41.0609]]], [[[-123.2028, 41.0607], [-123.2042, 41.0607], [-123.2041, 41.0615], [-123.2031, 41.0614], [-123.2035, 41.061], [-123.2028, 41.0607]]], [[[-123.2058, 41.0655], [-123.2055, 41.0654], [-123.2057, 41.0653], [-123.2058, 41.0655]]], [[[-123.2091, 41.0748], [-123.2095, 41.0718], [-123.2081, 41.0724], [-123.2084, 41.0739], [-123.208, 41.0727], [-123.2066, 41.0732], [-123.2059, 41.0725], [-123.2046, 41.0738], [-123.2047, 41.0729], [-123.2032, 41.0736], [-123.2029, 41.073], [-123.2054, 41.0724], [-123.2048, 41.0705], [-123.2056, 41.0703], [-123.2061, 41.0711], [-123.2064, 41.0699], [-123.2082, 41.07], [-123.208, 41.0687], [-123.2095, 41.068], [-123.2089, 41.0681], [-123.2093, 41.0674], [-123.2081, 41.0676], [-123.208, 41.0658], [-123.2086, 41.0653], [-123.2089, 41.0661], [-123.2104, 41.0647], [-123.2116, 41.0656], [-123.2104, 41.0667], [-123.2093, 41.0661], [-123.2092, 41.0669], [-123.2116, 41.0668], [-123.2123, 41.0675], [-123.2116, 41.0692], [-123.2104, 41.0687], [-123.2095, 41.0713], [-123.2111, 41.074], [-123.2091, 41.0748]]], [[[-123.2027, 41.0717], [-123.2025, 41.0719], [-123.2025, 41.0717], [-123.2027, 41.0717]]], [[[-123.1999, 41.0757], [-123.201, 41.0749], [-123.2012, 41.076], [-123.1999, 41.0757]]], [[[-123.2159, 41.0761], [-123.2162, 41.0761], [-123.2161, 41.0762], [-123.2159, 41.0761]]], [[[-123.2215, 41.076], [-123.2222, 41.0753], [-123.2244, 41.0761], [-123.2228, 41.0773], [-123.2215, 41.076]]], [[[-123.1232, 41.1323], [-123.1251, 41.1323], [-123.126, 41.1337], [-123.1246, 41.1336], [-123.1232, 41.1323]]], [[[-123.287, 41.2895], [-123.2871, 41.2898], [-123.2866, 41.2898], [-123.287, 41.2895]]], [[[-123.2949, 41.2923], [-123.2945, 41.292], [-123.2949, 41.292], [-123.2949, 41.2923]]], [[[-123.2003, 41.3352], [-123.1935, 41.3351], [-123.1924, 41.3331], [-123.193, 41.3326], [-123.1913, 41.3312], [-123.1921, 41.3309], [-123.1922, 41.3316], [-123.1934, 41.3318], [-123.1939, 41.3314], [-123.1939, 41.3328], [-123.1952, 41.3333], [-123.196, 41.3328], [-123.1945, 41.3325], [-123.1957, 41.3316], [-123.1951, 41.3313], [-123.1961, 41.3305], [-123.1969, 41.331], [-123.1979, 41.3306], [-123.1988, 41.329], [-123.1968, 41.3296], [-123.1957, 41.3287], [-123.1973, 41.3283], [-123.1975, 41.3275], [-123.1961, 41.3278], [-123.1949, 41.3266], [-123.1948, 41.3275], [-123.1945, 41.3266], [-123.1931, 41.3271], [-123.1927, 41.3263], [-123.1911, 41.3266], [-123.1923, 41.3267], [-123.1918, 41.327], [-123.193, 41.3276], [-123.1914, 41.327], [-123.1911, 41.3279], [-123.1895, 41.3279], [-123.1911, 41.3267], [-123.1898, 41.327], [-123.1879, 41.3254], [-123.1896, 41.3257], [-123.1898, 41.3251], [-123.1889, 41.325], [-123.1902, 41.3247], [-123.1896, 41.326], [-123.1906, 41.3264], [-123.1912, 41.3245], [-123.1905, 41.3239], [-123.1914, 41.3236], [-123.1903, 41.323], [-123.1899, 41.3237], [-123.1907, 41.3242], [-123.19, 41.3243], [-123.1886, 41.3227], [-123.1869, 41.323], [-123.1863, 41.3221], [-123.1873, 41.3218], [-123.1843, 41.3204], [-123.1843, 41.3156], [-123.1872, 41.3146], [-123.1898, 41.3157], [-123.1894, 41.3169], [-123.1899, 41.316], [-123.192, 41.3165], [-123.1916, 41.3157], [-123.195, 41.3148], [-123.1948, 41.3155], [-123.1935, 41.3156], [-123.1946, 41.3166], [-123.1947, 41.3185], [-123.1963, 41.3177], [-123.1972, 41.318], [-123.1966, 41.3168], [-123.1984, 41.3162], [-123.1988, 41.3153], [-123.1973, 41.3146], [-123.1976, 41.3136], [-123.1959, 41.3135], [-123.1969, 41.3125], [-123.1979, 41.3125], [-123.197, 41.3119], [-123.1981, 41.3122], [-123.1982, 41.3138], [-123.2004, 41.3137], [-123.1981, 41.3107], [-123.2025, 41.3108], [-123.2025, 41.3103], [-123.2028, 41.31], [-123.2051, 41.3091], [-123.2061, 41.3073], [-123.2083, 41.3074], [-123.2114, 41.3054], [-123.2105, 41.3048], [-123.2115, 41.3038], [-123.212, 41.3047], [-123.2125, 41.3041], [-123.2122, 41.3048], [-123.2132, 41.3046], [-123.2135, 41.3034], [-123.2146, 41.3043], [-123.2159, 41.3034], [-123.2161, 41.3018], [-123.2182, 41.3022], [-123.2169, 41.301], [-123.2185, 41.2992], [-123.2193, 41.2999], [-123.2213, 41.2995], [-123.221, 41.3007], [-123.2225, 41.3], [-123.2243, 41.3004], [-123.226, 41.3022], [-123.2276, 41.3023], [-123.228, 41.3019], [-123.2267, 41.3014], [-123.2268, 41.3006], [-123.2263, 41.301], [-123.2253, 41.3002], [-123.227, 41.3001], [-123.2276, 41.3009], [-123.2287, 41.2994], [-123.2312, 41.299], [-123.2312, 41.2967], [-123.2338, 41.2937], [-123.236, 41.2933], [-123.2366, 41.2941], [-123.236, 41.2947], [-123.2381, 41.2955], [-123.2425, 41.2958], [-123.2447, 41.294], [-123.2439, 41.2928], [-123.2457, 41.2913], [-123.2458, 41.2902], [-123.2488, 41.2905], [-123.2505, 41.2894], [-123.2516, 41.2872], [-123.255, 41.2857], [-123.2553, 41.2841], [-123.2569, 41.2834], [-123.2575, 41.2829], [-123.2568, 41.2822], [-123.2579, 41.2818], [-123.2597, 41.2828], [-123.2597, 41.284], [-123.2607, 41.2834], [-123.264, 41.2851], [-123.2644, 41.2858], [-123.2635, 41.2858], [-123.2622, 41.2871], [-123.2628, 41.2879], [-123.2679, 41.2901], [-123.2685, 41.2889], [-123.2674, 41.2893], [-123.2678, 41.2884], [-123.2697, 41.2883], [-123.2691, 41.2883], [-123.2685, 41.2867], [-123.2696, 41.2868], [-123.2693, 41.2859], [-123.2729, 41.2883], [-123.2741, 41.2873], [-123.2738, 41.2862], [-123.2745, 41.285], [-123.2763, 41.2845], [-123.2782, 41.2823], [-123.2763, 41.2823], [-123.2741, 41.2846], [-123.2743, 41.2823], [-123.2732, 41.2811], [-123.2743, 41.2813], [-123.2745, 41.2801], [-123.2718, 41.2807], [-123.2712, 41.2796], [-123.2729, 41.2795], [-123.2735, 41.2787], [-123.2737, 41.2797], [-123.2743, 41.2781], [-123.275, 41.2795], [-123.2748, 41.2781], [-123.2759, 41.2773], [-123.2819, 41.2759], [-123.2819, 41.2742], [-123.2846, 41.2747], [-123.2835, 41.2747], [-123.2832, 41.276], [-123.2847, 41.2754], [-123.2847, 41.2737], [-123.2856, 41.2737], [-123.2857, 41.2746], [-123.2865, 41.2736], [-123.2874, 41.2745], [-123.2861, 41.2748], [-123.2855, 41.276], [-123.2883, 41.2754], [-123.2876, 41.2742], [-123.2888, 41.2738], [-123.2891, 41.2748], [-123.2915, 41.2761], [-123.2921, 41.2757], [-123.2901, 41.2748], [-123.2904, 41.2736], [-123.2939, 41.2744], [-123.2935, 41.2735], [-123.2955, 41.2726], [-123.2942, 41.2748], [-123.2945, 41.2763], [-123.2963, 41.2777], [-123.2976, 41.2805], [-123.2972, 41.2818], [-123.2988, 41.2834], [-123.3001, 41.2834], [-123.2999, 41.2844], [-123.301, 41.2856], [-123.3024, 41.2854], [-123.3022, 41.2884], [-123.3036, 41.2894], [-123.3044, 41.2918], [-123.3001, 41.294], [-123.2958, 41.2935], [-123.2945, 41.2939], [-123.2928, 41.2952], [-123.2912, 41.298], [-123.2872, 41.2999], [-123.2754, 41.302], [-123.2728, 41.3108], [-123.27, 41.3113], [-123.2698, 41.3118], [-123.2707, 41.3117], [-123.2695, 41.3134], [-123.2669, 41.3137], [-123.2669, 41.3144], [-123.2709, 41.3141], [-123.2708, 41.3122], [-123.272, 41.312], [-123.2722, 41.3163], [-123.2685, 41.3183], [-123.2678, 41.3204], [-123.2661, 41.3206], [-123.2648, 41.3236], [-123.2599, 41.3244], [-123.2578, 41.3257], [-123.2504, 41.3259], [-123.2509, 41.3267], [-123.2488, 41.3285], [-123.244, 41.3286], [-123.2445, 41.3274], [-123.2428, 41.3279], [-123.2431, 41.3261], [-123.2418, 41.3242], [-123.2402, 41.3245], [-123.2382, 41.3266], [-123.2376, 41.3261], [-123.2364, 41.3265], [-123.237, 41.3254], [-123.2355, 41.3241], [-123.2357, 41.3252], [-123.2342, 41.3257], [-123.2327, 41.3249], [-123.2316, 41.3265], [-123.2326, 41.3271], [-123.2329, 41.3294], [-123.2319, 41.3295], [-123.2317, 41.3289], [-123.2302, 41.3296], [-123.2288, 41.3286], [-123.2288, 41.3304], [-123.2274, 41.3308], [-123.228, 41.3312], [-123.2256, 41.3316], [-123.2247, 41.3305], [-123.2242, 41.3306], [-123.2247, 41.3319], [-123.2235, 41.3322], [-123.2215, 41.3311], [-123.2214, 41.3302], [-123.2206, 41.3304], [-123.219, 41.3293], [-123.2195, 41.3283], [-123.2202, 41.3284], [-123.2204, 41.3257], [-123.2187, 41.3254], [-123.2173, 41.3243], [-123.2106, 41.3239], [-123.2101, 41.3224], [-123.2095, 41.3234], [-123.2079, 41.3238], [-123.209, 41.326], [-123.207, 41.3265], [-123.2083, 41.3271], [-123.2078, 41.3295], [-123.2051, 41.3295], [-123.2034, 41.331], [-123.2041, 41.3314], [-123.2035, 41.3318], [-123.2027, 41.3307], [-123.2027, 41.3319], [-123.2015, 41.3324], [-123.2032, 41.3329], [-123.2024, 41.3332], [-123.2029, 41.3336], [-123.2022, 41.3337], [-123.2027, 41.3342], [-123.2015, 41.335], [-123.2016, 41.336], [-123.2003, 41.3352]], [[-123.2041, 41.3111], [-123.2051, 41.3112], [-123.2044, 41.3096], [-123.2033, 41.31], [-123.2037, 41.3109], [-123.203, 41.3101], [-123.2026, 41.3107], [-123.2025, 41.3108], [-123.2021, 41.3109], [-123.2039, 41.3117], [-123.2052, 41.3117], [-123.2041, 41.3111]], [[-123.2135, 41.3204], [-123.2144, 41.3183], [-123.2156, 41.3183], [-123.2127, 41.3154], [-123.2127, 41.3139], [-123.2119, 41.3132], [-123.2115, 41.3138], [-123.211, 41.3135], [-123.212, 41.3113], [-123.2096, 41.3117], [-123.2089, 41.3109], [-123.2098, 41.3099], [-123.2085, 41.31], [-123.2087, 41.3089], [-123.2083, 41.3093], [-123.2074, 41.3092], [-123.2089, 41.3082], [-123.2071, 41.3087], [-123.2064, 41.3079], [-123.2058, 41.3084], [-123.2068, 41.309], [-123.2058, 41.3093], [-123.2055, 41.3083], [-123.2053, 41.3092], [-123.2057, 41.3108], [-123.2062, 41.3101], [-123.2071, 41.3097], [-123.2063, 41.3112], [-123.2072, 41.3109], [-123.2072, 41.3101], [-123.2078, 41.3096], [-123.2077, 41.3119], [-123.2093, 41.3122], [-123.2098, 41.3132], [-123.2088, 41.3126], [-123.2087, 41.3138], [-123.2111, 41.3159], [-123.2115, 41.3177], [-123.213, 41.3188], [-123.2135, 41.3204]], [[-123.2134, 41.3213], [-123.2123, 41.3205], [-123.212, 41.319], [-123.2112, 41.3218], [-123.212, 41.3232], [-123.2133, 41.3232], [-123.2134, 41.3213]], [[-123.2149, 41.3045], [-123.2137, 41.3046], [-123.215, 41.3049], [-123.2149, 41.3045]], [[-123.2177, 41.3078], [-123.2168, 41.3041], [-123.2161, 41.304], [-123.2151, 41.305], [-123.2171, 41.307], [-123.2173, 41.309], [-123.218, 41.3087], [-123.2182, 41.3093], [-123.2217, 41.31], [-123.2225, 41.3114], [-123.2232, 41.3112], [-123.2219, 41.3083], [-123.2207, 41.3081], [-123.2201, 41.3087], [-123.2198, 41.3078], [-123.2177, 41.3078]], [[-123.2164, 41.3032], [-123.2164, 41.3026], [-123.2162, 41.3036], [-123.2177, 41.3032], [-123.2171, 41.3027], [-123.2164, 41.3032]], [[-123.2203, 41.3279], [-123.2205, 41.3277], [-123.2203, 41.3276], [-123.2203, 41.3279]], [[-123.2214, 41.3276], [-123.2206, 41.3282], [-123.2228, 41.3284], [-123.2227, 41.3277], [-123.2214, 41.3276]], [[-123.2217, 41.3241], [-123.2209, 41.3255], [-123.2233, 41.3264], [-123.2227, 41.3245], [-123.2217, 41.3241]], [[-123.2248, 41.3145], [-123.2233, 41.3146], [-123.2251, 41.3144], [-123.2256, 41.3146], [-123.2264, 41.3133], [-123.2257, 41.3136], [-123.2248, 41.313], [-123.2246, 41.3142], [-123.2232, 41.3138], [-123.2214, 41.3146], [-123.2219, 41.3151], [-123.222, 41.3145], [-123.2229, 41.3146], [-123.2258, 41.3158], [-123.2248, 41.3145]], [[-123.2227, 41.3037], [-123.2242, 41.3023], [-123.2231, 41.3017], [-123.2215, 41.3024], [-123.2212, 41.3036], [-123.2227, 41.3037]], [[-123.2267, 41.3053], [-123.2246, 41.3045], [-123.2254, 41.3062], [-123.2269, 41.3068], [-123.2285, 41.3055], [-123.2294, 41.3064], [-123.2293, 41.3059], [-123.2303, 41.306], [-123.23, 41.3068], [-123.2314, 41.3068], [-123.2311, 41.3059], [-123.2293, 41.3057], [-123.23, 41.3037], [-123.2297, 41.3023], [-123.2287, 41.3025], [-123.2291, 41.304], [-123.2283, 41.3038], [-123.229, 41.3051], [-123.2267, 41.3053]], [[-123.2298, 41.3139], [-123.2301, 41.3112], [-123.2284, 41.3129], [-123.2281, 41.3108], [-123.2289, 41.3096], [-123.2279, 41.3095], [-123.2277, 41.3102], [-123.2263, 41.3106], [-123.2267, 41.3089], [-123.2259, 41.3084], [-123.2254, 41.3099], [-123.2271, 41.3137], [-123.226, 41.3148], [-123.2271, 41.3159], [-123.2273, 41.3149], [-123.2298, 41.3139]], [[-123.2273, 41.316], [-123.227, 41.3167], [-123.226, 41.3166], [-123.2271, 41.318], [-123.2261, 41.3181], [-123.2297, 41.321], [-123.2291, 41.3198], [-123.232, 41.3155], [-123.2316, 41.3141], [-123.2306, 41.3145], [-123.2297, 41.317], [-123.2279, 41.3174], [-123.2273, 41.316]], [[-123.2301, 41.3241], [-123.2294, 41.326], [-123.2292, 41.3243], [-123.2282, 41.3245], [-123.229, 41.3272], [-123.2307, 41.3272], [-123.2311, 41.328], [-123.2316, 41.3269], [-123.2301, 41.3241]], [[-123.2542, 41.3117], [-123.2535, 41.3129], [-123.2543, 41.3131], [-123.2526, 41.314], [-123.2519, 41.3138], [-123.2483, 41.3173], [-123.246, 41.3106], [-123.2438, 41.3101], [-123.2415, 41.3106], [-123.2418, 41.3122], [-123.2411, 41.3129], [-123.2422, 41.3153], [-123.2407, 41.3176], [-123.24, 41.3171], [-123.2392, 41.3175], [-123.2387, 41.3189], [-123.2382, 41.3184], [-123.2375, 41.3189], [-123.2362, 41.3188], [-123.2347, 41.3203], [-123.2335, 41.3193], [-123.2323, 41.3198], [-123.2314, 41.3177], [-123.2301, 41.3202], [-123.2312, 41.3203], [-123.2309, 41.3216], [-123.2301, 41.3219], [-123.2298, 41.3209], [-123.2294, 41.3217], [-123.2297, 41.3238], [-123.2304, 41.3222], [-123.231, 41.3225], [-123.2307, 41.3236], [-123.232, 41.3227], [-123.2315, 41.322], [-123.2311, 41.3222], [-123.2313, 41.3209], [-123.2313, 41.3215], [-123.2317, 41.3215], [-123.2337, 41.3206], [-123.2331, 41.3219], [-123.2356, 41.3214], [-123.2361, 41.3207], [-123.238, 41.3231], [-123.239, 41.3222], [-123.2387, 41.3245], [-123.2444, 41.3227], [-123.2462, 41.3231], [-123.2483, 41.3251], [-123.2501, 41.3253], [-123.2533, 41.3241], [-123.2565, 41.3214], [-123.2587, 41.3218], [-123.2586, 41.3211], [-123.261, 41.3206], [-123.2614, 41.3177], [-123.2623, 41.3169], [-123.2594, 41.3142], [-123.2572, 41.3136], [-123.2563, 41.3126], [-123.2548, 41.313], [-123.2552, 41.3119], [-123.2525, 41.3093], [-123.253, 41.3121], [-123.2542, 41.3117]], [[-123.2308, 41.3105], [-123.2316, 41.313], [-123.2334, 41.3096], [-123.2321, 41.3091], [-123.2319, 41.3077], [-123.2317, 41.309], [-123.2298, 41.3098], [-123.2308, 41.3105]], [[-123.2372, 41.3136], [-123.2366, 41.3137], [-123.2377, 41.3131], [-123.2377, 41.312], [-123.2358, 41.3132], [-123.2353, 41.3123], [-123.2338, 41.3136], [-123.2327, 41.3133], [-123.2333, 41.316], [-123.2348, 41.3157], [-123.2355, 41.3168], [-123.2372, 41.3136]], [[-123.2696, 41.3087], [-123.2718, 41.3098], [-123.2731, 41.3081], [-123.2696, 41.3087]], [[-123.2834, 41.2957], [-123.2857, 41.2948], [-123.2861, 41.2957], [-123.2868, 41.2953], [-123.2878, 41.2957], [-123.2873, 41.297], [-123.2866, 41.2963], [-123.2859, 41.2966], [-123.2861, 41.2976], [-123.2868, 41.2969], [-123.2878, 41.2975], [-123.2879, 41.2963], [-123.2886, 41.2969], [-123.2898, 41.2967], [-123.2911, 41.2948], [-123.2941, 41.2938], [-123.2925, 41.2932], [-123.2926, 41.2921], [-123.2916, 41.2917], [-123.2917, 41.2905], [-123.2927, 41.2901], [-123.2889, 41.2901], [-123.2882, 41.2886], [-123.2861, 41.2893], [-123.2851, 41.2908], [-123.2834, 41.29], [-123.2827, 41.2915], [-123.2817, 41.2908], [-123.2815, 41.2917], [-123.2827, 41.2926], [-123.2813, 41.2967], [-123.2822, 41.2976], [-123.2834, 41.2957]], [[-123.2932, 41.2895], [-123.2945, 41.2917], [-123.2936, 41.2927], [-123.2944, 41.2933], [-123.2967, 41.292], [-123.2995, 41.2921], [-123.2994, 41.2911], [-123.2991, 41.2916], [-123.297, 41.2916], [-123.2951, 41.2904], [-123.2954, 41.2897], [-123.2942, 41.2899], [-123.2934, 41.2891], [-123.2959, 41.2867], [-123.2952, 41.287], [-123.2941, 41.2859], [-123.2933, 41.2864], [-123.2925, 41.2859], [-123.2915, 41.2867], [-123.2903, 41.286], [-123.2914, 41.2872], [-123.2924, 41.2869], [-123.2917, 41.2877], [-123.2921, 41.289], [-123.2926, 41.2888], [-123.2926, 41.2897], [-123.2932, 41.2895]], [[-123.2975, 41.2893], [-123.2962, 41.2885], [-123.2958, 41.2889], [-123.2967, 41.2892], [-123.2964, 41.2902], [-123.2976, 41.2897], [-123.2984, 41.2903], [-123.2993, 41.2896], [-123.2978, 41.2875], [-123.2976, 41.2882], [-123.2969, 41.2882], [-123.2975, 41.2893]], [[-123.3002, 41.2911], [-123.302, 41.292], [-123.3041, 41.2914], [-123.3008, 41.2894], [-123.2999, 41.2899], [-123.3008, 41.2904], [-123.3002, 41.2911]]], [[[-123.2185, 41.3084], [-123.2183, 41.308], [-123.2187, 41.3081], [-123.2185, 41.3084]]], [[[-123.236, 41.3267], [-123.2365, 41.327], [-123.236, 41.3271], [-123.236, 41.3267]]], [[[-123.1911, 41.3303], [-123.1894, 41.3282], [-123.1879, 41.3286], [-123.188, 41.3275], [-123.1892, 41.3275], [-123.1893, 41.328], [-123.1904, 41.3284], [-123.1901, 41.3287], [-123.1918, 41.3291], [-123.192, 41.3304], [-123.1911, 41.3303]]], [[[-123.1899, 41.3352], [-123.1894, 41.3352], [-123.1898, 41.3349], [-123.1899, 41.3352]]], [[[-123.0824, 40.9556], [-123.082, 40.9558], [-123.0821, 40.9555], [-123.0824, 40.9556]]], [[[-123.081, 40.9593], [-123.0796, 40.9578], [-123.0806, 40.9575], [-123.0833, 40.959], [-123.0814, 40.9587], [-123.081, 40.9593]]], [[[-123.0797, 40.9583], [-123.0805, 40.9589], [-123.0805, 40.9591], [-123.0796, 40.959], [-123.0797, 40.9583]]], [[[-123.0855, 40.9646], [-123.0832, 40.9643], [-123.0844, 40.9634], [-123.0868, 40.9639], [-123.0855, 40.9646]]], [[[-123.0818, 40.9646], [-123.0818, 40.9643], [-123.0822, 40.9644], [-123.0818, 40.9646]]], [[[-123.0804, 40.9649], [-123.0807, 40.965], [-123.0805, 40.9652], [-123.0804, 40.9649]]], [[[-123.082, 40.9648], [-123.0815, 40.9649], [-123.0816, 40.9648], [-123.082, 40.9648]]], [[[-123.116, 40.9654], [-123.117, 40.9652], [-123.1169, 40.9659], [-123.116, 40.9654]]], [[[-123.1155, 40.9654], [-123.1156, 40.9656], [-123.1153, 40.9656], [-123.1155, 40.9654]]], [[[-123.1123, 40.9729], [-123.113, 40.9729], [-123.113, 40.9732], [-123.1123, 40.9729]]], [[[-123.0617, 40.9774], [-123.0606, 40.9776], [-123.0632, 40.9758], [-123.0633, 40.9749], [-123.0614, 40.9761], [-123.062, 40.9749], [-123.0606, 40.9755], [-123.0597, 40.9752], [-123.06, 40.9747], [-123.0607, 40.9751], [-123.0619, 40.9743], [-123.0636, 40.9746], [-123.0641, 40.9735], [-123.0653, 40.9732], [-123.0663, 40.9736], [-123.0656, 40.9738], [-123.0659, 40.9757], [-123.065, 40.9757], [-123.0655, 40.9759], [-123.0633, 40.9779], [-123.0622, 40.9782], [-123.0617, 40.9774]]], [[[-123.1154, 40.9744], [-123.1168, 40.9745], [-123.1154, 40.9755], [-123.1154, 40.9744]]], [[[-123.0698, 40.9762], [-123.0692, 40.9764], [-123.0696, 40.9759], [-123.0698, 40.9762]]], [[[-123.0688, 40.9881], [-123.0677, 40.9873], [-123.069, 40.9877], [-123.0688, 40.9881]]], [[[-123.0495, 40.997], [-123.0503, 40.9957], [-123.051, 40.9964], [-123.0495, 40.997]]], [[[-122.9392, 41.0007], [-122.9375, 41.0009], [-122.9361, 41.0003], [-122.9382, 41.0003], [-122.9392, 41.0007]]], [[[-122.95, 41.0116], [-122.9509, 41.0113], [-122.9527, 41.0102], [-122.9513, 41.0129], [-122.9498, 41.0123], [-122.95, 41.0116]]], [[[-122.9471, 41.0149], [-122.9473, 41.0129], [-122.9465, 41.0129], [-122.9452, 41.0143], [-122.9446, 41.0127], [-122.9464, 41.0111], [-122.9466, 41.0126], [-122.9491, 41.0109], [-122.9487, 41.0153], [-122.9471, 41.0149]]], [[[-123.0711, 41.014], [-123.0693, 41.0141], [-123.067, 41.0128], [-123.0682, 41.0124], [-123.0717, 41.0137], [-123.0718, 41.0147], [-123.0701, 41.0147], [-123.0711, 41.014]]], [[[-122.9592, 41.0186], [-122.9595, 41.0177], [-122.9594, 41.0188], [-122.9592, 41.0186]]], [[[-122.9519, 41.0179], [-122.9501, 41.0192], [-122.9489, 41.0187], [-122.9501, 41.018], [-122.9519, 41.0179]]], [[[-122.9848, 41.0188], [-122.9856, 41.0189], [-122.9849, 41.0192], [-122.9848, 41.0188]]], [[[-122.986, 41.0195], [-122.9874, 41.0187], [-122.9884, 41.0197], [-122.9881, 41.02], [-122.986, 41.0195]]], [[[-123.0014, 41.0261], [-123.0017, 41.0202], [-123.0027, 41.0202], [-123.0031, 41.0194], [-123.0042, 41.0207], [-123.0071, 41.0196], [-123.0066, 41.0209], [-123.0081, 41.0204], [-123.0078, 41.0215], [-123.0061, 41.0219], [-123.0041, 41.0215], [-123.0033, 41.0226], [-123.0036, 41.0244], [-123.0055, 41.0268], [-123.0014, 41.0261]]], [[[-123.0159, 41.0239], [-123.0157, 41.0231], [-123.0179, 41.0231], [-123.0173, 41.0236], [-123.0159, 41.0239]]], [[[-122.9906, 41.0328], [-122.9902, 41.032], [-122.9888, 41.033], [-122.988, 41.0318], [-122.9876, 41.0329], [-122.9867, 41.0322], [-122.9862, 41.0313], [-122.9871, 41.0291], [-122.9851, 41.0285], [-122.9859, 41.0298], [-122.9853, 41.0298], [-122.9849, 41.0285], [-122.9841, 41.0296], [-122.9837, 41.0288], [-122.9814, 41.0285], [-122.9817, 41.028], [-122.9809, 41.0279], [-122.9819, 41.0271], [-122.9817, 41.0255], [-122.9797, 41.0243], [-122.9793, 41.0226], [-122.9801, 41.0226], [-122.9802, 41.0218], [-122.9817, 41.0219], [-122.9808, 41.0189], [-122.982, 41.0189], [-122.9845, 41.0201], [-122.986, 41.02], [-122.9867, 41.021], [-122.986, 41.0217], [-122.9882, 41.0252], [-122.9888, 41.0241], [-122.9876, 41.0237], [-122.9876, 41.023], [-122.9914, 41.0249], [-122.9914, 41.0256], [-122.9906, 41.0252], [-122.9911, 41.0259], [-122.9899, 41.0283], [-122.991, 41.0301], [-122.992, 41.0301], [-122.9907, 41.0311], [-122.9911, 41.0321], [-122.9932, 41.0331], [-122.9906, 41.0328]]], [[[-123.0424, 41.0413], [-123.0434, 41.0414], [-123.0428, 41.0421], [-123.0424, 41.0413]]], [[[-123.0481, 41.0439], [-123.0486, 41.044], [-123.0483, 41.0442], [-123.0481, 41.0439]]], [[[-122.9582, 41.0468], [-122.958, 41.0464], [-122.9584, 41.0461], [-122.9582, 41.0468]]], [[[-123.0547, 41.0901], [-123.0544, 41.0882], [-123.0552, 41.0865], [-123.0577, 41.0887], [-123.0559, 41.0899], [-123.0576, 41.0907], [-123.0547, 41.0901]]], [[[-123.0758, 41.0982], [-123.076, 41.0985], [-123.0757, 41.0986], [-123.0758, 41.0982]]], [[[-123.0619, 40.9916], [-123.0637, 40.9923], [-123.0636, 40.9917], [-123.0605, 40.9913], [-123.0603, 40.9905], [-123.061, 40.99], [-123.061, 40.9909], [-123.0615, 40.991], [-123.0624, 40.9896], [-123.0636, 40.9905], [-123.064, 40.9899], [-123.0632, 40.9887], [-123.0647, 40.9895], [-123.0648, 40.9885], [-123.0656, 40.9891], [-123.0664, 40.9884], [-123.0665, 40.9891], [-123.0675, 40.9888], [-123.0677, 40.9893], [-123.0658, 40.99], [-123.0655, 40.9892], [-123.0648, 40.9899], [-123.0654, 40.9908], [-123.0667, 40.9904], [-123.0675, 40.9911], [-123.068, 40.9902], [-123.0674, 40.9901], [-123.0684, 40.9896], [-123.0683, 40.9912], [-123.0691, 40.9905], [-123.0703, 40.9916], [-123.0716, 40.9909], [-123.073, 40.9913], [-123.0747, 40.9927], [-123.0739, 40.9949], [-123.0757, 40.9947], [-123.0775, 40.9963], [-123.078, 40.9979], [-123.0791, 40.9968], [-123.0796, 40.9982], [-123.0804, 40.9983], [-123.0811, 40.9972], [-123.0804, 40.9968], [-123.0812, 40.9964], [-123.0835, 40.9971], [-123.0826, 40.9956], [-123.0797, 40.9946], [-123.079, 40.991], [-123.0761, 40.9917], [-123.0764, 40.9898], [-123.0745, 40.9903], [-123.0735, 40.9885], [-123.0688, 40.9868], [-123.0607, 40.9863], [-123.0577, 40.985], [-123.0585, 40.9848], [-123.0584, 40.9841], [-123.0593, 40.9842], [-123.0593, 40.9833], [-123.0641, 40.9834], [-123.0645, 40.982], [-123.0663, 40.9824], [-123.0661, 40.9811], [-123.0644, 40.9796], [-123.0647, 40.9805], [-123.0631, 40.9809], [-123.061, 40.9798], [-123.0635, 40.9798], [-123.0632, 40.9789], [-123.065, 40.9779], [-123.0658, 40.9759], [-123.0673, 40.9764], [-123.067, 40.9767], [-123.0678, 40.9758], [-123.0679, 40.9769], [-123.0692, 40.9777], [-123.0666, 40.9775], [-123.0665, 40.9767], [-123.0657, 40.977], [-123.0664, 40.9778], [-123.0676, 40.9777], [-123.0688, 40.9794], [-123.0675, 40.9826], [-123.0702, 40.9827], [-123.0711, 40.9817], [-123.0696, 40.9807], [-123.0734, 40.9796], [-123.0714, 40.9782], [-123.0703, 40.9754], [-123.0711, 40.9741], [-123.0693, 40.9729], [-123.0697, 40.972], [-123.0712, 40.9722], [-123.0728, 40.9713], [-123.0732, 40.9721], [-123.0751, 40.9719], [-123.0739, 40.9725], [-123.0737, 40.9738], [-123.0743, 40.9777], [-123.0749, 40.9779], [-123.0745, 40.9756], [-123.0754, 40.9748], [-123.0741, 40.9745], [-123.0743, 40.9733], [-123.0759, 40.9743], [-123.0775, 40.9739], [-123.0787, 40.9743], [-123.0795, 40.9739], [-123.0793, 40.9713], [-123.0814, 40.9718], [-123.0825, 40.9708], [-123.0839, 40.9716], [-123.0822, 40.967], [-123.0835, 40.967], [-123.0842, 40.9686], [-123.087, 40.9681], [-123.0846, 40.9668], [-123.0853, 40.966], [-123.0849, 40.9653], [-123.087, 40.9658], [-123.0859, 40.9653], [-123.0874, 40.9655], [-123.0883, 40.963], [-123.0916, 40.9617], [-123.0894, 40.9613], [-123.0899, 40.962], [-123.0884, 40.962], [-123.0871, 40.9632], [-123.0836, 40.9627], [-123.083, 40.962], [-123.0822, 40.9632], [-123.0811, 40.9631], [-123.081, 40.9647], [-123.0806, 40.964], [-123.0799, 40.9643], [-123.0805, 40.9629], [-123.0808, 40.9636], [-123.0811, 40.9619], [-123.0814, 40.9628], [-123.0819, 40.9626], [-123.0814, 40.9623], [-123.082, 40.9619], [-123.0808, 40.9615], [-123.0821, 40.9611], [-123.0829, 40.9615], [-123.0833, 40.9604], [-123.0868, 40.9597], [-123.0855, 40.9591], [-123.0883, 40.9587], [-123.0871, 40.9583], [-123.0838, 40.9589], [-123.0851, 40.9576], [-123.0821, 40.9566], [-123.0835, 40.9557], [-123.0825, 40.9545], [-123.0845, 40.9533], [-123.0841, 40.9526], [-123.0869, 40.952], [-123.0916, 40.9521], [-123.0934, 40.9532], [-123.0959, 40.9533], [-123.0935, 40.9522], [-123.0943, 40.9521], [-123.0964, 40.9528], [-123.0981, 40.9548], [-123.0982, 40.9542], [-123.0994, 40.955], [-123.0995, 40.9545], [-123.1035, 40.955], [-123.1037, 40.9566], [-123.1045, 40.9563], [-123.1052, 40.9578], [-123.1044, 40.9584], [-123.1024, 40.9586], [-123.1025, 40.959], [-123.1037, 40.9586], [-123.1038, 40.9591], [-123.1012, 40.9593], [-123.1021, 40.9599], [-123.1056, 40.959], [-123.1058, 40.9579], [-123.1081, 40.9564], [-123.1084, 40.9575], [-123.11, 40.9583], [-123.1081, 40.9597], [-123.108, 40.9609], [-123.1067, 40.9601], [-123.1062, 40.9607], [-123.109, 40.9672], [-123.1102, 40.9674], [-123.1081, 40.9696], [-123.1113, 40.9719], [-123.1126, 40.9754], [-123.1136, 40.9759], [-123.1138, 40.9788], [-123.1159, 40.9809], [-123.1175, 40.9794], [-123.1167, 40.979], [-123.1185, 40.9778], [-123.1205, 40.9784], [-123.1208, 40.9776], [-123.1195, 40.9772], [-123.1252, 40.9728], [-123.1244, 40.9724], [-123.1263, 40.9718], [-123.127, 40.9725], [-123.1273, 40.9712], [-123.128, 40.9721], [-123.129, 40.9718], [-123.1286, 40.971], [-123.1301, 40.9714], [-123.1295, 40.9695], [-123.1283, 40.97], [-123.1286, 40.9692], [-123.1298, 40.9694], [-123.1299, 40.9688], [-123.1282, 40.9687], [-123.1296, 40.9678], [-123.1303, 40.9688], [-123.1313, 40.9674], [-123.1299, 40.9658], [-123.1331, 40.9661], [-123.1342, 40.9654], [-123.1344, 40.9662], [-123.1348, 40.9633], [-123.1353, 40.9644], [-123.1356, 40.9634], [-123.1376, 40.9622], [-123.138, 40.9627], [-123.1382, 40.9618], [-123.1391, 40.9615], [-123.1396, 40.962], [-123.1391, 40.9625], [-123.1391, 40.9619], [-123.1384, 40.9622], [-123.1377, 40.9639], [-123.1384, 40.9643], [-123.1383, 40.9674], [-123.1376, 40.9677], [-123.1362, 40.9671], [-123.1357, 40.9686], [-123.137, 40.9701], [-123.1371, 40.9694], [-123.1398, 40.9694], [-123.1404, 40.97], [-123.1395, 40.9704], [-123.1386, 40.97], [-123.1379, 40.9713], [-123.1371, 40.9709], [-123.1364, 40.9717], [-123.1378, 40.9724], [-123.136, 40.9735], [-123.1356, 40.9722], [-123.1351, 40.9725], [-123.134, 40.9707], [-123.1334, 40.971], [-123.1334, 40.9701], [-123.1326, 40.9701], [-123.1315, 40.9711], [-123.133, 40.9725], [-123.1324, 40.9728], [-123.1311, 40.9722], [-123.1299, 40.9732], [-123.1301, 40.9737], [-123.1312, 40.9731], [-123.1333, 40.9739], [-123.135, 40.9761], [-123.1333, 40.9758], [-123.1334, 40.9767], [-123.1327, 40.9768], [-123.1324, 40.9754], [-123.1305, 40.9764], [-123.1299, 40.9756], [-123.1272, 40.9752], [-123.1274, 40.9768], [-123.1249, 40.9779], [-123.1232, 40.9796], [-123.1222, 40.9794], [-123.1199, 40.9808], [-123.1209, 40.9817], [-123.1253, 40.9815], [-123.1254, 40.9821], [-123.1292, 40.9821], [-123.1297, 40.9835], [-123.1329, 40.9846], [-123.1349, 40.9816], [-123.1363, 40.9817], [-123.1374, 40.9829], [-123.1391, 40.9823], [-123.1408, 40.9806], [-123.1391, 40.9803], [-123.1396, 40.9799], [-123.1384, 40.9788], [-123.1401, 40.9788], [-123.1403, 40.9777], [-123.1383, 40.9769], [-123.1385, 40.9759], [-123.1392, 40.9757], [-123.1408, 40.9774], [-123.1411, 40.9762], [-123.1436, 40.9759], [-123.1443, 40.9746], [-123.1424, 40.9685], [-123.1396, 40.9679], [-123.1404, 40.967], [-123.1397, 40.9661], [-123.1407, 40.9658], [-123.1401, 40.9644], [-123.1406, 40.9625], [-123.1439, 40.9606], [-123.143, 40.9608], [-123.1419, 40.9591], [-123.1436, 40.9585], [-123.1433, 40.9599], [-123.1449, 40.9602], [-123.1455, 40.9621], [-123.1466, 40.9626], [-123.147, 40.9607], [-123.1454, 40.9599], [-123.146, 40.9581], [-123.1469, 40.9587], [-123.1477, 40.958], [-123.1505, 40.9582], [-123.1518, 40.9603], [-123.1528, 40.9593], [-123.154, 40.9602], [-123.1533, 40.9604], [-123.154, 40.9619], [-123.1531, 40.9619], [-123.1535, 40.9614], [-123.1526, 40.9607], [-123.1516, 40.9614], [-123.1518, 40.9627], [-123.1501, 40.963], [-123.152, 40.9654], [-123.1508, 40.9656], [-123.1521, 40.9679], [-123.1533, 40.9687], [-123.1535, 40.9677], [-123.1543, 40.9682], [-123.1532, 40.9711], [-123.1542, 40.9731], [-123.1537, 40.9732], [-123.1561, 40.9733], [-123.1568, 40.9721], [-123.1569, 40.973], [-123.1582, 40.9726], [-123.1598, 40.9734], [-123.1589, 40.9751], [-123.1584, 40.9744], [-123.157, 40.9755], [-123.1579, 40.9764], [-123.16, 40.9754], [-123.161, 40.9757], [-123.1627, 40.9744], [-123.1647, 40.9748], [-123.1666, 40.9735], [-123.1718, 40.9726], [-123.1703, 40.9711], [-123.1722, 40.9711], [-123.1717, 40.9698], [-123.1739, 40.9686], [-123.1744, 40.9691], [-123.1736, 40.9697], [-123.1733, 40.9715], [-123.1724, 40.9718], [-123.1746, 40.9763], [-123.1733, 40.9791], [-123.172, 40.9791], [-123.1725, 40.9801], [-123.1715, 40.9801], [-123.1727, 40.9813], [-123.1752, 40.9812], [-123.1787, 40.9824], [-123.1826, 40.9823], [-123.1837, 40.9816], [-123.1859, 40.9825], [-123.1877, 40.9818], [-123.1914, 40.9822], [-123.1937, 40.9834], [-123.1965, 40.9835], [-123.1969, 40.9842], [-123.1954, 40.9852], [-123.1939, 40.9847], [-123.1927, 40.9854], [-123.1948, 40.9861], [-123.1963, 40.9853], [-123.1973, 40.9869], [-123.1986, 40.9874], [-123.1992, 40.987], [-123.1981, 40.987], [-123.1985, 40.9851], [-123.1973, 40.9842], [-123.1976, 40.9831], [-123.1968, 40.983], [-123.197, 40.982], [-123.1982, 40.9826], [-123.1979, 40.9819], [-123.1985, 40.9819], [-123.197, 40.9815], [-123.1963, 40.9819], [-123.1964, 40.9808], [-123.1971, 40.9806], [-123.1973, 40.9811], [-123.1983, 40.9802], [-123.1986, 40.9808], [-123.2004, 40.9806], [-123.2008, 40.9823], [-123.2015, 40.9821], [-123.2014, 40.9811], [-123.2024, 40.9809], [-123.2047, 40.9817], [-123.2073, 40.9815], [-123.2074, 40.9835], [-123.2092, 40.9838], [-123.2088, 40.9844], [-123.2071, 40.9847], [-123.2054, 40.9829], [-123.2058, 40.9843], [-123.2039, 40.9843], [-123.2029, 40.9826], [-123.2026, 40.9837], [-123.2012, 40.9834], [-123.201, 40.9826], [-123.2003, 40.9839], [-123.2031, 40.9848], [-123.2027, 40.9859], [-123.2035, 40.9877], [-123.2049, 40.9877], [-123.2052, 40.9867], [-123.2056, 40.987], [-123.2046, 40.9861], [-123.2063, 40.9864], [-123.2071, 40.986], [-123.2057, 40.988], [-123.207, 40.9875], [-123.2084, 40.988], [-123.2088, 40.9872], [-123.212, 40.9869], [-123.2142, 40.9885], [-123.2167, 40.9887], [-123.2155, 40.9894], [-123.2166, 40.9897], [-123.2167, 40.9912], [-123.2148, 40.9938], [-123.215, 40.9946], [-123.2184, 40.9973], [-123.2176, 40.9982], [-123.218, 40.9992], [-123.221, 40.9988], [-123.2213, 40.9998], [-123.2202, 41.0005], [-123.2179, 40.9999], [-123.2175, 40.9992], [-123.2158, 40.9992], [-123.2131, 40.9966], [-123.2124, 40.9971], [-123.213, 40.9975], [-123.2121, 40.9972], [-123.212, 40.9987], [-123.2104, 40.9989], [-123.2099, 40.9998], [-123.2106, 41.001], [-123.2118, 41.0011], [-123.2109, 41.0001], [-123.2117, 40.9995], [-123.2134, 41.0002], [-123.2143, 40.9999], [-123.2142, 41.0005], [-123.2157, 41.0004], [-123.2167, 41.0016], [-123.2163, 41.0035], [-123.2178, 41.0035], [-123.2198, 41.0023], [-123.2233, 41.0018], [-123.2224, 41.001], [-123.2201, 41.0017], [-123.2187, 41.0014], [-123.2187, 41.001], [-123.2198, 41.0013], [-123.2201, 41.0007], [-123.2228, 41.0006], [-123.2269, 41.0035], [-123.2282, 41.0029], [-123.2271, 41.0019], [-123.2297, 41.0014], [-123.2324, 41.0019], [-123.2324, 41.003], [-123.2334, 41.0023], [-123.2341, 41.0026], [-123.2337, 41.003], [-123.2352, 41.0038], [-123.2347, 41.0044], [-123.237, 41.004], [-123.2367, 41.0055], [-123.2356, 41.0061], [-123.2356, 41.0066], [-123.2364, 41.0063], [-123.2361, 41.0072], [-123.2357, 41.0069], [-123.2333, 41.0081], [-123.2347, 41.0068], [-123.2343, 41.0044], [-123.2334, 41.0046], [-123.234, 41.0062], [-123.2335, 41.0072], [-123.232, 41.0057], [-123.2319, 41.0064], [-123.2308, 41.0062], [-123.2309, 41.0085], [-123.2296, 41.0091], [-123.2295, 41.0071], [-123.2276, 41.0076], [-123.2292, 41.0089], [-123.2282, 41.0098], [-123.2289, 41.01], [-123.2301, 41.0111], [-123.2292, 41.0104], [-123.2277, 41.011], [-123.2284, 41.0104], [-123.2276, 41.0101], [-123.2262, 41.0108], [-123.2263, 41.0101], [-123.2249, 41.0095], [-123.2238, 41.0103], [-123.2232, 41.0088], [-123.2224, 41.0087], [-123.2215, 41.0099], [-123.2227, 41.0109], [-123.2223, 41.0114], [-123.221, 41.0104], [-123.2164, 41.0124], [-123.2174, 41.0132], [-123.2179, 41.0153], [-123.2164, 41.0158], [-123.2153, 41.0145], [-123.2157, 41.0139], [-123.2138, 41.0135], [-123.2125, 41.016], [-123.2115, 41.0153], [-123.2113, 41.0168], [-123.2102, 41.0172], [-123.2105, 41.0182], [-123.2149, 41.0188], [-123.2142, 41.0189], [-123.2142, 41.0202], [-123.216, 41.0212], [-123.2153, 41.0221], [-123.2176, 41.0225], [-123.2169, 41.0226], [-123.2185, 41.0244], [-123.2174, 41.0252], [-123.2164, 41.0242], [-123.2158, 41.0246], [-123.2161, 41.0264], [-123.2185, 41.0286], [-123.2181, 41.03], [-123.2172, 41.03], [-123.2207, 41.0318], [-123.2215, 41.0314], [-123.2223, 41.0319], [-123.2196, 41.0324], [-123.2205, 41.0334], [-123.221, 41.0327], [-123.2213, 41.0337], [-123.2197, 41.0355], [-123.2176, 41.0352], [-123.2169, 41.0379], [-123.216, 41.0375], [-123.2153, 41.0379], [-123.216, 41.0359], [-123.2145, 41.0363], [-123.2146, 41.0355], [-123.2139, 41.0356], [-123.2134, 41.0348], [-123.2105, 41.0349], [-123.2096, 41.0344], [-123.2093, 41.0354], [-123.208, 41.0332], [-123.2038, 41.0334], [-123.2055, 41.0351], [-123.2046, 41.0352], [-123.2052, 41.0361], [-123.2029, 41.0385], [-123.204, 41.0386], [-123.2047, 41.0373], [-123.2056, 41.0383], [-123.2072, 41.0371], [-123.2085, 41.0374], [-123.2078, 41.0386], [-123.2055, 41.0399], [-123.2037, 41.0391], [-123.2034, 41.0398], [-123.2013, 41.0404], [-123.2005, 41.0417], [-123.2025, 41.0424], [-123.2028, 41.0435], [-123.1996, 41.0427], [-123.1989, 41.0431], [-123.2002, 41.0444], [-123.2011, 41.0439], [-123.2024, 41.0451], [-123.2024, 41.046], [-123.2004, 41.0456], [-123.2006, 41.0464], [-123.2025, 41.0466], [-123.2021, 41.0471], [-123.203, 41.0476], [-123.2053, 41.0475], [-123.2066, 41.05], [-123.2055, 41.0497], [-123.2051, 41.0483], [-123.2037, 41.0493], [-123.2048, 41.0493], [-123.205, 41.0507], [-123.2075, 41.0506], [-123.2078, 41.0515], [-123.2076, 41.0518], [-123.2092, 41.053], [-123.2084, 41.054], [-123.2074, 41.0537], [-123.2076, 41.0511], [-123.2067, 41.0507], [-123.206, 41.0525], [-123.205, 41.0526], [-123.2052, 41.0534], [-123.2026, 41.0541], [-123.2036, 41.0541], [-123.2027, 41.0547], [-123.2041, 41.0554], [-123.2044, 41.0583], [-123.2029, 41.0586], [-123.2026, 41.058], [-123.2025, 41.0594], [-123.2007, 41.06], [-123.1987, 41.0596], [-123.1983, 41.059], [-123.1977, 41.0597], [-123.1994, 41.0617], [-123.2027, 41.0613], [-123.2016, 41.0623], [-123.2047, 41.0617], [-123.2062, 41.0633], [-123.2049, 41.066], [-123.2062, 41.0661], [-123.2036, 41.0668], [-123.2025, 41.0678], [-123.2012, 41.0667], [-123.2003, 41.0677], [-123.2013, 41.069], [-123.2024, 41.0686], [-123.2026, 41.0696], [-123.2027, 41.0715], [-123.2015, 41.0707], [-123.202, 41.0693], [-123.1995, 41.0707], [-123.2014, 41.0706], [-123.2009, 41.0716], [-123.2019, 41.072], [-123.2013, 41.0735], [-123.1998, 41.0727], [-123.1988, 41.0733], [-123.1983, 41.0723], [-123.1939, 41.0734], [-123.1958, 41.0743], [-123.197, 41.0741], [-123.1977, 41.0753], [-123.1989, 41.0748], [-123.1982, 41.0763], [-123.2005, 41.0786], [-123.1994, 41.0794], [-123.199, 41.081], [-123.1994, 41.0816], [-123.2013, 41.0816], [-123.2014, 41.0824], [-123.2, 41.0822], [-123.2008, 41.0832], [-123.2023, 41.0831], [-123.2028, 41.0823], [-123.2023, 41.0811], [-123.2008, 41.0804], [-123.2018, 41.079], [-123.2014, 41.0785], [-123.2039, 41.0779], [-123.2038, 41.0767], [-123.2061, 41.0763], [-123.2066, 41.075], [-123.2059, 41.0748], [-123.207, 41.074], [-123.2096, 41.0753], [-123.2116, 41.0744], [-123.212, 41.0751], [-123.2099, 41.0754], [-123.2119, 41.0768], [-123.2128, 41.076], [-123.2144, 41.0759], [-123.215, 41.0765], [-123.2147, 41.0761], [-123.2153, 41.0757], [-123.2152, 41.0765], [-123.2145, 41.0773], [-123.2159, 41.0769], [-123.2156, 41.0809], [-123.2175, 41.0813], [-123.2178, 41.0821], [-123.2196, 41.081], [-123.2204, 41.0813], [-123.2211, 41.0804], [-123.2202, 41.0801], [-123.2211, 41.0797], [-123.2225, 41.0806], [-123.2235, 41.0794], [-123.2229, 41.0775], [-123.2254, 41.0757], [-123.2274, 41.0754], [-123.2279, 41.0759], [-123.228, 41.0751], [-123.2293, 41.0754], [-123.2318, 41.0746], [-123.2343, 41.0749], [-123.2333, 41.0756], [-123.2347, 41.0757], [-123.2343, 41.0762], [-123.2362, 41.0759], [-123.236, 41.0766], [-123.2342, 41.0769], [-123.2349, 41.078], [-123.2361, 41.0778], [-123.2363, 41.0783], [-123.2361, 41.077], [-123.2378, 41.0759], [-123.238, 41.0769], [-123.239, 41.076], [-123.2415, 41.0774], [-123.2406, 41.0785], [-123.2438, 41.0769], [-123.2468, 41.0793], [-123.2454, 41.0806], [-123.2459, 41.0813], [-123.2442, 41.0817], [-123.2455, 41.0828], [-123.2444, 41.0837], [-123.2438, 41.0828], [-123.2423, 41.0834], [-123.2428, 41.084], [-123.2457, 41.0846], [-123.2453, 41.0861], [-123.2425, 41.0883], [-123.2386, 41.0893], [-123.2388, 41.0898], [-123.2418, 41.0892], [-123.2415, 41.0902], [-123.244, 41.0912], [-123.2444, 41.0907], [-123.2466, 41.0911], [-123.2467, 41.0916], [-123.2475, 41.0912], [-123.248, 41.0928], [-123.2455, 41.0943], [-123.246, 41.0948], [-123.2449, 41.0956], [-123.2456, 41.0956], [-123.244, 41.0969], [-123.2419, 41.097], [-123.2406, 41.0984], [-123.2389, 41.0985], [-123.2394, 41.0976], [-123.2372, 41.0986], [-123.2366, 41.0972], [-123.2358, 41.0972], [-123.2315, 41.1011], [-123.2295, 41.1015], [-123.2281, 41.1008], [-123.2275, 41.1029], [-123.228, 41.1043], [-123.2274, 41.105], [-123.2293, 41.1063], [-123.2306, 41.1063], [-123.2314, 41.1055], [-123.232, 41.1063], [-123.2312, 41.1069], [-123.2325, 41.1073], [-123.235, 41.1065], [-123.236, 41.1073], [-123.237, 41.1072], [-123.2367, 41.1088], [-123.2384, 41.1081], [-123.2381, 41.1093], [-123.2406, 41.1104], [-123.2419, 41.1136], [-123.2442, 41.113], [-123.2435, 41.1145], [-123.242, 41.114], [-123.2421, 41.1155], [-123.2414, 41.1158], [-123.2399, 41.1156], [-123.2409, 41.1143], [-123.2406, 41.1136], [-123.2392, 41.1137], [-123.2384, 41.1156], [-123.239, 41.1164], [-123.238, 41.1168], [-123.2358, 41.1157], [-123.2376, 41.1155], [-123.2378, 41.1144], [-123.2359, 41.1134], [-123.2344, 41.1139], [-123.2357, 41.1172], [-123.2344, 41.1169], [-123.2345, 41.1164], [-123.2334, 41.1165], [-123.2322, 41.1186], [-123.2308, 41.1191], [-123.2317, 41.1194], [-123.231, 41.122], [-123.2316, 41.1221], [-123.2313, 41.1231], [-123.232, 41.1237], [-123.2313, 41.1258], [-123.2322, 41.1265], [-123.2335, 41.1262], [-123.232, 41.1277], [-123.2329, 41.1278], [-123.2325, 41.1297], [-123.2336, 41.1316], [-123.2323, 41.1323], [-123.2315, 41.1321], [-123.2326, 41.1335], [-123.2306, 41.1336], [-123.2323, 41.1338], [-123.231, 41.1358], [-123.2321, 41.1388], [-123.2317, 41.1396], [-123.2319, 41.1402], [-123.2333, 41.1399], [-123.2339, 41.1405], [-123.2344, 41.1398], [-123.2359, 41.1398], [-123.2369, 41.1415], [-123.2384, 41.142], [-123.2374, 41.1429], [-123.236, 41.142], [-123.2325, 41.1428], [-123.2323, 41.144], [-123.2311, 41.1437], [-123.2307, 41.1446], [-123.2291, 41.1443], [-123.229, 41.1449], [-123.2269, 41.1451], [-123.2258, 41.1461], [-123.2249, 41.1457], [-123.2228, 41.1485], [-123.2205, 41.148], [-123.2221, 41.1469], [-123.22, 41.1441], [-123.221, 41.1462], [-123.2199, 41.1464], [-123.2188, 41.1456], [-123.2171, 41.1478], [-123.2205, 41.1477], [-123.2172, 41.1487], [-123.2164, 41.1484], [-123.2141, 41.1498], [-123.2128, 41.1498], [-123.2116, 41.1512], [-123.2114, 41.1501], [-123.2122, 41.1496], [-123.2111, 41.1476], [-123.2071, 41.1479], [-123.2058, 41.1471], [-123.2023, 41.1477], [-123.2005, 41.1457], [-123.1952, 41.1458], [-123.1935, 41.1446], [-123.1915, 41.145], [-123.19, 41.143], [-123.188, 41.1441], [-123.1856, 41.1425], [-123.1838, 41.1437], [-123.1777, 41.1416], [-123.1765, 41.1431], [-123.1755, 41.1432], [-123.1732, 41.1421], [-123.1671, 41.1361], [-123.1595, 41.1354], [-123.1574, 41.1324], [-123.1553, 41.1313], [-123.1534, 41.1314], [-123.1529, 41.1305], [-123.1513, 41.1315], [-123.1523, 41.1339], [-123.1489, 41.1353], [-123.1484, 41.1372], [-123.1452, 41.1359], [-123.1396, 41.1357], [-123.1376, 41.1368], [-123.1347, 41.1362], [-123.1337, 41.1367], [-123.1326, 41.1361], [-123.1321, 41.1384], [-123.1297, 41.1383], [-123.1276, 41.1353], [-123.128, 41.134], [-123.1298, 41.1331], [-123.1299, 41.132], [-123.1263, 41.1319], [-123.1234, 41.1303], [-123.1231, 41.1292], [-123.121, 41.1288], [-123.1177, 41.1251], [-123.1174, 41.1239], [-123.1154, 41.1233], [-123.1154, 41.1224], [-123.1138, 41.1228], [-123.1118, 41.122], [-123.1123, 41.1228], [-123.111, 41.1232], [-123.1114, 41.124], [-123.1102, 41.1228], [-123.1076, 41.1224], [-123.1082, 41.1216], [-123.1074, 41.1205], [-123.1082, 41.1201], [-123.1051, 41.1165], [-123.1068, 41.1143], [-123.1087, 41.1145], [-123.1095, 41.1139], [-123.1089, 41.113], [-123.1057, 41.1131], [-123.1062, 41.1123], [-123.1053, 41.1111], [-123.102, 41.1099], [-123.1015, 41.1085], [-123.0995, 41.1083], [-123.0993, 41.1072], [-123.0981, 41.1068], [-123.0983, 41.1054], [-123.0947, 41.1061], [-123.0922, 41.105], [-123.093, 41.1036], [-123.0924, 41.102], [-123.0913, 41.1032], [-123.09, 41.1014], [-123.0849, 41.1011], [-123.0843, 41.0997], [-123.0831, 41.0991], [-123.0838, 41.0987], [-123.0837, 41.0973], [-123.0849, 41.0969], [-123.0843, 41.0959], [-123.0831, 41.0961], [-123.0836, 41.0949], [-123.0819, 41.0957], [-123.0806, 41.0984], [-123.0802, 41.0976], [-123.0801, 41.1015], [-123.08, 41.1006], [-123.0788, 41.1], [-123.0795, 41.0986], [-123.0788, 41.0979], [-123.0772, 41.0997], [-123.0771, 41.0975], [-123.0757, 41.0971], [-123.0757, 41.0965], [-123.0734, 41.096], [-123.0721, 41.097], [-123.0727, 41.0976], [-123.0711, 41.0972], [-123.0709, 41.0962], [-123.0717, 41.096], [-123.0703, 41.0943], [-123.0721, 41.0936], [-123.0723, 41.0928], [-123.0709, 41.0918], [-123.0701, 41.0922], [-123.0712, 41.093], [-123.0705, 41.0928], [-123.0698, 41.0936], [-123.0697, 41.0949], [-123.0684, 41.0945], [-123.0685, 41.0956], [-123.0668, 41.0962], [-123.0652, 41.0952], [-123.0647, 41.0939], [-123.0618, 41.0932], [-123.0618, 41.0941], [-123.0587, 41.0931], [-123.0588, 41.0922], [-123.0608, 41.0915], [-123.0609, 41.0906], [-123.0619, 41.0909], [-123.0615, 41.0916], [-123.0637, 41.0908], [-123.0648, 41.0938], [-123.0693, 41.094], [-123.0688, 41.0927], [-123.0674, 41.0922], [-123.0659, 41.0928], [-123.0674, 41.0915], [-123.0649, 41.0919], [-123.0644, 41.0898], [-123.0642, 41.0905], [-123.0618, 41.0894], [-123.0626, 41.0882], [-123.0642, 41.0878], [-123.0627, 41.0871], [-123.0625, 41.0878], [-123.0612, 41.0875], [-123.0609, 41.088], [-123.0613, 41.0898], [-123.0596, 41.0898], [-123.0603, 41.0907], [-123.0591, 41.0916], [-123.0579, 41.0914], [-123.0589, 41.0886], [-123.0596, 41.088], [-123.0605, 41.0886], [-123.0609, 41.0873], [-123.0606, 41.0866], [-123.0603, 41.0876], [-123.058, 41.0877], [-123.0592, 41.0857], [-123.0604, 41.0854], [-123.062, 41.0861], [-123.064, 41.0854], [-123.0646, 41.0834], [-123.0632, 41.0835], [-123.0614, 41.0852], [-123.0606, 41.0847], [-123.0566, 41.085], [-123.0585, 41.0854], [-123.058, 41.0868], [-123.0567, 41.0864], [-123.0565, 41.0873], [-123.0546, 41.0855], [-123.0565, 41.0831], [-123.0556, 41.0825], [-123.0559, 41.0809], [-123.0541, 41.0822], [-123.0535, 41.0851], [-123.0515, 41.0837], [-123.0502, 41.0835], [-123.0529, 41.0862], [-123.0512, 41.0879], [-123.0523, 41.0875], [-123.0526, 41.0881], [-123.0537, 41.0874], [-123.0539, 41.0889], [-123.0531, 41.0893], [-123.0514, 41.0884], [-123.0504, 41.0888], [-123.0465, 41.0879], [-123.0466, 41.0868], [-123.0479, 41.0882], [-123.0501, 41.0875], [-123.05, 41.0869], [-123.0492, 41.0873], [-123.046, 41.0866], [-123.046, 41.0853], [-123.0473, 41.0853], [-123.0465, 41.0849], [-123.0459, 41.0831], [-123.0445, 41.0837], [-123.0461, 41.0843], [-123.0452, 41.0852], [-123.0438, 41.0847], [-123.0428, 41.0852], [-123.0413, 41.0839], [-123.0415, 41.083], [-123.0397, 41.0839], [-123.0404, 41.0831], [-123.0388, 41.0837], [-123.0384, 41.0827], [-123.037, 41.0826], [-123.0358, 41.0846], [-123.0371, 41.0844], [-123.0368, 41.0853], [-123.038, 41.085], [-123.0382, 41.0856], [-123.0385, 41.0851], [-123.0395, 41.0853], [-123.039, 41.087], [-123.0364, 41.087], [-123.0347, 41.0849], [-123.0343, 41.0857], [-123.0318, 41.0858], [-123.0305, 41.0873], [-123.0278, 41.0885], [-123.0299, 41.0898], [-123.0318, 41.0892], [-123.0327, 41.0898], [-123.0344, 41.0898], [-123.033, 41.0913], [-123.0304, 41.0909], [-123.0318, 41.0927], [-123.0305, 41.0938], [-123.0328, 41.093], [-123.0347, 41.0937], [-123.0345, 41.0924], [-123.0357, 41.092], [-123.0366, 41.0932], [-123.0385, 41.0931], [-123.0396, 41.0922], [-123.0441, 41.0933], [-123.0453, 41.0929], [-123.0465, 41.0936], [-123.046, 41.0924], [-123.0477, 41.0953], [-123.0501, 41.0954], [-123.0508, 41.0947], [-123.0527, 41.0951], [-123.0547, 41.0962], [-123.0537, 41.0976], [-123.0552, 41.0987], [-123.0581, 41.0989], [-123.0611, 41.1022], [-123.0623, 41.1016], [-123.0631, 41.1021], [-123.0643, 41.1018], [-123.0651, 41.1027], [-123.0684, 41.1019], [-123.0701, 41.1022], [-123.0692, 41.1031], [-123.0707, 41.1058], [-123.0719, 41.1061], [-123.072, 41.1075], [-123.0736, 41.1066], [-123.0745, 41.105], [-123.0748, 41.1057], [-123.0757, 41.1027], [-123.0773, 41.1015], [-123.0798, 41.1032], [-123.0789, 41.102], [-123.0822, 41.1035], [-123.0832, 41.1055], [-123.085, 41.1055], [-123.0856, 41.1063], [-123.0849, 41.1062], [-123.0848, 41.1075], [-123.0858, 41.109], [-123.0848, 41.1107], [-123.088, 41.1109], [-123.0884, 41.1116], [-123.0872, 41.112], [-123.0875, 41.1125], [-123.0928, 41.1182], [-123.0924, 41.1209], [-123.0918, 41.1207], [-123.0912, 41.1222], [-123.0927, 41.1237], [-123.0953, 41.1303], [-123.0945, 41.1311], [-123.0951, 41.1334], [-123.0944, 41.1348], [-123.095, 41.1346], [-123.0947, 41.1363], [-123.0965, 41.1394], [-123.0959, 41.1415], [-123.0978, 41.1406], [-123.0982, 41.1417], [-123.0996, 41.1417], [-123.1006, 41.1448], [-123.1021, 41.1444], [-123.1042, 41.146], [-123.1054, 41.1459], [-123.1068, 41.1474], [-123.108, 41.1472], [-123.1099, 41.1481], [-123.1106, 41.1492], [-123.1102, 41.1534], [-123.1055, 41.1549], [-123.1053, 41.1534], [-123.1036, 41.1535], [-123.1035, 41.1545], [-123.1025, 41.1532], [-123.101, 41.1568], [-123.0994, 41.1575], [-123.0976, 41.1571], [-123.0989, 41.1579], [-123.0966, 41.1581], [-123.0963, 41.1595], [-123.093, 41.1627], [-123.0911, 41.167], [-123.0916, 41.1707], [-123.0853, 41.1696], [-123.0863, 41.171], [-123.0847, 41.172], [-123.0899, 41.172], [-123.0912, 41.1723], [-123.0914, 41.173], [-123.0905, 41.173], [-123.0903, 41.1725], [-123.09, 41.1733], [-123.0882, 41.1735], [-123.0884, 41.1754], [-123.0863, 41.1759], [-123.0851, 41.175], [-123.0837, 41.1756], [-123.0836, 41.1771], [-123.0826, 41.1771], [-123.0808, 41.1801], [-123.0833, 41.179], [-123.0806, 41.181], [-123.0808, 41.1819], [-123.0798, 41.1819], [-123.0804, 41.1841], [-123.075, 41.1873], [-123.0737, 41.1914], [-123.0723, 41.1923], [-123.0702, 41.1975], [-123.0684, 41.1994], [-123.0683, 41.2012], [-123.0649, 41.2038], [-123.0619, 41.205], [-123.0612, 41.2067], [-123.0607, 41.2061], [-123.0575, 41.207], [-123.0557, 41.2062], [-123.0489, 41.2085], [-123.0397, 41.2095], [-123.035, 41.2115], [-123.0303, 41.2111], [-123.0259, 41.2148], [-123.0234, 41.2153], [-123.0252, 41.2154], [-123.0248, 41.2168], [-123.0238, 41.2166], [-123.0219, 41.2175], [-123.0212, 41.2191], [-123.0227, 41.2179], [-123.023, 41.2188], [-123.0212, 41.2198], [-123.0209, 41.2212], [-123.0176, 41.2206], [-123.0169, 41.2219], [-123.0138, 41.2207], [-123.0127, 41.219], [-123.012, 41.2191], [-123.0126, 41.221], [-123.0118, 41.2193], [-123.0094, 41.2188], [-123.0091, 41.2204], [-123.008, 41.2209], [-123.0083, 41.2222], [-123.0059, 41.2242], [-123.0022, 41.2251], [-122.9989, 41.223], [-122.9896, 41.2257], [-122.989, 41.2271], [-122.9875, 41.2279], [-122.9849, 41.2267], [-122.9826, 41.2276], [-122.9814, 41.2274], [-122.9814, 41.2265], [-122.9788, 41.2235], [-122.979, 41.2205], [-122.9734, 41.2158], [-122.9763, 41.2198], [-122.9754, 41.2245], [-122.9741, 41.2249], [-122.9726, 41.2243], [-122.9691, 41.2268], [-122.9623, 41.2261], [-122.9615, 41.2274], [-122.9471, 41.2253], [-122.9438, 41.2257], [-122.9407, 41.2245], [-122.9329, 41.224], [-122.9306, 41.2226], [-122.9287, 41.2185], [-122.9291, 41.2164], [-122.9276, 41.2175], [-122.9274, 41.2201], [-122.9242, 41.2194], [-122.9177, 41.2143], [-122.9182, 41.2164], [-122.9153, 41.2175], [-122.9156, 41.2185], [-122.9144, 41.2186], [-122.913, 41.2202], [-122.9038, 41.2187], [-122.8994, 41.2195], [-122.8994, 41.219], [-122.8985, 41.2198], [-122.8994, 41.2223], [-122.8985, 41.2242], [-122.9016, 41.2263], [-122.9018, 41.2274], [-122.8991, 41.2268], [-122.8954, 41.2281], [-122.8961, 41.2297], [-122.8935, 41.23], [-122.8942, 41.231], [-122.8954, 41.2308], [-122.8945, 41.2319], [-122.8925, 41.2301], [-122.8916, 41.2306], [-122.8908, 41.2302], [-122.891, 41.228], [-122.8896, 41.2272], [-122.8861, 41.2281], [-122.8854, 41.2296], [-122.8848, 41.2293], [-122.8823, 41.2315], [-122.8829, 41.2354], [-122.8853, 41.2357], [-122.8869, 41.2374], [-122.8886, 41.2373], [-122.891, 41.2441], [-122.8909, 41.2473], [-122.8882, 41.2473], [-122.8859, 41.2405], [-122.8836, 41.2398], [-122.8827, 41.2412], [-122.8817, 41.2412], [-122.8814, 41.2393], [-122.8841, 41.239], [-122.8845, 41.2375], [-122.8831, 41.2362], [-122.8809, 41.2357], [-122.8782, 41.2338], [-122.8698, 41.2345], [-122.8702, 41.2351], [-122.8669, 41.2362], [-122.8624, 41.2322], [-122.8608, 41.2324], [-122.8598, 41.2317], [-122.8592, 41.2304], [-122.8563, 41.2312], [-122.8554, 41.2328], [-122.8542, 41.2327], [-122.8527, 41.2314], [-122.8519, 41.2285], [-122.8493, 41.2293], [-122.8495, 41.2259], [-122.8483, 41.2247], [-122.849, 41.2214], [-122.8469, 41.2205], [-122.8439, 41.2218], [-122.8458, 41.2251], [-122.843, 41.2309], [-122.8447, 41.2324], [-122.8445, 41.2333], [-122.8427, 41.234], [-122.8419, 41.2357], [-122.8405, 41.2348], [-122.8402, 41.2353], [-122.8399, 41.2362], [-122.8404, 41.2366], [-122.8406, 41.2359], [-122.841, 41.2368], [-122.8407, 41.2372], [-122.8399, 41.2369], [-122.8413, 41.2383], [-122.8399, 41.2385], [-122.8404, 41.2406], [-122.8394, 41.2425], [-122.84, 41.2428], [-122.8385, 41.2438], [-122.8394, 41.244], [-122.8387, 41.2454], [-122.8396, 41.2459], [-122.8398, 41.2462], [-122.8375, 41.2455], [-122.8392, 41.2472], [-122.8383, 41.2468], [-122.8388, 41.2482], [-122.8377, 41.2487], [-122.8378, 41.25], [-122.8386, 41.2495], [-122.838, 41.2515], [-122.8364, 41.2524], [-122.838, 41.2548], [-122.8372, 41.2556], [-122.8378, 41.2559], [-122.8371, 41.2562], [-122.8374, 41.2576], [-122.8364, 41.2574], [-122.8375, 41.2589], [-122.8366, 41.2591], [-122.8364, 41.2605], [-122.8376, 41.2606], [-122.8389, 41.2618], [-122.838, 41.263], [-122.8386, 41.2655], [-122.8377, 41.266], [-122.8392, 41.2663], [-122.8385, 41.2675], [-122.8397, 41.2674], [-122.8389, 41.2681], [-122.84, 41.2684], [-122.8377, 41.2712], [-122.8392, 41.2711], [-122.8397, 41.2693], [-122.8402, 41.2703], [-122.8415, 41.2702], [-122.8411, 41.2713], [-122.8398, 41.2715], [-122.8395, 41.2721], [-122.8407, 41.2716], [-122.8411, 41.2723], [-122.84, 41.2739], [-122.8407, 41.2756], [-122.8391, 41.2785], [-122.8372, 41.2778], [-122.8379, 41.2795], [-122.8361, 41.2788], [-122.8362, 41.2775], [-122.8318, 41.2755], [-122.8284, 41.2725], [-122.8273, 41.2735], [-122.825, 41.2721], [-122.8223, 41.2723], [-122.822, 41.2729], [-122.8222, 41.2723], [-122.8211, 41.272], [-122.8217, 41.2736], [-122.8198, 41.2729], [-122.8187, 41.2746], [-122.8173, 41.2746], [-122.8183, 41.2753], [-122.8194, 41.2747], [-122.8192, 41.2756], [-122.8204, 41.2769], [-122.8192, 41.2772], [-122.819, 41.2781], [-122.8158, 41.2777], [-122.8147, 41.2786], [-122.8124, 41.2782], [-122.8119, 41.279], [-122.8096, 41.2791], [-122.8097, 41.2782], [-122.8088, 41.2779], [-122.8078, 41.2786], [-122.8094, 41.2795], [-122.8092, 41.2809], [-122.8065, 41.2807], [-122.8068, 41.2797], [-122.806, 41.2802], [-122.8061, 41.2812], [-122.804, 41.2816], [-122.8038, 41.2825], [-122.8021, 41.2827], [-122.7995, 41.2842], [-122.7929, 41.2838], [-122.7916, 41.2832], [-122.795, 41.2815], [-122.7951, 41.2797], [-122.7961, 41.2787], [-122.7958, 41.277], [-122.7867, 41.2768], [-122.7859, 41.2753], [-122.7846, 41.2755], [-122.783, 41.2741], [-122.7827, 41.2752], [-122.784, 41.2753], [-122.7828, 41.2757], [-122.7825, 41.28], [-122.7781, 41.2796], [-122.7758, 41.2805], [-122.7737, 41.2798], [-122.7727, 41.2805], [-122.7725, 41.2814], [-122.7737, 41.2817], [-122.7729, 41.2835], [-122.7748, 41.2829], [-122.7744, 41.2841], [-122.7735, 41.2841], [-122.7756, 41.2853], [-122.7756, 41.2866], [-122.7742, 41.2877], [-122.7727, 41.2866], [-122.7731, 41.2881], [-122.7713, 41.2885], [-122.7712, 41.2865], [-122.7694, 41.2866], [-122.7686, 41.2857], [-122.7704, 41.2843], [-122.7698, 41.2839], [-122.7683, 41.2852], [-122.7681, 41.2847], [-122.7672, 41.285], [-122.7675, 41.284], [-122.766, 41.2845], [-122.7677, 41.2831], [-122.7687, 41.283], [-122.769, 41.2838], [-122.7701, 41.2834], [-122.7672, 41.2826], [-122.7672, 41.2811], [-122.7661, 41.2797], [-122.7667, 41.2781], [-122.7657, 41.2782], [-122.7671, 41.2772], [-122.7682, 41.2781], [-122.7684, 41.2763], [-122.768, 41.2768], [-122.7662, 41.2764], [-122.7664, 41.2773], [-122.7656, 41.2769], [-122.765, 41.2784], [-122.7623, 41.2782], [-122.7627, 41.275], [-122.7611, 41.2745], [-122.7609, 41.2736], [-122.7613, 41.2725], [-122.7634, 41.2706], [-122.7635, 41.2703], [-122.7637, 41.27], [-122.7638, 41.2698], [-122.7639, 41.2697], [-122.7641, 41.2694], [-122.7661, 41.2684], [-122.7663, 41.2676], [-122.7647, 41.2684], [-122.7665, 41.267], [-122.7655, 41.2662], [-122.7659, 41.2649], [-122.7671, 41.2647], [-122.7667, 41.2636], [-122.7685, 41.2634], [-122.7687, 41.264], [-122.7702, 41.2641], [-122.7699, 41.263], [-122.7709, 41.2628], [-122.7713, 41.2639], [-122.7697, 41.2645], [-122.7729, 41.2649], [-122.7716, 41.2643], [-122.7721, 41.2633], [-122.7733, 41.2631], [-122.7731, 41.2625], [-122.77, 41.2622], [-122.7693, 41.2629], [-122.7658, 41.2634], [-122.7655, 41.2624], [-122.7673, 41.2609], [-122.768, 41.2617], [-122.7686, 41.2599], [-122.7681, 41.2593], [-122.7687, 41.2595], [-122.77, 41.2583], [-122.7728, 41.2582], [-122.7729, 41.2591], [-122.7736, 41.2584], [-122.7757, 41.2594], [-122.776, 41.259], [-122.7758, 41.2596], [-122.7749, 41.2595], [-122.7745, 41.2597], [-122.7765, 41.2597], [-122.7775, 41.2546], [-122.7749, 41.2537], [-122.7745, 41.2543], [-122.7735, 41.2541], [-122.7726, 41.2527], [-122.7734, 41.2526], [-122.7739, 41.2534], [-122.7763, 41.2525], [-122.7765, 41.2534], [-122.7772, 41.2531], [-122.7774, 41.2518], [-122.7783, 41.2524], [-122.779, 41.2519], [-122.7785, 41.251], [-122.7793, 41.2502], [-122.7793, 41.252], [-122.7808, 41.2522], [-122.7778, 41.2529], [-122.7789, 41.2538], [-122.7798, 41.2534], [-122.7802, 41.2538], [-122.7816, 41.2516], [-122.7808, 41.2503], [-122.7821, 41.2506], [-122.7844, 41.2486], [-122.7851, 41.2496], [-122.789, 41.2493], [-122.7929, 41.2505], [-122.7936, 41.2517], [-122.7922, 41.2516], [-122.792, 41.2525], [-122.7942, 41.2529], [-122.7965, 41.2543], [-122.7981, 41.254], [-122.7974, 41.2515], [-122.7951, 41.2499], [-122.796, 41.2493], [-122.7954, 41.2469], [-122.7935, 41.2459], [-122.7958, 41.2403], [-122.7951, 41.2397], [-122.7946, 41.2405], [-122.7933, 41.2401], [-122.7928, 41.2393], [-122.7947, 41.2398], [-122.7945, 41.2381], [-122.7962, 41.2386], [-122.7968, 41.2354], [-122.7946, 41.2351], [-122.7953, 41.2347], [-122.7944, 41.2337], [-122.796, 41.2331], [-122.7958, 41.2284], [-122.7966, 41.2293], [-122.7982, 41.2283], [-122.7955, 41.2279], [-122.7951, 41.2258], [-122.7932, 41.2245], [-122.7957, 41.2209], [-122.8009, 41.2183], [-122.8014, 41.2167], [-122.7995, 41.2154], [-122.7996, 41.212], [-122.8014, 41.2116], [-122.8035, 41.2093], [-122.8044, 41.2045], [-122.8037, 41.204], [-122.8023, 41.2043], [-122.8018, 41.205], [-122.8023, 41.2058], [-122.8012, 41.2053], [-122.7986, 41.2072], [-122.7983, 41.2084], [-122.7994, 41.2096], [-122.7991, 41.2106], [-122.798, 41.2107], [-122.7992, 41.2115], [-122.7976, 41.2116], [-122.7967, 41.2106], [-122.7966, 41.2114], [-122.7947, 41.2126], [-122.7912, 41.2111], [-122.7909, 41.212], [-122.7889, 41.2111], [-122.7878, 41.2132], [-122.7865, 41.2131], [-122.7853, 41.2119], [-122.7838, 41.2122], [-122.7842, 41.2131], [-122.7828, 41.2126], [-122.7848, 41.2112], [-122.7828, 41.2114], [-122.7819, 41.2102], [-122.7829, 41.2098], [-122.781, 41.2093], [-122.7809, 41.2103], [-122.7799, 41.2101], [-122.7768, 41.2113], [-122.7739, 41.2085], [-122.7748, 41.2078], [-122.7719, 41.2079], [-122.7734, 41.2068], [-122.775, 41.2071], [-122.7746, 41.2061], [-122.7756, 41.2058], [-122.7755, 41.2053], [-122.7777, 41.2051], [-122.7777, 41.2043], [-122.7793, 41.2036], [-122.7776, 41.2033], [-122.779, 41.2028], [-122.7814, 41.2034], [-122.7825, 41.2026], [-122.7841, 41.2027], [-122.785, 41.2033], [-122.7845, 41.2026], [-122.7871, 41.2023], [-122.7895, 41.2033], [-122.7896, 41.2044], [-122.7888, 41.2036], [-122.7856, 41.2052], [-122.7851, 41.2046], [-122.7839, 41.2064], [-122.7855, 41.2069], [-122.7867, 41.2083], [-122.7875, 41.2079], [-122.7904, 41.2106], [-122.7914, 41.2106], [-122.7902, 41.2103], [-122.7912, 41.2096], [-122.7918, 41.21], [-122.7933, 41.2094], [-122.7933, 41.2084], [-122.7902, 41.2064], [-122.7901, 41.2042], [-122.7921, 41.2025], [-122.7929, 41.2009], [-122.7967, 41.1986], [-122.7987, 41.196], [-122.7956, 41.1968], [-122.7951, 41.1964], [-122.7956, 41.1958], [-122.7948, 41.1953], [-122.7957, 41.1947], [-122.795, 41.1946], [-122.7955, 41.194], [-122.7944, 41.1931], [-122.7946, 41.191], [-122.7935, 41.1924], [-122.7928, 41.1915], [-122.7922, 41.1923], [-122.7922, 41.1918], [-122.792, 41.1922], [-122.7899, 41.1922], [-122.7884, 41.1916], [-122.7867, 41.1895], [-122.7861, 41.1899], [-122.7855, 41.1893], [-122.7881, 41.1886], [-122.7897, 41.1889], [-122.7902, 41.188], [-122.7911, 41.1879], [-122.7913, 41.1885], [-122.792, 41.1885], [-122.7915, 41.1879], [-122.7926, 41.1872], [-122.7915, 41.1868], [-122.7927, 41.1869], [-122.7924, 41.186], [-122.7908, 41.1861], [-122.7913, 41.185], [-122.7905, 41.1848], [-122.791, 41.1844], [-122.7914, 41.1849], [-122.7915, 41.1838], [-122.7924, 41.1834], [-122.7936, 41.1841], [-122.7938, 41.1834], [-122.7947, 41.1829], [-122.7941, 41.1842], [-122.7958, 41.1838], [-122.7953, 41.1853], [-122.7962, 41.185], [-122.7963, 41.1858], [-122.7973, 41.1854], [-122.7977, 41.1835], [-122.7958, 41.1832], [-122.7956, 41.1826], [-122.7967, 41.1826], [-122.796, 41.1811], [-122.7948, 41.181], [-122.7952, 41.1818], [-122.7937, 41.182], [-122.7932, 41.1768], [-122.7919, 41.1767], [-122.7923, 41.178], [-122.7913, 41.1782], [-122.7862, 41.1781], [-122.7858, 41.1801], [-122.7849, 41.1783], [-122.7795, 41.1796], [-122.7796, 41.1793], [-122.7768, 41.177], [-122.7764, 41.1794], [-122.7794, 41.1794], [-122.7792, 41.1803], [-122.7771, 41.1807], [-122.7789, 41.182], [-122.7766, 41.1822], [-122.7768, 41.181], [-122.7758, 41.1801], [-122.7733, 41.1817], [-122.7737, 41.1806], [-122.7722, 41.181], [-122.7716, 41.1797], [-122.7705, 41.1794], [-122.7693, 41.1805], [-122.7706, 41.1802], [-122.7699, 41.1806], [-122.7708, 41.1807], [-122.7706, 41.1816], [-122.7691, 41.1812], [-122.7684, 41.1825], [-122.7674, 41.1813], [-122.7654, 41.1814], [-122.7657, 41.1823], [-122.7667, 41.1824], [-122.7662, 41.1832], [-122.766, 41.1825], [-122.7635, 41.1818], [-122.7646, 41.181], [-122.7635, 41.18], [-122.7597, 41.1816], [-122.7581, 41.1806], [-122.756, 41.1808], [-122.7562, 41.1794], [-122.753, 41.179], [-122.7533, 41.1771], [-122.7525, 41.1774], [-122.7522, 41.1767], [-122.7531, 41.176], [-122.7537, 41.1768], [-122.7543, 41.1761], [-122.7537, 41.1751], [-122.7545, 41.1734], [-122.7534, 41.1734], [-122.7553, 41.171], [-122.7541, 41.1711], [-122.7547, 41.1699], [-122.7527, 41.1704], [-122.7525, 41.1699], [-122.7558, 41.1693], [-122.7568, 41.1701], [-122.7576, 41.1695], [-122.7584, 41.1697], [-122.7584, 41.1684], [-122.7591, 41.1684], [-122.7595, 41.1685], [-122.7592, 41.1693], [-122.76, 41.1687], [-122.7595, 41.1674], [-122.7601, 41.1679], [-122.7616, 41.1671], [-122.7617, 41.1649], [-122.7606, 41.1649], [-122.7605, 41.1633], [-122.7585, 41.1618], [-122.7581, 41.16], [-122.7562, 41.1598], [-122.7575, 41.1605], [-122.7555, 41.1604], [-122.754, 41.1613], [-122.7537, 41.1606], [-122.7531, 41.161], [-122.7532, 41.1602], [-122.7513, 41.1596], [-122.7515, 41.1589], [-122.7494, 41.1599], [-122.7486, 41.1586], [-122.7507, 41.158], [-122.7499, 41.1568], [-122.7497, 41.1573], [-122.7493, 41.1567], [-122.7486, 41.1567], [-122.7491, 41.1571], [-122.7484, 41.1571], [-122.7479, 41.1578], [-122.7491, 41.1571], [-122.7495, 41.1576], [-122.7479, 41.1589], [-122.7474, 41.1578], [-122.7446, 41.1578], [-122.7447, 41.1556], [-122.7436, 41.1534], [-122.7449, 41.1526], [-122.7446, 41.1532], [-122.7478, 41.1531], [-122.7471, 41.1521], [-122.7451, 41.1508], [-122.7443, 41.1512], [-122.743, 41.15], [-122.7415, 41.1499], [-122.7404, 41.1488], [-122.7414, 41.1487], [-122.7403, 41.1481], [-122.7403, 41.1458], [-122.7346, 41.1438], [-122.7341, 41.1424], [-122.733, 41.1425], [-122.7333, 41.1407], [-122.7318, 41.1408], [-122.7305, 41.1399], [-122.73, 41.1388], [-122.731, 41.138], [-122.7289, 41.1363], [-122.7299, 41.1366], [-122.7304, 41.1356], [-122.7315, 41.1372], [-122.7324, 41.1366], [-122.7331, 41.1375], [-122.7325, 41.1364], [-122.7339, 41.1352], [-122.7358, 41.1352], [-122.7348, 41.1355], [-122.736, 41.1363], [-122.736, 41.1373], [-122.7363, 41.1362], [-122.7387, 41.1356], [-122.7383, 41.1363], [-122.7395, 41.1371], [-122.7422, 41.1372], [-122.7405, 41.1361], [-122.7405, 41.1349], [-122.7389, 41.1341], [-122.7388, 41.1333], [-122.7377, 41.1331], [-122.738, 41.1324], [-122.7372, 41.1329], [-122.7373, 41.1316], [-122.7361, 41.1329], [-122.7359, 41.1316], [-122.734, 41.132], [-122.7328, 41.1307], [-122.7323, 41.1318], [-122.7338, 41.1328], [-122.7313, 41.1326], [-122.7313, 41.1334], [-122.7292, 41.1317], [-122.7277, 41.1319], [-122.728, 41.131], [-122.7287, 41.1314], [-122.7289, 41.1306], [-122.7296, 41.1313], [-122.7302, 41.1303], [-122.7321, 41.1295], [-122.7305, 41.1294], [-122.7308, 41.1288], [-122.7305, 41.1287], [-122.729, 41.1296], [-122.7273, 41.1293], [-122.728, 41.1301], [-122.7271, 41.1305], [-122.7275, 41.131], [-122.7232, 41.1319], [-122.7238, 41.1313], [-122.7223, 41.131], [-122.7223, 41.1301], [-122.7206, 41.1293], [-122.7201, 41.1299], [-122.721, 41.1306], [-122.7197, 41.1301], [-122.7205, 41.1282], [-122.7194, 41.1273], [-122.7192, 41.1279], [-122.7185, 41.1275], [-122.7166, 41.1238], [-122.7168, 41.1252], [-122.716, 41.1252], [-122.716, 41.1226], [-122.7173, 41.1215], [-122.7173, 41.1196], [-122.7197, 41.1201], [-122.7244, 41.1193], [-122.7244, 41.1178], [-122.7216, 41.1169], [-122.7239, 41.1134], [-122.7231, 41.111], [-122.725, 41.1102], [-122.7231, 41.1108], [-122.7225, 41.1101], [-122.7236, 41.1079], [-122.7246, 41.1089], [-122.7239, 41.1075], [-122.7247, 41.1065], [-122.7239, 41.1048], [-122.7232, 41.1049], [-122.7234, 41.1041], [-122.7267, 41.1019], [-122.7264, 41.101], [-122.7276, 41.1006], [-122.7278, 41.0988], [-122.7291, 41.0981], [-122.7277, 41.0934], [-122.7292, 41.0914], [-122.7287, 41.0906], [-122.7308, 41.0892], [-122.7304, 41.0885], [-122.7322, 41.086], [-122.7322, 41.0842], [-122.7333, 41.0828], [-122.7326, 41.0816], [-122.7349, 41.0815], [-122.736, 41.0805], [-122.7349, 41.0769], [-122.7371, 41.0743], [-122.7368, 41.072], [-122.7403, 41.0714], [-122.7421, 41.0699], [-122.7442, 41.0699], [-122.7457, 41.0686], [-122.7453, 41.0675], [-122.7482, 41.0663], [-122.7496, 41.0667], [-122.7501, 41.068], [-122.7516, 41.0672], [-122.7525, 41.0694], [-122.7509, 41.0692], [-122.752, 41.0704], [-122.7542, 41.0705], [-122.7545, 41.068], [-122.7574, 41.0664], [-122.7583, 41.0641], [-122.7591, 41.0639], [-122.7593, 41.0655], [-122.7618, 41.0661], [-122.761, 41.0665], [-122.7614, 41.0673], [-122.7638, 41.0663], [-122.7625, 41.0643], [-122.7642, 41.0629], [-122.7676, 41.0621], [-122.7715, 41.0635], [-122.775, 41.0618], [-122.7788, 41.0614], [-122.7802, 41.0632], [-122.7829, 41.0641], [-122.7835, 41.067], [-122.7841, 41.0661], [-122.7882, 41.066], [-122.7881, 41.0626], [-122.7892, 41.0617], [-122.7918, 41.0617], [-122.7942, 41.0595], [-122.7932, 41.0588], [-122.794, 41.0568], [-122.7934, 41.0545], [-122.7946, 41.0536], [-122.7941, 41.0545], [-122.7953, 41.0541], [-122.7976, 41.0522], [-122.7978, 41.0504], [-122.7989, 41.0504], [-122.8001, 41.0489], [-122.7997, 41.0499], [-122.8008, 41.0494], [-122.8006, 41.0501], [-122.8022, 41.0497], [-122.8052, 41.0507], [-122.807, 41.0496], [-122.8082, 41.0506], [-122.809, 41.0486], [-122.8085, 41.0476], [-122.8119, 41.0466], [-122.8127, 41.0452], [-122.8142, 41.046], [-122.8136, 41.045], [-122.8146, 41.0455], [-122.8156, 41.045], [-122.8157, 41.0458], [-122.8172, 41.0463], [-122.8162, 41.0466], [-122.8169, 41.0477], [-122.8158, 41.0486], [-122.8158, 41.0502], [-122.817, 41.0522], [-122.8165, 41.0529], [-122.8187, 41.0531], [-122.8177, 41.0539], [-122.8164, 41.0531], [-122.8158, 41.0547], [-122.8148, 41.0539], [-122.8145, 41.0559], [-122.8168, 41.0558], [-122.8173, 41.0545], [-122.8189, 41.0549], [-122.8189, 41.0555], [-122.8208, 41.0565], [-122.8219, 41.056], [-122.8222, 41.0569], [-122.8237, 41.0557], [-122.8232, 41.0549], [-122.8246, 41.0548], [-122.8266, 41.0521], [-122.8317, 41.0493], [-122.8312, 41.0485], [-122.8321, 41.0485], [-122.8319, 41.0491], [-122.8325, 41.0484], [-122.8334, 41.0486], [-122.8339, 41.0497], [-122.8346, 41.0497], [-122.834, 41.0487], [-122.8349, 41.0485], [-122.8339, 41.048], [-122.8352, 41.0478], [-122.8349, 41.047], [-122.8359, 41.0465], [-122.838, 41.047], [-122.8372, 41.0486], [-122.8387, 41.0478], [-122.8394, 41.0485], [-122.8386, 41.0483], [-122.8386, 41.0487], [-122.8407, 41.0499], [-122.8407, 41.0512], [-122.8417, 41.0514], [-122.8399, 41.0514], [-122.8396, 41.0506], [-122.8393, 41.052], [-122.842, 41.0528], [-122.843, 41.05], [-122.8425, 41.0498], [-122.8416, 41.0507], [-122.8407, 41.0489], [-122.8419, 41.0494], [-122.8437, 41.0479], [-122.8427, 41.047], [-122.8436, 41.0473], [-122.8425, 41.0459], [-122.8426, 41.0444], [-122.8445, 41.0467], [-122.8446, 41.049], [-122.8456, 41.0499], [-122.8442, 41.0509], [-122.8447, 41.0517], [-122.8437, 41.0531], [-122.8446, 41.0544], [-122.8437, 41.0549], [-122.8445, 41.0555], [-122.8456, 41.0555], [-122.8458, 41.0545], [-122.8475, 41.0536], [-122.8471, 41.0531], [-122.8483, 41.0531], [-122.8465, 41.0517], [-122.8479, 41.0502], [-122.8511, 41.0517], [-122.8514, 41.0497], [-122.8495, 41.0492], [-122.8499, 41.0487], [-122.8505, 41.0491], [-122.8506, 41.0476], [-122.8507, 41.0488], [-122.8534, 41.0516], [-122.8528, 41.0527], [-122.8514, 41.0525], [-122.8493, 41.0545], [-122.8496, 41.0532], [-122.8486, 41.0527], [-122.848, 41.0535], [-122.8486, 41.055], [-122.8461, 41.0555], [-122.8452, 41.0567], [-122.8426, 41.0577], [-122.8425, 41.0587], [-122.8408, 41.0584], [-122.841, 41.0589], [-122.8391, 41.0596], [-122.8373, 41.059], [-122.8374, 41.0605], [-122.8381, 41.0596], [-122.8389, 41.0601], [-122.8378, 41.0605], [-122.8384, 41.0607], [-122.8384, 41.061], [-122.8361, 41.0608], [-122.837, 41.0624], [-122.8376, 41.0619], [-122.8396, 41.0623], [-122.8424, 41.0609], [-122.8434, 41.0613], [-122.841, 41.0623], [-122.8413, 41.0629], [-122.8407, 41.0625], [-122.8395, 41.063], [-122.8388, 41.0643], [-122.8383, 41.0635], [-122.8389, 41.063], [-122.8354, 41.0637], [-122.8373, 41.0636], [-122.8373, 41.0642], [-122.838, 41.064], [-122.8372, 41.0647], [-122.8362, 41.0645], [-122.8372, 41.0649], [-122.8384, 41.0646], [-122.8381, 41.0658], [-122.8367, 41.0649], [-122.8361, 41.0653], [-122.836, 41.0645], [-122.8339, 41.0645], [-122.8347, 41.0658], [-122.8358, 41.0653], [-122.836, 41.0661], [-122.8369, 41.0654], [-122.8375, 41.0662], [-122.8384, 41.0658], [-122.8413, 41.067], [-122.8396, 41.068], [-122.8389, 41.0675], [-122.8371, 41.068], [-122.8358, 41.0677], [-122.8347, 41.0695], [-122.8358, 41.0702], [-122.8343, 41.0705], [-122.8354, 41.071], [-122.8363, 41.0706], [-122.8361, 41.0715], [-122.8378, 41.07], [-122.8376, 41.0712], [-122.8389, 41.0709], [-122.839, 41.0718], [-122.8376, 41.0731], [-122.8385, 41.0741], [-122.8375, 41.0743], [-122.8388, 41.0754], [-122.839, 41.0746], [-122.8399, 41.0746], [-122.8399, 41.0753], [-122.8389, 41.0755], [-122.8392, 41.0762], [-122.8418, 41.0753], [-122.8413, 41.076], [-122.8423, 41.0763], [-122.8415, 41.0769], [-122.8431, 41.0775], [-122.8433, 41.0783], [-122.8435, 41.0775], [-122.8448, 41.0777], [-122.8481, 41.0766], [-122.8509, 41.0772], [-122.8516, 41.0784], [-122.8572, 41.0807], [-122.8593, 41.0806], [-122.8607, 41.0814], [-122.8606, 41.0808], [-122.8628, 41.0804], [-122.8648, 41.0833], [-122.8641, 41.084], [-122.8648, 41.0842], [-122.8646, 41.0863], [-122.8659, 41.0867], [-122.8662, 41.0858], [-122.8672, 41.0862], [-122.8677, 41.0857], [-122.869, 41.0861], [-122.8679, 41.0869], [-122.8696, 41.0876], [-122.869, 41.0887], [-122.871, 41.0896], [-122.8712, 41.0909], [-122.872, 41.0906], [-122.873, 41.0914], [-122.8733, 41.0908], [-122.874, 41.091], [-122.8737, 41.0917], [-122.8754, 41.0916], [-122.8762, 41.0924], [-122.8769, 41.0919], [-122.8761, 41.0919], [-122.8756, 41.0907], [-122.8754, 41.0914], [-122.8754, 41.0906], [-122.8765, 41.09], [-122.8771, 41.0911], [-122.8778, 41.091], [-122.8784, 41.0892], [-122.8774, 41.0893], [-122.8775, 41.0885], [-122.879, 41.0876], [-122.879, 41.0883], [-122.8798, 41.0876], [-122.8792, 41.0878], [-122.8788, 41.0868], [-122.8796, 41.0863], [-122.8794, 41.0871], [-122.8799, 41.0872], [-122.8797, 41.0866], [-122.8807, 41.0859], [-122.8825, 41.0863], [-122.8808, 41.0854], [-122.8816, 41.0846], [-122.8829, 41.0853], [-122.8832, 41.0844], [-122.881, 41.0843], [-122.8799, 41.085], [-122.8786, 41.0847], [-122.8778, 41.0836], [-122.8767, 41.0837], [-122.8764, 41.0845], [-122.8761, 41.0846], [-122.8756, 41.0845], [-122.8769, 41.0832], [-122.8761, 41.0833], [-122.8765, 41.0825], [-122.8759, 41.0818], [-122.8729, 41.0822], [-122.871, 41.0804], [-122.8724, 41.0785], [-122.8732, 41.0793], [-122.8748, 41.079], [-122.8729, 41.0782], [-122.8716, 41.0787], [-122.8716, 41.0782], [-122.8722, 41.077], [-122.8728, 41.0775], [-122.8743, 41.0771], [-122.8745, 41.0754], [-122.8755, 41.0755], [-122.8755, 41.075], [-122.8775, 41.0757], [-122.8781, 41.0748], [-122.8792, 41.0755], [-122.8797, 41.0746], [-122.8819, 41.0744], [-122.8823, 41.0751], [-122.8812, 41.0773], [-122.884, 41.0761], [-122.882, 41.074], [-122.8807, 41.0744], [-122.8788, 41.0739], [-122.8762, 41.0745], [-122.8768, 41.0727], [-122.8762, 41.0725], [-122.878, 41.0723], [-122.8774, 41.0711], [-122.8792, 41.0689], [-122.8775, 41.0677], [-122.8748, 41.0684], [-122.8739, 41.0667], [-122.8726, 41.0675], [-122.8727, 41.0681], [-122.8695, 41.0672], [-122.8693, 41.0662], [-122.8707, 41.0654], [-122.8715, 41.0628], [-122.8681, 41.063], [-122.869, 41.0621], [-122.8665, 41.0604], [-122.8671, 41.0565], [-122.8609, 41.0558], [-122.8609, 41.0568], [-122.8602, 41.0571], [-122.8597, 41.0559], [-122.8593, 41.0568], [-122.8578, 41.0548], [-122.8588, 41.0545], [-122.8586, 41.0523], [-122.8608, 41.0517], [-122.8618, 41.0506], [-122.8608, 41.0499], [-122.8623, 41.0497], [-122.8593, 41.0492], [-122.8574, 41.0498], [-122.8587, 41.0488], [-122.8628, 41.0494], [-122.8654, 41.0479], [-122.8662, 41.0479], [-122.8659, 41.0487], [-122.8674, 41.0487], [-122.8678, 41.0474], [-122.866, 41.0469], [-122.8653, 41.045], [-122.8645, 41.045], [-122.8644, 41.0461], [-122.8653, 41.0464], [-122.8643, 41.0478], [-122.8627, 41.0484], [-122.8618, 41.0469], [-122.8626, 41.0453], [-122.8603, 41.0466], [-122.8627, 41.0444], [-122.8617, 41.044], [-122.8623, 41.0436], [-122.8633, 41.0438], [-122.8627, 41.0448], [-122.8642, 41.046], [-122.8638, 41.0452], [-122.8651, 41.0444], [-122.8625, 41.0421], [-122.8647, 41.0415], [-122.8664, 41.0422], [-122.8638, 41.0427], [-122.865, 41.0429], [-122.8648, 41.0436], [-122.8678, 41.0455], [-122.8697, 41.0446], [-122.8698, 41.0428], [-122.8705, 41.0427], [-122.8702, 41.0472], [-122.8688, 41.0487], [-122.871, 41.05], [-122.8699, 41.0506], [-122.8694, 41.0501], [-122.8691, 41.0506], [-122.8703, 41.0514], [-122.8718, 41.0511], [-122.8711, 41.0517], [-122.8723, 41.0519], [-122.8726, 41.0503], [-122.8737, 41.0517], [-122.8743, 41.0514], [-122.874, 41.0501], [-122.8728, 41.05], [-122.8731, 41.0494], [-122.8723, 41.0488], [-122.8738, 41.048], [-122.8736, 41.0473], [-122.8727, 41.0478], [-122.8717, 41.0472], [-122.8718, 41.0485], [-122.8705, 41.0478], [-122.8704, 41.0455], [-122.8716, 41.0455], [-122.8722, 41.0441], [-122.8717, 41.0424], [-122.873, 41.0435], [-122.8756, 41.0414], [-122.8741, 41.0403], [-122.8758, 41.0391], [-122.8761, 41.0411], [-122.8783, 41.0401], [-122.8796, 41.0423], [-122.8823, 41.0433], [-122.884, 41.0387], [-122.8828, 41.037], [-122.8827, 41.0382], [-122.8812, 41.0374], [-122.88, 41.0381], [-122.8794, 41.0374], [-122.8793, 41.0379], [-122.8775, 41.0354], [-122.8755, 41.0345], [-122.8752, 41.0333], [-122.8729, 41.0332], [-122.8733, 41.0328], [-122.8717, 41.032], [-122.871, 41.0308], [-122.8719, 41.0303], [-122.8718, 41.0295], [-122.871, 41.0294], [-122.8709, 41.0304], [-122.8697, 41.0299], [-122.8702, 41.0294], [-122.8697, 41.0296], [-122.8682, 41.0285], [-122.8663, 41.0288], [-122.8661, 41.0281], [-122.867, 41.028], [-122.8664, 41.0277], [-122.865, 41.0285], [-122.865, 41.0272], [-122.863, 41.0266], [-122.8632, 41.0258], [-122.8619, 41.0246], [-122.855, 41.0226], [-122.8534, 41.0212], [-122.8521, 41.0217], [-122.8533, 41.0223], [-122.8521, 41.0231], [-122.8488, 41.0221], [-122.848, 41.0237], [-122.8486, 41.0234], [-122.8493, 41.0243], [-122.8472, 41.0248], [-122.8444, 41.0232], [-122.8439, 41.0237], [-122.8426, 41.0236], [-122.8429, 41.022], [-122.8422, 41.0225], [-122.8418, 41.0213], [-122.8391, 41.021], [-122.8413, 41.0207], [-122.8409, 41.0199], [-122.8399, 41.0199], [-122.8401, 41.0191], [-122.8385, 41.021], [-122.8391, 41.0202], [-122.8383, 41.0185], [-122.8342, 41.0167], [-122.8331, 41.0149], [-122.8342, 41.0145], [-122.8328, 41.0138], [-122.8331, 41.0132], [-122.8347, 41.0137], [-122.8362, 41.0112], [-122.8384, 41.0101], [-122.8417, 41.0098], [-122.8437, 41.0106], [-122.8427, 41.0094], [-122.8416, 41.0095], [-122.8424, 41.0091], [-122.8411, 41.0083], [-122.8402, 41.0082], [-122.8391, 41.0092], [-122.8382, 41.0084], [-122.8374, 41.0097], [-122.8357, 41.0094], [-122.8401, 41.0065], [-122.8385, 41.0056], [-122.8397, 41.005], [-122.8424, 41.0054], [-122.8466, 41.0074], [-122.8528, 41.0085], [-122.8584, 41.0109], [-122.8606, 41.013], [-122.8616, 41.0125], [-122.8646, 41.0131], [-122.8641, 41.012], [-122.8684, 41.0118], [-122.8691, 41.0128], [-122.8715, 41.0137], [-122.8722, 41.0132], [-122.8711, 41.0129], [-122.8724, 41.0125], [-122.8736, 41.0144], [-122.8735, 41.0158], [-122.8746, 41.0151], [-122.8789, 41.0166], [-122.8782, 41.0155], [-122.8789, 41.0151], [-122.8811, 41.0173], [-122.8826, 41.0177], [-122.8821, 41.0156], [-122.8841, 41.015], [-122.8882, 41.0151], [-122.8905, 41.0164], [-122.8954, 41.0176], [-122.8958, 41.0197], [-122.8938, 41.0205], [-122.8926, 41.0188], [-122.8918, 41.0196], [-122.8926, 41.0202], [-122.8915, 41.0201], [-122.8913, 41.0207], [-122.8878, 41.0205], [-122.8831, 41.0174], [-122.8835, 41.0188], [-122.8807, 41.0188], [-122.8815, 41.0191], [-122.8812, 41.0196], [-122.8834, 41.0198], [-122.8812, 41.0197], [-122.8835, 41.021], [-122.881, 41.0212], [-122.8817, 41.0219], [-122.8804, 41.0231], [-122.8818, 41.0233], [-122.8819, 41.0223], [-122.8832, 41.0229], [-122.883, 41.0224], [-122.8837, 41.0232], [-122.8837, 41.0225], [-122.8846, 41.0228], [-122.8845, 41.0236], [-122.885, 41.0237], [-122.8848, 41.0223], [-122.883, 41.0221], [-122.884, 41.021], [-122.8838, 41.0218], [-122.8864, 41.0217], [-122.8884, 41.0223], [-122.8871, 41.0231], [-122.8893, 41.0241], [-122.893, 41.0237], [-122.8945, 41.0242], [-122.8913, 41.0248], [-122.8922, 41.0266], [-122.8894, 41.0258], [-122.8915, 41.0295], [-122.8913, 41.0306], [-122.8908, 41.0298], [-122.8894, 41.0297], [-122.889, 41.0287], [-122.8886, 41.0293], [-122.8881, 41.0285], [-122.8875, 41.0289], [-122.8872, 41.0277], [-122.8874, 41.0292], [-122.8866, 41.0295], [-122.8847, 41.0288], [-122.8848, 41.0294], [-122.8838, 41.0295], [-122.8842, 41.0289], [-122.8831, 41.0285], [-122.8835, 41.029], [-122.8826, 41.0291], [-122.8834, 41.0302], [-122.8818, 41.0291], [-122.8839, 41.0307], [-122.8822, 41.0312], [-122.882, 41.0329], [-122.8845, 41.0331], [-122.8817, 41.0336], [-122.8852, 41.0344], [-122.8852, 41.0352], [-122.8839, 41.0354], [-122.8835, 41.0369], [-122.8853, 41.0374], [-122.8858, 41.0392], [-122.8865, 41.0384], [-122.8876, 41.0387], [-122.886, 41.0397], [-122.8873, 41.0409], [-122.8882, 41.0406], [-122.8883, 41.0418], [-122.8894, 41.0412], [-122.8896, 41.0395], [-122.8937, 41.0401], [-122.8936, 41.0408], [-122.8922, 41.0405], [-122.8914, 41.0417], [-122.8925, 41.0419], [-122.8918, 41.0442], [-122.8939, 41.0455], [-122.8944, 41.0482], [-122.8935, 41.0476], [-122.8902, 41.0484], [-122.8897, 41.0495], [-122.8921, 41.0511], [-122.8909, 41.0527], [-122.8929, 41.0521], [-122.8928, 41.0512], [-122.8948, 41.0525], [-122.8931, 41.0523], [-122.8928, 41.0544], [-122.8943, 41.0533], [-122.8958, 41.0534], [-122.8963, 41.0519], [-122.8994, 41.0524], [-122.8999, 41.0509], [-122.9004, 41.0525], [-122.902, 41.052], [-122.9031, 41.0525], [-122.903, 41.0533], [-122.9043, 41.0521], [-122.9044, 41.053], [-122.9057, 41.0531], [-122.9046, 41.0554], [-122.9083, 41.0551], [-122.9075, 41.0563], [-122.9058, 41.0562], [-122.9065, 41.0586], [-122.9039, 41.0591], [-122.9049, 41.0606], [-122.9044, 41.0613], [-122.9064, 41.0619], [-122.9065, 41.0605], [-122.9075, 41.06], [-122.9158, 41.0602], [-122.9189, 41.0566], [-122.9172, 41.0524], [-122.9158, 41.0527], [-122.9162, 41.0535], [-122.9153, 41.053], [-122.9155, 41.051], [-122.9129, 41.0517], [-122.9124, 41.0513], [-122.9123, 41.05], [-122.9161, 41.0495], [-122.9149, 41.0483], [-122.916, 41.0479], [-122.9133, 41.0468], [-122.9126, 41.0451], [-122.9118, 41.0463], [-122.9098, 41.0461], [-122.9117, 41.0444], [-122.9148, 41.0436], [-122.9134, 41.0417], [-122.9135, 41.0402], [-122.9128, 41.0406], [-122.9115, 41.0397], [-122.9117, 41.041], [-122.9092, 41.0399], [-122.909, 41.0386], [-122.9128, 41.0384], [-122.9106, 41.0375], [-122.9097, 41.0376], [-122.9102, 41.0381], [-122.9069, 41.0382], [-122.9076, 41.037], [-122.9052, 41.0364], [-122.907, 41.0363], [-122.9051, 41.0357], [-122.907, 41.0355], [-122.9059, 41.0352], [-122.9065, 41.0343], [-122.9036, 41.0344], [-122.9041, 41.0329], [-122.9043, 41.0334], [-122.9057, 41.0335], [-122.9064, 41.0326], [-122.9062, 41.0338], [-122.9078, 41.0325], [-122.9076, 41.0334], [-122.9085, 41.0337], [-122.9088, 41.033], [-122.9107, 41.0332], [-122.9112, 41.0326], [-122.9123, 41.0332], [-122.9116, 41.0335], [-122.9131, 41.0335], [-122.9132, 41.0348], [-122.9148, 41.0351], [-122.9134, 41.0326], [-122.9143, 41.0326], [-122.9135, 41.0316], [-122.9137, 41.03], [-122.915, 41.0292], [-122.9139, 41.0274], [-122.9133, 41.0279], [-122.9112, 41.0277], [-122.9121, 41.0255], [-122.911, 41.0256], [-122.9107, 41.0248], [-122.91, 41.0252], [-122.9102, 41.0239], [-122.9112, 41.0231], [-122.9117, 41.0232], [-122.9107, 41.0239], [-122.9124, 41.0242], [-122.9125, 41.0247], [-122.9137, 41.024], [-122.9132, 41.025], [-122.915, 41.0243], [-122.9147, 41.0233], [-122.9138, 41.0237], [-122.9118, 41.0222], [-122.9124, 41.0219], [-122.9112, 41.021], [-122.911, 41.0182], [-122.9122, 41.0189], [-122.9145, 41.0227], [-122.915, 41.0223], [-122.914, 41.0208], [-122.9156, 41.0212], [-122.9176, 41.0194], [-122.9155, 41.0183], [-122.9165, 41.0175], [-122.914, 41.0165], [-122.9135, 41.0143], [-122.9153, 41.0148], [-122.9142, 41.0152], [-122.9161, 41.0155], [-122.9179, 41.0154], [-122.9188, 41.0146], [-122.9159, 41.0143], [-122.9158, 41.0136], [-122.9171, 41.0136], [-122.9168, 41.0128], [-122.9156, 41.0123], [-122.9147, 41.0105], [-122.9162, 41.0111], [-122.92, 41.0106], [-122.9241, 41.0117], [-122.9255, 41.0127], [-122.925, 41.0138], [-122.926, 41.0148], [-122.9269, 41.0146], [-122.9273, 41.0169], [-122.9288, 41.0177], [-122.929, 41.0197], [-122.9281, 41.0203], [-122.9285, 41.0223], [-122.9295, 41.0204], [-122.9289, 41.0167], [-122.9278, 41.0164], [-122.9272, 41.0142], [-122.926, 41.0133], [-122.9275, 41.0114], [-122.9159, 41.0097], [-122.9156, 41.0087], [-122.9163, 41.0081], [-122.9153, 41.0078], [-122.9146, 41.0066], [-122.9165, 41.0067], [-122.9168, 41.0058], [-122.9158, 41.0052], [-122.9175, 41.0051], [-122.9183, 41.0058], [-122.9192, 41.0054], [-122.9216, 41.009], [-122.9217, 41.008], [-122.9231, 41.0078], [-122.9238, 41.0064], [-122.9259, 41.0069], [-122.9255, 41.0052], [-122.9271, 41.0041], [-122.9267, 41.0033], [-122.9236, 41.0047], [-122.9198, 41.0024], [-122.9214, 41.0027], [-122.9212, 41.0021], [-122.9229, 41.0011], [-122.9231, 41.0034], [-122.9243, 41.0028], [-122.9235, 41.0019], [-122.9252, 41.0024], [-122.9259, 41.0035], [-122.9271, 41.0021], [-122.9272, 41.0034], [-122.9282, 41.0034], [-122.9276, 41.0055], [-122.9289, 41.0056], [-122.9287, 41.0046], [-122.9301, 41.0041], [-122.929, 41.0017], [-122.9297, 41.0014], [-122.9305, 41.0028], [-122.9291, 41.0002], [-122.9299, 40.999], [-122.9291, 40.9986], [-122.9314, 40.9976], [-122.9307, 40.9972], [-122.9298, 40.9977], [-122.93, 40.9959], [-122.9309, 40.9953], [-122.9311, 40.9963], [-122.932, 40.9967], [-122.9317, 40.9955], [-122.9323, 40.9951], [-122.933, 40.9957], [-122.9351, 40.9948], [-122.9347, 40.9935], [-122.9351, 40.9943], [-122.9356, 40.9934], [-122.9354, 40.9946], [-122.9362, 40.9947], [-122.9368, 40.9937], [-122.9377, 40.9958], [-122.9353, 40.9973], [-122.9354, 40.9968], [-122.935, 40.9966], [-122.9347, 40.9981], [-122.9341, 40.9976], [-122.9344, 41.0001], [-122.9325, 41.002], [-122.9333, 41.0018], [-122.9343, 41.0039], [-122.9311, 41.0056], [-122.9331, 41.0054], [-122.9375, 41.0023], [-122.9376, 41.0031], [-122.9399, 41.0038], [-122.939, 41.0042], [-122.9399, 41.0051], [-122.9378, 41.0053], [-122.9392, 41.0064], [-122.9375, 41.0059], [-122.9374, 41.0068], [-122.9367, 41.0068], [-122.9355, 41.0083], [-122.9365, 41.0086], [-122.9366, 41.0096], [-122.935, 41.0088], [-122.9339, 41.0097], [-122.9348, 41.0105], [-122.9339, 41.0112], [-122.9348, 41.0124], [-122.9341, 41.0139], [-122.935, 41.0143], [-122.9341, 41.015], [-122.9352, 41.015], [-122.9348, 41.0165], [-122.9357, 41.0205], [-122.9371, 41.021], [-122.9374, 41.0198], [-122.9382, 41.0209], [-122.9377, 41.0217], [-122.9388, 41.0214], [-122.9392, 41.0187], [-122.9415, 41.0178], [-122.9421, 41.0181], [-122.941, 41.0203], [-122.9417, 41.0205], [-122.9421, 41.019], [-122.9424, 41.0197], [-122.9435, 41.0195], [-122.9425, 41.0214], [-122.9448, 41.02], [-122.9463, 41.0197], [-122.946, 41.0204], [-122.947, 41.0203], [-122.948, 41.0199], [-122.9459, 41.0188], [-122.9487, 41.0171], [-122.9478, 41.0195], [-122.9497, 41.0196], [-122.9476, 41.0207], [-122.9502, 41.0206], [-122.9519, 41.0195], [-122.9506, 41.0208], [-122.9514, 41.0208], [-122.9526, 41.0223], [-122.9538, 41.0212], [-122.9547, 41.0215], [-122.9548, 41.023], [-122.9536, 41.0238], [-122.954, 41.0246], [-122.9525, 41.0252], [-122.955, 41.0249], [-122.9541, 41.0261], [-122.9558, 41.0263], [-122.9559, 41.0274], [-122.9573, 41.0276], [-122.9569, 41.0286], [-122.9539, 41.0291], [-122.9538, 41.0299], [-122.9554, 41.0297], [-122.9566, 41.0321], [-122.9571, 41.0324], [-122.9595, 41.0309], [-122.9636, 41.0338], [-122.9652, 41.0334], [-122.9643, 41.0342], [-122.9653, 41.0346], [-122.967, 41.0322], [-122.968, 41.0319], [-122.9675, 41.0332], [-122.9693, 41.0322], [-122.9691, 41.0338], [-122.9672, 41.0364], [-122.9681, 41.0394], [-122.9682, 41.0386], [-122.969, 41.0388], [-122.9694, 41.038], [-122.9688, 41.0373], [-122.9696, 41.0374], [-122.9694, 41.0366], [-122.9684, 41.037], [-122.9684, 41.0357], [-122.9708, 41.0349], [-122.9714, 41.0334], [-122.971, 41.0322], [-122.9692, 41.0318], [-122.9699, 41.031], [-122.9727, 41.0305], [-122.9734, 41.031], [-122.9736, 41.0316], [-122.9722, 41.0314], [-122.9718, 41.0319], [-122.9738, 41.0329], [-122.9729, 41.0348], [-122.9746, 41.0333], [-122.9754, 41.0334], [-122.9749, 41.0351], [-122.9731, 41.0353], [-122.9743, 41.0378], [-122.9731, 41.0383], [-122.9729, 41.0406], [-122.9707, 41.0404], [-122.9694, 41.0396], [-122.9684, 41.0412], [-122.9689, 41.0428], [-122.9668, 41.0432], [-122.9675, 41.0426], [-122.9677, 41.0415], [-122.9663, 41.0438], [-122.9641, 41.0431], [-122.9632, 41.044], [-122.9621, 41.0421], [-122.9602, 41.0427], [-122.9597, 41.044], [-122.9617, 41.043], [-122.9626, 41.0437], [-122.9624, 41.046], [-122.9594, 41.0459], [-122.9596, 41.0451], [-122.9588, 41.0452], [-122.957, 41.046], [-122.9562, 41.0473], [-122.9629, 41.0473], [-122.9668, 41.0452], [-122.9682, 41.046], [-122.9683, 41.0451], [-122.9686, 41.0463], [-122.9697, 41.0452], [-122.9698, 41.0438], [-122.9713, 41.0438], [-122.9721, 41.0429], [-122.9741, 41.0451], [-122.9765, 41.0443], [-122.9818, 41.0452], [-122.9825, 41.046], [-122.9865, 41.0469], [-122.9878, 41.0458], [-122.9855, 41.0456], [-122.9855, 41.0445], [-122.9878, 41.0447], [-122.9869, 41.044], [-122.9852, 41.0439], [-122.9884, 41.0424], [-122.9907, 41.0426], [-122.99, 41.0408], [-122.9926, 41.0431], [-122.9919, 41.0427], [-122.9892, 41.0439], [-122.9904, 41.0443], [-122.9905, 41.0436], [-122.9921, 41.0433], [-122.9928, 41.0439], [-122.9938, 41.0431], [-122.9941, 41.044], [-122.9946, 41.0436], [-122.9962, 41.0446], [-122.9957, 41.045], [-122.9968, 41.0462], [-122.9985, 41.0451], [-123.0002, 41.0456], [-122.9988, 41.0475], [-122.9961, 41.0462], [-122.994, 41.0475], [-122.9924, 41.0464], [-122.9903, 41.0464], [-122.9904, 41.047], [-122.9921, 41.0471], [-122.9936, 41.048], [-122.9952, 41.048], [-122.9961, 41.0472], [-122.9973, 41.0476], [-122.9981, 41.0489], [-122.9988, 41.0489], [-122.9989, 41.0506], [-122.9963, 41.0498], [-122.9957, 41.0489], [-122.9951, 41.0495], [-122.9967, 41.052], [-122.9971, 41.0507], [-122.9994, 41.0506], [-122.9998, 41.0492], [-123.0004, 41.0498], [-123.0, 41.0512], [-123.0025, 41.0533], [-123.0022, 41.0526], [-123.0031, 41.052], [-123.0006, 41.0463], [-123.0024, 41.0465], [-123.0026, 41.0471], [-123.0032, 41.0465], [-123.0005, 41.0437], [-122.9979, 41.0447], [-122.9974, 41.0438], [-122.9969, 41.0443], [-122.9949, 41.0433], [-122.9953, 41.0424], [-122.9968, 41.0436], [-122.9978, 41.0434], [-122.996, 41.0415], [-122.9951, 41.0418], [-122.9954, 41.0408], [-122.9928, 41.0405], [-122.9927, 41.0418], [-122.9912, 41.0412], [-122.9915, 41.0407], [-122.9899, 41.0401], [-122.989, 41.0374], [-122.9879, 41.0385], [-122.9886, 41.0385], [-122.9885, 41.0399], [-122.9898, 41.0414], [-122.9892, 41.0419], [-122.9879, 41.0417], [-122.9872, 41.0426], [-122.9864, 41.0417], [-122.9876, 41.0411], [-122.9846, 41.0413], [-122.9852, 41.041], [-122.9844, 41.0408], [-122.9833, 41.0409], [-122.9823, 41.0419], [-122.9827, 41.0404], [-122.9843, 41.04], [-122.9837, 41.0397], [-122.9866, 41.0396], [-122.9869, 41.0389], [-122.9871, 41.0382], [-122.9861, 41.0382], [-122.9864, 41.0387], [-122.9855, 41.0391], [-122.9844, 41.0387], [-122.9838, 41.0373], [-122.9823, 41.0372], [-122.9834, 41.0368], [-122.9813, 41.0365], [-122.9838, 41.0355], [-122.9817, 41.0349], [-122.9796, 41.0366], [-122.9797, 41.0359], [-122.978, 41.0359], [-122.9785, 41.0367], [-122.9768, 41.0377], [-122.9765, 41.0372], [-122.978, 41.0368], [-122.9769, 41.036], [-122.974, 41.0368], [-122.975, 41.0359], [-122.9765, 41.0356], [-122.9762, 41.0347], [-122.9787, 41.0344], [-122.9791, 41.0324], [-122.9795, 41.0344], [-122.9827, 41.0324], [-122.9826, 41.0337], [-122.9841, 41.0346], [-122.9833, 41.0317], [-122.9841, 41.0312], [-122.9846, 41.0325], [-122.9848, 41.0319], [-122.9865, 41.0327], [-122.9862, 41.0337], [-122.9871, 41.0351], [-122.9884, 41.0336], [-122.9877, 41.0357], [-122.9894, 41.0352], [-122.9893, 41.0358], [-122.9906, 41.0358], [-122.9917, 41.0346], [-122.9942, 41.0339], [-122.9979, 41.0348], [-122.9961, 41.0338], [-122.9959, 41.0327], [-122.9946, 41.0327], [-122.9959, 41.0337], [-122.9944, 41.0334], [-122.9947, 41.032], [-122.9927, 41.0323], [-122.9935, 41.0305], [-122.9943, 41.0306], [-122.9914, 41.0275], [-122.9927, 41.0247], [-122.9962, 41.0242], [-122.9959, 41.0233], [-122.9971, 41.0223], [-122.9971, 41.0235], [-122.9985, 41.0241], [-122.9994, 41.0235], [-122.9988, 41.0278], [-123.0002, 41.0269], [-123.0013, 41.0273], [-122.9995, 41.028], [-123.0012, 41.0287], [-123.001, 41.0304], [-122.9996, 41.0305], [-123.0006, 41.031], [-123.0004, 41.0323], [-123.0029, 41.032], [-123.0035, 41.0325], [-123.0029, 41.0326], [-123.003, 41.0332], [-123.0036, 41.0327], [-123.0044, 41.0335], [-123.0056, 41.0335], [-123.0054, 41.0324], [-123.0066, 41.0318], [-123.0046, 41.0321], [-123.0057, 41.0311], [-123.0025, 41.0303], [-123.0039, 41.0303], [-123.0037, 41.0289], [-123.0058, 41.0294], [-123.0056, 41.0287], [-123.0088, 41.0275], [-123.0096, 41.0289], [-123.0122, 41.0286], [-123.0117, 41.0279], [-123.0128, 41.0281], [-123.013, 41.0277], [-123.0126, 41.0289], [-123.0146, 41.0292], [-123.015, 41.0279], [-123.0177, 41.0284], [-123.0175, 41.0267], [-123.0184, 41.0265], [-123.0184, 41.0282], [-123.02, 41.0301], [-123.0195, 41.0309], [-123.0202, 41.0322], [-123.0218, 41.0324], [-123.0226, 41.0335], [-123.0241, 41.0332], [-123.0242, 41.0343], [-123.0226, 41.0348], [-123.0232, 41.0354], [-123.0223, 41.0357], [-123.0225, 41.0366], [-123.0235, 41.0355], [-123.0248, 41.0363], [-123.0241, 41.0347], [-123.0257, 41.0333], [-123.0266, 41.0329], [-123.0281, 41.0335], [-123.0291, 41.0325], [-123.0287, 41.0334], [-123.0295, 41.0341], [-123.0286, 41.034], [-123.0281, 41.0347], [-123.029, 41.0353], [-123.031, 41.0349], [-123.0319, 41.0358], [-123.0301, 41.0367], [-123.0296, 41.0379], [-123.0303, 41.0396], [-123.0312, 41.0399], [-123.0291, 41.0402], [-123.0287, 41.0414], [-123.0274, 41.0413], [-123.0263, 41.0423], [-123.0299, 41.0426], [-123.0305, 41.0422], [-123.0299, 41.0413], [-123.0327, 41.0424], [-123.0318, 41.0409], [-123.0333, 41.0392], [-123.0329, 41.037], [-123.034, 41.0371], [-123.0345, 41.036], [-123.0346, 41.0369], [-123.0358, 41.0369], [-123.0378, 41.0382], [-123.0363, 41.0401], [-123.0353, 41.0396], [-123.0363, 41.0395], [-123.035, 41.0377], [-123.034, 41.0378], [-123.035, 41.0412], [-123.0356, 41.0399], [-123.0362, 41.0411], [-123.0372, 41.0412], [-123.0373, 41.0406], [-123.0379, 41.041], [-123.036, 41.0443], [-123.0362, 41.0455], [-123.0369, 41.0456], [-123.037, 41.0443], [-123.038, 41.0439], [-123.0374, 41.0428], [-123.0395, 41.0409], [-123.0395, 41.0421], [-123.0429, 41.0428], [-123.0451, 41.041], [-123.0441, 41.0435], [-123.046, 41.0422], [-123.0479, 41.0421], [-123.0471, 41.0447], [-123.0516, 41.0451], [-123.0539, 41.0447], [-123.0546, 41.0454], [-123.0555, 41.0438], [-123.0551, 41.0423], [-123.0539, 41.0423], [-123.0538, 41.044], [-123.0493, 41.0442], [-123.0525, 41.0422], [-123.0527, 41.0409], [-123.0538, 41.0407], [-123.0529, 41.0405], [-123.0531, 41.0393], [-123.0507, 41.0401], [-123.0506, 41.0391], [-123.0488, 41.0376], [-123.0495, 41.0363], [-123.0503, 41.0358], [-123.054, 41.0368], [-123.0523, 41.035], [-123.0535, 41.0346], [-123.0539, 41.0351], [-123.0547, 41.0349], [-123.0549, 41.036], [-123.0557, 41.0362], [-123.056, 41.0353], [-123.0564, 41.0359], [-123.0575, 41.0352], [-123.0567, 41.0337], [-123.0587, 41.033], [-123.0594, 41.0333], [-123.0596, 41.0326], [-123.0621, 41.0341], [-123.0602, 41.0353], [-123.0589, 41.0345], [-123.0599, 41.0358], [-123.059, 41.0372], [-123.0568, 41.037], [-123.058, 41.038], [-123.0562, 41.0384], [-123.0587, 41.0392], [-123.0598, 41.0388], [-123.0585, 41.0384], [-123.0596, 41.0371], [-123.0613, 41.0369], [-123.0604, 41.0363], [-123.0609, 41.035], [-123.0615, 41.0348], [-123.0613, 41.0356], [-123.0641, 41.0346], [-123.0622, 41.0346], [-123.0635, 41.0333], [-123.0632, 41.0326], [-123.064, 41.0332], [-123.0644, 41.0326], [-123.0637, 41.0316], [-123.0651, 41.0314], [-123.065, 41.0307], [-123.0666, 41.0301], [-123.067, 41.0315], [-123.0648, 41.0335], [-123.0666, 41.0337], [-123.0673, 41.0349], [-123.0692, 41.0346], [-123.0681, 41.0359], [-123.0689, 41.037], [-123.0668, 41.0377], [-123.0656, 41.0374], [-123.0641, 41.0387], [-123.0671, 41.0388], [-123.0699, 41.037], [-123.0702, 41.0331], [-123.0781, 41.0317], [-123.0791, 41.03], [-123.0749, 41.0288], [-123.0715, 41.0288], [-123.0712, 41.0275], [-123.0792, 41.0253], [-123.0809, 41.0228], [-123.0797, 41.0225], [-123.0814, 41.0219], [-123.0801, 41.0222], [-123.0795, 41.022], [-123.0804, 41.0212], [-123.083, 41.0207], [-123.082, 41.0199], [-123.0826, 41.0193], [-123.0819, 41.0191], [-123.0816, 41.0197], [-123.0793, 41.0202], [-123.0806, 41.0184], [-123.0799, 41.0171], [-123.0799, 41.0183], [-123.077, 41.0209], [-123.0757, 41.0206], [-123.0744, 41.0213], [-123.0733, 41.0209], [-123.0706, 41.0215], [-123.0694, 41.0204], [-123.0682, 41.0204], [-123.0682, 41.0192], [-123.0673, 41.0198], [-123.0667, 41.0188], [-123.0676, 41.0188], [-123.0691, 41.0169], [-123.078, 41.015], [-123.0749, 41.0152], [-123.0744, 41.0146], [-123.076, 41.0139], [-123.0737, 41.0141], [-123.0725, 41.0124], [-123.0709, 41.0129], [-123.0701, 41.0125], [-123.0701, 41.013], [-123.0691, 41.0123], [-123.0701, 41.0122], [-123.0696, 41.011], [-123.0706, 41.0108], [-123.0706, 41.0099], [-123.0719, 41.0102], [-123.0712, 41.0104], [-123.0715, 41.0111], [-123.0733, 41.0097], [-123.0738, 41.0103], [-123.0757, 41.0102], [-123.0731, 41.0085], [-123.0751, 41.0077], [-123.076, 41.0086], [-123.0776, 41.0086], [-123.0775, 41.0066], [-123.0755, 41.0064], [-123.0756, 41.0048], [-123.0815, 41.0038], [-123.0806, 41.0024], [-123.0769, 41.0033], [-123.0763, 41.0018], [-123.0778, 41.0009], [-123.0721, 40.9993], [-123.0706, 40.9999], [-123.0701, 41.002], [-123.0691, 41.0019], [-123.0688, 41.0006], [-123.067, 41.001], [-123.0667, 41.0017], [-123.0631, 41.0021], [-123.0609, 41.0031], [-123.0602, 41.0024], [-123.056, 41.0031], [-123.0495, 41.001], [-123.0513, 40.9981], [-123.054, 40.9971], [-123.0532, 40.9967], [-123.0513, 40.9974], [-123.0514, 40.9969], [-123.0534, 40.996], [-123.0546, 40.996], [-123.0542, 40.9967], [-123.0553, 40.997], [-123.055, 40.9965], [-123.0566, 40.9963], [-123.0561, 40.9957], [-123.0569, 40.9949], [-123.0559, 40.9952], [-123.0555, 40.9947], [-123.0577, 40.9939], [-123.0577, 40.9935], [-123.0582, 40.9939], [-123.0603, 40.9935], [-123.0589, 40.9927], [-123.0596, 40.9924], [-123.0592, 40.9917], [-123.057, 40.9923], [-123.0566, 40.9918], [-123.0582, 40.9913], [-123.0604, 40.9917], [-123.0599, 40.9927], [-123.0621, 40.9922], [-123.0612, 40.9919], [-123.0619, 40.9916]], [[-122.7599, 41.1688], [-122.7599, 41.1688], [-122.7599, 41.1688], [-122.7599, 41.1688]], [[-122.8778, 41.0836], [-122.8778, 41.0836], [-122.8778, 41.0836], [-122.8778, 41.0836]], [[-122.9675, 41.0332], [-122.9675, 41.0332], [-122.9675, 41.0332], [-122.9675, 41.0332]], [[-122.7243, 41.1299], [-122.7229, 41.13], [-122.7231, 41.1303], [-122.7242, 41.13], [-122.7252, 41.131], [-122.7251, 41.1303], [-122.7258, 41.1301], [-122.7245, 41.1294], [-122.7243, 41.1299]], [[-122.7425, 41.1255], [-122.7438, 41.1246], [-122.7438, 41.1256], [-122.7454, 41.1257], [-122.7457, 41.125], [-122.7463, 41.1258], [-122.7502, 41.1248], [-122.7494, 41.1232], [-122.7498, 41.1229], [-122.7478, 41.1207], [-122.7409, 41.1169], [-122.744, 41.1198], [-122.7446, 41.1214], [-122.7461, 41.1223], [-122.7455, 41.1235], [-122.7443, 41.123], [-122.7417, 41.1237], [-122.7419, 41.1246], [-122.7409, 41.1252], [-122.7402, 41.1251], [-122.7405, 41.1243], [-122.7391, 41.1249], [-122.7402, 41.126], [-122.7381, 41.127], [-122.7373, 41.1266], [-122.7389, 41.1257], [-122.738, 41.124], [-122.7405, 41.1235], [-122.7406, 41.123], [-122.7379, 41.1225], [-122.7367, 41.1238], [-122.736, 41.1234], [-122.7383, 41.125], [-122.7382, 41.1257], [-122.7361, 41.1266], [-122.7342, 41.1216], [-122.7291, 41.1183], [-122.7284, 41.1186], [-122.7277, 41.1178], [-122.7254, 41.1177], [-122.7258, 41.1194], [-122.7284, 41.1192], [-122.7291, 41.1196], [-122.7274, 41.1198], [-122.73, 41.1217], [-122.7287, 41.1215], [-122.73, 41.1234], [-122.7292, 41.1237], [-122.7291, 41.1247], [-122.7286, 41.124], [-122.7284, 41.1246], [-122.7306, 41.1257], [-122.7307, 41.1269], [-122.733, 41.1257], [-122.7336, 41.1259], [-122.732, 41.1289], [-122.7336, 41.1286], [-122.7326, 41.1296], [-122.7345, 41.1288], [-122.7352, 41.1292], [-122.7354, 41.1286], [-122.7378, 41.1288], [-122.7386, 41.1274], [-122.7405, 41.1268], [-122.7404, 41.1261], [-122.7408, 41.1268], [-122.7426, 41.127], [-122.7425, 41.1255]], [[-122.7738, 41.1362], [-122.7702, 41.1364], [-122.767, 41.1347], [-122.7628, 41.1354], [-122.7608, 41.1364], [-122.7607, 41.1377], [-122.757, 41.1404], [-122.7561, 41.1399], [-122.7572, 41.1413], [-122.756, 41.1413], [-122.7566, 41.1417], [-122.7536, 41.143], [-122.7541, 41.1434], [-122.7548, 41.1428], [-122.7553, 41.1439], [-122.7536, 41.1438], [-122.7538, 41.1446], [-122.7528, 41.1449], [-122.7526, 41.1443], [-122.7511, 41.1455], [-122.7504, 41.1454], [-122.7498, 41.1468], [-122.7509, 41.1474], [-122.75, 41.1482], [-122.7497, 41.1473], [-122.7487, 41.1488], [-122.7504, 41.1508], [-122.748, 41.1489], [-122.7485, 41.1498], [-122.7478, 41.1518], [-122.7521, 41.1518], [-122.7523, 41.1528], [-122.7515, 41.1533], [-122.7524, 41.1529], [-122.7532, 41.153], [-122.752, 41.1535], [-122.7529, 41.154], [-122.7523, 41.1548], [-122.7546, 41.1527], [-122.7539, 41.1545], [-122.7549, 41.1551], [-122.7535, 41.156], [-122.7531, 41.1581], [-122.7534, 41.1577], [-122.7547, 41.1584], [-122.7547, 41.1572], [-122.7536, 41.157], [-122.7547, 41.1563], [-122.7545, 41.1555], [-122.7552, 41.1554], [-122.7552, 41.1543], [-122.7559, 41.1544], [-122.7548, 41.1535], [-122.7571, 41.1531], [-122.7582, 41.1519], [-122.7573, 41.1521], [-122.7582, 41.151], [-122.7567, 41.151], [-122.7565, 41.1501], [-122.7578, 41.15], [-122.7574, 41.1497], [-122.7563, 41.1495], [-122.7556, 41.1501], [-122.7549, 41.1493], [-122.7536, 41.1499], [-122.7536, 41.1492], [-122.7527, 41.149], [-122.7527, 41.1468], [-122.7551, 41.1457], [-122.7541, 41.146], [-122.7539, 41.1452], [-122.7562, 41.1449], [-122.7562, 41.1456], [-122.7569, 41.1457], [-122.7571, 41.1447], [-122.7557, 41.1448], [-122.7566, 41.1441], [-122.7558, 41.1439], [-122.7554, 41.1432], [-122.756, 41.1435], [-122.756, 41.1425], [-122.7566, 41.143], [-122.7574, 41.1427], [-122.7566, 41.1423], [-122.757, 41.142], [-122.7576, 41.1426], [-122.7582, 41.1422], [-122.7609, 41.1457], [-122.7635, 41.1438], [-122.7649, 41.1441], [-122.7666, 41.1473], [-122.7693, 41.1473], [-122.7692, 41.1485], [-122.7728, 41.1522], [-122.7763, 41.1522], [-122.7772, 41.1515], [-122.7772, 41.1504], [-122.7761, 41.1504], [-122.7758, 41.1515], [-122.7751, 41.1507], [-122.7757, 41.1505], [-122.7754, 41.1492], [-122.7749, 41.1506], [-122.7741, 41.1501], [-122.7754, 41.1473], [-122.7703, 41.1441], [-122.7696, 41.1423], [-122.7662, 41.1417], [-122.7672, 41.143], [-122.7657, 41.1437], [-122.7632, 41.1424], [-122.7607, 41.1426], [-122.7607, 41.1421], [-122.763, 41.1419], [-122.7628, 41.1412], [-122.7603, 41.1408], [-122.7595, 41.14], [-122.7624, 41.1403], [-122.7633, 41.139], [-122.7691, 41.1398], [-122.7669, 41.1368], [-122.7684, 41.1367], [-122.7685, 41.136], [-122.7693, 41.1381], [-122.7715, 41.1386], [-122.7724, 41.1397], [-122.7726, 41.1439], [-122.7767, 41.1452], [-122.7782, 41.148], [-122.7786, 41.1449], [-122.7777, 41.1433], [-122.7801, 41.1411], [-122.7781, 41.1401], [-122.7754, 41.1401], [-122.7761, 41.1397], [-122.7747, 41.1385], [-122.7761, 41.1391], [-122.7797, 41.1386], [-122.7794, 41.1376], [-122.78, 41.1375], [-122.7788, 41.1362], [-122.7801, 41.1339], [-122.7809, 41.1338], [-122.78, 41.1326], [-122.7808, 41.1319], [-122.7798, 41.1314], [-122.7737, 41.1326], [-122.7729, 41.1359], [-122.7738, 41.1362]], [[-122.7613, 41.1516], [-122.7606, 41.1497], [-122.7596, 41.1492], [-122.7607, 41.1508], [-122.7604, 41.152], [-122.7613, 41.1516]], [[-122.7717, 41.1578], [-122.7713, 41.1572], [-122.7719, 41.1571], [-122.7721, 41.1579], [-122.7723, 41.1573], [-122.7718, 41.1566], [-122.7702, 41.156], [-122.771, 41.1559], [-122.7705, 41.1531], [-122.7667, 41.1519], [-122.7648, 41.1507], [-122.7654, 41.1503], [-122.765, 41.1499], [-122.7626, 41.1494], [-122.7631, 41.153], [-122.765, 41.1532], [-122.7645, 41.1546], [-122.7663, 41.1583], [-122.7701, 41.159], [-122.7717, 41.1578]], [[-122.81, 41.1411], [-122.8103, 41.1423], [-122.8093, 41.1418], [-122.8085, 41.1423], [-122.806, 41.1422], [-122.8041, 41.1428], [-122.8039, 41.1437], [-122.8025, 41.1434], [-122.8022, 41.1441], [-122.8038, 41.1465], [-122.8026, 41.1467], [-122.8031, 41.1475], [-122.8017, 41.1474], [-122.8015, 41.1453], [-122.7994, 41.1434], [-122.7971, 41.1443], [-122.796, 41.144], [-122.7959, 41.1452], [-122.7932, 41.1469], [-122.7921, 41.1465], [-122.792, 41.1477], [-122.795, 41.1471], [-122.7942, 41.1465], [-122.796, 41.1459], [-122.7984, 41.1461], [-122.7985, 41.1467], [-122.7973, 41.1465], [-122.7992, 41.1474], [-122.7995, 41.1503], [-122.8002, 41.1501], [-122.8005, 41.1519], [-122.8023, 41.1519], [-122.8038, 41.1532], [-122.8031, 41.1522], [-122.8042, 41.1522], [-122.804, 41.1533], [-122.8048, 41.154], [-122.8064, 41.1541], [-122.8089, 41.1556], [-122.81, 41.1582], [-122.808, 41.1583], [-122.8081, 41.1597], [-122.8092, 41.1599], [-122.8087, 41.1603], [-122.8096, 41.1612], [-122.8085, 41.1609], [-122.8091, 41.162], [-122.8083, 41.1632], [-122.807, 41.1635], [-122.8062, 41.1627], [-122.8077, 41.1607], [-122.8072, 41.1576], [-122.8064, 41.1577], [-122.8065, 41.1592], [-122.8043, 41.1624], [-122.8036, 41.1615], [-122.8039, 41.1594], [-122.8024, 41.16], [-122.8013, 41.159], [-122.8022, 41.1588], [-122.8021, 41.1566], [-122.8015, 41.1564], [-122.8011, 41.1576], [-122.7992, 41.1568], [-122.8013, 41.1561], [-122.8023, 41.1541], [-122.8017, 41.1539], [-122.8002, 41.1559], [-122.799, 41.1559], [-122.7986, 41.1551], [-122.798, 41.1562], [-122.7972, 41.1554], [-122.7968, 41.157], [-122.7962, 41.1563], [-122.7955, 41.1568], [-122.7949, 41.1598], [-122.7928, 41.1606], [-122.7956, 41.1641], [-122.795, 41.1636], [-122.7946, 41.1645], [-122.793, 41.1634], [-122.7935, 41.1668], [-122.7945, 41.1671], [-122.7951, 41.166], [-122.7963, 41.167], [-122.7953, 41.1667], [-122.7953, 41.1674], [-122.7975, 41.1676], [-122.7973, 41.1686], [-122.7997, 41.1675], [-122.801, 41.1679], [-122.8014, 41.169], [-122.8038, 41.1669], [-122.8043, 41.1672], [-122.8051, 41.166], [-122.8085, 41.1654], [-122.81, 41.1662], [-122.8116, 41.1696], [-122.8136, 41.1692], [-122.8147, 41.1701], [-122.8132, 41.1703], [-122.814, 41.173], [-122.8124, 41.1726], [-122.8117, 41.174], [-122.8107, 41.1728], [-122.8102, 41.174], [-122.806, 41.1738], [-122.805, 41.1731], [-122.8033, 41.1737], [-122.8051, 41.1742], [-122.8045, 41.1749], [-122.8044, 41.1742], [-122.8036, 41.1743], [-122.8035, 41.1754], [-122.805, 41.1758], [-122.8042, 41.176], [-122.8044, 41.1768], [-122.805, 41.1768], [-122.8052, 41.1754], [-122.8055, 41.1754], [-122.8053, 41.1776], [-122.808, 41.1784], [-122.8065, 41.1787], [-122.8066, 41.1792], [-122.8058, 41.1786], [-122.8049, 41.1791], [-122.8057, 41.1793], [-122.8053, 41.1796], [-122.8031, 41.1797], [-122.8048, 41.1813], [-122.8041, 41.1821], [-122.8066, 41.1836], [-122.8084, 41.1835], [-122.8069, 41.1813], [-122.8082, 41.1807], [-122.8071, 41.1796], [-122.8078, 41.1792], [-122.8084, 41.18], [-122.8097, 41.1801], [-122.8101, 41.1821], [-122.8116, 41.1823], [-122.8107, 41.1831], [-122.8113, 41.1838], [-122.8125, 41.1842], [-122.813, 41.1838], [-122.8134, 41.1843], [-122.8125, 41.1848], [-122.814, 41.1856], [-122.8145, 41.1848], [-122.8148, 41.1857], [-122.8158, 41.1853], [-122.8163, 41.1861], [-122.8143, 41.1862], [-122.818, 41.1864], [-122.8192, 41.1845], [-122.822, 41.1853], [-122.8211, 41.1839], [-122.8249, 41.1827], [-122.8304, 41.1841], [-122.833, 41.184], [-122.8337, 41.1828], [-122.8369, 41.1817], [-122.8366, 41.18], [-122.8358, 41.1797], [-122.8364, 41.1789], [-122.8351, 41.178], [-122.836, 41.1782], [-122.8362, 41.1772], [-122.8347, 41.1776], [-122.8348, 41.1769], [-122.8338, 41.1769], [-122.8356, 41.1754], [-122.8342, 41.1752], [-122.8347, 41.1747], [-122.833, 41.1731], [-122.8324, 41.1745], [-122.8312, 41.1736], [-122.8314, 41.1751], [-122.8304, 41.1748], [-122.8306, 41.174], [-122.8303, 41.1745], [-122.8298, 41.1739], [-122.8267, 41.1748], [-122.8263, 41.174], [-122.8248, 41.1737], [-122.8256, 41.1743], [-122.8223, 41.1749], [-122.8203, 41.1727], [-122.8196, 41.1729], [-122.82, 41.1737], [-122.8184, 41.1728], [-122.8181, 41.1711], [-122.8202, 41.1667], [-122.8191, 41.1663], [-122.8201, 41.1654], [-122.8216, 41.1661], [-122.8219, 41.1647], [-122.8207, 41.1639], [-122.8211, 41.1625], [-122.82, 41.162], [-122.8214, 41.1621], [-122.8231, 41.161], [-122.8221, 41.1604], [-122.8228, 41.1597], [-122.822, 41.1596], [-122.8234, 41.1569], [-122.8222, 41.1553], [-122.8231, 41.1552], [-122.8234, 41.1559], [-122.8239, 41.1535], [-122.8215, 41.1509], [-122.822, 41.1499], [-122.821, 41.1489], [-122.8197, 41.1483], [-122.8197, 41.1491], [-122.8179, 41.1496], [-122.8143, 41.1479], [-122.8134, 41.1467], [-122.8144, 41.1441], [-122.8134, 41.1421], [-122.81, 41.1411]], [[-122.797, 41.1861], [-122.7953, 41.1881], [-122.7967, 41.189], [-122.7981, 41.1883], [-122.7991, 41.1897], [-122.8001, 41.1888], [-122.7978, 41.1881], [-122.797, 41.1861]], [[-122.8028, 41.1823], [-122.8014, 41.1816], [-122.8029, 41.1813], [-122.8027, 41.1801], [-122.8023, 41.1808], [-122.7995, 41.1798], [-122.8012, 41.1817], [-122.8, 41.1811], [-122.7998, 41.1825], [-122.7979, 41.1823], [-122.7992, 41.1852], [-122.8009, 41.1857], [-122.8014, 41.1854], [-122.8016, 41.1845], [-122.8004, 41.1826], [-122.8028, 41.1823]], [[-122.8003, 41.1866], [-122.8007, 41.187], [-122.8001, 41.1879], [-122.8007, 41.188], [-122.8016, 41.1873], [-122.8, 41.186], [-122.7999, 41.1875], [-122.8003, 41.1866]], [[-122.805, 41.1779], [-122.804, 41.1771], [-122.8039, 41.1777], [-122.8024, 41.1777], [-122.8042, 41.1783], [-122.805, 41.1779]], [[-122.8029, 41.1781], [-122.8029, 41.1791], [-122.8041, 41.1791], [-122.8029, 41.1781]], [[-122.8129, 41.1854], [-122.8127, 41.1857], [-122.8128, 41.1862], [-122.8129, 41.1854]], [[-122.817, 41.0574], [-122.8176, 41.058], [-122.8185, 41.0577], [-122.818, 41.0566], [-122.8172, 41.0573], [-122.8171, 41.0558], [-122.8161, 41.0572], [-122.8169, 41.0585], [-122.817, 41.0574]], [[-122.8204, 41.0607], [-122.8189, 41.0607], [-122.8188, 41.0618], [-122.8201, 41.0612], [-122.8204, 41.0607]], [[-122.8196, 41.0596], [-122.8188, 41.0598], [-122.8198, 41.06], [-122.8196, 41.0596]], [[-122.8205, 41.0601], [-122.8201, 41.06], [-122.8205, 41.0603], [-122.8205, 41.0601]], [[-122.821, 41.0596], [-122.8207, 41.0595], [-122.8206, 41.0596], [-122.821, 41.0596]], [[-122.8222, 41.0585], [-122.8222, 41.0584], [-122.8221, 41.0585], [-122.8222, 41.0585]], [[-122.831, 41.0571], [-122.832, 41.0574], [-122.8311, 41.0568], [-122.8314, 41.0558], [-122.8328, 41.0558], [-122.8337, 41.0566], [-122.8335, 41.0561], [-122.8346, 41.0561], [-122.8335, 41.0558], [-122.8335, 41.0545], [-122.8329, 41.0557], [-122.8302, 41.0558], [-122.831, 41.0571]], [[-122.8311, 41.054], [-122.8304, 41.0542], [-122.8306, 41.0549], [-122.8311, 41.0545], [-122.8311, 41.054]], [[-122.8337, 41.0648], [-122.8327, 41.0648], [-122.8323, 41.0658], [-122.8334, 41.0657], [-122.8329, 41.0651], [-122.8337, 41.0648]], [[-122.8332, 41.0672], [-122.8344, 41.0667], [-122.834, 41.066], [-122.8332, 41.0665], [-122.8323, 41.066], [-122.8332, 41.0672]], [[-122.8324, 41.055], [-122.8322, 41.0552], [-122.8324, 41.0552], [-122.8324, 41.055]], [[-122.8326, 41.0574], [-122.8326, 41.0577], [-122.833, 41.0574], [-122.8326, 41.0574]], [[-122.8339, 41.0689], [-122.8337, 41.0693], [-122.8343, 41.0692], [-122.8339, 41.0689]], [[-122.8344, 41.0687], [-122.834, 41.0686], [-122.8345, 41.0692], [-122.8344, 41.0687]], [[-122.8353, 41.0504], [-122.8367, 41.0517], [-122.8335, 41.0529], [-122.8344, 41.0541], [-122.8344, 41.0531], [-122.8371, 41.0525], [-122.8378, 41.0529], [-122.8389, 41.0522], [-122.839, 41.051], [-122.837, 41.0511], [-122.8369, 41.0502], [-122.8354, 41.0498], [-122.8352, 41.05], [-122.8353, 41.0504]], [[-122.836, 41.0716], [-122.8359, 41.0712], [-122.8359, 41.0712], [-122.836, 41.0716]], [[-122.8369, 41.0543], [-122.8376, 41.0552], [-122.8377, 41.0544], [-122.8388, 41.0543], [-122.8369, 41.0543]], [[-122.8485, 41.0845], [-122.8444, 41.081], [-122.8431, 41.0828], [-122.8441, 41.0825], [-122.8459, 41.084], [-122.8467, 41.084], [-122.8464, 41.0835], [-122.8485, 41.0845]], [[-122.8458, 41.0893], [-122.8521, 41.0891], [-122.8518, 41.0881], [-122.8535, 41.0875], [-122.8537, 41.0885], [-122.8543, 41.0888], [-122.8536, 41.0872], [-122.8544, 41.0873], [-122.8547, 41.0865], [-122.8552, 41.0871], [-122.8557, 41.0855], [-122.8547, 41.0852], [-122.8551, 41.0846], [-122.8543, 41.0838], [-122.8517, 41.0852], [-122.8506, 41.0876], [-122.8483, 41.0874], [-122.8479, 41.0868], [-122.8458, 41.0893]], [[-122.8596, 41.0946], [-122.8617, 41.0953], [-122.8618, 41.0958], [-122.8638, 41.097], [-122.8644, 41.0979], [-122.8661, 41.0966], [-122.865, 41.0964], [-122.8646, 41.0969], [-122.8639, 41.0957], [-122.8623, 41.0959], [-122.8625, 41.0954], [-122.862, 41.0957], [-122.8619, 41.095], [-122.8602, 41.0941], [-122.8596, 41.0946]], [[-122.8784, 41.0678], [-122.8788, 41.0682], [-122.8789, 41.068], [-122.8784, 41.0678]], [[-122.8795, 41.0689], [-122.88, 41.069], [-122.8797, 41.0687], [-122.8795, 41.0689]], [[-122.8797, 41.0676], [-122.8799, 41.0683], [-122.8809, 41.0674], [-122.8805, 41.0671], [-122.8797, 41.0676]], [[-122.8859, 41.0748], [-122.8856, 41.0734], [-122.8845, 41.0734], [-122.8863, 41.0716], [-122.8845, 41.0709], [-122.8852, 41.0707], [-122.8846, 41.0701], [-122.8821, 41.0707], [-122.8818, 41.07], [-122.8812, 41.0714], [-122.882, 41.0711], [-122.8829, 41.073], [-122.8848, 41.074], [-122.8846, 41.0747], [-122.8865, 41.075], [-122.8873, 41.0765], [-122.8879, 41.0765], [-122.8868, 41.0746], [-122.8859, 41.0748]], [[-122.8861, 41.0884], [-122.8862, 41.087], [-122.8843, 41.086], [-122.8854, 41.0883], [-122.8835, 41.0882], [-122.884, 41.0889], [-122.8825, 41.0904], [-122.8842, 41.0908], [-122.8845, 41.09], [-122.8852, 41.0901], [-122.8842, 41.089], [-122.8861, 41.0884]], [[-122.8901, 41.0856], [-122.8877, 41.0856], [-122.8848, 41.0845], [-122.8851, 41.0855], [-122.8895, 41.0867], [-122.8901, 41.0856]], [[-122.8884, 41.0602], [-122.8877, 41.0598], [-122.8885, 41.0591], [-122.8883, 41.0582], [-122.8873, 41.0582], [-122.888, 41.0589], [-122.8873, 41.0595], [-122.8844, 41.0578], [-122.8846, 41.0602], [-122.8868, 41.0599], [-122.8869, 41.0606], [-122.8884, 41.0602]], [[-122.8886, 41.0499], [-122.8888, 41.0504], [-122.8873, 41.0506], [-122.8903, 41.0522], [-122.8905, 41.0508], [-122.8886, 41.0499]], [[-122.8906, 41.0841], [-122.8899, 41.0842], [-122.8897, 41.085], [-122.8904, 41.0849], [-122.8906, 41.0841]], [[-122.8907, 41.054], [-122.8894, 41.0545], [-122.8886, 41.054], [-122.8886, 41.0546], [-122.8911, 41.0546], [-122.8907, 41.054]], [[-122.8916, 41.0648], [-122.8938, 41.0646], [-122.8944, 41.0637], [-122.8934, 41.0634], [-122.8937, 41.061], [-122.8949, 41.0612], [-122.8937, 41.0606], [-122.8927, 41.0614], [-122.893, 41.0609], [-122.8919, 41.0607], [-122.8915, 41.0615], [-122.8915, 41.0606], [-122.8926, 41.0601], [-122.8921, 41.0591], [-122.8896, 41.0603], [-122.8913, 41.0606], [-122.891, 41.0612], [-122.8903, 41.0609], [-122.8909, 41.062], [-122.8923, 41.0614], [-122.8933, 41.0626], [-122.8927, 41.0623], [-122.8924, 41.0629], [-122.8916, 41.0633], [-122.8909, 41.0625], [-122.8895, 41.0631], [-122.8906, 41.0646], [-122.8892, 41.0652], [-122.8915, 41.0656], [-122.8916, 41.0648]], [[-122.896, 41.0669], [-122.8956, 41.0645], [-122.8946, 41.0644], [-122.896, 41.0669]], [[-122.8966, 41.0669], [-122.8979, 41.0652], [-122.897, 41.065], [-122.8976, 41.0628], [-122.899, 41.0627], [-122.8993, 41.062], [-122.8986, 41.062], [-122.8992, 41.0612], [-122.8985, 41.0609], [-122.897, 41.0611], [-122.8983, 41.0612], [-122.8982, 41.062], [-122.8972, 41.0618], [-122.8975, 41.063], [-122.8969, 41.0625], [-122.8958, 41.0635], [-122.8957, 41.0649], [-122.8965, 41.0652], [-122.896, 41.0662], [-122.8968, 41.0662], [-122.8962, 41.0669], [-122.8966, 41.0669]], [[-122.9703, 41.0749], [-122.9685, 41.0738], [-122.9685, 41.0743], [-122.9669, 41.074], [-122.9674, 41.0752], [-122.9685, 41.0754], [-122.9684, 41.0777], [-122.9669, 41.0774], [-122.9669, 41.0783], [-122.9664, 41.0782], [-122.9671, 41.0758], [-122.9663, 41.0759], [-122.9645, 41.0792], [-122.9674, 41.0816], [-122.9681, 41.0842], [-122.9692, 41.0833], [-122.9697, 41.084], [-122.9719, 41.0833], [-122.9727, 41.0835], [-122.9726, 41.0841], [-122.9715, 41.0849], [-122.9729, 41.0855], [-122.9752, 41.0847], [-122.9766, 41.0849], [-122.9764, 41.0856], [-122.9776, 41.0856], [-122.9771, 41.0861], [-122.9803, 41.0856], [-122.9788, 41.0881], [-122.9782, 41.0869], [-122.9732, 41.0869], [-122.9734, 41.0887], [-122.9725, 41.0897], [-122.9745, 41.0919], [-122.9763, 41.0918], [-122.9762, 41.0924], [-122.9774, 41.0922], [-122.9793, 41.0929], [-122.9804, 41.0916], [-122.9804, 41.0893], [-122.9782, 41.0894], [-122.9778, 41.0887], [-122.9793, 41.0883], [-122.9799, 41.0874], [-122.9811, 41.0877], [-122.9823, 41.0866], [-122.9833, 41.0832], [-122.9821, 41.083], [-122.9815, 41.0845], [-122.9804, 41.083], [-122.978, 41.082], [-122.9768, 41.0835], [-122.9736, 41.0831], [-122.9713, 41.0801], [-122.97, 41.0762], [-122.9703, 41.0749]], [[-122.9993, 41.0782], [-123.0008, 41.0783], [-123.0007, 41.0765], [-122.9968, 41.0773], [-122.9985, 41.0779], [-122.9972, 41.0792], [-122.997, 41.0783], [-122.9949, 41.0773], [-122.9937, 41.078], [-122.9936, 41.0774], [-122.9923, 41.0784], [-122.9922, 41.0803], [-122.9995, 41.081], [-123.0003, 41.0796], [-122.9995, 41.0795], [-122.9993, 41.0782]], [[-123.0015, 41.069], [-123.002, 41.0715], [-123.0011, 41.0712], [-123.0008, 41.0719], [-123.0009, 41.0725], [-123.0018, 41.0721], [-123.0017, 41.0732], [-122.9977, 41.0742], [-123.0001, 41.0745], [-123.0001, 41.0761], [-123.0009, 41.0752], [-123.0012, 41.0757], [-123.001, 41.0745], [-123.0039, 41.0739], [-123.0041, 41.0746], [-123.0057, 41.0744], [-123.008, 41.0763], [-123.0063, 41.0771], [-123.0089, 41.0772], [-123.0098, 41.0762], [-123.0101, 41.0773], [-123.0108, 41.0771], [-123.0106, 41.0781], [-123.0117, 41.0773], [-123.0115, 41.0757], [-123.0134, 41.0756], [-123.0153, 41.0769], [-123.0168, 41.0765], [-123.0169, 41.0741], [-123.016, 41.0733], [-123.0168, 41.0724], [-123.0163, 41.072], [-123.0175, 41.0714], [-123.0182, 41.0679], [-123.0165, 41.0671], [-123.0184, 41.0659], [-123.0179, 41.065], [-123.019, 41.0641], [-123.0181, 41.0641], [-123.017, 41.0618], [-123.0158, 41.0615], [-123.0143, 41.0622], [-123.0085, 41.0612], [-123.007, 41.0628], [-123.0022, 41.064], [-123.0024, 41.0657], [-123.004, 41.0657], [-123.0028, 41.0648], [-123.0032, 41.0644], [-123.0047, 41.065], [-123.0061, 41.0643], [-123.0091, 41.0644], [-123.0094, 41.0651], [-123.0062, 41.0669], [-123.0043, 41.0673], [-123.0054, 41.0664], [-123.0039, 41.0673], [-123.0035, 41.0668], [-123.0031, 41.0675], [-123.003, 41.0671], [-123.0022, 41.0672], [-123.0044, 41.0685], [-123.0073, 41.0684], [-123.0096, 41.0696], [-123.0095, 41.0701], [-123.0104, 41.0701], [-123.0106, 41.073], [-123.0075, 41.0715], [-123.0068, 41.0717], [-123.0077, 41.0723], [-123.0063, 41.0728], [-123.0066, 41.0732], [-123.0056, 41.0725], [-123.0054, 41.0717], [-123.003, 41.0722], [-123.0029, 41.0709], [-123.0041, 41.0717], [-123.0047, 41.0705], [-123.0052, 41.0707], [-123.0059, 41.07], [-123.004, 41.0704], [-123.0042, 41.0696], [-123.0053, 41.0696], [-123.0042, 41.0689], [-123.0026, 41.069], [-123.0028, 41.0685], [-123.0015, 41.069]], [[-123.0179, 41.0614], [-123.0173, 41.0617], [-123.0175, 41.0616], [-123.0179, 41.0614]], [[-123.0309, 41.1066], [-123.0317, 41.1092], [-123.0326, 41.1093], [-123.0319, 41.1112], [-123.0345, 41.1114], [-123.0345, 41.1109], [-123.035, 41.1109], [-123.0343, 41.1132], [-123.0311, 41.1131], [-123.0348, 41.1146], [-123.0355, 41.114], [-123.0346, 41.1138], [-123.0348, 41.1134], [-123.0359, 41.1125], [-123.0368, 41.1127], [-123.037, 41.1115], [-123.038, 41.1113], [-123.0381, 41.1126], [-123.0388, 41.1115], [-123.0368, 41.1097], [-123.0369, 41.1108], [-123.0355, 41.1107], [-123.0362, 41.1093], [-123.035, 41.1084], [-123.0361, 41.108], [-123.0348, 41.1074], [-123.0345, 41.1059], [-123.0309, 41.1066]], [[-123.0622, 41.1157], [-123.0618, 41.1151], [-123.0612, 41.1161], [-123.0595, 41.1167], [-123.0581, 41.1191], [-123.0559, 41.1206], [-123.0545, 41.1209], [-123.0543, 41.1201], [-123.0534, 41.12], [-123.054, 41.1217], [-123.0535, 41.1232], [-123.055, 41.1232], [-123.0549, 41.1238], [-123.0558, 41.124], [-123.058, 41.1231], [-123.0584, 41.1236], [-123.0572, 41.124], [-123.0596, 41.1238], [-123.0615, 41.1257], [-123.0635, 41.125], [-123.0663, 41.1251], [-123.0657, 41.1242], [-123.0671, 41.1232], [-123.0669, 41.1226], [-123.0676, 41.1226], [-123.0674, 41.1234], [-123.0691, 41.1244], [-123.0691, 41.1253], [-123.0703, 41.125], [-123.0718, 41.1259], [-123.0732, 41.1259], [-123.0733, 41.1243], [-123.0722, 41.1243], [-123.0725, 41.1234], [-123.0712, 41.1239], [-123.0683, 41.1229], [-123.0693, 41.1222], [-123.0684, 41.1213], [-123.0665, 41.1218], [-123.0662, 41.1227], [-123.0656, 41.1224], [-123.0664, 41.1217], [-123.0648, 41.1205], [-123.0646, 41.1174], [-123.0626, 41.1175], [-123.0612, 41.1187], [-123.0609, 41.1177], [-123.0602, 41.1184], [-123.0597, 41.1179], [-123.0602, 41.1169], [-123.0617, 41.1173], [-123.061, 41.1167], [-123.062, 41.1162], [-123.063, 41.1173], [-123.0643, 41.1162], [-123.0627, 41.1161], [-123.0639, 41.1153], [-123.063, 41.1143], [-123.0631, 41.1128], [-123.0617, 41.1134], [-123.0622, 41.1157]], [[-123.0661, 41.065], [-123.0652, 41.0657], [-123.0636, 41.0651], [-123.0643, 41.0666], [-123.0637, 41.0673], [-123.0649, 41.0666], [-123.0649, 41.0671], [-123.0623, 41.0685], [-123.0624, 41.0692], [-123.0616, 41.0688], [-123.0632, 41.0721], [-123.0626, 41.0731], [-123.062, 41.0729], [-123.0621, 41.0737], [-123.0638, 41.0747], [-123.063, 41.0755], [-123.0645, 41.0755], [-123.0649, 41.0731], [-123.066, 41.0725], [-123.0658, 41.074], [-123.0678, 41.0738], [-123.0682, 41.0733], [-123.0674, 41.0731], [-123.0689, 41.0721], [-123.0675, 41.0699], [-123.069, 41.0709], [-123.069, 41.0698], [-123.0728, 41.0703], [-123.0722, 41.0712], [-123.0712, 41.071], [-123.0723, 41.0717], [-123.0709, 41.0716], [-123.071, 41.0734], [-123.0717, 41.0728], [-123.072, 41.0737], [-123.0722, 41.0728], [-123.0727, 41.0734], [-123.0741, 41.0725], [-123.077, 41.0719], [-123.0773, 41.0729], [-123.0787, 41.0735], [-123.0782, 41.0727], [-123.0798, 41.0714], [-123.0814, 41.0711], [-123.0815, 41.0704], [-123.0827, 41.0707], [-123.0832, 41.0705], [-123.0811, 41.0685], [-123.0804, 41.0698], [-123.0767, 41.0706], [-123.0749, 41.0685], [-123.0734, 41.0685], [-123.0733, 41.0678], [-123.0721, 41.0676], [-123.0739, 41.067], [-123.0728, 41.066], [-123.0712, 41.066], [-123.0713, 41.0676], [-123.0689, 41.0693], [-123.0672, 41.0675], [-123.0679, 41.0661], [-123.0692, 41.0657], [-123.0692, 41.0648], [-123.0661, 41.065]], [[-123.0763, 41.1331], [-123.0739, 41.1341], [-123.0738, 41.1357], [-123.075, 41.1351], [-123.0764, 41.1357], [-123.0754, 41.1358], [-123.0753, 41.1365], [-123.0745, 41.1357], [-123.0741, 41.1374], [-123.0731, 41.1359], [-123.0713, 41.1362], [-123.0705, 41.1372], [-123.0685, 41.1366], [-123.0665, 41.1338], [-123.0658, 41.1338], [-123.0648, 41.1347], [-123.0677, 41.137], [-123.0674, 41.1378], [-123.066, 41.1378], [-123.066, 41.1393], [-123.0674, 41.1398], [-123.0678, 41.1381], [-123.0681, 41.1393], [-123.0702, 41.14], [-123.0689, 41.1406], [-123.069, 41.1411], [-123.0701, 41.1406], [-123.0711, 41.1412], [-123.0707, 41.1403], [-123.0732, 41.1399], [-123.0722, 41.1389], [-123.0737, 41.1384], [-123.0745, 41.1392], [-123.0747, 41.1385], [-123.0738, 41.1382], [-123.0753, 41.1369], [-123.0753, 41.1381], [-123.0763, 41.1383], [-123.0774, 41.1373], [-123.077, 41.1367], [-123.078, 41.1374], [-123.0803, 41.1369], [-123.079, 41.1357], [-123.0798, 41.1332], [-123.077, 41.1321], [-123.0758, 41.1324], [-123.0763, 41.1331]], [[-123.0772, 41.1471], [-123.0745, 41.1466], [-123.0737, 41.1477], [-123.0733, 41.1471], [-123.0716, 41.1472], [-123.0729, 41.1507], [-123.0775, 41.1493], [-123.0789, 41.1505], [-123.0812, 41.1506], [-123.0797, 41.1518], [-123.0782, 41.1506], [-123.0776, 41.1512], [-123.0754, 41.1502], [-123.0739, 41.1512], [-123.0715, 41.151], [-123.0717, 41.152], [-123.0744, 41.1514], [-123.075, 41.1532], [-123.076, 41.1525], [-123.0763, 41.1534], [-123.0789, 41.1532], [-123.0809, 41.1542], [-123.0836, 41.1542], [-123.0821, 41.1512], [-123.0823, 41.15], [-123.0813, 41.1495], [-123.0824, 41.1487], [-123.0814, 41.1472], [-123.0824, 41.1471], [-123.0826, 41.1458], [-123.0815, 41.1464], [-123.081, 41.1459], [-123.0788, 41.148], [-123.0789, 41.1469], [-123.0783, 41.1472], [-123.078, 41.1468], [-123.0786, 41.1456], [-123.0772, 41.1471]], [[-123.0704, 41.072], [-123.069, 41.0723], [-123.0691, 41.0732], [-123.0707, 41.0725], [-123.0704, 41.072]], [[-123.0845, 41.0817], [-123.084, 41.0813], [-123.082, 41.0824], [-123.0821, 41.0829], [-123.0841, 41.083], [-123.0856, 41.0848], [-123.0876, 41.0861], [-123.0882, 41.0857], [-123.089, 41.0872], [-123.0907, 41.0855], [-123.0892, 41.0855], [-123.0899, 41.0862], [-123.0891, 41.0862], [-123.086, 41.084], [-123.0864, 41.0831], [-123.0881, 41.0828], [-123.0882, 41.0821], [-123.0852, 41.0806], [-123.0845, 41.0817]], [[-123.0991, 41.0112], [-123.0988, 41.0103], [-123.0974, 41.0102], [-123.0987, 41.0118], [-123.0975, 41.0127], [-123.101, 41.0139], [-123.1004, 41.0157], [-123.1031, 41.0165], [-123.1029, 41.0179], [-123.104, 41.0175], [-123.1048, 41.016], [-123.1042, 41.0147], [-123.1058, 41.0139], [-123.1063, 41.0145], [-123.107, 41.0137], [-123.1065, 41.0117], [-123.1048, 41.011], [-123.1034, 41.0122], [-123.1009, 41.0129], [-123.1009, 41.0118], [-123.1019, 41.0115], [-123.1013, 41.0108], [-123.1035, 41.011], [-123.1007, 41.0093], [-123.1, 41.0112], [-123.0991, 41.0112]], [[-123.118, 41.0142], [-123.1181, 41.0158], [-123.1174, 41.016], [-123.1158, 41.013], [-123.1156, 41.0151], [-123.1165, 41.0163], [-123.1128, 41.0147], [-123.1117, 41.0173], [-123.1136, 41.0165], [-123.1132, 41.0155], [-123.1147, 41.0165], [-123.1113, 41.0187], [-123.1115, 41.0176], [-123.1092, 41.0183], [-123.1098, 41.0177], [-123.1089, 41.0173], [-123.1094, 41.0162], [-123.1103, 41.016], [-123.1104, 41.0167], [-123.1116, 41.0162], [-123.1113, 41.0151], [-123.1098, 41.0146], [-123.1077, 41.0182], [-123.1088, 41.0189], [-123.1082, 41.0203], [-123.1101, 41.0209], [-123.1099, 41.0223], [-123.112, 41.0224], [-123.1129, 41.0214], [-123.1125, 41.0191], [-123.1148, 41.0176], [-123.1156, 41.0177], [-123.1165, 41.0205], [-123.116, 41.02], [-123.1154, 41.0204], [-123.1163, 41.021], [-123.1175, 41.0205], [-123.1179, 41.0196], [-123.1167, 41.0188], [-123.1171, 41.0178], [-123.1159, 41.0179], [-123.1161, 41.0165], [-123.1178, 41.0172], [-123.1191, 41.021], [-123.1191, 41.02], [-123.1208, 41.0194], [-123.1216, 41.0205], [-123.12, 41.0214], [-123.122, 41.0219], [-123.1235, 41.0218], [-123.124, 41.0208], [-123.1245, 41.0212], [-123.1258, 41.0205], [-123.13, 41.0203], [-123.1318, 41.0218], [-123.1336, 41.0222], [-123.1327, 41.0239], [-123.1343, 41.0241], [-123.1351, 41.0242], [-123.1346, 41.0226], [-123.1353, 41.0217], [-123.1355, 41.0231], [-123.136, 41.0225], [-123.137, 41.0237], [-123.1362, 41.0221], [-123.1389, 41.0177], [-123.1391, 41.0193], [-123.142, 41.0194], [-123.1422, 41.0169], [-123.1402, 41.0178], [-123.1402, 41.0166], [-123.139, 41.0146], [-123.1412, 41.0148], [-123.1416, 41.0141], [-123.1394, 41.0134], [-123.1388, 41.0123], [-123.1358, 41.0132], [-123.1359, 41.0142], [-123.1379, 41.0148], [-123.1373, 41.0158], [-123.1356, 41.0156], [-123.1399, 41.0167], [-123.1381, 41.0178], [-123.1369, 41.0174], [-123.1354, 41.0182], [-123.1343, 41.0203], [-123.1336, 41.0199], [-123.1346, 41.0183], [-123.1334, 41.0183], [-123.1331, 41.019], [-123.1313, 41.0196], [-123.1296, 41.0196], [-123.1291, 41.0161], [-123.1309, 41.0153], [-123.1314, 41.0164], [-123.1303, 41.0175], [-123.1313, 41.0187], [-123.1323, 41.0187], [-123.1329, 41.0182], [-123.1317, 41.018], [-123.1319, 41.0167], [-123.1339, 41.0156], [-123.1303, 41.0149], [-123.1308, 41.0139], [-123.1296, 41.0139], [-123.1285, 41.0151], [-123.1283, 41.0134], [-123.1268, 41.0131], [-123.1262, 41.0154], [-123.1239, 41.015], [-123.1245, 41.0138], [-123.1217, 41.0134], [-123.1217, 41.0144], [-123.1201, 41.015], [-123.12, 41.0158], [-123.119, 41.0147], [-123.1191, 41.0128], [-123.12, 41.0128], [-123.1201, 41.0116], [-123.1193, 41.0112], [-123.1179, 41.0128], [-123.1188, 41.014], [-123.118, 41.0142]], [[-123.1127, 41.0134], [-123.1112, 41.0132], [-123.1109, 41.0139], [-123.1116, 41.0139], [-123.1127, 41.0134]], [[-123.1136, 41.014], [-123.114, 41.0136], [-123.114, 41.0131], [-123.1136, 41.014]], [[-123.1695, 41.0546], [-123.1682, 41.0541], [-123.1673, 41.0552], [-123.1704, 41.0561], [-123.1697, 41.057], [-123.1706, 41.0571], [-123.1702, 41.0577], [-123.1712, 41.0584], [-123.1707, 41.0582], [-123.1706, 41.0593], [-123.1693, 41.0592], [-123.1689, 41.0598], [-123.1698, 41.061], [-123.1673, 41.0626], [-123.1678, 41.0636], [-123.1688, 41.0635], [-123.1693, 41.0661], [-123.1714, 41.0641], [-123.1727, 41.0642], [-123.1736, 41.0648], [-123.1721, 41.0652], [-123.1722, 41.0661], [-123.1735, 41.0656], [-123.1727, 41.0674], [-123.1747, 41.0664], [-123.1774, 41.0669], [-123.1775, 41.0677], [-123.176, 41.0685], [-123.1768, 41.0691], [-123.1763, 41.0702], [-123.1772, 41.0705], [-123.1771, 41.0723], [-123.1781, 41.073], [-123.1788, 41.0728], [-123.1798, 41.0705], [-123.179, 41.0731], [-123.1797, 41.0743], [-123.179, 41.0738], [-123.1767, 41.0757], [-123.1831, 41.0762], [-123.188, 41.0776], [-123.1875, 41.0787], [-123.1873, 41.0781], [-123.1863, 41.0777], [-123.1862, 41.0784], [-123.1854, 41.0772], [-123.1844, 41.0771], [-123.1838, 41.0784], [-123.1854, 41.0784], [-123.1855, 41.079], [-123.1845, 41.0788], [-123.1851, 41.0801], [-123.1903, 41.0787], [-123.1913, 41.0771], [-123.1923, 41.0769], [-123.1948, 41.079], [-123.1942, 41.0762], [-123.1928, 41.0755], [-123.1925, 41.0765], [-123.1921, 41.0755], [-123.1935, 41.0736], [-123.1906, 41.074], [-123.1885, 41.0736], [-123.1879, 41.0725], [-123.1854, 41.0724], [-123.1868, 41.0717], [-123.1878, 41.0719], [-123.1873, 41.0715], [-123.1881, 41.0709], [-123.1879, 41.0699], [-123.1888, 41.0699], [-123.1892, 41.0706], [-123.19, 41.0703], [-123.1888, 41.0691], [-123.19, 41.0684], [-123.1894, 41.0676], [-123.1877, 41.0676], [-123.1865, 41.0691], [-123.1865, 41.0679], [-123.1857, 41.0682], [-123.1835, 41.067], [-123.1855, 41.0661], [-123.188, 41.0663], [-123.1882, 41.0657], [-123.1842, 41.0657], [-123.1834, 41.0648], [-123.1849, 41.0639], [-123.1825, 41.0628], [-123.1836, 41.0625], [-123.1851, 41.0597], [-123.1875, 41.0607], [-123.1868, 41.0588], [-123.1878, 41.0593], [-123.1887, 41.0581], [-123.1915, 41.0574], [-123.189, 41.0577], [-123.1894, 41.0567], [-123.1885, 41.0565], [-123.1875, 41.0567], [-123.1875, 41.0573], [-123.1869, 41.057], [-123.1863, 41.0559], [-123.1871, 41.0562], [-123.1872, 41.0552], [-123.1864, 41.0545], [-123.1861, 41.056], [-123.1846, 41.0553], [-123.1841, 41.0564], [-123.1839, 41.0554], [-123.1834, 41.0563], [-123.1823, 41.0565], [-123.1802, 41.0556], [-123.178, 41.057], [-123.1784, 41.0557], [-123.1778, 41.0554], [-123.1777, 41.0572], [-123.1765, 41.056], [-123.1754, 41.0567], [-123.1765, 41.0553], [-123.1739, 41.0552], [-123.1725, 41.056], [-123.1723, 41.0547], [-123.1727, 41.0549], [-123.1731, 41.0548], [-123.173, 41.054], [-123.1709, 41.0535], [-123.1695, 41.0546]], [[-123.1877, 41.0401], [-123.1884, 41.0422], [-123.1867, 41.0431], [-123.1872, 41.0439], [-123.1864, 41.0447], [-123.1855, 41.0447], [-123.1858, 41.0441], [-123.1846, 41.0435], [-123.1851, 41.0431], [-123.1843, 41.0421], [-123.1838, 41.0424], [-123.1841, 41.0415], [-123.1833, 41.0425], [-123.1818, 41.0424], [-123.1826, 41.0436], [-123.1813, 41.044], [-123.1809, 41.0435], [-123.1796, 41.0442], [-123.18, 41.0454], [-123.1803, 41.0443], [-123.1808, 41.0452], [-123.1818, 41.045], [-123.1802, 41.0472], [-123.1786, 41.0476], [-123.1811, 41.0496], [-123.1815, 41.0491], [-123.1821, 41.0494], [-123.1807, 41.0513], [-123.1815, 41.0525], [-123.1841, 41.0525], [-123.1858, 41.0517], [-123.1873, 41.0532], [-123.1873, 41.0524], [-123.189, 41.052], [-123.1913, 41.0524], [-123.1944, 41.0501], [-123.1935, 41.049], [-123.1997, 41.0501], [-123.1996, 41.0491], [-123.2017, 41.0495], [-123.2005, 41.0482], [-123.2015, 41.0479], [-123.2014, 41.0474], [-123.1992, 41.0485], [-123.1972, 41.0479], [-123.197, 41.0486], [-123.1954, 41.048], [-123.1959, 41.0471], [-123.1949, 41.0465], [-123.1944, 41.0477], [-123.1934, 41.0473], [-123.1922, 41.048], [-123.192, 41.0473], [-123.191, 41.0472], [-123.1899, 41.0479], [-123.19, 41.0469], [-123.1918, 41.0465], [-123.1924, 41.047], [-123.1918, 41.0461], [-123.193, 41.0458], [-123.1935, 41.0464], [-123.1956, 41.0451], [-123.1926, 41.0449], [-123.1913, 41.046], [-123.1901, 41.0456], [-123.1905, 41.0452], [-123.1889, 41.0443], [-123.1887, 41.043], [-123.1897, 41.0421], [-123.1887, 41.0411], [-123.1898, 41.0396], [-123.1877, 41.0401]], [[-123.1835, 41.0794], [-123.183, 41.079], [-123.1813, 41.08], [-123.1818, 41.0805], [-123.1835, 41.0794]], [[-123.1928, 41.0557], [-123.1915, 41.0557], [-123.193, 41.0566], [-123.193, 41.056], [-123.1942, 41.0561], [-123.1941, 41.0584], [-123.1958, 41.0582], [-123.1937, 41.0602], [-123.1966, 41.0607], [-123.1974, 41.0618], [-123.1967, 41.0625], [-123.1988, 41.0622], [-123.1954, 41.0594], [-123.196, 41.0586], [-123.1972, 41.0596], [-123.1966, 41.0551], [-123.1945, 41.0542], [-123.1928, 41.0557]], [[-123.1981, 41.0526], [-123.1982, 41.0527], [-123.1983, 41.0527], [-123.1981, 41.0526]], [[-123.1987, 41.0529], [-123.1985, 41.0529], [-123.1987, 41.053], [-123.1987, 41.0529]], [[-123.1985, 41.0528], [-123.1985, 41.0528], [-123.1985, 41.0528], [-123.1985, 41.0528]], [[-123.2018, 41.047], [-123.2008, 41.0468], [-123.2014, 41.0473], [-123.2018, 41.047]], [[-123.2028, 41.048], [-123.2028, 41.0486], [-123.203, 41.0477], [-123.2028, 41.048]], [[-123.212, 41.012], [-123.2122, 41.0125], [-123.2132, 41.0121], [-123.2131, 41.0118], [-123.212, 41.012]], [[-123.216, 41.0287], [-123.2166, 41.0289], [-123.2174, 41.0287], [-123.217, 41.0282], [-123.216, 41.0287]], [[-123.2402, 41.0823], [-123.2421, 41.0812], [-123.2414, 41.0812], [-123.2426, 41.0799], [-123.2412, 41.0795], [-123.2405, 41.08], [-123.2413, 41.0801], [-123.2408, 41.0808], [-123.2384, 41.0811], [-123.2398, 41.0814], [-123.2402, 41.0823]]], [[[-123.0556, 41.1214], [-123.0549, 41.123], [-123.0545, 41.1218], [-123.0578, 41.1205], [-123.0556, 41.1214]]], [[[-123.0116, 41.2201], [-123.0112, 41.2198], [-123.0117, 41.22], [-123.0116, 41.2201]]], [[[-122.9175, 40.9991], [-122.9173, 40.9983], [-122.9164, 40.9975], [-122.9178, 40.998], [-122.9175, 40.9991]]], [[[-122.923, 40.9996], [-122.9242, 40.9987], [-122.9243, 40.998], [-122.9254, 40.9985], [-122.9249, 40.999], [-122.9261, 40.9988], [-122.926, 40.9995], [-122.9241, 40.9991], [-122.923, 40.9996]]], [[[-122.9153, 41.0002], [-122.9147, 41.0006], [-122.9147, 41.0003], [-122.9153, 41.0002]]], [[[-122.9206, 40.9998], [-122.9221, 41.0005], [-122.9205, 41.001], [-122.92, 41.0004], [-122.9198, 41.0013], [-122.9193, 41.0003], [-122.9206, 40.9998]]], [[[-122.9146, 41.0023], [-122.9142, 41.0019], [-122.9146, 41.0018], [-122.9146, 41.0023]]], [[[-122.9283, 41.0027], [-122.9286, 41.0026], [-122.9285, 41.0028], [-122.9283, 41.0027]]], [[[-122.9146, 41.0027], [-122.9155, 41.0023], [-122.9175, 41.0038], [-122.916, 41.0037], [-122.9146, 41.0027]]], [[[-122.896, 41.0287], [-122.8944, 41.0268], [-122.8958, 41.0272], [-122.896, 41.0287]]], [[[-122.8931, 41.0281], [-122.894, 41.029], [-122.8939, 41.0292], [-122.893, 41.0291], [-122.8931, 41.0281]]], [[[-122.8601, 41.0309], [-122.8616, 41.0298], [-122.861, 41.0292], [-122.8624, 41.0289], [-122.8625, 41.0302], [-122.8609, 41.0313], [-122.8601, 41.0309]]], [[[-122.8861, 41.0358], [-122.8867, 41.0358], [-122.8861, 41.0362], [-122.8861, 41.0358]]], [[[-122.875, 41.0388], [-122.8746, 41.0391], [-122.8742, 41.039], [-122.8743, 41.0388], [-122.875, 41.0388]]], [[[-122.8673, 41.0434], [-122.8694, 41.0441], [-122.8663, 41.044], [-122.8673, 41.0434]]], [[[-122.8612, 41.045], [-122.86, 41.0438], [-122.86, 41.0433], [-122.8609, 41.0445], [-122.8612, 41.045]]], [[[-122.8392, 41.0474], [-122.8398, 41.0468], [-122.8402, 41.0469], [-122.8392, 41.0474]]], [[[-122.8469, 41.0488], [-122.8466, 41.0475], [-122.8475, 41.0471], [-122.8492, 41.0481], [-122.849, 41.049], [-122.8478, 41.0495], [-122.8476, 41.0486], [-122.8469, 41.0488]], [[-122.8476, 41.0482], [-122.8469, 41.0483], [-122.847, 41.0486], [-122.8473, 41.0486], [-122.8476, 41.0482]]], [[[-122.8353, 41.0501], [-122.8353, 41.0501], [-122.8353, 41.0501], [-122.8353, 41.0501]]], [[[-122.9117, 41.0489], [-122.9124, 41.0484], [-122.9131, 41.0486], [-122.9125, 41.0494], [-122.9117, 41.0489]]], [[[-122.8961, 41.0508], [-122.8957, 41.0513], [-122.893, 41.0506], [-122.8936, 41.0502], [-122.8933, 41.0491], [-122.895, 41.049], [-122.8946, 41.0504], [-122.8971, 41.0502], [-122.8963, 41.0493], [-122.8957, 41.0495], [-122.8951, 41.0484], [-122.8965, 41.0479], [-122.8973, 41.0487], [-122.8991, 41.0482], [-122.8995, 41.0494], [-122.8983, 41.0488], [-122.8973, 41.049], [-122.8979, 41.0497], [-122.8973, 41.0503], [-122.8984, 41.0511], [-122.8988, 41.0503], [-122.8994, 41.0514], [-122.8981, 41.0516], [-122.8978, 41.051], [-122.8961, 41.0508]]], [[[-122.8598, 41.0508], [-122.86, 41.0512], [-122.8598, 41.0512], [-122.8598, 41.0508]]], [[[-122.8388, 41.0618], [-122.8386, 41.0616], [-122.8388, 41.0616], [-122.8388, 41.0618]]], [[[-122.8432, 41.062], [-122.8431, 41.0619], [-122.8432, 41.0618], [-122.8432, 41.062]]], [[[-122.843, 41.0627], [-122.844, 41.0616], [-122.8454, 41.0627], [-122.8439, 41.0636], [-122.8441, 41.0629], [-122.843, 41.0627]]], [[[-122.8663, 41.062], [-122.8669, 41.0624], [-122.8669, 41.063], [-122.8661, 41.0626], [-122.8663, 41.062]]], [[[-122.8453, 41.0631], [-122.8455, 41.063], [-122.8455, 41.0631], [-122.8453, 41.0631]]], [[[-122.8451, 41.0631], [-122.8448, 41.0633], [-122.8449, 41.063], [-122.8451, 41.0631]]], [[[-122.8375, 41.0635], [-122.838, 41.0639], [-122.8373, 41.064], [-122.8375, 41.0635]]], [[[-122.8379, 41.0681], [-122.8389, 41.0687], [-122.8377, 41.0684], [-122.8379, 41.0681]]], [[[-122.8728, 41.0767], [-122.8724, 41.0768], [-122.8723, 41.0765], [-122.8728, 41.0767]]], [[[-122.8741, 41.0831], [-122.8741, 41.0839], [-122.8741, 41.0845], [-122.8732, 41.0835], [-122.8741, 41.0831]]], [[[-122.8701, 41.0849], [-122.8714, 41.0831], [-122.872, 41.0829], [-122.8726, 41.0846], [-122.8712, 41.0841], [-122.8701, 41.0849]]], [[[-122.8747, 41.2412], [-122.8776, 41.2415], [-122.8756, 41.2423], [-122.8763, 41.2429], [-122.8755, 41.2427], [-122.8753, 41.2432], [-122.8747, 41.2412]]], [[[-122.8737, 41.2429], [-122.8735, 41.2433], [-122.8732, 41.2427], [-122.8737, 41.2429]]], [[[-122.8891, 41.2522], [-122.8903, 41.2518], [-122.8919, 41.253], [-122.8909, 41.2551], [-122.889, 41.2543], [-122.8891, 41.2522]]], [[[-122.828, 41.0393], [-122.8265, 41.0394], [-122.8265, 41.0388], [-122.828, 41.0393]]], [[[-122.825, 41.0398], [-122.8234, 41.0402], [-122.8245, 41.0396], [-122.823, 41.0391], [-122.8232, 41.0384], [-122.8274, 41.0405], [-122.8258, 41.0407], [-122.8247, 41.0403], [-122.825, 41.0398]]], [[[-122.8286, 41.0438], [-122.8289, 41.043], [-122.8301, 41.0434], [-122.8296, 41.044], [-122.8314, 41.0446], [-122.8312, 41.0455], [-122.8307, 41.0452], [-122.8304, 41.0459], [-122.8293, 41.0454], [-122.8294, 41.0442], [-122.8286, 41.0438]]], [[[-122.817, 41.0499], [-122.8173, 41.0497], [-122.8171, 41.0499], [-122.817, 41.0499]]], [[[-122.8174, 41.0502], [-122.818, 41.0505], [-122.8172, 41.0503], [-122.8174, 41.0502]]], [[[-122.8353, 41.0501], [-122.8352, 41.05], [-122.8353, 41.0501], [-122.8353, 41.0501]]], [[[-122.8207, 41.0517], [-122.8202, 41.0517], [-122.8207, 41.0516], [-122.8207, 41.0517]]], [[[-122.8223, 41.0529], [-122.8255, 41.0518], [-122.8253, 41.0531], [-122.8249, 41.0527], [-122.8244, 41.0535], [-122.8223, 41.0531], [-122.8214, 41.0542], [-122.82, 41.0547], [-122.8223, 41.0529]]], [[[-122.7774, 41.1382], [-122.7743, 41.1372], [-122.7758, 41.1367], [-122.7752, 41.1349], [-122.7771, 41.1341], [-122.7784, 41.137], [-122.7769, 41.1362], [-122.7764, 41.1372], [-122.7774, 41.1382]]], [[[-122.799, 41.1436], [-122.7989, 41.1439], [-122.7988, 41.1436], [-122.799, 41.1436]]], [[[-122.8014, 41.1472], [-122.8006, 41.1473], [-122.8011, 41.146], [-122.8011, 41.1466], [-122.8014, 41.1472]]], [[[-122.7961, 41.1657], [-122.7962, 41.1664], [-122.7956, 41.166], [-122.7961, 41.1657]]], [[[-122.8151, 41.1706], [-122.8149, 41.1707], [-122.815, 41.1706], [-122.8151, 41.1706]]], [[[-122.8141, 41.1716], [-122.8137, 41.1715], [-122.8138, 41.1714], [-122.8141, 41.1716]]], [[[-122.8104, 41.1743], [-122.8104, 41.1741], [-122.8106, 41.1742], [-122.8104, 41.1743]]], [[[-122.8123, 41.1753], [-122.8115, 41.1758], [-122.8114, 41.1754], [-122.8123, 41.1753]]], [[[-122.8064, 41.177], [-122.8063, 41.1773], [-122.806, 41.1772], [-122.8064, 41.177]]], [[[-122.7865, 41.1793], [-122.7867, 41.1796], [-122.7865, 41.1795], [-122.7865, 41.1793]]], [[[-122.7888, 41.1818], [-122.7886, 41.1813], [-122.7891, 41.1807], [-122.7896, 41.1814], [-122.7888, 41.1818]]], [[[-122.7838, 41.1824], [-122.7836, 41.1826], [-122.7834, 41.1825], [-122.7838, 41.1824]]], [[[-122.7981, 41.1825], [-122.7985, 41.1826], [-122.7983, 41.1827], [-122.7981, 41.1825]]], [[[-122.7926, 41.183], [-122.7931, 41.1825], [-122.794, 41.1829], [-122.7936, 41.1835], [-122.7926, 41.183]]], [[[-122.8116, 41.1834], [-122.8118, 41.1832], [-122.812, 41.1835], [-122.8116, 41.1834]]], [[[-122.7846, 41.1862], [-122.7848, 41.1858], [-122.7849, 41.1859], [-122.7846, 41.1862]]], [[[-122.7903, 41.1877], [-122.7899, 41.1883], [-122.7891, 41.1879], [-122.7894, 41.1874], [-122.7903, 41.1877]]], [[[-122.7853, 41.1909], [-122.7855, 41.1905], [-122.7857, 41.191], [-122.7853, 41.1909]]], [[[-122.7866, 41.1926], [-122.7863, 41.1912], [-122.788, 41.1924], [-122.7874, 41.192], [-122.7866, 41.1926]]], [[[-122.7903, 41.2018], [-122.7916, 41.202], [-122.7915, 41.2025], [-122.7903, 41.2018]]], [[[-122.8032, 41.2055], [-122.8028, 41.2047], [-122.8033, 41.2053], [-122.8032, 41.2055]]], [[[-122.8005, 41.2111], [-122.8008, 41.2112], [-122.8007, 41.2114], [-122.8005, 41.2111]]], [[[-122.7826, 41.2116], [-122.7823, 41.212], [-122.7822, 41.2117], [-122.7826, 41.2116]]], [[[-122.7792, 41.2529], [-122.7793, 41.2532], [-122.7791, 41.253], [-122.7792, 41.2529]]], [[[-122.8347, 41.2774], [-122.8346, 41.2778], [-122.8346, 41.2775], [-122.8347, 41.2774]]], [[[-122.7877, 41.2877], [-122.7892, 41.2874], [-122.7883, 41.2877], [-122.7886, 41.2879], [-122.7887, 41.2882], [-122.7877, 41.2877]]], [[[-122.7187, 41.128], [-122.7185, 41.1288], [-122.7184, 41.1289], [-122.7182, 41.1281], [-122.7187, 41.128]]], [[[-122.7205, 41.131], [-122.7203, 41.1314], [-122.72, 41.1316], [-122.7205, 41.131]]], [[[-122.7268, 41.1322], [-122.7251, 41.1326], [-122.7249, 41.1326], [-122.7257, 41.132], [-122.7268, 41.1322]]], [[[-122.7326, 41.1328], [-122.7322, 41.1331], [-122.7324, 41.1328], [-122.7326, 41.1328]]], [[[-122.7333, 41.1333], [-122.7336, 41.1334], [-122.7334, 41.1335], [-122.7333, 41.1333]]], [[[-122.7326, 41.1356], [-122.7325, 41.1359], [-122.7324, 41.1356], [-122.7326, 41.1356]]], [[[-122.7317, 41.136], [-122.7319, 41.1364], [-122.7318, 41.1364], [-122.7317, 41.136]]], [[[-122.7556, 41.1444], [-122.7555, 41.145], [-122.7553, 41.145], [-122.755, 41.1446], [-122.7556, 41.1444]]], [[[-122.7476, 41.1601], [-122.7474, 41.1591], [-122.7487, 41.1605], [-122.7467, 41.1606], [-122.7467, 41.1601], [-122.7476, 41.1601]]], [[[-122.757, 41.1623], [-122.758, 41.1618], [-122.7586, 41.1627], [-122.7578, 41.1622], [-122.757, 41.1623]]], [[[-122.7604, 41.1651], [-122.7609, 41.1659], [-122.7606, 41.1661], [-122.7604, 41.1651]]], [[[-122.7578, 41.1676], [-122.7583, 41.1672], [-122.7586, 41.1675], [-122.7578, 41.1676]]], [[[-122.7588, 41.1679], [-122.7591, 41.1676], [-122.7589, 41.1679], [-122.7588, 41.1679]]], [[[-122.7561, 41.1681], [-122.7561, 41.1683], [-122.756, 41.1682], [-122.7561, 41.1681]]], [[[-122.7579, 41.1685], [-122.7581, 41.1687], [-122.7577, 41.1687], [-122.7579, 41.1685]]], [[[-122.7519, 41.1717], [-122.7521, 41.1708], [-122.7526, 41.1707], [-122.7526, 41.1712], [-122.7519, 41.1717]]], [[[-122.7514, 41.1762], [-122.7518, 41.172], [-122.7527, 41.1732], [-122.7515, 41.175], [-122.7526, 41.1753], [-122.7514, 41.1762]]], [[[-122.7534, 41.1794], [-122.7533, 41.1795], [-122.7532, 41.1794], [-122.7534, 41.1794]]], [[[-122.7567, 41.1808], [-122.7567, 41.181], [-122.7565, 41.1809], [-122.7567, 41.1808]]], [[[-122.7692, 41.182], [-122.7692, 41.1816], [-122.7693, 41.1816], [-122.7692, 41.182]]], [[[-122.7677, 41.182], [-122.7673, 41.1825], [-122.7675, 41.1818], [-122.7677, 41.182]]], [[[-122.7693, 41.1823], [-122.7691, 41.1822], [-122.7693, 41.1821], [-122.7693, 41.1823]]], [[[-122.7672, 41.1831], [-122.7669, 41.183], [-122.7671, 41.1828], [-122.7672, 41.1831]]], [[[-122.7678, 41.1829], [-122.768, 41.1831], [-122.7677, 41.1831], [-122.7678, 41.1829]]], [[[-122.7626, 41.1841], [-122.7636, 41.1838], [-122.7634, 41.1847], [-122.7627, 41.1849], [-122.7626, 41.1841]]], [[[-122.7656, 41.1857], [-122.7663, 41.1837], [-122.766, 41.1845], [-122.7673, 41.1863], [-122.7656, 41.1857]]], [[[-122.7516, 41.213], [-122.7512, 41.2134], [-122.7495, 41.2124], [-122.7486, 41.2096], [-122.7479, 41.2104], [-122.7479, 41.2094], [-122.7471, 41.2095], [-122.748, 41.2088], [-122.748, 41.2056], [-122.7492, 41.2057], [-122.7516, 41.2073], [-122.751, 41.2054], [-122.7527, 41.205], [-122.7547, 41.2055], [-122.7539, 41.2048], [-122.7553, 41.2045], [-122.7551, 41.204], [-122.7558, 41.2048], [-122.7568, 41.2041], [-122.7586, 41.2084], [-122.7551, 41.211], [-122.7552, 41.2121], [-122.7538, 41.2136], [-122.7516, 41.213]]], [[[-122.7768, 41.2512], [-122.7772, 41.2508], [-122.7769, 41.2514], [-122.7768, 41.2512]]], [[[-122.7743, 41.2528], [-122.7741, 41.2526], [-122.7743, 41.2526], [-122.7743, 41.2528]]], [[[-122.7757, 41.2556], [-122.7754, 41.2555], [-122.7757, 41.2554], [-122.7757, 41.2556]]], [[[-122.7638, 41.2699], [-122.7638, 41.2699], [-122.7638, 41.2699], [-122.7638, 41.2699]]], [[[-122.7661, 41.2932], [-122.766, 41.2909], [-122.7671, 41.292], [-122.7661, 41.2932]]], [[[-122.7634, 41.2928], [-122.7618, 41.2925], [-122.7613, 41.2916], [-122.7621, 41.2913], [-122.764, 41.2921], [-122.7634, 41.2928]]]]}, "properties": {"layer": "perimeter"}}, {"type": "Feature", "geometry": {"type": "MultiPolygon", "coordinates": [[[[-123.1769, 41.1424], [-123.1747, 41.1427], [-123.1728, 41.1412], [-123.1745, 41.1408], [-123.1769, 41.1424]]], [[[-123.067, 41.0953], [-123.0662, 41.0961], [-123.0653, 41.0953], [-123.067, 41.0953]]], [[[-123.0775, 41.1032], [-123.08, 41.1032], [-123.0793, 41.1024], [-123.0808, 41.1027], [-123.0829, 41.105], [-123.0817, 41.105], [-123.0808, 41.1077], [-123.076, 41.1077], [-123.0775, 41.1032]]], [[[-123.0974, 41.1583], [-123.0986, 41.1575], [-123.0989, 41.1579], [-123.0974, 41.1583]]], [[[-123.0963, 41.1594], [-123.0954, 41.1603], [-123.0949, 41.1606], [-123.0949, 41.1593], [-123.0963, 41.1594]]], [[[-123.0918, 41.1703], [-123.0916, 41.1707], [-123.091, 41.1709], [-123.091, 41.1702], [-123.0918, 41.1703]]], [[[-123.0909, 41.1722], [-123.0914, 41.173], [-123.0909, 41.1731], [-123.0909, 41.1722]]], [[[-123.0311, 41.2106], [-123.0303, 41.2111], [-123.0286, 41.2122], [-123.0286, 41.2107], [-123.0311, 41.2106]]], [[[-123.0269, 41.2136], [-123.0263, 41.2144], [-123.026, 41.2147], [-123.026, 41.2134], [-123.0269, 41.2136]]], [[[-123.0247, 41.2154], [-123.0248, 41.2161], [-123.0247, 41.2168], [-123.0247, 41.2154]]], [[[-123.0229, 41.2172], [-123.0222, 41.2175], [-123.0222, 41.2172], [-123.0229, 41.2172]]], [[[-123.0208, 41.2198], [-123.0222, 41.219], [-123.0229, 41.218], [-123.0229, 41.219], [-123.0212, 41.2198], [-123.0212, 41.2211], [-123.0192, 41.2206], [-123.0181, 41.221], [-123.0183, 41.2197], [-123.0208, 41.2198]]], [[[-123.0172, 41.2209], [-123.0169, 41.2219], [-123.0148, 41.2209], [-123.0172, 41.2209]]], [[[-123.0142, 41.2209], [-123.0142, 41.2209], [-123.0142, 41.2209], [-123.0142, 41.2209]]], [[[-122.8369, 41.2496], [-122.8364, 41.2598], [-122.8369, 41.264], [-122.8196, 41.2641], [-122.8194, 41.2494], [-122.8369, 41.2496]]], [[[-122.8385, 41.2651], [-122.8377, 41.266], [-122.8392, 41.2663], [-122.8385, 41.2675], [-122.8397, 41.2674], [-122.8389, 41.2681], [-122.84, 41.2684], [-122.8397, 41.2688], [-122.8304, 41.2688], [-122.8305, 41.2724], [-122.8263, 41.2724], [-122.8263, 41.2731], [-122.8244, 41.2721], [-122.8223, 41.2723], [-122.822, 41.2729], [-122.8222, 41.2723], [-122.8211, 41.272], [-122.8217, 41.2736], [-122.8198, 41.2729], [-122.8187, 41.2746], [-122.8173, 41.2746], [-122.8183, 41.2753], [-122.8194, 41.2747], [-122.8192, 41.2756], [-122.8204, 41.2769], [-122.8192, 41.2772], [-122.819, 41.2781], [-122.8158, 41.2777], [-122.8147, 41.2786], [-122.8124, 41.2782], [-122.8119, 41.279], [-122.8096, 41.2791], [-122.8097, 41.2782], [-122.8088, 41.2779], [-122.8078, 41.2786], [-122.8094, 41.2795], [-122.8092, 41.2809], [-122.8065, 41.2807], [-122.8068, 41.2797], [-122.806, 41.2802], [-122.8061, 41.2812], [-122.804, 41.2816], [-122.8038, 41.2825], [-122.8021, 41.2827], [-122.7995, 41.2842], [-122.7929, 41.2838], [-122.7916, 41.2832], [-122.795, 41.2815], [-122.7951, 41.2797], [-122.7961, 41.2787], [-122.7958, 41.277], [-122.7867, 41.2768], [-122.7859, 41.2753], [-122.7846, 41.2755], [-122.783, 41.2741], [-122.7827, 41.2752], [-122.784, 41.2753], [-122.7828, 41.2757], [-122.7825, 41.28], [-122.7781, 41.2796], [-122.7758, 41.2805], [-122.7737, 41.2798], [-122.7727, 41.2805], [-122.7725, 41.2814], [-122.7737, 41.2817], [-122.773, 41.2837], [-122.7748, 41.2829], [-122.7744, 41.2841], [-122.7735, 41.2841], [-122.7756, 41.2853], [-122.7753, 41.2872], [-122.7741, 41.2877], [-122.7727, 41.2866], [-122.7731, 41.2881], [-122.7713, 41.2885], [-122.7712, 41.2865], [-122.7694, 41.2866], [-122.7686, 41.2857], [-122.7704, 41.2843], [-122.7698, 41.2839], [-122.7683, 41.2852], [-122.7681, 41.2847], [-122.7672, 41.285], [-122.7675, 41.284], [-122.766, 41.2845], [-122.7677, 41.2831], [-122.7687, 41.283], [-122.769, 41.2838], [-122.7701, 41.2834], [-122.7672, 41.2826], [-122.7672, 41.2811], [-122.7662, 41.2798], [-122.7821, 41.2795], [-122.7809, 41.2647], [-122.8385, 41.2651]], [[-122.7911, 41.2741], [-122.7957, 41.2741], [-122.7957, 41.2723], [-122.7911, 41.2723], [-122.7911, 41.2741]], [[-122.8149, 41.2688], [-122.8148, 41.2724], [-122.8196, 41.2724], [-122.8196, 41.2688], [-122.8149, 41.2688]]], [[[-122.8404, 41.2703], [-122.8415, 41.2702], [-122.8411, 41.2713], [-122.8404, 41.2714], [-122.8404, 41.2703]]], [[[-122.8404, 41.2716], [-122.8412, 41.2724], [-122.8405, 41.2727], [-122.8404, 41.2716]]], [[[-122.8405, 41.273], [-122.8407, 41.2732], [-122.8406, 41.2733], [-122.8405, 41.273]]], [[[-122.8406, 41.2744], [-122.8407, 41.2756], [-122.8391, 41.2785], [-122.8372, 41.2778], [-122.8379, 41.2795], [-122.8361, 41.2788], [-122.8362, 41.2775], [-122.8318, 41.2755], [-122.8306, 41.2742], [-122.8406, 41.2744]]], [[[-122.7635, 41.2785], [-122.762, 41.2781], [-122.7627, 41.275], [-122.7608, 41.274], [-122.7629, 41.2709], [-122.7635, 41.2785]]], [[[-122.7255, 41.1177], [-122.7223, 41.1174], [-122.7216, 41.1165], [-122.7226, 41.1162], [-122.7239, 41.1134], [-122.7231, 41.111], [-122.725, 41.1102], [-122.7231, 41.1108], [-122.7225, 41.1101], [-122.7236, 41.1079], [-122.7246, 41.1089], [-122.7239, 41.1075], [-122.7247, 41.1065], [-122.7239, 41.1048], [-122.7232, 41.105], [-122.7234, 41.1041], [-122.7257, 41.1035], [-122.7255, 41.1177]]], [[[-122.7258, 41.1022], [-122.7267, 41.1019], [-122.7265, 41.1009], [-122.7277, 41.1005], [-122.7278, 41.0988], [-122.7292, 41.098], [-122.7277, 41.0935], [-122.7292, 41.0914], [-122.7287, 41.0906], [-122.7308, 41.0892], [-122.7304, 41.0885], [-122.7313, 41.0877], [-122.7358, 41.0867], [-122.7403, 41.1025], [-122.7257, 41.1035], [-122.7258, 41.1022]]], [[[-122.7324, 41.084], [-122.7333, 41.0828], [-122.7326, 41.0816], [-122.7349, 41.0815], [-122.7431, 41.0729], [-122.7366, 41.0734], [-122.7376, 41.0715], [-122.7403, 41.0714], [-122.741, 41.0704], [-122.7433, 41.0696], [-122.7432, 41.0728], [-122.7609, 41.0727], [-122.7613, 41.0672], [-122.7638, 41.0663], [-122.7624, 41.0645], [-122.7642, 41.0629], [-122.7676, 41.0621], [-122.7715, 41.0635], [-122.775, 41.0618], [-122.7788, 41.0614], [-122.7795, 41.0624], [-122.7789, 41.0729], [-122.7611, 41.0727], [-122.7551, 41.0869], [-122.7742, 41.0871], [-122.7741, 41.0942], [-122.7837, 41.0942], [-122.7836, 41.0978], [-122.7789, 41.0978], [-122.7788, 41.1014], [-122.7824, 41.1014], [-122.7825, 41.1033], [-122.784, 41.1032], [-122.7839, 41.1023], [-122.7888, 41.1022], [-122.7888, 41.1057], [-122.7841, 41.1058], [-122.784, 41.1049], [-122.7829, 41.1049], [-122.783, 41.1085], [-122.7807, 41.1086], [-122.7782, 41.1044], [-122.779, 41.1042], [-122.7766, 41.1042], [-122.7766, 41.1032], [-122.7744, 41.1031], [-122.7753, 41.1013], [-122.7549, 41.1015], [-122.7552, 41.0942], [-122.7528, 41.0943], [-122.7529, 41.0924], [-122.7553, 41.0924], [-122.755, 41.087], [-122.7502, 41.0869], [-122.7506, 41.0887], [-122.753, 41.0887], [-122.753, 41.0906], [-122.7517, 41.0906], [-122.7517, 41.0925], [-122.748, 41.0925], [-122.7481, 41.0906], [-122.7456, 41.0906], [-122.7457, 41.0868], [-122.7358, 41.0867], [-122.7359, 41.0833], [-122.7324, 41.084]]], [[[-122.7613, 41.0657], [-122.7618, 41.0661], [-122.7613, 41.0665], [-122.7613, 41.0657]]], [[[-122.9282, 41.017], [-122.929, 41.0197], [-122.9281, 41.0203], [-122.9285, 41.0223], [-122.9295, 41.0204], [-122.9289, 41.0167], [-122.9279, 41.0164], [-122.9279, 41.014], [-122.9348, 41.0142], [-122.9341, 41.015], [-122.9352, 41.015], [-122.9355, 41.0203], [-122.9371, 41.021], [-122.9372, 41.0198], [-122.9378, 41.0199], [-122.9377, 41.0217], [-122.9393, 41.0211], [-122.9386, 41.0197], [-122.9405, 41.0178], [-122.9421, 41.018], [-122.941, 41.0203], [-122.9417, 41.0205], [-122.9421, 41.019], [-122.9424, 41.0197], [-122.9435, 41.0195], [-122.9425, 41.0214], [-122.9463, 41.0197], [-122.9464, 41.0286], [-122.9277, 41.0305], [-122.9282, 41.017]]], [[[-122.9466, 41.0194], [-122.9459, 41.0191], [-122.9462, 41.0186], [-122.9467, 41.0187], [-122.9466, 41.0194]]], [[[-122.835, 41.2778], [-122.8345, 41.2777], [-122.8347, 41.2774], [-122.835, 41.2778]]], [[[-122.7252, 41.1325], [-122.7249, 41.1326], [-122.7252, 41.1323], [-122.7252, 41.1325]]], [[[-122.7661, 41.2932], [-122.766, 41.2909], [-122.7671, 41.292], [-122.7661, 41.2932]]], [[[-122.7642, 41.2923], [-122.7633, 41.2927], [-122.7633, 41.2919], [-122.7642, 41.2923]]], [[[-122.9938, 41.0867], [-122.9936, 41.0885], [-122.9893, 41.0876], [-122.9895, 41.0858], [-122.9938, 41.0867]]], [[[-123.0372, 41.0937], [-123.0417, 41.0945], [-123.041, 41.0972], [-123.0365, 41.0964], [-123.0372, 41.0937]]], [[[-123.0466, 41.102], [-123.0444, 41.1016], [-123.0452, 41.0989], [-123.0474, 41.0993], [-123.0469, 41.1011], [-123.0491, 41.1016], [-123.0485, 41.1034], [-123.0463, 41.1029], [-123.0466, 41.102]]], [[[-123.0015, 41.11], [-123.0018, 41.1091], [-123.0028, 41.1093], [-123.0025, 41.1102], [-123.0035, 41.1106], [-123.0041, 41.1086], [-123.0077, 41.1099], [-123.0072, 41.1124], [-123.0062, 41.1122], [-123.0063, 41.1128], [-123.0033, 41.112], [-123.0035, 41.1126], [-122.9994, 41.1116], [-122.9995, 41.1094], [-123.0015, 41.11]]], [[[-123.0703, 41.1583], [-123.0703, 41.1592], [-123.0727, 41.1601], [-123.0727, 41.1619], [-123.0739, 41.162], [-123.0739, 41.1638], [-123.0763, 41.1639], [-123.0763, 41.1657], [-123.074, 41.1656], [-123.0739, 41.1647], [-123.0715, 41.1646], [-123.0715, 41.1637], [-123.0702, 41.1637], [-123.0701, 41.1619], [-123.0689, 41.1619], [-123.069, 41.1601], [-123.0678, 41.1601], [-123.0677, 41.1591], [-123.0638, 41.159], [-123.0639, 41.158], [-123.0627, 41.158], [-123.0627, 41.1552], [-123.0665, 41.1553], [-123.0675, 41.1573], [-123.0691, 41.1574], [-123.0691, 41.1583], [-123.0703, 41.1583]]], [[[-122.9105, 41.0607], [-122.9104, 41.0643], [-122.9075, 41.0641], [-122.9076, 41.0605], [-122.9105, 41.0607]]], [[[-122.8061, 41.0727], [-122.7971, 41.0729], [-122.7979, 41.0587], [-122.807, 41.0586], [-122.8061, 41.0727]]], [[[-122.7934, 41.0872], [-122.7742, 41.0871], [-122.7792, 41.0729], [-122.7971, 41.0729], [-122.7934, 41.0872]]], [[[-122.7857, 41.1011], [-122.7841, 41.1], [-122.7878, 41.0969], [-122.7894, 41.0981], [-122.7857, 41.1011]]], [[[-122.8703, 41.1151], [-122.8607, 41.1151], [-122.8603, 41.1118], [-122.8605, 41.1151], [-122.8601, 41.1115], [-122.8795, 41.1117], [-122.8798, 41.1137], [-122.8798, 41.1127], [-122.8945, 41.1127], [-122.8945, 41.1154], [-122.8957, 41.1154], [-122.8952, 41.1194], [-122.8987, 41.1203], [-122.8993, 41.1212], [-122.9051, 41.1215], [-122.9065, 41.1237], [-122.9113, 41.1241], [-122.9117, 41.1255], [-122.9136, 41.1254], [-122.9182, 41.1278], [-122.9213, 41.1264], [-122.9246, 41.1193], [-122.9288, 41.1171], [-122.9314, 41.1075], [-122.934, 41.1044], [-122.9333, 41.0954], [-122.935, 41.0902], [-122.9361, 41.0815], [-122.9374, 41.0774], [-122.9363, 41.0776], [-122.9347, 41.0728], [-122.9371, 41.073], [-122.936, 41.0696], [-122.9419, 41.0691], [-122.9429, 41.0726], [-122.9407, 41.0729], [-122.9419, 41.0766], [-122.9421, 41.0817], [-122.941, 41.0831], [-122.9401, 41.0907], [-122.9365, 41.0974], [-122.9367, 41.1054], [-122.9401, 41.1062], [-122.9395, 41.1078], [-122.9358, 41.1069], [-122.9361, 41.1061], [-122.9348, 41.1077], [-122.9349, 41.1097], [-122.9312, 41.1182], [-122.9261, 41.1196], [-122.9237, 41.122], [-122.9243, 41.1241], [-122.9223, 41.1274], [-122.918, 41.1288], [-122.9151, 41.1262], [-122.9117, 41.1264], [-122.9103, 41.1248], [-122.8937, 41.1217], [-122.8933, 41.1154], [-122.8798, 41.1154], [-122.8798, 41.1163], [-122.8755, 41.1163], [-122.8753, 41.1154], [-122.876, 41.1298], [-122.8712, 41.1297], [-122.8703, 41.1151]]], [[[-122.8683, 41.1007], [-122.8688, 41.1043], [-122.8641, 41.1043], [-122.8637, 41.1007], [-122.8683, 41.1007]]], [[[-122.8025, 41.1101], [-122.8014, 41.1101], [-122.8015, 41.1083], [-122.7981, 41.1083], [-122.7981, 41.1065], [-122.7936, 41.1065], [-122.7936, 41.1057], [-122.79, 41.1057], [-122.79, 41.104], [-122.7959, 41.1039], [-122.7959, 41.1048], [-122.8074, 41.1047], [-122.8073, 41.1083], [-122.8119, 41.1083], [-122.8118, 41.1119], [-122.8024, 41.112], [-122.8025, 41.1101]]], [[[-122.813, 41.1266], [-122.8135, 41.1302], [-122.8089, 41.1303], [-122.8084, 41.1266], [-122.813, 41.1266]]], [[[-122.8619, 41.1334], [-122.8615, 41.1298], [-122.8712, 41.1297], [-122.8716, 41.1334], [-122.8619, 41.1334]]], [[[-122.8137, 41.2043], [-122.8137, 41.2043], [-122.8137, 41.2042], [-122.8137, 41.2043]]], [[[-122.814, 41.2052], [-122.8137, 41.2045], [-122.8137, 41.2043], [-122.814, 41.2052]]], [[[-122.7789, 41.0729], [-122.7792, 41.0729], [-122.7792, 41.0729], [-122.7789, 41.0729]]]]}, "properties": {"layer": "retained"}}, {"type": "Feature", "geometry": {"type": "MultiPolygon", "coordinates": [[[[-122.7737, 41.2867], [-122.7736, 41.2859], [-122.7725, 41.2851], [-122.7719, 41.2867], [-122.7726, 41.2862], [-122.7737, 41.2867]]], [[[-122.7725, 41.2829], [-122.7728, 41.2821], [-122.7713, 41.2813], [-122.7717, 41.2808], [-122.7706, 41.2811], [-122.7695, 41.2798], [-122.7684, 41.2798], [-122.7695, 41.2819], [-122.7725, 41.2829]]], [[[-122.7984, 41.2794], [-122.7984, 41.2778], [-122.798, 41.2778], [-122.7977, 41.2794], [-122.7984, 41.2794]]], [[[-122.8012, 41.2769], [-122.8008, 41.2761], [-122.7998, 41.2764], [-122.7983, 41.2751], [-122.7976, 41.2754], [-122.7976, 41.2764], [-122.8012, 41.2769]]], [[[-122.8126, 41.275], [-122.8118, 41.2742], [-122.8111, 41.2742], [-122.8115, 41.275], [-122.8126, 41.275]]], [[[-122.8008, 41.2745], [-122.8022, 41.2739], [-122.8007, 41.2742], [-122.8008, 41.2745]]], [[[-122.8011, 41.2737], [-122.8011, 41.2731], [-122.8, 41.2726], [-122.7997, 41.2737], [-122.8011, 41.2737]], [[-122.8007, 41.2731], [-122.8004, 41.2734], [-122.8003, 41.2731], [-122.8007, 41.2731]]], [[[-122.809, 41.2743], [-122.81, 41.2737], [-122.8125, 41.2739], [-122.8125, 41.272], [-122.8093, 41.2724], [-122.8089, 41.2732], [-122.8097, 41.2737], [-122.809, 41.2743]]], [[[-122.8144, 41.275], [-122.8147, 41.2739], [-122.814, 41.2736], [-122.8147, 41.2736], [-122.815, 41.2725], [-122.8139, 41.2726], [-122.8135, 41.2718], [-122.8133, 41.2739], [-122.8144, 41.275]], [[-122.8143, 41.2728], [-122.8139, 41.2731], [-122.8139, 41.2728], [-122.8143, 41.2728]]], [[[-122.8025, 41.2739], [-122.8036, 41.2733], [-122.8028, 41.2717], [-122.8021, 41.2725], [-122.8025, 41.2739]]], [[[-122.8086, 41.2738], [-122.8092, 41.2713], [-122.8067, 41.2711], [-122.8067, 41.2719], [-122.8053, 41.2727], [-122.8068, 41.273], [-122.8068, 41.2735], [-122.8086, 41.2738]], [[-122.8071, 41.2727], [-122.8068, 41.273], [-122.8068, 41.2727], [-122.8071, 41.2727]]], [[[-122.8, 41.2726], [-122.8003, 41.2715], [-122.7978, 41.2718], [-122.7978, 41.2726], [-122.8, 41.2726]]], [[[-122.8196, 41.2716], [-122.8206, 41.2702], [-122.8195, 41.2697], [-122.8196, 41.2716]]], [[[-122.8256, 41.269], [-122.8252, 41.2682], [-122.8241, 41.2685], [-122.8245, 41.2691], [-122.8256, 41.269]]], [[[-122.8234, 41.2691], [-122.8234, 41.2683], [-122.8231, 41.2688], [-122.8224, 41.2686], [-122.8224, 41.2691], [-122.8234, 41.2691]]], [[[-122.8092, 41.271], [-122.8099, 41.2708], [-122.8099, 41.2702], [-122.8088, 41.2702], [-122.8095, 41.2699], [-122.8091, 41.2691], [-122.8077, 41.2689], [-122.8063, 41.2698], [-122.8062, 41.2684], [-122.8048, 41.2687], [-122.8049, 41.2698], [-122.806, 41.2706], [-122.8074, 41.2708], [-122.807, 41.2703], [-122.8077, 41.2703], [-122.8092, 41.271]]], [[[-122.8303, 41.2711], [-122.8296, 41.2698], [-122.8313, 41.2684], [-122.8305, 41.2673], [-122.8302, 41.2679], [-122.8284, 41.2674], [-122.8274, 41.269], [-122.8259, 41.2688], [-122.8256, 41.2701], [-122.8267, 41.2698], [-122.8271, 41.2709], [-122.8278, 41.2709], [-122.8285, 41.2698], [-122.8303, 41.2711]], [[-122.8278, 41.2698], [-122.8274, 41.2701], [-122.8274, 41.2698], [-122.8278, 41.2698]], [[-122.8281, 41.2695], [-122.8278, 41.2698], [-122.8278, 41.2695], [-122.8281, 41.2695]], [[-122.8302, 41.2684], [-122.8299, 41.2687], [-122.8299, 41.2684], [-122.8302, 41.2684]]], [[[-122.8135, 41.2715], [-122.8149, 41.2704], [-122.8141, 41.2685], [-122.8184, 41.2689], [-122.8177, 41.2673], [-122.8162, 41.2676], [-122.8144, 41.2666], [-122.8148, 41.2674], [-122.8134, 41.2677], [-122.8138, 41.2685], [-122.8131, 41.2688], [-122.8138, 41.2693], [-122.8131, 41.2699], [-122.8135, 41.2715]], [[-122.8173, 41.2676], [-122.817, 41.2679], [-122.8169, 41.2676], [-122.8173, 41.2676]]], [[[-122.8316, 41.2665], [-122.8319, 41.2654], [-122.8308, 41.2654], [-122.8305, 41.266], [-122.8316, 41.2665]]], [[[-122.8277, 41.2679], [-122.8276, 41.2666], [-122.8259, 41.2666], [-122.8258, 41.2658], [-122.8265, 41.2661], [-122.8272, 41.2652], [-122.8219, 41.2656], [-122.8248, 41.2664], [-122.8241, 41.2677], [-122.8248, 41.2672], [-122.8259, 41.268], [-122.8259, 41.2671], [-122.8266, 41.2671], [-122.8277, 41.2679]], [[-122.8255, 41.2663], [-122.8251, 41.2666], [-122.8251, 41.2664], [-122.8255, 41.2663]], [[-122.8251, 41.2661], [-122.8248, 41.2664], [-122.8248, 41.2661], [-122.8251, 41.2661]]], [[[-122.8344, 41.2656], [-122.8347, 41.2651], [-122.8322, 41.2651], [-122.8323, 41.2657], [-122.8344, 41.2656]]], [[[-122.8294, 41.2657], [-122.8305, 41.2652], [-122.829, 41.2652], [-122.8294, 41.2657]]], [[[-122.8169, 41.266], [-122.8165, 41.2652], [-122.8151, 41.2655], [-122.8155, 41.266], [-122.8169, 41.266]]], [[[-122.8121, 41.271], [-122.8117, 41.2699], [-122.8124, 41.2702], [-122.813, 41.2685], [-122.8116, 41.2677], [-122.8116, 41.2669], [-122.8122, 41.2664], [-122.8137, 41.2666], [-122.813, 41.2664], [-122.8133, 41.2653], [-122.8111, 41.2653], [-122.8112, 41.2664], [-122.809, 41.2659], [-122.8083, 41.2667], [-122.8094, 41.2675], [-122.8087, 41.2681], [-122.8091, 41.2691], [-122.8106, 41.2694], [-122.8113, 41.2688], [-122.8103, 41.2707], [-122.8121, 41.271]], [[-122.8102, 41.2686], [-122.8098, 41.2689], [-122.8098, 41.2686], [-122.8102, 41.2686]], [[-122.8098, 41.2683], [-122.8095, 41.2686], [-122.8095, 41.2683], [-122.8098, 41.2683]]], [[[-122.8213, 41.2694], [-122.8213, 41.2683], [-122.8202, 41.2675], [-122.8216, 41.2675], [-122.8226, 41.2661], [-122.8212, 41.2667], [-122.8212, 41.2662], [-122.8198, 41.2665], [-122.8197, 41.2659], [-122.8179, 41.2657], [-122.8183, 41.2652], [-122.8169, 41.2652], [-122.818, 41.2668], [-122.8187, 41.2668], [-122.818, 41.2671], [-122.818, 41.2679], [-122.8191, 41.2673], [-122.8188, 41.2684], [-122.8213, 41.2694]], [[-122.8195, 41.2676], [-122.8191, 41.2678], [-122.8191, 41.2676], [-122.8195, 41.2676]]], [[[-122.8072, 41.2654], [-122.8093, 41.2651], [-122.8072, 41.2651], [-122.8072, 41.2654]]], [[[-122.8017, 41.2723], [-122.802, 41.2709], [-122.8042, 41.2706], [-122.8034, 41.2698], [-122.8024, 41.2701], [-122.8034, 41.2693], [-122.8027, 41.269], [-122.803, 41.2685], [-122.8001, 41.268], [-122.8012, 41.2672], [-122.8001, 41.2672], [-122.7998, 41.268], [-122.7983, 41.2678], [-122.7965, 41.2651], [-122.7954, 41.2651], [-122.7929, 41.2665], [-122.7937, 41.2671], [-122.7934, 41.2681], [-122.7912, 41.2679], [-122.7909, 41.269], [-122.7934, 41.2692], [-122.7934, 41.2703], [-122.7945, 41.2706], [-122.7949, 41.27], [-122.7953, 41.2711], [-122.7959, 41.2705], [-122.7977, 41.2708], [-122.7977, 41.2699], [-122.8002, 41.2699], [-122.8009, 41.2693], [-122.8017, 41.2707], [-122.8006, 41.2704], [-122.8006, 41.271], [-122.8017, 41.2712], [-122.8017, 41.2723]], [[-122.7981, 41.2694], [-122.7973, 41.2697], [-122.7973, 41.2694], [-122.7981, 41.2694]], [[-122.7966, 41.2678], [-122.7948, 41.2678], [-122.794, 41.2662], [-122.7943, 41.266], [-122.7951, 41.2659], [-122.7954, 41.2665], [-122.7961, 41.2659], [-122.7958, 41.2673], [-122.7966, 41.2678]], [[-122.7976, 41.2672], [-122.7973, 41.2675], [-122.7973, 41.2672], [-122.7976, 41.2672]], [[-122.7954, 41.2657], [-122.7951, 41.2659], [-122.795, 41.2657], [-122.7954, 41.2657]]], [[[-122.7908, 41.2671], [-122.7908, 41.2663], [-122.7929, 41.2665], [-122.7922, 41.2663], [-122.7929, 41.266], [-122.7925, 41.2649], [-122.7886, 41.2647], [-122.7836, 41.2651], [-122.784, 41.2659], [-122.785, 41.2654], [-122.7857, 41.2659], [-122.7879, 41.2656], [-122.7882, 41.265], [-122.789, 41.2664], [-122.79, 41.2661], [-122.7908, 41.2671]], [[-122.7922, 41.2657], [-122.7918, 41.266], [-122.7918, 41.2657], [-122.7922, 41.2657]], [[-122.7868, 41.265], [-122.7864, 41.2653], [-122.7864, 41.2651], [-122.7868, 41.265]]], [[[-122.8336, 41.264], [-122.8336, 41.2635], [-122.8325, 41.2635], [-122.8326, 41.264], [-122.8336, 41.264]]], [[[-122.8275, 41.2641], [-122.8272, 41.2636], [-122.8254, 41.2639], [-122.8254, 41.2642], [-122.8275, 41.2641]]], [[[-122.8354, 41.264], [-122.8354, 41.2629], [-122.835, 41.2629], [-122.8347, 41.264], [-122.8354, 41.264]]], [[[-122.8215, 41.264], [-122.8218, 41.2632], [-122.8207, 41.2624], [-122.82, 41.264], [-122.8215, 41.264]]], [[[-122.8196, 41.263], [-122.8207, 41.2621], [-122.8196, 41.2616], [-122.8196, 41.263]]], [[[-122.8354, 41.2626], [-122.8353, 41.261], [-122.8349, 41.261], [-122.8343, 41.2624], [-122.8354, 41.2626]]], [[[-122.8221, 41.2618], [-122.8213, 41.2608], [-122.8203, 41.2611], [-122.8207, 41.2619], [-122.8221, 41.2618]]], [[[-122.8283, 41.2641], [-122.8282, 41.2636], [-122.829, 41.2638], [-122.8289, 41.2633], [-122.8304, 41.263], [-122.8296, 41.2614], [-122.8307, 41.2616], [-122.8318, 41.2624], [-122.8332, 41.2624], [-122.8336, 41.2629], [-122.8343, 41.2626], [-122.8336, 41.2624], [-122.8339, 41.2616], [-122.8328, 41.2616], [-122.8331, 41.2608], [-122.8314, 41.2608], [-122.8313, 41.2603], [-122.8321, 41.2605], [-122.832, 41.2592], [-122.8331, 41.2591], [-122.8324, 41.2594], [-122.8328, 41.2602], [-122.8345, 41.2599], [-122.8341, 41.258], [-122.832, 41.2586], [-122.8319, 41.2578], [-122.8312, 41.2578], [-122.8316, 41.2586], [-122.8306, 41.2592], [-122.8309, 41.2576], [-122.8287, 41.2576], [-122.8291, 41.2579], [-122.8288, 41.2587], [-122.8295, 41.2587], [-122.8284, 41.2595], [-122.8288, 41.2603], [-122.827, 41.2598], [-122.8267, 41.2606], [-122.8256, 41.2607], [-122.8267, 41.2614], [-122.8264, 41.2625], [-122.8253, 41.2623], [-122.8257, 41.2631], [-122.8275, 41.2633], [-122.8283, 41.2641]], [[-122.8275, 41.2628], [-122.8271, 41.2631], [-122.8271, 41.2628], [-122.8275, 41.2628]], [[-122.8271, 41.2623], [-122.8268, 41.2628], [-122.8268, 41.2623], [-122.8271, 41.2623]], [[-122.831, 41.2614], [-122.8307, 41.2616], [-122.8307, 41.2614], [-122.831, 41.2614]], [[-122.8296, 41.2611], [-122.8289, 41.2617], [-122.8289, 41.2611], [-122.8296, 41.2611]], [[-122.8278, 41.2617], [-122.8267, 41.2614], [-122.8267, 41.2612], [-122.8285, 41.2611], [-122.8278, 41.2617]], [[-122.8306, 41.2605], [-122.8303, 41.2608], [-122.8303, 41.2606], [-122.8306, 41.2605]], [[-122.8313, 41.26], [-122.8306, 41.2603], [-122.8306, 41.26], [-122.8313, 41.26]]], [[[-122.833, 41.2581], [-122.8341, 41.2575], [-122.8337, 41.2567], [-122.8319, 41.257], [-122.833, 41.2581]]], [[[-122.825, 41.2642], [-122.8253, 41.2626], [-122.8243, 41.2631], [-122.8235, 41.2613], [-122.8246, 41.2615], [-122.8263, 41.2596], [-122.8288, 41.259], [-122.8283, 41.2568], [-122.8297, 41.2562], [-122.8297, 41.2552], [-122.829, 41.2552], [-122.8286, 41.2538], [-122.8261, 41.2542], [-122.8257, 41.2528], [-122.8239, 41.2523], [-122.8235, 41.2531], [-122.8243, 41.2537], [-122.8232, 41.254], [-122.8243, 41.2539], [-122.8243, 41.2547], [-122.8226, 41.2561], [-122.8218, 41.2548], [-122.8232, 41.2545], [-122.8207, 41.254], [-122.8199, 41.2527], [-122.8194, 41.2559], [-122.8202, 41.26], [-122.8195, 41.26], [-122.8195, 41.2608], [-122.8202, 41.2602], [-122.8224, 41.2607], [-122.8232, 41.2618], [-122.8221, 41.2626], [-122.8229, 41.2632], [-122.8225, 41.264], [-122.825, 41.2642]], [[-122.8239, 41.2631], [-122.8236, 41.2634], [-122.8236, 41.2631], [-122.8239, 41.2631]], [[-122.8238, 41.2602], [-122.8231, 41.261], [-122.8227, 41.2599], [-122.8238, 41.2602]], [[-122.8259, 41.2596], [-122.8256, 41.2599], [-122.8256, 41.2596], [-122.8259, 41.2596]], [[-122.8231, 41.2596], [-122.8224, 41.2594], [-122.8227, 41.2588], [-122.823, 41.2588], [-122.8231, 41.2596]], [[-122.8248, 41.2582], [-122.8241, 41.2585], [-122.8241, 41.2583], [-122.8248, 41.2582]], [[-122.8237, 41.2583], [-122.8216, 41.258], [-122.8216, 41.2575], [-122.8226, 41.2578], [-122.823, 41.2569], [-122.8258, 41.2561], [-122.8258, 41.2569], [-122.8233, 41.2572], [-122.8237, 41.2583]], [[-122.8284, 41.2574], [-122.828, 41.2576], [-122.828, 41.2574], [-122.8284, 41.2574]], [[-122.828, 41.2568], [-122.8276, 41.2574], [-122.8276, 41.2568], [-122.828, 41.2568]], [[-122.8273, 41.2568], [-122.8269, 41.2571], [-122.8269, 41.2568], [-122.8273, 41.2568]], [[-122.8276, 41.2563], [-122.8273, 41.2568], [-122.8272, 41.2563], [-122.8276, 41.2563]], [[-122.8269, 41.2566], [-122.8265, 41.2569], [-122.8265, 41.2566], [-122.8269, 41.2566]], [[-122.8222, 41.2564], [-122.8219, 41.2567], [-122.8219, 41.2564], [-122.8222, 41.2564]], [[-122.8272, 41.256], [-122.8262, 41.2563], [-122.8262, 41.2561], [-122.8272, 41.256]], [[-122.8247, 41.2555], [-122.8237, 41.2561], [-122.8236, 41.2558], [-122.8247, 41.2555]]], [[[-122.834, 41.2559], [-122.8354, 41.2548], [-122.8339, 41.2534], [-122.8332, 41.2537], [-122.8335, 41.2526], [-122.8324, 41.2519], [-122.8303, 41.2514], [-122.8304, 41.2541], [-122.8314, 41.254], [-122.8311, 41.2546], [-122.8325, 41.254], [-122.8322, 41.2554], [-122.834, 41.2559]], [[-122.834, 41.2543], [-122.8336, 41.2548], [-122.8336, 41.2543], [-122.834, 41.2543]]], [[[-122.8342, 41.2521], [-122.8342, 41.2513], [-122.8345, 41.2505], [-122.8338, 41.2507], [-122.8342, 41.2521]]], [[[-122.8659, 41.1313], [-122.8662, 41.1307], [-122.8655, 41.1302], [-122.8652, 41.1308], [-122.8659, 41.1313]]], [[[-122.8688, 41.132], [-122.8687, 41.1312], [-122.8673, 41.1299], [-122.8673, 41.1315], [-122.8688, 41.132]], [[-122.868, 41.131], [-122.8677, 41.1312], [-122.8677, 41.131], [-122.868, 41.131]]], [[[-122.8666, 41.1321], [-122.8652, 41.131], [-122.8637, 41.1311], [-122.864, 41.1297], [-122.8615, 41.1298], [-122.862, 41.1316], [-122.8637, 41.1313], [-122.8638, 41.1319], [-122.8666, 41.1321]]], [[[-122.809, 41.1277], [-122.8093, 41.1271], [-122.8104, 41.1269], [-122.8086, 41.1266], [-122.809, 41.1277]]], [[[-122.9038, 41.1236], [-122.9045, 41.1228], [-122.9023, 41.1226], [-122.9024, 41.1234], [-122.9038, 41.1236]]], [[[-122.8724, 41.1246], [-122.8727, 41.1233], [-122.872, 41.1228], [-122.872, 41.1236], [-122.8709, 41.1233], [-122.871, 41.1247], [-122.8713, 41.1238], [-122.8724, 41.1246]]], [[[-122.887, 41.1154], [-122.887, 41.1148], [-122.8849, 41.1149], [-122.8849, 41.1154], [-122.887, 41.1154]]], [[[-122.8902, 41.1153], [-122.8906, 41.1145], [-122.8881, 41.1148], [-122.8881, 41.1153], [-122.8902, 41.1153]]], [[[-123.0033, 41.1107], [-123.0025, 41.1091], [-123.0014, 41.11], [-122.9993, 41.1098], [-122.9993, 41.1103], [-123.0033, 41.1107]]], [[[-123.0057, 41.1096], [-123.0057, 41.1091], [-123.0039, 41.1088], [-123.0039, 41.1094], [-123.0057, 41.1096]]], [[[-122.8755, 41.1129], [-122.8784, 41.1131], [-122.8776, 41.1123], [-122.8787, 41.1126], [-122.879, 41.1118], [-122.8776, 41.1115], [-122.8751, 41.1119], [-122.8755, 41.1129]], [[-122.8769, 41.1118], [-122.8762, 41.1121], [-122.8762, 41.1118], [-122.8769, 41.1118]]], [[[-122.8119, 41.1119], [-122.8118, 41.1082], [-122.8071, 41.1083], [-122.8073, 41.1047], [-122.7959, 41.1047], [-122.7963, 41.1061], [-122.7974, 41.1055], [-122.7992, 41.1068], [-122.8021, 41.1065], [-122.8024, 41.107], [-122.8028, 41.1062], [-122.8038, 41.1062], [-122.8035, 41.1078], [-122.8043, 41.1081], [-122.8046, 41.1075], [-122.804, 41.1102], [-122.8073, 41.1115], [-122.8069, 41.1121], [-122.8119, 41.1119]], [[-122.8094, 41.1115], [-122.809, 41.1117], [-122.809, 41.1115], [-122.8094, 41.1115]], [[-122.809, 41.1112], [-122.808, 41.1115], [-122.8076, 41.1107], [-122.8079, 41.1107], [-122.8079, 41.111], [-122.8083, 41.1109], [-122.8083, 41.1112], [-122.809, 41.1112]], [[-122.8097, 41.1109], [-122.8094, 41.1112], [-122.8094, 41.1109], [-122.8097, 41.1109]], [[-122.8094, 41.1107], [-122.8083, 41.1109], [-122.8083, 41.1107], [-122.8094, 41.1107]], [[-122.8097, 41.1098], [-122.8093, 41.1101], [-122.8093, 41.1098], [-122.8097, 41.1098]], [[-122.8068, 41.1099], [-122.8065, 41.1102], [-122.8065, 41.1099], [-122.8068, 41.1099]], [[-122.8086, 41.109], [-122.8082, 41.1093], [-122.8082, 41.1091], [-122.8086, 41.109]], [[-122.8079, 41.1085], [-122.8075, 41.1088], [-122.8075, 41.1085], [-122.8079, 41.1085]], [[-122.806, 41.108], [-122.8057, 41.1083], [-122.8057, 41.108], [-122.806, 41.108]], [[-122.806, 41.1061], [-122.8053, 41.1061], [-122.8052, 41.1056], [-122.8056, 41.1056], [-122.806, 41.1061]]], [[[-122.7845, 41.1058], [-122.7845, 41.1047], [-122.7831, 41.1047], [-122.7841, 41.105], [-122.7845, 41.1058]]], [[[-122.7885, 41.1057], [-122.787, 41.1044], [-122.7859, 41.105], [-122.7863, 41.1058], [-122.7885, 41.1057]]], [[[-122.7956, 41.105], [-122.7959, 41.1039], [-122.7898, 41.1043], [-122.7899, 41.1049], [-122.7913, 41.1051], [-122.7931, 41.1045], [-122.7956, 41.105]]], [[[-122.7863, 41.1041], [-122.7862, 41.1033], [-122.7873, 41.1025], [-122.7887, 41.1027], [-122.7887, 41.1022], [-122.7865, 41.1022], [-122.7855, 41.1031], [-122.7863, 41.1041]]], [[[-122.7818, 41.1083], [-122.7828, 41.1077], [-122.7827, 41.1039], [-122.7798, 41.1032], [-122.7795, 41.1046], [-122.7776, 41.1024], [-122.7762, 41.1025], [-122.7758, 41.1017], [-122.7744, 41.1022], [-122.7744, 41.103], [-122.778, 41.104], [-122.7796, 41.1073], [-122.7803, 41.107], [-122.7803, 41.1081], [-122.7811, 41.1083], [-122.7814, 41.1075], [-122.7818, 41.1083]], [[-122.7814, 41.1069], [-122.781, 41.1072], [-122.781, 41.107], [-122.7814, 41.1069]], [[-122.7821, 41.1064], [-122.7817, 41.1067], [-122.7817, 41.1064], [-122.7821, 41.1064]], [[-122.7806, 41.1067], [-122.7799, 41.1067], [-122.7796, 41.1062], [-122.7803, 41.1062], [-122.7806, 41.1067]], [[-122.782, 41.1053], [-122.7813, 41.1056], [-122.7813, 41.1053], [-122.782, 41.1053]], [[-122.7809, 41.1051], [-122.7806, 41.1045], [-122.7813, 41.1042], [-122.7816, 41.1048], [-122.7809, 41.1051]], [[-122.7787, 41.1038], [-122.7784, 41.104], [-122.7784, 41.1038], [-122.7787, 41.1038]]], [[[-122.7816, 41.1032], [-122.7822, 41.1015], [-122.7797, 41.1013], [-122.7794, 41.1027], [-122.7816, 41.1032]]], [[[-123.0384, 41.0966], [-123.0387, 41.0956], [-123.0369, 41.0945], [-123.0366, 41.0964], [-123.0384, 41.0966]]], [[[-122.779, 41.1021], [-122.7783, 41.1005], [-122.7765, 41.1008], [-122.7765, 41.1014], [-122.779, 41.1021]]], [[[-122.7854, 41.1009], [-122.7865, 41.1003], [-122.7854, 41.0998], [-122.7854, 41.1009]]], [[[-122.7376, 41.1028], [-122.7376, 41.1006], [-122.7365, 41.1006], [-122.7355, 41.1017], [-122.7362, 41.1025], [-122.7355, 41.1028], [-122.7376, 41.1028]], [[-122.7369, 41.1022], [-122.7366, 41.1025], [-122.7366, 41.1023], [-122.7369, 41.1022]], [[-122.7369, 41.1009], [-122.7365, 41.1012], [-122.7365, 41.1009], [-122.7369, 41.1009]]], [[[-122.785, 41.1004], [-122.7854, 41.0996], [-122.7846, 41.0993], [-122.7843, 41.1001], [-122.785, 41.1004]]], [[[-122.7875, 41.0995], [-122.7875, 41.099], [-122.7892, 41.0984], [-122.7881, 41.0971], [-122.7853, 41.0987], [-122.7875, 41.0995]], [[-122.7878, 41.0979], [-122.7875, 41.0982], [-122.7874, 41.0979], [-122.7878, 41.0979]]], [[[-122.7351, 41.1009], [-122.7365, 41.1004], [-122.7358, 41.0998], [-122.736, 41.0974], [-122.7353, 41.0971], [-122.7357, 41.0982], [-122.7346, 41.098], [-122.7346, 41.0972], [-122.7335, 41.098], [-122.7328, 41.0975], [-122.7321, 41.0988], [-122.7336, 41.0985], [-122.7343, 41.0999], [-122.735, 41.0999], [-122.7351, 41.1009]]], [[[-122.7393, 41.0995], [-122.7392, 41.0979], [-122.7385, 41.0965], [-122.7385, 41.0973], [-122.7375, 41.0976], [-122.7378, 41.0976], [-122.7378, 41.0979], [-122.7382, 41.0979], [-122.7385, 41.0982], [-122.7393, 41.0995]], [[-122.7385, 41.0976], [-122.7382, 41.0979], [-122.7382, 41.0976], [-122.7385, 41.0976]]], [[[-122.7374, 41.0974], [-122.7381, 41.0971], [-122.7381, 41.0963], [-122.7367, 41.0966], [-122.7374, 41.0974]]], [[[-122.7548, 41.0943], [-122.7541, 41.0932], [-122.753, 41.0932], [-122.7527, 41.0943], [-122.7548, 41.0943]]], [[[-122.7501, 41.0925], [-122.7504, 41.0919], [-122.749, 41.0922], [-122.7479, 41.0915], [-122.748, 41.0925], [-122.7501, 41.0925]]], [[[-122.7385, 41.0963], [-122.7376, 41.092], [-122.7369, 41.0914], [-122.7362, 41.0923], [-122.7372, 41.0922], [-122.7373, 41.0928], [-122.7359, 41.0936], [-122.7369, 41.0936], [-122.737, 41.0958], [-122.7385, 41.0963]]], [[[-122.7341, 41.0934], [-122.7358, 41.0925], [-122.7358, 41.0912], [-122.7347, 41.0912], [-122.7351, 41.092], [-122.7337, 41.0926], [-122.7341, 41.0934]], [[-122.7344, 41.0926], [-122.7341, 41.0928], [-122.734, 41.0926], [-122.7344, 41.0926]]], [[[-122.7518, 41.0914], [-122.7518, 41.0903], [-122.7504, 41.0909], [-122.7489, 41.0895], [-122.7475, 41.0901], [-122.7475, 41.0907], [-122.749, 41.0904], [-122.7501, 41.0914], [-122.7518, 41.0914]]], [[[-122.7369, 41.0914], [-122.7368, 41.0898], [-122.7361, 41.0898], [-122.7361, 41.0912], [-122.7369, 41.0914]]], [[[-122.7468, 41.0907], [-122.7461, 41.0893], [-122.7457, 41.0893], [-122.7458, 41.0907], [-122.7468, 41.0907]]], [[[-122.7758, 41.1014], [-122.7743, 41.0998], [-122.7734, 41.0955], [-122.7746, 41.0971], [-122.776, 41.0973], [-122.776, 41.0984], [-122.7789, 41.0992], [-122.7785, 41.0973], [-122.7778, 41.097], [-122.7796, 41.0973], [-122.7796, 41.0978], [-122.7828, 41.0977], [-122.7824, 41.0969], [-122.7838, 41.0963], [-122.7837, 41.0942], [-122.7802, 41.0956], [-122.7805, 41.0948], [-122.7816, 41.0948], [-122.7812, 41.0942], [-122.7741, 41.0941], [-122.7742, 41.0871], [-122.7685, 41.087], [-122.7681, 41.0878], [-122.7677, 41.087], [-122.7549, 41.087], [-122.7555, 41.0924], [-122.754, 41.0927], [-122.7555, 41.0926], [-122.7548, 41.0937], [-122.7559, 41.094], [-122.7559, 41.0948], [-122.7552, 41.0948], [-122.755, 41.0983], [-122.756, 41.0978], [-122.7568, 41.0996], [-122.7579, 41.0996], [-122.7576, 41.1013], [-122.7565, 41.1007], [-122.7562, 41.1016], [-122.7633, 41.1014], [-122.764, 41.1], [-122.7643, 41.1008], [-122.7661, 41.1003], [-122.7661, 41.1005], [-122.7665, 41.1005], [-122.7668, 41.1008], [-122.7669, 41.1013], [-122.7683, 41.1007], [-122.7683, 41.1013], [-122.7758, 41.1014]], [[-122.7729, 41.1004], [-122.7726, 41.1009], [-122.7725, 41.1004], [-122.7729, 41.1004]], [[-122.7633, 41.1009], [-122.7615, 41.1012], [-122.7625, 41.1003], [-122.7614, 41.099], [-122.7625, 41.099], [-122.7632, 41.0995], [-122.7633, 41.1009]], [[-122.7608, 41.1009], [-122.7604, 41.1012], [-122.7604, 41.1009], [-122.7608, 41.1009]], [[-122.7601, 41.1007], [-122.7597, 41.1012], [-122.7597, 41.1007], [-122.7601, 41.1007]], [[-122.7732, 41.1001], [-122.7729, 41.1004], [-122.7729, 41.1001], [-122.7732, 41.1001]], [[-122.7675, 41.1002], [-122.7672, 41.1005], [-122.7672, 41.1002], [-122.7675, 41.1002]], [[-122.7672, 41.1], [-122.7665, 41.1005], [-122.7657, 41.0997], [-122.7668, 41.0994], [-122.7672, 41.1]], [[-122.7611, 41.1006], [-122.7608, 41.1001], [-122.7618, 41.0995], [-122.7618, 41.1003], [-122.7611, 41.1006]], [[-122.7597, 41.1007], [-122.759, 41.1001], [-122.76, 41.099], [-122.7604, 41.0996], [-122.7597, 41.1007]], [[-122.7693, 41.0996], [-122.7682, 41.0997], [-122.7693, 41.0988], [-122.7693, 41.0996]], [[-122.7675, 41.0997], [-122.7672, 41.1], [-122.7672, 41.0997], [-122.7675, 41.0997]], [[-122.7729, 41.0993], [-122.7725, 41.0996], [-122.7725, 41.0993], [-122.7729, 41.0993]], [[-122.7675, 41.0991], [-122.7672, 41.0994], [-122.7671, 41.0992], [-122.7675, 41.0991]], [[-122.7661, 41.0994], [-122.7643, 41.0995], [-122.7642, 41.0979], [-122.765, 41.0992], [-122.7661, 41.0994]], [[-122.7636, 41.099], [-122.7632, 41.0992], [-122.7632, 41.099], [-122.7636, 41.099]], [[-122.7593, 41.0988], [-122.7589, 41.0993], [-122.7589, 41.0988], [-122.7593, 41.0988]], [[-122.7682, 41.0986], [-122.7678, 41.0989], [-122.7678, 41.0986], [-122.7682, 41.0986]], [[-122.7632, 41.0987], [-122.7625, 41.099], [-122.7625, 41.0987], [-122.7632, 41.0987]], [[-122.771, 41.0983], [-122.7707, 41.0985], [-122.7707, 41.0983], [-122.771, 41.0983]], [[-122.7696, 41.0986], [-122.7692, 41.0975], [-122.7706, 41.0975], [-122.7707, 41.0977], [-122.7696, 41.0986]], [[-122.7678, 41.0983], [-122.7675, 41.0986], [-122.7675, 41.0983], [-122.7678, 41.0983]], [[-122.7664, 41.0984], [-122.766, 41.0986], [-122.766, 41.0984], [-122.7664, 41.0984]], [[-122.7618, 41.0985], [-122.7611, 41.0987], [-122.761, 41.0985], [-122.7618, 41.0985]], [[-122.7596, 41.0985], [-122.7593, 41.0988], [-122.7593, 41.0985], [-122.7596, 41.0985]], [[-122.7667, 41.0981], [-122.7664, 41.0984], [-122.7664, 41.0981], [-122.7667, 41.0981]], [[-122.761, 41.0982], [-122.7607, 41.0985], [-122.7607, 41.0982], [-122.761, 41.0982]], [[-122.7664, 41.0978], [-122.766, 41.0981], [-122.766, 41.0978], [-122.7664, 41.0978]], [[-122.7628, 41.0976], [-122.7621, 41.0982], [-122.7621, 41.0979], [-122.7628, 41.0976]], [[-122.7617, 41.0976], [-122.7614, 41.0982], [-122.7614, 41.0977], [-122.7617, 41.0976]], [[-122.7657, 41.0976], [-122.7653, 41.0978], [-122.7653, 41.0976], [-122.7657, 41.0976]], [[-122.781, 41.097], [-122.7806, 41.0972], [-122.7806, 41.097], [-122.781, 41.097]], [[-122.7803, 41.0972], [-122.7792, 41.097], [-122.7795, 41.0959], [-122.7809, 41.0959], [-122.7803, 41.0972]], [[-122.7639, 41.0973], [-122.7635, 41.0976], [-122.7635, 41.0973], [-122.7639, 41.0973]], [[-122.761, 41.0974], [-122.7607, 41.0977], [-122.7606, 41.0974], [-122.761, 41.0974]], [[-122.7713, 41.0972], [-122.7706, 41.0972], [-122.7709, 41.0961], [-122.7699, 41.0961], [-122.7702, 41.0956], [-122.7717, 41.0961], [-122.7713, 41.0972]], [[-122.7606, 41.0971], [-122.7603, 41.0974], [-122.7603, 41.0971], [-122.7606, 41.0971]], [[-122.7792, 41.0965], [-122.7788, 41.0967], [-122.7788, 41.0965], [-122.7792, 41.0965]], [[-122.7635, 41.0971], [-122.762, 41.096], [-122.761, 41.096], [-122.7609, 41.0952], [-122.7581, 41.0956], [-122.757, 41.095], [-122.7556, 41.0959], [-122.7556, 41.0951], [-122.7577, 41.0948], [-122.7577, 41.0942], [-122.7601, 41.0931], [-122.763, 41.0941], [-122.7642, 41.0957], [-122.7659, 41.0951], [-122.7663, 41.0951], [-122.7666, 41.0954], [-122.7656, 41.0965], [-122.7635, 41.0971]], [[-122.7777, 41.0962], [-122.7774, 41.0965], [-122.7774, 41.0962], [-122.7777, 41.0962]], [[-122.7663, 41.0965], [-122.766, 41.0967], [-122.766, 41.0965], [-122.7663, 41.0965]], [[-122.7624, 41.0966], [-122.7621, 41.0968], [-122.762, 41.0966], [-122.7624, 41.0966]], [[-122.7617, 41.0966], [-122.761, 41.0969], [-122.761, 41.0966], [-122.7617, 41.0966]], [[-122.7781, 41.0959], [-122.7777, 41.0962], [-122.7777, 41.0959], [-122.7781, 41.0959]], [[-122.7752, 41.096], [-122.7749, 41.0963], [-122.7749, 41.096], [-122.7752, 41.096]], [[-122.7667, 41.0962], [-122.7663, 41.0965], [-122.7663, 41.0962], [-122.7667, 41.0962]], [[-122.757, 41.0964], [-122.7567, 41.0967], [-122.7567, 41.0964], [-122.757, 41.0964]], [[-122.7813, 41.0956], [-122.7809, 41.0959], [-122.7809, 41.0956], [-122.7813, 41.0956]], [[-122.777, 41.0957], [-122.7767, 41.096], [-122.7766, 41.0957], [-122.777, 41.0957]], [[-122.772, 41.0958], [-122.7717, 41.0961], [-122.7717, 41.0958], [-122.772, 41.0958]], [[-122.767, 41.0959], [-122.7667, 41.0962], [-122.7667, 41.0959], [-122.767, 41.0959]], [[-122.7588, 41.0961], [-122.7585, 41.0964], [-122.7585, 41.0961], [-122.7588, 41.0961]], [[-122.7756, 41.0954], [-122.7748, 41.0952], [-122.7755, 41.0949], [-122.7756, 41.0954]], [[-122.7699, 41.0958], [-122.7681, 41.0959], [-122.7677, 41.0954], [-122.7691, 41.0953], [-122.7699, 41.0958]], [[-122.7734, 41.0955], [-122.7709, 41.095], [-122.7674, 41.0954], [-122.7673, 41.0945], [-122.7688, 41.0948], [-122.7684, 41.0945], [-122.7687, 41.094], [-122.7734, 41.0955]], [[-122.7599, 41.0955], [-122.7595, 41.0958], [-122.7595, 41.0955], [-122.7599, 41.0955]], [[-122.7666, 41.0948], [-122.7663, 41.0951], [-122.7663, 41.0948], [-122.7666, 41.0948]], [[-122.7616, 41.0931], [-122.7612, 41.0933], [-122.7612, 41.0931], [-122.7616, 41.0931]], [[-122.7712, 41.0923], [-122.7697, 41.0915], [-122.7707, 41.0907], [-122.7718, 41.0915], [-122.7712, 41.0923]], [[-122.7619, 41.0922], [-122.7615, 41.0925], [-122.7615, 41.0922], [-122.7619, 41.0922]], [[-122.7601, 41.0923], [-122.7597, 41.0926], [-122.7597, 41.0923], [-122.7601, 41.0923]], [[-122.7622, 41.0922], [-122.7608, 41.092], [-122.7608, 41.0917], [-122.7615, 41.0914], [-122.7622, 41.0922]], [[-122.7604, 41.0917], [-122.7601, 41.0923], [-122.7597, 41.0917], [-122.7604, 41.0917]], [[-122.7729, 41.0915], [-122.7726, 41.0917], [-122.7726, 41.0915], [-122.7729, 41.0915]], [[-122.7643, 41.0914], [-122.764, 41.0919], [-122.7636, 41.0914], [-122.7643, 41.0914]], [[-122.7633, 41.0909], [-122.7629, 41.0914], [-122.7629, 41.0909], [-122.7633, 41.0909]], [[-122.7568, 41.0913], [-122.7565, 41.0915], [-122.7565, 41.0913], [-122.7568, 41.0913]], [[-122.7682, 41.0905], [-122.7675, 41.091], [-122.7672, 41.0905], [-122.7682, 41.0905]], [[-122.7622, 41.0906], [-122.7608, 41.0912], [-122.7608, 41.0909], [-122.7622, 41.0906]], [[-122.7707, 41.0907], [-122.77, 41.0896], [-122.7693, 41.0899], [-122.7693, 41.0891], [-122.7703, 41.0891], [-122.7707, 41.0907]], [[-122.77, 41.0904], [-122.7697, 41.0907], [-122.7697, 41.0904], [-122.77, 41.0904]], [[-122.7739, 41.0898], [-122.7736, 41.0901], [-122.7736, 41.0898], [-122.7739, 41.0898]], [[-122.7654, 41.09], [-122.765, 41.0903], [-122.765, 41.09], [-122.7654, 41.09]], [[-122.7621, 41.0898], [-122.7614, 41.0901], [-122.7614, 41.0895], [-122.7618, 41.0895], [-122.7618, 41.0898], [-122.7621, 41.0898]], [[-122.7607, 41.0901], [-122.7593, 41.0901], [-122.7593, 41.0899], [-122.7607, 41.0896], [-122.7607, 41.0901]], [[-122.7643, 41.0895], [-122.7636, 41.0898], [-122.7636, 41.0895], [-122.7643, 41.0895]], [[-122.7625, 41.0895], [-122.7621, 41.0898], [-122.7621, 41.0895], [-122.7625, 41.0895]], [[-122.7589, 41.0896], [-122.7586, 41.0899], [-122.7586, 41.0896], [-122.7589, 41.0896]], [[-122.7603, 41.0893], [-122.76, 41.0896], [-122.76, 41.0893], [-122.7603, 41.0893]], [[-122.7631, 41.0882], [-122.7628, 41.0892], [-122.7628, 41.0882], [-122.7631, 41.0882]], [[-122.76, 41.089], [-122.7596, 41.0893], [-122.7596, 41.089], [-122.76, 41.089]], [[-122.7735, 41.0887], [-122.7728, 41.0882], [-122.7731, 41.0874], [-122.7738, 41.0879], [-122.7735, 41.0887]], [[-122.7707, 41.0885], [-122.7703, 41.0888], [-122.7703, 41.0885], [-122.7707, 41.0885]], [[-122.7578, 41.0888], [-122.7571, 41.0891], [-122.7571, 41.0888], [-122.7578, 41.0888]], [[-122.7682, 41.0883], [-122.7678, 41.0886], [-122.7678, 41.0883], [-122.7682, 41.0883]], [[-122.7642, 41.0884], [-122.7639, 41.0887], [-122.7639, 41.0884], [-122.7642, 41.0884]], [[-122.7624, 41.0884], [-122.7617, 41.0887], [-122.7617, 41.0885], [-122.7624, 41.0884]], [[-122.7671, 41.0881], [-122.7667, 41.0883], [-122.7667, 41.0881], [-122.7671, 41.0881]], [[-122.7642, 41.0879], [-122.7635, 41.0884], [-122.7635, 41.0879], [-122.7642, 41.0879]], [[-122.771, 41.0874], [-122.7706, 41.088], [-122.7706, 41.0874], [-122.771, 41.0874]], [[-122.7667, 41.0878], [-122.766, 41.0881], [-122.766, 41.0878], [-122.7667, 41.0878]], [[-122.7653, 41.0873], [-122.7649, 41.0878], [-122.7649, 41.0873], [-122.7653, 41.0873]], [[-122.7603, 41.0879], [-122.7592, 41.088], [-122.7592, 41.0877], [-122.7599, 41.0874], [-122.7603, 41.0879]], [[-122.7571, 41.0877], [-122.7564, 41.088], [-122.7564, 41.0878], [-122.7571, 41.0877]], [[-122.766, 41.0873], [-122.7656, 41.0876], [-122.7656, 41.0873], [-122.766, 41.0873]], [[-122.7613, 41.0871], [-122.761, 41.0874], [-122.761, 41.0871], [-122.7613, 41.0871]], [[-122.7592, 41.0872], [-122.7588, 41.0874], [-122.7588, 41.0872], [-122.7592, 41.0872]]], [[[-122.7503, 41.0892], [-122.7493, 41.089], [-122.7488, 41.0874], [-122.7456, 41.0869], [-122.7471, 41.0877], [-122.7471, 41.0885], [-122.7478, 41.0879], [-122.7478, 41.0885], [-122.7489, 41.0887], [-122.7486, 41.0893], [-122.7503, 41.0892]], [[-122.7485, 41.0879], [-122.7482, 41.0882], [-122.7481, 41.0879], [-122.7485, 41.0879]]], [[[-122.7528, 41.087], [-122.7524, 41.0862], [-122.753, 41.0854], [-122.7509, 41.0865], [-122.7528, 41.087]]], [[[-122.7455, 41.085], [-122.7459, 41.0845], [-122.7448, 41.084], [-122.7448, 41.0845], [-122.7455, 41.085]]], [[[-122.7484, 41.0855], [-122.748, 41.0847], [-122.7491, 41.0844], [-122.7498, 41.0849], [-122.7501, 41.0838], [-122.7483, 41.0836], [-122.7484, 41.0844], [-122.7455, 41.085], [-122.7484, 41.0855]]], [[[-122.7427, 41.0867], [-122.7431, 41.0862], [-122.742, 41.0859], [-122.7423, 41.0851], [-122.7412, 41.0835], [-122.7366, 41.0839], [-122.7367, 41.0866], [-122.7427, 41.0867]], [[-122.7391, 41.0857], [-122.7381, 41.0857], [-122.7381, 41.0855], [-122.7388, 41.0852], [-122.7391, 41.0857]], [[-122.7405, 41.0849], [-122.7402, 41.0851], [-122.7402, 41.0849], [-122.7405, 41.0849]]], [[[-122.7329, 41.0823], [-122.734, 41.0823], [-122.7351, 41.082], [-122.7333, 41.0818], [-122.7329, 41.0823]]], [[[-122.7376, 41.0822], [-122.7386, 41.0817], [-122.7386, 41.0811], [-122.7361, 41.0814], [-122.7376, 41.0822]]], [[[-122.7935, 41.0872], [-122.792, 41.0867], [-122.7938, 41.0867], [-122.7944, 41.0842], [-122.7936, 41.0823], [-122.795, 41.0812], [-122.7959, 41.0766], [-122.7934, 41.0767], [-122.7931, 41.0775], [-122.791, 41.0781], [-122.7912, 41.0762], [-122.7905, 41.0754], [-122.7887, 41.0757], [-122.7884, 41.0768], [-122.7895, 41.0767], [-122.7891, 41.0773], [-122.7877, 41.0771], [-122.788, 41.0762], [-122.7873, 41.0757], [-122.7848, 41.076], [-122.7841, 41.0766], [-122.7845, 41.0779], [-122.7834, 41.0774], [-122.7835, 41.0788], [-122.7828, 41.0788], [-122.7827, 41.078], [-122.7817, 41.0777], [-122.782, 41.0761], [-122.7812, 41.0756], [-122.7791, 41.0759], [-122.7783, 41.0748], [-122.7771, 41.0786], [-122.7775, 41.0797], [-122.7767, 41.0795], [-122.7745, 41.0871], [-122.7842, 41.0871], [-122.7841, 41.0866], [-122.7849, 41.0866], [-122.7845, 41.0871], [-122.7902, 41.0873], [-122.7913, 41.0867], [-122.7913, 41.0873], [-122.7935, 41.0872]], [[-122.7906, 41.0867], [-122.7895, 41.0868], [-122.7895, 41.0862], [-122.7902, 41.0862], [-122.7906, 41.0867]], [[-122.7927, 41.0859], [-122.792, 41.0864], [-122.792, 41.0859], [-122.7927, 41.0859]], [[-122.7788, 41.0859], [-122.7784, 41.0862], [-122.7784, 41.0859], [-122.7788, 41.0859]], [[-122.7777, 41.0859], [-122.7774, 41.0862], [-122.7773, 41.0859], [-122.7777, 41.0859]], [[-122.7898, 41.0854], [-122.7895, 41.0857], [-122.7895, 41.0854], [-122.7898, 41.0854]], [[-122.7795, 41.0856], [-122.7791, 41.0859], [-122.7791, 41.0856], [-122.7795, 41.0856]], [[-122.7866, 41.0852], [-122.7862, 41.0855], [-122.7862, 41.0852], [-122.7866, 41.0852]], [[-122.7859, 41.0849], [-122.7855, 41.0852], [-122.7855, 41.085], [-122.7859, 41.0849]], [[-122.7794, 41.0848], [-122.7791, 41.0854], [-122.7791, 41.0848], [-122.7794, 41.0848]], [[-122.7916, 41.0843], [-122.7912, 41.0848], [-122.7908, 41.0843], [-122.7916, 41.0843]], [[-122.7876, 41.0846], [-122.7873, 41.0849], [-122.7873, 41.0846], [-122.7876, 41.0846]], [[-122.7922, 41.0826], [-122.7919, 41.0837], [-122.7915, 41.0827], [-122.7922, 41.0826]], [[-122.7844, 41.0839], [-122.7836, 41.0823], [-122.785, 41.0814], [-122.785, 41.0801], [-122.7857, 41.0801], [-122.7858, 41.082], [-122.7844, 41.0839]], [[-122.7787, 41.0838], [-122.7783, 41.084], [-122.7783, 41.0838], [-122.7787, 41.0838]], [[-122.7765, 41.0833], [-122.7762, 41.0838], [-122.7758, 41.0833], [-122.7765, 41.0833]], [[-122.7826, 41.0831], [-122.7822, 41.0834], [-122.7822, 41.0831], [-122.7826, 41.0831]], [[-122.7904, 41.0824], [-122.7901, 41.083], [-122.7901, 41.0824], [-122.7904, 41.0824]], [[-122.7822, 41.0826], [-122.7819, 41.0831], [-122.7819, 41.0826], [-122.7822, 41.0826]], [[-122.7804, 41.0826], [-122.7801, 41.0832], [-122.7797, 41.0826], [-122.7804, 41.0826]], [[-122.7918, 41.0821], [-122.7915, 41.0824], [-122.7915, 41.0821], [-122.7918, 41.0821]], [[-122.7815, 41.0823], [-122.7811, 41.0826], [-122.7811, 41.0823], [-122.7815, 41.0823]], [[-122.7825, 41.0818], [-122.7822, 41.0821], [-122.7822, 41.0818], [-122.7825, 41.0818]], [[-122.7807, 41.0818], [-122.7804, 41.0821], [-122.7804, 41.0818], [-122.7807, 41.0818]], [[-122.7939, 41.0815], [-122.7932, 41.0813], [-122.7932, 41.0807], [-122.7946, 41.0807], [-122.7939, 41.0815]], [[-122.7832, 41.0815], [-122.7829, 41.0818], [-122.7829, 41.0815], [-122.7832, 41.0815]], [[-122.7775, 41.0816], [-122.7772, 41.0819], [-122.7772, 41.0816], [-122.7775, 41.0816]], [[-122.7768, 41.0814], [-122.7765, 41.0819], [-122.7764, 41.0814], [-122.7768, 41.0814]], [[-122.7829, 41.0812], [-122.7825, 41.0815], [-122.7825, 41.0812], [-122.7829, 41.0812]], [[-122.7843, 41.0809], [-122.7839, 41.0812], [-122.7839, 41.0809], [-122.7843, 41.0809]], [[-122.7836, 41.0809], [-122.7829, 41.0812], [-122.7829, 41.081], [-122.7836, 41.0809]], [[-122.7932, 41.0805], [-122.7928, 41.0807], [-122.7928, 41.0805], [-122.7932, 41.0805]], [[-122.7939, 41.0804], [-122.7928, 41.0802], [-122.7924, 41.0797], [-122.7935, 41.0794], [-122.7939, 41.0804]], [[-122.7921, 41.0805], [-122.7907, 41.0802], [-122.791, 41.0789], [-122.7917, 41.0789], [-122.7914, 41.0794], [-122.7921, 41.0794], [-122.7921, 41.0805]], [[-122.7886, 41.0806], [-122.7871, 41.08], [-122.7871, 41.0795], [-122.7892, 41.0797], [-122.7886, 41.0806]], [[-122.7786, 41.0805], [-122.7782, 41.0808], [-122.7782, 41.0805], [-122.7786, 41.0805]], [[-122.786, 41.0798], [-122.7857, 41.0801], [-122.7857, 41.0798], [-122.786, 41.0798]], [[-122.7839, 41.0798], [-122.7835, 41.0801], [-122.7835, 41.0799], [-122.7839, 41.0798]], [[-122.7775, 41.08], [-122.7771, 41.0803], [-122.7771, 41.08], [-122.7775, 41.08]], [[-122.7903, 41.0794], [-122.7892, 41.0797], [-122.7892, 41.0795], [-122.7903, 41.0794]], [[-122.7864, 41.0795], [-122.786, 41.0798], [-122.786, 41.0795], [-122.7864, 41.0795]], [[-122.7928, 41.0786], [-122.7921, 41.0794], [-122.7924, 41.0783], [-122.7935, 41.0783], [-122.7924, 41.0778], [-122.7941, 41.0772], [-122.7945, 41.078], [-122.7938, 41.078], [-122.7935, 41.0791], [-122.7928, 41.0786]], [[-122.7871, 41.0792], [-122.7864, 41.0795], [-122.7864, 41.0793], [-122.7871, 41.0792]], [[-122.786, 41.0793], [-122.7857, 41.0795], [-122.7856, 41.0793], [-122.786, 41.0793]], [[-122.7846, 41.079], [-122.7839, 41.0796], [-122.7839, 41.079], [-122.7846, 41.079]], [[-122.781, 41.0794], [-122.7807, 41.0797], [-122.7807, 41.0794], [-122.781, 41.0794]], [[-122.7813, 41.0788], [-122.781, 41.0794], [-122.781, 41.0788], [-122.7813, 41.0788]], [[-122.7903, 41.0786], [-122.7899, 41.0789], [-122.7899, 41.0786], [-122.7903, 41.0786]], [[-122.7863, 41.0787], [-122.786, 41.079], [-122.786, 41.0787], [-122.7863, 41.0787]], [[-122.7874, 41.0784], [-122.7867, 41.0787], [-122.7867, 41.0784], [-122.7874, 41.0784]], [[-122.786, 41.0785], [-122.7856, 41.0787], [-122.7856, 41.0785], [-122.786, 41.0785]], [[-122.7806, 41.0788], [-122.7799, 41.0786], [-122.7802, 41.0778], [-122.7813, 41.078], [-122.7806, 41.0788]], [[-122.7824, 41.0783], [-122.7821, 41.0785], [-122.782, 41.0783], [-122.7824, 41.0783]], [[-122.7902, 41.0778], [-122.7899, 41.0781], [-122.7899, 41.0778], [-122.7902, 41.0778]], [[-122.7892, 41.0778], [-122.7888, 41.0781], [-122.7888, 41.0778], [-122.7892, 41.0778]], [[-122.7877, 41.0779], [-122.7874, 41.0781], [-122.7874, 41.0779], [-122.7877, 41.0779]], [[-122.786, 41.0782], [-122.7845, 41.0782], [-122.7845, 41.0779], [-122.7859, 41.0776], [-122.786, 41.0782]], [[-122.7842, 41.0779], [-122.7838, 41.0782], [-122.7838, 41.078], [-122.7842, 41.0779]], [[-122.7884, 41.0776], [-122.7881, 41.0779], [-122.7881, 41.0776], [-122.7884, 41.0776]], [[-122.7881, 41.0773], [-122.7877, 41.0776], [-122.7877, 41.0773], [-122.7881, 41.0773]], [[-122.7799, 41.0775], [-122.7795, 41.0778], [-122.7795, 41.0775], [-122.7799, 41.0775]], [[-122.7898, 41.077], [-122.7895, 41.0773], [-122.7895, 41.077], [-122.7898, 41.077]], [[-122.7902, 41.0767], [-122.7898, 41.077], [-122.7898, 41.0767], [-122.7902, 41.0767]], [[-122.7866, 41.0768], [-122.7859, 41.0771], [-122.7859, 41.0768], [-122.7866, 41.0768]], [[-122.7855, 41.0763], [-122.7852, 41.0768], [-122.7852, 41.0763], [-122.7855, 41.0763]], [[-122.7802, 41.0764], [-122.7798, 41.0767], [-122.7798, 41.0764], [-122.7802, 41.0764]], [[-122.7795, 41.0762], [-122.7791, 41.0764], [-122.7791, 41.0762], [-122.7795, 41.0762]]], [[[-122.7866, 41.0749], [-122.7869, 41.0744], [-122.7858, 41.0739], [-122.7858, 41.0747], [-122.7866, 41.0749]]], [[[-122.7858, 41.0752], [-122.7851, 41.0747], [-122.7858, 41.0736], [-122.7854, 41.0731], [-122.7843, 41.0733], [-122.7844, 41.075], [-122.7858, 41.0752]]], [[[-122.7963, 41.0766], [-122.7972, 41.0728], [-122.7929, 41.0729], [-122.7926, 41.0734], [-122.7929, 41.0734], [-122.7929, 41.0737], [-122.7936, 41.0737], [-122.794, 41.0739], [-122.794, 41.0748], [-122.7951, 41.0745], [-122.7948, 41.0753], [-122.7955, 41.0753], [-122.7963, 41.0766]], [[-122.7958, 41.0736], [-122.7954, 41.0742], [-122.7954, 41.0736], [-122.7958, 41.0736]], [[-122.794, 41.0731], [-122.7936, 41.0737], [-122.7933, 41.0731], [-122.794, 41.0731]], [[-122.7947, 41.0731], [-122.7943, 41.0734], [-122.7943, 41.0731], [-122.7947, 41.0731]]], [[[-122.9417, 41.0714], [-122.9423, 41.0708], [-122.9419, 41.0692], [-122.9401, 41.0692], [-122.9402, 41.0706], [-122.9417, 41.0714]]], [[[-122.7466, 41.0747], [-122.7473, 41.0742], [-122.7472, 41.0736], [-122.7458, 41.0742], [-122.7466, 41.0747]]], [[[-122.7549, 41.087], [-122.7585, 41.0791], [-122.7578, 41.0783], [-122.7588, 41.0782], [-122.7611, 41.0728], [-122.7554, 41.0732], [-122.7536, 41.0727], [-122.7526, 41.0732], [-122.7522, 41.0727], [-122.7519, 41.0735], [-122.7511, 41.073], [-122.7508, 41.0741], [-122.7501, 41.0736], [-122.748, 41.0742], [-122.748, 41.0755], [-122.7455, 41.0747], [-122.7452, 41.0753], [-122.7437, 41.0751], [-122.7413, 41.0775], [-122.7399, 41.0776], [-122.7417, 41.0778], [-122.741, 41.0786], [-122.7421, 41.0791], [-122.7435, 41.0788], [-122.7435, 41.0794], [-122.7418, 41.0794], [-122.7414, 41.0789], [-122.7403, 41.0795], [-122.7421, 41.08], [-122.7433, 41.0837], [-122.7455, 41.0834], [-122.7466, 41.0839], [-122.7469, 41.0828], [-122.748, 41.0828], [-122.7486, 41.082], [-122.7494, 41.0822], [-122.7493, 41.082], [-122.7497, 41.082], [-122.7497, 41.0817], [-122.75, 41.0817], [-122.75, 41.0814], [-122.7504, 41.0814], [-122.7504, 41.0825], [-122.7497, 41.0822], [-122.7494, 41.0828], [-122.7497, 41.0828], [-122.7497, 41.083], [-122.7501, 41.083], [-122.7501, 41.0833], [-122.7505, 41.0833], [-122.7505, 41.0836], [-122.7508, 41.0836], [-122.7516, 41.0841], [-122.7516, 41.0857], [-122.752, 41.0857], [-122.7515, 41.0835], [-122.7529, 41.0827], [-122.7526, 41.0835], [-122.7537, 41.0835], [-122.7537, 41.084], [-122.7526, 41.0841], [-122.7527, 41.0849], [-122.753, 41.0854], [-122.7538, 41.0854], [-122.7545, 41.0859], [-122.7538, 41.087], [-122.7549, 41.087]], [[-122.7549, 41.0864], [-122.7545, 41.0867], [-122.7545, 41.0864], [-122.7549, 41.0864]], [[-122.7541, 41.0851], [-122.7538, 41.0854], [-122.7537, 41.0851], [-122.7541, 41.0851]], [[-122.7555, 41.0848], [-122.7552, 41.0851], [-122.7552, 41.0848], [-122.7555, 41.0848]], [[-122.7544, 41.0846], [-122.7541, 41.0851], [-122.7541, 41.0846], [-122.7544, 41.0846]], [[-122.7551, 41.0843], [-122.7544, 41.0846], [-122.7544, 41.0843], [-122.7551, 41.0843]], [[-122.7544, 41.084], [-122.7541, 41.0843], [-122.7541, 41.084], [-122.7544, 41.084]], [[-122.7512, 41.0833], [-122.7508, 41.0836], [-122.7508, 41.0833], [-122.7512, 41.0833]], [[-122.7461, 41.0818], [-122.7458, 41.0834], [-122.7454, 41.0812], [-122.7461, 41.0818]], [[-122.7444, 41.0834], [-122.744, 41.0821], [-122.7447, 41.0815], [-122.7447, 41.0826], [-122.7444, 41.0834]], [[-122.7551, 41.0824], [-122.7547, 41.0827], [-122.7547, 41.0824], [-122.7551, 41.0824]], [[-122.7472, 41.0823], [-122.7469, 41.0826], [-122.7469, 41.0823], [-122.7472, 41.0823]], [[-122.7568, 41.0815], [-122.7565, 41.0818], [-122.7565, 41.0815], [-122.7568, 41.0815]], [[-122.7486, 41.0817], [-122.7483, 41.082], [-122.7483, 41.0817], [-122.7486, 41.0817]], [[-122.7529, 41.0813], [-122.7525, 41.0816], [-122.7525, 41.0814], [-122.7529, 41.0813]], [[-122.7564, 41.0807], [-122.7561, 41.0813], [-122.7561, 41.0807], [-122.7564, 41.0807]], [[-122.7508, 41.0814], [-122.7504, 41.0809], [-122.7511, 41.0803], [-122.7514, 41.0808], [-122.7508, 41.0814]], [[-122.7443, 41.0813], [-122.744, 41.0815], [-122.744, 41.0813], [-122.7443, 41.0813]], [[-122.7454, 41.0812], [-122.744, 41.081], [-122.7439, 41.0799], [-122.7443, 41.0799], [-122.7443, 41.0805], [-122.7446, 41.0804], [-122.7454, 41.0812]], [[-122.756, 41.0799], [-122.755, 41.0805], [-122.755, 41.0799], [-122.756, 41.0799]], [[-122.7539, 41.0802], [-122.7536, 41.0805], [-122.7536, 41.0802], [-122.7539, 41.0802]], [[-122.7575, 41.0799], [-122.7571, 41.0802], [-122.7571, 41.0799], [-122.7575, 41.0799]], [[-122.7464, 41.0801], [-122.7461, 41.0804], [-122.7461, 41.0801], [-122.7464, 41.0801]], [[-122.7457, 41.0804], [-122.7446, 41.0804], [-122.7446, 41.0802], [-122.7453, 41.0799], [-122.7457, 41.0804]], [[-122.7432, 41.0799], [-122.7429, 41.0802], [-122.7428, 41.0799], [-122.7432, 41.0799]], [[-122.7546, 41.0794], [-122.7543, 41.0797], [-122.7542, 41.0794], [-122.7546, 41.0794]], [[-122.7475, 41.0798], [-122.7464, 41.0799], [-122.746, 41.0793], [-122.7474, 41.079], [-122.7475, 41.0798]], [[-122.7549, 41.0791], [-122.7546, 41.0794], [-122.7546, 41.0791], [-122.7549, 41.0791]], [[-122.7535, 41.0792], [-122.7532, 41.0794], [-122.7532, 41.0792], [-122.7535, 41.0792]], [[-122.7439, 41.0794], [-122.7435, 41.0797], [-122.7435, 41.0794], [-122.7439, 41.0794]], [[-122.7528, 41.0789], [-122.7525, 41.0792], [-122.7524, 41.0789], [-122.7528, 41.0789]], [[-122.7521, 41.0789], [-122.7507, 41.079], [-122.7506, 41.0787], [-122.7517, 41.0784], [-122.7521, 41.0789]], [[-122.7499, 41.0784], [-122.7492, 41.079], [-122.7489, 41.0785], [-122.7499, 41.0784]], [[-122.756, 41.0783], [-122.7556, 41.0786], [-122.7556, 41.0783], [-122.756, 41.0783]], [[-122.7471, 41.0785], [-122.7467, 41.0788], [-122.7467, 41.0785], [-122.7471, 41.0785]], [[-122.7456, 41.0783], [-122.7449, 41.0785], [-122.7449, 41.0783], [-122.7456, 41.0783]], [[-122.7553, 41.0778], [-122.7549, 41.0781], [-122.7549, 41.0778], [-122.7553, 41.0778]], [[-122.7546, 41.0781], [-122.7535, 41.0778], [-122.7535, 41.0775], [-122.7542, 41.0773], [-122.7546, 41.0781]], [[-122.7495, 41.0774], [-122.7492, 41.0782], [-122.7488, 41.0774], [-122.7495, 41.0774]], [[-122.7531, 41.0776], [-122.7528, 41.0778], [-122.7527, 41.0776], [-122.7531, 41.0776]], [[-122.7478, 41.0777], [-122.7474, 41.078], [-122.7474, 41.0777], [-122.7478, 41.0777]], [[-122.7452, 41.0775], [-122.7446, 41.078], [-122.7445, 41.0777], [-122.7452, 41.0775]], [[-122.7474, 41.0771], [-122.7467, 41.0777], [-122.7467, 41.0772], [-122.7474, 41.0771]], [[-122.7531, 41.077], [-122.7527, 41.0773], [-122.7527, 41.077], [-122.7531, 41.077]], [[-122.7566, 41.0764], [-122.7563, 41.0769], [-122.7563, 41.0764], [-122.7566, 41.0764]], [[-122.7549, 41.0767], [-122.7545, 41.077], [-122.7545, 41.0767], [-122.7549, 41.0767]], [[-122.7545, 41.0764], [-122.7541, 41.0767], [-122.7541, 41.0765], [-122.7545, 41.0764]], [[-122.7502, 41.0765], [-122.7499, 41.0768], [-122.7499, 41.0765], [-122.7502, 41.0765]], [[-122.747, 41.0769], [-122.7463, 41.0769], [-122.7463, 41.0761], [-122.7466, 41.0761], [-122.747, 41.0769]], [[-122.757, 41.0761], [-122.7566, 41.0764], [-122.7566, 41.0761], [-122.757, 41.0761]], [[-122.7509, 41.0763], [-122.7506, 41.0765], [-122.7506, 41.0763], [-122.7509, 41.0763]], [[-122.7473, 41.0761], [-122.747, 41.0763], [-122.747, 41.0761], [-122.7473, 41.0761]], [[-122.7452, 41.0761], [-122.7445, 41.0759], [-122.7452, 41.0756], [-122.7452, 41.0761]], [[-122.758, 41.0753], [-122.757, 41.0758], [-122.7569, 41.0753], [-122.758, 41.0753]], [[-122.7473, 41.0755], [-122.7466, 41.0758], [-122.7466, 41.0755], [-122.7473, 41.0755]], [[-122.7598, 41.0752], [-122.7587, 41.0753], [-122.7587, 41.075], [-122.7598, 41.0744], [-122.7598, 41.0752]], [[-122.7491, 41.0744], [-122.7487, 41.0747], [-122.7487, 41.0744], [-122.7491, 41.0744]], [[-122.7587, 41.0734], [-122.7583, 41.0737], [-122.7583, 41.0734], [-122.7587, 41.0734]]], [[[-122.7668, 41.0729], [-122.7693, 41.0726], [-122.7679, 41.0718], [-122.7661, 41.0719], [-122.7668, 41.0729]], [[-122.7686, 41.0723], [-122.7683, 41.0726], [-122.7682, 41.0724], [-122.7686, 41.0723]]], [[[-122.7774, 41.0697], [-122.7778, 41.0692], [-122.777, 41.0686], [-122.7767, 41.0692], [-122.7774, 41.0697]]], [[[-122.7772, 41.073], [-122.7761, 41.0719], [-122.7764, 41.0714], [-122.7757, 41.0714], [-122.7764, 41.0708], [-122.776, 41.0689], [-122.7753, 41.0695], [-122.776, 41.0703], [-122.7742, 41.0706], [-122.7738, 41.069], [-122.7724, 41.0682], [-122.7717, 41.0693], [-122.7724, 41.0696], [-122.7717, 41.0701], [-122.7721, 41.0715], [-122.7714, 41.0715], [-122.7711, 41.0728], [-122.7772, 41.073]], [[-122.7746, 41.0717], [-122.7736, 41.072], [-122.7736, 41.0717], [-122.7746, 41.0717]], [[-122.7753, 41.0714], [-122.775, 41.0717], [-122.775, 41.0714], [-122.7753, 41.0714]], [[-122.7732, 41.0704], [-122.7728, 41.0698], [-122.7739, 41.0698], [-122.7739, 41.0701], [-122.7732, 41.0704]]], [[[-122.7788, 41.0686], [-122.7788, 41.0678], [-122.7774, 41.0678], [-122.7777, 41.0686], [-122.7788, 41.0686]]], [[[-122.7654, 41.0727], [-122.7654, 41.0713], [-122.7675, 41.0707], [-122.7664, 41.0705], [-122.7674, 41.0697], [-122.766, 41.0694], [-122.7656, 41.0678], [-122.7641, 41.0676], [-122.7642, 41.0684], [-122.7624, 41.069], [-122.7625, 41.0703], [-122.7635, 41.07], [-122.7631, 41.0692], [-122.7646, 41.0703], [-122.7632, 41.0706], [-122.7629, 41.0725], [-122.7618, 41.072], [-122.7621, 41.0711], [-122.7611, 41.0712], [-122.7611, 41.0728], [-122.7654, 41.0727]], [[-122.7653, 41.0711], [-122.7647, 41.0719], [-122.7646, 41.0711], [-122.7653, 41.0711]], [[-122.766, 41.0705], [-122.7657, 41.0711], [-122.7657, 41.0705], [-122.766, 41.0705]], [[-122.7653, 41.0705], [-122.765, 41.0708], [-122.765, 41.0705], [-122.7653, 41.0705]], [[-122.7664, 41.07], [-122.766, 41.0702], [-122.766, 41.07], [-122.7664, 41.07]], [[-122.7656, 41.0689], [-122.7649, 41.0692], [-122.7649, 41.0689], [-122.7656, 41.0689]], [[-122.7649, 41.0684], [-122.7645, 41.0689], [-122.7645, 41.0684], [-122.7649, 41.0684]]], [[[-122.7685, 41.0686], [-122.7677, 41.0672], [-122.767, 41.0672], [-122.7674, 41.0683], [-122.7685, 41.0686]]], [[[-122.7688, 41.068], [-122.7695, 41.0675], [-122.7688, 41.0669], [-122.7688, 41.068]]], [[[-122.777, 41.0678], [-122.7773, 41.0659], [-122.7755, 41.066], [-122.7759, 41.067], [-122.777, 41.0678]]], [[[-122.7684, 41.0672], [-122.7687, 41.0661], [-122.7677, 41.0661], [-122.7673, 41.067], [-122.7677, 41.067], [-122.7677, 41.0672], [-122.7684, 41.0672]], [[-122.768, 41.0667], [-122.7677, 41.067], [-122.7677, 41.0667], [-122.768, 41.0667]]], [[[-122.7794, 41.0659], [-122.7787, 41.0648], [-122.7783, 41.0648], [-122.778, 41.0656], [-122.7794, 41.0659]]], [[[-122.7694, 41.0648], [-122.7701, 41.0658], [-122.7701, 41.0647], [-122.7694, 41.0648]]], [[[-122.7794, 41.0645], [-122.7793, 41.0637], [-122.779, 41.0637], [-122.7783, 41.0646], [-122.7794, 41.0645]]], [[[-122.7644, 41.0646], [-122.7651, 41.0643], [-122.7647, 41.0638], [-122.764, 41.0638], [-122.7644, 41.0646]]], [[[-122.7752, 41.0684], [-122.7745, 41.0679], [-122.7748, 41.0671], [-122.7738, 41.0671], [-122.7748, 41.066], [-122.7733, 41.0655], [-122.7733, 41.0633], [-122.7722, 41.0633], [-122.7726, 41.0652], [-122.7715, 41.0652], [-122.7712, 41.0661], [-122.7701, 41.0658], [-122.7691, 41.0669], [-122.7698, 41.0669], [-122.7699, 41.068], [-122.772, 41.0669], [-122.7727, 41.0679], [-122.7734, 41.0674], [-122.7738, 41.0682], [-122.7752, 41.0684]], [[-122.7709, 41.0666], [-122.7702, 41.0669], [-122.7702, 41.0666], [-122.7709, 41.0666]], [[-122.7737, 41.0663], [-122.7734, 41.0666], [-122.7734, 41.0663], [-122.7737, 41.0663]], [[-122.7716, 41.0663], [-122.7712, 41.0666], [-122.7712, 41.0663], [-122.7716, 41.0663]], [[-122.773, 41.066], [-122.7727, 41.0663], [-122.7726, 41.066], [-122.773, 41.066]]], [[[-122.8031, 41.0594], [-122.8027, 41.0586], [-122.8016, 41.0586], [-122.802, 41.0594], [-122.8031, 41.0594]]], [[[-122.8061, 41.0726], [-122.8066, 41.0664], [-122.8044, 41.0661], [-122.8044, 41.0656], [-122.8033, 41.0659], [-122.8033, 41.0654], [-122.8051, 41.065], [-122.8043, 41.0642], [-122.8058, 41.0639], [-122.8047, 41.064], [-122.8047, 41.0634], [-122.8054, 41.0634], [-122.8057, 41.0623], [-122.8068, 41.0628], [-122.8067, 41.0618], [-122.8053, 41.0615], [-122.8049, 41.0604], [-122.8021, 41.0608], [-122.8021, 41.0616], [-122.801, 41.0613], [-122.802, 41.0605], [-122.802, 41.0594], [-122.8009, 41.0595], [-122.8006, 41.0589], [-122.8013, 41.0586], [-122.8002, 41.0587], [-122.7995, 41.0595], [-122.8006, 41.0595], [-122.8006, 41.06], [-122.7992, 41.0598], [-122.7991, 41.0592], [-122.7984, 41.0595], [-122.7988, 41.0603], [-122.7977, 41.0601], [-122.7973, 41.0671], [-122.7984, 41.0674], [-122.7988, 41.0684], [-122.7974, 41.069], [-122.7972, 41.0728], [-122.8061, 41.0726]], [[-122.7982, 41.0722], [-122.7979, 41.0725], [-122.7979, 41.0722], [-122.7982, 41.0722]], [[-122.8036, 41.0718], [-122.8028, 41.0719], [-122.8021, 41.0705], [-122.8024, 41.0705], [-122.8024, 41.0708], [-122.8032, 41.0708], [-122.8036, 41.0718]], [[-122.806, 41.0702], [-122.8056, 41.0704], [-122.8056, 41.0702], [-122.806, 41.0702]], [[-122.8031, 41.0702], [-122.8024, 41.0705], [-122.8024, 41.0702], [-122.8031, 41.0702]], [[-122.8056, 41.0694], [-122.8053, 41.0699], [-122.8052, 41.0694], [-122.8056, 41.0694]], [[-122.802, 41.0694], [-122.8013, 41.07], [-122.8013, 41.0695], [-122.802, 41.0694]], [[-122.8034, 41.0672], [-122.803, 41.0675], [-122.803, 41.0673], [-122.8034, 41.0672]], [[-122.7987, 41.0665], [-122.7984, 41.0671], [-122.7984, 41.0665], [-122.7987, 41.0665]], [[-122.798, 41.0666], [-122.7977, 41.0668], [-122.7976, 41.0666], [-122.798, 41.0666]], [[-122.8022, 41.0651], [-122.8019, 41.0654], [-122.8019, 41.0651], [-122.8022, 41.0651]], [[-122.7994, 41.0646], [-122.799, 41.0654], [-122.799, 41.0646], [-122.7994, 41.0646]], [[-122.8036, 41.0637], [-122.8033, 41.064], [-122.8032, 41.0637], [-122.8036, 41.0637]], [[-122.8025, 41.0632], [-122.8022, 41.0638], [-122.8022, 41.0632], [-122.8025, 41.0632]], [[-122.8, 41.0627], [-122.7997, 41.0633], [-122.7996, 41.0627], [-122.8, 41.0627]], [[-122.8053, 41.0626], [-122.805, 41.0629], [-122.805, 41.0626], [-122.8053, 41.0626]], [[-122.8042, 41.061], [-122.8035, 41.0618], [-122.8035, 41.061], [-122.8042, 41.061]], [[-122.7996, 41.0611], [-122.7989, 41.0617], [-122.7989, 41.0614], [-122.7996, 41.0611]], [[-122.8006, 41.0605], [-122.8003, 41.0608], [-122.8003, 41.0606], [-122.8006, 41.0605]], [[-122.8017, 41.06], [-122.8013, 41.0605], [-122.801, 41.06], [-122.8017, 41.06]]], [[[-122.9275, 41.0301], [-122.9279, 41.0303], [-122.931, 41.03], [-122.9296, 41.03], [-122.9299, 41.0289], [-122.9281, 41.0287], [-122.9275, 41.0301]]], [[[-122.9441, 41.0256], [-122.9451, 41.0248], [-122.944, 41.0248], [-122.9441, 41.0256]]], [[[-122.936, 41.0296], [-122.9385, 41.0293], [-122.9396, 41.029], [-122.9399, 41.029], [-122.9399, 41.0292], [-122.9406, 41.0292], [-122.9406, 41.0287], [-122.9417, 41.0286], [-122.9417, 41.0278], [-122.9424, 41.0278], [-122.9416, 41.027], [-122.9448, 41.0269], [-122.9445, 41.0283], [-122.9453, 41.0288], [-122.9463, 41.0285], [-122.9465, 41.0245], [-122.9448, 41.0261], [-122.9434, 41.0259], [-122.9409, 41.027], [-122.9402, 41.026], [-122.9398, 41.0271], [-122.9384, 41.0266], [-122.9384, 41.0274], [-122.9366, 41.0274], [-122.9363, 41.0282], [-122.9374, 41.0277], [-122.9378, 41.0285], [-122.936, 41.0285], [-122.936, 41.0296]], [[-122.9403, 41.0287], [-122.9399, 41.029], [-122.9399, 41.0287], [-122.9403, 41.0287]], [[-122.9409, 41.0273], [-122.9402, 41.0279], [-122.9402, 41.0271], [-122.9409, 41.0273]]], [[[-122.9391, 41.0252], [-122.9401, 41.0244], [-122.9394, 41.0238], [-122.9391, 41.0252]]], [[[-122.938, 41.0252], [-122.9379, 41.0241], [-122.9386, 41.0236], [-122.9372, 41.0241], [-122.938, 41.0252]]], [[[-122.9419, 41.0251], [-122.9426, 41.024], [-122.944, 41.0237], [-122.9455, 41.0248], [-122.945, 41.0226], [-122.9436, 41.0221], [-122.9436, 41.0232], [-122.9412, 41.0243], [-122.9419, 41.0251]]], [[[-122.9322, 41.0243], [-122.9322, 41.0226], [-122.9343, 41.0231], [-122.9343, 41.0226], [-122.9354, 41.0228], [-122.9354, 41.022], [-122.9361, 41.022], [-122.936, 41.0215], [-122.935, 41.0215], [-122.9357, 41.0209], [-122.9346, 41.0204], [-122.9341, 41.0183], [-122.9324, 41.0189], [-122.933, 41.0178], [-122.9313, 41.0178], [-122.9316, 41.0183], [-122.9302, 41.0189], [-122.931, 41.0194], [-122.9306, 41.0202], [-122.9317, 41.0205], [-122.9311, 41.0216], [-122.9303, 41.0213], [-122.9304, 41.0219], [-122.9318, 41.0221], [-122.9318, 41.0229], [-122.9308, 41.0235], [-122.9322, 41.0243]], [[-122.9346, 41.022], [-122.9336, 41.0223], [-122.9336, 41.0221], [-122.9346, 41.022]], [[-122.9332, 41.0221], [-122.9325, 41.0224], [-122.9325, 41.0221], [-122.9332, 41.0221]], [[-122.9318, 41.0213], [-122.9314, 41.0216], [-122.9314, 41.0213], [-122.9318, 41.0213]], [[-122.9328, 41.0197], [-122.9324, 41.0199], [-122.9324, 41.0197], [-122.9328, 41.0197]], [[-122.9331, 41.0196], [-122.9327, 41.0191], [-122.9338, 41.0188], [-122.9338, 41.0194], [-122.9331, 41.0196]], [[-122.9324, 41.0194], [-122.9313, 41.0191], [-122.9313, 41.0189], [-122.9324, 41.0189], [-122.9324, 41.0194]], [[-122.9324, 41.0183], [-122.932, 41.0186], [-122.932, 41.0183], [-122.9324, 41.0183]]], [[[-122.9337, 41.0164], [-122.9326, 41.0156], [-122.9326, 41.0151], [-122.9336, 41.015], [-122.9336, 41.0142], [-122.9318, 41.014], [-122.9322, 41.0148], [-122.9315, 41.0159], [-122.9308, 41.0156], [-122.9309, 41.0165], [-122.9323, 41.0164], [-122.9323, 41.0159], [-122.9337, 41.0164]]]]}, "properties": {"layer": "high_severity"}}, {"type": "Feature", "geometry": {"type": "MultiPolygon", "coordinates": [[[[-122.8086, 41.2729], [-122.8085, 41.2721], [-122.8078, 41.2722], [-122.8078, 41.2727], [-122.8086, 41.2729]]], [[[-122.8292, 41.2692], [-122.8292, 41.2687], [-122.8284, 41.2687], [-122.8285, 41.269], [-122.8292, 41.2692]]], [[[-122.7959, 41.27], [-122.7966, 41.2689], [-122.7991, 41.2686], [-122.7941, 41.2684], [-122.7941, 41.2692], [-122.7959, 41.27]]], [[[-122.8237, 41.2656], [-122.8247, 41.2653], [-122.8237, 41.2653], [-122.8237, 41.2656]]], [[[-122.7907, 41.2655], [-122.7904, 41.265], [-122.7893, 41.265], [-122.7893, 41.2653], [-122.7907, 41.2655]]], [[[-122.8289, 41.2628], [-122.8292, 41.2617], [-122.8285, 41.2611], [-122.8278, 41.2622], [-122.8289, 41.2628]]], [[[-122.8263, 41.259], [-122.8284, 41.2582], [-122.8284, 41.2576], [-122.8269, 41.2579], [-122.8258, 41.2569], [-122.8244, 41.2569], [-122.8263, 41.259]]], [[[-122.8216, 41.2591], [-122.8219, 41.2572], [-122.8208, 41.2567], [-122.8212, 41.2564], [-122.8208, 41.2554], [-122.8201, 41.2578], [-122.8216, 41.2591]]], [[[-122.8283, 41.2563], [-122.8282, 41.2547], [-122.825, 41.2547], [-122.8254, 41.2561], [-122.8283, 41.2563]]], [[[-122.8321, 41.2535], [-122.8321, 41.2527], [-122.8317, 41.2527], [-122.8314, 41.2535], [-122.8321, 41.2535]]], [[[-122.8094, 41.1115], [-122.8094, 41.1109], [-122.8083, 41.1109], [-122.8083, 41.1112], [-122.8094, 41.1115]]], [[[-122.8119, 41.1119], [-122.8118, 41.1082], [-122.8068, 41.1083], [-122.8068, 41.1088], [-122.805, 41.1091], [-122.805, 41.1099], [-122.8064, 41.1091], [-122.8075, 41.1093], [-122.8079, 41.111], [-122.8094, 41.1107], [-122.8098, 41.1115], [-122.8119, 41.1119]], [[-122.8097, 41.1098], [-122.8093, 41.1101], [-122.8093, 41.1098], [-122.8097, 41.1098]], [[-122.8086, 41.109], [-122.8082, 41.1093], [-122.8082, 41.1091], [-122.8086, 41.109]], [[-122.8079, 41.1085], [-122.8075, 41.1088], [-122.8075, 41.1085], [-122.8079, 41.1085]]], [[[-122.7829, 41.1085], [-122.7828, 41.108], [-122.7818, 41.1083], [-122.7818, 41.1086], [-122.7829, 41.1085]]], [[[-122.8071, 41.108], [-122.8073, 41.1047], [-122.7973, 41.1047], [-122.7999, 41.106], [-122.8038, 41.1054], [-122.8049, 41.1062], [-122.8046, 41.107], [-122.8071, 41.108]], [[-122.806, 41.1061], [-122.8053, 41.1061], [-122.8052, 41.1056], [-122.8056, 41.1056], [-122.806, 41.1061]]], [[[-122.7818, 41.1083], [-122.7828, 41.1077], [-122.7824, 41.1061], [-122.7817, 41.1067], [-122.7817, 41.1061], [-122.7799, 41.1056], [-122.7795, 41.1043], [-122.778, 41.104], [-122.7796, 41.1073], [-122.7803, 41.107], [-122.7803, 41.1081], [-122.7811, 41.1083], [-122.7814, 41.1075], [-122.7818, 41.1083]], [[-122.7814, 41.1069], [-122.781, 41.1072], [-122.781, 41.107], [-122.7814, 41.1069]], [[-122.7806, 41.1067], [-122.7799, 41.1067], [-122.7796, 41.1062], [-122.7803, 41.1062], [-122.7806, 41.1067]]], [[[-122.7777, 41.1041], [-122.7773, 41.1033], [-122.7766, 41.1033], [-122.7766, 41.1041], [-122.7777, 41.1041]]], [[[-122.7755, 41.1033], [-122.7755, 41.1025], [-122.7744, 41.1022], [-122.7744, 41.103], [-122.7755, 41.1033]]], [[[-122.7801, 41.1021], [-122.7808, 41.1021], [-122.7822, 41.1015], [-122.7804, 41.1016], [-122.7801, 41.1021]]], [[[-122.7736, 41.1012], [-122.7743, 41.1006], [-122.774, 41.1006], [-122.7736, 41.1012]]], [[[-122.7665, 41.1013], [-122.7665, 41.1008], [-122.7651, 41.1011], [-122.7651, 41.1014], [-122.7665, 41.1013]]], [[[-122.7865, 41.1003], [-122.7868, 41.0995], [-122.7864, 41.0995], [-122.7865, 41.1003]]], [[[-122.7875, 41.0995], [-122.7875, 41.0987], [-122.7871, 41.0987], [-122.7868, 41.0993], [-122.7875, 41.0995]]], [[[-122.7885, 41.0981], [-122.7892, 41.0984], [-122.7892, 41.0978], [-122.7885, 41.0981]]], [[[-122.7835, 41.0977], [-122.7835, 41.0969], [-122.7828, 41.0969], [-122.7828, 41.0975], [-122.7835, 41.0977]]], [[[-122.7719, 41.1012], [-122.7718, 41.0999], [-122.7732, 41.0993], [-122.7724, 41.0969], [-122.7706, 41.0972], [-122.7699, 41.0958], [-122.767, 41.0962], [-122.7663, 41.0967], [-122.7667, 41.0978], [-122.7685, 41.0978], [-122.7696, 41.0969], [-122.7706, 41.0975], [-122.7707, 41.0983], [-122.769, 41.0999], [-122.7682, 41.0999], [-122.7686, 41.0991], [-122.7672, 41.0994], [-122.7657, 41.0984], [-122.765, 41.0992], [-122.7661, 41.0994], [-122.7647, 41.0995], [-122.765, 41.1003], [-122.7661, 41.1003], [-122.7661, 41.1005], [-122.7665, 41.1005], [-122.7668, 41.1008], [-122.7669, 41.1013], [-122.7676, 41.1008], [-122.7683, 41.1013], [-122.7719, 41.1012]], [[-122.7675, 41.1002], [-122.7672, 41.1005], [-122.7672, 41.1002], [-122.7675, 41.1002]], [[-122.7672, 41.1], [-122.7665, 41.1005], [-122.7657, 41.0997], [-122.7668, 41.0994], [-122.7672, 41.1]], [[-122.7675, 41.0997], [-122.7672, 41.1], [-122.7672, 41.0997], [-122.7675, 41.0997]], [[-122.771, 41.0983], [-122.7707, 41.0985], [-122.7707, 41.0983], [-122.771, 41.0983]]], [[[-122.7629, 41.1014], [-122.7615, 41.1012], [-122.7625, 41.1001], [-122.7621, 41.0993], [-122.7614, 41.0993], [-122.7618, 41.0987], [-122.7607, 41.0985], [-122.7617, 41.0974], [-122.761, 41.096], [-122.7585, 41.0964], [-122.757, 41.0959], [-122.757, 41.0967], [-122.7553, 41.0964], [-122.7553, 41.0972], [-122.7571, 41.0975], [-122.7579, 41.0991], [-122.7596, 41.0985], [-122.7607, 41.0998], [-122.7618, 41.0995], [-122.7618, 41.1003], [-122.7601, 41.1007], [-122.7601, 41.1012], [-122.7579, 41.1007], [-122.7572, 41.1015], [-122.7629, 41.1014]], [[-122.7608, 41.1009], [-122.7604, 41.1012], [-122.7604, 41.1009], [-122.7608, 41.1009]], [[-122.761, 41.0974], [-122.7607, 41.0977], [-122.7606, 41.0974], [-122.761, 41.0974]], [[-122.7606, 41.0971], [-122.7603, 41.0974], [-122.7603, 41.0971], [-122.7606, 41.0971]]], [[[-122.7537, 41.0943], [-122.7534, 41.0938], [-122.7527, 41.0938], [-122.7527, 41.0943], [-122.7537, 41.0943]]], [[[-122.7789, 41.0983], [-122.7778, 41.097], [-122.7796, 41.0973], [-122.7796, 41.0978], [-122.7828, 41.0977], [-122.7824, 41.0969], [-122.7838, 41.0963], [-122.7837, 41.0942], [-122.7802, 41.0956], [-122.7805, 41.0948], [-122.7816, 41.0948], [-122.7812, 41.0942], [-122.7741, 41.0941], [-122.7743, 41.0901], [-122.7725, 41.0893], [-122.7717, 41.0872], [-122.7685, 41.087], [-122.7681, 41.0878], [-122.7677, 41.087], [-122.7606, 41.0869], [-122.7613, 41.0871], [-122.761, 41.0885], [-122.7592, 41.0888], [-122.7581, 41.088], [-122.7588, 41.0869], [-122.7552, 41.087], [-122.7554, 41.0916], [-122.7565, 41.0921], [-122.7566, 41.094], [-122.7597, 41.0923], [-122.7601, 41.0923], [-122.7601, 41.0925], [-122.7608, 41.0925], [-122.7608, 41.0928], [-122.7626, 41.093], [-122.763, 41.0936], [-122.7637, 41.0935], [-122.7648, 41.0949], [-122.7683, 41.0932], [-122.7712, 41.0937], [-122.7723, 41.0947], [-122.7741, 41.0947], [-122.7745, 41.0955], [-122.7755, 41.0949], [-122.7749, 41.096], [-122.7789, 41.0983]], [[-122.781, 41.097], [-122.7806, 41.0972], [-122.7806, 41.097], [-122.781, 41.097]], [[-122.7803, 41.0972], [-122.7792, 41.097], [-122.7795, 41.0959], [-122.7809, 41.0959], [-122.7803, 41.0972]], [[-122.7792, 41.0965], [-122.7788, 41.0967], [-122.7788, 41.0965], [-122.7792, 41.0965]], [[-122.7777, 41.0962], [-122.7774, 41.0965], [-122.7774, 41.0962], [-122.7777, 41.0962]], [[-122.7781, 41.0959], [-122.7777, 41.0962], [-122.7777, 41.0959], [-122.7781, 41.0959]], [[-122.7813, 41.0956], [-122.7809, 41.0959], [-122.7809, 41.0956], [-122.7813, 41.0956]], [[-122.777, 41.0957], [-122.7767, 41.096], [-122.7766, 41.0957], [-122.777, 41.0957]], [[-122.7712, 41.0923], [-122.7697, 41.0915], [-122.7707, 41.0907], [-122.7718, 41.0915], [-122.7712, 41.0923]], [[-122.7619, 41.0922], [-122.7615, 41.0925], [-122.7615, 41.0922], [-122.7619, 41.0922]], [[-122.7622, 41.0922], [-122.7608, 41.092], [-122.7604, 41.0912], [-122.7614, 41.0895], [-122.7621, 41.0898], [-122.7618, 41.0903], [-122.7633, 41.0909], [-122.7622, 41.0922]], [[-122.7604, 41.0917], [-122.7601, 41.0923], [-122.7597, 41.0917], [-122.7604, 41.0917]], [[-122.7729, 41.0915], [-122.7726, 41.0917], [-122.7726, 41.0915], [-122.7729, 41.0915]], [[-122.7643, 41.0914], [-122.764, 41.0919], [-122.7636, 41.0914], [-122.7643, 41.0914]], [[-122.7568, 41.0913], [-122.7565, 41.0915], [-122.7565, 41.0913], [-122.7568, 41.0913]], [[-122.7682, 41.0905], [-122.7675, 41.091], [-122.7672, 41.0905], [-122.7682, 41.0905]], [[-122.7654, 41.0911], [-122.7643, 41.0908], [-122.7636, 41.0895], [-122.7661, 41.0894], [-122.7664, 41.0902], [-122.7654, 41.0911]], [[-122.7707, 41.0907], [-122.77, 41.0896], [-122.7693, 41.0899], [-122.7693, 41.0891], [-122.7703, 41.0891], [-122.7707, 41.0907]], [[-122.77, 41.0904], [-122.7697, 41.0907], [-122.7697, 41.0904], [-122.77, 41.0904]], [[-122.7607, 41.0901], [-122.7593, 41.0901], [-122.7593, 41.0899], [-122.7607, 41.0896], [-122.7607, 41.0901]], [[-122.7625, 41.0895], [-122.7621, 41.0898], [-122.7621, 41.0895], [-122.7625, 41.0895]], [[-122.7589, 41.0896], [-122.7586, 41.0899], [-122.7586, 41.0896], [-122.7589, 41.0896]], [[-122.7603, 41.0893], [-122.76, 41.0896], [-122.76, 41.0893], [-122.7603, 41.0893]], [[-122.7631, 41.0882], [-122.7628, 41.0892], [-122.7628, 41.0882], [-122.7631, 41.0882]], [[-122.76, 41.089], [-122.7596, 41.0893], [-122.7596, 41.089], [-122.76, 41.089]], [[-122.7707, 41.0885], [-122.7703, 41.0888], [-122.7703, 41.0885], [-122.7707, 41.0885]], [[-122.7578, 41.0888], [-122.7571, 41.0891], [-122.7571, 41.0888], [-122.7578, 41.0888]], [[-122.7682, 41.0883], [-122.7678, 41.0886], [-122.7678, 41.0883], [-122.7682, 41.0883]], [[-122.7642, 41.0884], [-122.7639, 41.0887], [-122.7639, 41.0884], [-122.7642, 41.0884]], [[-122.7624, 41.0884], [-122.7617, 41.0887], [-122.7617, 41.0885], [-122.7624, 41.0884]], [[-122.7671, 41.0881], [-122.7667, 41.0883], [-122.7667, 41.0881], [-122.7671, 41.0881]], [[-122.7642, 41.0879], [-122.7635, 41.0884], [-122.7635, 41.0879], [-122.7642, 41.0879]], [[-122.771, 41.0874], [-122.7706, 41.088], [-122.7706, 41.0874], [-122.771, 41.0874]], [[-122.7667, 41.0878], [-122.766, 41.0881], [-122.766, 41.0878], [-122.7667, 41.0878]], [[-122.7653, 41.0873], [-122.7649, 41.0878], [-122.7649, 41.0873], [-122.7653, 41.0873]], [[-122.7571, 41.0877], [-122.7564, 41.088], [-122.7564, 41.0878], [-122.7571, 41.0877]], [[-122.766, 41.0873], [-122.7656, 41.0876], [-122.7656, 41.0873], [-122.766, 41.0873]]], [[[-122.7552, 41.0851], [-122.7559, 41.0853], [-122.7559, 41.0848], [-122.7552, 41.0851]]], [[[-122.7417, 41.0867], [-122.7409, 41.0843], [-122.738, 41.0844], [-122.7374, 41.0857], [-122.7381, 41.0868], [-122.7417, 41.0867]], [[-122.7391, 41.0857], [-122.7381, 41.0857], [-122.7381, 41.0855], [-122.7388, 41.0852], [-122.7391, 41.0857]], [[-122.7405, 41.0849], [-122.7402, 41.0851], [-122.7402, 41.0849], [-122.7405, 41.0849]]], [[[-122.7918, 41.0816], [-122.7925, 41.0813], [-122.7918, 41.081], [-122.7918, 41.0816]]], [[[-122.7451, 41.0837], [-122.7458, 41.0834], [-122.7454, 41.0815], [-122.7447, 41.0815], [-122.7444, 41.0826], [-122.7451, 41.0837]]], [[[-122.7938, 41.0858], [-122.7944, 41.0837], [-122.7929, 41.0834], [-122.7919, 41.0843], [-122.789, 41.083], [-122.7914, 41.081], [-122.7864, 41.0806], [-122.7855, 41.0841], [-122.7876, 41.0838], [-122.7887, 41.0849], [-122.7905, 41.0848], [-122.7909, 41.0859], [-122.7919, 41.0851], [-122.7938, 41.0858]], [[-122.7916, 41.0843], [-122.7912, 41.0848], [-122.7908, 41.0843], [-122.7916, 41.0843]]], [[[-122.7436, 41.0821], [-122.7443, 41.0818], [-122.7436, 41.0815], [-122.7436, 41.0821]]], [[[-122.7953, 41.0799], [-122.7949, 41.0791], [-122.7942, 41.0791], [-122.7946, 41.0799], [-122.7953, 41.0799]]], [[[-122.7439, 41.0799], [-122.7435, 41.0794], [-122.7428, 41.0794], [-122.7428, 41.0799], [-122.7439, 41.0799]]], [[[-122.7959, 41.0777], [-122.7959, 41.0766], [-122.7955, 41.0766], [-122.7952, 41.0774], [-122.7959, 41.0777]]], [[[-122.7888, 41.087], [-122.7884, 41.0854], [-122.7863, 41.0863], [-122.7848, 41.0858], [-122.7844, 41.0842], [-122.7823, 41.0842], [-122.7808, 41.0832], [-122.7811, 41.0821], [-122.7833, 41.082], [-122.7825, 41.0812], [-122.7839, 41.0812], [-122.7843, 41.0801], [-122.7839, 41.079], [-122.7849, 41.0793], [-122.7849, 41.0787], [-122.7821, 41.0788], [-122.7813, 41.0783], [-122.7803, 41.0788], [-122.7788, 41.0783], [-122.778, 41.0765], [-122.7771, 41.0786], [-122.7775, 41.0797], [-122.7767, 41.0795], [-122.7768, 41.0808], [-122.7775, 41.0808], [-122.7779, 41.0819], [-122.7768, 41.0824], [-122.7769, 41.0841], [-122.7751, 41.0844], [-122.7749, 41.0863], [-122.7759, 41.086], [-122.777, 41.087], [-122.7785, 41.0873], [-122.7842, 41.0871], [-122.7841, 41.0866], [-122.7888, 41.087]], [[-122.7788, 41.0859], [-122.7784, 41.0862], [-122.7784, 41.0859], [-122.7788, 41.0859]], [[-122.7777, 41.0859], [-122.7774, 41.0862], [-122.7773, 41.0859], [-122.7777, 41.0859]], [[-122.7795, 41.0856], [-122.7791, 41.0859], [-122.7791, 41.0856], [-122.7795, 41.0856]], [[-122.7794, 41.0848], [-122.7791, 41.0854], [-122.7791, 41.0848], [-122.7794, 41.0848]], [[-122.7787, 41.0838], [-122.7783, 41.084], [-122.7783, 41.0838], [-122.7787, 41.0838]], [[-122.7804, 41.0826], [-122.7801, 41.0832], [-122.7797, 41.0826], [-122.7804, 41.0826]], [[-122.7807, 41.0818], [-122.7804, 41.0821], [-122.7804, 41.0818], [-122.7807, 41.0818]], [[-122.7786, 41.0805], [-122.7782, 41.0808], [-122.7782, 41.0805], [-122.7786, 41.0805]], [[-122.7839, 41.0798], [-122.7835, 41.0801], [-122.7835, 41.0799], [-122.7839, 41.0798]], [[-122.7775, 41.08], [-122.7771, 41.0803], [-122.7771, 41.08], [-122.7775, 41.08]], [[-122.781, 41.0794], [-122.7807, 41.0797], [-122.7807, 41.0794], [-122.781, 41.0794]], [[-122.7813, 41.0788], [-122.781, 41.0794], [-122.781, 41.0788], [-122.7813, 41.0788]]], [[[-122.7966, 41.0752], [-122.7965, 41.0731], [-122.7947, 41.0728], [-122.7947, 41.0739], [-122.7954, 41.0742], [-122.7958, 41.0736], [-122.7966, 41.0752]]], [[[-122.7668, 41.0729], [-122.7679, 41.0726], [-122.7668, 41.0727], [-122.7668, 41.0729]]], [[[-122.7555, 41.0837], [-122.7572, 41.0823], [-122.7582, 41.0799], [-122.7574, 41.0783], [-122.7585, 41.0774], [-122.7592, 41.0777], [-122.7611, 41.0728], [-122.7594, 41.0734], [-122.7576, 41.0729], [-122.7569, 41.0737], [-122.7533, 41.0738], [-122.7509, 41.0749], [-122.7487, 41.0747], [-122.7484, 41.0755], [-122.7441, 41.0761], [-122.742, 41.0775], [-122.7421, 41.0791], [-122.7435, 41.0788], [-122.7439, 41.0797], [-122.746, 41.0793], [-122.7471, 41.0782], [-122.7481, 41.0785], [-122.7482, 41.0801], [-122.7465, 41.0812], [-122.7457, 41.081], [-122.7458, 41.0818], [-122.7476, 41.0817], [-122.7486, 41.0809], [-122.7497, 41.0817], [-122.75, 41.0814], [-122.7504, 41.0814], [-122.7508, 41.0817], [-122.7508, 41.0827], [-122.7529, 41.0819], [-122.7555, 41.0837]], [[-122.7551, 41.0824], [-122.7547, 41.0827], [-122.7547, 41.0824], [-122.7551, 41.0824]], [[-122.7568, 41.0815], [-122.7565, 41.0818], [-122.7565, 41.0815], [-122.7568, 41.0815]], [[-122.7529, 41.0813], [-122.7525, 41.0816], [-122.7525, 41.0814], [-122.7529, 41.0813]], [[-122.7564, 41.0807], [-122.7561, 41.0813], [-122.7561, 41.0807], [-122.7564, 41.0807]], [[-122.7508, 41.0814], [-122.7504, 41.0809], [-122.7511, 41.0803], [-122.7514, 41.0808], [-122.7508, 41.0814]], [[-122.756, 41.0799], [-122.755, 41.0805], [-122.755, 41.0799], [-122.756, 41.0799]], [[-122.7539, 41.0802], [-122.7536, 41.0805], [-122.7536, 41.0802], [-122.7539, 41.0802]], [[-122.7575, 41.0799], [-122.7571, 41.0802], [-122.7571, 41.0799], [-122.7575, 41.0799]], [[-122.7536, 41.0802], [-122.7521, 41.0795], [-122.7531, 41.0784], [-122.7549, 41.0791], [-122.7536, 41.0802]], [[-122.7521, 41.0789], [-122.7507, 41.079], [-122.7506, 41.0787], [-122.7517, 41.0784], [-122.7521, 41.0789]], [[-122.7499, 41.0784], [-122.7492, 41.079], [-122.7489, 41.0785], [-122.7499, 41.0784]], [[-122.756, 41.0783], [-122.7556, 41.0786], [-122.7556, 41.0783], [-122.756, 41.0783]], [[-122.7456, 41.0783], [-122.7449, 41.0785], [-122.7449, 41.0783], [-122.7456, 41.0783]], [[-122.7553, 41.0778], [-122.7549, 41.0781], [-122.7549, 41.0778], [-122.7553, 41.0778]], [[-122.7546, 41.0781], [-122.7535, 41.0778], [-122.7535, 41.0775], [-122.7542, 41.0773], [-122.7546, 41.0781]], [[-122.7495, 41.0774], [-122.7492, 41.0782], [-122.7488, 41.0774], [-122.7495, 41.0774]], [[-122.7531, 41.0776], [-122.7528, 41.0778], [-122.7527, 41.0776], [-122.7531, 41.0776]], [[-122.7478, 41.0777], [-122.7474, 41.078], [-122.7474, 41.0777], [-122.7478, 41.0777]], [[-122.7452, 41.0775], [-122.7446, 41.078], [-122.7445, 41.0777], [-122.7452, 41.0775]], [[-122.7474, 41.0771], [-122.7467, 41.0777], [-122.7467, 41.0772], [-122.7474, 41.0771]], [[-122.7531, 41.077], [-122.7527, 41.0773], [-122.7527, 41.077], [-122.7531, 41.077]], [[-122.7566, 41.0764], [-122.7563, 41.0769], [-122.7563, 41.0764], [-122.7566, 41.0764]], [[-122.7549, 41.0767], [-122.7545, 41.077], [-122.7545, 41.0767], [-122.7549, 41.0767]], [[-122.7545, 41.0764], [-122.7541, 41.0767], [-122.7541, 41.0765], [-122.7545, 41.0764]], [[-122.7502, 41.0765], [-122.7499, 41.0768], [-122.7499, 41.0765], [-122.7502, 41.0765]], [[-122.747, 41.0769], [-122.7463, 41.0769], [-122.7463, 41.0761], [-122.7466, 41.0761], [-122.747, 41.0769]], [[-122.757, 41.0761], [-122.7566, 41.0764], [-122.7566, 41.0761], [-122.757, 41.0761]], [[-122.7509, 41.0763], [-122.7506, 41.0765], [-122.7506, 41.0763], [-122.7509, 41.0763]], [[-122.7473, 41.0761], [-122.747, 41.0763], [-122.747, 41.0761], [-122.7473, 41.0761]], [[-122.758, 41.0753], [-122.757, 41.0758], [-122.7569, 41.0753], [-122.758, 41.0753]], [[-122.7598, 41.0752], [-122.7587, 41.0753], [-122.7587, 41.075], [-122.7598, 41.0744], [-122.7598, 41.0752]], [[-122.7587, 41.0734], [-122.7583, 41.0737], [-122.7583, 41.0734], [-122.7587, 41.0734]]], [[[-122.7758, 41.0727], [-122.7736, 41.072], [-122.7743, 41.0714], [-122.7735, 41.0709], [-122.7722, 41.072], [-122.7722, 41.0728], [-122.7758, 41.0727]]], [[[-122.7654, 41.0727], [-122.7654, 41.0716], [-122.7647, 41.0719], [-122.7653, 41.0708], [-122.7643, 41.0708], [-122.7636, 41.0727], [-122.7654, 41.0727]]], [[[-122.765, 41.0703], [-122.766, 41.0705], [-122.766, 41.07], [-122.765, 41.0703]]], [[[-122.8061, 41.0726], [-122.8056, 41.0702], [-122.8066, 41.0672], [-122.8041, 41.0667], [-122.8041, 41.068], [-122.8023, 41.0681], [-122.802, 41.0673], [-122.803, 41.0667], [-122.8022, 41.0654], [-122.8033, 41.0643], [-122.8022, 41.0646], [-122.8011, 41.0635], [-122.8021, 41.0627], [-122.8039, 41.0634], [-122.8039, 41.0626], [-122.8003, 41.0619], [-122.8, 41.0625], [-122.8011, 41.0632], [-122.8, 41.0638], [-122.8005, 41.0654], [-122.7994, 41.066], [-122.7999, 41.0684], [-122.7992, 41.0695], [-122.7971, 41.0701], [-122.7971, 41.0717], [-122.7989, 41.0717], [-122.799, 41.0728], [-122.8029, 41.0727], [-122.8003, 41.07], [-122.8006, 41.0689], [-122.8017, 41.0686], [-122.8042, 41.0702], [-122.8046, 41.0718], [-122.8036, 41.0726], [-122.8061, 41.0726]], [[-122.8056, 41.0694], [-122.8053, 41.0699], [-122.8052, 41.0694], [-122.8056, 41.0694]], [[-122.8022, 41.0651], [-122.8019, 41.0654], [-122.8019, 41.0651], [-122.8022, 41.0651]]], [[[-122.7983, 41.066], [-122.7979, 41.0647], [-122.799, 41.0641], [-122.7989, 41.0622], [-122.7978, 41.0617], [-122.7976, 41.0658], [-122.7983, 41.066]]], [[[-122.8016, 41.0586], [-122.802, 41.0589], [-122.8023, 41.0586], [-122.8016, 41.0586]]], [[[-122.8013, 41.06], [-122.8006, 41.0592], [-122.8013, 41.0586], [-122.8002, 41.0587], [-122.7995, 41.0595], [-122.8013, 41.06]]], [[[-122.9388, 41.0284], [-122.9406, 41.0281], [-122.9402, 41.0271], [-122.9388, 41.0279], [-122.9388, 41.0284]]], [[[-122.9463, 41.028], [-122.9463, 41.0269], [-122.9466, 41.0258], [-122.9452, 41.0264], [-122.9456, 41.028], [-122.9463, 41.028]]], [[[-122.9336, 41.0215], [-122.9342, 41.021], [-122.9328, 41.0205], [-122.9325, 41.0213], [-122.9336, 41.0215]]]]}, "properties": {"layer": "interior"}}, {"type": "Feature", "geometry": {"type": "Polygon", "coordinates": [[[-123.0366, 41.0959], [-123.0373, 41.0956], [-123.0365, 41.0956], [-123.0366, 41.0959]]]}, "properties": {"layer": "cell", "cell_id": "311_3500", "seed_zone": "311", "elevation_band": "3500–4000 ft"}}, {"type": "Feature", "geometry": {"type": "Polygon", "coordinates": [[[-122.9374, 41.0296], [-122.9378, 41.0293], [-122.9374, 41.0293], [-122.9374, 41.0296]]]}, "properties": {"layer": "cell", "cell_id": "311_5000", "seed_zone": "311", "elevation_band": "5000–5500 ft"}}, {"type": "Feature", "geometry": {"type": "MultiPolygon", "coordinates": [[[[-122.9388, 41.0284], [-122.9406, 41.0281], [-122.9402, 41.0271], [-122.9388, 41.0279], [-122.9388, 41.0284]]], [[[-122.9336, 41.0215], [-122.9342, 41.021], [-122.9328, 41.0205], [-122.9325, 41.0213], [-122.9336, 41.0215]]]]}, "properties": {"layer": "cell", "cell_id": "311_5500", "seed_zone": "311", "elevation_band": "5500–6000 ft"}}, {"type": "Feature", "geometry": {"type": "Polygon", "coordinates": [[[-122.9413, 41.0278], [-122.9416, 41.0276], [-122.9413, 41.0276], [-122.9413, 41.0278]]]}, "properties": {"layer": "cell", "cell_id": "311_6000", "seed_zone": "311", "elevation_band": "6000–6500 ft"}}, {"type": "Feature", "geometry": {"type": "Polygon", "coordinates": [[[-122.9463, 41.028], [-122.9463, 41.0269], [-122.9466, 41.0258], [-122.9452, 41.0264], [-122.9456, 41.028], [-122.9463, 41.028]]]}, "properties": {"layer": "cell", "cell_id": "311_6500", "seed_zone": "311", "elevation_band": "6500–7000 ft"}}, {"type": "Feature", "geometry": {"type": "MultiPolygon", "coordinates": [[[[-122.8292, 41.2692], [-122.8292, 41.2687], [-122.8284, 41.2687], [-122.8285, 41.269], [-122.8292, 41.2692]]], [[[-122.8237, 41.2656], [-122.8247, 41.2653], [-122.8237, 41.2653], [-122.8237, 41.2656]]], [[[-122.8289, 41.2628], [-122.8292, 41.2617], [-122.8278, 41.2617], [-122.8282, 41.2628], [-122.8289, 41.2628]]], [[[-122.8255, 41.2585], [-122.827, 41.2587], [-122.827, 41.2582], [-122.8255, 41.2585]]]]}, "properties": {"layer": "cell", "cell_id": "322_4000", "seed_zone": "322", "elevation_band": "4000–4500 ft"}}, {"type": "Feature", "geometry": {"type": "MultiPolygon", "coordinates": [[[[-122.8086, 41.2729], [-122.8085, 41.2721], [-122.8078, 41.2722], [-122.8078, 41.2727], [-122.8086, 41.2729]]], [[[-122.8289, 41.2617], [-122.8289, 41.2611], [-122.8278, 41.2614], [-122.8278, 41.2617], [-122.8289, 41.2617]]], [[[-122.8277, 41.2585], [-122.8284, 41.2576], [-122.8269, 41.2579], [-122.8258, 41.2569], [-122.8244, 41.2569], [-122.8259, 41.2585], [-122.8277, 41.2585]]], [[[-122.8216, 41.2591], [-122.8219, 41.2572], [-122.8208, 41.2567], [-122.8212, 41.2564], [-122.8208, 41.2554], [-122.8201, 41.2578], [-122.8216, 41.2591]]], [[[-122.8283, 41.2563], [-122.8282, 41.2547], [-122.825, 41.2547], [-122.8254, 41.2561], [-122.8283, 41.2563]]], [[[-122.8321, 41.2535], [-122.8321, 41.2527], [-122.8317, 41.2527], [-122.8314, 41.2535], [-122.8321, 41.2535]]]]}, "properties": {"layer": "cell", "cell_id": "322_4500", "seed_zone": "322", "elevation_band": "4500–5000 ft"}}, {"type": "Feature", "geometry": {"type": "Polygon", "coordinates": [[[-122.7995, 41.2691], [-122.7998, 41.2688], [-122.7995, 41.2688], [-122.7995, 41.2691]]]}, "properties": {"layer": "cell", "cell_id": "322_5500", "seed_zone": "322", "elevation_band": "5500–6000 ft"}}, {"type": "Feature", "geometry": {"type": "Polygon", "coordinates": [[[-122.7963, 41.2697], [-122.7966, 41.2689], [-122.7991, 41.2686], [-122.7966, 41.2683], [-122.7959, 41.2686], [-122.7963, 41.2697]]]}, "properties": {"layer": "cell", "cell_id": "322_6000", "seed_zone": "322", "elevation_band": "6000–6500 ft"}}, {"type": "Feature", "geometry": {"type": "MultiPolygon", "coordinates": [[[[-122.7959, 41.27], [-122.7959, 41.2684], [-122.7941, 41.2684], [-122.7941, 41.2692], [-122.7959, 41.27]]], [[[-122.7907, 41.2655], [-122.7904, 41.265], [-122.7893, 41.265], [-122.7893, 41.2653], [-122.7907, 41.2655]]]]}, "properties": {"layer": "cell", "cell_id": "322_6500", "seed_zone": "322", "elevation_band": "6500–7000 ft"}}, {"type": "Feature", "geometry": {"type": "MultiPolygon", "coordinates": [[[[-122.7732, 41.0987], [-122.7724, 41.0969], [-122.7717, 41.0969], [-122.7714, 41.0977], [-122.7732, 41.0987]]], [[[-122.7681, 41.0967], [-122.7681, 41.0962], [-122.767, 41.0962], [-122.767, 41.0964], [-122.7681, 41.0967]]], [[[-122.7706, 41.0966], [-122.7699, 41.0958], [-122.7685, 41.0961], [-122.7685, 41.0967], [-122.7706, 41.0966]]], [[[-122.7606, 41.0969], [-122.7613, 41.0963], [-122.7602, 41.0961], [-122.7606, 41.0969]]], [[[-122.7588, 41.0964], [-122.7599, 41.0961], [-122.7588, 41.0961], [-122.7588, 41.0964]]], [[[-122.7585, 41.0972], [-122.7588, 41.0964], [-122.757, 41.0959], [-122.757, 41.0967], [-122.7585, 41.0972]]], [[[-122.7537, 41.0943], [-122.7534, 41.0938], [-122.7527, 41.0938], [-122.7527, 41.0943], [-122.7537, 41.0943]]], [[[-122.7738, 41.0947], [-122.7733, 41.0925], [-122.7719, 41.0931], [-122.7701, 41.0921], [-122.7676, 41.0921], [-122.7648, 41.0938], [-122.7629, 41.0919], [-122.7619, 41.0925], [-122.7615, 41.092], [-122.7601, 41.0923], [-122.7637, 41.0935], [-122.7648, 41.0949], [-122.7683, 41.0932], [-122.7738, 41.0947]]], [[[-122.7569, 41.094], [-122.7597, 41.0923], [-122.7572, 41.0923], [-122.7572, 41.0913], [-122.7554, 41.0902], [-122.7569, 41.094]], [[-122.7568, 41.0913], [-122.7565, 41.0915], [-122.7565, 41.0913], [-122.7568, 41.0913]]], [[[-122.7417, 41.0867], [-122.7413, 41.0854], [-122.7405, 41.0849], [-122.7402, 41.0868], [-122.7417, 41.0867]]], [[[-122.7402, 41.0851], [-122.7409, 41.0843], [-122.738, 41.0844], [-122.7384, 41.0852], [-122.7402, 41.0851]]], [[[-122.7508, 41.0827], [-122.7515, 41.0822], [-122.7504, 41.0819], [-122.7508, 41.0827]]], [[[-122.7451, 41.0837], [-122.7458, 41.0834], [-122.7454, 41.0815], [-122.7447, 41.0815], [-122.7444, 41.0826], [-122.7451, 41.0837]]], [[[-122.7436, 41.0821], [-122.7443, 41.0818], [-122.7436, 41.0815], [-122.7436, 41.0821]]], [[[-122.7458, 41.0818], [-122.7465, 41.0812], [-122.7457, 41.081], [-122.7458, 41.0818]]], [[[-122.7439, 41.0799], [-122.7435, 41.0794], [-122.7428, 41.0794], [-122.7428, 41.0799], [-122.7439, 41.0799]]], [[[-122.7443, 41.0796], [-122.7453, 41.0788], [-122.7442, 41.0783], [-122.7428, 41.0786], [-122.7443, 41.0796]]]]}, "properties": {"layer": "cell", "cell_id": "331_2500", "seed_zone": "331", "elevation_band": "2500–3000 ft"}}, {"type": "Feature", "geometry": {"type": "MultiPolygon", "coordinates": [[[[-122.8094, 41.1115], [-122.8094, 41.1109], [-122.8083, 41.1109], [-122.8083, 41.1112], [-122.8094, 41.1115]]], [[[-122.8116, 41.112], [-122.8119, 41.1109], [-122.8097, 41.109], [-122.8103, 41.1082], [-122.8068, 41.1083], [-122.8068, 41.1088], [-122.805, 41.1091], [-122.805, 41.1099], [-122.8064, 41.1091], [-122.8075, 41.1093], [-122.8079, 41.111], [-122.8094, 41.1107], [-122.8098, 41.1115], [-122.8116, 41.112]], [[-122.8097, 41.1098], [-122.8093, 41.1101], [-122.8093, 41.1098], [-122.8097, 41.1098]], [[-122.8086, 41.109], [-122.8082, 41.1093], [-122.8082, 41.1091], [-122.8086, 41.109]], [[-122.8079, 41.1085], [-122.8075, 41.1088], [-122.8075, 41.1085], [-122.8079, 41.1085]]], [[[-122.7829, 41.1085], [-122.7828, 41.108], [-122.7818, 41.1083], [-122.7818, 41.1086], [-122.7829, 41.1085]]], [[[-122.8071, 41.108], [-122.8073, 41.1047], [-122.7973, 41.1047], [-122.7999, 41.106], [-122.8038, 41.1054], [-122.8049, 41.1062], [-122.8046, 41.107], [-122.8071, 41.108]], [[-122.806, 41.1061], [-122.8053, 41.1061], [-122.8052, 41.1056], [-122.8056, 41.1056], [-122.806, 41.1061]]], [[[-122.7818, 41.1083], [-122.7828, 41.1077], [-122.7824, 41.1061], [-122.7817, 41.1067], [-122.7817, 41.1061], [-122.7799, 41.1056], [-122.7795, 41.1043], [-122.778, 41.104], [-122.7796, 41.1073], [-122.7803, 41.107], [-122.7803, 41.1081], [-122.7811, 41.1083], [-122.7814, 41.1075], [-122.7818, 41.1083]], [[-122.7814, 41.1069], [-122.781, 41.1072], [-122.781, 41.107], [-122.7814, 41.1069]], [[-122.7806, 41.1067], [-122.7799, 41.1067], [-122.7796, 41.1062], [-122.7803, 41.1062], [-122.7806, 41.1067]]], [[[-122.7777, 41.1041], [-122.7773, 41.1033], [-122.7766, 41.1033], [-122.7766, 41.1041], [-122.7777, 41.1041]]], [[[-122.7755, 41.1033], [-122.7755, 41.1025], [-122.7744, 41.1022], [-122.7744, 41.103], [-122.7755, 41.1033]]], [[[-122.7801, 41.1021], [-122.7808, 41.1021], [-122.7822, 41.1015], [-122.7804, 41.1016], [-122.7801, 41.1021]]], [[[-122.7736, 41.1012], [-122.7743, 41.1006], [-122.774, 41.1006], [-122.7736, 41.1012]]], [[[-122.7665, 41.1013], [-122.7665, 41.1008], [-122.7654, 41.1011], [-122.7654, 41.1014], [-122.7665, 41.1013]]], [[[-122.7865, 41.1003], [-122.7868, 41.0995], [-122.7864, 41.0995], [-122.7865, 41.1003]]], [[[-122.7875, 41.0995], [-122.7875, 41.0987], [-122.7871, 41.0987], [-122.7868, 41.0993], [-122.7875, 41.0995]]], [[[-122.7885, 41.0981], [-122.7892, 41.0984], [-122.7892, 41.0978], [-122.7885, 41.0981]]], [[[-122.7835, 41.0977], [-122.7835, 41.0969], [-122.7828, 41.0969], [-122.7828, 41.0975], [-122.7835, 41.0977]]], [[[-122.7719, 41.1012], [-122.7715, 41.1004], [-122.7732, 41.0987], [-122.7725, 41.0988], [-122.7706, 41.0966], [-122.767, 41.0964], [-122.7663, 41.097], [-122.7667, 41.0978], [-122.7685, 41.0978], [-122.7696, 41.0969], [-122.7706, 41.0975], [-122.7707, 41.0983], [-122.769, 41.0999], [-122.7682, 41.0999], [-122.7686, 41.0991], [-122.7672, 41.0994], [-122.7657, 41.0984], [-122.765, 41.0992], [-122.7661, 41.0994], [-122.7647, 41.0995], [-122.765, 41.1003], [-122.7661, 41.1003], [-122.7661, 41.1005], [-122.7665, 41.1005], [-122.7668, 41.1008], [-122.7669, 41.1013], [-122.7676, 41.1008], [-122.7683, 41.1013], [-122.7719, 41.1012]], [[-122.7675, 41.1002], [-122.7672, 41.1005], [-122.7672, 41.1002], [-122.7675, 41.1002]], [[-122.7672, 41.1], [-122.7665, 41.1005], [-122.7657, 41.0997], [-122.7668, 41.0994], [-122.7672, 41.1]], [[-122.7675, 41.0997], [-122.7672, 41.1], [-122.7672, 41.0997], [-122.7675, 41.0997]], [[-122.771, 41.0983], [-122.7707, 41.0985], [-122.7707, 41.0983], [-122.771, 41.0983]]], [[[-122.7622, 41.1014], [-122.7615, 41.1012], [-122.7625, 41.1003], [-122.7621, 41.0993], [-122.7607, 41.0985], [-122.7617, 41.0968], [-122.7588, 41.0964], [-122.7578, 41.0972], [-122.7553, 41.0964], [-122.7553, 41.0972], [-122.7571, 41.0975], [-122.7579, 41.0991], [-122.7596, 41.0985], [-122.7607, 41.0998], [-122.7618, 41.0995], [-122.7618, 41.1003], [-122.7601, 41.1007], [-122.7601, 41.1012], [-122.7579, 41.1007], [-122.7572, 41.1015], [-122.7622, 41.1014]], [[-122.7608, 41.1009], [-122.7604, 41.1012], [-122.7604, 41.1009], [-122.7608, 41.1009]], [[-122.761, 41.0974], [-122.7607, 41.0977], [-122.7606, 41.0974], [-122.761, 41.0974]], [[-122.7606, 41.0971], [-122.7603, 41.0974], [-122.7603, 41.0971], [-122.7606, 41.0971]]], [[[-122.7789, 41.0983], [-122.7778, 41.097], [-122.7796, 41.0973], [-122.7796, 41.0978], [-122.7828, 41.0977], [-122.7824, 41.0969], [-122.7838, 41.0963], [-122.7834, 41.0953], [-122.7809, 41.0951], [-122.7809, 41.0956], [-122.7802, 41.0956], [-122.7805, 41.0948], [-122.7816, 41.0948], [-122.7812, 41.0942], [-122.7741, 41.0941], [-122.7743, 41.0903], [-122.7711, 41.0904], [-122.7719, 41.0917], [-122.7708, 41.0926], [-122.7719, 41.0931], [-122.7733, 41.0925], [-122.7738, 41.0947], [-122.7745, 41.0955], [-122.7755, 41.0949], [-122.7749, 41.096], [-122.7789, 41.0983]], [[-122.781, 41.097], [-122.7806, 41.0972], [-122.7806, 41.097], [-122.781, 41.097]], [[-122.7803, 41.0972], [-122.7792, 41.097], [-122.7795, 41.0959], [-122.7809, 41.0959], [-122.7803, 41.0972]], [[-122.7792, 41.0965], [-122.7788, 41.0967], [-122.7788, 41.0965], [-122.7792, 41.0965]], [[-122.7777, 41.0962], [-122.7774, 41.0965], [-122.7774, 41.0962], [-122.7777, 41.0962]], [[-122.7781, 41.0959], [-122.7777, 41.0962], [-122.7777, 41.0959], [-122.7781, 41.0959]], [[-122.7813, 41.0956], [-122.7809, 41.0959], [-122.7809, 41.0956], [-122.7813, 41.0956]], [[-122.777, 41.0957], [-122.7767, 41.096], [-122.7766, 41.0957], [-122.777, 41.0957]], [[-122.7729, 41.0915], [-122.7726, 41.0917], [-122.7726, 41.0915], [-122.7729, 41.0915]]], [[[-122.7651, 41.0938], [-122.7676, 41.0921], [-122.7708, 41.0923], [-122.7697, 41.0915], [-122.7708, 41.091], [-122.7704, 41.0902], [-122.7671, 41.09], [-122.765, 41.0911], [-122.7639, 41.0903], [-122.7643, 41.0897], [-122.7625, 41.0895], [-122.7618, 41.0903], [-122.7625, 41.0903], [-122.7633, 41.0914], [-122.7625, 41.0911], [-122.7622, 41.092], [-122.7651, 41.0938]], [[-122.7643, 41.0914], [-122.764, 41.0919], [-122.7636, 41.0914], [-122.7643, 41.0914]], [[-122.7682, 41.0905], [-122.7675, 41.091], [-122.7672, 41.0905], [-122.7682, 41.0905]], [[-122.77, 41.0904], [-122.7697, 41.0907], [-122.7697, 41.0904], [-122.77, 41.0904]]], [[[-122.7612, 41.0923], [-122.7604, 41.0909], [-122.7614, 41.0904], [-122.7614, 41.0895], [-122.7607, 41.0901], [-122.7593, 41.0901], [-122.7604, 41.0898], [-122.7596, 41.0888], [-122.7553, 41.0872], [-122.7554, 41.0902], [-122.7572, 41.0913], [-122.7572, 41.0923], [-122.7601, 41.0923], [-122.7597, 41.0917], [-122.7612, 41.0923]], [[-122.7589, 41.0896], [-122.7586, 41.0899], [-122.7586, 41.0896], [-122.7589, 41.0896]], [[-122.7578, 41.0888], [-122.7571, 41.0891], [-122.7571, 41.0888], [-122.7578, 41.0888]]], [[[-122.7402, 41.0868], [-122.7402, 41.0851], [-122.7391, 41.0849], [-122.7391, 41.0857], [-122.7381, 41.0857], [-122.7384, 41.0854], [-122.738, 41.0849], [-122.7374, 41.0863], [-122.7402, 41.0868]]], [[[-122.7555, 41.0837], [-122.7572, 41.0823], [-122.7582, 41.0799], [-122.7578, 41.0785], [-122.756, 41.0797], [-122.7546, 41.0794], [-122.7532, 41.0803], [-122.7521, 41.0795], [-122.7528, 41.0784], [-122.7507, 41.079], [-122.7506, 41.0782], [-122.7492, 41.0782], [-122.7491, 41.0768], [-122.7467, 41.0777], [-122.7463, 41.0758], [-122.7441, 41.0761], [-122.742, 41.0775], [-122.7421, 41.0791], [-122.7439, 41.0783], [-122.7449, 41.0785], [-122.7453, 41.0793], [-122.7471, 41.0782], [-122.7481, 41.0785], [-122.7485, 41.0795], [-122.7465, 41.0818], [-122.7486, 41.0809], [-122.7497, 41.0817], [-122.75, 41.0817], [-122.75, 41.0814], [-122.7504, 41.0814], [-122.7511, 41.0822], [-122.754, 41.0821], [-122.7537, 41.0827], [-122.7555, 41.0837]], [[-122.7551, 41.0824], [-122.7547, 41.0827], [-122.7547, 41.0824], [-122.7551, 41.0824]], [[-122.7568, 41.0815], [-122.7565, 41.0818], [-122.7565, 41.0815], [-122.7568, 41.0815]], [[-122.7529, 41.0813], [-122.7525, 41.0816], [-122.7525, 41.0814], [-122.7529, 41.0813]], [[-122.7564, 41.0807], [-122.7561, 41.0813], [-122.7561, 41.0807], [-122.7564, 41.0807]], [[-122.7508, 41.0814], [-122.7504, 41.0809], [-122.7511, 41.0803], [-122.7514, 41.0808], [-122.7508, 41.0814]], [[-122.756, 41.0799], [-122.755, 41.0805], [-122.755, 41.0799], [-122.756, 41.0799]], [[-122.7539, 41.0802], [-122.7536, 41.0805], [-122.7536, 41.0802], [-122.7539, 41.0802]], [[-122.7575, 41.0799], [-122.7571, 41.0802], [-122.7571, 41.0799], [-122.7575, 41.0799]], [[-122.7499, 41.0784], [-122.7492, 41.079], [-122.7489, 41.0785], [-122.7499, 41.0784]], [[-122.7456, 41.0783], [-122.7449, 41.0785], [-122.7449, 41.0783], [-122.7456, 41.0783]], [[-122.7478, 41.0777], [-122.7474, 41.078], [-122.7474, 41.0777], [-122.7478, 41.0777]], [[-122.7452, 41.0775], [-122.7446, 41.078], [-122.7445, 41.0777], [-122.7452, 41.0775]]]]}, "properties": {"layer": "cell", "cell_id": "331_3000", "seed_zone": "331", "elevation_band": "3000–3500 ft"}}, {"type": "Feature", "geometry": {"type": "MultiPolygon", "coordinates": [[[[-122.8119, 41.1109], [-122.8118, 41.1082], [-122.8096, 41.1085], [-122.8097, 41.109], [-122.8119, 41.1109]]], [[[-122.7838, 41.0961], [-122.7837, 41.0942], [-122.7827, 41.0942], [-122.782, 41.0953], [-122.783, 41.095], [-122.7838, 41.0961]]], [[[-122.7707, 41.0907], [-122.7743, 41.0903], [-122.7725, 41.0893], [-122.7721, 41.0877], [-122.7689, 41.088], [-122.7667, 41.0873], [-122.7656, 41.0876], [-122.7656, 41.087], [-122.7649, 41.0878], [-122.7606, 41.0869], [-122.7614, 41.0879], [-122.7596, 41.0888], [-122.7607, 41.0898], [-122.7653, 41.0892], [-122.7664, 41.0902], [-122.77, 41.0902], [-122.7693, 41.0891], [-122.7703, 41.0891], [-122.7707, 41.0907]], [[-122.7631, 41.0882], [-122.7628, 41.0892], [-122.7628, 41.0882], [-122.7631, 41.0882]], [[-122.7707, 41.0885], [-122.7703, 41.0888], [-122.7703, 41.0885], [-122.7707, 41.0885]], [[-122.7682, 41.0883], [-122.7678, 41.0886], [-122.7678, 41.0883], [-122.7682, 41.0883]], [[-122.7642, 41.0884], [-122.7639, 41.0887], [-122.7639, 41.0884], [-122.7642, 41.0884]], [[-122.7624, 41.0884], [-122.7617, 41.0887], [-122.7617, 41.0885], [-122.7624, 41.0884]], [[-122.7671, 41.0881], [-122.7667, 41.0883], [-122.7667, 41.0881], [-122.7671, 41.0881]], [[-122.7642, 41.0879], [-122.7635, 41.0884], [-122.7635, 41.0879], [-122.7642, 41.0879]], [[-122.7667, 41.0878], [-122.766, 41.0881], [-122.766, 41.0878], [-122.7667, 41.0878]]], [[[-122.7581, 41.088], [-122.7588, 41.0869], [-122.756, 41.087], [-122.756, 41.0875], [-122.7581, 41.088]]], [[[-122.782, 41.0872], [-122.7824, 41.0864], [-122.7838, 41.0861], [-122.783, 41.085], [-122.7802, 41.0856], [-122.7791, 41.0854], [-122.7791, 41.0846], [-122.7748, 41.0852], [-122.7749, 41.0863], [-122.7759, 41.086], [-122.777, 41.087], [-122.782, 41.0872]], [[-122.7788, 41.0859], [-122.7784, 41.0862], [-122.7784, 41.0859], [-122.7788, 41.0859]], [[-122.7777, 41.0859], [-122.7774, 41.0862], [-122.7773, 41.0859], [-122.7777, 41.0859]], [[-122.7795, 41.0856], [-122.7791, 41.0859], [-122.7791, 41.0856], [-122.7795, 41.0856]]], [[[-122.756, 41.0797], [-122.7595, 41.0769], [-122.7611, 41.0728], [-122.7594, 41.0731], [-122.759, 41.0742], [-122.7573, 41.0748], [-122.758, 41.0756], [-122.7562, 41.0756], [-122.7556, 41.077], [-122.7545, 41.077], [-122.7537, 41.0756], [-122.7523, 41.0757], [-122.7519, 41.0746], [-122.7487, 41.0747], [-122.7484, 41.0755], [-122.7463, 41.0758], [-122.7474, 41.0774], [-122.7491, 41.0768], [-122.7495, 41.0779], [-122.751, 41.0787], [-122.7535, 41.0784], [-122.756, 41.0797]], [[-122.756, 41.0783], [-122.7556, 41.0786], [-122.7556, 41.0783], [-122.756, 41.0783]], [[-122.7553, 41.0778], [-122.7549, 41.0781], [-122.7549, 41.0778], [-122.7553, 41.0778]], [[-122.7546, 41.0781], [-122.7535, 41.0778], [-122.7535, 41.0775], [-122.7542, 41.0773], [-122.7546, 41.0781]], [[-122.7531, 41.0776], [-122.7528, 41.0778], [-122.7527, 41.0776], [-122.7531, 41.0776]], [[-122.7531, 41.077], [-122.7527, 41.0773], [-122.7527, 41.077], [-122.7531, 41.077]], [[-122.7566, 41.0764], [-122.7563, 41.0769], [-122.7563, 41.0764], [-122.7566, 41.0764]], [[-122.7502, 41.0765], [-122.7499, 41.0768], [-122.7499, 41.0765], [-122.7502, 41.0765]], [[-122.757, 41.0761], [-122.7566, 41.0764], [-122.7566, 41.0761], [-122.757, 41.0761]], [[-122.7509, 41.0763], [-122.7506, 41.0765], [-122.7506, 41.0763], [-122.7509, 41.0763]], [[-122.7473, 41.0761], [-122.747, 41.0763], [-122.747, 41.0761], [-122.7473, 41.0761]], [[-122.7598, 41.0752], [-122.7587, 41.0753], [-122.7587, 41.075], [-122.7598, 41.0744], [-122.7598, 41.0752]]], [[[-122.7654, 41.0727], [-122.7654, 41.0716], [-122.7647, 41.0719], [-122.7653, 41.0708], [-122.7643, 41.0708], [-122.7636, 41.0727], [-122.7654, 41.0727]]], [[[-122.765, 41.0703], [-122.766, 41.0705], [-122.766, 41.07], [-122.765, 41.0703]]]]}, "properties": {"layer": "cell", "cell_id": "331_3500", "seed_zone": "331", "elevation_band": "3500–4000 ft"}}, {"type": "Feature", "geometry": {"type": "MultiPolygon", "coordinates": [[[[-122.7706, 41.0874], [-122.7721, 41.0877], [-122.7717, 41.0872], [-122.7685, 41.087], [-122.7689, 41.088], [-122.7706, 41.088], [-122.7706, 41.0874]]], [[[-122.7681, 41.0875], [-122.7677, 41.087], [-122.7656, 41.087], [-122.7667, 41.0875], [-122.7681, 41.0875]]], [[[-122.7635, 41.0876], [-122.7652, 41.087], [-122.7627, 41.0871], [-122.7635, 41.0876]]], [[[-122.7938, 41.0858], [-122.7944, 41.0837], [-122.7929, 41.0834], [-122.7923, 41.0843], [-122.7894, 41.0832], [-122.788, 41.0838], [-122.7876, 41.0827], [-122.7861, 41.0822], [-122.7858, 41.0844], [-122.7876, 41.0838], [-122.7887, 41.0849], [-122.7905, 41.0848], [-122.7909, 41.0859], [-122.7919, 41.0851], [-122.7938, 41.0858]], [[-122.7916, 41.0843], [-122.7912, 41.0848], [-122.7908, 41.0843], [-122.7916, 41.0843]]], [[[-122.7888, 41.087], [-122.7884, 41.0854], [-122.7866, 41.0863], [-122.7848, 41.0858], [-122.7848, 41.0844], [-122.7815, 41.084], [-122.7808, 41.0832], [-122.7811, 41.0821], [-122.779, 41.0816], [-122.7768, 41.0824], [-122.7769, 41.0841], [-122.7751, 41.0844], [-122.7759, 41.0852], [-122.7791, 41.0846], [-122.7798, 41.0856], [-122.783, 41.085], [-122.7838, 41.0861], [-122.7824, 41.0864], [-122.782, 41.0872], [-122.7842, 41.0871], [-122.7841, 41.0866], [-122.7888, 41.087]], [[-122.7787, 41.0838], [-122.7783, 41.084], [-122.7783, 41.0838], [-122.7787, 41.0838]], [[-122.7804, 41.0826], [-122.7801, 41.0832], [-122.7797, 41.0826], [-122.7804, 41.0826]]], [[[-122.7833, 41.082], [-122.7829, 41.081], [-122.7811, 41.0815], [-122.7811, 41.0821], [-122.7833, 41.082]]], [[[-122.7839, 41.0812], [-122.7839, 41.0804], [-122.7836, 41.0804], [-122.7832, 41.0809], [-122.7839, 41.0812]]], [[[-122.7556, 41.077], [-122.7559, 41.0759], [-122.759, 41.0742], [-122.759, 41.0731], [-122.7576, 41.0729], [-122.7576, 41.0734], [-122.7558, 41.074], [-122.7533, 41.0738], [-122.7516, 41.0743], [-122.7523, 41.0757], [-122.7537, 41.0756], [-122.7556, 41.077]], [[-122.7587, 41.0734], [-122.7583, 41.0737], [-122.7583, 41.0734], [-122.7587, 41.0734]]], [[[-122.7668, 41.0729], [-122.7679, 41.0726], [-122.7668, 41.0727], [-122.7668, 41.0729]]]]}, "properties": {"layer": "cell", "cell_id": "331_4000", "seed_zone": "331", "elevation_band": "4000–4500 ft"}}, {"type": "Feature", "geometry": {"type": "MultiPolygon", "coordinates": [[[[-122.7918, 41.0816], [-122.7925, 41.0813], [-122.7918, 41.081], [-122.7918, 41.0816]]], [[[-122.7887, 41.0838], [-122.7893, 41.0822], [-122.7908, 41.0821], [-122.7914, 41.081], [-122.7864, 41.0806], [-122.7865, 41.0822], [-122.7887, 41.0838]]], [[[-122.7953, 41.0799], [-122.7949, 41.0791], [-122.7942, 41.0791], [-122.7946, 41.0799], [-122.7953, 41.0799]]], [[[-122.7779, 41.0824], [-122.7786, 41.0816], [-122.7811, 41.0821], [-122.7814, 41.0813], [-122.7843, 41.0801], [-122.7839, 41.079], [-122.7849, 41.0793], [-122.7849, 41.0787], [-122.7821, 41.0788], [-122.7813, 41.0783], [-122.7806, 41.0788], [-122.7778, 41.0789], [-122.7767, 41.0797], [-122.7779, 41.0824]], [[-122.7786, 41.0805], [-122.7782, 41.0808], [-122.7782, 41.0805], [-122.7786, 41.0805]], [[-122.7839, 41.0798], [-122.7835, 41.0801], [-122.7835, 41.0799], [-122.7839, 41.0798]], [[-122.7775, 41.08], [-122.7771, 41.0803], [-122.7771, 41.08], [-122.7775, 41.08]], [[-122.781, 41.0794], [-122.7807, 41.0797], [-122.7807, 41.0794], [-122.781, 41.0794]], [[-122.7813, 41.0788], [-122.781, 41.0794], [-122.781, 41.0788], [-122.7813, 41.0788]]], [[[-122.7959, 41.0777], [-122.7959, 41.0766], [-122.7955, 41.0766], [-122.7952, 41.0774], [-122.7959, 41.0777]]], [[[-122.8054, 41.0726], [-122.805, 41.0718], [-122.8036, 41.0724], [-122.8036, 41.0726], [-122.8054, 41.0726]]], [[[-122.8015, 41.0727], [-122.8029, 41.0724], [-122.8014, 41.0716], [-122.8015, 41.0727]]], [[[-122.7747, 41.0728], [-122.7736, 41.0722], [-122.7732, 41.0709], [-122.7722, 41.0728], [-122.7747, 41.0728]]], [[[-122.8031, 41.0694], [-122.8031, 41.0683], [-122.8027, 41.0683], [-122.8024, 41.0694], [-122.8031, 41.0694]]]]}, "properties": {"layer": "cell", "cell_id": "331_4500", "seed_zone": "331", "elevation_band": "4500–5000 ft"}}, {"type": "Feature", "geometry": {"type": "MultiPolygon", "coordinates": [[[[-122.7789, 41.0791], [-122.7795, 41.0783], [-122.7788, 41.0783], [-122.778, 41.0765], [-122.7771, 41.0792], [-122.7789, 41.0791]]], [[[-122.7966, 41.0752], [-122.7965, 41.0731], [-122.7947, 41.0728], [-122.7947, 41.0739], [-122.7954, 41.0742], [-122.7958, 41.0736], [-122.7966, 41.0752]]], [[[-122.774, 41.0725], [-122.7757, 41.0725], [-122.7736, 41.072], [-122.774, 41.0725]]], [[[-122.7736, 41.0712], [-122.7739, 41.0714], [-122.7743, 41.0711], [-122.7736, 41.0712]]], [[[-122.8057, 41.0726], [-122.8066, 41.0672], [-122.8041, 41.0667], [-122.8045, 41.0675], [-122.8031, 41.0683], [-122.8031, 41.0697], [-122.8038, 41.0697], [-122.8039, 41.0707], [-122.8057, 41.0726]], [[-122.8056, 41.0694], [-122.8053, 41.0699], [-122.8052, 41.0694], [-122.8056, 41.0694]]], [[[-122.7983, 41.066], [-122.7983, 41.0655], [-122.7976, 41.0655], [-122.7976, 41.0658], [-122.7983, 41.066]]], [[[-122.8015, 41.0727], [-122.8003, 41.0695], [-122.8013, 41.0686], [-122.8027, 41.0689], [-122.8031, 41.0681], [-122.802, 41.0673], [-122.803, 41.0667], [-122.8022, 41.0654], [-122.8033, 41.0648], [-122.8033, 41.0643], [-122.8015, 41.0643], [-122.8014, 41.063], [-122.8, 41.0638], [-122.7999, 41.0684], [-122.7992, 41.0695], [-122.7971, 41.0701], [-122.7971, 41.0717], [-122.7989, 41.0717], [-122.799, 41.0728], [-122.8015, 41.0727]], [[-122.8022, 41.0651], [-122.8019, 41.0654], [-122.8019, 41.0651], [-122.8022, 41.0651]]], [[[-122.8039, 41.0634], [-122.8039, 41.0626], [-122.8028, 41.0621], [-122.8014, 41.0627], [-122.8039, 41.0634]]]]}, "properties": {"layer": "cell", "cell_id": "331_5000", "seed_zone": "331", "elevation_band": "5000–5500 ft"}}, {"type": "Feature", "geometry": {"type": "MultiPolygon", "coordinates": [[[[-122.8014, 41.063], [-122.8018, 41.0621], [-122.8003, 41.0619], [-122.8, 41.0625], [-122.8014, 41.063]]], [[[-122.798, 41.0655], [-122.7983, 41.0641], [-122.799, 41.0641], [-122.7989, 41.0622], [-122.7982, 41.0617], [-122.7975, 41.063], [-122.798, 41.0655]]], [[[-122.8016, 41.0586], [-122.802, 41.0589], [-122.8023, 41.0586], [-122.8016, 41.0586]]], [[[-122.8013, 41.06], [-122.8006, 41.0592], [-122.8013, 41.0586], [-122.8002, 41.0587], [-122.7995, 41.0595], [-122.8013, 41.06]]]]}, "properties": {"layer": "cell", "cell_id": "331_5500", "seed_zone": "331", "elevation_band": "5500–6000 ft"}}]}
