{"type": "FeatureCollection", "features": [{"type": "Feature", "geometry": {"type": "MultiPolygon", "coordinates": [[[[-120.6993, 40.3194], [-120.7017, 40.3186], [-120.7004, 40.3181], [-120.702, 40.3165], [-120.7037, 40.317], [-120.704, 40.3163], [-120.7059, 40.3177], [-120.7067, 40.316], [-120.7058, 40.3149], [-120.7073, 40.3133], [-120.7087, 40.3132], [-120.7092, 40.3117], [-120.7111, 40.3114], [-120.7122, 40.3123], [-120.7128, 40.3115], [-120.7152, 40.3116], [-120.7141, 40.3107], [-120.7149, 40.311], [-120.7158, 40.31], [-120.7174, 40.3106], [-120.7165, 40.3078], [-120.7175, 40.3056], [-120.719, 40.3044], [-120.7207, 40.3044], [-120.7205, 40.3028], [-120.723, 40.2991], [-120.7305, 40.2936], [-120.7329, 40.2901], [-120.7336, 40.2906], [-120.7363, 40.2872], [-120.7406, 40.2877], [-120.7443, 40.2854], [-120.7455, 40.2855], [-120.747, 40.284], [-120.7463, 40.2818], [-120.744, 40.2799], [-120.7445, 40.2782], [-120.7434, 40.2778], [-120.7426, 40.2761], [-120.7462, 40.2744], [-120.7469, 40.2725], [-120.7458, 40.2712], [-120.7517, 40.2685], [-120.7534, 40.2663], [-120.7492, 40.2678], [-120.7446, 40.2666], [-120.7451, 40.2641], [-120.7434, 40.2613], [-120.7437, 40.2589], [-120.7454, 40.256], [-120.7475, 40.2545], [-120.7508, 40.2543], [-120.751, 40.2559], [-120.7519, 40.2563], [-120.7542, 40.2556], [-120.7546, 40.2533], [-120.7538, 40.2506], [-120.7562, 40.2483], [-120.7567, 40.2466], [-120.7623, 40.2472], [-120.7645, 40.2494], [-120.7673, 40.2503], [-120.7734, 40.248], [-120.7758, 40.2484], [-120.7764, 40.2488], [-120.776, 40.2543], [-120.7813, 40.2573], [-120.7872, 40.2587], [-120.7875, 40.2594], [-120.7852, 40.2604], [-120.7853, 40.2618], [-120.787, 40.2624], [-120.7915, 40.2624], [-120.7911, 40.2651], [-120.7968, 40.2672], [-120.7969, 40.2685], [-120.799, 40.2695], [-120.7977, 40.2715], [-120.801, 40.2731], [-120.8018, 40.2744], [-120.7998, 40.2757], [-120.8025, 40.2759], [-120.8038, 40.2747], [-120.8069, 40.2758], [-120.8083, 40.2775], [-120.808, 40.2785], [-120.807, 40.2782], [-120.8059, 40.2789], [-120.8052, 40.2808], [-120.8058, 40.2822], [-120.8045, 40.2826], [-120.8029, 40.2846], [-120.8021, 40.2847], [-120.8014, 40.2828], [-120.8004, 40.2824], [-120.7952, 40.2842], [-120.7943, 40.2858], [-120.7964, 40.2854], [-120.7978, 40.2881], [-120.7966, 40.2883], [-120.7967, 40.2892], [-120.794, 40.2913], [-120.7935, 40.295], [-120.7922, 40.2951], [-120.7916, 40.2961], [-120.792, 40.2979], [-120.7942, 40.3], [-120.7934, 40.3006], [-120.7949, 40.3038], [-120.7921, 40.3072], [-120.7923, 40.3088], [-120.7934, 40.3092], [-120.7927, 40.3101], [-120.7942, 40.3137], [-120.797, 40.3166], [-120.8, 40.3243], [-120.7995, 40.3262], [-120.8008, 40.3309], [-120.7987, 40.3357], [-120.7992, 40.3374], [-120.7951, 40.3375], [-120.7921, 40.3387], [-120.7895, 40.341], [-120.7862, 40.3421], [-120.7771, 40.3484], [-120.7737, 40.3517], [-120.774, 40.3536], [-120.7732, 40.3545], [-120.771, 40.3548], [-120.7656, 40.3576], [-120.7649, 40.3594], [-120.7609, 40.3598], [-120.7574, 40.3619], [-120.7552, 40.3621], [-120.7546, 40.3627], [-120.7552, 40.3637], [-120.7571, 40.3645], [-120.7564, 40.367], [-120.7551, 40.3678], [-120.7549, 40.3698], [-120.7518, 40.3703], [-120.7522, 40.3717], [-120.7474, 40.3703], [-120.747, 40.3712], [-120.7444, 40.3726], [-120.7381, 40.3716], [-120.7373, 40.3726], [-120.7362, 40.3727], [-120.7354, 40.3741], [-120.7307, 40.3729], [-120.7313, 40.3764], [-120.7293, 40.3771], [-120.7262, 40.377], [-120.7257, 40.3776], [-120.7252, 40.3796], [-120.7265, 40.382], [-120.726, 40.3831], [-120.7243, 40.3827], [-120.7238, 40.3798], [-120.7216, 40.3796], [-120.7185, 40.3804], [-120.7162, 40.3798], [-120.7162, 40.3793], [-120.7142, 40.3793], [-120.712, 40.3803], [-120.7089, 40.3801], [-120.7081, 40.3815], [-120.7063, 40.382], [-120.7042, 40.3836], [-120.7007, 40.3829], [-120.6988, 40.384], [-120.6968, 40.3839], [-120.6907, 40.386], [-120.6876, 40.3854], [-120.6887, 40.3827], [-120.6918, 40.3805], [-120.6907, 40.3789], [-120.6915, 40.3761], [-120.6937, 40.3754], [-120.696, 40.3765], [-120.6996, 40.3758], [-120.701, 40.3762], [-120.7007, 40.3754], [-120.6979, 40.3746], [-120.6971, 40.3736], [-120.6929, 40.3737], [-120.6915, 40.3728], [-120.6907, 40.3737], [-120.689, 40.374], [-120.688, 40.3759], [-120.6835, 40.3771], [-120.6799, 40.3759], [-120.6795, 40.3738], [-120.6812, 40.3731], [-120.6793, 40.3705], [-120.6812, 40.3685], [-120.6827, 40.3686], [-120.6835, 40.3678], [-120.6837, 40.3665], [-120.6824, 40.3654], [-120.6837, 40.3647], [-120.6909, 40.3629], [-120.6935, 40.365], [-120.6948, 40.3649], [-120.6951, 40.3642], [-120.691, 40.3613], [-120.6878, 40.362], [-120.6874, 40.361], [-120.6845, 40.3599], [-120.6808, 40.3606], [-120.6793, 40.3592], [-120.6745, 40.358], [-120.6688, 40.3574], [-120.6688, 40.3582], [-120.6638, 40.3578], [-120.6614, 40.3586], [-120.6555, 40.358], [-120.6589, 40.353], [-120.6587, 40.3513], [-120.6579, 40.3506], [-120.6567, 40.3506], [-120.6546, 40.3524], [-120.6507, 40.3533], [-120.6495, 40.3543], [-120.6448, 40.3545], [-120.6444, 40.3539], [-120.6459, 40.3524], [-120.6431, 40.3509], [-120.6402, 40.3507], [-120.6392, 40.3521], [-120.6397, 40.3524], [-120.6383, 40.3537], [-120.6378, 40.3519], [-120.6352, 40.3531], [-120.6342, 40.3523], [-120.6333, 40.3529], [-120.6327, 40.3515], [-120.6337, 40.3513], [-120.6337, 40.3499], [-120.6318, 40.3499], [-120.6307, 40.3484], [-120.6287, 40.3485], [-120.6222, 40.3517], [-120.6228, 40.3525], [-120.622, 40.3536], [-120.6098, 40.3602], [-120.6066, 40.3609], [-120.6047, 40.3606], [-120.6022, 40.3618], [-120.6, 40.3615], [-120.6004, 40.3621], [-120.5984, 40.3638], [-120.5876, 40.365], [-120.5764, 40.3649], [-120.5732, 40.3661], [-120.5705, 40.3656], [-120.5697, 40.3649], [-120.5747, 40.3649], [-120.57, 40.3597], [-120.5705, 40.3591], [-120.5722, 40.3591], [-120.573, 40.3581], [-120.5779, 40.3561], [-120.5783, 40.357], [-120.5817, 40.3569], [-120.5858, 40.3585], [-120.5867, 40.3555], [-120.5874, 40.3552], [-120.5885, 40.3558], [-120.5904, 40.3547], [-120.5861, 40.3508], [-120.5892, 40.3507], [-120.5942, 40.3526], [-120.5988, 40.3528], [-120.5988, 40.3551], [-120.6018, 40.3544], [-120.6021, 40.3551], [-120.6088, 40.3556], [-120.6108, 40.3546], [-120.6111, 40.3538], [-120.61, 40.3543], [-120.6124, 40.3501], [-120.6115, 40.3487], [-120.6129, 40.3464], [-120.6078, 40.344], [-120.6082, 40.3424], [-120.6089, 40.3402], [-120.6129, 40.3357], [-120.6138, 40.3326], [-120.6124, 40.3312], [-120.6132, 40.3295], [-120.6128, 40.3286], [-120.6207, 40.3261], [-120.6207, 40.3251], [-120.6186, 40.3243], [-120.62, 40.3227], [-120.628, 40.3201], [-120.6369, 40.3198], [-120.6431, 40.3156], [-120.6459, 40.3151], [-120.6478, 40.3135], [-120.6502, 40.3134], [-120.6515, 40.3145], [-120.6554, 40.3137], [-120.6575, 40.3142], [-120.6579, 40.3134], [-120.6608, 40.3127], [-120.662, 40.3109], [-120.6639, 40.3116], [-120.6647, 40.3136], [-120.6661, 40.3144], [-120.667, 40.3136], [-120.6669, 40.3124], [-120.6688, 40.3119], [-120.669, 40.3137], [-120.6712, 40.317], [-120.6738, 40.3168], [-120.6752, 40.3134], [-120.6773, 40.3135], [-120.6773, 40.3155], [-120.6784, 40.3161], [-120.68, 40.3155], [-120.6802, 40.3146], [-120.6817, 40.3148], [-120.683, 40.3162], [-120.682, 40.3169], [-120.6832, 40.3175], [-120.6865, 40.317], [-120.6881, 40.3178], [-120.6895, 40.3202], [-120.6916, 40.3198], [-120.6939, 40.3219], [-120.6951, 40.322], [-120.6957, 40.3211], [-120.6966, 40.322], [-120.6993, 40.3194]], [[-120.706, 40.3178], [-120.7059, 40.3178], [-120.706, 40.3178], [-120.706, 40.3178]]], [[[-120.6668, 40.3585], [-120.6675, 40.3586], [-120.667, 40.3587], [-120.6668, 40.3585]]], [[[-120.5935, 40.3683], [-120.5945, 40.3678], [-120.594, 40.3687], [-120.5935, 40.3683]]], [[[-120.6877, 40.3838], [-120.6876, 40.384], [-120.6875, 40.3838], [-120.6877, 40.3838]]]]}, "properties": {"layer": "perimeter"}}, {"type": "Feature", "geometry": {"type": "MultiPolygon", "coordinates": [[[[-120.7298, 40.294], [-120.7363, 40.2872], [-120.7406, 40.2877], [-120.7443, 40.2854], [-120.7455, 40.2855], [-120.747, 40.284], [-120.7463, 40.2818], [-120.744, 40.2799], [-120.7445, 40.2782], [-120.7434, 40.2778], [-120.7426, 40.2761], [-120.7462, 40.2744], [-120.7469, 40.2725], [-120.7458, 40.2712], [-120.7517, 40.2685], [-120.7534, 40.2663], [-120.7492, 40.2678], [-120.7446, 40.2666], [-120.7451, 40.2641], [-120.7434, 40.2613], [-120.7437, 40.2589], [-120.7469, 40.2548], [-120.7506, 40.2542], [-120.7514, 40.255], [-120.751, 40.2559], [-120.7519, 40.2563], [-120.7542, 40.2556], [-120.7546, 40.2533], [-120.7536, 40.2514], [-120.7538, 40.2507], [-120.7551, 40.2507], [-120.755, 40.2578], [-120.7832, 40.2579], [-120.7831, 40.2618], [-120.774, 40.2617], [-120.7739, 40.2687], [-120.7738, 40.2723], [-120.7829, 40.2724], [-120.783, 40.2798], [-120.7595, 40.2796], [-120.7595, 40.2867], [-120.755, 40.2868], [-120.7551, 40.2943], [-120.7453, 40.2943], [-120.7455, 40.301], [-120.7497, 40.3013], [-120.7497, 40.3049], [-120.7405, 40.3049], [-120.7405, 40.3012], [-120.7312, 40.3011], [-120.731, 40.2942], [-120.7298, 40.294]]], [[[-120.7998, 40.3234], [-120.7995, 40.3262], [-120.8008, 40.3309], [-120.7987, 40.3357], [-120.7992, 40.3374], [-120.7951, 40.3375], [-120.7921, 40.3387], [-120.7895, 40.341], [-120.7862, 40.3421], [-120.7771, 40.3484], [-120.7737, 40.3517], [-120.774, 40.3536], [-120.7732, 40.3545], [-120.771, 40.3548], [-120.7656, 40.3576], [-120.7649, 40.3594], [-120.7609, 40.3598], [-120.7574, 40.3619], [-120.7552, 40.3621], [-120.7546, 40.3627], [-120.7552, 40.3637], [-120.7571, 40.3645], [-120.7564, 40.367], [-120.7551, 40.3678], [-120.7549, 40.3698], [-120.7518, 40.3703], [-120.7519, 40.3718], [-120.7474, 40.3703], [-120.747, 40.3712], [-120.7444, 40.3726], [-120.7387, 40.3716], [-120.7375, 40.3721], [-120.7374, 40.37], [-120.7327, 40.37], [-120.7328, 40.3731], [-120.7307, 40.3729], [-120.7303, 40.3734], [-120.7313, 40.3746], [-120.7313, 40.3764], [-120.7293, 40.3771], [-120.7262, 40.377], [-120.7257, 40.3776], [-120.7252, 40.3796], [-120.7265, 40.382], [-120.726, 40.3831], [-120.7243, 40.3827], [-120.7238, 40.3798], [-120.7216, 40.3796], [-120.7185, 40.3804], [-120.7162, 40.3798], [-120.7162, 40.3793], [-120.712, 40.3803], [-120.7089, 40.3801], [-120.7081, 40.3815], [-120.7063, 40.382], [-120.7042, 40.3836], [-120.7016, 40.3828], [-120.7001, 40.3832], [-120.7, 40.3805], [-120.7047, 40.3805], [-120.7044, 40.3733], [-120.6997, 40.3733], [-120.6996, 40.3696], [-120.6901, 40.3695], [-120.6903, 40.3731], [-120.691, 40.3731], [-120.6907, 40.3737], [-120.689, 40.374], [-120.688, 40.3759], [-120.6841, 40.3772], [-120.6804, 40.3762], [-120.6795, 40.3738], [-120.6812, 40.3731], [-120.6793, 40.3705], [-120.6812, 40.3685], [-120.6827, 40.3686], [-120.6835, 40.3678], [-120.6837, 40.3665], [-120.6827, 40.3659], [-120.6827, 40.3651], [-120.6909, 40.3629], [-120.6935, 40.365], [-120.6948, 40.3649], [-120.6951, 40.3642], [-120.691, 40.3613], [-120.6878, 40.362], [-120.6874, 40.361], [-120.6845, 40.3599], [-120.6808, 40.3606], [-120.6793, 40.3592], [-120.6745, 40.358], [-120.6688, 40.3574], [-120.6688, 40.3582], [-120.6638, 40.3578], [-120.6614, 40.3586], [-120.6555, 40.358], [-120.6589, 40.353], [-120.6587, 40.3513], [-120.6579, 40.3506], [-120.6567, 40.3506], [-120.6546, 40.3524], [-120.6507, 40.3533], [-120.6495, 40.3543], [-120.6448, 40.3545], [-120.6444, 40.3539], [-120.6459, 40.3524], [-120.6431, 40.3509], [-120.6402, 40.3507], [-120.6392, 40.3521], [-120.6397, 40.3524], [-120.6383, 40.3537], [-120.6378, 40.3519], [-120.6352, 40.3531], [-120.6342, 40.3523], [-120.6333, 40.3529], [-120.6327, 40.3515], [-120.6337, 40.3513], [-120.6337, 40.3499], [-120.6318, 40.3499], [-120.6307, 40.3484], [-120.6287, 40.3485], [-120.6222, 40.3517], [-120.6228, 40.3525], [-120.622, 40.3536], [-120.6098, 40.3602], [-120.6066, 40.3609], [-120.6047, 40.3606], [-120.6022, 40.3618], [-120.6, 40.3615], [-120.6004, 40.3621], [-120.5984, 40.3638], [-120.5876, 40.365], [-120.5764, 40.3649], [-120.5732, 40.3661], [-120.5705, 40.3656], [-120.5697, 40.3649], [-120.5747, 40.3649], [-120.57, 40.3597], [-120.5705, 40.3591], [-120.5722, 40.3591], [-120.573, 40.3581], [-120.5779, 40.3561], [-120.5783, 40.357], [-120.5817, 40.3569], [-120.5858, 40.3585], [-120.5867, 40.3555], [-120.5874, 40.3552], [-120.5885, 40.3558], [-120.5904, 40.3547], [-120.5861, 40.3508], [-120.5892, 40.3507], [-120.5942, 40.3526], [-120.5988, 40.3528], [-120.5988, 40.3551], [-120.6018, 40.3544], [-120.6021, 40.3551], [-120.6088, 40.3556], [-120.6108, 40.3546], [-120.6111, 40.3538], [-120.61, 40.3543], [-120.6124, 40.3501], [-120.6115, 40.3487], [-120.6129, 40.3464], [-120.6078, 40.344], [-120.6089, 40.3402], [-120.6125, 40.3367], [-120.6133, 40.3344], [-120.6138, 40.3326], [-120.6124, 40.3312], [-120.6132, 40.3295], [-120.6128, 40.3286], [-120.6207, 40.3261], [-120.6207, 40.3251], [-120.6196, 40.3249], [-120.62, 40.3227], [-120.6241, 40.3215], [-120.6241, 40.3227], [-120.6746, 40.3226], [-120.6755, 40.3267], [-120.6794, 40.3268], [-120.6793, 40.3225], [-120.6982, 40.3228], [-120.6983, 40.3268], [-120.703, 40.3268], [-120.7031, 40.3304], [-120.7077, 40.3303], [-120.7076, 40.3229], [-120.7125, 40.3229], [-120.7125, 40.3267], [-120.7268, 40.3267], [-120.7268, 40.3231], [-120.7358, 40.3232], [-120.7359, 40.3268], [-120.7407, 40.3268], [-120.7406, 40.3232], [-120.7548, 40.3232], [-120.7549, 40.3269], [-120.7691, 40.3269], [-120.7694, 40.3341], [-120.7788, 40.3341], [-120.7787, 40.3305], [-120.774, 40.3305], [-120.7739, 40.3233], [-120.7998, 40.3234]], [[-120.685, 40.3546], [-120.6852, 40.3546], [-120.685, 40.3543], [-120.685, 40.3546]], [[-120.685, 40.3552], [-120.6856, 40.3552], [-120.685, 40.3546], [-120.685, 40.3552]], [[-120.6895, 40.3496], [-120.6919, 40.3482], [-120.6895, 40.3482], [-120.6895, 40.3496]], [[-120.6895, 40.3499], [-120.6896, 40.3517], [-120.6896, 40.3518], [-120.6908, 40.3511], [-120.6895, 40.3499]], [[-120.6991, 40.3555], [-120.7003, 40.3535], [-120.6968, 40.355], [-120.6959, 40.3542], [-120.6942, 40.3553], [-120.6991, 40.3555]], [[-120.7013, 40.3531], [-120.7007, 40.3524], [-120.7003, 40.3535], [-120.7013, 40.3531]], [[-120.6956, 40.3482], [-120.6942, 40.3482], [-120.6948, 40.3487], [-120.6956, 40.3482]], [[-120.6989, 40.3482], [-120.698, 40.3482], [-120.6989, 40.3491], [-120.6989, 40.3482]], [[-120.7038, 40.355], [-120.7036, 40.3554], [-120.7038, 40.3554], [-120.7038, 40.355]], [[-120.7185, 40.3695], [-120.7232, 40.3699], [-120.7231, 40.3663], [-120.7278, 40.3663], [-120.7277, 40.3627], [-120.7182, 40.3626], [-120.7179, 40.3555], [-120.7132, 40.3554], [-120.7136, 40.3662], [-120.7183, 40.3662], [-120.7185, 40.3695]]], [[[-120.7358, 40.3736], [-120.7348, 40.3741], [-120.7341, 40.3736], [-120.7358, 40.3736]]], [[[-120.6988, 40.384], [-120.6979, 40.3842], [-120.6974, 40.384], [-120.6988, 40.384]]], [[[-120.6965, 40.384], [-120.6907, 40.386], [-120.6876, 40.3854], [-120.6887, 40.3827], [-120.6918, 40.3805], [-120.6907, 40.3789], [-120.6911, 40.3768], [-120.6937, 40.3754], [-120.696, 40.3765], [-120.6998, 40.3759], [-120.7, 40.3805], [-120.6952, 40.3804], [-120.6954, 40.384], [-120.6965, 40.384]]], [[[-120.6998, 40.3748], [-120.6971, 40.3736], [-120.6929, 40.3737], [-120.6919, 40.3731], [-120.6997, 40.3733], [-120.6998, 40.3748]]], [[[-120.6673, 40.3582], [-120.667, 40.3587], [-120.6668, 40.3585], [-120.6673, 40.3582]]], [[[-120.5941, 40.3676], [-120.5946, 40.3681], [-120.594, 40.3687], [-120.5935, 40.3683], [-120.5941, 40.3676]]], [[[-120.6879, 40.384], [-120.6875, 40.3838], [-120.6877, 40.3838], [-120.6879, 40.384]]], [[[-120.7738, 40.2978], [-120.7785, 40.2977], [-120.7786, 40.305], [-120.7738, 40.305], [-120.7737, 40.3086], [-120.7687, 40.3086], [-120.7686, 40.3013], [-120.7738, 40.3014], [-120.7738, 40.2978]]], [[[-120.7359, 40.3085], [-120.7312, 40.3085], [-120.7314, 40.3049], [-120.736, 40.305], [-120.7359, 40.3085]]]]}, "properties": {"layer": "retained"}}, {"type": "Feature", "geometry": {"type": "MultiPolygon", "coordinates": [[[[-120.6894, 40.3844], [-120.6897, 40.3842], [-120.6894, 40.3842], [-120.6894, 40.3844]]], [[[-120.6908, 40.3839], [-120.6911, 40.3836], [-120.6908, 40.3836], [-120.6908, 40.3839]]], [[[-120.6911, 40.3836], [-120.6915, 40.3833], [-120.6911, 40.3833], [-120.6911, 40.3836]]], [[[-120.6989, 40.379], [-120.6992, 40.3792], [-120.6996, 40.379], [-120.6989, 40.379]]], [[[-120.6999, 40.38], [-120.6985, 40.3795], [-120.6982, 40.3782], [-120.6971, 40.3784], [-120.6985, 40.3801], [-120.6999, 40.38]]], [[[-120.7045, 40.3789], [-120.7052, 40.3781], [-120.7045, 40.3779], [-120.7045, 40.3789]]], [[[-120.7098, 40.3781], [-120.7105, 40.3778], [-120.7098, 40.3778], [-120.7098, 40.3781]]], [[[-120.6967, 40.3782], [-120.6971, 40.3779], [-120.6967, 40.3779], [-120.6967, 40.3782]]], [[[-120.7112, 40.3784], [-120.7112, 40.3775], [-120.7109, 40.3776], [-120.7105, 40.3784], [-120.7112, 40.3784]]], [[[-120.7059, 40.3773], [-120.7063, 40.377], [-120.7059, 40.377], [-120.7059, 40.3773]]], [[[-120.6964, 40.3774], [-120.6967, 40.3771], [-120.6964, 40.3771], [-120.6964, 40.3774]]], [[[-120.7066, 40.3781], [-120.7066, 40.3776], [-120.7084, 40.377], [-120.707, 40.3768], [-120.707, 40.3773], [-120.7049, 40.3776], [-120.7066, 40.3781]]], [[[-120.7172, 40.377], [-120.7176, 40.3767], [-120.7172, 40.3767], [-120.7172, 40.377]]], [[[-120.7211, 40.374], [-120.7214, 40.3737], [-120.7211, 40.3737], [-120.7211, 40.374]]], [[[-120.7176, 40.3781], [-120.7165, 40.3772], [-120.7165, 40.3764], [-120.7176, 40.3759], [-120.7165, 40.3754], [-120.7168, 40.3743], [-120.7176, 40.3745], [-120.7172, 40.3735], [-120.7144, 40.374], [-120.7133, 40.3751], [-120.7105, 40.3751], [-120.7091, 40.3762], [-120.7098, 40.3776], [-120.7109, 40.3762], [-120.7126, 40.3762], [-120.713, 40.3781], [-120.7137, 40.3775], [-120.7176, 40.3781]], [[-120.7169, 40.3759], [-120.7165, 40.3762], [-120.7165, 40.3759], [-120.7169, 40.3759]]], [[[-120.7196, 40.3702], [-120.72, 40.3705], [-120.7203, 40.3702], [-120.7196, 40.3702]]], [[[-120.7341, 40.3696], [-120.7348, 40.3693], [-120.7341, 40.3693], [-120.7341, 40.3696]]], [[[-120.7204, 40.3764], [-120.7232, 40.375], [-120.7232, 40.3745], [-120.7253, 40.3745], [-120.726, 40.3734], [-120.7271, 40.3734], [-120.7274, 40.3723], [-120.7313, 40.3718], [-120.7292, 40.3712], [-120.7292, 40.3718], [-120.7249, 40.3723], [-120.7249, 40.3718], [-120.726, 40.3721], [-120.7271, 40.3712], [-120.727, 40.3702], [-120.7253, 40.3699], [-120.7256, 40.3707], [-120.7249, 40.3707], [-120.7249, 40.3699], [-120.7235, 40.3691], [-120.7232, 40.3699], [-120.721, 40.3699], [-120.72, 40.3713], [-120.7189, 40.3705], [-120.7172, 40.3735], [-120.7193, 40.3743], [-120.719, 40.3753], [-120.7204, 40.3764]], [[-120.7218, 40.3748], [-120.719, 40.374], [-120.719, 40.3735], [-120.7218, 40.3734], [-120.7218, 40.3748]], [[-120.7221, 40.3729], [-120.7218, 40.3732], [-120.7218, 40.3729], [-120.7221, 40.3729]], [[-120.7189, 40.3729], [-120.7186, 40.3732], [-120.7186, 40.3729], [-120.7189, 40.3729]], [[-120.7193, 40.3724], [-120.7189, 40.3726], [-120.7189, 40.3724], [-120.7193, 40.3724]], [[-120.7249, 40.3715], [-120.7246, 40.3718], [-120.7246, 40.3715], [-120.7249, 40.3715]], [[-120.7246, 40.3707], [-120.7242, 40.3713], [-120.7242, 40.3707], [-120.7246, 40.3707]]], [[[-120.7475, 40.369], [-120.7479, 40.3687], [-120.7475, 40.3687], [-120.7475, 40.369]]], [[[-120.7454, 40.3687], [-120.7458, 40.3684], [-120.7454, 40.3684], [-120.7454, 40.3687]]], [[[-120.7292, 40.3688], [-120.7295, 40.3685], [-120.7291, 40.3685], [-120.7292, 40.3688]]], [[[-120.7454, 40.3695], [-120.7454, 40.369], [-120.7436, 40.3682], [-120.7433, 40.369], [-120.7454, 40.3695]]], [[[-120.7309, 40.3688], [-120.7306, 40.3683], [-120.7299, 40.3683], [-120.7302, 40.3688], [-120.7309, 40.3688]]], [[[-120.7383, 40.3685], [-120.7387, 40.3682], [-120.7383, 40.3682], [-120.7383, 40.3685]]], [[[-120.7157, 40.3686], [-120.7161, 40.3683], [-120.7157, 40.3683], [-120.7157, 40.3686]]], [[[-120.7465, 40.3679], [-120.7468, 40.3676], [-120.7465, 40.3676], [-120.7465, 40.3679]]], [[[-120.7285, 40.371], [-120.7292, 40.3693], [-120.7281, 40.3688], [-120.7281, 40.3677], [-120.727, 40.3685], [-120.7235, 40.368], [-120.7246, 40.3686], [-120.7246, 40.3694], [-120.7256, 40.3691], [-120.726, 40.3696], [-120.726, 40.3691], [-120.727, 40.3691], [-120.727, 40.3702], [-120.7285, 40.371]], [[-120.7281, 40.3699], [-120.7278, 40.3702], [-120.7277, 40.3699], [-120.7281, 40.3699]], [[-120.7277, 40.3696], [-120.7274, 40.3699], [-120.7274, 40.3696], [-120.7277, 40.3696]]], [[[-120.7324, 40.3718], [-120.7327, 40.3699], [-120.7337, 40.3693], [-120.733, 40.3693], [-120.733, 40.3682], [-120.7316, 40.3674], [-120.7306, 40.3707], [-120.7324, 40.3718]]], [[[-120.7493, 40.3684], [-120.7496, 40.3676], [-120.7486, 40.3673], [-120.7486, 40.3679], [-120.7493, 40.3684]]], [[[-120.7168, 40.3678], [-120.7171, 40.3675], [-120.7168, 40.3675], [-120.7168, 40.3678]]], [[[-120.7394, 40.3679], [-120.7394, 40.3671], [-120.739, 40.3671], [-120.7383, 40.3679], [-120.7394, 40.3679]]], [[[-120.7475, 40.3673], [-120.7482, 40.3671], [-120.7475, 40.3671], [-120.7475, 40.3673]]], [[[-120.7376, 40.3674], [-120.738, 40.3671], [-120.7376, 40.3671], [-120.7376, 40.3674]]], [[[-120.7005, 40.3673], [-120.7009, 40.3671], [-120.7005, 40.3671], [-120.7005, 40.3673]]], [[[-120.7366, 40.3674], [-120.7369, 40.3666], [-120.7365, 40.3666], [-120.7366, 40.3674]]], [[[-120.7482, 40.3671], [-120.7486, 40.3665], [-120.7482, 40.3665], [-120.7482, 40.3671]]], [[[-120.738, 40.3671], [-120.7383, 40.3666], [-120.738, 40.3666], [-120.738, 40.3671]]], [[[-120.7394, 40.3671], [-120.7404, 40.3666], [-120.7394, 40.3666], [-120.7394, 40.3671]]], [[[-120.7263, 40.3669], [-120.7267, 40.3667], [-120.7263, 40.3667], [-120.7263, 40.3669]]], [[[-120.7002, 40.3671], [-120.7005, 40.3668], [-120.7002, 40.3668], [-120.7002, 40.3671]]], [[[-120.7362, 40.3666], [-120.7358, 40.3661], [-120.7351, 40.3661], [-120.7351, 40.3666], [-120.7362, 40.3666]]], [[[-120.7535, 40.3662], [-120.7539, 40.366], [-120.7535, 40.366], [-120.7535, 40.3662]]], [[[-120.7299, 40.368], [-120.7316, 40.3672], [-120.7277, 40.3658], [-120.7274, 40.3669], [-120.7281, 40.3666], [-120.7299, 40.368]]], [[[-120.7397, 40.3658], [-120.7404, 40.3658], [-120.7408, 40.3655], [-120.7397, 40.3658]]], [[[-120.7549, 40.3665], [-120.756, 40.3657], [-120.7556, 40.3651], [-120.7539, 40.3662], [-120.7549, 40.3665]]], [[[-120.756, 40.3654], [-120.7563, 40.3651], [-120.756, 40.3651], [-120.756, 40.3654]]], [[[-120.7408, 40.3655], [-120.7411, 40.3652], [-120.7408, 40.3652], [-120.7408, 40.3655]]], [[[-120.7546, 40.3657], [-120.7542, 40.3649], [-120.7538, 40.3649], [-120.7538, 40.3657], [-120.7546, 40.3657]]], [[[-120.7026, 40.3657], [-120.703, 40.3652], [-120.7026, 40.3652], [-120.7026, 40.3657]]], [[[-120.7316, 40.3653], [-120.7319, 40.365], [-120.7316, 40.365], [-120.7316, 40.3653]]], [[[-120.7461, 40.3649], [-120.7464, 40.3646], [-120.7461, 40.3646], [-120.7461, 40.3649]]], [[[-120.7044, 40.3649], [-120.7047, 40.3646], [-120.7044, 40.3646], [-120.7044, 40.3649]]], [[[-120.7033, 40.3646], [-120.704, 40.3644], [-120.7033, 40.3644], [-120.7033, 40.3646]]], [[[-120.7334, 40.365], [-120.7344, 40.3642], [-120.7344, 40.3636], [-120.7333, 40.3642], [-120.7319, 40.3639], [-120.7334, 40.365]]], [[[-120.7482, 40.3638], [-120.7485, 40.3636], [-120.7482, 40.3636], [-120.7482, 40.3638]]], [[[-120.7358, 40.3639], [-120.7362, 40.3636], [-120.7358, 40.3636], [-120.7358, 40.3639]]], [[[-120.7001, 40.3641], [-120.7005, 40.3638], [-120.7001, 40.3638], [-120.7001, 40.3641]]], [[[-120.7429, 40.3636], [-120.7432, 40.363], [-120.7429, 40.363], [-120.7429, 40.3636]]], [[[-120.7344, 40.3634], [-120.7347, 40.3631], [-120.7344, 40.3631], [-120.7344, 40.3634]]], [[[-120.7107, 40.3635], [-120.7111, 40.3632], [-120.7107, 40.3632], [-120.7107, 40.3635]]], [[[-120.6991, 40.3647], [-120.6998, 40.3636], [-120.698, 40.363], [-120.698, 40.3636], [-120.6984, 40.3636], [-120.6984, 40.3638], [-120.6987, 40.3638], [-120.6991, 40.3641], [-120.6991, 40.3647]], [[-120.6991, 40.3636], [-120.6987, 40.3638], [-120.6987, 40.3636], [-120.6991, 40.3636]]], [[[-120.7517, 40.3627], [-120.752, 40.3624], [-120.7517, 40.3625], [-120.7517, 40.3627]]], [[[-120.7422, 40.3628], [-120.7425, 40.3625], [-120.7422, 40.3625], [-120.7422, 40.3628]]], [[[-120.7107, 40.3627], [-120.7111, 40.3624], [-120.7107, 40.3624], [-120.7107, 40.3627]]], [[[-120.7061, 40.3627], [-120.7065, 40.3624], [-120.7061, 40.3624], [-120.7061, 40.3627]]], [[[-120.7082, 40.3624], [-120.7082, 40.3619], [-120.7075, 40.3619], [-120.7075, 40.3622], [-120.7082, 40.3624]]], [[[-120.7513, 40.3619], [-120.7517, 40.3616], [-120.7513, 40.3616], [-120.7513, 40.3619]]], [[[-120.7072, 40.3622], [-120.7075, 40.3616], [-120.7065, 40.3616], [-120.7065, 40.3619], [-120.7072, 40.3622]]], [[[-120.7446, 40.3636], [-120.7453, 40.363], [-120.7453, 40.3611], [-120.7436, 40.3622], [-120.7446, 40.3636]]], [[[-120.7054, 40.3616], [-120.7058, 40.3614], [-120.7054, 40.3614], [-120.7054, 40.3616]]], [[[-120.7549, 40.3611], [-120.7556, 40.3605], [-120.7549, 40.3605], [-120.7549, 40.3611]]], [[[-120.7294, 40.3612], [-120.7298, 40.3607], [-120.7294, 40.3607], [-120.7294, 40.3612]]], [[[-120.752, 40.3608], [-120.7524, 40.3606], [-120.752, 40.3606], [-120.752, 40.3608]]], [[[-120.7499, 40.3608], [-120.751, 40.3606], [-120.7499, 40.3606], [-120.7499, 40.3608]]], [[[-120.7556, 40.3605], [-120.7559, 40.3603], [-120.7556, 40.3603], [-120.7556, 40.3605]]], [[[-120.7322, 40.3607], [-120.7326, 40.3604], [-120.7322, 40.3604], [-120.7322, 40.3607]]], [[[-120.7527, 40.3603], [-120.7531, 40.36], [-120.7527, 40.36], [-120.7527, 40.3603]]], [[[-120.752, 40.3603], [-120.7524, 40.36], [-120.752, 40.36], [-120.752, 40.3603]]], [[[-120.7326, 40.3604], [-120.733, 40.3601], [-120.7326, 40.3601], [-120.7326, 40.3604]]], [[[-120.7298, 40.3604], [-120.7301, 40.3601], [-120.7298, 40.3602], [-120.7298, 40.3604]]], [[[-120.7496, 40.36], [-120.7499, 40.3598], [-120.7495, 40.3598], [-120.7496, 40.36]]], [[[-120.733, 40.3601], [-120.7333, 40.3599], [-120.7329, 40.3599], [-120.733, 40.3601]]], [[[-120.758, 40.3597], [-120.7584, 40.3592], [-120.758, 40.3592], [-120.758, 40.3597]]], [[[-120.7354, 40.3598], [-120.7354, 40.3593], [-120.734, 40.359], [-120.7344, 40.3599], [-120.7354, 40.3598]]], [[[-120.7584, 40.3592], [-120.7587, 40.3589], [-120.7584, 40.3589], [-120.7584, 40.3592]]], [[[-120.751, 40.3598], [-120.7506, 40.3587], [-120.7485, 40.3587], [-120.7488, 40.3598], [-120.7495, 40.3592], [-120.751, 40.3598]]], [[[-120.7601, 40.36], [-120.7605, 40.3594], [-120.7605, 40.3586], [-120.7594, 40.3592], [-120.7601, 40.36]]], [[[-120.7478, 40.359], [-120.7481, 40.3587], [-120.7478, 40.3587], [-120.7478, 40.359]]], [[[-120.7125, 40.3592], [-120.7132, 40.3589], [-120.7125, 40.3589], [-120.7125, 40.3592]]], [[[-120.7506, 40.3587], [-120.7513, 40.3584], [-120.7506, 40.3584], [-120.7506, 40.3587]]], [[[-120.7481, 40.3587], [-120.7485, 40.3584], [-120.7481, 40.3584], [-120.7481, 40.3587]]], [[[-120.7492, 40.3584], [-120.7495, 40.3581], [-120.7492, 40.3581], [-120.7492, 40.3584]]], [[[-120.7464, 40.3582], [-120.7467, 40.3579], [-120.7464, 40.3579], [-120.7464, 40.3582]]], [[[-120.6838, 40.3583], [-120.6842, 40.358], [-120.6838, 40.358], [-120.6838, 40.3583]]], [[[-120.7516, 40.3579], [-120.752, 40.3573], [-120.7516, 40.3573], [-120.7516, 40.3579]]], [[[-120.7495, 40.3576], [-120.7499, 40.3579], [-120.7509, 40.3576], [-120.7499, 40.3573], [-120.7495, 40.3576]]], [[[-120.7538, 40.3576], [-120.7541, 40.3573], [-120.7538, 40.3573], [-120.7538, 40.3576]]], [[[-120.7375, 40.3579], [-120.7379, 40.3571], [-120.7364, 40.3569], [-120.7365, 40.3577], [-120.7372, 40.3574], [-120.7375, 40.3579]]], [[[-120.7623, 40.3591], [-120.7622, 40.3578], [-120.7637, 40.3581], [-120.764, 40.3567], [-120.7605, 40.3578], [-120.7608, 40.3589], [-120.7619, 40.3583], [-120.7623, 40.3591]], [[-120.7633, 40.3572], [-120.7629, 40.3575], [-120.7629, 40.3573], [-120.7633, 40.3572]]], [[[-120.7425, 40.3571], [-120.7428, 40.3568], [-120.7425, 40.3568], [-120.7425, 40.3571]]], [[[-120.5991, 40.3576], [-120.5994, 40.3573], [-120.5991, 40.3573], [-120.5991, 40.3576]]], [[[-120.758, 40.357], [-120.758, 40.3565], [-120.7569, 40.3562], [-120.7569, 40.3565], [-120.758, 40.357]]], [[[-120.7389, 40.3566], [-120.7393, 40.3563], [-120.7389, 40.3563], [-120.7389, 40.3566]]], [[[-120.7276, 40.3575], [-120.7276, 40.3561], [-120.7248, 40.3567], [-120.7262, 40.3569], [-120.7262, 40.3572], [-120.7266, 40.3572], [-120.7266, 40.3575], [-120.7276, 40.3575]], [[-120.7269, 40.3569], [-120.7266, 40.3572], [-120.7266, 40.3569], [-120.7269, 40.3569]]], [[[-120.7315, 40.3566], [-120.7315, 40.3561], [-120.7308, 40.3561], [-120.7308, 40.3564], [-120.7315, 40.3566]]], [[[-120.6891, 40.3569], [-120.6895, 40.3561], [-120.6891, 40.3561], [-120.6891, 40.3569]]], [[[-120.7421, 40.3563], [-120.7421, 40.3555], [-120.7414, 40.3555], [-120.7414, 40.356], [-120.7421, 40.3563]]], [[[-120.7562, 40.3557], [-120.7566, 40.3554], [-120.7562, 40.3554], [-120.7562, 40.3557]]], [[[-120.7036, 40.356], [-120.7039, 40.3557], [-120.7036, 40.3557], [-120.7036, 40.356]]], [[[-120.6895, 40.3561], [-120.6898, 40.3558], [-120.6895, 40.3558], [-120.6895, 40.3561]]], [[[-120.7594, 40.3586], [-120.7594, 40.3567], [-120.7608, 40.3573], [-120.7622, 40.3567], [-120.7622, 40.3559], [-120.7608, 40.3551], [-120.7601, 40.3556], [-120.7583, 40.3551], [-120.758, 40.3565], [-120.7591, 40.3567], [-120.7587, 40.3573], [-120.7566, 40.357], [-120.7573, 40.3584], [-120.7576, 40.3576], [-120.7587, 40.3575], [-120.7584, 40.3586], [-120.7594, 40.3586]]], [[[-120.722, 40.3572], [-120.7234, 40.3564], [-120.7223, 40.3553], [-120.7216, 40.3564], [-120.7202, 40.3567], [-120.722, 40.3572]], [[-120.7227, 40.3559], [-120.7223, 40.3561], [-120.7223, 40.3559], [-120.7227, 40.3559]]], [[[-120.7534, 40.36], [-120.7552, 40.3603], [-120.7548, 40.3597], [-120.7563, 40.36], [-120.757, 40.3589], [-120.7563, 40.3589], [-120.7555, 40.3568], [-120.7545, 40.3568], [-120.7548, 40.3554], [-120.7541, 40.3551], [-120.7523, 40.3565], [-120.7523, 40.3573], [-120.7534, 40.3568], [-120.7552, 40.3578], [-120.7548, 40.3584], [-120.7559, 40.3586], [-120.7552, 40.3586], [-120.7552, 40.3595], [-120.7531, 40.3584], [-120.7513, 40.3589], [-120.7527, 40.3595], [-120.7545, 40.3592], [-120.7534, 40.36]], [[-120.7541, 40.3557], [-120.7537, 40.356], [-120.7537, 40.3557], [-120.7541, 40.3557]]], [[[-120.741, 40.3555], [-120.7414, 40.3552], [-120.741, 40.3552], [-120.741, 40.3555]]], [[[-120.7347, 40.3555], [-120.735, 40.3553], [-120.7347, 40.3553], [-120.7347, 40.3555]]], [[[-120.6676, 40.3559], [-120.6679, 40.3556], [-120.6676, 40.3556], [-120.6676, 40.3559]]], [[[-120.6994, 40.3565], [-120.6997, 40.3555], [-120.699, 40.3552], [-120.6955, 40.3552], [-120.6951, 40.3558], [-120.6994, 40.3565]], [[-120.6983, 40.3555], [-120.6979, 40.3557], [-120.6979, 40.3555], [-120.6983, 40.3555]]], [[[-120.6672, 40.3556], [-120.6676, 40.3554], [-120.6672, 40.3554], [-120.6672, 40.3556]]], [[[-120.6654, 40.3557], [-120.6658, 40.3554], [-120.6654, 40.3554], [-120.6654, 40.3557]]], [[[-120.7491, 40.3552], [-120.7495, 40.3546], [-120.7491, 40.3546], [-120.7491, 40.3552]]], [[[-120.7262, 40.355], [-120.7269, 40.3558], [-120.7269, 40.3548], [-120.7262, 40.355]]], [[[-120.7438, 40.3549], [-120.7442, 40.3547], [-120.7438, 40.3547], [-120.7438, 40.3549]]], [[[-120.7322, 40.3558], [-120.7322, 40.3547], [-120.7315, 40.3547], [-120.7308, 40.3556], [-120.7322, 40.3558]]], [[[-120.6905, 40.3552], [-120.6909, 40.355], [-120.6905, 40.355], [-120.6905, 40.3552]]], [[[-120.6916, 40.355], [-120.6919, 40.3547], [-120.6916, 40.3547], [-120.6916, 40.355]]], [[[-120.6651, 40.3551], [-120.6658, 40.3548], [-120.6651, 40.3548], [-120.6651, 40.3551]]], [[[-120.6965, 40.3549], [-120.6972, 40.3544], [-120.6962, 40.3544], [-120.6965, 40.3549]]], [[[-120.7272, 40.3545], [-120.7276, 40.3542], [-120.7272, 40.3542], [-120.7272, 40.3545]]], [[[-120.7149, 40.3546], [-120.7156, 40.3543], [-120.7149, 40.3543], [-120.7149, 40.3546]]], [[[-120.6976, 40.3547], [-120.6979, 40.3544], [-120.6976, 40.3544], [-120.6976, 40.3547]]], [[[-120.758, 40.3551], [-120.758, 40.354], [-120.7573, 40.3538], [-120.7566, 40.3546], [-120.758, 40.3551]]], [[[-120.7001, 40.3555], [-120.7004, 40.3549], [-120.7004, 40.3541], [-120.6997, 40.3547], [-120.7001, 40.3555]]], [[[-120.7633, 40.3537], [-120.7636, 40.354], [-120.764, 40.3537], [-120.7633, 40.3537]]], [[[-120.759, 40.354], [-120.7594, 40.3538], [-120.759, 40.3538], [-120.759, 40.354]]], [[[-120.7297, 40.3556], [-120.7308, 40.3539], [-120.7276, 40.354], [-120.7276, 40.3542], [-120.7297, 40.3556]]], [[[-120.6661, 40.3546], [-120.6665, 40.3543], [-120.6661, 40.3543], [-120.6661, 40.3546]]], [[[-120.6912, 40.3544], [-120.6919, 40.3539], [-120.6916, 40.3539], [-120.6912, 40.3544]]], [[[-120.7562, 40.3538], [-120.7565, 40.3535], [-120.7562, 40.3535], [-120.7562, 40.3538]]], [[[-120.7145, 40.3548], [-120.7138, 40.3535], [-120.7135, 40.3535], [-120.7131, 40.3546], [-120.7145, 40.3548]]], [[[-120.6933, 40.3547], [-120.6944, 40.3547], [-120.6944, 40.3536], [-120.6933, 40.3547]]], [[[-120.7597, 40.3535], [-120.7601, 40.3532], [-120.7597, 40.3532], [-120.7597, 40.3535]]], [[[-120.7347, 40.3536], [-120.735, 40.3534], [-120.7346, 40.3534], [-120.7347, 40.3536]]], [[[-120.7325, 40.3537], [-120.7329, 40.3534], [-120.7325, 40.3534], [-120.7325, 40.3537]]], [[[-120.7318, 40.3537], [-120.7322, 40.3534], [-120.7318, 40.3534], [-120.7318, 40.3537]]], [[[-120.764, 40.3535], [-120.7643, 40.3529], [-120.764, 40.3529], [-120.764, 40.3535]]], [[[-120.6972, 40.3539], [-120.6976, 40.3533], [-120.6972, 40.3533], [-120.6972, 40.3539]]], [[[-120.6919, 40.3539], [-120.6923, 40.3533], [-120.6919, 40.3533], [-120.6919, 40.3539]]], [[[-120.7481, 40.3533], [-120.7484, 40.353], [-120.7481, 40.353], [-120.7481, 40.3533]]], [[[-120.7145, 40.3535], [-120.7156, 40.3532], [-120.7145, 40.3532], [-120.7145, 40.3535]]], [[[-120.7131, 40.3535], [-120.7135, 40.3532], [-120.7131, 40.3532], [-120.7131, 40.3535]]], [[[-120.7654, 40.3526], [-120.7657, 40.3524], [-120.7654, 40.3524], [-120.7654, 40.3526]]], [[[-120.7512, 40.3527], [-120.7516, 40.3525], [-120.7512, 40.3525], [-120.7512, 40.3527]]], [[[-120.7195, 40.3529], [-120.7202, 40.3526], [-120.7195, 40.3526], [-120.7195, 40.3529]]], [[[-120.6644, 40.3532], [-120.6647, 40.353], [-120.6644, 40.353], [-120.6644, 40.3532]]], [[[-120.6637, 40.3567], [-120.6637, 40.3559], [-120.6651, 40.3554], [-120.6633, 40.3546], [-120.6644, 40.3532], [-120.6626, 40.3527], [-120.6612, 40.3532], [-120.6619, 40.3551], [-120.6601, 40.3559], [-120.6637, 40.3567]], [[-120.6633, 40.3559], [-120.6623, 40.3562], [-120.6623, 40.3557], [-120.6633, 40.3559]], [[-120.6637, 40.3557], [-120.6633, 40.3559], [-120.6633, 40.3557], [-120.6637, 40.3557]], [[-120.6633, 40.3535], [-120.663, 40.3538], [-120.6629, 40.3535], [-120.6633, 40.3535]], [[-120.6626, 40.3532], [-120.6622, 40.3535], [-120.6622, 40.3532], [-120.6626, 40.3532]]], [[[-120.765, 40.3524], [-120.7654, 40.3521], [-120.765, 40.3521], [-120.765, 40.3524]]], [[[-120.7293, 40.3526], [-120.7297, 40.3523], [-120.7293, 40.3523], [-120.7293, 40.3526]]], [[[-120.7368, 40.3528], [-120.7368, 40.352], [-120.736, 40.352], [-120.7361, 40.3528], [-120.7368, 40.3528]]], [[[-120.7071, 40.353], [-120.7081, 40.3524], [-120.7074, 40.3522], [-120.7071, 40.353]]], [[[-120.7138, 40.3524], [-120.7145, 40.3521], [-120.7138, 40.3521], [-120.7138, 40.3524]]], [[[-120.7103, 40.3524], [-120.7106, 40.3522], [-120.7103, 40.3522], [-120.7103, 40.3524]]], [[[-120.7357, 40.352], [-120.736, 40.3517], [-120.7357, 40.3517], [-120.7357, 40.352]]], [[[-120.7244, 40.3521], [-120.7247, 40.3518], [-120.7244, 40.3518], [-120.7244, 40.3521]]], [[[-120.7205, 40.3521], [-120.7209, 40.3518], [-120.7205, 40.3518], [-120.7205, 40.3521]]], [[[-120.6626, 40.3524], [-120.6629, 40.3522], [-120.6626, 40.3522], [-120.6626, 40.3524]]], [[[-120.7601, 40.3529], [-120.7604, 40.3521], [-120.7597, 40.3524], [-120.7586, 40.3513], [-120.759, 40.353], [-120.7601, 40.3529]]], [[[-120.7103, 40.353], [-120.7103, 40.3524], [-120.7099, 40.3519], [-120.7088, 40.3516], [-120.7092, 40.353], [-120.7103, 40.353]]], [[[-120.6644, 40.353], [-120.664, 40.3519], [-120.6629, 40.3519], [-120.6629, 40.3522], [-120.6644, 40.353]]], [[[-120.7597, 40.3519], [-120.7608, 40.3516], [-120.7597, 40.3513], [-120.7597, 40.3519]]], [[[-120.7495, 40.3517], [-120.7498, 40.3514], [-120.7495, 40.3514], [-120.7495, 40.3517]]], [[[-120.7382, 40.3517], [-120.7385, 40.3515], [-120.7382, 40.3515], [-120.7382, 40.3517]]], [[[-120.7283, 40.3518], [-120.7286, 40.3515], [-120.7283, 40.3515], [-120.7283, 40.3518]]], [[[-120.7544, 40.3519], [-120.7526, 40.3516], [-120.7523, 40.3511], [-120.7523, 40.3519], [-120.7544, 40.3519]]], [[[-120.7311, 40.3515], [-120.7314, 40.3512], [-120.7311, 40.3512], [-120.7311, 40.3515]]], [[[-120.6516, 40.3525], [-120.6516, 40.3514], [-120.6513, 40.3514], [-120.6509, 40.3525], [-120.6516, 40.3525]]], [[[-120.6976, 40.3528], [-120.6972, 40.3517], [-120.6951, 40.3512], [-120.6954, 40.3525], [-120.6976, 40.3528]]], [[[-120.6386, 40.352], [-120.6389, 40.3515], [-120.6386, 40.3515], [-120.6386, 40.352]]], [[[-120.7696, 40.351], [-120.7703, 40.3513], [-120.771, 40.3507], [-120.7696, 40.351]]], [[[-120.7382, 40.3512], [-120.7385, 40.3509], [-120.7382, 40.3509], [-120.7382, 40.3512]]], [[[-120.7318, 40.3512], [-120.7322, 40.351], [-120.7318, 40.351], [-120.7318, 40.3512]]], [[[-120.7254, 40.3513], [-120.7258, 40.351], [-120.7254, 40.351], [-120.7254, 40.3513]]], [[[-120.7244, 40.3513], [-120.7247, 40.351], [-120.7244, 40.351], [-120.7244, 40.3513]]], [[[-120.7071, 40.3516], [-120.7074, 40.3511], [-120.7064, 40.3511], [-120.7064, 40.3514], [-120.7071, 40.3516]]], [[[-120.7389, 40.3509], [-120.7399, 40.3506], [-120.7389, 40.3506], [-120.7389, 40.3509]]], [[[-120.7251, 40.351], [-120.7254, 40.3507], [-120.7251, 40.3507], [-120.7251, 40.351]]], [[[-120.73, 40.351], [-120.73, 40.3504], [-120.7293, 40.3504], [-120.7293, 40.3507], [-120.73, 40.351]]], [[[-120.7138, 40.3511], [-120.7141, 40.3505], [-120.7138, 40.3505], [-120.7138, 40.3511]]], [[[-120.7696, 40.3505], [-120.7699, 40.3502], [-120.7696, 40.3502], [-120.7696, 40.3505]]], [[[-120.7675, 40.3502], [-120.7678, 40.3499], [-120.7675, 40.3499], [-120.7675, 40.3502]]], [[[-120.729, 40.3504], [-120.7293, 40.3502], [-120.729, 40.3502], [-120.729, 40.3504]]], [[[-120.7283, 40.3504], [-120.7286, 40.3502], [-120.7283, 40.3502], [-120.7283, 40.3504]]], [[[-120.7152, 40.3505], [-120.7155, 40.3502], [-120.7152, 40.3502], [-120.7152, 40.3505]]], [[[-120.7381, 40.3504], [-120.7385, 40.3498], [-120.7381, 40.3498], [-120.7381, 40.3504]]], [[[-120.7293, 40.3502], [-120.7297, 40.3499], [-120.7293, 40.3499], [-120.7293, 40.3502]]], [[[-120.7155, 40.3502], [-120.7162, 40.35], [-120.7155, 40.35], [-120.7155, 40.3502]]], [[[-120.7049, 40.3503], [-120.7053, 40.35], [-120.7049, 40.35], [-120.7049, 40.3503]]], [[[-120.6499, 40.3511], [-120.6499, 40.3503], [-120.6491, 40.3503], [-120.6492, 40.3511], [-120.6499, 40.3511]]], [[[-120.653, 40.3514], [-120.6537, 40.3509], [-120.653, 40.35], [-120.6509, 40.3503], [-120.6509, 40.3511], [-120.653, 40.3514]]], [[[-120.7583, 40.35], [-120.759, 40.3494], [-120.7583, 40.3494], [-120.7583, 40.35]]], [[[-120.7441, 40.3498], [-120.7449, 40.3495], [-120.7441, 40.3495], [-120.7441, 40.3498]]], [[[-120.7162, 40.35], [-120.7166, 40.3497], [-120.7162, 40.3497], [-120.7162, 40.35]]], [[[-120.7152, 40.35], [-120.7155, 40.3497], [-120.7152, 40.3497], [-120.7152, 40.35]]], [[[-120.6947, 40.3514], [-120.6947, 40.3506], [-120.6937, 40.3509], [-120.6936, 40.3501], [-120.6926, 40.3496], [-120.6919, 40.3509], [-120.6947, 40.3514]]], [[[-120.7314, 40.3504], [-120.7314, 40.3493], [-120.7304, 40.3496], [-120.7304, 40.3502], [-120.7314, 40.3504]]], [[[-120.6499, 40.3503], [-120.6502, 40.3498], [-120.6498, 40.3498], [-120.6499, 40.3503]]], [[[-120.7381, 40.3496], [-120.7385, 40.3493], [-120.7381, 40.3493], [-120.7381, 40.3496]]], [[[-120.73, 40.3496], [-120.7304, 40.3493], [-120.73, 40.3493], [-120.73, 40.3496]]], [[[-120.6908, 40.3506], [-120.6912, 40.3498], [-120.6898, 40.3493], [-120.6898, 40.3504], [-120.6908, 40.3506]]], [[[-120.771, 40.3494], [-120.7713, 40.3488], [-120.771, 40.3488], [-120.771, 40.3494]]], [[[-120.7275, 40.3494], [-120.7279, 40.3491], [-120.7275, 40.3491], [-120.7275, 40.3494]]], [[[-120.6936, 40.3496], [-120.694, 40.3493], [-120.6936, 40.3493], [-120.6936, 40.3496]]], [[[-120.653, 40.3498], [-120.6534, 40.3495], [-120.653, 40.3495], [-120.653, 40.3498]]], [[[-120.7279, 40.3504], [-120.7272, 40.3488], [-120.7254, 40.3496], [-120.7265, 40.3504], [-120.7279, 40.3504]]], [[[-120.7071, 40.3506], [-120.7071, 40.3497], [-120.706, 40.3489], [-120.7056, 40.3498], [-120.7071, 40.3506]]], [[[-120.7339, 40.3512], [-120.7343, 40.3504], [-120.7364, 40.3501], [-120.7357, 40.3488], [-120.735, 40.3499], [-120.7343, 40.3499], [-120.7346, 40.3493], [-120.7325, 40.3493], [-120.7325, 40.3501], [-120.7336, 40.3499], [-120.7325, 40.3512], [-120.7339, 40.3512]], [[-120.7339, 40.3507], [-120.7336, 40.3509], [-120.7336, 40.3507], [-120.7339, 40.3507]], [[-120.7353, 40.3499], [-120.735, 40.3501], [-120.735, 40.3499], [-120.7353, 40.3499]]], [[[-120.7251, 40.3494], [-120.7254, 40.3488], [-120.7251, 40.3488], [-120.7251, 40.3494]]], [[[-120.7558, 40.3489], [-120.7561, 40.3486], [-120.7558, 40.3486], [-120.7558, 40.3489]]], [[[-120.7148, 40.3492], [-120.7155, 40.3489], [-120.7148, 40.3489], [-120.7148, 40.3492]]], [[[-120.694, 40.3493], [-120.6943, 40.349], [-120.694, 40.349], [-120.694, 40.3493]]], [[[-120.6424, 40.3496], [-120.6428, 40.3493], [-120.6424, 40.3493], [-120.6424, 40.3496]]], [[[-120.73, 40.3493], [-120.7297, 40.3485], [-120.7293, 40.3485], [-120.7293, 40.3493], [-120.73, 40.3493]]], [[[-120.7561, 40.3489], [-120.7572, 40.3489], [-120.7572, 40.3484], [-120.7561, 40.3489]]], [[[-120.7713, 40.3486], [-120.7717, 40.3483], [-120.7713, 40.3483], [-120.7713, 40.3486]]], [[[-120.7392, 40.3487], [-120.7395, 40.3485], [-120.7392, 40.3485], [-120.7392, 40.3487]]], [[[-120.7357, 40.3488], [-120.7364, 40.3485], [-120.7357, 40.3485], [-120.7357, 40.3488]]], [[[-120.664, 40.3494], [-120.6643, 40.3497], [-120.6654, 40.3489], [-120.664, 40.3494]]], [[[-120.754, 40.3487], [-120.7547, 40.3484], [-120.754, 40.3481], [-120.754, 40.3487]]], [[[-120.7434, 40.3485], [-120.7438, 40.3482], [-120.7434, 40.3482], [-120.7434, 40.3485]]], [[[-120.7286, 40.3485], [-120.7293, 40.3483], [-120.7286, 40.3483], [-120.7286, 40.3485]]], [[[-120.7251, 40.3486], [-120.7254, 40.3483], [-120.7251, 40.3483], [-120.7251, 40.3486]]], [[[-120.6636, 40.3489], [-120.664, 40.3486], [-120.6636, 40.3486], [-120.6636, 40.3489]]], [[[-120.6887, 40.3488], [-120.6894, 40.3485], [-120.6887, 40.3482], [-120.6887, 40.3488]]], [[[-120.7554, 40.3481], [-120.7558, 40.3478], [-120.7554, 40.3478], [-120.7554, 40.3481]]], [[[-120.7357, 40.3482], [-120.736, 40.348], [-120.7357, 40.348], [-120.7357, 40.3482]]], [[[-120.7145, 40.3484], [-120.7148, 40.3481], [-120.7145, 40.3481], [-120.7145, 40.3484]]], [[[-120.706, 40.3484], [-120.7063, 40.3481], [-120.706, 40.3481], [-120.706, 40.3484]]], [[[-120.6279, 40.3488], [-120.6283, 40.3486], [-120.6279, 40.3486], [-120.6279, 40.3488]]], [[[-120.7621, 40.3481], [-120.7625, 40.3475], [-120.7621, 40.3475], [-120.7621, 40.3481]]], [[[-120.695, 40.3487], [-120.6965, 40.3482], [-120.6954, 40.3479], [-120.695, 40.3487]]], [[[-120.6431, 40.3487], [-120.6442, 40.3485], [-120.6431, 40.3482], [-120.6431, 40.3487]]], [[[-120.6993, 40.3482], [-120.6996, 40.3479], [-120.6993, 40.3479], [-120.6993, 40.3482]]], [[[-120.641, 40.3485], [-120.6414, 40.3482], [-120.641, 40.3482], [-120.641, 40.3485]]], [[[-120.629, 40.3485], [-120.6297, 40.3483], [-120.629, 40.3483], [-120.629, 40.3485]]], [[[-120.7636, 40.3478], [-120.7635, 40.3473], [-120.7625, 40.3473], [-120.7625, 40.3475], [-120.7636, 40.3478]]], [[[-120.7399, 40.3477], [-120.7402, 40.3474], [-120.7399, 40.3474], [-120.7399, 40.3477]]], [[[-120.7367, 40.3477], [-120.7371, 40.3474], [-120.7367, 40.3474], [-120.7367, 40.3477]]], [[[-120.6996, 40.3479], [-120.7, 40.3476], [-120.6996, 40.3476], [-120.6996, 40.3479]]], [[[-120.694, 40.3479], [-120.6954, 40.3477], [-120.694, 40.3477], [-120.694, 40.3479]]], [[[-120.659, 40.3481], [-120.6594, 40.3478], [-120.659, 40.3479], [-120.659, 40.3481]]], [[[-120.6576, 40.3479], [-120.658, 40.3481], [-120.6583, 40.3479], [-120.6576, 40.3479]]], [[[-120.6286, 40.3483], [-120.629, 40.348], [-120.6286, 40.348], [-120.6286, 40.3483]]], [[[-120.617, 40.3483], [-120.6173, 40.3481], [-120.617, 40.3481], [-120.617, 40.3483]]], [[[-120.6781, 40.348], [-120.6781, 40.3475], [-120.6774, 40.3475], [-120.6774, 40.3478], [-120.6781, 40.348]]], [[[-120.6767, 40.3483], [-120.6774, 40.348], [-120.677, 40.3475], [-120.6763, 40.3478], [-120.6767, 40.3483]]], [[[-120.6297, 40.3483], [-120.6301, 40.3477], [-120.6297, 40.3477], [-120.6297, 40.3483]]], [[[-120.7402, 40.3474], [-120.7406, 40.3471], [-120.7402, 40.3471], [-120.7402, 40.3474]]], [[[-120.7303, 40.3475], [-120.7307, 40.3472], [-120.7303, 40.3472], [-120.7303, 40.3475]]], [[[-120.7233, 40.3475], [-120.7236, 40.3472], [-120.7233, 40.3472], [-120.7233, 40.3475]]], [[[-120.7042, 40.3473], [-120.7046, 40.3476], [-120.7053, 40.3473], [-120.7042, 40.3473]]], [[[-120.6802, 40.3477], [-120.6805, 40.3472], [-120.6802, 40.3472], [-120.6802, 40.3477]]], [[[-120.6166, 40.3481], [-120.617, 40.3475], [-120.6166, 40.3475], [-120.6166, 40.3481]]], [[[-120.7243, 40.3472], [-120.7247, 40.3469], [-120.7243, 40.3469], [-120.7243, 40.3472]]], [[[-120.7148, 40.3478], [-120.7148, 40.3467], [-120.7144, 40.3467], [-120.7141, 40.3473], [-120.7148, 40.3478]]], [[[-120.6431, 40.3477], [-120.6424, 40.3471], [-120.6417, 40.3474], [-120.6417, 40.3477], [-120.6431, 40.3477]]], [[[-120.7254, 40.3469], [-120.7258, 40.3467], [-120.7254, 40.3467], [-120.7254, 40.3469]]], [[[-120.724, 40.3469], [-120.7243, 40.3467], [-120.724, 40.3467], [-120.724, 40.3469]]], [[[-120.6308, 40.3475], [-120.6311, 40.3472], [-120.6308, 40.3472], [-120.6308, 40.3475]]], [[[-120.6297, 40.3475], [-120.63, 40.3472], [-120.6297, 40.3472], [-120.6297, 40.3475]]], [[[-120.7177, 40.3551], [-120.7188, 40.354], [-120.7188, 40.3532], [-120.718, 40.3532], [-120.7184, 40.3521], [-120.7202, 40.3521], [-120.7187, 40.351], [-120.7198, 40.3508], [-120.7198, 40.3516], [-120.7208, 40.351], [-120.7209, 40.3518], [-120.7216, 40.351], [-120.7216, 40.3518], [-120.7244, 40.3523], [-120.7244, 40.3521], [-120.724, 40.3521], [-120.724, 40.351], [-120.7233, 40.351], [-120.7244, 40.3494], [-120.7233, 40.3494], [-120.7237, 40.3502], [-120.723, 40.3499], [-120.7219, 40.3507], [-120.7222, 40.3494], [-120.7212, 40.3491], [-120.7212, 40.348], [-120.7233, 40.3472], [-120.7226, 40.3464], [-120.7208, 40.3478], [-120.7187, 40.3475], [-120.7187, 40.3483], [-120.7166, 40.3492], [-120.717, 40.3516], [-120.7148, 40.3511], [-120.7149, 40.3521], [-120.7177, 40.3521], [-120.7177, 40.3527], [-120.7159, 40.3532], [-120.7156, 40.3546], [-120.7177, 40.3551]], [[-120.7173, 40.3529], [-120.717, 40.3532], [-120.717, 40.3529], [-120.7173, 40.3529]], [[-120.718, 40.351], [-120.7177, 40.3513], [-120.7177, 40.351], [-120.718, 40.351]], [[-120.7194, 40.3491], [-120.7187, 40.3494], [-120.7187, 40.3491], [-120.7194, 40.3491]]], [[[-120.6774, 40.3472], [-120.6781, 40.3469], [-120.6774, 40.3467], [-120.6774, 40.3472]]], [[[-120.6279, 40.3486], [-120.6279, 40.3477], [-120.629, 40.3475], [-120.6286, 40.3469], [-120.6265, 40.348], [-120.6265, 40.3486], [-120.6279, 40.3486]]], [[[-120.6265, 40.348], [-120.6269, 40.3472], [-120.6255, 40.3472], [-120.6255, 40.348], [-120.6265, 40.348]]], [[[-120.7755, 40.3464], [-120.7759, 40.3461], [-120.7755, 40.3461], [-120.7755, 40.3464]]], [[[-120.7063, 40.3468], [-120.707, 40.3465], [-120.7063, 40.3465], [-120.7063, 40.3468]]], [[[-120.701, 40.3468], [-120.7014, 40.3465], [-120.701, 40.3465], [-120.701, 40.3468]]], [[[-120.6604, 40.347], [-120.6608, 40.3468], [-120.6604, 40.3468], [-120.6604, 40.347]]], [[[-120.6583, 40.347], [-120.6586, 40.3468], [-120.6583, 40.3468], [-120.6583, 40.347]]], [[[-120.6315, 40.3472], [-120.6318, 40.3469], [-120.6315, 40.3469], [-120.6315, 40.3472]]], [[[-120.624, 40.3472], [-120.6244, 40.347], [-120.624, 40.347], [-120.624, 40.3472]]], [[[-120.7678, 40.3461], [-120.7685, 40.3464], [-120.7685, 40.3459], [-120.7678, 40.3461]]], [[[-120.7589, 40.3462], [-120.7593, 40.3459], [-120.7589, 40.3459], [-120.7589, 40.3462]]], [[[-120.6647, 40.3467], [-120.665, 40.3465], [-120.6647, 40.3465], [-120.6647, 40.3467]]], [[[-120.624, 40.347], [-120.6237, 40.3464], [-120.623, 40.3464], [-120.6233, 40.347], [-120.624, 40.347]]], [[[-120.6597, 40.3465], [-120.6604, 40.3462], [-120.6597, 40.3462], [-120.6597, 40.3465]]], [[[-120.6251, 40.3467], [-120.6258, 40.3464], [-120.6251, 40.3464], [-120.6251, 40.3467]]], [[[-120.7633, 40.3537], [-120.764, 40.3529], [-120.7632, 40.3518], [-120.7643, 40.3518], [-120.7646, 40.3508], [-120.7657, 40.3513], [-120.765, 40.3518], [-120.7664, 40.3518], [-120.7678, 40.3513], [-120.7668, 40.3505], [-120.7675, 40.3497], [-120.7682, 40.3497], [-120.7678, 40.3491], [-120.7692, 40.3496], [-120.7706, 40.3491], [-120.7703, 40.3486], [-120.7678, 40.3488], [-120.7689, 40.348], [-120.771, 40.3483], [-120.7696, 40.3475], [-120.7699, 40.3467], [-120.7703, 40.3472], [-120.772, 40.3467], [-120.7734, 40.348], [-120.7738, 40.3464], [-120.7724, 40.3453], [-120.7702, 40.3453], [-120.7674, 40.3475], [-120.7653, 40.347], [-120.7657, 40.3459], [-120.7635, 40.3459], [-120.7646, 40.3467], [-120.7639, 40.347], [-120.7646, 40.3475], [-120.7639, 40.3483], [-120.765, 40.3481], [-120.7653, 40.3486], [-120.7629, 40.3486], [-120.7614, 40.3494], [-120.7615, 40.3502], [-120.76, 40.3505], [-120.7601, 40.3513], [-120.7629, 40.3516], [-120.7622, 40.3524], [-120.7633, 40.3537]], [[-120.7668, 40.3505], [-120.7661, 40.3507], [-120.7661, 40.3505], [-120.7668, 40.3505]], [[-120.7657, 40.3505], [-120.765, 40.3502], [-120.7653, 40.3491], [-120.766, 40.3491], [-120.7657, 40.3505]], [[-120.7629, 40.3502], [-120.7622, 40.35], [-120.7625, 40.3494], [-120.7632, 40.3494], [-120.7629, 40.3502]], [[-120.7675, 40.3494], [-120.7671, 40.3497], [-120.7671, 40.3494], [-120.7675, 40.3494]], [[-120.7639, 40.3491], [-120.7636, 40.3494], [-120.7636, 40.3491], [-120.7639, 40.3491]], [[-120.7657, 40.3472], [-120.765, 40.3478], [-120.765, 40.3475], [-120.7657, 40.3472]], [[-120.7717, 40.3461], [-120.7713, 40.3464], [-120.7713, 40.3461], [-120.7717, 40.3461]], [[-120.7706, 40.3461], [-120.7702, 40.3464], [-120.7702, 40.3461], [-120.7706, 40.3461]], [[-120.7713, 40.3459], [-120.771, 40.3461], [-120.7709, 40.3459], [-120.7713, 40.3459]]], [[[-120.6654, 40.3462], [-120.6661, 40.3465], [-120.6661, 40.3459], [-120.6654, 40.3462]]], [[[-120.7752, 40.3456], [-120.7755, 40.3453], [-120.7752, 40.3453], [-120.7752, 40.3456]]], [[[-120.7674, 40.3456], [-120.7678, 40.3453], [-120.7674, 40.3453], [-120.7674, 40.3456]]], [[[-120.7649, 40.3456], [-120.7653, 40.3453], [-120.7649, 40.3454], [-120.7649, 40.3456]]], [[[-120.7575, 40.3457], [-120.7579, 40.3454], [-120.7575, 40.3454], [-120.7575, 40.3457]]], [[[-120.6756, 40.3461], [-120.6759, 40.3459], [-120.6756, 40.3459], [-120.6756, 40.3461]]], [[[-120.6671, 40.3462], [-120.6675, 40.3459], [-120.6671, 40.3459], [-120.6671, 40.3462]]], [[[-120.6237, 40.3464], [-120.624, 40.3461], [-120.6237, 40.3461], [-120.6237, 40.3464]]], [[[-120.6202, 40.3464], [-120.6205, 40.3462], [-120.6201, 40.3462], [-120.6202, 40.3464]]], [[[-120.7282, 40.3485], [-120.7279, 40.3475], [-120.7293, 40.348], [-120.7303, 40.3453], [-120.7286, 40.3453], [-120.7289, 40.3469], [-120.7258, 40.3469], [-120.7265, 40.348], [-120.7272, 40.3477], [-120.7282, 40.3485]], [[-120.7279, 40.3472], [-120.7275, 40.3475], [-120.7275, 40.3472], [-120.7279, 40.3472]]], [[[-120.7671, 40.3453], [-120.7674, 40.3451], [-120.7671, 40.3451], [-120.7671, 40.3453]]], [[[-120.6378, 40.3461], [-120.6382, 40.3458], [-120.6378, 40.3458], [-120.6378, 40.3461]]], [[[-120.6177, 40.3462], [-120.618, 40.3459], [-120.6177, 40.3459], [-120.6177, 40.3462]]], [[[-120.6198, 40.3483], [-120.6202, 40.3475], [-120.6184, 40.347], [-120.6194, 40.3464], [-120.6191, 40.3456], [-120.618, 40.3462], [-120.618, 40.3481], [-120.6198, 40.3483]]], [[[-120.6307, 40.3466], [-120.6307, 40.3461], [-120.6311, 40.3456], [-120.63, 40.3461], [-120.6307, 40.3466]]], [[[-120.7815, 40.345], [-120.7819, 40.3447], [-120.7815, 40.3447], [-120.7815, 40.345]]], [[[-120.7702, 40.345], [-120.7706, 40.3448], [-120.7702, 40.3448], [-120.7702, 40.345]]], [[[-120.7695, 40.3451], [-120.7699, 40.3448], [-120.7695, 40.3448], [-120.7695, 40.3451]]], [[[-120.6932, 40.3455], [-120.6936, 40.3452], [-120.6932, 40.3452], [-120.6932, 40.3455]]], [[[-120.6643, 40.3457], [-120.6646, 40.3454], [-120.6643, 40.3454], [-120.6643, 40.3457]]], [[[-120.6375, 40.3461], [-120.6378, 40.3455], [-120.6367, 40.3455], [-120.6367, 40.3458], [-120.6375, 40.3461]]], [[[-120.6198, 40.3456], [-120.6201, 40.3459], [-120.6205, 40.3456], [-120.6198, 40.3456]]], [[[-120.6611, 40.3481], [-120.6622, 40.3476], [-120.6615, 40.3473], [-120.6622, 40.3465], [-120.6632, 40.347], [-120.6636, 40.3451], [-120.6611, 40.3457], [-120.6611, 40.3481]]], [[[-120.7716, 40.345], [-120.772, 40.3445], [-120.7716, 40.3445], [-120.7716, 40.345]]], [[[-120.7596, 40.3451], [-120.7603, 40.3446], [-120.7596, 40.3446], [-120.7596, 40.3451]]], [[[-120.7812, 40.3447], [-120.7815, 40.3444], [-120.7812, 40.3444], [-120.7812, 40.3447]]], [[[-120.7656, 40.3448], [-120.766, 40.3445], [-120.7656, 40.3445], [-120.7656, 40.3448]]], [[[-120.7271, 40.345], [-120.7275, 40.3448], [-120.7271, 40.3448], [-120.7271, 40.345]]], [[[-120.7211, 40.3451], [-120.7215, 40.3448], [-120.7211, 40.3448], [-120.7211, 40.3451]]], [[[-120.7148, 40.3451], [-120.7151, 40.3448], [-120.7148, 40.3448], [-120.7148, 40.3451]]], [[[-120.6925, 40.3452], [-120.6932, 40.345], [-120.6925, 40.345], [-120.6925, 40.3452]]], [[[-120.6212, 40.3456], [-120.6216, 40.3453], [-120.6212, 40.3453], [-120.6212, 40.3456]]], [[[-120.7759, 40.3445], [-120.7762, 40.3442], [-120.7759, 40.3442], [-120.7759, 40.3445]]], [[[-120.7706, 40.3445], [-120.7709, 40.3442], [-120.7706, 40.3442], [-120.7706, 40.3445]]], [[[-120.7653, 40.3445], [-120.7656, 40.3443], [-120.7653, 40.3443], [-120.7653, 40.3445]]], [[[-120.7406, 40.3447], [-120.7409, 40.3444], [-120.7406, 40.3444], [-120.7406, 40.3447]]], [[[-120.6208, 40.3453], [-120.6212, 40.3451], [-120.6208, 40.3451], [-120.6208, 40.3453]]], [[[-120.6194, 40.3454], [-120.6201, 40.3451], [-120.6194, 40.3451], [-120.6194, 40.3454]]], [[[-120.6481, 40.3468], [-120.6488, 40.3457], [-120.6477, 40.3447], [-120.647, 40.346], [-120.6481, 40.3468]]], [[[-120.7812, 40.3442], [-120.7815, 40.3439], [-120.7812, 40.3439], [-120.7812, 40.3442]]], [[[-120.7102, 40.3446], [-120.7105, 40.3443], [-120.7102, 40.3443], [-120.7102, 40.3446]]], [[[-120.7024, 40.3446], [-120.7028, 40.3444], [-120.7024, 40.3444], [-120.7024, 40.3446]]], [[[-120.6201, 40.3451], [-120.6205, 40.3448], [-120.6201, 40.3448], [-120.6201, 40.3451]]], [[[-120.7459, 40.3441], [-120.7462, 40.3438], [-120.7459, 40.3438], [-120.7459, 40.3441]]], [[[-120.712, 40.347], [-120.7155, 40.3462], [-120.7141, 40.3457], [-120.7141, 40.3448], [-120.713, 40.3449], [-120.7134, 40.344], [-120.7116, 40.3449], [-120.7109, 40.3446], [-120.7106, 40.3457], [-120.7098, 40.3457], [-120.712, 40.347]], [[-120.7137, 40.3451], [-120.7134, 40.3457], [-120.7134, 40.3451], [-120.7137, 40.3451]]], [[[-120.7098, 40.3443], [-120.7102, 40.3441], [-120.7098, 40.3441], [-120.7098, 40.3443]]], [[[-120.7014, 40.3444], [-120.7017, 40.3441], [-120.7014, 40.3441], [-120.7014, 40.3444]]], [[[-120.766, 40.344], [-120.766, 40.3435], [-120.7653, 40.3435], [-120.7653, 40.3437], [-120.766, 40.344]]], [[[-120.7215, 40.3443], [-120.7218, 40.3437], [-120.7215, 40.3437], [-120.7215, 40.3443]]], [[[-120.7162, 40.344], [-120.7165, 40.3438], [-120.7162, 40.3438], [-120.7162, 40.344]]], [[[-120.7134, 40.344], [-120.7141, 40.3438], [-120.7134, 40.3438], [-120.7134, 40.344]]], [[[-120.6738, 40.3443], [-120.6745, 40.344], [-120.6738, 40.344], [-120.6738, 40.3443]]], [[[-120.6194, 40.3445], [-120.6198, 40.3443], [-120.6194, 40.3443], [-120.6194, 40.3445]]], [[[-120.7678, 40.3451], [-120.7681, 40.3434], [-120.7674, 40.3432], [-120.7663, 40.3448], [-120.7678, 40.3451]]], [[[-120.6293, 40.3469], [-120.6293, 40.3458], [-120.63, 40.3458], [-120.6304, 40.3448], [-120.6311, 40.345], [-120.63, 40.344], [-120.6293, 40.3448], [-120.6272, 40.345], [-120.6279, 40.3461], [-120.6269, 40.3461], [-120.6269, 40.3469], [-120.6279, 40.3469], [-120.6279, 40.3464], [-120.6293, 40.3469]], [[-120.6286, 40.345], [-120.6283, 40.3453], [-120.6283, 40.345], [-120.6286, 40.345]], [[-120.6297, 40.3448], [-120.6293, 40.345], [-120.6293, 40.3448], [-120.6297, 40.3448]]], [[[-120.7116, 40.3446], [-120.7119, 40.3435], [-120.7109, 40.3435], [-120.7105, 40.3441], [-120.7116, 40.3446]]], [[[-120.7268, 40.344], [-120.7271, 40.3434], [-120.7268, 40.3434], [-120.7268, 40.344]]], [[[-120.6735, 40.3443], [-120.6735, 40.3437], [-120.6727, 40.3437], [-120.6728, 40.344], [-120.6735, 40.3443]]], [[[-120.6268, 40.3445], [-120.6275, 40.3442], [-120.6268, 40.344], [-120.6268, 40.3445]]], [[[-120.7649, 40.3435], [-120.7653, 40.3432], [-120.7649, 40.3432], [-120.7649, 40.3435]]], [[[-120.7607, 40.3435], [-120.761, 40.3432], [-120.7607, 40.3432], [-120.7607, 40.3435]]], [[[-120.7003, 40.3438], [-120.7006, 40.3436], [-120.7003, 40.3436], [-120.7003, 40.3438]]], [[[-120.6212, 40.3443], [-120.6215, 40.344], [-120.6212, 40.344], [-120.6212, 40.3443]]], [[[-120.6516, 40.3452], [-120.6519, 40.3444], [-120.6533, 40.3444], [-120.6533, 40.3438], [-120.6512, 40.3436], [-120.6516, 40.3452]]], [[[-120.7285, 40.3434], [-120.7289, 40.3431], [-120.7285, 40.3431], [-120.7285, 40.3434]]], [[[-120.6999, 40.3436], [-120.7003, 40.3433], [-120.6999, 40.3433], [-120.6999, 40.3436]]], [[[-120.6283, 40.344], [-120.629, 40.3437], [-120.6283, 40.3437], [-120.6283, 40.344]]], [[[-120.6134, 40.344], [-120.6138, 40.3438], [-120.6134, 40.3438], [-120.6134, 40.344]]], [[[-120.7829, 40.3433], [-120.7833, 40.3425], [-120.7829, 40.3425], [-120.7829, 40.3433]]], [[[-120.7684, 40.3432], [-120.7688, 40.3426], [-120.7684, 40.3426], [-120.7684, 40.3432]]], [[[-120.718, 40.3456], [-120.7183, 40.3451], [-120.719, 40.3454], [-120.7208, 40.3429], [-120.7172, 40.3435], [-120.7158, 40.3454], [-120.718, 40.3456]], [[-120.7194, 40.344], [-120.719, 40.3443], [-120.719, 40.344], [-120.7194, 40.344]]], [[[-120.6378, 40.3439], [-120.6385, 40.3434], [-120.6381, 40.3434], [-120.6378, 40.3439]]], [[[-120.6191, 40.344], [-120.6198, 40.3435], [-120.6191, 40.3435], [-120.6191, 40.344]]], [[[-120.7487, 40.343], [-120.749, 40.3427], [-120.7487, 40.3428], [-120.7487, 40.343]]], [[[-120.7254, 40.3432], [-120.7257, 40.3429], [-120.7254, 40.3429], [-120.7254, 40.3432]]], [[[-120.6724, 40.3432], [-120.6727, 40.3435], [-120.6731, 40.3432], [-120.6724, 40.3432]]], [[[-120.6646, 40.3435], [-120.665, 40.3432], [-120.6646, 40.3432], [-120.6646, 40.3435]]], [[[-120.6821, 40.358], [-120.6831, 40.3569], [-120.6845, 40.3577], [-120.6845, 40.3569], [-120.6856, 40.3564], [-120.6852, 40.3558], [-120.6866, 40.3553], [-120.6863, 40.3547], [-120.6877, 40.3547], [-120.6884, 40.3534], [-120.6901, 40.3525], [-120.6894, 40.3498], [-120.688, 40.3504], [-120.6873, 40.349], [-120.6859, 40.3491], [-120.6859, 40.3499], [-120.6841, 40.3504], [-120.6823, 40.3507], [-120.6816, 40.3496], [-120.6795, 40.3504], [-120.6785, 40.3494], [-120.6788, 40.3483], [-120.6763, 40.3496], [-120.6753, 40.3488], [-120.676, 40.3467], [-120.6749, 40.3467], [-120.6742, 40.3459], [-120.6717, 40.3467], [-120.6714, 40.3459], [-120.6735, 40.3459], [-120.6735, 40.3451], [-120.6728, 40.344], [-120.6706, 40.3429], [-120.6703, 40.3437], [-120.6721, 40.3451], [-120.6714, 40.3456], [-120.6682, 40.3456], [-120.6678, 40.3465], [-120.6703, 40.3467], [-120.671, 40.3475], [-120.6682, 40.3481], [-120.6682, 40.3475], [-120.6661, 40.347], [-120.6668, 40.3508], [-120.6675, 40.3505], [-120.6675, 40.351], [-120.6668, 40.3513], [-120.6657, 40.3505], [-120.665, 40.3505], [-120.6654, 40.3524], [-120.6647, 40.3524], [-120.6651, 40.353], [-120.6647, 40.3538], [-120.6654, 40.354], [-120.6679, 40.3527], [-120.6682, 40.3537], [-120.6675, 40.354], [-120.6683, 40.354], [-120.6683, 40.3548], [-120.6676, 40.3551], [-120.67, 40.3559], [-120.6718, 40.3551], [-120.6714, 40.3548], [-120.6718, 40.3535], [-120.6739, 40.3556], [-120.6778, 40.3553], [-120.6775, 40.3559], [-120.6785, 40.3561], [-120.6789, 40.3553], [-120.6792, 40.3553], [-120.6803, 40.3569], [-120.6789, 40.3577], [-120.6821, 40.358]], [[-120.6785, 40.3553], [-120.6782, 40.3556], [-120.6782, 40.3553], [-120.6785, 40.3553]], [[-120.6856, 40.3553], [-120.6849, 40.3553], [-120.6849, 40.3547], [-120.6852, 40.3547], [-120.6856, 40.3553]], [[-120.6796, 40.355], [-120.6792, 40.3553], [-120.6792, 40.355], [-120.6796, 40.355]], [[-120.6686, 40.3548], [-120.6683, 40.3551], [-120.6683, 40.3548], [-120.6686, 40.3548]], [[-120.6774, 40.354], [-120.6771, 40.3542], [-120.6771, 40.354], [-120.6774, 40.354]], [[-120.6735, 40.354], [-120.6732, 40.3529], [-120.6739, 40.3526], [-120.6743, 40.3534], [-120.6735, 40.354]], [[-120.6714, 40.3532], [-120.6711, 40.3535], [-120.6711, 40.3532], [-120.6714, 40.3532]], [[-120.675, 40.3529], [-120.6746, 40.3532], [-120.6746, 40.3529], [-120.675, 40.3529]], [[-120.67, 40.3527], [-120.6686, 40.3532], [-120.6689, 40.3519], [-120.67, 40.3527]], [[-120.6813, 40.3529], [-120.6799, 40.3523], [-120.6809, 40.3512], [-120.6813, 40.3518], [-120.6806, 40.3521], [-120.6813, 40.3529]], [[-120.6725, 40.3524], [-120.6721, 40.3526], [-120.6721, 40.3524], [-120.6725, 40.3524]], [[-120.6668, 40.3524], [-120.6665, 40.3527], [-120.6665, 40.3524], [-120.6668, 40.3524]], [[-120.6682, 40.3519], [-120.6675, 40.3524], [-120.6675, 40.3519], [-120.6682, 40.3519]], [[-120.6725, 40.3518], [-120.6721, 40.3521], [-120.6721, 40.3518], [-120.6725, 40.3518]], [[-120.6887, 40.3515], [-120.6884, 40.3517], [-120.6884, 40.3515], [-120.6887, 40.3515]], [[-120.6735, 40.3518], [-120.6725, 40.3518], [-120.6721, 40.351], [-120.6739, 40.351], [-120.6735, 40.3518]], [[-120.6714, 40.3516], [-120.6711, 40.3518], [-120.6711, 40.3516], [-120.6714, 40.3516]], [[-120.6703, 40.3516], [-120.67, 40.3518], [-120.67, 40.3516], [-120.6703, 40.3516]], [[-120.6675, 40.3516], [-120.6672, 40.3519], [-120.6672, 40.3516], [-120.6675, 40.3516]], [[-120.6703, 40.3508], [-120.6696, 40.3516], [-120.6696, 40.3505], [-120.6703, 40.3508]], [[-120.6809, 40.351], [-120.6806, 40.3512], [-120.6806, 40.351], [-120.6809, 40.351]], [[-120.6749, 40.3513], [-120.6739, 40.351], [-120.6742, 40.3497], [-120.6756, 40.3499], [-120.6749, 40.3513]], [[-120.6714, 40.3508], [-120.671, 40.351], [-120.671, 40.3508], [-120.6714, 40.3508]], [[-120.6657, 40.3508], [-120.6654, 40.3511], [-120.6654, 40.3508], [-120.6657, 40.3508]], [[-120.6718, 40.3505], [-120.6714, 40.3508], [-120.6714, 40.3505], [-120.6718, 40.3505]], [[-120.6696, 40.3494], [-120.6689, 40.35], [-120.6686, 40.3494], [-120.6696, 40.3494]], [[-120.6682, 40.3483], [-120.6675, 40.3489], [-120.6675, 40.3483], [-120.6682, 40.3483]], [[-120.6746, 40.3483], [-120.6742, 40.3486], [-120.6742, 40.3483], [-120.6746, 40.3483]], [[-120.6742, 40.3483], [-120.6735, 40.3483], [-120.6731, 40.3475], [-120.6742, 40.3475], [-120.6742, 40.3483]], [[-120.6724, 40.348], [-120.6714, 40.3478], [-120.6714, 40.347], [-120.6721, 40.3475], [-120.6731, 40.3472], [-120.6724, 40.348]], [[-120.672, 40.344], [-120.6717, 40.3445], [-120.6717, 40.344], [-120.672, 40.344]]], [[[-120.7801, 40.3428], [-120.7804, 40.3423], [-120.7801, 40.3423], [-120.7801, 40.3428]]], [[[-120.7162, 40.3432], [-120.7169, 40.3427], [-120.7162, 40.3427], [-120.7162, 40.3432]]], [[[-120.7649, 40.3427], [-120.7653, 40.3424], [-120.7649, 40.3424], [-120.7649, 40.3427]]], [[[-120.7109, 40.343], [-120.7112, 40.3427], [-120.7109, 40.3427], [-120.7109, 40.343]]], [[[-120.6678, 40.3432], [-120.6681, 40.3429], [-120.6678, 40.3429], [-120.6678, 40.3432]]], [[[-120.772, 40.344], [-120.7723, 40.3429], [-120.7695, 40.3421], [-120.7692, 40.3429], [-120.7702, 40.3426], [-120.7713, 40.3432], [-120.7709, 40.344], [-120.772, 40.344]]], [[[-120.6297, 40.344], [-120.63, 40.3434], [-120.6289, 40.3429], [-120.629, 40.3437], [-120.6297, 40.344]]], [[[-120.6678, 40.3459], [-120.6678, 40.3448], [-120.6692, 40.3448], [-120.6692, 40.3427], [-120.6667, 40.3443], [-120.6668, 40.3456], [-120.6678, 40.3459]], [[-120.6678, 40.3443], [-120.6671, 40.3446], [-120.6671, 40.3443], [-120.6678, 40.3443]]], [[[-120.7826, 40.3423], [-120.7829, 40.342], [-120.7826, 40.342], [-120.7826, 40.3423]]], [[[-120.7095, 40.3427], [-120.7098, 40.3424], [-120.7095, 40.3424], [-120.7095, 40.3427]]], [[[-120.707, 40.343], [-120.7073, 40.3425], [-120.7059, 40.3425], [-120.7059, 40.3427], [-120.707, 40.343]]], [[[-120.6763, 40.3429], [-120.6766, 40.3426], [-120.6763, 40.3426], [-120.6763, 40.3429]]], [[[-120.6731, 40.3429], [-120.6738, 40.3426], [-120.6731, 40.3426], [-120.6731, 40.3429]]], [[[-120.6717, 40.3429], [-120.6727, 40.3426], [-120.6717, 40.3427], [-120.6717, 40.3429]]], [[[-120.6703, 40.3429], [-120.6706, 40.3427], [-120.6703, 40.3427], [-120.6703, 40.3429]]], [[[-120.6622, 40.3443], [-120.6625, 40.3438], [-120.6636, 40.344], [-120.665, 40.3438], [-120.6643, 40.3438], [-120.6636, 40.3427], [-120.6625, 40.3432], [-120.6611, 40.3424], [-120.6618, 40.3441], [-120.6614, 40.3438], [-120.6607, 40.3441], [-120.6622, 40.3443]]], [[[-120.6996, 40.3495], [-120.7, 40.3484], [-120.7025, 40.3492], [-120.7021, 40.3484], [-120.7032, 40.3484], [-120.7032, 40.3476], [-120.7046, 40.3468], [-120.7053, 40.3468], [-120.706, 40.3476], [-120.7063, 40.346], [-120.7067, 40.346], [-120.7067, 40.3462], [-120.7081, 40.3462], [-120.7092, 40.347], [-120.7102, 40.3468], [-120.7095, 40.3454], [-120.7081, 40.3451], [-120.7084, 40.3438], [-120.7045, 40.3441], [-120.7045, 40.343], [-120.7035, 40.3422], [-120.7024, 40.3433], [-120.7013, 40.3433], [-120.7017, 40.3441], [-120.7035, 40.3441], [-120.7038, 40.3452], [-120.7024, 40.3457], [-120.7031, 40.3465], [-120.7014, 40.3468], [-120.7003, 40.3482], [-120.6996, 40.3484], [-120.6993, 40.3484], [-120.6993, 40.3482], [-120.6989, 40.3482], [-120.6982, 40.3493], [-120.6996, 40.3495]], [[-120.7056, 40.3465], [-120.7053, 40.3468], [-120.7053, 40.3465], [-120.7056, 40.3465]], [[-120.7074, 40.3457], [-120.7067, 40.346], [-120.7067, 40.3457], [-120.7074, 40.3457]], [[-120.7067, 40.3449], [-120.7063, 40.3452], [-120.7063, 40.3449], [-120.7067, 40.3449]], [[-120.7074, 40.3446], [-120.7067, 40.3449], [-120.7067, 40.3446], [-120.7074, 40.3446]], [[-120.7056, 40.3446], [-120.7052, 40.3449], [-120.7052, 40.3446], [-120.7056, 40.3446]], [[-120.7038, 40.343], [-120.7028, 40.3438], [-120.7031, 40.343], [-120.7038, 40.343]]], [[[-120.6674, 40.3429], [-120.6678, 40.3424], [-120.6674, 40.3424], [-120.6674, 40.3429]]], [[[-120.7822, 40.342], [-120.7826, 40.3417], [-120.7822, 40.3417], [-120.7822, 40.342]]], [[[-120.7084, 40.3424], [-120.7088, 40.3422], [-120.7084, 40.3422], [-120.7084, 40.3424]]], [[[-120.7045, 40.3425], [-120.7049, 40.3422], [-120.7045, 40.3422], [-120.7045, 40.3425]]], [[[-120.6604, 40.3427], [-120.6607, 40.3424], [-120.6604, 40.3424], [-120.6604, 40.3427]]], [[[-120.6484, 40.3428], [-120.6487, 40.3425], [-120.6484, 40.3425], [-120.6484, 40.3428]]], [[[-120.6215, 40.3429], [-120.6219, 40.3426], [-120.6215, 40.3426], [-120.6215, 40.3429]]], [[[-120.7303, 40.3429], [-120.7303, 40.3418], [-120.7299, 40.3418], [-120.7296, 40.3429], [-120.7303, 40.3429]]], [[[-120.7554, 40.3419], [-120.7557, 40.3416], [-120.7554, 40.3416], [-120.7554, 40.3419]]], [[[-120.7511, 40.3419], [-120.7515, 40.3417], [-120.7511, 40.3417], [-120.7511, 40.3419]]], [[[-120.7059, 40.3422], [-120.7063, 40.3419], [-120.7059, 40.3419], [-120.7059, 40.3422]]], [[[-120.6657, 40.3424], [-120.666, 40.3421], [-120.6657, 40.3421], [-120.6657, 40.3424]]], [[[-120.6618, 40.3424], [-120.6621, 40.3422], [-120.6618, 40.3422], [-120.6618, 40.3424]]], [[[-120.6533, 40.3425], [-120.6537, 40.3422], [-120.6533, 40.3422], [-120.6533, 40.3425]]], [[[-120.6508, 40.3425], [-120.6512, 40.3422], [-120.6508, 40.3422], [-120.6508, 40.3425]]], [[[-120.7123, 40.3422], [-120.7126, 40.3416], [-120.7123, 40.3416], [-120.7123, 40.3422]]], [[[-120.7508, 40.3417], [-120.7511, 40.3414], [-120.7508, 40.3414], [-120.7508, 40.3417]]], [[[-120.7218, 40.3418], [-120.7222, 40.3416], [-120.7218, 40.3416], [-120.7218, 40.3418]]], [[[-120.7084, 40.3419], [-120.7087, 40.3416], [-120.7084, 40.3416], [-120.7084, 40.3419]]], [[[-120.6505, 40.3422], [-120.6508, 40.342], [-120.6505, 40.342], [-120.6505, 40.3422]]], [[[-120.6307, 40.3423], [-120.6311, 40.3421], [-120.6307, 40.3421], [-120.6307, 40.3423]]], [[[-120.6219, 40.3424], [-120.6222, 40.3421], [-120.6219, 40.3421], [-120.6219, 40.3424]]], [[[-120.7218, 40.3429], [-120.7225, 40.3421], [-120.7239, 40.3421], [-120.7239, 40.3415], [-120.7229, 40.3413], [-120.7229, 40.3418], [-120.7215, 40.3424], [-120.7218, 40.3429]]], [[[-120.6452, 40.342], [-120.6462, 40.3422], [-120.6462, 40.3417], [-120.6452, 40.342]]], [[[-120.7773, 40.3412], [-120.778, 40.3409], [-120.7773, 40.341], [-120.7773, 40.3412]]], [[[-120.7253, 40.3415], [-120.7257, 40.3413], [-120.7253, 40.3413], [-120.7253, 40.3415]]], [[[-120.7155, 40.3416], [-120.7158, 40.3413], [-120.7155, 40.3413], [-120.7155, 40.3416]]], [[[-120.6724, 40.3418], [-120.6727, 40.3413], [-120.6724, 40.3413], [-120.6724, 40.3418]]], [[[-120.7522, 40.3411], [-120.7525, 40.3408], [-120.7522, 40.3408], [-120.7522, 40.3411]]], [[[-120.6085, 40.3419], [-120.6088, 40.3416], [-120.6085, 40.3416], [-120.6085, 40.3419]]], [[[-120.7684, 40.3413], [-120.7688, 40.3405], [-120.7684, 40.3405], [-120.7684, 40.3413]]], [[[-120.7575, 40.3408], [-120.7578, 40.3405], [-120.7575, 40.3405], [-120.7575, 40.3408]]], [[[-120.7204, 40.3426], [-120.7208, 40.3418], [-120.7215, 40.3424], [-120.7215, 40.341], [-120.7229, 40.3407], [-120.7211, 40.3408], [-120.7204, 40.3416], [-120.7186, 40.3416], [-120.719, 40.3424], [-120.7204, 40.3426]], [[-120.7211, 40.3413], [-120.7208, 40.3416], [-120.7208, 40.3413], [-120.7211, 40.3413]]], [[[-120.672, 40.3413], [-120.6724, 40.341], [-120.672, 40.341], [-120.672, 40.3413]]], [[[-120.7253, 40.3413], [-120.7253, 40.3407], [-120.7246, 40.3405], [-120.7246, 40.341], [-120.7253, 40.3413]]], [[[-120.7193, 40.341], [-120.7197, 40.3405], [-120.7193, 40.3405], [-120.7193, 40.341]]], [[[-120.6703, 40.3413], [-120.6702, 40.3408], [-120.6692, 40.3408], [-120.6692, 40.341], [-120.6703, 40.3413]]], [[[-120.7695, 40.3405], [-120.7698, 40.3402], [-120.7695, 40.3402], [-120.7695, 40.3405]]], [[[-120.7416, 40.3406], [-120.7419, 40.3404], [-120.7416, 40.3404], [-120.7416, 40.3406]]], [[[-120.7705, 40.3402], [-120.7709, 40.3399], [-120.7705, 40.3399], [-120.7705, 40.3402]]], [[[-120.6194, 40.3408], [-120.6198, 40.341], [-120.6201, 40.3408], [-120.6194, 40.3408]]], [[[-120.6685, 40.3416], [-120.6685, 40.3405], [-120.6671, 40.3405], [-120.6671, 40.3411], [-120.6685, 40.3416]]], [[[-120.7878, 40.3403], [-120.7885, 40.3398], [-120.7878, 40.3395], [-120.7878, 40.3403]]], [[[-120.7561, 40.3403], [-120.7564, 40.3397], [-120.7561, 40.3397], [-120.7561, 40.3403]]], [[[-120.7243, 40.3405], [-120.7246, 40.3399], [-120.7243, 40.3399], [-120.7243, 40.3405]]], [[[-120.7539, 40.34], [-120.7543, 40.3397], [-120.7539, 40.3397], [-120.7539, 40.34]]], [[[-120.755, 40.34], [-120.7553, 40.3395], [-120.755, 40.3395], [-120.755, 40.34]]], [[[-120.6169, 40.3408], [-120.6173, 40.3402], [-120.6169, 40.3402], [-120.6169, 40.3408]]], [[[-120.7589, 40.3397], [-120.7592, 40.3394], [-120.7589, 40.3394], [-120.7589, 40.3397]]], [[[-120.6717, 40.3402], [-120.672, 40.3399], [-120.6717, 40.3399], [-120.6717, 40.3402]]], [[[-120.6494, 40.3403], [-120.6501, 40.3401], [-120.6494, 40.3401], [-120.6494, 40.3403]]], [[[-120.6187, 40.3405], [-120.619, 40.3402], [-120.6187, 40.3402], [-120.6187, 40.3405]]], [[[-120.7292, 40.3426], [-120.7289, 40.3415], [-120.7317, 40.3412], [-120.7274, 40.3394], [-120.7268, 40.341], [-120.7278, 40.3413], [-120.7275, 40.3421], [-120.7282, 40.3426], [-120.7292, 40.3426]]], [[[-120.7854, 40.3396], [-120.7861, 40.339], [-120.7854, 40.339], [-120.7854, 40.3396]]], [[[-120.7875, 40.3393], [-120.7878, 40.339], [-120.7875, 40.339], [-120.7875, 40.3393]]], [[[-120.7705, 40.3394], [-120.7709, 40.3391], [-120.7705, 40.3391], [-120.7705, 40.3394]]], [[[-120.7553, 40.3395], [-120.7557, 40.3392], [-120.7553, 40.3392], [-120.7553, 40.3395]]], [[[-120.7515, 40.3395], [-120.7518, 40.3392], [-120.7515, 40.3392], [-120.7515, 40.3395]]], [[[-120.7158, 40.3397], [-120.7161, 40.3394], [-120.7158, 40.3394], [-120.7158, 40.3397]]], [[[-120.6092, 40.3403], [-120.6095, 40.34], [-120.6091, 40.34], [-120.6092, 40.3403]]], [[[-120.7797, 40.3407], [-120.7811, 40.3393], [-120.7808, 40.3388], [-120.7794, 40.3396], [-120.7797, 40.3407]]], [[[-120.6681, 40.34], [-120.6685, 40.3394], [-120.6681, 40.3394], [-120.6681, 40.34]]], [[[-120.7281, 40.3394], [-120.7285, 40.3391], [-120.7281, 40.3391], [-120.7281, 40.3394]]], [[[-120.6695, 40.3397], [-120.6699, 40.3394], [-120.6695, 40.3394], [-120.6695, 40.3397]]], [[[-120.6491, 40.3398], [-120.6494, 40.3395], [-120.649, 40.3395], [-120.6491, 40.3398]]], [[[-120.6476, 40.3398], [-120.6487, 40.3395], [-120.6476, 40.3395], [-120.6476, 40.3398]]], [[[-120.7518, 40.3392], [-120.7522, 40.3387], [-120.7518, 40.3387], [-120.7518, 40.3392]]], [[[-120.6713, 40.3405], [-120.6713, 40.3397], [-120.6716, 40.3391], [-120.6706, 40.34], [-120.6713, 40.3405]]], [[[-120.7896, 40.3387], [-120.7899, 40.3384], [-120.7896, 40.3384], [-120.7896, 40.3387]]], [[[-120.7854, 40.3387], [-120.7857, 40.3385], [-120.7853, 40.3385], [-120.7854, 40.3387]]], [[[-120.7808, 40.3388], [-120.7811, 40.3385], [-120.7808, 40.3385], [-120.7808, 40.3388]]], [[[-120.7278, 40.3391], [-120.7281, 40.3388], [-120.7278, 40.3388], [-120.7278, 40.3391]]], [[[-120.7165, 40.3392], [-120.7168, 40.3389], [-120.7165, 40.3389], [-120.7165, 40.3392]]], [[[-120.6593, 40.3395], [-120.6596, 40.3392], [-120.6593, 40.3392], [-120.6593, 40.3395]]], [[[-120.6487, 40.3395], [-120.649, 40.3393], [-120.6487, 40.3393], [-120.6487, 40.3395]]], [[[-120.6317, 40.3396], [-120.6321, 40.3393], [-120.6317, 40.3393], [-120.6317, 40.3396]]], [[[-120.6173, 40.3402], [-120.6176, 40.3392], [-120.6173, 40.3392], [-120.6173, 40.3402]]], [[[-120.7536, 40.3395], [-120.7553, 40.3389], [-120.7539, 40.3384], [-120.7536, 40.3395]]], [[[-120.756, 40.3389], [-120.7567, 40.3384], [-120.7564, 40.3384], [-120.756, 40.3389]]], [[[-120.7857, 40.3385], [-120.7861, 40.3382], [-120.7857, 40.3382], [-120.7857, 40.3385]]], [[[-120.6706, 40.3391], [-120.6709, 40.3389], [-120.6706, 40.3389], [-120.6706, 40.3391]]], [[[-120.6692, 40.3392], [-120.6695, 40.3389], [-120.6692, 40.3389], [-120.6692, 40.3392]]], [[[-120.6716, 40.3391], [-120.6723, 40.3386], [-120.6716, 40.3386], [-120.6716, 40.3391]]], [[[-120.6462, 40.3393], [-120.6469, 40.339], [-120.6462, 40.3387], [-120.6462, 40.3393]]], [[[-120.7871, 40.3382], [-120.7875, 40.3379], [-120.7871, 40.3379], [-120.7871, 40.3382]]], [[[-120.7536, 40.3384], [-120.7539, 40.3381], [-120.7536, 40.3381], [-120.7536, 40.3384]]], [[[-120.7168, 40.3386], [-120.7172, 40.3383], [-120.7168, 40.3383], [-120.7168, 40.3386]]], [[[-120.6791, 40.3388], [-120.6794, 40.3386], [-120.6791, 40.3386], [-120.6791, 40.3388]]], [[[-120.6194, 40.3391], [-120.6197, 40.3389], [-120.6194, 40.3389], [-120.6194, 40.3391]]], [[[-120.7172, 40.3421], [-120.719, 40.3405], [-120.7186, 40.3381], [-120.7179, 40.3392], [-120.7168, 40.3392], [-120.7169, 40.3402], [-120.7179, 40.3402], [-120.7165, 40.341], [-120.7172, 40.3421]], [[-120.7176, 40.3413], [-120.7172, 40.3416], [-120.7172, 40.3413], [-120.7176, 40.3413]]], [[[-120.6745, 40.3413], [-120.6745, 40.3407], [-120.6759, 40.3407], [-120.6755, 40.3397], [-120.6762, 40.3397], [-120.6766, 40.3383], [-120.6755, 40.3383], [-120.6755, 40.3391], [-120.6741, 40.3386], [-120.6741, 40.3402], [-120.6748, 40.3405], [-120.6731, 40.3405], [-120.6731, 40.341], [-120.6745, 40.3413]]], [[[-120.7885, 40.3379], [-120.7889, 40.3376], [-120.7885, 40.3376], [-120.7885, 40.3379]]], [[[-120.7656, 40.3381], [-120.7659, 40.3378], [-120.7656, 40.3378], [-120.7656, 40.3381]]], [[[-120.6607, 40.3387], [-120.661, 40.3384], [-120.6607, 40.3384], [-120.6607, 40.3387]]], [[[-120.7673, 40.3389], [-120.767, 40.3375], [-120.7666, 40.3375], [-120.7656, 40.3386], [-120.7673, 40.3389]]], [[[-120.6579, 40.3384], [-120.6582, 40.3381], [-120.6579, 40.3381], [-120.6579, 40.3384]]], [[[-120.6176, 40.3386], [-120.618, 40.3383], [-120.6176, 40.3383], [-120.6176, 40.3386]]], [[[-120.7846, 40.3377], [-120.7853, 40.3374], [-120.7846, 40.3371], [-120.7846, 40.3377]]], [[[-120.7179, 40.3381], [-120.7182, 40.3375], [-120.7179, 40.3375], [-120.7179, 40.3381]]], [[[-120.6755, 40.3383], [-120.6755, 40.3378], [-120.6748, 40.3378], [-120.6748, 40.338], [-120.6755, 40.3383]]], [[[-120.7719, 40.3375], [-120.7723, 40.3372], [-120.7719, 40.3372], [-120.7719, 40.3375]]], [[[-120.72, 40.3405], [-120.7218, 40.3405], [-120.7214, 40.3391], [-120.7221, 40.3389], [-120.7207, 40.3383], [-120.7211, 40.3375], [-120.7197, 40.3381], [-120.7197, 40.34], [-120.7211, 40.3399], [-120.72, 40.3405]]], [[[-120.6769, 40.3383], [-120.6773, 40.3378], [-120.6762, 40.3378], [-120.6762, 40.338], [-120.6769, 40.3383]]], [[[-120.6476, 40.3385], [-120.6483, 40.3379], [-120.6473, 40.3376], [-120.6476, 40.3385]]], [[[-120.7984, 40.3373], [-120.7991, 40.3368], [-120.7984, 40.3368], [-120.7984, 40.3373]]], [[[-120.7853, 40.3371], [-120.7857, 40.3368], [-120.7853, 40.3369], [-120.7853, 40.3371]]], [[[-120.7716, 40.3372], [-120.7719, 40.3369], [-120.7716, 40.3369], [-120.7716, 40.3372]]], [[[-120.7574, 40.3373], [-120.7578, 40.337], [-120.7574, 40.337], [-120.7574, 40.3373]]], [[[-120.7387, 40.3374], [-120.7391, 40.3371], [-120.7387, 40.3371], [-120.7387, 40.3374]]], [[[-120.7165, 40.3375], [-120.7168, 40.3373], [-120.7165, 40.3373], [-120.7165, 40.3375]]], [[[-120.6773, 40.3378], [-120.678, 40.3375], [-120.6773, 40.3375], [-120.6773, 40.3378]]], [[[-120.6487, 40.3379], [-120.649, 40.3376], [-120.6487, 40.3376], [-120.6487, 40.3379]]], [[[-120.785, 40.3369], [-120.7853, 40.3366], [-120.785, 40.3366], [-120.785, 40.3369]]], [[[-120.7578, 40.337], [-120.7581, 40.3367], [-120.7578, 40.3368], [-120.7578, 40.337]]], [[[-120.7168, 40.3373], [-120.7172, 40.337], [-120.7168, 40.337], [-120.7168, 40.3373]]], [[[-120.6727, 40.3375], [-120.673, 40.3372], [-120.6727, 40.3372], [-120.6727, 40.3375]]], [[[-120.625, 40.3378], [-120.6254, 40.3375], [-120.625, 40.3375], [-120.625, 40.3378]]], [[[-120.6112, 40.3378], [-120.6116, 40.3376], [-120.6112, 40.3376], [-120.6112, 40.3378]]], [[[-120.7193, 40.3381], [-120.7196, 40.3367], [-120.7193, 40.3367], [-120.7193, 40.3381]]], [[[-120.6123, 40.3381], [-120.6123, 40.3373], [-120.612, 40.3373], [-120.6116, 40.3381], [-120.6123, 40.3381]]], [[[-120.6533, 40.3376], [-120.6536, 40.3371], [-120.6533, 40.3371], [-120.6533, 40.3376]]], [[[-120.6141, 40.3378], [-120.6144, 40.3373], [-120.6141, 40.3373], [-120.6141, 40.3378]]], [[[-120.654, 40.3373], [-120.6543, 40.3371], [-120.654, 40.3371], [-120.654, 40.3373]]], [[[-120.672, 40.3378], [-120.672, 40.3367], [-120.6709, 40.337], [-120.6709, 40.3373], [-120.672, 40.3378]]], [[[-120.6159, 40.3397], [-120.6155, 40.3389], [-120.6173, 40.3381], [-120.6162, 40.337], [-120.6155, 40.337], [-120.6148, 40.3389], [-120.6159, 40.3397]]], [[[-120.7726, 40.3369], [-120.7733, 40.3364], [-120.7726, 40.3361], [-120.7726, 40.3369]]], [[[-120.7899, 40.3366], [-120.7906, 40.336], [-120.7899, 40.336], [-120.7899, 40.3366]]], [[[-120.7341, 40.3366], [-120.7345, 40.3364], [-120.7341, 40.3364], [-120.7341, 40.3366]]], [[[-120.7274, 40.3367], [-120.7278, 40.3364], [-120.7274, 40.3364], [-120.7274, 40.3367]]], [[[-120.6123, 40.3373], [-120.6127, 40.337], [-120.6123, 40.337], [-120.6123, 40.3373]]], [[[-120.7567, 40.3373], [-120.7567, 40.3362], [-120.7553, 40.3362], [-120.756, 40.3373], [-120.7567, 40.3373]]], [[[-120.7857, 40.336], [-120.7864, 40.3358], [-120.7857, 40.3358], [-120.7857, 40.336]]], [[[-120.7398, 40.3363], [-120.7401, 40.336], [-120.7398, 40.3361], [-120.7398, 40.3363]]], [[[-120.7384, 40.3363], [-120.7387, 40.3361], [-120.7384, 40.3361], [-120.7384, 40.3363]]], [[[-120.7324, 40.3364], [-120.7327, 40.3361], [-120.7324, 40.3361], [-120.7324, 40.3364]]], [[[-120.72, 40.3364], [-120.7203, 40.3362], [-120.72, 40.3362], [-120.72, 40.3364]]], [[[-120.6727, 40.3367], [-120.673, 40.3364], [-120.6727, 40.3364], [-120.6727, 40.3367]]], [[[-120.6494, 40.3368], [-120.6497, 40.3366], [-120.6494, 40.3366], [-120.6494, 40.3368]]], [[[-120.6271, 40.3369], [-120.6275, 40.3367], [-120.6271, 40.3367], [-120.6271, 40.3369]]], [[[-120.6247, 40.3372], [-120.6247, 40.3364], [-120.6243, 40.3364], [-120.624, 40.3372], [-120.6247, 40.3372]]], [[[-120.7896, 40.3366], [-120.7899, 40.3357], [-120.7892, 40.3355], [-120.7885, 40.3366], [-120.7896, 40.3366]]], [[[-120.7853, 40.3358], [-120.7857, 40.3355], [-120.7853, 40.3355], [-120.7853, 40.3358]]], [[[-120.7405, 40.336], [-120.7408, 40.3358], [-120.7405, 40.3358], [-120.7405, 40.336]]], [[[-120.6808, 40.3364], [-120.6815, 40.3361], [-120.6808, 40.3361], [-120.6808, 40.3364]]], [[[-120.6268, 40.3367], [-120.6271, 40.3364], [-120.6268, 40.3364], [-120.6268, 40.3367]]], [[[-120.6127, 40.3365], [-120.613, 40.3367], [-120.6134, 40.3365], [-120.6127, 40.3365]]], [[[-120.6791, 40.3386], [-120.6787, 40.3378], [-120.6798, 40.338], [-120.6797, 40.3359], [-120.6794, 40.3369], [-120.6776, 40.338], [-120.6791, 40.3386]]], [[[-120.6734, 40.3367], [-120.6737, 40.3359], [-120.6734, 40.3359], [-120.6734, 40.3367]]], [[[-120.7793, 40.3366], [-120.7793, 40.3361], [-120.7807, 40.3353], [-120.779, 40.3358], [-120.7793, 40.3366]]], [[[-120.7571, 40.3357], [-120.7574, 40.3354], [-120.7571, 40.3354], [-120.7571, 40.3357]]], [[[-120.7525, 40.3357], [-120.7528, 40.3354], [-120.7525, 40.3354], [-120.7525, 40.3357]]], [[[-120.6713, 40.3362], [-120.672, 40.3362], [-120.6723, 40.3359], [-120.6713, 40.3362]]], [[[-120.666, 40.3362], [-120.6663, 40.3359], [-120.666, 40.3359], [-120.666, 40.3362]]], [[[-120.6635, 40.3362], [-120.6638, 40.3359], [-120.6635, 40.3359], [-120.6635, 40.3362]]], [[[-120.6518, 40.3363], [-120.6522, 40.336], [-120.6518, 40.336], [-120.6518, 40.3363]]], [[[-120.6194, 40.3364], [-120.6197, 40.3362], [-120.6194, 40.3362], [-120.6194, 40.3364]]], [[[-120.6134, 40.3365], [-120.6137, 40.3362], [-120.6134, 40.3362], [-120.6134, 40.3365]]], [[[-120.7331, 40.3366], [-120.7345, 40.3358], [-120.7323, 40.3353], [-120.7334, 40.3361], [-120.7331, 40.3366]]], [[[-120.6165, 40.3367], [-120.6169, 40.3359], [-120.6165, 40.3359], [-120.6165, 40.3367]]], [[[-120.7836, 40.3361], [-120.7843, 40.3355], [-120.7843, 40.335], [-120.7832, 40.335], [-120.7836, 40.3361]]], [[[-120.7874, 40.3352], [-120.7878, 40.3349], [-120.7874, 40.3349], [-120.7874, 40.3352]]], [[[-120.7811, 40.3353], [-120.7814, 40.335], [-120.7811, 40.335], [-120.7811, 40.3353]]], [[[-120.7748, 40.3453], [-120.7748, 40.3448], [-120.7759, 40.3447], [-120.7759, 40.3445], [-120.7752, 40.3442], [-120.7748, 40.3431], [-120.7759, 40.3439], [-120.7773, 40.3437], [-120.778, 40.3431], [-120.7762, 40.3423], [-120.7769, 40.341], [-120.7776, 40.3407], [-120.7762, 40.3404], [-120.7772, 40.3401], [-120.7769, 40.3385], [-120.7776, 40.3382], [-120.7772, 40.3364], [-120.7758, 40.3356], [-120.7761, 40.335], [-120.7744, 40.3358], [-120.7744, 40.3372], [-120.7733, 40.3369], [-120.7726, 40.338], [-120.7716, 40.338], [-120.7726, 40.3391], [-120.7727, 40.3404], [-120.7698, 40.3407], [-120.7713, 40.3423], [-120.7755, 40.3418], [-120.7748, 40.342], [-120.7755, 40.3429], [-120.7737, 40.3429], [-120.7748, 40.3453]], [[-120.7773, 40.3431], [-120.7769, 40.3434], [-120.7769, 40.3431], [-120.7773, 40.3431]], [[-120.7758, 40.3415], [-120.7741, 40.3412], [-120.7741, 40.3394], [-120.7751, 40.3396], [-120.7744, 40.3404], [-120.7765, 40.3407], [-120.7758, 40.3415]], [[-120.7723, 40.3413], [-120.7716, 40.3415], [-120.7716, 40.3413], [-120.7723, 40.3413]], [[-120.7737, 40.3407], [-120.773, 40.341], [-120.773, 40.3407], [-120.7737, 40.3407]], [[-120.7737, 40.3399], [-120.773, 40.3404], [-120.773, 40.3396], [-120.7737, 40.3399]], [[-120.7755, 40.3399], [-120.7751, 40.3402], [-120.7751, 40.3399], [-120.7755, 40.3399]], [[-120.7765, 40.3396], [-120.7762, 40.3399], [-120.7762, 40.3396], [-120.7765, 40.3396]], [[-120.7737, 40.3391], [-120.7734, 40.3394], [-120.7733, 40.3391], [-120.7737, 40.3391]], [[-120.7733, 40.3388], [-120.7726, 40.3391], [-120.7726, 40.3388], [-120.7733, 40.3388]], [[-120.7737, 40.3377], [-120.7733, 40.338], [-120.7733, 40.3377], [-120.7737, 40.3377]]], [[[-120.7345, 40.3355], [-120.7348, 40.3353], [-120.7345, 40.3353], [-120.7345, 40.3355]]], [[[-120.7295, 40.3377], [-120.7309, 40.3366], [-120.7299, 40.3358], [-120.7302, 40.3353], [-120.7271, 40.3372], [-120.7295, 40.3377]]], [[[-120.7179, 40.3356], [-120.7182, 40.3354], [-120.7179, 40.3354], [-120.7179, 40.3356]]], [[[-120.7168, 40.3356], [-120.7172, 40.3354], [-120.7168, 40.3354], [-120.7168, 40.3356]]], [[[-120.6247, 40.3361], [-120.625, 40.3359], [-120.6247, 40.3359], [-120.6247, 40.3361]]], [[[-120.6144, 40.3362], [-120.6148, 40.3359], [-120.6144, 40.3359], [-120.6144, 40.3362]]], [[[-120.6695, 40.3367], [-120.6695, 40.3354], [-120.6691, 40.3354], [-120.6688, 40.3359], [-120.6695, 40.3367]]], [[[-120.7285, 40.3356], [-120.7292, 40.3353], [-120.7285, 40.335], [-120.7285, 40.3356]]], [[[-120.6197, 40.3362], [-120.6204, 40.3359], [-120.6197, 40.3356], [-120.6197, 40.3362]]], [[[-120.7878, 40.3349], [-120.7881, 40.3347], [-120.7878, 40.3347], [-120.7878, 40.3349]]], [[[-120.7797, 40.335], [-120.78, 40.3347], [-120.7797, 40.3347], [-120.7797, 40.335]]], [[[-120.7751, 40.335], [-120.7754, 40.3348], [-120.7751, 40.3348], [-120.7751, 40.335]]], [[[-120.7341, 40.3353], [-120.7345, 40.335], [-120.7341, 40.335], [-120.7341, 40.3353]]], [[[-120.7331, 40.3353], [-120.7338, 40.335], [-120.733, 40.335], [-120.7331, 40.3353]]], [[[-120.6589, 40.3357], [-120.6593, 40.3354], [-120.6589, 40.3354], [-120.6589, 40.3357]]], [[[-120.6194, 40.3362], [-120.6194, 40.3354], [-120.619, 40.3354], [-120.6187, 40.3362], [-120.6194, 40.3362]]], [[[-120.7348, 40.3353], [-120.7352, 40.3347], [-120.7348, 40.3347], [-120.7348, 40.3353]]], [[[-120.6396, 40.3488], [-120.641, 40.3466], [-120.6428, 40.3466], [-120.6431, 40.3474], [-120.6442, 40.3474], [-120.6435, 40.3471], [-120.6438, 40.3463], [-120.6449, 40.3468], [-120.6466, 40.3466], [-120.647, 40.3441], [-120.6491, 40.3439], [-120.6491, 40.3433], [-120.6487, 40.3433], [-120.6487, 40.343], [-120.6484, 40.343], [-120.6484, 40.3428], [-120.648, 40.3425], [-120.6487, 40.3422], [-120.6505, 40.3428], [-120.6505, 40.3422], [-120.6498, 40.342], [-120.6512, 40.3417], [-120.6519, 40.3395], [-120.6529, 40.3392], [-120.6526, 40.3406], [-120.6533, 40.3406], [-120.6554, 40.339], [-120.6561, 40.3392], [-120.6561, 40.3368], [-120.6533, 40.3384], [-120.6526, 40.3371], [-120.6533, 40.3371], [-120.6529, 40.3363], [-120.654, 40.3355], [-120.6522, 40.3352], [-120.6525, 40.336], [-120.6522, 40.3371], [-120.6508, 40.336], [-120.6497, 40.3384], [-120.6487, 40.3385], [-120.6494, 40.3393], [-120.6505, 40.339], [-120.6501, 40.3406], [-120.6494, 40.3403], [-120.6491, 40.3403], [-120.6487, 40.3406], [-120.6483, 40.3401], [-120.6466, 40.3404], [-120.6452, 40.3398], [-120.6459, 40.339], [-120.6448, 40.339], [-120.6438, 40.3401], [-120.6441, 40.3414], [-120.6424, 40.3417], [-120.6406, 40.3431], [-120.6413, 40.3436], [-120.6392, 40.345], [-120.6389, 40.3466], [-120.6382, 40.3461], [-120.6368, 40.3469], [-120.6396, 40.3488]], [[-120.6438, 40.3463], [-120.6428, 40.3463], [-120.6427, 40.3458], [-120.6435, 40.3458], [-120.6438, 40.3463]], [[-120.6424, 40.346], [-120.6413, 40.3458], [-120.641, 40.3452], [-120.6427, 40.3455], [-120.6424, 40.346]], [[-120.641, 40.3458], [-120.6406, 40.3461], [-120.6406, 40.3458], [-120.641, 40.3458]], [[-120.6438, 40.3458], [-120.6427, 40.345], [-120.6434, 40.3442], [-120.6445, 40.345], [-120.6438, 40.3458]], [[-120.6406, 40.3455], [-120.6403, 40.3458], [-120.6403, 40.3455], [-120.6406, 40.3455]], [[-120.6484, 40.3436], [-120.648, 40.3439], [-120.648, 40.3436], [-120.6484, 40.3436]], [[-120.6463, 40.3439], [-120.6448, 40.3436], [-120.6441, 40.3414], [-120.6459, 40.3417], [-120.6459, 40.3414], [-120.6466, 40.3414], [-120.6466, 40.3412], [-120.6473, 40.3412], [-120.6473, 40.3422], [-120.6462, 40.3422], [-120.647, 40.3428], [-120.6463, 40.3439]], [[-120.6445, 40.3431], [-120.6441, 40.3433], [-120.6441, 40.3431], [-120.6445, 40.3431]], [[-120.6434, 40.3431], [-120.6427, 40.3433], [-120.6427, 40.3431], [-120.6434, 40.3431]], [[-120.6441, 40.3428], [-120.6438, 40.3431], [-120.6438, 40.3428], [-120.6441, 40.3428]], [[-120.6473, 40.3425], [-120.647, 40.3428], [-120.647, 40.3425], [-120.6473, 40.3425]], [[-120.6438, 40.342], [-120.6434, 40.3428], [-120.6431, 40.342], [-120.6438, 40.342]], [[-120.6487, 40.3414], [-120.648, 40.3414], [-120.6484, 40.3406], [-120.6487, 40.3406], [-120.6487, 40.3414]], [[-120.6462, 40.3406], [-120.6455, 40.3414], [-120.6452, 40.3406], [-120.6462, 40.3406]], [[-120.6476, 40.3409], [-120.6473, 40.3412], [-120.6473, 40.3409], [-120.6476, 40.3409]], [[-120.654, 40.339], [-120.6533, 40.3392], [-120.6533, 40.339], [-120.654, 40.339]], [[-120.6557, 40.3381], [-120.6554, 40.3384], [-120.6554, 40.3381], [-120.6557, 40.3381]], [[-120.6529, 40.3357], [-120.6525, 40.336], [-120.6525, 40.3357], [-120.6529, 40.3357]]], [[[-120.6137, 40.3354], [-120.6144, 40.3359], [-120.6144, 40.3354], [-120.6137, 40.3354]]], [[[-120.7401, 40.335], [-120.7405, 40.3347], [-120.7401, 40.3347], [-120.7401, 40.335]]], [[[-120.7327, 40.335], [-120.733, 40.3347], [-120.7327, 40.3347], [-120.7327, 40.335]]], [[[-120.7129, 40.3351], [-120.7133, 40.3349], [-120.7129, 40.3349], [-120.7129, 40.3351]]], [[[-120.6575, 40.3354], [-120.6578, 40.3352], [-120.6575, 40.3352], [-120.6575, 40.3354]]], [[[-120.7366, 40.3353], [-120.7366, 40.3344], [-120.7362, 40.3345], [-120.7355, 40.3353], [-120.7366, 40.3353]]], [[[-120.7507, 40.3349], [-120.7514, 40.3346], [-120.7507, 40.3344], [-120.7507, 40.3349]]], [[[-120.6727, 40.3354], [-120.6734, 40.3351], [-120.6727, 40.3348], [-120.6727, 40.3354]]], [[[-120.7143, 40.3348], [-120.7147, 40.3346], [-120.7143, 40.3346], [-120.7143, 40.3348]]], [[[-120.6787, 40.335], [-120.679, 40.3348], [-120.6787, 40.3348], [-120.6787, 40.335]]], [[[-120.6737, 40.3351], [-120.6741, 40.3348], [-120.6737, 40.3348], [-120.6737, 40.3351]]], [[[-120.6695, 40.3351], [-120.6702, 40.3348], [-120.6695, 40.3348], [-120.6695, 40.3351]]], [[[-120.6554, 40.3368], [-120.6557, 40.336], [-120.6575, 40.336], [-120.6575, 40.3354], [-120.6561, 40.3352], [-120.6561, 40.3346], [-120.655, 40.3346], [-120.6547, 40.3352], [-120.6554, 40.3354], [-120.6543, 40.3355], [-120.654, 40.3368], [-120.6554, 40.3368]]], [[[-120.7832, 40.3342], [-120.7835, 40.3339], [-120.7832, 40.3339], [-120.7832, 40.3342]]], [[[-120.7807, 40.3342], [-120.7811, 40.3339], [-120.7807, 40.3339], [-120.7807, 40.3342]]], [[[-120.7641, 40.3343], [-120.7648, 40.334], [-120.7641, 40.334], [-120.7641, 40.3343]]], [[[-120.7616, 40.3343], [-120.762, 40.334], [-120.7616, 40.334], [-120.7616, 40.3343]]], [[[-120.6804, 40.3348], [-120.6808, 40.3345], [-120.6804, 40.3345], [-120.6804, 40.3348]]], [[[-120.6578, 40.3349], [-120.6585, 40.3346], [-120.6578, 40.3346], [-120.6578, 40.3349]]], [[[-120.619, 40.3351], [-120.6193, 40.3348], [-120.619, 40.3348], [-120.619, 40.3351]]], [[[-120.6794, 40.3348], [-120.6801, 40.3342], [-120.6797, 40.3342], [-120.6794, 40.3348]]], [[[-120.7401, 40.3342], [-120.7405, 40.3339], [-120.7401, 40.3339], [-120.7401, 40.3342]]], [[[-120.6808, 40.3345], [-120.6811, 40.3342], [-120.6808, 40.3342], [-120.6808, 40.3345]]], [[[-120.6741, 40.3345], [-120.6744, 40.3343], [-120.6741, 40.3343], [-120.6741, 40.3345]]], [[[-120.6183, 40.3348], [-120.6186, 40.3346], [-120.6183, 40.3346], [-120.6183, 40.3348]]], [[[-120.6197, 40.3354], [-120.6208, 40.3345], [-120.6197, 40.3343], [-120.6197, 40.3354]]], [[[-120.7638, 40.3337], [-120.7641, 40.3335], [-120.7638, 40.3335], [-120.7638, 40.3337]]], [[[-120.7281, 40.334], [-120.7284, 40.3337], [-120.7281, 40.3337], [-120.7281, 40.334]]], [[[-120.7203, 40.334], [-120.7207, 40.3337], [-120.7203, 40.3337], [-120.7203, 40.334]]], [[[-120.6282, 40.3359], [-120.6289, 40.335], [-120.6285, 40.334], [-120.6278, 40.334], [-120.6275, 40.3353], [-120.6282, 40.3359]]], [[[-120.6737, 40.3345], [-120.6737, 40.3337], [-120.6734, 40.3337], [-120.673, 40.3345], [-120.6737, 40.3345]]], [[[-120.7959, 40.3338], [-120.7962, 40.3333], [-120.7952, 40.333], [-120.7948, 40.3335], [-120.7959, 40.3338]]], [[[-120.7602, 40.3335], [-120.7606, 40.3332], [-120.7602, 40.3332], [-120.7602, 40.3335]]], [[[-120.6193, 40.3343], [-120.6197, 40.334], [-120.6193, 40.334], [-120.6193, 40.3343]]], [[[-120.6179, 40.3343], [-120.6186, 40.3337], [-120.6183, 40.3337], [-120.6179, 40.3343]]], [[[-120.7256, 40.3334], [-120.726, 40.3332], [-120.7256, 40.3332], [-120.7256, 40.3334]]], [[[-120.7196, 40.3335], [-120.72, 40.3332], [-120.7196, 40.3332], [-120.7196, 40.3335]]], [[[-120.6751, 40.3337], [-120.6755, 40.3334], [-120.6751, 40.3334], [-120.6751, 40.3337]]], [[[-120.6744, 40.3337], [-120.6748, 40.3334], [-120.6744, 40.3335], [-120.6744, 40.3337]]], [[[-120.6603, 40.3338], [-120.6606, 40.3335], [-120.6603, 40.3335], [-120.6603, 40.3338]]], [[[-120.625, 40.334], [-120.6253, 40.3337], [-120.625, 40.3337], [-120.625, 40.334]]], [[[-120.6741, 40.3367], [-120.6783, 40.3351], [-120.6779, 40.3334], [-120.6762, 40.3332], [-120.6762, 40.3337], [-120.6744, 40.3345], [-120.6751, 40.3348], [-120.6748, 40.3356], [-120.6744, 40.3351], [-120.6734, 40.3353], [-120.6748, 40.3359], [-120.6741, 40.3367]], [[-120.6755, 40.3353], [-120.6751, 40.3356], [-120.6751, 40.3353], [-120.6755, 40.3353]], [[-120.678, 40.3348], [-120.6776, 40.3351], [-120.6776, 40.3348], [-120.678, 40.3348]], [[-120.6762, 40.3348], [-120.6758, 40.3351], [-120.6758, 40.3348], [-120.6762, 40.3348]], [[-120.6772, 40.334], [-120.6769, 40.3345], [-120.6769, 40.334], [-120.6772, 40.334]]], [[[-120.6836, 40.3339], [-120.6836, 40.3331], [-120.6818, 40.3334], [-120.6818, 40.334], [-120.6836, 40.3339]]], [[[-120.6801, 40.3337], [-120.6804, 40.3331], [-120.6801, 40.3332], [-120.6801, 40.3337]]], [[[-120.739, 40.3331], [-120.7394, 40.3328], [-120.739, 40.3328], [-120.739, 40.3331]]], [[[-120.6441, 40.3336], [-120.6444, 40.3333], [-120.6441, 40.3333], [-120.6441, 40.3336]]], [[[-120.6246, 40.3337], [-120.625, 40.3334], [-120.6246, 40.3334], [-120.6246, 40.3337]]], [[[-120.7217, 40.3337], [-120.7217, 40.3332], [-120.7207, 40.3327], [-120.7203, 40.3335], [-120.7217, 40.3337]]], [[[-120.7277, 40.3334], [-120.7277, 40.3329], [-120.727, 40.3326], [-120.727, 40.3332], [-120.7277, 40.3334]]], [[[-120.6606, 40.3335], [-120.661, 40.333], [-120.6606, 40.333], [-120.6606, 40.3335]]], [[[-120.7539, 40.3327], [-120.7546, 40.3324], [-120.7539, 40.3325], [-120.7539, 40.3327]]], [[[-120.7277, 40.3329], [-120.7281, 40.3326], [-120.7277, 40.3326], [-120.7277, 40.3329]]], [[[-120.6614, 40.3333], [-120.6617, 40.333], [-120.6613, 40.333], [-120.6614, 40.3333]]], [[[-120.7231, 40.3329], [-120.7235, 40.3324], [-120.7231, 40.3324], [-120.7231, 40.3329]]], [[[-120.7546, 40.3324], [-120.7549, 40.3322], [-120.7546, 40.3322], [-120.7546, 40.3324]]], [[[-120.7532, 40.3325], [-120.7535, 40.3322], [-120.7531, 40.3322], [-120.7532, 40.3325]]], [[[-120.7133, 40.3327], [-120.7136, 40.3324], [-120.7132, 40.3324], [-120.7133, 40.3327]]], [[[-120.6783, 40.3329], [-120.6786, 40.3326], [-120.6783, 40.3326], [-120.6783, 40.3329]]], [[[-120.6303, 40.3331], [-120.6306, 40.3329], [-120.6303, 40.3329], [-120.6303, 40.3331]]], [[[-120.6741, 40.3335], [-120.6741, 40.3324], [-120.6733, 40.3324], [-120.6734, 40.3329], [-120.6741, 40.3335]]], [[[-120.7581, 40.3322], [-120.7584, 40.3319], [-120.7581, 40.3319], [-120.7581, 40.3322]]], [[[-120.6801, 40.3326], [-120.6804, 40.3323], [-120.6801, 40.3323], [-120.6801, 40.3326]]], [[[-120.6677, 40.3327], [-120.6684, 40.3324], [-120.6677, 40.3324], [-120.6677, 40.3327]]], [[[-120.632, 40.3329], [-120.6324, 40.3326], [-120.632, 40.3326], [-120.632, 40.3329]]], [[[-120.7418, 40.3323], [-120.7425, 40.3317], [-120.7418, 40.3317], [-120.7418, 40.3323]]], [[[-120.6818, 40.3326], [-120.6818, 40.3321], [-120.6811, 40.3321], [-120.6811, 40.3323], [-120.6818, 40.3326]]], [[[-120.6755, 40.3332], [-120.6755, 40.3326], [-120.6762, 40.3321], [-120.6748, 40.3324], [-120.6755, 40.3332]]], [[[-120.6193, 40.3329], [-120.6197, 40.3324], [-120.6193, 40.3324], [-120.6193, 40.3329]]], [[[-120.6172, 40.3356], [-120.6179, 40.3351], [-120.6176, 40.3348], [-120.6179, 40.3327], [-120.6161, 40.3324], [-120.6155, 40.3338], [-120.6162, 40.3338], [-120.6165, 40.3343], [-120.6151, 40.3343], [-120.6141, 40.3351], [-120.6165, 40.3348], [-120.6172, 40.3356]], [[-120.6169, 40.3332], [-120.6162, 40.3338], [-120.6162, 40.3332], [-120.6169, 40.3332]]], [[[-120.6825, 40.3323], [-120.6829, 40.3321], [-120.6825, 40.3321], [-120.6825, 40.3323]]], [[[-120.6741, 40.3324], [-120.6744, 40.3321], [-120.6741, 40.3321], [-120.6741, 40.3324]]], [[[-120.673, 40.3324], [-120.6733, 40.3321], [-120.673, 40.3321], [-120.673, 40.3324]]], [[[-120.6666, 40.3332], [-120.6666, 40.3327], [-120.6673, 40.3321], [-120.6663, 40.3321], [-120.6666, 40.3332]]], [[[-120.727, 40.3318], [-120.7274, 40.3315], [-120.727, 40.3315], [-120.727, 40.3318]]], [[[-120.6822, 40.3321], [-120.6825, 40.3318], [-120.6822, 40.3318], [-120.6822, 40.3321]]], [[[-120.6733, 40.3321], [-120.6737, 40.3318], [-120.6733, 40.3318], [-120.6733, 40.3321]]], [[[-120.6504, 40.3322], [-120.6507, 40.332], [-120.6504, 40.332], [-120.6504, 40.3322]]], [[[-120.6338, 40.3323], [-120.6342, 40.332], [-120.6338, 40.332], [-120.6338, 40.3323]]], [[[-120.6186, 40.3324], [-120.619, 40.3321], [-120.6186, 40.3321], [-120.6186, 40.3324]]], [[[-120.7231, 40.3318], [-120.7228, 40.3313], [-120.7217, 40.3316], [-120.7217, 40.3318], [-120.7231, 40.3318]]], [[[-120.7108, 40.3319], [-120.7111, 40.3314], [-120.7108, 40.3314], [-120.7108, 40.3319]]], [[[-120.7627, 40.3313], [-120.763, 40.331], [-120.7627, 40.331], [-120.7627, 40.3313]]], [[[-120.7598, 40.3313], [-120.7602, 40.3311], [-120.7598, 40.3311], [-120.7598, 40.3313]]], [[[-120.7274, 40.3315], [-120.7281, 40.3313], [-120.7274, 40.3313], [-120.7274, 40.3315]]], [[[-120.726, 40.3321], [-120.727, 40.3318], [-120.7267, 40.3318], [-120.727, 40.3313], [-120.7263, 40.3313], [-120.726, 40.3321]]], [[[-120.6384, 40.332], [-120.6387, 40.3317], [-120.6384, 40.3318], [-120.6384, 40.332]]], [[[-120.7817, 40.3309], [-120.7821, 40.3307], [-120.7817, 40.3307], [-120.7817, 40.3309]]], [[[-120.7634, 40.331], [-120.7637, 40.3308], [-120.7634, 40.3308], [-120.7634, 40.331]]], [[[-120.7104, 40.3314], [-120.7108, 40.3311], [-120.7104, 40.3311], [-120.7104, 40.3314]]], [[[-120.6666, 40.3316], [-120.6673, 40.3313], [-120.6666, 40.3313], [-120.6666, 40.3316]]], [[[-120.6193, 40.3318], [-120.6197, 40.3316], [-120.6193, 40.3316], [-120.6193, 40.3318]]], [[[-120.793, 40.3309], [-120.7934, 40.3303], [-120.793, 40.3303], [-120.793, 40.3309]]], [[[-120.6331, 40.3315], [-120.6334, 40.3312], [-120.6331, 40.3312], [-120.6331, 40.3315]]], [[[-120.7553, 40.3357], [-120.7571, 40.3351], [-120.7588, 40.3354], [-120.7592, 40.3346], [-120.7609, 40.3348], [-120.7609, 40.3343], [-120.7606, 40.3338], [-120.7588, 40.3338], [-120.7595, 40.3327], [-120.7581, 40.3327], [-120.7581, 40.3322], [-120.757, 40.3322], [-120.7567, 40.3308], [-120.7549, 40.3306], [-120.7538, 40.3311], [-120.7535, 40.3303], [-120.7521, 40.3306], [-120.7535, 40.3322], [-120.7556, 40.3316], [-120.756, 40.3324], [-120.7546, 40.3327], [-120.7546, 40.3349], [-120.7549, 40.3349], [-120.7553, 40.3357]], [[-120.7553, 40.3346], [-120.7549, 40.3349], [-120.7549, 40.3346], [-120.7553, 40.3346]], [[-120.756, 40.3335], [-120.7556, 40.3341], [-120.7556, 40.3335], [-120.756, 40.3335]], [[-120.7567, 40.3324], [-120.7563, 40.3327], [-120.7563, 40.3324], [-120.7567, 40.3324]], [[-120.7538, 40.3311], [-120.7535, 40.3314], [-120.7535, 40.3311], [-120.7538, 40.3311]]], [[[-120.7242, 40.3313], [-120.7242, 40.3307], [-120.7231, 40.3305], [-120.7231, 40.331], [-120.7242, 40.3313]]], [[[-120.7171, 40.3311], [-120.7175, 40.3305], [-120.7171, 40.3305], [-120.7171, 40.3311]]], [[[-120.7973, 40.3303], [-120.7976, 40.33], [-120.7973, 40.33], [-120.7973, 40.3303]]], [[[-120.7422, 40.3306], [-120.7429, 40.3304], [-120.7422, 40.3304], [-120.7422, 40.3306]]], [[[-120.727, 40.3307], [-120.7274, 40.3305], [-120.727, 40.3305], [-120.727, 40.3307]]], [[[-120.7104, 40.3308], [-120.7111, 40.3305], [-120.7104, 40.3305], [-120.7104, 40.3308]]], [[[-120.6567, 40.3311], [-120.6571, 40.3308], [-120.6567, 40.3308], [-120.6567, 40.3311]]], [[[-120.6144, 40.3313], [-120.6147, 40.3311], [-120.6144, 40.3311], [-120.6144, 40.3313]]], [[[-120.7831, 40.3309], [-120.7828, 40.3298], [-120.7824, 40.3298], [-120.7821, 40.3307], [-120.7831, 40.3309]]], [[[-120.7411, 40.3325], [-120.7415, 40.332], [-120.7404, 40.332], [-120.7404, 40.3315], [-120.7415, 40.3304], [-120.7404, 40.3301], [-120.739, 40.332], [-120.7394, 40.3325], [-120.7411, 40.3325]]], [[[-120.6666, 40.3311], [-120.667, 40.3305], [-120.6666, 40.3305], [-120.6666, 40.3311]]], [[[-120.7814, 40.3301], [-120.7817, 40.3298], [-120.7814, 40.3299], [-120.7814, 40.3301]]], [[[-120.7097, 40.3306], [-120.7101, 40.3303], [-120.7097, 40.3303], [-120.7097, 40.3306]]], [[[-120.6885, 40.3307], [-120.6889, 40.3304], [-120.6885, 40.3304], [-120.6885, 40.3307]]], [[[-120.6656, 40.3308], [-120.6663, 40.3305], [-120.6656, 40.3305], [-120.6656, 40.3308]]], [[[-120.6176, 40.3324], [-120.6183, 40.3316], [-120.6179, 40.3305], [-120.6168, 40.3313], [-120.6172, 40.3321], [-120.6165, 40.3321], [-120.6176, 40.3324]]], [[[-120.6882, 40.3309], [-120.6882, 40.3301], [-120.6875, 40.3301], [-120.6875, 40.3307], [-120.6882, 40.3309]]], [[[-120.6889, 40.3304], [-120.6892, 40.3301], [-120.6889, 40.3301], [-120.6889, 40.3304]]], [[[-120.6691, 40.3313], [-120.6691, 40.3308], [-120.6698, 40.3302], [-120.6684, 40.3308], [-120.6691, 40.3313]]], [[[-120.6571, 40.3306], [-120.6574, 40.3303], [-120.6571, 40.3303], [-120.6571, 40.3306]]], [[[-120.7581, 40.3319], [-120.7581, 40.3313], [-120.7591, 40.3313], [-120.7584, 40.3295], [-120.7577, 40.3295], [-120.7581, 40.3311], [-120.7574, 40.3316], [-120.7581, 40.3319]]], [[[-120.7521, 40.3303], [-120.7517, 40.3298], [-120.7506, 40.3295], [-120.7507, 40.3303], [-120.7521, 40.3303]]], [[[-120.78, 40.3299], [-120.7803, 40.3293], [-120.78, 40.3293], [-120.78, 40.3299]]], [[[-120.7157, 40.3302], [-120.7164, 40.3297], [-120.7157, 40.3297], [-120.7157, 40.3302]]], [[[-120.7778, 40.3296], [-120.7782, 40.3293], [-120.7778, 40.3293], [-120.7778, 40.3296]]], [[[-120.7394, 40.3298], [-120.7397, 40.3296], [-120.7393, 40.3296], [-120.7394, 40.3298]]], [[[-120.7171, 40.33], [-120.7175, 40.3297], [-120.7171, 40.3297], [-120.7171, 40.33]]], [[[-120.6892, 40.3301], [-120.6896, 40.3299], [-120.6892, 40.3299], [-120.6892, 40.3301]]], [[[-120.6698, 40.3302], [-120.6701, 40.33], [-120.6698, 40.33], [-120.6698, 40.3302]]], [[[-120.6394, 40.3304], [-120.6398, 40.3301], [-120.6394, 40.3301], [-120.6394, 40.3304]]], [[[-120.7221, 40.3299], [-120.7228, 40.3294], [-120.7224, 40.3294], [-120.7221, 40.3299]]], [[[-120.7916, 40.3292], [-120.792, 40.329], [-120.7916, 40.329], [-120.7916, 40.3292]]], [[[-120.7524, 40.3295], [-120.7528, 40.3292], [-120.7524, 40.3292], [-120.7524, 40.3295]]], [[[-120.7503, 40.3295], [-120.7506, 40.3292], [-120.7503, 40.3292], [-120.7503, 40.3295]]], [[[-120.7404, 40.3296], [-120.7411, 40.3293], [-120.7404, 40.329], [-120.7404, 40.3296]]], [[[-120.6723, 40.33], [-120.673, 40.3294], [-120.6726, 40.3294], [-120.6723, 40.33]]], [[[-120.7771, 40.3304], [-120.7768, 40.3293], [-120.7775, 40.3288], [-120.7757, 40.3291], [-120.7754, 40.3304], [-120.7771, 40.3304]]], [[[-120.7598, 40.3292], [-120.7602, 40.3289], [-120.7598, 40.3289], [-120.7598, 40.3292]]], [[[-120.7517, 40.3292], [-120.7524, 40.329], [-120.7517, 40.329], [-120.7517, 40.3292]]], [[[-120.6557, 40.3298], [-120.656, 40.3295], [-120.6557, 40.3295], [-120.6557, 40.3298]]], [[[-120.6267, 40.3299], [-120.6271, 40.3294], [-120.6267, 40.3294], [-120.6267, 40.3299]]], [[[-120.7775, 40.3288], [-120.7778, 40.3285], [-120.7775, 40.3285], [-120.7775, 40.3288]]], [[[-120.7739, 40.3288], [-120.7743, 40.3285], [-120.7739, 40.3285], [-120.7739, 40.3288]]], [[[-120.7605, 40.3289], [-120.7609, 40.3286], [-120.7605, 40.3286], [-120.7605, 40.3289]]], [[[-120.7115, 40.3292], [-120.7118, 40.3289], [-120.7114, 40.3289], [-120.7115, 40.3292]]], [[[-120.6723, 40.3294], [-120.6726, 40.3291], [-120.6723, 40.3291], [-120.6723, 40.3294]]], [[[-120.656, 40.3295], [-120.6564, 40.3292], [-120.656, 40.3292], [-120.656, 40.3295]]], [[[-120.6172, 40.3297], [-120.6175, 40.3294], [-120.6172, 40.3294], [-120.6172, 40.3297]]], [[[-120.6158, 40.3311], [-120.6158, 40.3302], [-120.6168, 40.3302], [-120.6161, 40.3292], [-120.6147, 40.33], [-120.6158, 40.3311]]], [[[-120.716, 40.3294], [-120.716, 40.3286], [-120.7157, 40.3286], [-120.7153, 40.3292], [-120.716, 40.3294]]], [[[-120.6772, 40.3315], [-120.6772, 40.3305], [-120.6786, 40.3307], [-120.679, 40.3294], [-120.6762, 40.3302], [-120.6758, 40.3297], [-120.6772, 40.3297], [-120.6768, 40.3288], [-120.6747, 40.3289], [-120.6751, 40.3297], [-120.6744, 40.3302], [-120.6733, 40.3299], [-120.6733, 40.3316], [-120.6748, 40.3316], [-120.6751, 40.331], [-120.6758, 40.331], [-120.6758, 40.3316], [-120.6772, 40.3315]], [[-120.6744, 40.3308], [-120.674, 40.3313], [-120.674, 40.3308], [-120.6744, 40.3308]], [[-120.6762, 40.3307], [-120.6758, 40.331], [-120.6758, 40.3307], [-120.6762, 40.3307]]], [[[-120.6896, 40.3296], [-120.6899, 40.329], [-120.6889, 40.3288], [-120.6885, 40.3293], [-120.6896, 40.3296]]], [[[-120.6825, 40.3299], [-120.6825, 40.3294], [-120.6832, 40.3288], [-120.6818, 40.3291], [-120.6825, 40.3299]]], [[[-120.7771, 40.3285], [-120.7775, 40.3283], [-120.7771, 40.3283], [-120.7771, 40.3285]]], [[[-120.6867, 40.3291], [-120.6871, 40.3288], [-120.6867, 40.3288], [-120.6867, 40.3291]]], [[[-120.6843, 40.3291], [-120.685, 40.3288], [-120.6843, 40.3288], [-120.6843, 40.3291]]], [[[-120.6641, 40.3295], [-120.6641, 40.3286], [-120.6631, 40.3287], [-120.6634, 40.3295], [-120.6641, 40.3295]]], [[[-120.6313, 40.3299], [-120.6341, 40.3296], [-120.6331, 40.3288], [-120.6313, 40.3294], [-120.6313, 40.3299]]], [[[-120.6807, 40.3291], [-120.6814, 40.3286], [-120.6807, 40.3286], [-120.6807, 40.3291]]], [[[-120.614, 40.3294], [-120.6151, 40.3294], [-120.6151, 40.3289], [-120.614, 40.3294]]], [[[-120.787, 40.3282], [-120.7877, 40.3279], [-120.787, 40.3279], [-120.787, 40.3282]]], [[[-120.6871, 40.3288], [-120.6874, 40.3285], [-120.6871, 40.3285], [-120.6871, 40.3288]]], [[[-120.6832, 40.3288], [-120.6836, 40.3285], [-120.6832, 40.3285], [-120.6832, 40.3288]]], [[[-120.6659, 40.3289], [-120.6666, 40.3286], [-120.6659, 40.3286], [-120.6659, 40.3289]]], [[[-120.661, 40.3289], [-120.6613, 40.3287], [-120.661, 40.3287], [-120.661, 40.3289]]], [[[-120.6881, 40.3288], [-120.6881, 40.3282], [-120.6874, 40.3282], [-120.6874, 40.3285], [-120.6881, 40.3288]]], [[[-120.7948, 40.3279], [-120.7951, 40.3276], [-120.7948, 40.3276], [-120.7948, 40.3279]]], [[[-120.7344, 40.3282], [-120.7347, 40.328], [-120.7344, 40.328], [-120.7344, 40.3282]]], [[[-120.7079, 40.3284], [-120.7083, 40.3281], [-120.7079, 40.3281], [-120.7079, 40.3284]]], [[[-120.6708, 40.3286], [-120.6712, 40.3283], [-120.6708, 40.3283], [-120.6708, 40.3286]]], [[[-120.6613, 40.3287], [-120.662, 40.3284], [-120.6613, 40.3284], [-120.6613, 40.3287]]], [[[-120.6362, 40.3288], [-120.6366, 40.3285], [-120.6362, 40.3285], [-120.6362, 40.3288]]], [[[-120.6257, 40.3288], [-120.626, 40.3286], [-120.6256, 40.3286], [-120.6257, 40.3288]]], [[[-120.7782, 40.3277], [-120.7785, 40.3274], [-120.7782, 40.3274], [-120.7782, 40.3277]]], [[[-120.7252, 40.328], [-120.7256, 40.3278], [-120.7252, 40.3278], [-120.7252, 40.328]]], [[[-120.7189, 40.3281], [-120.7192, 40.3278], [-120.7189, 40.3278], [-120.7189, 40.3281]]], [[[-120.6366, 40.3285], [-120.6369, 40.3282], [-120.6366, 40.3282], [-120.6366, 40.3285]]], [[[-120.626, 40.3286], [-120.6264, 40.3283], [-120.626, 40.3283], [-120.626, 40.3286]]], [[[-120.7768, 40.3277], [-120.7771, 40.3272], [-120.7768, 40.3272], [-120.7768, 40.3277]]], [[[-120.7492, 40.3279], [-120.7489, 40.3274], [-120.7482, 40.3274], [-120.7485, 40.3279], [-120.7492, 40.3279]]], [[[-120.6821, 40.3283], [-120.6832, 40.3283], [-120.6843, 40.328], [-120.6828, 40.3277], [-120.6821, 40.3283]]], [[[-120.7859, 40.3274], [-120.7863, 40.3271], [-120.7859, 40.3271], [-120.7859, 40.3274]]], [[[-120.7203, 40.3278], [-120.7206, 40.3275], [-120.7203, 40.3275], [-120.7203, 40.3278]]], [[[-120.6765, 40.328], [-120.6768, 40.3278], [-120.6765, 40.3278], [-120.6765, 40.328]]], [[[-120.6627, 40.3281], [-120.6631, 40.3278], [-120.6627, 40.3278], [-120.6627, 40.3281]]], [[[-120.6373, 40.328], [-120.6376, 40.3282], [-120.638, 40.328], [-120.6373, 40.328]]], [[[-120.6362, 40.3283], [-120.6366, 40.328], [-120.6362, 40.328], [-120.6362, 40.3283]]], [[[-120.7315, 40.3583], [-120.7322, 40.3574], [-120.7343, 40.358], [-120.7347, 40.3569], [-120.7375, 40.3566], [-120.7379, 40.3558], [-120.7396, 40.3555], [-120.7393, 40.3563], [-120.741, 40.3563], [-120.7407, 40.3547], [-120.7421, 40.3541], [-120.741, 40.3539], [-120.7403, 40.3547], [-120.7392, 40.3542], [-120.741, 40.3531], [-120.7431, 40.3536], [-120.7431, 40.3549], [-120.7438, 40.3544], [-120.7463, 40.3549], [-120.7449, 40.3541], [-120.7452, 40.3538], [-120.7449, 40.3517], [-120.7467, 40.3533], [-120.7488, 40.3522], [-120.7502, 40.3525], [-120.7495, 40.3522], [-120.7495, 40.3517], [-120.7491, 40.3514], [-120.7488, 40.3519], [-120.747, 40.3514], [-120.7477, 40.3495], [-120.748, 40.3503], [-120.7505, 40.3511], [-120.7505, 40.3519], [-120.7519, 40.3525], [-120.7519, 40.3495], [-120.753, 40.3489], [-120.7526, 40.3484], [-120.7537, 40.3487], [-120.754, 40.3468], [-120.7547, 40.3473], [-120.7551, 40.3468], [-120.7561, 40.347], [-120.7561, 40.3484], [-120.7593, 40.3475], [-120.7597, 40.3467], [-120.7575, 40.3465], [-120.7572, 40.3454], [-120.7554, 40.346], [-120.7561, 40.3454], [-120.7557, 40.3446], [-120.7568, 40.3446], [-120.7561, 40.343], [-120.7579, 40.3443], [-120.7589, 40.3443], [-120.7607, 40.3429], [-120.7617, 40.3432], [-120.7617, 40.3421], [-120.7631, 40.3421], [-120.7642, 40.3413], [-120.7638, 40.3408], [-120.7656, 40.341], [-120.767, 40.3405], [-120.7688, 40.3388], [-120.7687, 40.3378], [-120.7698, 40.338], [-120.7701, 40.3367], [-120.7712, 40.3361], [-120.7712, 40.3348], [-120.7701, 40.334], [-120.768, 40.3337], [-120.768, 40.3321], [-120.7694, 40.3321], [-120.7687, 40.3316], [-120.7694, 40.3313], [-120.769, 40.327], [-120.7676, 40.327], [-120.7679, 40.3286], [-120.7672, 40.3289], [-120.7679, 40.3294], [-120.7672, 40.3294], [-120.7673, 40.3302], [-120.7658, 40.3297], [-120.7651, 40.3316], [-120.763, 40.3319], [-120.7644, 40.3321], [-120.7638, 40.3332], [-120.7662, 40.3337], [-120.7662, 40.3348], [-120.7652, 40.3343], [-120.7652, 40.3359], [-120.7645, 40.3359], [-120.7641, 40.3348], [-120.7627, 40.3348], [-120.7631, 40.3356], [-120.7624, 40.3362], [-120.761, 40.3359], [-120.7603, 40.3365], [-120.7599, 40.3381], [-120.7585, 40.3386], [-120.7596, 40.3394], [-120.7596, 40.34], [-120.7578, 40.3411], [-120.7582, 40.3416], [-120.7589, 40.3413], [-120.7589, 40.3424], [-120.7578, 40.3424], [-120.7578, 40.3419], [-120.7561, 40.3422], [-120.7561, 40.3427], [-120.755, 40.3427], [-120.755, 40.3441], [-120.7543, 40.3441], [-120.7543, 40.343], [-120.7518, 40.3425], [-120.7508, 40.3427], [-120.7515, 40.3433], [-120.7508, 40.3446], [-120.748, 40.3449], [-120.7476, 40.3457], [-120.748, 40.3438], [-120.7473, 40.3436], [-120.7483, 40.3433], [-120.748, 40.3425], [-120.7487, 40.3428], [-120.7497, 40.3419], [-120.7487, 40.3414], [-120.7497, 40.3411], [-120.7501, 40.3406], [-120.7518, 40.3408], [-120.7518, 40.3398], [-120.7515, 40.3398], [-120.7515, 40.3395], [-120.7511, 40.3392], [-120.7504, 40.3392], [-120.7504, 40.339], [-120.7511, 40.3384], [-120.7525, 40.3387], [-120.7532, 40.3379], [-120.755, 40.3384], [-120.7553, 40.3365], [-120.7542, 40.3357], [-120.7532, 40.3357], [-120.7525, 40.3365], [-120.7518, 40.3362], [-120.7525, 40.336], [-120.7525, 40.3357], [-120.7521, 40.3357], [-120.7521, 40.3352], [-120.7535, 40.3349], [-120.7542, 40.3335], [-120.7532, 40.3338], [-120.7528, 40.333], [-120.7507, 40.333], [-120.7507, 40.3319], [-120.7464, 40.3298], [-120.7468, 40.329], [-120.7457, 40.329], [-120.7457, 40.3306], [-120.7436, 40.3298], [-120.7436, 40.3312], [-120.7429, 40.3322], [-120.7419, 40.3325], [-120.7415, 40.335], [-120.7436, 40.3344], [-120.7436, 40.3339], [-120.7443, 40.3339], [-120.7443, 40.3349], [-120.7412, 40.3358], [-120.7398, 40.3382], [-120.7387, 40.3374], [-120.7384, 40.3374], [-120.738, 40.3377], [-120.738, 40.3363], [-120.7373, 40.3369], [-120.7366, 40.3363], [-120.7366, 40.3374], [-120.7338, 40.3369], [-120.7324, 40.338], [-120.731, 40.3377], [-120.731, 40.3383], [-120.7292, 40.338], [-120.7285, 40.3385], [-120.7292, 40.3391], [-120.7285, 40.3396], [-120.7296, 40.3396], [-120.7299, 40.3404], [-120.732, 40.3404], [-120.7335, 40.3415], [-120.7335, 40.342], [-120.7321, 40.3415], [-120.7321, 40.3428], [-120.7303, 40.3431], [-120.7303, 40.3439], [-120.731, 40.3439], [-120.7303, 40.3445], [-120.7317, 40.3447], [-120.7314, 40.3456], [-120.7321, 40.3458], [-120.7321, 40.3464], [-120.7307, 40.3464], [-120.7318, 40.3469], [-120.7314, 40.3477], [-120.7328, 40.3474], [-120.7328, 40.348], [-120.7349, 40.3482], [-120.736, 40.3477], [-120.7356, 40.3472], [-120.7371, 40.3471], [-120.7378, 40.3479], [-120.7388, 40.3477], [-120.7395, 40.3482], [-120.7392, 40.3469], [-120.7349, 40.3466], [-120.7349, 40.3458], [-120.7367, 40.3461], [-120.7377, 40.3452], [-120.7378, 40.3461], [-120.7388, 40.3463], [-120.7406, 40.3441], [-120.7423, 40.3441], [-120.7395, 40.3436], [-120.7405, 40.3428], [-120.7409, 40.3436], [-120.7427, 40.3433], [-120.7434, 40.3455], [-120.7416, 40.3455], [-120.7416, 40.346], [-120.743, 40.346], [-120.7423, 40.3463], [-120.7431, 40.3476], [-120.7445, 40.3479], [-120.7441, 40.3485], [-120.7452, 40.3482], [-120.7445, 40.349], [-120.7456, 40.3495], [-120.7452, 40.3506], [-120.7442, 40.3503], [-120.7441, 40.3498], [-120.7438, 40.3498], [-120.7441, 40.349], [-120.7438, 40.3487], [-120.7427, 40.3495], [-120.7417, 40.3495], [-120.7417, 40.349], [-120.7388, 40.3496], [-120.7396, 40.3504], [-120.7403, 40.3498], [-120.7406, 40.3506], [-120.7389, 40.3525], [-120.7375, 40.3525], [-120.7368, 40.3531], [-120.7375, 40.3536], [-120.735, 40.3531], [-120.7357, 40.3539], [-120.7347, 40.3539], [-120.7343, 40.355], [-120.7336, 40.355], [-120.7336, 40.3539], [-120.7325, 40.3539], [-120.7332, 40.3542], [-120.7329, 40.3553], [-120.7336, 40.3553], [-120.7319, 40.3564], [-120.7326, 40.3569], [-120.7319, 40.3572], [-120.7301, 40.3564], [-120.7305, 40.3574], [-120.7287, 40.3575], [-120.7287, 40.358], [-120.7315, 40.3583]], [[-120.7354, 40.3563], [-120.735, 40.3566], [-120.735, 40.3563], [-120.7354, 40.3563]], [[-120.7368, 40.3561], [-120.7357, 40.3563], [-120.7357, 40.3561], [-120.7368, 40.3561]], [[-120.735, 40.3561], [-120.7347, 40.3563], [-120.7347, 40.3561], [-120.735, 40.3561]], [[-120.7336, 40.3561], [-120.7333, 40.3563], [-120.7333, 40.3561], [-120.7336, 40.3561]], [[-120.7354, 40.355], [-120.735, 40.3561], [-120.735, 40.3558], [-120.7347, 40.3558], [-120.7347, 40.3555], [-120.7343, 40.3555], [-120.7347, 40.355], [-120.7354, 40.355]], [[-120.7368, 40.3552], [-120.7364, 40.3555], [-120.7364, 40.3552], [-120.7368, 40.3552]], [[-120.7389, 40.3542], [-120.7385, 40.355], [-120.7385, 40.3542], [-120.7389, 40.3542]], [[-120.7435, 40.3533], [-120.7431, 40.3536], [-120.7431, 40.3533], [-120.7435, 40.3533]], [[-120.7399, 40.3533], [-120.7392, 40.3536], [-120.7392, 40.3533], [-120.7399, 40.3533]], [[-120.7449, 40.3525], [-120.7445, 40.3528], [-120.7445, 40.3525], [-120.7449, 40.3525]], [[-120.7438, 40.352], [-120.7435, 40.3528], [-120.7431, 40.3517], [-120.7438, 40.352]], [[-120.7424, 40.3522], [-120.7417, 40.3528], [-120.7417, 40.352], [-120.7424, 40.3522]], [[-120.7466, 40.3525], [-120.7459, 40.3522], [-120.7459, 40.3517], [-120.7466, 40.3519], [-120.7466, 40.3525]], [[-120.7413, 40.3522], [-120.741, 40.3525], [-120.741, 40.3523], [-120.7413, 40.3522]], [[-120.7406, 40.352], [-120.7403, 40.3525], [-120.7399, 40.352], [-120.7406, 40.352]], [[-120.7417, 40.352], [-120.7406, 40.3517], [-120.7406, 40.3514], [-120.7424, 40.3514], [-120.7417, 40.352]], [[-120.7427, 40.3509], [-120.7424, 40.3514], [-120.7424, 40.3509], [-120.7427, 40.3509]], [[-120.7406, 40.3512], [-120.7403, 40.3514], [-120.7403, 40.3512], [-120.7406, 40.3512]], [[-120.7442, 40.3509], [-120.7431, 40.3509], [-120.7427, 40.3503], [-120.7438, 40.3501], [-120.7442, 40.3509]], [[-120.7502, 40.35], [-120.7498, 40.3503], [-120.7498, 40.35], [-120.7502, 40.35]], [[-120.7413, 40.3501], [-120.741, 40.3504], [-120.741, 40.3501], [-120.7413, 40.3501]], [[-120.7519, 40.3484], [-120.7516, 40.3495], [-120.7512, 40.3484], [-120.7519, 40.3484]], [[-120.7522, 40.3476], [-120.7519, 40.3479], [-120.7519, 40.3476], [-120.7522, 40.3476]], [[-120.7491, 40.3476], [-120.7487, 40.3479], [-120.7487, 40.3476], [-120.7491, 40.3476]], [[-120.7462, 40.3474], [-120.7459, 40.3479], [-120.7455, 40.3474], [-120.7462, 40.3474]], [[-120.7325, 40.3472], [-120.7321, 40.3474], [-120.7321, 40.3472], [-120.7325, 40.3472]], [[-120.7466, 40.3471], [-120.7455, 40.3466], [-120.7469, 40.3455], [-120.7448, 40.3452], [-120.7458, 40.343], [-120.7466, 40.343], [-120.7462, 40.3444], [-120.7473, 40.3444], [-120.7476, 40.346], [-120.7466, 40.3463], [-120.7466, 40.3471]], [[-120.7339, 40.3472], [-120.7328, 40.3469], [-120.7335, 40.3458], [-120.7339, 40.3458], [-120.7339, 40.3472]], [[-120.7551, 40.3462], [-120.7547, 40.3465], [-120.7547, 40.3462], [-120.7551, 40.3462]], [[-120.7483, 40.346], [-120.748, 40.3465], [-120.748, 40.346], [-120.7483, 40.346]], [[-120.7533, 40.346], [-120.7529, 40.3462], [-120.7529, 40.346], [-120.7533, 40.346]], [[-120.7547, 40.3443], [-120.7533, 40.346], [-120.7536, 40.3452], [-120.7522, 40.3449], [-120.7526, 40.3443], [-120.7547, 40.3443]], [[-120.7445, 40.3457], [-120.7441, 40.346], [-120.7441, 40.3457], [-120.7445, 40.3457]], [[-120.7462, 40.3455], [-120.7459, 40.3457], [-120.7459, 40.3455], [-120.7462, 40.3455]], [[-120.7367, 40.3455], [-120.7346, 40.3455], [-120.7353, 40.3447], [-120.7342, 40.3442], [-120.7349, 40.3436], [-120.7367, 40.3442], [-120.7367, 40.3455]], [[-120.7445, 40.3449], [-120.7441, 40.3452], [-120.7441, 40.3449], [-120.7445, 40.3449]], [[-120.7392, 40.3452], [-120.7381, 40.3452], [-120.7381, 40.3444], [-120.7384, 40.3444], [-120.7392, 40.3452]], [[-120.7395, 40.3444], [-120.7392, 40.3447], [-120.7391, 40.3444], [-120.7395, 40.3444]], [[-120.7526, 40.3441], [-120.7522, 40.3443], [-120.7522, 40.3441], [-120.7526, 40.3441]], [[-120.7402, 40.3442], [-120.7399, 40.3444], [-120.7399, 40.3442], [-120.7402, 40.3442]], [[-120.7561, 40.3435], [-120.7557, 40.3441], [-120.7557, 40.3435], [-120.7561, 40.3435]], [[-120.7522, 40.3438], [-120.7519, 40.3441], [-120.7519, 40.3438], [-120.7522, 40.3438]], [[-120.7391, 40.3439], [-120.7388, 40.3442], [-120.7388, 40.3439], [-120.7391, 40.3439]], [[-120.7395, 40.3436], [-120.7391, 40.3439], [-120.7391, 40.3436], [-120.7395, 40.3436]], [[-120.7381, 40.3434], [-120.737, 40.3439], [-120.7374, 40.3431], [-120.7381, 40.3434]], [[-120.7391, 40.3433], [-120.7388, 40.3436], [-120.7388, 40.3433], [-120.7391, 40.3433]], [[-120.7384, 40.3431], [-120.7381, 40.3434], [-120.7381, 40.3431], [-120.7384, 40.3431]], [[-120.7444, 40.342], [-120.7441, 40.343], [-120.7437, 40.342], [-120.7444, 40.342]], [[-120.7345, 40.3428], [-120.7342, 40.3431], [-120.7342, 40.3428], [-120.7345, 40.3428]], [[-120.7458, 40.3425], [-120.7451, 40.3428], [-120.7451, 40.3425], [-120.7458, 40.3425]], [[-120.742, 40.3425], [-120.7416, 40.3428], [-120.7416, 40.3425], [-120.742, 40.3425]], [[-120.7398, 40.3425], [-120.7395, 40.3428], [-120.7395, 40.3425], [-120.7398, 40.3425]], [[-120.748, 40.3422], [-120.7476, 40.3425], [-120.7476, 40.3422], [-120.748, 40.3422]], [[-120.7483, 40.3419], [-120.748, 40.3422], [-120.748, 40.3419], [-120.7483, 40.3419]], [[-120.7462, 40.3422], [-120.7444, 40.342], [-120.7444, 40.3412], [-120.7426, 40.3412], [-120.7426, 40.3406], [-120.7416, 40.3409], [-120.743, 40.3414], [-120.7427, 40.3422], [-120.7409, 40.342], [-120.7412, 40.3398], [-120.7433, 40.3398], [-120.7455, 40.3409], [-120.7455, 40.3417], [-120.7476, 40.3417], [-120.7462, 40.3422]], [[-120.7614, 40.3413], [-120.76, 40.3419], [-120.7589, 40.3408], [-120.7599, 40.3405], [-120.7614, 40.3413]], [[-120.7377, 40.3412], [-120.7367, 40.342], [-120.737, 40.3412], [-120.7377, 40.3412]], [[-120.7352, 40.3417], [-120.7349, 40.342], [-120.7349, 40.3418], [-120.7352, 40.3417]], [[-120.7621, 40.3416], [-120.761, 40.3402], [-120.7599, 40.34], [-120.7613, 40.3394], [-120.7628, 40.3394], [-120.7621, 40.3405], [-120.7628, 40.3413], [-120.7621, 40.3416]], [[-120.7395, 40.3415], [-120.7391, 40.3417], [-120.7391, 40.3415], [-120.7395, 40.3415]], [[-120.7384, 40.3412], [-120.7381, 40.3417], [-120.7381, 40.3412], [-120.7384, 40.3412]], [[-120.7398, 40.3412], [-120.7395, 40.3415], [-120.7395, 40.3412], [-120.7398, 40.3412]], [[-120.7359, 40.3415], [-120.7349, 40.3415], [-120.7345, 40.3409], [-120.7359, 40.3409], [-120.7359, 40.3415]], [[-120.7486, 40.3409], [-120.7483, 40.3411], [-120.7483, 40.3409], [-120.7486, 40.3409]], [[-120.7497, 40.3409], [-120.7486, 40.3409], [-120.7486, 40.3403], [-120.7497, 40.3403], [-120.7497, 40.3409]], [[-120.7388, 40.3406], [-120.7384, 40.3409], [-120.7384, 40.3407], [-120.7388, 40.3406]], [[-120.7373, 40.3409], [-120.737, 40.3401], [-120.7359, 40.3404], [-120.737, 40.3396], [-120.7377, 40.3398], [-120.7373, 40.3409]], [[-120.7458, 40.3401], [-120.7451, 40.3406], [-120.7451, 40.3403], [-120.7458, 40.3401]], [[-120.7409, 40.3404], [-120.7402, 40.3406], [-120.7402, 40.3404], [-120.7409, 40.3404]], [[-120.7515, 40.3398], [-120.7508, 40.3403], [-120.7508, 40.34], [-120.7515, 40.3398]], [[-120.7486, 40.34], [-120.7483, 40.3403], [-120.7483, 40.3401], [-120.7486, 40.34]], [[-120.767, 40.3397], [-120.7666, 40.3399], [-120.7666, 40.3397], [-120.767, 40.3397]], [[-120.7508, 40.34], [-120.7501, 40.34], [-120.75, 40.3395], [-120.7504, 40.3395], [-120.7508, 40.34]], [[-120.7363, 40.3396], [-120.7359, 40.3399], [-120.7359, 40.3396], [-120.7363, 40.3396]], [[-120.7327, 40.3399], [-120.732, 40.3399], [-120.732, 40.3396], [-120.7324, 40.3396], [-120.7324, 40.3393], [-120.7327, 40.3393], [-120.7327, 40.3399]], [[-120.7673, 40.3394], [-120.7652, 40.3386], [-120.7642, 40.3394], [-120.7635, 40.3391], [-120.7642, 40.3381], [-120.7652, 40.3383], [-120.7656, 40.3375], [-120.7663, 40.3378], [-120.767, 40.3364], [-120.7691, 40.3359], [-120.7687, 40.3353], [-120.7694, 40.3351], [-120.7705, 40.3359], [-120.768, 40.337], [-120.7687, 40.3378], [-120.7673, 40.3394]], [[-120.7635, 40.3386], [-120.7628, 40.3394], [-120.7627, 40.3386], [-120.7635, 40.3386]], [[-120.7462, 40.3393], [-120.7458, 40.3395], [-120.7458, 40.3393], [-120.7462, 40.3393]], [[-120.7394, 40.339], [-120.738, 40.3396], [-120.7384, 40.3385], [-120.7394, 40.3382], [-120.7394, 40.339]], [[-120.7359, 40.339], [-120.7356, 40.3393], [-120.7356, 40.339], [-120.7359, 40.339]], [[-120.7334, 40.3393], [-120.7327, 40.3393], [-120.7327, 40.3388], [-120.7331, 40.3388], [-120.7334, 40.3393]], [[-120.7324, 40.3391], [-120.7317, 40.3393], [-120.7317, 40.3391], [-120.7324, 40.3391]], [[-120.7479, 40.3387], [-120.7476, 40.339], [-120.7476, 40.3387], [-120.7479, 40.3387]], [[-120.7405, 40.3387], [-120.7402, 40.339], [-120.7401, 40.3387], [-120.7405, 40.3387]], [[-120.7627, 40.3381], [-120.7624, 40.3386], [-120.7624, 40.3381], [-120.7627, 40.3381]], [[-120.7409, 40.3385], [-120.7405, 40.3387], [-120.7405, 40.3385], [-120.7409, 40.3385]], [[-120.7401, 40.3385], [-120.7398, 40.3388], [-120.7398, 40.3385], [-120.7401, 40.3385]], [[-120.7317, 40.3385], [-120.731, 40.3388], [-120.731, 40.3385], [-120.7317, 40.3385]], [[-120.7416, 40.3382], [-120.7412, 40.3385], [-120.7412, 40.3382], [-120.7416, 40.3382]], [[-120.7334, 40.3382], [-120.7327, 40.3385], [-120.7327, 40.3383], [-120.7334, 40.3382]], [[-120.7486, 40.3379], [-120.7483, 40.3382], [-120.7483, 40.3379], [-120.7486, 40.3379]], [[-120.7366, 40.338], [-120.7363, 40.3382], [-120.7363, 40.338], [-120.7366, 40.338]], [[-120.7649, 40.3378], [-120.7641, 40.3375], [-120.7645, 40.337], [-120.7652, 40.3372], [-120.7649, 40.3378]], [[-120.7634, 40.3375], [-120.7624, 40.3375], [-120.7631, 40.3362], [-120.7638, 40.3362], [-120.7634, 40.3375]], [[-120.743, 40.3377], [-120.7423, 40.3377], [-120.7423, 40.3371], [-120.7426, 40.3371], [-120.743, 40.3377]], [[-120.7691, 40.337], [-120.7687, 40.3372], [-120.7687, 40.337], [-120.7691, 40.337]], [[-120.755, 40.337], [-120.7546, 40.3373], [-120.7546, 40.337], [-120.755, 40.337]], [[-120.7518, 40.3371], [-120.7514, 40.3373], [-120.7514, 40.3371], [-120.7518, 40.3371]], [[-120.7645, 40.3367], [-120.7641, 40.337], [-120.7641, 40.3367], [-120.7645, 40.3367]], [[-120.7624, 40.3367], [-120.762, 40.337], [-120.762, 40.3367], [-120.7624, 40.3367]], [[-120.7546, 40.3368], [-120.7543, 40.337], [-120.7543, 40.3368], [-120.7546, 40.3368]], [[-120.7415, 40.3368], [-120.7412, 40.3371], [-120.7412, 40.3369], [-120.7415, 40.3368]], [[-120.7429, 40.3363], [-120.7415, 40.3368], [-120.7415, 40.3366], [-120.7429, 40.3363]], [[-120.7507, 40.3363], [-120.7486, 40.3333], [-120.7496, 40.3322], [-120.7503, 40.3327], [-120.7496, 40.3336], [-120.7521, 40.3346], [-120.7507, 40.3363]], [[-120.7638, 40.3351], [-120.7634, 40.3359], [-120.7634, 40.3351], [-120.7638, 40.3351]], [[-120.767, 40.3353], [-120.7666, 40.3356], [-120.7666, 40.3353], [-120.767, 40.3353]], [[-120.7461, 40.3355], [-120.7451, 40.3347], [-120.7465, 40.3338], [-120.7489, 40.3346], [-120.7489, 40.3352], [-120.7465, 40.3349], [-120.7461, 40.3355]], [[-120.7691, 40.3343], [-120.7684, 40.3348], [-120.7683, 40.334], [-120.7691, 40.3343]], [[-120.7422, 40.3339], [-120.7419, 40.3341], [-120.7419, 40.3339], [-120.7422, 40.3339]], [[-120.7662, 40.3324], [-120.7655, 40.3329], [-120.7648, 40.3318], [-120.7662, 40.3324]], [[-120.7472, 40.3328], [-120.7468, 40.333], [-120.7468, 40.3328], [-120.7472, 40.3328]], [[-120.7493, 40.3317], [-120.7489, 40.3319], [-120.7489, 40.3317], [-120.7493, 40.3317]], [[-120.7673, 40.3313], [-120.7669, 40.3316], [-120.7669, 40.3313], [-120.7673, 40.3313]]], [[[-120.7641, 40.3297], [-120.7644, 40.3283], [-120.7662, 40.3286], [-120.7658, 40.327], [-120.7644, 40.327], [-120.7648, 40.3278], [-120.7634, 40.3289], [-120.7634, 40.3297], [-120.7641, 40.3297]]], [[[-120.7626, 40.3283], [-120.7623, 40.327], [-120.7605, 40.3273], [-120.7609, 40.3281], [-120.7619, 40.3278], [-120.7626, 40.3283]]], [[[-120.7958, 40.3273], [-120.7965, 40.3268], [-120.7955, 40.3268], [-120.7958, 40.3273]]], [[[-120.7891, 40.3268], [-120.7895, 40.3271], [-120.7898, 40.3268], [-120.7891, 40.3268]]], [[[-120.788, 40.3271], [-120.7884, 40.3268], [-120.788, 40.3268], [-120.788, 40.3271]]], [[[-120.7633, 40.3273], [-120.764, 40.327], [-120.7633, 40.327], [-120.7633, 40.3273]]], [[[-120.7602, 40.3273], [-120.7605, 40.327], [-120.7602, 40.327], [-120.7602, 40.3273]]], [[[-120.7474, 40.3274], [-120.7478, 40.3271], [-120.7474, 40.3271], [-120.7474, 40.3274]]], [[[-120.7284, 40.3275], [-120.7287, 40.3272], [-120.7284, 40.3272], [-120.7284, 40.3275]]], [[[-120.6899, 40.3277], [-120.6903, 40.3274], [-120.6899, 40.3274], [-120.6899, 40.3277]]], [[[-120.667, 40.3278], [-120.6677, 40.3275], [-120.6669, 40.3275], [-120.667, 40.3278]]], [[[-120.6613, 40.3278], [-120.6617, 40.3276], [-120.6613, 40.3276], [-120.6613, 40.3278]]], [[[-120.6359, 40.328], [-120.6362, 40.3277], [-120.6359, 40.3277], [-120.6359, 40.328]]], [[[-120.732, 40.335], [-120.732, 40.3342], [-120.7334, 40.3345], [-120.7341, 40.3339], [-120.7341, 40.3345], [-120.7352, 40.3342], [-120.7359, 40.3347], [-120.7362, 40.3339], [-120.7376, 40.3336], [-120.7376, 40.3312], [-120.7362, 40.3315], [-120.7362, 40.3309], [-120.7376, 40.3301], [-120.7376, 40.3309], [-120.7383, 40.3307], [-120.738, 40.3323], [-120.7394, 40.3312], [-120.739, 40.3309], [-120.7394, 40.3304], [-120.7394, 40.3298], [-120.739, 40.3293], [-120.7393, 40.329], [-120.7376, 40.3288], [-120.7386, 40.3269], [-120.7358, 40.3277], [-120.7355, 40.3291], [-120.7348, 40.3288], [-120.7355, 40.3296], [-120.7351, 40.3312], [-120.7344, 40.3301], [-120.733, 40.3299], [-120.7291, 40.3334], [-120.7302, 40.3342], [-120.7313, 40.3342], [-120.7302, 40.335], [-120.732, 40.335]], [[-120.7309, 40.3337], [-120.7306, 40.3339], [-120.7306, 40.3337], [-120.7309, 40.3337]], [[-120.7366, 40.3331], [-120.7355, 40.3336], [-120.7355, 40.3334], [-120.7366, 40.3331]], [[-120.7309, 40.3326], [-120.7306, 40.3329], [-120.7306, 40.3326], [-120.7309, 40.3326]], [[-120.7341, 40.3326], [-120.7337, 40.332], [-120.7327, 40.3323], [-120.733, 40.3315], [-120.7341, 40.3315], [-120.7341, 40.3326]], [[-120.7341, 40.3307], [-120.7337, 40.331], [-120.7337, 40.3307], [-120.7341, 40.3307]], [[-120.7337, 40.3301], [-120.7334, 40.3307], [-120.7334, 40.3301], [-120.7337, 40.3301]], [[-120.7379, 40.329], [-120.7372, 40.3293], [-120.7372, 40.329], [-120.7379, 40.329]]], [[[-120.7767, 40.3269], [-120.7775, 40.3266], [-120.7767, 40.3266], [-120.7767, 40.3269]]], [[[-120.7478, 40.3271], [-120.7481, 40.3268], [-120.7478, 40.3268], [-120.7478, 40.3271]]], [[[-120.7393, 40.3271], [-120.7397, 40.3269], [-120.7393, 40.3269], [-120.7393, 40.3271]]], [[[-120.7361, 40.3272], [-120.7365, 40.3269], [-120.7361, 40.3269], [-120.7361, 40.3272]]], [[[-120.6677, 40.3275], [-120.668, 40.3273], [-120.6677, 40.3273], [-120.6677, 40.3275]]], [[[-120.6369, 40.3274], [-120.6373, 40.3277], [-120.6376, 40.3274], [-120.6369, 40.3274]]], [[[-120.6249, 40.3278], [-120.6253, 40.3275], [-120.6249, 40.3275], [-120.6249, 40.3278]]], [[[-120.6631, 40.3278], [-120.6641, 40.3276], [-120.6631, 40.327], [-120.6631, 40.3278]]], [[[-120.7231, 40.3289], [-120.7227, 40.328], [-120.7238, 40.3267], [-120.7199, 40.3267], [-120.7206, 40.327], [-120.721, 40.3281], [-120.7224, 40.3278], [-120.7224, 40.3289], [-120.7231, 40.3289]]], [[[-120.7175, 40.3351], [-120.7171, 40.3338], [-120.7168, 40.3343], [-120.7157, 40.334], [-120.7164, 40.3321], [-120.7147, 40.3321], [-120.7154, 40.3319], [-120.7154, 40.3308], [-120.7146, 40.3308], [-120.7153, 40.33], [-120.715, 40.3281], [-120.7174, 40.3286], [-120.7174, 40.3278], [-120.7185, 40.3283], [-120.7189, 40.3275], [-120.7171, 40.3273], [-120.7174, 40.3267], [-120.7135, 40.3267], [-120.7139, 40.3281], [-120.7132, 40.3281], [-120.7129, 40.3295], [-120.7115, 40.3295], [-120.7115, 40.3314], [-120.7139, 40.3316], [-120.714, 40.333], [-120.7154, 40.3332], [-120.7147, 40.3335], [-120.7154, 40.3348], [-120.7175, 40.3351]], [[-120.7143, 40.3311], [-120.7139, 40.3313], [-120.7139, 40.3311], [-120.7143, 40.3311]], [[-120.7143, 40.3289], [-120.7139, 40.3292], [-120.7139, 40.3289], [-120.7143, 40.3289]], [[-120.7146, 40.3284], [-120.7139, 40.3286], [-120.7139, 40.3284], [-120.7146, 40.3284]]], [[[-120.7093, 40.327], [-120.7097, 40.3268], [-120.7093, 40.3268], [-120.7093, 40.327]]], [[[-120.6733, 40.3272], [-120.674, 40.327], [-120.6733, 40.327], [-120.6733, 40.3272]]], [[[-120.6383, 40.3274], [-120.6387, 40.3272], [-120.6383, 40.3272], [-120.6383, 40.3274]]], [[[-120.6253, 40.3275], [-120.6256, 40.3272], [-120.6253, 40.3272], [-120.6253, 40.3275]]], [[[-120.6934, 40.3269], [-120.6938, 40.3266], [-120.6934, 40.3266], [-120.6934, 40.3269]]], [[[-120.6355, 40.3272], [-120.6359, 40.3269], [-120.6355, 40.3269], [-120.6355, 40.3272]]], [[[-120.6263, 40.3272], [-120.627, 40.3269], [-120.6263, 40.327], [-120.6263, 40.3272]]], [[[-120.7965, 40.326], [-120.7969, 40.3257], [-120.7965, 40.3257], [-120.7965, 40.326]]], [[[-120.6648, 40.327], [-120.6655, 40.3265], [-120.6648, 40.3262], [-120.6648, 40.327]]], [[[-120.627, 40.3272], [-120.6274, 40.3275], [-120.6285, 40.3269], [-120.6285, 40.3264], [-120.6281, 40.3267], [-120.6274, 40.3264], [-120.627, 40.3272]]], [[[-120.7418, 40.326], [-120.7421, 40.3258], [-120.7418, 40.3258], [-120.7418, 40.326]]], [[[-120.7273, 40.3261], [-120.7277, 40.3259], [-120.7273, 40.3259], [-120.7273, 40.3261]]], [[[-120.6366, 40.3266], [-120.6369, 40.3264], [-120.6366, 40.3264], [-120.6366, 40.3266]]], [[[-120.7097, 40.326], [-120.71, 40.3257], [-120.7097, 40.3257], [-120.7097, 40.326]]], [[[-120.6959, 40.326], [-120.6962, 40.3258], [-120.6959, 40.3258], [-120.6959, 40.326]]], [[[-120.6793, 40.3261], [-120.6796, 40.3259], [-120.6793, 40.3259], [-120.6793, 40.3261]]], [[[-120.6803, 40.3259], [-120.6807, 40.3256], [-120.6803, 40.3256], [-120.6803, 40.3259]]], [[[-120.6397, 40.3261], [-120.6401, 40.3258], [-120.6397, 40.3258], [-120.6397, 40.3261]]], [[[-120.6369, 40.3261], [-120.6376, 40.3258], [-120.6369, 40.3258], [-120.6369, 40.3261]]], [[[-120.6645, 40.3262], [-120.6648, 40.3254], [-120.6645, 40.3254], [-120.6645, 40.3262]]], [[[-120.6634, 40.3257], [-120.6638, 40.3254], [-120.6634, 40.3254], [-120.6634, 40.3257]]], [[[-120.6366, 40.3258], [-120.6369, 40.3255], [-120.6366, 40.3255], [-120.6366, 40.3258]]], [[[-120.698, 40.3255], [-120.6983, 40.3249], [-120.698, 40.3249], [-120.698, 40.3255]]], [[[-120.6969, 40.3252], [-120.6973, 40.325], [-120.6969, 40.325], [-120.6969, 40.3252]]], [[[-120.7125, 40.3265], [-120.7121, 40.3246], [-120.7111, 40.3246], [-120.7111, 40.3257], [-120.7125, 40.3265]]], [[[-120.7273, 40.3259], [-120.7273, 40.3253], [-120.7284, 40.3256], [-120.7276, 40.3245], [-120.7269, 40.3245], [-120.7273, 40.3259]]], [[[-120.6793, 40.3253], [-120.6796, 40.3248], [-120.6793, 40.3248], [-120.6793, 40.3253]]], [[[-120.6666, 40.3254], [-120.6669, 40.3248], [-120.6666, 40.3248], [-120.6666, 40.3254]]], [[[-120.6249, 40.3256], [-120.6263, 40.3253], [-120.6242, 40.3251], [-120.6249, 40.3256]]], [[[-120.6973, 40.325], [-120.6976, 40.3247], [-120.6973, 40.3247], [-120.6973, 40.325]]], [[[-120.7082, 40.3246], [-120.7086, 40.3243], [-120.7082, 40.3243], [-120.7082, 40.3246]]], [[[-120.6874, 40.3247], [-120.6878, 40.3245], [-120.6874, 40.3245], [-120.6874, 40.3247]]], [[[-120.6645, 40.3249], [-120.6648, 40.3246], [-120.6645, 40.3246], [-120.6645, 40.3249]]], [[[-120.6281, 40.3251], [-120.6284, 40.3248], [-120.6281, 40.3248], [-120.6281, 40.3251]]], [[[-120.6239, 40.3251], [-120.6242, 40.3248], [-120.6238, 40.3248], [-120.6239, 40.3251]]], [[[-120.6909, 40.3247], [-120.6913, 40.3242], [-120.6909, 40.3242], [-120.6909, 40.3247]]], [[[-120.6828, 40.3248], [-120.6832, 40.3242], [-120.6828, 40.3242], [-120.6828, 40.3248]]], [[[-120.692, 40.3244], [-120.6923, 40.3242], [-120.692, 40.3242], [-120.692, 40.3244]]], [[[-120.687, 40.3245], [-120.6874, 40.3242], [-120.687, 40.3242], [-120.687, 40.3245]]], [[[-120.7951, 40.3244], [-120.7951, 40.3236], [-120.7954, 40.3233], [-120.7944, 40.3236], [-120.7951, 40.3244]]], [[[-120.7845, 40.3271], [-120.788, 40.326], [-120.788, 40.3247], [-120.7894, 40.3255], [-120.7898, 40.3247], [-120.7891, 40.3241], [-120.7915, 40.3233], [-120.7848, 40.3233], [-120.7845, 40.3244], [-120.7834, 40.3242], [-120.7834, 40.3252], [-120.7845, 40.3252], [-120.7852, 40.3263], [-120.7845, 40.3271]], [[-120.7866, 40.326], [-120.7859, 40.3258], [-120.7859, 40.325], [-120.7866, 40.3252], [-120.7866, 40.326]], [[-120.7894, 40.3236], [-120.7891, 40.3239], [-120.7891, 40.3236], [-120.7894, 40.3236]]], [[[-120.7827, 40.3236], [-120.7841, 40.3234], [-120.7827, 40.3234], [-120.7827, 40.3236]]], [[[-120.7753, 40.3269], [-120.7771, 40.3247], [-120.7785, 40.3245], [-120.7785, 40.325], [-120.7792, 40.325], [-120.7781, 40.3237], [-120.7813, 40.3239], [-120.782, 40.3234], [-120.7739, 40.3234], [-120.7739, 40.3267], [-120.7753, 40.3269]]], [[[-120.7093, 40.3241], [-120.7096, 40.3238], [-120.7093, 40.3238], [-120.7093, 40.3241]]], [[[-120.6715, 40.3243], [-120.6719, 40.324], [-120.6715, 40.324], [-120.6715, 40.3243]]], [[[-120.6281, 40.3264], [-120.6281, 40.3251], [-120.6277, 40.3251], [-120.6281, 40.3245], [-120.6277, 40.3245], [-120.6274, 40.324], [-120.6263, 40.3245], [-120.626, 40.324], [-120.6256, 40.3251], [-120.6263, 40.3251], [-120.6267, 40.3259], [-120.6281, 40.3264]], [[-120.6277, 40.3253], [-120.627, 40.3256], [-120.627, 40.3253], [-120.6277, 40.3253]]], [[[-120.6825, 40.3242], [-120.6824, 40.3237], [-120.681, 40.324], [-120.681, 40.3242], [-120.6825, 40.3242]]], [[[-120.6196, 40.3246], [-120.62, 40.324], [-120.6196, 40.324], [-120.6196, 40.3246]]], [[[-120.687, 40.3239], [-120.6874, 40.3237], [-120.687, 40.3237], [-120.687, 40.3239]]], [[[-120.6704, 40.324], [-120.6708, 40.3237], [-120.6704, 40.3237], [-120.6704, 40.324]]], [[[-120.6249, 40.3245], [-120.6249, 40.3237], [-120.6245, 40.3237], [-120.6242, 40.3243], [-120.6249, 40.3245]]], [[[-120.6857, 40.3293], [-120.6871, 40.3277], [-120.6885, 40.328], [-120.6892, 40.3274], [-120.6885, 40.3269], [-120.6895, 40.3263], [-120.691, 40.3269], [-120.6916, 40.3253], [-120.6909, 40.3258], [-120.6895, 40.3255], [-120.6909, 40.325], [-120.6909, 40.3247], [-120.6895, 40.3242], [-120.6899, 40.3234], [-120.6892, 40.3234], [-120.6892, 40.3245], [-120.6878, 40.3247], [-120.6871, 40.3269], [-120.6864, 40.3266], [-120.685, 40.328], [-120.6857, 40.3293]]], [[[-120.7298, 40.3234], [-120.7301, 40.3231], [-120.7298, 40.3231], [-120.7298, 40.3234]]], [[[-120.728, 40.3234], [-120.7283, 40.3232], [-120.728, 40.3232], [-120.728, 40.3234]]], [[[-120.6934, 40.3236], [-120.6937, 40.3234], [-120.6934, 40.3234], [-120.6934, 40.3236]]], [[[-120.669, 40.3238], [-120.6697, 40.3235], [-120.669, 40.3235], [-120.669, 40.3238]]], [[[-120.6648, 40.324], [-120.6662, 40.3235], [-120.6648, 40.3238], [-120.6648, 40.324]]], [[[-120.6852, 40.3488], [-120.6862, 40.3477], [-120.6848, 40.3472], [-120.6862, 40.3464], [-120.6876, 40.3466], [-120.6866, 40.3472], [-120.688, 40.3472], [-120.689, 40.3463], [-120.6897, 40.3463], [-120.6894, 40.3469], [-120.6911, 40.3469], [-120.6911, 40.3477], [-120.6897, 40.3477], [-120.6897, 40.3482], [-120.694, 40.3474], [-120.6954, 40.3466], [-120.695, 40.3455], [-120.6957, 40.3452], [-120.6986, 40.3468], [-120.701, 40.3465], [-120.701, 40.3457], [-120.7021, 40.346], [-120.7021, 40.3455], [-120.7028, 40.3455], [-120.7028, 40.3449], [-120.7024, 40.3449], [-120.7024, 40.3446], [-120.7021, 40.3444], [-120.7017, 40.3446], [-120.7014, 40.3446], [-120.7014, 40.3444], [-120.701, 40.3444], [-120.6996, 40.3449], [-120.6968, 40.3436], [-120.6975, 40.343], [-120.6978, 40.3436], [-120.6996, 40.3436], [-120.6996, 40.3433], [-120.701, 40.3425], [-120.7031, 40.3422], [-120.7031, 40.3414], [-120.7045, 40.3417], [-120.7052, 40.3403], [-120.7073, 40.3406], [-120.7063, 40.3411], [-120.7073, 40.3422], [-120.708, 40.3422], [-120.708, 40.3414], [-120.7091, 40.3414], [-120.7095, 40.3419], [-120.7098, 40.3414], [-120.7102, 40.3414], [-120.7102, 40.3419], [-120.7123, 40.3413], [-120.7112, 40.3411], [-120.7112, 40.3403], [-120.7123, 40.3403], [-120.7126, 40.3416], [-120.7154, 40.3402], [-120.7144, 40.3394], [-120.7151, 40.3389], [-120.7137, 40.3384], [-120.7154, 40.337], [-120.7165, 40.337], [-120.7165, 40.3365], [-120.7158, 40.3357], [-120.7147, 40.3362], [-120.715, 40.3351], [-120.7133, 40.3346], [-120.7133, 40.3335], [-120.714, 40.3335], [-120.7129, 40.3332], [-120.7133, 40.3327], [-120.7125, 40.3327], [-120.7132, 40.3319], [-120.7097, 40.3324], [-120.7104, 40.3314], [-120.7097, 40.3314], [-120.7097, 40.3316], [-120.7083, 40.3316], [-120.71, 40.3297], [-120.7115, 40.3295], [-120.7115, 40.3292], [-120.7107, 40.3292], [-120.7111, 40.3268], [-120.71, 40.3268], [-120.7104, 40.3281], [-120.709, 40.3281], [-120.7093, 40.3297], [-120.7076, 40.3289], [-120.7076, 40.3303], [-120.7062, 40.3311], [-120.7058, 40.3303], [-120.7055, 40.3308], [-120.7051, 40.3303], [-120.703, 40.3303], [-120.7023, 40.329], [-120.7016, 40.329], [-120.7019, 40.3295], [-120.6998, 40.329], [-120.7009, 40.3284], [-120.703, 40.3287], [-120.7026, 40.3271], [-120.6984, 40.3268], [-120.6984, 40.3258], [-120.6959, 40.3266], [-120.6959, 40.326], [-120.6948, 40.3258], [-120.6959, 40.3252], [-120.6948, 40.325], [-120.6948, 40.3231], [-120.6937, 40.3236], [-120.6938, 40.3261], [-120.6913, 40.3269], [-120.6917, 40.328], [-120.691, 40.3274], [-120.6899, 40.3285], [-120.6913, 40.3288], [-120.6903, 40.329], [-120.6899, 40.3309], [-120.6889, 40.3307], [-120.6885, 40.3318], [-120.6875, 40.3318], [-120.6882, 40.332], [-120.6878, 40.3328], [-120.6885, 40.3328], [-120.6878, 40.3345], [-120.6843, 40.3337], [-120.6843, 40.3345], [-120.6819, 40.3358], [-120.6822, 40.3367], [-120.6812, 40.3367], [-120.6805, 40.3388], [-120.6791, 40.3394], [-120.6776, 40.3386], [-120.678, 40.3396], [-120.6766, 40.3402], [-120.6759, 40.341], [-120.6773, 40.3426], [-120.6766, 40.3432], [-120.6752, 40.3432], [-120.6759, 40.3415], [-120.6745, 40.3421], [-120.6745, 40.3434], [-120.6759, 40.3434], [-120.6756, 40.3448], [-120.6745, 40.3453], [-120.6759, 40.3456], [-120.6763, 40.3459], [-120.676, 40.3464], [-120.677, 40.3464], [-120.677, 40.3456], [-120.6781, 40.3464], [-120.6784, 40.3453], [-120.6788, 40.3461], [-120.6791, 40.3461], [-120.6791, 40.3459], [-120.6795, 40.3459], [-120.6795, 40.3475], [-120.6802, 40.3469], [-120.6809, 40.3469], [-120.6823, 40.3483], [-120.6837, 40.3477], [-120.6852, 40.3488]], [[-120.6844, 40.3466], [-120.6841, 40.3469], [-120.6841, 40.3466], [-120.6844, 40.3466]], [[-120.6922, 40.3466], [-120.6915, 40.3458], [-120.6897, 40.3458], [-120.6901, 40.345], [-120.6894, 40.3458], [-120.6876, 40.3455], [-120.6904, 40.3442], [-120.6908, 40.3442], [-120.6911, 40.3452], [-120.6918, 40.3452], [-120.6936, 40.3433], [-120.6932, 40.345], [-120.6943, 40.3452], [-120.6943, 40.346], [-120.6922, 40.3458], [-120.6922, 40.3466]], [[-120.6883, 40.3463], [-120.688, 40.3466], [-120.688, 40.3463], [-120.6883, 40.3463]], [[-120.6834, 40.3466], [-120.6823, 40.3458], [-120.6851, 40.3447], [-120.6848, 40.3439], [-120.6841, 40.3442], [-120.684, 40.3437], [-120.6855, 40.3434], [-120.6851, 40.3423], [-120.6872, 40.342], [-120.6865, 40.3431], [-120.6872, 40.3445], [-120.6858, 40.3445], [-120.6858, 40.3455], [-120.6844, 40.3453], [-120.6834, 40.3466]], [[-120.6904, 40.3461], [-120.6901, 40.3463], [-120.6901, 40.3461], [-120.6904, 40.3461]], [[-120.689, 40.3461], [-120.6887, 40.3463], [-120.6887, 40.3461], [-120.689, 40.3461]], [[-120.688, 40.3461], [-120.6876, 40.3463], [-120.6876, 40.3461], [-120.688, 40.3461]], [[-120.6996, 40.3455], [-120.6993, 40.3457], [-120.6993, 40.3455], [-120.6996, 40.3455]], [[-120.6865, 40.3453], [-120.6862, 40.3458], [-120.6862, 40.3453], [-120.6865, 40.3453]], [[-120.6819, 40.3458], [-120.6812, 40.3456], [-120.6816, 40.345], [-120.6819, 40.345], [-120.6819, 40.3458]], [[-120.6798, 40.3456], [-120.6795, 40.3459], [-120.6795, 40.3456], [-120.6798, 40.3456]], [[-120.677, 40.3456], [-120.6763, 40.3445], [-120.677, 40.3448], [-120.6773, 40.3442], [-120.677, 40.3456]], [[-120.6978, 40.3449], [-120.6971, 40.3452], [-120.6971, 40.3449], [-120.6978, 40.3449]], [[-120.6833, 40.3442], [-120.683, 40.3445], [-120.683, 40.3442], [-120.6833, 40.3442]], [[-120.6798, 40.3445], [-120.6791, 40.3442], [-120.6791, 40.3437], [-120.6798, 40.344], [-120.6798, 40.3445]], [[-120.6911, 40.3436], [-120.6908, 40.3442], [-120.6908, 40.3436], [-120.6911, 40.3436]], [[-120.6879, 40.3439], [-120.6876, 40.3442], [-120.6876, 40.3439], [-120.6879, 40.3439]], [[-120.6809, 40.344], [-120.6805, 40.3442], [-120.6805, 40.344], [-120.6809, 40.344]], [[-120.6788, 40.344], [-120.678, 40.344], [-120.6784, 40.3426], [-120.6791, 40.3429], [-120.6788, 40.344]], [[-120.6812, 40.3434], [-120.6809, 40.3437], [-120.6809, 40.3434], [-120.6812, 40.3434]], [[-120.6819, 40.3434], [-120.6812, 40.3429], [-120.6798, 40.3431], [-120.6801, 40.3418], [-120.6833, 40.3423], [-120.6819, 40.3434]], [[-120.6851, 40.3428], [-120.6847, 40.3431], [-120.6847, 40.3428], [-120.6851, 40.3428]], [[-120.6837, 40.3429], [-120.6833, 40.3431], [-120.6833, 40.3429], [-120.6837, 40.3429]], [[-120.6847, 40.3428], [-120.684, 40.3426], [-120.684, 40.342], [-120.6847, 40.3423], [-120.6847, 40.3428]], [[-120.6794, 40.3426], [-120.6791, 40.3429], [-120.6791, 40.3426], [-120.6794, 40.3426]], [[-120.6879, 40.3418], [-120.6876, 40.342], [-120.6876, 40.3418], [-120.6879, 40.3418]], [[-120.678, 40.3415], [-120.6777, 40.3421], [-120.6777, 40.3415], [-120.678, 40.3415]], [[-120.6876, 40.3415], [-120.6872, 40.3418], [-120.6872, 40.3415], [-120.6876, 40.3415]], [[-120.6869, 40.3415], [-120.6865, 40.3418], [-120.6865, 40.3415], [-120.6869, 40.3415]], [[-120.6861, 40.3415], [-120.6858, 40.3418], [-120.6858, 40.3415], [-120.6861, 40.3415]], [[-120.6865, 40.3404], [-120.6847, 40.3418], [-120.6844, 40.3407], [-120.6858, 40.3399], [-120.6851, 40.3401], [-120.684, 40.3399], [-120.6844, 40.3391], [-120.6858, 40.3388], [-120.6865, 40.3404]], [[-120.7105, 40.3411], [-120.7102, 40.3414], [-120.7102, 40.3411], [-120.7105, 40.3411]], [[-120.708, 40.3411], [-120.7077, 40.3414], [-120.7077, 40.3411], [-120.708, 40.3411]], [[-120.6872, 40.3412], [-120.6869, 40.3415], [-120.6869, 40.3412], [-120.6872, 40.3412]], [[-120.6876, 40.3409], [-120.6872, 40.3412], [-120.6872, 40.3409], [-120.6876, 40.3409]], [[-120.6798, 40.341], [-120.6794, 40.3413], [-120.6794, 40.341], [-120.6798, 40.341]], [[-120.7109, 40.3405], [-120.7105, 40.3408], [-120.7105, 40.3405], [-120.7109, 40.3405]], [[-120.6823, 40.3404], [-120.6815, 40.3407], [-120.6815, 40.3404], [-120.6823, 40.3404]], [[-120.6794, 40.3404], [-120.6787, 40.3407], [-120.6787, 40.3405], [-120.6794, 40.3404]], [[-120.677, 40.3405], [-120.6766, 40.3407], [-120.6766, 40.3405], [-120.677, 40.3405]], [[-120.7108, 40.3397], [-120.7101, 40.34], [-120.7101, 40.3397], [-120.7108, 40.3397]], [[-120.7084, 40.34], [-120.7077, 40.34], [-120.7063, 40.3389], [-120.7087, 40.3384], [-120.7084, 40.34]], [[-120.6794, 40.3396], [-120.6791, 40.3402], [-120.6787, 40.3396], [-120.6794, 40.3396]], [[-120.678, 40.3399], [-120.6777, 40.3402], [-120.6777, 40.3399], [-120.678, 40.3399]], [[-120.6833, 40.3396], [-120.683, 40.3399], [-120.683, 40.3396], [-120.6833, 40.3396]], [[-120.7112, 40.3392], [-120.7108, 40.3395], [-120.7108, 40.3392], [-120.7112, 40.3392]], [[-120.7115, 40.3386], [-120.7112, 40.3392], [-120.7112, 40.3386], [-120.7115, 40.3386]], [[-120.7098, 40.3392], [-120.7091, 40.3389], [-120.7101, 40.3381], [-120.7101, 40.3387], [-120.7098, 40.3392]], [[-120.6815, 40.3394], [-120.6812, 40.3385], [-120.6826, 40.3383], [-120.6826, 40.3388], [-120.6819, 40.3385], [-120.6815, 40.3394]], [[-120.7041, 40.3384], [-120.7038, 40.3387], [-120.7038, 40.3384], [-120.7041, 40.3384]], [[-120.6851, 40.3388], [-120.6836, 40.3385], [-120.6833, 40.3377], [-120.6858, 40.3377], [-120.6851, 40.3388]], [[-120.7133, 40.3381], [-120.7126, 40.3384], [-120.7126, 40.3381], [-120.7133, 40.3381]], [[-120.6861, 40.3382], [-120.6858, 40.3385], [-120.6858, 40.3383], [-120.6861, 40.3382]], [[-120.6882, 40.338], [-120.6879, 40.3382], [-120.6879, 40.338], [-120.6882, 40.338]], [[-120.6815, 40.338], [-120.6812, 40.3383], [-120.6812, 40.338], [-120.6815, 40.338]], [[-120.6879, 40.3377], [-120.6872, 40.338], [-120.6872, 40.3377], [-120.6879, 40.3377]], [[-120.6868, 40.3377], [-120.6865, 40.338], [-120.6865, 40.3377], [-120.6868, 40.3377]], [[-120.6822, 40.338], [-120.6819, 40.3375], [-120.6829, 40.3366], [-120.684, 40.3369], [-120.6822, 40.338]], [[-120.7137, 40.3373], [-120.7133, 40.3376], [-120.7133, 40.3373], [-120.7137, 40.3373]], [[-120.7084, 40.337], [-120.708, 40.3376], [-120.708, 40.337], [-120.7084, 40.337]], [[-120.7009, 40.3371], [-120.7002, 40.3376], [-120.7002, 40.3371], [-120.7009, 40.3371]], [[-120.6896, 40.3374], [-120.6886, 40.3377], [-120.6886, 40.3374], [-120.6896, 40.3374]], [[-120.6872, 40.3374], [-120.6868, 40.3377], [-120.6868, 40.3374], [-120.6872, 40.3374]], [[-120.6999, 40.3374], [-120.6992, 40.3371], [-120.6992, 40.3363], [-120.7002, 40.3363], [-120.6999, 40.3374]], [[-120.6932, 40.3369], [-120.6925, 40.3374], [-120.6925, 40.3371], [-120.6932, 40.3369]], [[-120.6861, 40.3372], [-120.6858, 40.3374], [-120.6858, 40.3372], [-120.6861, 40.3372]], [[-120.7133, 40.3367], [-120.7129, 40.337], [-120.7129, 40.3367], [-120.7133, 40.3367]], [[-120.6974, 40.3371], [-120.6963, 40.3371], [-120.696, 40.336], [-120.6978, 40.3363], [-120.6974, 40.3371]], [[-120.696, 40.3368], [-120.6956, 40.3371], [-120.6956, 40.3368], [-120.696, 40.3368]], [[-120.69, 40.3369], [-120.6896, 40.3371], [-120.6896, 40.3369], [-120.69, 40.3369]], [[-120.6865, 40.3369], [-120.6861, 40.3372], [-120.6861, 40.3369], [-120.6865, 40.3369]], [[-120.7066, 40.3365], [-120.7062, 40.3368], [-120.7062, 40.3365], [-120.7066, 40.3365]], [[-120.708, 40.3362], [-120.7076, 40.3365], [-120.7076, 40.3362], [-120.708, 40.3362]], [[-120.7069, 40.3362], [-120.7066, 40.3365], [-120.7066, 40.3362], [-120.7069, 40.3362]], [[-120.7048, 40.3363], [-120.7045, 40.3365], [-120.7045, 40.3363], [-120.7048, 40.3363]], [[-120.6956, 40.3363], [-120.6953, 40.3366], [-120.6953, 40.3363], [-120.6956, 40.3363]], [[-120.6921, 40.3361], [-120.6918, 40.3366], [-120.6917, 40.3361], [-120.6921, 40.3361]], [[-120.6914, 40.3366], [-120.69, 40.3361], [-120.691, 40.335], [-120.6917, 40.335], [-120.6914, 40.3366]], [[-120.6868, 40.3366], [-120.6857, 40.3364], [-120.6854, 40.3358], [-120.6864, 40.3355], [-120.6868, 40.3366]], [[-120.7094, 40.3362], [-120.708, 40.336], [-120.7083, 40.3352], [-120.709, 40.3354], [-120.7094, 40.3362]], [[-120.7119, 40.3357], [-120.7115, 40.3359], [-120.7115, 40.3357], [-120.7119, 40.3357]], [[-120.7027, 40.3357], [-120.7023, 40.336], [-120.7023, 40.3357], [-120.7027, 40.3357]], [[-120.6963, 40.3352], [-120.6953, 40.336], [-120.6949, 40.3352], [-120.6963, 40.3352]], [[-120.714, 40.3354], [-120.7136, 40.3357], [-120.7136, 40.3354], [-120.714, 40.3354]], [[-120.6967, 40.3355], [-120.6963, 40.3358], [-120.6963, 40.3355], [-120.6967, 40.3355]], [[-120.7133, 40.3354], [-120.7129, 40.3351], [-120.7122, 40.3351], [-120.7122, 40.3346], [-120.7133, 40.3346], [-120.7136, 40.3349], [-120.7133, 40.3354]], [[-120.7108, 40.3354], [-120.7094, 40.3349], [-120.7097, 40.3341], [-120.7104, 40.3341], [-120.7101, 40.3346], [-120.7111, 40.3343], [-120.7108, 40.3354]], [[-120.697, 40.3352], [-120.6967, 40.3355], [-120.6967, 40.3352], [-120.697, 40.3352]], [[-120.6924, 40.3352], [-120.6921, 40.3355], [-120.6921, 40.3352], [-120.6924, 40.3352]], [[-120.6981, 40.3352], [-120.6974, 40.3349], [-120.6977, 40.3339], [-120.6984, 40.3341], [-120.6981, 40.3352]], [[-120.709, 40.3346], [-120.7083, 40.3349], [-120.7083, 40.3346], [-120.709, 40.3346]], [[-120.6991, 40.3344], [-120.6988, 40.3349], [-120.6988, 40.3344], [-120.6991, 40.3344]], [[-120.691, 40.3347], [-120.6907, 40.335], [-120.6907, 40.3347], [-120.691, 40.3347]], [[-120.7122, 40.3343], [-120.7115, 40.3346], [-120.7115, 40.3343], [-120.7122, 40.3343]], [[-120.6896, 40.3342], [-120.6893, 40.3345], [-120.6893, 40.3342], [-120.6896, 40.3342]], [[-120.7111, 40.3335], [-120.7104, 40.3338], [-120.7104, 40.3335], [-120.7111, 40.3335]], [[-120.7076, 40.3338], [-120.7069, 40.3335], [-120.7076, 40.3333], [-120.7072, 40.3325], [-120.7087, 40.3325], [-120.709, 40.333], [-120.7076, 40.3338]], [[-120.703, 40.3336], [-120.7023, 40.3338], [-120.7023, 40.3336], [-120.703, 40.3336]], [[-120.7034, 40.333], [-120.7002, 40.3338], [-120.7002, 40.3333], [-120.7023, 40.3317], [-120.7034, 40.333]], [[-120.6903, 40.3339], [-120.6893, 40.3339], [-120.6893, 40.3336], [-120.69, 40.3334], [-120.6903, 40.3339]], [[-120.7058, 40.3333], [-120.7055, 40.3335], [-120.7055, 40.3333], [-120.7058, 40.3333]], [[-120.7044, 40.333], [-120.7041, 40.3336], [-120.7041, 40.333], [-120.7044, 40.333]], [[-120.6921, 40.3334], [-120.6917, 40.3336], [-120.6917, 40.3334], [-120.6921, 40.3334]], [[-120.7104, 40.333], [-120.7097, 40.3333], [-120.7097, 40.333], [-120.7104, 40.333]], [[-120.6924, 40.3331], [-120.6921, 40.3334], [-120.6921, 40.3331], [-120.6924, 40.3331]], [[-120.7122, 40.3327], [-120.7118, 40.333], [-120.7118, 40.3327], [-120.7122, 40.3327]], [[-120.7115, 40.3327], [-120.7111, 40.333], [-120.7111, 40.3327], [-120.7115, 40.3327]], [[-120.7065, 40.3327], [-120.7062, 40.333], [-120.7062, 40.3327], [-120.7065, 40.3327]], [[-120.7111, 40.3324], [-120.7108, 40.3327], [-120.7108, 40.3324], [-120.7111, 40.3324]], [[-120.7055, 40.3327], [-120.7048, 40.3327], [-120.7048, 40.3322], [-120.7051, 40.3322], [-120.7055, 40.3327]], [[-120.6896, 40.3328], [-120.6889, 40.3326], [-120.6889, 40.3315], [-120.6899, 40.3323], [-120.6896, 40.3328]], [[-120.6995, 40.3317], [-120.6991, 40.3325], [-120.6988, 40.3317], [-120.6995, 40.3317]], [[-120.7044, 40.3319], [-120.7041, 40.3322], [-120.7041, 40.3319], [-120.7044, 40.3319]], [[-120.7012, 40.332], [-120.7009, 40.3322], [-120.7009, 40.332], [-120.7012, 40.332]], [[-120.6959, 40.3323], [-120.6945, 40.332], [-120.6945, 40.3304], [-120.6952, 40.3306], [-120.6952, 40.3317], [-120.6956, 40.3317], [-120.6956, 40.332], [-120.6959, 40.332], [-120.6959, 40.3323]], [[-120.6945, 40.332], [-120.6942, 40.3323], [-120.6942, 40.332], [-120.6945, 40.332]], [[-120.7072, 40.3316], [-120.7069, 40.3319], [-120.7069, 40.3316], [-120.7072, 40.3316]], [[-120.7058, 40.3319], [-120.7051, 40.3319], [-120.7051, 40.3314], [-120.7055, 40.3314], [-120.7058, 40.3319]], [[-120.703, 40.3317], [-120.7027, 40.3319], [-120.7026, 40.3317], [-120.703, 40.3317]], [[-120.6973, 40.3309], [-120.6966, 40.332], [-120.6966, 40.3309], [-120.6973, 40.3309]], [[-120.6963, 40.3317], [-120.6959, 40.332], [-120.6959, 40.3317], [-120.6963, 40.3317]], [[-120.7026, 40.3314], [-120.7016, 40.3314], [-120.7016, 40.3309], [-120.7023, 40.3309], [-120.7026, 40.3314]], [[-120.7002, 40.3311], [-120.6998, 40.3314], [-120.6998, 40.3311], [-120.7002, 40.3311]], [[-120.7048, 40.3309], [-120.7044, 40.3311], [-120.7044, 40.3309], [-120.7048, 40.3309]], [[-120.7037, 40.3309], [-120.7034, 40.3311], [-120.7033, 40.3309], [-120.7037, 40.3309]], [[-120.7041, 40.3306], [-120.7037, 40.3309], [-120.7037, 40.3306], [-120.7041, 40.3306]], [[-120.7002, 40.3306], [-120.6998, 40.3309], [-120.6998, 40.3306], [-120.7002, 40.3306]], [[-120.7086, 40.33], [-120.7083, 40.3306], [-120.7083, 40.33], [-120.7086, 40.33]], [[-120.6988, 40.3303], [-120.6984, 40.3306], [-120.6984, 40.3303], [-120.6988, 40.3303]], [[-120.6917, 40.3304], [-120.691, 40.3307], [-120.691, 40.3304], [-120.6917, 40.3304]], [[-120.7026, 40.3301], [-120.7023, 40.3303], [-120.7023, 40.3301], [-120.7026, 40.3301]], [[-120.7023, 40.3298], [-120.7019, 40.3301], [-120.7019, 40.3298], [-120.7023, 40.3298]], [[-120.6987, 40.3298], [-120.698, 40.3301], [-120.698, 40.3298], [-120.6987, 40.3298]], [[-120.6995, 40.3295], [-120.6987, 40.3298], [-120.6987, 40.3295], [-120.6995, 40.3295]], [[-120.6949, 40.3293], [-120.6942, 40.3298], [-120.6942, 40.3293], [-120.6949, 40.3293]], [[-120.6934, 40.3293], [-120.6931, 40.3296], [-120.6931, 40.3293], [-120.6934, 40.3293]], [[-120.6913, 40.3293], [-120.6906, 40.3296], [-120.6906, 40.3293], [-120.6913, 40.3293]], [[-120.6998, 40.329], [-120.6994, 40.3293], [-120.6994, 40.329], [-120.6998, 40.329]], [[-120.698, 40.329], [-120.697, 40.3287], [-120.6977, 40.3279], [-120.698, 40.3279], [-120.698, 40.329]], [[-120.6987, 40.3285], [-120.6984, 40.3287], [-120.6984, 40.3285], [-120.6987, 40.3285]], [[-120.6917, 40.3285], [-120.6913, 40.3288], [-120.6913, 40.3285], [-120.6917, 40.3285]], [[-120.692, 40.3282], [-120.6917, 40.3285], [-120.6917, 40.3282], [-120.692, 40.3282]], [[-120.7019, 40.3279], [-120.7012, 40.3282], [-120.7012, 40.3279], [-120.7019, 40.3279]], [[-120.6941, 40.3271], [-120.6927, 40.3271], [-120.6931, 40.3263], [-120.6945, 40.3263], [-120.6941, 40.3271]], [[-120.6945, 40.325], [-120.6941, 40.3252], [-120.6941, 40.325], [-120.6945, 40.325]]], [[[-120.7079, 40.3233], [-120.7086, 40.323], [-120.7079, 40.323], [-120.7079, 40.3233]]], [[[-120.6877, 40.3234], [-120.6881, 40.3231], [-120.6877, 40.3231], [-120.6877, 40.3234]]], [[[-120.6683, 40.3235], [-120.6687, 40.3232], [-120.6683, 40.3232], [-120.6683, 40.3235]]], [[[-120.6556, 40.3236], [-120.656, 40.3233], [-120.6556, 40.3233], [-120.6556, 40.3236]]], [[[-120.6909, 40.3234], [-120.692, 40.3236], [-120.692, 40.3228], [-120.6909, 40.3234]]], [[[-120.6835, 40.3234], [-120.6835, 40.3229], [-120.6821, 40.3229], [-120.6824, 40.3234], [-120.6835, 40.3234]]], [[[-120.6948, 40.3231], [-120.6955, 40.3228], [-120.6948, 40.3228], [-120.6948, 40.3231]]], [[[-120.668, 40.3232], [-120.6683, 40.3229], [-120.668, 40.323], [-120.668, 40.3232]]], [[[-120.6677, 40.3308], [-120.6694, 40.3292], [-120.6701, 40.3294], [-120.6701, 40.33], [-120.6709, 40.3297], [-120.6701, 40.3278], [-120.6715, 40.3283], [-120.6729, 40.3267], [-120.6751, 40.3267], [-120.6747, 40.3226], [-120.6736, 40.3227], [-120.6726, 40.3237], [-120.6726, 40.3243], [-120.6736, 40.3243], [-120.6733, 40.3248], [-120.6669, 40.3243], [-120.6673, 40.3251], [-120.6697, 40.3248], [-120.6694, 40.3265], [-120.668, 40.3262], [-120.668, 40.3257], [-120.6666, 40.3259], [-120.6669, 40.3267], [-120.6662, 40.3273], [-120.6684, 40.327], [-120.668, 40.3281], [-120.667, 40.3284], [-120.6663, 40.3297], [-120.6663, 40.3305], [-120.667, 40.3303], [-120.6677, 40.3308]], [[-120.6705, 40.3292], [-120.6701, 40.3294], [-120.6701, 40.3292], [-120.6705, 40.3292]], [[-120.6701, 40.3283], [-120.6698, 40.3286], [-120.6698, 40.3283], [-120.6701, 40.3283]], [[-120.6687, 40.3278], [-120.6684, 40.3281], [-120.6684, 40.3278], [-120.6687, 40.3278]], [[-120.6719, 40.3275], [-120.6715, 40.3278], [-120.6715, 40.3275], [-120.6719, 40.3275]], [[-120.6715, 40.327], [-120.6712, 40.3275], [-120.6712, 40.327], [-120.6715, 40.327]], [[-120.6747, 40.3248], [-120.674, 40.3253], [-120.674, 40.3251], [-120.6747, 40.3248]]], [[[-120.6803, 40.3245], [-120.6807, 40.324], [-120.6793, 40.3226], [-120.6793, 40.3242], [-120.68, 40.324], [-120.6803, 40.3245]]], [[[-120.6786, 40.3291], [-120.68, 40.328], [-120.6818, 40.3285], [-120.6814, 40.3277], [-120.6828, 40.3272], [-120.6846, 40.3275], [-120.6839, 40.3261], [-120.6857, 40.3269], [-120.6864, 40.3264], [-120.686, 40.3253], [-120.6867, 40.3253], [-120.686, 40.3239], [-120.6877, 40.3228], [-120.6884, 40.3231], [-120.6884, 40.3226], [-120.6846, 40.3226], [-120.6846, 40.3234], [-120.6832, 40.3237], [-120.6832, 40.3242], [-120.6835, 40.3242], [-120.6835, 40.3245], [-120.6839, 40.3245], [-120.6842, 40.3248], [-120.6839, 40.3258], [-120.681, 40.325], [-120.6811, 40.3259], [-120.6796, 40.3264], [-120.68, 40.3272], [-120.6789, 40.3267], [-120.6768, 40.327], [-120.6779, 40.3275], [-120.6776, 40.3288], [-120.6786, 40.3291]], [[-120.6786, 40.328], [-120.6783, 40.3283], [-120.6783, 40.328], [-120.6786, 40.328]], [[-120.6825, 40.3264], [-120.6821, 40.3267], [-120.6821, 40.3264], [-120.6825, 40.3264]], [[-120.6849, 40.3242], [-120.6846, 40.3245], [-120.6846, 40.3242], [-120.6849, 40.3242]], [[-120.6842, 40.3242], [-120.6839, 40.3245], [-120.6839, 40.3242], [-120.6842, 40.3242]], [[-120.686, 40.3237], [-120.6853, 40.3239], [-120.6853, 40.3237], [-120.686, 40.3237]]], [[[-120.6814, 40.3231], [-120.6814, 40.3226], [-120.6807, 40.3226], [-120.6807, 40.3229], [-120.6814, 40.3231]]], [[[-120.6711, 40.3232], [-120.6718, 40.3229], [-120.6711, 40.3227], [-120.6711, 40.3232]]], [[[-120.6576, 40.3479], [-120.6586, 40.346], [-120.6576, 40.3457], [-120.6583, 40.3443], [-120.66, 40.3446], [-120.659, 40.3427], [-120.66, 40.343], [-120.6604, 40.3419], [-120.6625, 40.3419], [-120.6625, 40.3413], [-120.6628, 40.3419], [-120.6667, 40.3419], [-120.6664, 40.34], [-120.6674, 40.3397], [-120.6685, 40.3373], [-120.6706, 40.3386], [-120.6692, 40.3367], [-120.6667, 40.337], [-120.6667, 40.3378], [-120.6642, 40.3373], [-120.6625, 40.3386], [-120.6624, 40.3373], [-120.6635, 40.3365], [-120.6624, 40.3346], [-120.661, 40.3349], [-120.661, 40.3341], [-120.6628, 40.3343], [-120.6635, 40.3357], [-120.6645, 40.3354], [-120.6638, 40.3351], [-120.6642, 40.3346], [-120.6667, 40.3351], [-120.6667, 40.3346], [-120.6691, 40.3348], [-120.6691, 40.3343], [-120.6705, 40.334], [-120.6705, 40.3348], [-120.6716, 40.3351], [-120.6727, 40.3343], [-120.6723, 40.3337], [-120.6716, 40.334], [-120.6716, 40.3329], [-120.6726, 40.3327], [-120.6716, 40.3327], [-120.6719, 40.3321], [-120.6712, 40.3318], [-120.673, 40.331], [-120.6719, 40.3305], [-120.6723, 40.33], [-120.6716, 40.33], [-120.6709, 40.3302], [-120.6691, 40.3316], [-120.6691, 40.3335], [-120.6677, 40.3335], [-120.6677, 40.3327], [-120.6673, 40.3327], [-120.6667, 40.3335], [-120.6642, 40.3332], [-120.6656, 40.3321], [-120.6652, 40.3316], [-120.6659, 40.3316], [-120.6656, 40.3308], [-120.6652, 40.3308], [-120.6652, 40.3311], [-120.6645, 40.3311], [-120.6645, 40.3303], [-120.6656, 40.3305], [-120.6663, 40.3297], [-120.6659, 40.3289], [-120.6655, 40.3289], [-120.6655, 40.3273], [-120.6652, 40.3281], [-120.6648, 40.3276], [-120.6638, 40.3281], [-120.6645, 40.3286], [-120.6645, 40.3297], [-120.6634, 40.3297], [-120.662, 40.3287], [-120.661, 40.3311], [-120.6599, 40.3308], [-120.6603, 40.3295], [-120.6581, 40.3292], [-120.6581, 40.3287], [-120.6599, 40.3292], [-120.6595, 40.3262], [-120.6623, 40.3262], [-120.662, 40.3254], [-120.663, 40.3251], [-120.6623, 40.3235], [-120.6641, 40.3243], [-120.6655, 40.3227], [-120.656, 40.3227], [-120.6574, 40.3249], [-120.657, 40.3254], [-120.6563, 40.3254], [-120.6549, 40.3236], [-120.6538, 40.3236], [-120.6538, 40.3228], [-120.644, 40.3231], [-120.6436, 40.3236], [-120.6425, 40.3231], [-120.6429, 40.3242], [-120.6419, 40.3242], [-120.6422, 40.3231], [-120.6418, 40.3234], [-120.6411, 40.3231], [-120.6408, 40.3242], [-120.6419, 40.325], [-120.6401, 40.325], [-120.6408, 40.3263], [-120.638, 40.3282], [-120.6384, 40.3291], [-120.6362, 40.3291], [-120.6362, 40.3288], [-120.6359, 40.3288], [-120.6348, 40.3299], [-120.6355, 40.3296], [-120.6366, 40.3299], [-120.6348, 40.3301], [-120.6345, 40.331], [-120.6345, 40.332], [-120.6349, 40.332], [-120.6349, 40.3323], [-120.6327, 40.3329], [-120.6331, 40.3339], [-120.6324, 40.3342], [-120.6317, 40.3334], [-120.6317, 40.3345], [-120.6296, 40.3345], [-120.6299, 40.3356], [-120.631, 40.3358], [-120.6296, 40.3377], [-120.6285, 40.3367], [-120.6278, 40.3377], [-120.6268, 40.3375], [-120.6271, 40.3369], [-120.6257, 40.3369], [-120.6268, 40.338], [-120.6247, 40.338], [-120.625, 40.3388], [-120.6229, 40.3402], [-120.6236, 40.3405], [-120.6229, 40.341], [-120.6233, 40.3421], [-120.6226, 40.3418], [-120.6222, 40.3437], [-120.6219, 40.3437], [-120.6219, 40.3443], [-120.6212, 40.3445], [-120.6223, 40.3453], [-120.6223, 40.3445], [-120.6244, 40.3442], [-120.6247, 40.3451], [-120.6237, 40.3448], [-120.6237, 40.3456], [-120.6244, 40.3453], [-120.6251, 40.3461], [-120.6254, 40.3445], [-120.6272, 40.3434], [-120.6265, 40.3421], [-120.6275, 40.3423], [-120.6289, 40.341], [-120.6296, 40.3415], [-120.6314, 40.3412], [-120.6318, 40.3431], [-120.6307, 40.3437], [-120.6321, 40.3453], [-120.6315, 40.3464], [-120.6322, 40.3464], [-120.6346, 40.3445], [-120.6364, 40.345], [-120.6367, 40.3434], [-120.6381, 40.3431], [-120.6374, 40.3418], [-120.6385, 40.3423], [-120.6399, 40.3417], [-120.6392, 40.3426], [-120.6402, 40.3428], [-120.6402, 40.342], [-120.641, 40.3423], [-120.6424, 40.3409], [-120.642, 40.3398], [-120.6444, 40.3382], [-120.6455, 40.3382], [-120.6448, 40.3369], [-120.6459, 40.3374], [-120.648, 40.3366], [-120.6483, 40.3358], [-120.649, 40.3363], [-120.6508, 40.3347], [-120.6529, 40.3344], [-120.6539, 40.3336], [-120.6599, 40.333], [-120.6603, 40.3324], [-120.6592, 40.3322], [-120.6613, 40.3316], [-120.661, 40.3324], [-120.6624, 40.3319], [-120.6621, 40.3338], [-120.661, 40.3335], [-120.6603, 40.3343], [-120.6589, 40.3343], [-120.66, 40.3346], [-120.6593, 40.3373], [-120.6614, 40.337], [-120.6614, 40.3389], [-120.6586, 40.34], [-120.6593, 40.3419], [-120.659, 40.3411], [-120.6579, 40.3414], [-120.6575, 40.3406], [-120.6565, 40.3406], [-120.6547, 40.3425], [-120.6533, 40.3427], [-120.6547, 40.3449], [-120.653, 40.3449], [-120.653, 40.3457], [-120.6544, 40.3454], [-120.6551, 40.346], [-120.6544, 40.3479], [-120.6558, 40.3471], [-120.6562, 40.3479], [-120.6576, 40.3479]], [[-120.6565, 40.3452], [-120.6558, 40.3454], [-120.6558, 40.3452], [-120.6565, 40.3452]], [[-120.6569, 40.3449], [-120.6565, 40.3452], [-120.6565, 40.3449], [-120.6569, 40.3449]], [[-120.6555, 40.3449], [-120.6548, 40.3452], [-120.6547, 40.3449], [-120.6555, 40.3449]], [[-120.6565, 40.3446], [-120.6555, 40.3449], [-120.6555, 40.3446], [-120.6565, 40.3446]], [[-120.6233, 40.344], [-120.623, 40.3443], [-120.623, 40.344], [-120.6233, 40.344]], [[-120.623, 40.3437], [-120.6226, 40.344], [-120.6226, 40.3437], [-120.623, 40.3437]], [[-120.6343, 40.3434], [-120.6339, 40.3437], [-120.6339, 40.3434], [-120.6343, 40.3434]], [[-120.6583, 40.343], [-120.6579, 40.3433], [-120.6579, 40.343], [-120.6583, 40.343]], [[-120.6261, 40.3432], [-120.6258, 40.3434], [-120.6258, 40.3432], [-120.6261, 40.3432]], [[-120.6237, 40.3426], [-120.6233, 40.3432], [-120.6233, 40.3426], [-120.6237, 40.3426]], [[-120.6346, 40.3423], [-120.6342, 40.3426], [-120.6342, 40.3423], [-120.6346, 40.3423]], [[-120.659, 40.3419], [-120.6586, 40.3422], [-120.6586, 40.3419], [-120.659, 40.3419]], [[-120.6582, 40.3416], [-120.6579, 40.3422], [-120.6579, 40.3416], [-120.6582, 40.3416]], [[-120.6371, 40.3418], [-120.6367, 40.3423], [-120.6364, 40.3418], [-120.6371, 40.3418]], [[-120.6335, 40.342], [-120.6332, 40.3423], [-120.6332, 40.342], [-120.6335, 40.342]], [[-120.6339, 40.3418], [-120.6335, 40.342], [-120.6335, 40.3418], [-120.6339, 40.3418]], [[-120.6268, 40.3413], [-120.6258, 40.3421], [-120.6261, 40.341], [-120.6268, 40.3413]], [[-120.6568, 40.3411], [-120.6565, 40.3414], [-120.6565, 40.3411], [-120.6568, 40.3411]], [[-120.6378, 40.3412], [-120.6374, 40.3415], [-120.6374, 40.3412], [-120.6378, 40.3412]], [[-120.6332, 40.3412], [-120.6318, 40.3415], [-120.6318, 40.3412], [-120.6332, 40.3412]], [[-120.6402, 40.3404], [-120.6399, 40.3412], [-120.6399, 40.3404], [-120.6402, 40.3404]], [[-120.6346, 40.341], [-120.6342, 40.3412], [-120.6342, 40.341], [-120.6346, 40.341]], [[-120.6321, 40.3404], [-120.6311, 40.341], [-120.631, 40.3404], [-120.6321, 40.3404]], [[-120.6349, 40.3407], [-120.6346, 40.3401], [-120.6332, 40.3399], [-120.6335, 40.3396], [-120.6339, 40.3396], [-120.6339, 40.3399], [-120.6349, 40.3399], [-120.6349, 40.3407]], [[-120.6325, 40.3396], [-120.6289, 40.3407], [-120.6296, 40.3388], [-120.6286, 40.3383], [-120.6296, 40.3383], [-120.6303, 40.3375], [-120.631, 40.3396], [-120.6317, 40.3391], [-120.6321, 40.3391], [-120.6325, 40.3396]], [[-120.6272, 40.3407], [-120.6261, 40.3405], [-120.6257, 40.3396], [-120.6268, 40.3396], [-120.6272, 40.3407]], [[-120.6282, 40.3402], [-120.6275, 40.3405], [-120.6275, 40.3402], [-120.6282, 40.3402]], [[-120.6413, 40.3393], [-120.6409, 40.3398], [-120.6406, 40.3393], [-120.6413, 40.3393]], [[-120.6342, 40.3393], [-120.6339, 40.3396], [-120.6339, 40.3393], [-120.6342, 40.3393]], [[-120.6416, 40.339], [-120.6413, 40.3393], [-120.6413, 40.339], [-120.6416, 40.339]], [[-120.6346, 40.3391], [-120.6342, 40.3393], [-120.6342, 40.3391], [-120.6346, 40.3391]], [[-120.6286, 40.3388], [-120.6282, 40.3394], [-120.6279, 40.3388], [-120.6286, 40.3388]], [[-120.6427, 40.339], [-120.6416, 40.339], [-120.6413, 40.3379], [-120.642, 40.3379], [-120.642, 40.3388], [-120.643, 40.3382], [-120.6427, 40.339]], [[-120.6406, 40.339], [-120.6399, 40.3388], [-120.6399, 40.3382], [-120.6406, 40.3382], [-120.6406, 40.339]], [[-120.6342, 40.3391], [-120.6324, 40.3385], [-120.6328, 40.3377], [-120.6335, 40.3377], [-120.6342, 40.3391]], [[-120.6279, 40.3383], [-120.6275, 40.3388], [-120.6275, 40.3383], [-120.6279, 40.3383]], [[-120.6678, 40.3381], [-120.6674, 40.3384], [-120.6674, 40.3381], [-120.6678, 40.3381]], [[-120.667, 40.3381], [-120.6667, 40.3384], [-120.6667, 40.3381], [-120.667, 40.3381]], [[-120.6674, 40.3375], [-120.667, 40.3378], [-120.667, 40.3375], [-120.6674, 40.3375]], [[-120.6413, 40.3377], [-120.6409, 40.338], [-120.6409, 40.3377], [-120.6413, 40.3377]], [[-120.6317, 40.3375], [-120.6314, 40.3377], [-120.6314, 40.3375], [-120.6317, 40.3375]], [[-120.6338, 40.3372], [-120.6335, 40.3374], [-120.6335, 40.3372], [-120.6338, 40.3372]], [[-120.6328, 40.3372], [-120.6324, 40.3375], [-120.6324, 40.3372], [-120.6328, 40.3372]], [[-120.6328, 40.3366], [-120.6317, 40.3375], [-120.6314, 40.3364], [-120.6328, 40.3366]], [[-120.6409, 40.3369], [-120.6406, 40.3371], [-120.6406, 40.3369], [-120.6409, 40.3369]], [[-120.6345, 40.3369], [-120.6338, 40.3372], [-120.6338, 40.3369], [-120.6345, 40.3369]], [[-120.6628, 40.3362], [-120.6624, 40.3365], [-120.6624, 40.3362], [-120.6628, 40.3362]], [[-120.6437, 40.3366], [-120.643, 40.3366], [-120.6434, 40.3352], [-120.6441, 40.3355], [-120.6437, 40.3366]], [[-120.6374, 40.3366], [-120.6367, 40.3366], [-120.6367, 40.3358], [-120.6381, 40.3353], [-120.6374, 40.3366]], [[-120.6335, 40.3361], [-120.6324, 40.3364], [-120.6324, 40.3361], [-120.6335, 40.3361]], [[-120.6603, 40.3357], [-120.66, 40.336], [-120.66, 40.3357], [-120.6603, 40.3357]], [[-120.6469, 40.3355], [-120.6465, 40.336], [-120.6465, 40.3355], [-120.6469, 40.3355]], [[-120.6427, 40.3358], [-120.6423, 40.3361], [-120.6423, 40.3358], [-120.6427, 40.3358]], [[-120.6338, 40.3358], [-120.6335, 40.3361], [-120.6335, 40.3358], [-120.6338, 40.3358]], [[-120.6607, 40.3354], [-120.6603, 40.3357], [-120.6603, 40.3354], [-120.6607, 40.3354]], [[-120.6335, 40.3356], [-120.6331, 40.3358], [-120.6331, 40.3356], [-120.6335, 40.3356]], [[-120.6331, 40.3356], [-120.6324, 40.3353], [-120.6331, 40.335], [-120.6331, 40.3356]], [[-120.648, 40.3355], [-120.6472, 40.3352], [-120.6462, 40.3355], [-120.6448, 40.3341], [-120.6437, 40.3342], [-120.6441, 40.3336], [-120.6433, 40.3333], [-120.6444, 40.3331], [-120.6451, 40.3336], [-120.6455, 40.3328], [-120.6469, 40.3328], [-120.6469, 40.3325], [-120.6472, 40.3325], [-120.6472, 40.3331], [-120.6476, 40.3331], [-120.6476, 40.3333], [-120.6465, 40.3339], [-120.6455, 40.3333], [-120.6455, 40.3339], [-120.6462, 40.3344], [-120.6472, 40.3341], [-120.6472, 40.3349], [-120.6483, 40.3349], [-120.648, 40.3355]], [[-120.661, 40.3349], [-120.6607, 40.3351], [-120.6607, 40.3349], [-120.661, 40.3349]], [[-120.6426, 40.3347], [-120.6419, 40.3352], [-120.6419, 40.3347], [-120.6426, 40.3347]], [[-120.6409, 40.335], [-120.6405, 40.3353], [-120.6405, 40.335], [-120.6409, 40.335]], [[-120.6388, 40.335], [-120.6384, 40.3353], [-120.6384, 40.335], [-120.6388, 40.335]], [[-120.6374, 40.3345], [-120.6363, 40.3353], [-120.6366, 40.3345], [-120.6374, 40.3345]], [[-120.6338, 40.3353], [-120.6328, 40.3348], [-120.6331, 40.3342], [-120.6338, 40.3342], [-120.6338, 40.3353]], [[-120.6638, 40.3346], [-120.6635, 40.3349], [-120.6635, 40.3346], [-120.6638, 40.3346]], [[-120.6437, 40.3342], [-120.6434, 40.335], [-120.6434, 40.3342], [-120.6437, 40.3342]], [[-120.6405, 40.3347], [-120.6398, 40.335], [-120.6398, 40.3347], [-120.6405, 40.3347]], [[-120.6384, 40.3342], [-120.6381, 40.335], [-120.6381, 40.3342], [-120.6384, 40.3342]], [[-120.6716, 40.3345], [-120.6709, 40.3346], [-120.6709, 40.334], [-120.6712, 40.334], [-120.6716, 40.3345]], [[-120.6635, 40.3341], [-120.6631, 40.3343], [-120.6631, 40.3341], [-120.6635, 40.3341]], [[-120.6324, 40.3342], [-120.6321, 40.3345], [-120.6321, 40.3342], [-120.6324, 40.3342]], [[-120.6698, 40.3337], [-120.6695, 40.334], [-120.6695, 40.3337], [-120.6698, 40.3337]], [[-120.6709, 40.3335], [-120.6705, 40.3337], [-120.6705, 40.3335], [-120.6709, 40.3335]], [[-120.6677, 40.3335], [-120.6674, 40.3338], [-120.6674, 40.3335], [-120.6677, 40.3335]], [[-120.667, 40.3335], [-120.6667, 40.3338], [-120.6667, 40.3335], [-120.667, 40.3335]], [[-120.6645, 40.3335], [-120.6642, 40.3338], [-120.6642, 40.3335], [-120.6645, 40.3335]], [[-120.6409, 40.3336], [-120.6405, 40.3339], [-120.6405, 40.3336], [-120.6409, 40.3336]], [[-120.6384, 40.3336], [-120.6381, 40.3339], [-120.6381, 40.3336], [-120.6384, 40.3336]], [[-120.6628, 40.3332], [-120.6624, 40.3335], [-120.6624, 40.3332], [-120.6628, 40.3332]], [[-120.6373, 40.3334], [-120.637, 40.3336], [-120.637, 40.3334], [-120.6373, 40.3334]], [[-120.6388, 40.3331], [-120.6384, 40.3334], [-120.6384, 40.3331], [-120.6388, 40.3331]], [[-120.6345, 40.3331], [-120.6342, 40.3334], [-120.6342, 40.3331], [-120.6345, 40.3331]], [[-120.6515, 40.3328], [-120.6511, 40.333], [-120.6511, 40.3328], [-120.6515, 40.3328]], [[-120.6486, 40.333], [-120.6476, 40.3331], [-120.6476, 40.3328], [-120.6483, 40.3325], [-120.6486, 40.333]], [[-120.6384, 40.3328], [-120.638, 40.3331], [-120.638, 40.3328], [-120.6384, 40.3328]], [[-120.6373, 40.3331], [-120.6366, 40.3331], [-120.637, 40.3326], [-120.6363, 40.3323], [-120.6373, 40.3323], [-120.6373, 40.3331]], [[-120.6363, 40.3328], [-120.6359, 40.3331], [-120.6359, 40.3328], [-120.6363, 40.3328]], [[-120.6631, 40.3319], [-120.6628, 40.3327], [-120.6628, 40.3319], [-120.6631, 40.3319]], [[-120.656, 40.3325], [-120.6546, 40.3327], [-120.6546, 40.3325], [-120.6557, 40.3322], [-120.6557, 40.3325], [-120.656, 40.3325]], [[-120.6511, 40.3322], [-120.65, 40.3328], [-120.65, 40.3322], [-120.6493, 40.332], [-120.6497, 40.3314], [-120.6511, 40.3317], [-120.6511, 40.3322]], [[-120.6387, 40.3326], [-120.6384, 40.3328], [-120.6384, 40.3326], [-120.6387, 40.3326]], [[-120.6564, 40.3322], [-120.656, 40.3325], [-120.656, 40.3322], [-120.6564, 40.3322]], [[-120.6497, 40.3322], [-120.6493, 40.3325], [-120.6493, 40.3322], [-120.6497, 40.3322]], [[-120.6476, 40.3322], [-120.6472, 40.3325], [-120.6472, 40.3322], [-120.6476, 40.3322]], [[-120.6391, 40.3317], [-120.6387, 40.3326], [-120.6387, 40.3323], [-120.6384, 40.3323], [-120.6384, 40.332], [-120.638, 40.332], [-120.6387, 40.3309], [-120.6401, 40.3315], [-120.6391, 40.3317]], [[-120.6575, 40.3319], [-120.6571, 40.3322], [-120.6571, 40.3319], [-120.6575, 40.3319]], [[-120.6567, 40.3319], [-120.6564, 40.3322], [-120.6564, 40.3319], [-120.6567, 40.3319]], [[-120.6486, 40.332], [-120.6476, 40.3322], [-120.6476, 40.332], [-120.6486, 40.332]], [[-120.6638, 40.3313], [-120.6631, 40.3319], [-120.6631, 40.3314], [-120.6638, 40.3313]], [[-120.6553, 40.3317], [-120.6546, 40.3319], [-120.6546, 40.3317], [-120.6553, 40.3317]], [[-120.6476, 40.332], [-120.6469, 40.3317], [-120.6469, 40.3312], [-120.6476, 40.3314], [-120.6476, 40.332]], [[-120.6377, 40.3312], [-120.6373, 40.332], [-120.6373, 40.3312], [-120.6377, 40.3312]], [[-120.6352, 40.3315], [-120.6349, 40.332], [-120.6349, 40.3315], [-120.6352, 40.3315]], [[-120.6567, 40.3317], [-120.6553, 40.3311], [-120.6564, 40.3311], [-120.6567, 40.3298], [-120.6578, 40.3298], [-120.6582, 40.3308], [-120.6567, 40.3317]], [[-120.6454, 40.3306], [-120.6451, 40.3317], [-120.6451, 40.3306], [-120.6454, 40.3306]], [[-120.6642, 40.3311], [-120.6638, 40.3313], [-120.6638, 40.3311], [-120.6642, 40.3311]], [[-120.6719, 40.3305], [-120.6712, 40.331], [-120.6712, 40.3305], [-120.6719, 40.3305]], [[-120.6504, 40.3309], [-120.65, 40.3312], [-120.65, 40.3309], [-120.6504, 40.3309]], [[-120.6387, 40.3304], [-120.6377, 40.3312], [-120.6387, 40.3301], [-120.638, 40.3293], [-120.6394, 40.3299], [-120.6394, 40.3277], [-120.6408, 40.3274], [-120.6408, 40.328], [-120.6398, 40.328], [-120.6401, 40.3307], [-120.6394, 40.3307], [-120.6394, 40.3304], [-120.6387, 40.3304]], [[-120.6363, 40.3307], [-120.6359, 40.3312], [-120.6359, 40.3307], [-120.6363, 40.3307]], [[-120.6631, 40.3305], [-120.6627, 40.3308], [-120.6627, 40.3305], [-120.6631, 40.3305]], [[-120.6536, 40.3309], [-120.6529, 40.3309], [-120.6528, 40.3301], [-120.6532, 40.3301], [-120.6536, 40.3309]], [[-120.6507, 40.3306], [-120.6504, 40.3309], [-120.6504, 40.3306], [-120.6507, 40.3306]], [[-120.6437, 40.3304], [-120.6433, 40.3309], [-120.6433, 40.3304], [-120.6437, 40.3304]], [[-120.6423, 40.3307], [-120.6416, 40.3309], [-120.6416, 40.3307], [-120.6423, 40.3307]], [[-120.6631, 40.33], [-120.6624, 40.3305], [-120.6624, 40.33], [-120.6631, 40.33]], [[-120.6518, 40.3306], [-120.6514, 40.3301], [-120.6525, 40.3298], [-120.6518, 40.3287], [-120.6525, 40.3284], [-120.6535, 40.3295], [-120.6518, 40.3306]], [[-120.6504, 40.3303], [-120.65, 40.3306], [-120.65, 40.3303], [-120.6504, 40.3303]], [[-120.6412, 40.3304], [-120.6408, 40.3307], [-120.6408, 40.3304], [-120.6412, 40.3304]], [[-120.6638, 40.33], [-120.6634, 40.3303], [-120.6634, 40.33], [-120.6638, 40.33]], [[-120.6567, 40.3292], [-120.6557, 40.3303], [-120.6557, 40.3298], [-120.6553, 40.3298], [-120.6553, 40.329], [-120.6539, 40.3298], [-120.6543, 40.329], [-120.6535, 40.3284], [-120.6542, 40.3287], [-120.6567, 40.3284], [-120.656, 40.3287], [-120.6567, 40.3292]], [[-120.6511, 40.3301], [-120.6507, 40.3303], [-120.6507, 40.3301], [-120.6511, 40.3301]], [[-120.6624, 40.3297], [-120.662, 40.33], [-120.662, 40.3297], [-120.6624, 40.3297]], [[-120.6518, 40.3295], [-120.6514, 40.3298], [-120.6514, 40.3295], [-120.6518, 40.3295]], [[-120.6656, 40.3292], [-120.6652, 40.3294], [-120.6652, 40.3292], [-120.6656, 40.3292]], [[-120.6574, 40.329], [-120.6571, 40.3292], [-120.6571, 40.329], [-120.6574, 40.329]], [[-120.6493, 40.329], [-120.649, 40.3293], [-120.649, 40.329], [-120.6493, 40.329]], [[-120.6571, 40.3287], [-120.6567, 40.329], [-120.6567, 40.3287], [-120.6571, 40.3287]], [[-120.6486, 40.3287], [-120.6482, 40.329], [-120.6482, 40.3287], [-120.6486, 40.3287]], [[-120.6415, 40.3288], [-120.6405, 40.329], [-120.6405, 40.3288], [-120.6415, 40.3288]], [[-120.6532, 40.3284], [-120.6528, 40.3287], [-120.6528, 40.3284], [-120.6532, 40.3284]], [[-120.6429, 40.3285], [-120.6426, 40.3288], [-120.6426, 40.3285], [-120.6429, 40.3285]], [[-120.6419, 40.3285], [-120.6415, 40.3288], [-120.6415, 40.3285], [-120.6419, 40.3285]], [[-120.6391, 40.3285], [-120.6387, 40.3288], [-120.6387, 40.3285], [-120.6391, 40.3285]], [[-120.6549, 40.3282], [-120.6546, 40.3284], [-120.6546, 40.3282], [-120.6549, 40.3282]], [[-120.6571, 40.3281], [-120.6564, 40.3281], [-120.656, 40.3273], [-120.6564, 40.3273], [-120.6564, 40.3276], [-120.6567, 40.3276], [-120.6571, 40.3281]], [[-120.656, 40.3279], [-120.6557, 40.3281], [-120.6557, 40.3279], [-120.656, 40.3279]], [[-120.6433, 40.3279], [-120.6426, 40.3282], [-120.6426, 40.3279], [-120.6433, 40.3279]], [[-120.6571, 40.3273], [-120.6567, 40.3276], [-120.6567, 40.3273], [-120.6571, 40.3273]], [[-120.6557, 40.3276], [-120.6549, 40.3276], [-120.6549, 40.3268], [-120.6553, 40.3268], [-120.6557, 40.3276]], [[-120.6542, 40.3276], [-120.6535, 40.3276], [-120.6535, 40.3274], [-120.6539, 40.3273], [-120.6539, 40.3271], [-120.6542, 40.3271], [-120.6542, 40.3276]], [[-120.6436, 40.3274], [-120.6433, 40.3277], [-120.6433, 40.3274], [-120.6436, 40.3274]], [[-120.6563, 40.3268], [-120.656, 40.3271], [-120.656, 40.3268], [-120.6563, 40.3268]], [[-120.6546, 40.3268], [-120.6542, 40.3271], [-120.6542, 40.3268], [-120.6546, 40.3268]], [[-120.6535, 40.3268], [-120.6528, 40.3271], [-120.6528, 40.3268], [-120.6535, 40.3268]], [[-120.6525, 40.3265], [-120.6521, 40.3271], [-120.6518, 40.3265], [-120.6525, 40.3265]], [[-120.6553, 40.3263], [-120.6549, 40.3265], [-120.6549, 40.3263], [-120.6553, 40.3263]], [[-120.6535, 40.3263], [-120.6532, 40.3265], [-120.6532, 40.3263], [-120.6535, 40.3263]], [[-120.6415, 40.3261], [-120.6412, 40.3266], [-120.6412, 40.3261], [-120.6415, 40.3261]], [[-120.6556, 40.326], [-120.6553, 40.3263], [-120.6553, 40.326], [-120.6556, 40.326]], [[-120.6525, 40.326], [-120.6514, 40.3263], [-120.6514, 40.326], [-120.6525, 40.326]], [[-120.6546, 40.3257], [-120.6539, 40.326], [-120.6539, 40.3257], [-120.6546, 40.3257]], [[-120.6535, 40.326], [-120.6528, 40.326], [-120.6528, 40.3255], [-120.6532, 40.3255], [-120.6535, 40.326]], [[-120.651, 40.3252], [-120.6507, 40.326], [-120.6503, 40.3252], [-120.651, 40.3252]], [[-120.6436, 40.3258], [-120.6433, 40.3261], [-120.6433, 40.3258], [-120.6436, 40.3258]], [[-120.6528, 40.3249], [-120.6521, 40.3257], [-120.6521, 40.3249], [-120.6528, 40.3249]], [[-120.6433, 40.325], [-120.6422, 40.3255], [-120.6422, 40.3244], [-120.6433, 40.325]], [[-120.6542, 40.3252], [-120.6535, 40.3252], [-120.6535, 40.3246], [-120.6539, 40.3246], [-120.6542, 40.3252]], [[-120.6503, 40.3249], [-120.65, 40.3252], [-120.65, 40.3249], [-120.6503, 40.3249]], [[-120.6493, 40.3236], [-120.6489, 40.3239], [-120.6489, 40.3236], [-120.6493, 40.3236]], [[-120.6627, 40.323], [-120.6623, 40.3233], [-120.6623, 40.323], [-120.6627, 40.323]], [[-120.6598, 40.323], [-120.6595, 40.3233], [-120.6595, 40.323], [-120.6598, 40.323]]], [[[-120.6556, 40.3233], [-120.6553, 40.3227], [-120.6545, 40.3228], [-120.6549, 40.3233], [-120.6556, 40.3233]]], [[[-120.6177, 40.344], [-120.6177, 40.3432], [-120.6187, 40.3429], [-120.6205, 40.3435], [-120.6215, 40.3405], [-120.6226, 40.3402], [-120.6229, 40.338], [-120.6236, 40.3378], [-120.6225, 40.3359], [-120.625, 40.3353], [-120.6246, 40.3337], [-120.6236, 40.3334], [-120.6253, 40.3324], [-120.6253, 40.3326], [-120.6257, 40.3326], [-120.6257, 40.3329], [-120.625, 40.3334], [-120.6275, 40.334], [-120.6306, 40.3315], [-120.6327, 40.3321], [-120.6331, 40.3315], [-120.6324, 40.331], [-120.6334, 40.3304], [-120.6313, 40.3304], [-120.6313, 40.3299], [-120.6306, 40.3299], [-120.6303, 40.331], [-120.6296, 40.3307], [-120.6302, 40.3296], [-120.6313, 40.3294], [-120.6313, 40.3288], [-120.6299, 40.3288], [-120.6299, 40.328], [-120.6355, 40.3274], [-120.6355, 40.3272], [-120.6352, 40.3272], [-120.6352, 40.3264], [-120.6362, 40.3266], [-120.6362, 40.3255], [-120.6369, 40.325], [-120.6383, 40.3253], [-120.639, 40.3242], [-120.6401, 40.325], [-120.6408, 40.3231], [-120.6263, 40.3232], [-120.6288, 40.3248], [-120.6285, 40.3264], [-120.6292, 40.3269], [-120.6274, 40.328], [-120.6256, 40.3275], [-120.6256, 40.328], [-120.6271, 40.3283], [-120.6267, 40.3291], [-120.6271, 40.3291], [-120.6271, 40.3294], [-120.6278, 40.3294], [-120.6274, 40.3302], [-120.6267, 40.3302], [-120.6267, 40.3299], [-120.626, 40.3299], [-120.626, 40.3294], [-120.6249, 40.3291], [-120.6249, 40.3278], [-120.6246, 40.3278], [-120.6242, 40.3286], [-120.6235, 40.3286], [-120.6246, 40.327], [-120.6256, 40.327], [-120.6256, 40.3261], [-120.6239, 40.3267], [-120.6228, 40.3286], [-120.6218, 40.3283], [-120.6211, 40.3294], [-120.62, 40.3291], [-120.6193, 40.331], [-120.6204, 40.331], [-120.6211, 40.3318], [-120.6232, 40.3321], [-120.6228, 40.3316], [-120.6239, 40.3307], [-120.625, 40.3307], [-120.6249, 40.3294], [-120.6267, 40.331], [-120.6243, 40.331], [-120.6246, 40.3318], [-120.6232, 40.3329], [-120.6218, 40.3326], [-120.6218, 40.3321], [-120.6204, 40.3327], [-120.62, 40.3337], [-120.6211, 40.3337], [-120.6208, 40.3345], [-120.6218, 40.3343], [-120.6225, 40.3348], [-120.6208, 40.3354], [-120.6211, 40.3367], [-120.6197, 40.3364], [-120.6194, 40.3375], [-120.6183, 40.337], [-120.6183, 40.3381], [-120.6204, 40.3386], [-120.6208, 40.3397], [-120.6194, 40.3402], [-120.6194, 40.3405], [-120.6201, 40.3405], [-120.6205, 40.341], [-120.6201, 40.3416], [-120.619, 40.3413], [-120.6191, 40.3427], [-120.6184, 40.3427], [-120.6187, 40.3416], [-120.6176, 40.341], [-120.618, 40.3424], [-120.6159, 40.3432], [-120.6159, 40.344], [-120.6177, 40.344]], [[-120.6201, 40.3418], [-120.6198, 40.3421], [-120.6198, 40.3418], [-120.6201, 40.3418]], [[-120.6194, 40.3378], [-120.619, 40.3381], [-120.619, 40.3378], [-120.6194, 40.3378]], [[-120.6218, 40.3353], [-120.6215, 40.3359], [-120.6215, 40.3353], [-120.6218, 40.3353]], [[-120.6222, 40.334], [-120.6215, 40.334], [-120.6215, 40.3332], [-120.6225, 40.3329], [-120.6222, 40.334]], [[-120.6264, 40.3332], [-120.626, 40.3334], [-120.626, 40.3332], [-120.6264, 40.3332]], [[-120.6278, 40.3323], [-120.6275, 40.3332], [-120.6274, 40.3323], [-120.6278, 40.3323]], [[-120.6267, 40.3326], [-120.6264, 40.3332], [-120.6264, 40.3326], [-120.6267, 40.3326]], [[-120.6214, 40.3329], [-120.6207, 40.3332], [-120.6207, 40.3329], [-120.6214, 40.3329]], [[-120.6271, 40.3326], [-120.626, 40.3324], [-120.626, 40.3318], [-120.6271, 40.3321], [-120.6271, 40.3315], [-120.6281, 40.3313], [-120.6271, 40.3326]], [[-120.626, 40.3324], [-120.6257, 40.3326], [-120.6257, 40.3324], [-120.626, 40.3324]], [[-120.6296, 40.331], [-120.6289, 40.3315], [-120.6288, 40.3304], [-120.6296, 40.331]], [[-120.6228, 40.3313], [-120.6225, 40.3316], [-120.6225, 40.3313], [-120.6228, 40.3313]], [[-120.6225, 40.331], [-120.6221, 40.3313], [-120.6221, 40.331], [-120.6225, 40.331]], [[-120.6274, 40.331], [-120.6271, 40.3305], [-120.6281, 40.3302], [-120.6281, 40.3307], [-120.6274, 40.331]], [[-120.6211, 40.3305], [-120.6204, 40.3302], [-120.6207, 40.3297], [-120.6214, 40.3297], [-120.6214, 40.3294], [-120.6218, 40.3294], [-120.6211, 40.3305]], [[-120.6221, 40.3291], [-120.6218, 40.3294], [-120.6218, 40.3291], [-120.6221, 40.3291]], [[-120.6278, 40.3288], [-120.6271, 40.3291], [-120.6271, 40.3288], [-120.6278, 40.3288]], [[-120.6228, 40.3289], [-120.6221, 40.3291], [-120.6221, 40.3289], [-120.6228, 40.3289]], [[-120.6285, 40.3286], [-120.6281, 40.3288], [-120.6281, 40.3286], [-120.6285, 40.3286]], [[-120.6235, 40.3286], [-120.6232, 40.3289], [-120.6232, 40.3286], [-120.6235, 40.3286]], [[-120.6281, 40.3283], [-120.6278, 40.3286], [-120.6278, 40.3283], [-120.6281, 40.3283]], [[-120.6292, 40.3275], [-120.6285, 40.3283], [-120.6285, 40.3275], [-120.6292, 40.3275]], [[-120.6278, 40.328], [-120.6274, 40.3283], [-120.6274, 40.328], [-120.6278, 40.328]], [[-120.6341, 40.3266], [-120.6338, 40.3269], [-120.6338, 40.3266], [-120.6341, 40.3266]], [[-120.6352, 40.3258], [-120.6348, 40.3261], [-120.6348, 40.3258], [-120.6352, 40.3258]], [[-120.6355, 40.3253], [-120.6352, 40.3258], [-120.6352, 40.3253], [-120.6355, 40.3253]], [[-120.6348, 40.3256], [-120.6345, 40.3258], [-120.6344, 40.3256], [-120.6348, 40.3256]], [[-120.6302, 40.3256], [-120.6299, 40.3259], [-120.6299, 40.3256], [-120.6302, 40.3256]], [[-120.6323, 40.3253], [-120.632, 40.3256], [-120.632, 40.3253], [-120.6323, 40.3253]], [[-120.6299, 40.3253], [-120.6295, 40.3256], [-120.6295, 40.3253], [-120.6299, 40.3253]], [[-120.6292, 40.3253], [-120.6288, 40.3256], [-120.6288, 40.3253], [-120.6292, 40.3253]], [[-120.6359, 40.325], [-120.6355, 40.3253], [-120.6355, 40.325], [-120.6359, 40.325]], [[-120.6295, 40.325], [-120.6292, 40.3253], [-120.6291, 40.325], [-120.6295, 40.325]], [[-120.6362, 40.3247], [-120.6359, 40.325], [-120.6359, 40.3247], [-120.6362, 40.3247]], [[-120.6298, 40.3245], [-120.6295, 40.325], [-120.6295, 40.3245], [-120.6298, 40.3245]], [[-120.6309, 40.3242], [-120.6298, 40.3242], [-120.6298, 40.324], [-120.6305, 40.3237], [-120.6309, 40.3242]], [[-120.6295, 40.3234], [-120.6291, 40.3242], [-120.6291, 40.3234], [-120.6295, 40.3234]], [[-120.632, 40.3237], [-120.6316, 40.324], [-120.6316, 40.3237], [-120.632, 40.3237]], [[-120.6401, 40.3234], [-120.6394, 40.3236], [-120.6394, 40.3234], [-120.6401, 40.3234]]], [[[-120.6899, 40.3228], [-120.6902, 40.3226], [-120.6899, 40.3226], [-120.6899, 40.3228]]], [[[-120.6835, 40.3229], [-120.6842, 40.3226], [-120.6835, 40.3226], [-120.6835, 40.3229]]], [[[-120.6722, 40.3229], [-120.6726, 40.3227], [-120.6722, 40.3227], [-120.6722, 40.3229]]], [[[-120.6415, 40.3231], [-120.6418, 40.3228], [-120.6415, 40.3228], [-120.6415, 40.3231]]], [[[-120.6256, 40.3234], [-120.6263, 40.3232], [-120.6263, 40.3226], [-120.6249, 40.3226], [-120.6256, 40.3234]]], [[[-120.7734, 40.3086], [-120.7737, 40.3083], [-120.7734, 40.3083], [-120.7734, 40.3086]]], [[[-120.7713, 40.3086], [-120.7716, 40.3083], [-120.7713, 40.3083], [-120.7713, 40.3086]]], [[[-120.7356, 40.3085], [-120.7356, 40.308], [-120.7342, 40.3083], [-120.7342, 40.3085], [-120.7356, 40.3085]]], [[[-120.7345, 40.308], [-120.7349, 40.3077], [-120.7345, 40.3077], [-120.7345, 40.308]]], [[[-120.7698, 40.3056], [-120.7702, 40.3053], [-120.7698, 40.3053], [-120.7698, 40.3056]]], [[[-120.7783, 40.305], [-120.7786, 40.3047], [-120.7783, 40.3047], [-120.7783, 40.305]]], [[[-120.7719, 40.3048], [-120.7723, 40.3045], [-120.7719, 40.3045], [-120.7719, 40.3048]]], [[[-120.7712, 40.3048], [-120.7716, 40.3045], [-120.7712, 40.3045], [-120.7712, 40.3048]]], [[[-120.7702, 40.3048], [-120.7709, 40.3043], [-120.7705, 40.3043], [-120.7702, 40.3048]]], [[[-120.7716, 40.3045], [-120.7719, 40.304], [-120.7716, 40.304], [-120.7716, 40.3045]]], [[[-120.7465, 40.3044], [-120.7472, 40.3041], [-120.7465, 40.3041], [-120.7465, 40.3044]]], [[[-120.7783, 40.3034], [-120.7786, 40.3031], [-120.7783, 40.3031], [-120.7783, 40.3034]]], [[[-120.7444, 40.3036], [-120.7451, 40.3033], [-120.7444, 40.3033], [-120.7444, 40.3036]]], [[[-120.7437, 40.3033], [-120.744, 40.3031], [-120.7437, 40.3031], [-120.7437, 40.3033]]], [[[-120.7768, 40.3029], [-120.7772, 40.3026], [-120.7768, 40.3026], [-120.7768, 40.3029]]], [[[-120.7426, 40.3031], [-120.743, 40.3028], [-120.7426, 40.3028], [-120.7426, 40.3031]]], [[[-120.7444, 40.3028], [-120.7447, 40.3025], [-120.7444, 40.3025], [-120.7444, 40.3028]]], [[[-120.7761, 40.3026], [-120.7768, 40.3021], [-120.7758, 40.3021], [-120.7761, 40.3026]]], [[[-120.7783, 40.3023], [-120.7786, 40.302], [-120.7782, 40.302], [-120.7783, 40.3023]]], [[[-120.7779, 40.3021], [-120.7782, 40.3018], [-120.7779, 40.3018], [-120.7779, 40.3021]]], [[[-120.7772, 40.3021], [-120.7775, 40.3018], [-120.7772, 40.3018], [-120.7772, 40.3021]]], [[[-120.7747, 40.3021], [-120.7751, 40.3018], [-120.7747, 40.3018], [-120.7747, 40.3021]]], [[[-120.7409, 40.3039], [-120.7416, 40.3036], [-120.7415, 40.3017], [-120.7405, 40.3017], [-120.7409, 40.3039]]], [[[-120.7687, 40.3018], [-120.7698, 40.3013], [-120.7687, 40.3013], [-120.7687, 40.3018]]], [[[-120.7497, 40.3049], [-120.7496, 40.3011], [-120.7458, 40.3012], [-120.7458, 40.302], [-120.7447, 40.3014], [-120.7461, 40.3033], [-120.7451, 40.3041], [-120.7444, 40.3036], [-120.7437, 40.3036], [-120.7437, 40.3033], [-120.7423, 40.3033], [-120.7423, 40.3042], [-120.7405, 40.3042], [-120.7405, 40.305], [-120.7462, 40.3049], [-120.7462, 40.3041], [-120.7476, 40.3039], [-120.7483, 40.3049], [-120.7497, 40.3049]], [[-120.7493, 40.3044], [-120.7486, 40.3044], [-120.7486, 40.3039], [-120.749, 40.3038], [-120.7493, 40.3044]], [[-120.7461, 40.3039], [-120.7458, 40.3041], [-120.7458, 40.3039], [-120.7461, 40.3039]]], [[[-120.7444, 40.302], [-120.7444, 40.3014], [-120.7433, 40.3012], [-120.7433, 40.3017], [-120.7444, 40.302]]], [[[-120.7772, 40.3012], [-120.7775, 40.301], [-120.7772, 40.301], [-120.7772, 40.3012]]], [[[-120.7768, 40.3018], [-120.7765, 40.3007], [-120.7761, 40.3007], [-120.7761, 40.3018], [-120.7768, 40.3018]]], [[[-120.7775, 40.301], [-120.7779, 40.3007], [-120.7775, 40.3007], [-120.7775, 40.301]]], [[[-120.7408, 40.3012], [-120.7412, 40.3009], [-120.7408, 40.3009], [-120.7408, 40.3012]]], [[[-120.7391, 40.3012], [-120.7398, 40.3009], [-120.7391, 40.3009], [-120.7391, 40.3012]]], [[[-120.7768, 40.3007], [-120.7772, 40.3004], [-120.7768, 40.3004], [-120.7768, 40.3007]]], [[[-120.7444, 40.3009], [-120.7447, 40.3006], [-120.7443, 40.3006], [-120.7444, 40.3009]]], [[[-120.7387, 40.3012], [-120.7383, 40.3004], [-120.7373, 40.3004], [-120.7373, 40.3012], [-120.7387, 40.3012]]], [[[-120.7433, 40.3006], [-120.744, 40.3004], [-120.7433, 40.3004], [-120.7433, 40.3006]]], [[[-120.7362, 40.3007], [-120.7366, 40.3004], [-120.7362, 40.3004], [-120.7362, 40.3007]]], [[[-120.732, 40.301], [-120.7316, 40.3002], [-120.7313, 40.3002], [-120.7313, 40.301], [-120.732, 40.301]]], [[[-120.7419, 40.3004], [-120.7426, 40.3001], [-120.7419, 40.3001], [-120.7419, 40.3004]]], [[[-120.7366, 40.3004], [-120.7373, 40.3001], [-120.7366, 40.3001], [-120.7366, 40.3004]]], [[[-120.7786, 40.301], [-120.7786, 40.2996], [-120.7782, 40.2996], [-120.7779, 40.3002], [-120.7786, 40.301]]], [[[-120.7768, 40.2996], [-120.7772, 40.2999], [-120.7775, 40.2996], [-120.7768, 40.2996]]], [[[-120.7436, 40.3001], [-120.7443, 40.2998], [-120.7436, 40.2998], [-120.7436, 40.3001]]], [[[-120.7775, 40.2996], [-120.7779, 40.2993], [-120.7775, 40.2994], [-120.7775, 40.2996]]], [[[-120.7426, 40.2998], [-120.7433, 40.2996], [-120.7426, 40.2996], [-120.7426, 40.2998]]], [[[-120.7376, 40.2999], [-120.738, 40.2996], [-120.7376, 40.2996], [-120.7376, 40.2999]]], [[[-120.7454, 40.3001], [-120.7454, 40.2993], [-120.7447, 40.2993], [-120.7447, 40.2998], [-120.7454, 40.3001]]], [[[-120.7765, 40.2994], [-120.7768, 40.2991], [-120.7765, 40.2991], [-120.7765, 40.2994]]], [[[-120.7366, 40.2996], [-120.7373, 40.2991], [-120.7366, 40.2988], [-120.7366, 40.2996]]], [[[-120.7772, 40.2988], [-120.7775, 40.2985], [-120.7772, 40.2985], [-120.7772, 40.2988]]], [[[-120.7433, 40.299], [-120.7436, 40.2987], [-120.7433, 40.2988], [-120.7433, 40.299]]], [[[-120.7419, 40.2985], [-120.7422, 40.2979], [-120.7419, 40.2979], [-120.7419, 40.2985]]], [[[-120.7383, 40.2993], [-120.7387, 40.298], [-120.738, 40.2985], [-120.7369, 40.2982], [-120.7383, 40.2993]]], [[[-120.7334, 40.2983], [-120.7337, 40.298], [-120.7334, 40.298], [-120.7334, 40.2983]]], [[[-120.7426, 40.2974], [-120.7429, 40.2971], [-120.7425, 40.2971], [-120.7426, 40.2974]]], [[[-120.7418, 40.2974], [-120.7422, 40.2971], [-120.7418, 40.2971], [-120.7418, 40.2974]]], [[[-120.7422, 40.2971], [-120.7425, 40.2969], [-120.7422, 40.2969], [-120.7422, 40.2971]]], [[[-120.7369, 40.2969], [-120.7372, 40.2966], [-120.7369, 40.2966], [-120.7369, 40.2969]]], [[[-120.751, 40.2944], [-120.7513, 40.2941], [-120.751, 40.2941], [-120.751, 40.2944]]], [[[-120.733, 40.2942], [-120.7333, 40.2939], [-120.733, 40.294], [-120.733, 40.2942]]], [[[-120.7549, 40.2938], [-120.7552, 40.2935], [-120.7549, 40.2935], [-120.7549, 40.2938]]], [[[-120.7337, 40.2937], [-120.734, 40.2934], [-120.7337, 40.2934], [-120.7337, 40.2937]]], [[[-120.7542, 40.293], [-120.7545, 40.2927], [-120.7541, 40.2927], [-120.7542, 40.293]]], [[[-120.7319, 40.2931], [-120.7323, 40.2929], [-120.7319, 40.2929], [-120.7319, 40.2931]]], [[[-120.751, 40.2928], [-120.7513, 40.2925], [-120.751, 40.2925], [-120.751, 40.2928]]], [[[-120.7552, 40.293], [-120.7552, 40.2922], [-120.7548, 40.2922], [-120.7545, 40.2927], [-120.7552, 40.293]]], [[[-120.7421, 40.2925], [-120.7425, 40.2923], [-120.7421, 40.2923], [-120.7421, 40.2925]]], [[[-120.7545, 40.2922], [-120.7548, 40.2919], [-120.7545, 40.2919], [-120.7545, 40.2922]]], [[[-120.739, 40.2923], [-120.7393, 40.292], [-120.739, 40.292], [-120.739, 40.2923]]], [[[-120.7397, 40.2923], [-120.74, 40.2917], [-120.7397, 40.2917], [-120.7397, 40.2923]]], [[[-120.7337, 40.2926], [-120.7347, 40.2918], [-120.7337, 40.2918], [-120.7337, 40.2926]]], [[[-120.7548, 40.2919], [-120.7552, 40.2917], [-120.7548, 40.2917], [-120.7548, 40.2919]]], [[[-120.7379, 40.2915], [-120.7383, 40.2909], [-120.7379, 40.2909], [-120.7379, 40.2915]]], [[[-120.7541, 40.2911], [-120.7545, 40.2908], [-120.7541, 40.2909], [-120.7541, 40.2911]]], [[[-120.7432, 40.2912], [-120.7435, 40.2909], [-120.7432, 40.2909], [-120.7432, 40.2912]]], [[[-120.7386, 40.2912], [-120.739, 40.2909], [-120.7386, 40.2909], [-120.7386, 40.2912]]], [[[-120.7531, 40.2909], [-120.7534, 40.2906], [-120.7531, 40.2906], [-120.7531, 40.2909]]], [[[-120.7502, 40.2909], [-120.7506, 40.2906], [-120.7502, 40.2906], [-120.7502, 40.2909]]], [[[-120.7495, 40.2909], [-120.7499, 40.2906], [-120.7495, 40.2906], [-120.7495, 40.2909]]], [[[-120.7347, 40.291], [-120.7351, 40.2915], [-120.7365, 40.2907], [-120.7347, 40.291]]], [[[-120.7499, 40.2906], [-120.7502, 40.2903], [-120.7499, 40.2903], [-120.7499, 40.2906]]], [[[-120.7393, 40.2907], [-120.7397, 40.2904], [-120.7393, 40.2904], [-120.7393, 40.2907]]], [[[-120.7411, 40.2982], [-120.7418, 40.2977], [-120.7418, 40.2974], [-120.7408, 40.2971], [-120.7411, 40.2955], [-120.7425, 40.2955], [-120.7418, 40.2963], [-120.744, 40.2963], [-120.744, 40.2969], [-120.7454, 40.2974], [-120.7457, 40.2939], [-120.7464, 40.2944], [-120.7506, 40.2944], [-120.7506, 40.2941], [-120.7517, 40.2936], [-120.752, 40.2944], [-120.7545, 40.2944], [-120.7545, 40.2936], [-120.7534, 40.2933], [-120.7545, 40.2914], [-120.7541, 40.2914], [-120.7541, 40.2911], [-120.7538, 40.2909], [-120.7531, 40.2911], [-120.7531, 40.2909], [-120.7527, 40.2909], [-120.7531, 40.2903], [-120.7524, 40.2901], [-120.7513, 40.2903], [-120.7513, 40.2917], [-120.7503, 40.2925], [-120.7496, 40.292], [-120.7506, 40.2917], [-120.751, 40.2909], [-120.7503, 40.2914], [-120.7485, 40.2909], [-120.7478, 40.292], [-120.7464, 40.2925], [-120.7439, 40.292], [-120.7422, 40.2934], [-120.7414, 40.292], [-120.7425, 40.2917], [-120.7428, 40.2904], [-120.7411, 40.2904], [-120.7407, 40.2936], [-120.74, 40.2936], [-120.74, 40.2926], [-120.7386, 40.2931], [-120.7372, 40.292], [-120.7365, 40.292], [-120.7362, 40.2929], [-120.7337, 40.2929], [-120.7344, 40.2931], [-120.734, 40.2939], [-120.7358, 40.2939], [-120.7351, 40.2956], [-120.7358, 40.2969], [-120.7376, 40.2961], [-120.7373, 40.2974], [-120.738, 40.298], [-120.739, 40.2961], [-120.7397, 40.2961], [-120.7397, 40.2977], [-120.7411, 40.2982]], [[-120.7408, 40.2971], [-120.7404, 40.2974], [-120.7404, 40.2971], [-120.7408, 40.2971]], [[-120.745, 40.2958], [-120.7447, 40.2969], [-120.7443, 40.2952], [-120.745, 40.2958]], [[-120.7383, 40.2961], [-120.738, 40.2969], [-120.7379, 40.2961], [-120.7383, 40.2961]], [[-120.7387, 40.2958], [-120.7383, 40.2961], [-120.7383, 40.2958], [-120.7387, 40.2958]], [[-120.7376, 40.2958], [-120.7369, 40.2955], [-120.7372, 40.295], [-120.7376, 40.295], [-120.7376, 40.2958]], [[-120.7429, 40.2952], [-120.7425, 40.2955], [-120.7425, 40.2952], [-120.7429, 40.2952]], [[-120.7401, 40.295], [-120.7397, 40.2955], [-120.7397, 40.295], [-120.7401, 40.295]], [[-120.7418, 40.2952], [-120.7408, 40.2947], [-120.7422, 40.2934], [-120.7425, 40.2944], [-120.7418, 40.2952]], [[-120.745, 40.2947], [-120.7446, 40.295], [-120.7446, 40.2947], [-120.745, 40.2947]], [[-120.7379, 40.295], [-120.7369, 40.2939], [-120.7362, 40.2945], [-120.7362, 40.2937], [-120.7372, 40.2937], [-120.7379, 40.295]], [[-120.7439, 40.2944], [-120.7436, 40.2947], [-120.7436, 40.2944], [-120.7439, 40.2944]], [[-120.7436, 40.2942], [-120.7432, 40.2944], [-120.7432, 40.2942], [-120.7436, 40.2942]], [[-120.7538, 40.2936], [-120.7535, 40.2938], [-120.7535, 40.2936], [-120.7538, 40.2936]], [[-120.751, 40.2933], [-120.7503, 40.2938], [-120.7503, 40.2933], [-120.751, 40.2933]], [[-120.7475, 40.2939], [-120.746, 40.2936], [-120.7471, 40.2925], [-120.7478, 40.2925], [-120.7478, 40.2931], [-120.7467, 40.2931], [-120.7475, 40.2939]], [[-120.7492, 40.2933], [-120.7489, 40.2936], [-120.7489, 40.2933], [-120.7492, 40.2933]], [[-120.7376, 40.2937], [-120.7372, 40.2931], [-120.7383, 40.2931], [-120.7383, 40.2934], [-120.7376, 40.2937]], [[-120.7492, 40.2928], [-120.7485, 40.2933], [-120.7485, 40.2928], [-120.7492, 40.2928]], [[-120.7365, 40.2931], [-120.7362, 40.2934], [-120.7362, 40.2931], [-120.7365, 40.2931]], [[-120.7513, 40.293], [-120.751, 40.293], [-120.751, 40.2928], [-120.7506, 40.2925], [-120.752, 40.2922], [-120.7513, 40.293]], [[-120.7369, 40.2926], [-120.7365, 40.2931], [-120.7365, 40.2926], [-120.7369, 40.2926]], [[-120.7534, 40.2925], [-120.7531, 40.2927], [-120.7531, 40.2925], [-120.7534, 40.2925]], [[-120.7496, 40.2925], [-120.7492, 40.2928], [-120.7492, 40.2925], [-120.7496, 40.2925]], [[-120.7481, 40.2922], [-120.7478, 40.2925], [-120.7478, 40.2922], [-120.7481, 40.2922]], [[-120.7492, 40.2917], [-120.7488, 40.292], [-120.7488, 40.2917], [-120.7492, 40.2917]], [[-120.7538, 40.2914], [-120.7534, 40.2917], [-120.7534, 40.2914], [-120.7538, 40.2914]], [[-120.7524, 40.2914], [-120.7517, 40.2917], [-120.7517, 40.2914], [-120.7524, 40.2914]], [[-120.7495, 40.2914], [-120.7492, 40.2917], [-120.7492, 40.2914], [-120.7495, 40.2914]], [[-120.7421, 40.2907], [-120.7414, 40.2909], [-120.7414, 40.2907], [-120.7421, 40.2907]]], [[[-120.7548, 40.2903], [-120.7552, 40.29], [-120.7548, 40.29], [-120.7548, 40.2903]]], [[[-120.7502, 40.2903], [-120.7506, 40.2898], [-120.7502, 40.2898], [-120.7502, 40.2903]]], [[[-120.7418, 40.2901], [-120.7421, 40.2898], [-120.7418, 40.2898], [-120.7418, 40.2901]]], [[[-120.7365, 40.2901], [-120.7368, 40.2899], [-120.7365, 40.2899], [-120.7365, 40.2901]]], [[[-120.7375, 40.2901], [-120.7382, 40.2896], [-120.7379, 40.2896], [-120.7375, 40.2901]]], [[[-120.7516, 40.2898], [-120.752, 40.2895], [-120.7516, 40.2895], [-120.7516, 40.2898]]], [[[-120.74, 40.2899], [-120.7407, 40.289], [-120.7396, 40.289], [-120.74, 40.2899]]], [[[-120.7523, 40.2892], [-120.7531, 40.289], [-120.7523, 40.289], [-120.7523, 40.2892]]], [[[-120.7425, 40.2893], [-120.7428, 40.289], [-120.7425, 40.289], [-120.7425, 40.2893]]], [[[-120.7414, 40.2893], [-120.7418, 40.289], [-120.7414, 40.289], [-120.7414, 40.2893]]], [[[-120.7513, 40.289], [-120.7516, 40.2892], [-120.7523, 40.2887], [-120.7513, 40.289]]], [[[-120.7439, 40.2888], [-120.7446, 40.2885], [-120.7439, 40.2885], [-120.7439, 40.2888]]], [[[-120.7534, 40.2884], [-120.7541, 40.2884], [-120.7545, 40.2881], [-120.7534, 40.2884]]], [[[-120.7527, 40.2884], [-120.753, 40.2882], [-120.7527, 40.2882], [-120.7527, 40.2884]]], [[[-120.7421, 40.2885], [-120.7425, 40.2882], [-120.7421, 40.2882], [-120.7421, 40.2885]]], [[[-120.7534, 40.2882], [-120.7537, 40.2879], [-120.7534, 40.2879], [-120.7534, 40.2882]]], [[[-120.7545, 40.2879], [-120.7548, 40.2876], [-120.7544, 40.2876], [-120.7545, 40.2879]]], [[[-120.7548, 40.2873], [-120.7551, 40.2871], [-120.7548, 40.2871], [-120.7548, 40.2873]]], [[[-120.7456, 40.2874], [-120.7463, 40.2871], [-120.7456, 40.2871], [-120.7456, 40.2874]]], [[[-120.7457, 40.292], [-120.7478, 40.2906], [-120.7485, 40.2909], [-120.7492, 40.2898], [-120.7502, 40.2898], [-120.7523, 40.2876], [-120.7541, 40.2876], [-120.7537, 40.2865], [-120.752, 40.2876], [-120.7509, 40.2876], [-120.7513, 40.2871], [-120.7499, 40.2866], [-120.7488, 40.2882], [-120.7456, 40.2882], [-120.7456, 40.2874], [-120.7453, 40.2874], [-120.7435, 40.2915], [-120.745, 40.2914], [-120.7457, 40.292]], [[-120.7457, 40.2906], [-120.745, 40.2914], [-120.745, 40.2906], [-120.7457, 40.2906]], [[-120.7464, 40.2909], [-120.746, 40.2912], [-120.746, 40.2909], [-120.7464, 40.2909]], [[-120.7446, 40.2906], [-120.7442, 40.2909], [-120.7442, 40.2906], [-120.7446, 40.2906]], [[-120.7502, 40.2876], [-120.7499, 40.2882], [-120.7495, 40.2876], [-120.7502, 40.2876]]], [[[-120.7541, 40.2871], [-120.7548, 40.2868], [-120.7541, 40.2865], [-120.7541, 40.2871]]], [[[-120.752, 40.2868], [-120.7527, 40.2865], [-120.752, 40.2865], [-120.752, 40.2868]]], [[[-120.7509, 40.2868], [-120.7513, 40.2865], [-120.7509, 40.2865], [-120.7509, 40.2868]]], [[[-120.7491, 40.2868], [-120.7495, 40.2866], [-120.7491, 40.2866], [-120.7491, 40.2868]]], [[[-120.7488, 40.2876], [-120.7488, 40.2868], [-120.7467, 40.2866], [-120.7467, 40.2874], [-120.7488, 40.2876]]], [[[-120.7516, 40.2865], [-120.752, 40.2863], [-120.7516, 40.2863], [-120.7516, 40.2865]]], [[[-120.7506, 40.2866], [-120.7509, 40.2863], [-120.7506, 40.2863], [-120.7506, 40.2866]]], [[[-120.7573, 40.2868], [-120.7573, 40.2862], [-120.7558, 40.2862], [-120.7562, 40.2868], [-120.7573, 40.2868]]], [[[-120.7523, 40.2863], [-120.753, 40.286], [-120.7523, 40.2857], [-120.7523, 40.2863]]], [[[-120.7509, 40.286], [-120.7513, 40.2855], [-120.7509, 40.2855], [-120.7509, 40.286]]], [[[-120.7541, 40.286], [-120.7541, 40.2854], [-120.753, 40.2852], [-120.753, 40.2857], [-120.7541, 40.286]]], [[[-120.7498, 40.2863], [-120.7509, 40.2844], [-120.7495, 40.2841], [-120.7498, 40.2852], [-120.7488, 40.2858], [-120.7498, 40.2863]]], [[[-120.7558, 40.2822], [-120.7562, 40.2819], [-120.7558, 40.2819], [-120.7558, 40.2822]]], [[[-120.7505, 40.2822], [-120.7509, 40.282], [-120.7505, 40.282], [-120.7505, 40.2822]]], [[[-120.7583, 40.2806], [-120.7586, 40.2803], [-120.7583, 40.2803], [-120.7583, 40.2806]]], [[[-120.7688, 40.2797], [-120.7692, 40.2794], [-120.7688, 40.2794], [-120.7688, 40.2797]]], [[[-120.7674, 40.2797], [-120.7678, 40.2794], [-120.7674, 40.2794], [-120.7674, 40.2797]]], [[[-120.7597, 40.2797], [-120.76, 40.2795], [-120.7597, 40.2795], [-120.7597, 40.2797]]], [[[-120.7526, 40.2798], [-120.753, 40.2795], [-120.7526, 40.2795], [-120.7526, 40.2798]]], [[[-120.7667, 40.2794], [-120.7671, 40.2792], [-120.7667, 40.2792], [-120.7667, 40.2794]]], [[[-120.7748, 40.2791], [-120.7752, 40.2788], [-120.7748, 40.2788], [-120.7748, 40.2791]]], [[[-120.7685, 40.2791], [-120.7688, 40.2789], [-120.7685, 40.2789], [-120.7685, 40.2791]]], [[[-120.7515, 40.2793], [-120.7519, 40.279], [-120.7515, 40.279], [-120.7515, 40.2793]]], [[[-120.7755, 40.2788], [-120.7759, 40.2786], [-120.7755, 40.2786], [-120.7755, 40.2788]]], [[[-120.7674, 40.2789], [-120.7678, 40.2786], [-120.7674, 40.2786], [-120.7674, 40.2789]]], [[[-120.76, 40.2789], [-120.7604, 40.2787], [-120.76, 40.2787], [-120.76, 40.2789]]], [[[-120.7752, 40.2786], [-120.7755, 40.2783], [-120.7752, 40.2783], [-120.7752, 40.2786]]], [[[-120.7826, 40.2782], [-120.7829, 40.278], [-120.7826, 40.278], [-120.7826, 40.2782]]], [[[-120.7699, 40.2783], [-120.7702, 40.2781], [-120.7699, 40.2781], [-120.7699, 40.2783]]], [[[-120.766, 40.2781], [-120.7663, 40.2778], [-120.766, 40.2778], [-120.766, 40.2781]]], [[[-120.7642, 40.2778], [-120.7646, 40.2781], [-120.7649, 40.2778], [-120.7642, 40.2778]]], [[[-120.7607, 40.2781], [-120.7611, 40.2778], [-120.7607, 40.2778], [-120.7607, 40.2781]]], [[[-120.7709, 40.2778], [-120.7713, 40.2775], [-120.7709, 40.2775], [-120.7709, 40.2778]]], [[[-120.7632, 40.2778], [-120.7639, 40.2776], [-120.7632, 40.2776], [-120.7632, 40.2778]]], [[[-120.7646, 40.2776], [-120.7649, 40.2773], [-120.7646, 40.2773], [-120.7646, 40.2776]]], [[[-120.761, 40.2776], [-120.7614, 40.2773], [-120.761, 40.2773], [-120.761, 40.2776]]], [[[-120.7692, 40.2773], [-120.7699, 40.277], [-120.7692, 40.277], [-120.7692, 40.2773]]], [[[-120.7642, 40.2773], [-120.7646, 40.277], [-120.7642, 40.277], [-120.7642, 40.2773]]], [[[-120.7635, 40.2773], [-120.7639, 40.2767], [-120.7635, 40.2767], [-120.7635, 40.2773]]], [[[-120.7709, 40.2767], [-120.7713, 40.2764], [-120.7709, 40.2764], [-120.7709, 40.2767]]], [[[-120.7681, 40.2767], [-120.7684, 40.2764], [-120.7681, 40.2764], [-120.7681, 40.2767]]], [[[-120.7663, 40.2765], [-120.7667, 40.2762], [-120.7663, 40.2762], [-120.7663, 40.2765]]], [[[-120.7681, 40.2764], [-120.7677, 40.2759], [-120.767, 40.2759], [-120.7674, 40.2765], [-120.7681, 40.2764]]], [[[-120.761, 40.2762], [-120.7617, 40.2759], [-120.761, 40.276], [-120.761, 40.2762]]], [[[-120.7635, 40.2757], [-120.7638, 40.2754], [-120.7635, 40.2754], [-120.7635, 40.2757]]], [[[-120.7607, 40.2757], [-120.761, 40.2751], [-120.7607, 40.2751], [-120.7607, 40.2757]]], [[[-120.7522, 40.2755], [-120.7526, 40.2752], [-120.7522, 40.2752], [-120.7522, 40.2755]]], [[[-120.7649, 40.2762], [-120.7649, 40.2754], [-120.7638, 40.2746], [-120.7642, 40.2762], [-120.7649, 40.2762]]], [[[-120.7526, 40.2752], [-120.7533, 40.2746], [-120.7529, 40.2747], [-120.7526, 40.2752]]], [[[-120.767, 40.2748], [-120.7674, 40.2746], [-120.767, 40.2746], [-120.767, 40.2748]]], [[[-120.766, 40.2748], [-120.7663, 40.2746], [-120.766, 40.2746], [-120.766, 40.2748]]], [[[-120.754, 40.2752], [-120.754, 40.2746], [-120.7543, 40.2744], [-120.7536, 40.2744], [-120.754, 40.2752]]], [[[-120.755, 40.2744], [-120.7554, 40.2741], [-120.755, 40.2741], [-120.755, 40.2744]]], [[[-120.7543, 40.2744], [-120.7547, 40.2741], [-120.7543, 40.2741], [-120.7543, 40.2744]]], [[[-120.7547, 40.2741], [-120.755, 40.2738], [-120.7547, 40.2738], [-120.7547, 40.2741]]], [[[-120.7674, 40.2738], [-120.7677, 40.2735], [-120.7674, 40.2735], [-120.7674, 40.2738]]], [[[-120.7663, 40.2738], [-120.7667, 40.2735], [-120.7663, 40.2735], [-120.7663, 40.2738]]], [[[-120.7621, 40.2738], [-120.7624, 40.2735], [-120.7621, 40.2735], [-120.7621, 40.2738]]], [[[-120.755, 40.2738], [-120.7554, 40.2736], [-120.755, 40.2736], [-120.755, 40.2738]]], [[[-120.7667, 40.2735], [-120.7674, 40.2729], [-120.767, 40.2729], [-120.7667, 40.2735]]], [[[-120.7659, 40.2732], [-120.7663, 40.2729], [-120.7659, 40.273], [-120.7659, 40.2732]]], [[[-120.7554, 40.2733], [-120.7561, 40.273], [-120.7554, 40.273], [-120.7554, 40.2733]]], [[[-120.7564, 40.2733], [-120.7568, 40.2727], [-120.7564, 40.2727], [-120.7564, 40.2733]]], [[[-120.7621, 40.273], [-120.7624, 40.2727], [-120.7621, 40.2727], [-120.7621, 40.273]]], [[[-120.7543, 40.273], [-120.755, 40.2727], [-120.7543, 40.2728], [-120.7543, 40.273]]], [[[-120.7617, 40.2724], [-120.7624, 40.2722], [-120.7617, 40.2719], [-120.7617, 40.2724]]], [[[-120.7568, 40.2725], [-120.7575, 40.2719], [-120.7571, 40.2719], [-120.7568, 40.2725]]], [[[-120.7561, 40.2722], [-120.7564, 40.2719], [-120.7561, 40.2719], [-120.7561, 40.2722]]], [[[-120.7575, 40.2714], [-120.7578, 40.2711], [-120.7575, 40.2711], [-120.7575, 40.2714]]], [[[-120.7578, 40.2711], [-120.7582, 40.2708], [-120.7578, 40.2708], [-120.7578, 40.2711]]], [[[-120.7567, 40.2711], [-120.7571, 40.2708], [-120.7567, 40.2708], [-120.7567, 40.2711]]], [[[-120.7543, 40.2711], [-120.7546, 40.2709], [-120.7543, 40.2709], [-120.7543, 40.2711]]], [[[-120.7589, 40.2711], [-120.7592, 40.2706], [-120.7589, 40.2706], [-120.7589, 40.2711]]], [[[-120.756, 40.2711], [-120.7557, 40.2706], [-120.755, 40.2706], [-120.7553, 40.2711], [-120.756, 40.2711]]], [[[-120.767, 40.2708], [-120.7673, 40.2705], [-120.767, 40.2705], [-120.767, 40.2708]]], [[[-120.7564, 40.2708], [-120.7567, 40.2706], [-120.7564, 40.2706], [-120.7564, 40.2708]]], [[[-120.7666, 40.2705], [-120.767, 40.2702], [-120.7666, 40.2702], [-120.7666, 40.2705]]], [[[-120.7631, 40.2703], [-120.7634, 40.27], [-120.7631, 40.27], [-120.7631, 40.2703]]], [[[-120.7617, 40.2703], [-120.762, 40.27], [-120.7617, 40.27], [-120.7617, 40.2703]]], [[[-120.7592, 40.2703], [-120.7596, 40.27], [-120.7592, 40.27], [-120.7592, 40.2703]]], [[[-120.768, 40.2697], [-120.7684, 40.2694], [-120.768, 40.2694], [-120.768, 40.2697]]], [[[-120.7652, 40.2697], [-120.7655, 40.2694], [-120.7652, 40.2694], [-120.7652, 40.2697]]], [[[-120.7539, 40.2695], [-120.7546, 40.2692], [-120.7539, 40.2692], [-120.7539, 40.2695]]], [[[-120.7691, 40.2692], [-120.7694, 40.2689], [-120.7691, 40.2689], [-120.7691, 40.2692]]], [[[-120.768, 40.2692], [-120.7684, 40.2689], [-120.768, 40.2689], [-120.768, 40.2692]]], [[[-120.7557, 40.2692], [-120.756, 40.269], [-120.7557, 40.269], [-120.7557, 40.2692]]], [[[-120.7722, 40.2689], [-120.7729, 40.2686], [-120.7722, 40.2686], [-120.7722, 40.2689]]], [[[-120.7677, 40.2692], [-120.7677, 40.2683], [-120.7669, 40.2681], [-120.767, 40.2686], [-120.7677, 40.2692]]], [[[-120.7701, 40.2683], [-120.7705, 40.2681], [-120.7701, 40.2681], [-120.7701, 40.2683]]], [[[-120.7705, 40.2681], [-120.7708, 40.2678], [-120.7705, 40.2678], [-120.7705, 40.2681]]], [[[-120.7666, 40.2681], [-120.7669, 40.2678], [-120.7666, 40.2678], [-120.7666, 40.2681]]], [[[-120.7581, 40.2681], [-120.7588, 40.2679], [-120.7581, 40.2679], [-120.7581, 40.2681]]], [[[-120.7571, 40.2681], [-120.7574, 40.2679], [-120.7571, 40.2679], [-120.7571, 40.2681]]], [[[-120.7595, 40.2684], [-120.7595, 40.2676], [-120.7592, 40.2676], [-120.7588, 40.2684], [-120.7595, 40.2684]]], [[[-120.7726, 40.2678], [-120.7729, 40.2675], [-120.7726, 40.2675], [-120.7726, 40.2678]]], [[[-120.7708, 40.2678], [-120.7715, 40.2675], [-120.7708, 40.2675], [-120.7708, 40.2678]]], [[[-120.7602, 40.2679], [-120.7606, 40.2676], [-120.7602, 40.2676], [-120.7602, 40.2679]]], [[[-120.7549, 40.2679], [-120.7553, 40.2676], [-120.7549, 40.2676], [-120.7549, 40.2679]]], [[[-120.7715, 40.2675], [-120.7719, 40.2672], [-120.7715, 40.2672], [-120.7715, 40.2675]]], [[[-120.7588, 40.2676], [-120.7592, 40.2673], [-120.7588, 40.2673], [-120.7588, 40.2676]]], [[[-120.7666, 40.2673], [-120.7669, 40.2667], [-120.7666, 40.2667], [-120.7666, 40.2673]]], [[[-120.7662, 40.2665], [-120.7666, 40.2662], [-120.7662, 40.2662], [-120.7662, 40.2665]]], [[[-120.7687, 40.2683], [-120.7705, 40.2678], [-120.7694, 40.267], [-120.7701, 40.2659], [-120.7687, 40.2665], [-120.7687, 40.2678], [-120.7669, 40.2673], [-120.7687, 40.2683]], [[-120.7694, 40.2675], [-120.7691, 40.2678], [-120.7691, 40.2675], [-120.7694, 40.2675]]], [[[-120.7616, 40.2662], [-120.7623, 40.266], [-120.7616, 40.266], [-120.7616, 40.2662]]], [[[-120.7736, 40.2664], [-120.774, 40.2656], [-120.7736, 40.2656], [-120.7736, 40.2664]]], [[[-120.7641, 40.2659], [-120.7645, 40.2657], [-120.7641, 40.2657], [-120.7641, 40.2659]]], [[[-120.7687, 40.2656], [-120.769, 40.2654], [-120.7687, 40.2654], [-120.7687, 40.2656]]], [[[-120.7652, 40.2657], [-120.7655, 40.2654], [-120.7652, 40.2654], [-120.7652, 40.2657]]], [[[-120.7676, 40.2667], [-120.768, 40.2662], [-120.768, 40.2651], [-120.7669, 40.2659], [-120.7676, 40.2667]]], [[[-120.7648, 40.2654], [-120.7652, 40.2651], [-120.7648, 40.2651], [-120.7648, 40.2654]]], [[[-120.7609, 40.2654], [-120.7613, 40.2651], [-120.7609, 40.2651], [-120.7609, 40.2654]]], [[[-120.7613, 40.2651], [-120.7616, 40.2649], [-120.7613, 40.2649], [-120.7613, 40.2651]]], [[[-120.7493, 40.2649], [-120.7496, 40.2641], [-120.7489, 40.2641], [-120.7493, 40.2649]]], [[[-120.7475, 40.2644], [-120.7479, 40.2641], [-120.7475, 40.2642], [-120.7475, 40.2644]]], [[[-120.7609, 40.2641], [-120.7613, 40.2638], [-120.7609, 40.2638], [-120.7609, 40.2641]]], [[[-120.7602, 40.2638], [-120.7605, 40.2633], [-120.7602, 40.2633], [-120.7602, 40.2638]]], [[[-120.762, 40.2635], [-120.7623, 40.2632], [-120.762, 40.2633], [-120.762, 40.2635]]], [[[-120.7725, 40.2635], [-120.7729, 40.2629], [-120.7725, 40.2629], [-120.7725, 40.2635]]], [[[-120.7478, 40.2633], [-120.7482, 40.2631], [-120.7478, 40.2631], [-120.7478, 40.2633]]], [[[-120.7722, 40.2632], [-120.7722, 40.2626], [-120.7715, 40.2627], [-120.7715, 40.2629], [-120.7722, 40.2632]]], [[[-120.762, 40.263], [-120.7623, 40.2627], [-120.762, 40.2627], [-120.762, 40.263]]], [[[-120.7697, 40.2627], [-120.7701, 40.2624], [-120.7697, 40.2624], [-120.7697, 40.2627]]], [[[-120.7486, 40.2639], [-120.7496, 40.2633], [-120.7492, 40.2622], [-120.7485, 40.2623], [-120.7486, 40.2639]]], [[[-120.7598, 40.2625], [-120.7605, 40.2627], [-120.7605, 40.2622], [-120.7598, 40.2625]]], [[[-120.7616, 40.2622], [-120.7619, 40.2619], [-120.7616, 40.2619], [-120.7616, 40.2622]]], [[[-120.7475, 40.2623], [-120.7478, 40.262], [-120.7475, 40.262], [-120.7475, 40.2623]]], [[[-120.7824, 40.2618], [-120.7831, 40.2615], [-120.7824, 40.2615], [-120.7824, 40.2618]]], [[[-120.7764, 40.2618], [-120.7775, 40.2615], [-120.7764, 40.2615], [-120.7764, 40.2618]]], [[[-120.7708, 40.2618], [-120.7711, 40.2616], [-120.7708, 40.2616], [-120.7708, 40.2618]]], [[[-120.7686, 40.2619], [-120.769, 40.2616], [-120.7686, 40.2616], [-120.7686, 40.2619]]], [[[-120.7482, 40.2623], [-120.7485, 40.2614], [-120.7482, 40.2614], [-120.7482, 40.2623]]], [[[-120.7806, 40.2618], [-120.782, 40.2615], [-120.7806, 40.2612], [-120.7806, 40.2618]]], [[[-120.7612, 40.2619], [-120.7609, 40.2614], [-120.7602, 40.2616], [-120.7602, 40.2619], [-120.7612, 40.2619]]], [[[-120.7669, 40.2616], [-120.7672, 40.2613], [-120.7669, 40.2613], [-120.7669, 40.2616]]], [[[-120.7803, 40.2618], [-120.7796, 40.261], [-120.7785, 40.2613], [-120.7789, 40.2618], [-120.7803, 40.2618]]], [[[-120.776, 40.2615], [-120.776, 40.261], [-120.775, 40.2613], [-120.775, 40.2616], [-120.776, 40.2615]]], [[[-120.769, 40.2613], [-120.7693, 40.261], [-120.769, 40.261], [-120.769, 40.2613]]], [[[-120.7478, 40.2612], [-120.7482, 40.2609], [-120.7478, 40.2609], [-120.7478, 40.2612]]], [[[-120.77, 40.261], [-120.7707, 40.2605], [-120.77, 40.2605], [-120.77, 40.261]]], [[[-120.7725, 40.2613], [-120.7729, 40.2608], [-120.7722, 40.2602], [-120.7718, 40.2608], [-120.7725, 40.2613]]], [[[-120.7743, 40.2607], [-120.7743, 40.2602], [-120.7736, 40.2602], [-120.7736, 40.2605], [-120.7743, 40.2607]]], [[[-120.7633, 40.2605], [-120.7637, 40.2603], [-120.7633, 40.2603], [-120.7633, 40.2605]]], [[[-120.7545, 40.2603], [-120.7549, 40.2601], [-120.7545, 40.2601], [-120.7545, 40.2603]]], [[[-120.7609, 40.2608], [-120.7609, 40.26], [-120.7602, 40.2598], [-120.7602, 40.2608], [-120.7609, 40.2608]]], [[[-120.7729, 40.2605], [-120.7736, 40.2599], [-120.7729, 40.2597], [-120.7729, 40.2605]]], [[[-120.7785, 40.2602], [-120.7796, 40.2596], [-120.7778, 40.2594], [-120.7785, 40.2602]]], [[[-120.7595, 40.2598], [-120.7598, 40.2592], [-120.7594, 40.2592], [-120.7595, 40.2598]]], [[[-120.7471, 40.2598], [-120.7478, 40.2593], [-120.7475, 40.2593], [-120.7471, 40.2598]]], [[[-120.7591, 40.2592], [-120.7594, 40.2589], [-120.7591, 40.2589], [-120.7591, 40.2592]]], [[[-120.7594, 40.2589], [-120.7598, 40.2587], [-120.7594, 40.2587], [-120.7594, 40.2589]]], [[[-120.7792, 40.2591], [-120.7788, 40.258], [-120.7767, 40.258], [-120.7771, 40.2586], [-120.7792, 40.2591]]], [[[-120.7693, 40.2583], [-120.7697, 40.2581], [-120.7693, 40.2581], [-120.7693, 40.2583]]], [[[-120.7566, 40.2584], [-120.757, 40.2582], [-120.7566, 40.2582], [-120.7566, 40.2584]]], [[[-120.7633, 40.2584], [-120.7633, 40.2578], [-120.7612, 40.2579], [-120.7612, 40.2584], [-120.7633, 40.2584]]], [[[-120.7601, 40.2584], [-120.7598, 40.2579], [-120.7584, 40.2579], [-120.7591, 40.2584], [-120.7601, 40.2584]]], [[[-120.7757, 40.258], [-120.7767, 40.2578], [-120.7757, 40.2578], [-120.7757, 40.258]]], [[[-120.7746, 40.258], [-120.775, 40.2578], [-120.7746, 40.2578], [-120.7746, 40.258]]], [[[-120.7735, 40.258], [-120.7742, 40.2578], [-120.7735, 40.2578], [-120.7735, 40.258]]], [[[-120.7714, 40.2581], [-120.7718, 40.2578], [-120.7714, 40.2578], [-120.7714, 40.2581]]], [[[-120.7683, 40.2581], [-120.769, 40.2578], [-120.7682, 40.2578], [-120.7683, 40.2581]]], [[[-120.7658, 40.2581], [-120.7661, 40.2578], [-120.7658, 40.2578], [-120.7658, 40.2581]]], [[[-120.7637, 40.2581], [-120.764, 40.2578], [-120.7637, 40.2578], [-120.7637, 40.2581]]], [[[-120.757, 40.2582], [-120.7577, 40.2579], [-120.757, 40.2579], [-120.757, 40.2582]]], [[[-120.7552, 40.2582], [-120.7556, 40.2579], [-120.7552, 40.2579], [-120.7552, 40.2582]]], [[[-120.7482, 40.259], [-120.7485, 40.2579], [-120.7474, 40.2577], [-120.7471, 40.259], [-120.7482, 40.259]]], [[[-120.7513, 40.2574], [-120.7517, 40.2571], [-120.7513, 40.2571], [-120.7513, 40.2574]]], [[[-120.7506, 40.2574], [-120.751, 40.2571], [-120.7506, 40.2571], [-120.7506, 40.2574]]], [[[-120.752, 40.2571], [-120.7524, 40.2568], [-120.752, 40.2568], [-120.752, 40.2571]]]]}, "properties": {"layer": "high_severity"}}, {"type": "Feature", "geometry": {"type": "MultiPolygon", "coordinates": [[[[-120.7151, 40.377], [-120.7158, 40.3764], [-120.7158, 40.3748], [-120.7133, 40.3756], [-120.7137, 40.3767], [-120.7151, 40.377]]], [[[-120.732, 40.3707], [-120.7323, 40.3704], [-120.732, 40.3704], [-120.732, 40.3707]]], [[[-120.7232, 40.374], [-120.7253, 40.3731], [-120.7242, 40.3729], [-120.7232, 40.3713], [-120.7235, 40.3699], [-120.7221, 40.3699], [-120.72, 40.3724], [-120.7228, 40.3723], [-120.7232, 40.374]]], [[[-120.732, 40.3701], [-120.7323, 40.3699], [-120.732, 40.3699], [-120.732, 40.3701]]], [[[-120.732, 40.3696], [-120.7323, 40.3693], [-120.732, 40.3693], [-120.732, 40.3696]]], [[[-120.7375, 40.3552], [-120.7378, 40.355], [-120.7375, 40.355], [-120.7375, 40.3552]]], [[[-120.7368, 40.3547], [-120.7375, 40.3544], [-120.7368, 40.3544], [-120.7368, 40.3547]]], [[[-120.7361, 40.3547], [-120.7364, 40.3544], [-120.7361, 40.3544], [-120.7361, 40.3547]]], [[[-120.6693, 40.3537], [-120.6704, 40.3548], [-120.6704, 40.3535], [-120.6693, 40.3537]]], [[[-120.6626, 40.3538], [-120.6629, 40.3535], [-120.6626, 40.3535], [-120.6626, 40.3538]]], [[[-120.6707, 40.3527], [-120.6711, 40.3524], [-120.6707, 40.3524], [-120.6707, 40.3527]]], [[[-120.7629, 40.351], [-120.7636, 40.3508], [-120.7629, 40.3508], [-120.7629, 40.351]]], [[[-120.6682, 40.3513], [-120.6686, 40.351], [-120.6682, 40.351], [-120.6682, 40.3513]]], [[[-120.7636, 40.3505], [-120.7639, 40.3502], [-120.7636, 40.3502], [-120.7636, 40.3505]]], [[[-120.6891, 40.3509], [-120.6894, 40.3507], [-120.6891, 40.3507], [-120.6891, 40.3509]]], [[[-120.718, 40.3505], [-120.7187, 40.35], [-120.7177, 40.35], [-120.718, 40.3505]]], [[[-120.6821, 40.3569], [-120.6831, 40.3561], [-120.6845, 40.3564], [-120.6849, 40.3547], [-120.6884, 40.3526], [-120.6873, 40.3517], [-120.6869, 40.3499], [-120.6852, 40.351], [-120.6827, 40.3512], [-120.682, 40.3518], [-120.6824, 40.3529], [-120.6813, 40.3537], [-120.6792, 40.3529], [-120.6788, 40.3518], [-120.6795, 40.351], [-120.6781, 40.3499], [-120.6749, 40.3518], [-120.676, 40.3532], [-120.6743, 40.3543], [-120.6746, 40.3548], [-120.6764, 40.3548], [-120.676, 40.354], [-120.6774, 40.3532], [-120.6785, 40.354], [-120.6781, 40.3545], [-120.6803, 40.3545], [-120.6803, 40.3558], [-120.6821, 40.3569]]], [[[-120.7208, 40.3502], [-120.7208, 40.3494], [-120.7201, 40.3494], [-120.7198, 40.3502], [-120.7208, 40.3502]]], [[[-120.7667, 40.3489], [-120.7671, 40.3486], [-120.7667, 40.3486], [-120.7667, 40.3489]]], [[[-120.7664, 40.3486], [-120.7667, 40.3483], [-120.7664, 40.3483], [-120.7664, 40.3486]]], [[[-120.7205, 40.3491], [-120.7205, 40.3483], [-120.7194, 40.3483], [-120.7194, 40.3486], [-120.7205, 40.3491]]], [[[-120.7667, 40.3483], [-120.7671, 40.348], [-120.7667, 40.348], [-120.7667, 40.3483]]], [[[-120.6714, 40.3508], [-120.6732, 40.3502], [-120.6735, 40.3489], [-120.6696, 40.3486], [-120.6714, 40.3508]]], [[[-120.7537, 40.3468], [-120.754, 40.3465], [-120.7536, 40.3465], [-120.7537, 40.3468]]], [[[-120.6389, 40.3474], [-120.6392, 40.3471], [-120.6389, 40.3471], [-120.6389, 40.3474]]], [[[-120.6816, 40.3469], [-120.682, 40.3466], [-120.6816, 40.3466], [-120.6816, 40.3469]]], [[[-120.7448, 40.3474], [-120.7448, 40.346], [-120.7441, 40.346], [-120.7438, 40.3466], [-120.7448, 40.3474]]], [[[-120.7505, 40.3495], [-120.7505, 40.3479], [-120.7526, 40.3479], [-120.7537, 40.347], [-120.7537, 40.3468], [-120.7533, 40.3465], [-120.7526, 40.3465], [-120.7515, 40.3452], [-120.7491, 40.3457], [-120.7491, 40.3468], [-120.7476, 40.3468], [-120.747, 40.3484], [-120.7459, 40.3487], [-120.7463, 40.3495], [-120.7477, 40.3487], [-120.7487, 40.3495], [-120.7505, 40.3495]], [[-120.7491, 40.3476], [-120.7487, 40.3479], [-120.7487, 40.3476], [-120.7491, 40.3476]]], [[[-120.7127, 40.3462], [-120.7127, 40.3457], [-120.7116, 40.3454], [-120.7116, 40.3459], [-120.7127, 40.3462]]], [[[-120.6572, 40.3465], [-120.6565, 40.3457], [-120.6558, 40.3457], [-120.6562, 40.3465], [-120.6572, 40.3465]]], [[[-120.7046, 40.3463], [-120.7053, 40.346], [-120.7053, 40.3454], [-120.7042, 40.3457], [-120.7046, 40.3463]]], [[[-120.6996, 40.346], [-120.6993, 40.3455], [-120.6985, 40.3455], [-120.6989, 40.346], [-120.6996, 40.346]]], [[[-120.6449, 40.346], [-120.6452, 40.3458], [-120.6449, 40.3458], [-120.6449, 40.346]]], [[[-120.6452, 40.3458], [-120.6456, 40.3452], [-120.6452, 40.3452], [-120.6452, 40.3458]]], [[[-120.718, 40.3446], [-120.7183, 40.3443], [-120.718, 40.3443], [-120.718, 40.3446]]], [[[-120.6879, 40.3447], [-120.6883, 40.3445], [-120.6879, 40.3445], [-120.6879, 40.3447]]], [[[-120.6805, 40.3448], [-120.6809, 40.3445], [-120.6805, 40.3445], [-120.6805, 40.3448]]], [[[-120.6459, 40.3452], [-120.6459, 40.3444], [-120.6452, 40.3444], [-120.6452, 40.345], [-120.6459, 40.3452]]], [[[-120.6809, 40.3445], [-120.6816, 40.3442], [-120.6809, 40.344], [-120.6809, 40.3445]]], [[[-120.7533, 40.3438], [-120.7536, 40.3435], [-120.7533, 40.3435], [-120.7533, 40.3438]]], [[[-120.7437, 40.3439], [-120.7441, 40.3436], [-120.7437, 40.3436], [-120.7437, 40.3439]]], [[[-120.6834, 40.345], [-120.6833, 40.3439], [-120.6819, 40.3439], [-120.6819, 40.3445], [-120.6834, 40.345]]], [[[-120.6449, 40.3444], [-120.6452, 40.3441], [-120.6449, 40.3441], [-120.6449, 40.3444]]], [[[-120.6417, 40.3444], [-120.642, 40.3442], [-120.6417, 40.3442], [-120.6417, 40.3444]]], [[[-120.642, 40.3442], [-120.6424, 40.3439], [-120.642, 40.3439], [-120.642, 40.3442]]], [[[-120.7335, 40.3453], [-120.7335, 40.3431], [-120.7328, 40.3428], [-120.7317, 40.3439], [-120.7335, 40.3453]]], [[[-120.677, 40.3434], [-120.6773, 40.3432], [-120.677, 40.3432], [-120.677, 40.3434]]], [[[-120.6244, 40.3437], [-120.6251, 40.3434], [-120.6244, 40.3432], [-120.6244, 40.3437]]], [[[-120.7596, 40.3427], [-120.76, 40.3424], [-120.7596, 40.3424], [-120.7596, 40.3427]]], [[[-120.7473, 40.3428], [-120.7476, 40.3425], [-120.7473, 40.3425], [-120.7473, 40.3428]]], [[[-120.7363, 40.3434], [-120.7367, 40.3426], [-120.7352, 40.3426], [-120.7352, 40.3428], [-120.7363, 40.3434]]], [[[-120.6332, 40.3447], [-120.6336, 40.3442], [-120.6328, 40.3429], [-120.6321, 40.3439], [-120.6332, 40.3447]]], [[[-120.636, 40.3439], [-120.636, 40.3426], [-120.6353, 40.3426], [-120.635, 40.3439], [-120.636, 40.3439]]], [[[-120.7405, 40.3423], [-120.7409, 40.342], [-120.7405, 40.342], [-120.7405, 40.3423]]], [[[-120.7388, 40.3425], [-120.7395, 40.342], [-120.7391, 40.3415], [-120.7381, 40.342], [-120.7388, 40.3425]]], [[[-120.6353, 40.3423], [-120.6357, 40.342], [-120.6353, 40.342], [-120.6353, 40.3423]]], [[[-120.6576, 40.3443], [-120.6572, 40.3422], [-120.6565, 40.3417], [-120.6547, 40.3433], [-120.6576, 40.3443]]], [[[-120.6787, 40.3418], [-120.6794, 40.3415], [-120.6787, 40.3415], [-120.6787, 40.3418]]], [[[-120.6812, 40.3415], [-120.6816, 40.3412], [-120.6812, 40.3412], [-120.6812, 40.3415]]], [[[-120.6356, 40.3418], [-120.6356, 40.3412], [-120.6346, 40.3415], [-120.6346, 40.3418], [-120.6356, 40.3418]]], [[[-120.6837, 40.3415], [-120.6833, 40.3407], [-120.6823, 40.3412], [-120.6823, 40.3415], [-120.6837, 40.3415]]], [[[-120.6808, 40.3413], [-120.6808, 40.3407], [-120.6801, 40.3407], [-120.6801, 40.341], [-120.6808, 40.3413]]], [[[-120.7084, 40.3408], [-120.7087, 40.3406], [-120.7084, 40.3406], [-120.7084, 40.3408]]], [[[-120.6773, 40.3407], [-120.6777, 40.341], [-120.678, 40.3407], [-120.6773, 40.3407]]], [[[-120.7091, 40.3408], [-120.7094, 40.34], [-120.7091, 40.34], [-120.7091, 40.3408]]], [[[-120.7656, 40.3402], [-120.7656, 40.3397], [-120.7649, 40.3397], [-120.7649, 40.3399], [-120.7656, 40.3402]]], [[[-120.6491, 40.3417], [-120.6505, 40.3409], [-120.6505, 40.3403], [-120.6487, 40.3406], [-120.6491, 40.3417]]], [[[-120.7405, 40.342], [-120.7402, 40.3396], [-120.7398, 40.3396], [-120.7391, 40.3398], [-120.7398, 40.3406], [-120.7395, 40.3417], [-120.7405, 40.342]]], [[[-120.6801, 40.3404], [-120.6808, 40.3399], [-120.6805, 40.3399], [-120.6801, 40.3404]]], [[[-120.6494, 40.3403], [-120.6501, 40.3401], [-120.6494, 40.3401], [-120.6494, 40.3403]]], [[[-120.6469, 40.3417], [-120.6484, 40.3417], [-120.6483, 40.3401], [-120.6448, 40.3401], [-120.6448, 40.3409], [-120.6462, 40.3406], [-120.6462, 40.3412], [-120.6473, 40.3412], [-120.6469, 40.3417]], [[-120.6476, 40.3409], [-120.6473, 40.3412], [-120.6473, 40.3409], [-120.6476, 40.3409]]], [[[-120.6801, 40.3396], [-120.6805, 40.3394], [-120.6801, 40.3394], [-120.6801, 40.3396]]], [[[-120.7137, 40.3405], [-120.714, 40.3397], [-120.7126, 40.3389], [-120.7123, 40.3397], [-120.7137, 40.3405]]], [[[-120.731, 40.3396], [-120.7306, 40.3388], [-120.7299, 40.3388], [-120.7303, 40.3396], [-120.731, 40.3396]]], [[[-120.6251, 40.3432], [-120.6251, 40.3415], [-120.6257, 40.3394], [-120.624, 40.3413], [-120.6251, 40.3432]]], [[[-120.7366, 40.339], [-120.7373, 40.3388], [-120.7366, 40.3388], [-120.7366, 40.339]]], [[[-120.7373, 40.3385], [-120.7377, 40.3382], [-120.7373, 40.3382], [-120.7373, 40.3385]]], [[[-120.7338, 40.3407], [-120.7359, 40.339], [-120.7345, 40.3377], [-120.7345, 40.3393], [-120.7335, 40.3399], [-120.7338, 40.3407]]], [[[-120.6614, 40.3414], [-120.6653, 40.3411], [-120.6653, 40.34], [-120.6664, 40.3394], [-120.6649, 40.3381], [-120.66, 40.3406], [-120.6614, 40.3414]]], [[[-120.7599, 40.3386], [-120.7613, 40.3389], [-120.7617, 40.3375], [-120.7599, 40.3386]]], [[[-120.7352, 40.338], [-120.7355, 40.3377], [-120.7352, 40.3377], [-120.7352, 40.338]]], [[[-120.6257, 40.3394], [-120.6271, 40.3383], [-120.6257, 40.338], [-120.6257, 40.3394]]], [[[-120.7408, 40.3379], [-120.7416, 40.3377], [-120.7408, 40.3374], [-120.7408, 40.3379]]], [[[-120.6505, 40.3401], [-120.6512, 40.339], [-120.6526, 40.3387], [-120.6519, 40.3376], [-120.6505, 40.3384], [-120.6505, 40.3401]]], [[[-120.7525, 40.3373], [-120.7532, 40.337], [-120.7525, 40.3371], [-120.7525, 40.3373]]], [[[-120.7762, 40.3391], [-120.7761, 40.3366], [-120.7754, 40.3366], [-120.7744, 40.3385], [-120.7762, 40.3391]]], [[[-120.7656, 40.3367], [-120.7659, 40.3364], [-120.7656, 40.3364], [-120.7656, 40.3367]]], [[[-120.6437, 40.3374], [-120.6441, 40.3371], [-120.6437, 40.3371], [-120.6437, 40.3374]]], [[[-120.7659, 40.3364], [-120.7663, 40.3362], [-120.7659, 40.3362], [-120.7659, 40.3364]]], [[[-120.6847, 40.3369], [-120.685, 40.3366], [-120.6847, 40.3366], [-120.6847, 40.3369]]], [[[-120.6444, 40.3369], [-120.6448, 40.3366], [-120.6444, 40.3366], [-120.6444, 40.3369]]], [[[-120.7479, 40.3411], [-120.7476, 40.3395], [-120.7493, 40.3395], [-120.7504, 40.3379], [-120.7525, 40.3373], [-120.7497, 40.3368], [-120.7493, 40.3357], [-120.7458, 40.3363], [-120.7447, 40.3355], [-120.7437, 40.336], [-120.7433, 40.3382], [-120.7416, 40.3382], [-120.7416, 40.339], [-120.7433, 40.339], [-120.7444, 40.3398], [-120.7455, 40.3398], [-120.7455, 40.3395], [-120.7458, 40.3395], [-120.7469, 40.3403], [-120.7465, 40.3409], [-120.7479, 40.3411]], [[-120.7462, 40.3393], [-120.7458, 40.3395], [-120.7458, 40.3393], [-120.7462, 40.3393]], [[-120.7486, 40.339], [-120.7476, 40.339], [-120.7472, 40.3382], [-120.7483, 40.3371], [-120.7497, 40.3379], [-120.7486, 40.339]]], [[[-120.6219, 40.3389], [-120.6222, 40.337], [-120.6215, 40.3362], [-120.6201, 40.3378], [-120.6219, 40.3389]]], [[[-120.7122, 40.3381], [-120.7119, 40.3368], [-120.7129, 40.3359], [-120.7115, 40.3354], [-120.7119, 40.3359], [-120.7101, 40.3362], [-120.7094, 40.3376], [-120.7122, 40.3381]]], [[[-120.6458, 40.3366], [-120.6458, 40.336], [-120.6448, 40.3358], [-120.6448, 40.3366], [-120.6458, 40.3366]]], [[[-120.6614, 40.3362], [-120.6617, 40.3357], [-120.6614, 40.3357], [-120.6614, 40.3362]]], [[[-120.6211, 40.3362], [-120.6215, 40.3356], [-120.6211, 40.3356], [-120.6211, 40.3362]]], [[[-120.6875, 40.3369], [-120.6893, 40.3363], [-120.6893, 40.335], [-120.6875, 40.3353], [-120.6875, 40.3369]]], [[[-120.7119, 40.3351], [-120.7122, 40.3349], [-120.7119, 40.3349], [-120.7119, 40.3351]]], [[[-120.6967, 40.3352], [-120.697, 40.3349], [-120.6967, 40.3349], [-120.6967, 40.3352]]], [[[-120.6847, 40.3364], [-120.6843, 40.3358], [-120.6854, 40.335], [-120.6833, 40.3358], [-120.6847, 40.3364]]], [[[-120.7581, 40.3346], [-120.7585, 40.3343], [-120.7581, 40.3343], [-120.7581, 40.3346]]], [[[-120.6423, 40.3352], [-120.6427, 40.335], [-120.6423, 40.335], [-120.6423, 40.3352]]], [[[-120.631, 40.3353], [-120.6314, 40.335], [-120.631, 40.335], [-120.631, 40.3353]]], [[[-120.6215, 40.3353], [-120.6222, 40.3351], [-120.6215, 40.3351], [-120.6215, 40.3353]]], [[[-120.6758, 40.3345], [-120.6773, 40.3348], [-120.6769, 40.3342], [-120.6758, 40.3345]]], [[[-120.6437, 40.3347], [-120.6441, 40.3344], [-120.6437, 40.3344], [-120.6437, 40.3347]]], [[[-120.7119, 40.3343], [-120.7122, 40.3338], [-120.7119, 40.3338], [-120.7119, 40.3343]]], [[[-120.6222, 40.3348], [-120.6236, 40.3348], [-120.6236, 40.3343], [-120.6222, 40.3348]]], [[[-120.7341, 40.3334], [-120.7348, 40.3331], [-120.7341, 40.3331], [-120.7341, 40.3334]]], [[[-120.7578, 40.3346], [-120.7581, 40.3338], [-120.7567, 40.3327], [-120.757, 40.3338], [-120.756, 40.3346], [-120.7578, 40.3346]]], [[[-120.7669, 40.3335], [-120.7673, 40.3326], [-120.7669, 40.3326], [-120.7669, 40.3335]]], [[[-120.7316, 40.3337], [-120.7334, 40.3331], [-120.7316, 40.3329], [-120.7316, 40.3337]]], [[[-120.7348, 40.3328], [-120.7351, 40.3326], [-120.7348, 40.3326], [-120.7348, 40.3328]]], [[[-120.7316, 40.3326], [-120.732, 40.3323], [-120.7316, 40.3323], [-120.7316, 40.3326]]], [[[-120.6702, 40.3329], [-120.6705, 40.3327], [-120.6702, 40.3327], [-120.6702, 40.3329]]], [[[-120.6705, 40.3327], [-120.6709, 40.3324], [-120.6705, 40.3324], [-120.6705, 40.3327]]], [[[-120.7351, 40.3326], [-120.7362, 40.332], [-120.7351, 40.3318], [-120.7351, 40.3326]]], [[[-120.6702, 40.3324], [-120.6705, 40.3321], [-120.6702, 40.3321], [-120.6702, 40.3324]]], [[[-120.6564, 40.3325], [-120.6568, 40.3322], [-120.6564, 40.3322], [-120.6564, 40.3325]]], [[[-120.7058, 40.3322], [-120.7062, 40.3317], [-120.7058, 40.3317], [-120.7058, 40.3322]]], [[[-120.6384, 40.332], [-120.6387, 40.3317], [-120.6384, 40.3318], [-120.6384, 40.332]]], [[[-120.6282, 40.3323], [-120.6281, 40.3315], [-120.6278, 40.3315], [-120.6274, 40.3323], [-120.6282, 40.3323]]], [[[-120.7457, 40.3336], [-120.7461, 40.3322], [-120.7482, 40.3325], [-120.7482, 40.3314], [-120.7468, 40.3306], [-120.7457, 40.3314], [-120.7443, 40.3312], [-120.7429, 40.3331], [-120.7457, 40.3336]]], [[[-120.7334, 40.331], [-120.7337, 40.3307], [-120.7334, 40.3307], [-120.7334, 40.331]]], [[[-120.6271, 40.3321], [-120.6271, 40.3315], [-120.626, 40.331], [-120.6257, 40.3318], [-120.6271, 40.3321]]], [[[-120.7026, 40.3303], [-120.703, 40.3301], [-120.7026, 40.3301], [-120.7026, 40.3303]]], [[[-120.6571, 40.3325], [-120.6592, 40.3316], [-120.6589, 40.33], [-120.6581, 40.33], [-120.6582, 40.3314], [-120.6567, 40.3317], [-120.6568, 40.3322], [-120.6571, 40.3322], [-120.6571, 40.3325]], [[-120.6575, 40.3319], [-120.6571, 40.3322], [-120.6571, 40.3319], [-120.6575, 40.3319]]], [[[-120.695, 40.345], [-120.6961, 40.3444], [-120.6957, 40.3436], [-120.6968, 40.3425], [-120.6996, 40.3428], [-120.702, 40.3417], [-120.7024, 40.3409], [-120.7038, 40.3409], [-120.7056, 40.3395], [-120.7055, 40.3384], [-120.7073, 40.3379], [-120.7055, 40.3373], [-120.7052, 40.3365], [-120.7059, 40.3357], [-120.7073, 40.3357], [-120.7076, 40.3349], [-120.7062, 40.3335], [-120.7041, 40.3336], [-120.7041, 40.3317], [-120.7027, 40.3319], [-120.7026, 40.3314], [-120.7016, 40.3314], [-120.7016, 40.3309], [-120.7026, 40.3309], [-120.7026, 40.3303], [-120.7023, 40.3301], [-120.7009, 40.3303], [-120.6998, 40.3298], [-120.6995, 40.3312], [-120.696, 40.3331], [-120.6935, 40.3328], [-120.6935, 40.3304], [-120.6924, 40.3301], [-120.6924, 40.3312], [-120.6906, 40.3312], [-120.6903, 40.3317], [-120.691, 40.3323], [-120.6907, 40.3331], [-120.6921, 40.3323], [-120.6935, 40.3331], [-120.6921, 40.3342], [-120.6935, 40.3352], [-120.6932, 40.3374], [-120.691, 40.3371], [-120.6904, 40.3382], [-120.6882, 40.339], [-120.6868, 40.3385], [-120.6872, 40.3415], [-120.6883, 40.342], [-120.6879, 40.3442], [-120.6894, 40.3442], [-120.6908, 40.3428], [-120.6922, 40.3436], [-120.6936, 40.3425], [-120.695, 40.3436], [-120.695, 40.345]], [[-120.7041, 40.3384], [-120.7038, 40.3387], [-120.7038, 40.3384], [-120.7041, 40.3384]], [[-120.6974, 40.3379], [-120.6949, 40.3377], [-120.6939, 40.3355], [-120.6942, 40.3347], [-120.6956, 40.3344], [-120.6967, 40.3349], [-120.697, 40.3333], [-120.6991, 40.3336], [-120.7002, 40.3322], [-120.7019, 40.3322], [-120.7023, 40.3317], [-120.7023, 40.3322], [-120.7034, 40.3325], [-120.703, 40.3341], [-120.7006, 40.3344], [-120.6992, 40.3357], [-120.6984, 40.3355], [-120.6988, 40.3368], [-120.6974, 40.3379]], [[-120.7009, 40.3371], [-120.7002, 40.3376], [-120.7002, 40.3371], [-120.7009, 40.3371]], [[-120.6999, 40.3374], [-120.6992, 40.3371], [-120.6992, 40.3363], [-120.7002, 40.3363], [-120.6999, 40.3374]], [[-120.7027, 40.3368], [-120.7013, 40.336], [-120.7023, 40.3349], [-120.7037, 40.3357], [-120.7027, 40.3368]], [[-120.7048, 40.3363], [-120.7045, 40.3365], [-120.7045, 40.3363], [-120.7048, 40.3363]], [[-120.6995, 40.3317], [-120.6991, 40.3325], [-120.6988, 40.3317], [-120.6995, 40.3317]], [[-120.7002, 40.3311], [-120.6998, 40.3314], [-120.6998, 40.3311], [-120.7002, 40.3311]], [[-120.7002, 40.3306], [-120.6998, 40.3309], [-120.6998, 40.3306], [-120.7002, 40.3306]]], [[[-120.6394, 40.3304], [-120.6398, 40.3301], [-120.6394, 40.3301], [-120.6394, 40.3304]]], [[[-120.7139, 40.3305], [-120.7139, 40.33], [-120.7143, 40.3294], [-120.7125, 40.3303], [-120.7139, 40.3305]]], [[[-120.7362, 40.3296], [-120.7365, 40.3293], [-120.7362, 40.3293], [-120.7362, 40.3296]]], [[[-120.698, 40.3298], [-120.6984, 40.3295], [-120.698, 40.3295], [-120.698, 40.3298]]], [[[-120.6917, 40.3298], [-120.6924, 40.3296], [-120.6917, 40.3296], [-120.6917, 40.3298]]], [[[-120.6638, 40.33], [-120.6645, 40.3297], [-120.6638, 40.3297], [-120.6638, 40.33]]], [[[-120.6578, 40.33], [-120.6581, 40.3298], [-120.6578, 40.3298], [-120.6578, 40.33]]], [[[-120.6285, 40.3299], [-120.6288, 40.3296], [-120.6285, 40.3296], [-120.6285, 40.3299]]], [[[-120.6574, 40.3298], [-120.6574, 40.3292], [-120.6567, 40.3292], [-120.6567, 40.3295], [-120.6574, 40.3298]]], [[[-120.6677, 40.3294], [-120.668, 40.3292], [-120.6677, 40.3292], [-120.6677, 40.3294]]], [[[-120.6214, 40.3308], [-120.6221, 40.3302], [-120.6235, 40.3305], [-120.6239, 40.3294], [-120.6221, 40.3294], [-120.6211, 40.3302], [-120.6214, 40.3308]]], [[[-120.6927, 40.3288], [-120.6931, 40.3285], [-120.6927, 40.3285], [-120.6927, 40.3288]]], [[[-120.6278, 40.3288], [-120.6281, 40.3286], [-120.6278, 40.3286], [-120.6278, 40.3288]]], [[[-120.7687, 40.3307], [-120.7694, 40.3302], [-120.7693, 40.3275], [-120.7686, 40.3275], [-120.769, 40.3294], [-120.768, 40.3302], [-120.7687, 40.3307]]], [[[-120.656, 40.3281], [-120.6564, 40.3279], [-120.656, 40.3279], [-120.656, 40.3281]]], [[[-120.6553, 40.3282], [-120.6557, 40.3279], [-120.6553, 40.3279], [-120.6553, 40.3282]]], [[[-120.6998, 40.3282], [-120.7005, 40.3276], [-120.6987, 40.3274], [-120.6987, 40.3279], [-120.6998, 40.3282]]], [[[-120.7686, 40.3272], [-120.769, 40.327], [-120.7686, 40.327], [-120.7686, 40.3272]]], [[[-120.6295, 40.3296], [-120.6292, 40.3283], [-120.6278, 40.3275], [-120.6285, 40.3294], [-120.6295, 40.3296]]], [[[-120.698, 40.3274], [-120.6984, 40.3271], [-120.698, 40.3271], [-120.698, 40.3274]]], [[[-120.6977, 40.3304], [-120.6959, 40.3287], [-120.6977, 40.3268], [-120.6927, 40.3279], [-120.6934, 40.3288], [-120.6956, 40.3287], [-120.6959, 40.3304], [-120.6977, 40.3304]]], [[[-120.7213, 40.327], [-120.7224, 40.3267], [-120.7213, 40.3267], [-120.7213, 40.327]]], [[[-120.716, 40.3275], [-120.7164, 40.3267], [-120.7143, 40.327], [-120.7146, 40.3276], [-120.716, 40.3275]]], [[[-120.6694, 40.3273], [-120.6701, 40.327], [-120.6694, 40.327], [-120.6694, 40.3273]]], [[[-120.6267, 40.3272], [-120.627, 40.3269], [-120.6267, 40.3269], [-120.6267, 40.3272]]], [[[-120.6701, 40.327], [-120.6705, 40.3264], [-120.6701, 40.3265], [-120.6701, 40.327]]], [[[-120.627, 40.3272], [-120.6274, 40.3275], [-120.6285, 40.3269], [-120.6285, 40.3264], [-120.6281, 40.3267], [-120.6274, 40.3264], [-120.627, 40.3272]]], [[[-120.6345, 40.3266], [-120.6352, 40.3264], [-120.6345, 40.3264], [-120.6345, 40.3266]]], [[[-120.6814, 40.3272], [-120.6821, 40.3264], [-120.6828, 40.3267], [-120.6828, 40.3261], [-120.6818, 40.3258], [-120.6807, 40.3267], [-120.6814, 40.3272]]], [[[-120.6736, 40.3264], [-120.674, 40.3259], [-120.6729, 40.3254], [-120.6705, 40.3256], [-120.6705, 40.3264], [-120.6736, 40.3264]]], [[[-120.6281, 40.3264], [-120.6281, 40.3259], [-120.6274, 40.3256], [-120.6274, 40.3261], [-120.6281, 40.3264]]], [[[-120.7855, 40.3244], [-120.7859, 40.3242], [-120.7855, 40.3242], [-120.7855, 40.3244]]], [[[-120.7873, 40.3247], [-120.7884, 40.3233], [-120.7859, 40.3233], [-120.7859, 40.3242], [-120.7873, 40.3247]]], [[[-120.7753, 40.3258], [-120.7764, 40.3242], [-120.7774, 40.3234], [-120.7742, 40.3237], [-120.7743, 40.325], [-120.7753, 40.3258]]], [[[-120.686, 40.3231], [-120.6863, 40.3229], [-120.686, 40.3229], [-120.686, 40.3231]]], [[[-120.6285, 40.3275], [-120.6316, 40.3267], [-120.6341, 40.3266], [-120.6341, 40.3253], [-120.6358, 40.3239], [-120.6376, 40.325], [-120.6387, 40.3228], [-120.627, 40.3229], [-120.6281, 40.3242], [-120.6291, 40.3242], [-120.6295, 40.3234], [-120.6295, 40.3245], [-120.6313, 40.3256], [-120.6302, 40.3267], [-120.6284, 40.3259], [-120.6292, 40.3267], [-120.6285, 40.3275]], [[-120.6323, 40.3253], [-120.632, 40.3256], [-120.632, 40.3253], [-120.6323, 40.3253]], [[-120.6309, 40.3242], [-120.6298, 40.3242], [-120.6298, 40.324], [-120.6305, 40.3237], [-120.6309, 40.3242]], [[-120.632, 40.3237], [-120.6316, 40.324], [-120.6316, 40.3237], [-120.632, 40.3237]]], [[[-120.6863, 40.3229], [-120.6867, 40.3226], [-120.6863, 40.3226], [-120.6863, 40.3229]]], [[[-120.6388, 40.3412], [-120.6392, 40.3399], [-120.6399, 40.3398], [-120.6388, 40.3388], [-120.6391, 40.3377], [-120.6406, 40.3374], [-120.642, 40.3379], [-120.6416, 40.3385], [-120.6437, 40.3379], [-120.6437, 40.3374], [-120.642, 40.3366], [-120.6423, 40.3352], [-120.6416, 40.3352], [-120.6409, 40.3361], [-120.6398, 40.3358], [-120.6398, 40.3331], [-120.6416, 40.3331], [-120.6416, 40.335], [-120.6434, 40.3347], [-120.6433, 40.3333], [-120.6448, 40.3328], [-120.6469, 40.3328], [-120.6469, 40.3325], [-120.6472, 40.3325], [-120.6476, 40.3331], [-120.6472, 40.3336], [-120.649, 40.3349], [-120.6539, 40.333], [-120.6543, 40.3311], [-120.6553, 40.3306], [-120.6546, 40.3295], [-120.6539, 40.3298], [-120.6543, 40.329], [-120.6535, 40.329], [-120.6535, 40.3284], [-120.655, 40.3287], [-120.6549, 40.3279], [-120.6535, 40.3276], [-120.6542, 40.3263], [-120.656, 40.3263], [-120.6564, 40.3276], [-120.6567, 40.3276], [-120.6571, 40.3279], [-120.6567, 40.3287], [-120.6574, 40.329], [-120.6588, 40.3279], [-120.6588, 40.3257], [-120.6616, 40.3249], [-120.6616, 40.3227], [-120.6605, 40.3227], [-120.6609, 40.3233], [-120.6599, 40.3241], [-120.6588, 40.3238], [-120.6588, 40.3227], [-120.6574, 40.3227], [-120.6585, 40.3252], [-120.6571, 40.3263], [-120.6514, 40.3228], [-120.6485, 40.3228], [-120.6471, 40.3236], [-120.645, 40.3231], [-120.6429, 40.3247], [-120.6433, 40.3252], [-120.6412, 40.3255], [-120.6401, 40.3272], [-120.6408, 40.328], [-120.6398, 40.328], [-120.6401, 40.3307], [-120.6394, 40.3307], [-120.6394, 40.3304], [-120.6387, 40.3304], [-120.6377, 40.3312], [-120.6387, 40.3301], [-120.638, 40.3293], [-120.6394, 40.3299], [-120.6394, 40.3277], [-120.6384, 40.3282], [-120.6384, 40.3291], [-120.6362, 40.3293], [-120.6363, 40.3312], [-120.6356, 40.331], [-120.6352, 40.3323], [-120.6356, 40.3334], [-120.6345, 40.3339], [-120.6352, 40.3347], [-120.6345, 40.3364], [-120.6356, 40.3369], [-120.6346, 40.3377], [-120.6353, 40.3385], [-120.6349, 40.3399], [-120.636, 40.3404], [-120.6356, 40.3412], [-120.6374, 40.3404], [-120.6388, 40.3412]], [[-120.6409, 40.3369], [-120.6406, 40.3371], [-120.6406, 40.3369], [-120.6409, 40.3369]], [[-120.6374, 40.3366], [-120.6367, 40.3366], [-120.6367, 40.3358], [-120.6381, 40.3353], [-120.6374, 40.3366]], [[-120.6388, 40.335], [-120.6384, 40.3353], [-120.6384, 40.335], [-120.6388, 40.335]], [[-120.6374, 40.3345], [-120.6363, 40.3353], [-120.6366, 40.3345], [-120.6374, 40.3345]], [[-120.6384, 40.3342], [-120.6381, 40.335], [-120.6381, 40.3342], [-120.6384, 40.3342]], [[-120.6384, 40.3336], [-120.6381, 40.3339], [-120.6381, 40.3336], [-120.6384, 40.3336]], [[-120.6373, 40.3334], [-120.637, 40.3336], [-120.637, 40.3334], [-120.6373, 40.3334]], [[-120.6388, 40.3331], [-120.6384, 40.3334], [-120.6384, 40.3331], [-120.6388, 40.3331]], [[-120.6515, 40.333], [-120.6493, 40.3325], [-120.6504, 40.3306], [-120.6522, 40.3317], [-120.6515, 40.333]], [[-120.6486, 40.333], [-120.6476, 40.3331], [-120.6476, 40.3328], [-120.6483, 40.3325], [-120.6486, 40.333]], [[-120.6384, 40.3328], [-120.638, 40.3331], [-120.638, 40.3328], [-120.6384, 40.3328]], [[-120.6373, 40.3331], [-120.6366, 40.3331], [-120.637, 40.3326], [-120.6363, 40.3323], [-120.6373, 40.3323], [-120.6373, 40.3331]], [[-120.6363, 40.3328], [-120.6359, 40.3331], [-120.6359, 40.3328], [-120.6363, 40.3328]], [[-120.6387, 40.3326], [-120.6384, 40.3328], [-120.6384, 40.3326], [-120.6387, 40.3326]], [[-120.6476, 40.3322], [-120.6472, 40.3325], [-120.6472, 40.3322], [-120.6476, 40.3322]], [[-120.6391, 40.3317], [-120.6387, 40.3326], [-120.6387, 40.3323], [-120.6384, 40.3323], [-120.6384, 40.332], [-120.638, 40.332], [-120.6387, 40.3309], [-120.6401, 40.3315], [-120.6391, 40.3317]], [[-120.6486, 40.332], [-120.6476, 40.3322], [-120.6476, 40.332], [-120.6486, 40.332]], [[-120.6476, 40.332], [-120.6469, 40.3317], [-120.6469, 40.3312], [-120.6476, 40.3314], [-120.6476, 40.332]], [[-120.6377, 40.3312], [-120.6373, 40.332], [-120.6373, 40.3312], [-120.6377, 40.3312]], [[-120.6454, 40.3306], [-120.6451, 40.3317], [-120.6451, 40.3306], [-120.6454, 40.3306]], [[-120.6536, 40.3309], [-120.6529, 40.3309], [-120.6528, 40.3301], [-120.6532, 40.3301], [-120.6536, 40.3309]], [[-120.6437, 40.3304], [-120.6433, 40.3309], [-120.6433, 40.3304], [-120.6437, 40.3304]], [[-120.6423, 40.3307], [-120.6416, 40.3309], [-120.6416, 40.3307], [-120.6423, 40.3307]], [[-120.6518, 40.3306], [-120.6514, 40.3301], [-120.6525, 40.3298], [-120.6518, 40.3287], [-120.6525, 40.3284], [-120.6535, 40.3295], [-120.6518, 40.3306]], [[-120.6504, 40.3303], [-120.65, 40.3306], [-120.65, 40.3303], [-120.6504, 40.3303]], [[-120.6412, 40.3304], [-120.6408, 40.3307], [-120.6408, 40.3304], [-120.6412, 40.3304]], [[-120.6511, 40.3301], [-120.6507, 40.3303], [-120.6507, 40.3301], [-120.6511, 40.3301]], [[-120.6518, 40.3295], [-120.6514, 40.3298], [-120.6514, 40.3295], [-120.6518, 40.3295]], [[-120.6493, 40.329], [-120.649, 40.3293], [-120.649, 40.329], [-120.6493, 40.329]], [[-120.6486, 40.3287], [-120.6482, 40.329], [-120.6482, 40.3287], [-120.6486, 40.3287]], [[-120.6415, 40.3288], [-120.6405, 40.329], [-120.6405, 40.3288], [-120.6415, 40.3288]], [[-120.6532, 40.3284], [-120.6528, 40.3287], [-120.6528, 40.3284], [-120.6532, 40.3284]], [[-120.6429, 40.3285], [-120.6426, 40.3288], [-120.6426, 40.3285], [-120.6429, 40.3285]], [[-120.6419, 40.3285], [-120.6415, 40.3288], [-120.6415, 40.3285], [-120.6419, 40.3285]], [[-120.6391, 40.3285], [-120.6387, 40.3288], [-120.6387, 40.3285], [-120.6391, 40.3285]], [[-120.6433, 40.3279], [-120.6426, 40.3282], [-120.6426, 40.3279], [-120.6433, 40.3279]], [[-120.6571, 40.3273], [-120.6567, 40.3276], [-120.6567, 40.3273], [-120.6571, 40.3273]], [[-120.6436, 40.3274], [-120.6433, 40.3277], [-120.6433, 40.3274], [-120.6436, 40.3274]], [[-120.6535, 40.3268], [-120.6528, 40.3271], [-120.6528, 40.3268], [-120.6535, 40.3268]], [[-120.6525, 40.3265], [-120.6521, 40.3271], [-120.6518, 40.3265], [-120.6525, 40.3265]], [[-120.6511, 40.3268], [-120.6493, 40.3258], [-120.6493, 40.3244], [-120.6514, 40.3247], [-120.6524, 40.3241], [-120.6532, 40.3249], [-120.6542, 40.3249], [-120.6532, 40.3255], [-120.6535, 40.326], [-120.6525, 40.326], [-120.6511, 40.3268]], [[-120.6535, 40.3263], [-120.6532, 40.3265], [-120.6532, 40.3263], [-120.6535, 40.3263]], [[-120.6415, 40.3261], [-120.6412, 40.3266], [-120.6412, 40.3261], [-120.6415, 40.3261]], [[-120.6546, 40.3257], [-120.6539, 40.326], [-120.6539, 40.3257], [-120.6546, 40.3257]], [[-120.6436, 40.3258], [-120.6433, 40.3261], [-120.6433, 40.3258], [-120.6436, 40.3258]], [[-120.6493, 40.3236], [-120.6489, 40.3239], [-120.6489, 40.3236], [-120.6493, 40.3236]]], [[[-120.7412, 40.305], [-120.7419, 40.3047], [-120.7412, 40.3047], [-120.7412, 40.305]]], [[[-120.7447, 40.305], [-120.7437, 40.3042], [-120.7423, 40.3047], [-120.7423, 40.305], [-120.7447, 40.305]]], [[[-120.7486, 40.3036], [-120.7497, 40.303], [-120.7496, 40.3011], [-120.7468, 40.3012], [-120.7468, 40.3031], [-120.7486, 40.3036]]], [[[-120.7397, 40.2945], [-120.7397, 40.2939], [-120.7386, 40.2939], [-120.7386, 40.2945], [-120.7397, 40.2945]]], [[[-120.7524, 40.2936], [-120.7527, 40.2933], [-120.7524, 40.2933], [-120.7524, 40.2936]]], [[[-120.745, 40.2939], [-120.745, 40.2931], [-120.7436, 40.2933], [-120.7436, 40.2936], [-120.745, 40.2939]]], [[[-120.745, 40.2931], [-120.7453, 40.2928], [-120.745, 40.2928], [-120.745, 40.2931]]], [[[-120.7478, 40.2904], [-120.7481, 40.2895], [-120.7499, 40.2887], [-120.7456, 40.289], [-120.7457, 40.2901], [-120.7478, 40.2904]]]]}, "properties": {"layer": "interior"}}, {"type": "Feature", "geometry": {"type": "MultiPolygon", "coordinates": [[[[-120.6789, 40.3545], [-120.6785, 40.3531], [-120.6774, 40.3532], [-120.6785, 40.354], [-120.6781, 40.3545], [-120.6789, 40.3545]]], [[[-120.6764, 40.3548], [-120.676, 40.354], [-120.6774, 40.3532], [-120.6767, 40.3521], [-120.676, 40.3521], [-120.6757, 40.3537], [-120.6743, 40.3543], [-120.6746, 40.3548], [-120.6764, 40.3548]]], [[[-120.6244, 40.3437], [-120.6247, 40.3432], [-120.6244, 40.3432], [-120.6244, 40.3437]]]]}, "properties": {"layer": "cell", "cell_id": "771_4000", "seed_zone": "771", "elevation_band": "4000–4500 ft"}}, {"type": "Feature", "geometry": {"type": "MultiPolygon", "coordinates": [[[[-120.6693, 40.3537], [-120.6704, 40.3548], [-120.6704, 40.3535], [-120.6693, 40.3537]]], [[[-120.6626, 40.3538], [-120.6629, 40.3535], [-120.6626, 40.3535], [-120.6626, 40.3538]]], [[[-120.6707, 40.3527], [-120.6711, 40.3524], [-120.6707, 40.3524], [-120.6707, 40.3527]]], [[[-120.6682, 40.3513], [-120.6686, 40.351], [-120.6682, 40.351], [-120.6682, 40.3513]]], [[[-120.6891, 40.3509], [-120.6894, 40.3507], [-120.6891, 40.3507], [-120.6891, 40.3509]]], [[[-120.718, 40.3505], [-120.7187, 40.35], [-120.7177, 40.35], [-120.718, 40.3505]]], [[[-120.6821, 40.3569], [-120.6831, 40.3561], [-120.6845, 40.3564], [-120.6849, 40.3547], [-120.6877, 40.3534], [-120.6884, 40.3526], [-120.6873, 40.3517], [-120.6876, 40.3509], [-120.6827, 40.3512], [-120.682, 40.3534], [-120.681, 40.3537], [-120.6792, 40.3529], [-120.6788, 40.3518], [-120.6795, 40.351], [-120.6781, 40.3499], [-120.6763, 40.3505], [-120.6749, 40.3524], [-120.676, 40.3526], [-120.6767, 40.3521], [-120.6774, 40.3532], [-120.6785, 40.3531], [-120.6789, 40.3545], [-120.6803, 40.3545], [-120.6803, 40.3558], [-120.6821, 40.3569]]], [[[-120.7198, 40.3502], [-120.7205, 40.3497], [-120.7201, 40.3497], [-120.7198, 40.3502]]], [[[-120.6714, 40.3508], [-120.6732, 40.3502], [-120.6735, 40.3489], [-120.6696, 40.3486], [-120.6714, 40.3508]]], [[[-120.6389, 40.3474], [-120.6392, 40.3471], [-120.6389, 40.3471], [-120.6389, 40.3474]]], [[[-120.712, 40.3462], [-120.7127, 40.3459], [-120.712, 40.3459], [-120.712, 40.3462]]], [[[-120.6572, 40.3465], [-120.6565, 40.3457], [-120.6558, 40.3457], [-120.6562, 40.3465], [-120.6572, 40.3465]]], [[[-120.6449, 40.346], [-120.6452, 40.3458], [-120.6449, 40.3458], [-120.6449, 40.346]]], [[[-120.6452, 40.3458], [-120.6456, 40.3452], [-120.6452, 40.3452], [-120.6452, 40.3458]]], [[[-120.6459, 40.3452], [-120.6459, 40.3444], [-120.6452, 40.3444], [-120.6452, 40.345], [-120.6459, 40.3452]]], [[[-120.6449, 40.3444], [-120.6452, 40.3441], [-120.6449, 40.3441], [-120.6449, 40.3444]]], [[[-120.6417, 40.3444], [-120.642, 40.3442], [-120.6417, 40.3442], [-120.6417, 40.3444]]], [[[-120.642, 40.3442], [-120.6424, 40.3439], [-120.642, 40.3439], [-120.642, 40.3442]]], [[[-120.677, 40.3434], [-120.6773, 40.3432], [-120.677, 40.3432], [-120.677, 40.3434]]], [[[-120.6247, 40.3437], [-120.6251, 40.3434], [-120.6247, 40.3434], [-120.6247, 40.3437]]], [[[-120.6332, 40.3447], [-120.6336, 40.3442], [-120.6328, 40.3429], [-120.6321, 40.3439], [-120.6332, 40.3447]]], [[[-120.636, 40.3439], [-120.636, 40.3426], [-120.6353, 40.3426], [-120.635, 40.3439], [-120.636, 40.3439]]], [[[-120.6353, 40.3423], [-120.6357, 40.342], [-120.6353, 40.342], [-120.6353, 40.3423]]], [[[-120.6576, 40.3443], [-120.6572, 40.3422], [-120.6565, 40.3417], [-120.6547, 40.3433], [-120.6576, 40.3443]]], [[[-120.6356, 40.3418], [-120.6356, 40.3412], [-120.6346, 40.3415], [-120.6346, 40.3418], [-120.6356, 40.3418]]], [[[-120.6491, 40.3417], [-120.6505, 40.3409], [-120.6505, 40.3403], [-120.6487, 40.3406], [-120.6491, 40.3417]]], [[[-120.6469, 40.3417], [-120.6484, 40.3417], [-120.6483, 40.3401], [-120.6469, 40.3401], [-120.6469, 40.3409], [-120.6462, 40.3409], [-120.6473, 40.3412], [-120.6469, 40.3417]], [[-120.6476, 40.3409], [-120.6473, 40.3412], [-120.6473, 40.3409], [-120.6476, 40.3409]]], [[[-120.6494, 40.3403], [-120.6501, 40.3401], [-120.6494, 40.3401], [-120.6494, 40.3403]]], [[[-120.6251, 40.3432], [-120.6251, 40.3415], [-120.6257, 40.3394], [-120.624, 40.3413], [-120.6251, 40.3432]]], [[[-120.6639, 40.3413], [-120.6653, 40.3405], [-120.6639, 40.3389], [-120.6621, 40.3392], [-120.66, 40.3406], [-120.6614, 40.3414], [-120.6639, 40.3413]]], [[[-120.6257, 40.3394], [-120.6271, 40.3383], [-120.6257, 40.338], [-120.6257, 40.3394]]], [[[-120.6505, 40.3401], [-120.6512, 40.339], [-120.6526, 40.3387], [-120.6519, 40.3376], [-120.6505, 40.3384], [-120.6505, 40.3401]]], [[[-120.6219, 40.3389], [-120.6222, 40.337], [-120.6215, 40.3362], [-120.6201, 40.3378], [-120.6219, 40.3389]]], [[[-120.6211, 40.3362], [-120.6215, 40.3356], [-120.6211, 40.3356], [-120.6211, 40.3362]]], [[[-120.631, 40.3353], [-120.6314, 40.335], [-120.631, 40.335], [-120.631, 40.3353]]], [[[-120.6215, 40.3353], [-120.6222, 40.3351], [-120.6215, 40.3351], [-120.6215, 40.3353]]], [[[-120.6222, 40.3348], [-120.6236, 40.3348], [-120.6236, 40.3343], [-120.6222, 40.3348]]], [[[-120.6388, 40.3412], [-120.6392, 40.3399], [-120.6399, 40.3398], [-120.6388, 40.3382], [-120.6406, 40.3371], [-120.6391, 40.3358], [-120.6367, 40.3366], [-120.637, 40.3355], [-120.6352, 40.3337], [-120.6345, 40.3339], [-120.6352, 40.3347], [-120.6345, 40.3364], [-120.6356, 40.3369], [-120.6346, 40.3377], [-120.6353, 40.3385], [-120.6349, 40.3399], [-120.636, 40.3404], [-120.6356, 40.3412], [-120.6374, 40.3404], [-120.6388, 40.3412]]], [[[-120.6282, 40.3323], [-120.6281, 40.3315], [-120.6278, 40.3315], [-120.6274, 40.3323], [-120.6282, 40.3323]]], [[[-120.6271, 40.3321], [-120.6271, 40.3315], [-120.626, 40.331], [-120.6257, 40.3318], [-120.6271, 40.3321]]], [[[-120.6285, 40.3299], [-120.6288, 40.3296], [-120.6285, 40.3296], [-120.6285, 40.3299]]], [[[-120.6278, 40.3288], [-120.6281, 40.3286], [-120.6278, 40.3286], [-120.6278, 40.3288]]], [[[-120.6295, 40.3296], [-120.6295, 40.3288], [-120.6281, 40.3275], [-120.6278, 40.3283], [-120.6285, 40.3286], [-120.6285, 40.3294], [-120.6295, 40.3296]]], [[[-120.6299, 40.3275], [-120.6295, 40.3269], [-120.6285, 40.3272], [-120.6285, 40.3275], [-120.6299, 40.3275]]], [[[-120.6309, 40.3272], [-120.6309, 40.3264], [-120.6302, 40.3264], [-120.6299, 40.3272], [-120.6309, 40.3272]]]]}, "properties": {"layer": "cell", "cell_id": "771_4500", "seed_zone": "771", "elevation_band": "4500–5000 ft"}}, {"type": "Feature", "geometry": {"type": "MultiPolygon", "coordinates": [[[[-120.7151, 40.377], [-120.7158, 40.3764], [-120.7158, 40.3748], [-120.7133, 40.3756], [-120.7137, 40.3767], [-120.7151, 40.377]]], [[[-120.7232, 40.374], [-120.7253, 40.3734], [-120.7232, 40.3713], [-120.72, 40.3718], [-120.7204, 40.3726], [-120.7228, 40.3723], [-120.7232, 40.374]]], [[[-120.732, 40.3707], [-120.7323, 40.3704], [-120.732, 40.3704], [-120.732, 40.3707]]], [[[-120.732, 40.3701], [-120.7323, 40.3699], [-120.732, 40.3699], [-120.732, 40.3701]]], [[[-120.732, 40.3696], [-120.7323, 40.3693], [-120.732, 40.3693], [-120.732, 40.3696]]], [[[-120.7375, 40.3552], [-120.7378, 40.355], [-120.7375, 40.355], [-120.7375, 40.3552]]], [[[-120.7368, 40.3547], [-120.7375, 40.3544], [-120.7368, 40.3544], [-120.7368, 40.3547]]], [[[-120.7361, 40.3547], [-120.7364, 40.3544], [-120.7361, 40.3544], [-120.7361, 40.3547]]], [[[-120.7629, 40.351], [-120.7636, 40.3508], [-120.7629, 40.3508], [-120.7629, 40.351]]], [[[-120.7636, 40.3505], [-120.7639, 40.3502], [-120.7636, 40.3502], [-120.7636, 40.3505]]], [[[-120.6873, 40.3509], [-120.6869, 40.3499], [-120.6852, 40.3507], [-120.6852, 40.351], [-120.6873, 40.3509]]], [[[-120.7205, 40.3502], [-120.7208, 40.3494], [-120.7201, 40.3494], [-120.7205, 40.3502]]], [[[-120.7667, 40.3489], [-120.7671, 40.3486], [-120.7667, 40.3486], [-120.7667, 40.3489]]], [[[-120.7664, 40.3486], [-120.7667, 40.3483], [-120.7664, 40.3483], [-120.7664, 40.3486]]], [[[-120.7205, 40.3491], [-120.7205, 40.3483], [-120.7194, 40.3483], [-120.7194, 40.3486], [-120.7205, 40.3491]]], [[[-120.7667, 40.3483], [-120.7671, 40.348], [-120.7667, 40.348], [-120.7667, 40.3483]]], [[[-120.7537, 40.3468], [-120.754, 40.3465], [-120.7536, 40.3465], [-120.7537, 40.3468]]], [[[-120.6816, 40.3469], [-120.682, 40.3466], [-120.6816, 40.3466], [-120.6816, 40.3469]]], [[[-120.7448, 40.3474], [-120.7448, 40.346], [-120.7441, 40.346], [-120.7438, 40.3466], [-120.7448, 40.3474]]], [[[-120.7505, 40.3495], [-120.7505, 40.3479], [-120.7526, 40.3479], [-120.7537, 40.347], [-120.7537, 40.3468], [-120.7533, 40.3465], [-120.7526, 40.3465], [-120.7515, 40.3452], [-120.7491, 40.3457], [-120.7491, 40.3468], [-120.7476, 40.3468], [-120.747, 40.3484], [-120.7459, 40.3487], [-120.7463, 40.3495], [-120.7477, 40.3487], [-120.7487, 40.3495], [-120.7505, 40.3495]], [[-120.7491, 40.3476], [-120.7487, 40.3479], [-120.7487, 40.3476], [-120.7491, 40.3476]]], [[[-120.7127, 40.3459], [-120.7123, 40.3454], [-120.7116, 40.3454], [-120.7116, 40.3459], [-120.7127, 40.3459]]], [[[-120.7046, 40.3463], [-120.7053, 40.346], [-120.7053, 40.3454], [-120.7042, 40.3457], [-120.7046, 40.3463]]], [[[-120.6996, 40.346], [-120.6993, 40.3455], [-120.6985, 40.3455], [-120.6989, 40.346], [-120.6996, 40.346]]], [[[-120.718, 40.3446], [-120.7183, 40.3443], [-120.718, 40.3443], [-120.718, 40.3446]]], [[[-120.6879, 40.3447], [-120.6883, 40.3445], [-120.6879, 40.3445], [-120.6879, 40.3447]]], [[[-120.6805, 40.3448], [-120.6809, 40.3445], [-120.6805, 40.3445], [-120.6805, 40.3448]]], [[[-120.7335, 40.3453], [-120.7335, 40.3439], [-120.7317, 40.3437], [-120.7328, 40.3453], [-120.7335, 40.3453]]], [[[-120.6809, 40.3445], [-120.6816, 40.3442], [-120.6809, 40.344], [-120.6809, 40.3445]]], [[[-120.7533, 40.3438], [-120.7536, 40.3435], [-120.7533, 40.3435], [-120.7533, 40.3438]]], [[[-120.7437, 40.3439], [-120.7441, 40.3436], [-120.7437, 40.3436], [-120.7437, 40.3439]]], [[[-120.6834, 40.345], [-120.6833, 40.3439], [-120.6819, 40.3439], [-120.6819, 40.3445], [-120.6834, 40.345]]], [[[-120.695, 40.345], [-120.6961, 40.3444], [-120.6961, 40.3433], [-120.6946, 40.3433], [-120.695, 40.345]]], [[[-120.7596, 40.3427], [-120.76, 40.3424], [-120.7596, 40.3424], [-120.7596, 40.3427]]], [[[-120.7473, 40.3428], [-120.7476, 40.3425], [-120.7473, 40.3425], [-120.7473, 40.3428]]], [[[-120.7363, 40.3434], [-120.7363, 40.3428], [-120.7367, 40.3426], [-120.736, 40.3426], [-120.7363, 40.3434]]], [[[-120.7405, 40.3423], [-120.7409, 40.342], [-120.7405, 40.342], [-120.7405, 40.3423]]], [[[-120.7388, 40.3425], [-120.7395, 40.342], [-120.7391, 40.3415], [-120.7381, 40.342], [-120.7388, 40.3425]]], [[[-120.6787, 40.3418], [-120.6794, 40.3415], [-120.6787, 40.3415], [-120.6787, 40.3418]]], [[[-120.6812, 40.3415], [-120.6816, 40.3412], [-120.6812, 40.3412], [-120.6812, 40.3415]]], [[[-120.6837, 40.3415], [-120.6833, 40.3407], [-120.6823, 40.3412], [-120.6823, 40.3415], [-120.6837, 40.3415]]], [[[-120.6808, 40.3413], [-120.6808, 40.3407], [-120.6801, 40.3407], [-120.6801, 40.341], [-120.6808, 40.3413]]], [[[-120.6773, 40.3407], [-120.6777, 40.341], [-120.678, 40.3407], [-120.6773, 40.3407]]], [[[-120.7656, 40.3402], [-120.7656, 40.3397], [-120.7649, 40.3397], [-120.7649, 40.3399], [-120.7656, 40.3402]]], [[[-120.6649, 40.3405], [-120.6657, 40.3408], [-120.6657, 40.3403], [-120.6649, 40.3405]]], [[[-120.7405, 40.342], [-120.7402, 40.3396], [-120.7398, 40.3396], [-120.7391, 40.3398], [-120.7398, 40.3406], [-120.7395, 40.3417], [-120.7405, 40.342]]], [[[-120.6801, 40.3404], [-120.6808, 40.3399], [-120.6805, 40.3399], [-120.6801, 40.3404]]], [[[-120.7451, 40.3398], [-120.7455, 40.3395], [-120.7451, 40.3395], [-120.7451, 40.3398]]], [[[-120.6469, 40.3409], [-120.6466, 40.3401], [-120.6448, 40.3401], [-120.6448, 40.3409], [-120.6469, 40.3409]]], [[[-120.7479, 40.3411], [-120.7472, 40.3392], [-120.7462, 40.3393], [-120.7465, 40.3409], [-120.7479, 40.3411]]], [[[-120.6801, 40.3396], [-120.6805, 40.3394], [-120.6801, 40.3394], [-120.6801, 40.3396]]], [[[-120.7137, 40.3405], [-120.714, 40.3397], [-120.7126, 40.3389], [-120.7123, 40.3397], [-120.7137, 40.3405]]], [[[-120.7366, 40.339], [-120.7373, 40.3388], [-120.7366, 40.3388], [-120.7366, 40.339]]], [[[-120.7352, 40.3401], [-120.7349, 40.3396], [-120.7359, 40.3388], [-120.7345, 40.3385], [-120.7342, 40.3401], [-120.7352, 40.3401]]], [[[-120.7373, 40.3385], [-120.7377, 40.3382], [-120.7373, 40.3382], [-120.7373, 40.3385]]], [[[-120.6657, 40.34], [-120.6663, 40.3389], [-120.6646, 40.3381], [-120.6639, 40.3395], [-120.6657, 40.34]]], [[[-120.7599, 40.3386], [-120.7613, 40.3389], [-120.7617, 40.3375], [-120.7599, 40.3386]]], [[[-120.7656, 40.3367], [-120.7659, 40.3364], [-120.7656, 40.3364], [-120.7656, 40.3367]]], [[[-120.6437, 40.3374], [-120.6441, 40.3371], [-120.6437, 40.3371], [-120.6437, 40.3374]]], [[[-120.7659, 40.3364], [-120.7663, 40.3362], [-120.7659, 40.3362], [-120.7659, 40.3364]]], [[[-120.6444, 40.3369], [-120.6448, 40.3366], [-120.6444, 40.3366], [-120.6444, 40.3369]]], [[[-120.6458, 40.3366], [-120.6458, 40.336], [-120.6448, 40.3358], [-120.6448, 40.3366], [-120.6458, 40.3366]]], [[[-120.6614, 40.3362], [-120.6617, 40.3357], [-120.6614, 40.3357], [-120.6614, 40.3362]]], [[[-120.756, 40.3346], [-120.7567, 40.3343], [-120.756, 40.3343], [-120.756, 40.3346]]], [[[-120.6423, 40.3352], [-120.6427, 40.335], [-120.6423, 40.335], [-120.6423, 40.3352]]], [[[-120.6758, 40.3345], [-120.6773, 40.3348], [-120.6769, 40.3342], [-120.6758, 40.3345]]], [[[-120.6437, 40.3347], [-120.6441, 40.3344], [-120.6437, 40.3344], [-120.6437, 40.3347]]], [[[-120.7669, 40.3335], [-120.7673, 40.3326], [-120.7669, 40.3326], [-120.7669, 40.3335]]], [[[-120.6702, 40.3329], [-120.6705, 40.3327], [-120.6702, 40.3327], [-120.6702, 40.3329]]], [[[-120.6705, 40.3327], [-120.6709, 40.3324], [-120.6705, 40.3324], [-120.6705, 40.3327]]], [[[-120.6702, 40.3324], [-120.6705, 40.3321], [-120.6702, 40.3321], [-120.6702, 40.3324]]], [[[-120.6564, 40.3325], [-120.6568, 40.3322], [-120.6564, 40.3322], [-120.6564, 40.3325]]], [[[-120.6384, 40.332], [-120.6387, 40.3317], [-120.6384, 40.3318], [-120.6384, 40.332]]], [[[-120.6571, 40.3325], [-120.6592, 40.3316], [-120.6589, 40.33], [-120.6581, 40.33], [-120.6582, 40.3314], [-120.6567, 40.3317], [-120.6568, 40.3322], [-120.6571, 40.3322], [-120.6571, 40.3325]], [[-120.6575, 40.3319], [-120.6571, 40.3322], [-120.6571, 40.3319], [-120.6575, 40.3319]]], [[[-120.6394, 40.3304], [-120.6398, 40.3301], [-120.6394, 40.3301], [-120.6394, 40.3304]]], [[[-120.6638, 40.33], [-120.6645, 40.3297], [-120.6638, 40.3297], [-120.6638, 40.33]]], [[[-120.6578, 40.33], [-120.6581, 40.3298], [-120.6578, 40.3298], [-120.6578, 40.33]]], [[[-120.6391, 40.3299], [-120.6394, 40.3296], [-120.6391, 40.3296], [-120.6391, 40.3299]]], [[[-120.6574, 40.3298], [-120.6574, 40.3292], [-120.6567, 40.3292], [-120.6567, 40.3295], [-120.6574, 40.3298]]], [[[-120.6677, 40.3294], [-120.668, 40.3292], [-120.6677, 40.3292], [-120.6677, 40.3294]]], [[[-120.6214, 40.3308], [-120.6221, 40.3302], [-120.6235, 40.3305], [-120.6239, 40.3294], [-120.6221, 40.3294], [-120.6211, 40.3302], [-120.6214, 40.3308]]], [[[-120.6423, 40.3385], [-120.6437, 40.3374], [-120.6423, 40.3371], [-120.6423, 40.3352], [-120.6416, 40.3352], [-120.6409, 40.3361], [-120.6398, 40.3358], [-120.6398, 40.3331], [-120.6416, 40.3331], [-120.6419, 40.335], [-120.6434, 40.3347], [-120.6437, 40.3331], [-120.6469, 40.3328], [-120.6469, 40.3325], [-120.6472, 40.3325], [-120.6476, 40.3331], [-120.6472, 40.3336], [-120.6494, 40.3349], [-120.6501, 40.3341], [-120.6539, 40.333], [-120.6543, 40.3311], [-120.6553, 40.3306], [-120.6546, 40.3295], [-120.6539, 40.3298], [-120.6543, 40.329], [-120.6518, 40.3306], [-120.6514, 40.3301], [-120.6525, 40.3295], [-120.6497, 40.329], [-120.6461, 40.3301], [-120.6401, 40.3299], [-120.6401, 40.3307], [-120.6394, 40.3307], [-120.6394, 40.3304], [-120.6387, 40.3304], [-120.6384, 40.3312], [-120.6377, 40.3312], [-120.6387, 40.3301], [-120.638, 40.3293], [-120.6391, 40.3296], [-120.6391, 40.329], [-120.6373, 40.3288], [-120.6362, 40.3293], [-120.6363, 40.3312], [-120.6356, 40.331], [-120.6352, 40.3323], [-120.6356, 40.3345], [-120.6359, 40.335], [-120.6374, 40.3345], [-120.6367, 40.3355], [-120.6381, 40.3353], [-120.6381, 40.3358], [-120.6391, 40.3358], [-120.6402, 40.3366], [-120.6402, 40.3371], [-120.6406, 40.3371], [-120.6406, 40.3377], [-120.6423, 40.3385]], [[-120.6409, 40.3369], [-120.6406, 40.3371], [-120.6406, 40.3369], [-120.6409, 40.3369]], [[-120.6388, 40.335], [-120.6384, 40.3353], [-120.6384, 40.335], [-120.6388, 40.335]], [[-120.6384, 40.3342], [-120.6381, 40.335], [-120.6381, 40.3342], [-120.6384, 40.3342]], [[-120.6384, 40.3336], [-120.6381, 40.3339], [-120.6381, 40.3336], [-120.6384, 40.3336]], [[-120.6373, 40.3334], [-120.637, 40.3336], [-120.637, 40.3334], [-120.6373, 40.3334]], [[-120.6388, 40.3331], [-120.6384, 40.3334], [-120.6384, 40.3331], [-120.6388, 40.3331]], [[-120.6515, 40.333], [-120.6493, 40.3325], [-120.6504, 40.3306], [-120.6522, 40.3317], [-120.6515, 40.333]], [[-120.6486, 40.333], [-120.6476, 40.3331], [-120.6476, 40.3328], [-120.6483, 40.3325], [-120.6486, 40.333]], [[-120.6384, 40.3328], [-120.638, 40.3331], [-120.638, 40.3328], [-120.6384, 40.3328]], [[-120.6373, 40.3331], [-120.6366, 40.3331], [-120.637, 40.3326], [-120.6363, 40.3323], [-120.6373, 40.3323], [-120.6373, 40.3331]], [[-120.6363, 40.3328], [-120.6359, 40.3331], [-120.6359, 40.3328], [-120.6363, 40.3328]], [[-120.6387, 40.3326], [-120.6384, 40.3328], [-120.6384, 40.3326], [-120.6387, 40.3326]], [[-120.6476, 40.3322], [-120.6472, 40.3325], [-120.6472, 40.3322], [-120.6476, 40.3322]], [[-120.6391, 40.3317], [-120.6387, 40.3326], [-120.6387, 40.3323], [-120.6384, 40.3323], [-120.6384, 40.332], [-120.638, 40.332], [-120.6387, 40.3309], [-120.6401, 40.3315], [-120.6391, 40.3317]], [[-120.6486, 40.332], [-120.6476, 40.3322], [-120.6476, 40.332], [-120.6486, 40.332]], [[-120.6476, 40.332], [-120.6469, 40.3317], [-120.6469, 40.3312], [-120.6476, 40.3314], [-120.6476, 40.332]], [[-120.6377, 40.3312], [-120.6373, 40.332], [-120.6373, 40.3312], [-120.6377, 40.3312]], [[-120.6454, 40.3306], [-120.6451, 40.3317], [-120.6451, 40.3306], [-120.6454, 40.3306]], [[-120.6536, 40.3309], [-120.6529, 40.3309], [-120.6528, 40.3301], [-120.6532, 40.3301], [-120.6536, 40.3309]], [[-120.6437, 40.3304], [-120.6433, 40.3309], [-120.6433, 40.3304], [-120.6437, 40.3304]], [[-120.6423, 40.3307], [-120.6416, 40.3309], [-120.6416, 40.3307], [-120.6423, 40.3307]], [[-120.6504, 40.3303], [-120.65, 40.3306], [-120.65, 40.3303], [-120.6504, 40.3303]], [[-120.6412, 40.3304], [-120.6408, 40.3307], [-120.6408, 40.3304], [-120.6412, 40.3304]], [[-120.6511, 40.3301], [-120.6507, 40.3303], [-120.6507, 40.3301], [-120.6511, 40.3301]], [[-120.6518, 40.3295], [-120.6514, 40.3298], [-120.6514, 40.3295], [-120.6518, 40.3295]]], [[[-120.6525, 40.3287], [-120.6535, 40.329], [-120.6535, 40.3284], [-120.6525, 40.3287]]], [[[-120.656, 40.3281], [-120.6564, 40.3279], [-120.656, 40.3279], [-120.656, 40.3281]]], [[[-120.6553, 40.3282], [-120.6557, 40.3279], [-120.6553, 40.3279], [-120.6553, 40.3282]]], [[[-120.655, 40.3287], [-120.6549, 40.3279], [-120.6535, 40.3282], [-120.6535, 40.3284], [-120.655, 40.3287]]], [[[-120.6278, 40.3278], [-120.6281, 40.3275], [-120.6278, 40.3275], [-120.6278, 40.3278]]], [[[-120.6267, 40.3272], [-120.627, 40.3269], [-120.6267, 40.3269], [-120.6267, 40.3272]]], [[[-120.627, 40.3272], [-120.6274, 40.3275], [-120.6285, 40.3269], [-120.6285, 40.3264], [-120.6281, 40.3267], [-120.6274, 40.3264], [-120.627, 40.3272]]], [[[-120.6345, 40.3266], [-120.6352, 40.3264], [-120.6345, 40.3264], [-120.6345, 40.3266]]], [[[-120.6299, 40.3272], [-120.6299, 40.3264], [-120.6284, 40.3259], [-120.6285, 40.3264], [-120.6299, 40.3272]]], [[[-120.6281, 40.3264], [-120.6281, 40.3259], [-120.6274, 40.3256], [-120.6274, 40.3261], [-120.6281, 40.3264]]], [[[-120.6574, 40.329], [-120.6588, 40.3279], [-120.6588, 40.3257], [-120.6609, 40.3254], [-120.6609, 40.3249], [-120.6588, 40.3241], [-120.6581, 40.3241], [-120.6585, 40.3252], [-120.6578, 40.326], [-120.6567, 40.3263], [-120.6553, 40.3255], [-120.6564, 40.3276], [-120.6567, 40.3276], [-120.6571, 40.3279], [-120.6567, 40.3287], [-120.6574, 40.329]], [[-120.6571, 40.3273], [-120.6567, 40.3276], [-120.6567, 40.3273], [-120.6571, 40.3273]]], [[[-120.6309, 40.3269], [-120.6345, 40.3264], [-120.6341, 40.3253], [-120.6351, 40.3242], [-120.6362, 40.3239], [-120.6376, 40.325], [-120.638, 40.3239], [-120.6369, 40.3228], [-120.627, 40.3229], [-120.6281, 40.3242], [-120.6291, 40.3242], [-120.6295, 40.3234], [-120.6295, 40.3245], [-120.6313, 40.3256], [-120.6309, 40.3269]], [[-120.6323, 40.3253], [-120.632, 40.3256], [-120.632, 40.3253], [-120.6323, 40.3253]], [[-120.6309, 40.3242], [-120.6298, 40.3242], [-120.6298, 40.324], [-120.6305, 40.3237], [-120.6309, 40.3242]], [[-120.632, 40.3237], [-120.6316, 40.324], [-120.6316, 40.3237], [-120.632, 40.3237]]]]}, "properties": {"layer": "cell", "cell_id": "771_5000", "seed_zone": "771", "elevation_band": "5000–5500 ft"}}, {"type": "Feature", "geometry": {"type": "MultiPolygon", "coordinates": [[[[-120.7232, 40.3715], [-120.7235, 40.3713], [-120.7232, 40.3713], [-120.7232, 40.3715]]], [[[-120.7207, 40.3716], [-120.7211, 40.3713], [-120.7207, 40.3713], [-120.7207, 40.3716]]], [[[-120.7232, 40.3713], [-120.7235, 40.3699], [-120.7221, 40.3699], [-120.7218, 40.371], [-120.721, 40.371], [-120.7232, 40.3713]]], [[[-120.7335, 40.3439], [-120.7335, 40.3431], [-120.7328, 40.3428], [-120.7324, 40.3437], [-120.7335, 40.3439]]], [[[-120.736, 40.3431], [-120.736, 40.3426], [-120.7352, 40.3426], [-120.7352, 40.3428], [-120.736, 40.3431]]], [[[-120.7084, 40.3408], [-120.7087, 40.3406], [-120.7084, 40.3406], [-120.7084, 40.3408]]], [[[-120.7091, 40.3408], [-120.7094, 40.34], [-120.7091, 40.34], [-120.7091, 40.3408]]], [[[-120.7338, 40.3407], [-120.7345, 40.3404], [-120.7342, 40.3399], [-120.7335, 40.3399], [-120.7338, 40.3407]]], [[[-120.731, 40.3396], [-120.7306, 40.3388], [-120.7299, 40.3388], [-120.7303, 40.3396], [-120.731, 40.3396]]], [[[-120.7341, 40.3388], [-120.7345, 40.3385], [-120.7341, 40.3385], [-120.7341, 40.3388]]], [[[-120.7356, 40.3385], [-120.7352, 40.338], [-120.7341, 40.3377], [-120.7345, 40.3385], [-120.7356, 40.3385]]], [[[-120.7352, 40.338], [-120.7355, 40.3377], [-120.7352, 40.3377], [-120.7352, 40.338]]], [[[-120.7408, 40.3379], [-120.7416, 40.3377], [-120.7408, 40.3374], [-120.7408, 40.3379]]], [[[-120.7525, 40.3373], [-120.7532, 40.337], [-120.7525, 40.3371], [-120.7525, 40.3373]]], [[[-120.7762, 40.3391], [-120.7761, 40.3366], [-120.7754, 40.3366], [-120.7744, 40.3385], [-120.7762, 40.3391]]], [[[-120.6847, 40.3369], [-120.685, 40.3366], [-120.6847, 40.3366], [-120.6847, 40.3369]]], [[[-120.7476, 40.3398], [-120.7483, 40.3392], [-120.7493, 40.3395], [-120.7504, 40.3379], [-120.7525, 40.3373], [-120.7497, 40.3368], [-120.7493, 40.3357], [-120.7461, 40.3363], [-120.7451, 40.3355], [-120.744, 40.3358], [-120.7433, 40.3382], [-120.7416, 40.3382], [-120.7416, 40.339], [-120.7433, 40.339], [-120.7444, 40.3398], [-120.7472, 40.3392], [-120.7476, 40.3398]], [[-120.7486, 40.339], [-120.7476, 40.339], [-120.7472, 40.3382], [-120.7483, 40.3371], [-120.7497, 40.3379], [-120.7486, 40.339]]], [[[-120.7122, 40.3381], [-120.7119, 40.3368], [-120.7129, 40.3359], [-120.7115, 40.3354], [-120.7119, 40.3359], [-120.7101, 40.3362], [-120.7094, 40.3376], [-120.7122, 40.3381]]], [[[-120.6886, 40.3444], [-120.6908, 40.3428], [-120.6918, 40.3436], [-120.6932, 40.3425], [-120.6961, 40.3433], [-120.6975, 40.3422], [-120.6996, 40.3428], [-120.702, 40.3417], [-120.7024, 40.3409], [-120.7038, 40.3409], [-120.7056, 40.3395], [-120.7055, 40.3384], [-120.7073, 40.3379], [-120.7052, 40.3368], [-120.7059, 40.3352], [-120.7052, 40.3349], [-120.7034, 40.3365], [-120.702, 40.3365], [-120.702, 40.3384], [-120.6985, 40.3401], [-120.6953, 40.3393], [-120.6897, 40.3401], [-120.6886, 40.3396], [-120.6886, 40.3388], [-120.6868, 40.3385], [-120.6872, 40.3415], [-120.6883, 40.342], [-120.6879, 40.3442], [-120.6886, 40.3444]], [[-120.7041, 40.3384], [-120.7038, 40.3387], [-120.7038, 40.3384], [-120.7041, 40.3384]], [[-120.7048, 40.3363], [-120.7045, 40.3365], [-120.7045, 40.3363], [-120.7048, 40.3363]]], [[[-120.7119, 40.3351], [-120.7122, 40.3349], [-120.7119, 40.3349], [-120.7119, 40.3351]]], [[[-120.6847, 40.3364], [-120.6843, 40.3358], [-120.685, 40.335], [-120.6833, 40.3358], [-120.6847, 40.3364]]], [[[-120.7581, 40.3346], [-120.7585, 40.3343], [-120.7581, 40.3343], [-120.7581, 40.3346]]], [[[-120.7119, 40.3343], [-120.7122, 40.3338], [-120.7119, 40.3338], [-120.7119, 40.3343]]], [[[-120.7341, 40.3334], [-120.7348, 40.3331], [-120.7341, 40.3331], [-120.7341, 40.3334]]], [[[-120.7578, 40.3346], [-120.7581, 40.3338], [-120.7567, 40.3327], [-120.7567, 40.3346], [-120.7578, 40.3346]]], [[[-120.7316, 40.3337], [-120.7334, 40.3331], [-120.7316, 40.3329], [-120.7316, 40.3337]]], [[[-120.7348, 40.3328], [-120.7351, 40.3326], [-120.7348, 40.3326], [-120.7348, 40.3328]]], [[[-120.7457, 40.3336], [-120.744, 40.3322], [-120.7429, 40.3331], [-120.7429, 40.3333], [-120.7457, 40.3336]]], [[[-120.7316, 40.3326], [-120.732, 40.3323], [-120.7316, 40.3323], [-120.7316, 40.3326]]], [[[-120.7351, 40.3326], [-120.7362, 40.332], [-120.7351, 40.3318], [-120.7351, 40.3326]]], [[[-120.7058, 40.3322], [-120.7062, 40.3317], [-120.7058, 40.3317], [-120.7058, 40.3322]]], [[[-120.7139, 40.3305], [-120.7139, 40.33], [-120.7125, 40.3303], [-120.7125, 40.3305], [-120.7139, 40.3305]]], [[[-120.7687, 40.3307], [-120.7694, 40.3302], [-120.7693, 40.3275], [-120.7686, 40.3275], [-120.769, 40.3294], [-120.768, 40.3302], [-120.7687, 40.3307]]], [[[-120.6394, 40.3296], [-120.6398, 40.3288], [-120.6391, 40.3277], [-120.6384, 40.3291], [-120.6394, 40.3296]], [[-120.6391, 40.3285], [-120.6387, 40.3288], [-120.6387, 40.3285], [-120.6391, 40.3285]]], [[[-120.7686, 40.3272], [-120.769, 40.327], [-120.7686, 40.327], [-120.7686, 40.3272]]], [[[-120.7217, 40.327], [-120.7224, 40.3267], [-120.7217, 40.3267], [-120.7217, 40.327]]], [[[-120.6694, 40.3273], [-120.6701, 40.327], [-120.6694, 40.327], [-120.6694, 40.3273]]], [[[-120.6701, 40.327], [-120.6705, 40.3264], [-120.6701, 40.3265], [-120.6701, 40.327]]], [[[-120.6807, 40.3267], [-120.6821, 40.3269], [-120.6821, 40.3261], [-120.6807, 40.3267]]], [[[-120.6736, 40.3264], [-120.674, 40.3259], [-120.6729, 40.3254], [-120.6705, 40.3256], [-120.6705, 40.3264], [-120.6736, 40.3264]]], [[[-120.7753, 40.3258], [-120.7764, 40.3242], [-120.7774, 40.3234], [-120.7753, 40.3237], [-120.7753, 40.3258]]], [[[-120.6461, 40.3301], [-120.6475, 40.3293], [-120.6518, 40.3293], [-120.6521, 40.3284], [-120.6535, 40.3284], [-120.6542, 40.3263], [-120.6553, 40.326], [-120.6546, 40.3244], [-120.6503, 40.3228], [-120.6503, 40.3244], [-120.6524, 40.3241], [-120.6532, 40.3249], [-120.6542, 40.3249], [-120.6532, 40.3255], [-120.6535, 40.326], [-120.6525, 40.326], [-120.6511, 40.3268], [-120.65, 40.3266], [-120.6493, 40.3252], [-120.6479, 40.3252], [-120.6465, 40.3266], [-120.6415, 40.3253], [-120.6401, 40.3272], [-120.6408, 40.328], [-120.6398, 40.328], [-120.6401, 40.3285], [-120.6398, 40.3296], [-120.6412, 40.3301], [-120.6461, 40.3301]], [[-120.6486, 40.3287], [-120.6482, 40.329], [-120.6482, 40.3287], [-120.6486, 40.3287]], [[-120.6415, 40.3288], [-120.6405, 40.329], [-120.6405, 40.3288], [-120.6415, 40.3288]], [[-120.6429, 40.3285], [-120.6426, 40.3288], [-120.6426, 40.3285], [-120.6429, 40.3285]], [[-120.6419, 40.3285], [-120.6415, 40.3288], [-120.6415, 40.3285], [-120.6419, 40.3285]], [[-120.6433, 40.3279], [-120.6426, 40.3282], [-120.6426, 40.3279], [-120.6433, 40.3279]], [[-120.6436, 40.3274], [-120.6433, 40.3277], [-120.6433, 40.3274], [-120.6436, 40.3274]], [[-120.6535, 40.3268], [-120.6528, 40.3271], [-120.6528, 40.3268], [-120.6535, 40.3268]], [[-120.6525, 40.3265], [-120.6521, 40.3271], [-120.6518, 40.3265], [-120.6525, 40.3265]], [[-120.6535, 40.3263], [-120.6532, 40.3265], [-120.6532, 40.3263], [-120.6535, 40.3263]], [[-120.6415, 40.3261], [-120.6412, 40.3266], [-120.6412, 40.3261], [-120.6415, 40.3261]], [[-120.6546, 40.3257], [-120.6539, 40.326], [-120.6539, 40.3257], [-120.6546, 40.3257]]], [[[-120.6383, 40.3242], [-120.6387, 40.3228], [-120.6369, 40.3228], [-120.6376, 40.3239], [-120.6383, 40.3242]]], [[[-120.6613, 40.3251], [-120.6616, 40.3227], [-120.6605, 40.3227], [-120.6609, 40.3233], [-120.6599, 40.3241], [-120.6588, 40.3238], [-120.6588, 40.3227], [-120.6574, 40.3227], [-120.6577, 40.3244], [-120.6588, 40.3241], [-120.6613, 40.3251]]], [[[-120.7524, 40.2936], [-120.7527, 40.2933], [-120.7524, 40.2933], [-120.7524, 40.2936]]], [[[-120.745, 40.2939], [-120.745, 40.2931], [-120.7436, 40.2933], [-120.7436, 40.2936], [-120.745, 40.2939]]], [[[-120.745, 40.2931], [-120.7453, 40.2928], [-120.745, 40.2928], [-120.745, 40.2931]]], [[[-120.7478, 40.2904], [-120.7481, 40.2895], [-120.7499, 40.2887], [-120.7456, 40.289], [-120.7457, 40.2901], [-120.7478, 40.2904]]]]}, "properties": {"layer": "cell", "cell_id": "771_5500", "seed_zone": "771", "elevation_band": "5500–6000 ft"}}, {"type": "Feature", "geometry": {"type": "MultiPolygon", "coordinates": [[[[-120.6875, 40.3369], [-120.6893, 40.3363], [-120.6893, 40.335], [-120.6875, 40.3353], [-120.6875, 40.3369]]], [[[-120.6967, 40.3352], [-120.697, 40.3349], [-120.6967, 40.3349], [-120.6967, 40.3352]]], [[[-120.685, 40.3353], [-120.6854, 40.335], [-120.685, 40.335], [-120.685, 40.3353]]], [[[-120.7457, 40.3333], [-120.7461, 40.333], [-120.7457, 40.333], [-120.7457, 40.3333]]], [[[-120.691, 40.3331], [-120.6924, 40.3323], [-120.6924, 40.3312], [-120.6903, 40.3315], [-120.691, 40.3331]]], [[[-120.7457, 40.333], [-120.7468, 40.332], [-120.7482, 40.3325], [-120.7482, 40.3314], [-120.7468, 40.3306], [-120.744, 40.3317], [-120.744, 40.3325], [-120.7457, 40.333]]], [[[-120.7334, 40.331], [-120.7337, 40.3307], [-120.7334, 40.3307], [-120.7334, 40.331]]], [[[-120.7026, 40.3303], [-120.703, 40.3301], [-120.7026, 40.3301], [-120.7026, 40.3303]]], [[[-120.6924, 40.3304], [-120.6927, 40.3301], [-120.6924, 40.3301], [-120.6924, 40.3304]]], [[[-120.6985, 40.3401], [-120.702, 40.3384], [-120.7016, 40.3352], [-120.7027, 40.3349], [-120.7034, 40.3357], [-120.7052, 40.3349], [-120.7059, 40.3357], [-120.7076, 40.3352], [-120.7062, 40.3335], [-120.7041, 40.3336], [-120.7041, 40.3317], [-120.7027, 40.3319], [-120.7026, 40.3314], [-120.7016, 40.3314], [-120.7016, 40.3309], [-120.7026, 40.3309], [-120.7026, 40.3303], [-120.7023, 40.3301], [-120.7009, 40.3303], [-120.6998, 40.3298], [-120.6995, 40.3312], [-120.6988, 40.3312], [-120.6977, 40.3325], [-120.6952, 40.3331], [-120.6946, 40.3342], [-120.6935, 40.3336], [-120.6921, 40.3342], [-120.6935, 40.3352], [-120.6932, 40.3374], [-120.691, 40.3371], [-120.6904, 40.3382], [-120.6886, 40.3388], [-120.6886, 40.3396], [-120.6897, 40.3401], [-120.6925, 40.3401], [-120.6932, 40.3393], [-120.6985, 40.3401]], [[-120.6974, 40.3379], [-120.6949, 40.3377], [-120.6939, 40.3355], [-120.6942, 40.3347], [-120.6956, 40.3344], [-120.6967, 40.3349], [-120.697, 40.3333], [-120.6991, 40.3336], [-120.7002, 40.3322], [-120.7019, 40.3322], [-120.7023, 40.3317], [-120.7023, 40.3322], [-120.7034, 40.3325], [-120.703, 40.3341], [-120.7006, 40.3344], [-120.6992, 40.3357], [-120.6984, 40.3355], [-120.6988, 40.3368], [-120.6974, 40.3379]], [[-120.7009, 40.3371], [-120.7002, 40.3376], [-120.7002, 40.3371], [-120.7009, 40.3371]], [[-120.6999, 40.3374], [-120.6992, 40.3371], [-120.6992, 40.3363], [-120.7002, 40.3363], [-120.6999, 40.3374]], [[-120.6995, 40.3317], [-120.6991, 40.3325], [-120.6988, 40.3317], [-120.6995, 40.3317]], [[-120.7002, 40.3311], [-120.6998, 40.3314], [-120.6998, 40.3311], [-120.7002, 40.3311]], [[-120.7002, 40.3306], [-120.6998, 40.3309], [-120.6998, 40.3306], [-120.7002, 40.3306]]], [[[-120.7136, 40.33], [-120.7143, 40.3294], [-120.7136, 40.3295], [-120.7136, 40.33]]], [[[-120.7362, 40.3296], [-120.7365, 40.3293], [-120.7362, 40.3293], [-120.7362, 40.3296]]], [[[-120.698, 40.3298], [-120.6984, 40.3295], [-120.698, 40.3295], [-120.698, 40.3298]]], [[[-120.6917, 40.3298], [-120.6924, 40.3296], [-120.6917, 40.3296], [-120.6917, 40.3298]]], [[[-120.6977, 40.3304], [-120.6966, 40.3293], [-120.6956, 40.3298], [-120.6959, 40.3304], [-120.6977, 40.3304]]], [[[-120.7213, 40.327], [-120.7217, 40.3267], [-120.7213, 40.3267], [-120.7213, 40.327]]], [[[-120.716, 40.3275], [-120.7164, 40.3267], [-120.7143, 40.327], [-120.7146, 40.3276], [-120.716, 40.3275]]], [[[-120.6828, 40.3267], [-120.6828, 40.3261], [-120.6821, 40.3261], [-120.6821, 40.3264], [-120.6828, 40.3267]]], [[[-120.6818, 40.3261], [-120.6821, 40.3258], [-120.6818, 40.3258], [-120.6818, 40.3261]]], [[[-120.6419, 40.3255], [-120.6422, 40.3252], [-120.6419, 40.3253], [-120.6419, 40.3255]]], [[[-120.7855, 40.3244], [-120.7859, 40.3242], [-120.7855, 40.3242], [-120.7855, 40.3244]]], [[[-120.7873, 40.3247], [-120.7884, 40.3233], [-120.7859, 40.3233], [-120.7859, 40.3242], [-120.7873, 40.3247]]], [[[-120.775, 40.3256], [-120.775, 40.3245], [-120.7757, 40.3234], [-120.7742, 40.3237], [-120.775, 40.3256]]], [[[-120.6465, 40.3266], [-120.6503, 40.3241], [-120.6503, 40.3228], [-120.6485, 40.3228], [-120.6471, 40.3236], [-120.645, 40.3231], [-120.6429, 40.3247], [-120.6433, 40.3252], [-120.6422, 40.3255], [-120.6465, 40.3266]], [[-120.6493, 40.3236], [-120.6489, 40.3239], [-120.6489, 40.3236], [-120.6493, 40.3236]]], [[[-120.7412, 40.305], [-120.7419, 40.3047], [-120.7412, 40.3047], [-120.7412, 40.305]]], [[[-120.7447, 40.305], [-120.7437, 40.3042], [-120.7423, 40.3047], [-120.7423, 40.305], [-120.7447, 40.305]]], [[[-120.7486, 40.3036], [-120.7497, 40.303], [-120.7496, 40.3011], [-120.7468, 40.3012], [-120.7468, 40.3031], [-120.7486, 40.3036]]], [[[-120.7397, 40.2945], [-120.7397, 40.2939], [-120.7386, 40.2939], [-120.7386, 40.2945], [-120.7397, 40.2945]]]]}, "properties": {"layer": "cell", "cell_id": "771_6000", "seed_zone": "771", "elevation_band": "6000–6500 ft"}}, {"type": "Feature", "geometry": {"type": "MultiPolygon", "coordinates": [[[[-120.6946, 40.3342], [-120.6952, 40.3331], [-120.6935, 40.3328], [-120.6935, 40.3304], [-120.6927, 40.3301], [-120.6921, 40.3317], [-120.6935, 40.3331], [-120.6931, 40.3336], [-120.6946, 40.3342]]], [[[-120.6956, 40.3298], [-120.6959, 40.3296], [-120.6956, 40.3296], [-120.6956, 40.3298]]], [[[-120.6927, 40.3288], [-120.6931, 40.3285], [-120.6927, 40.3285], [-120.6927, 40.3288]]], [[[-120.6998, 40.3282], [-120.7005, 40.3276], [-120.6987, 40.3274], [-120.6987, 40.3279], [-120.6998, 40.3282]]], [[[-120.698, 40.3274], [-120.6984, 40.3271], [-120.698, 40.3271], [-120.698, 40.3274]]], [[[-120.6963, 40.3295], [-120.6959, 40.3285], [-120.6977, 40.3268], [-120.6927, 40.3279], [-120.6934, 40.3288], [-120.6949, 40.3285], [-120.6963, 40.3295]]], [[[-120.686, 40.3231], [-120.6863, 40.3229], [-120.686, 40.3229], [-120.686, 40.3231]]], [[[-120.6863, 40.3229], [-120.6867, 40.3226], [-120.6863, 40.3226], [-120.6863, 40.3229]]]]}, "properties": {"layer": "cell", "cell_id": "771_6500", "seed_zone": "771", "elevation_band": "6500–7000 ft"}}]}
